set_id,scenario_id,topology_id,variant,trajectory_method,realization_id,value,ratio,status,runtime_s,variables,rows,nonzeros
v0,Agis-r0,Agis,trajectory,B1,0,23.105980938500966,0.5776495234625242,optimal,1.392589023002074,32479,55987,207334
v0,Agis-r0,Agis,trajectory,B1,1,24.021493621381943,0.6005373405345485,optimal,1.9742448559991317,32479,55987,207334
v0,Agis-r0,Agis,trajectory,B1,2,24.864712341968826,0.6216178085492207,optimal,1.5846274499999708,32479,55987,207334
v0,Agis-r0,Agis,trajectory,B1,3,22.717903091268667,0.5679475772817166,optimal,1.4310395010033972,32479,55987,207334
v0,Agis-r0,Agis,trajectory,B1,4,23.458778707111453,0.5864694676777863,optimal,1.482335917004093,32479,55987,207334
v0,Agis-r0,Agis,trajectory,B1,5,23.165218547568013,0.5791304636892003,optimal,1.50873215199681,32479,55987,207334
v0,Agis-r0,Agis,trajectory,B1,6,23.709346966121824,0.5927336741530456,optimal,1.946789888002968,32479,55987,207334
v0,Agis-r0,Agis,trajectory,B1,7,23.43459062426613,0.5858647656066532,optimal,1.5554147080038092,32479,55987,207334
v0,Agis-r0,Agis,trajectory,B1,8,23.8406568999984,0.59601642249996,optimal,1.8876958710025065,32479,55987,207334
v0,Agis-r0,Agis,trajectory,B1,9,23.541532041140552,0.5885383010285138,optimal,1.7928393609981867,32479,55987,207334
v0,Agis-r0,Agis,trajectory,B1,10,23.918843721195636,0.5979710930298909,optimal,1.498445311000978,32479,55987,207334
v0,Agis-r0,Agis,trajectory,B1,11,23.646822005595276,0.5911705501398818,optimal,1.4599106550012948,32479,55987,207334
v0,Agis-r0,Agis,trajectory,B1,12,23.769422746540023,0.5942355686635006,optimal,1.6104049880013918,32479,55987,207334
v0,Agis-r0,Agis,trajectory,B1,13,22.801870982994124,0.5700467745748531,optimal,1.5669285660042078,32479,55987,207334
v0,Agis-r0,Agis,trajectory,B1,14,23.303217422414548,0.5825804355603637,optimal,1.572108752996428,32479,55987,207334
v0,Agis-r0,Agis,trajectory,B1,15,23.77027988307148,0.594256997076787,optimal,1.5475382849981543,32479,55987,207334
v0,Agis-r0,Agis,trajectory,B1,16,23.82696620687393,0.5956741551718483,optimal,1.5852466510041268,32479,55987,207334
v0,Agis-r0,Agis,trajectory,B1,17,23.013807533721533,0.5753451883430383,optimal,1.7010968820031849,32479,55987,207334
v0,Agis-r0,Agis,trajectory,B1,18,23.273780486393466,0.5818445121598367,optimal,1.4556693409977015,32479,55987,207334
v0,Agis-r0,Agis,trajectory,B1,19,22.99822226227469,0.5749555565568673,optimal,1.76076325399481,32479,55987,207334
v0,Agis-r0,Agis,trajectory,B1,20,23.314721623423186,0.5828680405855796,optimal,1.7951992009984679,32479,55987,207334
v0,Agis-r0,Agis,trajectory,B1,21,23.887130364715635,0.5971782591178909,optimal,1.896787443998619,32479,55987,207334
v0,Agis-r0,Agis,trajectory,B1,22,24.44957514861014,0.6112393787152535,optimal,1.6308058840004378,32479,55987,207334
v0,Agis-r0,Agis,trajectory,B1,23,23.522228001710893,0.5880557000427723,optimal,1.553051876995596,32479,55987,207334
v0,Agis-r0,Agis,trajectory,B1,24,24.104876858025577,0.6026219214506394,optimal,1.613982593997207,32479,55987,207334
v0,Agis-r0,Agis,trajectory,B1,25,22.6324178426658,0.565810446066645,optimal,1.5045481810011552,32479,55987,207334
v0,Agis-r0,Agis,trajectory,B1,26,22.668517391201068,0.5667129347800267,optimal,1.5725598260032712,32479,55987,207334
v0,Agis-r0,Agis,trajectory,B1,27,24.13421655703498,0.6033554139258744,optimal,1.554064757998276,32479,55987,207334
v0,Agis-r0,Agis,trajectory,B1,28,22.775940090808696,0.5693985022702174,optimal,1.487493942004221,32479,55987,207334
v0,Agis-r0,Agis,trajectory,B1,29,23.063979964038626,0.5765994991009656,optimal,1.7806006140017416,32479,55987,207334
v0,Agis-r0,Agis,trajectory,TRAN,0,34.9374606639362,0.873436516598405,optimal,2.9984146600036183,32479,55987,207334
v0,Agis-r0,Agis,trajectory,TRAN,1,33.07321353887221,0.8268303384718052,optimal,3.0481138339964673,32479,55987,207334
v0,Agis-r0,Agis,trajectory,TRAN,2,34.225486703932376,0.8556371675983094,optimal,2.4720560740024666,32479,55987,207334
v0,Agis-r0,Agis,trajectory,TRAN,3,34.20506489796963,0.8551266224492406,optimal,2.9973097140027676,32479,55987,207334
v0,Agis-r0,Agis,trajectory,TRAN,4,34.21063487020414,0.8552658717551035,optimal,3.027043572998082,32479,55987,207334
v0,Agis-r0,Agis,trajectory,TRAN,5,33.59011944833585,0.8397529862083962,optimal,2.7866183220030507,32479,55987,207334
v0,Agis-r0,Agis,trajectory,TRAN,6,34.44533121258821,0.8611332803147052,optimal,3.208336349998717,32479,55987,207334
v0,Agis-r0,Agis,trajectory,TRAN,7,34.37454524484447,0.8593636311211117,optimal,2.8554576079986873,32479,55987,207334
v0,Agis-r0,Agis,trajectory,TRAN,8,33.3266256413256,0.83316564103314,optimal,2.64268485300272,32479,55987,207334
v0,Agis-r0,Agis,trajectory,TRAN,9,34.68101254988062,0.8670253137470155,optimal,2.8182561569992686,32479,55987,207334
v0,Agis-r0,Agis,trajectory,TRAN,10,34.65432396102875,0.8663580990257188,optimal,2.8217530289985007,32479,55987,207334
v0,Agis-r0,Agis,trajectory,TRAN,11,33.98256193368136,0.849564048342034,optimal,2.690371224998671,32479,55987,207334
v0,Agis-r0,Agis,trajectory,TRAN,12,33.80108123199587,0.8450270307998968,optimal,2.6631827659948613,32479,55987,207334
v0,Agis-r0,Agis,trajectory,TRAN,13,33.22414499569383,0.8306036248923456,optimal,2.743770516004588,32479,55987,207334
v0,Agis-r0,Agis,trajectory,TRAN,14,34.07658908399894,0.8519147270999735,optimal,2.7959216340022977,32479,55987,207334
v0,Agis-r0,Agis,trajectory,TRAN,15,34.566970466340024,0.8641742616585006,optimal,2.729997528003878,32479,55987,207334
v0,Agis-r0,Agis,trajectory,TRAN,16,34.70910496622451,0.8677276241556127,optimal,3.287528367996856,32479,55987,207334
v0,Agis-r0,Agis,trajectory,TRAN,17,34.694508730798404,0.8673627182699601,optimal,3.10814606299391,32479,55987,207334
v0,Agis-r0,Agis,trajectory,TRAN,18,34.85386542794108,0.871346635698527,optimal,3.042007146003016,32479,55987,207334
v0,Agis-r0,Agis,trajectory,TRAN,19,34.56836181188323,0.8642090452970808,optimal,2.5755068400030723,32479,55987,207334
v0,Agis-r0,Agis,trajectory,TRAN,20,33.174011425806285,0.8293502856451571,optimal,2.849614521001058,32479,55987,207334
v0,Agis-r0,Agis,trajectory,TRAN,21,32.516462953027954,0.8129115738256989,optimal,2.8997897829976864,32479,55987,207334
v0,Agis-r0,Agis,trajectory,TRAN,22,34.134953903931084,0.8533738475982771,optimal,2.525768239000172,32479,55987,207334
v0,Agis-r0,Agis,trajectory,TRAN,23,34.07367570644252,0.851841892661063,optimal,3.023057165002683,32479,55987,207334
v0,Agis-r0,Agis,trajectory,TRAN,24,33.99323031975338,0.8498307579938345,optimal,3.422186714000418,32479,55987,207334
v0,Agis-r0,Agis,trajectory,TRAN,25,33.542006077719634,0.8385501519429909,optimal,2.5091256790037733,32479,55987,207334
v0,Agis-r0,Agis,trajectory,TRAN,26,32.65281491975044,0.816320372993761,optimal,3.2290691410016734,32479,55987,207334
v0,Agis-r0,Agis,trajectory,TRAN,27,33.65481488545297,0.8413703721363243,optimal,3.082037180000043,32479,55987,207334
v0,Agis-r0,Agis,trajectory,TRAN,28,34.708572823794384,0.8677143205948596,optimal,3.198175754005206,32479,55987,207334
v0,Agis-r0,Agis,trajectory,TRAN,29,34.07888894678449,0.8519722236696122,optimal,3.0764639970002463,32479,55987,207334
v0,Agis-r1,Agis,trajectory,B1,0,25.583888653938757,0.6395972163484689,optimal,3.5207143890002044,43094,68477,252195
v0,Agis-r1,Agis,trajectory,B1,1,25.405479418870097,0.6351369854717525,optimal,2.738544849999016,43094,68477,252195
v0,Agis-r1,Agis,trajectory,B1,2,27.310752948482655,0.6827688237120664,optimal,3.3852698639966547,43094,68477,252195
v0,Agis-r1,Agis,trajectory,B1,3,25.21351631881608,0.630337907970402,optimal,2.755182575994695,43094,68477,252195
v0,Agis-r1,Agis,trajectory,B1,4,24.912870538475143,0.6228217634618786,optimal,2.831737909000367,43094,68477,252195
v0,Agis-r1,Agis,trajectory,B1,5,25.28064369651544,0.632016092412886,optimal,2.660616390996438,43094,68477,252195
v0,Agis-r1,Agis,trajectory,B1,6,25.915460658697942,0.6478865164674485,optimal,3.314272802002961,43094,68477,252195
v0,Agis-r1,Agis,trajectory,B1,7,24.89661730491099,0.6224154326227748,optimal,3.00394139400305,43094,68477,252195
v0,Agis-r1,Agis,trajectory,B1,8,24.701959901823432,0.6175489975455858,optimal,2.9415907459988375,43094,68477,252195
v0,Agis-r1,Agis,trajectory,B1,9,25.136823518324515,0.6284205879581128,optimal,3.448520614001609,43094,68477,252195
v0,Agis-r1,Agis,trajectory,B1,10,25.43666071503741,0.6359165178759352,optimal,2.995114146004198,43094,68477,252195
v0,Agis-r1,Agis,trajectory,B1,11,24.447292009236097,0.6111823002309025,optimal,2.936511961997894,43094,68477,252195
v0,Agis-r1,Agis,trajectory,B1,12,26.980347390312364,0.6745086847578091,optimal,3.3929795369986095,43094,68477,252195
v0,Agis-r1,Agis,trajectory,B1,13,24.388937516786783,0.6097234379196695,optimal,2.927057633001823,43094,68477,252195
v0,Agis-r1,Agis,trajectory,B1,14,25.92775429062808,0.648193857265702,optimal,3.513951240995084,43094,68477,252195
v0,Agis-r1,Agis,trajectory,B1,15,27.48040954139865,0.6870102385349662,optimal,3.0348795280006016,43094,68477,252195
v0,Agis-r1,Agis,trajectory,B1,16,25.83985294574981,0.6459963236437453,optimal,3.7804868550010724,43094,68477,252195
v0,Agis-r1,Agis,trajectory,B1,17,24.2794755649178,0.606986889122945,optimal,2.933030243999383,43094,68477,252195
v0,Agis-r1,Agis,trajectory,B1,18,20.843592878559935,0.5210898219639983,optimal,3.2228277980029816,43094,68477,252195
v0,Agis-r1,Agis,trajectory,B1,19,26.979949462739274,0.6744987365684818,optimal,3.3477756420033984,43094,68477,252195
v0,Agis-r1,Agis,trajectory,B1,20,26.3720733709866,0.659301834274665,optimal,3.0508199249961763,43094,68477,252195
v0,Agis-r1,Agis,trajectory,B1,21,27.43376103277047,0.6858440258192617,optimal,2.904221675998997,43094,68477,252195
v0,Agis-r1,Agis,trajectory,B1,22,25.248762045414395,0.6312190511353599,optimal,2.891806756000733,43094,68477,252195
v0,Agis-r1,Agis,trajectory,B1,23,23.66037016023449,0.5915092540058622,optimal,2.9053722500029835,43094,68477,252195
v0,Agis-r1,Agis,trajectory,B1,24,25.71103849707399,0.6427759624268498,optimal,3.0534087870037183,43094,68477,252195
v0,Agis-r1,Agis,trajectory,B1,25,25.54588395629909,0.6386470989074773,optimal,3.0347111669980222,43094,68477,252195
v0,Agis-r1,Agis,trajectory,B1,26,27.200323335883294,0.6800080833970823,optimal,3.925884700001916,43094,68477,252195
v0,Agis-r1,Agis,trajectory,B1,27,26.37508967103582,0.6593772417758955,optimal,3.5150717400028952,43094,68477,252195
v0,Agis-r1,Agis,trajectory,B1,28,25.07917903090917,0.6269794757727293,optimal,3.963767187000485,43094,68477,252195
v0,Agis-r1,Agis,trajectory,B1,29,24.227430735678706,0.6056857683919676,optimal,2.8651417450018926,43094,68477,252195
v0,Agis-r1,Agis,trajectory,TRAN,0,30.66218540976468,0.766554635244117,optimal,3.683049496001331,43094,68477,252195
v0,Agis-r1,Agis,trajectory,TRAN,1,33.865838088852755,0.8466459522213189,optimal,3.3591220129965222,43094,68477,252195
v0,Agis-r1,Agis,trajectory,TRAN,2,31.923946164452143,0.7980986541113035,optimal,4.103812403001939,43094,68477,252195
v0,Agis-r1,Agis,trajectory,TRAN,3,30.701754459138247,0.7675438614784562,optimal,4.086897220004175,43094,68477,252195
v0,Agis-r1,Agis,trajectory,TRAN,4,29.52829446623776,0.738207361655944,optimal,4.785028878999583,43094,68477,252195
v0,Agis-r1,Agis,trajectory,TRAN,5,31.825381486621673,0.7956345371655418,optimal,4.197050115995808,43094,68477,252195
v0,Agis-r1,Agis,trajectory,TRAN,6,31.599872995582242,0.789996824889556,optimal,3.930674828996416,43094,68477,252195
v0,Agis-r1,Agis,trajectory,TRAN,7,33.15130796163246,0.8287826990408116,optimal,4.697025162997306,43094,68477,252195
v0,Agis-r1,Agis,trajectory,TRAN,8,32.28535187999641,0.8071337969999103,optimal,4.26884737599903,43094,68477,252195
v0,Agis-r1,Agis,trajectory,TRAN,9,31.50800311199114,0.7877000777997785,optimal,4.161794514002395,43094,68477,252195
v0,Agis-r1,Agis,trajectory,TRAN,10,30.2072268552778,0.755180671381945,optimal,4.157936046001851,43094,68477,252195
v0,Agis-r1,Agis,trajectory,TRAN,11,33.23240812121275,0.8308102030303187,optimal,4.755149001000973,43094,68477,252195
v0,Agis-r1,Agis,trajectory,TRAN,12,31.914552430842445,0.7978638107710612,optimal,3.9680220619993634,43094,68477,252195
v0,Agis-r1,Agis,trajectory,TRAN,13,33.35198635668368,0.8337996589170921,optimal,4.1262165709995315,43094,68477,252195
v0,Agis-r1,Agis,trajectory,TRAN,14,31.165411365547097,0.7791352841386774,optimal,4.45088661799673,43094,68477,252195
v0,Agis-r1,Agis,trajectory,TRAN,15,32.8180404471018,0.820451011177545,optimal,3.8016327720033587,43094,68477,252195
v0,Agis-r1,Agis,trajectory,TRAN,16,33.30563266359185,0.8326408165897963,optimal,4.001651531005336,43094,68477,252195
v0,Agis-r1,Agis,trajectory,TRAN,17,31.36095475517567,0.7840238688793917,optimal,4.177744660999451,43094,68477,252195
v0,Agis-r1,Agis,trajectory,TRAN,18,30.224887649911363,0.7556221912477841,optimal,3.7829370420004125,43094,68477,252195
v0,Agis-r1,Agis,trajectory,TRAN,19,31.424351731398136,0.7856087932849534,optimal,3.581916236995312,43094,68477,252195
v0,Agis-r1,Agis,trajectory,TRAN,20,30.225432119043685,0.7556358029760921,optimal,3.813194629998179,43094,68477,252195
v0,Agis-r1,Agis,trajectory,TRAN,21,33.097987640002906,0.8274496910000726,optimal,3.560130660996947,43094,68477,252195
v0,Agis-r1,Agis,trajectory,TRAN,22,32.93290791199334,0.8233226977998335,optimal,3.7762496900031692,43094,68477,252195
v0,Agis-r1,Agis,trajectory,TRAN,23,32.47439316450079,0.8118598291125197,optimal,3.8635875140025746,43094,68477,252195
v0,Agis-r1,Agis,trajectory,TRAN,24,34.25072494512014,0.8562681236280035,optimal,4.146900296997046,43094,68477,252195
v0,Agis-r1,Agis,trajectory,TRAN,25,32.464386621607964,0.8116096655401991,optimal,3.4477024740044726,43094,68477,252195
v0,Agis-r1,Agis,trajectory,TRAN,26,31.869591549650348,0.7967397887412587,optimal,3.7401600899975165,43094,68477,252195
v0,Agis-r1,Agis,trajectory,TRAN,27,31.964697872727626,0.7991174468181906,optimal,4.15580689599301,43094,68477,252195
v0,Agis-r1,Agis,trajectory,TRAN,28,30.59507157431846,0.7648767893579616,optimal,3.546133550997183,43094,68477,252195
v0,Agis-r1,Agis,trajectory,TRAN,29,32.3769239852055,0.8094230996301375,optimal,3.6425046660006046,43094,68477,252195
v0,Agis-r2,Agis,trajectory,B1,0,39.507248833023944,0.9876812208255986,optimal,2.287221344995487,39285,70295,220184
v0,Agis-r2,Agis,trajectory,B1,1,39.51652359981428,0.987913089995357,optimal,2.172461508998822,39285,70295,220184
v0,Agis-r2,Agis,trajectory,B1,2,39.506352257979394,0.9876588064494849,optimal,2.7315146190012456,39285,70295,220184
v0,Agis-r2,Agis,trajectory,B1,3,39.50729919139533,0.9876824797848833,optimal,2.2385047099960502,39285,70295,220184
v0,Agis-r2,Agis,trajectory,B1,4,39.50705512717551,0.9876763781793878,optimal,2.1106256909988588,39285,70295,220184
v0,Agis-r2,Agis,trajectory,B1,5,39.507268098903005,0.9876817024725751,optimal,2.1932913119962905,39285,70295,220184
v0,Agis-r2,Agis,trajectory,B1,6,39.5066615184697,0.9876665379617424,optimal,2.4898929230039357,39285,70295,220184
v0,Agis-r2,Agis,trajectory,B1,7,39.507238534994315,0.9876809633748579,optimal,2.3714818049993482,39285,70295,220184
v0,Agis-r2,Agis,trajectory,B1,8,39.507205397814886,0.9876801349453721,optimal,2.5655349850057974,39285,70295,220184
v0,Agis-r2,Agis,trajectory,B1,9,39.50681592554669,0.9876703981386672,optimal,2.3000656040021568,39285,70295,220184
v0,Agis-r2,Agis,trajectory,B1,10,39.50595274501116,0.987648818625279,optimal,2.2874108760006493,39285,70295,220184
v0,Agis-r2,Agis,trajectory,B1,11,39.506979174350825,0.9876744793587706,optimal,2.1725118609974743,39285,70295,220184
v0,Agis-r2,Agis,trajectory,B1,12,39.515486444104255,0.9878871611026063,optimal,2.013635429000715,39285,70295,220184
v0,Agis-r2,Agis,trajectory,B1,13,39.50733216813981,0.9876833042034953,optimal,2.440206131002924,39285,70295,220184
v0,Agis-r2,Agis,trajectory,B1,14,39.506703627226536,0.9876675906806633,optimal,2.1006406230007997,39285,70295,220184
v0,Agis-r2,Agis,trajectory,B1,15,39.51519135359847,0.9878797838399617,optimal,2.11870987599832,39285,70295,220184
v0,Agis-r2,Agis,trajectory,B1,16,39.50731847564052,0.9876829618910129,optimal,2.4174133779961267,39285,70295,220184
v0,Agis-r2,Agis,trajectory,B1,17,39.50737365918839,0.9876843414797097,optimal,2.2216481170034967,39285,70295,220184
v0,Agis-r2,Agis,trajectory,B1,18,39.50716401036816,0.9876791002592039,optimal,2.5000074220006354,39285,70295,220184
v0,Agis-r2,Agis,trajectory,B1,19,39.50734618063643,0.9876836545159108,optimal,2.585478704997513,39285,70295,220184
v0,Agis-r2,Agis,trajectory,B1,20,39.515184610923306,0.9878796152730827,optimal,2.1857465129942284,39285,70295,220184
v0,Agis-r2,Agis,trajectory,B1,21,39.505763593002015,0.9876440898250504,optimal,2.156021809001686,39285,70295,220184
v0,Agis-r2,Agis,trajectory,B1,22,39.507256051346545,0.9876814012836637,optimal,2.043663349999406,39285,70295,220184
v0,Agis-r2,Agis,trajectory,B1,23,39.50671733467467,0.9876679333668668,optimal,2.4740571650036145,39285,70295,220184
v0,Agis-r2,Agis,trajectory,B1,24,39.5073512803959,0.9876837820098976,optimal,2.110821214999305,39285,70295,220184
v0,Agis-r2,Agis,trajectory,B1,25,39.5256325160916,0.9881408129022899,optimal,2.1191490690034698,39285,70295,220184
v0,Agis-r2,Agis,trajectory,B1,26,39.50662550202564,0.9876656375506411,optimal,2.1054855760012288,39285,70295,220184
v0,Agis-r2,Agis,trajectory,B1,27,39.50727259420903,0.9876818148552257,optimal,2.227561557003355,39285,70295,220184
v0,Agis-r2,Agis,trajectory,B1,28,39.506517892359966,0.9876629473089992,optimal,2.4247777970012976,39285,70295,220184
v0,Agis-r2,Agis,trajectory,B1,29,39.507127760060285,0.9876781940015071,optimal,2.2607265939950594,39285,70295,220184
v0,Agis-r2,Agis,trajectory,TRAN,0,39.5073233210187,0.9876830830254676,optimal,2.387474867995479,39285,70295,220184
v0,Agis-r2,Agis,trajectory,TRAN,1,39.51923438457679,0.9879808596144197,optimal,2.4968710160028422,39285,70295,220184
v0,Agis-r2,Agis,trajectory,TRAN,2,39.50604893066232,0.987651223266558,optimal,2.5404160270045395,39285,70295,220184
v0,Agis-r2,Agis,trajectory,TRAN,3,39.50722045829073,0.9876805114572683,optimal,2.4124767549947137,39285,70295,220184
v0,Agis-r2,Agis,trajectory,TRAN,4,39.50720800204657,0.9876802000511642,optimal,2.545387562000542,39285,70295,220184
v0,Agis-r2,Agis,trajectory,TRAN,5,39.50733421130048,0.987683355282512,optimal,2.383544782998797,39285,70295,220184
v0,Agis-r2,Agis,trajectory,TRAN,6,39.50730374399096,0.987682593599774,optimal,2.7253292860041256,39285,70295,220184
v0,Agis-r2,Agis,trajectory,TRAN,7,39.50709011487224,0.9876772528718061,optimal,2.4949528470024234,39285,70295,220184
v0,Agis-r2,Agis,trajectory,TRAN,8,39.50722280526491,0.9876805701316227,optimal,2.491532949003158,39285,70295,220184
v0,Agis-r2,Agis,trajectory,TRAN,9,39.50606990383249,0.9876517475958122,optimal,2.5310409429948777,39285,70295,220184
v0,Agis-r2,Agis,trajectory,TRAN,10,39.50651320433563,0.9876628301083908,optimal,2.588854239998909,39285,70295,220184
v0,Agis-r2,Agis,trajectory,TRAN,11,39.507216571218706,0.9876804142804676,optimal,2.902467693995277,39285,70295,220184
v0,Agis-r2,Agis,trajectory,TRAN,12,39.520675541803534,0.9880168885450884,optimal,2.757760631000565,39285,70295,220184
v0,Agis-r2,Agis,trajectory,TRAN,13,39.50729277401588,0.987682319350397,optimal,2.8191176139953313,39285,70295,220184
v0,Agis-r2,Agis,trajectory,TRAN,14,39.50629553740842,0.9876573884352104,optimal,2.79680457500217,39285,70295,220184
v0,Agis-r2,Agis,trajectory,TRAN,15,39.515859272312696,0.9878964818078174,optimal,2.821745990004274,39285,70295,220184
v0,Agis-r2,Agis,trajectory,TRAN,16,39.50726895394175,0.9876817238485437,optimal,2.919529173996125,39285,70295,220184
v0,Agis-r2,Agis,trajectory,TRAN,17,39.50725003188554,0.9876812507971385,optimal,2.675337981003395,39285,70295,220184
v0,Agis-r2,Agis,trajectory,TRAN,18,39.51789985782685,0.9879474964456711,optimal,2.3252259560031234,39285,70295,220184
v0,Agis-r2,Agis,trajectory,TRAN,19,39.50730190941421,0.9876825477353552,optimal,2.4542483879995416,39285,70295,220184
v0,Agis-r2,Agis,trajectory,TRAN,20,39.52490387169471,0.9881225967923678,optimal,2.6643678699983866,39285,70295,220184
v0,Agis-r2,Agis,trajectory,TRAN,21,39.507318844837386,0.9876829711209346,optimal,2.622784924998996,39285,70295,220184
v0,Agis-r2,Agis,trajectory,TRAN,22,39.50724358725863,0.9876810896814657,optimal,2.8456850399961695,39285,70295,220184
v0,Agis-r2,Agis,trajectory,TRAN,23,39.50728438063946,0.9876821095159866,optimal,2.960440294002183,39285,70295,220184
v0,Agis-r2,Agis,trajectory,TRAN,24,39.50737418164392,0.9876843545410979,optimal,2.7953525349948904,39285,70295,220184
v0,Agis-r2,Agis,trajectory,TRAN,25,39.524743846269196,0.9881185961567299,optimal,2.823693630998605,39285,70295,220184
v0,Agis-r2,Agis,trajectory,TRAN,26,39.507312703751836,0.987682817593796,optimal,2.7769846500013955,39285,70295,220184
v0,Agis-r2,Agis,trajectory,TRAN,27,39.50705363145873,0.9876763407864683,optimal,2.727859537000768,39285,70295,220184
v0,Agis-r2,Agis,trajectory,TRAN,28,39.50720443059305,0.9876801107648262,optimal,2.759138328998233,39285,70295,220184
v0,Agis-r2,Agis,trajectory,TRAN,29,39.50732167064267,0.9876830417660667,optimal,2.851594854000723,39285,70295,220184
v0,Belnet2008-r0,Belnet2008,trajectory,B1,0,29.901576378656383,0.7475394094664096,optimal,3.6061249100021087,32073,61022,200759
v0,Belnet2008-r0,Belnet2008,trajectory,B1,1,27.99325235416537,0.6998313088541342,optimal,2.853477553995617,32073,61022,200759
v0,Belnet2008-r0,Belnet2008,trajectory,B1,2,28.864689231354564,0.7216172307838641,optimal,3.33318410100037,32073,61022,200759
v0,Belnet2008-r0,Belnet2008,trajectory,B1,3,29.012110311669055,0.7253027577917264,optimal,3.027374402001442,32073,61022,200759
v0,Belnet2008-r0,Belnet2008,trajectory,B1,4,28.620868276832446,0.7155217069208112,optimal,3.0536230959987734,32073,61022,200759
v0,Belnet2008-r0,Belnet2008,trajectory,B1,5,29.087629156211698,0.7271907289052925,optimal,2.7717486260007718,32073,61022,200759
v0,Belnet2008-r0,Belnet2008,trajectory,B1,6,28.797972704384335,0.7199493176096083,optimal,2.9032421150041046,32073,61022,200759
v0,Belnet2008-r0,Belnet2008,trajectory,B1,7,28.384538064645884,0.7096134516161471,optimal,3.157201766000071,32073,61022,200759
v0,Belnet2008-r0,Belnet2008,trajectory,B1,8,29.175358234861616,0.7293839558715404,optimal,2.6439659509997,32073,61022,200759
v0,Belnet2008-r0,Belnet2008,trajectory,B1,9,29.40230332256118,0.7350575830640296,optimal,3.681387368000287,32073,61022,200759
v0,Belnet2008-r0,Belnet2008,trajectory,B1,10,29.84017284260764,0.746004321065191,optimal,3.8129279439963284,32073,61022,200759
v0,Belnet2008-r0,Belnet2008,trajectory,B1,11,29.490550207038336,0.7372637551759584,optimal,3.9217157200037036,32073,61022,200759
v0,Belnet2008-r0,Belnet2008,trajectory,B1,12,29.94704972670246,0.7486762431675615,optimal,3.180014407997078,32073,61022,200759
v0,Belnet2008-r0,Belnet2008,trajectory,B1,13,30.060459546585975,0.7515114886646493,optimal,3.0976062580011785,32073,61022,200759
v0,Belnet2008-r0,Belnet2008,trajectory,B1,14,29.104767423810724,0.7276191855952681,optimal,2.8723749040000257,32073,61022,200759
v0,Belnet2008-r0,Belnet2008,trajectory,B1,15,29.265962814039902,0.7316490703509976,optimal,2.880593850997684,32073,61022,200759
v0,Belnet2008-r0,Belnet2008,trajectory,B1,16,30.256742131659035,0.7564185532914759,optimal,2.929569027997786,32073,61022,200759
v0,Belnet2008-r0,Belnet2008,trajectory,B1,17,28.65574540569467,0.7163936351423668,optimal,2.593693632996292,32073,61022,200759
v0,Belnet2008-r0,Belnet2008,trajectory,B1,18,29.31508762728384,0.732877190682096,optimal,2.936777549999533,32073,61022,200759
v0,Belnet2008-r0,Belnet2008,trajectory,B1,19,29.412717838489364,0.7353179459622341,optimal,3.142503343995486,32073,61022,200759
v0,Belnet2008-r0,Belnet2008,trajectory,B1,20,28.161690340355175,0.7040422585088794,optimal,2.5375549259988475,32073,61022,200759
v0,Belnet2008-r0,Belnet2008,trajectory,B1,21,28.65579512441872,0.716394878110468,optimal,2.8646099010002217,32073,61022,200759
v0,Belnet2008-r0,Belnet2008,trajectory,B1,22,29.466667221869553,0.7366666805467388,optimal,2.538750551000703,32073,61022,200759
v0,Belnet2008-r0,Belnet2008,trajectory,B1,23,28.437888805646356,0.7109472201411589,optimal,3.2792052809963934,32073,61022,200759
v0,Belnet2008-r0,Belnet2008,trajectory,B1,24,28.330714870458166,0.7082678717614541,optimal,3.0425618320005015,32073,61022,200759
v0,Belnet2008-r0,Belnet2008,trajectory,B1,25,30.014402856963574,0.7503600714240893,optimal,3.3385267870035022,32073,61022,200759
v0,Belnet2008-r0,Belnet2008,trajectory,B1,26,29.216947197090743,0.7304236799272685,optimal,2.6928509960052907,32073,61022,200759
v0,Belnet2008-r0,Belnet2008,trajectory,B1,27,28.84021034380251,0.7210052585950628,optimal,2.733510271005798,32073,61022,200759
v0,Belnet2008-r0,Belnet2008,trajectory,B1,28,28.54766347316109,0.7136915868290272,optimal,2.905347134001204,32073,61022,200759
v0,Belnet2008-r0,Belnet2008,trajectory,B1,29,29.057055900096547,0.7264263975024137,optimal,2.7240674019994913,32073,61022,200759
v0,Belnet2008-r0,Belnet2008,trajectory,TRAN,0,34.11654583511748,0.8529136458779369,optimal,2.448915532004321,32073,61022,200759
v0,Belnet2008-r0,Belnet2008,trajectory,TRAN,1,33.28530153674846,0.8321325384187116,optimal,2.301404564997938,32073,61022,200759
v0,Belnet2008-r0,Belnet2008,trajectory,TRAN,2,33.160898464143045,0.8290224616035762,optimal,2.572816509004042,32073,61022,200759
v0,Belnet2008-r0,Belnet2008,trajectory,TRAN,3,32.448910452920245,0.8112227613230061,optimal,2.440705690998584,32073,61022,200759
v0,Belnet2008-r0,Belnet2008,trajectory,TRAN,4,33.3507001007369,0.8337675025184226,optimal,2.413189078994037,32073,61022,200759
v0,Belnet2008-r0,Belnet2008,trajectory,TRAN,5,32.780760382370275,0.8195190095592568,optimal,2.4532717339970986,32073,61022,200759
v0,Belnet2008-r0,Belnet2008,trajectory,TRAN,6,33.31996812465369,0.8329992031163422,optimal,2.4016456960016512,32073,61022,200759
v0,Belnet2008-r0,Belnet2008,trajectory,TRAN,7,33.81977664684978,0.8454944161712445,optimal,2.384393087006174,32073,61022,200759
v0,Belnet2008-r0,Belnet2008,trajectory,TRAN,8,33.80055556608442,0.8450138891521105,optimal,2.071466893001343,32073,61022,200759
v0,Belnet2008-r0,Belnet2008,trajectory,TRAN,9,34.29888527336887,0.8574721318342217,optimal,2.1941043619954144,32073,61022,200759
v0,Belnet2008-r0,Belnet2008,trajectory,TRAN,10,33.72887644161168,0.8432219110402921,optimal,3.1181067249999614,32073,61022,200759
v0,Belnet2008-r0,Belnet2008,trajectory,TRAN,11,34.01165386632798,0.8502913466581996,optimal,2.167942537002091,32073,61022,200759
v0,Belnet2008-r0,Belnet2008,trajectory,TRAN,12,32.66015406354288,0.8165038515885721,optimal,2.7783015469976817,32073,61022,200759
v0,Belnet2008-r0,Belnet2008,trajectory,TRAN,13,32.44467033462324,0.811116758365581,optimal,2.537920287999441,32073,61022,200759
v0,Belnet2008-r0,Belnet2008,trajectory,TRAN,14,34.31357477356998,0.8578393693392495,optimal,2.436550195001473,32073,61022,200759
v0,Belnet2008-r0,Belnet2008,trajectory,TRAN,15,34.448052297652836,0.861201307441321,optimal,2.5125198990062927,32073,61022,200759
v0,Belnet2008-r0,Belnet2008,trajectory,TRAN,16,34.115551208827334,0.8528887802206834,optimal,2.337902571998711,32073,61022,200759
v0,Belnet2008-r0,Belnet2008,trajectory,TRAN,17,33.756289648403516,0.8439072412100879,optimal,2.8125665039988235,32073,61022,200759
v0,Belnet2008-r0,Belnet2008,trajectory,TRAN,18,32.75830373059364,0.818957593264841,optimal,2.2165601949964184,32073,61022,200759
v0,Belnet2008-r0,Belnet2008,trajectory,TRAN,19,33.9971527437457,0.8499288185936426,optimal,2.3343751020001946,32073,61022,200759
v0,Belnet2008-r0,Belnet2008,trajectory,TRAN,20,32.99179752481378,0.8247949381203444,optimal,2.313297524000518,32073,61022,200759
v0,Belnet2008-r0,Belnet2008,trajectory,TRAN,21,32.9087749365211,0.8227193734130275,optimal,2.5119775979983388,32073,61022,200759
v0,Belnet2008-r0,Belnet2008,trajectory,TRAN,22,34.10471111049606,0.8526177777624016,optimal,2.290240068999992,32073,61022,200759
v0,Belnet2008-r0,Belnet2008,trajectory,TRAN,23,33.44254335629681,0.8360635839074202,optimal,2.3467250230023637,32073,61022,200759
v0,Belnet2008-r0,Belnet2008,trajectory,TRAN,24,33.27079816774033,0.8317699541935083,optimal,2.3094337319998886,32073,61022,200759
v0,Belnet2008-r0,Belnet2008,trajectory,TRAN,25,34.84599872253362,0.8711499680633406,optimal,2.2161594799981685,32073,61022,200759
v0,Belnet2008-r0,Belnet2008,trajectory,TRAN,26,34.31246323022437,0.8578115807556091,optimal,2.3826856419982505,32073,61022,200759
v0,Belnet2008-r0,Belnet2008,trajectory,TRAN,27,34.28386755559709,0.8570966888899273,optimal,2.3317161930026487,32073,61022,200759
v0,Belnet2008-r0,Belnet2008,trajectory,TRAN,28,33.74781012317353,0.8436952530793382,optimal,2.4029301600021427,32073,61022,200759
v0,Belnet2008-r0,Belnet2008,trajectory,TRAN,29,33.442717270146765,0.8360679317536691,optimal,2.4906833019995247,32073,61022,200759
v0,Belnet2008-r1,Belnet2008,trajectory,B1,0,21.472880560808445,0.5368220140202111,optimal,2.894893652999599,38197,63561,231913
v0,Belnet2008-r1,Belnet2008,trajectory,B1,1,21.319434631139785,0.5329858657784946,optimal,2.718714196998917,38197,63561,231913
v0,Belnet2008-r1,Belnet2008,trajectory,B1,2,20.91652765052872,0.522913191263218,optimal,2.933910232000926,38197,63561,231913
v0,Belnet2008-r1,Belnet2008,trajectory,B1,3,22.339453851750523,0.558486346293763,optimal,3.193954982998548,38197,63561,231913
v0,Belnet2008-r1,Belnet2008,trajectory,B1,4,20.223939247364076,0.5055984811841019,optimal,2.7167843520001043,38197,63561,231913
v0,Belnet2008-r1,Belnet2008,trajectory,B1,5,20.57497944796657,0.5143744861991643,optimal,2.925367082003504,38197,63561,231913
v0,Belnet2008-r1,Belnet2008,trajectory,B1,6,21.2822050645668,0.53205512661417,optimal,2.7573594360001152,38197,63561,231913
v0,Belnet2008-r1,Belnet2008,trajectory,B1,7,20.30616551820197,0.5076541379550492,optimal,2.5644785389958997,38197,63561,231913
v0,Belnet2008-r1,Belnet2008,trajectory,B1,8,20.813433588400862,0.5203358397100215,optimal,3.10941518600157,38197,63561,231913
v0,Belnet2008-r1,Belnet2008,trajectory,B1,9,20.66853988086429,0.5167134970216073,optimal,2.7811401129947626,38197,63561,231913
v0,Belnet2008-r1,Belnet2008,trajectory,B1,10,20.328788285677753,0.5082197071419439,optimal,2.550502685997344,38197,63561,231913
v0,Belnet2008-r1,Belnet2008,trajectory,B1,11,22.019439753197627,0.5504859938299407,optimal,2.747093739002594,38197,63561,231913
v0,Belnet2008-r1,Belnet2008,trajectory,B1,12,21.557126412417837,0.5389281603104459,optimal,2.628940746995795,38197,63561,231913
v0,Belnet2008-r1,Belnet2008,trajectory,B1,13,20.080154836595085,0.5020038709148771,optimal,2.6267083779966924,38197,63561,231913
v0,Belnet2008-r1,Belnet2008,trajectory,B1,14,21.859518165227744,0.5464879541306936,optimal,2.7268834260030417,38197,63561,231913
v0,Belnet2008-r1,Belnet2008,trajectory,B1,15,20.16048631473097,0.5040121578682742,optimal,2.948153214994818,38197,63561,231913
v0,Belnet2008-r1,Belnet2008,trajectory,B1,16,22.12051999810887,0.5530129999527217,optimal,2.7311079840001184,38197,63561,231913
v0,Belnet2008-r1,Belnet2008,trajectory,B1,17,21.73733911262019,0.5434334778155048,optimal,2.88453268900048,38197,63561,231913
v0,Belnet2008-r1,Belnet2008,trajectory,B1,18,19.69629360055686,0.4924073400139215,optimal,2.7715865970021696,38197,63561,231913
v0,Belnet2008-r1,Belnet2008,trajectory,B1,19,20.3508348174128,0.50877087043532,optimal,2.8594549690023996,38197,63561,231913
v0,Belnet2008-r1,Belnet2008,trajectory,B1,20,21.336121496839706,0.5334030374209926,optimal,2.8038051030016504,38197,63561,231913
v0,Belnet2008-r1,Belnet2008,trajectory,B1,21,20.243808000800588,0.5060952000200147,optimal,2.5808274450027966,38197,63561,231913
v0,Belnet2008-r1,Belnet2008,trajectory,B1,22,20.68141993783093,0.5170354984457732,optimal,3.336789378998219,38197,63561,231913
v0,Belnet2008-r1,Belnet2008,trajectory,B1,23,21.31571745044929,0.5328929362612322,optimal,2.6172151290011243,38197,63561,231913
v0,Belnet2008-r1,Belnet2008,trajectory,B1,24,21.395704819927012,0.5348926204981753,optimal,2.444835005000641,38197,63561,231913
v0,Belnet2008-r1,Belnet2008,trajectory,B1,25,20.079376855765926,0.5019844213941481,optimal,2.7203194389949203,38197,63561,231913
v0,Belnet2008-r1,Belnet2008,trajectory,B1,26,20.121821895184627,0.5030455473796157,optimal,3.038177114998689,38197,63561,231913
v0,Belnet2008-r1,Belnet2008,trajectory,B1,27,21.07757047521576,0.5269392618803941,optimal,2.728295581000566,38197,63561,231913
v0,Belnet2008-r1,Belnet2008,trajectory,B1,28,21.59111728735716,0.539777932183929,optimal,2.7504859330001636,38197,63561,231913
v0,Belnet2008-r1,Belnet2008,trajectory,B1,29,21.479632780871043,0.5369908195217761,optimal,2.8799269930023,38197,63561,231913
v0,Belnet2008-r1,Belnet2008,trajectory,TRAN,0,31.353769023075373,0.7838442255768843,optimal,3.1358592719989247,38197,63561,231913
v0,Belnet2008-r1,Belnet2008,trajectory,TRAN,1,31.268379767074784,0.7817094941768696,optimal,3.1896908019989496,38197,63561,231913
v0,Belnet2008-r1,Belnet2008,trajectory,TRAN,2,30.104156998012687,0.7526039249503171,optimal,2.8279635470025823,38197,63561,231913
v0,Belnet2008-r1,Belnet2008,trajectory,TRAN,3,30.39884464447685,0.7599711161119213,optimal,2.9460348290012917,38197,63561,231913
v0,Belnet2008-r1,Belnet2008,trajectory,TRAN,4,30.89259581522842,0.7723148953807105,optimal,3.1139105619949987,38197,63561,231913
v0,Belnet2008-r1,Belnet2008,trajectory,TRAN,5,30.95172253957501,0.7737930634893753,optimal,3.346992450999096,38197,63561,231913
v0,Belnet2008-r1,Belnet2008,trajectory,TRAN,6,31.11044633563737,0.7777611583909343,optimal,2.9189850600014324,38197,63561,231913
v0,Belnet2008-r1,Belnet2008,trajectory,TRAN,7,31.102504759789763,0.7775626189947441,optimal,3.0961053270002594,38197,63561,231913
v0,Belnet2008-r1,Belnet2008,trajectory,TRAN,8,30.381657920507134,0.7595414480126783,optimal,3.461768602996017,38197,63561,231913
v0,Belnet2008-r1,Belnet2008,trajectory,TRAN,9,31.321390705296317,0.7830347676324079,optimal,3.109165394002048,38197,63561,231913
v0,Belnet2008-r1,Belnet2008,trajectory,TRAN,10,31.60727539675668,0.790181884918917,optimal,3.4752627850029967,38197,63561,231913
v0,Belnet2008-r1,Belnet2008,trajectory,TRAN,11,31.249815345319536,0.7812453836329885,optimal,3.281795921000594,38197,63561,231913
v0,Belnet2008-r1,Belnet2008,trajectory,TRAN,12,31.473744936287904,0.7868436234071976,optimal,3.3978174349977053,38197,63561,231913
v0,Belnet2008-r1,Belnet2008,trajectory,TRAN,13,31.49481649312823,0.7873704123282057,optimal,3.2611807440043776,38197,63561,231913
v0,Belnet2008-r1,Belnet2008,trajectory,TRAN,14,31.06135208263211,0.7765338020658027,optimal,3.068313609001052,38197,63561,231913
v0,Belnet2008-r1,Belnet2008,trajectory,TRAN,15,30.702429046860416,0.7675607261715104,optimal,3.42160920000606,38197,63561,231913
v0,Belnet2008-r1,Belnet2008,trajectory,TRAN,16,29.86153346021988,0.7465383365054971,optimal,2.883459301003313,38197,63561,231913
v0,Belnet2008-r1,Belnet2008,trajectory,TRAN,17,30.856478115581723,0.7714119528895431,optimal,3.3319946019983036,38197,63561,231913
v0,Belnet2008-r1,Belnet2008,trajectory,TRAN,18,31.47466710376459,0.7868666775941148,optimal,3.656772271999216,38197,63561,231913
v0,Belnet2008-r1,Belnet2008,trajectory,TRAN,19,31.571276333003944,0.7892819083250986,optimal,3.61113897299947,38197,63561,231913
v0,Belnet2008-r1,Belnet2008,trajectory,TRAN,20,31.431067392189707,0.7857766848047427,optimal,2.8836308879981516,38197,63561,231913
v0,Belnet2008-r1,Belnet2008,trajectory,TRAN,21,31.006274046008457,0.7751568511502114,optimal,3.0061995520009077,38197,63561,231913
v0,Belnet2008-r1,Belnet2008,trajectory,TRAN,22,30.812443218943816,0.7703110804735954,optimal,3.630672557002981,38197,63561,231913
v0,Belnet2008-r1,Belnet2008,trajectory,TRAN,23,31.283386740042282,0.7820846685010571,optimal,3.3492004449944943,38197,63561,231913
v0,Belnet2008-r1,Belnet2008,trajectory,TRAN,24,31.070362746798267,0.7767590686699567,optimal,3.0171408860041993,38197,63561,231913
v0,Belnet2008-r1,Belnet2008,trajectory,TRAN,25,31.14773574554272,0.778693393638568,optimal,3.63452690300619,38197,63561,231913
v0,Belnet2008-r1,Belnet2008,trajectory,TRAN,26,31.183339510866734,0.7795834877716683,optimal,3.2089033240044955,38197,63561,231913
v0,Belnet2008-r1,Belnet2008,trajectory,TRAN,27,31.270749522656438,0.7817687380664109,optimal,3.4640233850004734,38197,63561,231913
v0,Belnet2008-r1,Belnet2008,trajectory,TRAN,28,31.080329167079558,0.777008229176989,optimal,3.110703270001977,38197,63561,231913
v0,Belnet2008-r1,Belnet2008,trajectory,TRAN,29,31.083572771276703,0.7770893192819176,optimal,3.732228913999279,38197,63561,231913
v0,Belnet2008-r2,Belnet2008,trajectory,B1,0,36.19628687079321,0.9049071717698303,optimal,3.1937558770005126,42485,75307,237315
v0,Belnet2008-r2,Belnet2008,trajectory,B1,1,36.002362688526276,0.9000590672131569,optimal,3.3601284609976574,42485,75307,237315
v0,Belnet2008-r2,Belnet2008,trajectory,B1,2,36.00625562440094,0.9001563906100236,optimal,3.3658999649996986,42485,75307,237315
v0,Belnet2008-r2,Belnet2008,trajectory,B1,3,35.7032062481462,0.892580156203655,optimal,3.438194777998433,42485,75307,237315
v0,Belnet2008-r2,Belnet2008,trajectory,B1,4,35.666704824364516,0.8916676206091129,optimal,3.187231559000793,42485,75307,237315
v0,Belnet2008-r2,Belnet2008,trajectory,B1,5,36.00790813622864,0.900197703405716,optimal,3.165424074999464,42485,75307,237315
v0,Belnet2008-r2,Belnet2008,trajectory,B1,6,36.13942140255781,0.9034855350639452,optimal,3.1585587420049706,42485,75307,237315
v0,Belnet2008-r2,Belnet2008,trajectory,B1,7,35.82454228230102,0.8956135570575254,optimal,3.5454515409946907,42485,75307,237315
v0,Belnet2008-r2,Belnet2008,trajectory,B1,8,35.69863064245661,0.8924657660614151,optimal,3.7620192960021086,42485,75307,237315
v0,Belnet2008-r2,Belnet2008,trajectory,B1,9,35.78004751273394,0.8945011878183484,optimal,3.3190897519962164,42485,75307,237315
v0,Belnet2008-r2,Belnet2008,trajectory,B1,10,36.22060170701527,0.9055150426753817,optimal,3.265949633998389,42485,75307,237315
v0,Belnet2008-r2,Belnet2008,trajectory,B1,11,36.186116150482675,0.9046529037620669,optimal,2.8309825800024555,42485,75307,237315
v0,Belnet2008-r2,Belnet2008,trajectory,B1,12,35.664963548611745,0.8916240887152936,optimal,3.1371828250048566,42485,75307,237315
v0,Belnet2008-r2,Belnet2008,trajectory,B1,13,36.02574289763032,0.9006435724407581,optimal,2.966522669994447,42485,75307,237315
v0,Belnet2008-r2,Belnet2008,trajectory,B1,14,35.520045572268224,0.8880011393067055,optimal,3.71911009500036,42485,75307,237315
v0,Belnet2008-r2,Belnet2008,trajectory,B1,15,35.95315102312065,0.8988287755780162,optimal,3.6516877980029676,42485,75307,237315
v0,Belnet2008-r2,Belnet2008,trajectory,B1,16,35.790607622473686,0.8947651905618421,optimal,3.18799449600192,42485,75307,237315
v0,Belnet2008-r2,Belnet2008,trajectory,B1,17,36.05857744267675,0.9014644360669187,optimal,3.8787798620032845,42485,75307,237315
v0,Belnet2008-r2,Belnet2008,trajectory,B1,18,35.954904864926185,0.8988726216231546,optimal,3.1571347069984768,42485,75307,237315
v0,Belnet2008-r2,Belnet2008,trajectory,B1,19,35.99331354901352,0.899832838725338,optimal,3.812237393001851,42485,75307,237315
v0,Belnet2008-r2,Belnet2008,trajectory,B1,20,36.03396899778006,0.9008492249445015,optimal,3.555145583995909,42485,75307,237315
v0,Belnet2008-r2,Belnet2008,trajectory,B1,21,36.22241457310832,0.9055603643277079,optimal,3.0115974619984627,42485,75307,237315
v0,Belnet2008-r2,Belnet2008,trajectory,B1,22,35.98542729468759,0.8996356823671897,optimal,3.3220780359988566,42485,75307,237315
v0,Belnet2008-r2,Belnet2008,trajectory,B1,23,36.02883714111,0.9007209285277501,optimal,3.422013905001222,42485,75307,237315
v0,Belnet2008-r2,Belnet2008,trajectory,B1,24,36.07176459027637,0.9017941147569093,optimal,3.1737885139955324,42485,75307,237315
v0,Belnet2008-r2,Belnet2008,trajectory,B1,25,36.236595833238944,0.9059148958309736,optimal,3.769401466001,42485,75307,237315
v0,Belnet2008-r2,Belnet2008,trajectory,B1,26,36.11156472099135,0.9027891180247838,optimal,3.2912749129973236,42485,75307,237315
v0,Belnet2008-r2,Belnet2008,trajectory,B1,27,36.16254252418937,0.9040635631047342,optimal,3.471873938004137,42485,75307,237315
v0,Belnet2008-r2,Belnet2008,trajectory,B1,28,36.30900472880303,0.9077251182200758,optimal,3.2683905710000545,42485,75307,237315
v0,Belnet2008-r2,Belnet2008,trajectory,B1,29,36.1331229866149,0.9033280746653725,optimal,3.100482818997989,42485,75307,237315
v0,Belnet2008-r2,Belnet2008,trajectory,TRAN,0,36.7916866331836,0.91979216582959,optimal,2.894320596002217,42485,75307,237315
v0,Belnet2008-r2,Belnet2008,trajectory,TRAN,1,36.823067508507535,0.9205766877126884,optimal,3.067645186005393,42485,75307,237315
v0,Belnet2008-r2,Belnet2008,trajectory,TRAN,2,36.89403223115129,0.9223508057787824,optimal,3.5317345869989367,42485,75307,237315
v0,Belnet2008-r2,Belnet2008,trajectory,TRAN,3,36.903396760504066,0.9225849190126016,optimal,3.3366537499969127,42485,75307,237315
v0,Belnet2008-r2,Belnet2008,trajectory,TRAN,4,36.74690546725172,0.9186726366812931,optimal,3.585285619003116,42485,75307,237315
v0,Belnet2008-r2,Belnet2008,trajectory,TRAN,5,36.81708058367879,0.9204270145919697,optimal,3.343522249997477,42485,75307,237315
v0,Belnet2008-r2,Belnet2008,trajectory,TRAN,6,36.94200833830171,0.9235502084575428,optimal,3.3534057090000715,42485,75307,237315
v0,Belnet2008-r2,Belnet2008,trajectory,TRAN,7,36.76096027321708,0.919024006830427,optimal,3.3857549599997583,42485,75307,237315
v0,Belnet2008-r2,Belnet2008,trajectory,TRAN,8,36.78972898094883,0.9197432245237207,optimal,3.0634930200030794,42485,75307,237315
v0,Belnet2008-r2,Belnet2008,trajectory,TRAN,9,36.799071958150826,0.9199767989537706,optimal,3.0108577939972747,42485,75307,237315
v0,Belnet2008-r2,Belnet2008,trajectory,TRAN,10,36.90035331646803,0.9225088329117007,optimal,3.2964076409989502,42485,75307,237315
v0,Belnet2008-r2,Belnet2008,trajectory,TRAN,11,36.946578335653065,0.9236644583913266,optimal,3.3901556390046608,42485,75307,237315
v0,Belnet2008-r2,Belnet2008,trajectory,TRAN,12,36.89713214450786,0.9224283036126965,optimal,3.0803450210005394,42485,75307,237315
v0,Belnet2008-r2,Belnet2008,trajectory,TRAN,13,36.89335682341413,0.9223339205853532,optimal,2.9826747329934733,42485,75307,237315
v0,Belnet2008-r2,Belnet2008,trajectory,TRAN,14,36.80137815685271,0.9200344539213177,optimal,3.1064473890000954,42485,75307,237315
v0,Belnet2008-r2,Belnet2008,trajectory,TRAN,15,36.85263690278504,0.9213159225696259,optimal,3.228433642994787,42485,75307,237315
v0,Belnet2008-r2,Belnet2008,trajectory,TRAN,16,36.75385818308918,0.9188464545772295,optimal,2.981806793999567,42485,75307,237315
v0,Belnet2008-r2,Belnet2008,trajectory,TRAN,17,36.8588103220638,0.9214702580515951,optimal,3.146152493005502,42485,75307,237315
v0,Belnet2008-r2,Belnet2008,trajectory,TRAN,18,36.810859430921965,0.9202714857730492,optimal,2.9934961149992887,42485,75307,237315
v0,Belnet2008-r2,Belnet2008,trajectory,TRAN,19,36.87782218838697,0.9219455547096743,optimal,3.784382537996862,42485,75307,237315
v0,Belnet2008-r2,Belnet2008,trajectory,TRAN,20,36.83121754201809,0.9207804385504522,optimal,3.0086449759983225,42485,75307,237315
v0,Belnet2008-r2,Belnet2008,trajectory,TRAN,21,36.88060802809848,0.922015200702462,optimal,3.0798220009965007,42485,75307,237315
v0,Belnet2008-r2,Belnet2008,trajectory,TRAN,22,36.794004954325985,0.9198501238581496,optimal,3.3335121190029895,42485,75307,237315
v0,Belnet2008-r2,Belnet2008,trajectory,TRAN,23,36.8146492870128,0.92036623217532,optimal,3.2089593860000605,42485,75307,237315
v0,Belnet2008-r2,Belnet2008,trajectory,TRAN,24,36.73386197069665,0.9183465492674163,optimal,3.08710552300181,42485,75307,237315
v0,Belnet2008-r2,Belnet2008,trajectory,TRAN,25,36.9376088406941,0.9234402210173525,optimal,2.925503162005043,42485,75307,237315
v0,Belnet2008-r2,Belnet2008,trajectory,TRAN,26,36.79313930590611,0.9198284826476527,optimal,3.2259058139970875,42485,75307,237315
v0,Belnet2008-r2,Belnet2008,trajectory,TRAN,27,36.90921433039762,0.9227303582599404,optimal,3.0340998609972303,42485,75307,237315
v0,Belnet2008-r2,Belnet2008,trajectory,TRAN,28,36.865096750881676,0.9216274187720419,optimal,3.0778324829952908,42485,75307,237315
v0,Belnet2008-r2,Belnet2008,trajectory,TRAN,29,36.895511826982606,0.9223877956745652,optimal,3.23803601799591,42485,75307,237315
v0,BsonetEurope-r0,BsonetEurope,trajectory,B1,0,29.38897081536961,0.7347242703842403,optimal,2.9250797089989646,38907,63949,230858
v0,BsonetEurope-r0,BsonetEurope,trajectory,B1,1,28.34976483516971,0.7087441208792428,optimal,3.2195581359992502,38907,63949,230858
v0,BsonetEurope-r0,BsonetEurope,trajectory,B1,2,28.88980767320144,0.722245191830036,optimal,3.1398190010004328,38907,63949,230858
v0,BsonetEurope-r0,BsonetEurope,trajectory,B1,3,28.721077404094522,0.718026935102363,optimal,2.865815137003665,38907,63949,230858
v0,BsonetEurope-r0,BsonetEurope,trajectory,B1,4,29.20922772575544,0.730230693143886,optimal,3.480299725997611,38907,63949,230858
v0,BsonetEurope-r0,BsonetEurope,trajectory,B1,5,28.865826602353764,0.7216456650588441,optimal,3.0810351870022714,38907,63949,230858
v0,BsonetEurope-r0,BsonetEurope,trajectory,B1,6,28.35870829097058,0.7089677072742645,optimal,3.058635734996642,38907,63949,230858
v0,BsonetEurope-r0,BsonetEurope,trajectory,B1,7,28.48355088302244,0.712088772075561,optimal,3.263651689994731,38907,63949,230858
v0,BsonetEurope-r0,BsonetEurope,trajectory,B1,8,27.920068284599587,0.6980017071149897,optimal,3.119026742002461,38907,63949,230858
v0,BsonetEurope-r0,BsonetEurope,trajectory,B1,9,28.491783870385476,0.7122945967596369,optimal,3.327008553998894,38907,63949,230858
v0,BsonetEurope-r0,BsonetEurope,trajectory,B1,10,27.47508323865028,0.686877080966257,optimal,2.7496460000038496,38907,63949,230858
v0,BsonetEurope-r0,BsonetEurope,trajectory,B1,11,28.43799224146185,0.7109498060365462,optimal,3.0378808969981037,38907,63949,230858
v0,BsonetEurope-r0,BsonetEurope,trajectory,B1,12,28.481083229692324,0.7120270807423081,optimal,2.7019244369948865,38907,63949,230858
v0,BsonetEurope-r0,BsonetEurope,trajectory,B1,13,29.370450719064632,0.7342612679766158,optimal,3.494888469998841,38907,63949,230858
v0,BsonetEurope-r0,BsonetEurope,trajectory,B1,14,29.00348717605387,0.7250871794013467,optimal,3.5314440509973792,38907,63949,230858
v0,BsonetEurope-r0,BsonetEurope,trajectory,B1,15,29.058530713039605,0.7264632678259901,optimal,2.848415587999625,38907,63949,230858
v0,BsonetEurope-r0,BsonetEurope,trajectory,B1,16,29.090193069686567,0.7272548267421641,optimal,2.9677948179960367,38907,63949,230858
v0,BsonetEurope-r0,BsonetEurope,trajectory,B1,17,29.44311033543389,0.7360777583858472,optimal,2.9741041559973382,38907,63949,230858
v0,BsonetEurope-r0,BsonetEurope,trajectory,B1,18,29.32342837203238,0.7330857093008095,optimal,3.6791778810002143,38907,63949,230858
v0,BsonetEurope-r0,BsonetEurope,trajectory,B1,19,29.24177745392575,0.7310444363481438,optimal,3.2527822310003103,38907,63949,230858
v0,BsonetEurope-r0,BsonetEurope,trajectory,B1,20,28.94973060771765,0.7237432651929413,optimal,3.070091339002829,38907,63949,230858
v0,BsonetEurope-r0,BsonetEurope,trajectory,B1,21,28.647337982193537,0.7161834495548385,optimal,2.828702102000534,38907,63949,230858
v0,BsonetEurope-r0,BsonetEurope,trajectory,B1,22,29.188897752204316,0.7297224438051079,optimal,3.0794521720017656,38907,63949,230858
v0,BsonetEurope-r0,BsonetEurope,trajectory,B1,23,28.762289048281332,0.7190572262070333,optimal,3.328918004001025,38907,63949,230858
v0,BsonetEurope-r0,BsonetEurope,trajectory,B1,24,27.672268171143585,0.6918067042785896,optimal,3.0726505260026897,38907,63949,230858
v0,BsonetEurope-r0,BsonetEurope,trajectory,B1,25,28.334484947076902,0.7083621236769225,optimal,2.911830614997598,38907,63949,230858
v0,BsonetEurope-r0,BsonetEurope,trajectory,B1,26,29.01261404118726,0.7253153510296815,optimal,3.102059258002555,38907,63949,230858
v0,BsonetEurope-r0,BsonetEurope,trajectory,B1,27,28.663316576264652,0.7165829144066163,optimal,2.9080195980059216,38907,63949,230858
v0,BsonetEurope-r0,BsonetEurope,trajectory,B1,28,29.300498647834655,0.7325124661958664,optimal,3.513649597996846,38907,63949,230858
v0,BsonetEurope-r0,BsonetEurope,trajectory,B1,29,27.690999263510374,0.6922749815877594,optimal,3.0070102449972183,38907,63949,230858
v0,BsonetEurope-r0,BsonetEurope,trajectory,TRAN,0,29.533125168342703,0.7383281292085676,optimal,2.549476431995572,38907,63949,230858
v0,BsonetEurope-r0,BsonetEurope,trajectory,TRAN,1,29.783173554033866,0.7445793388508466,optimal,2.9453108980014804,38907,63949,230858
v0,BsonetEurope-r0,BsonetEurope,trajectory,TRAN,2,30.092183179684113,0.7523045794921028,optimal,2.909300641003938,38907,63949,230858
v0,BsonetEurope-r0,BsonetEurope,trajectory,TRAN,3,29.058723276893698,0.7264680819223425,optimal,2.8838732750009513,38907,63949,230858
v0,BsonetEurope-r0,BsonetEurope,trajectory,TRAN,4,29.736292737909032,0.7434073184477258,optimal,3.175066285999492,38907,63949,230858
v0,BsonetEurope-r0,BsonetEurope,trajectory,TRAN,5,29.717814318370568,0.7429453579592642,optimal,2.925824937003199,38907,63949,230858
v0,BsonetEurope-r0,BsonetEurope,trajectory,TRAN,6,29.61907807185781,0.7404769517964452,optimal,3.0037511559930863,38907,63949,230858
v0,BsonetEurope-r0,BsonetEurope,trajectory,TRAN,7,28.997572970739284,0.7249393242684821,optimal,2.6989793440006906,38907,63949,230858
v0,BsonetEurope-r0,BsonetEurope,trajectory,TRAN,8,28.36377691658617,0.7090944229146542,optimal,3.072703885001829,38907,63949,230858
v0,BsonetEurope-r0,BsonetEurope,trajectory,TRAN,9,30.7576256161868,0.76894064040467,optimal,3.2755590149972704,38907,63949,230858
v0,BsonetEurope-r0,BsonetEurope,trajectory,TRAN,10,29.080884730543406,0.7270221182635852,optimal,2.9021534890052862,38907,63949,230858
v0,BsonetEurope-r0,BsonetEurope,trajectory,TRAN,11,29.634290445363362,0.740857261134084,optimal,3.1805630500020925,38907,63949,230858
v0,BsonetEurope-r0,BsonetEurope,trajectory,TRAN,12,28.861303470269583,0.7215325867567396,optimal,3.18611312500434,38907,63949,230858
v0,BsonetEurope-r0,BsonetEurope,trajectory,TRAN,13,29.77445576781145,0.7443613941952862,optimal,2.846445640003367,38907,63949,230858
v0,BsonetEurope-r0,BsonetEurope,trajectory,TRAN,14,30.601012281768057,0.7650253070442015,optimal,2.980244951999339,38907,63949,230858
v0,BsonetEurope-r0,BsonetEurope,trajectory,TRAN,15,29.609181106372308,0.7402295276593077,optimal,2.852504526003031,38907,63949,230858
v0,BsonetEurope-r0,BsonetEurope,trajectory,TRAN,16,29.187161653228156,0.7296790413307039,optimal,2.7191903200000525,38907,63949,230858
v0,BsonetEurope-r0,BsonetEurope,trajectory,TRAN,17,29.63703974406318,0.7409259936015795,optimal,2.739928016999329,38907,63949,230858
v0,BsonetEurope-r0,BsonetEurope,trajectory,TRAN,18,29.22417515575101,0.7306043788937753,optimal,3.0810210350027774,38907,63949,230858
v0,BsonetEurope-r0,BsonetEurope,trajectory,TRAN,19,30.961217962959456,0.7740304490739864,optimal,3.3722558000008576,38907,63949,230858
v0,BsonetEurope-r0,BsonetEurope,trajectory,TRAN,20,29.34252911369995,0.7335632278424987,optimal,2.8246690450032474,38907,63949,230858
v0,BsonetEurope-r0,BsonetEurope,trajectory,TRAN,21,30.36743034440364,0.759185758610091,optimal,2.934612173005007,38907,63949,230858
v0,BsonetEurope-r0,BsonetEurope,trajectory,TRAN,22,30.662823528472423,0.7665705882118106,optimal,3.097510498999327,38907,63949,230858
v0,BsonetEurope-r0,BsonetEurope,trajectory,TRAN,23,28.38007817376845,0.7095019543442113,optimal,2.942785377999826,38907,63949,230858
v0,BsonetEurope-r0,BsonetEurope,trajectory,TRAN,24,29.152774601198054,0.7288193650299514,optimal,2.8193208939992473,38907,63949,230858
v0,BsonetEurope-r0,BsonetEurope,trajectory,TRAN,25,28.998510078441807,0.7249627519610452,optimal,2.8434658299956936,38907,63949,230858
v0,BsonetEurope-r0,BsonetEurope,trajectory,TRAN,26,29.32983118564044,0.733245779641011,optimal,2.792935427001794,38907,63949,230858
v0,BsonetEurope-r0,BsonetEurope,trajectory,TRAN,27,29.292441292759055,0.7323110323189763,optimal,3.0764093160032644,38907,63949,230858
v0,BsonetEurope-r0,BsonetEurope,trajectory,TRAN,28,28.932081548317843,0.7233020387079461,optimal,3.5155072739944444,38907,63949,230858
v0,BsonetEurope-r0,BsonetEurope,trajectory,TRAN,29,29.320591941294957,0.733014798532374,optimal,3.4879502629992203,38907,63949,230858
v0,BsonetEurope-r1,BsonetEurope,trajectory,B1,0,23.346325548498598,0.583658138712465,optimal,2.4084307519951835,34159,62821,212554
v0,BsonetEurope-r1,BsonetEurope,trajectory,B1,1,22.642843072629688,0.5660710768157422,optimal,2.3116414940013783,34159,62821,212554
v0,BsonetEurope-r1,BsonetEurope,trajectory,B1,2,23.74048908465509,0.5935122271163772,optimal,2.6157835150006576,34159,62821,212554
v0,BsonetEurope-r1,BsonetEurope,trajectory,B1,3,23.515782090291435,0.5878945522572858,optimal,2.4988328469989938,34159,62821,212554
v0,BsonetEurope-r1,BsonetEurope,trajectory,B1,4,24.693390134670913,0.6173347533667728,optimal,2.3504685849984526,34159,62821,212554
v0,BsonetEurope-r1,BsonetEurope,trajectory,B1,5,22.724583163012888,0.5681145790753221,optimal,2.5612221409974154,34159,62821,212554
v0,BsonetEurope-r1,BsonetEurope,trajectory,B1,6,22.659253629614806,0.5664813407403702,optimal,2.566006893001031,34159,62821,212554
v0,BsonetEurope-r1,BsonetEurope,trajectory,B1,7,22.720956576743994,0.5680239144185999,optimal,2.5385573300009128,34159,62821,212554
v0,BsonetEurope-r1,BsonetEurope,trajectory,B1,8,23.46925662699325,0.5867314156748312,optimal,2.8214066900036414,34159,62821,212554
v0,BsonetEurope-r1,BsonetEurope,trajectory,B1,9,22.845315165624147,0.5711328791406036,optimal,2.5042989180001314,34159,62821,212554
v0,BsonetEurope-r1,BsonetEurope,trajectory,B1,10,23.29542500176573,0.5823856250441433,optimal,2.6423486260027857,34159,62821,212554
v0,BsonetEurope-r1,BsonetEurope,trajectory,B1,11,22.891768169012938,0.5722942042253234,optimal,2.5594371589977527,34159,62821,212554
v0,BsonetEurope-r1,BsonetEurope,trajectory,B1,12,23.50136172200246,0.5875340430500615,optimal,3.0665036130012595,34159,62821,212554
v0,BsonetEurope-r1,BsonetEurope,trajectory,B1,13,23.651393558288454,0.5912848389572114,optimal,2.5240280340003665,34159,62821,212554
v0,BsonetEurope-r1,BsonetEurope,trajectory,B1,14,22.83389520701539,0.5708473801753848,optimal,2.274353852997592,34159,62821,212554
v0,BsonetEurope-r1,BsonetEurope,trajectory,B1,15,24.015042693891296,0.6003760673472824,optimal,2.22190844600118,34159,62821,212554
v0,BsonetEurope-r1,BsonetEurope,trajectory,B1,16,22.499668107936447,0.5624917026984112,optimal,2.293518292004592,34159,62821,212554
v0,BsonetEurope-r1,BsonetEurope,trajectory,B1,17,23.94468827397952,0.5986172068494879,optimal,2.9199432879977394,34159,62821,212554
v0,BsonetEurope-r1,BsonetEurope,trajectory,B1,18,23.143687359314562,0.578592183982864,optimal,2.3840992270052084,34159,62821,212554
v0,BsonetEurope-r1,BsonetEurope,trajectory,B1,19,23.695238753333218,0.5923809688333305,optimal,2.3886887270055013,34159,62821,212554
v0,BsonetEurope-r1,BsonetEurope,trajectory,B1,20,23.142658012201753,0.5785664503050438,optimal,2.4308713900027215,34159,62821,212554
v0,BsonetEurope-r1,BsonetEurope,trajectory,B1,21,23.17166366689269,0.5792915916723173,optimal,2.256129713001428,34159,62821,212554
v0,BsonetEurope-r1,BsonetEurope,trajectory,B1,22,22.265540038587122,0.556638500964678,optimal,2.488558789998933,34159,62821,212554
v0,BsonetEurope-r1,BsonetEurope,trajectory,B1,23,23.518687806344722,0.5879671951586181,optimal,2.291704948002007,34159,62821,212554
v0,BsonetEurope-r1,BsonetEurope,trajectory,B1,24,22.59815984987493,0.5649539962468733,optimal,2.33050284699857,34159,62821,212554
v0,BsonetEurope-r1,BsonetEurope,trajectory,B1,25,23.273967303061173,0.5818491825765293,optimal,2.1804121379973367,34159,62821,212554
v0,BsonetEurope-r1,BsonetEurope,trajectory,B1,26,23.859119828323816,0.5964779957080955,optimal,2.1619123440032126,34159,62821,212554
v0,BsonetEurope-r1,BsonetEurope,trajectory,B1,27,23.860760524654616,0.5965190131163653,optimal,2.562847346998751,34159,62821,212554
v0,BsonetEurope-r1,BsonetEurope,trajectory,B1,28,23.216048215723923,0.580401205393098,optimal,2.104376882001816,34159,62821,212554
v0,BsonetEurope-r1,BsonetEurope,trajectory,B1,29,22.295552711062644,0.5573888177765661,optimal,2.2939221969936625,34159,62821,212554
v0,BsonetEurope-r1,BsonetEurope,trajectory,TRAN,0,26.793641349280456,0.6698410337320114,optimal,2.155336964999151,34159,62821,212554
v0,BsonetEurope-r1,BsonetEurope,trajectory,TRAN,1,26.54901716897213,0.6637254292243033,optimal,2.2337675399976433,34159,62821,212554
v0,BsonetEurope-r1,BsonetEurope,trajectory,TRAN,2,26.25655655430811,0.6564139138577028,optimal,2.092733623998356,34159,62821,212554
v0,BsonetEurope-r1,BsonetEurope,trajectory,TRAN,3,26.63332105987529,0.6658330264968823,optimal,2.2706124630058184,34159,62821,212554
v0,BsonetEurope-r1,BsonetEurope,trajectory,TRAN,4,26.60585431124045,0.6651463577810113,optimal,2.0815368559997296,34159,62821,212554
v0,BsonetEurope-r1,BsonetEurope,trajectory,TRAN,5,26.989580896689322,0.674739522417233,optimal,2.108020036997914,34159,62821,212554
v0,BsonetEurope-r1,BsonetEurope,trajectory,TRAN,6,26.38342385608717,0.6595855964021793,optimal,2.087265385001956,34159,62821,212554
v0,BsonetEurope-r1,BsonetEurope,trajectory,TRAN,7,26.440842389099746,0.6610210597274937,optimal,2.117863519997627,34159,62821,212554
v0,BsonetEurope-r1,BsonetEurope,trajectory,TRAN,8,25.697587856772383,0.6424396964193095,optimal,2.1159880729974248,34159,62821,212554
v0,BsonetEurope-r1,BsonetEurope,trajectory,TRAN,9,26.2452037186544,0.6561300929663599,optimal,2.19407885200053,34159,62821,212554
v0,BsonetEurope-r1,BsonetEurope,trajectory,TRAN,10,26.82464830316331,0.6706162075790828,optimal,2.1095588649986894,34159,62821,212554
v0,BsonetEurope-r1,BsonetEurope,trajectory,TRAN,11,25.378622738182692,0.6344655684545673,optimal,2.0916390970014618,34159,62821,212554
v0,BsonetEurope-r1,BsonetEurope,trajectory,TRAN,12,27.42213623760015,0.6855534059400037,optimal,2.231145445002767,34159,62821,212554
v0,BsonetEurope-r1,BsonetEurope,trajectory,TRAN,13,25.533406369154598,0.638335159228865,optimal,1.9954582299978938,34159,62821,212554
v0,BsonetEurope-r1,BsonetEurope,trajectory,TRAN,14,26.724589458739587,0.6681147364684896,optimal,2.1395018120019813,34159,62821,212554
v0,BsonetEurope-r1,BsonetEurope,trajectory,TRAN,15,25.569746704291113,0.6392436676072778,optimal,2.1791057270020247,34159,62821,212554
v0,BsonetEurope-r1,BsonetEurope,trajectory,TRAN,16,25.349560619261474,0.6337390154815369,optimal,2.066855167999165,34159,62821,212554
v0,BsonetEurope-r1,BsonetEurope,trajectory,TRAN,17,26.184529577041175,0.6546132394260293,optimal,2.2654483369988156,34159,62821,212554
v0,BsonetEurope-r1,BsonetEurope,trajectory,TRAN,18,27.122459624497473,0.6780614906124368,optimal,2.1214729310013354,34159,62821,212554
v0,BsonetEurope-r1,BsonetEurope,trajectory,TRAN,19,25.970874478991067,0.6492718619747767,optimal,2.0912282380013494,34159,62821,212554
v0,BsonetEurope-r1,BsonetEurope,trajectory,TRAN,20,26.918118113935083,0.6729529528483771,optimal,2.086937043000944,34159,62821,212554
v0,BsonetEurope-r1,BsonetEurope,trajectory,TRAN,21,26.91212632307577,0.6728031580768943,optimal,2.207811093998316,34159,62821,212554
v0,BsonetEurope-r1,BsonetEurope,trajectory,TRAN,22,26.728608657911074,0.6682152164477768,optimal,2.144640061997052,34159,62821,212554
v0,BsonetEurope-r1,BsonetEurope,trajectory,TRAN,23,27.019650938769104,0.6754912734692275,optimal,2.1565061760047683,34159,62821,212554
v0,BsonetEurope-r1,BsonetEurope,trajectory,TRAN,24,25.453460252630236,0.6363365063157559,optimal,2.048194990005868,34159,62821,212554
v0,BsonetEurope-r1,BsonetEurope,trajectory,TRAN,25,26.43715021733959,0.6609287554334897,optimal,2.259090881998418,34159,62821,212554
v0,BsonetEurope-r1,BsonetEurope,trajectory,TRAN,26,27.148210561938367,0.6787052640484592,optimal,2.0573763700012933,34159,62821,212554
v0,BsonetEurope-r1,BsonetEurope,trajectory,TRAN,27,27.259307548568433,0.6814826887142108,optimal,1.9543220600025961,34159,62821,212554
v0,BsonetEurope-r1,BsonetEurope,trajectory,TRAN,28,25.790857504505865,0.6447714376126467,optimal,2.052604890996008,34159,62821,212554
v0,BsonetEurope-r1,BsonetEurope,trajectory,TRAN,29,25.446366270858167,0.6361591567714542,optimal,2.0553416299953824,34159,62821,212554
v0,BsonetEurope-r2,BsonetEurope,trajectory,B1,0,22.627028734117122,0.5656757183529281,optimal,1.8141881660048966,26296,48437,185077
v0,BsonetEurope-r2,BsonetEurope,trajectory,B1,1,24.028235995898914,0.6007058998974728,optimal,1.5910265170023195,26296,48437,185077
v0,BsonetEurope-r2,BsonetEurope,trajectory,B1,2,21.859771956683325,0.5464942989170831,optimal,1.483930472000793,26296,48437,185077
v0,BsonetEurope-r2,BsonetEurope,trajectory,B1,3,22.97118255190727,0.5742795637976817,optimal,1.4112111860013101,26296,48437,185077
v0,BsonetEurope-r2,BsonetEurope,trajectory,B1,4,23.51386412494207,0.5878466031235517,optimal,1.6690640399974654,26296,48437,185077
v0,BsonetEurope-r2,BsonetEurope,trajectory,B1,5,22.42670153498871,0.5606675383747177,optimal,1.5548721059967647,26296,48437,185077
v0,BsonetEurope-r2,BsonetEurope,trajectory,B1,6,22.398301977323992,0.5599575494330998,optimal,1.4465809500034084,26296,48437,185077
v0,BsonetEurope-r2,BsonetEurope,trajectory,B1,7,22.902502620694726,0.5725625655173682,optimal,1.9276845839995076,26296,48437,185077
v0,BsonetEurope-r2,BsonetEurope,trajectory,B1,8,22.541399772329694,0.5635349943082424,optimal,1.7163846789990203,26296,48437,185077
v0,BsonetEurope-r2,BsonetEurope,trajectory,B1,9,22.4768708302878,0.5619217707571951,optimal,1.643522355996538,26296,48437,185077
v0,BsonetEurope-r2,BsonetEurope,trajectory,B1,10,22.469359947777136,0.5617339986944284,optimal,1.7078004869981669,26296,48437,185077
v0,BsonetEurope-r2,BsonetEurope,trajectory,B1,11,22.700389321768426,0.5675097330442107,optimal,1.447543811002106,26296,48437,185077
v0,BsonetEurope-r2,BsonetEurope,trajectory,B1,12,22.449419709296244,0.5612354927324061,optimal,1.4298386730006314,26296,48437,185077
v0,BsonetEurope-r2,BsonetEurope,trajectory,B1,13,22.6467828115887,0.5661695702897175,optimal,1.4233388460052083,26296,48437,185077
v0,BsonetEurope-r2,BsonetEurope,trajectory,B1,14,23.72035941990652,0.593008985497663,optimal,1.569110025993723,26296,48437,185077
v0,BsonetEurope-r2,BsonetEurope,trajectory,B1,15,22.492037509223344,0.5623009377305836,optimal,1.537247997999657,26296,48437,185077
v0,BsonetEurope-r2,BsonetEurope,trajectory,B1,16,24.361272182858478,0.609031804571462,optimal,1.5531662970024627,26296,48437,185077
v0,BsonetEurope-r2,BsonetEurope,trajectory,B1,17,22.25853332612462,0.5564633331531155,optimal,1.5789154000012786,26296,48437,185077
v0,BsonetEurope-r2,BsonetEurope,trajectory,B1,18,21.791430680960712,0.5447857670240178,optimal,1.3008506180049153,26296,48437,185077
v0,BsonetEurope-r2,BsonetEurope,trajectory,B1,19,21.616972316048724,0.5404243079012181,optimal,1.5732888720012852,26296,48437,185077
v0,BsonetEurope-r2,BsonetEurope,trajectory,B1,20,21.90700573969962,0.5476751434924905,optimal,1.6387445569998818,26296,48437,185077
v0,BsonetEurope-r2,BsonetEurope,trajectory,B1,21,22.73888065147637,0.5684720162869092,optimal,1.4401451429948793,26296,48437,185077
v0,BsonetEurope-r2,BsonetEurope,trajectory,B1,22,22.561581299395193,0.5640395324848798,optimal,1.4014224169950467,26296,48437,185077
v0,BsonetEurope-r2,BsonetEurope,trajectory,B1,23,22.70356197016254,0.5675890492540635,optimal,1.5906107140035601,26296,48437,185077
v0,BsonetEurope-r2,BsonetEurope,trajectory,B1,24,21.680765432577513,0.5420191358144378,optimal,1.5794211870015715,26296,48437,185077
v0,BsonetEurope-r2,BsonetEurope,trajectory,B1,25,22.112292311688506,0.5528073077922127,optimal,1.421891122001398,26296,48437,185077
v0,BsonetEurope-r2,BsonetEurope,trajectory,B1,26,22.04514309810978,0.5511285774527445,optimal,1.539865007995104,26296,48437,185077
v0,BsonetEurope-r2,BsonetEurope,trajectory,B1,27,24.154122039014556,0.6038530509753639,optimal,1.7567146469955333,26296,48437,185077
v0,BsonetEurope-r2,BsonetEurope,trajectory,B1,28,23.45298382177335,0.5863245955443338,optimal,1.722401377002825,26296,48437,185077
v0,BsonetEurope-r2,BsonetEurope,trajectory,B1,29,21.757854304704235,0.5439463576176059,optimal,1.474327407006058,26296,48437,185077
v0,BsonetEurope-r2,BsonetEurope,trajectory,TRAN,0,31.541760941355207,0.7885440235338802,optimal,1.5655398729941226,26296,48437,185077
v0,BsonetEurope-r2,BsonetEurope,trajectory,TRAN,1,30.432237236012952,0.7608059309003238,optimal,1.7133497019967763,26296,48437,185077
v0,BsonetEurope-r2,BsonetEurope,trajectory,TRAN,2,31.40901801274155,0.7852254503185387,optimal,1.822737820999464,26296,48437,185077
v0,BsonetEurope-r2,BsonetEurope,trajectory,TRAN,3,31.475439508405945,0.7868859877101486,optimal,1.7567941040033475,26296,48437,185077
v0,BsonetEurope-r2,BsonetEurope,trajectory,TRAN,4,31.175660999937513,0.7793915249984378,optimal,1.3693043909952394,26296,48437,185077
v0,BsonetEurope-r2,BsonetEurope,trajectory,TRAN,5,31.67991274378945,0.7919978185947363,optimal,1.7265224220027449,26296,48437,185077
v0,BsonetEurope-r2,BsonetEurope,trajectory,TRAN,6,30.067428294511046,0.7516857073627762,optimal,1.6706553969997913,26296,48437,185077
v0,BsonetEurope-r2,BsonetEurope,trajectory,TRAN,7,30.23300837795987,0.7558252094489968,optimal,1.712619812999037,26296,48437,185077
v0,BsonetEurope-r2,BsonetEurope,trajectory,TRAN,8,30.27227918646548,0.756806979661637,optimal,1.899678728004801,26296,48437,185077
v0,BsonetEurope-r2,BsonetEurope,trajectory,TRAN,9,31.09584387117033,0.7773960967792582,optimal,2.118720562000817,26296,48437,185077
v0,BsonetEurope-r2,BsonetEurope,trajectory,TRAN,10,30.96376300145142,0.7740940750362855,optimal,1.8592206239991356,26296,48437,185077
v0,BsonetEurope-r2,BsonetEurope,trajectory,TRAN,11,30.851350163788986,0.7712837540947246,optimal,2.037566778002656,26296,48437,185077
v0,BsonetEurope-r2,BsonetEurope,trajectory,TRAN,12,31.790691067984497,0.7947672766996124,optimal,2.2677267479957663,26296,48437,185077
v0,BsonetEurope-r2,BsonetEurope,trajectory,TRAN,13,29.658464802900475,0.7414616200725119,optimal,2.1284163200034527,26296,48437,185077
v0,BsonetEurope-r2,BsonetEurope,trajectory,TRAN,14,32.390372201634904,0.8097593050408726,optimal,1.8928700120013673,26296,48437,185077
v0,BsonetEurope-r2,BsonetEurope,trajectory,TRAN,15,31.9955727180294,0.799889317950735,optimal,1.7918073320033727,26296,48437,185077
v0,BsonetEurope-r2,BsonetEurope,trajectory,TRAN,16,29.755596351742824,0.7438899087935706,optimal,2.1882886969979154,26296,48437,185077
v0,BsonetEurope-r2,BsonetEurope,trajectory,TRAN,17,29.169143572534647,0.7292285893133662,optimal,1.8471739320011693,26296,48437,185077
v0,BsonetEurope-r2,BsonetEurope,trajectory,TRAN,18,28.61085295346637,0.7152713238366593,optimal,1.7000300899962895,26296,48437,185077
v0,BsonetEurope-r2,BsonetEurope,trajectory,TRAN,19,30.66609021201461,0.7666522553003652,optimal,2.1014933730039047,26296,48437,185077
v0,BsonetEurope-r2,BsonetEurope,trajectory,TRAN,20,30.076961063949316,0.7519240265987329,optimal,1.791705005998665,26296,48437,185077
v0,BsonetEurope-r2,BsonetEurope,trajectory,TRAN,21,31.28455586474345,0.7821138966185862,optimal,1.9835792419980862,26296,48437,185077
v0,BsonetEurope-r2,BsonetEurope,trajectory,TRAN,22,31.371187727962223,0.7842796931990555,optimal,2.044537293004396,26296,48437,185077
v0,BsonetEurope-r2,BsonetEurope,trajectory,TRAN,23,31.401660264299675,0.7850415066074918,optimal,1.7790520069975173,26296,48437,185077
v0,BsonetEurope-r2,BsonetEurope,trajectory,TRAN,24,30.265966872508518,0.756649171812713,optimal,1.9327776499994798,26296,48437,185077
v0,BsonetEurope-r2,BsonetEurope,trajectory,TRAN,25,31.38327472290046,0.7845818680725115,optimal,2.0810332729961374,26296,48437,185077
v0,BsonetEurope-r2,BsonetEurope,trajectory,TRAN,26,31.519332191440085,0.7879833047860021,optimal,1.9963614590014913,26296,48437,185077
v0,BsonetEurope-r2,BsonetEurope,trajectory,TRAN,27,30.083120787159537,0.7520780196789885,optimal,1.9986087889992632,26296,48437,185077
v0,BsonetEurope-r2,BsonetEurope,trajectory,TRAN,28,30.80759965867938,0.7701899914669845,optimal,2.1831837210047524,26296,48437,185077
v0,BsonetEurope-r2,BsonetEurope,trajectory,TRAN,29,30.363890560432832,0.7590972640108208,optimal,1.8700431039978866,26296,48437,185077
v0,BtNorthAmerica-r0,BtNorthAmerica,trajectory,B1,0,21.87708519712576,0.546927129928144,optimal,3.4886177989974385,37055,65225,228363
v0,BtNorthAmerica-r0,BtNorthAmerica,trajectory,B1,1,24.494956366805326,0.6123739091701331,optimal,3.1700424349983223,37055,65225,228363
v0,BtNorthAmerica-r0,BtNorthAmerica,trajectory,B1,2,22.512598449813467,0.5628149612453367,optimal,2.868630546996428,37055,65225,228363
v0,BtNorthAmerica-r0,BtNorthAmerica,trajectory,B1,3,23.226928513246197,0.5806732128311549,optimal,3.4098657190043014,37055,65225,228363
v0,BtNorthAmerica-r0,BtNorthAmerica,trajectory,B1,4,22.637295840950244,0.5659323960237561,optimal,3.17545224299829,37055,65225,228363
v0,BtNorthAmerica-r0,BtNorthAmerica,trajectory,B1,5,22.877972226599166,0.5719493056649791,optimal,3.6385627279960318,37055,65225,228363
v0,BtNorthAmerica-r0,BtNorthAmerica,trajectory,B1,6,23.155467809778624,0.5788866952444656,optimal,3.2897870169981616,37055,65225,228363
v0,BtNorthAmerica-r0,BtNorthAmerica,trajectory,B1,7,22.025048356396084,0.5506262089099021,optimal,3.0709347399970284,37055,65225,228363
v0,BtNorthAmerica-r0,BtNorthAmerica,trajectory,B1,8,23.427897182696046,0.5856974295674011,optimal,3.0043319890028215,37055,65225,228363
v0,BtNorthAmerica-r0,BtNorthAmerica,trajectory,B1,9,23.65741520338635,0.5914353800846588,optimal,3.456415938999271,37055,65225,228363
v0,BtNorthAmerica-r0,BtNorthAmerica,trajectory,B1,10,22.188204258957587,0.5547051064739397,optimal,3.1733095340023283,37055,65225,228363
v0,BtNorthAmerica-r0,BtNorthAmerica,trajectory,B1,11,23.15256615903769,0.5788141539759423,optimal,3.270076758999494,37055,65225,228363
v0,BtNorthAmerica-r0,BtNorthAmerica,trajectory,B1,12,23.594031985502678,0.5898507996375669,optimal,3.1151941990028718,37055,65225,228363
v0,BtNorthAmerica-r0,BtNorthAmerica,trajectory,B1,13,23.092887660699937,0.5773221915174984,optimal,3.0605717329963227,37055,65225,228363
v0,BtNorthAmerica-r0,BtNorthAmerica,trajectory,B1,14,22.038355496015264,0.5509588874003816,optimal,3.0855990670024767,37055,65225,228363
v0,BtNorthAmerica-r0,BtNorthAmerica,trajectory,B1,15,22.314098808346177,0.5578524702086545,optimal,3.2124763160027214,37055,65225,228363
v0,BtNorthAmerica-r0,BtNorthAmerica,trajectory,B1,16,22.59368479519139,0.5648421198797847,optimal,2.789754764002282,37055,65225,228363
v0,BtNorthAmerica-r0,BtNorthAmerica,trajectory,B1,17,22.42230864243236,0.560557716060809,optimal,3.2370067820011172,37055,65225,228363
v0,BtNorthAmerica-r0,BtNorthAmerica,trajectory,B1,18,21.759066281659436,0.5439766570414859,optimal,3.2290061060048174,37055,65225,228363
v0,BtNorthAmerica-r0,BtNorthAmerica,trajectory,B1,19,22.40972823285271,0.5602432058213178,optimal,2.8769486199962557,37055,65225,228363
v0,BtNorthAmerica-r0,BtNorthAmerica,trajectory,B1,20,23.62369493713005,0.5905923734282512,optimal,3.080811845000426,37055,65225,228363
v0,BtNorthAmerica-r0,BtNorthAmerica,trajectory,B1,21,22.754626865379453,0.5688656716344863,optimal,2.972486746002687,37055,65225,228363
v0,BtNorthAmerica-r0,BtNorthAmerica,trajectory,B1,22,22.395249905419984,0.5598812476354996,optimal,2.8716602429994964,37055,65225,228363
v0,BtNorthAmerica-r0,BtNorthAmerica,trajectory,B1,23,24.542180089354904,0.6135545022338726,optimal,3.233343142004742,37055,65225,228363
v0,BtNorthAmerica-r0,BtNorthAmerica,trajectory,B1,24,23.146813197182883,0.5786703299295721,optimal,3.456070512998849,37055,65225,228363
v0,BtNorthAmerica-r0,BtNorthAmerica,trajectory,B1,25,22.165307588530002,0.55413268971325,optimal,3.2715180710001732,37055,65225,228363
v0,BtNorthAmerica-r0,BtNorthAmerica,trajectory,B1,26,22.866332650430053,0.5716583162607514,optimal,3.5923893639992457,37055,65225,228363
v0,BtNorthAmerica-r0,BtNorthAmerica,trajectory,B1,27,22.70328021268849,0.5675820053172123,optimal,2.935168704003445,37055,65225,228363
v0,BtNorthAmerica-r0,BtNorthAmerica,trajectory,B1,28,21.41414734791631,0.5353536836979077,optimal,3.501077756001905,37055,65225,228363
v0,BtNorthAmerica-r0,BtNorthAmerica,trajectory,B1,29,22.75742051931477,0.5689355129828693,optimal,2.934889326999837,37055,65225,228363
v0,BtNorthAmerica-r0,BtNorthAmerica,trajectory,TRAN,0,31.044331890512275,0.7761082972628068,optimal,2.7687517009981093,37055,65225,228363
v0,BtNorthAmerica-r0,BtNorthAmerica,trajectory,TRAN,1,32.06561047902886,0.8016402619757216,optimal,3.3605876110013924,37055,65225,228363
v0,BtNorthAmerica-r0,BtNorthAmerica,trajectory,TRAN,2,31.632185578261126,0.7908046394565281,optimal,3.6620520380020025,37055,65225,228363
v0,BtNorthAmerica-r0,BtNorthAmerica,trajectory,TRAN,3,33.12800344457406,0.8282000861143516,optimal,3.2956856939999852,37055,65225,228363
v0,BtNorthAmerica-r0,BtNorthAmerica,trajectory,TRAN,4,32.28606094767274,0.8071515236918184,optimal,3.4606507680000504,37055,65225,228363
v0,BtNorthAmerica-r0,BtNorthAmerica,trajectory,TRAN,5,32.60015561413984,0.815003890353496,optimal,3.7076928880051128,37055,65225,228363
v0,BtNorthAmerica-r0,BtNorthAmerica,trajectory,TRAN,6,33.050138965715604,0.8262534741428901,optimal,3.552355087995238,37055,65225,228363
v0,BtNorthAmerica-r0,BtNorthAmerica,trajectory,TRAN,7,32.22668594727834,0.8056671486819585,optimal,3.4032528750030906,37055,65225,228363
v0,BtNorthAmerica-r0,BtNorthAmerica,trajectory,TRAN,8,33.27127455741673,0.8317818639354183,optimal,4.531477569005801,37055,65225,228363
v0,BtNorthAmerica-r0,BtNorthAmerica,trajectory,TRAN,9,32.268533227653954,0.8067133306913489,optimal,3.8147377010027412,37055,65225,228363
v0,BtNorthAmerica-r0,BtNorthAmerica,trajectory,TRAN,10,30.944603022504296,0.7736150755626074,optimal,3.0485895160018117,37055,65225,228363
v0,BtNorthAmerica-r0,BtNorthAmerica,trajectory,TRAN,11,32.17020942771586,0.8042552356928965,optimal,3.3536607360001653,37055,65225,228363
v0,BtNorthAmerica-r0,BtNorthAmerica,trajectory,TRAN,12,32.052745284092474,0.8013186321023118,optimal,2.7195204960007686,37055,65225,228363
v0,BtNorthAmerica-r0,BtNorthAmerica,trajectory,TRAN,13,32.552016111931096,0.8138004027982774,optimal,3.0383447269996395,37055,65225,228363
v0,BtNorthAmerica-r0,BtNorthAmerica,trajectory,TRAN,14,32.389045618424305,0.8097261404606076,optimal,3.1978826189952088,37055,65225,228363
v0,BtNorthAmerica-r0,BtNorthAmerica,trajectory,TRAN,15,32.34089269232992,0.8085223173082481,optimal,2.8987408940010937,37055,65225,228363
v0,BtNorthAmerica-r0,BtNorthAmerica,trajectory,TRAN,16,32.35928100583931,0.8089820251459827,optimal,3.1420727860022453,37055,65225,228363
v0,BtNorthAmerica-r0,BtNorthAmerica,trajectory,TRAN,17,32.77916475652094,0.8194791189130235,optimal,2.8991419589947327,37055,65225,228363
v0,BtNorthAmerica-r0,BtNorthAmerica,trajectory,TRAN,18,32.40045330500156,0.8100113326250391,optimal,3.04058559799887,37055,65225,228363
v0,BtNorthAmerica-r0,BtNorthAmerica,trajectory,TRAN,19,32.317615523883504,0.8079403880970876,optimal,3.1179943440001807,37055,65225,228363
v0,BtNorthAmerica-r0,BtNorthAmerica,trajectory,TRAN,20,31.860615643087684,0.796515391077192,optimal,3.1884916209965013,37055,65225,228363
v0,BtNorthAmerica-r0,BtNorthAmerica,trajectory,TRAN,21,33.2991230828129,0.8324780770703224,optimal,2.6376892409971333,37055,65225,228363
v0,BtNorthAmerica-r0,BtNorthAmerica,trajectory,TRAN,22,31.845842967638152,0.7961460741909538,optimal,2.9066895969954203,37055,65225,228363
v0,BtNorthAmerica-r0,BtNorthAmerica,trajectory,TRAN,23,33.099398590504975,0.8274849647626243,optimal,2.939875796000706,37055,65225,228363
v0,BtNorthAmerica-r0,BtNorthAmerica,trajectory,TRAN,24,33.05467303224985,0.8263668258062463,optimal,3.0644007029986824,37055,65225,228363
v0,BtNorthAmerica-r0,BtNorthAmerica,trajectory,TRAN,25,32.21724742257061,0.8054311855642652,optimal,2.9472528390033403,37055,65225,228363
v0,BtNorthAmerica-r0,BtNorthAmerica,trajectory,TRAN,26,31.911038466618418,0.7977759616654605,optimal,2.716609827002685,37055,65225,228363
v0,BtNorthAmerica-r0,BtNorthAmerica,trajectory,TRAN,27,32.637038627888536,0.8159259656972134,optimal,3.1794708899979014,37055,65225,228363
v0,BtNorthAmerica-r0,BtNorthAmerica,trajectory,TRAN,28,31.60834959911649,0.7902087399779123,optimal,3.078664120999747,37055,65225,228363
v0,BtNorthAmerica-r0,BtNorthAmerica,trajectory,TRAN,29,33.66409256514278,0.8416023141285696,optimal,3.0735088500005077,37055,65225,228363
v0,BtNorthAmerica-r1,BtNorthAmerica,trajectory,B1,0,39.664962072429596,0.9916240518107399,optimal,3.5530928799998946,30371,63334,191718
v0,BtNorthAmerica-r1,BtNorthAmerica,trajectory,B1,1,39.665128051419174,0.9916282012854793,optimal,3.6109605120000197,30371,63334,191718
v0,BtNorthAmerica-r1,BtNorthAmerica,trajectory,B1,2,39.67024629183233,0.9917561572958082,optimal,3.5706662440061336,30371,63334,191718
v0,BtNorthAmerica-r1,BtNorthAmerica,trajectory,B1,3,39.633335306691386,0.9908333826672846,optimal,3.3217378219997045,30371,63334,191718
v0,BtNorthAmerica-r1,BtNorthAmerica,trajectory,B1,4,39.6330114623523,0.9908252865588075,optimal,2.79310543199972,30371,63334,191718
v0,BtNorthAmerica-r1,BtNorthAmerica,trajectory,B1,5,39.66394630632888,0.9915986576582221,optimal,2.634318336000433,30371,63334,191718
v0,BtNorthAmerica-r1,BtNorthAmerica,trajectory,B1,6,39.66448933293087,0.9916122333232718,optimal,3.3201120410012663,30371,63334,191718
v0,BtNorthAmerica-r1,BtNorthAmerica,trajectory,B1,7,39.69736139698105,0.9924340349245263,optimal,3.768145310001273,30371,63334,191718
v0,BtNorthAmerica-r1,BtNorthAmerica,trajectory,B1,8,39.664251139570425,0.9916062784892606,optimal,3.7305987820000155,30371,63334,191718
v0,BtNorthAmerica-r1,BtNorthAmerica,trajectory,B1,9,39.69637333290479,0.9924093333226198,optimal,3.917561571004626,30371,63334,191718
v0,BtNorthAmerica-r1,BtNorthAmerica,trajectory,B1,10,39.76108222563673,0.9940270556409182,optimal,3.181007288003457,30371,63334,191718
v0,BtNorthAmerica-r1,BtNorthAmerica,trajectory,B1,11,39.66515459152534,0.9916288647881334,optimal,3.1532020270024077,30371,63334,191718
v0,BtNorthAmerica-r1,BtNorthAmerica,trajectory,B1,12,39.69744107577099,0.9924360268942747,optimal,3.2094766610025545,30371,63334,191718
v0,BtNorthAmerica-r1,BtNorthAmerica,trajectory,B1,13,39.697484834658994,0.9924371208664748,optimal,3.2906842570009758,30371,63334,191718
v0,BtNorthAmerica-r1,BtNorthAmerica,trajectory,B1,14,39.673708899494926,0.9918427224873732,optimal,3.5290393969989964,30371,63334,191718
v0,BtNorthAmerica-r1,BtNorthAmerica,trajectory,B1,15,39.662422567158856,0.9915605641789714,optimal,3.619762984002591,30371,63334,191718
v0,BtNorthAmerica-r1,BtNorthAmerica,trajectory,B1,16,39.668377376950446,0.9917094344237611,optimal,3.629837642001803,30371,63334,191718
v0,BtNorthAmerica-r1,BtNorthAmerica,trajectory,B1,17,39.696481525356006,0.9924120381339001,optimal,3.6035234309965745,30371,63334,191718
v0,BtNorthAmerica-r1,BtNorthAmerica,trajectory,B1,18,39.69775842360233,0.9924439605900582,optimal,3.3959366440030863,30371,63334,191718
v0,BtNorthAmerica-r1,BtNorthAmerica,trajectory,B1,19,39.66365143564478,0.9915912858911196,optimal,3.013885330998164,30371,63334,191718
v0,BtNorthAmerica-r1,BtNorthAmerica,trajectory,B1,20,39.633295129198615,0.9908323782299654,optimal,2.7435337150018313,30371,63334,191718
v0,BtNorthAmerica-r1,BtNorthAmerica,trajectory,B1,21,39.66585903892242,0.9916464759730605,optimal,3.2174715579967597,30371,63334,191718
v0,BtNorthAmerica-r1,BtNorthAmerica,trajectory,B1,22,39.63337002344845,0.9908342505862112,optimal,3.300870742998086,30371,63334,191718
v0,BtNorthAmerica-r1,BtNorthAmerica,trajectory,B1,23,39.69710296201747,0.9924275740504367,optimal,3.330716570999357,30371,63334,191718
v0,BtNorthAmerica-r1,BtNorthAmerica,trajectory,B1,24,39.66498170150841,0.9916245425377103,optimal,3.4245261030009715,30371,63334,191718
v0,BtNorthAmerica-r1,BtNorthAmerica,trajectory,B1,25,39.69689288216178,0.9924223220540445,optimal,2.9993562390009174,30371,63334,191718
v0,BtNorthAmerica-r1,BtNorthAmerica,trajectory,B1,26,39.694241857751976,0.9923560464437994,optimal,4.009559327998431,30371,63334,191718
v0,BtNorthAmerica-r1,BtNorthAmerica,trajectory,B1,27,39.63255738985049,0.9908139347462622,optimal,3.070843875000719,30371,63334,191718
v0,BtNorthAmerica-r1,BtNorthAmerica,trajectory,B1,28,39.670695203291984,0.9917673800822996,optimal,2.986412033002125,30371,63334,191718
v0,BtNorthAmerica-r1,BtNorthAmerica,trajectory,B1,29,39.75843150923951,0.9939607877309877,optimal,2.911485738004558,30371,63334,191718
v0,BtNorthAmerica-r1,BtNorthAmerica,trajectory,TRAN,0,39.64668121289344,0.991167030322336,optimal,3.4638537540013203,30371,63334,191718
v0,BtNorthAmerica-r1,BtNorthAmerica,trajectory,TRAN,1,39.65386175345422,0.9913465438363556,optimal,3.15137938499538,30371,63334,191718
v0,BtNorthAmerica-r1,BtNorthAmerica,trajectory,TRAN,2,39.65440757782675,0.9913601894456688,optimal,3.4172537280028337,30371,63334,191718
v0,BtNorthAmerica-r1,BtNorthAmerica,trajectory,TRAN,3,39.631045613822266,0.9907761403455566,optimal,4.158190410002135,30371,63334,191718
v0,BtNorthAmerica-r1,BtNorthAmerica,trajectory,TRAN,4,39.63297595646295,0.9908243989115737,optimal,3.096178706997307,30371,63334,191718
v0,BtNorthAmerica-r1,BtNorthAmerica,trajectory,TRAN,5,39.63266969163186,0.9908167422907965,optimal,2.8225063600038993,30371,63334,191718
v0,BtNorthAmerica-r1,BtNorthAmerica,trajectory,TRAN,6,39.662484810432545,0.9915621202608136,optimal,2.809361825005908,30371,63334,191718
v0,BtNorthAmerica-r1,BtNorthAmerica,trajectory,TRAN,7,39.651148118287665,0.9912787029571917,optimal,2.8314311249996535,30371,63334,191718
v0,BtNorthAmerica-r1,BtNorthAmerica,trajectory,TRAN,8,39.63233219565089,0.9908083048912723,optimal,2.960558011996909,30371,63334,191718
v0,BtNorthAmerica-r1,BtNorthAmerica,trajectory,TRAN,9,39.67745176649671,0.9919362941624177,optimal,2.7801528830023017,30371,63334,191718
v0,BtNorthAmerica-r1,BtNorthAmerica,trajectory,TRAN,10,39.694895906646224,0.9923723976661556,optimal,3.9668038500021794,30371,63334,191718
v0,BtNorthAmerica-r1,BtNorthAmerica,trajectory,TRAN,11,39.63258482425031,0.9908146206062577,optimal,2.9072036090001347,30371,63334,191718
v0,BtNorthAmerica-r1,BtNorthAmerica,trajectory,TRAN,12,39.67665752368535,0.9919164380921337,optimal,2.9299543910019565,30371,63334,191718
v0,BtNorthAmerica-r1,BtNorthAmerica,trajectory,TRAN,13,39.63213974762497,0.9908034936906243,optimal,3.632157788000768,30371,63334,191718
v0,BtNorthAmerica-r1,BtNorthAmerica,trajectory,TRAN,14,39.64971911969446,0.9912429779923615,optimal,2.774610594002297,30371,63334,191718
v0,BtNorthAmerica-r1,BtNorthAmerica,trajectory,TRAN,15,39.6612911016028,0.99153227754007,optimal,2.903965707999305,30371,63334,191718
v0,BtNorthAmerica-r1,BtNorthAmerica,trajectory,TRAN,16,39.66754870869154,0.9916887177172885,optimal,3.523407591994328,30371,63334,191718
v0,BtNorthAmerica-r1,BtNorthAmerica,trajectory,TRAN,17,39.65071244170156,0.9912678110425389,optimal,2.668574912000622,30371,63334,191718
v0,BtNorthAmerica-r1,BtNorthAmerica,trajectory,TRAN,18,39.6685628884116,0.99171407221029,optimal,2.9394727729959413,30371,63334,191718
v0,BtNorthAmerica-r1,BtNorthAmerica,trajectory,TRAN,19,39.65453602117126,0.9913634005292815,optimal,3.5054003320037737,30371,63334,191718
v0,BtNorthAmerica-r1,BtNorthAmerica,trajectory,TRAN,20,39.63389717160294,0.9908474292900735,optimal,2.9259146060066996,30371,63334,191718
v0,BtNorthAmerica-r1,BtNorthAmerica,trajectory,TRAN,21,39.63350908652298,0.9908377271630744,optimal,3.7098734850005712,30371,63334,191718
v0,BtNorthAmerica-r1,BtNorthAmerica,trajectory,TRAN,22,39.633371328258164,0.9908342832064541,optimal,3.1753695240040543,30371,63334,191718
v0,BtNorthAmerica-r1,BtNorthAmerica,trajectory,TRAN,23,39.650136725541955,0.9912534181385488,optimal,3.6645371210033773,30371,63334,191718
v0,BtNorthAmerica-r1,BtNorthAmerica,trajectory,TRAN,24,39.65284433037921,0.9913211082594803,optimal,3.577190903997689,30371,63334,191718
v0,BtNorthAmerica-r1,BtNorthAmerica,trajectory,TRAN,25,39.65277248328553,0.9913193120821383,optimal,3.354719554998155,30371,63334,191718
v0,BtNorthAmerica-r1,BtNorthAmerica,trajectory,TRAN,26,39.661001415266156,0.9915250353816539,optimal,4.118842049996601,30371,63334,191718
v0,BtNorthAmerica-r1,BtNorthAmerica,trajectory,TRAN,27,39.63379294340495,0.9908448235851237,optimal,2.750189352002053,30371,63334,191718
v0,BtNorthAmerica-r1,BtNorthAmerica,trajectory,TRAN,28,39.664185286676755,0.9916046321669189,optimal,3.056206059001852,30371,63334,191718
v0,BtNorthAmerica-r1,BtNorthAmerica,trajectory,TRAN,29,39.723146667853726,0.9930786666963431,optimal,3.559207810998487,30371,63334,191718
v0,BtNorthAmerica-r2,BtNorthAmerica,trajectory,B1,0,18.4922719097101,0.4623067977427525,optimal,2.5064311730020563,39185,64105,230775
v0,BtNorthAmerica-r2,BtNorthAmerica,trajectory,B1,1,18.877131920952166,0.47192829802380415,optimal,2.9664261340003577,39185,64105,230775
v0,BtNorthAmerica-r2,BtNorthAmerica,trajectory,B1,2,19.23332210217869,0.48083305255446723,optimal,2.7427722240026924,39185,64105,230775
v0,BtNorthAmerica-r2,BtNorthAmerica,trajectory,B1,3,18.682722986264665,0.4670680746566166,optimal,2.838144456000009,39185,64105,230775
v0,BtNorthAmerica-r2,BtNorthAmerica,trajectory,B1,4,17.89218051107476,0.447304512776869,optimal,2.7788970090041403,39185,64105,230775
v0,BtNorthAmerica-r2,BtNorthAmerica,trajectory,B1,5,19.49601493613499,0.4874003734033748,optimal,2.6932227469951613,39185,64105,230775
v0,BtNorthAmerica-r2,BtNorthAmerica,trajectory,B1,6,18.514610164468355,0.46286525411170887,optimal,2.9524386359989876,39185,64105,230775
v0,BtNorthAmerica-r2,BtNorthAmerica,trajectory,B1,7,17.654868914992647,0.4413717228748162,optimal,2.6171807539940346,39185,64105,230775
v0,BtNorthAmerica-r2,BtNorthAmerica,trajectory,B1,8,18.115765004211053,0.4528941251052763,optimal,2.97315653199621,39185,64105,230775
v0,BtNorthAmerica-r2,BtNorthAmerica,trajectory,B1,9,18.859891611335517,0.47149729028338794,optimal,2.7564768200027174,39185,64105,230775
v0,BtNorthAmerica-r2,BtNorthAmerica,trajectory,B1,10,18.644061528895683,0.4661015382223921,optimal,2.6662059660011437,39185,64105,230775
v0,BtNorthAmerica-r2,BtNorthAmerica,trajectory,B1,11,17.100744544831187,0.4275186136207797,optimal,2.6615248849993804,39185,64105,230775
v0,BtNorthAmerica-r2,BtNorthAmerica,trajectory,B1,12,18.50673467355451,0.4626683668388628,optimal,2.262694680997811,39185,64105,230775
v0,BtNorthAmerica-r2,BtNorthAmerica,trajectory,B1,13,16.585418557715307,0.4146354639428827,optimal,2.2351098469953286,39185,64105,230775
v0,BtNorthAmerica-r2,BtNorthAmerica,trajectory,B1,14,15.7564757139779,0.3939118928494475,optimal,2.478443549000076,39185,64105,230775
v0,BtNorthAmerica-r2,BtNorthAmerica,trajectory,B1,15,19.12529252526898,0.47813231313172444,optimal,2.447479745002056,39185,64105,230775
v0,BtNorthAmerica-r2,BtNorthAmerica,trajectory,B1,16,19.435375536347475,0.48588438840868686,optimal,2.4600945229976787,39185,64105,230775
v0,BtNorthAmerica-r2,BtNorthAmerica,trajectory,B1,17,17.386813942368953,0.4346703485592238,optimal,2.744782642002974,39185,64105,230775
v0,BtNorthAmerica-r2,BtNorthAmerica,trajectory,B1,18,18.117265624238076,0.4529316406059519,optimal,2.3973142230024678,39185,64105,230775
v0,BtNorthAmerica-r2,BtNorthAmerica,trajectory,B1,19,18.526017786883784,0.4631504446720946,optimal,2.476080357999308,39185,64105,230775
v0,BtNorthAmerica-r2,BtNorthAmerica,trajectory,B1,20,17.971250986152093,0.4492812746538023,optimal,2.4248547030001646,39185,64105,230775
v0,BtNorthAmerica-r2,BtNorthAmerica,trajectory,B1,21,17.701720135134394,0.44254300337835983,optimal,2.9946045460019377,39185,64105,230775
v0,BtNorthAmerica-r2,BtNorthAmerica,trajectory,B1,22,18.068814075050692,0.4517203518762673,optimal,2.4649766989969066,39185,64105,230775
v0,BtNorthAmerica-r2,BtNorthAmerica,trajectory,B1,23,18.101656185169013,0.4525414046292253,optimal,2.537378371998784,39185,64105,230775
v0,BtNorthAmerica-r2,BtNorthAmerica,trajectory,B1,24,16.716719714990077,0.41791799287475195,optimal,2.6705444199978956,39185,64105,230775
v0,BtNorthAmerica-r2,BtNorthAmerica,trajectory,B1,25,18.003913395637486,0.45009783489093713,optimal,2.1805277460007346,39185,64105,230775
v0,BtNorthAmerica-r2,BtNorthAmerica,trajectory,B1,26,18.550127272986373,0.4637531818246593,optimal,2.3042534299966064,39185,64105,230775
v0,BtNorthAmerica-r2,BtNorthAmerica,trajectory,B1,27,18.209266094621817,0.4552316523655454,optimal,2.273869641998317,39185,64105,230775
v0,BtNorthAmerica-r2,BtNorthAmerica,trajectory,B1,28,17.186102412879684,0.4296525603219921,optimal,2.1885422069972265,39185,64105,230775
v0,BtNorthAmerica-r2,BtNorthAmerica,trajectory,B1,29,18.667455379564363,0.46668638448910904,optimal,2.6311367790040094,39185,64105,230775
v0,BtNorthAmerica-r2,BtNorthAmerica,trajectory,TRAN,0,30.17511382080881,0.7543778455202202,optimal,3.014682861001347,39185,64105,230775
v0,BtNorthAmerica-r2,BtNorthAmerica,trajectory,TRAN,1,27.01999472288859,0.6754998680722147,optimal,3.0544705770007567,39185,64105,230775
v0,BtNorthAmerica-r2,BtNorthAmerica,trajectory,TRAN,2,28.47345494093895,0.7118363735234737,optimal,3.2468992119975155,39185,64105,230775
v0,BtNorthAmerica-r2,BtNorthAmerica,trajectory,TRAN,3,27.466381236431257,0.6866595309107815,optimal,2.9243016239997814,39185,64105,230775
v0,BtNorthAmerica-r2,BtNorthAmerica,trajectory,TRAN,4,29.328352495659892,0.7332088123914973,optimal,3.334398004997638,39185,64105,230775
v0,BtNorthAmerica-r2,BtNorthAmerica,trajectory,TRAN,5,27.534371891140605,0.6883592972785151,optimal,2.5459461880018353,39185,64105,230775
v0,BtNorthAmerica-r2,BtNorthAmerica,trajectory,TRAN,6,25.735198638846907,0.6433799659711726,optimal,2.70862415600277,39185,64105,230775
v0,BtNorthAmerica-r2,BtNorthAmerica,trajectory,TRAN,7,27.211980951865787,0.6802995237966447,optimal,2.7775854610008537,39185,64105,230775
v0,BtNorthAmerica-r2,BtNorthAmerica,trajectory,TRAN,8,27.51874390115893,0.6879685975289733,optimal,2.788578408995818,39185,64105,230775
v0,BtNorthAmerica-r2,BtNorthAmerica,trajectory,TRAN,9,27.24318723995612,0.681079680998903,optimal,2.6645227350018104,39185,64105,230775
v0,BtNorthAmerica-r2,BtNorthAmerica,trajectory,TRAN,10,29.767232139546685,0.7441808034886671,optimal,2.7140663339960156,39185,64105,230775
v0,BtNorthAmerica-r2,BtNorthAmerica,trajectory,TRAN,11,26.95544804005585,0.6738862010013962,optimal,2.6902714430034393,39185,64105,230775
v0,BtNorthAmerica-r2,BtNorthAmerica,trajectory,TRAN,12,26.858699582342012,0.6714674895585503,optimal,2.744926666004176,39185,64105,230775
v0,BtNorthAmerica-r2,BtNorthAmerica,trajectory,TRAN,13,26.484018002438575,0.6621004500609644,optimal,3.093626084002608,39185,64105,230775
v0,BtNorthAmerica-r2,BtNorthAmerica,trajectory,TRAN,14,26.9910910980703,0.6747772774517575,optimal,3.1259108319936786,39185,64105,230775
v0,BtNorthAmerica-r2,BtNorthAmerica,trajectory,TRAN,15,28.7719108939943,0.7192977723498575,optimal,2.570306531000824,39185,64105,230775
v0,BtNorthAmerica-r2,BtNorthAmerica,trajectory,TRAN,16,27.22734431580084,0.6806836078950209,optimal,3.2584440329956124,39185,64105,230775
v0,BtNorthAmerica-r2,BtNorthAmerica,trajectory,TRAN,17,27.374913720459297,0.6843728430114824,optimal,2.5992953149980167,39185,64105,230775
v0,BtNorthAmerica-r2,BtNorthAmerica,trajectory,TRAN,18,27.292010162868685,0.6823002540717171,optimal,2.6571268389961915,39185,64105,230775
v0,BtNorthAmerica-r2,BtNorthAmerica,trajectory,TRAN,19,26.991337276259618,0.6747834319064905,optimal,2.9546496760012815,39185,64105,230775
v0,BtNorthAmerica-r2,BtNorthAmerica,trajectory,TRAN,20,26.099252075547643,0.652481301888691,optimal,2.5468489560007583,39185,64105,230775
v0,BtNorthAmerica-r2,BtNorthAmerica,trajectory,TRAN,21,27.27725302775365,0.6819313256938412,optimal,2.7737413119975827,39185,64105,230775
v0,BtNorthAmerica-r2,BtNorthAmerica,trajectory,TRAN,22,25.12272570701837,0.6280681426754592,optimal,3.087863818000187,39185,64105,230775
v0,BtNorthAmerica-r2,BtNorthAmerica,trajectory,TRAN,23,27.574267549027375,0.6893566887256843,optimal,3.0316619529985473,39185,64105,230775
v0,BtNorthAmerica-r2,BtNorthAmerica,trajectory,TRAN,24,27.21366822051968,0.680341705512992,optimal,2.7612373609954375,39185,64105,230775
v0,BtNorthAmerica-r2,BtNorthAmerica,trajectory,TRAN,25,28.734839072965524,0.7183709768241381,optimal,2.938130677997833,39185,64105,230775
v0,BtNorthAmerica-r2,BtNorthAmerica,trajectory,TRAN,26,28.187123643024673,0.7046780910756169,optimal,3.1691939550000825,39185,64105,230775
v0,BtNorthAmerica-r2,BtNorthAmerica,trajectory,TRAN,27,27.538781872324204,0.6884695468081051,optimal,2.3856323130021337,39185,64105,230775
v0,BtNorthAmerica-r2,BtNorthAmerica,trajectory,TRAN,28,27.05949712204524,0.676487428051131,optimal,2.7681057039953885,39185,64105,230775
v0,BtNorthAmerica-r2,BtNorthAmerica,trajectory,TRAN,29,28.22834760580492,0.705708690145123,optimal,2.734648510995612,39185,64105,230775
v0,Cesnet200603-r0,Cesnet200603,trajectory,B1,0,20.881416442984584,0.5220354110746146,optimal,3.118231915999786,38905,69110,237082
v0,Cesnet200603-r0,Cesnet200603,trajectory,B1,1,22.535774406504256,0.5633943601626064,optimal,2.8087125169986393,38905,69110,237082
v0,Cesnet200603-r0,Cesnet200603,trajectory,B1,2,21.59670528602368,0.5399176321505921,optimal,3.281916973995976,38905,69110,237082
v0,Cesnet200603-r0,Cesnet200603,trajectory,B1,3,21.265933674958656,0.5316483418739664,optimal,3.017174091997731,38905,69110,237082
v0,Cesnet200603-r0,Cesnet200603,trajectory,B1,4,21.659319344917506,0.5414829836229377,optimal,2.9585046069987584,38905,69110,237082
v0,Cesnet200603-r0,Cesnet200603,trajectory,B1,5,21.799826029352474,0.5449956507338118,optimal,2.8390309540045564,38905,69110,237082
v0,Cesnet200603-r0,Cesnet200603,trajectory,B1,6,21.01414822595284,0.525353705648821,optimal,2.753595125002903,38905,69110,237082
v0,Cesnet200603-r0,Cesnet200603,trajectory,B1,7,21.90027701222438,0.5475069253056095,optimal,2.9625680319950334,38905,69110,237082
v0,Cesnet200603-r0,Cesnet200603,trajectory,B1,8,21.374832477552292,0.5343708119388073,optimal,3.1131144920000224,38905,69110,237082
v0,Cesnet200603-r0,Cesnet200603,trajectory,B1,9,21.290262948015183,0.5322565737003796,optimal,2.868985127999622,38905,69110,237082
v0,Cesnet200603-r0,Cesnet200603,trajectory,B1,10,22.31741074170369,0.5579352685425922,optimal,2.958573735995742,38905,69110,237082
v0,Cesnet200603-r0,Cesnet200603,trajectory,B1,11,21.325205956647512,0.5331301489161878,optimal,2.9380694719948224,38905,69110,237082
v0,Cesnet200603-r0,Cesnet200603,trajectory,B1,12,21.74924978572875,0.5437312446432188,optimal,2.8322113239992177,38905,69110,237082
v0,Cesnet200603-r0,Cesnet200603,trajectory,B1,13,22.450614008324692,0.5612653502081173,optimal,3.236050229999819,38905,69110,237082
v0,Cesnet200603-r0,Cesnet200603,trajectory,B1,14,21.73900976547316,0.543475244136829,optimal,2.6397615570022026,38905,69110,237082
v0,Cesnet200603-r0,Cesnet200603,trajectory,B1,15,21.028011041609858,0.5257002760402465,optimal,2.4706664469995303,38905,69110,237082
v0,Cesnet200603-r0,Cesnet200603,trajectory,B1,16,21.253336633006676,0.5313334158251669,optimal,2.469574091999675,38905,69110,237082
v0,Cesnet200603-r0,Cesnet200603,trajectory,B1,17,20.10065483999022,0.5025163709997555,optimal,3.2331196579980315,38905,69110,237082
v0,Cesnet200603-r0,Cesnet200603,trajectory,B1,18,20.7018975035793,0.5175474375894825,optimal,2.486469354000292,38905,69110,237082
v0,Cesnet200603-r0,Cesnet200603,trajectory,B1,19,21.894522820121608,0.5473630705030402,optimal,3.3434543699986534,38905,69110,237082
v0,Cesnet200603-r0,Cesnet200603,trajectory,B1,20,21.93529179888671,0.5483822949721677,optimal,3.1700890150023042,38905,69110,237082
v0,Cesnet200603-r0,Cesnet200603,trajectory,B1,21,21.776269899081424,0.5444067474770355,optimal,2.757292245005374,38905,69110,237082
v0,Cesnet200603-r0,Cesnet200603,trajectory,B1,22,21.423318451472323,0.535582961286808,optimal,2.388402484000835,38905,69110,237082
v0,Cesnet200603-r0,Cesnet200603,trajectory,B1,23,21.088067341178313,0.5272016835294578,optimal,2.9302553870002157,38905,69110,237082
v0,Cesnet200603-r0,Cesnet200603,trajectory,B1,24,21.75103136923716,0.543775784230929,optimal,3.167242269999406,38905,69110,237082
v0,Cesnet200603-r0,Cesnet200603,trajectory,B1,25,21.746302833418422,0.5436575708354605,optimal,3.2244619139964925,38905,69110,237082
v0,Cesnet200603-r0,Cesnet200603,trajectory,B1,26,21.54554148524845,0.5386385371312112,optimal,2.8723487409952213,38905,69110,237082
v0,Cesnet200603-r0,Cesnet200603,trajectory,B1,27,21.812406241034633,0.5453101560258659,optimal,2.982748561000335,38905,69110,237082
v0,Cesnet200603-r0,Cesnet200603,trajectory,B1,28,22.528153773139323,0.563203844328483,optimal,2.560068922000937,38905,69110,237082
v0,Cesnet200603-r0,Cesnet200603,trajectory,B1,29,20.985197409174408,0.5246299352293602,optimal,3.191666400998656,38905,69110,237082
v0,Cesnet200603-r0,Cesnet200603,trajectory,TRAN,0,25.61483957605278,0.6403709894013195,optimal,2.4921246570011135,38905,69110,237082
v0,Cesnet200603-r0,Cesnet200603,trajectory,TRAN,1,27.050341637349067,0.6762585409337267,optimal,2.638359528995352,38905,69110,237082
v0,Cesnet200603-r0,Cesnet200603,trajectory,TRAN,2,26.304675354277187,0.6576168838569296,optimal,3.069179650003207,38905,69110,237082
v0,Cesnet200603-r0,Cesnet200603,trajectory,TRAN,3,26.238373688985128,0.6559593422246282,optimal,2.3488872189991525,38905,69110,237082
v0,Cesnet200603-r0,Cesnet200603,trajectory,TRAN,4,26.220076815209826,0.6555019203802457,optimal,2.886114799999632,38905,69110,237082
v0,Cesnet200603-r0,Cesnet200603,trajectory,TRAN,5,25.693201246578205,0.6423300311644551,optimal,3.0512523430006695,38905,69110,237082
v0,Cesnet200603-r0,Cesnet200603,trajectory,TRAN,6,25.94509904611975,0.6486274761529938,optimal,3.093865430004371,38905,69110,237082
v0,Cesnet200603-r0,Cesnet200603,trajectory,TRAN,7,26.25498445688847,0.6563746114222118,optimal,2.836075225000968,38905,69110,237082
v0,Cesnet200603-r0,Cesnet200603,trajectory,TRAN,8,25.16603540749127,0.6291508851872818,optimal,2.7338480440012063,38905,69110,237082
v0,Cesnet200603-r0,Cesnet200603,trajectory,TRAN,9,25.777545918740728,0.6444386479685182,optimal,2.5671283040064736,38905,69110,237082
v0,Cesnet200603-r0,Cesnet200603,trajectory,TRAN,10,25.442942180062087,0.6360735545015521,optimal,2.6506399600039003,38905,69110,237082
v0,Cesnet200603-r0,Cesnet200603,trajectory,TRAN,11,25.652514749107723,0.6413128687276931,optimal,2.588611352002772,38905,69110,237082
v0,Cesnet200603-r0,Cesnet200603,trajectory,TRAN,12,26.23349299602106,0.6558373249005265,optimal,2.6811315640006796,38905,69110,237082
v0,Cesnet200603-r0,Cesnet200603,trajectory,TRAN,13,26.29191075714419,0.6572977689286048,optimal,2.652597586995398,38905,69110,237082
v0,Cesnet200603-r0,Cesnet200603,trajectory,TRAN,14,26.101778312306898,0.6525444578076725,optimal,2.486356875000638,38905,69110,237082
v0,Cesnet200603-r0,Cesnet200603,trajectory,TRAN,15,25.703758150514336,0.6425939537628584,optimal,2.6632974419990205,38905,69110,237082
v0,Cesnet200603-r0,Cesnet200603,trajectory,TRAN,16,26.547784745320833,0.6636946186330208,optimal,2.4420023419952486,38905,69110,237082
v0,Cesnet200603-r0,Cesnet200603,trajectory,TRAN,17,25.333272491309383,0.6333318122827346,optimal,2.701563768001506,38905,69110,237082
v0,Cesnet200603-r0,Cesnet200603,trajectory,TRAN,18,25.82560126143702,0.6456400315359254,optimal,2.43015349599591,38905,69110,237082
v0,Cesnet200603-r0,Cesnet200603,trajectory,TRAN,19,25.81817738753864,0.645454434688466,optimal,2.6453896700040787,38905,69110,237082
v0,Cesnet200603-r0,Cesnet200603,trajectory,TRAN,20,25.5652789509695,0.6391319737742375,optimal,2.773829461999412,38905,69110,237082
v0,Cesnet200603-r0,Cesnet200603,trajectory,TRAN,21,25.868151972059007,0.6467037993014751,optimal,2.7559072799995192,38905,69110,237082
v0,Cesnet200603-r0,Cesnet200603,trajectory,TRAN,22,25.925209608392397,0.6481302402098099,optimal,2.8093582760047866,38905,69110,237082
v0,Cesnet200603-r0,Cesnet200603,trajectory,TRAN,23,25.649726427531707,0.6412431606882927,optimal,2.787781316001201,38905,69110,237082
v0,Cesnet200603-r0,Cesnet200603,trajectory,TRAN,24,26.866346441069403,0.6716586610267351,optimal,2.7878144700007397,38905,69110,237082
v0,Cesnet200603-r0,Cesnet200603,trajectory,TRAN,25,25.839638634417152,0.6459909658604288,optimal,2.3271273689970258,38905,69110,237082
v0,Cesnet200603-r0,Cesnet200603,trajectory,TRAN,26,25.85038306161459,0.6462595765403647,optimal,2.382669200997043,38905,69110,237082
v0,Cesnet200603-r0,Cesnet200603,trajectory,TRAN,27,25.366999824509637,0.6341749956127409,optimal,2.941943760997674,38905,69110,237082
v0,Cesnet200603-r0,Cesnet200603,trajectory,TRAN,28,26.631664689882403,0.66579161724706,optimal,2.6734834750022856,38905,69110,237082
v0,Cesnet200603-r0,Cesnet200603,trajectory,TRAN,29,25.742613898720396,0.6435653474680099,optimal,2.6741794030021993,38905,69110,237082
v0,Cesnet200603-r1,Cesnet200603,trajectory,B1,0,26.031941112491733,0.6507985278122933,optimal,2.8617923839992727,37950,65283,225824
v0,Cesnet200603-r1,Cesnet200603,trajectory,B1,1,26.100437824003524,0.6525109456000882,optimal,2.8334045619994868,37950,65283,225824
v0,Cesnet200603-r1,Cesnet200603,trajectory,B1,2,25.869597025989243,0.646739925649731,optimal,2.68354643600469,37950,65283,225824
v0,Cesnet200603-r1,Cesnet200603,trajectory,B1,3,25.795034424713904,0.6448758606178476,optimal,2.985534068000561,37950,65283,225824
v0,Cesnet200603-r1,Cesnet200603,trajectory,B1,4,25.836648717971663,0.6459162179492915,optimal,2.658195764000993,37950,65283,225824
v0,Cesnet200603-r1,Cesnet200603,trajectory,B1,5,26.06980182507165,0.6517450456267913,optimal,2.8805570090044057,37950,65283,225824
v0,Cesnet200603-r1,Cesnet200603,trajectory,B1,6,25.33638320747754,0.6334095801869385,optimal,3.136245408000832,37950,65283,225824
v0,Cesnet200603-r1,Cesnet200603,trajectory,B1,7,27.480569524712077,0.6870142381178019,optimal,3.1519155190035235,37950,65283,225824
v0,Cesnet200603-r1,Cesnet200603,trajectory,B1,8,26.54378232172006,0.6635945580430015,optimal,3.1644550659984816,37950,65283,225824
v0,Cesnet200603-r1,Cesnet200603,trajectory,B1,9,26.979207110702493,0.6744801777675623,optimal,3.0161328199974378,37950,65283,225824
v0,Cesnet200603-r1,Cesnet200603,trajectory,B1,10,26.48957708337537,0.6622394270843842,optimal,3.2244309919988154,37950,65283,225824
v0,Cesnet200603-r1,Cesnet200603,trajectory,B1,11,26.48154265367621,0.6620385663419053,optimal,2.953143643993826,37950,65283,225824
v0,Cesnet200603-r1,Cesnet200603,trajectory,B1,12,25.87227184025331,0.6468067960063327,optimal,2.6096880739933113,37950,65283,225824
v0,Cesnet200603-r1,Cesnet200603,trajectory,B1,13,26.98054478821355,0.6745136197053387,optimal,2.5343828959958046,37950,65283,225824
v0,Cesnet200603-r1,Cesnet200603,trajectory,B1,14,25.37487043932995,0.6343717609832488,optimal,2.6671003730007214,37950,65283,225824
v0,Cesnet200603-r1,Cesnet200603,trajectory,B1,15,26.586282051465297,0.6646570512866324,optimal,2.374296640002285,37950,65283,225824
v0,Cesnet200603-r1,Cesnet200603,trajectory,B1,16,26.873568983030125,0.6718392245757532,optimal,2.901952042004268,37950,65283,225824
v0,Cesnet200603-r1,Cesnet200603,trajectory,B1,17,26.556382549454042,0.663909563736351,optimal,2.774643119999382,37950,65283,225824
v0,Cesnet200603-r1,Cesnet200603,trajectory,B1,18,27.047070019511892,0.6761767504877974,optimal,2.5930908270020154,37950,65283,225824
v0,Cesnet200603-r1,Cesnet200603,trajectory,B1,19,26.455240055789904,0.6613810013947476,optimal,3.1764665669979877,37950,65283,225824
v0,Cesnet200603-r1,Cesnet200603,trajectory,B1,20,26.70949204783193,0.6677373011957982,optimal,2.5536625489985454,37950,65283,225824
v0,Cesnet200603-r1,Cesnet200603,trajectory,B1,21,26.110897527697514,0.6527724381924378,optimal,2.407380141004978,37950,65283,225824
v0,Cesnet200603-r1,Cesnet200603,trajectory,B1,22,26.550195259353192,0.6637548814838298,optimal,2.918193470002734,37950,65283,225824
v0,Cesnet200603-r1,Cesnet200603,trajectory,B1,23,27.282841193915527,0.6820710298478881,optimal,3.10724051699799,37950,65283,225824
v0,Cesnet200603-r1,Cesnet200603,trajectory,B1,24,26.764447496868456,0.6691111874217114,optimal,2.6460516930019367,37950,65283,225824
v0,Cesnet200603-r1,Cesnet200603,trajectory,B1,25,26.94493697440845,0.6736234243602113,optimal,2.9280364320002263,37950,65283,225824
v0,Cesnet200603-r1,Cesnet200603,trajectory,B1,26,25.843137664212318,0.6460784416053079,optimal,2.772959947003983,37950,65283,225824
v0,Cesnet200603-r1,Cesnet200603,trajectory,B1,27,25.088499977710654,0.6272124994427664,optimal,2.465122870999039,37950,65283,225824
v0,Cesnet200603-r1,Cesnet200603,trajectory,B1,28,25.328466844685522,0.633211671117138,optimal,2.9125472550003906,37950,65283,225824
v0,Cesnet200603-r1,Cesnet200603,trajectory,B1,29,27.25487536190433,0.6813718840476082,optimal,2.796663091998198,37950,65283,225824
v0,Cesnet200603-r1,Cesnet200603,trajectory,TRAN,0,34.624355411838124,0.8656088852959531,optimal,3.3354147749996628,37950,65283,225824
v0,Cesnet200603-r1,Cesnet200603,trajectory,TRAN,1,33.38422047375681,0.8346055118439203,optimal,2.785531143003027,37950,65283,225824
v0,Cesnet200603-r1,Cesnet200603,trajectory,TRAN,2,33.073678414961456,0.8268419603740365,optimal,3.1844844360020943,37950,65283,225824
v0,Cesnet200603-r1,Cesnet200603,trajectory,TRAN,3,35.0534290135662,0.876335725339155,optimal,3.172259644998121,37950,65283,225824
v0,Cesnet200603-r1,Cesnet200603,trajectory,TRAN,4,33.404196925704305,0.8351049231426076,optimal,3.2731574620047468,37950,65283,225824
v0,Cesnet200603-r1,Cesnet200603,trajectory,TRAN,5,31.964155084639078,0.799103877115977,optimal,3.2167660699997214,37950,65283,225824
v0,Cesnet200603-r1,Cesnet200603,trajectory,TRAN,6,33.32526299807017,0.8331315749517543,optimal,3.2975386850012,37950,65283,225824
v0,Cesnet200603-r1,Cesnet200603,trajectory,TRAN,7,33.6129518978035,0.8403237974450875,optimal,2.97021041699918,37950,65283,225824
v0,Cesnet200603-r1,Cesnet200603,trajectory,TRAN,8,34.600474362122476,0.8650118590530619,optimal,3.1895530140027404,37950,65283,225824
v0,Cesnet200603-r1,Cesnet200603,trajectory,TRAN,9,32.97152795575859,0.8242881988939648,optimal,2.9753318060029414,37950,65283,225824
v0,Cesnet200603-r1,Cesnet200603,trajectory,TRAN,10,33.493525883149765,0.8373381470787441,optimal,3.126616333000129,37950,65283,225824
v0,Cesnet200603-r1,Cesnet200603,trajectory,TRAN,11,33.49779439977751,0.8374448599944377,optimal,2.8955013140002848,37950,65283,225824
v0,Cesnet200603-r1,Cesnet200603,trajectory,TRAN,12,32.90868831499084,0.822717207874771,optimal,2.7756748569954652,37950,65283,225824
v0,Cesnet200603-r1,Cesnet200603,trajectory,TRAN,13,33.85727216673858,0.8464318041684645,optimal,2.9159557079983642,37950,65283,225824
v0,Cesnet200603-r1,Cesnet200603,trajectory,TRAN,14,33.75209693436377,0.8438024233590943,optimal,2.909672532005061,37950,65283,225824
v0,Cesnet200603-r1,Cesnet200603,trajectory,TRAN,15,33.47210105617462,0.8368025264043656,optimal,2.8290281480003614,37950,65283,225824
v0,Cesnet200603-r1,Cesnet200603,trajectory,TRAN,16,32.14021436806885,0.8035053592017212,optimal,2.9485274409962585,37950,65283,225824
v0,Cesnet200603-r1,Cesnet200603,trajectory,TRAN,17,33.89408216064684,0.847352054016171,optimal,2.9148107129949494,37950,65283,225824
v0,Cesnet200603-r1,Cesnet200603,trajectory,TRAN,18,35.27990856672269,0.8819977141680673,optimal,3.194289172999561,37950,65283,225824
v0,Cesnet200603-r1,Cesnet200603,trajectory,TRAN,19,32.9938593567291,0.8248464839182275,optimal,2.8905332529975567,37950,65283,225824
v0,Cesnet200603-r1,Cesnet200603,trajectory,TRAN,20,34.449470935483916,0.8612367733870979,optimal,3.0583191409969004,37950,65283,225824
v0,Cesnet200603-r1,Cesnet200603,trajectory,TRAN,21,32.59583415040735,0.8148958537601837,optimal,2.800181923994387,37950,65283,225824
v0,Cesnet200603-r1,Cesnet200603,trajectory,TRAN,22,34.02689592805335,0.8506723982013338,optimal,2.742786942006205,37950,65283,225824
v0,Cesnet200603-r1,Cesnet200603,trajectory,TRAN,23,34.9870104202937,0.8746752605073425,optimal,3.1586698359969887,37950,65283,225824
v0,Cesnet200603-r1,Cesnet200603,trajectory,TRAN,24,33.64155368888966,0.8410388422222415,optimal,2.9879691710011684,37950,65283,225824
v0,Cesnet200603-r1,Cesnet200603,trajectory,TRAN,25,33.36072268692365,0.8340180671730912,optimal,2.9813946610011044,37950,65283,225824
v0,Cesnet200603-r1,Cesnet200603,trajectory,TRAN,26,34.183777775086945,0.8545944443771736,optimal,3.5578212889959104,37950,65283,225824
v0,Cesnet200603-r1,Cesnet200603,trajectory,TRAN,27,34.060833162910846,0.8515208290727712,optimal,2.948256591997051,37950,65283,225824
v0,Cesnet200603-r1,Cesnet200603,trajectory,TRAN,28,33.96743362753145,0.8491858406882862,optimal,2.8332365149981342,37950,65283,225824
v0,Cesnet200603-r1,Cesnet200603,trajectory,TRAN,29,34.681984257578826,0.8670496064394706,optimal,3.3526926720005576,37950,65283,225824
v0,Cesnet200603-r2,Cesnet200603,trajectory,B1,0,25.104218205997352,0.6276054551499338,optimal,2.716392784001073,39002,69283,232749
v0,Cesnet200603-r2,Cesnet200603,trajectory,B1,1,26.424699468428724,0.6606174867107181,optimal,3.1079723820002982,39002,69283,232749
v0,Cesnet200603-r2,Cesnet200603,trajectory,B1,2,25.956041384831536,0.6489010346207884,optimal,3.0095598600019002,39002,69283,232749
v0,Cesnet200603-r2,Cesnet200603,trajectory,B1,3,27.108114474268053,0.6777028618567014,optimal,2.8328873749997,39002,69283,232749
v0,Cesnet200603-r2,Cesnet200603,trajectory,B1,4,26.73304621711287,0.6683261554278218,optimal,2.7024992190054036,39002,69283,232749
v0,Cesnet200603-r2,Cesnet200603,trajectory,B1,5,26.38242408267271,0.6595606020668178,optimal,2.595392830000492,39002,69283,232749
v0,Cesnet200603-r2,Cesnet200603,trajectory,B1,6,25.87915633500823,0.6469789083752058,optimal,2.42935045100603,39002,69283,232749
v0,Cesnet200603-r2,Cesnet200603,trajectory,B1,7,24.749928472359805,0.6187482118089951,optimal,2.590407560004678,39002,69283,232749
v0,Cesnet200603-r2,Cesnet200603,trajectory,B1,8,27.297384401984242,0.682434610049606,optimal,3.2187929680003435,39002,69283,232749
v0,Cesnet200603-r2,Cesnet200603,trajectory,B1,9,25.9562923092881,0.6489073077322025,optimal,2.734117443993455,39002,69283,232749
v0,Cesnet200603-r2,Cesnet200603,trajectory,B1,10,24.748039023449433,0.6187009755862358,optimal,2.7448812549992,39002,69283,232749
v0,Cesnet200603-r2,Cesnet200603,trajectory,B1,11,26.599063430387787,0.6649765857596946,optimal,2.9220898490020772,39002,69283,232749
v0,Cesnet200603-r2,Cesnet200603,trajectory,B1,12,25.372686452855813,0.6343171613213954,optimal,2.6911525879986584,39002,69283,232749
v0,Cesnet200603-r2,Cesnet200603,trajectory,B1,13,26.112426698433016,0.6528106674608254,optimal,3.2445908859954216,39002,69283,232749
v0,Cesnet200603-r2,Cesnet200603,trajectory,B1,14,25.32637418929878,0.6331593547324694,optimal,2.7114974520009127,39002,69283,232749
v0,Cesnet200603-r2,Cesnet200603,trajectory,B1,15,25.7598626115264,0.6439965652881601,optimal,2.7385200680000708,39002,69283,232749
v0,Cesnet200603-r2,Cesnet200603,trajectory,B1,16,25.702806295428562,0.6425701573857141,optimal,3.017874564000522,39002,69283,232749
v0,Cesnet200603-r2,Cesnet200603,trajectory,B1,17,25.314399452146258,0.6328599863036565,optimal,2.5755519879967324,39002,69283,232749
v0,Cesnet200603-r2,Cesnet200603,trajectory,B1,18,26.635725577735403,0.6658931394433851,optimal,2.730941301000712,39002,69283,232749
v0,Cesnet200603-r2,Cesnet200603,trajectory,B1,19,25.01069653469496,0.625267413367374,optimal,2.564505438997003,39002,69283,232749
v0,Cesnet200603-r2,Cesnet200603,trajectory,B1,20,26.31165504517763,0.6577913761294407,optimal,2.652634124002361,39002,69283,232749
v0,Cesnet200603-r2,Cesnet200603,trajectory,B1,21,24.81899953780641,0.6204749884451602,optimal,3.0926001530024223,39002,69283,232749
v0,Cesnet200603-r2,Cesnet200603,trajectory,B1,22,24.440917739424147,0.6110229434856037,optimal,2.5070362400001613,39002,69283,232749
v0,Cesnet200603-r2,Cesnet200603,trajectory,B1,23,27.258272226471636,0.6814568056617909,optimal,3.0307023280038266,39002,69283,232749
v0,Cesnet200603-r2,Cesnet200603,trajectory,B1,24,25.647371160905756,0.6411842790226439,optimal,3.2233809090030263,39002,69283,232749
v0,Cesnet200603-r2,Cesnet200603,trajectory,B1,25,24.911276684663438,0.6227819171165859,optimal,2.821560589996807,39002,69283,232749
v0,Cesnet200603-r2,Cesnet200603,trajectory,B1,26,25.52771305602402,0.6381928264006005,optimal,2.5356315530007123,39002,69283,232749
v0,Cesnet200603-r2,Cesnet200603,trajectory,B1,27,26.644609185858034,0.6661152296464509,optimal,2.6079790239964495,39002,69283,232749
v0,Cesnet200603-r2,Cesnet200603,trajectory,B1,28,26.18454604053821,0.6546136510134553,optimal,3.069885927994619,39002,69283,232749
v0,Cesnet200603-r2,Cesnet200603,trajectory,B1,29,24.552937559976073,0.6138234389994018,optimal,2.4981664910010295,39002,69283,232749
v0,Cesnet200603-r2,Cesnet200603,trajectory,TRAN,0,35.84800493316181,0.8962001233290453,optimal,3.541696745000081,39002,69283,232749
v0,Cesnet200603-r2,Cesnet200603,trajectory,TRAN,1,36.062225019772285,0.9015556254943071,optimal,4.3156705440051155,39002,69283,232749
v0,Cesnet200603-r2,Cesnet200603,trajectory,TRAN,2,36.14666681914146,0.9036666704785364,optimal,4.451300819004246,39002,69283,232749
v0,Cesnet200603-r2,Cesnet200603,trajectory,TRAN,3,36.1252980448312,0.9031324511207799,optimal,3.8099318989989115,39002,69283,232749
v0,Cesnet200603-r2,Cesnet200603,trajectory,TRAN,4,35.70959911945807,0.8927399779864518,optimal,4.541792403993895,39002,69283,232749
v0,Cesnet200603-r2,Cesnet200603,trajectory,TRAN,5,35.43994243700591,0.8859985609251477,optimal,4.211627743999998,39002,69283,232749
v0,Cesnet200603-r2,Cesnet200603,trajectory,TRAN,6,36.140956166092415,0.9035239041523104,optimal,3.729450282000471,39002,69283,232749
v0,Cesnet200603-r2,Cesnet200603,trajectory,TRAN,7,36.07388664870187,0.9018471662175468,optimal,3.5216523060007603,39002,69283,232749
v0,Cesnet200603-r2,Cesnet200603,trajectory,TRAN,8,36.76004934859355,0.9190012337148387,optimal,3.650539652997395,39002,69283,232749
v0,Cesnet200603-r2,Cesnet200603,trajectory,TRAN,9,35.37474305963496,0.884368576490874,optimal,3.359297668997897,39002,69283,232749
v0,Cesnet200603-r2,Cesnet200603,trajectory,TRAN,10,35.556167293576216,0.8889041823394054,optimal,3.3121208800002933,39002,69283,232749
v0,Cesnet200603-r2,Cesnet200603,trajectory,TRAN,11,35.607385402461745,0.8901846350615437,optimal,3.4837130300002173,39002,69283,232749
v0,Cesnet200603-r2,Cesnet200603,trajectory,TRAN,12,35.60101203554688,0.890025300888672,optimal,3.3020158039944363,39002,69283,232749
v0,Cesnet200603-r2,Cesnet200603,trajectory,TRAN,13,36.2127322960923,0.9053183074023075,optimal,4.211023154995928,39002,69283,232749
v0,Cesnet200603-r2,Cesnet200603,trajectory,TRAN,14,35.742395429397995,0.8935598857349498,optimal,3.379814758998691,39002,69283,232749
v0,Cesnet200603-r2,Cesnet200603,trajectory,TRAN,15,35.89946707958987,0.8974866769897467,optimal,3.099206590995891,39002,69283,232749
v0,Cesnet200603-r2,Cesnet200603,trajectory,TRAN,16,35.51718339561226,0.8879295848903064,optimal,3.4301389799948083,39002,69283,232749
v0,Cesnet200603-r2,Cesnet200603,trajectory,TRAN,17,36.199079193141436,0.9049769798285359,optimal,3.3251472120027756,39002,69283,232749
v0,Cesnet200603-r2,Cesnet200603,trajectory,TRAN,18,35.343808216576065,0.8835952054144016,optimal,3.494487266994838,39002,69283,232749
v0,Cesnet200603-r2,Cesnet200603,trajectory,TRAN,19,35.79910664674663,0.8949776661686657,optimal,3.419981569000811,39002,69283,232749
v0,Cesnet200603-r2,Cesnet200603,trajectory,TRAN,20,34.97391014089479,0.8743477535223697,optimal,3.3765998280068743,39002,69283,232749
v0,Cesnet200603-r2,Cesnet200603,trajectory,TRAN,21,35.556973827020556,0.8889243456755139,optimal,3.5533749840033124,39002,69283,232749
v0,Cesnet200603-r2,Cesnet200603,trajectory,TRAN,22,35.56741850622489,0.8891854626556223,optimal,3.605393355996057,39002,69283,232749
v0,Cesnet200603-r2,Cesnet200603,trajectory,TRAN,23,35.829693385036975,0.8957423346259243,optimal,3.718579291002243,39002,69283,232749
v0,Cesnet200603-r2,Cesnet200603,trajectory,TRAN,24,35.77879513575397,0.8944698783938492,optimal,3.150567302000127,39002,69283,232749
v0,Cesnet200603-r2,Cesnet200603,trajectory,TRAN,25,34.95324495946193,0.8738311239865482,optimal,3.609166013004142,39002,69283,232749
v0,Cesnet200603-r2,Cesnet200603,trajectory,TRAN,26,36.07498825551462,0.9018747063878655,optimal,3.698352536994207,39002,69283,232749
v0,Cesnet200603-r2,Cesnet200603,trajectory,TRAN,27,35.340480464170554,0.8835120116042638,optimal,3.3256533029998536,39002,69283,232749
v0,Cesnet200603-r2,Cesnet200603,trajectory,TRAN,28,35.75707685620115,0.8939269214050288,optimal,3.2466751730025862,39002,69283,232749
v0,Cesnet200603-r2,Cesnet200603,trajectory,TRAN,29,35.83237026145673,0.8958092565364183,optimal,3.847954495999147,39002,69283,232749
v0,Digex-r0,Digex,trajectory,B1,0,23.733069480172006,0.5933267370043002,optimal,6.341948244000378,65780,99610,327354
v0,Digex-r0,Digex,trajectory,B1,1,24.875495260932798,0.6218873815233199,optimal,6.64753462200315,65780,99610,327354
v0,Digex-r0,Digex,trajectory,B1,2,24.89788294488839,0.6224470736222097,optimal,6.001666061994911,65780,99610,327354
v0,Digex-r0,Digex,trajectory,B1,3,24.450685790667972,0.6112671447666993,optimal,5.928303843000322,65780,99610,327354
v0,Digex-r0,Digex,trajectory,B1,4,25.344793195104934,0.6336198298776233,optimal,5.985591010998178,65780,99610,327354
v0,Digex-r0,Digex,trajectory,B1,5,24.147034698593355,0.6036758674648339,optimal,6.830054477999511,65780,99610,327354
v0,Digex-r0,Digex,trajectory,B1,6,24.815793691070812,0.6203948422767703,optimal,6.097594198996376,65780,99610,327354
v0,Digex-r0,Digex,trajectory,B1,7,24.16304413433232,0.604076103358308,optimal,5.740690958999039,65780,99610,327354
v0,Digex-r0,Digex,trajectory,B1,8,24.79276561692276,0.6198191404230691,optimal,7.124743473003036,65780,99610,327354
v0,Digex-r0,Digex,trajectory,B1,9,24.56458441978912,0.614114610494728,optimal,5.8180181389980135,65780,99610,327354
v0,Digex-r0,Digex,trajectory,B1,10,23.054642805918363,0.576366070147959,optimal,5.641632047998428,65780,99610,327354
v0,Digex-r0,Digex,trajectory,B1,11,23.702535600104117,0.5925633900026029,optimal,6.549700859999575,65780,99610,327354
v0,Digex-r0,Digex,trajectory,B1,12,25.8792799773263,0.6469819994331575,optimal,6.9781381740031065,65780,99610,327354
v0,Digex-r0,Digex,trajectory,B1,13,25.006662686771698,0.6251665671692924,optimal,5.937682499999937,65780,99610,327354
v0,Digex-r0,Digex,trajectory,B1,14,23.208741371267877,0.5802185342816969,optimal,6.102551037998637,65780,99610,327354
v0,Digex-r0,Digex,trajectory,B1,15,24.742343369740233,0.6185585842435058,optimal,5.976160678001179,65780,99610,327354
v0,Digex-r0,Digex,trajectory,B1,16,24.457674178067982,0.6114418544516995,optimal,6.805672902999504,65780,99610,327354
v0,Digex-r0,Digex,trajectory,B1,17,25.590418424849403,0.639760460621235,optimal,5.892535857994517,65780,99610,327354
v0,Digex-r0,Digex,trajectory,B1,18,24.026203481455518,0.6006550870363879,optimal,5.761888727000041,65780,99610,327354
v0,Digex-r0,Digex,trajectory,B1,19,23.933667767346876,0.5983416941836719,optimal,6.172110323997913,65780,99610,327354
v0,Digex-r0,Digex,trajectory,B1,20,24.11229983381106,0.6028074958452765,optimal,6.619083883000712,65780,99610,327354
v0,Digex-r0,Digex,trajectory,B1,21,24.023934636118533,0.6005983659029633,optimal,5.856648189997941,65780,99610,327354
v0,Digex-r0,Digex,trajectory,B1,22,24.86470088323339,0.6216175220808348,optimal,5.915303772999323,65780,99610,327354
v0,Digex-r0,Digex,trajectory,B1,23,23.891912195308812,0.5972978048827203,optimal,6.197286677001102,65780,99610,327354
v0,Digex-r0,Digex,trajectory,B1,24,24.84383676654163,0.6210959191635408,optimal,5.829442819995165,65780,99610,327354
v0,Digex-r0,Digex,trajectory,B1,25,25.424065793549637,0.6356016448387409,optimal,6.027657570994052,65780,99610,327354
v0,Digex-r0,Digex,trajectory,B1,26,24.770472933139118,0.6192618233284779,optimal,5.86525725699903,65780,99610,327354
v0,Digex-r0,Digex,trajectory,B1,27,24.169587371718237,0.6042396842929559,optimal,5.875832536003145,65780,99610,327354
v0,Digex-r0,Digex,trajectory,B1,28,25.24284549275937,0.6310711373189842,optimal,6.152509744999406,65780,99610,327354
v0,Digex-r0,Digex,trajectory,B1,29,24.42319703834238,0.6105799259585595,optimal,7.072265458999027,65780,99610,327354
v0,Digex-r0,Digex,trajectory,TRAN,0,29.200952382163003,0.7300238095540751,optimal,6.361973571001727,65780,99610,327354
v0,Digex-r0,Digex,trajectory,TRAN,1,28.46728927436063,0.7116822318590158,optimal,6.0776236439996865,65780,99610,327354
v0,Digex-r0,Digex,trajectory,TRAN,2,28.973395639560785,0.7243348909890196,optimal,6.097788250001031,65780,99610,327354
v0,Digex-r0,Digex,trajectory,TRAN,3,28.16775048479982,0.7041937621199955,optimal,6.03094257099292,65780,99610,327354
v0,Digex-r0,Digex,trajectory,TRAN,4,28.59727587642247,0.7149318969105617,optimal,6.199512938001135,65780,99610,327354
v0,Digex-r0,Digex,trajectory,TRAN,5,28.044811915039965,0.7011202978759992,optimal,5.769306160000269,65780,99610,327354
v0,Digex-r0,Digex,trajectory,TRAN,6,28.849804567158834,0.7212451141789709,optimal,6.341469165003218,65780,99610,327354
v0,Digex-r0,Digex,trajectory,TRAN,7,28.243383215073607,0.7060845803768402,optimal,5.961064050999994,65780,99610,327354
v0,Digex-r0,Digex,trajectory,TRAN,8,28.50476996716798,0.7126192491791995,optimal,6.096727456999361,65780,99610,327354
v0,Digex-r0,Digex,trajectory,TRAN,9,28.100789853993135,0.7025197463498284,optimal,5.737938147998648,65780,99610,327354
v0,Digex-r0,Digex,trajectory,TRAN,10,27.883724592892676,0.697093114822317,optimal,6.225923028003308,65780,99610,327354
v0,Digex-r0,Digex,trajectory,TRAN,11,28.456765614278215,0.7114191403569554,optimal,6.735848944997997,65780,99610,327354
v0,Digex-r0,Digex,trajectory,TRAN,12,29.860025675720074,0.7465006418930018,optimal,7.305980888995691,65780,99610,327354
v0,Digex-r0,Digex,trajectory,TRAN,13,28.264773071652822,0.7066193267913206,optimal,7.2028339309981675,65780,99610,327354
v0,Digex-r0,Digex,trajectory,TRAN,14,27.399066474116136,0.6849766618529034,optimal,6.5981225420036935,65780,99610,327354
v0,Digex-r0,Digex,trajectory,TRAN,15,27.67748769227627,0.6919371923069068,optimal,5.725565116001235,65780,99610,327354
v0,Digex-r0,Digex,trajectory,TRAN,16,28.385306525391844,0.7096326631347961,optimal,5.5778073350011255,65780,99610,327354
v0,Digex-r0,Digex,trajectory,TRAN,17,28.851281703973985,0.7212820425993496,optimal,5.6200968560006,65780,99610,327354
v0,Digex-r0,Digex,trajectory,TRAN,18,28.110915136679072,0.7027728784169768,optimal,6.662157106999075,65780,99610,327354
v0,Digex-r0,Digex,trajectory,TRAN,19,27.78997602876049,0.6947494007190123,optimal,5.643109300006472,65780,99610,327354
v0,Digex-r0,Digex,trajectory,TRAN,20,28.151832018529444,0.7037958004632361,optimal,5.997193203998904,65780,99610,327354
v0,Digex-r0,Digex,trajectory,TRAN,21,28.157631417418113,0.7039407854354528,optimal,5.771112328002346,65780,99610,327354
v0,Digex-r0,Digex,trajectory,TRAN,22,28.636915370767667,0.7159228842691917,optimal,5.923268571998051,65780,99610,327354
v0,Digex-r0,Digex,trajectory,TRAN,23,27.645615230927532,0.6911403807731883,optimal,5.638055071001872,65780,99610,327354
v0,Digex-r0,Digex,trajectory,TRAN,24,28.885983702517223,0.7221495925629305,optimal,6.395368081997731,65780,99610,327354
v0,Digex-r0,Digex,trajectory,TRAN,25,29.30380788414306,0.7325951971035765,optimal,6.737387253000634,65780,99610,327354
v0,Digex-r0,Digex,trajectory,TRAN,26,28.746542109118877,0.7186635527279719,optimal,6.561573371000122,65780,99610,327354
v0,Digex-r0,Digex,trajectory,TRAN,27,28.141693842704278,0.7035423460676069,optimal,7.061741426994558,65780,99610,327354
v0,Digex-r0,Digex,trajectory,TRAN,28,28.447872498514744,0.7111968124628686,optimal,6.769914586002415,65780,99610,327354
v0,Digex-r0,Digex,trajectory,TRAN,29,28.756073717129816,0.7189018429282454,optimal,7.784663931000978,65780,99610,327354
v0,Digex-r1,Digex,trajectory,B1,0,13.654705788374706,0.34136764470936765,optimal,1.3343829000004916,25730,47970,179409
v0,Digex-r1,Digex,trajectory,B1,1,15.30406419643486,0.3826016049108715,optimal,1.305726129001414,25730,47970,179409
v0,Digex-r1,Digex,trajectory,B1,2,15.160828846801161,0.37902072117002905,optimal,1.3058080730043002,25730,47970,179409
v0,Digex-r1,Digex,trajectory,B1,3,14.264047539542545,0.35660118848856365,optimal,1.1308781600018847,25730,47970,179409
v0,Digex-r1,Digex,trajectory,B1,4,14.414201601054538,0.3603550400263634,optimal,1.2047452850019909,25730,47970,179409
v0,Digex-r1,Digex,trajectory,B1,5,14.6676519982395,0.3666912999559875,optimal,1.1257515460019931,25730,47970,179409
v0,Digex-r1,Digex,trajectory,B1,6,15.053831353091732,0.37634578382729333,optimal,1.282847276001121,25730,47970,179409
v0,Digex-r1,Digex,trajectory,B1,7,15.719170652213663,0.3929792663053416,optimal,1.359142980996694,25730,47970,179409
v0,Digex-r1,Digex,trajectory,B1,8,13.852087122306612,0.3463021780576653,optimal,1.262879490001069,25730,47970,179409
v0,Digex-r1,Digex,trajectory,B1,9,14.831394400764463,0.3707848600191116,optimal,1.1999044650001451,25730,47970,179409
v0,Digex-r1,Digex,trajectory,B1,10,14.09617131155385,0.3524042827888462,optimal,1.186419449004461,25730,47970,179409
v0,Digex-r1,Digex,trajectory,B1,11,14.932579892523817,0.3733144973130954,optimal,1.551764859999821,25730,47970,179409
v0,Digex-r1,Digex,trajectory,B1,12,14.712060299838802,0.36780150749597007,optimal,1.4295390519982902,25730,47970,179409
v0,Digex-r1,Digex,trajectory,B1,13,14.069216660024853,0.3517304165006213,optimal,1.3568958870018832,25730,47970,179409
v0,Digex-r1,Digex,trajectory,B1,14,14.468996836224818,0.3617249209056205,optimal,1.35594287099957,25730,47970,179409
v0,Digex-r1,Digex,trajectory,B1,15,13.87004767874416,0.346751191968604,optimal,1.2456755099992733,25730,47970,179409
v0,Digex-r1,Digex,trajectory,B1,16,15.506357608002517,0.3876589402000629,optimal,1.2251874130015494,25730,47970,179409
v0,Digex-r1,Digex,trajectory,B1,17,14.750326267774817,0.3687581566943704,optimal,1.421616603001894,25730,47970,179409
v0,Digex-r1,Digex,trajectory,B1,18,14.607165790324657,0.3651791447581164,optimal,1.2232919159941957,25730,47970,179409
v0,Digex-r1,Digex,trajectory,B1,19,14.170084770892888,0.3542521192723222,optimal,1.2480226710031275,25730,47970,179409
v0,Digex-r1,Digex,trajectory,B1,20,14.98375968554091,0.37459399213852274,optimal,1.530646760998934,25730,47970,179409
v0,Digex-r1,Digex,trajectory,B1,21,14.150125159458247,0.35375312898645617,optimal,1.263371503999224,25730,47970,179409
v0,Digex-r1,Digex,trajectory,B1,22,14.546034547347698,0.3636508636836925,optimal,1.2862946259992896,25730,47970,179409
v0,Digex-r1,Digex,trajectory,B1,23,15.310658387894248,0.38276645969735623,optimal,1.3275056130005396,25730,47970,179409
v0,Digex-r1,Digex,trajectory,B1,24,14.440234180591048,0.3610058545147762,optimal,1.4388503219961422,25730,47970,179409
v0,Digex-r1,Digex,trajectory,B1,25,14.079037205037896,0.3519759301259474,optimal,1.2416856279960484,25730,47970,179409
v0,Digex-r1,Digex,trajectory,B1,26,13.999593780714052,0.3499898445178513,optimal,1.0891430970004876,25730,47970,179409
v0,Digex-r1,Digex,trajectory,B1,27,14.541315545188342,0.36353288862970856,optimal,1.2051500140005373,25730,47970,179409
v0,Digex-r1,Digex,trajectory,B1,28,15.013077180308464,0.3753269295077116,optimal,1.4105139419989428,25730,47970,179409
v0,Digex-r1,Digex,trajectory,B1,29,15.145387447243818,0.37863468618109547,optimal,1.1714066019994789,25730,47970,179409
v0,Digex-r1,Digex,trajectory,TRAN,0,19.473215401421786,0.48683038503554465,optimal,1.5100533990043914,25730,47970,179409
v0,Digex-r1,Digex,trajectory,TRAN,1,19.337311996232113,0.48343279990580285,optimal,1.5868953540048096,25730,47970,179409
v0,Digex-r1,Digex,trajectory,TRAN,2,20.61739489379446,0.5154348723448615,optimal,1.5572079390040017,25730,47970,179409
v0,Digex-r1,Digex,trajectory,TRAN,3,21.380030327039663,0.5345007581759915,optimal,1.5064334880007664,25730,47970,179409
v0,Digex-r1,Digex,trajectory,TRAN,4,20.074391607896438,0.5018597901974109,optimal,1.5274221159997978,25730,47970,179409
v0,Digex-r1,Digex,trajectory,TRAN,5,20.436207125243122,0.510905178131078,optimal,1.4685735409948393,25730,47970,179409
v0,Digex-r1,Digex,trajectory,TRAN,6,21.17638838924513,0.5294097097311282,optimal,1.5747970449956483,25730,47970,179409
v0,Digex-r1,Digex,trajectory,TRAN,7,21.30085089760713,0.5325212724401782,optimal,1.5155932159977965,25730,47970,179409
v0,Digex-r1,Digex,trajectory,TRAN,8,19.499978099857938,0.48749945249644844,optimal,1.4525281009991886,25730,47970,179409
v0,Digex-r1,Digex,trajectory,TRAN,9,20.991006462939655,0.5247751615734914,optimal,1.5772048689977964,25730,47970,179409
v0,Digex-r1,Digex,trajectory,TRAN,10,19.648264709579895,0.49120661773949736,optimal,1.5669936350022908,25730,47970,179409
v0,Digex-r1,Digex,trajectory,TRAN,11,19.70920122294489,0.4927300305736223,optimal,1.47581647199695,25730,47970,179409
v0,Digex-r1,Digex,trajectory,TRAN,12,20.62987141662088,0.515746785415522,optimal,1.8881382239997038,25730,47970,179409
v0,Digex-r1,Digex,trajectory,TRAN,13,20.31006435505944,0.507751608876486,optimal,1.6094165979957324,25730,47970,179409
v0,Digex-r1,Digex,trajectory,TRAN,14,20.924671619023243,0.5231167904755811,optimal,1.4260826030003955,25730,47970,179409
v0,Digex-r1,Digex,trajectory,TRAN,15,20.37976776169017,0.5094941940422543,optimal,1.4348406600038288,25730,47970,179409
v0,Digex-r1,Digex,trajectory,TRAN,16,21.41023223457573,0.5352558058643933,optimal,1.5547000719961943,25730,47970,179409
v0,Digex-r1,Digex,trajectory,TRAN,17,19.53496781140656,0.488374195285164,optimal,1.5932458919996861,25730,47970,179409
v0,Digex-r1,Digex,trajectory,TRAN,18,20.32773520183643,0.5081933800459107,optimal,1.538355832999514,25730,47970,179409
v0,Digex-r1,Digex,trajectory,TRAN,19,20.270230945146086,0.5067557736286521,optimal,1.6092404570008512,25730,47970,179409
v0,Digex-r1,Digex,trajectory,TRAN,20,19.645953808757454,0.49114884521893637,optimal,1.539654823995079,25730,47970,179409
v0,Digex-r1,Digex,trajectory,TRAN,21,20.03034685800347,0.5007586714500867,optimal,1.5918139249988599,25730,47970,179409
v0,Digex-r1,Digex,trajectory,TRAN,22,21.274212602353852,0.5318553150588463,optimal,1.566922424994118,25730,47970,179409
v0,Digex-r1,Digex,trajectory,TRAN,23,21.94972564954816,0.548743141238704,optimal,1.6132207479968201,25730,47970,179409
v0,Digex-r1,Digex,trajectory,TRAN,24,20.31627831170591,0.5079069577926478,optimal,1.5298751270020148,25730,47970,179409
v0,Digex-r1,Digex,trajectory,TRAN,25,19.075187749401284,0.4768796937350321,optimal,1.5174294539974653,25730,47970,179409
v0,Digex-r1,Digex,trajectory,TRAN,26,20.148287406259893,0.5037071851564974,optimal,1.6267655060000834,25730,47970,179409
v0,Digex-r1,Digex,trajectory,TRAN,27,20.142001330851766,0.5035500332712941,optimal,1.4444348920005723,25730,47970,179409
v0,Digex-r1,Digex,trajectory,TRAN,28,20.69692430996977,0.5174231077492443,optimal,1.61002731800545,25730,47970,179409
v0,Digex-r1,Digex,trajectory,TRAN,29,20.17565628751432,0.504391407187858,optimal,1.6334158280005795,25730,47970,179409
v0,Digex-r2,Digex,trajectory,B1,0,10.796596431719014,0.26991491079297536,optimal,6.783137086997158,74062,98328,360613
v0,Digex-r2,Digex,trajectory,B1,1,9.979445270924444,0.2494861317731111,optimal,7.531840424002439,74062,98328,360613
v0,Digex-r2,Digex,trajectory,B1,2,8.783457584253659,0.21958643960634147,optimal,7.302156532001391,74062,98328,360613
v0,Digex-r2,Digex,trajectory,B1,3,10.552823835436074,0.26382059588590184,optimal,6.83210040400445,74062,98328,360613
v0,Digex-r2,Digex,trajectory,B1,4,9.381842545054479,0.23454606362636196,optimal,7.129406394000398,74062,98328,360613
v0,Digex-r2,Digex,trajectory,B1,5,9.117988853545624,0.2279497213386406,optimal,6.992983185999037,74062,98328,360613
v0,Digex-r2,Digex,trajectory,B1,6,8.727077428416036,0.21817693571040092,optimal,6.33764064800198,74062,98328,360613
v0,Digex-r2,Digex,trajectory,B1,7,8.222577427570206,0.20556443568925514,optimal,6.637851944004069,74062,98328,360613
v0,Digex-r2,Digex,trajectory,B1,8,8.829476729008237,0.2207369182252059,optimal,7.782387289000326,74062,98328,360613
v0,Digex-r2,Digex,trajectory,B1,9,9.067768963761928,0.2266942240940482,optimal,7.267091902001994,74062,98328,360613
v0,Digex-r2,Digex,trajectory,B1,10,8.195066279965218,0.20487665699913044,optimal,6.744811916993058,74062,98328,360613
v0,Digex-r2,Digex,trajectory,B1,11,9.229984956766096,0.23074962391915238,optimal,6.85761654900125,74062,98328,360613
v0,Digex-r2,Digex,trajectory,B1,12,8.334432019431487,0.20836080048578717,optimal,8.195368476997828,74062,98328,360613
v0,Digex-r2,Digex,trajectory,B1,13,7.58568827796252,0.189642206949063,optimal,6.740306639003393,74062,98328,360613
v0,Digex-r2,Digex,trajectory,B1,14,7.731238322592679,0.193280958064817,optimal,6.959900815003493,74062,98328,360613
v0,Digex-r2,Digex,trajectory,B1,15,9.527068564403907,0.23817671411009766,optimal,6.735820098001568,74062,98328,360613
v0,Digex-r2,Digex,trajectory,B1,16,10.184764753076921,0.254619118826923,optimal,7.109840176999569,74062,98328,360613
v0,Digex-r2,Digex,trajectory,B1,17,9.029851438213194,0.22574628595532986,optimal,6.6625385290026315,74062,98328,360613
v0,Digex-r2,Digex,trajectory,B1,18,8.82764483981924,0.220691120995481,optimal,8.04165538399684,74062,98328,360613
v0,Digex-r2,Digex,trajectory,B1,19,8.789117067364167,0.21972792668410418,optimal,6.89119479200599,74062,98328,360613
v0,Digex-r2,Digex,trajectory,B1,20,9.74024004939565,0.24350600123489125,optimal,6.349904997005069,74062,98328,360613
v0,Digex-r2,Digex,trajectory,B1,21,8.554135483800847,0.21385338709502116,optimal,6.481188817997463,74062,98328,360613
v0,Digex-r2,Digex,trajectory,B1,22,10.070721305996948,0.2517680326499237,optimal,6.849572261002322,74062,98328,360613
v0,Digex-r2,Digex,trajectory,B1,23,7.97015532247064,0.199253883061766,optimal,7.582034911996743,74062,98328,360613
v0,Digex-r2,Digex,trajectory,B1,24,8.901942048052085,0.22254855120130212,optimal,6.049544303001312,74062,98328,360613
v0,Digex-r2,Digex,trajectory,B1,25,8.260676018920524,0.2065169004730131,optimal,6.165578496998933,74062,98328,360613
v0,Digex-r2,Digex,trajectory,B1,26,8.147111394858767,0.20367778487146918,optimal,6.664481056999648,74062,98328,360613
v0,Digex-r2,Digex,trajectory,B1,27,10.097608674852776,0.2524402168713194,optimal,7.643689207994612,74062,98328,360613
v0,Digex-r2,Digex,trajectory,B1,28,9.678281889258374,0.24195704723145933,optimal,6.72133920500346,74062,98328,360613
v0,Digex-r2,Digex,trajectory,B1,29,11.170223483997354,0.27925558709993387,optimal,6.748840984000708,74062,98328,360613
v0,Digex-r2,Digex,trajectory,TRAN,0,21.139116298534173,0.5284779074633543,optimal,7.269340547994943,74062,98328,360613
v0,Digex-r2,Digex,trajectory,TRAN,1,23.31222096946598,0.5828055242366494,optimal,8.804601135001576,74062,98328,360613
v0,Digex-r2,Digex,trajectory,TRAN,2,17.720918303505833,0.4430229575876458,optimal,7.678961225006788,74062,98328,360613
v0,Digex-r2,Digex,trajectory,TRAN,3,19.92701236906484,0.498175309226621,optimal,8.530001919003553,74062,98328,360613
v0,Digex-r2,Digex,trajectory,TRAN,4,20.200590147976094,0.5050147536994023,optimal,7.844095293999999,74062,98328,360613
v0,Digex-r2,Digex,trajectory,TRAN,5,17.7601349786568,0.44400337446642,optimal,7.802346577998833,74062,98328,360613
v0,Digex-r2,Digex,trajectory,TRAN,6,17.70067476020693,0.44251686900517323,optimal,7.350652582004841,74062,98328,360613
v0,Digex-r2,Digex,trajectory,TRAN,7,20.49480341951218,0.5123700854878045,optimal,7.5544663129985565,74062,98328,360613
v0,Digex-r2,Digex,trajectory,TRAN,8,17.98772551133725,0.44969313778343123,optimal,6.944573715001752,74062,98328,360613
v0,Digex-r2,Digex,trajectory,TRAN,9,20.913452161307223,0.5228363040326806,optimal,8.367850392001856,74062,98328,360613
v0,Digex-r2,Digex,trajectory,TRAN,10,20.375923860851607,0.5093980965212902,optimal,8.626075037005648,74062,98328,360613
v0,Digex-r2,Digex,trajectory,TRAN,11,20.695814613170537,0.5173953653292634,optimal,7.67097534500499,74062,98328,360613
v0,Digex-r2,Digex,trajectory,TRAN,12,20.06004044218724,0.501501011054681,optimal,7.338988673996937,74062,98328,360613
v0,Digex-r2,Digex,trajectory,TRAN,13,20.304628925974686,0.5076157231493672,optimal,6.9318477810011245,74062,98328,360613
v0,Digex-r2,Digex,trajectory,TRAN,14,21.375295124913826,0.5343823781228456,optimal,7.456602349004243,74062,98328,360613
v0,Digex-r2,Digex,trajectory,TRAN,15,21.43130183432144,0.5357825458580361,optimal,7.727377259005152,74062,98328,360613
v0,Digex-r2,Digex,trajectory,TRAN,16,21.436615707776298,0.5359153926944075,optimal,7.472921612999926,74062,98328,360613
v0,Digex-r2,Digex,trajectory,TRAN,17,20.82751297367543,0.5206878243418858,optimal,8.040755491005257,74062,98328,360613
v0,Digex-r2,Digex,trajectory,TRAN,18,18.147486582936754,0.45368716457341884,optimal,7.292177757997706,74062,98328,360613
v0,Digex-r2,Digex,trajectory,TRAN,19,21.50799518629986,0.5376998796574964,optimal,7.185145461000502,74062,98328,360613
v0,Digex-r2,Digex,trajectory,TRAN,20,21.708280170557526,0.5427070042639381,optimal,7.888117811002303,74062,98328,360613
v0,Digex-r2,Digex,trajectory,TRAN,21,21.413383971928848,0.5353345992982212,optimal,7.2730848339997465,74062,98328,360613
v0,Digex-r2,Digex,trajectory,TRAN,22,19.45884847261474,0.4864712118153685,optimal,7.1392446549944,74062,98328,360613
v0,Digex-r2,Digex,trajectory,TRAN,23,19.969844826053336,0.4992461206513334,optimal,8.266603973999736,74062,98328,360613
v0,Digex-r2,Digex,trajectory,TRAN,24,19.795024290945292,0.49487560727363233,optimal,8.254769359002239,74062,98328,360613
v0,Digex-r2,Digex,trajectory,TRAN,25,21.238400483999772,0.5309600120999943,optimal,8.825465948000783,74062,98328,360613
v0,Digex-r2,Digex,trajectory,TRAN,26,19.978494835272844,0.4994623708818211,optimal,8.5959438600039,74062,98328,360613
v0,Digex-r2,Digex,trajectory,TRAN,27,19.69154430909532,0.49228860772738303,optimal,8.531884203002846,74062,98328,360613
v0,Digex-r2,Digex,trajectory,TRAN,28,22.04163240960148,0.551040810240037,optimal,8.37597349799762,74062,98328,360613
v0,Digex-r2,Digex,trajectory,TRAN,29,21.203512574893292,0.5300878143723323,optimal,8.550123922999774,74062,98328,360613
v0,Easynet-r0,Easynet,trajectory,B1,0,12.375444641696621,0.3093861160424155,optimal,3.1231461850038613,37597,61208,229684
v0,Easynet-r0,Easynet,trajectory,B1,1,12.02519970910769,0.30062999272769225,optimal,2.902669572002196,37597,61208,229684
v0,Easynet-r0,Easynet,trajectory,B1,2,10.572036369763103,0.26430090924407756,optimal,2.7286560270003974,37597,61208,229684
v0,Easynet-r0,Easynet,trajectory,B1,3,11.865174133740268,0.2966293533435067,optimal,3.3557558839966077,37597,61208,229684
v0,Easynet-r0,Easynet,trajectory,B1,4,11.619705341418822,0.29049263353547056,optimal,2.885359702995629,37597,61208,229684
v0,Easynet-r0,Easynet,trajectory,B1,5,12.519843950077153,0.3129960987519288,optimal,2.914809077003156,37597,61208,229684
v0,Easynet-r0,Easynet,trajectory,B1,6,12.201820710248798,0.30504551775621996,optimal,3.2537374739986262,37597,61208,229684
v0,Easynet-r0,Easynet,trajectory,B1,7,13.460964404828989,0.3365241101207247,optimal,2.904194267001003,37597,61208,229684
v0,Easynet-r0,Easynet,trajectory,B1,8,12.986721802927853,0.32466804507319635,optimal,2.7924377379968064,37597,61208,229684
v0,Easynet-r0,Easynet,trajectory,B1,9,11.84012910325543,0.29600322758138575,optimal,3.1980757400015136,37597,61208,229684
v0,Easynet-r0,Easynet,trajectory,B1,10,12.102388483408966,0.30255971208522414,optimal,3.317882320006902,37597,61208,229684
v0,Easynet-r0,Easynet,trajectory,B1,11,11.926576301475349,0.2981644075368837,optimal,2.973548459005542,37597,61208,229684
v0,Easynet-r0,Easynet,trajectory,B1,12,12.60297666151274,0.3150744165378185,optimal,3.097959635000734,37597,61208,229684
v0,Easynet-r0,Easynet,trajectory,B1,13,11.138664470822748,0.2784666117705687,optimal,3.3117403859941987,37597,61208,229684
v0,Easynet-r0,Easynet,trajectory,B1,14,13.829781184914127,0.3457445296228532,optimal,2.716700001998106,37597,61208,229684
v0,Easynet-r0,Easynet,trajectory,B1,15,12.430644067805188,0.3107661016951297,optimal,3.472462950005138,37597,61208,229684
v0,Easynet-r0,Easynet,trajectory,B1,16,11.20379389550418,0.2800948473876045,optimal,2.602786623996508,37597,61208,229684
v0,Easynet-r0,Easynet,trajectory,B1,17,12.764525503112068,0.3191131375778017,optimal,3.2076947310051764,37597,61208,229684
v0,Easynet-r0,Easynet,trajectory,B1,18,12.300359343319885,0.3075089835829971,optimal,2.9042369369999506,37597,61208,229684
v0,Easynet-r0,Easynet,trajectory,B1,19,12.097408758066587,0.3024352189516647,optimal,3.136380085001292,37597,61208,229684
v0,Easynet-r0,Easynet,trajectory,B1,20,12.527656950195048,0.3131914237548762,optimal,3.1039377089982736,37597,61208,229684
v0,Easynet-r0,Easynet,trajectory,B1,21,11.099670349279036,0.2774917587319759,optimal,2.5552128320050542,37597,61208,229684
v0,Easynet-r0,Easynet,trajectory,B1,22,11.501869831412428,0.2875467457853107,optimal,3.1992593290051445,37597,61208,229684
v0,Easynet-r0,Easynet,trajectory,B1,23,12.053263039465422,0.30133157598663557,optimal,2.575274590002664,37597,61208,229684
v0,Easynet-r0,Easynet,trajectory,B1,24,11.910676764968517,0.29776691912421294,optimal,2.7643328119957005,37597,61208,229684
v0,Easynet-r0,Easynet,trajectory,B1,25,11.823969373770304,0.2955992343442576,optimal,2.8157555340003455,37597,61208,229684
v0,Easynet-r0,Easynet,trajectory,B1,26,11.436528488722688,0.2859132122180672,optimal,3.1834610549994977,37597,61208,229684
v0,Easynet-r0,Easynet,trajectory,B1,27,12.23213634619315,0.30580340865482875,optimal,3.364993504997983,37597,61208,229684
v0,Easynet-r0,Easynet,trajectory,B1,28,11.944712679109461,0.29861781697773654,optimal,2.6779093599980115,37597,61208,229684
v0,Easynet-r0,Easynet,trajectory,B1,29,11.308406738434263,0.28271016846085656,optimal,2.926489721001417,37597,61208,229684
v0,Easynet-r0,Easynet,trajectory,TRAN,0,21.659991358847257,0.5414997839711815,optimal,2.659551943994302,37597,61208,229684
v0,Easynet-r0,Easynet,trajectory,TRAN,1,21.170798387384696,0.5292699596846174,optimal,2.9065528419960174,37597,61208,229684
v0,Easynet-r0,Easynet,trajectory,TRAN,2,21.44392010718669,0.5360980026796672,optimal,2.8774083660027827,37597,61208,229684
v0,Easynet-r0,Easynet,trajectory,TRAN,3,22.253688147800332,0.5563422036950083,optimal,3.0840171849995386,37597,61208,229684
v0,Easynet-r0,Easynet,trajectory,TRAN,4,20.745759488560388,0.5186439872140097,optimal,3.187497964994691,37597,61208,229684
v0,Easynet-r0,Easynet,trajectory,TRAN,5,22.35717930033336,0.558929482508334,optimal,3.1070788760043797,37597,61208,229684
v0,Easynet-r0,Easynet,trajectory,TRAN,6,22.046090632964507,0.5511522658241127,optimal,3.150520334005705,37597,61208,229684
v0,Easynet-r0,Easynet,trajectory,TRAN,7,21.52335542636752,0.538083885659188,optimal,2.6674846059977426,37597,61208,229684
v0,Easynet-r0,Easynet,trajectory,TRAN,8,21.406400672456783,0.5351600168114196,optimal,2.5435546039952897,37597,61208,229684
v0,Easynet-r0,Easynet,trajectory,TRAN,9,21.174225415329964,0.5293556353832491,optimal,2.566190422003274,37597,61208,229684
v0,Easynet-r0,Easynet,trajectory,TRAN,10,20.560369798676284,0.5140092449669071,optimal,2.7256979149969993,37597,61208,229684
v0,Easynet-r0,Easynet,trajectory,TRAN,11,21.11244252840401,0.5278110632101003,optimal,2.8020831829999224,37597,61208,229684
v0,Easynet-r0,Easynet,trajectory,TRAN,12,20.78083459849058,0.5195208649622645,optimal,3.095659534999868,37597,61208,229684
v0,Easynet-r0,Easynet,trajectory,TRAN,13,21.213337802574582,0.5303334450643645,optimal,2.7501426359958714,37597,61208,229684
v0,Easynet-r0,Easynet,trajectory,TRAN,14,22.404314264115328,0.5601078566028832,optimal,2.6422868390000076,37597,61208,229684
v0,Easynet-r0,Easynet,trajectory,TRAN,15,21.76541145475874,0.5441352863689686,optimal,2.7850471769997966,37597,61208,229684
v0,Easynet-r0,Easynet,trajectory,TRAN,16,21.054352617750503,0.5263588154437626,optimal,2.6196776520009735,37597,61208,229684
v0,Easynet-r0,Easynet,trajectory,TRAN,17,20.591535744597273,0.5147883936149318,optimal,2.5817431670002406,37597,61208,229684
v0,Easynet-r0,Easynet,trajectory,TRAN,18,21.106129110085362,0.5276532277521341,optimal,2.6544313539998257,37597,61208,229684
v0,Easynet-r0,Easynet,trajectory,TRAN,19,20.934070868035636,0.5233517717008909,optimal,2.695755109998572,37597,61208,229684
v0,Easynet-r0,Easynet,trajectory,TRAN,20,21.663317650638962,0.5415829412659741,optimal,3.175525935999758,37597,61208,229684
v0,Easynet-r0,Easynet,trajectory,TRAN,21,20.263571614631356,0.5065892903657839,optimal,3.07565768299537,37597,61208,229684
v0,Easynet-r0,Easynet,trajectory,TRAN,22,20.998304744749635,0.5249576186187409,optimal,2.953246498997032,37597,61208,229684
v0,Easynet-r0,Easynet,trajectory,TRAN,23,21.087377196763125,0.5271844299190781,optimal,2.9215918420013622,37597,61208,229684
v0,Easynet-r0,Easynet,trajectory,TRAN,24,21.773421171182335,0.5443355292795584,optimal,2.878422200999921,37597,61208,229684
v0,Easynet-r0,Easynet,trajectory,TRAN,25,21.412532202626476,0.5353133050656619,optimal,2.9880946619960014,37597,61208,229684
v0,Easynet-r0,Easynet,trajectory,TRAN,26,20.834168638703467,0.5208542159675866,optimal,3.2307535149957403,37597,61208,229684
v0,Easynet-r0,Easynet,trajectory,TRAN,27,21.020132655370663,0.5255033163842666,optimal,3.160554852001951,37597,61208,229684
v0,Easynet-r0,Easynet,trajectory,TRAN,28,21.09072313792281,0.5272680784480703,optimal,2.8480731659947196,37597,61208,229684
v0,Easynet-r0,Easynet,trajectory,TRAN,29,20.394384809822828,0.5098596202455707,optimal,3.041094308005995,37597,61208,229684
v0,Easynet-r1,Easynet,trajectory,B1,0,14.750848080202363,0.3687712020050591,optimal,3.6567095430000336,35892,58974,225380
v0,Easynet-r1,Easynet,trajectory,B1,1,15.350226249919517,0.3837556562479879,optimal,3.708586524000566,35892,58974,225380
v0,Easynet-r1,Easynet,trajectory,B1,2,14.36877236696086,0.3592193091740215,optimal,3.5316262380001717,35892,58974,225380
v0,Easynet-r1,Easynet,trajectory,B1,3,13.621648710208069,0.34054121775520174,optimal,3.1092887359991437,35892,58974,225380
v0,Easynet-r1,Easynet,trajectory,B1,4,12.167501759561873,0.3041875439890468,optimal,2.718943230996956,35892,58974,225380
v0,Easynet-r1,Easynet,trajectory,B1,5,12.937119097576744,0.3234279774394186,optimal,3.1766837220056914,35892,58974,225380
v0,Easynet-r1,Easynet,trajectory,B1,6,13.923618970378039,0.34809047425945094,optimal,2.817646240000613,35892,58974,225380
v0,Easynet-r1,Easynet,trajectory,B1,7,12.110712326403105,0.30276780816007764,optimal,3.0966030029958347,35892,58974,225380
v0,Easynet-r1,Easynet,trajectory,B1,8,12.47999972084623,0.3119999930211558,optimal,2.8865108940008213,35892,58974,225380
v0,Easynet-r1,Easynet,trajectory,B1,9,12.950335214738562,0.32375838036846405,optimal,3.2045464999973774,35892,58974,225380
v0,Easynet-r1,Easynet,trajectory,B1,10,12.332841013149062,0.3083210253287266,optimal,2.6471279179968406,35892,58974,225380
v0,Easynet-r1,Easynet,trajectory,B1,11,13.255457904915836,0.33138644762289593,optimal,2.746767604003253,35892,58974,225380
v0,Easynet-r1,Easynet,trajectory,B1,12,12.88822627994129,0.3222056569985322,optimal,2.9166547619970515,35892,58974,225380
v0,Easynet-r1,Easynet,trajectory,B1,13,14.86747018869474,0.3716867547173685,optimal,2.5263283489985042,35892,58974,225380
v0,Easynet-r1,Easynet,trajectory,B1,14,14.003588937270406,0.35008972343176015,optimal,2.885324622002372,35892,58974,225380
v0,Easynet-r1,Easynet,trajectory,B1,15,12.875358160024062,0.32188395400060155,optimal,3.094521489001636,35892,58974,225380
v0,Easynet-r1,Easynet,trajectory,B1,16,12.561585250971918,0.31403963127429796,optimal,2.9204076180030825,35892,58974,225380
v0,Easynet-r1,Easynet,trajectory,B1,17,14.148037473571433,0.35370093683928583,optimal,2.762555239998619,35892,58974,225380
v0,Easynet-r1,Easynet,trajectory,B1,18,12.175572920730692,0.3043893230182673,optimal,3.1909272670018254,35892,58974,225380
v0,Easynet-r1,Easynet,trajectory,B1,19,12.450598634739775,0.3112649658684944,optimal,2.8178270540011,35892,58974,225380
v0,Easynet-r1,Easynet,trajectory,B1,20,11.85311069656787,0.29632776741419675,optimal,2.6974647780007217,35892,58974,225380
v0,Easynet-r1,Easynet,trajectory,B1,21,13.794233420312048,0.3448558355078012,optimal,3.2590172560012434,35892,58974,225380
v0,Easynet-r1,Easynet,trajectory,B1,22,11.737603036470068,0.2934400759117517,optimal,2.920018157004961,35892,58974,225380
v0,Easynet-r1,Easynet,trajectory,B1,23,13.874909319144448,0.3468727329786112,optimal,2.5839375200012,35892,58974,225380
v0,Easynet-r1,Easynet,trajectory,B1,24,12.878855602922117,0.3219713900730529,optimal,2.695398991003458,35892,58974,225380
v0,Easynet-r1,Easynet,trajectory,B1,25,12.835308383596423,0.3208827095899106,optimal,3.029395174002275,35892,58974,225380
v0,Easynet-r1,Easynet,trajectory,B1,26,12.854494772311302,0.32136236930778256,optimal,2.9319255910013453,35892,58974,225380
v0,Easynet-r1,Easynet,trajectory,B1,27,14.672812525538726,0.36682031313846813,optimal,3.0460802980014705,35892,58974,225380
v0,Easynet-r1,Easynet,trajectory,B1,28,13.386122101632392,0.3346530525408098,optimal,2.5594670700011193,35892,58974,225380
v0,Easynet-r1,Easynet,trajectory,B1,29,14.45300358114768,0.361325089528692,optimal,3.338636733002204,35892,58974,225380
v0,Easynet-r1,Easynet,trajectory,TRAN,0,21.156069269680785,0.5289017317420196,optimal,3.4341515859996434,35892,58974,225380
v0,Easynet-r1,Easynet,trajectory,TRAN,1,21.501637933514804,0.5375409483378701,optimal,3.0004657030003727,35892,58974,225380
v0,Easynet-r1,Easynet,trajectory,TRAN,2,21.488758059631287,0.5372189514907821,optimal,3.3025714059986058,35892,58974,225380
v0,Easynet-r1,Easynet,trajectory,TRAN,3,19.868050744730308,0.4967012686182577,optimal,3.3729152799933217,35892,58974,225380
v0,Easynet-r1,Easynet,trajectory,TRAN,4,20.562348782236747,0.5140587195559186,optimal,3.208920715995191,35892,58974,225380
v0,Easynet-r1,Easynet,trajectory,TRAN,5,20.616990625181696,0.5154247656295424,optimal,3.2379678770012106,35892,58974,225380
v0,Easynet-r1,Easynet,trajectory,TRAN,6,20.49990423677002,0.5124976059192505,optimal,3.292839959001867,35892,58974,225380
v0,Easynet-r1,Easynet,trajectory,TRAN,7,20.422097479691,0.510552436992275,optimal,3.11352931100555,35892,58974,225380
v0,Easynet-r1,Easynet,trajectory,TRAN,8,19.919948135582388,0.4979987033895597,optimal,2.9940230930005782,35892,58974,225380
v0,Easynet-r1,Easynet,trajectory,TRAN,9,20.654491619905205,0.5163622904976302,optimal,3.1314412860010634,35892,58974,225380
v0,Easynet-r1,Easynet,trajectory,TRAN,10,20.020955465180148,0.5005238866295036,optimal,3.4320888639995246,35892,58974,225380
v0,Easynet-r1,Easynet,trajectory,TRAN,11,20.57229914771519,0.5143074786928797,optimal,3.2111069220045465,35892,58974,225380
v0,Easynet-r1,Easynet,trajectory,TRAN,12,21.63944087568258,0.5409860218920646,optimal,3.738193190001766,35892,58974,225380
v0,Easynet-r1,Easynet,trajectory,TRAN,13,21.354024563796234,0.5338506140949059,optimal,3.6557835420026095,35892,58974,225380
v0,Easynet-r1,Easynet,trajectory,TRAN,14,21.659431127127615,0.5414857781781903,optimal,3.0569277849936043,35892,58974,225380
v0,Easynet-r1,Easynet,trajectory,TRAN,15,21.012432208228223,0.5253108052057056,optimal,3.2109373600032995,35892,58974,225380
v0,Easynet-r1,Easynet,trajectory,TRAN,16,21.29854539898748,0.532463634974687,optimal,3.1048151869981666,35892,58974,225380
v0,Easynet-r1,Easynet,trajectory,TRAN,17,21.482460745006588,0.5370615186251647,optimal,2.7124076319960295,35892,58974,225380
v0,Easynet-r1,Easynet,trajectory,TRAN,18,20.67761702813031,0.5169404257032577,optimal,3.8767152949949377,35892,58974,225380
v0,Easynet-r1,Easynet,trajectory,TRAN,19,20.977959046655755,0.5244489761663939,optimal,3.8789279379998334,35892,58974,225380
v0,Easynet-r1,Easynet,trajectory,TRAN,20,20.639406199443243,0.5159851549860811,optimal,3.575660529997549,35892,58974,225380
v0,Easynet-r1,Easynet,trajectory,TRAN,21,20.875947256399805,0.5218986814099951,optimal,3.1735576809951453,35892,58974,225380
v0,Easynet-r1,Easynet,trajectory,TRAN,22,20.864180316818928,0.5216045079204732,optimal,3.679667422999046,35892,58974,225380
v0,Easynet-r1,Easynet,trajectory,TRAN,23,21.712921938169984,0.5428230484542496,optimal,4.289781689003576,35892,58974,225380
v0,Easynet-r1,Easynet,trajectory,TRAN,24,20.49839632743049,0.5124599081857623,optimal,3.7125444159973995,35892,58974,225380
v0,Easynet-r1,Easynet,trajectory,TRAN,25,21.038169126848334,0.5259542281712084,optimal,2.877772665997327,35892,58974,225380
v0,Easynet-r1,Easynet,trajectory,TRAN,26,20.926998230974643,0.5231749557743661,optimal,3.0217364370037103,35892,58974,225380
v0,Easynet-r1,Easynet,trajectory,TRAN,27,18.69374290162685,0.46734357254067127,optimal,3.4483914009979344,35892,58974,225380
v0,Easynet-r1,Easynet,trajectory,TRAN,28,21.922010114584932,0.5480502528646233,optimal,3.057443372999842,35892,58974,225380
v0,Easynet-r1,Easynet,trajectory,TRAN,29,19.98312110909336,0.499578027727334,optimal,3.725958413000626,35892,58974,225380
v0,Easynet-r2,Easynet,trajectory,B1,0,6.6349896557288615,0.16587474139322153,optimal,1.9116319989989279,32049,53681,200030
v0,Easynet-r2,Easynet,trajectory,B1,1,7.286330140729213,0.1821582535182303,optimal,1.8162482510015252,32049,53681,200030
v0,Easynet-r2,Easynet,trajectory,B1,2,6.599169634996652,0.1649792408749163,optimal,1.9310159820015542,32049,53681,200030
v0,Easynet-r2,Easynet,trajectory,B1,3,7.277533100341346,0.18193832750853364,optimal,2.2501449159972253,32049,53681,200030
v0,Easynet-r2,Easynet,trajectory,B1,4,7.25422212237199,0.18135555305929976,optimal,2.025759308002307,32049,53681,200030
v0,Easynet-r2,Easynet,trajectory,B1,5,6.858619318219003,0.1714654829554751,optimal,2.1940242080017924,32049,53681,200030
v0,Easynet-r2,Easynet,trajectory,B1,6,7.310689398693271,0.18276723496733177,optimal,2.045871778995206,32049,53681,200030
v0,Easynet-r2,Easynet,trajectory,B1,7,7.411783792822927,0.18529459482057317,optimal,1.8328197320006439,32049,53681,200030
v0,Easynet-r2,Easynet,trajectory,B1,8,6.954977703648902,0.17387444259122256,optimal,2.2135979189988575,32049,53681,200030
v0,Easynet-r2,Easynet,trajectory,B1,9,6.829159837659732,0.1707289959414933,optimal,1.8641619900008664,32049,53681,200030
v0,Easynet-r2,Easynet,trajectory,B1,10,7.6624283336356696,0.19156070834089173,optimal,2.2227999789975,32049,53681,200030
v0,Easynet-r2,Easynet,trajectory,B1,11,6.391849163448879,0.15979622908622199,optimal,1.7711723889951827,32049,53681,200030
v0,Easynet-r2,Easynet,trajectory,B1,12,7.253949326270726,0.18134873315676817,optimal,2.036937857999874,32049,53681,200030
v0,Easynet-r2,Easynet,trajectory,B1,13,6.6891708790232425,0.16722927197558107,optimal,2.167433747999894,32049,53681,200030
v0,Easynet-r2,Easynet,trajectory,B1,14,7.19193520031278,0.1797983800078195,optimal,1.8552242379955715,32049,53681,200030
v0,Easynet-r2,Easynet,trajectory,B1,15,7.377266599841072,0.18443166499602678,optimal,2.311630652999156,32049,53681,200030
v0,Easynet-r2,Easynet,trajectory,B1,16,6.993525198655021,0.17483812996637554,optimal,2.1153738939974573,32049,53681,200030
v0,Easynet-r2,Easynet,trajectory,B1,17,7.629342239941836,0.19073355599854588,optimal,2.1372695919999387,32049,53681,200030
v0,Easynet-r2,Easynet,trajectory,B1,18,7.6069774026204335,0.19017443506551085,optimal,2.102123358999961,32049,53681,200030
v0,Easynet-r2,Easynet,trajectory,B1,19,6.755038090017221,0.16887595225043053,optimal,1.970750805005082,32049,53681,200030
v0,Easynet-r2,Easynet,trajectory,B1,20,6.738275417641816,0.1684568854410454,optimal,1.7015306029934436,32049,53681,200030
v0,Easynet-r2,Easynet,trajectory,B1,21,7.5717365178042035,0.1892934129451051,optimal,2.270839160999458,32049,53681,200030
v0,Easynet-r2,Easynet,trajectory,B1,22,7.513206591222896,0.1878301647805724,optimal,2.2226965410009143,32049,53681,200030
v0,Easynet-r2,Easynet,trajectory,B1,23,7.087542691665915,0.17718856729164786,optimal,1.833346765000897,32049,53681,200030
v0,Easynet-r2,Easynet,trajectory,B1,24,6.69399270173644,0.167349817543411,optimal,2.2931412949983496,32049,53681,200030
v0,Easynet-r2,Easynet,trajectory,B1,25,7.119007659841789,0.17797519149604474,optimal,1.9392857439961517,32049,53681,200030
v0,Easynet-r2,Easynet,trajectory,B1,26,6.467225471903672,0.1616806367975918,optimal,1.8715282729972387,32049,53681,200030
v0,Easynet-r2,Easynet,trajectory,B1,27,6.733345352074556,0.1683336338018639,optimal,2.0944732959978865,32049,53681,200030
v0,Easynet-r2,Easynet,trajectory,B1,28,7.034669490526216,0.1758667372631554,optimal,1.991033480000624,32049,53681,200030
v0,Easynet-r2,Easynet,trajectory,B1,29,7.1435622651426085,0.17858905662856522,optimal,2.1472131440023077,32049,53681,200030
v0,Easynet-r2,Easynet,trajectory,TRAN,0,15.493892459736376,0.3873473114934094,optimal,2.0344991099991603,32049,53681,200030
v0,Easynet-r2,Easynet,trajectory,TRAN,1,16.08703969030392,0.40217599225759804,optimal,1.987292466998042,32049,53681,200030
v0,Easynet-r2,Easynet,trajectory,TRAN,2,16.452150382532714,0.4113037595633179,optimal,1.9326659829966957,32049,53681,200030
v0,Easynet-r2,Easynet,trajectory,TRAN,3,16.70163965494236,0.41754099137355893,optimal,1.8286587159964256,32049,53681,200030
v0,Easynet-r2,Easynet,trajectory,TRAN,4,16.589506715670854,0.41473766789177136,optimal,1.9393622299976414,32049,53681,200030
v0,Easynet-r2,Easynet,trajectory,TRAN,5,15.247065035378737,0.38117662588446843,optimal,2.0714696399954846,32049,53681,200030
v0,Easynet-r2,Easynet,trajectory,TRAN,6,16.807014020550156,0.4201753505137539,optimal,2.123479223999311,32049,53681,200030
v0,Easynet-r2,Easynet,trajectory,TRAN,7,16.603640181414487,0.4150910045353622,optimal,2.2432881709974026,32049,53681,200030
v0,Easynet-r2,Easynet,trajectory,TRAN,8,16.003929703671425,0.4000982425917856,optimal,2.036421431002964,32049,53681,200030
v0,Easynet-r2,Easynet,trajectory,TRAN,9,16.180145880837447,0.40450364702093616,optimal,2.1357106790019316,32049,53681,200030
v0,Easynet-r2,Easynet,trajectory,TRAN,10,16.64646418316379,0.41616160457909473,optimal,2.046467821994156,32049,53681,200030
v0,Easynet-r2,Easynet,trajectory,TRAN,11,15.490702967010176,0.38726757417525437,optimal,1.7813447969965637,32049,53681,200030
v0,Easynet-r2,Easynet,trajectory,TRAN,12,15.238332210092326,0.3809583052523081,optimal,2.4689574599979096,32049,53681,200030
v0,Easynet-r2,Easynet,trajectory,TRAN,13,16.467057478308895,0.4116764369577224,optimal,2.3551182139999582,32049,53681,200030
v0,Easynet-r2,Easynet,trajectory,TRAN,14,15.84049268453955,0.3960123171134887,optimal,2.333913084999949,32049,53681,200030
v0,Easynet-r2,Easynet,trajectory,TRAN,15,15.826511410613174,0.39566278526532933,optimal,2.8082379599945853,32049,53681,200030
v0,Easynet-r2,Easynet,trajectory,TRAN,16,17.401627288514252,0.4350406822128563,optimal,2.3356534139966243,32049,53681,200030
v0,Easynet-r2,Easynet,trajectory,TRAN,17,16.239303170865234,0.40598257927163084,optimal,2.5934505589975743,32049,53681,200030
v0,Easynet-r2,Easynet,trajectory,TRAN,18,15.23438525854327,0.38085963146358176,optimal,2.450731484001153,32049,53681,200030
v0,Easynet-r2,Easynet,trajectory,TRAN,19,15.814088517121974,0.39535221292804934,optimal,2.4433707279968075,32049,53681,200030
v0,Easynet-r2,Easynet,trajectory,TRAN,20,16.296345162078932,0.4074086290519733,optimal,2.399229328999354,32049,53681,200030
v0,Easynet-r2,Easynet,trajectory,TRAN,21,17.171493327020134,0.4292873331755033,optimal,2.426547779003158,32049,53681,200030
v0,Easynet-r2,Easynet,trajectory,TRAN,22,15.816655691635436,0.3954163922908859,optimal,2.3629790780032636,32049,53681,200030
v0,Easynet-r2,Easynet,trajectory,TRAN,23,16.587392382866984,0.4146848095716746,optimal,2.1439702610005043,32049,53681,200030
v0,Easynet-r2,Easynet,trajectory,TRAN,24,15.7590525179047,0.3939763129476175,optimal,2.0940698240010533,32049,53681,200030
v0,Easynet-r2,Easynet,trajectory,TRAN,25,15.80679970835942,0.3951699927089855,optimal,2.046981653002149,32049,53681,200030
v0,Easynet-r2,Easynet,trajectory,TRAN,26,16.635800360802982,0.41589500902007454,optimal,2.0152692759947968,32049,53681,200030
v0,Easynet-r2,Easynet,trajectory,TRAN,27,15.872806868599813,0.39682017171499534,optimal,1.9993966019974323,32049,53681,200030
v0,Easynet-r2,Easynet,trajectory,TRAN,28,17.302285718005187,0.4325571429501297,optimal,2.20156634599698,32049,53681,200030
v0,Easynet-r2,Easynet,trajectory,TRAN,29,15.576880008664386,0.38942200021660967,optimal,2.3997399650033913,32049,53681,200030
v0,Garr200112-r0,Garr200112,trajectory,B1,0,26.558450084397894,0.6639612521099474,optimal,2.5559997529999237,29323,56299,188119
v0,Garr200112-r0,Garr200112,trajectory,B1,1,26.168215870795468,0.6542053967698866,optimal,2.6479802440007916,29323,56299,188119
v0,Garr200112-r0,Garr200112,trajectory,B1,2,24.181603576238,0.60454008940595,optimal,2.223572292001336,29323,56299,188119
v0,Garr200112-r0,Garr200112,trajectory,B1,3,27.29150670746204,0.682287667686551,optimal,2.474293580999074,29323,56299,188119
v0,Garr200112-r0,Garr200112,trajectory,B1,4,26.49708216165317,0.6624270540413293,optimal,2.2106099059965345,29323,56299,188119
v0,Garr200112-r0,Garr200112,trajectory,B1,5,26.210578783059788,0.6552644695764946,optimal,2.4989752670007874,29323,56299,188119
v0,Garr200112-r0,Garr200112,trajectory,B1,6,26.487099694203195,0.6621774923550798,optimal,2.409476167995308,29323,56299,188119
v0,Garr200112-r0,Garr200112,trajectory,B1,7,26.881533188758766,0.6720383297189692,optimal,2.045617695002875,29323,56299,188119
v0,Garr200112-r0,Garr200112,trajectory,B1,8,25.791314947507008,0.6447828736876752,optimal,2.536247274001653,29323,56299,188119
v0,Garr200112-r0,Garr200112,trajectory,B1,9,25.334720220825854,0.6333680055206463,optimal,1.992271241004346,29323,56299,188119
v0,Garr200112-r0,Garr200112,trajectory,B1,10,27.209688947341846,0.6802422236835461,optimal,2.4813326410003356,29323,56299,188119
v0,Garr200112-r0,Garr200112,trajectory,B1,11,26.435522419743727,0.6608880604935932,optimal,2.254929861999699,29323,56299,188119
v0,Garr200112-r0,Garr200112,trajectory,B1,12,24.95142630112806,0.6237856575282015,optimal,2.028983378004341,29323,56299,188119
v0,Garr200112-r0,Garr200112,trajectory,B1,13,24.623196633692842,0.6155799158423211,optimal,2.191612779002753,29323,56299,188119
v0,Garr200112-r0,Garr200112,trajectory,B1,14,26.161842877870562,0.654046071946764,optimal,2.155636550000054,29323,56299,188119
v0,Garr200112-r0,Garr200112,trajectory,B1,15,26.807635694165572,0.6701908923541393,optimal,2.075405411000247,29323,56299,188119
v0,Garr200112-r0,Garr200112,trajectory,B1,16,25.47054979747226,0.6367637449368064,optimal,1.9570754719970864,29323,56299,188119
v0,Garr200112-r0,Garr200112,trajectory,B1,17,26.933622022299826,0.6733405505574956,optimal,1.9764004460012075,29323,56299,188119
v0,Garr200112-r0,Garr200112,trajectory,B1,18,26.42021759877361,0.6605054399693403,optimal,2.135744658000476,29323,56299,188119
v0,Garr200112-r0,Garr200112,trajectory,B1,19,25.25237506357547,0.6313093765893868,optimal,2.4046489129978,29323,56299,188119
v0,Garr200112-r0,Garr200112,trajectory,B1,20,25.424673455630124,0.6356168363907531,optimal,2.029541807001806,29323,56299,188119
v0,Garr200112-r0,Garr200112,trajectory,B1,21,26.668053331039438,0.6667013332759859,optimal,2.027867476004758,29323,56299,188119
v0,Garr200112-r0,Garr200112,trajectory,B1,22,25.16459694299094,0.6291149235747735,optimal,1.9873480120004388,29323,56299,188119
v0,Garr200112-r0,Garr200112,trajectory,B1,23,25.464175405086888,0.6366043851271722,optimal,2.477403327000502,29323,56299,188119
v0,Garr200112-r0,Garr200112,trajectory,B1,24,24.949861742287993,0.6237465435571998,optimal,2.026256512996042,29323,56299,188119
v0,Garr200112-r0,Garr200112,trajectory,B1,25,26.163209874610562,0.654080246865264,optimal,2.0165400259938906,29323,56299,188119
v0,Garr200112-r0,Garr200112,trajectory,B1,26,27.548066472048955,0.6887016618012238,optimal,2.157547180002439,29323,56299,188119
v0,Garr200112-r0,Garr200112,trajectory,B1,27,25.825162656524004,0.6456290664131001,optimal,2.3431978410008014,29323,56299,188119
v0,Garr200112-r0,Garr200112,trajectory,B1,28,26.950504394569588,0.6737626098642397,optimal,2.1888496379979188,29323,56299,188119
v0,Garr200112-r0,Garr200112,trajectory,B1,29,25.99852959233206,0.6499632398083015,optimal,2.3781462730039493,29323,56299,188119
v0,Garr200112-r0,Garr200112,trajectory,TRAN,0,27.717298313478274,0.6929324578369569,optimal,2.001501387996541,29323,56299,188119
v0,Garr200112-r0,Garr200112,trajectory,TRAN,1,27.956954222985612,0.6989238555746403,optimal,2.112680903002911,29323,56299,188119
v0,Garr200112-r0,Garr200112,trajectory,TRAN,2,27.463263517166716,0.6865815879291679,optimal,1.9580909630021779,29323,56299,188119
v0,Garr200112-r0,Garr200112,trajectory,TRAN,3,28.897028058289475,0.7224257014572368,optimal,2.137321351998253,29323,56299,188119
v0,Garr200112-r0,Garr200112,trajectory,TRAN,4,28.595073040703447,0.7148768260175862,optimal,2.3277174629984074,29323,56299,188119
v0,Garr200112-r0,Garr200112,trajectory,TRAN,5,28.070791466413336,0.7017697866603334,optimal,2.3269915230048355,29323,56299,188119
v0,Garr200112-r0,Garr200112,trajectory,TRAN,6,28.041545442238547,0.7010386360559637,optimal,2.2904633389989613,29323,56299,188119
v0,Garr200112-r0,Garr200112,trajectory,TRAN,7,28.66263387139544,0.716565846784886,optimal,2.3301316470024176,29323,56299,188119
v0,Garr200112-r0,Garr200112,trajectory,TRAN,8,28.284634905492766,0.7071158726373191,optimal,2.1214966449988424,29323,56299,188119
v0,Garr200112-r0,Garr200112,trajectory,TRAN,9,27.72009853199781,0.6930024632999452,optimal,1.800544092002383,29323,56299,188119
v0,Garr200112-r0,Garr200112,trajectory,TRAN,10,28.908778094659933,0.7227194523664984,optimal,1.9208128499958548,29323,56299,188119
v0,Garr200112-r0,Garr200112,trajectory,TRAN,11,27.918557849448504,0.6979639462362126,optimal,1.9663829740020446,29323,56299,188119
v0,Garr200112-r0,Garr200112,trajectory,TRAN,12,27.701017713180033,0.6925254428295008,optimal,2.073453260003589,29323,56299,188119
v0,Garr200112-r0,Garr200112,trajectory,TRAN,13,27.69136237784638,0.6922840594461596,optimal,1.9954888310021488,29323,56299,188119
v0,Garr200112-r0,Garr200112,trajectory,TRAN,14,27.976366902957075,0.6994091725739269,optimal,2.014544197001669,29323,56299,188119
v0,Garr200112-r0,Garr200112,trajectory,TRAN,15,28.442114296627018,0.7110528574156755,optimal,1.97092486499605,29323,56299,188119
v0,Garr200112-r0,Garr200112,trajectory,TRAN,16,28.253177454568625,0.7063294363642156,optimal,1.8631018140004016,29323,56299,188119
v0,Garr200112-r0,Garr200112,trajectory,TRAN,17,28.44649952593122,0.7111624881482805,optimal,2.101736766002432,29323,56299,188119
v0,Garr200112-r0,Garr200112,trajectory,TRAN,18,28.089885351081037,0.702247133777026,optimal,1.8717213409981923,29323,56299,188119
v0,Garr200112-r0,Garr200112,trajectory,TRAN,19,27.911857178970337,0.6977964294742585,optimal,2.0147573399954126,29323,56299,188119
v0,Garr200112-r0,Garr200112,trajectory,TRAN,20,27.9524510562056,0.69881127640514,optimal,1.998552754004777,29323,56299,188119
v0,Garr200112-r0,Garr200112,trajectory,TRAN,21,29.05913353116448,0.726478338279112,optimal,2.1144624829976237,29323,56299,188119
v0,Garr200112-r0,Garr200112,trajectory,TRAN,22,28.066537049608545,0.7016634262402136,optimal,1.981377912001335,29323,56299,188119
v0,Garr200112-r0,Garr200112,trajectory,TRAN,23,27.520323627669452,0.6880080906917363,optimal,2.0295393710039207,29323,56299,188119
v0,Garr200112-r0,Garr200112,trajectory,TRAN,24,27.381232682826646,0.6845308170706661,optimal,1.8879414409966557,29323,56299,188119
v0,Garr200112-r0,Garr200112,trajectory,TRAN,25,28.56714070101234,0.7141785175253086,optimal,1.9282376499977545,29323,56299,188119
v0,Garr200112-r0,Garr200112,trajectory,TRAN,26,28.840900280313257,0.7210225070078314,optimal,1.945019026999944,29323,56299,188119
v0,Garr200112-r0,Garr200112,trajectory,TRAN,27,27.241464160600614,0.6810366040150153,optimal,1.8372628829965834,29323,56299,188119
v0,Garr200112-r0,Garr200112,trajectory,TRAN,28,28.41387016851291,0.7103467542128228,optimal,2.0122566819991334,29323,56299,188119
v0,Garr200112-r0,Garr200112,trajectory,TRAN,29,28.161108607368583,0.7040277151842146,optimal,1.9269115739953122,29323,56299,188119
v0,Garr200112-r1,Garr200112,trajectory,B1,0,25.79657240366178,0.6449143100915445,optimal,2.66254254100204,29492,55968,190080
v0,Garr200112-r1,Garr200112,trajectory,B1,1,31.894837681034986,0.7973709420258747,optimal,2.683545572006551,29492,55968,190080
v0,Garr200112-r1,Garr200112,trajectory,B1,2,30.354311816281015,0.7588577954070254,optimal,2.485117144002288,29492,55968,190080
v0,Garr200112-r1,Garr200112,trajectory,B1,3,30.203460032097837,0.7550865008024459,optimal,2.505966658005491,29492,55968,190080
v0,Garr200112-r1,Garr200112,trajectory,B1,4,31.290215830496432,0.7822553957624108,optimal,2.6848898290045327,29492,55968,190080
v0,Garr200112-r1,Garr200112,trajectory,B1,5,31.27001171491189,0.7817502928727973,optimal,2.9162913850013865,29492,55968,190080
v0,Garr200112-r1,Garr200112,trajectory,B1,6,31.45008750704893,0.7862521876762233,optimal,2.5456238179976935,29492,55968,190080
v0,Garr200112-r1,Garr200112,trajectory,B1,7,29.76867135875281,0.7442167839688202,optimal,2.5234729000003426,29492,55968,190080
v0,Garr200112-r1,Garr200112,trajectory,B1,8,31.00373850845854,0.7750934627114635,optimal,2.5760209250001935,29492,55968,190080
v0,Garr200112-r1,Garr200112,trajectory,B1,9,31.14412319180183,0.7786030797950458,optimal,2.789815500000259,29492,55968,190080
v0,Garr200112-r1,Garr200112,trajectory,B1,10,30.364871243129766,0.7591217810782441,optimal,2.7222104530010256,29492,55968,190080
v0,Garr200112-r1,Garr200112,trajectory,B1,11,31.738896589656523,0.7934724147414131,optimal,3.129428756001289,29492,55968,190080
v0,Garr200112-r1,Garr200112,trajectory,B1,12,30.089038499610638,0.752225962490266,optimal,2.474363937995804,29492,55968,190080
v0,Garr200112-r1,Garr200112,trajectory,B1,13,30.439404316445085,0.7609851079111272,optimal,2.8845148220061674,29492,55968,190080
v0,Garr200112-r1,Garr200112,trajectory,B1,14,29.77366668928308,0.744341667232077,optimal,2.811508942999353,29492,55968,190080
v0,Garr200112-r1,Garr200112,trajectory,B1,15,30.179414777820586,0.7544853694455147,optimal,2.563853181003651,29492,55968,190080
v0,Garr200112-r1,Garr200112,trajectory,B1,16,31.0946777367455,0.7773669434186374,optimal,2.7287898389986367,29492,55968,190080
v0,Garr200112-r1,Garr200112,trajectory,B1,17,31.63793121932158,0.7909482804830394,optimal,2.50643489399954,29492,55968,190080
v0,Garr200112-r1,Garr200112,trajectory,B1,18,30.62879383656942,0.7657198459142356,optimal,2.6532748120007454,29492,55968,190080
v0,Garr200112-r1,Garr200112,trajectory,B1,19,27.72515587714397,0.6931288969285992,optimal,2.5377664039988304,29492,55968,190080
v0,Garr200112-r1,Garr200112,trajectory,B1,20,30.030966102662987,0.7507741525665746,optimal,3.1665498160000425,29492,55968,190080
v0,Garr200112-r1,Garr200112,trajectory,B1,21,30.058282962048544,0.7514570740512136,optimal,2.779351041004702,29492,55968,190080
v0,Garr200112-r1,Garr200112,trajectory,B1,22,30.98358204384173,0.7745895510960432,optimal,2.5003119130051346,29492,55968,190080
v0,Garr200112-r1,Garr200112,trajectory,B1,23,30.99933859072534,0.7749834647681335,optimal,2.9423868590019993,29492,55968,190080
v0,Garr200112-r1,Garr200112,trajectory,B1,24,30.730194875256032,0.7682548718814008,optimal,2.9943902189988876,29492,55968,190080
v0,Garr200112-r1,Garr200112,trajectory,B1,25,29.7893434098081,0.7447335852452025,optimal,2.44554064499971,29492,55968,190080
v0,Garr200112-r1,Garr200112,trajectory,B1,26,29.946976940957413,0.7486744235239353,optimal,2.388888326997403,29492,55968,190080
v0,Garr200112-r1,Garr200112,trajectory,B1,27,30.629780520779196,0.7657445130194799,optimal,2.664291660003073,29492,55968,190080
v0,Garr200112-r1,Garr200112,trajectory,B1,28,31.79514548492504,0.794878637123126,optimal,2.7334216399976867,29492,55968,190080
v0,Garr200112-r1,Garr200112,trajectory,B1,29,29.457742670529786,0.7364435667632446,optimal,2.919740303004801,29492,55968,190080
v0,Garr200112-r1,Garr200112,trajectory,TRAN,0,36.30753345411238,0.9076883363528095,optimal,2.890231125995342,29492,55968,190080
v0,Garr200112-r1,Garr200112,trajectory,TRAN,1,36.460278617035506,0.9115069654258876,optimal,3.444536672999675,29492,55968,190080
v0,Garr200112-r1,Garr200112,trajectory,TRAN,2,37.12882216253767,0.9282205540634418,optimal,3.5825012040004367,29492,55968,190080
v0,Garr200112-r1,Garr200112,trajectory,TRAN,3,36.59817509183604,0.914954377295901,optimal,3.7781945879978593,29492,55968,190080
v0,Garr200112-r1,Garr200112,trajectory,TRAN,4,36.3266908442487,0.9081672711062175,optimal,3.5934749060033937,29492,55968,190080
v0,Garr200112-r1,Garr200112,trajectory,TRAN,5,36.39996604239462,0.9099991510598654,optimal,3.3724338249958237,29492,55968,190080
v0,Garr200112-r1,Garr200112,trajectory,TRAN,6,36.08467240255902,0.9021168100639756,optimal,3.36030182599643,29492,55968,190080
v0,Garr200112-r1,Garr200112,trajectory,TRAN,7,35.67689526339585,0.8919223815848962,optimal,2.725594868999906,29492,55968,190080
v0,Garr200112-r1,Garr200112,trajectory,TRAN,8,37.121647163554734,0.9280411790888683,optimal,2.792563512994093,29492,55968,190080
v0,Garr200112-r1,Garr200112,trajectory,TRAN,9,36.19093820119144,0.9047734550297861,optimal,2.4570847040013177,29492,55968,190080
v0,Garr200112-r1,Garr200112,trajectory,TRAN,10,36.80338600891616,0.9200846502229041,optimal,2.802305727993371,29492,55968,190080
v0,Garr200112-r1,Garr200112,trajectory,TRAN,11,37.08434641488829,0.9271086603722072,optimal,3.123750022998138,29492,55968,190080
v0,Garr200112-r1,Garr200112,trajectory,TRAN,12,36.208295619135654,0.9052073904783914,optimal,2.528173634003906,29492,55968,190080
v0,Garr200112-r1,Garr200112,trajectory,TRAN,13,36.11832095593559,0.9029580238983896,optimal,2.4510411890005344,29492,55968,190080
v0,Garr200112-r1,Garr200112,trajectory,TRAN,14,35.258090907942844,0.8814522726985711,optimal,2.39510018099827,29492,55968,190080
v0,Garr200112-r1,Garr200112,trajectory,TRAN,15,35.58371102955992,0.8895927757389981,optimal,2.5630979870038573,29492,55968,190080
v0,Garr200112-r1,Garr200112,trajectory,TRAN,16,36.44426618167143,0.9111066545417857,optimal,2.355876952999097,29492,55968,190080
v0,Garr200112-r1,Garr200112,trajectory,TRAN,17,35.21995538771817,0.8804988846929543,optimal,2.359439433996158,29492,55968,190080
v0,Garr200112-r1,Garr200112,trajectory,TRAN,18,35.59307680901415,0.8898269202253537,optimal,2.2803197300017928,29492,55968,190080
v0,Garr200112-r1,Garr200112,trajectory,TRAN,19,36.72262295156784,0.9180655737891961,optimal,2.4506320869986666,29492,55968,190080
v0,Garr200112-r1,Garr200112,trajectory,TRAN,20,37.085545969104324,0.9271386492276081,optimal,2.6115743900008965,29492,55968,190080
v0,Garr200112-r1,Garr200112,trajectory,TRAN,21,37.09621417565129,0.9274053543912822,optimal,2.4385184190032305,29492,55968,190080
v0,Garr200112-r1,Garr200112,trajectory,TRAN,22,35.71899024469258,0.8929747561173145,optimal,2.344504907996452,29492,55968,190080
v0,Garr200112-r1,Garr200112,trajectory,TRAN,23,35.975093547599414,0.8993773386899854,optimal,2.9433050579973496,29492,55968,190080
v0,Garr200112-r1,Garr200112,trajectory,TRAN,24,34.888943450602625,0.8722235862650656,optimal,3.059507628000574,29492,55968,190080
v0,Garr200112-r1,Garr200112,trajectory,TRAN,25,36.03045947664669,0.9007614869161673,optimal,2.8324752300031832,29492,55968,190080
v0,Garr200112-r1,Garr200112,trajectory,TRAN,26,36.42997827499961,0.9107494568749903,optimal,2.8681533459966886,29492,55968,190080
v0,Garr200112-r1,Garr200112,trajectory,TRAN,27,37.04411973919128,0.926102993479782,optimal,3.1286101619989495,29492,55968,190080
v0,Garr200112-r1,Garr200112,trajectory,TRAN,28,35.67188242345533,0.8917970605863832,optimal,3.6872677330029546,29492,55968,190080
v0,Garr200112-r1,Garr200112,trajectory,TRAN,29,35.58683090194725,0.8896707725486813,optimal,3.1384228899987647,29492,55968,190080
v0,Garr200112-r2,Garr200112,trajectory,B1,0,35.13818584874842,0.8784546462187105,optimal,2.810163472997374,31112,61287,200394
v0,Garr200112-r2,Garr200112,trajectory,B1,1,35.74640163214284,0.8936600408035711,optimal,2.62410685299983,31112,61287,200394
v0,Garr200112-r2,Garr200112,trajectory,B1,2,35.20919024567759,0.8802297561419398,optimal,2.3652846650002175,31112,61287,200394
v0,Garr200112-r2,Garr200112,trajectory,B1,3,34.831032951344426,0.8707758237836106,optimal,3.0008158150012605,31112,61287,200394
v0,Garr200112-r2,Garr200112,trajectory,B1,4,35.56510429179958,0.8891276072949894,optimal,2.62037058200076,31112,61287,200394
v0,Garr200112-r2,Garr200112,trajectory,B1,5,34.94838799526072,0.8737096998815179,optimal,2.5615853859999334,31112,61287,200394
v0,Garr200112-r2,Garr200112,trajectory,B1,6,35.286894480497054,0.8821723620124263,optimal,2.6566893530034577,31112,61287,200394
v0,Garr200112-r2,Garr200112,trajectory,B1,7,35.67413930171054,0.8918534825427635,optimal,2.8825597940012813,31112,61287,200394
v0,Garr200112-r2,Garr200112,trajectory,B1,8,35.08094053199985,0.8770235132999963,optimal,2.778886156003864,31112,61287,200394
v0,Garr200112-r2,Garr200112,trajectory,B1,9,35.900785503567576,0.8975196375891894,optimal,2.658941945999686,31112,61287,200394
v0,Garr200112-r2,Garr200112,trajectory,B1,10,35.49721446097782,0.8874303615244455,optimal,2.693412710003031,31112,61287,200394
v0,Garr200112-r2,Garr200112,trajectory,B1,11,35.31447744343398,0.8828619360858495,optimal,2.621564273998956,31112,61287,200394
v0,Garr200112-r2,Garr200112,trajectory,B1,12,35.49429598200813,0.8873573995502033,optimal,2.5386226769987843,31112,61287,200394
v0,Garr200112-r2,Garr200112,trajectory,B1,13,35.506340483012444,0.8876585120753111,optimal,2.587194220002857,31112,61287,200394
v0,Garr200112-r2,Garr200112,trajectory,B1,14,35.39560417881964,0.884890104470491,optimal,2.430175298002723,31112,61287,200394
v0,Garr200112-r2,Garr200112,trajectory,B1,15,35.81735453511763,0.8954338633779407,optimal,2.64701342999615,31112,61287,200394
v0,Garr200112-r2,Garr200112,trajectory,B1,16,35.187466916705496,0.8796866729176374,optimal,2.5875583740053116,31112,61287,200394
v0,Garr200112-r2,Garr200112,trajectory,B1,17,35.31720886141146,0.8829302215352864,optimal,2.8396159609983442,31112,61287,200394
v0,Garr200112-r2,Garr200112,trajectory,B1,18,34.732047004800464,0.8683011751200116,optimal,2.6685314060014207,31112,61287,200394
v0,Garr200112-r2,Garr200112,trajectory,B1,19,35.8944539289635,0.8973613482240875,optimal,2.764190771005815,31112,61287,200394
v0,Garr200112-r2,Garr200112,trajectory,B1,20,35.60181757869384,0.890045439467346,optimal,2.8086791910027387,31112,61287,200394
v0,Garr200112-r2,Garr200112,trajectory,B1,21,34.72457486102956,0.868114371525739,optimal,2.4249973549958668,31112,61287,200394
v0,Garr200112-r2,Garr200112,trajectory,B1,22,34.56790323606434,0.8641975809016085,optimal,2.9543356060021324,31112,61287,200394
v0,Garr200112-r2,Garr200112,trajectory,B1,23,35.6129578551824,0.89032394637956,optimal,2.84608294100326,31112,61287,200394
v0,Garr200112-r2,Garr200112,trajectory,B1,24,34.89776830034975,0.8724442075087439,optimal,2.398756961003528,31112,61287,200394
v0,Garr200112-r2,Garr200112,trajectory,B1,25,35.78918264854405,0.8947295662136012,optimal,2.6489193119996344,31112,61287,200394
v0,Garr200112-r2,Garr200112,trajectory,B1,26,35.411048390191816,0.8852762097547954,optimal,2.6182683919978444,31112,61287,200394
v0,Garr200112-r2,Garr200112,trajectory,B1,27,35.57506626202353,0.8893766565505883,optimal,2.46427577999566,31112,61287,200394
v0,Garr200112-r2,Garr200112,trajectory,B1,28,35.2469648730344,0.88117412182586,optimal,2.7990458569984185,31112,61287,200394
v0,Garr200112-r2,Garr200112,trajectory,B1,29,35.365371250714475,0.8841342812678619,optimal,2.9913148609994096,31112,61287,200394
v0,Garr200112-r2,Garr200112,trajectory,TRAN,0,38.065911428816065,0.9516477857204017,optimal,2.2351902080044965,31112,61287,200394
v0,Garr200112-r2,Garr200112,trajectory,TRAN,1,37.583683008950025,0.9395920752237507,optimal,2.2182801899980404,31112,61287,200394
v0,Garr200112-r2,Garr200112,trajectory,TRAN,2,37.86239163723794,0.9465597909309486,optimal,2.2309104689993546,31112,61287,200394
v0,Garr200112-r2,Garr200112,trajectory,TRAN,3,37.487345089592196,0.9371836272398049,optimal,2.385059922002256,31112,61287,200394
v0,Garr200112-r2,Garr200112,trajectory,TRAN,4,37.405205448332616,0.9351301362083154,optimal,1.9475217729996075,31112,61287,200394
v0,Garr200112-r2,Garr200112,trajectory,TRAN,5,37.692302921037744,0.9423075730259436,optimal,2.176575151999714,31112,61287,200394
v0,Garr200112-r2,Garr200112,trajectory,TRAN,6,37.756265177853585,0.9439066294463396,optimal,2.335378281000885,31112,61287,200394
v0,Garr200112-r2,Garr200112,trajectory,TRAN,7,37.66660073412113,0.9416650183530283,optimal,2.072084368002834,31112,61287,200394
v0,Garr200112-r2,Garr200112,trajectory,TRAN,8,37.70048625316774,0.9425121563291935,optimal,1.9916350220009917,31112,61287,200394
v0,Garr200112-r2,Garr200112,trajectory,TRAN,9,37.45279715994436,0.936319928998609,optimal,1.9795587830012664,31112,61287,200394
v0,Garr200112-r2,Garr200112,trajectory,TRAN,10,37.87344902271447,0.9468362255678617,optimal,2.10544555800152,31112,61287,200394
v0,Garr200112-r2,Garr200112,trajectory,TRAN,11,37.79647388623706,0.9449118471559265,optimal,2.0810743030015146,31112,61287,200394
v0,Garr200112-r2,Garr200112,trajectory,TRAN,12,37.71122811674741,0.9427807029186852,optimal,2.1084808460000204,31112,61287,200394
v0,Garr200112-r2,Garr200112,trajectory,TRAN,13,37.39549882203365,0.9348874705508413,optimal,2.0207977809986915,31112,61287,200394
v0,Garr200112-r2,Garr200112,trajectory,TRAN,14,37.45240408847803,0.9363101022119509,optimal,2.2107283729928895,31112,61287,200394
v0,Garr200112-r2,Garr200112,trajectory,TRAN,15,37.536751450544514,0.9384187862636129,optimal,1.9398658459977014,31112,61287,200394
v0,Garr200112-r2,Garr200112,trajectory,TRAN,16,37.84012433363795,0.9460031083409488,optimal,2.3563100910032517,31112,61287,200394
v0,Garr200112-r2,Garr200112,trajectory,TRAN,17,37.70726201242203,0.9426815503105507,optimal,2.147552859998541,31112,61287,200394
v0,Garr200112-r2,Garr200112,trajectory,TRAN,18,37.74450104755512,0.9436125261888779,optimal,2.3325148329968215,31112,61287,200394
v0,Garr200112-r2,Garr200112,trajectory,TRAN,19,37.613727969429334,0.9403431992357334,optimal,2.0995761180020054,31112,61287,200394
v0,Garr200112-r2,Garr200112,trajectory,TRAN,20,37.622611455459364,0.9405652863864841,optimal,2.0940665259986417,31112,61287,200394
v0,Garr200112-r2,Garr200112,trajectory,TRAN,21,37.577796083218544,0.9394449020804636,optimal,2.226638579995779,31112,61287,200394
v0,Garr200112-r2,Garr200112,trajectory,TRAN,22,37.40558231342183,0.9351395578355458,optimal,2.020374730003823,31112,61287,200394
v0,Garr200112-r2,Garr200112,trajectory,TRAN,23,37.45577500882618,0.9363943752206545,optimal,2.2572112990019377,31112,61287,200394
v0,Garr200112-r2,Garr200112,trajectory,TRAN,24,37.47404541986974,0.9368511354967435,optimal,1.9508436780015472,31112,61287,200394
v0,Garr200112-r2,Garr200112,trajectory,TRAN,25,37.69751981867881,0.9424379954669704,optimal,2.0755458819985506,31112,61287,200394
v0,Garr200112-r2,Garr200112,trajectory,TRAN,26,37.607674382926156,0.9401918595731539,optimal,2.1992869560053805,31112,61287,200394
v0,Garr200112-r2,Garr200112,trajectory,TRAN,27,37.80427355026495,0.9451068387566238,optimal,2.1467560570017667,31112,61287,200394
v0,Garr200112-r2,Garr200112,trajectory,TRAN,28,37.671164004747986,0.9417791001186997,optimal,2.173910372002865,31112,61287,200394
v0,Garr200112-r2,Garr200112,trajectory,TRAN,29,37.916556235536866,0.9479139058884216,optimal,2.1970255069973064,31112,61287,200394
v0,Garr200404-r0,Garr200404,trajectory,B1,0,30.491502462178364,0.7622875615544591,optimal,2.127966469997773,30153,58952,198035
v0,Garr200404-r0,Garr200404,trajectory,B1,1,29.33607305605347,0.7334018264013367,optimal,2.3050747659945046,30153,58952,198035
v0,Garr200404-r0,Garr200404,trajectory,B1,2,30.75840147681237,0.7689600369203092,optimal,2.3897238680001465,30153,58952,198035
v0,Garr200404-r0,Garr200404,trajectory,B1,3,28.973967522969332,0.7243491880742333,optimal,2.160031788997003,30153,58952,198035
v0,Garr200404-r0,Garr200404,trajectory,B1,4,29.152677188882258,0.7288169297220565,optimal,2.0127886430054787,30153,58952,198035
v0,Garr200404-r0,Garr200404,trajectory,B1,5,29.898611402999816,0.7474652850749954,optimal,1.9485357209996437,30153,58952,198035
v0,Garr200404-r0,Garr200404,trajectory,B1,6,30.66895007804804,0.766723751951201,optimal,1.9527330399942002,30153,58952,198035
v0,Garr200404-r0,Garr200404,trajectory,B1,7,30.381642473919918,0.759541061847998,optimal,2.1274101239978336,30153,58952,198035
v0,Garr200404-r0,Garr200404,trajectory,B1,8,30.67103998533605,0.7667759996334013,optimal,2.0198643340045237,30153,58952,198035
v0,Garr200404-r0,Garr200404,trajectory,B1,9,30.561280631414423,0.7640320157853606,optimal,2.133936716003518,30153,58952,198035
v0,Garr200404-r0,Garr200404,trajectory,B1,10,29.485300162851853,0.7371325040712964,optimal,1.9291977280008723,30153,58952,198035
v0,Garr200404-r0,Garr200404,trajectory,B1,11,30.72044459316137,0.7680111148290343,optimal,2.200726172995928,30153,58952,198035
v0,Garr200404-r0,Garr200404,trajectory,B1,12,29.732970505184827,0.7433242626296207,optimal,1.9969350100000156,30153,58952,198035
v0,Garr200404-r0,Garr200404,trajectory,B1,13,30.647924783939924,0.7661981195984982,optimal,2.1930050320006558,30153,58952,198035
v0,Garr200404-r0,Garr200404,trajectory,B1,14,30.7479084967756,0.76869771241939,optimal,2.025106212000537,30153,58952,198035
v0,Garr200404-r0,Garr200404,trajectory,B1,15,29.170128479893073,0.7292532119973268,optimal,2.18122991600103,30153,58952,198035
v0,Garr200404-r0,Garr200404,trajectory,B1,16,30.73019161406901,0.7682547903517253,optimal,2.185692036000546,30153,58952,198035
v0,Garr200404-r0,Garr200404,trajectory,B1,17,30.874705962998743,0.7718676490749685,optimal,2.276443950002431,30153,58952,198035
v0,Garr200404-r0,Garr200404,trajectory,B1,18,30.152934684316428,0.7538233671079106,optimal,2.1640941299992846,30153,58952,198035
v0,Garr200404-r0,Garr200404,trajectory,B1,19,31.062639674019387,0.7765659918504847,optimal,2.339547225004935,30153,58952,198035
v0,Garr200404-r0,Garr200404,trajectory,B1,20,29.7523835221663,0.7438095880541575,optimal,1.8794590750039788,30153,58952,198035
v0,Garr200404-r0,Garr200404,trajectory,B1,21,30.48876732803827,0.7622191832009568,optimal,2.57470777999697,30153,58952,198035
v0,Garr200404-r0,Garr200404,trajectory,B1,22,31.00314308411946,0.7750785771029866,optimal,2.0023283830014407,30153,58952,198035
v0,Garr200404-r0,Garr200404,trajectory,B1,23,29.70232819781627,0.7425582049454068,optimal,1.953496438000002,30153,58952,198035
v0,Garr200404-r0,Garr200404,trajectory,B1,24,29.672955131311415,0.7418238782827854,optimal,2.0373139709990937,30153,58952,198035
v0,Garr200404-r0,Garr200404,trajectory,B1,25,30.333438119313293,0.7583359529828323,optimal,2.2877899630038883,30153,58952,198035
v0,Garr200404-r0,Garr200404,trajectory,B1,26,30.53954139524278,0.7634885348810695,optimal,2.453617954000947,30153,58952,198035
v0,Garr200404-r0,Garr200404,trajectory,B1,27,30.004458995730197,0.7501114748932549,optimal,2.0254590379990987,30153,58952,198035
v0,Garr200404-r0,Garr200404,trajectory,B1,28,30.405572172082522,0.760139304302063,optimal,2.2201226119941566,30153,58952,198035
v0,Garr200404-r0,Garr200404,trajectory,B1,29,31.094857895271723,0.7773714473817931,optimal,2.070462766001583,30153,58952,198035
v0,Garr200404-r0,Garr200404,trajectory,TRAN,0,31.783154985543575,0.7945788746385893,optimal,1.944461377999687,30153,58952,198035
v0,Garr200404-r0,Garr200404,trajectory,TRAN,1,32.042670428872285,0.8010667607218072,optimal,1.7735358200006885,30153,58952,198035
v0,Garr200404-r0,Garr200404,trajectory,TRAN,2,31.925185282714338,0.7981296320678585,optimal,1.6600929039996117,30153,58952,198035
v0,Garr200404-r0,Garr200404,trajectory,TRAN,3,30.384444192550877,0.7596111048137719,optimal,1.911273848003475,30153,58952,198035
v0,Garr200404-r0,Garr200404,trajectory,TRAN,4,31.937622266747567,0.7984405566686892,optimal,1.662170691000938,30153,58952,198035
v0,Garr200404-r0,Garr200404,trajectory,TRAN,5,31.92012209806903,0.7980030524517258,optimal,1.81022088300233,30153,58952,198035
v0,Garr200404-r0,Garr200404,trajectory,TRAN,6,31.548437483104653,0.7887109370776163,optimal,1.6545978080030181,30153,58952,198035
v0,Garr200404-r0,Garr200404,trajectory,TRAN,7,32.16139087084942,0.8040347717712354,optimal,1.7042919919986161,30153,58952,198035
v0,Garr200404-r0,Garr200404,trajectory,TRAN,8,31.89691685212642,0.7974229213031605,optimal,1.7924759829984396,30153,58952,198035
v0,Garr200404-r0,Garr200404,trajectory,TRAN,9,31.953682099122645,0.7988420524780662,optimal,2.090082495000388,30153,58952,198035
v0,Garr200404-r0,Garr200404,trajectory,TRAN,10,32.04449247042827,0.8011123117607066,optimal,1.8205891229954432,30153,58952,198035
v0,Garr200404-r0,Garr200404,trajectory,TRAN,11,31.503339998475983,0.7875834999618996,optimal,1.9733366849977756,30153,58952,198035
v0,Garr200404-r0,Garr200404,trajectory,TRAN,12,32.100762431470564,0.802519060786764,optimal,2.053995118003513,30153,58952,198035
v0,Garr200404-r0,Garr200404,trajectory,TRAN,13,31.863226716513015,0.7965806679128253,optimal,1.6214022869971814,30153,58952,198035
v0,Garr200404-r0,Garr200404,trajectory,TRAN,14,31.750050384756406,0.7937512596189101,optimal,1.7472022570000263,30153,58952,198035
v0,Garr200404-r0,Garr200404,trajectory,TRAN,15,31.999322900880102,0.7999830725220025,optimal,1.5824615710007492,30153,58952,198035
v0,Garr200404-r0,Garr200404,trajectory,TRAN,16,31.521403783421253,0.7880350945855313,optimal,1.9462697880007909,30153,58952,198035
v0,Garr200404-r0,Garr200404,trajectory,TRAN,17,32.21986999453701,0.8054967498634251,optimal,2.2365987000011955,30153,58952,198035
v0,Garr200404-r0,Garr200404,trajectory,TRAN,18,31.274308898667446,0.7818577224666862,optimal,2.1101950390002457,30153,58952,198035
v0,Garr200404-r0,Garr200404,trajectory,TRAN,19,31.83662047723181,0.7959155119307952,optimal,1.6053196139982902,30153,58952,198035
v0,Garr200404-r0,Garr200404,trajectory,TRAN,20,31.36969184492139,0.7842422961230348,optimal,1.678572118995362,30153,58952,198035
v0,Garr200404-r0,Garr200404,trajectory,TRAN,21,31.635061134545637,0.790876528363641,optimal,1.849851288003265,30153,58952,198035
v0,Garr200404-r0,Garr200404,trajectory,TRAN,22,32.32272467028716,0.8080681167571789,optimal,2.0732827649990213,30153,58952,198035
v0,Garr200404-r0,Garr200404,trajectory,TRAN,23,32.10985366745755,0.8027463416864388,optimal,2.205386747002194,30153,58952,198035
v0,Garr200404-r0,Garr200404,trajectory,TRAN,24,32.0402032804549,0.8010050820113724,optimal,2.0210894900010317,30153,58952,198035
v0,Garr200404-r0,Garr200404,trajectory,TRAN,25,31.762583987277612,0.7940645996819403,optimal,1.7466697409981862,30153,58952,198035
v0,Garr200404-r0,Garr200404,trajectory,TRAN,26,31.859500221175445,0.7964875055293861,optimal,1.7448369760022615,30153,58952,198035
v0,Garr200404-r0,Garr200404,trajectory,TRAN,27,31.773500341280684,0.7943375085320171,optimal,1.7081973919994198,30153,58952,198035
v0,Garr200404-r0,Garr200404,trajectory,TRAN,28,31.47100530831954,0.7867751327079885,optimal,1.74759341400204,30153,58952,198035
v0,Garr200404-r0,Garr200404,trajectory,TRAN,29,32.231572939078106,0.8057893234769526,optimal,1.8884437899978366,30153,58952,198035
v0,Garr200404-r1,Garr200404,trajectory,B1,0,32.00484824390131,0.8001212060975327,optimal,2.2560610469954554,34899,61202,213554
v0,Garr200404-r1,Garr200404,trajectory,B1,1,32.592543985197544,0.8148135996299386,optimal,2.5588999199972022,34899,61202,213554
v0,Garr200404-r1,Garr200404,trajectory,B1,2,32.04647715067001,0.8011619287667502,optimal,2.799254628997005,34899,61202,213554
v0,Garr200404-r1,Garr200404,trajectory,B1,3,32.764725371607994,0.8191181342901999,optimal,2.6769592339987867,34899,61202,213554
v0,Garr200404-r1,Garr200404,trajectory,B1,4,31.80875024382705,0.7952187560956763,optimal,2.5262217150011566,34899,61202,213554
v0,Garr200404-r1,Garr200404,trajectory,B1,5,32.22149923176015,0.8055374807940037,optimal,2.4378714690028573,34899,61202,213554
v0,Garr200404-r1,Garr200404,trajectory,B1,6,31.350683408042897,0.7837670852010724,optimal,2.3419572560014785,34899,61202,213554
v0,Garr200404-r1,Garr200404,trajectory,B1,7,31.109245901658262,0.7777311475414566,optimal,2.277781848999439,34899,61202,213554
v0,Garr200404-r1,Garr200404,trajectory,B1,8,32.01137580065157,0.8002843950162892,optimal,2.7518085979972966,34899,61202,213554
v0,Garr200404-r1,Garr200404,trajectory,B1,9,31.104390128731545,0.7776097532182886,optimal,2.3696891849976964,34899,61202,213554
v0,Garr200404-r1,Garr200404,trajectory,B1,10,31.578263214320327,0.7894565803580081,optimal,2.7894060789985815,34899,61202,213554
v0,Garr200404-r1,Garr200404,trajectory,B1,11,31.351113833785146,0.7837778458446286,optimal,2.4148042619999615,34899,61202,213554
v0,Garr200404-r1,Garr200404,trajectory,B1,12,32.80049986158125,0.8200124965395312,optimal,2.4237536059954436,34899,61202,213554
v0,Garr200404-r1,Garr200404,trajectory,B1,13,32.16640476861081,0.8041601192152703,optimal,2.260110048002389,34899,61202,213554
v0,Garr200404-r1,Garr200404,trajectory,B1,14,32.05957377520406,0.8014893443801014,optimal,2.185664826996799,34899,61202,213554
v0,Garr200404-r1,Garr200404,trajectory,B1,15,31.97815586501095,0.7994538966252738,optimal,2.4820669740001904,34899,61202,213554
v0,Garr200404-r1,Garr200404,trajectory,B1,16,31.88434652247058,0.7971086630617645,optimal,2.4040287800016813,34899,61202,213554
v0,Garr200404-r1,Garr200404,trajectory,B1,17,32.44092653778272,0.811023163444568,optimal,2.6451842649985338,34899,61202,213554
v0,Garr200404-r1,Garr200404,trajectory,B1,18,31.766915720983306,0.7941728930245826,optimal,2.336672167002689,34899,61202,213554
v0,Garr200404-r1,Garr200404,trajectory,B1,19,32.01884099363043,0.8004710248407607,optimal,2.4179114020007546,34899,61202,213554
v0,Garr200404-r1,Garr200404,trajectory,B1,20,30.3718923989945,0.7592973099748626,optimal,2.4012775470037013,34899,61202,213554
v0,Garr200404-r1,Garr200404,trajectory,B1,21,32.23038502549966,0.8057596256374915,optimal,2.8839738850001595,34899,61202,213554
v0,Garr200404-r1,Garr200404,trajectory,B1,22,32.71004280431957,0.8177510701079893,optimal,2.5738895449976553,34899,61202,213554
v0,Garr200404-r1,Garr200404,trajectory,B1,23,32.176714682422556,0.804417867060564,optimal,2.073044544995355,34899,61202,213554
v0,Garr200404-r1,Garr200404,trajectory,B1,24,31.849424060965987,0.7962356015241496,optimal,2.518058548004774,34899,61202,213554
v0,Garr200404-r1,Garr200404,trajectory,B1,25,30.326430201231727,0.7581607550307932,optimal,2.3788510789963766,34899,61202,213554
v0,Garr200404-r1,Garr200404,trajectory,B1,26,31.73962361040339,0.7934905902600848,optimal,2.8005912820008234,34899,61202,213554
v0,Garr200404-r1,Garr200404,trajectory,B1,27,31.555241487663512,0.7888810371915878,optimal,2.782773859995359,34899,61202,213554
v0,Garr200404-r1,Garr200404,trajectory,B1,28,33.20453058990129,0.8301132647475322,optimal,2.6982249789944035,34899,61202,213554
v0,Garr200404-r1,Garr200404,trajectory,B1,29,31.698452438335657,0.7924613109583915,optimal,2.9390260410000337,34899,61202,213554
v0,Garr200404-r1,Garr200404,trajectory,TRAN,0,34.4462191495728,0.86115547873932,optimal,2.242256407997047,34899,61202,213554
v0,Garr200404-r1,Garr200404,trajectory,TRAN,1,34.0008335916717,0.8500208397917925,optimal,2.107120792999922,34899,61202,213554
v0,Garr200404-r1,Garr200404,trajectory,TRAN,2,34.584679268582406,0.8646169817145601,optimal,2.2775453940048465,34899,61202,213554
v0,Garr200404-r1,Garr200404,trajectory,TRAN,3,33.92338368225243,0.8480845920563107,optimal,2.0757913919951534,34899,61202,213554
v0,Garr200404-r1,Garr200404,trajectory,TRAN,4,35.18935269087285,0.8797338172718213,optimal,2.096652975997131,34899,61202,213554
v0,Garr200404-r1,Garr200404,trajectory,TRAN,5,34.82269657865159,0.8705674144662897,optimal,2.2133160559969838,34899,61202,213554
v0,Garr200404-r1,Garr200404,trajectory,TRAN,6,32.47249737848734,0.8118124344621835,optimal,2.1916460049978923,34899,61202,213554
v0,Garr200404-r1,Garr200404,trajectory,TRAN,7,34.17275583930215,0.8543188959825537,optimal,2.825925442004518,34899,61202,213554
v0,Garr200404-r1,Garr200404,trajectory,TRAN,8,33.49733996245158,0.8374334990612896,optimal,2.446318930000416,34899,61202,213554
v0,Garr200404-r1,Garr200404,trajectory,TRAN,9,35.078040042694106,0.8769510010673527,optimal,2.156109257004573,34899,61202,213554
v0,Garr200404-r1,Garr200404,trajectory,TRAN,10,34.865794478926176,0.8716448619731544,optimal,2.417803833996004,34899,61202,213554
v0,Garr200404-r1,Garr200404,trajectory,TRAN,11,33.801153157280886,0.8450288289320221,optimal,2.2521857090032427,34899,61202,213554
v0,Garr200404-r1,Garr200404,trajectory,TRAN,12,34.77640842992396,0.869410210748099,optimal,2.426250655997137,34899,61202,213554
v0,Garr200404-r1,Garr200404,trajectory,TRAN,13,34.36915826738383,0.8592289566845958,optimal,2.7983375300027546,34899,61202,213554
v0,Garr200404-r1,Garr200404,trajectory,TRAN,14,34.22611553261851,0.8556528883154627,optimal,2.4758648439965327,34899,61202,213554
v0,Garr200404-r1,Garr200404,trajectory,TRAN,15,34.917501801947104,0.8729375450486776,optimal,2.354689444997348,34899,61202,213554
v0,Garr200404-r1,Garr200404,trajectory,TRAN,16,33.889984607106506,0.8472496151776626,optimal,2.7638182290029363,34899,61202,213554
v0,Garr200404-r1,Garr200404,trajectory,TRAN,17,34.29467551972038,0.8573668879930094,optimal,2.2497872080057277,34899,61202,213554
v0,Garr200404-r1,Garr200404,trajectory,TRAN,18,35.13732457743884,0.8784331144359709,optimal,2.335818115003349,34899,61202,213554
v0,Garr200404-r1,Garr200404,trajectory,TRAN,19,34.636379741828186,0.8659094935457047,optimal,2.321561810997082,34899,61202,213554
v0,Garr200404-r1,Garr200404,trajectory,TRAN,20,34.612607252701714,0.8653151813175428,optimal,2.671809439001663,34899,61202,213554
v0,Garr200404-r1,Garr200404,trajectory,TRAN,21,34.45603296205972,0.8614008240514931,optimal,2.1068317590033985,34899,61202,213554
v0,Garr200404-r1,Garr200404,trajectory,TRAN,22,34.522192267002914,0.8630548066750728,optimal,2.0684457719980855,34899,61202,213554
v0,Garr200404-r1,Garr200404,trajectory,TRAN,23,34.96693815969357,0.8741734539923393,optimal,2.302982911998697,34899,61202,213554
v0,Garr200404-r1,Garr200404,trajectory,TRAN,24,33.52694649068714,0.8381736622671785,optimal,2.2872265170008177,34899,61202,213554
v0,Garr200404-r1,Garr200404,trajectory,TRAN,25,33.944185973889404,0.8486046493472351,optimal,2.4163160110038007,34899,61202,213554
v0,Garr200404-r1,Garr200404,trajectory,TRAN,26,34.59561886365799,0.8648904715914497,optimal,2.1499470170019777,34899,61202,213554
v0,Garr200404-r1,Garr200404,trajectory,TRAN,27,34.093796979531724,0.8523449244882931,optimal,1.9444470090020332,34899,61202,213554
v0,Garr200404-r1,Garr200404,trajectory,TRAN,28,34.37837100877314,0.8594592752193284,optimal,2.054098668995721,34899,61202,213554
v0,Garr200404-r1,Garr200404,trajectory,TRAN,29,33.57638547814856,0.839409636953714,optimal,2.0896033570024883,34899,61202,213554
v0,Garr200404-r2,Garr200404,trajectory,B1,0,31.420518620461653,0.7855129655115414,optimal,4.2135552229956375,38907,70669,228716
v0,Garr200404-r2,Garr200404,trajectory,B1,1,31.109671324246218,0.7777417831061555,optimal,3.914154177000455,38907,70669,228716
v0,Garr200404-r2,Garr200404,trajectory,B1,2,32.123549640849156,0.8030887410212288,optimal,3.2679677909982274,38907,70669,228716
v0,Garr200404-r2,Garr200404,trajectory,B1,3,34.199003026864965,0.8549750756716241,optimal,3.3481609340014984,38907,70669,228716
v0,Garr200404-r2,Garr200404,trajectory,B1,4,32.72983126332147,0.8182457815830368,optimal,3.2316693289976683,38907,70669,228716
v0,Garr200404-r2,Garr200404,trajectory,B1,5,31.80729173131001,0.7951822932827503,optimal,3.714887235997594,38907,70669,228716
v0,Garr200404-r2,Garr200404,trajectory,B1,6,32.60568875300282,0.8151422188250705,optimal,3.27313766899897,38907,70669,228716
v0,Garr200404-r2,Garr200404,trajectory,B1,7,33.54311622958673,0.8385779057396683,optimal,3.9723628939973423,38907,70669,228716
v0,Garr200404-r2,Garr200404,trajectory,B1,8,32.9390603728212,0.8234765093205301,optimal,4.448341665993212,38907,70669,228716
v0,Garr200404-r2,Garr200404,trajectory,B1,9,33.08859316674941,0.8272148291687353,optimal,4.243680434003181,38907,70669,228716
v0,Garr200404-r2,Garr200404,trajectory,B1,10,32.14591566663578,0.8036478916658945,optimal,2.9081066899962025,38907,70669,228716
v0,Garr200404-r2,Garr200404,trajectory,B1,11,32.90699250936606,0.8226748127341516,optimal,3.34731908399408,38907,70669,228716
v0,Garr200404-r2,Garr200404,trajectory,B1,12,30.963337205279863,0.7740834301319965,optimal,3.8300365840041195,38907,70669,228716
v0,Garr200404-r2,Garr200404,trajectory,B1,13,32.30582383231349,0.8076455958078373,optimal,2.963509626999439,38907,70669,228716
v0,Garr200404-r2,Garr200404,trajectory,B1,14,32.18370050355835,0.8045925125889587,optimal,4.126294893001614,38907,70669,228716
v0,Garr200404-r2,Garr200404,trajectory,B1,15,32.31672452224223,0.8079181130560558,optimal,3.4120697600010317,38907,70669,228716
v0,Garr200404-r2,Garr200404,trajectory,B1,16,30.417685803523998,0.7604421450880999,optimal,4.3306818999990355,38907,70669,228716
v0,Garr200404-r2,Garr200404,trajectory,B1,17,32.545718956389116,0.813642973909728,optimal,3.8606385870007216,38907,70669,228716
v0,Garr200404-r2,Garr200404,trajectory,B1,18,31.55533237249912,0.788883309312478,optimal,3.620120797000709,38907,70669,228716
v0,Garr200404-r2,Garr200404,trajectory,B1,19,32.18920909556192,0.804730227389048,optimal,3.150275097999838,38907,70669,228716
v0,Garr200404-r2,Garr200404,trajectory,B1,20,31.872442494555642,0.7968110623638911,optimal,3.2949907960064593,38907,70669,228716
v0,Garr200404-r2,Garr200404,trajectory,B1,21,32.29934468961194,0.8074836172402986,optimal,4.5864807949983515,38907,70669,228716
v0,Garr200404-r2,Garr200404,trajectory,B1,22,31.948908005606604,0.7987227001401651,optimal,3.0414123849986936,38907,70669,228716
v0,Garr200404-r2,Garr200404,trajectory,B1,23,31.716251931542345,0.7929062982885586,optimal,3.296404776003328,38907,70669,228716
v0,Garr200404-r2,Garr200404,trajectory,B1,24,33.67972065293925,0.8419930163234813,optimal,3.435137754000607,38907,70669,228716
v0,Garr200404-r2,Garr200404,trajectory,B1,25,32.899739552994404,0.8224934888248601,optimal,3.839488326004357,38907,70669,228716
v0,Garr200404-r2,Garr200404,trajectory,B1,26,32.75209035040852,0.8188022587602131,optimal,3.186237778994837,38907,70669,228716
v0,Garr200404-r2,Garr200404,trajectory,B1,27,31.420529579407326,0.7855132394851831,optimal,3.0816847200039774,38907,70669,228716
v0,Garr200404-r2,Garr200404,trajectory,B1,28,32.7321343352608,0.81830335838152,optimal,3.5864158650001627,38907,70669,228716
v0,Garr200404-r2,Garr200404,trajectory,B1,29,31.474692601045717,0.7868673150261429,optimal,3.3000931489950744,38907,70669,228716
v0,Garr200404-r2,Garr200404,trajectory,TRAN,0,33.77533463024437,0.8443833657561093,optimal,4.404661265005416,38907,70669,228716
v0,Garr200404-r2,Garr200404,trajectory,TRAN,1,33.81690724971267,0.8454226812428167,optimal,3.2569808949992876,38907,70669,228716
v0,Garr200404-r2,Garr200404,trajectory,TRAN,2,34.47796743438778,0.8619491858596945,optimal,4.50353342499875,38907,70669,228716
v0,Garr200404-r2,Garr200404,trajectory,TRAN,3,34.80245406742875,0.8700613516857187,optimal,4.000690543995006,38907,70669,228716
v0,Garr200404-r2,Garr200404,trajectory,TRAN,4,33.17899797504542,0.8294749493761355,optimal,3.372037225002714,38907,70669,228716
v0,Garr200404-r2,Garr200404,trajectory,TRAN,5,34.044241101845564,0.8511060275461391,optimal,3.583571226001368,38907,70669,228716
v0,Garr200404-r2,Garr200404,trajectory,TRAN,6,34.139294004036216,0.8534823501009055,optimal,3.0442032200007816,38907,70669,228716
v0,Garr200404-r2,Garr200404,trajectory,TRAN,7,33.42861608307554,0.8357154020768884,optimal,2.478374693004298,38907,70669,228716
v0,Garr200404-r2,Garr200404,trajectory,TRAN,8,35.170653671137096,0.8792663417784274,optimal,3.3814985469944077,38907,70669,228716
v0,Garr200404-r2,Garr200404,trajectory,TRAN,9,34.65157262359283,0.8662893155898207,optimal,2.651381459996628,38907,70669,228716
v0,Garr200404-r2,Garr200404,trajectory,TRAN,10,34.337098227317135,0.8584274556829283,optimal,3.007001769998169,38907,70669,228716
v0,Garr200404-r2,Garr200404,trajectory,TRAN,11,35.04788299421803,0.8761970748554507,optimal,4.010040629000287,38907,70669,228716
v0,Garr200404-r2,Garr200404,trajectory,TRAN,12,32.18931672800586,0.8047329182001466,optimal,2.5828920169951743,38907,70669,228716
v0,Garr200404-r2,Garr200404,trajectory,TRAN,13,33.513191424259134,0.8378297856064784,optimal,2.6968119040029706,38907,70669,228716
v0,Garr200404-r2,Garr200404,trajectory,TRAN,14,33.44570914471304,0.836142728617826,optimal,3.7446514010007377,38907,70669,228716
v0,Garr200404-r2,Garr200404,trajectory,TRAN,15,34.091351622950654,0.8522837905737664,optimal,3.5308455859994865,38907,70669,228716
v0,Garr200404-r2,Garr200404,trajectory,TRAN,16,32.82516196453015,0.8206290491132539,optimal,3.139403497996682,38907,70669,228716
v0,Garr200404-r2,Garr200404,trajectory,TRAN,17,32.971407498763995,0.8242851874690998,optimal,3.1840716849983437,38907,70669,228716
v0,Garr200404-r2,Garr200404,trajectory,TRAN,18,34.71944327118431,0.8679860817796078,optimal,4.140943450998748,38907,70669,228716
v0,Garr200404-r2,Garr200404,trajectory,TRAN,19,33.67310030074195,0.8418275075185487,optimal,3.3329938360038796,38907,70669,228716
v0,Garr200404-r2,Garr200404,trajectory,TRAN,20,34.47010880941764,0.8617527202354409,optimal,3.1741654709985596,38907,70669,228716
v0,Garr200404-r2,Garr200404,trajectory,TRAN,21,33.48932915213766,0.8372332288034414,optimal,2.8306040999959805,38907,70669,228716
v0,Garr200404-r2,Garr200404,trajectory,TRAN,22,33.60097268145642,0.8400243170364105,optimal,3.0971820170016144,38907,70669,228716
v0,Garr200404-r2,Garr200404,trajectory,TRAN,23,33.89805585300823,0.8474513963252057,optimal,3.442946064998978,38907,70669,228716
v0,Garr200404-r2,Garr200404,trajectory,TRAN,24,34.50811963091102,0.8627029907727755,optimal,3.4500294879981084,38907,70669,228716
v0,Garr200404-r2,Garr200404,trajectory,TRAN,25,33.96007046173511,0.8490017615433777,optimal,3.426478560999385,38907,70669,228716
v0,Garr200404-r2,Garr200404,trajectory,TRAN,26,33.83916476756495,0.8459791191891238,optimal,3.356333834002726,38907,70669,228716
v0,Garr200404-r2,Garr200404,trajectory,TRAN,27,33.55005634396581,0.8387514085991452,optimal,4.386955304005824,38907,70669,228716
v0,Garr200404-r2,Garr200404,trajectory,TRAN,28,34.47257068399095,0.8618142670997738,optimal,2.891707511997083,38907,70669,228716
v0,Garr200404-r2,Garr200404,trajectory,TRAN,29,34.443024912159075,0.8610756228039769,optimal,3.1141290759987896,38907,70669,228716
v0,Marwan-r0,Marwan,trajectory,B1,0,20.92666279103225,0.5231665697758062,optimal,3.81001584900514,41331,64555,238865
v0,Marwan-r0,Marwan,trajectory,B1,1,23.17340586824186,0.5793351467060466,optimal,4.098203155997908,41331,64555,238865
v0,Marwan-r0,Marwan,trajectory,B1,2,20.329779496607255,0.5082444874151814,optimal,3.907314338001015,41331,64555,238865
v0,Marwan-r0,Marwan,trajectory,B1,3,20.813415649704535,0.5203353912426134,optimal,4.295678219998081,41331,64555,238865
v0,Marwan-r0,Marwan,trajectory,B1,4,22.092733320889774,0.5523183330222443,optimal,4.1215977690008,41331,64555,238865
v0,Marwan-r0,Marwan,trajectory,B1,5,21.8167289615334,0.545418224038335,optimal,4.062345226004254,41331,64555,238865
v0,Marwan-r0,Marwan,trajectory,B1,6,21.212138354259306,0.5303034588564827,optimal,4.081675192996045,41331,64555,238865
v0,Marwan-r0,Marwan,trajectory,B1,7,21.124159975856383,0.5281039993964096,optimal,4.223898459000338,41331,64555,238865
v0,Marwan-r0,Marwan,trajectory,B1,8,21.891758361433475,0.5472939590358369,optimal,3.4884832940006163,41331,64555,238865
v0,Marwan-r0,Marwan,trajectory,B1,9,21.75862528427037,0.5439656321067592,optimal,3.90923875199951,41331,64555,238865
v0,Marwan-r0,Marwan,trajectory,B1,10,23.162630142915884,0.5790657535728971,optimal,4.1855202360020485,41331,64555,238865
v0,Marwan-r0,Marwan,trajectory,B1,11,21.84826609510003,0.5462066523775008,optimal,3.678381812002044,41331,64555,238865
v0,Marwan-r0,Marwan,trajectory,B1,12,22.584426029003218,0.5646106507250804,optimal,3.656567634003295,41331,64555,238865
v0,Marwan-r0,Marwan,trajectory,B1,13,23.26117394948192,0.581529348737048,optimal,3.6709330470039276,41331,64555,238865
v0,Marwan-r0,Marwan,trajectory,B1,14,21.071831304524263,0.5267957826131066,optimal,3.795841211998777,41331,64555,238865
v0,Marwan-r0,Marwan,trajectory,B1,15,19.72575719090834,0.4931439297727085,optimal,3.337835129001178,41331,64555,238865
v0,Marwan-r0,Marwan,trajectory,B1,16,21.62877222567718,0.5407193056419295,optimal,3.4892779719957616,41331,64555,238865
v0,Marwan-r0,Marwan,trajectory,B1,17,22.839833315210072,0.5709958328802518,optimal,3.5778443630042602,41331,64555,238865
v0,Marwan-r0,Marwan,trajectory,B1,18,23.22560122342386,0.5806400305855964,optimal,4.011025856001652,41331,64555,238865
v0,Marwan-r0,Marwan,trajectory,B1,19,22.433441497410886,0.5608360374352721,optimal,3.9131562469992787,41331,64555,238865
v0,Marwan-r0,Marwan,trajectory,B1,20,21.587094348933686,0.5396773587233421,optimal,4.330456159004825,41331,64555,238865
v0,Marwan-r0,Marwan,trajectory,B1,21,22.868516006950433,0.5717129001737609,optimal,4.0622264870035,41331,64555,238865
v0,Marwan-r0,Marwan,trajectory,B1,22,21.422754334934048,0.5355688583733512,optimal,4.289303662000748,41331,64555,238865
v0,Marwan-r0,Marwan,trajectory,B1,23,21.92168734765713,0.5480421836914282,optimal,4.03745778099983,41331,64555,238865
v0,Marwan-r0,Marwan,trajectory,B1,24,20.502340018371378,0.5125585004592844,optimal,3.6534396479983116,41331,64555,238865
v0,Marwan-r0,Marwan,trajectory,B1,25,21.7062377736178,0.5426559443404451,optimal,3.788148749001266,41331,64555,238865
v0,Marwan-r0,Marwan,trajectory,B1,26,21.342088266529487,0.5335522066632372,optimal,3.6779114350065356,41331,64555,238865
v0,Marwan-r0,Marwan,trajectory,B1,27,22.312259613662604,0.5578064903415652,optimal,3.942092669996782,41331,64555,238865
v0,Marwan-r0,Marwan,trajectory,B1,28,21.495602984517944,0.5373900746129486,optimal,3.394976775998657,41331,64555,238865
v0,Marwan-r0,Marwan,trajectory,B1,29,21.1730512283019,0.5293262807075475,optimal,4.255891680004424,41331,64555,238865
v0,Marwan-r0,Marwan,trajectory,TRAN,0,28.519604886731628,0.7129901221682907,optimal,3.1551204249990406,41331,64555,238865
v0,Marwan-r0,Marwan,trajectory,TRAN,1,28.878427208739144,0.7219606802184786,optimal,3.019478670001263,41331,64555,238865
v0,Marwan-r0,Marwan,trajectory,TRAN,2,26.987496173615412,0.6746874043403853,optimal,3.5457687840025756,41331,64555,238865
v0,Marwan-r0,Marwan,trajectory,TRAN,3,27.694921194003385,0.6923730298500846,optimal,3.7012110950017814,41331,64555,238865
v0,Marwan-r0,Marwan,trajectory,TRAN,4,27.854393119749744,0.6963598279937436,optimal,3.5768266070008394,41331,64555,238865
v0,Marwan-r0,Marwan,trajectory,TRAN,5,28.507408240354096,0.7126852060088524,optimal,3.642272378994676,41331,64555,238865
v0,Marwan-r0,Marwan,trajectory,TRAN,6,28.31565221747412,0.707891305436853,optimal,3.619381901997258,41331,64555,238865
v0,Marwan-r0,Marwan,trajectory,TRAN,7,28.789210475593485,0.7197302618898371,optimal,3.2041346990008606,41331,64555,238865
v0,Marwan-r0,Marwan,trajectory,TRAN,8,28.243305024834576,0.7060826256208644,optimal,3.956787410999823,41331,64555,238865
v0,Marwan-r0,Marwan,trajectory,TRAN,9,28.871746966152692,0.7217936741538173,optimal,3.838032824001857,41331,64555,238865
v0,Marwan-r0,Marwan,trajectory,TRAN,10,27.942900544199475,0.6985725136049868,optimal,3.2507003389982856,41331,64555,238865
v0,Marwan-r0,Marwan,trajectory,TRAN,11,28.421369215665077,0.7105342303916269,optimal,3.7709493980000843,41331,64555,238865
v0,Marwan-r0,Marwan,trajectory,TRAN,12,28.241347149080795,0.7060336787270198,optimal,3.403015047995723,41331,64555,238865
v0,Marwan-r0,Marwan,trajectory,TRAN,13,28.341898888968384,0.7085474722242096,optimal,3.070230357996479,41331,64555,238865
v0,Marwan-r0,Marwan,trajectory,TRAN,14,28.164160241385545,0.7041040060346386,optimal,3.197907177003799,41331,64555,238865
v0,Marwan-r0,Marwan,trajectory,TRAN,15,28.478300132153848,0.7119575033038462,optimal,3.4929193220013985,41331,64555,238865
v0,Marwan-r0,Marwan,trajectory,TRAN,16,28.398805320985584,0.7099701330246396,optimal,3.4615211920026923,41331,64555,238865
v0,Marwan-r0,Marwan,trajectory,TRAN,17,28.28511370096589,0.7071278425241473,optimal,3.2720357200014405,41331,64555,238865
v0,Marwan-r0,Marwan,trajectory,TRAN,18,29.040758957294166,0.7260189739323542,optimal,3.336109055999259,41331,64555,238865
v0,Marwan-r0,Marwan,trajectory,TRAN,19,28.139858155675064,0.7034964538918766,optimal,3.0835713740016217,41331,64555,238865
v0,Marwan-r0,Marwan,trajectory,TRAN,20,28.532659728661038,0.7133164932165259,optimal,3.0459409649993177,41331,64555,238865
v0,Marwan-r0,Marwan,trajectory,TRAN,21,28.661324008861502,0.7165331002215376,optimal,3.051848177994543,41331,64555,238865
v0,Marwan-r0,Marwan,trajectory,TRAN,22,27.382520299102378,0.6845630074775595,optimal,3.924003662999894,41331,64555,238865
v0,Marwan-r0,Marwan,trajectory,TRAN,23,28.125857623174984,0.7031464405793746,optimal,3.092244840998319,41331,64555,238865
v0,Marwan-r0,Marwan,trajectory,TRAN,24,28.387625726995566,0.7096906431748892,optimal,3.2295222479951917,41331,64555,238865
v0,Marwan-r0,Marwan,trajectory,TRAN,25,28.320636577088266,0.7080159144272067,optimal,4.06889859399962,41331,64555,238865
v0,Marwan-r0,Marwan,trajectory,TRAN,26,28.548993031797554,0.7137248257949389,optimal,3.44837328200083,41331,64555,238865
v0,Marwan-r0,Marwan,trajectory,TRAN,27,28.618174347197623,0.7154543586799406,optimal,3.7695270460026222,41331,64555,238865
v0,Marwan-r0,Marwan,trajectory,TRAN,28,28.40620176491757,0.7101550441229392,optimal,3.548516898001253,41331,64555,238865
v0,Marwan-r0,Marwan,trajectory,TRAN,29,28.18890891812018,0.7047227229530045,optimal,3.384123773997999,41331,64555,238865
v0,Marwan-r1,Marwan,trajectory,B1,0,26.424990245678284,0.6606247561419571,optimal,3.0669198710020282,36241,60066,216376
v0,Marwan-r1,Marwan,trajectory,B1,1,25.639330066591576,0.6409832516647894,optimal,3.1926727879981627,36241,60066,216376
v0,Marwan-r1,Marwan,trajectory,B1,2,26.13106564115118,0.6532766410287796,optimal,3.3862075040015043,36241,60066,216376
v0,Marwan-r1,Marwan,trajectory,B1,3,25.23439105581578,0.6308597763953945,optimal,2.776276382996002,36241,60066,216376
v0,Marwan-r1,Marwan,trajectory,B1,4,25.013116626043175,0.6253279156510794,optimal,2.426633562994539,36241,60066,216376
v0,Marwan-r1,Marwan,trajectory,B1,5,26.289605649850948,0.6572401412462737,optimal,3.0128662009956315,36241,60066,216376
v0,Marwan-r1,Marwan,trajectory,B1,6,27.39374388294633,0.6848435970736582,optimal,2.8697461929987185,36241,60066,216376
v0,Marwan-r1,Marwan,trajectory,B1,7,25.89500913764178,0.6473752284410444,optimal,3.0940188339955057,36241,60066,216376
v0,Marwan-r1,Marwan,trajectory,B1,8,26.91194782010481,0.6727986955026203,optimal,3.2116314399972907,36241,60066,216376
v0,Marwan-r1,Marwan,trajectory,B1,9,26.22019762395022,0.6555049405987555,optimal,2.8419418620032957,36241,60066,216376
v0,Marwan-r1,Marwan,trajectory,B1,10,26.836820508399946,0.6709205127099986,optimal,3.3121301119972486,36241,60066,216376
v0,Marwan-r1,Marwan,trajectory,B1,11,26.622365439760255,0.6655591359940064,optimal,3.0715769360031118,36241,60066,216376
v0,Marwan-r1,Marwan,trajectory,B1,12,25.846017664377534,0.6461504416094384,optimal,2.5162601440024446,36241,60066,216376
v0,Marwan-r1,Marwan,trajectory,B1,13,25.633693514679315,0.6408423378669829,optimal,3.332855013999506,36241,60066,216376
v0,Marwan-r1,Marwan,trajectory,B1,14,27.434767823308615,0.6858691955827154,optimal,2.991649839001184,36241,60066,216376
v0,Marwan-r1,Marwan,trajectory,B1,15,25.342074136607824,0.6335518534151956,optimal,2.618280324000807,36241,60066,216376
v0,Marwan-r1,Marwan,trajectory,B1,16,26.1946531960519,0.6548663299012975,optimal,2.8103020369962906,36241,60066,216376
v0,Marwan-r1,Marwan,trajectory,B1,17,27.303317310469986,0.6825829327617496,optimal,3.282516740000574,36241,60066,216376
v0,Marwan-r1,Marwan,trajectory,B1,18,25.902028172224043,0.647550704305601,optimal,2.7358208900041063,36241,60066,216376
v0,Marwan-r1,Marwan,trajectory,B1,19,26.829669130609474,0.6707417282652368,optimal,3.4967974989995128,36241,60066,216376
v0,Marwan-r1,Marwan,trajectory,B1,20,26.563687765971434,0.6640921941492859,optimal,2.970991412003059,36241,60066,216376
v0,Marwan-r1,Marwan,trajectory,B1,21,27.139493106787103,0.6784873276696776,optimal,2.9638725869954214,36241,60066,216376
v0,Marwan-r1,Marwan,trajectory,B1,22,26.860510751050544,0.6715127687762636,optimal,2.799551276002603,36241,60066,216376
v0,Marwan-r1,Marwan,trajectory,B1,23,25.603523223151626,0.6400880805787906,optimal,2.6498376880044816,36241,60066,216376
v0,Marwan-r1,Marwan,trajectory,B1,24,27.161237502053062,0.6790309375513266,optimal,3.3273809179954696,36241,60066,216376
v0,Marwan-r1,Marwan,trajectory,B1,25,26.78174090243203,0.6695435225608007,optimal,2.6591224589938065,36241,60066,216376
v0,Marwan-r1,Marwan,trajectory,B1,26,25.971426673640902,0.6492856668410225,optimal,2.5108293980010785,36241,60066,216376
v0,Marwan-r1,Marwan,trajectory,B1,27,26.551909624578844,0.663797740614471,optimal,3.482644864998292,36241,60066,216376
v0,Marwan-r1,Marwan,trajectory,B1,28,25.620235339377388,0.6405058834844347,optimal,2.978656751001836,36241,60066,216376
v0,Marwan-r1,Marwan,trajectory,B1,29,26.40383736800282,0.6600959342000705,optimal,2.7877447770006256,36241,60066,216376
v0,Marwan-r1,Marwan,trajectory,TRAN,0,29.09004709118447,0.7272511772796117,optimal,2.6874958309999784,36241,60066,216376
v0,Marwan-r1,Marwan,trajectory,TRAN,1,28.301668637396332,0.7075417159349083,optimal,2.3904965019974043,36241,60066,216376
v0,Marwan-r1,Marwan,trajectory,TRAN,2,28.489153506641916,0.7122288376660479,optimal,2.8662186360015767,36241,60066,216376
v0,Marwan-r1,Marwan,trajectory,TRAN,3,27.334576532443783,0.6833644133110945,optimal,2.6040706839994527,36241,60066,216376
v0,Marwan-r1,Marwan,trajectory,TRAN,4,28.263046679602265,0.7065761669900567,optimal,2.797328029999335,36241,60066,216376
v0,Marwan-r1,Marwan,trajectory,TRAN,5,28.0291779972478,0.700729449931195,optimal,2.8709879349989933,36241,60066,216376
v0,Marwan-r1,Marwan,trajectory,TRAN,6,28.145498130815852,0.7036374532703963,optimal,2.3127424900012556,36241,60066,216376
v0,Marwan-r1,Marwan,trajectory,TRAN,7,28.009716026699756,0.700242900667494,optimal,2.3746689620020334,36241,60066,216376
v0,Marwan-r1,Marwan,trajectory,TRAN,8,28.352448657183576,0.7088112164295894,optimal,2.4926835910009686,36241,60066,216376
v0,Marwan-r1,Marwan,trajectory,TRAN,9,29.01186056642557,0.7252965141606393,optimal,2.762304542004131,36241,60066,216376
v0,Marwan-r1,Marwan,trajectory,TRAN,10,28.168335775279193,0.7042083943819798,optimal,2.682665239000926,36241,60066,216376
v0,Marwan-r1,Marwan,trajectory,TRAN,11,27.947029927871267,0.6986757481967817,optimal,2.4749805579995154,36241,60066,216376
v0,Marwan-r1,Marwan,trajectory,TRAN,12,27.482672103999768,0.6870668025999942,optimal,2.442884682001022,36241,60066,216376
v0,Marwan-r1,Marwan,trajectory,TRAN,13,26.76028431020451,0.6690071077551127,optimal,2.874168076996284,36241,60066,216376
v0,Marwan-r1,Marwan,trajectory,TRAN,14,29.264070032654416,0.7316017508163604,optimal,3.430787716002669,36241,60066,216376
v0,Marwan-r1,Marwan,trajectory,TRAN,15,27.330085009543716,0.6832521252385929,optimal,3.095879417996912,36241,60066,216376
v0,Marwan-r1,Marwan,trajectory,TRAN,16,27.743825066955615,0.6935956266738904,optimal,2.8921220880001783,36241,60066,216376
v0,Marwan-r1,Marwan,trajectory,TRAN,17,28.653506108724898,0.7163376527181224,optimal,3.117799608997302,36241,60066,216376
v0,Marwan-r1,Marwan,trajectory,TRAN,18,27.182628303800403,0.6795657075950101,optimal,2.6031761699996423,36241,60066,216376
v0,Marwan-r1,Marwan,trajectory,TRAN,19,28.568603786592174,0.7142150946648044,optimal,2.831326462001016,36241,60066,216376
v0,Marwan-r1,Marwan,trajectory,TRAN,20,28.01084128781544,0.700271032195386,optimal,3.239928716000577,36241,60066,216376
v0,Marwan-r1,Marwan,trajectory,TRAN,21,28.44211321042965,0.7110528302607413,optimal,3.0768430979951518,36241,60066,216376
v0,Marwan-r1,Marwan,trajectory,TRAN,22,27.579689653628147,0.6894922413407036,optimal,3.106166611003573,36241,60066,216376
v0,Marwan-r1,Marwan,trajectory,TRAN,23,27.914445334767972,0.6978611333691993,optimal,2.651320468998165,36241,60066,216376
v0,Marwan-r1,Marwan,trajectory,TRAN,24,28.851974675789027,0.7212993668947256,optimal,3.4180229060002603,36241,60066,216376
v0,Marwan-r1,Marwan,trajectory,TRAN,25,28.798428264122986,0.7199607066030747,optimal,2.8827602379969903,36241,60066,216376
v0,Marwan-r1,Marwan,trajectory,TRAN,26,28.317347883289017,0.7079336970822254,optimal,3.0870859419956105,36241,60066,216376
v0,Marwan-r1,Marwan,trajectory,TRAN,27,28.098497573368,0.7024624393342,optimal,3.0816767850046745,36241,60066,216376
v0,Marwan-r1,Marwan,trajectory,TRAN,28,27.72222261601681,0.6930555654004202,optimal,3.0976411509982427,36241,60066,216376
v0,Marwan-r1,Marwan,trajectory,TRAN,29,28.481586454385795,0.7120396613596449,optimal,3.058154223996098,36241,60066,216376
v0,Marwan-r2,Marwan,trajectory,B1,0,27.2267125856438,0.6806678146410949,optimal,2.5824986700026784,36385,62554,221725
v0,Marwan-r2,Marwan,trajectory,B1,1,27.351578532904018,0.6837894633226005,optimal,2.4316008479945594,36385,62554,221725
v0,Marwan-r2,Marwan,trajectory,B1,2,27.447524240417,0.686188106010425,optimal,2.7523930999959703,36385,62554,221725
v0,Marwan-r2,Marwan,trajectory,B1,3,27.05161768464817,0.6762904421162043,optimal,2.7230497369964723,36385,62554,221725
v0,Marwan-r2,Marwan,trajectory,B1,4,27.250285691881928,0.6812571422970481,optimal,2.430526137002744,36385,62554,221725
v0,Marwan-r2,Marwan,trajectory,B1,5,26.998716399364962,0.674967909984124,optimal,2.5812072990011075,36385,62554,221725
v0,Marwan-r2,Marwan,trajectory,B1,6,26.2003639423183,0.6550090985579575,optimal,3.4511061140001402,36385,62554,221725
v0,Marwan-r2,Marwan,trajectory,B1,7,27.059056488569368,0.6764764122142342,optimal,2.926923300001363,36385,62554,221725
v0,Marwan-r2,Marwan,trajectory,B1,8,27.415076666541047,0.6853769166635262,optimal,2.9183796680008527,36385,62554,221725
v0,Marwan-r2,Marwan,trajectory,B1,9,27.271521970808074,0.6817880492702019,optimal,2.482146542002738,36385,62554,221725
v0,Marwan-r2,Marwan,trajectory,B1,10,27.4985320437106,0.687463301092765,optimal,3.0698947370037786,36385,62554,221725
v0,Marwan-r2,Marwan,trajectory,B1,11,27.132924186588088,0.6783231046647022,optimal,2.6822146810009144,36385,62554,221725
v0,Marwan-r2,Marwan,trajectory,B1,12,27.599123276005738,0.6899780819001434,optimal,2.4033131700052763,36385,62554,221725
v0,Marwan-r2,Marwan,trajectory,B1,13,27.264708907960934,0.6816177226990233,optimal,2.587755090004066,36385,62554,221725
v0,Marwan-r2,Marwan,trajectory,B1,14,27.082354100621046,0.6770588525155261,optimal,2.447254855003848,36385,62554,221725
v0,Marwan-r2,Marwan,trajectory,B1,15,26.544609282967095,0.6636152320741774,optimal,2.699690460001875,36385,62554,221725
v0,Marwan-r2,Marwan,trajectory,B1,16,27.856835679573717,0.6964208919893429,optimal,2.3750054960037232,36385,62554,221725
v0,Marwan-r2,Marwan,trajectory,B1,17,26.79156398967489,0.6697890997418723,optimal,2.5088901380004245,36385,62554,221725
v0,Marwan-r2,Marwan,trajectory,B1,18,27.719000746782648,0.6929750186695662,optimal,2.2286397369971382,36385,62554,221725
v0,Marwan-r2,Marwan,trajectory,B1,19,26.634299074453445,0.6658574768613361,optimal,2.789931148996402,36385,62554,221725
v0,Marwan-r2,Marwan,trajectory,B1,20,27.29501777586164,0.6823754443965411,optimal,2.2429305639961967,36385,62554,221725
v0,Marwan-r2,Marwan,trajectory,B1,21,27.88066397561746,0.6970165993904365,optimal,2.976730909998878,36385,62554,221725
v0,Marwan-r2,Marwan,trajectory,B1,22,27.151221171057063,0.6787805292764266,optimal,2.7257206840004073,36385,62554,221725
v0,Marwan-r2,Marwan,trajectory,B1,23,26.848163309128438,0.671204082728211,optimal,2.715553378999175,36385,62554,221725
v0,Marwan-r2,Marwan,trajectory,B1,24,26.139392370494573,0.6534848092623643,optimal,2.63097063999885,36385,62554,221725
v0,Marwan-r2,Marwan,trajectory,B1,25,26.41088036633236,0.660272009158309,optimal,2.540433292997477,36385,62554,221725
v0,Marwan-r2,Marwan,trajectory,B1,26,27.066757194247725,0.6766689298561931,optimal,2.2548315940002794,36385,62554,221725
v0,Marwan-r2,Marwan,trajectory,B1,27,28.08852597952415,0.7022131494881038,optimal,2.8445822230060003,36385,62554,221725
v0,Marwan-r2,Marwan,trajectory,B1,28,28.020432686997953,0.7005108171749488,optimal,2.3217101600021124,36385,62554,221725
v0,Marwan-r2,Marwan,trajectory,B1,29,27.19119405493084,0.679779851373271,optimal,2.4086126600013813,36385,62554,221725
v0,Marwan-r2,Marwan,trajectory,TRAN,0,28.857278314771253,0.7214319578692814,optimal,2.2522171609962243,36385,62554,221725
v0,Marwan-r2,Marwan,trajectory,TRAN,1,29.120985502539543,0.7280246375634886,optimal,2.572729657003947,36385,62554,221725
v0,Marwan-r2,Marwan,trajectory,TRAN,2,29.61052844977793,0.7402632112444483,optimal,2.9166650519982795,36385,62554,221725
v0,Marwan-r2,Marwan,trajectory,TRAN,3,29.21380951805547,0.7303452379513867,optimal,2.875062800994783,36385,62554,221725
v0,Marwan-r2,Marwan,trajectory,TRAN,4,28.400748699587172,0.7100187174896793,optimal,2.696337895002216,36385,62554,221725
v0,Marwan-r2,Marwan,trajectory,TRAN,5,29.71436256467262,0.7428590641168155,optimal,2.669805819998146,36385,62554,221725
v0,Marwan-r2,Marwan,trajectory,TRAN,6,29.535115255280427,0.7383778813820107,optimal,2.75037054400309,36385,62554,221725
v0,Marwan-r2,Marwan,trajectory,TRAN,7,29.262736338137948,0.7315684084534487,optimal,2.551673916001164,36385,62554,221725
v0,Marwan-r2,Marwan,trajectory,TRAN,8,29.564402610627255,0.7391100652656813,optimal,2.9219474749988876,36385,62554,221725
v0,Marwan-r2,Marwan,trajectory,TRAN,9,28.75014490654562,0.7187536226636405,optimal,2.961145678003959,36385,62554,221725
v0,Marwan-r2,Marwan,trajectory,TRAN,10,29.85196458167482,0.7462991145418705,optimal,2.9888077919968055,36385,62554,221725
v0,Marwan-r2,Marwan,trajectory,TRAN,11,28.644060669325135,0.7161015167331284,optimal,2.4739799879971542,36385,62554,221725
v0,Marwan-r2,Marwan,trajectory,TRAN,12,29.412868984280898,0.7353217246070225,optimal,2.2943833339959383,36385,62554,221725
v0,Marwan-r2,Marwan,trajectory,TRAN,13,29.42287504738628,0.735571876184657,optimal,2.515590365001117,36385,62554,221725
v0,Marwan-r2,Marwan,trajectory,TRAN,14,29.381492107659394,0.7345373026914849,optimal,2.353771533998952,36385,62554,221725
v0,Marwan-r2,Marwan,trajectory,TRAN,15,27.8533957223893,0.6963348930597325,optimal,2.138925814004324,36385,62554,221725
v0,Marwan-r2,Marwan,trajectory,TRAN,16,29.170457936868356,0.7292614484217089,optimal,2.468349466995278,36385,62554,221725
v0,Marwan-r2,Marwan,trajectory,TRAN,17,30.237642238210253,0.7559410559552563,optimal,2.473203317997104,36385,62554,221725
v0,Marwan-r2,Marwan,trajectory,TRAN,18,30.313769346546973,0.7578442336636744,optimal,2.4986207929978264,36385,62554,221725
v0,Marwan-r2,Marwan,trajectory,TRAN,19,29.394758097849042,0.7348689524462261,optimal,2.747688775001734,36385,62554,221725
v0,Marwan-r2,Marwan,trajectory,TRAN,20,29.59421887665779,0.7398554719164447,optimal,2.705089744005818,36385,62554,221725
v0,Marwan-r2,Marwan,trajectory,TRAN,21,29.53056063040202,0.7382640157600505,optimal,2.6377196150060627,36385,62554,221725
v0,Marwan-r2,Marwan,trajectory,TRAN,22,29.966152908916456,0.7491538227229114,optimal,2.7326010079996195,36385,62554,221725
v0,Marwan-r2,Marwan,trajectory,TRAN,23,30.318027578775595,0.7579506894693899,optimal,2.5421712590032257,36385,62554,221725
v0,Marwan-r2,Marwan,trajectory,TRAN,24,28.664404262893143,0.7166101065723286,optimal,2.252760515999398,36385,62554,221725
v0,Marwan-r2,Marwan,trajectory,TRAN,25,29.786843236431693,0.7446710809107924,optimal,2.4156000090006273,36385,62554,221725
v0,Marwan-r2,Marwan,trajectory,TRAN,26,28.33677498363132,0.708419374590783,optimal,2.2456012410038966,36385,62554,221725
v0,Marwan-r2,Marwan,trajectory,TRAN,27,29.799941389524193,0.7449985347381048,optimal,2.4536613739983295,36385,62554,221725
v0,Marwan-r2,Marwan,trajectory,TRAN,28,29.226862111713405,0.7306715527928351,optimal,3.0789643500029342,36385,62554,221725
v0,Marwan-r2,Marwan,trajectory,TRAN,29,28.737020054619222,0.7184255013654806,optimal,2.8703137599950423,36385,62554,221725
v0-bh50,Agis-r0,Agis,trajectory,B1,0,20.320957425200895,0.5080239356300223,optimal,2.477017238001281,29845,52807,197722
v0-bh50,Agis-r0,Agis,trajectory,B1,1,21.0858112407806,0.527145281019515,optimal,2.9425470540008973,29845,52807,197722
v0-bh50,Agis-r0,Agis,trajectory,B1,2,22.239404648101438,0.555985116202536,optimal,2.7309811070008436,29845,52807,197722
v0-bh50,Agis-r0,Agis,trajectory,B1,3,20.5632417283545,0.5140810432088625,optimal,2.2061591710007633,29845,52807,197722
v0-bh50,Agis-r0,Agis,trajectory,B1,4,20.66697366243796,0.516674341560949,optimal,2.848524785003974,29845,52807,197722
v0-bh50,Agis-r0,Agis,trajectory,B1,5,20.49842123657824,0.512460530914456,optimal,2.6363214129960397,29845,52807,197722
v0-bh50,Agis-r0,Agis,trajectory,B1,6,20.68986960480401,0.5172467401201002,optimal,2.8372619910005596,29845,52807,197722
v0-bh50,Agis-r0,Agis,trajectory,B1,7,20.45899608280203,0.5114749020700508,optimal,2.6110105570041924,29845,52807,197722
v0-bh50,Agis-r0,Agis,trajectory,B1,8,21.240280943655097,0.5310070235913774,optimal,2.572074834999512,29845,52807,197722
v0-bh50,Agis-r0,Agis,trajectory,B1,9,20.6212698261247,0.5155317456531174,optimal,3.0462359200028004,29845,52807,197722
v0-bh50,Agis-r0,Agis,trajectory,B1,10,21.0939143635053,0.5273478590876325,optimal,2.12590578799427,29845,52807,197722
v0-bh50,Agis-r0,Agis,trajectory,B1,11,20.796767614866706,0.5199191903716677,optimal,2.5862753679975867,29845,52807,197722
v0-bh50,Agis-r0,Agis,trajectory,B1,12,20.980931760229108,0.5245232940057277,optimal,2.600872528004402,29845,52807,197722
v0-bh50,Agis-r0,Agis,trajectory,B1,13,20.638129941445833,0.5159532485361458,optimal,2.82740910800203,29845,52807,197722
v0-bh50,Agis-r0,Agis,trajectory,B1,14,20.846809738740333,0.5211702434685084,optimal,2.5927030659950105,29845,52807,197722
v0-bh50,Agis-r0,Agis,trajectory,B1,15,21.19168462008322,0.5297921155020805,optimal,2.7153343919999315,29845,52807,197722
v0-bh50,Agis-r0,Agis,trajectory,B1,16,21.00763013142232,0.525190753285558,optimal,2.442589329999464,29845,52807,197722
v0-bh50,Agis-r0,Agis,trajectory,B1,17,20.094864236141436,0.5023716059035359,optimal,2.4642094039954827,29845,52807,197722
v0-bh50,Agis-r0,Agis,trajectory,B1,18,20.773213986691346,0.5193303496672836,optimal,2.8327509079972515,29845,52807,197722
v0-bh50,Agis-r0,Agis,trajectory,B1,19,20.7288595668477,0.5182214891711925,optimal,2.5389158589969156,29845,52807,197722
v0-bh50,Agis-r0,Agis,trajectory,B1,20,20.825410014816992,0.5206352503704248,optimal,2.4181236810036353,29845,52807,197722
v0-bh50,Agis-r0,Agis,trajectory,B1,21,20.647001432390027,0.5161750358097507,optimal,2.3931407240015687,29845,52807,197722
v0-bh50,Agis-r0,Agis,trajectory,B1,22,21.80156500936817,0.5450391252342042,optimal,2.839684471997316,29845,52807,197722
v0-bh50,Agis-r0,Agis,trajectory,B1,23,20.531271944044654,0.5132817986011163,optimal,2.6112937340003555,29845,52807,197722
v0-bh50,Agis-r0,Agis,trajectory,B1,24,21.572658925544577,0.5393164731386144,optimal,2.7507458409963874,29845,52807,197722
v0-bh50,Agis-r0,Agis,trajectory,B1,25,20.041735371151773,0.5010433842787944,optimal,2.1537017929949798,29845,52807,197722
v0-bh50,Agis-r0,Agis,trajectory,B1,26,19.949088042420346,0.49872720106050866,optimal,2.8587805799979833,29845,52807,197722
v0-bh50,Agis-r0,Agis,trajectory,B1,27,21.928263169051277,0.5482065792262819,optimal,2.3584496740004397,29845,52807,197722
v0-bh50,Agis-r0,Agis,trajectory,B1,28,20.210873365809864,0.5052718341452466,optimal,2.746934456998133,29845,52807,197722
v0-bh50,Agis-r0,Agis,trajectory,B1,29,20.287174689492176,0.5071793672373044,optimal,2.161195910004608,29845,52807,197722
v0-bh50,Agis-r0,Agis,trajectory,TRAN,0,37.80068155062354,0.9450170387655884,optimal,4.759192292003718,29845,52807,197722
v0-bh50,Agis-r0,Agis,trajectory,TRAN,1,37.2645260955108,0.9316131523877701,optimal,4.267485947006207,29845,52807,197722
v0-bh50,Agis-r0,Agis,trajectory,TRAN,2,37.1814192304774,0.929535480761935,optimal,4.5788123960010125,29845,52807,197722
v0-bh50,Agis-r0,Agis,trajectory,TRAN,3,37.5014359180608,0.93753589795152,optimal,4.516988798997772,29845,52807,197722
v0-bh50,Agis-r0,Agis,trajectory,TRAN,4,36.3631807261757,0.9090795181543925,optimal,4.067151321003621,29845,52807,197722
v0-bh50,Agis-r0,Agis,trajectory,TRAN,5,37.3904827591024,0.93476206897756,optimal,4.504746680999233,29845,52807,197722
v0-bh50,Agis-r0,Agis,trajectory,TRAN,6,37.067472229668454,0.9266868057417114,optimal,5.340729836003447,29845,52807,197722
v0-bh50,Agis-r0,Agis,trajectory,TRAN,7,36.74713002150047,0.9186782505375117,optimal,4.44060427799559,29845,52807,197722
v0-bh50,Agis-r0,Agis,trajectory,TRAN,8,36.59052162622079,0.9147630406555198,optimal,4.831230158997641,29845,52807,197722
v0-bh50,Agis-r0,Agis,trajectory,TRAN,9,37.29948284696091,0.9324870711740229,optimal,7.474383571003273,29845,52807,197722
v0-bh50,Agis-r0,Agis,trajectory,TRAN,10,37.39971125802448,0.934992781450612,optimal,5.10796885999298,29845,52807,197722
v0-bh50,Agis-r0,Agis,trajectory,TRAN,11,36.14120846444568,0.9035302116111421,optimal,5.160258966003312,29845,52807,197722
v0-bh50,Agis-r0,Agis,trajectory,TRAN,12,36.67300000058664,0.916825000014666,optimal,4.353350454002793,29845,52807,197722
v0-bh50,Agis-r0,Agis,trajectory,TRAN,13,37.44014944385114,0.9360037360962785,optimal,5.301029422000283,29845,52807,197722
v0-bh50,Agis-r0,Agis,trajectory,TRAN,14,37.03565717444482,0.9258914293611206,optimal,4.843527566001285,29845,52807,197722
v0-bh50,Agis-r0,Agis,trajectory,TRAN,15,36.57571117575655,0.9143927793939138,optimal,5.818820032000076,29845,52807,197722
v0-bh50,Agis-r0,Agis,trajectory,TRAN,16,37.33210396624213,0.9333025991560533,optimal,6.754560665998724,29845,52807,197722
v0-bh50,Agis-r0,Agis,trajectory,TRAN,17,35.747937016767146,0.8936984254191787,optimal,3.593364232998283,29845,52807,197722
v0-bh50,Agis-r0,Agis,trajectory,TRAN,18,35.9587314407123,0.8989682860178074,optimal,4.132083354998031,29845,52807,197722
v0-bh50,Agis-r0,Agis,trajectory,TRAN,19,36.66684934937418,0.9166712337343546,optimal,5.390351971997006,29845,52807,197722
v0-bh50,Agis-r0,Agis,trajectory,TRAN,20,37.2516810742012,0.93129202685503,optimal,6.919164453000121,29845,52807,197722
v0-bh50,Agis-r0,Agis,trajectory,TRAN,21,37.50613811170786,0.9376534527926965,optimal,4.555975422998017,29845,52807,197722
v0-bh50,Agis-r0,Agis,trajectory,TRAN,22,37.60337554727259,0.9400843886818148,optimal,6.1873281199950725,29845,52807,197722
v0-bh50,Agis-r0,Agis,trajectory,TRAN,23,37.27949011264835,0.9319872528162086,optimal,5.121447289995558,29845,52807,197722
v0-bh50,Agis-r0,Agis,trajectory,TRAN,24,36.81248794741825,0.9203121986854562,optimal,4.685804321001342,29845,52807,197722
v0-bh50,Agis-r0,Agis,trajectory,TRAN,25,37.349813915474755,0.9337453478868689,optimal,5.697738891998597,29845,52807,197722
v0-bh50,Agis-r0,Agis,trajectory,TRAN,26,35.43170338154202,0.8857925845385506,optimal,4.932528892997652,29845,52807,197722
v0-bh50,Agis-r0,Agis,trajectory,TRAN,27,36.97153659143883,0.9242884147859707,optimal,5.360804134994396,29845,52807,197722
v0-bh50,Agis-r0,Agis,trajectory,TRAN,28,36.84321758881269,0.9210804397203173,optimal,4.221931075000612,29845,52807,197722
v0-bh50,Agis-r0,Agis,trajectory,TRAN,29,36.78339756450255,0.9195849391125638,optimal,4.5107698919964605,29845,52807,197722
v0-bh50,Agis-r1,Agis,trajectory,B1,0,23.362992194171365,0.5840748048542841,optimal,3.906932454003254,35288,58869,224013
v0-bh50,Agis-r1,Agis,trajectory,B1,1,23.378787099365834,0.5844696774841458,optimal,5.630069311002444,35288,58869,224013
v0-bh50,Agis-r1,Agis,trajectory,B1,2,24.979623464789313,0.6244905866197328,optimal,5.140938835997076,35288,58869,224013
v0-bh50,Agis-r1,Agis,trajectory,B1,3,24.06427211225459,0.6016068028063647,optimal,5.786370779002027,35288,58869,224013
v0-bh50,Agis-r1,Agis,trajectory,B1,4,22.620821681438144,0.5655205420359536,optimal,4.807056038000155,35288,58869,224013
v0-bh50,Agis-r1,Agis,trajectory,B1,5,22.925356833333367,0.5731339208333341,optimal,5.0279792139990604,35288,58869,224013
v0-bh50,Agis-r1,Agis,trajectory,B1,6,24.484090062437787,0.6121022515609447,optimal,5.748900725004205,35288,58869,224013
v0-bh50,Agis-r1,Agis,trajectory,B1,7,24.063425434225067,0.6015856358556266,optimal,4.589238395004941,35288,58869,224013
v0-bh50,Agis-r1,Agis,trajectory,B1,8,23.479163648412737,0.5869790912103184,optimal,5.482810039000469,35288,58869,224013
v0-bh50,Agis-r1,Agis,trajectory,B1,9,21.72335686240249,0.5430839215600622,optimal,3.8060469730044133,35288,58869,224013
v0-bh50,Agis-r1,Agis,trajectory,B1,10,23.25241599755533,0.5813103999388833,optimal,4.7948190059978515,35288,58869,224013
v0-bh50,Agis-r1,Agis,trajectory,B1,11,21.8772121618108,0.54693030404527,optimal,4.862270876998082,35288,58869,224013
v0-bh50,Agis-r1,Agis,trajectory,B1,12,25.289514154366632,0.6322378538591658,optimal,4.359731632001058,35288,58869,224013
v0-bh50,Agis-r1,Agis,trajectory,B1,13,23.237866290818154,0.5809466572704538,optimal,4.021078832003695,35288,58869,224013
v0-bh50,Agis-r1,Agis,trajectory,B1,14,23.129757011331005,0.5782439252832752,optimal,4.172861196006124,35288,58869,224013
v0-bh50,Agis-r1,Agis,trajectory,B1,15,25.09497431468471,0.6273743578671177,optimal,5.551996198999404,35288,58869,224013
v0-bh50,Agis-r1,Agis,trajectory,B1,16,24.304853826808102,0.6076213456702025,optimal,4.645089534998988,35288,58869,224013
v0-bh50,Agis-r1,Agis,trajectory,B1,17,21.48434532454086,0.5371086331135215,optimal,4.264643959002569,35288,58869,224013
v0-bh50,Agis-r1,Agis,trajectory,B1,18,20.2414409757764,0.50603602439441,optimal,4.548611403006362,35288,58869,224013
v0-bh50,Agis-r1,Agis,trajectory,B1,19,24.445616637246232,0.6111404159311558,optimal,6.151367108999693,35288,58869,224013
v0-bh50,Agis-r1,Agis,trajectory,B1,20,23.31890379995058,0.5829725949987645,optimal,5.139927017000446,35288,58869,224013
v0-bh50,Agis-r1,Agis,trajectory,B1,21,25.26596290414052,0.631649072603513,optimal,5.989753798996389,35288,58869,224013
v0-bh50,Agis-r1,Agis,trajectory,B1,22,21.657743924792623,0.5414435981198156,optimal,3.5444040649963426,35288,58869,224013
v0-bh50,Agis-r1,Agis,trajectory,B1,23,22.54891363183503,0.5637228407958758,optimal,4.338956284998858,35288,58869,224013
v0-bh50,Agis-r1,Agis,trajectory,B1,24,22.909243566142028,0.5727310891535506,optimal,5.594569829998363,35288,58869,224013
v0-bh50,Agis-r1,Agis,trajectory,B1,25,23.729947715816998,0.5932486928954249,optimal,5.179658986002323,35288,58869,224013
v0-bh50,Agis-r1,Agis,trajectory,B1,26,25.144745767912635,0.6286186441978159,optimal,4.850029955996433,35288,58869,224013
v0-bh50,Agis-r1,Agis,trajectory,B1,27,23.28286941042268,0.582071735260567,optimal,5.150528917998599,35288,58869,224013
v0-bh50,Agis-r1,Agis,trajectory,B1,28,22.656083424948676,0.5664020856237169,optimal,3.9236458649975248,35288,58869,224013
v0-bh50,Agis-r1,Agis,trajectory,B1,29,21.547414876667048,0.5386853719166762,optimal,4.092275628994685,35288,58869,224013
v0-bh50,Agis-r1,Agis,trajectory,TRAN,0,26.398686117800143,0.6599671529450035,optimal,8.647253007002291,35288,58869,224013
v0-bh50,Agis-r1,Agis,trajectory,TRAN,1,30.848086189229516,0.7712021547307379,optimal,8.740094173997932,35288,58869,224013
v0-bh50,Agis-r1,Agis,trajectory,TRAN,2,29.676234878439782,0.7419058719609946,optimal,9.737400199002877,35288,58869,224013
v0-bh50,Agis-r1,Agis,trajectory,TRAN,3,28.86280949140881,0.7215702372852203,optimal,8.215166315996612,35288,58869,224013
v0-bh50,Agis-r1,Agis,trajectory,TRAN,4,30.11929882180155,0.7529824705450388,optimal,6.526342818004196,35288,58869,224013
v0-bh50,Agis-r1,Agis,trajectory,TRAN,5,29.989526393578746,0.7497381598394687,optimal,8.087227186995733,35288,58869,224013
v0-bh50,Agis-r1,Agis,trajectory,TRAN,6,27.239162642249152,0.6809790660562288,optimal,7.215540220000548,35288,58869,224013
v0-bh50,Agis-r1,Agis,trajectory,TRAN,7,30.128765061702445,0.7532191265425612,optimal,6.694899768001051,35288,58869,224013
v0-bh50,Agis-r1,Agis,trajectory,TRAN,8,30.45297671455422,0.7613244178638555,optimal,8.833269018003193,35288,58869,224013
v0-bh50,Agis-r1,Agis,trajectory,TRAN,9,28.43159131611249,0.7107897829028123,optimal,9.638917698001023,35288,58869,224013
v0-bh50,Agis-r1,Agis,trajectory,TRAN,10,29.615417195490803,0.7403854298872701,optimal,10.942298103000212,35288,58869,224013
v0-bh50,Agis-r1,Agis,trajectory,TRAN,11,28.75652114499603,0.7189130286249007,optimal,7.35413511099614,35288,58869,224013
v0-bh50,Agis-r1,Agis,trajectory,TRAN,12,29.29839822760466,0.7324599556901166,optimal,6.268095195002388,35288,58869,224013
v0-bh50,Agis-r1,Agis,trajectory,TRAN,13,29.893411268218816,0.7473352817054704,optimal,6.594138854998164,35288,58869,224013
v0-bh50,Agis-r1,Agis,trajectory,TRAN,14,28.660398455573144,0.7165099613893287,optimal,6.996102895995136,35288,58869,224013
v0-bh50,Agis-r1,Agis,trajectory,TRAN,15,30.228030264205096,0.7557007566051274,optimal,11.929758926999057,35288,58869,224013
v0-bh50,Agis-r1,Agis,trajectory,TRAN,16,30.919903703933635,0.7729975925983409,optimal,9.416500222003378,35288,58869,224013
v0-bh50,Agis-r1,Agis,trajectory,TRAN,17,29.820086820168356,0.7455021705042089,optimal,7.639272865002567,35288,58869,224013
v0-bh50,Agis-r1,Agis,trajectory,TRAN,18,29.297118047892084,0.7324279511973021,optimal,9.185273534007138,35288,58869,224013
v0-bh50,Agis-r1,Agis,trajectory,TRAN,19,29.60306919094063,0.7400767297735158,optimal,8.751181307998195,35288,58869,224013
v0-bh50,Agis-r1,Agis,trajectory,TRAN,20,29.434312228404874,0.7358578057101218,optimal,10.68165053499979,35288,58869,224013
v0-bh50,Agis-r1,Agis,trajectory,TRAN,21,28.847839778459086,0.7211959944614772,optimal,7.093633376003709,35288,58869,224013
v0-bh50,Agis-r1,Agis,trajectory,TRAN,22,31.130918404588787,0.7782729601147197,optimal,7.998336204000225,35288,58869,224013
v0-bh50,Agis-r1,Agis,trajectory,TRAN,23,29.5371064419788,0.73842766104947,optimal,11.743421555001987,35288,58869,224013
v0-bh50,Agis-r1,Agis,trajectory,TRAN,24,30.975334894827995,0.7743833723706999,optimal,8.450597426999593,35288,58869,224013
v0-bh50,Agis-r1,Agis,trajectory,TRAN,25,30.234876815778183,0.7558719203944546,optimal,8.13456514399877,35288,58869,224013
v0-bh50,Agis-r1,Agis,trajectory,TRAN,26,31.15424122534424,0.778856030633606,optimal,8.367576866003219,35288,58869,224013
v0-bh50,Agis-r1,Agis,trajectory,TRAN,27,28.660460801548496,0.7165115200387124,optimal,9.658247250998102,35288,58869,224013
v0-bh50,Agis-r1,Agis,trajectory,TRAN,28,28.868450511073853,0.7217112627768463,optimal,9.606559184998332,35288,58869,224013
v0-bh50,Agis-r1,Agis,trajectory,TRAN,29,29.326905327330593,0.7331726331832649,optimal,7.677622547002102,35288,58869,224013
v0-bh50,Agis-r2,Agis,trajectory,B1,0,37.551906233802,0.93879765584505,optimal,15.987968728004489,34115,65003,202329
v0-bh50,Agis-r2,Agis,trajectory,B1,1,37.57898036117727,0.9394745090294319,optimal,15.756690852002066,34115,65003,202329
v0-bh50,Agis-r2,Agis,trajectory,B1,2,37.428360075238324,0.9357090018809581,optimal,20.645280126002035,34115,65003,202329
v0-bh50,Agis-r2,Agis,trajectory,B1,3,37.580943852723784,0.9395235963180946,optimal,18.105030211998383,34115,65003,202329
v0-bh50,Agis-r2,Agis,trajectory,B1,4,37.576297468166096,0.9394074367041524,optimal,17.872095919999992,34115,65003,202329
v0-bh50,Agis-r2,Agis,trajectory,B1,5,37.50941575050452,0.9377353937626131,optimal,19.42831237200153,34115,65003,202329
v0-bh50,Agis-r2,Agis,trajectory,B1,6,37.569858128791196,0.93924645321978,optimal,15.144425704005698,34115,65003,202329
v0-bh50,Agis-r2,Agis,trajectory,B1,7,37.54290239291914,0.9385725598229785,optimal,19.025127139000688,34115,65003,202329
v0-bh50,Agis-r2,Agis,trajectory,B1,8,37.58069335563036,0.939517333890759,optimal,18.880830333997437,34115,65003,202329
v0-bh50,Agis-r2,Agis,trajectory,B1,9,37.485626704452194,0.9371406676113049,optimal,15.833175034000305,34115,65003,202329
v0-bh50,Agis-r2,Agis,trajectory,B1,10,37.537301902595715,0.9384325475648929,optimal,16.921825478995743,34115,65003,202329
v0-bh50,Agis-r2,Agis,trajectory,B1,11,37.483921994954116,0.9370980498738529,optimal,17.359480535997136,34115,65003,202329
v0-bh50,Agis-r2,Agis,trajectory,B1,12,37.46584816436154,0.9366462041090384,optimal,20.566612428003282,34115,65003,202329
v0-bh50,Agis-r2,Agis,trajectory,B1,13,37.548013739074484,0.9387003434768622,optimal,20.097057524995762,34115,65003,202329
v0-bh50,Agis-r2,Agis,trajectory,B1,14,37.54755732208983,0.9386889330522458,optimal,19.097623155998008,34115,65003,202329
v0-bh50,Agis-r2,Agis,trajectory,B1,15,37.560221306462815,0.9390055326615704,optimal,20.96516029700433,34115,65003,202329
v0-bh50,Agis-r2,Agis,trajectory,B1,16,37.557221232394596,0.9389305308098649,optimal,15.227058974000101,34115,65003,202329
v0-bh50,Agis-r2,Agis,trajectory,B1,17,37.47793622703555,0.9369484056758888,optimal,17.175959359003173,34115,65003,202329
v0-bh50,Agis-r2,Agis,trajectory,B1,18,37.618263203750075,0.9404565800937519,optimal,17.952435979001166,34115,65003,202329
v0-bh50,Agis-r2,Agis,trajectory,B1,19,37.47728153049636,0.9369320382624091,optimal,19.785018369999307,34115,65003,202329
v0-bh50,Agis-r2,Agis,trajectory,B1,20,37.518850465893536,0.9379712616473384,optimal,20.329781259999436,34115,65003,202329
v0-bh50,Agis-r2,Agis,trajectory,B1,21,37.600098032432875,0.9400024508108219,optimal,24.64415684699634,34115,65003,202329
v0-bh50,Agis-r2,Agis,trajectory,B1,22,37.54542326369829,0.9386355815924572,optimal,19.43085410299682,34115,65003,202329
v0-bh50,Agis-r2,Agis,trajectory,B1,23,37.49656000076036,0.937414000019009,optimal,16.347732533002272,34115,65003,202329
v0-bh50,Agis-r2,Agis,trajectory,B1,24,37.57576352632152,0.939394088158038,optimal,18.476034924999112,34115,65003,202329
v0-bh50,Agis-r2,Agis,trajectory,B1,25,37.51136856338249,0.9377842140845623,optimal,17.723884457998793,34115,65003,202329
v0-bh50,Agis-r2,Agis,trajectory,B1,26,37.525728015605495,0.9381432003901373,optimal,22.326123116996314,34115,65003,202329
v0-bh50,Agis-r2,Agis,trajectory,B1,27,37.54664319410759,0.9386660798526897,optimal,20.303657878001104,34115,65003,202329
v0-bh50,Agis-r2,Agis,trajectory,B1,28,37.58595735684472,0.939648933921118,optimal,17.7193890799972,34115,65003,202329
v0-bh50,Agis-r2,Agis,trajectory,B1,29,37.58553131456999,0.9396382828642498,optimal,18.204331629996886,34115,65003,202329
v0-bh50,Agis-r2,Agis,trajectory,TRAN,0,37.55331232558526,0.9388328081396315,optimal,13.859152883000206,34115,65003,202329
v0-bh50,Agis-r2,Agis,trajectory,TRAN,1,37.55789860306753,0.9389474650766882,optimal,14.319011697996757,34115,65003,202329
v0-bh50,Agis-r2,Agis,trajectory,TRAN,2,37.56428175458209,0.9391070438645522,optimal,12.364171793000423,34115,65003,202329
v0-bh50,Agis-r2,Agis,trajectory,TRAN,3,37.57274233970045,0.9393185584925112,optimal,16.16188021999551,34115,65003,202329
v0-bh50,Agis-r2,Agis,trajectory,TRAN,4,37.55956434091467,0.9389891085228668,optimal,13.730884311000409,34115,65003,202329
v0-bh50,Agis-r2,Agis,trajectory,TRAN,5,37.5515912549154,0.938789781372885,optimal,15.114667922003719,34115,65003,202329
v0-bh50,Agis-r2,Agis,trajectory,TRAN,6,37.56686726434659,0.9391716816086648,optimal,13.780803488996753,34115,65003,202329
v0-bh50,Agis-r2,Agis,trajectory,TRAN,7,37.546895689740396,0.9386723922435098,optimal,16.21086398499756,34115,65003,202329
v0-bh50,Agis-r2,Agis,trajectory,TRAN,8,37.586253923507016,0.9396563480876754,optimal,13.229103265002777,34115,65003,202329
v0-bh50,Agis-r2,Agis,trajectory,TRAN,9,37.57522318249578,0.9393805795623946,optimal,14.637789912994776,34115,65003,202329
v0-bh50,Agis-r2,Agis,trajectory,TRAN,10,37.55465088494537,0.9388662721236342,optimal,15.6479756789995,34115,65003,202329
v0-bh50,Agis-r2,Agis,trajectory,TRAN,11,37.5559481105723,0.9388987027643075,optimal,18.784299152997846,34115,65003,202329
v0-bh50,Agis-r2,Agis,trajectory,TRAN,12,37.556980447879035,0.9389245111969758,optimal,15.708767172996886,34115,65003,202329
v0-bh50,Agis-r2,Agis,trajectory,TRAN,13,37.59296204080582,0.9398240510201455,optimal,15.754283661000954,34115,65003,202329
v0-bh50,Agis-r2,Agis,trajectory,TRAN,14,37.54353763559257,0.9385884408898143,optimal,14.605437831000017,34115,65003,202329
v0-bh50,Agis-r2,Agis,trajectory,TRAN,15,37.56243715890632,0.939060928972658,optimal,19.15696621099778,34115,65003,202329
v0-bh50,Agis-r2,Agis,trajectory,TRAN,16,37.554068070191995,0.9388517017547999,optimal,16.50048851500469,34115,65003,202329
v0-bh50,Agis-r2,Agis,trajectory,TRAN,17,37.552863108046765,0.9388215777011691,optimal,15.991523308002797,34115,65003,202329
v0-bh50,Agis-r2,Agis,trajectory,TRAN,18,37.57189981870477,0.9392974954676193,optimal,18.174707156002114,34115,65003,202329
v0-bh50,Agis-r2,Agis,trajectory,TRAN,19,37.54361116938501,0.9385902792346252,optimal,13.623625373998948,34115,65003,202329
v0-bh50,Agis-r2,Agis,trajectory,TRAN,20,37.558513219621126,0.9389628304905282,optimal,18.345096693003143,34115,65003,202329
v0-bh50,Agis-r2,Agis,trajectory,TRAN,21,37.54356119235594,0.9385890298088985,optimal,17.667685521999374,34115,65003,202329
v0-bh50,Agis-r2,Agis,trajectory,TRAN,22,37.55658983648602,0.9389147459121505,optimal,16.44535814900155,34115,65003,202329
v0-bh50,Agis-r2,Agis,trajectory,TRAN,23,37.55188587644388,0.9387971469110971,optimal,15.713961607994861,34115,65003,202329
v0-bh50,Agis-r2,Agis,trajectory,TRAN,24,37.54354171087639,0.9385885427719097,optimal,13.83941385000071,34115,65003,202329
v0-bh50,Agis-r2,Agis,trajectory,TRAN,25,37.55870835246945,0.9389677088117363,optimal,12.341718374002085,34115,65003,202329
v0-bh50,Agis-r2,Agis,trajectory,TRAN,26,37.555290075178036,0.9388822518794508,optimal,16.568065295999986,34115,65003,202329
v0-bh50,Agis-r2,Agis,trajectory,TRAN,27,37.547276608217395,0.9386819152054349,optimal,15.258277100001578,34115,65003,202329
v0-bh50,Agis-r2,Agis,trajectory,TRAN,28,37.563244604775136,0.9390811151193784,optimal,14.033624007999606,34115,65003,202329
v0-bh50,Agis-r2,Agis,trajectory,TRAN,29,37.56410768542874,0.9391026921357184,optimal,12.616871806996642,34115,65003,202329
v0-bh50,Belnet2008-r0,Belnet2008,trajectory,B1,0,28.434840942382813,0.7108710235595703,optimal,5.635752843998489,25820,52229,177144
v0-bh50,Belnet2008-r0,Belnet2008,trajectory,B1,1,26.311059052709986,0.6577764763177496,optimal,3.546326998002769,25820,52229,177144
v0-bh50,Belnet2008-r0,Belnet2008,trajectory,B1,2,27.579958679478118,0.6894989669869529,optimal,3.5769093920025625,25820,52229,177144
v0-bh50,Belnet2008-r0,Belnet2008,trajectory,B1,3,27.307089981964364,0.6826772495491091,optimal,4.358815203006088,25820,52229,177144
v0-bh50,Belnet2008-r0,Belnet2008,trajectory,B1,4,27.999337080556526,0.6999834270139131,optimal,3.816774770995835,25820,52229,177144
v0-bh50,Belnet2008-r0,Belnet2008,trajectory,B1,5,27.208326308939693,0.6802081577234923,optimal,3.325162906003243,25820,52229,177144
v0-bh50,Belnet2008-r0,Belnet2008,trajectory,B1,6,27.75298894889403,0.6938247237223507,optimal,3.4291132889993605,25820,52229,177144
v0-bh50,Belnet2008-r0,Belnet2008,trajectory,B1,7,27.0105637530389,0.6752640938259724,optimal,4.209565707002184,25820,52229,177144
v0-bh50,Belnet2008-r0,Belnet2008,trajectory,B1,8,28.212232035107547,0.7053058008776887,optimal,3.932478522998281,25820,52229,177144
v0-bh50,Belnet2008-r0,Belnet2008,trajectory,B1,9,27.780020663590143,0.6945005165897535,optimal,4.342652757004544,25820,52229,177144
v0-bh50,Belnet2008-r0,Belnet2008,trajectory,B1,10,27.848328311519737,0.6962082077879934,optimal,5.216187026002444,25820,52229,177144
v0-bh50,Belnet2008-r0,Belnet2008,trajectory,B1,11,27.641215892619734,0.6910303973154933,optimal,4.233333104995836,25820,52229,177144
v0-bh50,Belnet2008-r0,Belnet2008,trajectory,B1,12,27.87641972793151,0.6969104931982877,optimal,4.386391796993848,25820,52229,177144
v0-bh50,Belnet2008-r0,Belnet2008,trajectory,B1,13,27.725721163155733,0.6931430290788934,optimal,3.707337132000248,25820,52229,177144
v0-bh50,Belnet2008-r0,Belnet2008,trajectory,B1,14,27.009669032178916,0.675241725804473,optimal,3.566963827004656,25820,52229,177144
v0-bh50,Belnet2008-r0,Belnet2008,trajectory,B1,15,27.374301404149783,0.6843575351037445,optimal,4.245522133001941,25820,52229,177144
v0-bh50,Belnet2008-r0,Belnet2008,trajectory,B1,16,28.256351377699467,0.7064087844424867,optimal,4.211484316998394,25820,52229,177144
v0-bh50,Belnet2008-r0,Belnet2008,trajectory,B1,17,26.91898313501488,0.672974578375372,optimal,3.3046830500024953,25820,52229,177144
v0-bh50,Belnet2008-r0,Belnet2008,trajectory,B1,18,27.029981401738567,0.6757495350434641,optimal,4.018556356000772,25820,52229,177144
v0-bh50,Belnet2008-r0,Belnet2008,trajectory,B1,19,27.14276037717046,0.6785690094292616,optimal,4.485754708002787,25820,52229,177144
v0-bh50,Belnet2008-r0,Belnet2008,trajectory,B1,20,26.48532102998543,0.6621330257496357,optimal,4.337313924996124,25820,52229,177144
v0-bh50,Belnet2008-r0,Belnet2008,trajectory,B1,21,27.52602459721991,0.6881506149304977,optimal,4.6046756010036916,25820,52229,177144
v0-bh50,Belnet2008-r0,Belnet2008,trajectory,B1,22,27.803673199550243,0.6950918299887561,optimal,3.876726004004013,25820,52229,177144
v0-bh50,Belnet2008-r0,Belnet2008,trajectory,B1,23,28.106920618854268,0.7026730154713567,optimal,4.125924327003304,25820,52229,177144
v0-bh50,Belnet2008-r0,Belnet2008,trajectory,B1,24,27.338768474371786,0.6834692118592947,optimal,4.174875368000357,25820,52229,177144
v0-bh50,Belnet2008-r0,Belnet2008,trajectory,B1,25,27.772370536019903,0.6943092634004976,optimal,5.14446671600308,25820,52229,177144
v0-bh50,Belnet2008-r0,Belnet2008,trajectory,B1,26,27.00965472155355,0.6752413680388387,optimal,3.451460825999675,25820,52229,177144
v0-bh50,Belnet2008-r0,Belnet2008,trajectory,B1,27,27.609623715233823,0.6902405928808456,optimal,3.6532807709954795,25820,52229,177144
v0-bh50,Belnet2008-r0,Belnet2008,trajectory,B1,28,26.915589850231033,0.6728897462557758,optimal,4.165108888002578,25820,52229,177144
v0-bh50,Belnet2008-r0,Belnet2008,trajectory,B1,29,27.640766260610143,0.6910191565152536,optimal,3.7454983760035248,25820,52229,177144
v0-bh50,Belnet2008-r0,Belnet2008,trajectory,TRAN,0,33.35235420695228,0.833808855173807,optimal,5.352173070998106,25820,52229,177144
v0-bh50,Belnet2008-r0,Belnet2008,trajectory,TRAN,1,33.03436354164068,0.825859088541017,optimal,4.140525212998909,25820,52229,177144
v0-bh50,Belnet2008-r0,Belnet2008,trajectory,TRAN,2,32.95811723490765,0.8239529308726912,optimal,5.401261313003488,25820,52229,177144
v0-bh50,Belnet2008-r0,Belnet2008,trajectory,TRAN,3,32.67269862644332,0.816817465661083,optimal,5.440373381003155,25820,52229,177144
v0-bh50,Belnet2008-r0,Belnet2008,trajectory,TRAN,4,33.777240073961366,0.8444310018490342,optimal,5.680013946002873,25820,52229,177144
v0-bh50,Belnet2008-r0,Belnet2008,trajectory,TRAN,5,32.15038024939718,0.8037595062349295,optimal,4.816219033993548,25820,52229,177144
v0-bh50,Belnet2008-r0,Belnet2008,trajectory,TRAN,6,32.77373125828446,0.8193432814571114,optimal,4.7580522749995,25820,52229,177144
v0-bh50,Belnet2008-r0,Belnet2008,trajectory,TRAN,7,32.969844608236784,0.8242461152059196,optimal,4.853999152001052,25820,52229,177144
v0-bh50,Belnet2008-r0,Belnet2008,trajectory,TRAN,8,33.299733686820375,0.8324933421705094,optimal,4.917094090000319,25820,52229,177144
v0-bh50,Belnet2008-r0,Belnet2008,trajectory,TRAN,9,32.96876466029777,0.8242191165074443,optimal,5.219251800001075,25820,52229,177144
v0-bh50,Belnet2008-r0,Belnet2008,trajectory,TRAN,10,33.418144448333955,0.8354536112083488,optimal,5.966329675000452,25820,52229,177144
v0-bh50,Belnet2008-r0,Belnet2008,trajectory,TRAN,11,33.46909679485099,0.8367274198712747,optimal,5.2256198300019605,25820,52229,177144
v0-bh50,Belnet2008-r0,Belnet2008,trajectory,TRAN,12,32.89640773132963,0.8224101932832408,optimal,4.967362776995287,25820,52229,177144
v0-bh50,Belnet2008-r0,Belnet2008,trajectory,TRAN,13,32.78779404011722,0.8196948510029305,optimal,4.44265582299704,25820,52229,177144
v0-bh50,Belnet2008-r0,Belnet2008,trajectory,TRAN,14,34.09313127781837,0.8523282819454593,optimal,6.273504994998802,25820,52229,177144
v0-bh50,Belnet2008-r0,Belnet2008,trajectory,TRAN,15,33.7245395191588,0.8431134879789701,optimal,4.229859184000816,25820,52229,177144
v0-bh50,Belnet2008-r0,Belnet2008,trajectory,TRAN,16,34.21066309607201,0.8552665774018002,optimal,4.566377366005327,25820,52229,177144
v0-bh50,Belnet2008-r0,Belnet2008,trajectory,TRAN,17,33.7646220623484,0.84411555155871,optimal,4.698540399003832,25820,52229,177144
v0-bh50,Belnet2008-r0,Belnet2008,trajectory,TRAN,18,34.05444831761774,0.8513612079404436,optimal,5.350644433005073,25820,52229,177144
v0-bh50,Belnet2008-r0,Belnet2008,trajectory,TRAN,19,34.092172517331214,0.8523043129332804,optimal,5.914971433005121,25820,52229,177144
v0-bh50,Belnet2008-r0,Belnet2008,trajectory,TRAN,20,31.87234488306453,0.7968086220766133,optimal,4.220083559004706,25820,52229,177144
v0-bh50,Belnet2008-r0,Belnet2008,trajectory,TRAN,21,33.09160548092961,0.8272901370232402,optimal,5.088227243999427,25820,52229,177144
v0-bh50,Belnet2008-r0,Belnet2008,trajectory,TRAN,22,33.50151929198965,0.8375379822997413,optimal,6.051445869001327,25820,52229,177144
v0-bh50,Belnet2008-r0,Belnet2008,trajectory,TRAN,23,32.99749942898676,0.824937485724669,optimal,6.963073054997949,25820,52229,177144
v0-bh50,Belnet2008-r0,Belnet2008,trajectory,TRAN,24,33.553750901803355,0.8388437725450839,optimal,6.2818806229988695,25820,52229,177144
v0-bh50,Belnet2008-r0,Belnet2008,trajectory,TRAN,25,32.935604995918595,0.8233901248979649,optimal,6.21174742400035,25820,52229,177144
v0-bh50,Belnet2008-r0,Belnet2008,trajectory,TRAN,26,33.29395127967148,0.8323487819917871,optimal,5.310429340002884,25820,52229,177144
v0-bh50,Belnet2008-r0,Belnet2008,trajectory,TRAN,27,33.968676276628145,0.8492169069157036,optimal,4.644822246998956,25820,52229,177144
v0-bh50,Belnet2008-r0,Belnet2008,trajectory,TRAN,28,32.40641544747865,0.8101603861869663,optimal,5.58254746899911,25820,52229,177144
v0-bh50,Belnet2008-r0,Belnet2008,trajectory,TRAN,29,32.25728645009147,0.8064321612522868,optimal,3.757680059003178,25820,52229,177144
v0-bh50,Belnet2008-r1,Belnet2008,trajectory,B1,0,18.791474606393397,0.4697868651598349,optimal,1.9569383950001793,30943,54667,205660
v0-bh50,Belnet2008-r1,Belnet2008,trajectory,B1,1,18.87602019397948,0.471900504849487,optimal,2.47355862299446,30943,54667,205660
v0-bh50,Belnet2008-r1,Belnet2008,trajectory,B1,2,19.20812626341292,0.48020315658532303,optimal,2.258841652001138,30943,54667,205660
v0-bh50,Belnet2008-r1,Belnet2008,trajectory,B1,3,20.092657672638087,0.5023164418159521,optimal,1.9583477270061849,30943,54667,205660
v0-bh50,Belnet2008-r1,Belnet2008,trajectory,B1,4,18.476961662024998,0.46192404155062494,optimal,2.023825267002394,30943,54667,205660
v0-bh50,Belnet2008-r1,Belnet2008,trajectory,B1,5,18.479182373893025,0.4619795593473256,optimal,1.9794762700039428,30943,54667,205660
v0-bh50,Belnet2008-r1,Belnet2008,trajectory,B1,6,19.454293778530026,0.48635734446325063,optimal,2.16265489700163,30943,54667,205660
v0-bh50,Belnet2008-r1,Belnet2008,trajectory,B1,7,20.11366153083757,0.5028415382709392,optimal,2.1106403390003834,30943,54667,205660
v0-bh50,Belnet2008-r1,Belnet2008,trajectory,B1,8,18.52365042271836,0.463091260567959,optimal,1.9187956780006061,30943,54667,205660
v0-bh50,Belnet2008-r1,Belnet2008,trajectory,B1,9,18.568046932723785,0.46420117331809463,optimal,2.3007395379972877,30943,54667,205660
v0-bh50,Belnet2008-r1,Belnet2008,trajectory,B1,10,18.41869373445546,0.4604673433613865,optimal,2.1726755629933905,30943,54667,205660
v0-bh50,Belnet2008-r1,Belnet2008,trajectory,B1,11,19.572849819955085,0.4893212454988771,optimal,1.9302381119996426,30943,54667,205660
v0-bh50,Belnet2008-r1,Belnet2008,trajectory,B1,12,19.49276530347158,0.4873191325867895,optimal,2.0269646770029794,30943,54667,205660
v0-bh50,Belnet2008-r1,Belnet2008,trajectory,B1,13,18.838835074030662,0.47097087685076655,optimal,2.3919470960026956,30943,54667,205660
v0-bh50,Belnet2008-r1,Belnet2008,trajectory,B1,14,20.12752610486438,0.5031881526216095,optimal,2.0732334409985924,30943,54667,205660
v0-bh50,Belnet2008-r1,Belnet2008,trajectory,B1,15,17.871502547888113,0.44678756369720285,optimal,2.039898388000438,30943,54667,205660
v0-bh50,Belnet2008-r1,Belnet2008,trajectory,B1,16,20.268408490378317,0.5067102122594579,optimal,2.167812707994017,30943,54667,205660
v0-bh50,Belnet2008-r1,Belnet2008,trajectory,B1,17,20.07333310230506,0.5018333275576266,optimal,1.9120371870012605,30943,54667,205660
v0-bh50,Belnet2008-r1,Belnet2008,trajectory,B1,18,18.290551221449558,0.45726378053623895,optimal,2.28895965799893,30943,54667,205660
v0-bh50,Belnet2008-r1,Belnet2008,trajectory,B1,19,18.83117194271461,0.47077929856786527,optimal,2.1054362200011383,30943,54667,205660
v0-bh50,Belnet2008-r1,Belnet2008,trajectory,B1,20,19.441211434802238,0.4860302858700559,optimal,2.4125919079961022,30943,54667,205660
v0-bh50,Belnet2008-r1,Belnet2008,trajectory,B1,21,19.337862318694928,0.4834465579673732,optimal,1.934653721000359,30943,54667,205660
v0-bh50,Belnet2008-r1,Belnet2008,trajectory,B1,22,19.322451713557125,0.4830612928389281,optimal,2.0753875829977915,30943,54667,205660
v0-bh50,Belnet2008-r1,Belnet2008,trajectory,B1,23,19.1272514377678,0.478181285944195,optimal,2.1754484150005737,30943,54667,205660
v0-bh50,Belnet2008-r1,Belnet2008,trajectory,B1,24,20.02013674826122,0.5005034187065305,optimal,2.1291285429979325,30943,54667,205660
v0-bh50,Belnet2008-r1,Belnet2008,trajectory,B1,25,17.58385868003249,0.43959646700081223,optimal,2.0371477829976357,30943,54667,205660
v0-bh50,Belnet2008-r1,Belnet2008,trajectory,B1,26,17.964537426124387,0.4491134356531097,optimal,1.9787244769977406,30943,54667,205660
v0-bh50,Belnet2008-r1,Belnet2008,trajectory,B1,27,19.304057867240004,0.48260144668100013,optimal,2.6306811649992596,30943,54667,205660
v0-bh50,Belnet2008-r1,Belnet2008,trajectory,B1,28,19.705145517108743,0.4926286379277186,optimal,2.3591022830005386,30943,54667,205660
v0-bh50,Belnet2008-r1,Belnet2008,trajectory,B1,29,18.86672866436868,0.471668216609217,optimal,1.9257639499992365,30943,54667,205660
v0-bh50,Belnet2008-r1,Belnet2008,trajectory,TRAN,0,30.344862367943517,0.7586215591985879,optimal,2.784491946003982,30943,54667,205660
v0-bh50,Belnet2008-r1,Belnet2008,trajectory,TRAN,1,30.81926893717437,0.7704817234293593,optimal,3.0465143940018606,30943,54667,205660
v0-bh50,Belnet2008-r1,Belnet2008,trajectory,TRAN,2,30.161530797354356,0.7540382699338589,optimal,2.7565135059994645,30943,54667,205660
v0-bh50,Belnet2008-r1,Belnet2008,trajectory,TRAN,3,29.320109933418856,0.7330027483354714,optimal,2.947472365995054,30943,54667,205660
v0-bh50,Belnet2008-r1,Belnet2008,trajectory,TRAN,4,30.570955904863702,0.7642738976215926,optimal,3.4137451170026907,30943,54667,205660
v0-bh50,Belnet2008-r1,Belnet2008,trajectory,TRAN,5,30.646918772989583,0.7661729693247396,optimal,2.940942613997322,30943,54667,205660
v0-bh50,Belnet2008-r1,Belnet2008,trajectory,TRAN,6,30.70441657343624,0.767610414335906,optimal,2.9751708719995804,30943,54667,205660
v0-bh50,Belnet2008-r1,Belnet2008,trajectory,TRAN,7,30.93846414764944,0.7734616036912361,optimal,2.781057462001627,30943,54667,205660
v0-bh50,Belnet2008-r1,Belnet2008,trajectory,TRAN,8,29.796061624765468,0.7449015406191367,optimal,2.689070893000462,30943,54667,205660
v0-bh50,Belnet2008-r1,Belnet2008,trajectory,TRAN,9,30.488073842263223,0.7622018460565806,optimal,2.6591253229998983,30943,54667,205660
v0-bh50,Belnet2008-r1,Belnet2008,trajectory,TRAN,10,30.676843038546867,0.7669210759636717,optimal,2.841480875002162,30943,54667,205660
v0-bh50,Belnet2008-r1,Belnet2008,trajectory,TRAN,11,30.125219376110795,0.7531304844027699,optimal,2.906885878997855,30943,54667,205660
v0-bh50,Belnet2008-r1,Belnet2008,trajectory,TRAN,12,30.841346966055234,0.7710336741513808,optimal,2.8154391610005405,30943,54667,205660
v0-bh50,Belnet2008-r1,Belnet2008,trajectory,TRAN,13,30.4443694283357,0.7611092357083925,optimal,2.6104680839998764,30943,54667,205660
v0-bh50,Belnet2008-r1,Belnet2008,trajectory,TRAN,14,29.46505489256896,0.736626372314224,optimal,2.531267721002223,30943,54667,205660
v0-bh50,Belnet2008-r1,Belnet2008,trajectory,TRAN,15,29.887756563455216,0.7471939140863804,optimal,2.7105716730002314,30943,54667,205660
v0-bh50,Belnet2008-r1,Belnet2008,trajectory,TRAN,16,28.664542218124843,0.7166135554531211,optimal,2.326117788994452,30943,54667,205660
v0-bh50,Belnet2008-r1,Belnet2008,trajectory,TRAN,17,30.27191345673957,0.7567978364184892,optimal,2.2778114009997807,30943,54667,205660
v0-bh50,Belnet2008-r1,Belnet2008,trajectory,TRAN,18,31.40102370981789,0.7850255927454473,optimal,2.6418168379968847,30943,54667,205660
v0-bh50,Belnet2008-r1,Belnet2008,trajectory,TRAN,19,30.93476519256115,0.7733691298140288,optimal,2.201104765998025,30943,54667,205660
v0-bh50,Belnet2008-r1,Belnet2008,trajectory,TRAN,20,30.553032127622757,0.7638258031905689,optimal,2.8272172509969096,30943,54667,205660
v0-bh50,Belnet2008-r1,Belnet2008,trajectory,TRAN,21,30.405713334347254,0.7601428333586814,optimal,2.6596170280026854,30943,54667,205660
v0-bh50,Belnet2008-r1,Belnet2008,trajectory,TRAN,22,30.39640189596858,0.7599100473992145,optimal,2.9098561290011276,30943,54667,205660
v0-bh50,Belnet2008-r1,Belnet2008,trajectory,TRAN,23,31.068454742278213,0.7767113685569553,optimal,2.5849396729972796,30943,54667,205660
v0-bh50,Belnet2008-r1,Belnet2008,trajectory,TRAN,24,30.3342819546832,0.75835704886708,optimal,2.749257988005411,30943,54667,205660
v0-bh50,Belnet2008-r1,Belnet2008,trajectory,TRAN,25,30.190894690227644,0.7547723672556911,optimal,2.344441306006047,30943,54667,205660
v0-bh50,Belnet2008-r1,Belnet2008,trajectory,TRAN,26,30.59731254592233,0.7649328136480582,optimal,2.4037462399937795,30943,54667,205660
v0-bh50,Belnet2008-r1,Belnet2008,trajectory,TRAN,27,30.428065008486243,0.7607016252121561,optimal,2.4544662879998214,30943,54667,205660
v0-bh50,Belnet2008-r1,Belnet2008,trajectory,TRAN,28,31.12306910921596,0.778076727730399,optimal,2.4777451129994006,30943,54667,205660
v0-bh50,Belnet2008-r1,Belnet2008,trajectory,TRAN,29,30.662335735303905,0.7665583933825977,optimal,2.701735643000575,30943,54667,205660
v0-bh50,Belnet2008-r2,Belnet2008,trajectory,B1,0,33.069912460080694,0.8267478115020174,optimal,32.11057369899936,36663,69438,217151
v0-bh50,Belnet2008-r2,Belnet2008,trajectory,B1,1,32.829842407918875,0.8207460601979719,optimal,24.502712358997087,36663,69438,217151
v0-bh50,Belnet2008-r2,Belnet2008,trajectory,B1,2,32.308684828821086,0.8077171207205271,optimal,26.695379960998252,36663,69438,217151
v0-bh50,Belnet2008-r2,Belnet2008,trajectory,B1,3,32.456938083951826,0.8114234520987956,optimal,28.162290034997568,36663,69438,217151
v0-bh50,Belnet2008-r2,Belnet2008,trajectory,B1,4,32.61110537591329,0.8152776343978323,optimal,26.781802694997168,36663,69438,217151
v0-bh50,Belnet2008-r2,Belnet2008,trajectory,B1,5,32.57721642707754,0.8144304106769384,optimal,30.68653584599815,36663,69438,217151
v0-bh50,Belnet2008-r2,Belnet2008,trajectory,B1,6,32.67283468053814,0.8168208670134535,optimal,29.543681440998625,36663,69438,217151
v0-bh50,Belnet2008-r2,Belnet2008,trajectory,B1,7,32.62455999222182,0.8156139998055455,optimal,30.371472553000785,36663,69438,217151
v0-bh50,Belnet2008-r2,Belnet2008,trajectory,B1,8,32.45470893553416,0.811367723388354,optimal,30.193685860002006,36663,69438,217151
v0-bh50,Belnet2008-r2,Belnet2008,trajectory,B1,9,32.44654855454913,0.8111637138637283,optimal,29.415271586003655,36663,69438,217151
v0-bh50,Belnet2008-r2,Belnet2008,trajectory,B1,10,32.84762490093311,0.8211906225233279,optimal,32.336713825003244,36663,69438,217151
v0-bh50,Belnet2008-r2,Belnet2008,trajectory,B1,11,32.88342977249228,0.822085744312307,optimal,26.303046784996695,36663,69438,217151
v0-bh50,Belnet2008-r2,Belnet2008,trajectory,B1,12,32.50585153311021,0.8126462883277552,optimal,33.96238074400026,36663,69438,217151
v0-bh50,Belnet2008-r2,Belnet2008,trajectory,B1,13,32.18847616046747,0.8047119040116867,optimal,27.645841735997237,36663,69438,217151
v0-bh50,Belnet2008-r2,Belnet2008,trajectory,B1,14,32.801896007659224,0.8200474001914806,optimal,34.18799036499695,36663,69438,217151
v0-bh50,Belnet2008-r2,Belnet2008,trajectory,B1,15,32.73489200392699,0.8183723000981746,optimal,32.445442940996145,36663,69438,217151
v0-bh50,Belnet2008-r2,Belnet2008,trajectory,B1,16,32.317963400787036,0.8079490850196759,optimal,31.326220292998187,36663,69438,217151
v0-bh50,Belnet2008-r2,Belnet2008,trajectory,B1,17,32.48411868470811,0.8121029671177027,optimal,35.361785437002254,36663,69438,217151
v0-bh50,Belnet2008-r2,Belnet2008,trajectory,B1,18,32.24879755084299,0.8062199387710747,optimal,26.208639060001587,36663,69438,217151
v0-bh50,Belnet2008-r2,Belnet2008,trajectory,B1,19,33.25791276315586,0.8314478190788964,optimal,34.94435121399874,36663,69438,217151
v0-bh50,Belnet2008-r2,Belnet2008,trajectory,B1,20,32.9239630049715,0.8230990751242875,optimal,26.375806724994618,36663,69438,217151
v0-bh50,Belnet2008-r2,Belnet2008,trajectory,B1,21,32.73951070360524,0.818487767590131,optimal,30.615393962005328,36663,69438,217151
v0-bh50,Belnet2008-r2,Belnet2008,trajectory,B1,22,32.26874095615995,0.8067185239039988,optimal,31.05947764600569,36663,69438,217151
v0-bh50,Belnet2008-r2,Belnet2008,trajectory,B1,23,32.89830898921567,0.8224577247303918,optimal,31.578491139000107,36663,69438,217151
v0-bh50,Belnet2008-r2,Belnet2008,trajectory,B1,24,32.982098706832694,0.8245524676708174,optimal,28.63654416999634,36663,69438,217151
v0-bh50,Belnet2008-r2,Belnet2008,trajectory,B1,25,32.7186471921857,0.8179661798046425,optimal,33.33522312399873,36663,69438,217151
v0-bh50,Belnet2008-r2,Belnet2008,trajectory,B1,26,32.40854961673786,0.8102137404184464,optimal,31.629920835999656,36663,69438,217151
v0-bh50,Belnet2008-r2,Belnet2008,trajectory,B1,27,33.21179041481695,0.8302947603704238,optimal,28.418722861002607,36663,69438,217151
v0-bh50,Belnet2008-r2,Belnet2008,trajectory,B1,28,32.60705672531964,0.8151764181329909,optimal,28.402083133005362,36663,69438,217151
v0-bh50,Belnet2008-r2,Belnet2008,trajectory,B1,29,32.64492391380481,0.8161230978451203,optimal,29.403329890999885,36663,69438,217151
v0-bh50,Belnet2008-r2,Belnet2008,trajectory,TRAN,0,33.53694913262481,0.8384237283156203,optimal,39.104561152002134,36663,69438,217151
v0-bh50,Belnet2008-r2,Belnet2008,trajectory,TRAN,1,33.850456126135185,0.8462614031533796,optimal,28.37374121099856,36663,69438,217151
v0-bh50,Belnet2008-r2,Belnet2008,trajectory,TRAN,2,33.75158155442527,0.8437895388606318,optimal,31.11000738099392,36663,69438,217151
v0-bh50,Belnet2008-r2,Belnet2008,trajectory,TRAN,3,33.752432197065346,0.8438108049266336,optimal,33.42057921900414,36663,69438,217151
v0-bh50,Belnet2008-r2,Belnet2008,trajectory,TRAN,4,33.71105274961253,0.8427763187403132,optimal,40.97292270699836,36663,69438,217151
v0-bh50,Belnet2008-r2,Belnet2008,trajectory,TRAN,5,33.444610668878674,0.8361152667219669,optimal,28.0620202459977,36663,69438,217151
v0-bh50,Belnet2008-r2,Belnet2008,trajectory,TRAN,6,33.668782184749546,0.8417195546187386,optimal,27.941352318004647,36663,69438,217151
v0-bh50,Belnet2008-r2,Belnet2008,trajectory,TRAN,7,33.67300166734208,0.841825041683552,optimal,33.76223590099835,36663,69438,217151
v0-bh50,Belnet2008-r2,Belnet2008,trajectory,TRAN,8,33.94949481877868,0.8487373704694671,optimal,33.42310593500588,36663,69438,217151
v0-bh50,Belnet2008-r2,Belnet2008,trajectory,TRAN,9,33.767264952409214,0.8441816238102303,optimal,35.83588295100344,36663,69438,217151
v0-bh50,Belnet2008-r2,Belnet2008,trajectory,TRAN,10,33.58674540546962,0.8396686351367405,optimal,33.554321529001754,36663,69438,217151
v0-bh50,Belnet2008-r2,Belnet2008,trajectory,TRAN,11,33.92367326164763,0.8480918315411907,optimal,36.21342191800068,36663,69438,217151
v0-bh50,Belnet2008-r2,Belnet2008,trajectory,TRAN,12,33.75749989941715,0.8439374974854287,optimal,30.45126678000088,36663,69438,217151
v0-bh50,Belnet2008-r2,Belnet2008,trajectory,TRAN,13,33.3550672969601,0.8338766824240025,optimal,34.784739417998935,36663,69438,217151
v0-bh50,Belnet2008-r2,Belnet2008,trajectory,TRAN,14,33.80915342182522,0.8452288355456306,optimal,37.189184654998826,36663,69438,217151
v0-bh50,Belnet2008-r2,Belnet2008,trajectory,TRAN,15,33.65715197902778,0.8414287994756945,optimal,42.211253901994496,36663,69438,217151
v0-bh50,Belnet2008-r2,Belnet2008,trajectory,TRAN,16,33.7468889820542,0.843672224551355,optimal,36.821892691994435,36663,69438,217151
v0-bh50,Belnet2008-r2,Belnet2008,trajectory,TRAN,17,33.843672548488954,0.8460918137122239,optimal,30.161305959001766,36663,69438,217151
v0-bh50,Belnet2008-r2,Belnet2008,trajectory,TRAN,18,33.553538107080854,0.8388384526770214,optimal,37.93636542400054,36663,69438,217151
v0-bh50,Belnet2008-r2,Belnet2008,trajectory,TRAN,19,33.88143433523619,0.8470358583809048,optimal,35.609366189004504,36663,69438,217151
v0-bh50,Belnet2008-r2,Belnet2008,trajectory,TRAN,20,33.83047765193382,0.8457619412983455,optimal,27.878208395995898,36663,69438,217151
v0-bh50,Belnet2008-r2,Belnet2008,trajectory,TRAN,21,33.77321468416231,0.8443303671040578,optimal,32.07942873000138,36663,69438,217151
v0-bh50,Belnet2008-r2,Belnet2008,trajectory,TRAN,22,33.737421154043716,0.8434355288510929,optimal,31.049266863999947,36663,69438,217151
v0-bh50,Belnet2008-r2,Belnet2008,trajectory,TRAN,23,33.58626580358599,0.8396566450896497,optimal,30.845994504001283,36663,69438,217151
v0-bh50,Belnet2008-r2,Belnet2008,trajectory,TRAN,24,33.59378306738162,0.8398445766845406,optimal,32.66160605500045,36663,69438,217151
v0-bh50,Belnet2008-r2,Belnet2008,trajectory,TRAN,25,33.71315337027885,0.8428288342569713,optimal,34.55799068899796,36663,69438,217151
v0-bh50,Belnet2008-r2,Belnet2008,trajectory,TRAN,26,33.60110513945084,0.8400276284862709,optimal,36.6897739989945,36663,69438,217151
v0-bh50,Belnet2008-r2,Belnet2008,trajectory,TRAN,27,33.54459583997455,0.8386148959993637,optimal,29.610122991995013,36663,69438,217151
v0-bh50,Belnet2008-r2,Belnet2008,trajectory,TRAN,28,33.67285800113493,0.8418214500283732,optimal,33.32179807499779,36663,69438,217151
v0-bh50,Belnet2008-r2,Belnet2008,trajectory,TRAN,29,33.73844483376261,0.8434611208440652,optimal,25.85916620500211,36663,69438,217151
v0-bh50,BsonetEurope-r0,BsonetEurope,trajectory,B1,0,26.738959877134356,0.6684739969283588,optimal,10.971142289999989,30070,55009,200233
v0-bh50,BsonetEurope-r0,BsonetEurope,trajectory,B1,1,25.607933560817518,0.640198339020438,optimal,12.320937152995612,30070,55009,200233
v0-bh50,BsonetEurope-r0,BsonetEurope,trajectory,B1,2,26.199159940288183,0.6549789985072045,optimal,11.331256037003186,30070,55009,200233
v0-bh50,BsonetEurope-r0,BsonetEurope,trajectory,B1,3,26.45019768063294,0.6612549420158235,optimal,10.149942119001935,30070,55009,200233
v0-bh50,BsonetEurope-r0,BsonetEurope,trajectory,B1,4,26.632495500939136,0.6658123875234784,optimal,11.58109261700156,30070,55009,200233
v0-bh50,BsonetEurope-r0,BsonetEurope,trajectory,B1,5,26.529878967889264,0.6632469741972316,optimal,12.436531297003967,30070,55009,200233
v0-bh50,BsonetEurope-r0,BsonetEurope,trajectory,B1,6,25.813042736048654,0.6453260684012163,optimal,12.499353967999923,30070,55009,200233
v0-bh50,BsonetEurope-r0,BsonetEurope,trajectory,B1,7,26.045344478389705,0.6511336119597426,optimal,9.5702767699986,30070,55009,200233
v0-bh50,BsonetEurope-r0,BsonetEurope,trajectory,B1,8,25.58280701303476,0.639570175325869,optimal,8.238860457000555,30070,55009,200233
v0-bh50,BsonetEurope-r0,BsonetEurope,trajectory,B1,9,25.637082109497506,0.6409270527374377,optimal,11.558039695002662,30070,55009,200233
v0-bh50,BsonetEurope-r0,BsonetEurope,trajectory,B1,10,25.254848679155288,0.6313712169788822,optimal,7.213560996999149,30070,55009,200233
v0-bh50,BsonetEurope-r0,BsonetEurope,trajectory,B1,11,26.482430607126716,0.6620607651781679,optimal,13.242316912001115,30070,55009,200233
v0-bh50,BsonetEurope-r0,BsonetEurope,trajectory,B1,12,26.378917985353542,0.6594729496338385,optimal,10.485657418998017,30070,55009,200233
v0-bh50,BsonetEurope-r0,BsonetEurope,trajectory,B1,13,26.553386866959205,0.6638346716739801,optimal,9.442348814001889,30070,55009,200233
v0-bh50,BsonetEurope-r0,BsonetEurope,trajectory,B1,14,26.58139824537118,0.6645349561342795,optimal,14.801431148996926,30070,55009,200233
v0-bh50,BsonetEurope-r0,BsonetEurope,trajectory,B1,15,26.65166360246536,0.666291590061634,optimal,10.14994428800128,30070,55009,200233
v0-bh50,BsonetEurope-r0,BsonetEurope,trajectory,B1,16,26.384938618226514,0.6596234654556629,optimal,10.628070557999308,30070,55009,200233
v0-bh50,BsonetEurope-r0,BsonetEurope,trajectory,B1,17,26.747203472775375,0.6686800868193844,optimal,10.295532770003774,30070,55009,200233
v0-bh50,BsonetEurope-r0,BsonetEurope,trajectory,B1,18,26.851188288361403,0.6712797072090351,optimal,7.837635239993688,30070,55009,200233
v0-bh50,BsonetEurope-r0,BsonetEurope,trajectory,B1,19,26.4969593911056,0.6624239847776401,optimal,10.03461422699911,30070,55009,200233
v0-bh50,BsonetEurope-r0,BsonetEurope,trajectory,B1,20,26.489899973433758,0.6622474993358439,optimal,9.56065686099464,30070,55009,200233
v0-bh50,BsonetEurope-r0,BsonetEurope,trajectory,B1,21,26.185450266300982,0.6546362566575246,optimal,10.396092880000651,30070,55009,200233
v0-bh50,BsonetEurope-r0,BsonetEurope,trajectory,B1,22,26.81295632077017,0.6703239080192542,optimal,8.630932850996032,30070,55009,200233
v0-bh50,BsonetEurope-r0,BsonetEurope,trajectory,B1,23,26.63887699536706,0.6659719248841764,optimal,7.932732228997338,30070,55009,200233
v0-bh50,BsonetEurope-r0,BsonetEurope,trajectory,B1,24,25.39073987841726,0.6347684969604315,optimal,10.050104139998439,30070,55009,200233
v0-bh50,BsonetEurope-r0,BsonetEurope,trajectory,B1,25,26.143918586401124,0.6535979646600281,optimal,11.43631620099768,30070,55009,200233
v0-bh50,BsonetEurope-r0,BsonetEurope,trajectory,B1,26,26.556518655226096,0.6639129663806524,optimal,9.427499313002045,30070,55009,200233
v0-bh50,BsonetEurope-r0,BsonetEurope,trajectory,B1,27,26.140465017950824,0.6535116254487706,optimal,11.404241689000628,30070,55009,200233
v0-bh50,BsonetEurope-r0,BsonetEurope,trajectory,B1,28,26.878489763561774,0.6719622440890444,optimal,10.93325493199518,30070,55009,200233
v0-bh50,BsonetEurope-r0,BsonetEurope,trajectory,B1,29,25.19046812960451,0.6297617032401128,optimal,11.120823668999947,30070,55009,200233
v0-bh50,BsonetEurope-r0,BsonetEurope,trajectory,TRAN,0,28.573136519379183,0.7143284129844796,optimal,4.992339693999384,30070,55009,200233
v0-bh50,BsonetEurope-r0,BsonetEurope,trajectory,TRAN,1,27.334022150789103,0.6833505537697275,optimal,3.7621637960037333,30070,55009,200233
v0-bh50,BsonetEurope-r0,BsonetEurope,trajectory,TRAN,2,28.035300386012892,0.7008825096503223,optimal,4.740738248998241,30070,55009,200233
v0-bh50,BsonetEurope-r0,BsonetEurope,trajectory,TRAN,3,28.699347871599542,0.7174836967899886,optimal,7.442010067003139,30070,55009,200233
v0-bh50,BsonetEurope-r0,BsonetEurope,trajectory,TRAN,4,28.60659901686436,0.7151649754216091,optimal,5.667387583998789,30070,55009,200233
v0-bh50,BsonetEurope-r0,BsonetEurope,trajectory,TRAN,5,28.64049002363759,0.7160122505909398,optimal,4.8654038140011835,30070,55009,200233
v0-bh50,BsonetEurope-r0,BsonetEurope,trajectory,TRAN,6,27.282606197198813,0.6820651549299703,optimal,4.443864419998135,30070,55009,200233
v0-bh50,BsonetEurope-r0,BsonetEurope,trajectory,TRAN,7,28.244789941033943,0.7061197485258486,optimal,5.592255395000393,30070,55009,200233
v0-bh50,BsonetEurope-r0,BsonetEurope,trajectory,TRAN,8,27.28285642418856,0.682071410604714,optimal,5.252992305999214,30070,55009,200233
v0-bh50,BsonetEurope-r0,BsonetEurope,trajectory,TRAN,9,28.848320575357565,0.7212080143839391,optimal,5.712438525995822,30070,55009,200233
v0-bh50,BsonetEurope-r0,BsonetEurope,trajectory,TRAN,10,27.68062653532043,0.6920156633830108,optimal,5.032062527003291,30070,55009,200233
v0-bh50,BsonetEurope-r0,BsonetEurope,trajectory,TRAN,11,28.756796697447584,0.7189199174361895,optimal,6.041579004995583,30070,55009,200233
v0-bh50,BsonetEurope-r0,BsonetEurope,trajectory,TRAN,12,27.3827610281716,0.68456902570429,optimal,5.6027526070029126,30070,55009,200233
v0-bh50,BsonetEurope-r0,BsonetEurope,trajectory,TRAN,13,28.66611326079772,0.716652831519943,optimal,6.227320518002671,30070,55009,200233
v0-bh50,BsonetEurope-r0,BsonetEurope,trajectory,TRAN,14,29.706470984353693,0.7426617746088423,optimal,6.9072873830009485,30070,55009,200233
v0-bh50,BsonetEurope-r0,BsonetEurope,trajectory,TRAN,15,28.47992436262769,0.7119981090656922,optimal,6.892174446998979,30070,55009,200233
v0-bh50,BsonetEurope-r0,BsonetEurope,trajectory,TRAN,16,27.466283490176828,0.6866570872544207,optimal,5.721240895996743,30070,55009,200233
v0-bh50,BsonetEurope-r0,BsonetEurope,trajectory,TRAN,17,28.6607364685527,0.7165184117138175,optimal,7.0729347840024275,30070,55009,200233
v0-bh50,BsonetEurope-r0,BsonetEurope,trajectory,TRAN,18,28.227579111006182,0.7056894777751546,optimal,5.6774501869949745,30070,55009,200233
v0-bh50,BsonetEurope-r0,BsonetEurope,trajectory,TRAN,19,28.199323565639872,0.7049830891409968,optimal,5.080240233997756,30070,55009,200233
v0-bh50,BsonetEurope-r0,BsonetEurope,trajectory,TRAN,20,28.722092402939424,0.7180523100734856,optimal,5.301381282995862,30070,55009,200233
v0-bh50,BsonetEurope-r0,BsonetEurope,trajectory,TRAN,21,28.54682582091365,0.7136706455228412,optimal,5.365184297996166,30070,55009,200233
v0-bh50,BsonetEurope-r0,BsonetEurope,trajectory,TRAN,22,28.00331470974399,0.7000828677435997,optimal,5.958302783998079,30070,55009,200233
v0-bh50,BsonetEurope-r0,BsonetEurope,trajectory,TRAN,23,28.987248186451104,0.7246812046612776,optimal,7.102533452001808,30070,55009,200233
v0-bh50,BsonetEurope-r0,BsonetEurope,trajectory,TRAN,24,27.527348702353088,0.6881837175588272,optimal,6.782515212005819,30070,55009,200233
v0-bh50,BsonetEurope-r0,BsonetEurope,trajectory,TRAN,25,27.24799894586434,0.6811999736466084,optimal,4.820147467995412,30070,55009,200233
v0-bh50,BsonetEurope-r0,BsonetEurope,trajectory,TRAN,26,28.892159661370886,0.7223039915342722,optimal,6.0537820440004,30070,55009,200233
v0-bh50,BsonetEurope-r0,BsonetEurope,trajectory,TRAN,27,28.349670849972842,0.708741771249321,optimal,4.905408908998652,30070,55009,200233
v0-bh50,BsonetEurope-r0,BsonetEurope,trajectory,TRAN,28,28.475306698070057,0.7118826674517514,optimal,6.573232044000179,30070,55009,200233
v0-bh50,BsonetEurope-r0,BsonetEurope,trajectory,TRAN,29,28.23147466276218,0.7057868665690545,optimal,5.836174223004491,30070,55009,200233
v0-bh50,BsonetEurope-r1,BsonetEurope,trajectory,B1,0,23.011811582903825,0.5752952895725956,optimal,3.6291873730006046,28933,56165,193441
v0-bh50,BsonetEurope-r1,BsonetEurope,trajectory,B1,1,22.43580581798869,0.5608951454497173,optimal,2.939213848003419,28933,56165,193441
v0-bh50,BsonetEurope-r1,BsonetEurope,trajectory,B1,2,23.43223622819291,0.5858059057048227,optimal,3.747179297002731,28933,56165,193441
v0-bh50,BsonetEurope-r1,BsonetEurope,trajectory,B1,3,23.440769209763154,0.5860192302440789,optimal,4.488982871000189,28933,56165,193441
v0-bh50,BsonetEurope-r1,BsonetEurope,trajectory,B1,4,23.44889990650674,0.5862224976626684,optimal,2.771201237999776,28933,56165,193441
v0-bh50,BsonetEurope-r1,BsonetEurope,trajectory,B1,5,22.37862981838373,0.5594657454595933,optimal,2.6604951940025785,28933,56165,193441
v0-bh50,BsonetEurope-r1,BsonetEurope,trajectory,B1,6,22.191025650122572,0.5547756412530643,optimal,2.7283125079993624,28933,56165,193441
v0-bh50,BsonetEurope-r1,BsonetEurope,trajectory,B1,7,22.66979682449806,0.5667449206124515,optimal,3.4239245999997365,28933,56165,193441
v0-bh50,BsonetEurope-r1,BsonetEurope,trajectory,B1,8,23.24204567046315,0.5810511417615787,optimal,2.6563988289999543,28933,56165,193441
v0-bh50,BsonetEurope-r1,BsonetEurope,trajectory,B1,9,22.58406162060535,0.5646015405151338,optimal,2.276688065001508,28933,56165,193441
v0-bh50,BsonetEurope-r1,BsonetEurope,trajectory,B1,10,22.447007213760216,0.5611751803440054,optimal,3.150298025997472,28933,56165,193441
v0-bh50,BsonetEurope-r1,BsonetEurope,trajectory,B1,11,22.48571204257729,0.5621428010644323,optimal,2.341109813998628,28933,56165,193441
v0-bh50,BsonetEurope-r1,BsonetEurope,trajectory,B1,12,23.19113868332936,0.579778467083234,optimal,2.7839795030013192,28933,56165,193441
v0-bh50,BsonetEurope-r1,BsonetEurope,trajectory,B1,13,23.237082020709703,0.5809270505177426,optimal,3.1858892840027693,28933,56165,193441
v0-bh50,BsonetEurope-r1,BsonetEurope,trajectory,B1,14,22.346967760482634,0.5586741940120659,optimal,2.8509658190014306,28933,56165,193441
v0-bh50,BsonetEurope-r1,BsonetEurope,trajectory,B1,15,23.815050203545013,0.5953762550886254,optimal,3.2704678629961563,28933,56165,193441
v0-bh50,BsonetEurope-r1,BsonetEurope,trajectory,B1,16,22.204360062962014,0.5551090015740503,optimal,2.1383109520029393,28933,56165,193441
v0-bh50,BsonetEurope-r1,BsonetEurope,trajectory,B1,17,23.70990441118212,0.592747610279553,optimal,3.7970330769967404,28933,56165,193441
v0-bh50,BsonetEurope-r1,BsonetEurope,trajectory,B1,18,22.47622419968251,0.5619056049920628,optimal,2.616053831996396,28933,56165,193441
v0-bh50,BsonetEurope-r1,BsonetEurope,trajectory,B1,19,23.39916623710536,0.5849791559276339,optimal,4.025533535001159,28933,56165,193441
v0-bh50,BsonetEurope-r1,BsonetEurope,trajectory,B1,20,22.821201548507783,0.5705300387126946,optimal,2.5522536389980814,28933,56165,193441
v0-bh50,BsonetEurope-r1,BsonetEurope,trajectory,B1,21,22.8781935108708,0.57195483777177,optimal,2.753001413002494,28933,56165,193441
v0-bh50,BsonetEurope-r1,BsonetEurope,trajectory,B1,22,21.384739066326812,0.5346184766581703,optimal,2.5237273669990827,28933,56165,193441
v0-bh50,BsonetEurope-r1,BsonetEurope,trajectory,B1,23,23.02534214379268,0.575633553594817,optimal,3.592686338000931,28933,56165,193441
v0-bh50,BsonetEurope-r1,BsonetEurope,trajectory,B1,24,22.236220551863642,0.555905513796591,optimal,2.7410541560020647,28933,56165,193441
v0-bh50,BsonetEurope-r1,BsonetEurope,trajectory,B1,25,22.82442342771009,0.5706105856927522,optimal,2.616919769003289,28933,56165,193441
v0-bh50,BsonetEurope-r1,BsonetEurope,trajectory,B1,26,23.78382124788266,0.5945955311970665,optimal,4.116544539996539,28933,56165,193441
v0-bh50,BsonetEurope-r1,BsonetEurope,trajectory,B1,27,23.335979276887496,0.5833994819221874,optimal,3.1587975709990133,28933,56165,193441
v0-bh50,BsonetEurope-r1,BsonetEurope,trajectory,B1,28,22.690416142409447,0.5672604035602362,optimal,2.538386961001379,28933,56165,193441
v0-bh50,BsonetEurope-r1,BsonetEurope,trajectory,B1,29,21.868930003477256,0.5467232500869315,optimal,2.576711558001989,28933,56165,193441
v0-bh50,BsonetEurope-r1,BsonetEurope,trajectory,TRAN,0,27.172598845127002,0.6793149711281751,optimal,3.5859035229950678,28933,56165,193441
v0-bh50,BsonetEurope-r1,BsonetEurope,trajectory,TRAN,1,26.167201350924046,0.6541800337731012,optimal,2.261099123999884,28933,56165,193441
v0-bh50,BsonetEurope-r1,BsonetEurope,trajectory,TRAN,2,26.450144144125606,0.6612536036031401,optimal,2.564554586999293,28933,56165,193441
v0-bh50,BsonetEurope-r1,BsonetEurope,trajectory,TRAN,3,27.10185474558378,0.6775463686395945,optimal,4.522809834001237,28933,56165,193441
v0-bh50,BsonetEurope-r1,BsonetEurope,trajectory,TRAN,4,26.714762269198058,0.6678690567299514,optimal,2.649602492005215,28933,56165,193441
v0-bh50,BsonetEurope-r1,BsonetEurope,trajectory,TRAN,5,27.364586293156954,0.6841146573289238,optimal,2.089478087000316,28933,56165,193441
v0-bh50,BsonetEurope-r1,BsonetEurope,trajectory,TRAN,6,26.880508287490645,0.6720127071872661,optimal,2.4913919380051084,28933,56165,193441
v0-bh50,BsonetEurope-r1,BsonetEurope,trajectory,TRAN,7,26.51401604216335,0.6628504010540838,optimal,2.2106784229981713,28933,56165,193441
v0-bh50,BsonetEurope-r1,BsonetEurope,trajectory,TRAN,8,25.840668252250573,0.6460167063062643,optimal,2.6802725670058862,28933,56165,193441
v0-bh50,BsonetEurope-r1,BsonetEurope,trajectory,TRAN,9,26.214236742105104,0.6553559185526276,optimal,2.863073678003275,28933,56165,193441
v0-bh50,BsonetEurope-r1,BsonetEurope,trajectory,TRAN,10,26.911690695954775,0.6727922673988693,optimal,2.9007569599998533,28933,56165,193441
v0-bh50,BsonetEurope-r1,BsonetEurope,trajectory,TRAN,11,26.180018203915836,0.6545004550978959,optimal,2.325278680997144,28933,56165,193441
v0-bh50,BsonetEurope-r1,BsonetEurope,trajectory,TRAN,12,27.523218235445075,0.6880804558861269,optimal,2.4136379539995687,28933,56165,193441
v0-bh50,BsonetEurope-r1,BsonetEurope,trajectory,TRAN,13,26.587628915472944,0.6646907228868236,optimal,2.7897616749978624,28933,56165,193441
v0-bh50,BsonetEurope-r1,BsonetEurope,trajectory,TRAN,14,26.69807444023508,0.667451861005877,optimal,3.0297967309961678,28933,56165,193441
v0-bh50,BsonetEurope-r1,BsonetEurope,trajectory,TRAN,15,26.256106443270504,0.6564026610817626,optimal,2.42907544800255,28933,56165,193441
v0-bh50,BsonetEurope-r1,BsonetEurope,trajectory,TRAN,16,25.661863803000863,0.6415465950750215,optimal,2.5249969199940097,28933,56165,193441
v0-bh50,BsonetEurope-r1,BsonetEurope,trajectory,TRAN,17,26.895043451841936,0.6723760862960484,optimal,3.6596068060025573,28933,56165,193441
v0-bh50,BsonetEurope-r1,BsonetEurope,trajectory,TRAN,18,26.79214064046927,0.6698035160117317,optimal,2.5668591180001386,28933,56165,193441
v0-bh50,BsonetEurope-r1,BsonetEurope,trajectory,TRAN,19,26.1300627315955,0.6532515682898875,optimal,2.4021034619945567,28933,56165,193441
v0-bh50,BsonetEurope-r1,BsonetEurope,trajectory,TRAN,20,26.825534205398284,0.6706383551349571,optimal,2.503758712002309,28933,56165,193441
v0-bh50,BsonetEurope-r1,BsonetEurope,trajectory,TRAN,21,26.968626147608713,0.6742156536902179,optimal,2.491623638001329,28933,56165,193441
v0-bh50,BsonetEurope-r1,BsonetEurope,trajectory,TRAN,22,25.731055699036602,0.6432763924759151,optimal,2.6029661150023458,28933,56165,193441
v0-bh50,BsonetEurope-r1,BsonetEurope,trajectory,TRAN,23,26.93829365307954,0.6734573413269885,optimal,3.1102467960008653,28933,56165,193441
v0-bh50,BsonetEurope-r1,BsonetEurope,trajectory,TRAN,24,25.5949053584513,0.6398726339612825,optimal,2.776583008999296,28933,56165,193441
v0-bh50,BsonetEurope-r1,BsonetEurope,trajectory,TRAN,25,27.02899726513083,0.6757249316282707,optimal,2.7054015009998693,28933,56165,193441
v0-bh50,BsonetEurope-r1,BsonetEurope,trajectory,TRAN,26,27.196232572000063,0.6799058143000016,optimal,2.4360134130038205,28933,56165,193441
v0-bh50,BsonetEurope-r1,BsonetEurope,trajectory,TRAN,27,27.190117157356873,0.6797529289339218,optimal,2.543728046999604,28933,56165,193441
v0-bh50,BsonetEurope-r1,BsonetEurope,trajectory,TRAN,28,26.278263138099646,0.6569565784524911,optimal,2.8208907380030723,28933,56165,193441
v0-bh50,BsonetEurope-r1,BsonetEurope,trajectory,TRAN,29,24.973288311768066,0.6243322077942016,optimal,2.65954577899538,28933,56165,193441
v0-bh50,BsonetEurope-r2,BsonetEurope,trajectory,B1,0,22.626984858793215,0.5656746214698304,optimal,1.6075308810031856,25260,47401,181487
v0-bh50,BsonetEurope-r2,BsonetEurope,trajectory,B1,1,24.027549424376254,0.6006887356094064,optimal,1.7054759099992225,25260,47401,181487
v0-bh50,BsonetEurope-r2,BsonetEurope,trajectory,B1,2,21.85965032506993,0.5464912581267483,optimal,1.5786675720009953,25260,47401,181487
v0-bh50,BsonetEurope-r2,BsonetEurope,trajectory,B1,3,22.970726069514395,0.5742681517378598,optimal,1.6319491839967668,25260,47401,181487
v0-bh50,BsonetEurope-r2,BsonetEurope,trajectory,B1,4,23.51328211279073,0.5878320528197682,optimal,1.553264873000444,25260,47401,181487
v0-bh50,BsonetEurope-r2,BsonetEurope,trajectory,B1,5,22.426569581646515,0.5606642395411628,optimal,1.8456448440047097,25260,47401,181487
v0-bh50,BsonetEurope-r2,BsonetEurope,trajectory,B1,6,22.398163453427916,0.5599540863356979,optimal,1.5629152269975748,25260,47401,181487
v0-bh50,BsonetEurope-r2,BsonetEurope,trajectory,B1,7,22.902116443198096,0.5725529110799524,optimal,1.9119074789996375,25260,47401,181487
v0-bh50,BsonetEurope-r2,BsonetEurope,trajectory,B1,8,22.54121756813129,0.5635304392032823,optimal,1.582364094996592,25260,47401,181487
v0-bh50,BsonetEurope-r2,BsonetEurope,trajectory,B1,9,22.476902154862255,0.5619225538715564,optimal,1.701166432001628,25260,47401,181487
v0-bh50,BsonetEurope-r2,BsonetEurope,trajectory,B1,10,22.469034970704442,0.561725874267611,optimal,1.4770563369966112,25260,47401,181487
v0-bh50,BsonetEurope-r2,BsonetEurope,trajectory,B1,11,22.700339380421624,0.5675084845105406,optimal,1.7397633969958406,25260,47401,181487
v0-bh50,BsonetEurope-r2,BsonetEurope,trajectory,B1,12,22.449371105218226,0.5612342776304556,optimal,1.3706292330025462,25260,47401,181487
v0-bh50,BsonetEurope-r2,BsonetEurope,trajectory,B1,13,22.646695837490533,0.5661673959372633,optimal,1.5054531010027858,25260,47401,181487
v0-bh50,BsonetEurope-r2,BsonetEurope,trajectory,B1,14,23.720288153370426,0.5930072038342606,optimal,1.969294318005268,25260,47401,181487
v0-bh50,BsonetEurope-r2,BsonetEurope,trajectory,B1,15,22.491988169789366,0.5622997042447342,optimal,1.7898074490003637,25260,47401,181487
v0-bh50,BsonetEurope-r2,BsonetEurope,trajectory,B1,16,24.360856234340037,0.609021405858501,optimal,1.7612129320041277,25260,47401,181487
v0-bh50,BsonetEurope-r2,BsonetEurope,trajectory,B1,17,22.25835045106415,0.5564587612766038,optimal,1.6484528749933816,25260,47401,181487
v0-bh50,BsonetEurope-r2,BsonetEurope,trajectory,B1,18,21.79143184400827,0.5447857961002067,optimal,1.4096195140009513,25260,47401,181487
v0-bh50,BsonetEurope-r2,BsonetEurope,trajectory,B1,19,21.616930175707346,0.5404232543926837,optimal,1.8281366169976536,25260,47401,181487
v0-bh50,BsonetEurope-r2,BsonetEurope,trajectory,B1,20,21.906941225693984,0.5476735306423496,optimal,1.781246097998519,25260,47401,181487
v0-bh50,BsonetEurope-r2,BsonetEurope,trajectory,B1,21,22.73837718379178,0.5684594295947945,optimal,1.6812827610046952,25260,47401,181487
v0-bh50,BsonetEurope-r2,BsonetEurope,trajectory,B1,22,22.561574981171095,0.5640393745292773,optimal,1.5499440990024596,25260,47401,181487
v0-bh50,BsonetEurope-r2,BsonetEurope,trajectory,B1,23,22.703493251271347,0.5675873312817836,optimal,1.647746412003471,25260,47401,181487
v0-bh50,BsonetEurope-r2,BsonetEurope,trajectory,B1,24,21.680790273660538,0.5420197568415135,optimal,1.592455621001136,25260,47401,181487
v0-bh50,BsonetEurope-r2,BsonetEurope,trajectory,B1,25,22.112297047968063,0.5528074261992015,optimal,1.8393233529932331,25260,47401,181487
v0-bh50,BsonetEurope-r2,BsonetEurope,trajectory,B1,26,22.04513628646882,0.5511284071617205,optimal,1.5272966280026594,25260,47401,181487
v0-bh50,BsonetEurope-r2,BsonetEurope,trajectory,B1,27,24.153966203219714,0.6038491550804929,optimal,1.9558021150005516,25260,47401,181487
v0-bh50,BsonetEurope-r2,BsonetEurope,trajectory,B1,28,23.452848131657255,0.5863212032914313,optimal,1.5423090830008732,25260,47401,181487
v0-bh50,BsonetEurope-r2,BsonetEurope,trajectory,B1,29,21.757708010799618,0.5439427002699905,optimal,1.464276314000017,25260,47401,181487
v0-bh50,BsonetEurope-r2,BsonetEurope,trajectory,TRAN,0,29.905200840241662,0.7476300210060416,optimal,2.205971771996701,25260,47401,181487
v0-bh50,BsonetEurope-r2,BsonetEurope,trajectory,TRAN,1,27.658968675780073,0.6914742168945018,optimal,2.5040287360025104,25260,47401,181487
v0-bh50,BsonetEurope-r2,BsonetEurope,trajectory,TRAN,2,28.380817933289027,0.7095204483322257,optimal,2.448638169997139,25260,47401,181487
v0-bh50,BsonetEurope-r2,BsonetEurope,trajectory,TRAN,3,29.72056036330725,0.7430140090826812,optimal,2.1529322659989703,25260,47401,181487
v0-bh50,BsonetEurope-r2,BsonetEurope,trajectory,TRAN,4,31.151972809966413,0.7787993202491603,optimal,1.8518685289964196,25260,47401,181487
v0-bh50,BsonetEurope-r2,BsonetEurope,trajectory,TRAN,5,29.80306843320797,0.7450767108301992,optimal,1.969851068002754,25260,47401,181487
v0-bh50,BsonetEurope-r2,BsonetEurope,trajectory,TRAN,6,27.928284301942316,0.6982071075485579,optimal,2.0415023380046478,25260,47401,181487
v0-bh50,BsonetEurope-r2,BsonetEurope,trajectory,TRAN,7,26.097238752181475,0.6524309688045369,optimal,2.1378983199974755,25260,47401,181487
v0-bh50,BsonetEurope-r2,BsonetEurope,trajectory,TRAN,8,28.404460104316215,0.7101115026079053,optimal,1.7573321019954165,25260,47401,181487
v0-bh50,BsonetEurope-r2,BsonetEurope,trajectory,TRAN,9,27.653770091002944,0.6913442522750736,optimal,2.4619078940013424,25260,47401,181487
v0-bh50,BsonetEurope-r2,BsonetEurope,trajectory,TRAN,10,27.90105281333502,0.6975263203333755,optimal,2.239903621004487,25260,47401,181487
v0-bh50,BsonetEurope-r2,BsonetEurope,trajectory,TRAN,11,28.40473621838861,0.7101184054597153,optimal,2.152680152998073,25260,47401,181487
v0-bh50,BsonetEurope-r2,BsonetEurope,trajectory,TRAN,12,28.62119465209238,0.7155298663023095,optimal,2.0577317160059465,25260,47401,181487
v0-bh50,BsonetEurope-r2,BsonetEurope,trajectory,TRAN,13,28.995774704871423,0.7248943676217856,optimal,1.9565941460023168,25260,47401,181487
v0-bh50,BsonetEurope-r2,BsonetEurope,trajectory,TRAN,14,30.694792811764287,0.7673698202941072,optimal,2.192268853999849,25260,47401,181487
v0-bh50,BsonetEurope-r2,BsonetEurope,trajectory,TRAN,15,29.077749589918078,0.7269437397479519,optimal,1.7706751450023148,25260,47401,181487
v0-bh50,BsonetEurope-r2,BsonetEurope,trajectory,TRAN,16,27.40425807195262,0.6851064517988155,optimal,2.0183232400013367,25260,47401,181487
v0-bh50,BsonetEurope-r2,BsonetEurope,trajectory,TRAN,17,28.201719923938498,0.7050429980984625,optimal,2.317947167000966,25260,47401,181487
v0-bh50,BsonetEurope-r2,BsonetEurope,trajectory,TRAN,18,28.13935867185405,0.7034839667963513,optimal,2.1350866120046703,25260,47401,181487
v0-bh50,BsonetEurope-r2,BsonetEurope,trajectory,TRAN,19,28.514628590627854,0.7128657147656964,optimal,2.0859110849996796,25260,47401,181487
v0-bh50,BsonetEurope-r2,BsonetEurope,trajectory,TRAN,20,28.56164800894702,0.7140412002236756,optimal,2.069979781001166,25260,47401,181487
v0-bh50,BsonetEurope-r2,BsonetEurope,trajectory,TRAN,21,28.821625953907002,0.7205406488476751,optimal,2.30230886299978,25260,47401,181487
v0-bh50,BsonetEurope-r2,BsonetEurope,trajectory,TRAN,22,27.899461465196687,0.6974865366299172,optimal,1.8924964600009844,25260,47401,181487
v0-bh50,BsonetEurope-r2,BsonetEurope,trajectory,TRAN,23,30.048014766759916,0.7512003691689979,optimal,1.9493758150056237,25260,47401,181487
v0-bh50,BsonetEurope-r2,BsonetEurope,trajectory,TRAN,24,29.750387085025775,0.7437596771256444,optimal,1.9398271680038306,25260,47401,181487
v0-bh50,BsonetEurope-r2,BsonetEurope,trajectory,TRAN,25,29.718497288005754,0.7429624322001438,optimal,1.8930220649999683,25260,47401,181487
v0-bh50,BsonetEurope-r2,BsonetEurope,trajectory,TRAN,26,28.017422889508374,0.7004355722377094,optimal,2.4517511610029032,25260,47401,181487
v0-bh50,BsonetEurope-r2,BsonetEurope,trajectory,TRAN,27,30.588416933893722,0.7647104233473431,optimal,2.1274401730042882,25260,47401,181487
v0-bh50,BsonetEurope-r2,BsonetEurope,trajectory,TRAN,28,29.070268275280444,0.7267567068820111,optimal,1.9733787279983517,25260,47401,181487
v0-bh50,BsonetEurope-r2,BsonetEurope,trajectory,TRAN,29,27.30583544284009,0.6826458860710022,optimal,1.8779551920015365,25260,47401,181487
v0-bh50,BtNorthAmerica-r0,BtNorthAmerica,trajectory,B1,0,21.12052337661853,0.5280130844154632,optimal,2.941738916997565,29819,57379,203076
v0-bh50,BtNorthAmerica-r0,BtNorthAmerica,trajectory,B1,1,23.42738007669179,0.5856845019172947,optimal,3.7916310380023788,29819,57379,203076
v0-bh50,BtNorthAmerica-r0,BtNorthAmerica,trajectory,B1,2,21.815800152056703,0.5453950038014176,optimal,3.1649984950054204,29819,57379,203076
v0-bh50,BtNorthAmerica-r0,BtNorthAmerica,trajectory,B1,3,21.615391559742857,0.5403847889935715,optimal,3.5409414429959725,29819,57379,203076
v0-bh50,BtNorthAmerica-r0,BtNorthAmerica,trajectory,B1,4,21.287012721102233,0.5321753180275558,optimal,2.7768471949966624,29819,57379,203076
v0-bh50,BtNorthAmerica-r0,BtNorthAmerica,trajectory,B1,5,22.430861375951253,0.5607715343987814,optimal,3.325962631999573,29819,57379,203076
v0-bh50,BtNorthAmerica-r0,BtNorthAmerica,trajectory,B1,6,22.311163967029316,0.5577790991757329,optimal,3.987601592998544,29819,57379,203076
v0-bh50,BtNorthAmerica-r0,BtNorthAmerica,trajectory,B1,7,21.77790921358661,0.5444477303396653,optimal,3.3865325919978204,29819,57379,203076
v0-bh50,BtNorthAmerica-r0,BtNorthAmerica,trajectory,B1,8,22.726204460632463,0.5681551115158116,optimal,3.20226096999977,29819,57379,203076
v0-bh50,BtNorthAmerica-r0,BtNorthAmerica,trajectory,B1,9,22.850522114566726,0.5712630528641681,optimal,3.3679928019992076,29819,57379,203076
v0-bh50,BtNorthAmerica-r0,BtNorthAmerica,trajectory,B1,10,21.6168988736169,0.5404224718404225,optimal,3.8280101569980616,29819,57379,203076
v0-bh50,BtNorthAmerica-r0,BtNorthAmerica,trajectory,B1,11,22.60648190131548,0.565162047532887,optimal,3.73532009000337,29819,57379,203076
v0-bh50,BtNorthAmerica-r0,BtNorthAmerica,trajectory,B1,12,22.741974817428286,0.5685493704357072,optimal,3.1566804890026106,29819,57379,203076
v0-bh50,BtNorthAmerica-r0,BtNorthAmerica,trajectory,B1,13,21.969226899853048,0.5492306724963262,optimal,3.489909505005926,29819,57379,203076
v0-bh50,BtNorthAmerica-r0,BtNorthAmerica,trajectory,B1,14,21.160533726147218,0.5290133431536804,optimal,3.952584721999301,29819,57379,203076
v0-bh50,BtNorthAmerica-r0,BtNorthAmerica,trajectory,B1,15,21.172657830696206,0.5293164457674051,optimal,3.2072709549975116,29819,57379,203076
v0-bh50,BtNorthAmerica-r0,BtNorthAmerica,trajectory,B1,16,21.32532986977177,0.5331332467442943,optimal,3.1549865809938638,29819,57379,203076
v0-bh50,BtNorthAmerica-r0,BtNorthAmerica,trajectory,B1,17,21.545974304689278,0.538649357617232,optimal,3.3719199400002253,29819,57379,203076
v0-bh50,BtNorthAmerica-r0,BtNorthAmerica,trajectory,B1,18,20.38494485083644,0.509623621270911,optimal,3.001567586004967,29819,57379,203076
v0-bh50,BtNorthAmerica-r0,BtNorthAmerica,trajectory,B1,19,21.40439650109383,0.5351099125273457,optimal,2.867104623997875,29819,57379,203076
v0-bh50,BtNorthAmerica-r0,BtNorthAmerica,trajectory,B1,20,22.63782806981542,0.5659457017453855,optimal,3.6761280589998933,29819,57379,203076
v0-bh50,BtNorthAmerica-r0,BtNorthAmerica,trajectory,B1,21,22.30686644433465,0.5576716611083662,optimal,3.2152985430002445,29819,57379,203076
v0-bh50,BtNorthAmerica-r0,BtNorthAmerica,trajectory,B1,22,21.93709801832556,0.548427450458139,optimal,3.045681600997341,29819,57379,203076
v0-bh50,BtNorthAmerica-r0,BtNorthAmerica,trajectory,B1,23,23.907609303676345,0.5976902325919087,optimal,3.4133026170020457,29819,57379,203076
v0-bh50,BtNorthAmerica-r0,BtNorthAmerica,trajectory,B1,24,22.628864414551057,0.5657216103637764,optimal,4.270020604002639,29819,57379,203076
v0-bh50,BtNorthAmerica-r0,BtNorthAmerica,trajectory,B1,25,20.543470372646322,0.513586759316158,optimal,3.208800966000126,29819,57379,203076
v0-bh50,BtNorthAmerica-r0,BtNorthAmerica,trajectory,B1,26,21.47512645562185,0.5368781613905462,optimal,3.669130624999525,29819,57379,203076
v0-bh50,BtNorthAmerica-r0,BtNorthAmerica,trajectory,B1,27,21.393860069075924,0.5348465017268981,optimal,3.952588037995156,29819,57379,203076
v0-bh50,BtNorthAmerica-r0,BtNorthAmerica,trajectory,B1,28,20.388632743996382,0.5097158185999096,optimal,3.765592743002344,29819,57379,203076
v0-bh50,BtNorthAmerica-r0,BtNorthAmerica,trajectory,B1,29,22.027058130992618,0.5506764532748154,optimal,3.310070210995036,29819,57379,203076
v0-bh50,BtNorthAmerica-r0,BtNorthAmerica,trajectory,TRAN,0,30.44699704635275,0.7611749261588188,optimal,5.118406472000061,29819,57379,203076
v0-bh50,BtNorthAmerica-r0,BtNorthAmerica,trajectory,TRAN,1,30.503290006740645,0.7625822501685161,optimal,4.409772577004333,29819,57379,203076
v0-bh50,BtNorthAmerica-r0,BtNorthAmerica,trajectory,TRAN,2,30.327738342939988,0.7581934585734997,optimal,5.254319749001297,29819,57379,203076
v0-bh50,BtNorthAmerica-r0,BtNorthAmerica,trajectory,TRAN,3,30.672728490966616,0.7668182122741654,optimal,5.395414258004166,29819,57379,203076
v0-bh50,BtNorthAmerica-r0,BtNorthAmerica,trajectory,TRAN,4,30.389610553283955,0.7597402638320989,optimal,4.809292062003806,29819,57379,203076
v0-bh50,BtNorthAmerica-r0,BtNorthAmerica,trajectory,TRAN,5,30.837951757803832,0.7709487939450959,optimal,5.503133375998004,29819,57379,203076
v0-bh50,BtNorthAmerica-r0,BtNorthAmerica,trajectory,TRAN,6,30.659162529443037,0.766479063236076,optimal,4.149138288994436,29819,57379,203076
v0-bh50,BtNorthAmerica-r0,BtNorthAmerica,trajectory,TRAN,7,30.751864618963506,0.7687966154740876,optimal,5.5504708270018455,29819,57379,203076
v0-bh50,BtNorthAmerica-r0,BtNorthAmerica,trajectory,TRAN,8,31.397159251351205,0.7849289812837801,optimal,4.930299198997091,29819,57379,203076
v0-bh50,BtNorthAmerica-r0,BtNorthAmerica,trajectory,TRAN,9,31.52889848246731,0.7882224620616827,optimal,4.973588878994633,29819,57379,203076
v0-bh50,BtNorthAmerica-r0,BtNorthAmerica,trajectory,TRAN,10,30.200778301981575,0.7550194575495394,optimal,4.911076114003663,29819,57379,203076
v0-bh50,BtNorthAmerica-r0,BtNorthAmerica,trajectory,TRAN,11,30.967519082816008,0.7741879770704002,optimal,3.985612996002601,29819,57379,203076
v0-bh50,BtNorthAmerica-r0,BtNorthAmerica,trajectory,TRAN,12,31.338478259785642,0.783461956494641,optimal,6.081678684000508,29819,57379,203076
v0-bh50,BtNorthAmerica-r0,BtNorthAmerica,trajectory,TRAN,13,30.986332023390027,0.7746583005847507,optimal,4.328655762998096,29819,57379,203076
v0-bh50,BtNorthAmerica-r0,BtNorthAmerica,trajectory,TRAN,14,30.366089488403208,0.7591522372100802,optimal,4.211992493001162,29819,57379,203076
v0-bh50,BtNorthAmerica-r0,BtNorthAmerica,trajectory,TRAN,15,30.173544401789,0.754338610044725,optimal,4.152463462000014,29819,57379,203076
v0-bh50,BtNorthAmerica-r0,BtNorthAmerica,trajectory,TRAN,16,30.144823022823033,0.7536205755705758,optimal,4.626199475002068,29819,57379,203076
v0-bh50,BtNorthAmerica-r0,BtNorthAmerica,trajectory,TRAN,17,30.245951921076696,0.7561487980269174,optimal,4.48809253199579,29819,57379,203076
v0-bh50,BtNorthAmerica-r0,BtNorthAmerica,trajectory,TRAN,18,29.089248526545997,0.7272312131636499,optimal,4.127616429999762,29819,57379,203076
v0-bh50,BtNorthAmerica-r0,BtNorthAmerica,trajectory,TRAN,19,30.018259444381737,0.7504564861095434,optimal,4.269344689993886,29819,57379,203076
v0-bh50,BtNorthAmerica-r0,BtNorthAmerica,trajectory,TRAN,20,30.525351070039044,0.763133776750976,optimal,4.514405842004635,29819,57379,203076
v0-bh50,BtNorthAmerica-r0,BtNorthAmerica,trajectory,TRAN,21,31.130104744399624,0.7782526186099906,optimal,4.056381905000308,29819,57379,203076
v0-bh50,BtNorthAmerica-r0,BtNorthAmerica,trajectory,TRAN,22,29.891194384922276,0.7472798596230569,optimal,4.40467888800049,29819,57379,203076
v0-bh50,BtNorthAmerica-r0,BtNorthAmerica,trajectory,TRAN,23,31.811247361235758,0.795281184030894,optimal,5.421566614997573,29819,57379,203076
v0-bh50,BtNorthAmerica-r0,BtNorthAmerica,trajectory,TRAN,24,30.335908324577094,0.7583977081144273,optimal,3.9355746429937426,29819,57379,203076
v0-bh50,BtNorthAmerica-r0,BtNorthAmerica,trajectory,TRAN,25,30.372853035407438,0.759321325885186,optimal,5.224992647999898,29819,57379,203076
v0-bh50,BtNorthAmerica-r0,BtNorthAmerica,trajectory,TRAN,26,30.921546120100988,0.7730386530025247,optimal,4.914501296996605,29819,57379,203076
v0-bh50,BtNorthAmerica-r0,BtNorthAmerica,trajectory,TRAN,27,30.084582898117137,0.7521145724529285,optimal,4.42906033500185,29819,57379,203076
v0-bh50,BtNorthAmerica-r0,BtNorthAmerica,trajectory,TRAN,28,29.602273893758845,0.7400568473439711,optimal,4.6114798999988125,29819,57379,203076
v0-bh50,BtNorthAmerica-r0,BtNorthAmerica,trajectory,TRAN,29,31.97840656469103,0.7994601641172758,optimal,5.13570572000026,29819,57379,203076
v0-bh50,BtNorthAmerica-r1,BtNorthAmerica,trajectory,B1,0,37.232332778868766,0.9308083194717192,optimal,10.867704811003932,27456,59055,180590
v0-bh50,BtNorthAmerica-r1,BtNorthAmerica,trajectory,B1,1,37.55439554380186,0.9388598885950465,optimal,8.590718141997058,27456,59055,180590
v0-bh50,BtNorthAmerica-r1,BtNorthAmerica,trajectory,B1,2,37.446211320627064,0.9361552830156766,optimal,9.961239811993437,27456,59055,180590
v0-bh50,BtNorthAmerica-r1,BtNorthAmerica,trajectory,B1,3,37.454569387764124,0.9363642346941031,optimal,7.853274265995424,27456,59055,180590
v0-bh50,BtNorthAmerica-r1,BtNorthAmerica,trajectory,B1,4,37.71659021482151,0.9429147553705377,optimal,9.62249895399873,27456,59055,180590
v0-bh50,BtNorthAmerica-r1,BtNorthAmerica,trajectory,B1,5,37.29774772673023,0.9324436931682557,optimal,8.831309991997841,27456,59055,180590
v0-bh50,BtNorthAmerica-r1,BtNorthAmerica,trajectory,B1,6,37.48631147336786,0.9371577868341966,optimal,7.322911170005682,27456,59055,180590
v0-bh50,BtNorthAmerica-r1,BtNorthAmerica,trajectory,B1,7,36.93357258749029,0.9233393146872573,optimal,7.21367150000151,27456,59055,180590
v0-bh50,BtNorthAmerica-r1,BtNorthAmerica,trajectory,B1,8,37.22952216006499,0.9307380540016247,optimal,7.641116464001243,27456,59055,180590
v0-bh50,BtNorthAmerica-r1,BtNorthAmerica,trajectory,B1,9,37.076827642384146,0.9269206910596036,optimal,8.360046629000863,27456,59055,180590
v0-bh50,BtNorthAmerica-r1,BtNorthAmerica,trajectory,B1,10,37.70697418072936,0.942674354518234,optimal,8.086857782000152,27456,59055,180590
v0-bh50,BtNorthAmerica-r1,BtNorthAmerica,trajectory,B1,11,37.29127492883636,0.9322818732209089,optimal,6.822128557003452,27456,59055,180590
v0-bh50,BtNorthAmerica-r1,BtNorthAmerica,trajectory,B1,12,37.83158174081697,0.9457895435204243,optimal,11.557572624005843,27456,59055,180590
v0-bh50,BtNorthAmerica-r1,BtNorthAmerica,trajectory,B1,13,37.24337501086974,0.9310843752717435,optimal,8.127635115000885,27456,59055,180590
v0-bh50,BtNorthAmerica-r1,BtNorthAmerica,trajectory,B1,14,37.200500821271326,0.9300125205317832,optimal,8.303619885999069,27456,59055,180590
v0-bh50,BtNorthAmerica-r1,BtNorthAmerica,trajectory,B1,15,37.35420430690789,0.9338551076726972,optimal,10.463005448997137,27456,59055,180590
v0-bh50,BtNorthAmerica-r1,BtNorthAmerica,trajectory,B1,16,37.62732518454327,0.9406831296135817,optimal,9.245885697004269,27456,59055,180590
v0-bh50,BtNorthAmerica-r1,BtNorthAmerica,trajectory,B1,17,37.025183215028385,0.9256295803757096,optimal,9.426093267000397,27456,59055,180590
v0-bh50,BtNorthAmerica-r1,BtNorthAmerica,trajectory,B1,18,37.345735226223056,0.9336433806555764,optimal,10.12326531400322,27456,59055,180590
v0-bh50,BtNorthAmerica-r1,BtNorthAmerica,trajectory,B1,19,37.42862886263016,0.9357157215657541,optimal,10.227308551002352,27456,59055,180590
v0-bh50,BtNorthAmerica-r1,BtNorthAmerica,trajectory,B1,20,37.2030797395395,0.9300769934884874,optimal,9.74070192900399,27456,59055,180590
v0-bh50,BtNorthAmerica-r1,BtNorthAmerica,trajectory,B1,21,37.65800908152889,0.9414502270382222,optimal,9.049429589002102,27456,59055,180590
v0-bh50,BtNorthAmerica-r1,BtNorthAmerica,trajectory,B1,22,37.44684338809297,0.9361710847023244,optimal,7.9985419340009685,27456,59055,180590
v0-bh50,BtNorthAmerica-r1,BtNorthAmerica,trajectory,B1,23,37.53775085424195,0.9384437713560487,optimal,9.379097698001715,27456,59055,180590
v0-bh50,BtNorthAmerica-r1,BtNorthAmerica,trajectory,B1,24,37.66981012277823,0.9417452530694558,optimal,10.269558883002901,27456,59055,180590
v0-bh50,BtNorthAmerica-r1,BtNorthAmerica,trajectory,B1,25,37.56481726528764,0.9391204316321909,optimal,8.505777329999546,27456,59055,180590
v0-bh50,BtNorthAmerica-r1,BtNorthAmerica,trajectory,B1,26,37.483134463705525,0.9370783615926381,optimal,8.909037296994939,27456,59055,180590
v0-bh50,BtNorthAmerica-r1,BtNorthAmerica,trajectory,B1,27,37.191002573771755,0.9297750643442939,optimal,8.221541703002003,27456,59055,180590
v0-bh50,BtNorthAmerica-r1,BtNorthAmerica,trajectory,B1,28,37.57556262583804,0.9393890656459509,optimal,9.230281424999703,27456,59055,180590
v0-bh50,BtNorthAmerica-r1,BtNorthAmerica,trajectory,B1,29,37.78649326084329,0.9446623315210821,optimal,8.967316385998856,27456,59055,180590
v0-bh50,BtNorthAmerica-r1,BtNorthAmerica,trajectory,TRAN,0,39.64966589276503,0.9912416473191257,optimal,7.01961549599946,27456,59055,180590
v0-bh50,BtNorthAmerica-r1,BtNorthAmerica,trajectory,TRAN,1,39.67782585997276,0.9919456464993189,optimal,7.347177455994824,27456,59055,180590
v0-bh50,BtNorthAmerica-r1,BtNorthAmerica,trajectory,TRAN,2,39.65562581739317,0.9913906454348294,optimal,6.688199386000633,27456,59055,180590
v0-bh50,BtNorthAmerica-r1,BtNorthAmerica,trajectory,TRAN,3,39.62751959408022,0.9906879898520055,optimal,6.54798509900138,27456,59055,180590
v0-bh50,BtNorthAmerica-r1,BtNorthAmerica,trajectory,TRAN,4,39.630846757971156,0.9907711689492789,optimal,6.120378567000444,27456,59055,180590
v0-bh50,BtNorthAmerica-r1,BtNorthAmerica,trajectory,TRAN,5,39.65514243656894,0.9913785609142234,optimal,8.94412090699916,27456,59055,180590
v0-bh50,BtNorthAmerica-r1,BtNorthAmerica,trajectory,TRAN,6,39.68166185849665,0.9920415464624164,optimal,7.6476830009996775,27456,59055,180590
v0-bh50,BtNorthAmerica-r1,BtNorthAmerica,trajectory,TRAN,7,39.6512359123988,0.9912808978099701,optimal,7.959450412003207,27456,59055,180590
v0-bh50,BtNorthAmerica-r1,BtNorthAmerica,trajectory,TRAN,8,39.653960778799195,0.9913490194699799,optimal,9.011405033998017,27456,59055,180590
v0-bh50,BtNorthAmerica-r1,BtNorthAmerica,trajectory,TRAN,9,39.67542607709296,0.9918856519273239,optimal,8.712765201002185,27456,59055,180590
v0-bh50,BtNorthAmerica-r1,BtNorthAmerica,trajectory,TRAN,10,39.75807803444428,0.993951950861107,optimal,6.11564236599952,27456,59055,180590
v0-bh50,BtNorthAmerica-r1,BtNorthAmerica,trajectory,TRAN,11,39.65086249961804,0.9912715624904511,optimal,7.68044415100303,27456,59055,180590
v0-bh50,BtNorthAmerica-r1,BtNorthAmerica,trajectory,TRAN,12,39.67698110435008,0.9919245276087519,optimal,8.036072589995456,27456,59055,180590
v0-bh50,BtNorthAmerica-r1,BtNorthAmerica,trajectory,TRAN,13,39.731645976489844,0.993291149412246,optimal,7.748508834003587,27456,59055,180590
v0-bh50,BtNorthAmerica-r1,BtNorthAmerica,trajectory,TRAN,14,39.65284841690269,0.9913212104225673,optimal,8.729327155997453,27456,59055,180590
v0-bh50,BtNorthAmerica-r1,BtNorthAmerica,trajectory,TRAN,15,39.652729700297655,0.9913182425074414,optimal,8.435720890993252,27456,59055,180590
v0-bh50,BtNorthAmerica-r1,BtNorthAmerica,trajectory,TRAN,16,39.67806457704556,0.991951614426139,optimal,7.668522233994736,27456,59055,180590
v0-bh50,BtNorthAmerica-r1,BtNorthAmerica,trajectory,TRAN,17,39.653235851831155,0.9913308962957789,optimal,5.336282575000951,27456,59055,180590
v0-bh50,BtNorthAmerica-r1,BtNorthAmerica,trajectory,TRAN,18,39.70369888972673,0.9925924722431683,optimal,7.40435828200134,27456,59055,180590
v0-bh50,BtNorthAmerica-r1,BtNorthAmerica,trajectory,TRAN,19,39.65529872758363,0.9913824681895906,optimal,6.489925291003601,27456,59055,180590
v0-bh50,BtNorthAmerica-r1,BtNorthAmerica,trajectory,TRAN,20,39.62994732821618,0.9907486832054045,optimal,8.421092525000859,27456,59055,180590
v0-bh50,BtNorthAmerica-r1,BtNorthAmerica,trajectory,TRAN,21,39.62969431427821,0.9907423578569553,optimal,7.603403413995693,27456,59055,180590
v0-bh50,BtNorthAmerica-r1,BtNorthAmerica,trajectory,TRAN,22,39.63199281947281,0.9907998204868204,optimal,6.254683279003075,27456,59055,180590
v0-bh50,BtNorthAmerica-r1,BtNorthAmerica,trajectory,TRAN,23,39.70366501356293,0.9925916253390733,optimal,7.873880041996017,27456,59055,180590
v0-bh50,BtNorthAmerica-r1,BtNorthAmerica,trajectory,TRAN,24,39.65576466521367,0.9913941166303417,optimal,6.068091025001195,27456,59055,180590
v0-bh50,BtNorthAmerica-r1,BtNorthAmerica,trajectory,TRAN,25,39.65166582915653,0.9912916457289132,optimal,5.718054670993297,27456,59055,180590
v0-bh50,BtNorthAmerica-r1,BtNorthAmerica,trajectory,TRAN,26,39.67487507510718,0.9918718768776795,optimal,7.518083296999976,27456,59055,180590
v0-bh50,BtNorthAmerica-r1,BtNorthAmerica,trajectory,TRAN,27,39.63175871343664,0.990793967835916,optimal,7.659674216003623,27456,59055,180590
v0-bh50,BtNorthAmerica-r1,BtNorthAmerica,trajectory,TRAN,28,39.67868869118247,0.9919672172795618,optimal,7.27191511199635,27456,59055,180590
v0-bh50,BtNorthAmerica-r1,BtNorthAmerica,trajectory,TRAN,29,39.72533868569424,0.993133467142356,optimal,9.817312041996047,27456,59055,180590
v0-bh50,BtNorthAmerica-r2,BtNorthAmerica,trajectory,B1,0,17.440357722361327,0.43600894305903315,optimal,3.704607944993768,33808,61246,214270
v0-bh50,BtNorthAmerica-r2,BtNorthAmerica,trajectory,B1,1,18.01536137975872,0.45038403449396797,optimal,3.3426494550003554,33808,61246,214270
v0-bh50,BtNorthAmerica-r2,BtNorthAmerica,trajectory,B1,2,18.584874765293947,0.46462186913234865,optimal,3.4959984489978524,33808,61246,214270
v0-bh50,BtNorthAmerica-r2,BtNorthAmerica,trajectory,B1,3,17.792456725726776,0.4448114181431694,optimal,3.2840808579931036,33808,61246,214270
v0-bh50,BtNorthAmerica-r2,BtNorthAmerica,trajectory,B1,4,16.947087473104773,0.42367718682761935,optimal,3.192140451996238,33808,61246,214270
v0-bh50,BtNorthAmerica-r2,BtNorthAmerica,trajectory,B1,5,18.250797591403504,0.4562699397850876,optimal,3.678374163006083,33808,61246,214270
v0-bh50,BtNorthAmerica-r2,BtNorthAmerica,trajectory,B1,6,17.532657755218125,0.4383164438804531,optimal,3.2298612809972838,33808,61246,214270
v0-bh50,BtNorthAmerica-r2,BtNorthAmerica,trajectory,B1,7,17.04146562994883,0.4260366407487208,optimal,3.190578973000811,33808,61246,214270
v0-bh50,BtNorthAmerica-r2,BtNorthAmerica,trajectory,B1,8,17.44278748722776,0.43606968718069405,optimal,2.9903590030007763,33808,61246,214270
v0-bh50,BtNorthAmerica-r2,BtNorthAmerica,trajectory,B1,9,17.9917653821158,0.449794134552895,optimal,2.7158208319960977,33808,61246,214270
v0-bh50,BtNorthAmerica-r2,BtNorthAmerica,trajectory,B1,10,18.26047454562583,0.4565118636406457,optimal,3.3863622970020515,33808,61246,214270
v0-bh50,BtNorthAmerica-r2,BtNorthAmerica,trajectory,B1,11,16.454943338368942,0.41137358345922354,optimal,3.8739033180027036,33808,61246,214270
v0-bh50,BtNorthAmerica-r2,BtNorthAmerica,trajectory,B1,12,17.45556969678369,0.43638924241959226,optimal,3.4071443010034272,33808,61246,214270
v0-bh50,BtNorthAmerica-r2,BtNorthAmerica,trajectory,B1,13,16.08751948330137,0.4021879870825343,optimal,3.506412188995455,33808,61246,214270
v0-bh50,BtNorthAmerica-r2,BtNorthAmerica,trajectory,B1,14,15.25813823430809,0.38145345585770224,optimal,3.093366970999341,33808,61246,214270
v0-bh50,BtNorthAmerica-r2,BtNorthAmerica,trajectory,B1,15,18.28599968754983,0.45714999218874575,optimal,3.312272307994135,33808,61246,214270
v0-bh50,BtNorthAmerica-r2,BtNorthAmerica,trajectory,B1,16,18.510577041125316,0.4627644260281329,optimal,3.1113372499967227,33808,61246,214270
v0-bh50,BtNorthAmerica-r2,BtNorthAmerica,trajectory,B1,17,15.920862091098034,0.39802155227745084,optimal,2.9196760400009225,33808,61246,214270
v0-bh50,BtNorthAmerica-r2,BtNorthAmerica,trajectory,B1,18,17.27064502557298,0.4317661256393245,optimal,2.937239844999567,33808,61246,214270
v0-bh50,BtNorthAmerica-r2,BtNorthAmerica,trajectory,B1,19,17.517283037192186,0.43793207592980465,optimal,3.1431442510001943,33808,61246,214270
v0-bh50,BtNorthAmerica-r2,BtNorthAmerica,trajectory,B1,20,17.420491489630976,0.4355122872407744,optimal,3.6958287579982425,33808,61246,214270
v0-bh50,BtNorthAmerica-r2,BtNorthAmerica,trajectory,B1,21,17.00943235303879,0.42523580882596973,optimal,2.985719655000139,33808,61246,214270
v0-bh50,BtNorthAmerica-r2,BtNorthAmerica,trajectory,B1,22,17.21753458397213,0.4304383645993033,optimal,2.8850805010006297,33808,61246,214270
v0-bh50,BtNorthAmerica-r2,BtNorthAmerica,trajectory,B1,23,17.498631712415396,0.4374657928103849,optimal,3.7800221720026457,33808,61246,214270
v0-bh50,BtNorthAmerica-r2,BtNorthAmerica,trajectory,B1,24,16.12425082900519,0.4031062707251298,optimal,3.997243226003775,33808,61246,214270
v0-bh50,BtNorthAmerica-r2,BtNorthAmerica,trajectory,B1,25,17.44889651407189,0.43622241285179725,optimal,3.648771553998813,33808,61246,214270
v0-bh50,BtNorthAmerica-r2,BtNorthAmerica,trajectory,B1,26,17.32890107451698,0.4332225268629245,optimal,3.878636673995061,33808,61246,214270
v0-bh50,BtNorthAmerica-r2,BtNorthAmerica,trajectory,B1,27,17.663487101781776,0.4415871775445444,optimal,3.27740271800576,33808,61246,214270
v0-bh50,BtNorthAmerica-r2,BtNorthAmerica,trajectory,B1,28,16.45472522401489,0.41136813060037225,optimal,3.866253706997668,33808,61246,214270
v0-bh50,BtNorthAmerica-r2,BtNorthAmerica,trajectory,B1,29,17.457572835965237,0.43643932089913096,optimal,3.6895545160004986,33808,61246,214270
v0-bh50,BtNorthAmerica-r2,BtNorthAmerica,trajectory,TRAN,0,27.21974222885759,0.6804935557214398,optimal,4.693001784995431,33808,61246,214270
v0-bh50,BtNorthAmerica-r2,BtNorthAmerica,trajectory,TRAN,1,24.52299153014985,0.6130747882537462,optimal,4.897400287001801,33808,61246,214270
v0-bh50,BtNorthAmerica-r2,BtNorthAmerica,trajectory,TRAN,2,26.838401938554266,0.6709600484638567,optimal,4.95988174899685,33808,61246,214270
v0-bh50,BtNorthAmerica-r2,BtNorthAmerica,trajectory,TRAN,3,24.214449001946083,0.6053612250486521,optimal,4.2750766960016335,33808,61246,214270
v0-bh50,BtNorthAmerica-r2,BtNorthAmerica,trajectory,TRAN,4,23.838543982295235,0.5959635995573809,optimal,3.947375016003207,33808,61246,214270
v0-bh50,BtNorthAmerica-r2,BtNorthAmerica,trajectory,TRAN,5,25.7608688475821,0.6440217211895525,optimal,3.6617551949966582,33808,61246,214270
v0-bh50,BtNorthAmerica-r2,BtNorthAmerica,trajectory,TRAN,6,23.757320327135172,0.5939330081783794,optimal,3.5842277810006635,33808,61246,214270
v0-bh50,BtNorthAmerica-r2,BtNorthAmerica,trajectory,TRAN,7,24.385891312591017,0.6096472828147754,optimal,4.771906058005698,33808,61246,214270
v0-bh50,BtNorthAmerica-r2,BtNorthAmerica,trajectory,TRAN,8,24.264314857848277,0.6066078714462069,optimal,5.782019764999859,33808,61246,214270
v0-bh50,BtNorthAmerica-r2,BtNorthAmerica,trajectory,TRAN,9,24.576462591546207,0.6144115647886552,optimal,4.3188812250009505,33808,61246,214270
v0-bh50,BtNorthAmerica-r2,BtNorthAmerica,trajectory,TRAN,10,25.45991238892255,0.6364978097230638,optimal,5.012912076002976,33808,61246,214270
v0-bh50,BtNorthAmerica-r2,BtNorthAmerica,trajectory,TRAN,11,25.12226395893476,0.628056598973369,optimal,5.139416470003198,33808,61246,214270
v0-bh50,BtNorthAmerica-r2,BtNorthAmerica,trajectory,TRAN,12,23.342565661492934,0.5835641415373234,optimal,3.260180038996623,33808,61246,214270
v0-bh50,BtNorthAmerica-r2,BtNorthAmerica,trajectory,TRAN,13,25.99759790509642,0.6499399476274105,optimal,4.405797351006186,33808,61246,214270
v0-bh50,BtNorthAmerica-r2,BtNorthAmerica,trajectory,TRAN,14,25.85904560523545,0.6464761401308863,optimal,3.887177046999568,33808,61246,214270
v0-bh50,BtNorthAmerica-r2,BtNorthAmerica,trajectory,TRAN,15,25.41480804341282,0.6353702010853205,optimal,3.9656792869936908,33808,61246,214270
v0-bh50,BtNorthAmerica-r2,BtNorthAmerica,trajectory,TRAN,16,26.17837736092462,0.6544594340231156,optimal,4.592598369999905,33808,61246,214270
v0-bh50,BtNorthAmerica-r2,BtNorthAmerica,trajectory,TRAN,17,25.376301161237897,0.6344075290309474,optimal,5.363618904993928,33808,61246,214270
v0-bh50,BtNorthAmerica-r2,BtNorthAmerica,trajectory,TRAN,18,23.494484942053095,0.5873621235513273,optimal,3.6672860420003417,33808,61246,214270
v0-bh50,BtNorthAmerica-r2,BtNorthAmerica,trajectory,TRAN,19,24.82723325933096,0.620680831483274,optimal,3.887514101996203,33808,61246,214270
v0-bh50,BtNorthAmerica-r2,BtNorthAmerica,trajectory,TRAN,20,24.243069449422578,0.6060767362355645,optimal,4.20068851900578,33808,61246,214270
v0-bh50,BtNorthAmerica-r2,BtNorthAmerica,trajectory,TRAN,21,26.322395639835545,0.6580598909958886,optimal,4.896417814001325,33808,61246,214270
v0-bh50,BtNorthAmerica-r2,BtNorthAmerica,trajectory,TRAN,22,24.116154865980118,0.602903871649503,optimal,4.627240355999675,33808,61246,214270
v0-bh50,BtNorthAmerica-r2,BtNorthAmerica,trajectory,TRAN,23,24.69377438617674,0.6173443596544186,optimal,5.085365869999805,33808,61246,214270
v0-bh50,BtNorthAmerica-r2,BtNorthAmerica,trajectory,TRAN,24,24.968623245821718,0.624215581145543,optimal,3.973871987000166,33808,61246,214270
v0-bh50,BtNorthAmerica-r2,BtNorthAmerica,trajectory,TRAN,25,25.627243939424613,0.6406810984856153,optimal,3.9326183420052985,33808,61246,214270
v0-bh50,BtNorthAmerica-r2,BtNorthAmerica,trajectory,TRAN,26,25.122398321130476,0.6280599580282619,optimal,3.860692556001595,33808,61246,214270
v0-bh50,BtNorthAmerica-r2,BtNorthAmerica,trajectory,TRAN,27,25.21195714235296,0.6302989285588241,optimal,3.9142946920037502,33808,61246,214270
v0-bh50,BtNorthAmerica-r2,BtNorthAmerica,trajectory,TRAN,28,24.73550559774654,0.6183876399436634,optimal,4.1107921980001265,33808,61246,214270
v0-bh50,BtNorthAmerica-r2,BtNorthAmerica,trajectory,TRAN,29,24.515111385771338,0.6128777846442834,optimal,4.271338673999708,33808,61246,214270
v0-bh50,Cesnet200603-r0,Cesnet200603,trajectory,B1,0,18.881584784613057,0.4720396196153264,optimal,4.127000462001888,32932,63816,217105
v0-bh50,Cesnet200603-r0,Cesnet200603,trajectory,B1,1,20.429345543191154,0.5107336385797788,optimal,5.403675851004664,32932,63816,217105
v0-bh50,Cesnet200603-r0,Cesnet200603,trajectory,B1,2,19.01537252798762,0.4753843131996905,optimal,4.6929011100000935,32932,63816,217105
v0-bh50,Cesnet200603-r0,Cesnet200603,trajectory,B1,3,19.4984986640628,0.48746246660157,optimal,3.5650452989939367,32932,63816,217105
v0-bh50,Cesnet200603-r0,Cesnet200603,trajectory,B1,4,19.444410824104867,0.4861102706026217,optimal,4.35854001899861,32932,63816,217105
v0-bh50,Cesnet200603-r0,Cesnet200603,trajectory,B1,5,19.451682353289403,0.4862920588322351,optimal,4.5808290659988415,32932,63816,217105
v0-bh50,Cesnet200603-r0,Cesnet200603,trajectory,B1,6,18.871641130886392,0.4717910282721598,optimal,3.7453713010036154,32932,63816,217105
v0-bh50,Cesnet200603-r0,Cesnet200603,trajectory,B1,7,19.47156487595271,0.48678912189881773,optimal,4.316030576002959,32932,63816,217105
v0-bh50,Cesnet200603-r0,Cesnet200603,trajectory,B1,8,18.726439066992526,0.46816097667481316,optimal,4.21390788500139,32932,63816,217105
v0-bh50,Cesnet200603-r0,Cesnet200603,trajectory,B1,9,19.281017445237264,0.48202543613093163,optimal,5.076417040996603,32932,63816,217105
v0-bh50,Cesnet200603-r0,Cesnet200603,trajectory,B1,10,19.603398664997997,0.49008496662494994,optimal,5.132636479000212,32932,63816,217105
v0-bh50,Cesnet200603-r0,Cesnet200603,trajectory,B1,11,18.732783294428835,0.46831958236072085,optimal,4.165666708999197,32932,63816,217105
v0-bh50,Cesnet200603-r0,Cesnet200603,trajectory,B1,12,19.192157571426172,0.4798039392856543,optimal,4.623330316004285,32932,63816,217105
v0-bh50,Cesnet200603-r0,Cesnet200603,trajectory,B1,13,20.46529683945987,0.5116324209864967,optimal,3.4788212399944314,32932,63816,217105
v0-bh50,Cesnet200603-r0,Cesnet200603,trajectory,B1,14,19.541952669671296,0.4885488167417824,optimal,4.436832737002987,32932,63816,217105
v0-bh50,Cesnet200603-r0,Cesnet200603,trajectory,B1,15,18.863310811982853,0.4715827702995713,optimal,4.446598442002141,32932,63816,217105
v0-bh50,Cesnet200603-r0,Cesnet200603,trajectory,B1,16,18.691071922785692,0.4672767980696423,optimal,3.6369960850061034,32932,63816,217105
v0-bh50,Cesnet200603-r0,Cesnet200603,trajectory,B1,17,18.14210035521276,0.45355250888031906,optimal,4.486439360996883,32932,63816,217105
v0-bh50,Cesnet200603-r0,Cesnet200603,trajectory,B1,18,18.42976116249079,0.4607440290622698,optimal,4.1433357290006825,32932,63816,217105
v0-bh50,Cesnet200603-r0,Cesnet200603,trajectory,B1,19,18.932748236003146,0.47331870590007863,optimal,4.3071574790010345,32932,63816,217105
v0-bh50,Cesnet200603-r0,Cesnet200603,trajectory,B1,20,19.258937041570842,0.48147342603927107,optimal,4.043170015000214,32932,63816,217105
v0-bh50,Cesnet200603-r0,Cesnet200603,trajectory,B1,21,19.269522282494115,0.4817380570623529,optimal,3.92544940100197,32932,63816,217105
v0-bh50,Cesnet200603-r0,Cesnet200603,trajectory,B1,22,18.94540720522955,0.47363518013073874,optimal,4.522150117001729,32932,63816,217105
v0-bh50,Cesnet200603-r0,Cesnet200603,trajectory,B1,23,18.699315729875376,0.4674828932468844,optimal,5.436945668996486,32932,63816,217105
v0-bh50,Cesnet200603-r0,Cesnet200603,trajectory,B1,24,19.356399761137194,0.4839099940284298,optimal,4.044868265998957,32932,63816,217105
v0-bh50,Cesnet200603-r0,Cesnet200603,trajectory,B1,25,19.899215760804168,0.4974803940201042,optimal,4.256292644000496,32932,63816,217105
v0-bh50,Cesnet200603-r0,Cesnet200603,trajectory,B1,26,18.80035630129188,0.470008907532297,optimal,3.9172277970064897,32932,63816,217105
v0-bh50,Cesnet200603-r0,Cesnet200603,trajectory,B1,27,19.742259774362484,0.4935564943590621,optimal,4.728326568998455,32932,63816,217105
v0-bh50,Cesnet200603-r0,Cesnet200603,trajectory,B1,28,19.874033417923506,0.49685083544808767,optimal,5.1164178469989565,32932,63816,217105
v0-bh50,Cesnet200603-r0,Cesnet200603,trajectory,B1,29,18.62914933408024,0.465728733352006,optimal,4.011782147004851,32932,63816,217105
v0-bh50,Cesnet200603-r0,Cesnet200603,trajectory,TRAN,0,25.545840039800694,0.6386460009950173,optimal,6.837901348000742,32932,63816,217105
v0-bh50,Cesnet200603-r0,Cesnet200603,trajectory,TRAN,1,24.774622902540916,0.6193655725635229,optimal,6.379931342999043,32932,63816,217105
v0-bh50,Cesnet200603-r0,Cesnet200603,trajectory,TRAN,2,24.291963512373062,0.6072990878093265,optimal,7.059252727005514,32932,63816,217105
v0-bh50,Cesnet200603-r0,Cesnet200603,trajectory,TRAN,3,24.98205725274359,0.6245514313185898,optimal,7.023694961004367,32932,63816,217105
v0-bh50,Cesnet200603-r0,Cesnet200603,trajectory,TRAN,4,23.72453578709162,0.5931133946772905,optimal,7.7533405299982405,32932,63816,217105
v0-bh50,Cesnet200603-r0,Cesnet200603,trajectory,TRAN,5,25.10725994008126,0.6276814985020315,optimal,6.854106819999288,32932,63816,217105
v0-bh50,Cesnet200603-r0,Cesnet200603,trajectory,TRAN,6,23.604843136643815,0.5901210784160954,optimal,4.972643271998095,32932,63816,217105
v0-bh50,Cesnet200603-r0,Cesnet200603,trajectory,TRAN,7,25.37187706771091,0.6342969266927727,optimal,5.905577138000808,32932,63816,217105
v0-bh50,Cesnet200603-r0,Cesnet200603,trajectory,TRAN,8,23.906271515464038,0.5976567878866009,optimal,5.719910168001661,32932,63816,217105
v0-bh50,Cesnet200603-r0,Cesnet200603,trajectory,TRAN,9,23.294691332411745,0.5823672833102936,optimal,5.571578262002731,32932,63816,217105
v0-bh50,Cesnet200603-r0,Cesnet200603,trajectory,TRAN,10,22.799060172714036,0.5699765043178509,optimal,4.948381303001952,32932,63816,217105
v0-bh50,Cesnet200603-r0,Cesnet200603,trajectory,TRAN,11,22.798679466719477,0.569966986667987,optimal,4.9558796220007935,32932,63816,217105
v0-bh50,Cesnet200603-r0,Cesnet200603,trajectory,TRAN,12,24.55166796473678,0.6137916991184195,optimal,5.226955203994294,32932,63816,217105
v0-bh50,Cesnet200603-r0,Cesnet200603,trajectory,TRAN,13,25.07726724029635,0.6269316810074088,optimal,6.206150550999155,32932,63816,217105
v0-bh50,Cesnet200603-r0,Cesnet200603,trajectory,TRAN,14,24.81605814512584,0.620401453628146,optimal,6.04569389000244,32932,63816,217105
v0-bh50,Cesnet200603-r0,Cesnet200603,trajectory,TRAN,15,22.171814221113628,0.5542953555278407,optimal,5.166521717997966,32932,63816,217105
v0-bh50,Cesnet200603-r0,Cesnet200603,trajectory,TRAN,16,24.566633755072143,0.6141658438768036,optimal,5.697999602001801,32932,63816,217105
v0-bh50,Cesnet200603-r0,Cesnet200603,trajectory,TRAN,17,24.531097817122188,0.6132774454280547,optimal,6.418126802003826,32932,63816,217105
v0-bh50,Cesnet200603-r0,Cesnet200603,trajectory,TRAN,18,23.214884790057383,0.5803721197514345,optimal,6.44725131499581,32932,63816,217105
v0-bh50,Cesnet200603-r0,Cesnet200603,trajectory,TRAN,19,23.981716484095912,0.5995429121023979,optimal,6.27385566799785,32932,63816,217105
v0-bh50,Cesnet200603-r0,Cesnet200603,trajectory,TRAN,20,24.885930231880906,0.6221482557970226,optimal,7.50402478199976,32932,63816,217105
v0-bh50,Cesnet200603-r0,Cesnet200603,trajectory,TRAN,21,25.19719275540136,0.629929818885034,optimal,7.0283002340001985,32932,63816,217105
v0-bh50,Cesnet200603-r0,Cesnet200603,trajectory,TRAN,22,24.504595257372987,0.6126148814343246,optimal,5.925899014000606,32932,63816,217105
v0-bh50,Cesnet200603-r0,Cesnet200603,trajectory,TRAN,23,24.2978697511176,0.60744674377794,optimal,5.815510216001712,32932,63816,217105
v0-bh50,Cesnet200603-r0,Cesnet200603,trajectory,TRAN,24,25.517415335009357,0.6379353833752339,optimal,5.18019832400023,32932,63816,217105
v0-bh50,Cesnet200603-r0,Cesnet200603,trajectory,TRAN,25,25.06218696774077,0.6265546741935193,optimal,4.660035667002376,32932,63816,217105
v0-bh50,Cesnet200603-r0,Cesnet200603,trajectory,TRAN,26,23.33454682010046,0.5833636705025115,optimal,5.1497330679994775,32932,63816,217105
v0-bh50,Cesnet200603-r0,Cesnet200603,trajectory,TRAN,27,23.582334600421113,0.5895583650105278,optimal,4.979107719002059,32932,63816,217105
v0-bh50,Cesnet200603-r0,Cesnet200603,trajectory,TRAN,28,24.42234204119345,0.6105585510298362,optimal,5.355862076001358,32932,63816,217105
v0-bh50,Cesnet200603-r0,Cesnet200603,trajectory,TRAN,29,23.13405316441142,0.5783513291102855,optimal,5.336241726996377,32932,63816,217105
v0-bh50,Cesnet200603-r1,Cesnet200603,trajectory,B1,0,25.806270369352124,0.6451567592338031,optimal,8.967163321998669,32834,61712,209400
v0-bh50,Cesnet200603-r1,Cesnet200603,trajectory,B1,1,25.868177397474735,0.6467044349368684,optimal,12.650819745002082,32834,61712,209400
v0-bh50,Cesnet200603-r1,Cesnet200603,trajectory,B1,2,25.436277479457697,0.6359069369864424,optimal,11.674351417997968,32834,61712,209400
v0-bh50,Cesnet200603-r1,Cesnet200603,trajectory,B1,3,25.625551190508926,0.6406387797627231,optimal,12.190330878998793,32834,61712,209400
v0-bh50,Cesnet200603-r1,Cesnet200603,trajectory,B1,4,25.770946443015834,0.6442736610753959,optimal,11.328868147000321,32834,61712,209400
v0-bh50,Cesnet200603-r1,Cesnet200603,trajectory,B1,5,25.95572176478928,0.648893044119732,optimal,12.559231628001726,32834,61712,209400
v0-bh50,Cesnet200603-r1,Cesnet200603,trajectory,B1,6,25.062235516905076,0.626555887922627,optimal,11.735595121994265,32834,61712,209400
v0-bh50,Cesnet200603-r1,Cesnet200603,trajectory,B1,7,27.4302831215279,0.6857570780381975,optimal,12.65048365900293,32834,61712,209400
v0-bh50,Cesnet200603-r1,Cesnet200603,trajectory,B1,8,26.247929238465222,0.6561982309616305,optimal,10.021703990998503,32834,61712,209400
v0-bh50,Cesnet200603-r1,Cesnet200603,trajectory,B1,9,26.78441303106544,0.669610325776636,optimal,10.908228885004064,32834,61712,209400
v0-bh50,Cesnet200603-r1,Cesnet200603,trajectory,B1,10,26.101459686847328,0.6525364921711831,optimal,11.47501343300246,32834,61712,209400
v0-bh50,Cesnet200603-r1,Cesnet200603,trajectory,B1,11,26.249526980897905,0.6562381745224476,optimal,10.706681663999916,32834,61712,209400
v0-bh50,Cesnet200603-r1,Cesnet200603,trajectory,B1,12,26.021989297956086,0.6505497324489021,optimal,12.968892798002344,32834,61712,209400
v0-bh50,Cesnet200603-r1,Cesnet200603,trajectory,B1,13,26.871073098907267,0.6717768274726816,optimal,10.9379552399987,32834,61712,209400
v0-bh50,Cesnet200603-r1,Cesnet200603,trajectory,B1,14,25.1327705346158,0.628319263365395,optimal,11.284769633995893,32834,61712,209400
v0-bh50,Cesnet200603-r1,Cesnet200603,trajectory,B1,15,26.329899936598693,0.6582474984149673,optimal,11.497354304003238,32834,61712,209400
v0-bh50,Cesnet200603-r1,Cesnet200603,trajectory,B1,16,26.51945911290787,0.6629864778226968,optimal,14.583699558999797,32834,61712,209400
v0-bh50,Cesnet200603-r1,Cesnet200603,trajectory,B1,17,26.313842690912075,0.6578460672728019,optimal,11.250319703998684,32834,61712,209400
v0-bh50,Cesnet200603-r1,Cesnet200603,trajectory,B1,18,26.66620488056513,0.6666551220141282,optimal,10.78839415100083,32834,61712,209400
v0-bh50,Cesnet200603-r1,Cesnet200603,trajectory,B1,19,26.318777855686484,0.6579694463921621,optimal,13.557641652005259,32834,61712,209400
v0-bh50,Cesnet200603-r1,Cesnet200603,trajectory,B1,20,26.42964647622198,0.6607411619055494,optimal,10.986277272000734,32834,61712,209400
v0-bh50,Cesnet200603-r1,Cesnet200603,trajectory,B1,21,25.652050239723515,0.6413012559930878,optimal,9.528046291001374,32834,61712,209400
v0-bh50,Cesnet200603-r1,Cesnet200603,trajectory,B1,22,26.067299219870204,0.6516824804967551,optimal,11.786796322994633,32834,61712,209400
v0-bh50,Cesnet200603-r1,Cesnet200603,trajectory,B1,23,27.249955525288325,0.6812488881322081,optimal,13.437352020002436,32834,61712,209400
v0-bh50,Cesnet200603-r1,Cesnet200603,trajectory,B1,24,26.481182410614476,0.6620295602653619,optimal,12.407520856999326,32834,61712,209400
v0-bh50,Cesnet200603-r1,Cesnet200603,trajectory,B1,25,26.369623353389827,0.6592405838347457,optimal,11.526160132998484,32834,61712,209400
v0-bh50,Cesnet200603-r1,Cesnet200603,trajectory,B1,26,25.594145419459544,0.6398536354864885,optimal,10.148410832996888,32834,61712,209400
v0-bh50,Cesnet200603-r1,Cesnet200603,trajectory,B1,27,24.868470611888085,0.6217117652972022,optimal,10.286155513997073,32834,61712,209400
v0-bh50,Cesnet200603-r1,Cesnet200603,trajectory,B1,28,25.051452560261186,0.6262863140065297,optimal,9.76058762899629,32834,61712,209400
v0-bh50,Cesnet200603-r1,Cesnet200603,trajectory,B1,29,27.10486018729265,0.6776215046823163,optimal,12.622387597002671,32834,61712,209400
v0-bh50,Cesnet200603-r1,Cesnet200603,trajectory,TRAN,0,30.251984804941692,0.7562996201235423,optimal,5.972772335997433,32834,61712,209400
v0-bh50,Cesnet200603-r1,Cesnet200603,trajectory,TRAN,1,30.760997278876197,0.7690249319719049,optimal,7.274694981999346,32834,61712,209400
v0-bh50,Cesnet200603-r1,Cesnet200603,trajectory,TRAN,2,30.24244962342628,0.7560612405856569,optimal,6.234466877998784,32834,61712,209400
v0-bh50,Cesnet200603-r1,Cesnet200603,trajectory,TRAN,3,30.78054957289566,0.7695137393223914,optimal,5.385265126002196,32834,61712,209400
v0-bh50,Cesnet200603-r1,Cesnet200603,trajectory,TRAN,4,30.73687346808936,0.768421836702234,optimal,7.71802630500315,32834,61712,209400
v0-bh50,Cesnet200603-r1,Cesnet200603,trajectory,TRAN,5,30.411577230822985,0.7602894307705746,optimal,6.120053457998438,32834,61712,209400
v0-bh50,Cesnet200603-r1,Cesnet200603,trajectory,TRAN,6,29.952485404227936,0.7488121351056984,optimal,6.790092204995744,32834,61712,209400
v0-bh50,Cesnet200603-r1,Cesnet200603,trajectory,TRAN,7,32.06341320610718,0.8015853301526794,optimal,6.502309517003596,32834,61712,209400
v0-bh50,Cesnet200603-r1,Cesnet200603,trajectory,TRAN,8,30.542213110358144,0.7635553277589536,optimal,7.5200899629999185,32834,61712,209400
v0-bh50,Cesnet200603-r1,Cesnet200603,trajectory,TRAN,9,31.663929395520196,0.7915982348880048,optimal,6.505902565004362,32834,61712,209400
v0-bh50,Cesnet200603-r1,Cesnet200603,trajectory,TRAN,10,30.33790271726357,0.7584475679315893,optimal,6.219759948995488,32834,61712,209400
v0-bh50,Cesnet200603-r1,Cesnet200603,trajectory,TRAN,11,31.500026115436956,0.7875006528859239,optimal,7.2605256869937875,32834,61712,209400
v0-bh50,Cesnet200603-r1,Cesnet200603,trajectory,TRAN,12,29.718556028650006,0.7429639007162502,optimal,6.459118152000883,32834,61712,209400
v0-bh50,Cesnet200603-r1,Cesnet200603,trajectory,TRAN,13,31.732152799105048,0.7933038199776262,optimal,6.734361188006005,32834,61712,209400
v0-bh50,Cesnet200603-r1,Cesnet200603,trajectory,TRAN,14,30.750412221615324,0.7687603055403831,optimal,11.024652577005327,32834,61712,209400
v0-bh50,Cesnet200603-r1,Cesnet200603,trajectory,TRAN,15,31.33114533975876,0.783278633493969,optimal,7.185098380003183,32834,61712,209400
v0-bh50,Cesnet200603-r1,Cesnet200603,trajectory,TRAN,16,31.064206276465878,0.776605156911647,optimal,6.317382799999905,32834,61712,209400
v0-bh50,Cesnet200603-r1,Cesnet200603,trajectory,TRAN,17,29.557987013207907,0.7389496753301976,optimal,5.881130140995083,32834,61712,209400
v0-bh50,Cesnet200603-r1,Cesnet200603,trajectory,TRAN,18,31.7010359890844,0.79252589972711,optimal,9.276096041998244,32834,61712,209400
v0-bh50,Cesnet200603-r1,Cesnet200603,trajectory,TRAN,19,30.621254458382765,0.7655313614595691,optimal,8.28807155299728,32834,61712,209400
v0-bh50,Cesnet200603-r1,Cesnet200603,trajectory,TRAN,20,31.013447717175403,0.775336192929385,optimal,8.08580862999952,32834,61712,209400
v0-bh50,Cesnet200603-r1,Cesnet200603,trajectory,TRAN,21,30.23873251965522,0.7559683129913805,optimal,8.071499253004731,32834,61712,209400
v0-bh50,Cesnet200603-r1,Cesnet200603,trajectory,TRAN,22,30.87731131391227,0.7719327828478068,optimal,8.415483755998139,32834,61712,209400
v0-bh50,Cesnet200603-r1,Cesnet200603,trajectory,TRAN,23,32.130442608303554,0.8032610652075889,optimal,9.909312478004722,32834,61712,209400
v0-bh50,Cesnet200603-r1,Cesnet200603,trajectory,TRAN,24,30.723557479088143,0.7680889369772036,optimal,8.812388637998083,32834,61712,209400
v0-bh50,Cesnet200603-r1,Cesnet200603,trajectory,TRAN,25,31.328182749237648,0.7832045687309412,optimal,6.953336881997529,32834,61712,209400
v0-bh50,Cesnet200603-r1,Cesnet200603,trajectory,TRAN,26,30.528990680436127,0.7632247670109031,optimal,8.686823996002204,32834,61712,209400
v0-bh50,Cesnet200603-r1,Cesnet200603,trajectory,TRAN,27,31.300028646977783,0.7825007161744446,optimal,8.399251987000753,32834,61712,209400
v0-bh50,Cesnet200603-r1,Cesnet200603,trajectory,TRAN,28,30.73696022512762,0.7684240056281906,optimal,7.355451060997439,32834,61712,209400
v0-bh50,Cesnet200603-r1,Cesnet200603,trajectory,TRAN,29,32.082568983835735,0.8020642245958933,optimal,10.046697278005013,32834,61712,209400
v0-bh50,Cesnet200603-r2,Cesnet200603,trajectory,B1,0,25.27069159758319,0.6317672899395798,optimal,3.3210691829954158,32804,63144,211284
v0-bh50,Cesnet200603-r2,Cesnet200603,trajectory,B1,1,26.37074659508345,0.6592686648770862,optimal,3.983990494001773,32804,63144,211284
v0-bh50,Cesnet200603-r2,Cesnet200603,trajectory,B1,2,26.390745701825175,0.6597686425456294,optimal,3.7752432950001094,32804,63144,211284
v0-bh50,Cesnet200603-r2,Cesnet200603,trajectory,B1,3,26.10717788241146,0.6526794470602865,optimal,3.9456835009987117,32804,63144,211284
v0-bh50,Cesnet200603-r2,Cesnet200603,trajectory,B1,4,27.099261174020103,0.6774815293505025,optimal,3.4812010469977395,32804,63144,211284
v0-bh50,Cesnet200603-r2,Cesnet200603,trajectory,B1,5,26.11742783702083,0.6529356959255208,optimal,5.228212566995353,32804,63144,211284
v0-bh50,Cesnet200603-r2,Cesnet200603,trajectory,B1,6,26.784461304180446,0.6696115326045111,optimal,4.364149119996,32804,63144,211284
v0-bh50,Cesnet200603-r2,Cesnet200603,trajectory,B1,7,25.969306019527117,0.6492326504881779,optimal,4.374969561002217,32804,63144,211284
v0-bh50,Cesnet200603-r2,Cesnet200603,trajectory,B1,8,27.19660256575091,0.6799150641437728,optimal,5.029307512995729,32804,63144,211284
v0-bh50,Cesnet200603-r2,Cesnet200603,trajectory,B1,9,26.216330074906942,0.6554082518726736,optimal,3.927524971004459,32804,63144,211284
v0-bh50,Cesnet200603-r2,Cesnet200603,trajectory,B1,10,24.776358588112203,0.619408964702805,optimal,5.136960696996539,32804,63144,211284
v0-bh50,Cesnet200603-r2,Cesnet200603,trajectory,B1,11,26.432585876793684,0.6608146469198422,optimal,4.739481663993502,32804,63144,211284
v0-bh50,Cesnet200603-r2,Cesnet200603,trajectory,B1,12,24.989637662473754,0.6247409415618439,optimal,4.014474784999038,32804,63144,211284
v0-bh50,Cesnet200603-r2,Cesnet200603,trajectory,B1,13,26.301488178386464,0.6575372044596616,optimal,3.929282281002088,32804,63144,211284
v0-bh50,Cesnet200603-r2,Cesnet200603,trajectory,B1,14,25.515992156768903,0.6378998039192225,optimal,3.9699311859949376,32804,63144,211284
v0-bh50,Cesnet200603-r2,Cesnet200603,trajectory,B1,15,25.176915536510947,0.6294228884127737,optimal,3.6368158650002442,32804,63144,211284
v0-bh50,Cesnet200603-r2,Cesnet200603,trajectory,B1,16,25.939228859188102,0.6484807214797026,optimal,4.116627793999214,32804,63144,211284
v0-bh50,Cesnet200603-r2,Cesnet200603,trajectory,B1,17,26.368914580275714,0.6592228645068928,optimal,4.1416860400058795,32804,63144,211284
v0-bh50,Cesnet200603-r2,Cesnet200603,trajectory,B1,18,25.04185892695029,0.6260464731737573,optimal,3.260943106004561,32804,63144,211284
v0-bh50,Cesnet200603-r2,Cesnet200603,trajectory,B1,19,25.684376521501598,0.64210941303754,optimal,4.133232150998083,32804,63144,211284
v0-bh50,Cesnet200603-r2,Cesnet200603,trajectory,B1,20,26.71886184930436,0.667971546232609,optimal,3.9794177380026667,32804,63144,211284
v0-bh50,Cesnet200603-r2,Cesnet200603,trajectory,B1,21,24.3528182918026,0.608820457295065,optimal,3.175484311999753,32804,63144,211284
v0-bh50,Cesnet200603-r2,Cesnet200603,trajectory,B1,22,25.483848480733947,0.6370962120183487,optimal,4.30487755699869,32804,63144,211284
v0-bh50,Cesnet200603-r2,Cesnet200603,trajectory,B1,23,26.636144671027854,0.6659036167756963,optimal,3.705695823999122,32804,63144,211284
v0-bh50,Cesnet200603-r2,Cesnet200603,trajectory,B1,24,25.56804374218928,0.639201093554732,optimal,5.228866641999048,32804,63144,211284
v0-bh50,Cesnet200603-r2,Cesnet200603,trajectory,B1,25,25.70289035025435,0.6425722587563587,optimal,4.500116470997455,32804,63144,211284
v0-bh50,Cesnet200603-r2,Cesnet200603,trajectory,B1,26,26.375796538013592,0.6593949134503398,optimal,4.3821943439979805,32804,63144,211284
v0-bh50,Cesnet200603-r2,Cesnet200603,trajectory,B1,27,26.191255429785386,0.6547813857446346,optimal,4.36669410700415,32804,63144,211284
v0-bh50,Cesnet200603-r2,Cesnet200603,trajectory,B1,28,26.17781076011036,0.654445269002759,optimal,3.8501420430038706,32804,63144,211284
v0-bh50,Cesnet200603-r2,Cesnet200603,trajectory,B1,29,25.979786461118728,0.6494946615279682,optimal,4.465529198998411,32804,63144,211284
v0-bh50,Cesnet200603-r2,Cesnet200603,trajectory,TRAN,0,34.0248534760972,0.85062133690243,optimal,5.297336001000076,32804,63144,211284
v0-bh50,Cesnet200603-r2,Cesnet200603,trajectory,TRAN,1,34.14450271015028,0.8536125677537569,optimal,7.402737992000766,32804,63144,211284
v0-bh50,Cesnet200603-r2,Cesnet200603,trajectory,TRAN,2,34.724891681832496,0.8681222920458124,optimal,6.031696101999842,32804,63144,211284
v0-bh50,Cesnet200603-r2,Cesnet200603,trajectory,TRAN,3,34.42335127294604,0.860583781823651,optimal,6.814273604999471,32804,63144,211284
v0-bh50,Cesnet200603-r2,Cesnet200603,trajectory,TRAN,4,34.67387198506381,0.8668467996265953,optimal,5.2372251830020105,32804,63144,211284
v0-bh50,Cesnet200603-r2,Cesnet200603,trajectory,TRAN,5,33.87894967686374,0.8469737419215935,optimal,6.5134785499976715,32804,63144,211284
v0-bh50,Cesnet200603-r2,Cesnet200603,trajectory,TRAN,6,34.16406728425968,0.854101682106492,optimal,6.962833393998153,32804,63144,211284
v0-bh50,Cesnet200603-r2,Cesnet200603,trajectory,TRAN,7,34.624689532085874,0.8656172383021469,optimal,7.39080522700533,32804,63144,211284
v0-bh50,Cesnet200603-r2,Cesnet200603,trajectory,TRAN,8,34.763896091525865,0.8690974022881466,optimal,5.675347474003502,32804,63144,211284
v0-bh50,Cesnet200603-r2,Cesnet200603,trajectory,TRAN,9,33.1689218355303,0.8292230458882575,optimal,5.740593214999535,32804,63144,211284
v0-bh50,Cesnet200603-r2,Cesnet200603,trajectory,TRAN,10,34.075384580736426,0.8518846145184107,optimal,5.204499286999635,32804,63144,211284
v0-bh50,Cesnet200603-r2,Cesnet200603,trajectory,TRAN,11,33.93246815488523,0.8483117038721307,optimal,6.650513342996419,32804,63144,211284
v0-bh50,Cesnet200603-r2,Cesnet200603,trajectory,TRAN,12,33.87692321101859,0.8469230802754648,optimal,6.4488764830020955,32804,63144,211284
v0-bh50,Cesnet200603-r2,Cesnet200603,trajectory,TRAN,13,34.18714224035681,0.8546785560089203,optimal,6.018871070002206,32804,63144,211284
v0-bh50,Cesnet200603-r2,Cesnet200603,trajectory,TRAN,14,34.28719059179278,0.8571797647948195,optimal,6.023090132999641,32804,63144,211284
v0-bh50,Cesnet200603-r2,Cesnet200603,trajectory,TRAN,15,34.43759004410239,0.8609397511025598,optimal,6.706131775994436,32804,63144,211284
v0-bh50,Cesnet200603-r2,Cesnet200603,trajectory,TRAN,16,33.86111375411612,0.8465278438529029,optimal,8.599113172000216,32804,63144,211284
v0-bh50,Cesnet200603-r2,Cesnet200603,trajectory,TRAN,17,34.424242834434374,0.8606060708608594,optimal,5.489211471001909,32804,63144,211284
v0-bh50,Cesnet200603-r2,Cesnet200603,trajectory,TRAN,18,34.09038309558813,0.8522595773897033,optimal,4.904495445996872,32804,63144,211284
v0-bh50,Cesnet200603-r2,Cesnet200603,trajectory,TRAN,19,34.43044363426763,0.8607610908566908,optimal,5.987614113000745,32804,63144,211284
v0-bh50,Cesnet200603-r2,Cesnet200603,trajectory,TRAN,20,33.88175031642808,0.8470437579107021,optimal,7.005935449997196,32804,63144,211284
v0-bh50,Cesnet200603-r2,Cesnet200603,trajectory,TRAN,21,33.810155121398175,0.8452538780349543,optimal,4.862052865995793,32804,63144,211284
v0-bh50,Cesnet200603-r2,Cesnet200603,trajectory,TRAN,22,34.676791671097796,0.8669197917774449,optimal,6.345487680999213,32804,63144,211284
v0-bh50,Cesnet200603-r2,Cesnet200603,trajectory,TRAN,23,34.242587226726634,0.8560646806681659,optimal,5.99929180899926,32804,63144,211284
v0-bh50,Cesnet200603-r2,Cesnet200603,trajectory,TRAN,24,33.42827374202289,0.8357068435505722,optimal,6.163575817998208,32804,63144,211284
v0-bh50,Cesnet200603-r2,Cesnet200603,trajectory,TRAN,25,34.1507507240065,0.8537687681001624,optimal,5.3759372790009365,32804,63144,211284
v0-bh50,Cesnet200603-r2,Cesnet200603,trajectory,TRAN,26,34.22802130655694,0.8557005326639235,optimal,4.908823858000687,32804,63144,211284
v0-bh50,Cesnet200603-r2,Cesnet200603,trajectory,TRAN,27,34.0758824508397,0.8518970612709925,optimal,5.939667667000322,32804,63144,211284
v0-bh50,Cesnet200603-r2,Cesnet200603,trajectory,TRAN,28,33.59435385602334,0.8398588464005835,optimal,4.353599447997112,32804,63144,211284
v0-bh50,Cesnet200603-r2,Cesnet200603,trajectory,TRAN,29,33.812471468583674,0.8453117867145918,optimal,5.510765705999802,32804,63144,211284
v0-bh50,Digex-r0,Digex,trajectory,B1,0,22.63319327379113,0.5658298318447782,optimal,13.631107139997766,45116,75101,252840
v0-bh50,Digex-r0,Digex,trajectory,B1,1,22.98756610315785,0.5746891525789463,optimal,10.340959289998864,45116,75101,252840
v0-bh50,Digex-r0,Digex,trajectory,B1,2,22.79317354931616,0.569829338732904,optimal,13.030080942997301,45116,75101,252840
v0-bh50,Digex-r0,Digex,trajectory,B1,3,23.09725745873996,0.577431436468499,optimal,12.731270436997875,45116,75101,252840
v0-bh50,Digex-r0,Digex,trajectory,B1,4,23.728455837238606,0.5932113959309652,optimal,10.380092832005175,45116,75101,252840
v0-bh50,Digex-r0,Digex,trajectory,B1,5,22.917608684703428,0.5729402171175857,optimal,12.259870600006252,45116,75101,252840
v0-bh50,Digex-r0,Digex,trajectory,B1,6,23.10004804643161,0.5775012011607903,optimal,12.734224105995963,45116,75101,252840
v0-bh50,Digex-r0,Digex,trajectory,B1,7,23.125642595571684,0.5781410648892921,optimal,12.469190383999376,45116,75101,252840
v0-bh50,Digex-r0,Digex,trajectory,B1,8,23.084844236804535,0.5771211059201133,optimal,12.911198785004672,45116,75101,252840
v0-bh50,Digex-r0,Digex,trajectory,B1,9,22.829315779783087,0.5707328944945772,optimal,9.29199295899889,45116,75101,252840
v0-bh50,Digex-r0,Digex,trajectory,B1,10,21.931647852900788,0.5482911963225197,optimal,10.895431473996723,45116,75101,252840
v0-bh50,Digex-r0,Digex,trajectory,B1,11,22.392991355192255,0.5598247838798064,optimal,12.651565271000436,45116,75101,252840
v0-bh50,Digex-r0,Digex,trajectory,B1,12,23.529372345625998,0.58823430864065,optimal,10.816328012995655,45116,75101,252840
v0-bh50,Digex-r0,Digex,trajectory,B1,13,22.812958673025125,0.5703239668256281,optimal,10.908542703000421,45116,75101,252840
v0-bh50,Digex-r0,Digex,trajectory,B1,14,21.69747132395115,0.5424367830987787,optimal,12.68046835000132,45116,75101,252840
v0-bh50,Digex-r0,Digex,trajectory,B1,15,23.296593417160263,0.5824148354290066,optimal,14.12187033599912,45116,75101,252840
v0-bh50,Digex-r0,Digex,trajectory,B1,16,22.45464001484897,0.5613660003712242,optimal,9.40183348399296,45116,75101,252840
v0-bh50,Digex-r0,Digex,trajectory,B1,17,23.85851774941171,0.5964629437352927,optimal,12.381748045998393,45116,75101,252840
v0-bh50,Digex-r0,Digex,trajectory,B1,18,22.73632510457575,0.5684081276143937,optimal,10.296277317000204,45116,75101,252840
v0-bh50,Digex-r0,Digex,trajectory,B1,19,22.623735723360927,0.5655933930840231,optimal,10.279399428000033,45116,75101,252840
v0-bh50,Digex-r0,Digex,trajectory,B1,20,22.672402477698736,0.5668100619424684,optimal,13.00901848099602,45116,75101,252840
v0-bh50,Digex-r0,Digex,trajectory,B1,21,22.360375263701346,0.5590093815925337,optimal,9.68982676199812,45116,75101,252840
v0-bh50,Digex-r0,Digex,trajectory,B1,22,22.999647978776984,0.5749911994694246,optimal,13.240298710996285,45116,75101,252840
v0-bh50,Digex-r0,Digex,trajectory,B1,23,22.11032134778118,0.5527580336945295,optimal,11.516813728005218,45116,75101,252840
v0-bh50,Digex-r0,Digex,trajectory,B1,24,22.41772901860886,0.5604432254652215,optimal,15.260419199999887,45116,75101,252840
v0-bh50,Digex-r0,Digex,trajectory,B1,25,23.554917605655707,0.5888729401413927,optimal,12.32374359700043,45116,75101,252840
v0-bh50,Digex-r0,Digex,trajectory,B1,26,22.928618692994018,0.5732154673248504,optimal,10.099976735000382,45116,75101,252840
v0-bh50,Digex-r0,Digex,trajectory,B1,27,22.837082276673627,0.5709270569168406,optimal,13.455809899998712,45116,75101,252840
v0-bh50,Digex-r0,Digex,trajectory,B1,28,23.593022194553384,0.5898255548638346,optimal,13.984231385002204,45116,75101,252840
v0-bh50,Digex-r0,Digex,trajectory,B1,29,22.92201669344701,0.5730504173361752,optimal,9.76248761700117,45116,75101,252840
v0-bh50,Digex-r0,Digex,trajectory,TRAN,0,25.142456592774987,0.6285614148193747,optimal,11.488292785994417,45116,75101,252840
v0-bh50,Digex-r0,Digex,trajectory,TRAN,1,25.744491680391665,0.6436122920097916,optimal,12.369265207002172,45116,75101,252840
v0-bh50,Digex-r0,Digex,trajectory,TRAN,2,24.022685033670324,0.6005671258417581,optimal,10.694149148999713,45116,75101,252840
v0-bh50,Digex-r0,Digex,trajectory,TRAN,3,25.27064139826821,0.6317660349567052,optimal,15.527347408002242,45116,75101,252840
v0-bh50,Digex-r0,Digex,trajectory,TRAN,4,25.090804766962208,0.6272701191740552,optimal,13.657936824005446,45116,75101,252840
v0-bh50,Digex-r0,Digex,trajectory,TRAN,5,25.060850507316243,0.6265212626829061,optimal,14.165947023997433,45116,75101,252840
v0-bh50,Digex-r0,Digex,trajectory,TRAN,6,25.35726660091105,0.6339316650227762,optimal,14.512955448997673,45116,75101,252840
v0-bh50,Digex-r0,Digex,trajectory,TRAN,7,25.262883085807108,0.6315720771451777,optimal,11.133120648999466,45116,75101,252840
v0-bh50,Digex-r0,Digex,trajectory,TRAN,8,25.09793902327494,0.6274484755818734,optimal,11.184138685996004,45116,75101,252840
v0-bh50,Digex-r0,Digex,trajectory,TRAN,9,25.18299008182189,0.6295747520455472,optimal,11.25952219300234,45116,75101,252840
v0-bh50,Digex-r0,Digex,trajectory,TRAN,10,24.606665745391457,0.6151666436347865,optimal,12.789171522003016,45116,75101,252840
v0-bh50,Digex-r0,Digex,trajectory,TRAN,11,25.318829763312664,0.6329707440828166,optimal,14.522566551997443,45116,75101,252840
v0-bh50,Digex-r0,Digex,trajectory,TRAN,12,25.8701799621289,0.6467544990532226,optimal,17.453214779001428,45116,75101,252840
v0-bh50,Digex-r0,Digex,trajectory,TRAN,13,24.785841319630823,0.6196460329907706,optimal,16.539746123999066,45116,75101,252840
v0-bh50,Digex-r0,Digex,trajectory,TRAN,14,23.803583307124168,0.5950895826781042,optimal,10.68311126199842,45116,75101,252840
v0-bh50,Digex-r0,Digex,trajectory,TRAN,15,24.111985162778485,0.6027996290694622,optimal,15.342591405998974,45116,75101,252840
v0-bh50,Digex-r0,Digex,trajectory,TRAN,16,25.19304664640483,0.6298261661601208,optimal,11.350107527003274,45116,75101,252840
v0-bh50,Digex-r0,Digex,trajectory,TRAN,17,25.655058569125437,0.6413764642281359,optimal,14.048546997000813,45116,75101,252840
v0-bh50,Digex-r0,Digex,trajectory,TRAN,18,24.037433522478164,0.600935838061954,optimal,12.168746934999945,45116,75101,252840
v0-bh50,Digex-r0,Digex,trajectory,TRAN,19,24.749332519760838,0.6187333129940209,optimal,11.68936769800348,45116,75101,252840
v0-bh50,Digex-r0,Digex,trajectory,TRAN,20,24.785129414569784,0.6196282353642446,optimal,11.135943711000436,45116,75101,252840
v0-bh50,Digex-r0,Digex,trajectory,TRAN,21,25.614575168386317,0.6403643792096579,optimal,13.6439898000026,45116,75101,252840
v0-bh50,Digex-r0,Digex,trajectory,TRAN,22,24.74129590273479,0.6185323975683698,optimal,13.278251292998902,45116,75101,252840
v0-bh50,Digex-r0,Digex,trajectory,TRAN,23,25.258731307450404,0.6314682826862601,optimal,12.109240026999032,45116,75101,252840
v0-bh50,Digex-r0,Digex,trajectory,TRAN,24,25.20622583389701,0.6301556458474253,optimal,11.18600896699354,45116,75101,252840
v0-bh50,Digex-r0,Digex,trajectory,TRAN,25,26.237066592119294,0.6559266648029823,optimal,10.554355199004931,45116,75101,252840
v0-bh50,Digex-r0,Digex,trajectory,TRAN,26,26.174403346564635,0.6543600836641159,optimal,14.985096282995073,45116,75101,252840
v0-bh50,Digex-r0,Digex,trajectory,TRAN,27,24.45965357301661,0.6114913393254152,optimal,12.31223423499614,45116,75101,252840
v0-bh50,Digex-r0,Digex,trajectory,TRAN,28,25.63032602422471,0.6407581506056178,optimal,12.006608326002606,45116,75101,252840
v0-bh50,Digex-r0,Digex,trajectory,TRAN,29,24.492768815320066,0.6123192203830017,optimal,13.91735065800458,45116,75101,252840
v0-bh50,Digex-r1,Digex,trajectory,B1,0,13.555099875869196,0.3388774968967299,optimal,1.1217036610032665,24071,46720,174018
v0-bh50,Digex-r1,Digex,trajectory,B1,1,15.017379384636152,0.3754344846159038,optimal,1.1669525120014441,24071,46720,174018
v0-bh50,Digex-r1,Digex,trajectory,B1,2,15.228401948746372,0.3807100487186593,optimal,1.2853459429970826,24071,46720,174018
v0-bh50,Digex-r1,Digex,trajectory,B1,3,14.273925418274006,0.3568481354568501,optimal,1.127432723005768,24071,46720,174018
v0-bh50,Digex-r1,Digex,trajectory,B1,4,14.443965806210832,0.3610991451552708,optimal,1.1879278579945094,24071,46720,174018
v0-bh50,Digex-r1,Digex,trajectory,B1,5,15.104088431315992,0.3776022107828998,optimal,1.0162047330013593,24071,46720,174018
v0-bh50,Digex-r1,Digex,trajectory,B1,6,14.793807421364585,0.3698451855341146,optimal,1.0776217780003208,24071,46720,174018
v0-bh50,Digex-r1,Digex,trajectory,B1,7,15.656531056691751,0.3914132764172938,optimal,1.2076937630044995,24071,46720,174018
v0-bh50,Digex-r1,Digex,trajectory,B1,8,14.304288185950073,0.35760720464875184,optimal,1.2194283789940528,24071,46720,174018
v0-bh50,Digex-r1,Digex,trajectory,B1,9,14.947466376581009,0.3736866594145252,optimal,1.0496265839974512,24071,46720,174018
v0-bh50,Digex-r1,Digex,trajectory,B1,10,14.400510382629488,0.3600127595657372,optimal,1.082627436000621,24071,46720,174018
v0-bh50,Digex-r1,Digex,trajectory,B1,11,14.884594762659027,0.3721148690664757,optimal,1.0457372640012181,24071,46720,174018
v0-bh50,Digex-r1,Digex,trajectory,B1,12,14.776260695772685,0.3694065173943171,optimal,1.0797741429996677,24071,46720,174018
v0-bh50,Digex-r1,Digex,trajectory,B1,13,14.140308520728642,0.35350771301821604,optimal,1.1308187539980281,24071,46720,174018
v0-bh50,Digex-r1,Digex,trajectory,B1,14,14.514489341241841,0.362862233531046,optimal,1.1028557299941895,24071,46720,174018
v0-bh50,Digex-r1,Digex,trajectory,B1,15,13.963508446366845,0.34908771115917114,optimal,1.1132863809980336,24071,46720,174018
v0-bh50,Digex-r1,Digex,trajectory,B1,16,15.424794245656408,0.3856198561414102,optimal,1.1680853069992736,24071,46720,174018
v0-bh50,Digex-r1,Digex,trajectory,B1,17,14.942284148832869,0.37355710372082174,optimal,1.2307643290041597,24071,46720,174018
v0-bh50,Digex-r1,Digex,trajectory,B1,18,14.980250198711524,0.3745062549677881,optimal,1.1124467530025868,24071,46720,174018
v0-bh50,Digex-r1,Digex,trajectory,B1,19,14.490654478716566,0.3622663619679142,optimal,1.2543637799972203,24071,46720,174018
v0-bh50,Digex-r1,Digex,trajectory,B1,20,14.610013403630113,0.36525033509075283,optimal,1.106939910001529,24071,46720,174018
v0-bh50,Digex-r1,Digex,trajectory,B1,21,14.143449667182173,0.3535862416795543,optimal,1.1934786109995912,24071,46720,174018
v0-bh50,Digex-r1,Digex,trajectory,B1,22,14.747987268872448,0.3686996817218112,optimal,1.2438855840009637,24071,46720,174018
v0-bh50,Digex-r1,Digex,trajectory,B1,23,15.11653795199334,0.3779134487998335,optimal,1.1781680929998402,24071,46720,174018
v0-bh50,Digex-r1,Digex,trajectory,B1,24,14.467735507771014,0.36169338769427534,optimal,1.0873593489959603,24071,46720,174018
v0-bh50,Digex-r1,Digex,trajectory,B1,25,14.17727925252847,0.35443198131321174,optimal,1.1500059089958086,24071,46720,174018
v0-bh50,Digex-r1,Digex,trajectory,B1,26,14.110118606076727,0.3527529651519182,optimal,1.0847739539967733,24071,46720,174018
v0-bh50,Digex-r1,Digex,trajectory,B1,27,14.639973438870184,0.3659993359717546,optimal,1.1825435029968503,24071,46720,174018
v0-bh50,Digex-r1,Digex,trajectory,B1,28,15.38805109895804,0.384701277473951,optimal,1.2014406579983188,24071,46720,174018
v0-bh50,Digex-r1,Digex,trajectory,B1,29,15.385307059020878,0.38463267647552196,optimal,1.4112581160006812,24071,46720,174018
v0-bh50,Digex-r1,Digex,trajectory,TRAN,0,19.52389512093822,0.48809737802345554,optimal,1.823799395999231,24071,46720,174018
v0-bh50,Digex-r1,Digex,trajectory,TRAN,1,19.296979461910368,0.4824244865477592,optimal,1.7780542489999789,24071,46720,174018
v0-bh50,Digex-r1,Digex,trajectory,TRAN,2,20.596592385156125,0.5149148096289031,optimal,1.6555170599967823,24071,46720,174018
v0-bh50,Digex-r1,Digex,trajectory,TRAN,3,21.380803518291742,0.5345200879572936,optimal,1.8704574110015528,24071,46720,174018
v0-bh50,Digex-r1,Digex,trajectory,TRAN,4,19.983832909051095,0.4995958227262774,optimal,1.7264320850008517,24071,46720,174018
v0-bh50,Digex-r1,Digex,trajectory,TRAN,5,20.479612701659143,0.5119903175414786,optimal,2.0346304509948823,24071,46720,174018
v0-bh50,Digex-r1,Digex,trajectory,TRAN,6,21.13840641044898,0.5284601602612244,optimal,1.7945216139996774,24071,46720,174018
v0-bh50,Digex-r1,Digex,trajectory,TRAN,7,21.311245864693543,0.5327811466173386,optimal,1.9236122760048602,24071,46720,174018
v0-bh50,Digex-r1,Digex,trajectory,TRAN,8,19.58902376758931,0.48972559418973277,optimal,1.6376897169975564,24071,46720,174018
v0-bh50,Digex-r1,Digex,trajectory,TRAN,9,20.999603160746528,0.5249900790186632,optimal,1.7313288209988968,24071,46720,174018
v0-bh50,Digex-r1,Digex,trajectory,TRAN,10,19.66749652104308,0.491687413026077,optimal,1.7812782030014205,24071,46720,174018
v0-bh50,Digex-r1,Digex,trajectory,TRAN,11,19.741458308035938,0.49353645770089843,optimal,1.638025631000346,24071,46720,174018
v0-bh50,Digex-r1,Digex,trajectory,TRAN,12,20.63918392265962,0.5159795980664905,optimal,1.7574481120027485,24071,46720,174018
v0-bh50,Digex-r1,Digex,trajectory,TRAN,13,20.355507128714297,0.5088876782178574,optimal,1.8046560770017095,24071,46720,174018
v0-bh50,Digex-r1,Digex,trajectory,TRAN,14,20.903559808855913,0.5225889952213978,optimal,1.7519459299946902,24071,46720,174018
v0-bh50,Digex-r1,Digex,trajectory,TRAN,15,20.43816891298625,0.5109542228246562,optimal,1.715094131999649,24071,46720,174018
v0-bh50,Digex-r1,Digex,trajectory,TRAN,16,21.367041459528476,0.5341760364882119,optimal,1.5910087999945972,24071,46720,174018
v0-bh50,Digex-r1,Digex,trajectory,TRAN,17,19.60192018362755,0.4900480045906887,optimal,1.7306470260009519,24071,46720,174018
v0-bh50,Digex-r1,Digex,trajectory,TRAN,18,20.162264887922742,0.5040566221980686,optimal,1.5064077849965543,24071,46720,174018
v0-bh50,Digex-r1,Digex,trajectory,TRAN,19,20.256873558440454,0.5064218389610113,optimal,1.7636603980063228,24071,46720,174018
v0-bh50,Digex-r1,Digex,trajectory,TRAN,20,19.704428258548973,0.4926107064637243,optimal,1.5490079520022846,24071,46720,174018
v0-bh50,Digex-r1,Digex,trajectory,TRAN,21,20.069979748606013,0.5017494937151503,optimal,1.5466078099998413,24071,46720,174018
v0-bh50,Digex-r1,Digex,trajectory,TRAN,22,21.262611790016088,0.5315652947504022,optimal,1.5304370610028855,24071,46720,174018
v0-bh50,Digex-r1,Digex,trajectory,TRAN,23,21.84733406250941,0.5461833515627352,optimal,1.5514828489976935,24071,46720,174018
v0-bh50,Digex-r1,Digex,trajectory,TRAN,24,20.303297041814123,0.5075824260453531,optimal,1.4990645950019825,24071,46720,174018
v0-bh50,Digex-r1,Digex,trajectory,TRAN,25,19.061730839779344,0.47654327099448357,optimal,1.5546644439964439,24071,46720,174018
v0-bh50,Digex-r1,Digex,trajectory,TRAN,26,20.162640210934725,0.5040660052733681,optimal,1.5282679040028597,24071,46720,174018
v0-bh50,Digex-r1,Digex,trajectory,TRAN,27,20.182562539677217,0.5045640634919304,optimal,1.454455469000095,24071,46720,174018
v0-bh50,Digex-r1,Digex,trajectory,TRAN,28,20.679560503267243,0.5169890125816811,optimal,1.5865496639962657,24071,46720,174018
v0-bh50,Digex-r1,Digex,trajectory,TRAN,29,20.16309326822683,0.5040773317056708,optimal,1.3995352080019074,24071,46720,174018
v0-bh50,Digex-r2,Digex,trajectory,B1,0,7.795386646759849,0.19488466616899622,optimal,2.47169515099813,38646,62586,237983
v0-bh50,Digex-r2,Digex,trajectory,B1,1,7.0883297307305835,0.1772082432682646,optimal,2.2040465229947586,38646,62586,237983
v0-bh50,Digex-r2,Digex,trajectory,B1,2,7.108292494460274,0.17770731236150686,optimal,2.2199722090008436,38646,62586,237983
v0-bh50,Digex-r2,Digex,trajectory,B1,3,7.427174042809913,0.18567935107024783,optimal,2.3303167749982094,38646,62586,237983
v0-bh50,Digex-r2,Digex,trajectory,B1,4,7.085059303331373,0.1771264825832843,optimal,2.4349631980003323,38646,62586,237983
v0-bh50,Digex-r2,Digex,trajectory,B1,5,6.473880328731484,0.1618470082182871,optimal,2.4462497379936394,38646,62586,237983
v0-bh50,Digex-r2,Digex,trajectory,B1,6,6.919360407282438,0.17298401018206094,optimal,2.3599567850033054,38646,62586,237983
v0-bh50,Digex-r2,Digex,trajectory,B1,7,6.379948463607598,0.15949871159018997,optimal,2.544556582994119,38646,62586,237983
v0-bh50,Digex-r2,Digex,trajectory,B1,8,6.797481739690527,0.16993704349226318,optimal,2.3570380410019425,38646,62586,237983
v0-bh50,Digex-r2,Digex,trajectory,B1,9,7.063150177036609,0.17657875442591522,optimal,2.2961324080024497,38646,62586,237983
v0-bh50,Digex-r2,Digex,trajectory,B1,10,6.0849390631825555,0.15212347657956388,optimal,2.671138321995386,38646,62586,237983
v0-bh50,Digex-r2,Digex,trajectory,B1,11,6.422778554422929,0.16056946386057322,optimal,2.214099555996654,38646,62586,237983
v0-bh50,Digex-r2,Digex,trajectory,B1,12,6.557492967853988,0.1639373241963497,optimal,2.502602828993986,38646,62586,237983
v0-bh50,Digex-r2,Digex,trajectory,B1,13,6.5007464341165315,0.16251866085291328,optimal,2.336063506998471,38646,62586,237983
v0-bh50,Digex-r2,Digex,trajectory,B1,14,6.525806675379569,0.16314516688448924,optimal,2.4912057889960124,38646,62586,237983
v0-bh50,Digex-r2,Digex,trajectory,B1,15,6.399893793210677,0.15999734483026692,optimal,2.2724173559981864,38646,62586,237983
v0-bh50,Digex-r2,Digex,trajectory,B1,16,8.211423652035071,0.20528559130087679,optimal,2.2248386049977853,38646,62586,237983
v0-bh50,Digex-r2,Digex,trajectory,B1,17,7.544792119065636,0.18861980297664088,optimal,2.524352849999559,38646,62586,237983
v0-bh50,Digex-r2,Digex,trajectory,B1,18,6.672056544764584,0.1668014136191146,optimal,2.1128794940013904,38646,62586,237983
v0-bh50,Digex-r2,Digex,trajectory,B1,19,6.486933944276457,0.1621733486069114,optimal,2.3261719530055416,38646,62586,237983
v0-bh50,Digex-r2,Digex,trajectory,B1,20,5.72454962652854,0.1431137406632135,optimal,2.229017963996739,38646,62586,237983
v0-bh50,Digex-r2,Digex,trajectory,B1,21,5.923989245083808,0.1480997311270952,optimal,2.353571430001466,38646,62586,237983
v0-bh50,Digex-r2,Digex,trajectory,B1,22,7.443711251275357,0.18609278128188395,optimal,2.323446107999189,38646,62586,237983
v0-bh50,Digex-r2,Digex,trajectory,B1,23,6.269371127917278,0.15673427819793195,optimal,2.1416626080026617,38646,62586,237983
v0-bh50,Digex-r2,Digex,trajectory,B1,24,6.3942210048042725,0.1598555251201068,optimal,2.1876472719959565,38646,62586,237983
v0-bh50,Digex-r2,Digex,trajectory,B1,25,6.350426739725763,0.15876066849314407,optimal,2.3812140860027284,38646,62586,237983
v0-bh50,Digex-r2,Digex,trajectory,B1,26,7.332744835634398,0.18331862089085996,optimal,2.289647388999583,38646,62586,237983
v0-bh50,Digex-r2,Digex,trajectory,B1,27,8.094801708496664,0.2023700427124166,optimal,2.226649525000539,38646,62586,237983
v0-bh50,Digex-r2,Digex,trajectory,B1,28,7.528832201902135,0.1882208050475534,optimal,2.28645528099878,38646,62586,237983
v0-bh50,Digex-r2,Digex,trajectory,B1,29,8.004928344060291,0.20012320860150729,optimal,2.3820628079993185,38646,62586,237983
v0-bh50,Digex-r2,Digex,trajectory,TRAN,0,15.036518159124158,0.375912953978104,optimal,2.4316170450038044,38646,62586,237983
v0-bh50,Digex-r2,Digex,trajectory,TRAN,1,14.082186974825326,0.35205467437063315,optimal,2.317793369998981,38646,62586,237983
v0-bh50,Digex-r2,Digex,trajectory,TRAN,2,12.97857055754503,0.32446426393862576,optimal,2.5400488170052995,38646,62586,237983
v0-bh50,Digex-r2,Digex,trajectory,TRAN,3,14.920725772571407,0.37301814431428515,optimal,2.619280817001709,38646,62586,237983
v0-bh50,Digex-r2,Digex,trajectory,TRAN,4,15.94945086669556,0.398736271667389,optimal,2.376818901000661,38646,62586,237983
v0-bh50,Digex-r2,Digex,trajectory,TRAN,5,14.00779337646142,0.3501948344115355,optimal,2.523733199996059,38646,62586,237983
v0-bh50,Digex-r2,Digex,trajectory,TRAN,6,12.665715458892354,0.31664288647230887,optimal,2.649133494000125,38646,62586,237983
v0-bh50,Digex-r2,Digex,trajectory,TRAN,7,14.867026918290415,0.3716756729572604,optimal,2.858494101004908,38646,62586,237983
v0-bh50,Digex-r2,Digex,trajectory,TRAN,8,12.179748258758961,0.304493706468974,optimal,2.514794847993471,38646,62586,237983
v0-bh50,Digex-r2,Digex,trajectory,TRAN,9,14.643385462121326,0.36608463655303314,optimal,2.657872533003683,38646,62586,237983
v0-bh50,Digex-r2,Digex,trajectory,TRAN,10,13.764510868436664,0.3441127717109166,optimal,2.475961534997623,38646,62586,237983
v0-bh50,Digex-r2,Digex,trajectory,TRAN,11,15.180283209237674,0.3795070802309418,optimal,2.59461186399858,38646,62586,237983
v0-bh50,Digex-r2,Digex,trajectory,TRAN,12,15.212031809770854,0.38030079524427135,optimal,2.5222634249948896,38646,62586,237983
v0-bh50,Digex-r2,Digex,trajectory,TRAN,13,15.496338629034296,0.3874084657258574,optimal,2.5233458020011312,38646,62586,237983
v0-bh50,Digex-r2,Digex,trajectory,TRAN,14,14.915507767468744,0.37288769418671863,optimal,2.730756336997729,38646,62586,237983
v0-bh50,Digex-r2,Digex,trajectory,TRAN,15,14.24058028618086,0.3560145071545215,optimal,2.4180000570049742,38646,62586,237983
v0-bh50,Digex-r2,Digex,trajectory,TRAN,16,13.989559222185264,0.3497389805546316,optimal,2.4107614469976397,38646,62586,237983
v0-bh50,Digex-r2,Digex,trajectory,TRAN,17,14.592904336932344,0.3648226084233086,optimal,2.282966206999845,38646,62586,237983
v0-bh50,Digex-r2,Digex,trajectory,TRAN,18,14.080736010021415,0.3520184002505354,optimal,2.48036662999948,38646,62586,237983
v0-bh50,Digex-r2,Digex,trajectory,TRAN,19,15.40505675694449,0.3851264189236122,optimal,2.4085856189994956,38646,62586,237983
v0-bh50,Digex-r2,Digex,trajectory,TRAN,20,14.48231173375328,0.362057793343832,optimal,2.3713944379996974,38646,62586,237983
v0-bh50,Digex-r2,Digex,trajectory,TRAN,21,15.291948772550077,0.3822987193137519,optimal,2.534331524002482,38646,62586,237983
v0-bh50,Digex-r2,Digex,trajectory,TRAN,22,16.063199500569127,0.4015799875142282,optimal,2.5600645800004713,38646,62586,237983
v0-bh50,Digex-r2,Digex,trajectory,TRAN,23,13.313680193298023,0.3328420048324506,optimal,2.4480653819991858,38646,62586,237983
v0-bh50,Digex-r2,Digex,trajectory,TRAN,24,14.864781824139987,0.3716195456034997,optimal,2.3241163690036046,38646,62586,237983
v0-bh50,Digex-r2,Digex,trajectory,TRAN,25,15.943909632861557,0.3985977408215389,optimal,2.6019454519991996,38646,62586,237983
v0-bh50,Digex-r2,Digex,trajectory,TRAN,26,14.505483902392783,0.36263709755981954,optimal,2.689556935998553,38646,62586,237983
v0-bh50,Digex-r2,Digex,trajectory,TRAN,27,14.691898633917026,0.36729746584792566,optimal,2.442683130997466,38646,62586,237983
v0-bh50,Digex-r2,Digex,trajectory,TRAN,28,14.688458644444003,0.36721146611110006,optimal,2.405393656998058,38646,62586,237983
v0-bh50,Digex-r2,Digex,trajectory,TRAN,29,16.80374604246647,0.4200936510616618,optimal,2.5234084440016886,38646,62586,237983
v0-bh50,Easynet-r0,Easynet,trajectory,B1,0,12.915389323268943,0.3228847330817236,optimal,2.6015931889996864,32214,56024,211223
v0-bh50,Easynet-r0,Easynet,trajectory,B1,1,11.581836736370276,0.2895459184092569,optimal,2.7852914210016024,32214,56024,211223
v0-bh50,Easynet-r0,Easynet,trajectory,B1,2,10.758367946375584,0.2689591986593896,optimal,2.4681748790026177,32214,56024,211223
v0-bh50,Easynet-r0,Easynet,trajectory,B1,3,12.229951261278247,0.30574878153195617,optimal,2.5076129369990667,32214,56024,211223
v0-bh50,Easynet-r0,Easynet,trajectory,B1,4,10.882709833511884,0.2720677458377971,optimal,2.572921248000057,32214,56024,211223
v0-bh50,Easynet-r0,Easynet,trajectory,B1,5,11.971816121080543,0.2992954030270136,optimal,2.5224813189997803,32214,56024,211223
v0-bh50,Easynet-r0,Easynet,trajectory,B1,6,12.642214408832597,0.31605536022081493,optimal,2.45383074900019,32214,56024,211223
v0-bh50,Easynet-r0,Easynet,trajectory,B1,7,13.621141414715055,0.34052853536787636,optimal,2.4963972930054297,32214,56024,211223
v0-bh50,Easynet-r0,Easynet,trajectory,B1,8,12.527432571166905,0.31318581427917264,optimal,2.6979564749999554,32214,56024,211223
v0-bh50,Easynet-r0,Easynet,trajectory,B1,9,11.3628030294639,0.2840700757365975,optimal,2.661135706002824,32214,56024,211223
v0-bh50,Easynet-r0,Easynet,trajectory,B1,10,12.315366098728814,0.3078841524682204,optimal,2.5082974739998463,32214,56024,211223
v0-bh50,Easynet-r0,Easynet,trajectory,B1,11,11.838944633081022,0.2959736158270255,optimal,2.48605092499929,32214,56024,211223
v0-bh50,Easynet-r0,Easynet,trajectory,B1,12,12.301260412128524,0.30753151030321313,optimal,2.424498191001476,32214,56024,211223
v0-bh50,Easynet-r0,Easynet,trajectory,B1,13,11.262226958691896,0.2815556739672974,optimal,2.3852650219996576,32214,56024,211223
v0-bh50,Easynet-r0,Easynet,trajectory,B1,14,13.771010812541476,0.3442752703135369,optimal,2.480870876002882,32214,56024,211223
v0-bh50,Easynet-r0,Easynet,trajectory,B1,15,12.626701082923816,0.3156675270730954,optimal,2.5053159939998295,32214,56024,211223
v0-bh50,Easynet-r0,Easynet,trajectory,B1,16,11.645019703638376,0.2911254925909594,optimal,2.3565562719959416,32214,56024,211223
v0-bh50,Easynet-r0,Easynet,trajectory,B1,17,12.789394334566802,0.31973485836417004,optimal,2.502444497004035,32214,56024,211223
v0-bh50,Easynet-r0,Easynet,trajectory,B1,18,12.83752965793832,0.320938241448458,optimal,2.5717105099975015,32214,56024,211223
v0-bh50,Easynet-r0,Easynet,trajectory,B1,19,12.150163651211749,0.30375409128029374,optimal,2.6183574850001605,32214,56024,211223
v0-bh50,Easynet-r0,Easynet,trajectory,B1,20,13.18541504176528,0.329635376044132,optimal,2.9612832109996816,32214,56024,211223
v0-bh50,Easynet-r0,Easynet,trajectory,B1,21,11.252932434614275,0.2813233108653569,optimal,2.5379938059995766,32214,56024,211223
v0-bh50,Easynet-r0,Easynet,trajectory,B1,22,11.342931413268712,0.2835732853317178,optimal,2.3587112550012534,32214,56024,211223
v0-bh50,Easynet-r0,Easynet,trajectory,B1,23,11.951863918617615,0.2987965979654404,optimal,2.550008655998681,32214,56024,211223
v0-bh50,Easynet-r0,Easynet,trajectory,B1,24,12.348345288205628,0.3087086322051407,optimal,2.5391906579970964,32214,56024,211223
v0-bh50,Easynet-r0,Easynet,trajectory,B1,25,11.659943131137208,0.2914985782784302,optimal,2.494175902000279,32214,56024,211223
v0-bh50,Easynet-r0,Easynet,trajectory,B1,26,11.446679131662258,0.28616697829155646,optimal,2.2711509309956455,32214,56024,211223
v0-bh50,Easynet-r0,Easynet,trajectory,B1,27,11.849840600302237,0.29624601500755593,optimal,2.5032832180004334,32214,56024,211223
v0-bh50,Easynet-r0,Easynet,trajectory,B1,28,12.336418239829683,0.30841045599574207,optimal,2.6102477880049264,32214,56024,211223
v0-bh50,Easynet-r0,Easynet,trajectory,B1,29,11.058573596088143,0.2764643399022036,optimal,2.68733022500237,32214,56024,211223
v0-bh50,Easynet-r0,Easynet,trajectory,TRAN,0,26.49081013080744,0.662270253270186,optimal,3.0634101670002565,32214,56024,211223
v0-bh50,Easynet-r0,Easynet,trajectory,TRAN,1,25.338612066533333,0.6334653016633334,optimal,3.3956862239938346,32214,56024,211223
v0-bh50,Easynet-r0,Easynet,trajectory,TRAN,2,26.18748342845498,0.6546870857113745,optimal,3.434416260999569,32214,56024,211223
v0-bh50,Easynet-r0,Easynet,trajectory,TRAN,3,24.649558861835466,0.6162389715458867,optimal,3.615027731997543,32214,56024,211223
v0-bh50,Easynet-r0,Easynet,trajectory,TRAN,4,25.67706457684216,0.641926614421054,optimal,4.161865711997962,32214,56024,211223
v0-bh50,Easynet-r0,Easynet,trajectory,TRAN,5,26.626598810733626,0.6656649702683406,optimal,3.687906908002333,32214,56024,211223
v0-bh50,Easynet-r0,Easynet,trajectory,TRAN,6,26.302556628355163,0.6575639157088791,optimal,4.2596568549997755,32214,56024,211223
v0-bh50,Easynet-r0,Easynet,trajectory,TRAN,7,26.20496580907742,0.6551241452269355,optimal,3.9881556129985256,32214,56024,211223
v0-bh50,Easynet-r0,Easynet,trajectory,TRAN,8,26.44524970214504,0.661131242553626,optimal,3.784164855002018,32214,56024,211223
v0-bh50,Easynet-r0,Easynet,trajectory,TRAN,9,25.410779553723184,0.6352694888430797,optimal,3.748339332996693,32214,56024,211223
v0-bh50,Easynet-r0,Easynet,trajectory,TRAN,10,26.134577220339523,0.653364430508488,optimal,4.568983711993496,32214,56024,211223
v0-bh50,Easynet-r0,Easynet,trajectory,TRAN,11,25.2946934107263,0.6323673352681575,optimal,3.047405359997356,32214,56024,211223
v0-bh50,Easynet-r0,Easynet,trajectory,TRAN,12,25.964418302096814,0.6491104575524204,optimal,3.6793609599990305,32214,56024,211223
v0-bh50,Easynet-r0,Easynet,trajectory,TRAN,13,26.38612864813822,0.6596532162034555,optimal,4.405851966002956,32214,56024,211223
v0-bh50,Easynet-r0,Easynet,trajectory,TRAN,14,26.4806101705731,0.6620152542643275,optimal,4.074787029996514,32214,56024,211223
v0-bh50,Easynet-r0,Easynet,trajectory,TRAN,15,27.009930336302965,0.6752482584075741,optimal,3.2552947850053897,32214,56024,211223
v0-bh50,Easynet-r0,Easynet,trajectory,TRAN,16,26.489107691443067,0.6622276922860767,optimal,3.157134525004949,32214,56024,211223
v0-bh50,Easynet-r0,Easynet,trajectory,TRAN,17,25.72080239237178,0.6430200598092946,optimal,3.2993784169957507,32214,56024,211223
v0-bh50,Easynet-r0,Easynet,trajectory,TRAN,18,26.554403547101384,0.6638600886775345,optimal,3.4581746910043876,32214,56024,211223
v0-bh50,Easynet-r0,Easynet,trajectory,TRAN,19,25.784893195866836,0.6446223298966709,optimal,3.188716901000589,32214,56024,211223
v0-bh50,Easynet-r0,Easynet,trajectory,TRAN,20,26.819212359184842,0.6704803089796211,optimal,3.566422228999727,32214,56024,211223
v0-bh50,Easynet-r0,Easynet,trajectory,TRAN,21,26.24031069868775,0.6560077674671938,optimal,3.3083544629989774,32214,56024,211223
v0-bh50,Easynet-r0,Easynet,trajectory,TRAN,22,25.876093128786096,0.6469023282196524,optimal,3.2206117719979375,32214,56024,211223
v0-bh50,Easynet-r0,Easynet,trajectory,TRAN,23,25.571648830774983,0.6392912207693746,optimal,3.545830871000362,32214,56024,211223
v0-bh50,Easynet-r0,Easynet,trajectory,TRAN,24,27.044351816108158,0.676108795402704,optimal,3.96603231899644,32214,56024,211223
v0-bh50,Easynet-r0,Easynet,trajectory,TRAN,25,25.31219917514849,0.6328049793787123,optimal,3.209274576998723,32214,56024,211223
v0-bh50,Easynet-r0,Easynet,trajectory,TRAN,26,25.334727106154876,0.6333681776538719,optimal,3.126039385002514,32214,56024,211223
v0-bh50,Easynet-r0,Easynet,trajectory,TRAN,27,26.44419127063022,0.6611047817657555,optimal,3.653585193998879,32214,56024,211223
v0-bh50,Easynet-r0,Easynet,trajectory,TRAN,28,26.248654164139356,0.6562163541034839,optimal,3.407911531001446,32214,56024,211223
v0-bh50,Easynet-r0,Easynet,trajectory,TRAN,29,25.880593416787878,0.647014835419697,optimal,3.4978682459986885,32214,56024,211223
v0-bh50,Easynet-r1,Easynet,trajectory,B1,0,12.923298900352517,0.32308247250881295,optimal,2.3059713849943364,30299,51786,204822
v0-bh50,Easynet-r1,Easynet,trajectory,B1,1,14.436652329061527,0.3609163082265382,optimal,2.9407130959953065,30299,51786,204822
v0-bh50,Easynet-r1,Easynet,trajectory,B1,2,12.715713010749845,0.3178928252687461,optimal,2.28290753300098,30299,51786,204822
v0-bh50,Easynet-r1,Easynet,trajectory,B1,3,11.363663264315235,0.2840915816078809,optimal,3.235779239999829,30299,51786,204822
v0-bh50,Easynet-r1,Easynet,trajectory,B1,4,10.896665983294495,0.2724166495823624,optimal,2.693552525000996,30299,51786,204822
v0-bh50,Easynet-r1,Easynet,trajectory,B1,5,11.792791134121165,0.29481977835302914,optimal,2.6285286330021336,30299,51786,204822
v0-bh50,Easynet-r1,Easynet,trajectory,B1,6,12.043735609352252,0.3010933902338063,optimal,2.5386842589941807,30299,51786,204822
v0-bh50,Easynet-r1,Easynet,trajectory,B1,7,10.449053021784936,0.2612263255446234,optimal,2.1268066850025207,30299,51786,204822
v0-bh50,Easynet-r1,Easynet,trajectory,B1,8,11.685159248273768,0.2921289812068442,optimal,2.3305289030031417,30299,51786,204822
v0-bh50,Easynet-r1,Easynet,trajectory,B1,9,11.522276061560422,0.28805690153901053,optimal,2.738076462999743,30299,51786,204822
v0-bh50,Easynet-r1,Easynet,trajectory,B1,10,10.690702833988338,0.2672675708497084,optimal,1.8460053549933946,30299,51786,204822
v0-bh50,Easynet-r1,Easynet,trajectory,B1,11,12.17841307227219,0.3044603268068048,optimal,2.4054441429980216,30299,51786,204822
v0-bh50,Easynet-r1,Easynet,trajectory,B1,12,11.903640674152628,0.2975910168538157,optimal,1.9245609159988817,30299,51786,204822
v0-bh50,Easynet-r1,Easynet,trajectory,B1,13,12.95399910941526,0.3238499777353815,optimal,2.1152085840003565,30299,51786,204822
v0-bh50,Easynet-r1,Easynet,trajectory,B1,14,11.776249826488524,0.2944062456622131,optimal,2.414084190997528,30299,51786,204822
v0-bh50,Easynet-r1,Easynet,trajectory,B1,15,12.159525144127583,0.3039881286031896,optimal,2.2769894910015864,30299,51786,204822
v0-bh50,Easynet-r1,Easynet,trajectory,B1,16,10.914662958557438,0.27286657396393593,optimal,2.4716256499959854,30299,51786,204822
v0-bh50,Easynet-r1,Easynet,trajectory,B1,17,13.062168027562047,0.32655420068905117,optimal,2.0200837590018637,30299,51786,204822
v0-bh50,Easynet-r1,Easynet,trajectory,B1,18,10.952310890446789,0.2738077722611697,optimal,1.9296653990022605,30299,51786,204822
v0-bh50,Easynet-r1,Easynet,trajectory,B1,19,11.398965648108303,0.2849741412027076,optimal,1.9364346959991963,30299,51786,204822
v0-bh50,Easynet-r1,Easynet,trajectory,B1,20,10.048488410162713,0.2512122102540678,optimal,2.352516630999162,30299,51786,204822
v0-bh50,Easynet-r1,Easynet,trajectory,B1,21,12.967888483856747,0.32419721209641866,optimal,2.504556269006571,30299,51786,204822
v0-bh50,Easynet-r1,Easynet,trajectory,B1,22,11.37633293953957,0.2844083234884892,optimal,2.043628148996504,30299,51786,204822
v0-bh50,Easynet-r1,Easynet,trajectory,B1,23,11.802265917200232,0.2950566479300058,optimal,2.0993840449955314,30299,51786,204822
v0-bh50,Easynet-r1,Easynet,trajectory,B1,24,11.37212021985796,0.284303005496449,optimal,2.0165815869986545,30299,51786,204822
v0-bh50,Easynet-r1,Easynet,trajectory,B1,25,12.207912062278528,0.3051978015569632,optimal,2.4431605609934195,30299,51786,204822
v0-bh50,Easynet-r1,Easynet,trajectory,B1,26,11.863582906502469,0.2965895726625617,optimal,2.5970332479992067,30299,51786,204822
v0-bh50,Easynet-r1,Easynet,trajectory,B1,27,13.283106455080187,0.3320776613770047,optimal,2.3685505609973916,30299,51786,204822
v0-bh50,Easynet-r1,Easynet,trajectory,B1,28,11.33552061375606,0.2833880153439015,optimal,1.971534917000099,30299,51786,204822
v0-bh50,Easynet-r1,Easynet,trajectory,B1,29,12.565609042911996,0.3141402260727999,optimal,2.312720326000999,30299,51786,204822
v0-bh50,Easynet-r1,Easynet,trajectory,TRAN,0,19.019737937676116,0.4754934484419029,optimal,3.4416677100016386,30299,51786,204822
v0-bh50,Easynet-r1,Easynet,trajectory,TRAN,1,21.042569068729282,0.526064226718232,optimal,3.1681434479978634,30299,51786,204822
v0-bh50,Easynet-r1,Easynet,trajectory,TRAN,2,19.996113290165116,0.4999028322541279,optimal,3.326655673001369,30299,51786,204822
v0-bh50,Easynet-r1,Easynet,trajectory,TRAN,3,20.348269377980458,0.5087067344495114,optimal,3.324147298997559,30299,51786,204822
v0-bh50,Easynet-r1,Easynet,trajectory,TRAN,4,20.4477616794005,0.5111940419850125,optimal,2.9499463370011654,30299,51786,204822
v0-bh50,Easynet-r1,Easynet,trajectory,TRAN,5,18.481445856050733,0.46203614640126833,optimal,3.89868815200316,30299,51786,204822
v0-bh50,Easynet-r1,Easynet,trajectory,TRAN,6,19.438969354053324,0.4859742338513331,optimal,2.61643066599936,30299,51786,204822
v0-bh50,Easynet-r1,Easynet,trajectory,TRAN,7,18.30259312794258,0.4575648281985645,optimal,3.0997677089981153,30299,51786,204822
v0-bh50,Easynet-r1,Easynet,trajectory,TRAN,8,19.58429699836777,0.48960742495919424,optimal,3.4806362969975453,30299,51786,204822
v0-bh50,Easynet-r1,Easynet,trajectory,TRAN,9,18.326640224689697,0.4581660056172424,optimal,2.9427680549997604,30299,51786,204822
v0-bh50,Easynet-r1,Easynet,trajectory,TRAN,10,20.45053045091782,0.5112632612729455,optimal,3.439826558002096,30299,51786,204822
v0-bh50,Easynet-r1,Easynet,trajectory,TRAN,11,20.09115256291605,0.5022788140729013,optimal,4.242561562998162,30299,51786,204822
v0-bh50,Easynet-r1,Easynet,trajectory,TRAN,12,20.01572487378518,0.5003931218446296,optimal,3.51084022300347,30299,51786,204822
v0-bh50,Easynet-r1,Easynet,trajectory,TRAN,13,20.375421885645917,0.5093855471411479,optimal,3.5123576929981937,30299,51786,204822
v0-bh50,Easynet-r1,Easynet,trajectory,TRAN,14,18.983592807237656,0.4745898201809414,optimal,2.8597408250061562,30299,51786,204822
v0-bh50,Easynet-r1,Easynet,trajectory,TRAN,15,19.32938696101513,0.48323467402537823,optimal,3.2904775269998936,30299,51786,204822
v0-bh50,Easynet-r1,Easynet,trajectory,TRAN,16,19.976229639429732,0.4994057409857433,optimal,2.9618287900011637,30299,51786,204822
v0-bh50,Easynet-r1,Easynet,trajectory,TRAN,17,20.20653098584158,0.5051632746460395,optimal,2.949653370997112,30299,51786,204822
v0-bh50,Easynet-r1,Easynet,trajectory,TRAN,18,19.802252935312058,0.4950563233828015,optimal,2.7168302970021614,30299,51786,204822
v0-bh50,Easynet-r1,Easynet,trajectory,TRAN,19,20.16581799538673,0.5041454498846683,optimal,4.102443424999365,30299,51786,204822
v0-bh50,Easynet-r1,Easynet,trajectory,TRAN,20,19.442060943098994,0.48605152357747483,optimal,3.340086751995841,30299,51786,204822
v0-bh50,Easynet-r1,Easynet,trajectory,TRAN,21,19.40101743693303,0.4850254359233258,optimal,3.156004452997877,30299,51786,204822
v0-bh50,Easynet-r1,Easynet,trajectory,TRAN,22,20.26158819225521,0.5065397048063802,optimal,3.4092467810041853,30299,51786,204822
v0-bh50,Easynet-r1,Easynet,trajectory,TRAN,23,18.84243501222397,0.47106087530559926,optimal,3.1433801320017665,30299,51786,204822
v0-bh50,Easynet-r1,Easynet,trajectory,TRAN,24,19.61989171652181,0.4904972929130452,optimal,3.1633711750037037,30299,51786,204822
v0-bh50,Easynet-r1,Easynet,trajectory,TRAN,25,20.49786310552644,0.512446577638161,optimal,3.1492741479960387,30299,51786,204822
v0-bh50,Easynet-r1,Easynet,trajectory,TRAN,26,21.036861376341463,0.5259215344085366,optimal,2.895606082995073,30299,51786,204822
v0-bh50,Easynet-r1,Easynet,trajectory,TRAN,27,18.01229841860355,0.45030746046508874,optimal,3.357541763005429,30299,51786,204822
v0-bh50,Easynet-r1,Easynet,trajectory,TRAN,28,20.66304109931867,0.5165760274829667,optimal,3.3693313900002977,30299,51786,204822
v0-bh50,Easynet-r1,Easynet,trajectory,TRAN,29,18.711907406087906,0.46779768515219766,optimal,3.2610915019977256,30299,51786,204822
v0-bh50,Easynet-r2,Easynet,trajectory,B1,0,6.171195876875729,0.15427989692189323,optimal,1.5733579779989668,26241,46499,178943
v0-bh50,Easynet-r2,Easynet,trajectory,B1,1,6.96619130359462,0.1741547825898655,optimal,1.6656673020042945,26241,46499,178943
v0-bh50,Easynet-r2,Easynet,trajectory,B1,2,6.490785677775328,0.1622696419443832,optimal,1.6330419270016137,26241,46499,178943
v0-bh50,Easynet-r2,Easynet,trajectory,B1,3,6.818693925488099,0.1704673481372025,optimal,1.7664211649971548,26241,46499,178943
v0-bh50,Easynet-r2,Easynet,trajectory,B1,4,7.134939827328699,0.17837349568321748,optimal,1.4931330239996896,26241,46499,178943
v0-bh50,Easynet-r2,Easynet,trajectory,B1,5,6.647932313057136,0.1661983078264284,optimal,1.441477426000347,26241,46499,178943
v0-bh50,Easynet-r2,Easynet,trajectory,B1,6,6.882688058214181,0.17206720145535453,optimal,1.6584695579949766,26241,46499,178943
v0-bh50,Easynet-r2,Easynet,trajectory,B1,7,6.920050128027037,0.17300125320067591,optimal,1.3643350529964664,26241,46499,178943
v0-bh50,Easynet-r2,Easynet,trajectory,B1,8,6.743700376925093,0.16859250942312734,optimal,1.5524614570022095,26241,46499,178943
v0-bh50,Easynet-r2,Easynet,trajectory,B1,9,6.805604522840788,0.1701401130710197,optimal,1.3878138099971693,26241,46499,178943
v0-bh50,Easynet-r2,Easynet,trajectory,B1,10,7.559115764486085,0.18897789411215213,optimal,1.5669550070015248,26241,46499,178943
v0-bh50,Easynet-r2,Easynet,trajectory,B1,11,6.454238650997535,0.16135596627493837,optimal,1.3495227730018087,26241,46499,178943
v0-bh50,Easynet-r2,Easynet,trajectory,B1,12,7.1197824612297635,0.17799456153074408,optimal,1.6402893909980776,26241,46499,178943
v0-bh50,Easynet-r2,Easynet,trajectory,B1,13,6.666034659388318,0.16665086648470795,optimal,1.4902543920034077,26241,46499,178943
v0-bh50,Easynet-r2,Easynet,trajectory,B1,14,6.929977854748193,0.17324944636870482,optimal,1.6051746730008745,26241,46499,178943
v0-bh50,Easynet-r2,Easynet,trajectory,B1,15,7.298211975639851,0.18245529939099628,optimal,1.4833518650048063,26241,46499,178943
v0-bh50,Easynet-r2,Easynet,trajectory,B1,16,6.777523073646836,0.1694380768411709,optimal,1.659944747996633,26241,46499,178943
v0-bh50,Easynet-r2,Easynet,trajectory,B1,17,7.323130529712652,0.1830782632428163,optimal,1.344627673002833,26241,46499,178943
v0-bh50,Easynet-r2,Easynet,trajectory,B1,18,7.322545353398199,0.18306363383495497,optimal,1.6743089360024896,26241,46499,178943
v0-bh50,Easynet-r2,Easynet,trajectory,B1,19,6.379681965508914,0.15949204913772286,optimal,1.374236486000882,26241,46499,178943
v0-bh50,Easynet-r2,Easynet,trajectory,B1,20,6.686323876642157,0.16715809691605393,optimal,1.416523102998326,26241,46499,178943
v0-bh50,Easynet-r2,Easynet,trajectory,B1,21,7.303438560046615,0.1825859640011654,optimal,1.6464111059976858,26241,46499,178943
v0-bh50,Easynet-r2,Easynet,trajectory,B1,22,7.219903055880223,0.18049757639700556,optimal,1.3467287790044793,26241,46499,178943
v0-bh50,Easynet-r2,Easynet,trajectory,B1,23,6.960250833108626,0.17400627082771564,optimal,1.718623488995945,26241,46499,178943
v0-bh50,Easynet-r2,Easynet,trajectory,B1,24,6.955713168044217,0.17389282920110544,optimal,1.4509497440012638,26241,46499,178943
v0-bh50,Easynet-r2,Easynet,trajectory,B1,25,7.1173364963845955,0.17793341240961488,optimal,1.6270147540053586,26241,46499,178943
v0-bh50,Easynet-r2,Easynet,trajectory,B1,26,6.341741008783844,0.15854352521959608,optimal,1.4856307129957713,26241,46499,178943
v0-bh50,Easynet-r2,Easynet,trajectory,B1,27,6.643205838122643,0.16608014595306608,optimal,1.7528452609985834,26241,46499,178943
v0-bh50,Easynet-r2,Easynet,trajectory,B1,28,6.992868113342679,0.17482170283356696,optimal,1.520597891001671,26241,46499,178943
v0-bh50,Easynet-r2,Easynet,trajectory,B1,29,6.633231071125134,0.16583077677812835,optimal,1.6612035580037627,26241,46499,178943
v0-bh50,Easynet-r2,Easynet,trajectory,TRAN,0,16.431013724825966,0.4107753431206492,optimal,1.8587331800008542,26241,46499,178943
v0-bh50,Easynet-r2,Easynet,trajectory,TRAN,1,16.860785278482446,0.42151963196206116,optimal,1.7875589260002016,26241,46499,178943
v0-bh50,Easynet-r2,Easynet,trajectory,TRAN,2,16.462873761814627,0.4115718440453657,optimal,1.8797859990008874,26241,46499,178943
v0-bh50,Easynet-r2,Easynet,trajectory,TRAN,3,16.4724921523931,0.41181230380982753,optimal,1.6670005960040726,26241,46499,178943
v0-bh50,Easynet-r2,Easynet,trajectory,TRAN,4,17.206776957155032,0.4301694239288758,optimal,1.828208637998614,26241,46499,178943
v0-bh50,Easynet-r2,Easynet,trajectory,TRAN,5,16.097735287413798,0.4024433821853449,optimal,1.8360255339939613,26241,46499,178943
v0-bh50,Easynet-r2,Easynet,trajectory,TRAN,6,17.018017339174733,0.42545043347936834,optimal,1.6366341310058488,26241,46499,178943
v0-bh50,Easynet-r2,Easynet,trajectory,TRAN,7,17.594749451013172,0.4398687362753293,optimal,1.691741964998073,26241,46499,178943
v0-bh50,Easynet-r2,Easynet,trajectory,TRAN,8,16.565241007820035,0.4141310251955009,optimal,1.9913909520037123,26241,46499,178943
v0-bh50,Easynet-r2,Easynet,trajectory,TRAN,9,17.073060426239927,0.4268265106559982,optimal,1.77672423900367,26241,46499,178943
v0-bh50,Easynet-r2,Easynet,trajectory,TRAN,10,16.67769442978783,0.41694236074469576,optimal,1.6594404820061754,26241,46499,178943
v0-bh50,Easynet-r2,Easynet,trajectory,TRAN,11,16.14651581882491,0.40366289547062273,optimal,2.0177948959972127,26241,46499,178943
v0-bh50,Easynet-r2,Easynet,trajectory,TRAN,12,15.81917471398283,0.3954793678495708,optimal,1.8157925679988693,26241,46499,178943
v0-bh50,Easynet-r2,Easynet,trajectory,TRAN,13,15.685262651306731,0.39213156628266826,optimal,2.281870438004262,26241,46499,178943
v0-bh50,Easynet-r2,Easynet,trajectory,TRAN,14,16.082559789930027,0.40206399474825066,optimal,1.6503701399997226,26241,46499,178943
v0-bh50,Easynet-r2,Easynet,trajectory,TRAN,15,16.541675438994,0.41354188597485003,optimal,1.7546112080017338,26241,46499,178943
v0-bh50,Easynet-r2,Easynet,trajectory,TRAN,16,17.62366964750586,0.4405917411876465,optimal,1.91718454099464,26241,46499,178943
v0-bh50,Easynet-r2,Easynet,trajectory,TRAN,17,16.38367903612406,0.40959197590310154,optimal,1.7449289549986133,26241,46499,178943
v0-bh50,Easynet-r2,Easynet,trajectory,TRAN,18,15.915232621750267,0.39788081554375665,optimal,1.7561828559992136,26241,46499,178943
v0-bh50,Easynet-r2,Easynet,trajectory,TRAN,19,16.474926867673968,0.4118731716918492,optimal,1.9829293790025986,26241,46499,178943
v0-bh50,Easynet-r2,Easynet,trajectory,TRAN,20,16.74351027680927,0.41858775692023176,optimal,1.9631959429971175,26241,46499,178943
v0-bh50,Easynet-r2,Easynet,trajectory,TRAN,21,17.487198229072725,0.4371799557268181,optimal,1.981603668005846,26241,46499,178943
v0-bh50,Easynet-r2,Easynet,trajectory,TRAN,22,16.18360332724361,0.40459008318109024,optimal,1.726514791000227,26241,46499,178943
v0-bh50,Easynet-r2,Easynet,trajectory,TRAN,23,17.412519336062925,0.4353129834015731,optimal,1.9205193529996905,26241,46499,178943
v0-bh50,Easynet-r2,Easynet,trajectory,TRAN,24,16.431815054726446,0.41079537636816116,optimal,1.7505971330028842,26241,46499,178943
v0-bh50,Easynet-r2,Easynet,trajectory,TRAN,25,16.12903845943761,0.40322596148594025,optimal,1.6774733450001804,26241,46499,178943
v0-bh50,Easynet-r2,Easynet,trajectory,TRAN,26,16.613268640347204,0.41533171600868013,optimal,1.6982946499992977,26241,46499,178943
v0-bh50,Easynet-r2,Easynet,trajectory,TRAN,27,16.555949098384296,0.41389872745960743,optimal,1.6366480689976015,26241,46499,178943
v0-bh50,Easynet-r2,Easynet,trajectory,TRAN,28,17.792710890148566,0.44481777225371416,optimal,2.108071916998597,26241,46499,178943
v0-bh50,Easynet-r2,Easynet,trajectory,TRAN,29,16.415047629941053,0.4103761907485263,optimal,1.8146964049956296,26241,46499,178943
v0-bh50,Garr200112-r0,Garr200112,trajectory,B1,0,25.11542455613108,0.627885613903277,optimal,3.0767235710009118,26131,53374,177436
v0-bh50,Garr200112-r0,Garr200112,trajectory,B1,1,25.09833821866051,0.6274584554665127,optimal,3.1559238599948003,26131,53374,177436
v0-bh50,Garr200112-r0,Garr200112,trajectory,B1,2,23.276106359705206,0.5819026589926302,optimal,2.6535995660015033,26131,53374,177436
v0-bh50,Garr200112-r0,Garr200112,trajectory,B1,3,26.464153526415632,0.6616038381603908,optimal,3.170598616001371,26131,53374,177436
v0-bh50,Garr200112-r0,Garr200112,trajectory,B1,4,25.89531476374303,0.6473828690935758,optimal,3.281548325001495,26131,53374,177436
v0-bh50,Garr200112-r0,Garr200112,trajectory,B1,5,25.425021056942185,0.6356255264235546,optimal,3.52373946300213,26131,53374,177436
v0-bh50,Garr200112-r0,Garr200112,trajectory,B1,6,24.854842770938482,0.6213710692734621,optimal,3.0080170959990937,26131,53374,177436
v0-bh50,Garr200112-r0,Garr200112,trajectory,B1,7,25.44888449385165,0.6362221123462912,optimal,3.603170471993508,26131,53374,177436
v0-bh50,Garr200112-r0,Garr200112,trajectory,B1,8,25.420826223255283,0.635520655581382,optimal,3.6328614199956064,26131,53374,177436
v0-bh50,Garr200112-r0,Garr200112,trajectory,B1,9,24.946092117627835,0.6236523029406958,optimal,2.958533922996139,26131,53374,177436
v0-bh50,Garr200112-r0,Garr200112,trajectory,B1,10,25.68348310198475,0.6420870775496187,optimal,3.438133239003946,26131,53374,177436
v0-bh50,Garr200112-r0,Garr200112,trajectory,B1,11,24.881656876505474,0.6220414219126369,optimal,2.880674353997165,26131,53374,177436
v0-bh50,Garr200112-r0,Garr200112,trajectory,B1,12,24.05581832340491,0.6013954580851227,optimal,2.9792528789985226,26131,53374,177436
v0-bh50,Garr200112-r0,Garr200112,trajectory,B1,13,24.59825805612418,0.6149564514031045,optimal,2.7844540090009104,26131,53374,177436
v0-bh50,Garr200112-r0,Garr200112,trajectory,B1,14,24.92186865389671,0.6230467163474177,optimal,3.102441748000274,26131,53374,177436
v0-bh50,Garr200112-r0,Garr200112,trajectory,B1,15,25.574289715847407,0.6393572428961851,optimal,2.28494358399621,26131,53374,177436
v0-bh50,Garr200112-r0,Garr200112,trajectory,B1,16,24.182540760738117,0.604563519018453,optimal,2.6337272629971267,26131,53374,177436
v0-bh50,Garr200112-r0,Garr200112,trajectory,B1,17,25.98566919104825,0.6496417297762063,optimal,3.0231588180031395,26131,53374,177436
v0-bh50,Garr200112-r0,Garr200112,trajectory,B1,18,25.804616729350183,0.6451154182337546,optimal,3.6910732749965973,26131,53374,177436
v0-bh50,Garr200112-r0,Garr200112,trajectory,B1,19,24.60880993835838,0.6152202484589595,optimal,2.338122139000916,26131,53374,177436
v0-bh50,Garr200112-r0,Garr200112,trajectory,B1,20,24.741724648631465,0.6185431162157866,optimal,2.944237499999872,26131,53374,177436
v0-bh50,Garr200112-r0,Garr200112,trajectory,B1,21,26.028457707865,0.6507114426966251,optimal,3.0480216040014056,26131,53374,177436
v0-bh50,Garr200112-r0,Garr200112,trajectory,B1,22,24.792136498757078,0.6198034124689269,optimal,3.285475178003253,26131,53374,177436
v0-bh50,Garr200112-r0,Garr200112,trajectory,B1,23,24.30986991501803,0.6077467478754508,optimal,2.8130797049961984,26131,53374,177436
v0-bh50,Garr200112-r0,Garr200112,trajectory,B1,24,24.599234922990657,0.6149808730747665,optimal,2.4131013060032274,26131,53374,177436
v0-bh50,Garr200112-r0,Garr200112,trajectory,B1,25,25.454730333735775,0.6363682583433944,optimal,3.1140189860016108,26131,53374,177436
v0-bh50,Garr200112-r0,Garr200112,trajectory,B1,26,26.209916203873085,0.6552479050968272,optimal,2.8646889299998293,26131,53374,177436
v0-bh50,Garr200112-r0,Garr200112,trajectory,B1,27,25.004631690995566,0.6251157922748891,optimal,3.106550137999875,26131,53374,177436
v0-bh50,Garr200112-r0,Garr200112,trajectory,B1,28,25.586479698907894,0.6396619924726974,optimal,2.8573887780003133,26131,53374,177436
v0-bh50,Garr200112-r0,Garr200112,trajectory,B1,29,25.082324856675946,0.6270581214168987,optimal,2.9946279259966104,26131,53374,177436
v0-bh50,Garr200112-r0,Garr200112,trajectory,TRAN,0,25.892607474652095,0.6473151868663024,optimal,3.511554980002984,26131,53374,177436
v0-bh50,Garr200112-r0,Garr200112,trajectory,TRAN,1,27.614131913326382,0.6903532978331596,optimal,3.2352079510019394,26131,53374,177436
v0-bh50,Garr200112-r0,Garr200112,trajectory,TRAN,2,25.045888200231943,0.6261472050057986,optimal,2.7845610930016846,26131,53374,177436
v0-bh50,Garr200112-r0,Garr200112,trajectory,TRAN,3,27.979425646150975,0.6994856411537744,optimal,2.8530423769989284,26131,53374,177436
v0-bh50,Garr200112-r0,Garr200112,trajectory,TRAN,4,27.610621356959438,0.6902655339239859,optimal,3.595490248000715,26131,53374,177436
v0-bh50,Garr200112-r0,Garr200112,trajectory,TRAN,5,26.627076455253633,0.6656769113813408,optimal,2.8768866050013457,26131,53374,177436
v0-bh50,Garr200112-r0,Garr200112,trajectory,TRAN,6,26.97622834159236,0.674405708539809,optimal,3.025602636000258,26131,53374,177436
v0-bh50,Garr200112-r0,Garr200112,trajectory,TRAN,7,28.475084616112575,0.7118771154028144,optimal,2.712416743997892,26131,53374,177436
v0-bh50,Garr200112-r0,Garr200112,trajectory,TRAN,8,27.04511564439762,0.6761278911099404,optimal,2.6411111999987043,26131,53374,177436
v0-bh50,Garr200112-r0,Garr200112,trajectory,TRAN,9,27.317518110985123,0.6829379527746281,optimal,2.871430214996508,26131,53374,177436
v0-bh50,Garr200112-r0,Garr200112,trajectory,TRAN,10,28.20075922106299,0.7050189805265747,optimal,3.0027650340052787,26131,53374,177436
v0-bh50,Garr200112-r0,Garr200112,trajectory,TRAN,11,27.464368337088047,0.6866092084272012,optimal,3.266432389995316,26131,53374,177436
v0-bh50,Garr200112-r0,Garr200112,trajectory,TRAN,12,26.095910465399186,0.6523977616349796,optimal,2.988083096999617,26131,53374,177436
v0-bh50,Garr200112-r0,Garr200112,trajectory,TRAN,13,27.130867182633864,0.6782716795658466,optimal,3.120067679003114,26131,53374,177436
v0-bh50,Garr200112-r0,Garr200112,trajectory,TRAN,14,26.89392658914073,0.6723481647285182,optimal,3.6687834719996317,26131,53374,177436
v0-bh50,Garr200112-r0,Garr200112,trajectory,TRAN,15,27.604012745629607,0.6901003186407402,optimal,3.531263103002857,26131,53374,177436
v0-bh50,Garr200112-r0,Garr200112,trajectory,TRAN,16,25.876062519756374,0.6469015629939093,optimal,2.6293305919971317,26131,53374,177436
v0-bh50,Garr200112-r0,Garr200112,trajectory,TRAN,17,28.651390272183917,0.7162847568045979,optimal,2.674068845997681,26131,53374,177436
v0-bh50,Garr200112-r0,Garr200112,trajectory,TRAN,18,27.404670159752502,0.6851167539938126,optimal,2.7176909190020524,26131,53374,177436
v0-bh50,Garr200112-r0,Garr200112,trajectory,TRAN,19,27.215235703121454,0.6803808925780364,optimal,2.5325288219974027,26131,53374,177436
v0-bh50,Garr200112-r0,Garr200112,trajectory,TRAN,20,26.55183218773057,0.6637958046932643,optimal,2.5495474519993877,26131,53374,177436
v0-bh50,Garr200112-r0,Garr200112,trajectory,TRAN,21,27.530551064990203,0.688263776624755,optimal,3.437669277001987,26131,53374,177436
v0-bh50,Garr200112-r0,Garr200112,trajectory,TRAN,22,27.423493918891257,0.6855873479722814,optimal,2.974890935001895,26131,53374,177436
v0-bh50,Garr200112-r0,Garr200112,trajectory,TRAN,23,26.934030156414387,0.6733507539103597,optimal,2.459208526997827,26131,53374,177436
v0-bh50,Garr200112-r0,Garr200112,trajectory,TRAN,24,27.102221252758582,0.6775555313189645,optimal,2.3998661910009105,26131,53374,177436
v0-bh50,Garr200112-r0,Garr200112,trajectory,TRAN,25,27.216571529049094,0.6804142882262274,optimal,2.782516397004656,26131,53374,177436
v0-bh50,Garr200112-r0,Garr200112,trajectory,TRAN,26,28.228909603468097,0.7057227400867024,optimal,4.053608183996403,26131,53374,177436
v0-bh50,Garr200112-r0,Garr200112,trajectory,TRAN,27,27.279383133391345,0.6819845783347837,optimal,2.2533569089937373,26131,53374,177436
v0-bh50,Garr200112-r0,Garr200112,trajectory,TRAN,28,27.33941952159793,0.6834854880399482,optimal,2.2559172340043006,26131,53374,177436
v0-bh50,Garr200112-r0,Garr200112,trajectory,TRAN,29,26.084314401571778,0.6521078600392944,optimal,2.128757124002732,26131,53374,177436
v0-bh50,Garr200112-r1,Garr200112,trajectory,B1,0,25.189442663977346,0.6297360665994336,optimal,2.4743824069955735,25169,49976,173781
v0-bh50,Garr200112-r1,Garr200112,trajectory,B1,1,29.301511378875833,0.7325377844718959,optimal,3.6577715029998217,25169,49976,173781
v0-bh50,Garr200112-r1,Garr200112,trajectory,B1,2,28.462715405706327,0.7115678851426581,optimal,3.01269872100238,25169,49976,173781
v0-bh50,Garr200112-r1,Garr200112,trajectory,B1,3,27.63812715826217,0.6909531789565542,optimal,3.1029243049997604,25169,49976,173781
v0-bh50,Garr200112-r1,Garr200112,trajectory,B1,4,29.412668822063058,0.7353167205515765,optimal,3.263165203999961,25169,49976,173781
v0-bh50,Garr200112-r1,Garr200112,trajectory,B1,5,29.505005572651058,0.7376251393162765,optimal,3.3982576100024744,25169,49976,173781
v0-bh50,Garr200112-r1,Garr200112,trajectory,B1,6,28.62731076183328,0.715682769045832,optimal,3.7790831480015186,25169,49976,173781
v0-bh50,Garr200112-r1,Garr200112,trajectory,B1,7,28.189925725995458,0.7047481431498864,optimal,3.492365755002538,25169,49976,173781
v0-bh50,Garr200112-r1,Garr200112,trajectory,B1,8,27.82451263834358,0.6956128159585895,optimal,3.2938194269954693,25169,49976,173781
v0-bh50,Garr200112-r1,Garr200112,trajectory,B1,9,29.36243905950913,0.7340609764877282,optimal,3.3948078589965007,25169,49976,173781
v0-bh50,Garr200112-r1,Garr200112,trajectory,B1,10,26.970116468368047,0.6742529117092012,optimal,2.549736952998501,25169,49976,173781
v0-bh50,Garr200112-r1,Garr200112,trajectory,B1,11,28.578972077099937,0.7144743019274984,optimal,2.9233495680018677,25169,49976,173781
v0-bh50,Garr200112-r1,Garr200112,trajectory,B1,12,28.46338529397343,0.7115846323493358,optimal,3.19233839300432,25169,49976,173781
v0-bh50,Garr200112-r1,Garr200112,trajectory,B1,13,26.960157720353504,0.6740039430088376,optimal,2.6196927310011233,25169,49976,173781
v0-bh50,Garr200112-r1,Garr200112,trajectory,B1,14,27.468837829781904,0.6867209457445476,optimal,2.525268489996961,25169,49976,173781
v0-bh50,Garr200112-r1,Garr200112,trajectory,B1,15,28.697739594014028,0.7174434898503507,optimal,2.7910640179979964,25169,49976,173781
v0-bh50,Garr200112-r1,Garr200112,trajectory,B1,16,29.622723440018326,0.7405680860004582,optimal,2.9883021380010177,25169,49976,173781
v0-bh50,Garr200112-r1,Garr200112,trajectory,B1,17,30.657081985877394,0.7664270496469349,optimal,4.29421957500017,25169,49976,173781
v0-bh50,Garr200112-r1,Garr200112,trajectory,B1,18,28.194979527431297,0.7048744881857825,optimal,3.130289189997711,25169,49976,173781
v0-bh50,Garr200112-r1,Garr200112,trajectory,B1,19,26.86701343987047,0.6716753359967618,optimal,2.7302597949965275,25169,49976,173781
v0-bh50,Garr200112-r1,Garr200112,trajectory,B1,20,28.94877686130516,0.723719421532629,optimal,2.838774354000634,25169,49976,173781
v0-bh50,Garr200112-r1,Garr200112,trajectory,B1,21,27.765191259633692,0.6941297814908423,optimal,3.555234316001588,25169,49976,173781
v0-bh50,Garr200112-r1,Garr200112,trajectory,B1,22,28.069768347517453,0.7017442086879363,optimal,2.3180077469951357,25169,49976,173781
v0-bh50,Garr200112-r1,Garr200112,trajectory,B1,23,28.857315918779324,0.7214328979694831,optimal,3.3417735920011182,25169,49976,173781
v0-bh50,Garr200112-r1,Garr200112,trajectory,B1,24,29.114128988463143,0.7278532247115785,optimal,3.6359621590017923,25169,49976,173781
v0-bh50,Garr200112-r1,Garr200112,trajectory,B1,25,27.29953230670783,0.6824883076676957,optimal,2.3150346869952045,25169,49976,173781
v0-bh50,Garr200112-r1,Garr200112,trajectory,B1,26,27.13961394765276,0.678490348691319,optimal,2.4948620950017357,25169,49976,173781
v0-bh50,Garr200112-r1,Garr200112,trajectory,B1,27,27.93816382161497,0.6984540955403743,optimal,2.8639964270041673,25169,49976,173781
v0-bh50,Garr200112-r1,Garr200112,trajectory,B1,28,29.0696355195512,0.72674088798878,optimal,3.807701708996319,25169,49976,173781
v0-bh50,Garr200112-r1,Garr200112,trajectory,B1,29,26.576298643612834,0.6644074660903209,optimal,2.7828335909944144,25169,49976,173781
v0-bh50,Garr200112-r1,Garr200112,trajectory,TRAN,0,36.38229743910725,0.9095574359776812,optimal,5.008834713000397,25169,49976,173781
v0-bh50,Garr200112-r1,Garr200112,trajectory,TRAN,1,36.02904624687571,0.9007261561718927,optimal,4.1894218739980715,25169,49976,173781
v0-bh50,Garr200112-r1,Garr200112,trajectory,TRAN,2,36.57172227847381,0.9142930569618452,optimal,6.971880555000098,25169,49976,173781
v0-bh50,Garr200112-r1,Garr200112,trajectory,TRAN,3,37.24449015807137,0.9311122539517843,optimal,6.098099683003966,25169,49976,173781
v0-bh50,Garr200112-r1,Garr200112,trajectory,TRAN,4,36.60905572862947,0.9152263932157367,optimal,5.853139017999638,25169,49976,173781
v0-bh50,Garr200112-r1,Garr200112,trajectory,TRAN,5,36.56318158143279,0.9140795395358197,optimal,6.929953123995801,25169,49976,173781
v0-bh50,Garr200112-r1,Garr200112,trajectory,TRAN,6,35.78812885294971,0.8947032213237428,optimal,5.6328827170000295,25169,49976,173781
v0-bh50,Garr200112-r1,Garr200112,trajectory,TRAN,7,36.47522990549293,0.9118807476373233,optimal,6.067944018999697,25169,49976,173781
v0-bh50,Garr200112-r1,Garr200112,trajectory,TRAN,8,36.82481867551595,0.9206204668878988,optimal,4.692904820003605,25169,49976,173781
v0-bh50,Garr200112-r1,Garr200112,trajectory,TRAN,9,36.78073750806,0.9195184377015,optimal,5.10339327800466,25169,49976,173781
v0-bh50,Garr200112-r1,Garr200112,trajectory,TRAN,10,36.93529210601434,0.9233823026503585,optimal,6.188006841999595,25169,49976,173781
v0-bh50,Garr200112-r1,Garr200112,trajectory,TRAN,11,37.00962687120415,0.9252406717801037,optimal,7.424765944997489,25169,49976,173781
v0-bh50,Garr200112-r1,Garr200112,trajectory,TRAN,12,35.98921466410749,0.8997303666026873,optimal,5.670862640006817,25169,49976,173781
v0-bh50,Garr200112-r1,Garr200112,trajectory,TRAN,13,35.85141417020867,0.8962853542552167,optimal,5.28659085000254,25169,49976,173781
v0-bh50,Garr200112-r1,Garr200112,trajectory,TRAN,14,36.141052604415655,0.9035263151103914,optimal,7.427270749001764,25169,49976,173781
v0-bh50,Garr200112-r1,Garr200112,trajectory,TRAN,15,36.48390215208015,0.9120975538020037,optimal,7.766090154997073,25169,49976,173781
v0-bh50,Garr200112-r1,Garr200112,trajectory,TRAN,16,37.083103534303845,0.9270775883575961,optimal,6.2939471490026335,25169,49976,173781
v0-bh50,Garr200112-r1,Garr200112,trajectory,TRAN,17,36.56130005590059,0.9140325013975147,optimal,7.798296086999471,25169,49976,173781
v0-bh50,Garr200112-r1,Garr200112,trajectory,TRAN,18,36.168483250505176,0.9042120812626294,optimal,5.509084391997021,25169,49976,173781
v0-bh50,Garr200112-r1,Garr200112,trajectory,TRAN,19,36.32655320315264,0.9081638300788161,optimal,3.817489528999431,25169,49976,173781
v0-bh50,Garr200112-r1,Garr200112,trajectory,TRAN,20,36.50515392558543,0.9126288481396359,optimal,7.34793121599796,25169,49976,173781
v0-bh50,Garr200112-r1,Garr200112,trajectory,TRAN,21,36.704145990538066,0.9176036497634517,optimal,5.845154454000294,25169,49976,173781
v0-bh50,Garr200112-r1,Garr200112,trajectory,TRAN,22,35.39171152440272,0.8847927881100681,optimal,5.151303791004466,25169,49976,173781
v0-bh50,Garr200112-r1,Garr200112,trajectory,TRAN,23,36.52379107087248,0.913094776771812,optimal,5.336254306996125,25169,49976,173781
v0-bh50,Garr200112-r1,Garr200112,trajectory,TRAN,24,36.219142354867316,0.9054785588716829,optimal,6.953364868997596,25169,49976,173781
v0-bh50,Garr200112-r1,Garr200112,trajectory,TRAN,25,35.97685611995758,0.8994214029989396,optimal,5.0499707229973865,25169,49976,173781
v0-bh50,Garr200112-r1,Garr200112,trajectory,TRAN,26,36.29239747489793,0.9073099368724483,optimal,6.915733709996857,25169,49976,173781
v0-bh50,Garr200112-r1,Garr200112,trajectory,TRAN,27,35.78064503312163,0.8945161258280407,optimal,3.746251623000717,25169,49976,173781
v0-bh50,Garr200112-r1,Garr200112,trajectory,TRAN,28,36.077526437509476,0.9019381609377369,optimal,6.9600069589941995,25169,49976,173781
v0-bh50,Garr200112-r1,Garr200112,trajectory,TRAN,29,36.62720076434869,0.9156800191087173,optimal,5.746733926003799,25169,49976,173781
v0-bh50,Garr200112-r2,Garr200112,trajectory,B1,0,34.96181896829604,0.8740454742074011,optimal,7.978192156995647,29550,60207,195425
v0-bh50,Garr200112-r2,Garr200112,trajectory,B1,1,35.19139672556362,0.8797849181390905,optimal,8.500814991006337,29550,60207,195425
v0-bh50,Garr200112-r2,Garr200112,trajectory,B1,2,34.940457042192534,0.8735114260548134,optimal,9.122391584998695,29550,60207,195425
v0-bh50,Garr200112-r2,Garr200112,trajectory,B1,3,34.72628716032018,0.8681571790080046,optimal,8.99687351600005,29550,60207,195425
v0-bh50,Garr200112-r2,Garr200112,trajectory,B1,4,35.117691396703165,0.8779422849175791,optimal,7.310777984006563,29550,60207,195425
v0-bh50,Garr200112-r2,Garr200112,trajectory,B1,5,34.72240003477518,0.8680600008693794,optimal,9.66230523899867,29550,60207,195425
v0-bh50,Garr200112-r2,Garr200112,trajectory,B1,6,34.985658159398504,0.8746414539849626,optimal,8.275256586995965,29550,60207,195425
v0-bh50,Garr200112-r2,Garr200112,trajectory,B1,7,35.28460215737808,0.882115053934452,optimal,7.986199938997743,29550,60207,195425
v0-bh50,Garr200112-r2,Garr200112,trajectory,B1,8,34.8122002718418,0.870305006796045,optimal,10.228064840994193,29550,60207,195425
v0-bh50,Garr200112-r2,Garr200112,trajectory,B1,9,35.3926450341205,0.8848161258530125,optimal,7.545778630999848,29550,60207,195425
v0-bh50,Garr200112-r2,Garr200112,trajectory,B1,10,35.14812531727745,0.8787031329319361,optimal,10.13341917499929,29550,60207,195425
v0-bh50,Garr200112-r2,Garr200112,trajectory,B1,11,34.99186488860928,0.8747966222152319,optimal,9.85400222199678,29550,60207,195425
v0-bh50,Garr200112-r2,Garr200112,trajectory,B1,12,35.3043354751327,0.8826083868783176,optimal,7.201606282003922,29550,60207,195425
v0-bh50,Garr200112-r2,Garr200112,trajectory,B1,13,35.27462365403542,0.8818655913508856,optimal,8.715822539001238,29550,60207,195425
v0-bh50,Garr200112-r2,Garr200112,trajectory,B1,14,35.24705151697543,0.8811762879243858,optimal,8.44638272299926,29550,60207,195425
v0-bh50,Garr200112-r2,Garr200112,trajectory,B1,15,35.45107569287528,0.886276892321882,optimal,9.011335682000208,29550,60207,195425
v0-bh50,Garr200112-r2,Garr200112,trajectory,B1,16,34.73403344372147,0.8683508360930368,optimal,8.09907343800296,29550,60207,195425
v0-bh50,Garr200112-r2,Garr200112,trajectory,B1,17,35.02569837140983,0.8756424592852458,optimal,9.118273120002414,29550,60207,195425
v0-bh50,Garr200112-r2,Garr200112,trajectory,B1,18,34.41683907432977,0.8604209768582443,optimal,6.547919790005835,29550,60207,195425
v0-bh50,Garr200112-r2,Garr200112,trajectory,B1,19,35.59883975830722,0.8899709939576805,optimal,8.8619970189975,29550,60207,195425
v0-bh50,Garr200112-r2,Garr200112,trajectory,B1,20,35.29692529885237,0.8824231324713093,optimal,8.219206958005088,29550,60207,195425
v0-bh50,Garr200112-r2,Garr200112,trajectory,B1,21,34.37791448118816,0.8594478620297039,optimal,5.927374841994606,29550,60207,195425
v0-bh50,Garr200112-r2,Garr200112,trajectory,B1,22,34.295512138277765,0.8573878034569441,optimal,7.431660819995159,29550,60207,195425
v0-bh50,Garr200112-r2,Garr200112,trajectory,B1,23,35.34986281458888,0.883746570364722,optimal,7.929369058001612,29550,60207,195425
v0-bh50,Garr200112-r2,Garr200112,trajectory,B1,24,34.577850419458386,0.8644462604864597,optimal,6.868641420995118,29550,60207,195425
v0-bh50,Garr200112-r2,Garr200112,trajectory,B1,25,35.2312487304696,0.88078121826174,optimal,7.791302771001938,29550,60207,195425
v0-bh50,Garr200112-r2,Garr200112,trajectory,B1,26,34.94992249366202,0.8737480623415506,optimal,7.78488746900257,29550,60207,195425
v0-bh50,Garr200112-r2,Garr200112,trajectory,B1,27,35.27190924857193,0.8817977312142983,optimal,6.736414783001237,29550,60207,195425
v0-bh50,Garr200112-r2,Garr200112,trajectory,B1,28,34.90288760748067,0.8725721901870168,optimal,7.945297341000696,29550,60207,195425
v0-bh50,Garr200112-r2,Garr200112,trajectory,B1,29,35.06133207352599,0.8765333018381497,optimal,6.676389005995588,29550,60207,195425
v0-bh50,Garr200112-r2,Garr200112,trajectory,TRAN,0,36.9171617356468,0.92292904339117,optimal,8.481961823003076,29550,60207,195425
v0-bh50,Garr200112-r2,Garr200112,trajectory,TRAN,1,36.68150482473964,0.917037620618491,optimal,10.689682144999097,29550,60207,195425
v0-bh50,Garr200112-r2,Garr200112,trajectory,TRAN,2,36.74602979865979,0.9186507449664948,optimal,12.578747154999292,29550,60207,195425
v0-bh50,Garr200112-r2,Garr200112,trajectory,TRAN,3,36.68542270248413,0.9171355675621033,optimal,11.117922270001145,29550,60207,195425
v0-bh50,Garr200112-r2,Garr200112,trajectory,TRAN,4,36.43192459603135,0.9107981149007838,optimal,12.268956758998684,29550,60207,195425
v0-bh50,Garr200112-r2,Garr200112,trajectory,TRAN,5,36.87308259340112,0.9218270648350281,optimal,10.466369557005237,29550,60207,195425
v0-bh50,Garr200112-r2,Garr200112,trajectory,TRAN,6,36.74084358490559,0.9185210896226398,optimal,10.84710583499691,29550,60207,195425
v0-bh50,Garr200112-r2,Garr200112,trajectory,TRAN,7,36.33037779825041,0.9082594449562602,optimal,9.122240509997937,29550,60207,195425
v0-bh50,Garr200112-r2,Garr200112,trajectory,TRAN,8,36.731879629916975,0.9182969907479244,optimal,11.36910946900025,29550,60207,195425
v0-bh50,Garr200112-r2,Garr200112,trajectory,TRAN,9,36.764874845700874,0.9191218711425219,optimal,11.675298615999054,29550,60207,195425
v0-bh50,Garr200112-r2,Garr200112,trajectory,TRAN,10,36.78705594830379,0.9196763987075947,optimal,9.731568262002838,29550,60207,195425
v0-bh50,Garr200112-r2,Garr200112,trajectory,TRAN,11,36.136579013241416,0.9034144753310354,optimal,11.687041206998401,29550,60207,195425
v0-bh50,Garr200112-r2,Garr200112,trajectory,TRAN,12,36.895310461506384,0.9223827615376596,optimal,12.58006818099966,29550,60207,195425
v0-bh50,Garr200112-r2,Garr200112,trajectory,TRAN,13,36.78713803690424,0.9196784509226059,optimal,8.87874152600125,29550,60207,195425
v0-bh50,Garr200112-r2,Garr200112,trajectory,TRAN,14,36.81373816683974,0.9203434541709935,optimal,11.630349917002604,29550,60207,195425
v0-bh50,Garr200112-r2,Garr200112,trajectory,TRAN,15,36.89251422739086,0.9223128556847715,optimal,11.398456926996005,29550,60207,195425
v0-bh50,Garr200112-r2,Garr200112,trajectory,TRAN,16,37.20100325348273,0.9300250813370683,optimal,9.581825381996168,29550,60207,195425
v0-bh50,Garr200112-r2,Garr200112,trajectory,TRAN,17,36.732947802432506,0.9183236950608127,optimal,9.712230095996347,29550,60207,195425
v0-bh50,Garr200112-r2,Garr200112,trajectory,TRAN,18,36.413575245919446,0.9103393811479862,optimal,10.761940329000936,29550,60207,195425
v0-bh50,Garr200112-r2,Garr200112,trajectory,TRAN,19,36.82025599549744,0.920506399887436,optimal,12.546922686000471,29550,60207,195425
v0-bh50,Garr200112-r2,Garr200112,trajectory,TRAN,20,36.93919106190659,0.9234797765476648,optimal,10.892646758002229,29550,60207,195425
v0-bh50,Garr200112-r2,Garr200112,trajectory,TRAN,21,36.31151304955364,0.907787826238841,optimal,12.814038411001093,29550,60207,195425
v0-bh50,Garr200112-r2,Garr200112,trajectory,TRAN,22,36.86203793444449,0.9215509483611122,optimal,7.2708246980037075,29550,60207,195425
v0-bh50,Garr200112-r2,Garr200112,trajectory,TRAN,23,36.75199716135305,0.9187999290338263,optimal,6.257294670002011,29550,60207,195425
v0-bh50,Garr200112-r2,Garr200112,trajectory,TRAN,24,36.150969962463456,0.9037742490615864,optimal,7.849690716000623,29550,60207,195425
v0-bh50,Garr200112-r2,Garr200112,trajectory,TRAN,25,36.756325439608155,0.9189081359902038,optimal,6.007938043003378,29550,60207,195425
v0-bh50,Garr200112-r2,Garr200112,trajectory,TRAN,26,36.828857631859044,0.9207214407964761,optimal,5.568410662999668,29550,60207,195425
v0-bh50,Garr200112-r2,Garr200112,trajectory,TRAN,27,37.09890591672788,0.927472647918197,optimal,6.706205066999246,29550,60207,195425
v0-bh50,Garr200112-r2,Garr200112,trajectory,TRAN,28,35.97147252118286,0.8992868130295715,optimal,5.42242300700309,29550,60207,195425
v0-bh50,Garr200112-r2,Garr200112,trajectory,TRAN,29,36.04917912066837,0.9012294780167093,optimal,5.918012455003918,29550,60207,195425
v0-bh50,Garr200404-r0,Garr200404,trajectory,B1,0,30.169282893594684,0.7542320723398671,optimal,2.334702087995538,27550,56278,189139
v0-bh50,Garr200404-r0,Garr200404,trajectory,B1,1,29.274261602555157,0.7318565400638789,optimal,2.084626114999992,27550,56278,189139
v0-bh50,Garr200404-r0,Garr200404,trajectory,B1,2,30.668793887676582,0.7667198471919145,optimal,2.143835664996004,27550,56278,189139
v0-bh50,Garr200404-r0,Garr200404,trajectory,B1,3,29.07933449406161,0.7269833623515403,optimal,2.398822969997127,27550,56278,189139
v0-bh50,Garr200404-r0,Garr200404,trajectory,B1,4,29.175484381759414,0.7293871095439853,optimal,1.8450429949953104,27550,56278,189139
v0-bh50,Garr200404-r0,Garr200404,trajectory,B1,5,29.859784707009336,0.7464946176752334,optimal,1.903067839994037,27550,56278,189139
v0-bh50,Garr200404-r0,Garr200404,trajectory,B1,6,30.617382002909185,0.7654345500727296,optimal,1.8996944020036608,27550,56278,189139
v0-bh50,Garr200404-r0,Garr200404,trajectory,B1,7,30.3285397256463,0.7582134931411575,optimal,1.7395134429971222,27550,56278,189139
v0-bh50,Garr200404-r0,Garr200404,trajectory,B1,8,30.603903758254486,0.7650975939563621,optimal,1.8435109749989351,27550,56278,189139
v0-bh50,Garr200404-r0,Garr200404,trajectory,B1,9,30.396250517570767,0.7599062629392692,optimal,1.913613010001427,27550,56278,189139
v0-bh50,Garr200404-r0,Garr200404,trajectory,B1,10,29.22387960255315,0.7305969900638287,optimal,1.748128106999502,27550,56278,189139
v0-bh50,Garr200404-r0,Garr200404,trajectory,B1,11,30.684937931830703,0.7671234482957676,optimal,2.2784204929994303,27550,56278,189139
v0-bh50,Garr200404-r0,Garr200404,trajectory,B1,12,29.74873826967862,0.7437184567419655,optimal,2.3438538889968186,27550,56278,189139
v0-bh50,Garr200404-r0,Garr200404,trajectory,B1,13,29.960191513086347,0.7490047878271586,optimal,1.7497235639966675,27550,56278,189139
v0-bh50,Garr200404-r0,Garr200404,trajectory,B1,14,30.461345923925755,0.7615336480981438,optimal,1.7309870519966353,27550,56278,189139
v0-bh50,Garr200404-r0,Garr200404,trajectory,B1,15,29.03642292055888,0.725910573013972,optimal,1.7115235469973413,27550,56278,189139
v0-bh50,Garr200404-r0,Garr200404,trajectory,B1,16,30.402599242099043,0.7600649810524761,optimal,2.3784922979975818,27550,56278,189139
v0-bh50,Garr200404-r0,Garr200404,trajectory,B1,17,30.40137097368894,0.7600342743422235,optimal,2.0972168189982767,27550,56278,189139
v0-bh50,Garr200404-r0,Garr200404,trajectory,B1,18,29.99668626918856,0.749917156729714,optimal,1.978452688003017,27550,56278,189139
v0-bh50,Garr200404-r0,Garr200404,trajectory,B1,19,30.622857525853668,0.7655714381463417,optimal,2.483345679997001,27550,56278,189139
v0-bh50,Garr200404-r0,Garr200404,trajectory,B1,20,29.67969576171193,0.7419923940427983,optimal,2.116811466999934,27550,56278,189139
v0-bh50,Garr200404-r0,Garr200404,trajectory,B1,21,30.232397098000977,0.7558099274500244,optimal,1.9572047149995342,27550,56278,189139
v0-bh50,Garr200404-r0,Garr200404,trajectory,B1,22,30.679212486040782,0.7669803121510196,optimal,1.8817171789996792,27550,56278,189139
v0-bh50,Garr200404-r0,Garr200404,trajectory,B1,23,29.580176658914134,0.7395044164728534,optimal,1.8794759500015061,27550,56278,189139
v0-bh50,Garr200404-r0,Garr200404,trajectory,B1,24,29.64266481724979,0.7410666204312448,optimal,1.884243674998288,27550,56278,189139
v0-bh50,Garr200404-r0,Garr200404,trajectory,B1,25,30.218247642484947,0.7554561910621237,optimal,2.2482880349998595,27550,56278,189139
v0-bh50,Garr200404-r0,Garr200404,trajectory,B1,26,30.23277040531267,0.7558192601328168,optimal,1.990987221004616,27550,56278,189139
v0-bh50,Garr200404-r0,Garr200404,trajectory,B1,27,30.011072071813015,0.7502768017953254,optimal,1.7283111090000602,27550,56278,189139
v0-bh50,Garr200404-r0,Garr200404,trajectory,B1,28,29.885328843716838,0.7471332210929209,optimal,1.6941512140037958,27550,56278,189139
v0-bh50,Garr200404-r0,Garr200404,trajectory,B1,29,30.801254496825894,0.7700313624206474,optimal,2.2406722899977467,27550,56278,189139
v0-bh50,Garr200404-r0,Garr200404,trajectory,TRAN,0,30.46532119284897,0.7616330298212242,optimal,2.0624630870006513,27550,56278,189139
v0-bh50,Garr200404-r0,Garr200404,trajectory,TRAN,1,30.755773825786758,0.768894345644669,optimal,2.73117609199835,27550,56278,189139
v0-bh50,Garr200404-r0,Garr200404,trajectory,TRAN,2,29.711090933033468,0.7427772733258367,optimal,2.407672460001777,27550,56278,189139
v0-bh50,Garr200404-r0,Garr200404,trajectory,TRAN,3,29.487474564586073,0.7371868641146518,optimal,2.661084142004256,27550,56278,189139
v0-bh50,Garr200404-r0,Garr200404,trajectory,TRAN,4,29.058956829310866,0.7264739207327716,optimal,2.1154102069995133,27550,56278,189139
v0-bh50,Garr200404-r0,Garr200404,trajectory,TRAN,5,29.688357521296965,0.7422089380324242,optimal,2.730179804006184,27550,56278,189139
v0-bh50,Garr200404-r0,Garr200404,trajectory,TRAN,6,31.51348088046852,0.787837022011713,optimal,3.152912985999137,27550,56278,189139
v0-bh50,Garr200404-r0,Garr200404,trajectory,TRAN,7,30.72097621360086,0.7680244053400215,optimal,2.3680664749990683,27550,56278,189139
v0-bh50,Garr200404-r0,Garr200404,trajectory,TRAN,8,30.467718556613534,0.7616929639153384,optimal,2.6942436739991535,27550,56278,189139
v0-bh50,Garr200404-r0,Garr200404,trajectory,TRAN,9,30.903630810633526,0.7725907702658381,optimal,3.4630006720035453,27550,56278,189139
v0-bh50,Garr200404-r0,Garr200404,trajectory,TRAN,10,30.840522000488033,0.7710130500122008,optimal,2.702540696998767,27550,56278,189139
v0-bh50,Garr200404-r0,Garr200404,trajectory,TRAN,11,28.495293738208222,0.7123823434552056,optimal,2.5051702249984373,27550,56278,189139
v0-bh50,Garr200404-r0,Garr200404,trajectory,TRAN,12,30.192179403020432,0.7548044850755108,optimal,2.466423676996783,27550,56278,189139
v0-bh50,Garr200404-r0,Garr200404,trajectory,TRAN,13,29.863055892289616,0.7465763973072403,optimal,2.6243600500019966,27550,56278,189139
v0-bh50,Garr200404-r0,Garr200404,trajectory,TRAN,14,30.440979980801316,0.7610244995200329,optimal,2.190675434998411,27550,56278,189139
v0-bh50,Garr200404-r0,Garr200404,trajectory,TRAN,15,31.259918091570544,0.7814979522892636,optimal,2.9121353160007857,27550,56278,189139
v0-bh50,Garr200404-r0,Garr200404,trajectory,TRAN,16,30.443432830880795,0.7610858207720199,optimal,2.620543273995281,27550,56278,189139
v0-bh50,Garr200404-r0,Garr200404,trajectory,TRAN,17,31.216140796309233,0.7804035199077308,optimal,2.362735968999914,27550,56278,189139
v0-bh50,Garr200404-r0,Garr200404,trajectory,TRAN,18,27.787322483616755,0.6946830620904189,optimal,2.0134960020004655,27550,56278,189139
v0-bh50,Garr200404-r0,Garr200404,trajectory,TRAN,19,28.936408505066446,0.7234102126266612,optimal,2.52105864600162,27550,56278,189139
v0-bh50,Garr200404-r0,Garr200404,trajectory,TRAN,20,30.032264385815303,0.7508066096453826,optimal,3.5851314009996713,27550,56278,189139
v0-bh50,Garr200404-r0,Garr200404,trajectory,TRAN,21,31.02778299349194,0.7756945748372985,optimal,2.232832731002418,27550,56278,189139
v0-bh50,Garr200404-r0,Garr200404,trajectory,TRAN,22,29.603699194056492,0.7400924798514124,optimal,2.474417942998116,27550,56278,189139
v0-bh50,Garr200404-r0,Garr200404,trajectory,TRAN,23,31.42192895709984,0.785548223927496,optimal,2.6405701890034834,27550,56278,189139
v0-bh50,Garr200404-r0,Garr200404,trajectory,TRAN,24,28.974101883890135,0.7243525470972534,optimal,2.4362387399960426,27550,56278,189139
v0-bh50,Garr200404-r0,Garr200404,trajectory,TRAN,25,28.80311972038398,0.7200779930095995,optimal,2.201122156002384,27550,56278,189139
v0-bh50,Garr200404-r0,Garr200404,trajectory,TRAN,26,31.529404550326493,0.7882351137581624,optimal,2.4977599649937474,27550,56278,189139
v0-bh50,Garr200404-r0,Garr200404,trajectory,TRAN,27,29.473737561732676,0.736843439043317,optimal,2.49150394499884,27550,56278,189139
v0-bh50,Garr200404-r0,Garr200404,trajectory,TRAN,28,30.135386191388896,0.7533846547847224,optimal,2.116572046004876,27550,56278,189139
v0-bh50,Garr200404-r0,Garr200404,trajectory,TRAN,29,30.20219007030093,0.7550547517575232,optimal,2.4102860880011576,27550,56278,189139
v0-bh50,Garr200404-r1,Garr200404,trajectory,B1,0,31.028681507956378,0.7757170376989094,optimal,12.485121439000068,29827,54741,195088
v0-bh50,Garr200404-r1,Garr200404,trajectory,B1,1,31.529104853908102,0.7882276213477025,optimal,9.805219509995368,29827,54741,195088
v0-bh50,Garr200404-r1,Garr200404,trajectory,B1,2,30.88109107477666,0.7720272768694165,optimal,11.34558162799658,29827,54741,195088
v0-bh50,Garr200404-r1,Garr200404,trajectory,B1,3,31.35867904310382,0.7839669760775955,optimal,10.840457874001004,29827,54741,195088
v0-bh50,Garr200404-r1,Garr200404,trajectory,B1,4,30.929197694123093,0.7732299423530773,optimal,14.874870952000492,29827,54741,195088
v0-bh50,Garr200404-r1,Garr200404,trajectory,B1,5,31.405102935017933,0.7851275733754484,optimal,14.875228249999054,29827,54741,195088
v0-bh50,Garr200404-r1,Garr200404,trajectory,B1,6,30.48190202070352,0.762047550517588,optimal,15.966888039001788,29827,54741,195088
v0-bh50,Garr200404-r1,Garr200404,trajectory,B1,7,30.326724020610662,0.7581681005152665,optimal,12.995052134996513,29827,54741,195088
v0-bh50,Garr200404-r1,Garr200404,trajectory,B1,8,30.595432504591535,0.7648858126147884,optimal,9.568308462003188,29827,54741,195088
v0-bh50,Garr200404-r1,Garr200404,trajectory,B1,9,30.283946681303053,0.7570986670325763,optimal,9.961008475998824,29827,54741,195088
v0-bh50,Garr200404-r1,Garr200404,trajectory,B1,10,30.366058187647194,0.7591514546911798,optimal,17.244350480999856,29827,54741,195088
v0-bh50,Garr200404-r1,Garr200404,trajectory,B1,11,30.49330204106289,0.7623325510265723,optimal,10.989310513003147,29827,54741,195088
v0-bh50,Garr200404-r1,Garr200404,trajectory,B1,12,31.826815466292405,0.7956703866573102,optimal,11.480261567994603,29827,54741,195088
v0-bh50,Garr200404-r1,Garr200404,trajectory,B1,13,31.245082328209186,0.7811270582052297,optimal,11.496312461000343,29827,54741,195088
v0-bh50,Garr200404-r1,Garr200404,trajectory,B1,14,30.879338806526974,0.7719834701631744,optimal,10.115549303001899,29827,54741,195088
v0-bh50,Garr200404-r1,Garr200404,trajectory,B1,15,30.68396883264807,0.7670992208162017,optimal,13.567004812997766,29827,54741,195088
v0-bh50,Garr200404-r1,Garr200404,trajectory,B1,16,30.598646384794325,0.7649661596198581,optimal,9.86423958800151,29827,54741,195088
v0-bh50,Garr200404-r1,Garr200404,trajectory,B1,17,31.345515004672723,0.783637875116818,optimal,9.575020655000117,29827,54741,195088
v0-bh50,Garr200404-r1,Garr200404,trajectory,B1,18,31.088723005198137,0.7772180751299534,optimal,12.352929815999232,29827,54741,195088
v0-bh50,Garr200404-r1,Garr200404,trajectory,B1,19,30.995578307193302,0.7748894576798325,optimal,10.612292560996138,29827,54741,195088
v0-bh50,Garr200404-r1,Garr200404,trajectory,B1,20,29.749470106509335,0.7437367526627334,optimal,11.637101984997571,29827,54741,195088
v0-bh50,Garr200404-r1,Garr200404,trajectory,B1,21,31.052288694635894,0.7763072173658974,optimal,15.436167198000476,29827,54741,195088
v0-bh50,Garr200404-r1,Garr200404,trajectory,B1,22,31.337621641546896,0.7834405410386724,optimal,13.592855665003299,29827,54741,195088
v0-bh50,Garr200404-r1,Garr200404,trajectory,B1,23,31.165147295351417,0.7791286823837854,optimal,9.101078013998631,29827,54741,195088
v0-bh50,Garr200404-r1,Garr200404,trajectory,B1,24,30.871436296673945,0.7717859074168486,optimal,12.658541659999173,29827,54741,195088
v0-bh50,Garr200404-r1,Garr200404,trajectory,B1,25,29.731279069066414,0.7432819767266603,optimal,8.447306902999117,29827,54741,195088
v0-bh50,Garr200404-r1,Garr200404,trajectory,B1,26,31.06743607634859,0.7766859019087147,optimal,10.504485294004553,29827,54741,195088
v0-bh50,Garr200404-r1,Garr200404,trajectory,B1,27,30.19318970823428,0.754829742705857,optimal,10.885920668995823,29827,54741,195088
v0-bh50,Garr200404-r1,Garr200404,trajectory,B1,28,31.851825099169208,0.7962956274792302,optimal,13.57355697100138,29827,54741,195088
v0-bh50,Garr200404-r1,Garr200404,trajectory,B1,29,30.905519530142108,0.7726379882535527,optimal,16.415784541000903,29827,54741,195088
v0-bh50,Garr200404-r1,Garr200404,trajectory,TRAN,0,33.60803193564763,0.8402007983911908,optimal,7.823008008002944,29827,54741,195088
v0-bh50,Garr200404-r1,Garr200404,trajectory,TRAN,1,33.03688676878377,0.8259221692195944,optimal,6.925995732999581,29827,54741,195088
v0-bh50,Garr200404-r1,Garr200404,trajectory,TRAN,2,34.18515961982727,0.8546289904956816,optimal,6.024842717000865,29827,54741,195088
v0-bh50,Garr200404-r1,Garr200404,trajectory,TRAN,3,33.91158920285612,0.847789730071403,optimal,4.911517831002129,29827,54741,195088
v0-bh50,Garr200404-r1,Garr200404,trajectory,TRAN,4,34.349736059786906,0.8587434014946727,optimal,7.106613777999883,29827,54741,195088
v0-bh50,Garr200404-r1,Garr200404,trajectory,TRAN,5,34.13563614013891,0.8533909035034727,optimal,6.855646754003828,29827,54741,195088
v0-bh50,Garr200404-r1,Garr200404,trajectory,TRAN,6,32.128308495179894,0.8032077123794974,optimal,7.639723571002833,29827,54741,195088
v0-bh50,Garr200404-r1,Garr200404,trajectory,TRAN,7,33.9286948265872,0.84821737066468,optimal,6.213179678001325,29827,54741,195088
v0-bh50,Garr200404-r1,Garr200404,trajectory,TRAN,8,33.58161366546998,0.8395403416367495,optimal,7.157716323999921,29827,54741,195088
v0-bh50,Garr200404-r1,Garr200404,trajectory,TRAN,9,34.732918134527466,0.8683229533631867,optimal,7.677351386999362,29827,54741,195088
v0-bh50,Garr200404-r1,Garr200404,trajectory,TRAN,10,33.93933608038721,0.8484834020096802,optimal,6.925195015995996,29827,54741,195088
v0-bh50,Garr200404-r1,Garr200404,trajectory,TRAN,11,33.06597233212909,0.8266493083032274,optimal,5.204490608994092,29827,54741,195088
v0-bh50,Garr200404-r1,Garr200404,trajectory,TRAN,12,33.38485373524359,0.8346213433810897,optimal,5.965544842998497,29827,54741,195088
v0-bh50,Garr200404-r1,Garr200404,trajectory,TRAN,13,32.39461201087508,0.809865300271877,optimal,6.2289847409992944,29827,54741,195088
v0-bh50,Garr200404-r1,Garr200404,trajectory,TRAN,14,34.42061227655516,0.860515306913879,optimal,6.552247968997108,29827,54741,195088
v0-bh50,Garr200404-r1,Garr200404,trajectory,TRAN,15,33.93964073398055,0.8484910183495138,optimal,4.584861279996403,29827,54741,195088
v0-bh50,Garr200404-r1,Garr200404,trajectory,TRAN,16,33.91394186642632,0.847848546660658,optimal,5.42645513300522,29827,54741,195088
v0-bh50,Garr200404-r1,Garr200404,trajectory,TRAN,17,33.31332821031403,0.8328332052578509,optimal,6.8695698820010875,29827,54741,195088
v0-bh50,Garr200404-r1,Garr200404,trajectory,TRAN,18,34.39619345100022,0.8599048362750056,optimal,6.5249660379995476,29827,54741,195088
v0-bh50,Garr200404-r1,Garr200404,trajectory,TRAN,19,34.23880533587783,0.8559701333969457,optimal,7.172523013003229,29827,54741,195088
v0-bh50,Garr200404-r1,Garr200404,trajectory,TRAN,20,33.13511597480837,0.8283778993702093,optimal,5.887621189001948,29827,54741,195088
v0-bh50,Garr200404-r1,Garr200404,trajectory,TRAN,21,33.79354336169322,0.8448385840423305,optimal,6.317548892002378,29827,54741,195088
v0-bh50,Garr200404-r1,Garr200404,trajectory,TRAN,22,33.44611601424492,0.836152900356123,optimal,4.745308488003502,29827,54741,195088
v0-bh50,Garr200404-r1,Garr200404,trajectory,TRAN,23,34.183988335792584,0.8545997083948146,optimal,3.7412398839951493,29827,54741,195088
v0-bh50,Garr200404-r1,Garr200404,trajectory,TRAN,24,33.9162169226167,0.8479054230654175,optimal,3.7452372849948006,29827,54741,195088
v0-bh50,Garr200404-r1,Garr200404,trajectory,TRAN,25,34.02394819197012,0.850598704799253,optimal,5.15872498099634,29827,54741,195088
v0-bh50,Garr200404-r1,Garr200404,trajectory,TRAN,26,33.92332407838502,0.8480831019596256,optimal,5.092027036000218,29827,54741,195088
v0-bh50,Garr200404-r1,Garr200404,trajectory,TRAN,27,32.230915709521796,0.8057728927380449,optimal,3.7709733360024984,29827,54741,195088
v0-bh50,Garr200404-r1,Garr200404,trajectory,TRAN,28,34.25859630809065,0.8564649077022664,optimal,4.050455468001019,29827,54741,195088
v0-bh50,Garr200404-r1,Garr200404,trajectory,TRAN,29,32.019499446669435,0.8004874861667359,optimal,3.208919620003144,29827,54741,195088
v0-bh50,Garr200404-r2,Garr200404,trajectory,B1,0,22.71025752422009,0.5677564381055022,optimal,15.022756503996789,33604,64588,209731
v0-bh50,Garr200404-r2,Garr200404,trajectory,B1,1,22.707218223646944,0.5676804555911736,optimal,12.532059903001937,33604,64588,209731
v0-bh50,Garr200404-r2,Garr200404,trajectory,B1,2,23.488835926995844,0.5872208981748961,optimal,15.76694098799635,33604,64588,209731
v0-bh50,Garr200404-r2,Garr200404,trajectory,B1,3,25.13667042129005,0.6284167605322513,optimal,13.903830490002292,33604,64588,209731
v0-bh50,Garr200404-r2,Garr200404,trajectory,B1,4,24.22746879451004,0.605686719862751,optimal,17.92777565200231,33604,64588,209731
v0-bh50,Garr200404-r2,Garr200404,trajectory,B1,5,23.570146219244723,0.5892536554811181,optimal,17.80177175100107,33604,64588,209731
v0-bh50,Garr200404-r2,Garr200404,trajectory,B1,6,23.93325524134631,0.5983313810336577,optimal,15.028663962999417,33604,64588,209731
v0-bh50,Garr200404-r2,Garr200404,trajectory,B1,7,24.223834922149916,0.6055958730537478,optimal,13.660020160001295,33604,64588,209731
v0-bh50,Garr200404-r2,Garr200404,trajectory,B1,8,24.395800685598644,0.6098950171399661,optimal,16.602750381003716,33604,64588,209731
v0-bh50,Garr200404-r2,Garr200404,trajectory,B1,9,24.570392221557487,0.6142598055389372,optimal,13.97258375200181,33604,64588,209731
v0-bh50,Garr200404-r2,Garr200404,trajectory,B1,10,24.010173033980777,0.6002543258495194,optimal,14.01928187100566,33604,64588,209731
v0-bh50,Garr200404-r2,Garr200404,trajectory,B1,11,24.041954127471776,0.6010488531867944,optimal,12.095281893001811,33604,64588,209731
v0-bh50,Garr200404-r2,Garr200404,trajectory,B1,12,22.576270525615353,0.5644067631403838,optimal,16.75664224499633,33604,64588,209731
v0-bh50,Garr200404-r2,Garr200404,trajectory,B1,13,23.889148620022755,0.5972287155005689,optimal,14.509287934997701,33604,64588,209731
v0-bh50,Garr200404-r2,Garr200404,trajectory,B1,14,23.507852055550195,0.5876963013887548,optimal,15.12620638700173,33604,64588,209731
v0-bh50,Garr200404-r2,Garr200404,trajectory,B1,15,24.152757496399342,0.6038189374099836,optimal,20.08503782099433,33604,64588,209731
v0-bh50,Garr200404-r2,Garr200404,trajectory,B1,16,22.197276942583876,0.5549319235645969,optimal,14.93243035300111,33604,64588,209731
v0-bh50,Garr200404-r2,Garr200404,trajectory,B1,17,23.600327408922585,0.5900081852230646,optimal,12.709617614003946,33604,64588,209731
v0-bh50,Garr200404-r2,Garr200404,trajectory,B1,18,23.203002790028883,0.5800750697507221,optimal,15.750363433995517,33604,64588,209731
v0-bh50,Garr200404-r2,Garr200404,trajectory,B1,19,23.38189016326997,0.5845472540817492,optimal,14.944315501001256,33604,64588,209731
v0-bh50,Garr200404-r2,Garr200404,trajectory,B1,20,23.0806801879686,0.577017004699215,optimal,13.541411133002839,33604,64588,209731
v0-bh50,Garr200404-r2,Garr200404,trajectory,B1,21,23.344493217228127,0.5836123304307032,optimal,13.707389251998393,33604,64588,209731
v0-bh50,Garr200404-r2,Garr200404,trajectory,B1,22,23.172824189775692,0.5793206047443923,optimal,14.15875639099977,33604,64588,209731
v0-bh50,Garr200404-r2,Garr200404,trajectory,B1,23,23.130179678635166,0.5782544919658792,optimal,10.89324824999494,33604,64588,209731
v0-bh50,Garr200404-r2,Garr200404,trajectory,B1,24,24.50965918547222,0.6127414796368055,optimal,17.81206566000037,33604,64588,209731
v0-bh50,Garr200404-r2,Garr200404,trajectory,B1,25,24.080297476515174,0.6020074369128794,optimal,12.080165852996288,33604,64588,209731
v0-bh50,Garr200404-r2,Garr200404,trajectory,B1,26,23.83692618811727,0.5959231547029318,optimal,14.523332441000093,33604,64588,209731
v0-bh50,Garr200404-r2,Garr200404,trajectory,B1,27,23.08026833370416,0.577006708342604,optimal,18.154077110004437,33604,64588,209731
v0-bh50,Garr200404-r2,Garr200404,trajectory,B1,28,23.731789835204005,0.5932947458801001,optimal,14.020916617999319,33604,64588,209731
v0-bh50,Garr200404-r2,Garr200404,trajectory,B1,29,23.092965022069514,0.5773241255517378,optimal,15.988011255998572,33604,64588,209731
v0-bh50,Garr200404-r2,Garr200404,trajectory,TRAN,0,33.5501254759573,0.8387531368989325,optimal,6.251120322995121,33604,64588,209731
v0-bh50,Garr200404-r2,Garr200404,trajectory,TRAN,1,32.861671127917965,0.8215417781979492,optimal,10.55420977200265,33604,64588,209731
v0-bh50,Garr200404-r2,Garr200404,trajectory,TRAN,2,33.12272711051034,0.8280681777627585,optimal,5.547037411000929,33604,64588,209731
v0-bh50,Garr200404-r2,Garr200404,trajectory,TRAN,3,32.384644732484176,0.8096161183121044,optimal,6.471626231003029,33604,64588,209731
v0-bh50,Garr200404-r2,Garr200404,trajectory,TRAN,4,33.46520402899489,0.8366301007248722,optimal,6.965091788995778,33604,64588,209731
v0-bh50,Garr200404-r2,Garr200404,trajectory,TRAN,5,32.79813904632983,0.8199534761582458,optimal,10.077500573002908,33604,64588,209731
v0-bh50,Garr200404-r2,Garr200404,trajectory,TRAN,6,33.661453317327734,0.8415363329331933,optimal,7.369635025999742,33604,64588,209731
v0-bh50,Garr200404-r2,Garr200404,trajectory,TRAN,7,31.845435763555564,0.7961358940888891,optimal,11.252252368998597,33604,64588,209731
v0-bh50,Garr200404-r2,Garr200404,trajectory,TRAN,8,33.76447296544145,0.8441118241360362,optimal,8.872800621997158,33604,64588,209731
v0-bh50,Garr200404-r2,Garr200404,trajectory,TRAN,9,33.19587544928645,0.8298968862321612,optimal,8.807252806000179,33604,64588,209731
v0-bh50,Garr200404-r2,Garr200404,trajectory,TRAN,10,33.42729434204962,0.8356823585512405,optimal,7.4608963030041195,33604,64588,209731
v0-bh50,Garr200404-r2,Garr200404,trajectory,TRAN,11,33.61055343005778,0.8402638357514445,optimal,6.5255420620014775,33604,64588,209731
v0-bh50,Garr200404-r2,Garr200404,trajectory,TRAN,12,32.39173321994638,0.8097933304986595,optimal,6.5304940690039075,33604,64588,209731
v0-bh50,Garr200404-r2,Garr200404,trajectory,TRAN,13,32.45753385381967,0.8114383463454917,optimal,5.45130461199733,33604,64588,209731
v0-bh50,Garr200404-r2,Garr200404,trajectory,TRAN,14,32.265732696726275,0.8066433174181569,optimal,5.187804719003907,33604,64588,209731
v0-bh50,Garr200404-r2,Garr200404,trajectory,TRAN,15,33.652314302625385,0.8413078575656346,optimal,4.1347392149982625,33604,64588,209731
v0-bh50,Garr200404-r2,Garr200404,trajectory,TRAN,16,32.86200293240687,0.8215500733101717,optimal,5.369611544003419,33604,64588,209731
v0-bh50,Garr200404-r2,Garr200404,trajectory,TRAN,17,33.317651958889236,0.8329412989722309,optimal,5.166211538002244,33604,64588,209731
v0-bh50,Garr200404-r2,Garr200404,trajectory,TRAN,18,32.949175598838174,0.8237293899709544,optimal,6.679595743000391,33604,64588,209731
v0-bh50,Garr200404-r2,Garr200404,trajectory,TRAN,19,33.3642594226988,0.83410648556747,optimal,4.764855040994007,33604,64588,209731
v0-bh50,Garr200404-r2,Garr200404,trajectory,TRAN,20,33.5447536825964,0.83861884206491,optimal,4.644250450997788,33604,64588,209731
v0-bh50,Garr200404-r2,Garr200404,trajectory,TRAN,21,32.92762262962759,0.8231905657406898,optimal,5.2154645639966475,33604,64588,209731
v0-bh50,Garr200404-r2,Garr200404,trajectory,TRAN,22,32.98955628146725,0.8247389070366813,optimal,4.6612296539969975,33604,64588,209731
v0-bh50,Garr200404-r2,Garr200404,trajectory,TRAN,23,31.85376178175315,0.7963440445438288,optimal,6.809858589003852,33604,64588,209731
v0-bh50,Garr200404-r2,Garr200404,trajectory,TRAN,24,33.66285473271513,0.8415713683178783,optimal,4.658567509002751,33604,64588,209731
v0-bh50,Garr200404-r2,Garr200404,trajectory,TRAN,25,32.94842685614531,0.8237106714036327,optimal,4.363056146998133,33604,64588,209731
v0-bh50,Garr200404-r2,Garr200404,trajectory,TRAN,26,33.60296973671257,0.8400742434178143,optimal,4.2401819079968845,33604,64588,209731
v0-bh50,Garr200404-r2,Garr200404,trajectory,TRAN,27,31.258962339292953,0.7814740584823239,optimal,3.94435946700105,33604,64588,209731
v0-bh50,Garr200404-r2,Garr200404,trajectory,TRAN,28,32.565233453581634,0.8141308363395409,optimal,4.703575687999546,33604,64588,209731
v0-bh50,Garr200404-r2,Garr200404,trajectory,TRAN,29,32.59313978464999,0.8148284946162498,optimal,4.6599859859998105,33604,64588,209731
v0-bh50,Marwan-r0,Marwan,trajectory,B1,0,20.620855470326624,0.5155213867581656,optimal,8.09170531899872,33164,55154,209751
v0-bh50,Marwan-r0,Marwan,trajectory,B1,1,22.464914928589597,0.5616228732147399,optimal,9.020979578999686,33164,55154,209751
v0-bh50,Marwan-r0,Marwan,trajectory,B1,2,21.23674726742556,0.530918681685639,optimal,14.178561265005555,33164,55154,209751
v0-bh50,Marwan-r0,Marwan,trajectory,B1,3,20.474085145955776,0.5118521286488944,optimal,7.475163600996893,33164,55154,209751
v0-bh50,Marwan-r0,Marwan,trajectory,B1,4,21.66017008838129,0.5415042522095322,optimal,6.55579845700413,33164,55154,209751
v0-bh50,Marwan-r0,Marwan,trajectory,B1,5,21.745525746894522,0.5436381436723631,optimal,10.991249964004965,33164,55154,209751
v0-bh50,Marwan-r0,Marwan,trajectory,B1,6,20.173888885767127,0.5043472221441782,optimal,9.574114168994129,33164,55154,209751
v0-bh50,Marwan-r0,Marwan,trajectory,B1,7,21.272064375682785,0.5318016093920697,optimal,10.195936344003712,33164,55154,209751
v0-bh50,Marwan-r0,Marwan,trajectory,B1,8,21.42986931667412,0.535746732916853,optimal,12.012759967998136,33164,55154,209751
v0-bh50,Marwan-r0,Marwan,trajectory,B1,9,21.804757279382713,0.5451189319845678,optimal,10.470659678998345,33164,55154,209751
v0-bh50,Marwan-r0,Marwan,trajectory,B1,10,22.889141215167964,0.5722285303791991,optimal,11.046586215001298,33164,55154,209751
v0-bh50,Marwan-r0,Marwan,trajectory,B1,11,21.164262037692897,0.5291065509423224,optimal,10.444262969002011,33164,55154,209751
v0-bh50,Marwan-r0,Marwan,trajectory,B1,12,22.51632927755548,0.5629082319388871,optimal,7.526193758996669,33164,55154,209751
v0-bh50,Marwan-r0,Marwan,trajectory,B1,13,22.786714267583246,0.5696678566895812,optimal,9.613367881996965,33164,55154,209751
v0-bh50,Marwan-r0,Marwan,trajectory,B1,14,20.595974320422062,0.5148993580105515,optimal,9.24270382100076,33164,55154,209751
v0-bh50,Marwan-r0,Marwan,trajectory,B1,15,20.61533306097482,0.5153833265243705,optimal,6.210212158002832,33164,55154,209751
v0-bh50,Marwan-r0,Marwan,trajectory,B1,16,22.22056961784335,0.5555142404460838,optimal,10.783339322995744,33164,55154,209751
v0-bh50,Marwan-r0,Marwan,trajectory,B1,17,22.203356750170904,0.5550839187542727,optimal,11.5421421630017,33164,55154,209751
v0-bh50,Marwan-r0,Marwan,trajectory,B1,18,23.051994832293797,0.5762998708073449,optimal,6.665575432001788,33164,55154,209751
v0-bh50,Marwan-r0,Marwan,trajectory,B1,19,22.50882275703957,0.5627205689259893,optimal,10.758031641998969,33164,55154,209751
v0-bh50,Marwan-r0,Marwan,trajectory,B1,20,20.990867666633335,0.5247716916658334,optimal,9.022837529002572,33164,55154,209751
v0-bh50,Marwan-r0,Marwan,trajectory,B1,21,21.99297559977197,0.5498243899942993,optimal,12.762341415000265,33164,55154,209751
v0-bh50,Marwan-r0,Marwan,trajectory,B1,22,20.94464440513357,0.5236161101283392,optimal,8.527692472998751,33164,55154,209751
v0-bh50,Marwan-r0,Marwan,trajectory,B1,23,21.55317741044076,0.538829435261019,optimal,8.224950800002262,33164,55154,209751
v0-bh50,Marwan-r0,Marwan,trajectory,B1,24,21.486127462102708,0.5371531865525677,optimal,7.817400952997559,33164,55154,209751
v0-bh50,Marwan-r0,Marwan,trajectory,B1,25,21.21653075309822,0.5304132688274554,optimal,6.061807172001863,33164,55154,209751
v0-bh50,Marwan-r0,Marwan,trajectory,B1,26,21.282357273224832,0.5320589318306208,optimal,7.902036389998102,33164,55154,209751
v0-bh50,Marwan-r0,Marwan,trajectory,B1,27,21.95779986081967,0.5489449965204918,optimal,7.484743724999134,33164,55154,209751
v0-bh50,Marwan-r0,Marwan,trajectory,B1,28,22.268398837526416,0.5567099709381604,optimal,15.203898829000536,33164,55154,209751
v0-bh50,Marwan-r0,Marwan,trajectory,B1,29,22.501865299882198,0.5625466324970549,optimal,8.421175056006177,33164,55154,209751
v0-bh50,Marwan-r0,Marwan,trajectory,TRAN,0,24.342910926741396,0.6085727731685349,optimal,6.366809150997142,33164,55154,209751
v0-bh50,Marwan-r0,Marwan,trajectory,TRAN,1,24.833252820302036,0.6208313205075509,optimal,6.510627412004396,33164,55154,209751
v0-bh50,Marwan-r0,Marwan,trajectory,TRAN,2,22.52578881574063,0.5631447203935157,optimal,5.016678363994288,33164,55154,209751
v0-bh50,Marwan-r0,Marwan,trajectory,TRAN,3,24.19897623586693,0.6049744058966733,optimal,5.914120741006627,33164,55154,209751
v0-bh50,Marwan-r0,Marwan,trajectory,TRAN,4,24.220773375647237,0.6055193343911809,optimal,4.10333257199818,33164,55154,209751
v0-bh50,Marwan-r0,Marwan,trajectory,TRAN,5,23.753548430839803,0.593838710770995,optimal,5.3729899960017065,33164,55154,209751
v0-bh50,Marwan-r0,Marwan,trajectory,TRAN,6,23.620479571376872,0.5905119892844218,optimal,3.86392578700179,33164,55154,209751
v0-bh50,Marwan-r0,Marwan,trajectory,TRAN,7,23.347659637699746,0.5836914909424936,optimal,4.299872324998432,33164,55154,209751
v0-bh50,Marwan-r0,Marwan,trajectory,TRAN,8,25.381254645079245,0.6345313661269811,optimal,4.070651629001077,33164,55154,209751
v0-bh50,Marwan-r0,Marwan,trajectory,TRAN,9,24.085161126946602,0.6021290281736651,optimal,5.074287565999839,33164,55154,209751
v0-bh50,Marwan-r0,Marwan,trajectory,TRAN,10,24.47572862006663,0.6118932155016658,optimal,4.999020163995738,33164,55154,209751
v0-bh50,Marwan-r0,Marwan,trajectory,TRAN,11,24.169397826313947,0.6042349456578486,optimal,4.465821701000095,33164,55154,209751
v0-bh50,Marwan-r0,Marwan,trajectory,TRAN,12,24.292301531173983,0.6073075382793496,optimal,3.268251595000038,33164,55154,209751
v0-bh50,Marwan-r0,Marwan,trajectory,TRAN,13,24.99648797487392,0.6249121993718479,optimal,4.97013895100099,33164,55154,209751
v0-bh50,Marwan-r0,Marwan,trajectory,TRAN,14,24.852073781211498,0.6213018445302875,optimal,2.9578377260040725,33164,55154,209751
v0-bh50,Marwan-r0,Marwan,trajectory,TRAN,15,24.14162494985129,0.6035406237462823,optimal,4.971850485999312,33164,55154,209751
v0-bh50,Marwan-r0,Marwan,trajectory,TRAN,16,24.163038460011094,0.6040759615002773,optimal,4.917387528999825,33164,55154,209751
v0-bh50,Marwan-r0,Marwan,trajectory,TRAN,17,24.79495857138376,0.619873964284594,optimal,4.660458138001559,33164,55154,209751
v0-bh50,Marwan-r0,Marwan,trajectory,TRAN,18,25.493781493410548,0.6373445373352637,optimal,4.4031734469972434,33164,55154,209751
v0-bh50,Marwan-r0,Marwan,trajectory,TRAN,19,24.52854862064731,0.6132137155161828,optimal,3.879513986998063,33164,55154,209751
v0-bh50,Marwan-r0,Marwan,trajectory,TRAN,20,24.427257295011533,0.6106814323752883,optimal,4.076992251997581,33164,55154,209751
v0-bh50,Marwan-r0,Marwan,trajectory,TRAN,21,25.415261676402505,0.6353815419100626,optimal,3.4305434390043956,33164,55154,209751
v0-bh50,Marwan-r0,Marwan,trajectory,TRAN,22,23.680512419826513,0.5920128104956628,optimal,3.8899555950047215,33164,55154,209751
v0-bh50,Marwan-r0,Marwan,trajectory,TRAN,23,23.67928224438553,0.5919820561096383,optimal,2.533764408006391,33164,55154,209751
v0-bh50,Marwan-r0,Marwan,trajectory,TRAN,24,24.006624082887694,0.6001656020721924,optimal,3.572292122997169,33164,55154,209751
v0-bh50,Marwan-r0,Marwan,trajectory,TRAN,25,25.035071333597198,0.6258767833399299,optimal,4.7070577400008915,33164,55154,209751
v0-bh50,Marwan-r0,Marwan,trajectory,TRAN,26,23.681444501581772,0.5920361125395444,optimal,4.035611792001873,33164,55154,209751
v0-bh50,Marwan-r0,Marwan,trajectory,TRAN,27,25.102876054990208,0.6275719013747552,optimal,4.049922599995625,33164,55154,209751
v0-bh50,Marwan-r0,Marwan,trajectory,TRAN,28,22.875662212915376,0.5718915553228844,optimal,2.600210231001256,33164,55154,209751
v0-bh50,Marwan-r0,Marwan,trajectory,TRAN,29,24.963923009111824,0.6240980752277956,optimal,3.498369098000694,33164,55154,209751
v0-bh50,Marwan-r1,Marwan,trajectory,B1,0,25.498722020706854,0.6374680505176713,optimal,13.124120902997674,30980,54019,197538
v0-bh50,Marwan-r1,Marwan,trajectory,B1,1,24.98001623762537,0.6245004059406343,optimal,14.338477798002714,30980,54019,197538
v0-bh50,Marwan-r1,Marwan,trajectory,B1,2,25.32846339289059,0.6332115848222648,optimal,13.553981978002412,30980,54019,197538
v0-bh50,Marwan-r1,Marwan,trajectory,B1,3,24.501785719378013,0.6125446429844503,optimal,11.50733677000244,30980,54019,197538
v0-bh50,Marwan-r1,Marwan,trajectory,B1,4,24.393522467656,0.6098380616914,optimal,10.544395081997209,30980,54019,197538
v0-bh50,Marwan-r1,Marwan,trajectory,B1,5,24.76525628112371,0.6191314070280927,optimal,14.651750119002827,30980,54019,197538
v0-bh50,Marwan-r1,Marwan,trajectory,B1,6,25.95883242852344,0.648970810713086,optimal,11.037987091003743,30980,54019,197538
v0-bh50,Marwan-r1,Marwan,trajectory,B1,7,24.90934848158501,0.6227337120396252,optimal,12.417311879995395,30980,54019,197538
v0-bh50,Marwan-r1,Marwan,trajectory,B1,8,25.109034176238747,0.6277258544059687,optimal,11.804867733997526,30980,54019,197538
v0-bh50,Marwan-r1,Marwan,trajectory,B1,9,24.989764512312,0.6247441128078,optimal,14.491473415000655,30980,54019,197538
v0-bh50,Marwan-r1,Marwan,trajectory,B1,10,26.13167562385468,0.6532918905963669,optimal,15.849614917002327,30980,54019,197538
v0-bh50,Marwan-r1,Marwan,trajectory,B1,11,24.573041990876998,0.614326049771925,optimal,10.791376553999726,30980,54019,197538
v0-bh50,Marwan-r1,Marwan,trajectory,B1,12,24.87979437259643,0.6219948593149107,optimal,10.818290777002403,30980,54019,197538
v0-bh50,Marwan-r1,Marwan,trajectory,B1,13,24.730838750810822,0.6182709687702705,optimal,15.392764226002328,30980,54019,197538
v0-bh50,Marwan-r1,Marwan,trajectory,B1,14,26.507457016409067,0.6626864254102267,optimal,12.026756707004097,30980,54019,197538
v0-bh50,Marwan-r1,Marwan,trajectory,B1,15,24.707505316115316,0.6176876329028829,optimal,14.404034182000032,30980,54019,197538
v0-bh50,Marwan-r1,Marwan,trajectory,B1,16,25.11577060639206,0.6278942651598015,optimal,12.892270690994337,30980,54019,197538
v0-bh50,Marwan-r1,Marwan,trajectory,B1,17,25.664300012760016,0.6416075003190004,optimal,12.03402568200545,30980,54019,197538
v0-bh50,Marwan-r1,Marwan,trajectory,B1,18,25.096165587179485,0.6274041396794872,optimal,14.055721548997099,30980,54019,197538
v0-bh50,Marwan-r1,Marwan,trajectory,B1,19,25.732451639913123,0.643311290997828,optimal,11.471383271004015,30980,54019,197538
v0-bh50,Marwan-r1,Marwan,trajectory,B1,20,24.823163185073224,0.6205790796268306,optimal,12.086508781998418,30980,54019,197538
v0-bh50,Marwan-r1,Marwan,trajectory,B1,21,25.12414329950437,0.6281035824876093,optimal,11.602226863004034,30980,54019,197538
v0-bh50,Marwan-r1,Marwan,trajectory,B1,22,25.670181391814015,0.6417545347953504,optimal,10.690738402001443,30980,54019,197538
v0-bh50,Marwan-r1,Marwan,trajectory,B1,23,24.38552959108286,0.6096382397770715,optimal,10.770654225998442,30980,54019,197538
v0-bh50,Marwan-r1,Marwan,trajectory,B1,24,25.681011400517058,0.6420252850129264,optimal,9.05078517900256,30980,54019,197538
v0-bh50,Marwan-r1,Marwan,trajectory,B1,25,25.697153306295963,0.642428832657399,optimal,13.625134818998049,30980,54019,197538
v0-bh50,Marwan-r1,Marwan,trajectory,B1,26,24.868515241721152,0.6217128810430288,optimal,12.286532486999931,30980,54019,197538
v0-bh50,Marwan-r1,Marwan,trajectory,B1,27,24.747140710229417,0.6186785177557355,optimal,13.389401927001018,30980,54019,197538
v0-bh50,Marwan-r1,Marwan,trajectory,B1,28,24.74302563839994,0.6185756409599985,optimal,12.357787932000065,30980,54019,197538
v0-bh50,Marwan-r1,Marwan,trajectory,B1,29,25.428454145371617,0.6357113536342904,optimal,10.321522956997796,30980,54019,197538
v0-bh50,Marwan-r1,Marwan,trajectory,TRAN,0,28.854860064328246,0.7213715016082062,optimal,3.0427054559986573,30980,54019,197538
v0-bh50,Marwan-r1,Marwan,trajectory,TRAN,1,28.045332568089606,0.7011333142022401,optimal,2.697324464999838,30980,54019,197538
v0-bh50,Marwan-r1,Marwan,trajectory,TRAN,2,27.450997692451708,0.6862749423112927,optimal,2.4173640799999703,30980,54019,197538
v0-bh50,Marwan-r1,Marwan,trajectory,TRAN,3,26.958636761038473,0.6739659190259618,optimal,2.2063499149953714,30980,54019,197538
v0-bh50,Marwan-r1,Marwan,trajectory,TRAN,4,27.755752288985672,0.6938938072246418,optimal,2.654120993000106,30980,54019,197538
v0-bh50,Marwan-r1,Marwan,trajectory,TRAN,5,27.757869182114508,0.6939467295528627,optimal,2.700216733996058,30980,54019,197538
v0-bh50,Marwan-r1,Marwan,trajectory,TRAN,6,28.4416189155033,0.7110404728875825,optimal,2.0204074399953242,30980,54019,197538
v0-bh50,Marwan-r1,Marwan,trajectory,TRAN,7,27.484548179306508,0.6871137044826627,optimal,3.6781326640048064,30980,54019,197538
v0-bh50,Marwan-r1,Marwan,trajectory,TRAN,8,28.623278396515804,0.7155819599128951,optimal,1.745432930001698,30980,54019,197538
v0-bh50,Marwan-r1,Marwan,trajectory,TRAN,9,28.410166736228515,0.7102541684057129,optimal,2.4107146120004472,30980,54019,197538
v0-bh50,Marwan-r1,Marwan,trajectory,TRAN,10,28.875300884545606,0.7218825221136401,optimal,2.809116726006323,30980,54019,197538
v0-bh50,Marwan-r1,Marwan,trajectory,TRAN,11,28.00098075873348,0.700024518968337,optimal,2.187697348999791,30980,54019,197538
v0-bh50,Marwan-r1,Marwan,trajectory,TRAN,12,27.72951191014373,0.6932377977535933,optimal,2.9065486249965033,30980,54019,197538
v0-bh50,Marwan-r1,Marwan,trajectory,TRAN,13,26.845907981039428,0.6711476995259857,optimal,2.982319782000559,30980,54019,197538
v0-bh50,Marwan-r1,Marwan,trajectory,TRAN,14,29.37671997136107,0.7344179992840267,optimal,2.73021565900126,30980,54019,197538
v0-bh50,Marwan-r1,Marwan,trajectory,TRAN,15,27.941419159460803,0.6985354789865201,optimal,2.3936181080061942,30980,54019,197538
v0-bh50,Marwan-r1,Marwan,trajectory,TRAN,16,28.065238347197536,0.7016309586799384,optimal,2.1377420889984933,30980,54019,197538
v0-bh50,Marwan-r1,Marwan,trajectory,TRAN,17,29.049627269267734,0.7262406817316933,optimal,2.5475753369973972,30980,54019,197538
v0-bh50,Marwan-r1,Marwan,trajectory,TRAN,18,28.217340668453495,0.7054335167113374,optimal,2.2365702250026516,30980,54019,197538
v0-bh50,Marwan-r1,Marwan,trajectory,TRAN,19,27.8252695138177,0.6956317378454425,optimal,2.14156151899806,30980,54019,197538
v0-bh50,Marwan-r1,Marwan,trajectory,TRAN,20,27.95143312682978,0.6987858281707445,optimal,1.8694138920036494,30980,54019,197538
v0-bh50,Marwan-r1,Marwan,trajectory,TRAN,21,28.199510844148264,0.7049877711037066,optimal,2.3585368330022902,30980,54019,197538
v0-bh50,Marwan-r1,Marwan,trajectory,TRAN,22,27.548240518094595,0.6887060129523649,optimal,2.804089381999802,30980,54019,197538
v0-bh50,Marwan-r1,Marwan,trajectory,TRAN,23,27.85148033963783,0.6962870084909458,optimal,2.303497849003179,30980,54019,197538
v0-bh50,Marwan-r1,Marwan,trajectory,TRAN,24,28.627919607780285,0.7156979901945071,optimal,2.6313069839961827,30980,54019,197538
v0-bh50,Marwan-r1,Marwan,trajectory,TRAN,25,28.80289396347942,0.7200723490869855,optimal,2.5107115850041737,30980,54019,197538
v0-bh50,Marwan-r1,Marwan,trajectory,TRAN,26,27.923509297709604,0.6980877324427401,optimal,1.9296090999996522,30980,54019,197538
v0-bh50,Marwan-r1,Marwan,trajectory,TRAN,27,27.456710981682434,0.6864177745420609,optimal,2.653672202999587,30980,54019,197538
v0-bh50,Marwan-r1,Marwan,trajectory,TRAN,28,27.477233295789226,0.6869308323947306,optimal,2.809257824002998,30980,54019,197538
v0-bh50,Marwan-r1,Marwan,trajectory,TRAN,29,28.461643658292456,0.7115410914573114,optimal,1.9788585299975239,30980,54019,197538
v0-bh50,Marwan-r2,Marwan,trajectory,B1,0,26.9949897060853,0.6748747426521324,optimal,5.324871648001135,32593,58376,208399
v0-bh50,Marwan-r2,Marwan,trajectory,B1,1,27.235546929582327,0.6808886732395582,optimal,4.2838312500025495,32593,58376,208399
v0-bh50,Marwan-r2,Marwan,trajectory,B1,2,27.305459655621604,0.6826364913905401,optimal,3.66489803299919,32593,58376,208399
v0-bh50,Marwan-r2,Marwan,trajectory,B1,3,26.825075230408707,0.6706268807602177,optimal,4.801213088998338,32593,58376,208399
v0-bh50,Marwan-r2,Marwan,trajectory,B1,4,27.04442242300126,0.6761105605750315,optimal,3.9863332800014177,32593,58376,208399
v0-bh50,Marwan-r2,Marwan,trajectory,B1,5,27.036228063104303,0.6759057015776075,optimal,5.478099111998745,32593,58376,208399
v0-bh50,Marwan-r2,Marwan,trajectory,B1,6,25.99649627982771,0.6499124069956927,optimal,3.8141984380054055,32593,58376,208399
v0-bh50,Marwan-r2,Marwan,trajectory,B1,7,26.842334547371646,0.6710583636842912,optimal,3.7224230150022777,32593,58376,208399
v0-bh50,Marwan-r2,Marwan,trajectory,B1,8,26.81332430265997,0.6703331075664993,optimal,6.434944093001832,32593,58376,208399
v0-bh50,Marwan-r2,Marwan,trajectory,B1,9,27.116542862546265,0.6779135715636566,optimal,4.747982271001092,32593,58376,208399
v0-bh50,Marwan-r2,Marwan,trajectory,B1,10,27.291144540526155,0.6822786135131539,optimal,4.67043448700133,32593,58376,208399
v0-bh50,Marwan-r2,Marwan,trajectory,B1,11,26.75908712625384,0.6689771781563459,optimal,3.641003968004952,32593,58376,208399
v0-bh50,Marwan-r2,Marwan,trajectory,B1,12,27.104058225789156,0.677601455644729,optimal,4.1407721290015616,32593,58376,208399
v0-bh50,Marwan-r2,Marwan,trajectory,B1,13,27.08120651596084,0.677030162899021,optimal,3.9330649850016925,32593,58376,208399
v0-bh50,Marwan-r2,Marwan,trajectory,B1,14,26.867770057161533,0.6716942514290383,optimal,4.178884861001279,32593,58376,208399
v0-bh50,Marwan-r2,Marwan,trajectory,B1,15,26.35199522918041,0.6587998807295102,optimal,3.644912650997867,32593,58376,208399
v0-bh50,Marwan-r2,Marwan,trajectory,B1,16,27.621238821340697,0.6905309705335174,optimal,4.039135930004704,32593,58376,208399
v0-bh50,Marwan-r2,Marwan,trajectory,B1,17,26.608263523301282,0.6652065880825321,optimal,4.587382793004508,32593,58376,208399
v0-bh50,Marwan-r2,Marwan,trajectory,B1,18,27.147310489402212,0.6786827622350553,optimal,4.1062970950006275,32593,58376,208399
v0-bh50,Marwan-r2,Marwan,trajectory,B1,19,26.0556617064985,0.6513915426624626,optimal,4.997613284998806,32593,58376,208399
v0-bh50,Marwan-r2,Marwan,trajectory,B1,20,27.11657433914221,0.6779143584785553,optimal,4.4925100580003345,32593,58376,208399
v0-bh50,Marwan-r2,Marwan,trajectory,B1,21,27.515655609579127,0.6878913902394782,optimal,5.6597320410000975,32593,58376,208399
v0-bh50,Marwan-r2,Marwan,trajectory,B1,22,26.957293200585955,0.6739323300146489,optimal,3.7648733949972666,32593,58376,208399
v0-bh50,Marwan-r2,Marwan,trajectory,B1,23,27.129065066923953,0.6782266266730989,optimal,5.054250117995252,32593,58376,208399
v0-bh50,Marwan-r2,Marwan,trajectory,B1,24,25.981491019801066,0.6495372754950266,optimal,4.184044712004834,32593,58376,208399
v0-bh50,Marwan-r2,Marwan,trajectory,B1,25,26.105629191125303,0.6526407297781326,optimal,4.145419655003934,32593,58376,208399
v0-bh50,Marwan-r2,Marwan,trajectory,B1,26,26.882350175492473,0.6720587543873118,optimal,4.498342859995319,32593,58376,208399
v0-bh50,Marwan-r2,Marwan,trajectory,B1,27,28.093440822589233,0.7023360205647309,optimal,4.518959052002174,32593,58376,208399
v0-bh50,Marwan-r2,Marwan,trajectory,B1,28,27.74980452907999,0.6937451132269998,optimal,5.060706347998348,32593,58376,208399
v0-bh50,Marwan-r2,Marwan,trajectory,B1,29,26.991478750310584,0.6747869687577646,optimal,3.648697925993474,32593,58376,208399
v0-bh50,Marwan-r2,Marwan,trajectory,TRAN,0,30.408525613640286,0.7602131403410072,optimal,1.6811955090015545,32593,58376,208399
v0-bh50,Marwan-r2,Marwan,trajectory,TRAN,1,30.627193334542728,0.7656798333635682,optimal,1.9809235729990178,32593,58376,208399
v0-bh50,Marwan-r2,Marwan,trajectory,TRAN,2,30.39385083711223,0.7598462709278058,optimal,1.6748910620008246,32593,58376,208399
v0-bh50,Marwan-r2,Marwan,trajectory,TRAN,3,30.93530021514698,0.7733825053786745,optimal,1.6755640730043524,32593,58376,208399
v0-bh50,Marwan-r2,Marwan,trajectory,TRAN,4,29.709319864182874,0.7427329966045718,optimal,1.8319086730043637,32593,58376,208399
v0-bh50,Marwan-r2,Marwan,trajectory,TRAN,5,30.50444125282974,0.7626110313207435,optimal,1.8282152530009625,32593,58376,208399
v0-bh50,Marwan-r2,Marwan,trajectory,TRAN,6,30.482027035349557,0.7620506758837389,optimal,2.1039550349960336,32593,58376,208399
v0-bh50,Marwan-r2,Marwan,trajectory,TRAN,7,30.72889499762139,0.7682223749405347,optimal,1.6916987949953182,32593,58376,208399
v0-bh50,Marwan-r2,Marwan,trajectory,TRAN,8,30.639903176056826,0.7659975794014207,optimal,1.9545542199994088,32593,58376,208399
v0-bh50,Marwan-r2,Marwan,trajectory,TRAN,9,29.732609517780375,0.7433152379445094,optimal,1.7749805040002684,32593,58376,208399
v0-bh50,Marwan-r2,Marwan,trajectory,TRAN,10,30.634699196660357,0.7658674799165089,optimal,1.6914285849998123,32593,58376,208399
v0-bh50,Marwan-r2,Marwan,trajectory,TRAN,11,30.542942996873574,0.7635735749218393,optimal,2.268690646000323,32593,58376,208399
v0-bh50,Marwan-r2,Marwan,trajectory,TRAN,12,30.644967709228503,0.7661241927307125,optimal,1.8819491199974436,32593,58376,208399
v0-bh50,Marwan-r2,Marwan,trajectory,TRAN,13,30.250439374117644,0.7562609843529411,optimal,1.8112573940015864,32593,58376,208399
v0-bh50,Marwan-r2,Marwan,trajectory,TRAN,14,30.61221701947852,0.765305425486963,optimal,1.9277902609974262,32593,58376,208399
v0-bh50,Marwan-r2,Marwan,trajectory,TRAN,15,29.75224065702892,0.743806016425723,optimal,1.9163554460028536,32593,58376,208399
v0-bh50,Marwan-r2,Marwan,trajectory,TRAN,16,30.249637034601307,0.7562409258650327,optimal,1.9987360580053064,32593,58376,208399
v0-bh50,Marwan-r2,Marwan,trajectory,TRAN,17,30.926096269556286,0.7731524067389072,optimal,2.0253231080059777,32593,58376,208399
v0-bh50,Marwan-r2,Marwan,trajectory,TRAN,18,30.516816523761157,0.7629204130940289,optimal,1.431582562996482,32593,58376,208399
v0-bh50,Marwan-r2,Marwan,trajectory,TRAN,19,30.708326141941193,0.7677081535485298,optimal,1.8482148749972112,32593,58376,208399
v0-bh50,Marwan-r2,Marwan,trajectory,TRAN,20,30.638803320746803,0.7659700830186701,optimal,1.2681421129964292,32593,58376,208399
v0-bh50,Marwan-r2,Marwan,trajectory,TRAN,21,30.145204906591335,0.7536301226647834,optimal,1.6233023110034992,32593,58376,208399
v0-bh50,Marwan-r2,Marwan,trajectory,TRAN,22,30.76605948200856,0.7691514870502141,optimal,1.4185653579988866,32593,58376,208399
v0-bh50,Marwan-r2,Marwan,trajectory,TRAN,23,30.68722171420319,0.7671805428550798,optimal,1.3052465180007857,32593,58376,208399
v0-bh50,Marwan-r2,Marwan,trajectory,TRAN,24,30.22544415765172,0.755636103941293,optimal,1.3197487960060243,32593,58376,208399
v0-bh50,Marwan-r2,Marwan,trajectory,TRAN,25,30.628471819908857,0.7657117954977214,optimal,1.417568847995426,32593,58376,208399
v0-bh50,Marwan-r2,Marwan,trajectory,TRAN,26,30.50771182867556,0.762692795716889,optimal,1.6103020739974454,32593,58376,208399
v0-bh50,Marwan-r2,Marwan,trajectory,TRAN,27,30.577450119223126,0.7644362529805782,optimal,1.4501942180068,32593,58376,208399
v0-bh50,Marwan-r2,Marwan,trajectory,TRAN,28,29.684228967955242,0.7421057241988811,optimal,1.4554798499957542,32593,58376,208399
v0-bh50,Marwan-r2,Marwan,trajectory,TRAN,29,30.635392769041673,0.7658848192260418,optimal,1.8033327000011923,32593,58376,208399
