set_id,scenario_id,topology_id,method,realization_id,alert_count,timely_count,timely_ratio,source_count,connected_count,conn_ratio,shortfall,planning_runtime_s,evaluation_runtime_s,evaluate_calls
v0,Agis-r0,Agis,B1,0,40,18,0.45,15,15,1.0,22.0,0.09306333400036237,0.018647366866662195,1
v0,Agis-r0,Agis,B1,1,40,18,0.45,15,15,1.0,22.0,0.09306333400036237,0.018647366866662195,1
v0,Agis-r0,Agis,B1,2,40,18,0.45,15,15,1.0,22.0,0.09306333400036237,0.018647366866662195,1
v0,Agis-r0,Agis,B1,3,40,18,0.45,15,15,1.0,22.0,0.09306333400036237,0.018647366866662195,1
v0,Agis-r0,Agis,B1,4,40,18,0.45,15,15,1.0,22.0,0.09306333400036237,0.018647366866662195,1
v0,Agis-r0,Agis,B1,5,40,18,0.45,15,15,1.0,22.0,0.09306333400036237,0.018647366866662195,1
v0,Agis-r0,Agis,B1,6,40,18,0.45,15,15,1.0,22.0,0.09306333400036237,0.018647366866662195,1
v0,Agis-r0,Agis,B1,7,40,18,0.45,15,15,1.0,22.0,0.09306333400036237,0.018647366866662195,1
v0,Agis-r0,Agis,B1,8,40,18,0.45,15,15,1.0,22.0,0.09306333400036237,0.018647366866662195,1
v0,Agis-r0,Agis,B1,9,40,18,0.45,15,15,1.0,22.0,0.09306333400036237,0.018647366866662195,1
v0,Agis-r0,Agis,B1,10,40,18,0.45,15,15,1.0,22.0,0.09306333400036237,0.018647366866662195,1
v0,Agis-r0,Agis,B1,11,40,18,0.45,15,15,1.0,22.0,0.09306333400036237,0.018647366866662195,1
v0,Agis-r0,Agis,B1,12,40,18,0.45,15,15,1.0,22.0,0.09306333400036237,0.018647366866662195,1
v0,Agis-r0,Agis,B1,13,40,18,0.45,15,15,1.0,22.0,0.09306333400036237,0.018647366866662195,1
v0,Agis-r0,Agis,B1,14,40,18,0.45,15,15,1.0,22.0,0.09306333400036237,0.018647366866662195,1
v0,Agis-r0,Agis,B1,15,40,18,0.45,15,15,1.0,22.0,0.09306333400036237,0.018647366866662195,1
v0,Agis-r0,Agis,B1,16,40,18,0.45,15,15,1.0,22.0,0.09306333400036237,0.018647366866662195,1
v0,Agis-r0,Agis,B1,17,40,18,0.45,15,15,1.0,22.0,0.09306333400036237,0.018647366866662195,1
v0,Agis-r0,Agis,B1,18,40,18,0.45,15,15,1.0,22.0,0.09306333400036237,0.018647366866662195,1
v0,Agis-r0,Agis,B1,19,40,18,0.45,15,15,1.0,22.0,0.09306333400036237,0.018647366866662195,1
v0,Agis-r0,Agis,B1,20,40,18,0.45,15,15,1.0,22.0,0.09306333400036237,0.018647366866662195,1
v0,Agis-r0,Agis,B1,21,40,18,0.45,15,15,1.0,22.0,0.09306333400036237,0.018647366866662195,1
v0,Agis-r0,Agis,B1,22,40,18,0.45,15,15,1.0,22.0,0.09306333400036237,0.018647366866662195,1
v0,Agis-r0,Agis,B1,23,40,18,0.45,15,15,1.0,22.0,0.09306333400036237,0.018647366866662195,1
v0,Agis-r0,Agis,B1,24,40,18,0.45,15,15,1.0,22.0,0.09306333400036237,0.018647366866662195,1
v0,Agis-r0,Agis,B1,25,40,18,0.45,15,15,1.0,22.0,0.09306333400036237,0.018647366866662195,1
v0,Agis-r0,Agis,B1,26,40,18,0.45,15,15,1.0,22.0,0.09306333400036237,0.018647366866662195,1
v0,Agis-r0,Agis,B1,27,40,18,0.45,15,15,1.0,22.0,0.09306333400036237,0.018647366866662195,1
v0,Agis-r0,Agis,B1,28,40,18,0.45,15,15,1.0,22.0,0.09306333400036237,0.018647366866662195,1
v0,Agis-r0,Agis,B1,29,40,18,0.45,15,15,1.0,22.0,0.09306333400036237,0.018647366866662195,1
v0,Agis-r0,Agis,TRAN,0,40,21,0.525,15,15,1.0,17.592527211864457,281.4840487749998,0.04558195170002364,1
v0,Agis-r0,Agis,TRAN,1,40,19,0.475,15,15,1.0,17.331502512669946,281.4840487749998,0.04558195170002364,1
v0,Agis-r0,Agis,TRAN,2,40,23,0.575,15,15,1.0,15.922110363363084,281.4840487749998,0.04558195170002364,1
v0,Agis-r0,Agis,TRAN,3,40,21,0.525,15,15,1.0,17.481198597283893,281.4840487749998,0.04558195170002364,1
v0,Agis-r0,Agis,TRAN,4,40,21,0.525,15,15,1.0,17.98787509140486,281.4840487749998,0.04558195170002364,1
v0,Agis-r0,Agis,TRAN,5,40,21,0.525,15,15,1.0,17.29604929343086,281.4840487749998,0.04558195170002364,1
v0,Agis-r0,Agis,TRAN,6,40,21,0.525,15,15,1.0,17.697135272679247,281.4840487749998,0.04558195170002364,1
v0,Agis-r0,Agis,TRAN,7,40,21,0.525,15,15,1.0,16.29175856184592,281.4840487749998,0.04558195170002364,1
v0,Agis-r0,Agis,TRAN,8,40,20,0.5,15,15,1.0,18.147266333329547,281.4840487749998,0.04558195170002364,1
v0,Agis-r0,Agis,TRAN,9,40,21,0.525,15,15,1.0,16.57603377955708,281.4840487749998,0.04558195170002364,1
v0,Agis-r0,Agis,TRAN,10,40,20,0.5,15,15,1.0,17.09624896258451,281.4840487749998,0.04558195170002364,1
v0,Agis-r0,Agis,TRAN,11,40,22,0.55,15,15,1.0,15.415930783085585,281.4840487749998,0.04558195170002364,1
v0,Agis-r0,Agis,TRAN,12,40,21,0.525,15,15,1.0,16.734257271424,281.4840487749998,0.04558195170002364,1
v0,Agis-r0,Agis,TRAN,13,40,20,0.5,15,15,1.0,16.854899141227325,281.4840487749998,0.04558195170002364,1
v0,Agis-r0,Agis,TRAN,14,40,20,0.5,15,15,1.0,17.45784255255758,281.4840487749998,0.04558195170002364,1
v0,Agis-r0,Agis,TRAN,15,40,22,0.55,15,15,1.0,14.756074381626577,281.4840487749998,0.04558195170002364,1
v0,Agis-r0,Agis,TRAN,16,40,22,0.55,15,15,1.0,17.16164459137088,281.4840487749998,0.04558195170002364,1
v0,Agis-r0,Agis,TRAN,17,40,22,0.55,15,15,1.0,15.847118414900876,281.4840487749998,0.04558195170002364,1
v0,Agis-r0,Agis,TRAN,18,40,23,0.575,15,15,1.0,15.794554618362325,281.4840487749998,0.04558195170002364,1
v0,Agis-r0,Agis,TRAN,19,40,23,0.575,15,15,1.0,14.964989618316286,281.4840487749998,0.04558195170002364,1
v0,Agis-r0,Agis,TRAN,20,40,22,0.55,15,15,1.0,15.149342961587399,281.4840487749998,0.04558195170002364,1
v0,Agis-r0,Agis,TRAN,21,40,24,0.6,15,15,1.0,14.51819804341421,281.4840487749998,0.04558195170002364,1
v0,Agis-r0,Agis,TRAN,22,40,21,0.525,15,15,1.0,16.15226586025031,281.4840487749998,0.04558195170002364,1
v0,Agis-r0,Agis,TRAN,23,40,21,0.525,15,15,1.0,17.274289892538846,281.4840487749998,0.04558195170002364,1
v0,Agis-r0,Agis,TRAN,24,40,18,0.45,15,15,1.0,18.684785782608387,281.4840487749998,0.04558195170002364,1
v0,Agis-r0,Agis,TRAN,25,40,21,0.525,15,15,1.0,17.241957574793492,281.4840487749998,0.04558195170002364,1
v0,Agis-r0,Agis,TRAN,26,40,21,0.525,15,15,1.0,17.947366042728774,281.4840487749998,0.04558195170002364,1
v0,Agis-r0,Agis,TRAN,27,40,25,0.625,15,15,1.0,14.472331074164297,281.4840487749998,0.04558195170002364,1
v0,Agis-r0,Agis,TRAN,28,40,21,0.525,15,15,1.0,16.753281205901818,281.4840487749998,0.04558195170002364,1
v0,Agis-r0,Agis,TRAN,29,40,23,0.575,15,15,1.0,15.216029877607108,281.4840487749998,0.04558195170002364,1
v0,Agis-r1,Agis,B1,0,40,16,0.4,15,15,1.0,21.105712421088555,0.1008603039999798,0.030276921000010285,1
v0,Agis-r1,Agis,B1,1,40,17,0.425,15,15,1.0,20.603224455877353,0.1008603039999798,0.030276921000010285,1
v0,Agis-r1,Agis,B1,2,40,18,0.45,15,15,1.0,19.528329044118653,0.1008603039999798,0.030276921000010285,1
v0,Agis-r1,Agis,B1,3,40,16,0.4,15,15,1.0,21.45231979131026,0.1008603039999798,0.030276921000010285,1
v0,Agis-r1,Agis,B1,4,40,14,0.35,15,15,1.0,23.60437864400841,0.1008603039999798,0.030276921000010285,1
v0,Agis-r1,Agis,B1,5,40,17,0.425,15,15,1.0,20.874674537373895,0.1008603039999798,0.030276921000010285,1
v0,Agis-r1,Agis,B1,6,40,18,0.45,15,15,1.0,20.638293534404244,0.1008603039999798,0.030276921000010285,1
v0,Agis-r1,Agis,B1,7,40,16,0.4,15,15,1.0,22.825587527409933,0.1008603039999798,0.030276921000010285,1
v0,Agis-r1,Agis,B1,8,40,17,0.425,15,15,1.0,21.282812989118735,0.1008603039999798,0.030276921000010285,1
v0,Agis-r1,Agis,B1,9,40,15,0.375,15,15,1.0,22.727113381263187,0.1008603039999798,0.030276921000010285,1
v0,Agis-r1,Agis,B1,10,40,16,0.4,15,15,1.0,22.565416400801833,0.1008603039999798,0.030276921000010285,1
v0,Agis-r1,Agis,B1,11,40,14,0.35,15,15,1.0,22.978953218055366,0.1008603039999798,0.030276921000010285,1
v0,Agis-r1,Agis,B1,12,40,16,0.4,15,15,1.0,21.429946131236857,0.1008603039999798,0.030276921000010285,1
v0,Agis-r1,Agis,B1,13,40,16,0.4,15,15,1.0,21.439296543313418,0.1008603039999798,0.030276921000010285,1
v0,Agis-r1,Agis,B1,14,40,13,0.325,15,15,1.0,25.235909185430685,0.1008603039999798,0.030276921000010285,1
v0,Agis-r1,Agis,B1,15,40,16,0.4,15,15,1.0,22.275202985366825,0.1008603039999798,0.030276921000010285,1
v0,Agis-r1,Agis,B1,16,40,14,0.35,15,15,1.0,22.72754449573871,0.1008603039999798,0.030276921000010285,1
v0,Agis-r1,Agis,B1,17,40,13,0.325,15,15,1.0,23.74845395164242,0.1008603039999798,0.030276921000010285,1
v0,Agis-r1,Agis,B1,18,40,16,0.4,15,15,1.0,22.457082085920128,0.1008603039999798,0.030276921000010285,1
v0,Agis-r1,Agis,B1,19,40,18,0.45,15,15,1.0,20.60119948022228,0.1008603039999798,0.030276921000010285,1
v0,Agis-r1,Agis,B1,20,40,16,0.4,15,15,1.0,22.30111472322498,0.1008603039999798,0.030276921000010285,1
v0,Agis-r1,Agis,B1,21,40,19,0.475,15,15,1.0,19.28095787374829,0.1008603039999798,0.030276921000010285,1
v0,Agis-r1,Agis,B1,22,40,16,0.4,15,15,1.0,22.097574037818184,0.1008603039999798,0.030276921000010285,1
v0,Agis-r1,Agis,B1,23,40,12,0.3,15,15,1.0,24.65419671661401,0.1008603039999798,0.030276921000010285,1
v0,Agis-r1,Agis,B1,24,40,15,0.375,15,15,1.0,22.53162651886198,0.1008603039999798,0.030276921000010285,1
v0,Agis-r1,Agis,B1,25,40,18,0.45,15,15,1.0,20.854811742872283,0.1008603039999798,0.030276921000010285,1
v0,Agis-r1,Agis,B1,26,40,15,0.375,15,15,1.0,21.616276799221968,0.1008603039999798,0.030276921000010285,1
v0,Agis-r1,Agis,B1,27,40,13,0.325,15,15,1.0,22.917250451477205,0.1008603039999798,0.030276921000010285,1
v0,Agis-r1,Agis,B1,28,40,15,0.375,15,15,1.0,22.327802938909368,0.1008603039999798,0.030276921000010285,1
v0,Agis-r1,Agis,B1,29,40,17,0.425,15,15,1.0,21.532358619535362,0.1008603039999798,0.030276921000010285,1
v0,Agis-r1,Agis,TRAN,0,40,17,0.425,15,15,1.0,19.395544678054705,323.2286895870002,0.08750942509999125,1
v0,Agis-r1,Agis,TRAN,1,40,21,0.525,15,15,1.0,16.934343797690687,323.2286895870002,0.08750942509999125,1
v0,Agis-r1,Agis,TRAN,2,40,19,0.475,15,15,1.0,18.700836268619422,323.2286895870002,0.08750942509999125,1
v0,Agis-r1,Agis,TRAN,3,40,16,0.4,15,15,1.0,21.352792660078784,323.2286895870002,0.08750942509999125,1
v0,Agis-r1,Agis,TRAN,4,40,18,0.45,15,15,1.0,20.175120258953704,323.2286895870002,0.08750942509999125,1
v0,Agis-r1,Agis,TRAN,5,40,18,0.45,15,15,1.0,18.78880645544252,323.2286895870002,0.08750942509999125,1
v0,Agis-r1,Agis,TRAN,6,40,19,0.475,15,15,1.0,18.11198609929777,323.2286895870002,0.08750942509999125,1
v0,Agis-r1,Agis,TRAN,7,40,17,0.425,15,15,1.0,17.639611658490484,323.2286895870002,0.08750942509999125,1
v0,Agis-r1,Agis,TRAN,8,40,18,0.45,15,15,1.0,18.896799501819537,323.2286895870002,0.08750942509999125,1
v0,Agis-r1,Agis,TRAN,9,40,18,0.45,15,15,1.0,19.92379277996363,323.2286895870002,0.08750942509999125,1
v0,Agis-r1,Agis,TRAN,10,40,17,0.425,15,15,1.0,20.393020960880033,323.2286895870002,0.08750942509999125,1
v0,Agis-r1,Agis,TRAN,11,40,20,0.5,15,15,1.0,16.96747538261409,323.2286895870002,0.08750942509999125,1
v0,Agis-r1,Agis,TRAN,12,40,18,0.45,15,15,1.0,20.189250450748382,323.2286895870002,0.08750942509999125,1
v0,Agis-r1,Agis,TRAN,13,40,21,0.525,15,15,1.0,17.433550965627514,323.2286895870002,0.08750942509999125,1
v0,Agis-r1,Agis,TRAN,14,40,19,0.475,15,15,1.0,18.970916610127045,323.2286895870002,0.08750942509999125,1
v0,Agis-r1,Agis,TRAN,15,40,18,0.45,15,15,1.0,19.706190083723257,323.2286895870002,0.08750942509999125,1
v0,Agis-r1,Agis,TRAN,16,40,20,0.5,15,15,1.0,18.293775925928717,323.2286895870002,0.08750942509999125,1
v0,Agis-r1,Agis,TRAN,17,40,20,0.5,15,15,1.0,17.925438976838464,323.2286895870002,0.08750942509999125,1
v0,Agis-r1,Agis,TRAN,18,40,18,0.45,15,15,1.0,19.59037446622536,323.2286895870002,0.08750942509999125,1
v0,Agis-r1,Agis,TRAN,19,40,18,0.45,15,15,1.0,19.32510534513674,323.2286895870002,0.08750942509999125,1
v0,Agis-r1,Agis,TRAN,20,40,18,0.45,15,15,1.0,20.370393309785257,323.2286895870002,0.08750942509999125,1
v0,Agis-r1,Agis,TRAN,21,40,18,0.45,15,15,1.0,18.442002901778118,323.2286895870002,0.08750942509999125,1
v0,Agis-r1,Agis,TRAN,22,40,21,0.525,15,15,1.0,16.013273762361734,323.2286895870002,0.08750942509999125,1
v0,Agis-r1,Agis,TRAN,23,40,17,0.425,15,15,1.0,21.397944911814378,323.2286895870002,0.08750942509999125,1
v0,Agis-r1,Agis,TRAN,24,40,20,0.5,15,15,1.0,17.911188713585414,323.2286895870002,0.08750942509999125,1
v0,Agis-r1,Agis,TRAN,25,40,20,0.5,15,15,1.0,18.33317709351154,323.2286895870002,0.08750942509999125,1
v0,Agis-r1,Agis,TRAN,26,40,20,0.5,15,15,1.0,17.75158674590625,323.2286895870002,0.08750942509999125,1
v0,Agis-r1,Agis,TRAN,27,40,19,0.475,15,15,1.0,18.5207109970252,323.2286895870002,0.08750942509999125,1
v0,Agis-r1,Agis,TRAN,28,40,17,0.425,15,15,1.0,19.151711250347418,323.2286895870002,0.08750942509999125,1
v0,Agis-r1,Agis,TRAN,29,40,20,0.5,15,15,1.0,18.583293069503412,323.2286895870002,0.08750942509999125,1
v0,Agis-r2,Agis,B1,0,40,38,0.95,15,15,1.0,1.1452558358819938,0.10085224300019036,0.033400498266685945,1
v0,Agis-r2,Agis,B1,1,40,38,0.95,15,15,1.0,1.4004889775980782,0.10085224300019036,0.033400498266685945,1
v0,Agis-r2,Agis,B1,2,40,38,0.95,15,15,1.0,1.0847428974423565,0.10085224300019036,0.033400498266685945,1
v0,Agis-r2,Agis,B1,3,40,38,0.95,15,15,1.0,1.1335538622106154,0.10085224300019036,0.033400498266685945,1
v0,Agis-r2,Agis,B1,4,40,39,0.975,15,15,1.0,1.000000000000002,0.10085224300019036,0.033400498266685945,1
v0,Agis-r2,Agis,B1,5,40,39,0.975,15,15,1.0,1.0000000000000016,0.10085224300019036,0.033400498266685945,1
v0,Agis-r2,Agis,B1,6,40,39,0.975,15,15,1.0,1.000000000000002,0.10085224300019036,0.033400498266685945,1
v0,Agis-r2,Agis,B1,7,40,39,0.975,15,15,1.0,1.0000000000000018,0.10085224300019036,0.033400498266685945,1
v0,Agis-r2,Agis,B1,8,40,39,0.975,15,15,1.0,1.0000000000000016,0.10085224300019036,0.033400498266685945,1
v0,Agis-r2,Agis,B1,9,40,39,0.975,15,15,1.0,1.000000000000002,0.10085224300019036,0.033400498266685945,1
v0,Agis-r2,Agis,B1,10,40,38,0.95,15,15,1.0,1.0703251935058251,0.10085224300019036,0.033400498266685945,1
v0,Agis-r2,Agis,B1,11,40,39,0.975,15,15,1.0,1.0000000000000018,0.10085224300019036,0.033400498266685945,1
v0,Agis-r2,Agis,B1,12,40,39,0.975,15,15,1.0,1.0000000000000022,0.10085224300019036,0.033400498266685945,1
v0,Agis-r2,Agis,B1,13,40,39,0.975,15,15,1.0,1.0000000000000018,0.10085224300019036,0.033400498266685945,1
v0,Agis-r2,Agis,B1,14,40,39,0.975,15,15,1.0,1.0000000000000018,0.10085224300019036,0.033400498266685945,1
v0,Agis-r2,Agis,B1,15,40,38,0.95,15,15,1.0,1.5487013215969625,0.10085224300019036,0.033400498266685945,1
v0,Agis-r2,Agis,B1,16,40,39,0.975,15,15,1.0,1.0000000000000018,0.10085224300019036,0.033400498266685945,1
v0,Agis-r2,Agis,B1,17,40,38,0.95,15,15,1.0,1.4419816620669388,0.10085224300019036,0.033400498266685945,1
v0,Agis-r2,Agis,B1,18,40,39,0.975,15,15,1.0,1.000000000000002,0.10085224300019036,0.033400498266685945,1
v0,Agis-r2,Agis,B1,19,40,39,0.975,15,15,1.0,1.0000000000000016,0.10085224300019036,0.033400498266685945,1
v0,Agis-r2,Agis,B1,20,40,39,0.975,15,15,1.0,1.0000000000000018,0.10085224300019036,0.033400498266685945,1
v0,Agis-r2,Agis,B1,21,40,38,0.95,15,15,1.0,1.4108898257991338,0.10085224300019036,0.033400498266685945,1
v0,Agis-r2,Agis,B1,22,40,38,0.95,15,15,1.0,1.2970722604529135,0.10085224300019036,0.033400498266685945,1
v0,Agis-r2,Agis,B1,23,40,38,0.95,15,15,1.0,1.5717947354137989,0.10085224300019036,0.033400498266685945,1
v0,Agis-r2,Agis,B1,24,40,38,0.95,15,15,1.0,1.5397852979246398,0.10085224300019036,0.033400498266685945,1
v0,Agis-r2,Agis,B1,25,40,39,0.975,15,15,1.0,1.0000000000000018,0.10085224300019036,0.033400498266685945,1
v0,Agis-r2,Agis,B1,26,40,39,0.975,15,15,1.0,1.000000000000002,0.10085224300019036,0.033400498266685945,1
v0,Agis-r2,Agis,B1,27,40,38,0.95,15,15,1.0,1.1901512101794556,0.10085224300019036,0.033400498266685945,1
v0,Agis-r2,Agis,B1,28,40,38,0.95,15,15,1.0,1.2466371849813183,0.10085224300019036,0.033400498266685945,1
v0,Agis-r2,Agis,B1,29,40,39,0.975,15,15,1.0,1.000000000000002,0.10085224300019036,0.033400498266685945,1
v0,Agis-r2,Agis,TRAN,0,40,30,0.75,15,15,1.0,9.942165801097062,93.01910001899978,0.048307119299988696,1
v0,Agis-r2,Agis,TRAN,1,40,29,0.725,15,15,1.0,9.27071834347426,93.01910001899978,0.048307119299988696,1
v0,Agis-r2,Agis,TRAN,2,40,30,0.75,15,15,1.0,9.774069033499806,93.01910001899978,0.048307119299988696,1
v0,Agis-r2,Agis,TRAN,3,40,30,0.75,15,15,1.0,9.815239773674838,93.01910001899978,0.048307119299988696,1
v0,Agis-r2,Agis,TRAN,4,40,29,0.725,15,15,1.0,10.315050220794216,93.01910001899978,0.048307119299988696,1
v0,Agis-r2,Agis,TRAN,5,40,30,0.75,15,15,1.0,9.093156899405473,93.01910001899978,0.048307119299988696,1
v0,Agis-r2,Agis,TRAN,6,40,29,0.725,15,15,1.0,10.85245389757239,93.01910001899978,0.048307119299988696,1
v0,Agis-r2,Agis,TRAN,7,40,30,0.75,15,15,1.0,9.997450357298112,93.01910001899978,0.048307119299988696,1
v0,Agis-r2,Agis,TRAN,8,40,29,0.725,15,15,1.0,10.314052662734325,93.01910001899978,0.048307119299988696,1
v0,Agis-r2,Agis,TRAN,9,40,30,0.75,15,15,1.0,9.24690494722946,93.01910001899978,0.048307119299988696,1
v0,Agis-r2,Agis,TRAN,10,40,30,0.75,15,15,1.0,9.127221475150353,93.01910001899978,0.048307119299988696,1
v0,Agis-r2,Agis,TRAN,11,40,29,0.725,15,15,1.0,10.213462559333577,93.01910001899978,0.048307119299988696,1
v0,Agis-r2,Agis,TRAN,12,40,29,0.725,15,15,1.0,9.440398590316708,93.01910001899978,0.048307119299988696,1
v0,Agis-r2,Agis,TRAN,13,40,29,0.725,15,15,1.0,9.822816575031325,93.01910001899978,0.048307119299988696,1
v0,Agis-r2,Agis,TRAN,14,40,29,0.725,15,15,1.0,9.511696972539324,93.01910001899978,0.048307119299988696,1
v0,Agis-r2,Agis,TRAN,15,40,30,0.75,15,15,1.0,9.896115750742561,93.01910001899978,0.048307119299988696,1
v0,Agis-r2,Agis,TRAN,16,40,30,0.75,15,15,1.0,9.572768716445045,93.01910001899978,0.048307119299988696,1
v0,Agis-r2,Agis,TRAN,17,40,30,0.75,15,15,1.0,9.852471256371546,93.01910001899978,0.048307119299988696,1
v0,Agis-r2,Agis,TRAN,18,40,30,0.75,15,15,1.0,9.93395759737998,93.01910001899978,0.048307119299988696,1
v0,Agis-r2,Agis,TRAN,19,40,30,0.75,15,15,1.0,9.727011457123172,93.01910001899978,0.048307119299988696,1
v0,Agis-r2,Agis,TRAN,20,40,29,0.725,15,15,1.0,9.788113557285277,93.01910001899978,0.048307119299988696,1
v0,Agis-r2,Agis,TRAN,21,40,30,0.75,15,15,1.0,9.7645168513124,93.01910001899978,0.048307119299988696,1
v0,Agis-r2,Agis,TRAN,22,40,29,0.725,15,15,1.0,10.480931494985162,93.01910001899978,0.048307119299988696,1
v0,Agis-r2,Agis,TRAN,23,40,30,0.75,15,15,1.0,9.97874468973368,93.01910001899978,0.048307119299988696,1
v0,Agis-r2,Agis,TRAN,24,40,30,0.75,15,15,1.0,9.315816280028379,93.01910001899978,0.048307119299988696,1
v0,Agis-r2,Agis,TRAN,25,40,30,0.75,15,15,1.0,9.249508663977347,93.01910001899978,0.048307119299988696,1
v0,Agis-r2,Agis,TRAN,26,40,30,0.75,15,15,1.0,9.661156417991455,93.01910001899978,0.048307119299988696,1
v0,Agis-r2,Agis,TRAN,27,40,28,0.7,15,15,1.0,11.657305397213449,93.01910001899978,0.048307119299988696,1
v0,Agis-r2,Agis,TRAN,28,40,30,0.75,15,15,1.0,9.666178349132062,93.01910001899978,0.048307119299988696,1
v0,Agis-r2,Agis,TRAN,29,40,30,0.75,15,15,1.0,9.92440275093132,93.01910001899978,0.048307119299988696,1
v0,Belnet2008-r0,Belnet2008,B1,0,40,19,0.475,15,15,1.0,17.77836088424129,0.10840728499988472,0.023498562666676055,1
v0,Belnet2008-r0,Belnet2008,B1,1,40,21,0.525,15,15,1.0,18.04341410695346,0.10840728499988472,0.023498562666676055,1
v0,Belnet2008-r0,Belnet2008,B1,2,40,21,0.525,15,15,1.0,17.753617196394835,0.10840728499988472,0.023498562666676055,1
v0,Belnet2008-r0,Belnet2008,B1,3,40,22,0.55,15,15,1.0,17.484011644203857,0.10840728499988472,0.023498562666676055,1
v0,Belnet2008-r0,Belnet2008,B1,4,40,22,0.55,15,15,1.0,17.63755366902761,0.10840728499988472,0.023498562666676055,1
v0,Belnet2008-r0,Belnet2008,B1,5,40,20,0.5,15,15,1.0,17.883297471165193,0.10840728499988472,0.023498562666676055,1
v0,Belnet2008-r0,Belnet2008,B1,6,40,21,0.525,15,15,1.0,17.966572692781188,0.10840728499988472,0.023498562666676055,1
v0,Belnet2008-r0,Belnet2008,B1,7,40,22,0.55,15,15,1.0,17.424482139873117,0.10840728499988472,0.023498562666676055,1
v0,Belnet2008-r0,Belnet2008,B1,8,40,21,0.525,15,15,1.0,18.76075070964395,0.10840728499988472,0.023498562666676055,1
v0,Belnet2008-r0,Belnet2008,B1,9,40,22,0.55,15,15,1.0,17.348630468452434,0.10840728499988472,0.023498562666676055,1
v0,Belnet2008-r0,Belnet2008,B1,10,40,22,0.55,15,15,1.0,17.629933288148365,0.10840728499988472,0.023498562666676055,1
v0,Belnet2008-r0,Belnet2008,B1,11,40,21,0.525,15,15,1.0,17.546839915313015,0.10840728499988472,0.023498562666676055,1
v0,Belnet2008-r0,Belnet2008,B1,12,40,22,0.55,15,15,1.0,17.412331324694456,0.10840728499988472,0.023498562666676055,1
v0,Belnet2008-r0,Belnet2008,B1,13,40,21,0.525,15,15,1.0,17.160617893825012,0.10840728499988472,0.023498562666676055,1
v0,Belnet2008-r0,Belnet2008,B1,14,40,22,0.55,15,15,1.0,17.395077513414158,0.10840728499988472,0.023498562666676055,1
v0,Belnet2008-r0,Belnet2008,B1,15,40,21,0.525,15,15,1.0,17.53832226796038,0.10840728499988472,0.023498562666676055,1
v0,Belnet2008-r0,Belnet2008,B1,16,40,22,0.55,15,15,1.0,17.022801307515007,0.10840728499988472,0.023498562666676055,1
v0,Belnet2008-r0,Belnet2008,B1,17,40,21,0.525,15,15,1.0,17.291057671096127,0.10840728499988472,0.023498562666676055,1
v0,Belnet2008-r0,Belnet2008,B1,18,40,23,0.575,15,15,1.0,16.850481030516185,0.10840728499988472,0.023498562666676055,1
v0,Belnet2008-r0,Belnet2008,B1,19,40,23,0.575,15,15,1.0,16.690178205824736,0.10840728499988472,0.023498562666676055,1
v0,Belnet2008-r0,Belnet2008,B1,20,40,22,0.55,15,15,1.0,17.107694353637005,0.10840728499988472,0.023498562666676055,1
v0,Belnet2008-r0,Belnet2008,B1,21,40,22,0.55,15,15,1.0,17.67005638626168,0.10840728499988472,0.023498562666676055,1
v0,Belnet2008-r0,Belnet2008,B1,22,40,22,0.55,15,15,1.0,17.067866326380578,0.10840728499988472,0.023498562666676055,1
v0,Belnet2008-r0,Belnet2008,B1,23,40,20,0.5,15,15,1.0,18.438558754560415,0.10840728499988472,0.023498562666676055,1
v0,Belnet2008-r0,Belnet2008,B1,24,40,22,0.55,15,15,1.0,17.398601584559742,0.10840728499988472,0.023498562666676055,1
v0,Belnet2008-r0,Belnet2008,B1,25,40,22,0.55,15,15,1.0,17.29893661695632,0.10840728499988472,0.023498562666676055,1
v0,Belnet2008-r0,Belnet2008,B1,26,40,22,0.55,15,15,1.0,17.115026673869437,0.10840728499988472,0.023498562666676055,1
v0,Belnet2008-r0,Belnet2008,B1,27,40,19,0.475,15,15,1.0,19.18933329114384,0.10840728499988472,0.023498562666676055,1
v0,Belnet2008-r0,Belnet2008,B1,28,40,21,0.525,15,15,1.0,18.399980909356753,0.10840728499988472,0.023498562666676055,1
v0,Belnet2008-r0,Belnet2008,B1,29,40,21,0.525,15,15,1.0,17.984750566943912,0.10840728499988472,0.023498562666676055,1
v0,Belnet2008-r0,Belnet2008,TRAN,0,40,23,0.575,15,15,1.0,12.866481508866912,247.92875086100048,0.044829957799993284,1
v0,Belnet2008-r0,Belnet2008,TRAN,1,40,21,0.525,15,15,1.0,14.367161452139596,247.92875086100048,0.044829957799993284,1
v0,Belnet2008-r0,Belnet2008,TRAN,2,40,23,0.575,15,15,1.0,12.991381897691126,247.92875086100048,0.044829957799993284,1
v0,Belnet2008-r0,Belnet2008,TRAN,3,40,23,0.575,15,15,1.0,15.918470605772507,247.92875086100048,0.044829957799993284,1
v0,Belnet2008-r0,Belnet2008,TRAN,4,40,24,0.6,15,15,1.0,13.594942101692807,247.92875086100048,0.044829957799993284,1
v0,Belnet2008-r0,Belnet2008,TRAN,5,40,21,0.525,15,15,1.0,15.460567305318222,247.92875086100048,0.044829957799993284,1
v0,Belnet2008-r0,Belnet2008,TRAN,6,40,23,0.575,15,15,1.0,13.499981531212587,247.92875086100048,0.044829957799993284,1
v0,Belnet2008-r0,Belnet2008,TRAN,7,40,24,0.6,15,15,1.0,12.446728654425076,247.92875086100048,0.044829957799993284,1
v0,Belnet2008-r0,Belnet2008,TRAN,8,40,23,0.575,15,15,1.0,12.575422728648494,247.92875086100048,0.044829957799993284,1
v0,Belnet2008-r0,Belnet2008,TRAN,9,40,21,0.525,15,15,1.0,14.784615316794326,247.92875086100048,0.044829957799993284,1
v0,Belnet2008-r0,Belnet2008,TRAN,10,40,20,0.5,15,15,1.0,15.900698598123268,247.92875086100048,0.044829957799993284,1
v0,Belnet2008-r0,Belnet2008,TRAN,11,40,24,0.6,15,15,1.0,14.48408326854369,247.92875086100048,0.044829957799993284,1
v0,Belnet2008-r0,Belnet2008,TRAN,12,40,24,0.6,15,15,1.0,13.436990699172167,247.92875086100048,0.044829957799993284,1
v0,Belnet2008-r0,Belnet2008,TRAN,13,40,21,0.525,15,15,1.0,14.65180744578357,247.92875086100048,0.044829957799993284,1
v0,Belnet2008-r0,Belnet2008,TRAN,14,40,24,0.6,15,15,1.0,13.090384225414562,247.92875086100048,0.044829957799993284,1
v0,Belnet2008-r0,Belnet2008,TRAN,15,40,23,0.575,15,15,1.0,14.240664796713128,247.92875086100048,0.044829957799993284,1
v0,Belnet2008-r0,Belnet2008,TRAN,16,40,21,0.525,15,15,1.0,14.07078314088492,247.92875086100048,0.044829957799993284,1
v0,Belnet2008-r0,Belnet2008,TRAN,17,40,22,0.55,15,15,1.0,13.272569698805938,247.92875086100048,0.044829957799993284,1
v0,Belnet2008-r0,Belnet2008,TRAN,18,40,22,0.55,15,15,1.0,14.990659271957268,247.92875086100048,0.044829957799993284,1
v0,Belnet2008-r0,Belnet2008,TRAN,19,40,25,0.625,15,15,1.0,12.4237232986792,247.92875086100048,0.044829957799993284,1
v0,Belnet2008-r0,Belnet2008,TRAN,20,40,21,0.525,15,15,1.0,15.615123888098276,247.92875086100048,0.044829957799993284,1
v0,Belnet2008-r0,Belnet2008,TRAN,21,40,24,0.6,15,15,1.0,14.621898850548394,247.92875086100048,0.044829957799993284,1
v0,Belnet2008-r0,Belnet2008,TRAN,22,40,25,0.625,15,15,1.0,12.6117278240105,247.92875086100048,0.044829957799993284,1
v0,Belnet2008-r0,Belnet2008,TRAN,23,40,22,0.55,15,15,1.0,15.426625009784324,247.92875086100048,0.044829957799993284,1
v0,Belnet2008-r0,Belnet2008,TRAN,24,40,22,0.55,15,15,1.0,15.324290939908321,247.92875086100048,0.044829957799993284,1
v0,Belnet2008-r0,Belnet2008,TRAN,25,40,22,0.55,15,15,1.0,15.25368207005157,247.92875086100048,0.044829957799993284,1
v0,Belnet2008-r0,Belnet2008,TRAN,26,40,23,0.575,15,15,1.0,12.51588448970317,247.92875086100048,0.044829957799993284,1
v0,Belnet2008-r0,Belnet2008,TRAN,27,40,21,0.525,15,15,1.0,15.212801439097518,247.92875086100048,0.044829957799993284,1
v0,Belnet2008-r0,Belnet2008,TRAN,28,40,24,0.6,15,15,1.0,13.11494707138937,247.92875086100048,0.044829957799993284,1
v0,Belnet2008-r0,Belnet2008,TRAN,29,40,22,0.55,15,15,1.0,14.129826456869013,247.92875086100048,0.044829957799993284,1
v0,Belnet2008-r1,Belnet2008,B1,0,40,16,0.4,15,15,1.0,23.564687379593064,0.15904803200010065,0.029149669266674512,1
v0,Belnet2008-r1,Belnet2008,B1,1,40,16,0.4,15,15,1.0,23.564687379593064,0.15904803200010065,0.029149669266674512,1
v0,Belnet2008-r1,Belnet2008,B1,2,40,14,0.35,15,15,1.0,24.869669741519722,0.15904803200010065,0.029149669266674512,1
v0,Belnet2008-r1,Belnet2008,B1,3,40,15,0.375,15,15,1.0,24.422785606664846,0.15904803200010065,0.029149669266674512,1
v0,Belnet2008-r1,Belnet2008,B1,4,40,13,0.325,15,15,1.0,25.601141055900808,0.15904803200010065,0.029149669266674512,1
v0,Belnet2008-r1,Belnet2008,B1,5,40,15,0.375,15,15,1.0,24.27783483284574,0.15904803200010065,0.029149669266674512,1
v0,Belnet2008-r1,Belnet2008,B1,6,40,13,0.325,15,15,1.0,25.371985923672792,0.15904803200010065,0.029149669266674512,1
v0,Belnet2008-r1,Belnet2008,B1,7,40,13,0.325,15,15,1.0,26.561930850025878,0.15904803200010065,0.029149669266674512,1
v0,Belnet2008-r1,Belnet2008,B1,8,40,13,0.325,15,15,1.0,24.81434832520945,0.15904803200010065,0.029149669266674512,1
v0,Belnet2008-r1,Belnet2008,B1,9,40,14,0.35,15,15,1.0,24.617148486820987,0.15904803200010065,0.029149669266674512,1
v0,Belnet2008-r1,Belnet2008,B1,10,40,13,0.325,15,15,1.0,25.20024777154525,0.15904803200010065,0.029149669266674512,1
v0,Belnet2008-r1,Belnet2008,B1,11,40,16,0.4,15,15,1.0,23.564687379593064,0.15904803200010065,0.029149669266674512,1
v0,Belnet2008-r1,Belnet2008,B1,12,40,16,0.4,15,15,1.0,23.564687379593064,0.15904803200010065,0.029149669266674512,1
v0,Belnet2008-r1,Belnet2008,B1,13,40,14,0.35,15,15,1.0,25.127841717440294,0.15904803200010065,0.029149669266674512,1
v0,Belnet2008-r1,Belnet2008,B1,14,40,14,0.35,15,15,1.0,24.85644252386413,0.15904803200010065,0.029149669266674512,1
v0,Belnet2008-r1,Belnet2008,B1,15,40,15,0.375,15,15,1.0,23.820972853220216,0.15904803200010065,0.029149669266674512,1
v0,Belnet2008-r1,Belnet2008,B1,16,40,13,0.325,15,15,1.0,25.93439603778562,0.15904803200010065,0.029149669266674512,1
v0,Belnet2008-r1,Belnet2008,B1,17,40,14,0.35,15,15,1.0,24.884579945646976,0.15904803200010065,0.029149669266674512,1
v0,Belnet2008-r1,Belnet2008,B1,18,40,14,0.35,15,15,1.0,25.171642529172942,0.15904803200010065,0.029149669266674512,1
v0,Belnet2008-r1,Belnet2008,B1,19,40,13,0.325,15,15,1.0,25.636440105943418,0.15904803200010065,0.029149669266674512,1
v0,Belnet2008-r1,Belnet2008,B1,20,40,16,0.4,15,15,1.0,23.564687379593064,0.15904803200010065,0.029149669266674512,1
v0,Belnet2008-r1,Belnet2008,B1,21,40,13,0.325,15,15,1.0,26.299951709117295,0.15904803200010065,0.029149669266674512,1
v0,Belnet2008-r1,Belnet2008,B1,22,40,14,0.35,15,15,1.0,24.80923913725004,0.15904803200010065,0.029149669266674512,1
v0,Belnet2008-r1,Belnet2008,B1,23,40,15,0.375,15,15,1.0,23.954041274964815,0.15904803200010065,0.029149669266674512,1
v0,Belnet2008-r1,Belnet2008,B1,24,40,14,0.35,15,15,1.0,25.19776410366504,0.15904803200010065,0.029149669266674512,1
v0,Belnet2008-r1,Belnet2008,B1,25,40,16,0.4,15,15,1.0,23.564687379593064,0.15904803200010065,0.029149669266674512,1
v0,Belnet2008-r1,Belnet2008,B1,26,40,15,0.375,15,15,1.0,23.805529841579915,0.15904803200010065,0.029149669266674512,1
v0,Belnet2008-r1,Belnet2008,B1,27,40,13,0.325,15,15,1.0,25.408472903815316,0.15904803200010065,0.029149669266674512,1
v0,Belnet2008-r1,Belnet2008,B1,28,40,14,0.35,15,15,1.0,24.675438893181994,0.15904803200010065,0.029149669266674512,1
v0,Belnet2008-r1,Belnet2008,B1,29,40,16,0.4,15,15,1.0,23.564687379593064,0.15904803200010065,0.029149669266674512,1
v0,Belnet2008-r1,Belnet2008,TRAN,0,40,19,0.475,15,15,1.0,17.30988372174056,149.92931468200004,0.05558888613334905,1
v0,Belnet2008-r1,Belnet2008,TRAN,1,40,20,0.5,15,15,1.0,16.405264503265922,149.92931468200004,0.05558888613334905,1
v0,Belnet2008-r1,Belnet2008,TRAN,2,40,18,0.45,15,15,1.0,19.70368129068187,149.92931468200004,0.05558888613334905,1
v0,Belnet2008-r1,Belnet2008,TRAN,3,40,19,0.475,15,15,1.0,19.51710131841443,149.92931468200004,0.05558888613334905,1
v0,Belnet2008-r1,Belnet2008,TRAN,4,40,19,0.475,15,15,1.0,17.656327258677173,149.92931468200004,0.05558888613334905,1
v0,Belnet2008-r1,Belnet2008,TRAN,5,40,20,0.5,15,15,1.0,15.736095321567007,149.92931468200004,0.05558888613334905,1
v0,Belnet2008-r1,Belnet2008,TRAN,6,40,21,0.525,15,15,1.0,16.90668853539471,149.92931468200004,0.05558888613334905,1
v0,Belnet2008-r1,Belnet2008,TRAN,7,40,18,0.45,15,15,1.0,17.374748474748873,149.92931468200004,0.05558888613334905,1
v0,Belnet2008-r1,Belnet2008,TRAN,8,40,17,0.425,15,15,1.0,19.319358762282757,149.92931468200004,0.05558888613334905,1
v0,Belnet2008-r1,Belnet2008,TRAN,9,40,22,0.55,15,15,1.0,16.026301343749452,149.92931468200004,0.05558888613334905,1
v0,Belnet2008-r1,Belnet2008,TRAN,10,40,20,0.5,15,15,1.0,17.23131262429867,149.92931468200004,0.05558888613334905,1
v0,Belnet2008-r1,Belnet2008,TRAN,11,40,18,0.45,15,15,1.0,17.268089227495878,149.92931468200004,0.05558888613334905,1
v0,Belnet2008-r1,Belnet2008,TRAN,12,40,20,0.5,15,15,1.0,15.575312497269104,149.92931468200004,0.05558888613334905,1
v0,Belnet2008-r1,Belnet2008,TRAN,13,40,21,0.525,15,15,1.0,15.723040143241834,149.92931468200004,0.05558888613334905,1
v0,Belnet2008-r1,Belnet2008,TRAN,14,40,20,0.5,15,15,1.0,15.746181770447654,149.92931468200004,0.05558888613334905,1
v0,Belnet2008-r1,Belnet2008,TRAN,15,40,16,0.4,15,15,1.0,21.373905409090256,149.92931468200004,0.05558888613334905,1
v0,Belnet2008-r1,Belnet2008,TRAN,16,40,19,0.475,15,15,1.0,18.324940595924947,149.92931468200004,0.05558888613334905,1
v0,Belnet2008-r1,Belnet2008,TRAN,17,40,20,0.5,15,15,1.0,16.747587991261767,149.92931468200004,0.05558888613334905,1
v0,Belnet2008-r1,Belnet2008,TRAN,18,40,22,0.55,15,15,1.0,16.272906558109646,149.92931468200004,0.05558888613334905,1
v0,Belnet2008-r1,Belnet2008,TRAN,19,40,18,0.45,15,15,1.0,17.918723196844514,149.92931468200004,0.05558888613334905,1
v0,Belnet2008-r1,Belnet2008,TRAN,20,40,22,0.55,15,15,1.0,14.486059718933443,149.92931468200004,0.05558888613334905,1
v0,Belnet2008-r1,Belnet2008,TRAN,21,40,19,0.475,15,15,1.0,18.424923006542837,149.92931468200004,0.05558888613334905,1
v0,Belnet2008-r1,Belnet2008,TRAN,22,40,19,0.475,15,15,1.0,18.34538479852544,149.92931468200004,0.05558888613334905,1
v0,Belnet2008-r1,Belnet2008,TRAN,23,40,19,0.475,15,15,1.0,17.90074972086917,149.92931468200004,0.05558888613334905,1
v0,Belnet2008-r1,Belnet2008,TRAN,24,40,21,0.525,15,15,1.0,15.43904384663527,149.92931468200004,0.05558888613334905,1
v0,Belnet2008-r1,Belnet2008,TRAN,25,40,21,0.525,15,15,1.0,16.33664100608198,149.92931468200004,0.05558888613334905,1
v0,Belnet2008-r1,Belnet2008,TRAN,26,40,22,0.55,15,15,1.0,15.58492147573268,149.92931468200004,0.05558888613334905,1
v0,Belnet2008-r1,Belnet2008,TRAN,27,40,21,0.525,15,15,1.0,17.176571463793188,149.92931468200004,0.05558888613334905,1
v0,Belnet2008-r1,Belnet2008,TRAN,28,40,20,0.5,15,15,1.0,18.916810255724887,149.92931468200004,0.05558888613334905,1
v0,Belnet2008-r1,Belnet2008,TRAN,29,40,19,0.475,15,15,1.0,17.566297040510428,149.92931468200004,0.05558888613334905,1
v0,Belnet2008-r2,Belnet2008,B1,0,40,33,0.825,15,15,1.0,6.056534777101681,0.13316201799989358,0.03679158786668874,1
v0,Belnet2008-r2,Belnet2008,B1,1,40,33,0.825,15,15,1.0,6.0576257462564165,0.13316201799989358,0.03679158786668874,1
v0,Belnet2008-r2,Belnet2008,B1,2,40,32,0.8,15,15,1.0,6.151887297316857,0.13316201799989358,0.03679158786668874,1
v0,Belnet2008-r2,Belnet2008,B1,3,40,32,0.8,15,15,1.0,6.837546995771307,0.13316201799989358,0.03679158786668874,1
v0,Belnet2008-r2,Belnet2008,B1,4,40,32,0.8,15,15,1.0,6.485845337990424,0.13316201799989358,0.03679158786668874,1
v0,Belnet2008-r2,Belnet2008,B1,5,40,33,0.825,15,15,1.0,6.056534777101681,0.13316201799989358,0.03679158786668874,1
v0,Belnet2008-r2,Belnet2008,B1,6,40,33,0.825,15,15,1.0,6.0576257462564165,0.13316201799989358,0.03679158786668874,1
v0,Belnet2008-r2,Belnet2008,B1,7,40,32,0.8,15,15,1.0,6.868268911020179,0.13316201799989358,0.03679158786668874,1
v0,Belnet2008-r2,Belnet2008,B1,8,40,32,0.8,15,15,1.0,6.530676804171058,0.13316201799989358,0.03679158786668874,1
v0,Belnet2008-r2,Belnet2008,B1,9,40,32,0.8,15,15,1.0,6.682368012477647,0.13316201799989358,0.03679158786668874,1
v0,Belnet2008-r2,Belnet2008,B1,10,40,33,0.825,15,15,1.0,6.056534777101681,0.13316201799989358,0.03679158786668874,1
v0,Belnet2008-r2,Belnet2008,B1,11,40,33,0.825,15,15,1.0,6.056534777101681,0.13316201799989358,0.03679158786668874,1
v0,Belnet2008-r2,Belnet2008,B1,12,40,32,0.8,15,15,1.0,6.984279910091288,0.13316201799989358,0.03679158786668874,1
v0,Belnet2008-r2,Belnet2008,B1,13,40,32,0.8,15,15,1.0,6.196674364617625,0.13316201799989358,0.03679158786668874,1
v0,Belnet2008-r2,Belnet2008,B1,14,40,32,0.8,15,15,1.0,6.908447717903645,0.13316201799989358,0.03679158786668874,1
v0,Belnet2008-r2,Belnet2008,B1,15,40,32,0.8,15,15,1.0,6.457252695036887,0.13316201799989358,0.03679158786668874,1
v0,Belnet2008-r2,Belnet2008,B1,16,40,32,0.8,15,15,1.0,6.400787364893638,0.13316201799989358,0.03679158786668874,1
v0,Belnet2008-r2,Belnet2008,B1,17,40,33,0.825,15,15,1.0,6.056534777101681,0.13316201799989358,0.03679158786668874,1
v0,Belnet2008-r2,Belnet2008,B1,18,40,33,0.825,15,15,1.0,6.057625746256416,0.13316201799989358,0.03679158786668874,1
v0,Belnet2008-r2,Belnet2008,B1,19,40,33,0.825,15,15,1.0,6.056534777101681,0.13316201799989358,0.03679158786668874,1
v0,Belnet2008-r2,Belnet2008,B1,20,40,32,0.8,15,15,1.0,6.273227064284208,0.13316201799989358,0.03679158786668874,1
v0,Belnet2008-r2,Belnet2008,B1,21,40,32,0.8,15,15,1.0,6.45061882488299,0.13316201799989358,0.03679158786668874,1
v0,Belnet2008-r2,Belnet2008,B1,22,40,32,0.8,15,15,1.0,6.215602118428034,0.13316201799989358,0.03679158786668874,1
v0,Belnet2008-r2,Belnet2008,B1,23,40,33,0.825,15,15,1.0,6.056534777101681,0.13316201799989358,0.03679158786668874,1
v0,Belnet2008-r2,Belnet2008,B1,24,40,32,0.8,15,15,1.0,6.354902661350995,0.13316201799989358,0.03679158786668874,1
v0,Belnet2008-r2,Belnet2008,B1,25,40,32,0.8,15,15,1.0,6.625825649002012,0.13316201799989358,0.03679158786668874,1
v0,Belnet2008-r2,Belnet2008,B1,26,40,33,0.825,15,15,1.0,6.056534777101681,0.13316201799989358,0.03679158786668874,1
v0,Belnet2008-r2,Belnet2008,B1,27,40,33,0.825,15,15,1.0,6.056534777101681,0.13316201799989358,0.03679158786668874,1
v0,Belnet2008-r2,Belnet2008,B1,28,40,33,0.825,15,15,1.0,6.058716715411152,0.13316201799989358,0.03679158786668874,1
v0,Belnet2008-r2,Belnet2008,B1,29,40,32,0.8,15,15,1.0,6.191886638265537,0.13316201799989358,0.03679158786668874,1
v0,Belnet2008-r2,Belnet2008,TRAN,0,40,31,0.775,15,15,1.0,8.926304878923933,93.11271313399993,0.05350239723332682,1
v0,Belnet2008-r2,Belnet2008,TRAN,1,40,31,0.775,15,15,1.0,8.93441386145338,93.11271313399993,0.05350239723332682,1
v0,Belnet2008-r2,Belnet2008,TRAN,2,40,31,0.775,15,15,1.0,8.959477567570985,93.11271313399993,0.05350239723332682,1
v0,Belnet2008-r2,Belnet2008,TRAN,3,40,31,0.775,15,15,1.0,8.938693656927294,93.11271313399993,0.05350239723332682,1
v0,Belnet2008-r2,Belnet2008,TRAN,4,40,31,0.775,15,15,1.0,8.973278595673573,93.11271313399993,0.05350239723332682,1
v0,Belnet2008-r2,Belnet2008,TRAN,5,40,31,0.775,15,15,1.0,8.964389440675072,93.11271313399993,0.05350239723332682,1
v0,Belnet2008-r2,Belnet2008,TRAN,6,40,31,0.775,15,15,1.0,8.987396009048386,93.11271313399993,0.05350239723332682,1
v0,Belnet2008-r2,Belnet2008,TRAN,7,40,31,0.775,15,15,1.0,8.999534925817686,93.11271313399993,0.05350239723332682,1
v0,Belnet2008-r2,Belnet2008,TRAN,8,40,31,0.775,15,15,1.0,8.957593666082884,93.11271313399993,0.05350239723332682,1
v0,Belnet2008-r2,Belnet2008,TRAN,9,40,31,0.775,15,15,1.0,8.973725900997987,93.11271313399993,0.05350239723332682,1
v0,Belnet2008-r2,Belnet2008,TRAN,10,40,31,0.775,15,15,1.0,8.90779374559318,93.11271313399993,0.05350239723332682,1
v0,Belnet2008-r2,Belnet2008,TRAN,11,40,31,0.775,15,15,1.0,8.92423445618758,93.11271313399993,0.05350239723332682,1
v0,Belnet2008-r2,Belnet2008,TRAN,12,40,31,0.775,15,15,1.0,8.915325314317853,93.11271313399993,0.05350239723332682,1
v0,Belnet2008-r2,Belnet2008,TRAN,13,40,31,0.775,15,15,1.0,8.965504663112533,93.11271313399993,0.05350239723332682,1
v0,Belnet2008-r2,Belnet2008,TRAN,14,40,31,0.775,15,15,1.0,8.957011029100423,93.11271313399993,0.05350239723332682,1
v0,Belnet2008-r2,Belnet2008,TRAN,15,40,31,0.775,15,15,1.0,8.96441004475062,93.11271313399993,0.05350239723332682,1
v0,Belnet2008-r2,Belnet2008,TRAN,16,40,31,0.775,15,15,1.0,8.914449398868527,93.11271313399993,0.05350239723332682,1
v0,Belnet2008-r2,Belnet2008,TRAN,17,40,31,0.775,15,15,1.0,8.966787582971921,93.11271313399993,0.05350239723332682,1
v0,Belnet2008-r2,Belnet2008,TRAN,18,40,31,0.775,15,15,1.0,8.92651313617766,93.11271313399993,0.05350239723332682,1
v0,Belnet2008-r2,Belnet2008,TRAN,19,40,31,0.775,15,14,0.9333333333333333,8.944984165040267,93.11271313399993,0.05350239723332682,1
v0,Belnet2008-r2,Belnet2008,TRAN,20,40,31,0.775,15,15,1.0,8.979622249944422,93.11271313399993,0.05350239723332682,1
v0,Belnet2008-r2,Belnet2008,TRAN,21,40,31,0.775,15,15,1.0,8.967426959886538,93.11271313399993,0.05350239723332682,1
v0,Belnet2008-r2,Belnet2008,TRAN,22,40,31,0.775,15,15,1.0,8.99282908270042,93.11271313399993,0.05350239723332682,1
v0,Belnet2008-r2,Belnet2008,TRAN,23,40,31,0.775,15,15,1.0,8.96607360231914,93.11271313399993,0.05350239723332682,1
v0,Belnet2008-r2,Belnet2008,TRAN,24,40,31,0.775,15,15,1.0,8.92213321110313,93.11271313399993,0.05350239723332682,1
v0,Belnet2008-r2,Belnet2008,TRAN,25,40,31,0.775,15,15,1.0,8.933803137240224,93.11271313399993,0.05350239723332682,1
v0,Belnet2008-r2,Belnet2008,TRAN,26,40,31,0.775,15,15,1.0,8.950395545383095,93.11271313399993,0.05350239723332682,1
v0,Belnet2008-r2,Belnet2008,TRAN,27,40,31,0.775,15,15,1.0,8.920567018866844,93.11271313399993,0.05350239723332682,1
v0,Belnet2008-r2,Belnet2008,TRAN,28,40,30,0.75,15,15,1.0,8.981839581565655,93.11271313399993,0.05350239723332682,1
v0,Belnet2008-r2,Belnet2008,TRAN,29,40,31,0.775,15,15,1.0,8.965204452563835,93.11271313399993,0.05350239723332682,1
v0,BsonetEurope-r0,BsonetEurope,B1,0,40,25,0.625,15,15,1.0,15.000000000000002,0.16010079600073368,0.034534099933322675,1
v0,BsonetEurope-r0,BsonetEurope,B1,1,40,24,0.6,15,15,1.0,15.49497362532157,0.16010079600073368,0.034534099933322675,1
v0,BsonetEurope-r0,BsonetEurope,B1,2,40,23,0.575,15,15,1.0,16.2053117993688,0.16010079600073368,0.034534099933322675,1
v0,BsonetEurope-r0,BsonetEurope,B1,3,40,23,0.575,15,15,1.0,16.111420465272854,0.16010079600073368,0.034534099933322675,1
v0,BsonetEurope-r0,BsonetEurope,B1,4,40,22,0.55,15,15,1.0,17.51436207457604,0.16010079600073368,0.034534099933322675,1
v0,BsonetEurope-r0,BsonetEurope,B1,5,40,25,0.625,15,15,1.0,15.000000000000002,0.16010079600073368,0.034534099933322675,1
v0,BsonetEurope-r0,BsonetEurope,B1,6,40,24,0.6,15,15,1.0,15.297843668349854,0.16010079600073368,0.034534099933322675,1
v0,BsonetEurope-r0,BsonetEurope,B1,7,40,24,0.6,15,15,1.0,15.067357901243732,0.16010079600073368,0.034534099933322675,1
v0,BsonetEurope-r0,BsonetEurope,B1,8,40,23,0.575,15,15,1.0,16.747446789054614,0.16010079600073368,0.034534099933322675,1
v0,BsonetEurope-r0,BsonetEurope,B1,9,40,24,0.6,15,15,1.0,15.731956406512145,0.16010079600073368,0.034534099933322675,1
v0,BsonetEurope-r0,BsonetEurope,B1,10,40,24,0.6,15,15,1.0,15.78492840955297,0.16010079600073368,0.034534099933322675,1
v0,BsonetEurope-r0,BsonetEurope,B1,11,40,24,0.6,15,15,1.0,15.223843157192315,0.16010079600073368,0.034534099933322675,1
v0,BsonetEurope-r0,BsonetEurope,B1,12,40,25,0.625,15,15,1.0,15.000000000000002,0.16010079600073368,0.034534099933322675,1
v0,BsonetEurope-r0,BsonetEurope,B1,13,40,25,0.625,15,15,1.0,15.000000000000002,0.16010079600073368,0.034534099933322675,1
v0,BsonetEurope-r0,BsonetEurope,B1,14,40,25,0.625,15,15,1.0,15.000000000000002,0.16010079600073368,0.034534099933322675,1
v0,BsonetEurope-r0,BsonetEurope,B1,15,40,24,0.6,15,15,1.0,15.036482985047114,0.16010079600073368,0.034534099933322675,1
v0,BsonetEurope-r0,BsonetEurope,B1,16,40,23,0.575,15,15,1.0,15.298254831879488,0.16010079600073368,0.034534099933322675,1
v0,BsonetEurope-r0,BsonetEurope,B1,17,40,25,0.625,15,15,1.0,15.000000000000002,0.16010079600073368,0.034534099933322675,1
v0,BsonetEurope-r0,BsonetEurope,B1,18,40,23,0.575,15,15,1.0,15.848748866165392,0.16010079600073368,0.034534099933322675,1
v0,BsonetEurope-r0,BsonetEurope,B1,19,40,25,0.625,15,15,1.0,15.000000000000002,0.16010079600073368,0.034534099933322675,1
v0,BsonetEurope-r0,BsonetEurope,B1,20,40,25,0.625,15,15,1.0,15.000000000000002,0.16010079600073368,0.034534099933322675,1
v0,BsonetEurope-r0,BsonetEurope,B1,21,40,25,0.625,15,15,1.0,15.000000000000002,0.16010079600073368,0.034534099933322675,1
v0,BsonetEurope-r0,BsonetEurope,B1,22,40,25,0.625,15,15,1.0,15.000000000000002,0.16010079600073368,0.034534099933322675,1
v0,BsonetEurope-r0,BsonetEurope,B1,23,40,24,0.6,15,15,1.0,15.297843669611686,0.16010079600073368,0.034534099933322675,1
v0,BsonetEurope-r0,BsonetEurope,B1,24,40,24,0.6,15,15,1.0,15.538874627430387,0.16010079600073368,0.034534099933322675,1
v0,BsonetEurope-r0,BsonetEurope,B1,25,40,25,0.625,15,15,1.0,15.000000000000002,0.16010079600073368,0.034534099933322675,1
v0,BsonetEurope-r0,BsonetEurope,B1,26,40,25,0.625,15,15,1.0,15.000000000000002,0.16010079600073368,0.034534099933322675,1
v0,BsonetEurope-r0,BsonetEurope,B1,27,40,23,0.575,15,15,1.0,16.044273019687775,0.16010079600073368,0.034534099933322675,1
v0,BsonetEurope-r0,BsonetEurope,B1,28,40,25,0.625,15,15,1.0,15.000000000000002,0.16010079600073368,0.034534099933322675,1
v0,BsonetEurope-r0,BsonetEurope,B1,29,40,19,0.475,15,15,1.0,19.63656541075019,0.16010079600073368,0.034534099933322675,1
v0,BsonetEurope-r0,BsonetEurope,TRAN,0,40,20,0.5,15,15,1.0,19.6799575353366,212.8352038789999,0.04930520710001171,1
v0,BsonetEurope-r0,BsonetEurope,TRAN,1,40,19,0.475,15,15,1.0,19.65964223672423,212.8352038789999,0.04930520710001171,1
v0,BsonetEurope-r0,BsonetEurope,TRAN,2,40,19,0.475,15,15,1.0,20.486616344471578,212.8352038789999,0.04930520710001171,1
v0,BsonetEurope-r0,BsonetEurope,TRAN,3,40,18,0.45,15,15,1.0,21.288550937648598,212.8352038789999,0.04930520710001171,1
v0,BsonetEurope-r0,BsonetEurope,TRAN,4,40,18,0.45,15,15,1.0,20.167306396641628,212.8352038789999,0.04930520710001171,1
v0,BsonetEurope-r0,BsonetEurope,TRAN,5,40,19,0.475,15,15,1.0,20.426033892376324,212.8352038789999,0.04930520710001171,1
v0,BsonetEurope-r0,BsonetEurope,TRAN,6,40,20,0.5,15,15,1.0,19.715841246279727,212.8352038789999,0.04930520710001171,1
v0,BsonetEurope-r0,BsonetEurope,TRAN,7,40,16,0.4,15,15,1.0,20.986300967636176,212.8352038789999,0.04930520710001171,1
v0,BsonetEurope-r0,BsonetEurope,TRAN,8,40,15,0.375,15,15,1.0,23.290175098237487,212.8352038789999,0.04930520710001171,1
v0,BsonetEurope-r0,BsonetEurope,TRAN,9,40,18,0.45,15,15,1.0,21.402584962286806,212.8352038789999,0.04930520710001171,1
v0,BsonetEurope-r0,BsonetEurope,TRAN,10,40,14,0.35,15,15,1.0,22.930528218549973,212.8352038789999,0.04930520710001171,1
v0,BsonetEurope-r0,BsonetEurope,TRAN,11,40,18,0.45,15,15,1.0,21.15466822883071,212.8352038789999,0.04930520710001171,1
v0,BsonetEurope-r0,BsonetEurope,TRAN,12,40,16,0.4,15,15,1.0,21.82491149726938,212.8352038789999,0.04930520710001171,1
v0,BsonetEurope-r0,BsonetEurope,TRAN,13,40,19,0.475,15,15,1.0,20.10442642036626,212.8352038789999,0.04930520710001171,1
v0,BsonetEurope-r0,BsonetEurope,TRAN,14,40,19,0.475,15,15,1.0,20.08996012578977,212.8352038789999,0.04930520710001171,1
v0,BsonetEurope-r0,BsonetEurope,TRAN,15,40,18,0.45,15,15,1.0,20.25989807436294,212.8352038789999,0.04930520710001171,1
v0,BsonetEurope-r0,BsonetEurope,TRAN,16,40,16,0.4,15,15,1.0,21.276142701922865,212.8352038789999,0.04930520710001171,1
v0,BsonetEurope-r0,BsonetEurope,TRAN,17,40,16,0.4,15,15,1.0,22.231343997273786,212.8352038789999,0.04930520710001171,1
v0,BsonetEurope-r0,BsonetEurope,TRAN,18,40,16,0.4,15,15,1.0,21.41238808484641,212.8352038789999,0.04930520710001171,1
v0,BsonetEurope-r0,BsonetEurope,TRAN,19,40,20,0.5,15,15,1.0,19.26871089306723,212.8352038789999,0.04930520710001171,1
v0,BsonetEurope-r0,BsonetEurope,TRAN,20,40,17,0.425,15,15,1.0,22.6496746943405,212.8352038789999,0.04930520710001171,1
v0,BsonetEurope-r0,BsonetEurope,TRAN,21,40,18,0.45,15,15,1.0,20.40049986009192,212.8352038789999,0.04930520710001171,1
v0,BsonetEurope-r0,BsonetEurope,TRAN,22,40,17,0.425,15,15,1.0,21.119937619135534,212.8352038789999,0.04930520710001171,1
v0,BsonetEurope-r0,BsonetEurope,TRAN,23,40,15,0.375,15,15,1.0,21.542151993745417,212.8352038789999,0.04930520710001171,1
v0,BsonetEurope-r0,BsonetEurope,TRAN,24,40,19,0.475,15,15,1.0,19.613734184719977,212.8352038789999,0.04930520710001171,1
v0,BsonetEurope-r0,BsonetEurope,TRAN,25,40,16,0.4,15,15,1.0,20.672284385722556,212.8352038789999,0.04930520710001171,1
v0,BsonetEurope-r0,BsonetEurope,TRAN,26,40,18,0.45,15,15,1.0,19.731571484830535,212.8352038789999,0.04930520710001171,1
v0,BsonetEurope-r0,BsonetEurope,TRAN,27,40,17,0.425,15,14,0.9333333333333333,21.529090357334095,212.8352038789999,0.04930520710001171,1
v0,BsonetEurope-r0,BsonetEurope,TRAN,28,40,19,0.475,15,15,1.0,19.521631847780398,212.8352038789999,0.04930520710001171,1
v0,BsonetEurope-r0,BsonetEurope,TRAN,29,40,14,0.35,15,15,1.0,23.8965908156615,212.8352038789999,0.04930520710001171,1
v0,BsonetEurope-r1,BsonetEurope,B1,0,40,20,0.5,15,15,1.0,20.0,0.12847337099992728,0.025713871233347164,1
v0,BsonetEurope-r1,BsonetEurope,B1,1,40,20,0.5,15,15,1.0,20.0,0.12847337099992728,0.025713871233347164,1
v0,BsonetEurope-r1,BsonetEurope,B1,2,40,20,0.5,15,15,1.0,20.0,0.12847337099992728,0.025713871233347164,1
v0,BsonetEurope-r1,BsonetEurope,B1,3,40,20,0.5,15,15,1.0,20.0,0.12847337099992728,0.025713871233347164,1
v0,BsonetEurope-r1,BsonetEurope,B1,4,40,19,0.475,15,15,1.0,20.61186577782514,0.12847337099992728,0.025713871233347164,1
v0,BsonetEurope-r1,BsonetEurope,B1,5,40,16,0.4,15,15,1.0,22.21064742938428,0.12847337099992728,0.025713871233347164,1
v0,BsonetEurope-r1,BsonetEurope,B1,6,40,20,0.5,15,15,1.0,20.0,0.12847337099992728,0.025713871233347164,1
v0,BsonetEurope-r1,BsonetEurope,B1,7,40,20,0.5,15,15,1.0,20.0,0.12847337099992728,0.025713871233347164,1
v0,BsonetEurope-r1,BsonetEurope,B1,8,40,17,0.425,15,15,1.0,20.29793010213114,0.12847337099992728,0.025713871233347164,1
v0,BsonetEurope-r1,BsonetEurope,B1,9,40,20,0.5,15,15,1.0,20.0,0.12847337099992728,0.025713871233347164,1
v0,BsonetEurope-r1,BsonetEurope,B1,10,40,19,0.475,15,15,1.0,20.064064992910815,0.12847337099992728,0.025713871233347164,1
v0,BsonetEurope-r1,BsonetEurope,B1,11,40,20,0.5,15,15,1.0,20.0,0.12847337099992728,0.025713871233347164,1
v0,BsonetEurope-r1,BsonetEurope,B1,12,40,19,0.475,15,15,1.0,20.345556799417373,0.12847337099992728,0.025713871233347164,1
v0,BsonetEurope-r1,BsonetEurope,B1,13,40,20,0.5,15,15,1.0,20.0,0.12847337099992728,0.025713871233347164,1
v0,BsonetEurope-r1,BsonetEurope,B1,14,40,20,0.5,15,15,1.0,20.0,0.12847337099992728,0.025713871233347164,1
v0,BsonetEurope-r1,BsonetEurope,B1,15,40,20,0.5,15,15,1.0,20.0,0.12847337099992728,0.025713871233347164,1
v0,BsonetEurope-r1,BsonetEurope,B1,16,40,18,0.45,15,15,1.0,20.78755444964872,0.12847337099992728,0.025713871233347164,1
v0,BsonetEurope-r1,BsonetEurope,B1,17,40,19,0.475,15,15,1.0,20.386544022726532,0.12847337099992728,0.025713871233347164,1
v0,BsonetEurope-r1,BsonetEurope,B1,18,40,17,0.425,15,15,1.0,22.370251524946,0.12847337099992728,0.025713871233347164,1
v0,BsonetEurope-r1,BsonetEurope,B1,19,40,19,0.475,15,15,1.0,20.16545396215819,0.12847337099992728,0.025713871233347164,1
v0,BsonetEurope-r1,BsonetEurope,B1,20,40,19,0.475,15,15,1.0,20.685836799097675,0.12847337099992728,0.025713871233347164,1
v0,BsonetEurope-r1,BsonetEurope,B1,21,40,19,0.475,15,15,1.0,20.05169899263748,0.12847337099992728,0.025713871233347164,1
v0,BsonetEurope-r1,BsonetEurope,B1,22,40,19,0.475,15,15,1.0,20.145984266767226,0.12847337099992728,0.025713871233347164,1
v0,BsonetEurope-r1,BsonetEurope,B1,23,40,20,0.5,15,15,1.0,20.0,0.12847337099992728,0.025713871233347164,1
v0,BsonetEurope-r1,BsonetEurope,B1,24,40,16,0.4,15,15,1.0,21.676161801789075,0.12847337099992728,0.025713871233347164,1
v0,BsonetEurope-r1,BsonetEurope,B1,25,40,20,0.5,15,15,1.0,20.0,0.12847337099992728,0.025713871233347164,1
v0,BsonetEurope-r1,BsonetEurope,B1,26,40,20,0.5,15,15,1.0,20.0,0.12847337099992728,0.025713871233347164,1
v0,BsonetEurope-r1,BsonetEurope,B1,27,40,18,0.45,15,15,1.0,20.806669788418628,0.12847337099992728,0.025713871233347164,1
v0,BsonetEurope-r1,BsonetEurope,B1,28,40,20,0.5,15,15,1.0,20.0,0.12847337099992728,0.025713871233347164,1
v0,BsonetEurope-r1,BsonetEurope,B1,29,40,18,0.45,15,15,1.0,20.59803998108536,0.12847337099992728,0.025713871233347164,1
v0,BsonetEurope-r1,BsonetEurope,TRAN,0,40,20,0.5,15,15,1.0,18.232992360176585,374.66162004000034,0.05210230066668373,1
v0,BsonetEurope-r1,BsonetEurope,TRAN,1,40,16,0.4,15,15,1.0,21.147036216100517,374.66162004000034,0.05210230066668373,1
v0,BsonetEurope-r1,BsonetEurope,TRAN,2,40,21,0.525,15,15,1.0,18.00716009113492,374.66162004000034,0.05210230066668373,1
v0,BsonetEurope-r1,BsonetEurope,TRAN,3,40,22,0.55,15,15,1.0,17.579486070459314,374.66162004000034,0.05210230066668373,1
v0,BsonetEurope-r1,BsonetEurope,TRAN,4,40,18,0.45,15,15,1.0,20.032763153716903,374.66162004000034,0.05210230066668373,1
v0,BsonetEurope-r1,BsonetEurope,TRAN,5,40,17,0.425,15,15,1.0,20.229371583471618,374.66162004000034,0.05210230066668373,1
v0,BsonetEurope-r1,BsonetEurope,TRAN,6,40,18,0.45,15,15,1.0,19.00392478002412,374.66162004000034,0.05210230066668373,1
v0,BsonetEurope-r1,BsonetEurope,TRAN,7,40,18,0.45,15,15,1.0,19.153252434132728,374.66162004000034,0.05210230066668373,1
v0,BsonetEurope-r1,BsonetEurope,TRAN,8,40,17,0.425,15,15,1.0,20.656858010879375,374.66162004000034,0.05210230066668373,1
v0,BsonetEurope-r1,BsonetEurope,TRAN,9,40,18,0.45,15,15,1.0,20.630898673472167,374.66162004000034,0.05210230066668373,1
v0,BsonetEurope-r1,BsonetEurope,TRAN,10,40,19,0.475,15,15,1.0,20.051274479966104,374.66162004000034,0.05210230066668373,1
v0,BsonetEurope-r1,BsonetEurope,TRAN,11,40,19,0.475,15,15,1.0,19.903506289754453,374.66162004000034,0.05210230066668373,1
v0,BsonetEurope-r1,BsonetEurope,TRAN,12,40,18,0.45,15,15,1.0,19.62071532406661,374.66162004000034,0.05210230066668373,1
v0,BsonetEurope-r1,BsonetEurope,TRAN,13,40,18,0.45,15,15,1.0,21.267635415491025,374.66162004000034,0.05210230066668373,1
v0,BsonetEurope-r1,BsonetEurope,TRAN,14,40,21,0.525,15,15,1.0,17.483925352298147,374.66162004000034,0.05210230066668373,1
v0,BsonetEurope-r1,BsonetEurope,TRAN,15,40,16,0.4,15,15,1.0,21.379599745197694,374.66162004000034,0.05210230066668373,1
v0,BsonetEurope-r1,BsonetEurope,TRAN,16,40,19,0.475,15,15,1.0,18.443121981930393,374.66162004000034,0.05210230066668373,1
v0,BsonetEurope-r1,BsonetEurope,TRAN,17,40,17,0.425,15,15,1.0,20.72458139908613,374.66162004000034,0.05210230066668373,1
v0,BsonetEurope-r1,BsonetEurope,TRAN,18,40,19,0.475,15,15,1.0,18.72273400390049,374.66162004000034,0.05210230066668373,1
v0,BsonetEurope-r1,BsonetEurope,TRAN,19,40,19,0.475,15,15,1.0,17.970127137193813,374.66162004000034,0.05210230066668373,1
v0,BsonetEurope-r1,BsonetEurope,TRAN,20,40,19,0.475,15,15,1.0,17.903768141887127,374.66162004000034,0.05210230066668373,1
v0,BsonetEurope-r1,BsonetEurope,TRAN,21,40,21,0.525,15,15,1.0,17.55472773509839,374.66162004000034,0.05210230066668373,1
v0,BsonetEurope-r1,BsonetEurope,TRAN,22,40,17,0.425,15,15,1.0,18.385449906406606,374.66162004000034,0.05210230066668373,1
v0,BsonetEurope-r1,BsonetEurope,TRAN,23,40,18,0.45,15,15,1.0,18.111009177997946,374.66162004000034,0.05210230066668373,1
v0,BsonetEurope-r1,BsonetEurope,TRAN,24,40,19,0.475,15,15,1.0,18.905601600457356,374.66162004000034,0.05210230066668373,1
v0,BsonetEurope-r1,BsonetEurope,TRAN,25,40,17,0.425,15,15,1.0,21.35547710744438,374.66162004000034,0.05210230066668373,1
v0,BsonetEurope-r1,BsonetEurope,TRAN,26,40,20,0.5,15,15,1.0,17.92647313409223,374.66162004000034,0.05210230066668373,1
v0,BsonetEurope-r1,BsonetEurope,TRAN,27,40,18,0.45,15,15,1.0,17.934412514675824,374.66162004000034,0.05210230066668373,1
v0,BsonetEurope-r1,BsonetEurope,TRAN,28,40,18,0.45,15,15,1.0,20.167698266148943,374.66162004000034,0.05210230066668373,1
v0,BsonetEurope-r1,BsonetEurope,TRAN,29,40,19,0.475,15,15,1.0,18.142316757216115,374.66162004000034,0.05210230066668373,1
v0,BsonetEurope-r2,BsonetEurope,B1,0,40,20,0.5,15,15,1.0,20.0,0.12779410800067126,0.019744923800014174,1
v0,BsonetEurope-r2,BsonetEurope,B1,1,40,20,0.5,15,15,1.0,20.0,0.12779410800067126,0.019744923800014174,1
v0,BsonetEurope-r2,BsonetEurope,B1,2,40,20,0.5,15,15,1.0,20.0,0.12779410800067126,0.019744923800014174,1
v0,BsonetEurope-r2,BsonetEurope,B1,3,40,19,0.475,15,15,1.0,20.530553941423104,0.12779410800067126,0.019744923800014174,1
v0,BsonetEurope-r2,BsonetEurope,B1,4,40,19,0.475,15,15,1.0,20.53168745995902,0.12779410800067126,0.019744923800014174,1
v0,BsonetEurope-r2,BsonetEurope,B1,5,40,19,0.475,15,15,1.0,20.04904130510014,0.12779410800067126,0.019744923800014174,1
v0,BsonetEurope-r2,BsonetEurope,B1,6,40,19,0.475,15,15,1.0,20.04782003653911,0.12779410800067126,0.019744923800014174,1
v0,BsonetEurope-r2,BsonetEurope,B1,7,40,20,0.5,15,15,1.0,20.0,0.12779410800067126,0.019744923800014174,1
v0,BsonetEurope-r2,BsonetEurope,B1,8,40,19,0.475,15,15,1.0,20.18401294432215,0.12779410800067126,0.019744923800014174,1
v0,BsonetEurope-r2,BsonetEurope,B1,9,40,20,0.5,15,15,1.0,20.0,0.12779410800067126,0.019744923800014174,1
v0,BsonetEurope-r2,BsonetEurope,B1,10,40,19,0.475,15,15,1.0,20.059865571041893,0.12779410800067126,0.019744923800014174,1
v0,BsonetEurope-r2,BsonetEurope,B1,11,40,19,0.475,15,15,1.0,20.067738914466187,0.12779410800067126,0.019744923800014174,1
v0,BsonetEurope-r2,BsonetEurope,B1,12,40,20,0.5,15,15,1.0,20.0,0.12779410800067126,0.019744923800014174,1
v0,BsonetEurope-r2,BsonetEurope,B1,13,40,20,0.5,15,15,1.0,20.0,0.12779410800067126,0.019744923800014174,1
v0,BsonetEurope-r2,BsonetEurope,B1,14,40,19,0.475,15,15,1.0,20.05833748209479,0.12779410800067126,0.019744923800014174,1
v0,BsonetEurope-r2,BsonetEurope,B1,15,40,20,0.5,15,15,1.0,20.0,0.12779410800067126,0.019744923800014174,1
v0,BsonetEurope-r2,BsonetEurope,B1,16,40,20,0.5,15,15,1.0,20.0,0.12779410800067126,0.019744923800014174,1
v0,BsonetEurope-r2,BsonetEurope,B1,17,40,19,0.475,15,15,1.0,20.99682372533503,0.12779410800067126,0.019744923800014174,1
v0,BsonetEurope-r2,BsonetEurope,B1,18,40,20,0.5,15,15,1.0,20.0,0.12779410800067126,0.019744923800014174,1
v0,BsonetEurope-r2,BsonetEurope,B1,19,40,19,0.475,15,15,1.0,20.522932515217587,0.12779410800067126,0.019744923800014174,1
v0,BsonetEurope-r2,BsonetEurope,B1,20,40,20,0.5,15,15,1.0,20.0,0.12779410800067126,0.019744923800014174,1
v0,BsonetEurope-r2,BsonetEurope,B1,21,40,19,0.475,15,15,1.0,20.058293173658807,0.12779410800067126,0.019744923800014174,1
v0,BsonetEurope-r2,BsonetEurope,B1,22,40,20,0.5,15,15,1.0,20.0,0.12779410800067126,0.019744923800014174,1
v0,BsonetEurope-r2,BsonetEurope,B1,23,40,19,0.475,15,15,1.0,20.061959966386098,0.12779410800067126,0.019744923800014174,1
v0,BsonetEurope-r2,BsonetEurope,B1,24,40,19,0.475,15,15,1.0,20.99682372533503,0.12779410800067126,0.019744923800014174,1
v0,BsonetEurope-r2,BsonetEurope,B1,25,40,20,0.5,15,15,1.0,20.0,0.12779410800067126,0.019744923800014174,1
v0,BsonetEurope-r2,BsonetEurope,B1,26,40,20,0.5,15,15,1.0,20.0,0.12779410800067126,0.019744923800014174,1
v0,BsonetEurope-r2,BsonetEurope,B1,27,40,19,0.475,15,15,1.0,20.99573255171606,0.12779410800067126,0.019744923800014174,1
v0,BsonetEurope-r2,BsonetEurope,B1,28,40,20,0.5,15,15,1.0,20.0,0.12779410800067126,0.019744923800014174,1
v0,BsonetEurope-r2,BsonetEurope,B1,29,40,20,0.5,15,15,1.0,20.0,0.12779410800067126,0.019744923800014174,1
v0,BsonetEurope-r2,BsonetEurope,TRAN,0,40,21,0.525,15,15,1.0,16.064348892938252,269.2974673429999,0.04561278046667212,1
v0,BsonetEurope-r2,BsonetEurope,TRAN,1,40,21,0.525,15,15,1.0,16.87980034967223,269.2974673429999,0.04561278046667212,1
v0,BsonetEurope-r2,BsonetEurope,TRAN,2,40,20,0.5,15,15,1.0,16.983746635701117,269.2974673429999,0.04561278046667212,1
v0,BsonetEurope-r2,BsonetEurope,TRAN,3,40,20,0.5,15,15,1.0,18.12291102203966,269.2974673429999,0.04561278046667212,1
v0,BsonetEurope-r2,BsonetEurope,TRAN,4,40,22,0.55,15,15,1.0,16.25691252137229,269.2974673429999,0.04561278046667212,1
v0,BsonetEurope-r2,BsonetEurope,TRAN,5,40,24,0.6,15,15,1.0,13.415241615605213,269.2974673429999,0.04561278046667212,1
v0,BsonetEurope-r2,BsonetEurope,TRAN,6,40,20,0.5,15,15,1.0,16.67921273580153,269.2974673429999,0.04561278046667212,1
v0,BsonetEurope-r2,BsonetEurope,TRAN,7,40,21,0.525,15,15,1.0,17.051272390016948,269.2974673429999,0.04561278046667212,1
v0,BsonetEurope-r2,BsonetEurope,TRAN,8,40,21,0.525,15,15,1.0,14.983158885268395,269.2974673429999,0.04561278046667212,1
v0,BsonetEurope-r2,BsonetEurope,TRAN,9,40,21,0.525,15,15,1.0,16.23559391154475,269.2974673429999,0.04561278046667212,1
v0,BsonetEurope-r2,BsonetEurope,TRAN,10,40,23,0.575,15,15,1.0,14.87956667327477,269.2974673429999,0.04561278046667212,1
v0,BsonetEurope-r2,BsonetEurope,TRAN,11,40,19,0.475,15,15,1.0,16.636517879647407,269.2974673429999,0.04561278046667212,1
v0,BsonetEurope-r2,BsonetEurope,TRAN,12,40,21,0.525,15,15,1.0,16.329209356287024,269.2974673429999,0.04561278046667212,1
v0,BsonetEurope-r2,BsonetEurope,TRAN,13,40,19,0.475,15,15,1.0,18.04962876553142,269.2974673429999,0.04561278046667212,1
v0,BsonetEurope-r2,BsonetEurope,TRAN,14,40,22,0.55,15,15,1.0,14.267203748439972,269.2974673429999,0.04561278046667212,1
v0,BsonetEurope-r2,BsonetEurope,TRAN,15,40,23,0.575,15,15,1.0,14.824789663618342,269.2974673429999,0.04561278046667212,1
v0,BsonetEurope-r2,BsonetEurope,TRAN,16,40,20,0.5,15,15,1.0,17.131590435443123,269.2974673429999,0.04561278046667212,1
v0,BsonetEurope-r2,BsonetEurope,TRAN,17,40,21,0.525,15,15,1.0,16.80132315087047,269.2974673429999,0.04561278046667212,1
v0,BsonetEurope-r2,BsonetEurope,TRAN,18,40,20,0.5,15,15,1.0,16.713708078466286,269.2974673429999,0.04561278046667212,1
v0,BsonetEurope-r2,BsonetEurope,TRAN,19,40,19,0.475,15,15,1.0,19.134659277901196,269.2974673429999,0.04561278046667212,1
v0,BsonetEurope-r2,BsonetEurope,TRAN,20,40,21,0.525,15,15,1.0,17.13264052774878,269.2974673429999,0.04561278046667212,1
v0,BsonetEurope-r2,BsonetEurope,TRAN,21,40,21,0.525,15,15,1.0,17.32337262968311,269.2974673429999,0.04561278046667212,1
v0,BsonetEurope-r2,BsonetEurope,TRAN,22,40,23,0.575,15,15,1.0,14.556829571107315,269.2974673429999,0.04561278046667212,1
v0,BsonetEurope-r2,BsonetEurope,TRAN,23,40,20,0.5,15,15,1.0,16.39909236902012,269.2974673429999,0.04561278046667212,1
v0,BsonetEurope-r2,BsonetEurope,TRAN,24,40,20,0.5,15,15,1.0,15.935494247698658,269.2974673429999,0.04561278046667212,1
v0,BsonetEurope-r2,BsonetEurope,TRAN,25,40,24,0.6,15,15,1.0,13.528329938094489,269.2974673429999,0.04561278046667212,1
v0,BsonetEurope-r2,BsonetEurope,TRAN,26,40,21,0.525,15,15,1.0,15.196327531400394,269.2974673429999,0.04561278046667212,1
v0,BsonetEurope-r2,BsonetEurope,TRAN,27,40,21,0.525,15,15,1.0,15.726414348241173,269.2974673429999,0.04561278046667212,1
v0,BsonetEurope-r2,BsonetEurope,TRAN,28,40,19,0.475,15,15,1.0,16.59518623771318,269.2974673429999,0.04561278046667212,1
v0,BsonetEurope-r2,BsonetEurope,TRAN,29,40,19,0.475,15,15,1.0,16.914255826833372,269.2974673429999,0.04561278046667212,1
v0,BtNorthAmerica-r0,BtNorthAmerica,B1,0,40,16,0.4,15,15,1.0,24.0,0.13865793100012525,0.02517308579999735,1
v0,BtNorthAmerica-r0,BtNorthAmerica,B1,1,40,16,0.4,15,15,1.0,24.0,0.13865793100012525,0.02517308579999735,1
v0,BtNorthAmerica-r0,BtNorthAmerica,B1,2,40,16,0.4,15,15,1.0,24.0,0.13865793100012525,0.02517308579999735,1
v0,BtNorthAmerica-r0,BtNorthAmerica,B1,3,40,15,0.375,15,15,1.0,24.03849184930943,0.13865793100012525,0.02517308579999735,1
v0,BtNorthAmerica-r0,BtNorthAmerica,B1,4,40,16,0.4,15,15,1.0,24.0,0.13865793100012525,0.02517308579999735,1
v0,BtNorthAmerica-r0,BtNorthAmerica,B1,5,40,16,0.4,15,15,1.0,24.0,0.13865793100012525,0.02517308579999735,1
v0,BtNorthAmerica-r0,BtNorthAmerica,B1,6,40,15,0.375,15,15,1.0,24.198966599256416,0.13865793100012525,0.02517308579999735,1
v0,BtNorthAmerica-r0,BtNorthAmerica,B1,7,40,15,0.375,15,15,1.0,24.36310148691616,0.13865793100012525,0.02517308579999735,1
v0,BtNorthAmerica-r0,BtNorthAmerica,B1,8,40,16,0.4,15,15,1.0,24.0,0.13865793100012525,0.02517308579999735,1
v0,BtNorthAmerica-r0,BtNorthAmerica,B1,9,40,16,0.4,15,15,1.0,24.0,0.13865793100012525,0.02517308579999735,1
v0,BtNorthAmerica-r0,BtNorthAmerica,B1,10,40,16,0.4,15,15,1.0,24.0,0.13865793100012525,0.02517308579999735,1
v0,BtNorthAmerica-r0,BtNorthAmerica,B1,11,40,16,0.4,15,15,1.0,24.0,0.13865793100012525,0.02517308579999735,1
v0,BtNorthAmerica-r0,BtNorthAmerica,B1,12,40,16,0.4,15,15,1.0,24.0,0.13865793100012525,0.02517308579999735,1
v0,BtNorthAmerica-r0,BtNorthAmerica,B1,13,40,16,0.4,15,15,1.0,24.0,0.13865793100012525,0.02517308579999735,1
v0,BtNorthAmerica-r0,BtNorthAmerica,B1,14,40,16,0.4,15,15,1.0,24.0,0.13865793100012525,0.02517308579999735,1
v0,BtNorthAmerica-r0,BtNorthAmerica,B1,15,40,15,0.375,15,15,1.0,24.761348000117415,0.13865793100012525,0.02517308579999735,1
v0,BtNorthAmerica-r0,BtNorthAmerica,B1,16,40,16,0.4,15,15,1.0,24.0,0.13865793100012525,0.02517308579999735,1
v0,BtNorthAmerica-r0,BtNorthAmerica,B1,17,40,16,0.4,15,15,1.0,24.0,0.13865793100012525,0.02517308579999735,1
v0,BtNorthAmerica-r0,BtNorthAmerica,B1,18,40,16,0.4,15,15,1.0,24.0,0.13865793100012525,0.02517308579999735,1
v0,BtNorthAmerica-r0,BtNorthAmerica,B1,19,40,16,0.4,15,15,1.0,24.0,0.13865793100012525,0.02517308579999735,1
v0,BtNorthAmerica-r0,BtNorthAmerica,B1,20,40,16,0.4,15,15,1.0,24.0,0.13865793100012525,0.02517308579999735,1
v0,BtNorthAmerica-r0,BtNorthAmerica,B1,21,40,16,0.4,15,15,1.0,24.0,0.13865793100012525,0.02517308579999735,1
v0,BtNorthAmerica-r0,BtNorthAmerica,B1,22,40,15,0.375,15,15,1.0,24.205938788395294,0.13865793100012525,0.02517308579999735,1
v0,BtNorthAmerica-r0,BtNorthAmerica,B1,23,40,16,0.4,15,15,1.0,24.0,0.13865793100012525,0.02517308579999735,1
v0,BtNorthAmerica-r0,BtNorthAmerica,B1,24,40,16,0.4,15,15,1.0,24.0,0.13865793100012525,0.02517308579999735,1
v0,BtNorthAmerica-r0,BtNorthAmerica,B1,25,40,16,0.4,15,15,1.0,24.0,0.13865793100012525,0.02517308579999735,1
v0,BtNorthAmerica-r0,BtNorthAmerica,B1,26,40,16,0.4,15,15,1.0,24.0,0.13865793100012525,0.02517308579999735,1
v0,BtNorthAmerica-r0,BtNorthAmerica,B1,27,40,16,0.4,15,15,1.0,24.0,0.13865793100012525,0.02517308579999735,1
v0,BtNorthAmerica-r0,BtNorthAmerica,B1,28,40,15,0.375,15,15,1.0,24.52909371843852,0.13865793100012525,0.02517308579999735,1
v0,BtNorthAmerica-r0,BtNorthAmerica,B1,29,40,16,0.4,15,15,1.0,24.0,0.13865793100012525,0.02517308579999735,1
v0,BtNorthAmerica-r0,BtNorthAmerica,TRAN,0,40,24,0.6,15,15,1.0,15.134638273310019,439.69921614899977,0.058774754633335154,1
v0,BtNorthAmerica-r0,BtNorthAmerica,TRAN,1,40,23,0.575,15,15,1.0,15.391856062210941,439.69921614899977,0.058774754633335154,1
v0,BtNorthAmerica-r0,BtNorthAmerica,TRAN,2,40,22,0.55,15,15,1.0,16.130304511386182,439.69921614899977,0.058774754633335154,1
v0,BtNorthAmerica-r0,BtNorthAmerica,TRAN,3,40,22,0.55,15,15,1.0,14.971614288582959,439.69921614899977,0.058774754633335154,1
v0,BtNorthAmerica-r0,BtNorthAmerica,TRAN,4,40,24,0.6,15,15,1.0,15.046512763844559,439.69921614899977,0.058774754633335154,1
v0,BtNorthAmerica-r0,BtNorthAmerica,TRAN,5,40,22,0.55,15,15,1.0,14.0812292541151,439.69921614899977,0.058774754633335154,1
v0,BtNorthAmerica-r0,BtNorthAmerica,TRAN,6,40,20,0.5,15,15,1.0,16.67185546416603,439.69921614899977,0.058774754633335154,1
v0,BtNorthAmerica-r0,BtNorthAmerica,TRAN,7,40,25,0.625,15,15,1.0,14.060303773460255,439.69921614899977,0.058774754633335154,1
v0,BtNorthAmerica-r0,BtNorthAmerica,TRAN,8,40,21,0.525,15,15,1.0,15.035435708837543,439.69921614899977,0.058774754633335154,1
v0,BtNorthAmerica-r0,BtNorthAmerica,TRAN,9,40,24,0.6,15,15,1.0,14.700801934858431,439.69921614899977,0.058774754633335154,1
v0,BtNorthAmerica-r0,BtNorthAmerica,TRAN,10,40,21,0.525,15,15,1.0,16.978499644251826,439.69921614899977,0.058774754633335154,1
v0,BtNorthAmerica-r0,BtNorthAmerica,TRAN,11,40,22,0.55,15,15,1.0,16.753282912058467,439.69921614899977,0.058774754633335154,1
v0,BtNorthAmerica-r0,BtNorthAmerica,TRAN,12,40,24,0.6,15,15,1.0,14.48566248379102,439.69921614899977,0.058774754633335154,1
v0,BtNorthAmerica-r0,BtNorthAmerica,TRAN,13,40,22,0.55,15,15,1.0,15.837750303200961,439.69921614899977,0.058774754633335154,1
v0,BtNorthAmerica-r0,BtNorthAmerica,TRAN,14,40,20,0.5,15,15,1.0,15.59119205692207,439.69921614899977,0.058774754633335154,1
v0,BtNorthAmerica-r0,BtNorthAmerica,TRAN,15,40,22,0.55,15,15,1.0,14.814423898525748,439.69921614899977,0.058774754633335154,1
v0,BtNorthAmerica-r0,BtNorthAmerica,TRAN,16,40,23,0.575,15,15,1.0,14.984103949151542,439.69921614899977,0.058774754633335154,1
v0,BtNorthAmerica-r0,BtNorthAmerica,TRAN,17,40,23,0.575,15,15,1.0,15.124932209708112,439.69921614899977,0.058774754633335154,1
v0,BtNorthAmerica-r0,BtNorthAmerica,TRAN,18,40,22,0.55,15,15,1.0,15.690904433746992,439.69921614899977,0.058774754633335154,1
v0,BtNorthAmerica-r0,BtNorthAmerica,TRAN,19,40,19,0.475,15,15,1.0,16.351300774045207,439.69921614899977,0.058774754633335154,1
v0,BtNorthAmerica-r0,BtNorthAmerica,TRAN,20,40,21,0.525,15,15,1.0,16.132241425829033,439.69921614899977,0.058774754633335154,1
v0,BtNorthAmerica-r0,BtNorthAmerica,TRAN,21,40,23,0.575,15,15,1.0,14.476114071085247,439.69921614899977,0.058774754633335154,1
v0,BtNorthAmerica-r0,BtNorthAmerica,TRAN,22,40,24,0.6,15,15,1.0,14.064209016745721,439.69921614899977,0.058774754633335154,1
v0,BtNorthAmerica-r0,BtNorthAmerica,TRAN,23,40,24,0.6,15,15,1.0,15.41123457426896,439.69921614899977,0.058774754633335154,1
v0,BtNorthAmerica-r0,BtNorthAmerica,TRAN,24,40,22,0.55,15,15,1.0,15.371028602073675,439.69921614899977,0.058774754633335154,1
v0,BtNorthAmerica-r0,BtNorthAmerica,TRAN,25,40,23,0.575,15,15,1.0,15.28477367308406,439.69921614899977,0.058774754633335154,1
v0,BtNorthAmerica-r0,BtNorthAmerica,TRAN,26,40,23,0.575,15,15,1.0,15.902710830175547,439.69921614899977,0.058774754633335154,1
v0,BtNorthAmerica-r0,BtNorthAmerica,TRAN,27,40,20,0.5,15,15,1.0,16.17417374620078,439.69921614899977,0.058774754633335154,1
v0,BtNorthAmerica-r0,BtNorthAmerica,TRAN,28,40,24,0.6,15,15,1.0,14.963251302037586,439.69921614899977,0.058774754633335154,1
v0,BtNorthAmerica-r0,BtNorthAmerica,TRAN,29,40,22,0.55,15,15,1.0,15.323583671922467,439.69921614899977,0.058774754633335154,1
v0,BtNorthAmerica-r1,BtNorthAmerica,B1,0,40,35,0.875,15,15,1.0,3.423520517179247,0.31311512699994637,0.053919222199995905,1
v0,BtNorthAmerica-r1,BtNorthAmerica,B1,1,40,36,0.9,15,15,1.0,2.236874945104976,0.31311512699994637,0.053919222199995905,1
v0,BtNorthAmerica-r1,BtNorthAmerica,B1,2,40,35,0.875,15,15,1.0,3.048236030557089,0.31311512699994637,0.053919222199995905,1
v0,BtNorthAmerica-r1,BtNorthAmerica,B1,3,40,36,0.9,15,15,1.0,2.735164060417445,0.31311512699994637,0.053919222199995905,1
v0,BtNorthAmerica-r1,BtNorthAmerica,B1,4,40,36,0.9,15,15,1.0,2.146784876331418,0.31311512699994637,0.053919222199995905,1
v0,BtNorthAmerica-r1,BtNorthAmerica,B1,5,40,36,0.9,15,15,1.0,2.11421527917363,0.31311512699994637,0.053919222199995905,1
v0,BtNorthAmerica-r1,BtNorthAmerica,B1,6,40,36,0.9,15,15,1.0,2.1199006726941363,0.31311512699994637,0.053919222199995905,1
v0,BtNorthAmerica-r1,BtNorthAmerica,B1,7,40,34,0.85,15,15,1.0,3.093745209076066,0.31311512699994637,0.053919222199995905,1
v0,BtNorthAmerica-r1,BtNorthAmerica,B1,8,40,36,0.9,15,15,1.0,2.520142571921698,0.31311512699994637,0.053919222199995905,1
v0,BtNorthAmerica-r1,BtNorthAmerica,B1,9,40,37,0.925,15,15,1.0,2.02589414980551,0.31311512699994637,0.053919222199995905,1
v0,BtNorthAmerica-r1,BtNorthAmerica,B1,10,40,36,0.9,15,15,1.0,2.28088134109338,0.31311512699994637,0.053919222199995905,1
v0,BtNorthAmerica-r1,BtNorthAmerica,B1,11,40,36,0.9,15,15,1.0,2.0324230901532774,0.31311512699994637,0.053919222199995905,1
v0,BtNorthAmerica-r1,BtNorthAmerica,B1,12,40,36,0.9,15,15,1.0,2.290975091816697,0.31311512699994637,0.053919222199995905,1
v0,BtNorthAmerica-r1,BtNorthAmerica,B1,13,40,36,0.9,15,15,1.0,2.141827559790291,0.31311512699994637,0.053919222199995905,1
v0,BtNorthAmerica-r1,BtNorthAmerica,B1,14,40,36,0.9,15,15,1.0,2.12026160725967,0.31311512699994637,0.053919222199995905,1
v0,BtNorthAmerica-r1,BtNorthAmerica,B1,15,40,37,0.925,15,15,1.0,2.0221579948962485,0.31311512699994637,0.053919222199995905,1
v0,BtNorthAmerica-r1,BtNorthAmerica,B1,16,40,34,0.85,15,15,1.0,3.7979299723112474,0.31311512699994637,0.053919222199995905,1
v0,BtNorthAmerica-r1,BtNorthAmerica,B1,17,40,36,0.9,15,15,1.0,2.1928201431812773,0.31311512699994637,0.053919222199995905,1
v0,BtNorthAmerica-r1,BtNorthAmerica,B1,18,40,34,0.85,15,15,1.0,4.091289625409369,0.31311512699994637,0.053919222199995905,1
v0,BtNorthAmerica-r1,BtNorthAmerica,B1,19,40,36,0.9,15,15,1.0,2.0734109540398595,0.31311512699994637,0.053919222199995905,1
v0,BtNorthAmerica-r1,BtNorthAmerica,B1,20,40,37,0.925,15,15,1.0,2.0221579948962485,0.31311512699994637,0.053919222199995905,1
v0,BtNorthAmerica-r1,BtNorthAmerica,B1,21,40,36,0.9,15,15,1.0,2.4201468294874036,0.31311512699994637,0.053919222199995905,1
v0,BtNorthAmerica-r1,BtNorthAmerica,B1,22,40,36,0.9,15,15,1.0,2.320067575847295,0.31311512699994637,0.053919222199995905,1
v0,BtNorthAmerica-r1,BtNorthAmerica,B1,23,40,37,0.925,15,15,1.0,2.0221579948962485,0.31311512699994637,0.053919222199995905,1
v0,BtNorthAmerica-r1,BtNorthAmerica,B1,24,40,36,0.9,15,15,1.0,2.9489675569316702,0.31311512699994637,0.053919222199995905,1
v0,BtNorthAmerica-r1,BtNorthAmerica,B1,25,40,36,0.9,15,15,1.0,2.092391733470821,0.31311512699994637,0.053919222199995905,1
v0,BtNorthAmerica-r1,BtNorthAmerica,B1,26,40,36,0.9,15,15,1.0,2.27597099108148,0.31311512699994637,0.053919222199995905,1
v0,BtNorthAmerica-r1,BtNorthAmerica,B1,27,40,37,0.925,15,15,1.0,2.0221579948962485,0.31311512699994637,0.053919222199995905,1
v0,BtNorthAmerica-r1,BtNorthAmerica,B1,28,40,37,0.925,15,15,1.0,2.0234033798660023,0.31311512699994637,0.053919222199995905,1
v0,BtNorthAmerica-r1,BtNorthAmerica,B1,29,40,36,0.9,15,15,1.0,2.2199841242707157,0.31311512699994637,0.053919222199995905,1
v0,BtNorthAmerica-r1,BtNorthAmerica,TRAN,0,40,31,0.775,15,15,1.0,7.599377070896601,219.07802163999986,0.07379948129998108,1
v0,BtNorthAmerica-r1,BtNorthAmerica,TRAN,1,40,32,0.8,15,15,1.0,7.970320779885614,219.07802163999986,0.07379948129998108,1
v0,BtNorthAmerica-r1,BtNorthAmerica,TRAN,2,40,30,0.75,15,15,1.0,8.539663023198045,219.07802163999986,0.07379948129998108,1
v0,BtNorthAmerica-r1,BtNorthAmerica,TRAN,3,40,32,0.8,15,15,1.0,7.722362983290604,219.07802163999986,0.07379948129998108,1
v0,BtNorthAmerica-r1,BtNorthAmerica,TRAN,4,40,31,0.775,15,15,1.0,8.089356885162166,219.07802163999986,0.07379948129998108,1
v0,BtNorthAmerica-r1,BtNorthAmerica,TRAN,5,40,31,0.775,15,15,1.0,7.862303175679201,219.07802163999986,0.07379948129998108,1
v0,BtNorthAmerica-r1,BtNorthAmerica,TRAN,6,40,30,0.75,15,15,1.0,8.129831429449917,219.07802163999986,0.07379948129998108,1
v0,BtNorthAmerica-r1,BtNorthAmerica,TRAN,7,40,29,0.725,15,15,1.0,9.045695456735762,219.07802163999986,0.07379948129998108,1
v0,BtNorthAmerica-r1,BtNorthAmerica,TRAN,8,40,31,0.775,15,15,1.0,7.767957252687444,219.07802163999986,0.07379948129998108,1
v0,BtNorthAmerica-r1,BtNorthAmerica,TRAN,9,40,30,0.75,15,15,1.0,7.950693391532815,219.07802163999986,0.07379948129998108,1
v0,BtNorthAmerica-r1,BtNorthAmerica,TRAN,10,40,31,0.775,15,15,1.0,8.206382268897789,219.07802163999986,0.07379948129998108,1
v0,BtNorthAmerica-r1,BtNorthAmerica,TRAN,11,40,32,0.8,15,15,1.0,7.561020658934756,219.07802163999986,0.07379948129998108,1
v0,BtNorthAmerica-r1,BtNorthAmerica,TRAN,12,40,31,0.775,15,15,1.0,8.129186730243003,219.07802163999986,0.07379948129998108,1
v0,BtNorthAmerica-r1,BtNorthAmerica,TRAN,13,40,31,0.775,15,15,1.0,8.059404772330767,219.07802163999986,0.07379948129998108,1
v0,BtNorthAmerica-r1,BtNorthAmerica,TRAN,14,40,31,0.775,15,15,1.0,8.034656854552818,219.07802163999986,0.07379948129998108,1
v0,BtNorthAmerica-r1,BtNorthAmerica,TRAN,15,40,31,0.775,15,15,1.0,7.703488476375427,219.07802163999986,0.07379948129998108,1
v0,BtNorthAmerica-r1,BtNorthAmerica,TRAN,16,40,31,0.775,15,15,1.0,7.80115089267088,219.07802163999986,0.07379948129998108,1
v0,BtNorthAmerica-r1,BtNorthAmerica,TRAN,17,40,30,0.75,15,15,1.0,8.158123154730221,219.07802163999986,0.07379948129998108,1
v0,BtNorthAmerica-r1,BtNorthAmerica,TRAN,18,40,31,0.775,15,15,1.0,7.74623610577282,219.07802163999986,0.07379948129998108,1
v0,BtNorthAmerica-r1,BtNorthAmerica,TRAN,19,40,32,0.8,15,15,1.0,7.702589294944682,219.07802163999986,0.07379948129998108,1
v0,BtNorthAmerica-r1,BtNorthAmerica,TRAN,20,40,29,0.725,15,15,1.0,8.546919054783501,219.07802163999986,0.07379948129998108,1
v0,BtNorthAmerica-r1,BtNorthAmerica,TRAN,21,40,31,0.775,15,15,1.0,7.958456457983768,219.07802163999986,0.07379948129998108,1
v0,BtNorthAmerica-r1,BtNorthAmerica,TRAN,22,40,30,0.75,15,15,1.0,7.963237965275351,219.07802163999986,0.07379948129998108,1
v0,BtNorthAmerica-r1,BtNorthAmerica,TRAN,23,40,30,0.75,15,15,1.0,8.161157407163453,219.07802163999986,0.07379948129998108,1
v0,BtNorthAmerica-r1,BtNorthAmerica,TRAN,24,40,30,0.75,15,15,1.0,8.589407120959724,219.07802163999986,0.07379948129998108,1
v0,BtNorthAmerica-r1,BtNorthAmerica,TRAN,25,40,30,0.75,15,15,1.0,7.929626003108852,219.07802163999986,0.07379948129998108,1
v0,BtNorthAmerica-r1,BtNorthAmerica,TRAN,26,40,29,0.725,15,15,1.0,9.226189788745906,219.07802163999986,0.07379948129998108,1
v0,BtNorthAmerica-r1,BtNorthAmerica,TRAN,27,40,32,0.8,15,15,1.0,7.725661039516032,219.07802163999986,0.07379948129998108,1
v0,BtNorthAmerica-r1,BtNorthAmerica,TRAN,28,40,31,0.775,15,15,1.0,7.915876679984591,219.07802163999986,0.07379948129998108,1
v0,BtNorthAmerica-r1,BtNorthAmerica,TRAN,29,40,31,0.775,15,15,1.0,7.668618245087722,219.07802163999986,0.07379948129998108,1
v0,BtNorthAmerica-r2,BtNorthAmerica,B1,0,40,14,0.35,15,15,1.0,26.0,0.14431353000054514,0.025436459733312707,1
v0,BtNorthAmerica-r2,BtNorthAmerica,B1,1,40,14,0.35,15,15,1.0,26.0,0.14431353000054514,0.025436459733312707,1
v0,BtNorthAmerica-r2,BtNorthAmerica,B1,2,40,14,0.35,15,15,1.0,26.0,0.14431353000054514,0.025436459733312707,1
v0,BtNorthAmerica-r2,BtNorthAmerica,B1,3,40,14,0.35,15,15,1.0,26.0,0.14431353000054514,0.025436459733312707,1
v0,BtNorthAmerica-r2,BtNorthAmerica,B1,4,40,14,0.35,15,15,1.0,26.0,0.14431353000054514,0.025436459733312707,1
v0,BtNorthAmerica-r2,BtNorthAmerica,B1,5,40,14,0.35,15,15,1.0,26.0,0.14431353000054514,0.025436459733312707,1
v0,BtNorthAmerica-r2,BtNorthAmerica,B1,6,40,14,0.35,15,15,1.0,26.0,0.14431353000054514,0.025436459733312707,1
v0,BtNorthAmerica-r2,BtNorthAmerica,B1,7,40,14,0.35,15,15,1.0,26.0,0.14431353000054514,0.025436459733312707,1
v0,BtNorthAmerica-r2,BtNorthAmerica,B1,8,40,14,0.35,15,15,1.0,26.0,0.14431353000054514,0.025436459733312707,1
v0,BtNorthAmerica-r2,BtNorthAmerica,B1,9,40,14,0.35,15,15,1.0,26.0,0.14431353000054514,0.025436459733312707,1
v0,BtNorthAmerica-r2,BtNorthAmerica,B1,10,40,14,0.35,15,15,1.0,26.0,0.14431353000054514,0.025436459733312707,1
v0,BtNorthAmerica-r2,BtNorthAmerica,B1,11,40,14,0.35,15,15,1.0,26.0,0.14431353000054514,0.025436459733312707,1
v0,BtNorthAmerica-r2,BtNorthAmerica,B1,12,40,14,0.35,15,15,1.0,26.0,0.14431353000054514,0.025436459733312707,1
v0,BtNorthAmerica-r2,BtNorthAmerica,B1,13,40,14,0.35,15,15,1.0,26.0,0.14431353000054514,0.025436459733312707,1
v0,BtNorthAmerica-r2,BtNorthAmerica,B1,14,40,14,0.35,15,15,1.0,26.0,0.14431353000054514,0.025436459733312707,1
v0,BtNorthAmerica-r2,BtNorthAmerica,B1,15,40,14,0.35,15,15,1.0,26.0,0.14431353000054514,0.025436459733312707,1
v0,BtNorthAmerica-r2,BtNorthAmerica,B1,16,40,14,0.35,15,15,1.0,26.0,0.14431353000054514,0.025436459733312707,1
v0,BtNorthAmerica-r2,BtNorthAmerica,B1,17,40,14,0.35,15,15,1.0,26.0,0.14431353000054514,0.025436459733312707,1
v0,BtNorthAmerica-r2,BtNorthAmerica,B1,18,40,14,0.35,15,15,1.0,26.0,0.14431353000054514,0.025436459733312707,1
v0,BtNorthAmerica-r2,BtNorthAmerica,B1,19,40,14,0.35,15,15,1.0,26.0,0.14431353000054514,0.025436459733312707,1
v0,BtNorthAmerica-r2,BtNorthAmerica,B1,20,40,14,0.35,15,15,1.0,26.0,0.14431353000054514,0.025436459733312707,1
v0,BtNorthAmerica-r2,BtNorthAmerica,B1,21,40,14,0.35,15,15,1.0,26.0,0.14431353000054514,0.025436459733312707,1
v0,BtNorthAmerica-r2,BtNorthAmerica,B1,22,40,14,0.35,15,15,1.0,26.0,0.14431353000054514,0.025436459733312707,1
v0,BtNorthAmerica-r2,BtNorthAmerica,B1,23,40,14,0.35,15,15,1.0,26.0,0.14431353000054514,0.025436459733312707,1
v0,BtNorthAmerica-r2,BtNorthAmerica,B1,24,40,14,0.35,15,15,1.0,26.0,0.14431353000054514,0.025436459733312707,1
v0,BtNorthAmerica-r2,BtNorthAmerica,B1,25,40,14,0.35,15,15,1.0,26.0,0.14431353000054514,0.025436459733312707,1
v0,BtNorthAmerica-r2,BtNorthAmerica,B1,26,40,14,0.35,15,15,1.0,26.0,0.14431353000054514,0.025436459733312707,1
v0,BtNorthAmerica-r2,BtNorthAmerica,B1,27,40,14,0.35,15,15,1.0,26.0,0.14431353000054514,0.025436459733312707,1
v0,BtNorthAmerica-r2,BtNorthAmerica,B1,28,40,14,0.35,15,15,1.0,26.0,0.14431353000054514,0.025436459733312707,1
v0,BtNorthAmerica-r2,BtNorthAmerica,B1,29,40,14,0.35,15,15,1.0,26.0,0.14431353000054514,0.025436459733312707,1
v0,BtNorthAmerica-r2,BtNorthAmerica,TRAN,0,40,18,0.45,15,15,1.0,19.616156167192628,344.58403875299973,0.1197914310999901,1
v0,BtNorthAmerica-r2,BtNorthAmerica,TRAN,1,40,16,0.4,15,15,1.0,21.261249991803084,344.58403875299973,0.1197914310999901,1
v0,BtNorthAmerica-r2,BtNorthAmerica,TRAN,2,40,16,0.4,15,15,1.0,20.897995080474576,344.58403875299973,0.1197914310999901,1
v0,BtNorthAmerica-r2,BtNorthAmerica,TRAN,3,40,15,0.375,15,15,1.0,22.10710620846852,344.58403875299973,0.1197914310999901,1
v0,BtNorthAmerica-r2,BtNorthAmerica,TRAN,4,40,17,0.425,15,15,1.0,21.747931865246663,344.58403875299973,0.1197914310999901,1
v0,BtNorthAmerica-r2,BtNorthAmerica,TRAN,5,40,14,0.35,15,15,1.0,21.885217652348132,344.58403875299973,0.1197914310999901,1
v0,BtNorthAmerica-r2,BtNorthAmerica,TRAN,6,40,18,0.45,15,15,1.0,20.983142505076902,344.58403875299973,0.1197914310999901,1
v0,BtNorthAmerica-r2,BtNorthAmerica,TRAN,7,40,14,0.35,15,15,1.0,23.642770529464876,344.58403875299973,0.1197914310999901,1
v0,BtNorthAmerica-r2,BtNorthAmerica,TRAN,8,40,18,0.45,15,15,1.0,20.424616319643764,344.58403875299973,0.1197914310999901,1
v0,BtNorthAmerica-r2,BtNorthAmerica,TRAN,9,40,14,0.35,15,15,1.0,22.63746747586951,344.58403875299973,0.1197914310999901,1
v0,BtNorthAmerica-r2,BtNorthAmerica,TRAN,10,40,15,0.375,15,15,1.0,22.173413804474112,344.58403875299973,0.1197914310999901,1
v0,BtNorthAmerica-r2,BtNorthAmerica,TRAN,11,40,15,0.375,15,15,1.0,21.934357720148633,344.58403875299973,0.1197914310999901,1
v0,BtNorthAmerica-r2,BtNorthAmerica,TRAN,12,40,15,0.375,15,15,1.0,21.73458008010186,344.58403875299973,0.1197914310999901,1
v0,BtNorthAmerica-r2,BtNorthAmerica,TRAN,13,40,16,0.4,15,15,1.0,21.8831769168114,344.58403875299973,0.1197914310999901,1
v0,BtNorthAmerica-r2,BtNorthAmerica,TRAN,14,40,15,0.375,15,15,1.0,22.078006959835093,344.58403875299973,0.1197914310999901,1
v0,BtNorthAmerica-r2,BtNorthAmerica,TRAN,15,40,17,0.425,15,15,1.0,20.02877823410395,344.58403875299973,0.1197914310999901,1
v0,BtNorthAmerica-r2,BtNorthAmerica,TRAN,16,40,16,0.4,15,15,1.0,21.95865731948305,344.58403875299973,0.1197914310999901,1
v0,BtNorthAmerica-r2,BtNorthAmerica,TRAN,17,40,19,0.475,15,15,1.0,20.35754540215503,344.58403875299973,0.1197914310999901,1
v0,BtNorthAmerica-r2,BtNorthAmerica,TRAN,18,40,15,0.375,15,15,1.0,21.572066586988047,344.58403875299973,0.1197914310999901,1
v0,BtNorthAmerica-r2,BtNorthAmerica,TRAN,19,40,18,0.45,15,15,1.0,20.72238164481452,344.58403875299973,0.1197914310999901,1
v0,BtNorthAmerica-r2,BtNorthAmerica,TRAN,20,40,15,0.375,15,15,1.0,22.26069194698378,344.58403875299973,0.1197914310999901,1
v0,BtNorthAmerica-r2,BtNorthAmerica,TRAN,21,40,15,0.375,15,15,1.0,23.273324926035897,344.58403875299973,0.1197914310999901,1
v0,BtNorthAmerica-r2,BtNorthAmerica,TRAN,22,40,14,0.35,15,15,1.0,24.218537236920266,344.58403875299973,0.1197914310999901,1
v0,BtNorthAmerica-r2,BtNorthAmerica,TRAN,23,40,14,0.35,15,15,1.0,22.03283158524664,344.58403875299973,0.1197914310999901,1
v0,BtNorthAmerica-r2,BtNorthAmerica,TRAN,24,40,18,0.45,15,15,1.0,20.519023367599985,344.58403875299973,0.1197914310999901,1
v0,BtNorthAmerica-r2,BtNorthAmerica,TRAN,25,40,16,0.4,15,15,1.0,22.602539879019655,344.58403875299973,0.1197914310999901,1
v0,BtNorthAmerica-r2,BtNorthAmerica,TRAN,26,40,15,0.375,15,15,1.0,22.784110949866008,344.58403875299973,0.1197914310999901,1
v0,BtNorthAmerica-r2,BtNorthAmerica,TRAN,27,40,18,0.45,15,15,1.0,20.78070252011761,344.58403875299973,0.1197914310999901,1
v0,BtNorthAmerica-r2,BtNorthAmerica,TRAN,28,40,17,0.425,15,15,1.0,21.512147452020592,344.58403875299973,0.1197914310999901,1
v0,BtNorthAmerica-r2,BtNorthAmerica,TRAN,29,40,15,0.375,15,15,1.0,22.611125266441665,344.58403875299973,0.1197914310999901,1
v0,Cesnet200603-r0,Cesnet200603,B1,0,40,19,0.475,15,15,1.0,21.0,0.13342182700034755,0.026037240000005114,1
v0,Cesnet200603-r0,Cesnet200603,B1,1,40,19,0.475,15,15,1.0,21.0,0.13342182700034755,0.026037240000005114,1
v0,Cesnet200603-r0,Cesnet200603,B1,2,40,19,0.475,15,15,1.0,21.0,0.13342182700034755,0.026037240000005114,1
v0,Cesnet200603-r0,Cesnet200603,B1,3,40,18,0.45,15,15,1.0,21.816983243455212,0.13342182700034755,0.026037240000005114,1
v0,Cesnet200603-r0,Cesnet200603,B1,4,40,19,0.475,15,15,1.0,21.0,0.13342182700034755,0.026037240000005114,1
v0,Cesnet200603-r0,Cesnet200603,B1,5,40,19,0.475,15,15,1.0,21.0,0.13342182700034755,0.026037240000005114,1
v0,Cesnet200603-r0,Cesnet200603,B1,6,40,19,0.475,15,15,1.0,21.0,0.13342182700034755,0.026037240000005114,1
v0,Cesnet200603-r0,Cesnet200603,B1,7,40,19,0.475,15,15,1.0,21.0,0.13342182700034755,0.026037240000005114,1
v0,Cesnet200603-r0,Cesnet200603,B1,8,40,19,0.475,15,15,1.0,21.0,0.13342182700034755,0.026037240000005114,1
v0,Cesnet200603-r0,Cesnet200603,B1,9,40,19,0.475,15,15,1.0,21.0,0.13342182700034755,0.026037240000005114,1
v0,Cesnet200603-r0,Cesnet200603,B1,10,40,19,0.475,15,15,1.0,21.0,0.13342182700034755,0.026037240000005114,1
v0,Cesnet200603-r0,Cesnet200603,B1,11,40,19,0.475,15,15,1.0,21.0,0.13342182700034755,0.026037240000005114,1
v0,Cesnet200603-r0,Cesnet200603,B1,12,40,19,0.475,15,15,1.0,21.0,0.13342182700034755,0.026037240000005114,1
v0,Cesnet200603-r0,Cesnet200603,B1,13,40,19,0.475,15,15,1.0,21.0,0.13342182700034755,0.026037240000005114,1
v0,Cesnet200603-r0,Cesnet200603,B1,14,40,19,0.475,15,15,1.0,21.0,0.13342182700034755,0.026037240000005114,1
v0,Cesnet200603-r0,Cesnet200603,B1,15,40,19,0.475,15,15,1.0,21.0,0.13342182700034755,0.026037240000005114,1
v0,Cesnet200603-r0,Cesnet200603,B1,16,40,19,0.475,15,15,1.0,21.0,0.13342182700034755,0.026037240000005114,1
v0,Cesnet200603-r0,Cesnet200603,B1,17,40,19,0.475,15,15,1.0,21.0,0.13342182700034755,0.026037240000005114,1
v0,Cesnet200603-r0,Cesnet200603,B1,18,40,19,0.475,15,15,1.0,21.0,0.13342182700034755,0.026037240000005114,1
v0,Cesnet200603-r0,Cesnet200603,B1,19,40,19,0.475,15,15,1.0,21.0,0.13342182700034755,0.026037240000005114,1
v0,Cesnet200603-r0,Cesnet200603,B1,20,40,19,0.475,15,15,1.0,21.0,0.13342182700034755,0.026037240000005114,1
v0,Cesnet200603-r0,Cesnet200603,B1,21,40,19,0.475,15,15,1.0,21.0,0.13342182700034755,0.026037240000005114,1
v0,Cesnet200603-r0,Cesnet200603,B1,22,40,19,0.475,15,15,1.0,21.0,0.13342182700034755,0.026037240000005114,1
v0,Cesnet200603-r0,Cesnet200603,B1,23,40,19,0.475,15,15,1.0,21.0,0.13342182700034755,0.026037240000005114,1
v0,Cesnet200603-r0,Cesnet200603,B1,24,40,19,0.475,15,15,1.0,21.0,0.13342182700034755,0.026037240000005114,1
v0,Cesnet200603-r0,Cesnet200603,B1,25,40,19,0.475,15,15,1.0,21.0,0.13342182700034755,0.026037240000005114,1
v0,Cesnet200603-r0,Cesnet200603,B1,26,40,19,0.475,15,15,1.0,21.0,0.13342182700034755,0.026037240000005114,1
v0,Cesnet200603-r0,Cesnet200603,B1,27,40,19,0.475,15,15,1.0,21.0,0.13342182700034755,0.026037240000005114,1
v0,Cesnet200603-r0,Cesnet200603,B1,28,40,19,0.475,15,15,1.0,21.0,0.13342182700034755,0.026037240000005114,1
v0,Cesnet200603-r0,Cesnet200603,B1,29,40,19,0.475,15,15,1.0,21.0,0.13342182700034755,0.026037240000005114,1
v0,Cesnet200603-r0,Cesnet200603,TRAN,0,40,18,0.45,15,15,1.0,20.503614378814824,348.6628875760007,0.08911133506665768,1
v0,Cesnet200603-r0,Cesnet200603,TRAN,1,40,21,0.525,15,15,1.0,16.409806653510017,348.6628875760007,0.08911133506665768,1
v0,Cesnet200603-r0,Cesnet200603,TRAN,2,40,22,0.55,15,15,1.0,17.43298138077343,348.6628875760007,0.08911133506665768,1
v0,Cesnet200603-r0,Cesnet200603,TRAN,3,40,23,0.575,15,15,1.0,16.0630939171912,348.6628875760007,0.08911133506665768,1
v0,Cesnet200603-r0,Cesnet200603,TRAN,4,40,22,0.55,15,15,1.0,16.690544179221178,348.6628875760007,0.08911133506665768,1
v0,Cesnet200603-r0,Cesnet200603,TRAN,5,40,21,0.525,15,15,1.0,16.00816971486689,348.6628875760007,0.08911133506665768,1
v0,Cesnet200603-r0,Cesnet200603,TRAN,6,40,18,0.45,15,15,1.0,19.365061113161453,348.6628875760007,0.08911133506665768,1
v0,Cesnet200603-r0,Cesnet200603,TRAN,7,40,22,0.55,15,15,1.0,15.998330454285547,348.6628875760007,0.08911133506665768,1
v0,Cesnet200603-r0,Cesnet200603,TRAN,8,40,20,0.5,15,15,1.0,18.742374049698256,348.6628875760007,0.08911133506665768,1
v0,Cesnet200603-r0,Cesnet200603,TRAN,9,40,24,0.6,15,15,1.0,15.173878283433774,348.6628875760007,0.08911133506665768,1
v0,Cesnet200603-r0,Cesnet200603,TRAN,10,40,21,0.525,15,15,1.0,17.807441512024432,348.6628875760007,0.08911133506665768,1
v0,Cesnet200603-r0,Cesnet200603,TRAN,11,40,20,0.5,15,15,1.0,17.910762956640177,348.6628875760007,0.08911133506665768,1
v0,Cesnet200603-r0,Cesnet200603,TRAN,12,40,23,0.575,15,15,1.0,16.415426704448638,348.6628875760007,0.08911133506665768,1
v0,Cesnet200603-r0,Cesnet200603,TRAN,13,40,21,0.525,15,15,1.0,17.866653828367557,348.6628875760007,0.08911133506665768,1
v0,Cesnet200603-r0,Cesnet200603,TRAN,14,40,19,0.475,15,15,1.0,17.58521068658078,348.6628875760007,0.08911133506665768,1
v0,Cesnet200603-r0,Cesnet200603,TRAN,15,40,21,0.525,15,15,1.0,17.84761200172533,348.6628875760007,0.08911133506665768,1
v0,Cesnet200603-r0,Cesnet200603,TRAN,16,40,20,0.5,15,15,1.0,18.409095085198054,348.6628875760007,0.08911133506665768,1
v0,Cesnet200603-r0,Cesnet200603,TRAN,17,40,23,0.575,15,15,1.0,16.92890395118705,348.6628875760007,0.08911133506665768,1
v0,Cesnet200603-r0,Cesnet200603,TRAN,18,40,21,0.525,15,15,1.0,18.40309012058921,348.6628875760007,0.08911133506665768,1
v0,Cesnet200603-r0,Cesnet200603,TRAN,19,40,22,0.55,15,15,1.0,16.803095788291795,348.6628875760007,0.08911133506665768,1
v0,Cesnet200603-r0,Cesnet200603,TRAN,20,40,20,0.5,15,15,1.0,17.701439301240516,348.6628875760007,0.08911133506665768,1
v0,Cesnet200603-r0,Cesnet200603,TRAN,21,40,24,0.6,15,15,1.0,15.274619603624707,348.6628875760007,0.08911133506665768,1
v0,Cesnet200603-r0,Cesnet200603,TRAN,22,40,19,0.475,15,15,1.0,20.024163594764232,348.6628875760007,0.08911133506665768,1
v0,Cesnet200603-r0,Cesnet200603,TRAN,23,40,21,0.525,15,15,1.0,16.531638023329442,348.6628875760007,0.08911133506665768,1
v0,Cesnet200603-r0,Cesnet200603,TRAN,24,40,24,0.6,15,15,1.0,14.95385761636817,348.6628875760007,0.08911133506665768,1
v0,Cesnet200603-r0,Cesnet200603,TRAN,25,40,21,0.525,15,15,1.0,17.06628932882324,348.6628875760007,0.08911133506665768,1
v0,Cesnet200603-r0,Cesnet200603,TRAN,26,40,23,0.575,15,15,1.0,16.130202855252424,348.6628875760007,0.08911133506665768,1
v0,Cesnet200603-r0,Cesnet200603,TRAN,27,40,22,0.55,15,15,1.0,17.363239658945837,348.6628875760007,0.08911133506665768,1
v0,Cesnet200603-r0,Cesnet200603,TRAN,28,40,22,0.55,15,15,1.0,16.58585499416314,348.6628875760007,0.08911133506665768,1
v0,Cesnet200603-r0,Cesnet200603,TRAN,29,40,22,0.55,15,15,1.0,15.676221883444354,348.6628875760007,0.08911133506665768,1
v0,Cesnet200603-r1,Cesnet200603,B1,0,40,21,0.525,15,15,1.0,17.256187352584224,0.16477252999993652,0.05702448390002246,1
v0,Cesnet200603-r1,Cesnet200603,B1,1,40,22,0.55,15,15,1.0,16.903052391244646,0.16477252999993652,0.05702448390002246,1
v0,Cesnet200603-r1,Cesnet200603,B1,2,40,22,0.55,15,15,1.0,17.07741173531359,0.16477252999993652,0.05702448390002246,1
v0,Cesnet200603-r1,Cesnet200603,B1,3,40,23,0.575,15,15,1.0,16.799447158587107,0.16477252999993652,0.05702448390002246,1
v0,Cesnet200603-r1,Cesnet200603,B1,4,40,21,0.525,15,15,1.0,17.510938400233652,0.16477252999993652,0.05702448390002246,1
v0,Cesnet200603-r1,Cesnet200603,B1,5,40,23,0.575,15,15,1.0,16.35816913439215,0.16477252999993652,0.05702448390002246,1
v0,Cesnet200603-r1,Cesnet200603,B1,6,40,22,0.55,15,15,1.0,17.219258651156082,0.16477252999993652,0.05702448390002246,1
v0,Cesnet200603-r1,Cesnet200603,B1,7,40,23,0.575,15,15,1.0,16.043388683066713,0.16477252999993652,0.05702448390002246,1
v0,Cesnet200603-r1,Cesnet200603,B1,8,40,24,0.6,15,15,1.0,16.0,0.16477252999993652,0.05702448390002246,1
v0,Cesnet200603-r1,Cesnet200603,B1,9,40,24,0.6,15,15,1.0,16.0,0.16477252999993652,0.05702448390002246,1
v0,Cesnet200603-r1,Cesnet200603,B1,10,40,23,0.575,15,15,1.0,16.46138609445758,0.16477252999993652,0.05702448390002246,1
v0,Cesnet200603-r1,Cesnet200603,B1,11,40,24,0.6,15,15,1.0,16.000000000000004,0.16477252999993652,0.05702448390002246,1
v0,Cesnet200603-r1,Cesnet200603,B1,12,40,23,0.575,15,15,1.0,16.997763282044108,0.16477252999993652,0.05702448390002246,1
v0,Cesnet200603-r1,Cesnet200603,B1,13,40,23,0.575,15,15,1.0,16.146943724993257,0.16477252999993652,0.05702448390002246,1
v0,Cesnet200603-r1,Cesnet200603,B1,14,40,23,0.575,15,15,1.0,16.78121294570999,0.16477252999993652,0.05702448390002246,1
v0,Cesnet200603-r1,Cesnet200603,B1,15,40,24,0.6,15,15,1.0,16.0,0.16477252999993652,0.05702448390002246,1
v0,Cesnet200603-r1,Cesnet200603,B1,16,40,24,0.6,15,15,1.0,16.0,0.16477252999993652,0.05702448390002246,1
v0,Cesnet200603-r1,Cesnet200603,B1,17,40,23,0.575,15,15,1.0,16.232430586475637,0.16477252999993652,0.05702448390002246,1
v0,Cesnet200603-r1,Cesnet200603,B1,18,40,24,0.6,15,15,1.0,16.0,0.16477252999993652,0.05702448390002246,1
v0,Cesnet200603-r1,Cesnet200603,B1,19,40,21,0.525,15,15,1.0,16.773234294453097,0.16477252999993652,0.05702448390002246,1
v0,Cesnet200603-r1,Cesnet200603,B1,20,40,22,0.55,15,15,1.0,16.3088267832803,0.16477252999993652,0.05702448390002246,1
v0,Cesnet200603-r1,Cesnet200603,B1,21,40,22,0.55,15,15,1.0,17.566704155910454,0.16477252999993652,0.05702448390002246,1
v0,Cesnet200603-r1,Cesnet200603,B1,22,40,24,0.6,15,15,1.0,16.0,0.16477252999993652,0.05702448390002246,1
v0,Cesnet200603-r1,Cesnet200603,B1,23,40,24,0.6,15,15,1.0,16.0,0.16477252999993652,0.05702448390002246,1
v0,Cesnet200603-r1,Cesnet200603,B1,24,40,24,0.6,15,15,1.0,16.0,0.16477252999993652,0.05702448390002246,1
v0,Cesnet200603-r1,Cesnet200603,B1,25,40,24,0.6,15,15,1.0,16.0,0.16477252999993652,0.05702448390002246,1
v0,Cesnet200603-r1,Cesnet200603,B1,26,40,22,0.55,15,15,1.0,16.931283250400185,0.16477252999993652,0.05702448390002246,1
v0,Cesnet200603-r1,Cesnet200603,B1,27,40,22,0.55,15,15,1.0,17.529249586222303,0.16477252999993652,0.05702448390002246,1
v0,Cesnet200603-r1,Cesnet200603,B1,28,40,22,0.55,15,15,1.0,17.47799186916631,0.16477252999993652,0.05702448390002246,1
v0,Cesnet200603-r1,Cesnet200603,B1,29,40,24,0.6,15,15,1.0,16.0,0.16477252999993652,0.05702448390002246,1
v0,Cesnet200603-r1,Cesnet200603,TRAN,0,40,25,0.625,15,15,1.0,12.57046500192519,188.85210571799962,0.060385321133344404,1
v0,Cesnet200603-r1,Cesnet200603,TRAN,1,40,26,0.65,15,15,1.0,13.599958538883328,188.85210571799962,0.060385321133344404,1
v0,Cesnet200603-r1,Cesnet200603,TRAN,2,40,25,0.625,15,15,1.0,14.053711201740036,188.85210571799962,0.060385321133344404,1
v0,Cesnet200603-r1,Cesnet200603,TRAN,3,40,27,0.675,15,15,1.0,11.882647030261317,188.85210571799962,0.060385321133344404,1
v0,Cesnet200603-r1,Cesnet200603,TRAN,4,40,22,0.55,15,15,1.0,16.11740601370449,188.85210571799962,0.060385321133344404,1
v0,Cesnet200603-r1,Cesnet200603,TRAN,5,40,23,0.575,15,15,1.0,15.191339463330696,188.85210571799962,0.060385321133344404,1
v0,Cesnet200603-r1,Cesnet200603,TRAN,6,40,25,0.625,15,15,1.0,13.082237621765918,188.85210571799962,0.060385321133344404,1
v0,Cesnet200603-r1,Cesnet200603,TRAN,7,40,27,0.675,15,15,1.0,12.367211822435593,188.85210571799962,0.060385321133344404,1
v0,Cesnet200603-r1,Cesnet200603,TRAN,8,40,26,0.65,15,15,1.0,13.103228185767431,188.85210571799962,0.060385321133344404,1
v0,Cesnet200603-r1,Cesnet200603,TRAN,9,40,22,0.55,15,15,1.0,14.134430284031184,188.85210571799962,0.060385321133344404,1
v0,Cesnet200603-r1,Cesnet200603,TRAN,10,40,24,0.6,15,15,1.0,12.630653184935413,188.85210571799962,0.060385321133344404,1
v0,Cesnet200603-r1,Cesnet200603,TRAN,11,40,25,0.625,15,15,1.0,13.082568369457988,188.85210571799962,0.060385321133344404,1
v0,Cesnet200603-r1,Cesnet200603,TRAN,12,40,24,0.6,15,15,1.0,12.539501268914583,188.85210571799962,0.060385321133344404,1
v0,Cesnet200603-r1,Cesnet200603,TRAN,13,40,25,0.625,15,15,1.0,12.633220793110844,188.85210571799962,0.060385321133344404,1
v0,Cesnet200603-r1,Cesnet200603,TRAN,14,40,24,0.6,15,15,1.0,15.378961547864154,188.85210571799962,0.060385321133344404,1
v0,Cesnet200603-r1,Cesnet200603,TRAN,15,40,26,0.65,15,15,1.0,13.237849576722242,188.85210571799962,0.060385321133344404,1
v0,Cesnet200603-r1,Cesnet200603,TRAN,16,40,24,0.6,15,15,1.0,14.145522709041387,188.85210571799962,0.060385321133344404,1
v0,Cesnet200603-r1,Cesnet200603,TRAN,17,40,25,0.625,15,15,1.0,13.35517058266279,188.85210571799962,0.060385321133344404,1
v0,Cesnet200603-r1,Cesnet200603,TRAN,18,40,26,0.65,15,15,1.0,12.964743222127957,188.85210571799962,0.060385321133344404,1
v0,Cesnet200603-r1,Cesnet200603,TRAN,19,40,25,0.625,15,15,1.0,13.386940909529118,188.85210571799962,0.060385321133344404,1
v0,Cesnet200603-r1,Cesnet200603,TRAN,20,40,26,0.65,15,15,1.0,13.062231048758532,188.85210571799962,0.060385321133344404,1
v0,Cesnet200603-r1,Cesnet200603,TRAN,21,40,23,0.575,15,15,1.0,14.912738923991977,188.85210571799962,0.060385321133344404,1
v0,Cesnet200603-r1,Cesnet200603,TRAN,22,40,25,0.625,15,15,1.0,11.963856448183563,188.85210571799962,0.060385321133344404,1
v0,Cesnet200603-r1,Cesnet200603,TRAN,23,40,24,0.6,15,15,1.0,13.581711480858429,188.85210571799962,0.060385321133344404,1
v0,Cesnet200603-r1,Cesnet200603,TRAN,24,40,26,0.65,15,15,1.0,11.745683104700294,188.85210571799962,0.060385321133344404,1
v0,Cesnet200603-r1,Cesnet200603,TRAN,25,40,23,0.575,15,15,1.0,13.753040521481626,188.85210571799962,0.060385321133344404,1
v0,Cesnet200603-r1,Cesnet200603,TRAN,26,40,24,0.6,15,15,1.0,12.44026990453436,188.85210571799962,0.060385321133344404,1
v0,Cesnet200603-r1,Cesnet200603,TRAN,27,40,27,0.675,15,15,1.0,12.511606143970825,188.85210571799962,0.060385321133344404,1
v0,Cesnet200603-r1,Cesnet200603,TRAN,28,40,25,0.625,15,15,1.0,12.349981118565408,188.85210571799962,0.060385321133344404,1
v0,Cesnet200603-r1,Cesnet200603,TRAN,29,40,26,0.65,15,15,1.0,12.227356839080917,188.85210571799962,0.060385321133344404,1
v0,Cesnet200603-r2,Cesnet200603,B1,0,40,19,0.475,15,15,1.0,21.0,0.1962840079995658,0.04116688396667693,1
v0,Cesnet200603-r2,Cesnet200603,B1,1,40,19,0.475,15,15,1.0,21.0,0.1962840079995658,0.04116688396667693,1
v0,Cesnet200603-r2,Cesnet200603,B1,2,40,18,0.45,15,15,1.0,21.061825059915904,0.1962840079995658,0.04116688396667693,1
v0,Cesnet200603-r2,Cesnet200603,B1,3,40,19,0.475,15,15,1.0,21.0,0.1962840079995658,0.04116688396667693,1
v0,Cesnet200603-r2,Cesnet200603,B1,4,40,19,0.475,15,15,1.0,21.0,0.1962840079995658,0.04116688396667693,1
v0,Cesnet200603-r2,Cesnet200603,B1,5,40,19,0.475,15,15,1.0,21.0,0.1962840079995658,0.04116688396667693,1
v0,Cesnet200603-r2,Cesnet200603,B1,6,40,19,0.475,15,15,1.0,21.0,0.1962840079995658,0.04116688396667693,1
v0,Cesnet200603-r2,Cesnet200603,B1,7,40,19,0.475,15,15,1.0,21.0,0.1962840079995658,0.04116688396667693,1
v0,Cesnet200603-r2,Cesnet200603,B1,8,40,19,0.475,15,15,1.0,21.0,0.1962840079995658,0.04116688396667693,1
v0,Cesnet200603-r2,Cesnet200603,B1,9,40,19,0.475,15,15,1.0,21.0,0.1962840079995658,0.04116688396667693,1
v0,Cesnet200603-r2,Cesnet200603,B1,10,40,19,0.475,15,15,1.0,21.0,0.1962840079995658,0.04116688396667693,1
v0,Cesnet200603-r2,Cesnet200603,B1,11,40,19,0.475,15,15,1.0,21.0,0.1962840079995658,0.04116688396667693,1
v0,Cesnet200603-r2,Cesnet200603,B1,12,40,19,0.475,15,15,1.0,21.0,0.1962840079995658,0.04116688396667693,1
v0,Cesnet200603-r2,Cesnet200603,B1,13,40,19,0.475,15,15,1.0,21.0,0.1962840079995658,0.04116688396667693,1
v0,Cesnet200603-r2,Cesnet200603,B1,14,40,19,0.475,15,15,1.0,21.0,0.1962840079995658,0.04116688396667693,1
v0,Cesnet200603-r2,Cesnet200603,B1,15,40,19,0.475,15,15,1.0,21.0,0.1962840079995658,0.04116688396667693,1
v0,Cesnet200603-r2,Cesnet200603,B1,16,40,19,0.475,15,15,1.0,21.0,0.1962840079995658,0.04116688396667693,1
v0,Cesnet200603-r2,Cesnet200603,B1,17,40,19,0.475,15,15,1.0,21.0,0.1962840079995658,0.04116688396667693,1
v0,Cesnet200603-r2,Cesnet200603,B1,18,40,19,0.475,15,15,1.0,21.0,0.1962840079995658,0.04116688396667693,1
v0,Cesnet200603-r2,Cesnet200603,B1,19,40,19,0.475,15,15,1.0,21.0,0.1962840079995658,0.04116688396667693,1
v0,Cesnet200603-r2,Cesnet200603,B1,20,40,19,0.475,15,15,1.0,21.0,0.1962840079995658,0.04116688396667693,1
v0,Cesnet200603-r2,Cesnet200603,B1,21,40,19,0.475,15,15,1.0,21.0,0.1962840079995658,0.04116688396667693,1
v0,Cesnet200603-r2,Cesnet200603,B1,22,40,19,0.475,15,15,1.0,21.0,0.1962840079995658,0.04116688396667693,1
v0,Cesnet200603-r2,Cesnet200603,B1,23,40,19,0.475,15,15,1.0,21.0,0.1962840079995658,0.04116688396667693,1
v0,Cesnet200603-r2,Cesnet200603,B1,24,40,19,0.475,15,15,1.0,21.0,0.1962840079995658,0.04116688396667693,1
v0,Cesnet200603-r2,Cesnet200603,B1,25,40,19,0.475,15,15,1.0,21.0,0.1962840079995658,0.04116688396667693,1
v0,Cesnet200603-r2,Cesnet200603,B1,26,40,19,0.475,15,15,1.0,21.0,0.1962840079995658,0.04116688396667693,1
v0,Cesnet200603-r2,Cesnet200603,B1,27,40,19,0.475,15,15,1.0,21.0,0.1962840079995658,0.04116688396667693,1
v0,Cesnet200603-r2,Cesnet200603,B1,28,40,19,0.475,15,15,1.0,21.0,0.1962840079995658,0.04116688396667693,1
v0,Cesnet200603-r2,Cesnet200603,B1,29,40,19,0.475,15,15,1.0,21.0,0.1962840079995658,0.04116688396667693,1
v0,Cesnet200603-r2,Cesnet200603,TRAN,0,40,28,0.7,15,15,1.0,10.366336862611432,179.45948837299966,0.053003493766664175,1
v0,Cesnet200603-r2,Cesnet200603,TRAN,1,40,25,0.625,15,15,1.0,10.205660949056995,179.45948837299966,0.053003493766664175,1
v0,Cesnet200603-r2,Cesnet200603,TRAN,2,40,26,0.65,15,15,1.0,11.22332524447522,179.45948837299966,0.053003493766664175,1
v0,Cesnet200603-r2,Cesnet200603,TRAN,3,40,27,0.675,15,15,1.0,9.772581532285894,179.45948837299966,0.053003493766664175,1
v0,Cesnet200603-r2,Cesnet200603,TRAN,4,40,26,0.65,15,15,1.0,11.65533526405594,179.45948837299966,0.053003493766664175,1
v0,Cesnet200603-r2,Cesnet200603,TRAN,5,40,28,0.7,15,15,1.0,10.009215454468457,179.45948837299966,0.053003493766664175,1
v0,Cesnet200603-r2,Cesnet200603,TRAN,6,40,29,0.725,15,15,1.0,9.731545216896874,179.45948837299966,0.053003493766664175,1
v0,Cesnet200603-r2,Cesnet200603,TRAN,7,40,28,0.7,15,15,1.0,9.937188023007694,179.45948837299966,0.053003493766664175,1
v0,Cesnet200603-r2,Cesnet200603,TRAN,8,40,27,0.675,15,15,1.0,10.05182003231589,179.45948837299966,0.053003493766664175,1
v0,Cesnet200603-r2,Cesnet200603,TRAN,9,40,25,0.625,15,15,1.0,11.551977723600633,179.45948837299966,0.053003493766664175,1
v0,Cesnet200603-r2,Cesnet200603,TRAN,10,40,27,0.675,15,15,1.0,10.591039734942996,179.45948837299966,0.053003493766664175,1
v0,Cesnet200603-r2,Cesnet200603,TRAN,11,40,25,0.625,15,15,1.0,12.98641302281401,179.45948837299966,0.053003493766664175,1
v0,Cesnet200603-r2,Cesnet200603,TRAN,12,40,27,0.675,15,15,1.0,10.973248398435082,179.45948837299966,0.053003493766664175,1
v0,Cesnet200603-r2,Cesnet200603,TRAN,13,40,26,0.65,15,15,1.0,10.795106396247508,179.45948837299966,0.053003493766664175,1
v0,Cesnet200603-r2,Cesnet200603,TRAN,14,40,28,0.7,15,15,1.0,9.58374021504385,179.45948837299966,0.053003493766664175,1
v0,Cesnet200603-r2,Cesnet200603,TRAN,15,40,28,0.7,15,15,1.0,9.090494104805702,179.45948837299966,0.053003493766664175,1
v0,Cesnet200603-r2,Cesnet200603,TRAN,16,40,23,0.575,15,15,1.0,13.46421852265632,179.45948837299966,0.053003493766664175,1
v0,Cesnet200603-r2,Cesnet200603,TRAN,17,40,29,0.725,15,15,1.0,9.416724438411858,179.45948837299966,0.053003493766664175,1
v0,Cesnet200603-r2,Cesnet200603,TRAN,18,40,23,0.575,15,15,1.0,13.057783786765382,179.45948837299966,0.053003493766664175,1
v0,Cesnet200603-r2,Cesnet200603,TRAN,19,40,25,0.625,15,15,1.0,11.340971264671369,179.45948837299966,0.053003493766664175,1
v0,Cesnet200603-r2,Cesnet200603,TRAN,20,40,27,0.675,15,15,1.0,11.069967714985756,179.45948837299966,0.053003493766664175,1
v0,Cesnet200603-r2,Cesnet200603,TRAN,21,40,26,0.65,15,15,1.0,11.2577409617008,179.45948837299966,0.053003493766664175,1
v0,Cesnet200603-r2,Cesnet200603,TRAN,22,40,27,0.675,15,15,1.0,10.68186362551852,179.45948837299966,0.053003493766664175,1
v0,Cesnet200603-r2,Cesnet200603,TRAN,23,40,28,0.7,15,15,1.0,9.264528989817052,179.45948837299966,0.053003493766664175,1
v0,Cesnet200603-r2,Cesnet200603,TRAN,24,40,28,0.7,15,15,1.0,9.982163415487252,179.45948837299966,0.053003493766664175,1
v0,Cesnet200603-r2,Cesnet200603,TRAN,25,40,25,0.625,15,15,1.0,12.333930640418956,179.45948837299966,0.053003493766664175,1
v0,Cesnet200603-r2,Cesnet200603,TRAN,26,40,27,0.675,15,15,1.0,10.90795840869525,179.45948837299966,0.053003493766664175,1
v0,Cesnet200603-r2,Cesnet200603,TRAN,27,40,29,0.725,15,15,1.0,9.647216042517671,179.45948837299966,0.053003493766664175,1
v0,Cesnet200603-r2,Cesnet200603,TRAN,28,40,28,0.7,15,15,1.0,9.73098545483984,179.45948837299966,0.053003493766664175,1
v0,Cesnet200603-r2,Cesnet200603,TRAN,29,40,27,0.675,15,15,1.0,10.61981515602386,179.45948837299966,0.053003493766664175,1
v0,Digex-r0,Digex,B1,0,40,14,0.35,15,15,1.0,24.442656362778088,0.16166037200036953,0.04660221466668493,1
v0,Digex-r0,Digex,B1,1,40,17,0.425,15,15,1.0,20.740674069822983,0.16166037200036953,0.04660221466668493,1
v0,Digex-r0,Digex,B1,2,40,18,0.45,15,15,1.0,21.99082122227818,0.16166037200036953,0.04660221466668493,1
v0,Digex-r0,Digex,B1,3,40,19,0.475,15,15,1.0,20.58979404702685,0.16166037200036953,0.04660221466668493,1
v0,Digex-r0,Digex,B1,4,40,20,0.5,15,15,1.0,20.000000000000004,0.16166037200036953,0.04660221466668493,1
v0,Digex-r0,Digex,B1,5,40,18,0.45,15,15,1.0,20.230790245433433,0.16166037200036953,0.04660221466668493,1
v0,Digex-r0,Digex,B1,6,40,17,0.425,15,15,1.0,20.44120881494511,0.16166037200036953,0.04660221466668493,1
v0,Digex-r0,Digex,B1,7,40,17,0.425,15,15,1.0,21.17727512398662,0.16166037200036953,0.04660221466668493,1
v0,Digex-r0,Digex,B1,8,40,14,0.35,15,15,1.0,24.132917951862378,0.16166037200036953,0.04660221466668493,1
v0,Digex-r0,Digex,B1,9,40,19,0.475,15,15,1.0,20.465520053893513,0.16166037200036953,0.04660221466668493,1
v0,Digex-r0,Digex,B1,10,40,15,0.375,15,15,1.0,24.430343971049098,0.16166037200036953,0.04660221466668493,1
v0,Digex-r0,Digex,B1,11,40,17,0.425,15,15,1.0,21.21766384024142,0.16166037200036953,0.04660221466668493,1
v0,Digex-r0,Digex,B1,12,40,19,0.475,15,15,1.0,20.159048728904686,0.16166037200036953,0.04660221466668493,1
v0,Digex-r0,Digex,B1,13,40,18,0.45,15,15,1.0,21.48791104664203,0.16166037200036953,0.04660221466668493,1
v0,Digex-r0,Digex,B1,14,40,18,0.45,15,15,1.0,21.37895590770938,0.16166037200036953,0.04660221466668493,1
v0,Digex-r0,Digex,B1,15,40,18,0.45,15,15,1.0,20.473631502390276,0.16166037200036953,0.04660221466668493,1
v0,Digex-r0,Digex,B1,16,40,19,0.475,15,15,1.0,20.394826471027493,0.16166037200036953,0.04660221466668493,1
v0,Digex-r0,Digex,B1,17,40,19,0.475,15,15,1.0,20.32153181625056,0.16166037200036953,0.04660221466668493,1
v0,Digex-r0,Digex,B1,18,40,15,0.375,15,15,1.0,24.118361341237545,0.16166037200036953,0.04660221466668493,1
v0,Digex-r0,Digex,B1,19,40,14,0.35,15,15,1.0,24.023591264493277,0.16166037200036953,0.04660221466668493,1
v0,Digex-r0,Digex,B1,20,40,18,0.45,15,15,1.0,20.92495089688633,0.16166037200036953,0.04660221466668493,1
v0,Digex-r0,Digex,B1,21,40,16,0.4,15,15,1.0,22.78732046689127,0.16166037200036953,0.04660221466668493,1
v0,Digex-r0,Digex,B1,22,40,19,0.475,15,15,1.0,20.173615395576928,0.16166037200036953,0.04660221466668493,1
v0,Digex-r0,Digex,B1,23,40,15,0.375,15,15,1.0,23.49137429560452,0.16166037200036953,0.04660221466668493,1
v0,Digex-r0,Digex,B1,24,40,18,0.45,15,15,1.0,20.604204614424745,0.16166037200036953,0.04660221466668493,1
v0,Digex-r0,Digex,B1,25,40,20,0.5,15,15,1.0,20.0,0.16166037200036953,0.04660221466668493,1
v0,Digex-r0,Digex,B1,26,40,19,0.475,15,15,1.0,20.219351216811873,0.16166037200036953,0.04660221466668493,1
v0,Digex-r0,Digex,B1,27,40,18,0.45,15,15,1.0,20.582573084757584,0.16166037200036953,0.04660221466668493,1
v0,Digex-r0,Digex,B1,28,40,18,0.45,15,15,1.0,20.2561358529753,0.16166037200036953,0.04660221466668493,1
v0,Digex-r0,Digex,B1,29,40,19,0.475,15,15,1.0,20.7992279069656,0.16166037200036953,0.04660221466668493,1
v0,Digex-r0,Digex,TRAN,0,40,19,0.475,15,15,1.0,19.047436657923498,412.88830879499983,0.07778513976666848,1
v0,Digex-r0,Digex,TRAN,1,40,20,0.5,15,15,1.0,19.243160425134814,412.88830879499983,0.07778513976666848,1
v0,Digex-r0,Digex,TRAN,2,40,21,0.525,15,15,1.0,17.874396993995614,412.88830879499983,0.07778513976666848,1
v0,Digex-r0,Digex,TRAN,3,40,21,0.525,15,15,1.0,18.259089663971395,412.88830879499983,0.07778513976666848,1
v0,Digex-r0,Digex,TRAN,4,40,20,0.5,15,15,1.0,19.181633931496147,412.88830879499983,0.07778513976666848,1
v0,Digex-r0,Digex,TRAN,5,40,20,0.5,15,15,1.0,18.19300056186198,412.88830879499983,0.07778513976666848,1
v0,Digex-r0,Digex,TRAN,6,40,21,0.525,15,15,1.0,17.927212291328654,412.88830879499983,0.07778513976666848,1
v0,Digex-r0,Digex,TRAN,7,40,20,0.5,15,15,1.0,18.369686264745496,412.88830879499983,0.07778513976666848,1
v0,Digex-r0,Digex,TRAN,8,40,20,0.5,15,15,1.0,18.991624124692443,412.88830879499983,0.07778513976666848,1
v0,Digex-r0,Digex,TRAN,9,40,21,0.525,15,15,1.0,18.288046294865623,412.88830879499983,0.07778513976666848,1
v0,Digex-r0,Digex,TRAN,10,40,19,0.475,15,15,1.0,18.773473221873314,412.88830879499983,0.07778513976666848,1
v0,Digex-r0,Digex,TRAN,11,40,21,0.525,15,15,1.0,17.994010204778146,412.88830879499983,0.07778513976666848,1
v0,Digex-r0,Digex,TRAN,12,40,21,0.525,15,15,1.0,18.164412671528183,412.88830879499983,0.07778513976666848,1
v0,Digex-r0,Digex,TRAN,13,40,18,0.45,15,15,1.0,20.66413751322868,412.88830879499983,0.07778513976666848,1
v0,Digex-r0,Digex,TRAN,14,40,21,0.525,15,15,1.0,18.14667648510438,412.88830879499983,0.07778513976666848,1
v0,Digex-r0,Digex,TRAN,15,40,20,0.5,15,15,1.0,19.066979731304144,412.88830879499983,0.07778513976666848,1
v0,Digex-r0,Digex,TRAN,16,40,21,0.525,15,15,1.0,18.40768059921125,412.88830879499983,0.07778513976666848,1
v0,Digex-r0,Digex,TRAN,17,40,20,0.5,15,15,1.0,19.248180646970752,412.88830879499983,0.07778513976666848,1
v0,Digex-r0,Digex,TRAN,18,40,21,0.525,15,15,1.0,18.06469066647874,412.88830879499983,0.07778513976666848,1
v0,Digex-r0,Digex,TRAN,19,40,20,0.5,15,15,1.0,19.049782737728297,412.88830879499983,0.07778513976666848,1
v0,Digex-r0,Digex,TRAN,20,40,20,0.5,15,15,1.0,18.919077211192782,412.88830879499983,0.07778513976666848,1
v0,Digex-r0,Digex,TRAN,21,40,19,0.475,15,15,1.0,19.16399617549731,412.88830879499983,0.07778513976666848,1
v0,Digex-r0,Digex,TRAN,22,40,19,0.475,15,15,1.0,18.81301137189565,412.88830879499983,0.07778513976666848,1
v0,Digex-r0,Digex,TRAN,23,40,21,0.525,15,15,1.0,17.901741096341052,412.88830879499983,0.07778513976666848,1
v0,Digex-r0,Digex,TRAN,24,40,19,0.475,15,15,1.0,18.02586521086031,412.88830879499983,0.07778513976666848,1
v0,Digex-r0,Digex,TRAN,25,40,20,0.5,15,15,1.0,18.677038899710336,412.88830879499983,0.07778513976666848,1
v0,Digex-r0,Digex,TRAN,26,40,20,0.5,15,15,1.0,18.518951574057635,412.88830879499983,0.07778513976666848,1
v0,Digex-r0,Digex,TRAN,27,40,20,0.5,15,15,1.0,18.40035205268996,412.88830879499983,0.07778513976666848,1
v0,Digex-r0,Digex,TRAN,28,40,19,0.475,15,15,1.0,18.679652208855423,412.88830879499983,0.07778513976666848,1
v0,Digex-r0,Digex,TRAN,29,40,20,0.5,15,15,1.0,18.375404603533056,412.88830879499983,0.07778513976666848,1
v0,Digex-r1,Digex,B1,0,40,12,0.3,15,15,1.0,28.0,0.2661511670003165,0.028705599366639946,1
v0,Digex-r1,Digex,B1,1,40,12,0.3,15,15,1.0,28.0,0.2661511670003165,0.028705599366639946,1
v0,Digex-r1,Digex,B1,2,40,12,0.3,15,15,1.0,28.0,0.2661511670003165,0.028705599366639946,1
v0,Digex-r1,Digex,B1,3,40,12,0.3,15,15,1.0,28.0,0.2661511670003165,0.028705599366639946,1
v0,Digex-r1,Digex,B1,4,40,12,0.3,15,15,1.0,28.0,0.2661511670003165,0.028705599366639946,1
v0,Digex-r1,Digex,B1,5,40,12,0.3,15,15,1.0,28.0,0.2661511670003165,0.028705599366639946,1
v0,Digex-r1,Digex,B1,6,40,12,0.3,15,15,1.0,28.0,0.2661511670003165,0.028705599366639946,1
v0,Digex-r1,Digex,B1,7,40,12,0.3,15,15,1.0,28.0,0.2661511670003165,0.028705599366639946,1
v0,Digex-r1,Digex,B1,8,40,12,0.3,15,15,1.0,28.0,0.2661511670003165,0.028705599366639946,1
v0,Digex-r1,Digex,B1,9,40,12,0.3,15,15,1.0,28.0,0.2661511670003165,0.028705599366639946,1
v0,Digex-r1,Digex,B1,10,40,12,0.3,15,15,1.0,28.0,0.2661511670003165,0.028705599366639946,1
v0,Digex-r1,Digex,B1,11,40,12,0.3,15,15,1.0,28.0,0.2661511670003165,0.028705599366639946,1
v0,Digex-r1,Digex,B1,12,40,12,0.3,15,15,1.0,28.0,0.2661511670003165,0.028705599366639946,1
v0,Digex-r1,Digex,B1,13,40,12,0.3,15,15,1.0,28.0,0.2661511670003165,0.028705599366639946,1
v0,Digex-r1,Digex,B1,14,40,12,0.3,15,15,1.0,28.0,0.2661511670003165,0.028705599366639946,1
v0,Digex-r1,Digex,B1,15,40,12,0.3,15,15,1.0,28.0,0.2661511670003165,0.028705599366639946,1
v0,Digex-r1,Digex,B1,16,40,12,0.3,15,15,1.0,28.0,0.2661511670003165,0.028705599366639946,1
v0,Digex-r1,Digex,B1,17,40,12,0.3,15,15,1.0,28.0,0.2661511670003165,0.028705599366639946,1
v0,Digex-r1,Digex,B1,18,40,12,0.3,15,15,1.0,28.0,0.2661511670003165,0.028705599366639946,1
v0,Digex-r1,Digex,B1,19,40,12,0.3,15,15,1.0,28.0,0.2661511670003165,0.028705599366639946,1
v0,Digex-r1,Digex,B1,20,40,12,0.3,15,15,1.0,28.0,0.2661511670003165,0.028705599366639946,1
v0,Digex-r1,Digex,B1,21,40,12,0.3,15,15,1.0,28.0,0.2661511670003165,0.028705599366639946,1
v0,Digex-r1,Digex,B1,22,40,12,0.3,15,15,1.0,28.0,0.2661511670003165,0.028705599366639946,1
v0,Digex-r1,Digex,B1,23,40,12,0.3,15,15,1.0,28.0,0.2661511670003165,0.028705599366639946,1
v0,Digex-r1,Digex,B1,24,40,12,0.3,15,15,1.0,28.0,0.2661511670003165,0.028705599366639946,1
v0,Digex-r1,Digex,B1,25,40,12,0.3,15,15,1.0,28.0,0.2661511670003165,0.028705599366639946,1
v0,Digex-r1,Digex,B1,26,40,12,0.3,15,15,1.0,28.0,0.2661511670003165,0.028705599366639946,1
v0,Digex-r1,Digex,B1,27,40,12,0.3,15,15,1.0,28.0,0.2661511670003165,0.028705599366639946,1
v0,Digex-r1,Digex,B1,28,40,12,0.3,15,15,1.0,28.0,0.2661511670003165,0.028705599366639946,1
v0,Digex-r1,Digex,B1,29,40,12,0.3,15,15,1.0,28.0,0.2661511670003165,0.028705599366639946,1
v0,Digex-r1,Digex,TRAN,0,40,14,0.35,15,15,1.0,24.39635916602297,295.5547715520006,0.06370616836666158,1
v0,Digex-r1,Digex,TRAN,1,40,15,0.375,15,15,1.0,24.293899219113413,295.5547715520006,0.06370616836666158,1
v0,Digex-r1,Digex,TRAN,2,40,15,0.375,15,15,1.0,23.429582448491537,295.5547715520006,0.06370616836666158,1
v0,Digex-r1,Digex,TRAN,3,40,14,0.35,15,15,1.0,24.203020511689985,295.5547715520006,0.06370616836666158,1
v0,Digex-r1,Digex,TRAN,4,40,16,0.4,15,15,1.0,23.266803227179295,295.5547715520006,0.06370616836666158,1
v0,Digex-r1,Digex,TRAN,5,40,16,0.4,15,15,1.0,23.32718878030413,295.5547715520006,0.06370616836666158,1
v0,Digex-r1,Digex,TRAN,6,40,15,0.375,15,15,1.0,22.888684710679644,295.5547715520006,0.06370616836666158,1
v0,Digex-r1,Digex,TRAN,7,40,17,0.425,15,15,1.0,22.295779342928824,295.5547715520006,0.06370616836666158,1
v0,Digex-r1,Digex,TRAN,8,40,14,0.35,15,15,1.0,24.88251296224476,295.5547715520006,0.06370616836666158,1
v0,Digex-r1,Digex,TRAN,9,40,16,0.4,15,15,1.0,22.640632616673876,295.5547715520006,0.06370616836666158,1
v0,Digex-r1,Digex,TRAN,10,40,15,0.375,15,15,1.0,24.38499354029734,295.5547715520006,0.06370616836666158,1
v0,Digex-r1,Digex,TRAN,11,40,15,0.375,15,15,1.0,23.452467039379545,295.5547715520006,0.06370616836666158,1
v0,Digex-r1,Digex,TRAN,12,40,16,0.4,15,15,1.0,22.778177017353777,295.5547715520006,0.06370616836666158,1
v0,Digex-r1,Digex,TRAN,13,40,15,0.375,15,15,1.0,23.604987124183996,295.5547715520006,0.06370616836666158,1
v0,Digex-r1,Digex,TRAN,14,40,16,0.4,15,15,1.0,23.41973965018708,295.5547715520006,0.06370616836666158,1
v0,Digex-r1,Digex,TRAN,15,40,15,0.375,15,15,1.0,23.110078500864226,295.5547715520006,0.06370616836666158,1
v0,Digex-r1,Digex,TRAN,16,40,17,0.425,15,15,1.0,22.254128042320676,295.5547715520006,0.06370616836666158,1
v0,Digex-r1,Digex,TRAN,17,40,14,0.35,15,15,1.0,23.297668289040665,295.5547715520006,0.06370616836666158,1
v0,Digex-r1,Digex,TRAN,18,40,14,0.35,15,15,1.0,23.49581130006013,295.5547715520006,0.06370616836666158,1
v0,Digex-r1,Digex,TRAN,19,40,14,0.35,15,15,1.0,24.620931808238986,295.5547715520006,0.06370616836666158,1
v0,Digex-r1,Digex,TRAN,20,40,14,0.35,15,15,1.0,24.50109634883437,295.5547715520006,0.06370616836666158,1
v0,Digex-r1,Digex,TRAN,21,40,15,0.375,15,15,1.0,23.17903767313261,295.5547715520006,0.06370616836666158,1
v0,Digex-r1,Digex,TRAN,22,40,15,0.375,15,15,1.0,23.841924346723655,295.5547715520006,0.06370616836666158,1
v0,Digex-r1,Digex,TRAN,23,40,16,0.4,15,15,1.0,22.598435870377607,295.5547715520006,0.06370616836666158,1
v0,Digex-r1,Digex,TRAN,24,40,16,0.4,15,15,1.0,23.419536841835917,295.5547715520006,0.06370616836666158,1
v0,Digex-r1,Digex,TRAN,25,40,13,0.325,15,15,1.0,25.295597530138075,295.5547715520006,0.06370616836666158,1
v0,Digex-r1,Digex,TRAN,26,40,15,0.375,15,15,1.0,23.24759779053753,295.5547715520006,0.06370616836666158,1
v0,Digex-r1,Digex,TRAN,27,40,15,0.375,15,15,1.0,24.08287031487504,295.5547715520006,0.06370616836666158,1
v0,Digex-r1,Digex,TRAN,28,40,15,0.375,15,15,1.0,23.136341157862166,295.5547715520006,0.06370616836666158,1
v0,Digex-r1,Digex,TRAN,29,40,14,0.35,15,15,1.0,24.398024552968014,295.5547715520006,0.06370616836666158,1
v0,Digex-r2,Digex,B1,0,40,4,0.1,15,15,1.0,35.19094468267112,0.3299004339996827,0.0328266012333188,1
v0,Digex-r2,Digex,B1,1,40,4,0.1,15,15,1.0,35.00335325906621,0.3299004339996827,0.0328266012333188,1
v0,Digex-r2,Digex,B1,2,40,3,0.075,15,15,1.0,36.228020877605545,0.3299004339996827,0.0328266012333188,1
v0,Digex-r2,Digex,B1,3,40,5,0.125,15,15,1.0,35.0,0.3299004339996827,0.0328266012333188,1
v0,Digex-r2,Digex,B1,4,40,3,0.075,15,15,1.0,35.951190229953056,0.3299004339996827,0.0328266012333188,1
v0,Digex-r2,Digex,B1,5,40,5,0.125,15,15,1.0,35.0,0.3299004339996827,0.0328266012333188,1
v0,Digex-r2,Digex,B1,6,40,5,0.125,15,15,1.0,35.0,0.3299004339996827,0.0328266012333188,1
v0,Digex-r2,Digex,B1,7,40,4,0.1,15,15,1.0,35.7981167910363,0.3299004339996827,0.0328266012333188,1
v0,Digex-r2,Digex,B1,8,40,3,0.075,15,15,1.0,35.53047835399828,0.3299004339996827,0.0328266012333188,1
v0,Digex-r2,Digex,B1,9,40,2,0.05,15,15,1.0,37.000444798294176,0.3299004339996827,0.0328266012333188,1
v0,Digex-r2,Digex,B1,10,40,4,0.1,15,15,1.0,35.68784706578643,0.3299004339996827,0.0328266012333188,1
v0,Digex-r2,Digex,B1,11,40,4,0.1,15,15,1.0,35.998914444431826,0.3299004339996827,0.0328266012333188,1
v0,Digex-r2,Digex,B1,12,40,4,0.1,15,15,1.0,35.1618902782731,0.3299004339996827,0.0328266012333188,1
v0,Digex-r2,Digex,B1,13,40,4,0.1,15,15,1.0,35.64366536971163,0.3299004339996827,0.0328266012333188,1
v0,Digex-r2,Digex,B1,14,40,4,0.1,15,15,1.0,35.36582895485985,0.3299004339996827,0.0328266012333188,1
v0,Digex-r2,Digex,B1,15,40,5,0.125,15,15,1.0,35.0,0.3299004339996827,0.0328266012333188,1
v0,Digex-r2,Digex,B1,16,40,4,0.1,15,15,1.0,35.744256001642,0.3299004339996827,0.0328266012333188,1
v0,Digex-r2,Digex,B1,17,40,3,0.075,15,15,1.0,35.90892734497198,0.3299004339996827,0.0328266012333188,1
v0,Digex-r2,Digex,B1,18,40,3,0.075,15,15,1.0,35.69773642290355,0.3299004339996827,0.0328266012333188,1
v0,Digex-r2,Digex,B1,19,40,4,0.1,15,15,1.0,35.56243391070769,0.3299004339996827,0.0328266012333188,1
v0,Digex-r2,Digex,B1,20,40,5,0.125,15,15,1.0,35.0,0.3299004339996827,0.0328266012333188,1
v0,Digex-r2,Digex,B1,21,40,4,0.1,15,15,1.0,35.3240882106711,0.3299004339996827,0.0328266012333188,1
v0,Digex-r2,Digex,B1,22,40,4,0.1,15,15,1.0,35.43260730970491,0.3299004339996827,0.0328266012333188,1
v0,Digex-r2,Digex,B1,23,40,4,0.1,15,15,1.0,35.99618101616453,0.3299004339996827,0.0328266012333188,1
v0,Digex-r2,Digex,B1,24,40,4,0.1,15,15,1.0,35.190622778790036,0.3299004339996827,0.0328266012333188,1
v0,Digex-r2,Digex,B1,25,40,3,0.075,15,15,1.0,36.42078463820335,0.3299004339996827,0.0328266012333188,1
v0,Digex-r2,Digex,B1,26,40,4,0.1,15,15,1.0,35.700195007253505,0.3299004339996827,0.0328266012333188,1
v0,Digex-r2,Digex,B1,27,40,4,0.1,15,15,1.0,35.225145305061936,0.3299004339996827,0.0328266012333188,1
v0,Digex-r2,Digex,B1,28,40,4,0.1,15,15,1.0,35.70209828088064,0.3299004339996827,0.0328266012333188,1
v0,Digex-r2,Digex,B1,29,40,3,0.075,15,15,1.0,36.387499334539385,0.3299004339996827,0.0328266012333188,1
v0,Digex-r2,Digex,TRAN,0,40,7,0.175,15,15,1.0,30.46760636341284,293.06217602299967,0.09271181670001169,1
v0,Digex-r2,Digex,TRAN,1,40,8,0.2,15,15,1.0,30.51001722129165,293.06217602299967,0.09271181670001169,1
v0,Digex-r2,Digex,TRAN,2,40,6,0.15,15,15,1.0,31.849421347302645,293.06217602299967,0.09271181670001169,1
v0,Digex-r2,Digex,TRAN,3,40,9,0.225,15,15,1.0,29.384677857553072,293.06217602299967,0.09271181670001169,1
v0,Digex-r2,Digex,TRAN,4,40,7,0.175,15,15,1.0,31.231766169461274,293.06217602299967,0.09271181670001169,1
v0,Digex-r2,Digex,TRAN,5,40,7,0.175,15,15,1.0,31.265804315545854,293.06217602299967,0.09271181670001169,1
v0,Digex-r2,Digex,TRAN,6,40,7,0.175,15,15,1.0,32.37968088439776,293.06217602299967,0.09271181670001169,1
v0,Digex-r2,Digex,TRAN,7,40,10,0.25,15,15,1.0,28.30628954494907,293.06217602299967,0.09271181670001169,1
v0,Digex-r2,Digex,TRAN,8,40,7,0.175,15,15,1.0,31.11691899753006,293.06217602299967,0.09271181670001169,1
v0,Digex-r2,Digex,TRAN,9,40,8,0.2,15,15,1.0,29.89895109859073,293.06217602299967,0.09271181670001169,1
v0,Digex-r2,Digex,TRAN,10,40,7,0.175,15,15,1.0,30.517078041478705,293.06217602299967,0.09271181670001169,1
v0,Digex-r2,Digex,TRAN,11,40,10,0.25,15,15,1.0,28.13548614645262,293.06217602299967,0.09271181670001169,1
v0,Digex-r2,Digex,TRAN,12,40,6,0.15,15,15,1.0,30.18778831106443,293.06217602299967,0.09271181670001169,1
v0,Digex-r2,Digex,TRAN,13,40,9,0.225,15,15,1.0,28.489488057828805,293.06217602299967,0.09271181670001169,1
v0,Digex-r2,Digex,TRAN,14,40,6,0.15,15,15,1.0,30.940823781331463,293.06217602299967,0.09271181670001169,1
v0,Digex-r2,Digex,TRAN,15,40,9,0.225,15,15,1.0,27.571065525841608,293.06217602299967,0.09271181670001169,1
v0,Digex-r2,Digex,TRAN,16,40,12,0.3,15,15,1.0,26.123774641350945,293.06217602299967,0.09271181670001169,1
v0,Digex-r2,Digex,TRAN,17,40,8,0.2,15,15,1.0,29.868080587694926,293.06217602299967,0.09271181670001169,1
v0,Digex-r2,Digex,TRAN,18,40,7,0.175,15,15,1.0,31.141919890825417,293.06217602299967,0.09271181670001169,1
v0,Digex-r2,Digex,TRAN,19,40,7,0.175,15,15,1.0,30.538985202180026,293.06217602299967,0.09271181670001169,1
v0,Digex-r2,Digex,TRAN,20,40,8,0.2,15,15,1.0,30.118277342424218,293.06217602299967,0.09271181670001169,1
v0,Digex-r2,Digex,TRAN,21,40,8,0.2,15,15,1.0,29.50757239825863,293.06217602299967,0.09271181670001169,1
v0,Digex-r2,Digex,TRAN,22,40,10,0.25,15,15,1.0,28.507712366774864,293.06217602299967,0.09271181670001169,1
v0,Digex-r2,Digex,TRAN,23,40,8,0.2,15,15,1.0,30.930626464820442,293.06217602299967,0.09271181670001169,1
v0,Digex-r2,Digex,TRAN,24,40,8,0.2,15,15,1.0,30.643246836407656,293.06217602299967,0.09271181670001169,1
v0,Digex-r2,Digex,TRAN,25,40,9,0.225,15,15,1.0,29.03029087973939,293.06217602299967,0.09271181670001169,1
v0,Digex-r2,Digex,TRAN,26,40,9,0.225,15,15,1.0,28.97912927580943,293.06217602299967,0.09271181670001169,1
v0,Digex-r2,Digex,TRAN,27,40,8,0.2,15,15,1.0,29.982989064663695,293.06217602299967,0.09271181670001169,1
v0,Digex-r2,Digex,TRAN,28,40,7,0.175,15,15,1.0,31.219964929440255,293.06217602299967,0.09271181670001169,1
v0,Digex-r2,Digex,TRAN,29,40,7,0.175,15,15,1.0,29.79394198774839,293.06217602299967,0.09271181670001169,1
v0,Easynet-r0,Easynet,B1,0,40,5,0.125,15,15,1.0,34.00268934429412,0.15363895599966781,0.017038228533328946,1
v0,Easynet-r0,Easynet,B1,1,40,5,0.125,15,15,1.0,34.00268934429412,0.15363895599966781,0.017038228533328946,1
v0,Easynet-r0,Easynet,B1,2,40,5,0.125,15,15,1.0,34.00268934429412,0.15363895599966781,0.017038228533328946,1
v0,Easynet-r0,Easynet,B1,3,40,5,0.125,15,15,1.0,34.00268934429412,0.15363895599966781,0.017038228533328946,1
v0,Easynet-r0,Easynet,B1,4,40,5,0.125,15,15,1.0,34.00268934429412,0.15363895599966781,0.017038228533328946,1
v0,Easynet-r0,Easynet,B1,5,40,5,0.125,15,15,1.0,34.00268934429412,0.15363895599966781,0.017038228533328946,1
v0,Easynet-r0,Easynet,B1,6,40,5,0.125,15,15,1.0,34.00268934429412,0.15363895599966781,0.017038228533328946,1
v0,Easynet-r0,Easynet,B1,7,40,5,0.125,15,15,1.0,34.00268934429412,0.15363895599966781,0.017038228533328946,1
v0,Easynet-r0,Easynet,B1,8,40,5,0.125,15,15,1.0,34.00268934429412,0.15363895599966781,0.017038228533328946,1
v0,Easynet-r0,Easynet,B1,9,40,5,0.125,15,15,1.0,34.00268934429412,0.15363895599966781,0.017038228533328946,1
v0,Easynet-r0,Easynet,B1,10,40,5,0.125,15,15,1.0,34.00268934429412,0.15363895599966781,0.017038228533328946,1
v0,Easynet-r0,Easynet,B1,11,40,5,0.125,15,15,1.0,34.00268934429412,0.15363895599966781,0.017038228533328946,1
v0,Easynet-r0,Easynet,B1,12,40,5,0.125,15,15,1.0,34.00268934429412,0.15363895599966781,0.017038228533328946,1
v0,Easynet-r0,Easynet,B1,13,40,5,0.125,15,15,1.0,34.00268934429412,0.15363895599966781,0.017038228533328946,1
v0,Easynet-r0,Easynet,B1,14,40,5,0.125,15,15,1.0,34.00268934429412,0.15363895599966781,0.017038228533328946,1
v0,Easynet-r0,Easynet,B1,15,40,5,0.125,15,15,1.0,34.00268934429412,0.15363895599966781,0.017038228533328946,1
v0,Easynet-r0,Easynet,B1,16,40,5,0.125,15,15,1.0,34.00268934429412,0.15363895599966781,0.017038228533328946,1
v0,Easynet-r0,Easynet,B1,17,40,5,0.125,15,15,1.0,34.00268934429412,0.15363895599966781,0.017038228533328946,1
v0,Easynet-r0,Easynet,B1,18,40,5,0.125,15,15,1.0,34.00268934429412,0.15363895599966781,0.017038228533328946,1
v0,Easynet-r0,Easynet,B1,19,40,5,0.125,15,15,1.0,34.00268934429412,0.15363895599966781,0.017038228533328946,1
v0,Easynet-r0,Easynet,B1,20,40,5,0.125,15,15,1.0,34.00268934429412,0.15363895599966781,0.017038228533328946,1
v0,Easynet-r0,Easynet,B1,21,40,5,0.125,15,15,1.0,34.00268934429412,0.15363895599966781,0.017038228533328946,1
v0,Easynet-r0,Easynet,B1,22,40,5,0.125,15,15,1.0,34.00268934429412,0.15363895599966781,0.017038228533328946,1
v0,Easynet-r0,Easynet,B1,23,40,5,0.125,15,15,1.0,34.00268934429412,0.15363895599966781,0.017038228533328946,1
v0,Easynet-r0,Easynet,B1,24,40,5,0.125,15,15,1.0,34.00268934429412,0.15363895599966781,0.017038228533328946,1
v0,Easynet-r0,Easynet,B1,25,40,5,0.125,15,15,1.0,34.00268934429412,0.15363895599966781,0.017038228533328946,1
v0,Easynet-r0,Easynet,B1,26,40,5,0.125,15,15,1.0,34.00268934429412,0.15363895599966781,0.017038228533328946,1
v0,Easynet-r0,Easynet,B1,27,40,5,0.125,15,15,1.0,34.00268934429412,0.15363895599966781,0.017038228533328946,1
v0,Easynet-r0,Easynet,B1,28,40,5,0.125,15,15,1.0,34.00268934429412,0.15363895599966781,0.017038228533328946,1
v0,Easynet-r0,Easynet,B1,29,40,5,0.125,15,15,1.0,34.00268934429412,0.15363895599966781,0.017038228533328946,1
v0,Easynet-r0,Easynet,TRAN,0,40,16,0.4,15,15,1.0,23.361371514145226,257.71937735899974,0.07927972296665757,1
v0,Easynet-r0,Easynet,TRAN,1,40,16,0.4,15,15,1.0,23.299585541542623,257.71937735899974,0.07927972296665757,1
v0,Easynet-r0,Easynet,TRAN,2,40,16,0.4,15,15,1.0,23.02773279201746,257.71937735899974,0.07927972296665757,1
v0,Easynet-r0,Easynet,TRAN,3,40,16,0.4,15,15,1.0,22.327557041106683,257.71937735899974,0.07927972296665757,1
v0,Easynet-r0,Easynet,TRAN,4,40,15,0.375,15,15,1.0,22.984310902729746,257.71937735899974,0.07927972296665757,1
v0,Easynet-r0,Easynet,TRAN,5,40,17,0.425,15,15,1.0,21.905696878647877,257.71937735899974,0.07927972296665757,1
v0,Easynet-r0,Easynet,TRAN,6,40,17,0.425,15,15,1.0,22.034773755482053,257.71937735899974,0.07927972296665757,1
v0,Easynet-r0,Easynet,TRAN,7,40,17,0.425,15,15,1.0,21.72602884488051,257.71937735899974,0.07927972296665757,1
v0,Easynet-r0,Easynet,TRAN,8,40,15,0.375,15,15,1.0,23.310960498925592,257.71937735899974,0.07927972296665757,1
v0,Easynet-r0,Easynet,TRAN,9,40,16,0.4,15,15,1.0,23.58181098205516,257.71937735899974,0.07927972296665757,1
v0,Easynet-r0,Easynet,TRAN,10,40,17,0.425,15,15,1.0,22.666596552189887,257.71937735899974,0.07927972296665757,1
v0,Easynet-r0,Easynet,TRAN,11,40,16,0.4,15,15,1.0,22.223634921774245,257.71937735899974,0.07927972296665757,1
v0,Easynet-r0,Easynet,TRAN,12,40,17,0.425,15,15,1.0,22.82760221883927,257.71937735899974,0.07927972296665757,1
v0,Easynet-r0,Easynet,TRAN,13,40,16,0.4,15,15,1.0,22.88103219814262,257.71937735899974,0.07927972296665757,1
v0,Easynet-r0,Easynet,TRAN,14,40,17,0.425,15,15,1.0,21.42008150705889,257.71937735899974,0.07927972296665757,1
v0,Easynet-r0,Easynet,TRAN,15,40,16,0.4,15,15,1.0,22.129064928441014,257.71937735899974,0.07927972296665757,1
v0,Easynet-r0,Easynet,TRAN,16,40,17,0.425,15,15,1.0,22.413077582717317,257.71937735899974,0.07927972296665757,1
v0,Easynet-r0,Easynet,TRAN,17,40,15,0.375,15,15,1.0,23.22147331494981,257.71937735899974,0.07927972296665757,1
v0,Easynet-r0,Easynet,TRAN,18,40,15,0.375,15,15,1.0,23.02943142924993,257.71937735899974,0.07927972296665757,1
v0,Easynet-r0,Easynet,TRAN,19,40,16,0.4,15,15,1.0,23.165650935620004,257.71937735899974,0.07927972296665757,1
v0,Easynet-r0,Easynet,TRAN,20,40,16,0.4,15,15,1.0,22.053245737362296,257.71937735899974,0.07927972296665757,1
v0,Easynet-r0,Easynet,TRAN,21,40,17,0.425,15,15,1.0,22.857126564007643,257.71937735899974,0.07927972296665757,1
v0,Easynet-r0,Easynet,TRAN,22,40,17,0.425,15,15,1.0,22.642852360640106,257.71937735899974,0.07927972296665757,1
v0,Easynet-r0,Easynet,TRAN,23,40,16,0.4,15,15,1.0,22.345420918840293,257.71937735899974,0.07927972296665757,1
v0,Easynet-r0,Easynet,TRAN,24,40,17,0.425,15,15,1.0,22.602274261745197,257.71937735899974,0.07927972296665757,1
v0,Easynet-r0,Easynet,TRAN,25,40,17,0.425,15,15,1.0,22.613464800395636,257.71937735899974,0.07927972296665757,1
v0,Easynet-r0,Easynet,TRAN,26,40,17,0.425,15,15,1.0,22.24327047694582,257.71937735899974,0.07927972296665757,1
v0,Easynet-r0,Easynet,TRAN,27,40,17,0.425,15,15,1.0,22.3656774272109,257.71937735899974,0.07927972296665757,1
v0,Easynet-r0,Easynet,TRAN,28,40,16,0.4,15,15,1.0,23.371884189511988,257.71937735899974,0.07927972296665757,1
v0,Easynet-r0,Easynet,TRAN,29,40,16,0.4,15,15,1.0,22.565860330625853,257.71937735899974,0.07927972296665757,1
v0,Easynet-r1,Easynet,B1,0,40,6,0.15,15,15,1.0,32.32093921139153,0.1848628630004896,0.02387811983332237,1
v0,Easynet-r1,Easynet,B1,1,40,8,0.2,15,15,1.0,30.580210680447845,0.1848628630004896,0.02387811983332237,1
v0,Easynet-r1,Easynet,B1,2,40,6,0.15,15,15,1.0,32.57715111732892,0.1848628630004896,0.02387811983332237,1
v0,Easynet-r1,Easynet,B1,3,40,5,0.125,15,15,1.0,33.94744297762321,0.1848628630004896,0.02387811983332237,1
v0,Easynet-r1,Easynet,B1,4,40,8,0.2,15,15,1.0,31.437347692837672,0.1848628630004896,0.02387811983332237,1
v0,Easynet-r1,Easynet,B1,5,40,7,0.175,15,15,1.0,32.32997303878129,0.1848628630004896,0.02387811983332237,1
v0,Easynet-r1,Easynet,B1,6,40,8,0.2,15,15,1.0,30.92314209613111,0.1848628630004896,0.02387811983332237,1
v0,Easynet-r1,Easynet,B1,7,40,6,0.15,15,15,1.0,33.6337529338684,0.1848628630004896,0.02387811983332237,1
v0,Easynet-r1,Easynet,B1,8,40,8,0.2,15,15,1.0,31.458217296982873,0.1848628630004896,0.02387811983332237,1
v0,Easynet-r1,Easynet,B1,9,40,7,0.175,15,15,1.0,31.898683428940494,0.1848628630004896,0.02387811983332237,1
v0,Easynet-r1,Easynet,B1,10,40,4,0.1,15,15,1.0,34.28132077021885,0.1848628630004896,0.02387811983332237,1
v0,Easynet-r1,Easynet,B1,11,40,7,0.175,15,15,1.0,32.268826111992404,0.1848628630004896,0.02387811983332237,1
v0,Easynet-r1,Easynet,B1,12,40,7,0.175,15,15,1.0,32.191544562265065,0.1848628630004896,0.02387811983332237,1
v0,Easynet-r1,Easynet,B1,13,40,7,0.175,15,15,1.0,32.13310819728832,0.1848628630004896,0.02387811983332237,1
v0,Easynet-r1,Easynet,B1,14,40,9,0.225,15,15,1.0,30.997785782022742,0.1848628630004896,0.02387811983332237,1
v0,Easynet-r1,Easynet,B1,15,40,7,0.175,15,15,1.0,31.684946633780662,0.1848628630004896,0.02387811983332237,1
v0,Easynet-r1,Easynet,B1,16,40,7,0.175,15,15,1.0,32.151291794988474,0.1848628630004896,0.02387811983332237,1
v0,Easynet-r1,Easynet,B1,17,40,8,0.2,15,15,1.0,30.706314554868804,0.1848628630004896,0.02387811983332237,1
v0,Easynet-r1,Easynet,B1,18,40,5,0.125,15,15,1.0,33.07295630146437,0.1848628630004896,0.02387811983332237,1
v0,Easynet-r1,Easynet,B1,19,40,6,0.15,15,15,1.0,32.39882694189503,0.1848628630004896,0.02387811983332237,1
v0,Easynet-r1,Easynet,B1,20,40,4,0.1,15,15,1.0,34.60137725728953,0.1848628630004896,0.02387811983332237,1
v0,Easynet-r1,Easynet,B1,21,40,7,0.175,15,15,1.0,30.575028163700406,0.1848628630004896,0.02387811983332237,1
v0,Easynet-r1,Easynet,B1,22,40,8,0.2,15,15,1.0,31.556843767610772,0.1848628630004896,0.02387811983332237,1
v0,Easynet-r1,Easynet,B1,23,40,4,0.1,15,15,1.0,33.60514579550061,0.1848628630004896,0.02387811983332237,1
v0,Easynet-r1,Easynet,B1,24,40,7,0.175,15,15,1.0,31.73339397122419,0.1848628630004896,0.02387811983332237,1
v0,Easynet-r1,Easynet,B1,25,40,8,0.2,15,15,1.0,30.9240797393485,0.1848628630004896,0.02387811983332237,1
v0,Easynet-r1,Easynet,B1,26,40,8,0.2,15,15,1.0,31.598000153877596,0.1848628630004896,0.02387811983332237,1
v0,Easynet-r1,Easynet,B1,27,40,5,0.125,15,15,1.0,32.387675798746585,0.1848628630004896,0.02387811983332237,1
v0,Easynet-r1,Easynet,B1,28,40,4,0.1,15,15,1.0,35.42228201633517,0.1848628630004896,0.02387811983332237,1
v0,Easynet-r1,Easynet,B1,29,40,7,0.175,15,15,1.0,31.925162361229255,0.1848628630004896,0.02387811983332237,1
v0,Easynet-r1,Easynet,TRAN,0,40,12,0.3,15,15,1.0,26.227245221635474,373.2910852120003,0.041275082799984375,1
v0,Easynet-r1,Easynet,TRAN,1,40,13,0.325,15,15,1.0,25.383680991845818,373.2910852120003,0.041275082799984375,1
v0,Easynet-r1,Easynet,TRAN,2,40,12,0.3,15,15,1.0,25.723162437873977,373.2910852120003,0.041275082799984375,1
v0,Easynet-r1,Easynet,TRAN,3,40,11,0.275,15,14,0.9333333333333333,26.747341516935144,373.2910852120003,0.041275082799984375,1
v0,Easynet-r1,Easynet,TRAN,4,40,13,0.325,15,15,1.0,25.39567518439862,373.2910852120003,0.041275082799984375,1
v0,Easynet-r1,Easynet,TRAN,5,40,14,0.35,15,15,1.0,23.126983557319097,373.2910852120003,0.041275082799984375,1
v0,Easynet-r1,Easynet,TRAN,6,40,13,0.325,15,15,1.0,25.527792927584418,373.2910852120003,0.041275082799984375,1
v0,Easynet-r1,Easynet,TRAN,7,40,11,0.275,15,15,1.0,25.40540144242512,373.2910852120003,0.041275082799984375,1
v0,Easynet-r1,Easynet,TRAN,8,40,13,0.325,15,15,1.0,26.63574390254625,373.2910852120003,0.041275082799984375,1
v0,Easynet-r1,Easynet,TRAN,9,40,11,0.275,15,15,1.0,27.599438778374854,373.2910852120003,0.041275082799984375,1
v0,Easynet-r1,Easynet,TRAN,10,40,13,0.325,15,15,1.0,25.10138444719425,373.2910852120003,0.041275082799984375,1
v0,Easynet-r1,Easynet,TRAN,11,40,14,0.35,15,15,1.0,24.37405412108365,373.2910852120003,0.041275082799984375,1
v0,Easynet-r1,Easynet,TRAN,12,40,13,0.325,15,15,1.0,24.29044411731648,373.2910852120003,0.041275082799984375,1
v0,Easynet-r1,Easynet,TRAN,13,40,14,0.35,15,15,1.0,25.24438129984751,373.2910852120003,0.041275082799984375,1
v0,Easynet-r1,Easynet,TRAN,14,40,13,0.325,15,15,1.0,26.49360353912779,373.2910852120003,0.041275082799984375,1
v0,Easynet-r1,Easynet,TRAN,15,40,14,0.35,15,15,1.0,24.874856404577482,373.2910852120003,0.041275082799984375,1
v0,Easynet-r1,Easynet,TRAN,16,40,14,0.35,15,15,1.0,24.12807082196957,373.2910852120003,0.041275082799984375,1
v0,Easynet-r1,Easynet,TRAN,17,40,17,0.425,15,15,1.0,21.253863866825448,373.2910852120003,0.041275082799984375,1
v0,Easynet-r1,Easynet,TRAN,18,40,15,0.375,15,15,1.0,23.81027824331224,373.2910852120003,0.041275082799984375,1
v0,Easynet-r1,Easynet,TRAN,19,40,13,0.325,15,15,1.0,23.6081159456156,373.2910852120003,0.041275082799984375,1
v0,Easynet-r1,Easynet,TRAN,20,40,13,0.325,15,15,1.0,25.460394425391172,373.2910852120003,0.041275082799984375,1
v0,Easynet-r1,Easynet,TRAN,21,40,13,0.325,15,15,1.0,25.52045636517549,373.2910852120003,0.041275082799984375,1
v0,Easynet-r1,Easynet,TRAN,22,40,15,0.375,15,15,1.0,23.865664763990157,373.2910852120003,0.041275082799984375,1
v0,Easynet-r1,Easynet,TRAN,23,40,14,0.35,15,15,1.0,25.255235433947934,373.2910852120003,0.041275082799984375,1
v0,Easynet-r1,Easynet,TRAN,24,40,16,0.4,15,15,1.0,23.047851221992232,373.2910852120003,0.041275082799984375,1
v0,Easynet-r1,Easynet,TRAN,25,40,14,0.35,15,15,1.0,22.565338932431196,373.2910852120003,0.041275082799984375,1
v0,Easynet-r1,Easynet,TRAN,26,40,12,0.3,15,15,1.0,25.85684143464687,373.2910852120003,0.041275082799984375,1
v0,Easynet-r1,Easynet,TRAN,27,40,13,0.325,15,15,1.0,25.390814540204413,373.2910852120003,0.041275082799984375,1
v0,Easynet-r1,Easynet,TRAN,28,40,14,0.35,15,15,1.0,23.628752198944156,373.2910852120003,0.041275082799984375,1
v0,Easynet-r1,Easynet,TRAN,29,40,15,0.375,15,15,1.0,24.15144362099121,373.2910852120003,0.041275082799984375,1
v0,Easynet-r2,Easynet,B1,0,40,5,0.125,15,15,1.0,35.0,0.12953569399996923,0.014133961766674474,1
v0,Easynet-r2,Easynet,B1,1,40,5,0.125,15,15,1.0,35.0,0.12953569399996923,0.014133961766674474,1
v0,Easynet-r2,Easynet,B1,2,40,5,0.125,15,15,1.0,35.0,0.12953569399996923,0.014133961766674474,1
v0,Easynet-r2,Easynet,B1,3,40,5,0.125,15,15,1.0,35.0,0.12953569399996923,0.014133961766674474,1
v0,Easynet-r2,Easynet,B1,4,40,4,0.1,15,15,1.0,35.093573505095335,0.12953569399996923,0.014133961766674474,1
v0,Easynet-r2,Easynet,B1,5,40,4,0.1,15,15,1.0,35.20344120114889,0.12953569399996923,0.014133961766674474,1
v0,Easynet-r2,Easynet,B1,6,40,5,0.125,15,15,1.0,35.0,0.12953569399996923,0.014133961766674474,1
v0,Easynet-r2,Easynet,B1,7,40,4,0.1,15,15,1.0,35.03367769064994,0.12953569399996923,0.014133961766674474,1
v0,Easynet-r2,Easynet,B1,8,40,5,0.125,15,15,1.0,35.0,0.12953569399996923,0.014133961766674474,1
v0,Easynet-r2,Easynet,B1,9,40,5,0.125,15,15,1.0,35.0,0.12953569399996923,0.014133961766674474,1
v0,Easynet-r2,Easynet,B1,10,40,5,0.125,15,15,1.0,35.0,0.12953569399996923,0.014133961766674474,1
v0,Easynet-r2,Easynet,B1,11,40,4,0.1,15,15,1.0,35.997749285289586,0.12953569399996923,0.014133961766674474,1
v0,Easynet-r2,Easynet,B1,12,40,4,0.1,15,15,1.0,35.174848986896855,0.12953569399996923,0.014133961766674474,1
v0,Easynet-r2,Easynet,B1,13,40,5,0.125,15,15,1.0,35.0,0.12953569399996923,0.014133961766674474,1
v0,Easynet-r2,Easynet,B1,14,40,5,0.125,15,15,1.0,35.0,0.12953569399996923,0.014133961766674474,1
v0,Easynet-r2,Easynet,B1,15,40,3,0.075,15,15,1.0,35.76159529088011,0.12953569399996923,0.014133961766674474,1
v0,Easynet-r2,Easynet,B1,16,40,5,0.125,15,15,1.0,35.0,0.12953569399996923,0.014133961766674474,1
v0,Easynet-r2,Easynet,B1,17,40,5,0.125,15,15,1.0,35.0,0.12953569399996923,0.014133961766674474,1
v0,Easynet-r2,Easynet,B1,18,40,5,0.125,15,15,1.0,35.0,0.12953569399996923,0.014133961766674474,1
v0,Easynet-r2,Easynet,B1,19,40,5,0.125,15,15,1.0,35.0,0.12953569399996923,0.014133961766674474,1
v0,Easynet-r2,Easynet,B1,20,40,4,0.1,15,15,1.0,35.4484782139303,0.12953569399996923,0.014133961766674474,1
v0,Easynet-r2,Easynet,B1,21,40,4,0.1,15,15,1.0,35.49943578591634,0.12953569399996923,0.014133961766674474,1
v0,Easynet-r2,Easynet,B1,22,40,5,0.125,15,15,1.0,35.0,0.12953569399996923,0.014133961766674474,1
v0,Easynet-r2,Easynet,B1,23,40,5,0.125,15,15,1.0,35.0,0.12953569399996923,0.014133961766674474,1
v0,Easynet-r2,Easynet,B1,24,40,5,0.125,15,15,1.0,35.0,0.12953569399996923,0.014133961766674474,1
v0,Easynet-r2,Easynet,B1,25,40,4,0.1,15,15,1.0,35.4484782139303,0.12953569399996923,0.014133961766674474,1
v0,Easynet-r2,Easynet,B1,26,40,4,0.1,15,15,1.0,35.313852321961974,0.12953569399996923,0.014133961766674474,1
v0,Easynet-r2,Easynet,B1,27,40,4,0.1,15,15,1.0,35.46539324309844,0.12953569399996923,0.014133961766674474,1
v0,Easynet-r2,Easynet,B1,28,40,4,0.1,15,15,1.0,35.4484782139303,0.12953569399996923,0.014133961766674474,1
v0,Easynet-r2,Easynet,B1,29,40,5,0.125,15,15,1.0,35.0,0.12953569399996923,0.014133961766674474,1
v0,Easynet-r2,Easynet,TRAN,0,40,10,0.25,15,15,1.0,28.8137360745145,434.66037012499964,0.047960541500015094,1
v0,Easynet-r2,Easynet,TRAN,1,40,8,0.2,15,15,1.0,30.74982076242382,434.66037012499964,0.047960541500015094,1
v0,Easynet-r2,Easynet,TRAN,2,40,9,0.225,15,15,1.0,30.82734968928944,434.66037012499964,0.047960541500015094,1
v0,Easynet-r2,Easynet,TRAN,3,40,10,0.25,15,15,1.0,29.823708874860408,434.66037012499964,0.047960541500015094,1
v0,Easynet-r2,Easynet,TRAN,4,40,9,0.225,15,15,1.0,30.79823991334191,434.66037012499964,0.047960541500015094,1
v0,Easynet-r2,Easynet,TRAN,5,40,8,0.2,15,15,1.0,31.02221451187982,434.66037012499964,0.047960541500015094,1
v0,Easynet-r2,Easynet,TRAN,6,40,9,0.225,15,15,1.0,29.75271296866899,434.66037012499964,0.047960541500015094,1
v0,Easynet-r2,Easynet,TRAN,7,40,9,0.225,15,15,1.0,30.375378832050046,434.66037012499964,0.047960541500015094,1
v0,Easynet-r2,Easynet,TRAN,8,40,10,0.25,15,15,1.0,28.651759121887807,434.66037012499964,0.047960541500015094,1
v0,Easynet-r2,Easynet,TRAN,9,40,9,0.225,15,14,0.9333333333333333,30.50579465706961,434.66037012499964,0.047960541500015094,1
v0,Easynet-r2,Easynet,TRAN,10,40,8,0.2,15,15,1.0,30.93658598769693,434.66037012499964,0.047960541500015094,1
v0,Easynet-r2,Easynet,TRAN,11,40,9,0.225,15,15,1.0,29.74964765576031,434.66037012499964,0.047960541500015094,1
v0,Easynet-r2,Easynet,TRAN,12,40,8,0.2,15,15,1.0,30.87679923661618,434.66037012499964,0.047960541500015094,1
v0,Easynet-r2,Easynet,TRAN,13,40,10,0.25,15,15,1.0,29.898765791449964,434.66037012499964,0.047960541500015094,1
v0,Easynet-r2,Easynet,TRAN,14,40,9,0.225,15,15,1.0,30.50518383904946,434.66037012499964,0.047960541500015094,1
v0,Easynet-r2,Easynet,TRAN,15,40,9,0.225,15,15,1.0,30.03210614763023,434.66037012499964,0.047960541500015094,1
v0,Easynet-r2,Easynet,TRAN,16,40,10,0.25,15,15,1.0,29.47419267531163,434.66037012499964,0.047960541500015094,1
v0,Easynet-r2,Easynet,TRAN,17,40,8,0.2,15,15,1.0,31.57368963759409,434.66037012499964,0.047960541500015094,1
v0,Easynet-r2,Easynet,TRAN,18,40,9,0.225,15,15,1.0,28.393653914267126,434.66037012499964,0.047960541500015094,1
v0,Easynet-r2,Easynet,TRAN,19,40,9,0.225,15,15,1.0,30.661102738187658,434.66037012499964,0.047960541500015094,1
v0,Easynet-r2,Easynet,TRAN,20,40,9,0.225,15,15,1.0,30.779017678892355,434.66037012499964,0.047960541500015094,1
v0,Easynet-r2,Easynet,TRAN,21,40,10,0.25,15,15,1.0,29.439593076364,434.66037012499964,0.047960541500015094,1
v0,Easynet-r2,Easynet,TRAN,22,40,9,0.225,15,15,1.0,30.338700749860674,434.66037012499964,0.047960541500015094,1
v0,Easynet-r2,Easynet,TRAN,23,40,9,0.225,15,15,1.0,29.016386392459218,434.66037012499964,0.047960541500015094,1
v0,Easynet-r2,Easynet,TRAN,24,40,9,0.225,15,15,1.0,30.67479525328993,434.66037012499964,0.047960541500015094,1
v0,Easynet-r2,Easynet,TRAN,25,40,9,0.225,15,15,1.0,29.256710419623126,434.66037012499964,0.047960541500015094,1
v0,Easynet-r2,Easynet,TRAN,26,40,9,0.225,15,15,1.0,30.85330426925124,434.66037012499964,0.047960541500015094,1
v0,Easynet-r2,Easynet,TRAN,27,40,9,0.225,15,14,0.9333333333333333,30.348123808894858,434.66037012499964,0.047960541500015094,1
v0,Easynet-r2,Easynet,TRAN,28,40,9,0.225,15,15,1.0,30.525001271344774,434.66037012499964,0.047960541500015094,1
v0,Easynet-r2,Easynet,TRAN,29,40,9,0.225,15,15,1.0,29.940164528393048,434.66037012499964,0.047960541500015094,1
v0,Garr200112-r0,Garr200112,B1,0,40,22,0.55,15,15,1.0,18.0,0.2207582060000277,0.052010968266646765,1
v0,Garr200112-r0,Garr200112,B1,1,40,21,0.525,15,15,1.0,18.21572912972408,0.2207582060000277,0.052010968266646765,1
v0,Garr200112-r0,Garr200112,B1,2,40,21,0.525,15,15,1.0,18.99765702859742,0.2207582060000277,0.052010968266646765,1
v0,Garr200112-r0,Garr200112,B1,3,40,22,0.55,15,15,1.0,18.0,0.2207582060000277,0.052010968266646765,1
v0,Garr200112-r0,Garr200112,B1,4,40,20,0.5,15,15,1.0,19.221303623518054,0.2207582060000277,0.052010968266646765,1
v0,Garr200112-r0,Garr200112,B1,5,40,21,0.525,15,15,1.0,18.997090998835564,0.2207582060000277,0.052010968266646765,1
v0,Garr200112-r0,Garr200112,B1,6,40,21,0.525,15,15,1.0,18.335608403184803,0.2207582060000277,0.052010968266646765,1
v0,Garr200112-r0,Garr200112,B1,7,40,20,0.5,15,15,1.0,19.2746620659013,0.2207582060000277,0.052010968266646765,1
v0,Garr200112-r0,Garr200112,B1,8,40,21,0.525,15,15,1.0,18.995859942638134,0.2207582060000277,0.052010968266646765,1
v0,Garr200112-r0,Garr200112,B1,9,40,21,0.525,15,15,1.0,18.63273604589143,0.2207582060000277,0.052010968266646765,1
v0,Garr200112-r0,Garr200112,B1,10,40,21,0.525,15,15,1.0,18.63835729685476,0.2207582060000277,0.052010968266646765,1
v0,Garr200112-r0,Garr200112,B1,11,40,21,0.525,15,15,1.0,18.03052114481857,0.2207582060000277,0.052010968266646765,1
v0,Garr200112-r0,Garr200112,B1,12,40,20,0.5,15,15,1.0,19.405667543848924,0.2207582060000277,0.052010968266646765,1
v0,Garr200112-r0,Garr200112,B1,13,40,21,0.525,15,15,1.0,18.284283783201683,0.2207582060000277,0.052010968266646765,1
v0,Garr200112-r0,Garr200112,B1,14,40,21,0.525,15,15,1.0,18.27905756480601,0.2207582060000277,0.052010968266646765,1
v0,Garr200112-r0,Garr200112,B1,15,40,21,0.525,15,15,1.0,18.00290955316997,0.2207582060000277,0.052010968266646765,1
v0,Garr200112-r0,Garr200112,B1,16,40,21,0.525,15,15,1.0,18.99765702859742,0.2207582060000277,0.052010968266646765,1
v0,Garr200112-r0,Garr200112,B1,17,40,20,0.5,15,15,1.0,18.43739728048683,0.2207582060000277,0.052010968266646765,1
v0,Garr200112-r0,Garr200112,B1,18,40,21,0.525,15,15,1.0,18.643489727790076,0.2207582060000277,0.052010968266646765,1
v0,Garr200112-r0,Garr200112,B1,19,40,21,0.525,15,15,1.0,18.643489727790076,0.2207582060000277,0.052010968266646765,1
v0,Garr200112-r0,Garr200112,B1,20,40,21,0.525,15,15,1.0,18.638357296854757,0.2207582060000277,0.052010968266646765,1
v0,Garr200112-r0,Garr200112,B1,21,40,21,0.525,15,15,1.0,18.997418190580877,0.2207582060000277,0.052010968266646765,1
v0,Garr200112-r0,Garr200112,B1,22,40,21,0.525,15,15,1.0,18.036623870697753,0.2207582060000277,0.052010968266646765,1
v0,Garr200112-r0,Garr200112,B1,23,40,20,0.5,15,15,1.0,19.100775874096147,0.2207582060000277,0.052010968266646765,1
v0,Garr200112-r0,Garr200112,B1,24,40,21,0.525,15,15,1.0,18.269107783347454,0.2207582060000277,0.052010968266646765,1
v0,Garr200112-r0,Garr200112,B1,25,40,21,0.525,15,15,1.0,18.216864864988768,0.2207582060000277,0.052010968266646765,1
v0,Garr200112-r0,Garr200112,B1,26,40,21,0.525,15,15,1.0,18.278835758144233,0.2207582060000277,0.052010968266646765,1
v0,Garr200112-r0,Garr200112,B1,27,40,21,0.525,15,15,1.0,18.996959637521417,0.2207582060000277,0.052010968266646765,1
v0,Garr200112-r0,Garr200112,B1,28,40,21,0.525,15,15,1.0,18.64372856580662,0.2207582060000277,0.052010968266646765,1
v0,Garr200112-r0,Garr200112,B1,29,40,21,0.525,15,15,1.0,18.621005122535337,0.2207582060000277,0.052010968266646765,1
v0,Garr200112-r0,Garr200112,TRAN,0,40,22,0.55,15,15,1.0,17.716372359881404,113.97557300000062,0.058367586333315555,1
v0,Garr200112-r0,Garr200112,TRAN,1,40,20,0.5,15,15,1.0,18.242782238999972,113.97557300000062,0.058367586333315555,1
v0,Garr200112-r0,Garr200112,TRAN,2,40,19,0.475,15,15,1.0,19.046411250232648,113.97557300000062,0.058367586333315555,1
v0,Garr200112-r0,Garr200112,TRAN,3,40,20,0.5,15,15,1.0,18.773431194740834,113.97557300000062,0.058367586333315555,1
v0,Garr200112-r0,Garr200112,TRAN,4,40,21,0.525,15,15,1.0,18.421431161768478,113.97557300000062,0.058367586333315555,1
v0,Garr200112-r0,Garr200112,TRAN,5,40,19,0.475,15,15,1.0,19.040319855736758,113.97557300000062,0.058367586333315555,1
v0,Garr200112-r0,Garr200112,TRAN,6,40,22,0.55,15,15,1.0,17.491111465050757,113.97557300000062,0.058367586333315555,1
v0,Garr200112-r0,Garr200112,TRAN,7,40,21,0.525,15,15,1.0,17.265413562741546,113.97557300000062,0.058367586333315555,1
v0,Garr200112-r0,Garr200112,TRAN,8,40,21,0.525,15,15,1.0,18.52419908084187,113.97557300000062,0.058367586333315555,1
v0,Garr200112-r0,Garr200112,TRAN,9,40,20,0.5,15,15,1.0,18.433125647714018,113.97557300000062,0.058367586333315555,1
v0,Garr200112-r0,Garr200112,TRAN,10,40,20,0.5,15,15,1.0,18.82924371566888,113.97557300000062,0.058367586333315555,1
v0,Garr200112-r0,Garr200112,TRAN,11,40,22,0.55,15,15,1.0,17.91889053916073,113.97557300000062,0.058367586333315555,1
v0,Garr200112-r0,Garr200112,TRAN,12,40,20,0.5,15,15,1.0,17.79222657216718,113.97557300000062,0.058367586333315555,1
v0,Garr200112-r0,Garr200112,TRAN,13,40,22,0.55,15,15,1.0,17.74042013114241,113.97557300000062,0.058367586333315555,1
v0,Garr200112-r0,Garr200112,TRAN,14,40,21,0.525,15,15,1.0,17.956692784889867,113.97557300000062,0.058367586333315555,1
v0,Garr200112-r0,Garr200112,TRAN,15,40,19,0.475,15,15,1.0,19.31098783500231,113.97557300000062,0.058367586333315555,1
v0,Garr200112-r0,Garr200112,TRAN,16,40,19,0.475,15,15,1.0,19.307577830862417,113.97557300000062,0.058367586333315555,1
v0,Garr200112-r0,Garr200112,TRAN,17,40,21,0.525,15,15,1.0,18.819213258743076,113.97557300000062,0.058367586333315555,1
v0,Garr200112-r0,Garr200112,TRAN,18,40,20,0.5,15,15,1.0,18.571708663804866,113.97557300000062,0.058367586333315555,1
v0,Garr200112-r0,Garr200112,TRAN,19,40,21,0.525,15,15,1.0,17.831494396448033,113.97557300000062,0.058367586333315555,1
v0,Garr200112-r0,Garr200112,TRAN,20,40,20,0.5,15,15,1.0,19.255648699811193,113.97557300000062,0.058367586333315555,1
v0,Garr200112-r0,Garr200112,TRAN,21,40,19,0.475,15,15,1.0,19.0517632336831,113.97557300000062,0.058367586333315555,1
v0,Garr200112-r0,Garr200112,TRAN,22,40,21,0.525,15,15,1.0,18.106023676882202,113.97557300000062,0.058367586333315555,1
v0,Garr200112-r0,Garr200112,TRAN,23,40,20,0.5,15,15,1.0,18.612835874525196,113.97557300000062,0.058367586333315555,1
v0,Garr200112-r0,Garr200112,TRAN,24,40,19,0.475,15,15,1.0,19.182966351285934,113.97557300000062,0.058367586333315555,1
v0,Garr200112-r0,Garr200112,TRAN,25,40,21,0.525,15,15,1.0,18.404688235309177,113.97557300000062,0.058367586333315555,1
v0,Garr200112-r0,Garr200112,TRAN,26,40,22,0.55,15,15,1.0,17.436427304947888,113.97557300000062,0.058367586333315555,1
v0,Garr200112-r0,Garr200112,TRAN,27,40,21,0.525,15,15,1.0,18.752102489712303,113.97557300000062,0.058367586333315555,1
v0,Garr200112-r0,Garr200112,TRAN,28,40,20,0.5,15,15,1.0,17.299708972087814,113.97557300000062,0.058367586333315555,1
v0,Garr200112-r0,Garr200112,TRAN,29,40,21,0.525,15,15,1.0,17.607025810943696,113.97557300000062,0.058367586333315555,1
v0,Garr200112-r1,Garr200112,B1,0,40,21,0.525,15,15,1.0,18.71589838671112,0.161139111999546,0.03148908246666906,1
v0,Garr200112-r1,Garr200112,B1,1,40,23,0.575,15,15,1.0,14.722611279763905,0.161139111999546,0.03148908246666906,1
v0,Garr200112-r1,Garr200112,B1,2,40,23,0.575,15,15,1.0,16.388027913219542,0.161139111999546,0.03148908246666906,1
v0,Garr200112-r1,Garr200112,B1,3,40,23,0.575,15,15,1.0,15.754341750791497,0.161139111999546,0.03148908246666906,1
v0,Garr200112-r1,Garr200112,B1,4,40,24,0.6,15,15,1.0,15.158203586644177,0.161139111999546,0.03148908246666906,1
v0,Garr200112-r1,Garr200112,B1,5,40,23,0.575,15,15,1.0,15.582968835002902,0.161139111999546,0.03148908246666906,1
v0,Garr200112-r1,Garr200112,B1,6,40,23,0.575,15,15,1.0,15.178807567308477,0.161139111999546,0.03148908246666906,1
v0,Garr200112-r1,Garr200112,B1,7,40,21,0.525,15,15,1.0,17.235162787961688,0.161139111999546,0.03148908246666906,1
v0,Garr200112-r1,Garr200112,B1,8,40,24,0.6,15,15,1.0,15.189655766636378,0.161139111999546,0.03148908246666906,1
v0,Garr200112-r1,Garr200112,B1,9,40,24,0.6,15,15,1.0,15.539904515347375,0.161139111999546,0.03148908246666906,1
v0,Garr200112-r1,Garr200112,B1,10,40,23,0.575,15,15,1.0,15.274621255925853,0.161139111999546,0.03148908246666906,1
v0,Garr200112-r1,Garr200112,B1,11,40,26,0.65,15,15,1.0,13.823571510742248,0.161139111999546,0.03148908246666906,1
v0,Garr200112-r1,Garr200112,B1,12,40,22,0.55,15,15,1.0,17.079515908517465,0.161139111999546,0.03148908246666906,1
v0,Garr200112-r1,Garr200112,B1,13,40,23,0.575,15,15,1.0,14.850951750022473,0.161139111999546,0.03148908246666906,1
v0,Garr200112-r1,Garr200112,B1,14,40,22,0.55,15,15,1.0,15.488808244780607,0.161139111999546,0.03148908246666906,1
v0,Garr200112-r1,Garr200112,B1,15,40,22,0.55,15,15,1.0,17.448675708571685,0.161139111999546,0.03148908246666906,1
v0,Garr200112-r1,Garr200112,B1,16,40,23,0.575,15,15,1.0,16.34430099125647,0.161139111999546,0.03148908246666906,1
v0,Garr200112-r1,Garr200112,B1,17,40,22,0.55,15,15,1.0,16.689135956481685,0.161139111999546,0.03148908246666906,1
v0,Garr200112-r1,Garr200112,B1,18,40,23,0.575,15,15,1.0,16.07114100525055,0.161139111999546,0.03148908246666906,1
v0,Garr200112-r1,Garr200112,B1,19,40,21,0.525,15,15,1.0,17.8059238226931,0.161139111999546,0.03148908246666906,1
v0,Garr200112-r1,Garr200112,B1,20,40,22,0.55,15,15,1.0,16.295019095605266,0.161139111999546,0.03148908246666906,1
v0,Garr200112-r1,Garr200112,B1,21,40,23,0.575,15,15,1.0,16.247565201767774,0.161139111999546,0.03148908246666906,1
v0,Garr200112-r1,Garr200112,B1,22,40,24,0.6,15,15,1.0,14.754495167838103,0.161139111999546,0.03148908246666906,1
v0,Garr200112-r1,Garr200112,B1,23,40,24,0.6,15,15,1.0,14.812394783335494,0.161139111999546,0.03148908246666906,1
v0,Garr200112-r1,Garr200112,B1,24,40,21,0.525,15,15,1.0,16.67676893683039,0.161139111999546,0.03148908246666906,1
v0,Garr200112-r1,Garr200112,B1,25,40,23,0.575,15,15,1.0,16.073415924110957,0.161139111999546,0.03148908246666906,1
v0,Garr200112-r1,Garr200112,B1,26,40,22,0.55,15,15,1.0,15.355739663991773,0.161139111999546,0.03148908246666906,1
v0,Garr200112-r1,Garr200112,B1,27,40,24,0.6,15,15,1.0,15.749364134234133,0.161139111999546,0.03148908246666906,1
v0,Garr200112-r1,Garr200112,B1,28,40,24,0.6,15,15,1.0,13.8138963471827,0.161139111999546,0.03148908246666906,1
v0,Garr200112-r1,Garr200112,B1,29,40,22,0.55,15,15,1.0,15.856897862295638,0.161139111999546,0.03148908246666906,1
v0,Garr200112-r1,Garr200112,TRAN,0,40,24,0.6,15,15,1.0,13.54575396179463,325.8255130810003,0.06286856913332789,1
v0,Garr200112-r1,Garr200112,TRAN,1,40,26,0.65,15,15,1.0,11.558481176986685,325.8255130810003,0.06286856913332789,1
v0,Garr200112-r1,Garr200112,TRAN,2,40,27,0.675,15,15,1.0,10.585440576327548,325.8255130810003,0.06286856913332789,1
v0,Garr200112-r1,Garr200112,TRAN,3,40,27,0.675,15,15,1.0,10.78521832312998,325.8255130810003,0.06286856913332789,1
v0,Garr200112-r1,Garr200112,TRAN,4,40,28,0.7,15,15,1.0,10.448473338824572,325.8255130810003,0.06286856913332789,1
v0,Garr200112-r1,Garr200112,TRAN,5,40,27,0.675,15,15,1.0,11.103116638454942,325.8255130810003,0.06286856913332789,1
v0,Garr200112-r1,Garr200112,TRAN,6,40,24,0.6,15,15,1.0,14.157108565833934,325.8255130810003,0.06286856913332789,1
v0,Garr200112-r1,Garr200112,TRAN,7,40,27,0.675,15,15,1.0,10.805756962493474,325.8255130810003,0.06286856913332789,1
v0,Garr200112-r1,Garr200112,TRAN,8,40,25,0.625,15,15,1.0,13.731173310010497,325.8255130810003,0.06286856913332789,1
v0,Garr200112-r1,Garr200112,TRAN,9,40,27,0.675,15,15,1.0,11.58571052006585,325.8255130810003,0.06286856913332789,1
v0,Garr200112-r1,Garr200112,TRAN,10,40,26,0.65,15,15,1.0,11.51381932457456,325.8255130810003,0.06286856913332789,1
v0,Garr200112-r1,Garr200112,TRAN,11,40,26,0.65,15,15,1.0,11.880613138529869,325.8255130810003,0.06286856913332789,1
v0,Garr200112-r1,Garr200112,TRAN,12,40,26,0.65,15,15,1.0,13.040756388187651,325.8255130810003,0.06286856913332789,1
v0,Garr200112-r1,Garr200112,TRAN,13,40,27,0.675,15,15,1.0,9.400194406362223,325.8255130810003,0.06286856913332789,1
v0,Garr200112-r1,Garr200112,TRAN,14,40,23,0.575,15,15,1.0,14.291800774394241,325.8255130810003,0.06286856913332789,1
v0,Garr200112-r1,Garr200112,TRAN,15,40,26,0.65,15,15,1.0,11.250964377229502,325.8255130810003,0.06286856913332789,1
v0,Garr200112-r1,Garr200112,TRAN,16,40,26,0.65,15,15,1.0,11.43761353197855,325.8255130810003,0.06286856913332789,1
v0,Garr200112-r1,Garr200112,TRAN,17,40,25,0.625,15,15,1.0,12.062316717326844,325.8255130810003,0.06286856913332789,1
v0,Garr200112-r1,Garr200112,TRAN,18,40,27,0.675,15,15,1.0,12.17922190064936,325.8255130810003,0.06286856913332789,1
v0,Garr200112-r1,Garr200112,TRAN,19,40,24,0.6,15,15,1.0,13.601679029947865,325.8255130810003,0.06286856913332789,1
v0,Garr200112-r1,Garr200112,TRAN,20,40,26,0.65,15,15,1.0,11.89572982528392,325.8255130810003,0.06286856913332789,1
v0,Garr200112-r1,Garr200112,TRAN,21,40,25,0.625,15,15,1.0,13.076445261573344,325.8255130810003,0.06286856913332789,1
v0,Garr200112-r1,Garr200112,TRAN,22,40,26,0.65,15,15,1.0,13.794748451305267,325.8255130810003,0.06286856913332789,1
v0,Garr200112-r1,Garr200112,TRAN,23,40,27,0.675,15,15,1.0,10.237870812327273,325.8255130810003,0.06286856913332789,1
v0,Garr200112-r1,Garr200112,TRAN,24,40,27,0.675,15,15,1.0,11.29351768856176,325.8255130810003,0.06286856913332789,1
v0,Garr200112-r1,Garr200112,TRAN,25,40,26,0.65,15,15,1.0,13.278656170162806,325.8255130810003,0.06286856913332789,1
v0,Garr200112-r1,Garr200112,TRAN,26,40,24,0.6,15,15,1.0,12.635361349773113,325.8255130810003,0.06286856913332789,1
v0,Garr200112-r1,Garr200112,TRAN,27,40,28,0.7,15,15,1.0,10.129771276975518,325.8255130810003,0.06286856913332789,1
v0,Garr200112-r1,Garr200112,TRAN,28,40,29,0.725,15,15,1.0,9.251512775438751,325.8255130810003,0.06286856913332789,1
v0,Garr200112-r1,Garr200112,TRAN,29,40,25,0.625,15,15,1.0,13.396153942027546,325.8255130810003,0.06286856913332789,1
v0,Garr200112-r2,Garr200112,B1,0,40,31,0.775,15,15,1.0,8.219301744247723,0.38323987600051623,0.0499280112000027,1
v0,Garr200112-r2,Garr200112,B1,1,40,31,0.775,15,15,1.0,8.220188692856713,0.38323987600051623,0.0499280112000027,1
v0,Garr200112-r2,Garr200112,B1,2,40,31,0.775,15,15,1.0,8.219956106445492,0.38323987600051623,0.0499280112000027,1
v0,Garr200112-r2,Garr200112,B1,3,40,30,0.75,15,15,1.0,8.773967950255678,0.38323987600051623,0.0499280112000027,1
v0,Garr200112-r2,Garr200112,B1,4,40,31,0.775,15,15,1.0,8.21973101272775,0.38323987600051623,0.0499280112000027,1
v0,Garr200112-r2,Garr200112,B1,5,40,31,0.775,15,15,1.0,8.219956106445492,0.38323987600051623,0.0499280112000027,1
v0,Garr200112-r2,Garr200112,B1,6,40,31,0.775,15,15,1.0,8.219301744247723,0.38323987600051623,0.0499280112000027,1
v0,Garr200112-r2,Garr200112,B1,7,40,31,0.775,15,15,1.0,8.219956106445492,0.38323987600051623,0.0499280112000027,1
v0,Garr200112-r2,Garr200112,B1,8,40,30,0.75,15,15,1.0,8.788433890923464,0.38323987600051623,0.0499280112000027,1
v0,Garr200112-r2,Garr200112,B1,9,40,31,0.775,15,15,1.0,8.219513014617595,0.38323987600051623,0.0499280112000027,1
v0,Garr200112-r2,Garr200112,B1,10,40,31,0.775,15,15,1.0,8.219956106445492,0.38323987600051623,0.0499280112000027,1
v0,Garr200112-r2,Garr200112,B1,11,40,31,0.775,15,15,1.0,8.219956106445492,0.38323987600051623,0.0499280112000027,1
v0,Garr200112-r2,Garr200112,B1,12,40,30,0.75,15,15,1.0,8.564680053420746,0.38323987600051623,0.0499280112000027,1
v0,Garr200112-r2,Garr200112,B1,13,40,31,0.775,15,15,1.0,8.21973101272775,0.38323987600051623,0.0499280112000027,1
v0,Garr200112-r2,Garr200112,B1,14,40,31,0.775,15,15,1.0,8.21973101272775,0.38323987600051623,0.0499280112000027,1
v0,Garr200112-r2,Garr200112,B1,15,40,31,0.775,15,15,1.0,8.220188692856713,0.38323987600051623,0.0499280112000027,1
v0,Garr200112-r2,Garr200112,B1,16,40,31,0.775,15,15,1.0,8.220188692856713,0.38323987600051623,0.0499280112000027,1
v0,Garr200112-r2,Garr200112,B1,17,40,31,0.775,15,15,1.0,8.219956106445492,0.38323987600051623,0.0499280112000027,1
v0,Garr200112-r2,Garr200112,B1,18,40,31,0.775,15,15,1.0,8.219956106445492,0.38323987600051623,0.0499280112000027,1
v0,Garr200112-r2,Garr200112,B1,19,40,31,0.775,15,15,1.0,8.21973101272775,0.38323987600051623,0.0499280112000027,1
v0,Garr200112-r2,Garr200112,B1,20,40,30,0.75,15,15,1.0,8.278428234631315,0.38323987600051623,0.0499280112000027,1
v0,Garr200112-r2,Garr200112,B1,21,40,30,0.75,15,15,1.0,8.676508268665494,0.38323987600051623,0.0499280112000027,1
v0,Garr200112-r2,Garr200112,B1,22,40,30,0.75,15,15,1.0,8.602961548092857,0.38323987600051623,0.0499280112000027,1
v0,Garr200112-r2,Garr200112,B1,23,40,31,0.775,15,15,1.0,8.219956106445492,0.38323987600051623,0.0499280112000027,1
v0,Garr200112-r2,Garr200112,B1,24,40,31,0.775,15,15,1.0,8.21973101272775,0.38323987600051623,0.0499280112000027,1
v0,Garr200112-r2,Garr200112,B1,25,40,31,0.775,15,15,1.0,8.219956106445492,0.38323987600051623,0.0499280112000027,1
v0,Garr200112-r2,Garr200112,B1,26,40,31,0.775,15,15,1.0,8.21973101272775,0.38323987600051623,0.0499280112000027,1
v0,Garr200112-r2,Garr200112,B1,27,40,31,0.775,15,15,1.0,8.21973101272775,0.38323987600051623,0.0499280112000027,1
v0,Garr200112-r2,Garr200112,B1,28,40,31,0.775,15,15,1.0,8.219513014617595,0.38323987600051623,0.0499280112000027,1
v0,Garr200112-r2,Garr200112,B1,29,40,31,0.775,15,15,1.0,8.219301744247723,0.38323987600051623,0.0499280112000027,1
v0,Garr200112-r2,Garr200112,TRAN,0,40,26,0.65,15,15,1.0,11.785985347532906,364.471208037,0.04770166049999413,1
v0,Garr200112-r2,Garr200112,TRAN,1,40,29,0.725,15,15,1.0,10.903372452719191,364.471208037,0.04770166049999413,1
v0,Garr200112-r2,Garr200112,TRAN,2,40,28,0.7,15,15,1.0,11.219321408704216,364.471208037,0.04770166049999413,1
v0,Garr200112-r2,Garr200112,TRAN,3,40,29,0.725,15,15,1.0,10.961927906135719,364.471208037,0.04770166049999413,1
v0,Garr200112-r2,Garr200112,TRAN,4,40,28,0.7,15,15,1.0,11.148024839495546,364.471208037,0.04770166049999413,1
v0,Garr200112-r2,Garr200112,TRAN,5,40,28,0.7,15,15,1.0,10.956629175997623,364.471208037,0.04770166049999413,1
v0,Garr200112-r2,Garr200112,TRAN,6,40,28,0.7,15,15,1.0,11.264573025123003,364.471208037,0.04770166049999413,1
v0,Garr200112-r2,Garr200112,TRAN,7,40,27,0.675,15,15,1.0,11.389998842054249,364.471208037,0.04770166049999413,1
v0,Garr200112-r2,Garr200112,TRAN,8,40,28,0.7,15,15,1.0,11.941191056707373,364.471208037,0.04770166049999413,1
v0,Garr200112-r2,Garr200112,TRAN,9,40,28,0.7,15,15,1.0,11.025017274414433,364.471208037,0.04770166049999413,1
v0,Garr200112-r2,Garr200112,TRAN,10,40,27,0.675,15,15,1.0,12.022613281923956,364.471208037,0.04770166049999413,1
v0,Garr200112-r2,Garr200112,TRAN,11,40,28,0.7,15,15,1.0,11.930593256435182,364.471208037,0.04770166049999413,1
v0,Garr200112-r2,Garr200112,TRAN,12,40,27,0.675,15,15,1.0,11.763819038332878,364.471208037,0.04770166049999413,1
v0,Garr200112-r2,Garr200112,TRAN,13,40,29,0.725,15,15,1.0,10.960716938706602,364.471208037,0.04770166049999413,1
v0,Garr200112-r2,Garr200112,TRAN,14,40,29,0.725,15,15,1.0,10.991247152341028,364.471208037,0.04770166049999413,1
v0,Garr200112-r2,Garr200112,TRAN,15,40,28,0.7,15,15,1.0,11.39242718162015,364.471208037,0.04770166049999413,1
v0,Garr200112-r2,Garr200112,TRAN,16,40,28,0.7,15,15,1.0,11.032586340619284,364.471208037,0.04770166049999413,1
v0,Garr200112-r2,Garr200112,TRAN,17,40,28,0.7,15,15,1.0,11.870306255809904,364.471208037,0.04770166049999413,1
v0,Garr200112-r2,Garr200112,TRAN,18,40,27,0.675,15,15,1.0,11.199540727177528,364.471208037,0.04770166049999413,1
v0,Garr200112-r2,Garr200112,TRAN,19,40,28,0.7,15,15,1.0,10.878461493265306,364.471208037,0.04770166049999413,1
v0,Garr200112-r2,Garr200112,TRAN,20,40,27,0.675,15,15,1.0,11.956906037287563,364.471208037,0.04770166049999413,1
v0,Garr200112-r2,Garr200112,TRAN,21,40,26,0.65,15,15,1.0,11.389866861118882,364.471208037,0.04770166049999413,1
v0,Garr200112-r2,Garr200112,TRAN,22,40,28,0.7,15,15,1.0,11.963612936231401,364.471208037,0.04770166049999413,1
v0,Garr200112-r2,Garr200112,TRAN,23,40,28,0.7,15,15,1.0,11.075704880504949,364.471208037,0.04770166049999413,1
v0,Garr200112-r2,Garr200112,TRAN,24,40,28,0.7,15,15,1.0,11.902753434375043,364.471208037,0.04770166049999413,1
v0,Garr200112-r2,Garr200112,TRAN,25,40,28,0.7,15,15,1.0,11.349378921722744,364.471208037,0.04770166049999413,1
v0,Garr200112-r2,Garr200112,TRAN,26,40,27,0.675,15,15,1.0,11.28518315317415,364.471208037,0.04770166049999413,1
v0,Garr200112-r2,Garr200112,TRAN,27,40,28,0.7,15,15,1.0,11.922088447003084,364.471208037,0.04770166049999413,1
v0,Garr200112-r2,Garr200112,TRAN,28,40,28,0.7,15,15,1.0,11.569438134959103,364.471208037,0.04770166049999413,1
v0,Garr200112-r2,Garr200112,TRAN,29,40,28,0.7,15,15,1.0,11.297416831352823,364.471208037,0.04770166049999413,1
v0,Garr200404-r0,Garr200404,B1,0,40,27,0.675,15,15,1.0,12.453385638069772,0.17838254300022527,0.04684815496669519,1
v0,Garr200404-r0,Garr200404,B1,1,40,25,0.625,15,15,1.0,13.883972046284537,0.17838254300022527,0.04684815496669519,1
v0,Garr200404-r0,Garr200404,B1,2,40,26,0.65,15,15,1.0,12.450488524998274,0.17838254300022527,0.04684815496669519,1
v0,Garr200404-r0,Garr200404,B1,3,40,24,0.6,15,15,1.0,15.229709249524833,0.17838254300022527,0.04684815496669519,1
v0,Garr200404-r0,Garr200404,B1,4,40,25,0.625,15,15,1.0,13.67578005971215,0.17838254300022527,0.04684815496669519,1
v0,Garr200404-r0,Garr200404,B1,5,40,26,0.65,15,15,1.0,13.242750176745139,0.17838254300022527,0.04684815496669519,1
v0,Garr200404-r0,Garr200404,B1,6,40,26,0.65,15,15,1.0,12.525730193332418,0.17838254300022527,0.04684815496669519,1
v0,Garr200404-r0,Garr200404,B1,7,40,26,0.65,15,15,1.0,12.643842853462328,0.17838254300022527,0.04684815496669519,1
v0,Garr200404-r0,Garr200404,B1,8,40,27,0.675,15,15,1.0,12.364302931818312,0.17838254300022527,0.04684815496669519,1
v0,Garr200404-r0,Garr200404,B1,9,40,26,0.65,15,15,1.0,12.637392744267292,0.17838254300022527,0.04684815496669519,1
v0,Garr200404-r0,Garr200404,B1,10,40,25,0.625,15,15,1.0,13.860945317349831,0.17838254300022527,0.04684815496669519,1
v0,Garr200404-r0,Garr200404,B1,11,40,26,0.65,15,15,1.0,12.523275157615537,0.17838254300022527,0.04684815496669519,1
v0,Garr200404-r0,Garr200404,B1,12,40,26,0.65,15,15,1.0,13.43029318566779,0.17838254300022527,0.04684815496669519,1
v0,Garr200404-r0,Garr200404,B1,13,40,27,0.675,15,15,1.0,11.332496856046026,0.17838254300022527,0.04684815496669519,1
v0,Garr200404-r0,Garr200404,B1,14,40,26,0.65,15,15,1.0,12.653556700092317,0.17838254300022527,0.04684815496669519,1
v0,Garr200404-r0,Garr200404,B1,15,40,25,0.625,15,15,1.0,13.871691168152328,0.17838254300022527,0.04684815496669519,1
v0,Garr200404-r0,Garr200404,B1,16,40,27,0.675,15,15,1.0,12.279596083349842,0.17838254300022527,0.04684815496669519,1
v0,Garr200404-r0,Garr200404,B1,17,40,26,0.65,15,15,1.0,12.753161225589709,0.17838254300022527,0.04684815496669519,1
v0,Garr200404-r0,Garr200404,B1,18,40,26,0.65,15,15,1.0,12.641114062594847,0.17838254300022527,0.04684815496669519,1
v0,Garr200404-r0,Garr200404,B1,19,40,27,0.675,15,15,1.0,11.378392706689535,0.17838254300022527,0.04684815496669519,1
v0,Garr200404-r0,Garr200404,B1,20,40,26,0.65,15,15,1.0,12.58289556966277,0.17838254300022527,0.04684815496669519,1
v0,Garr200404-r0,Garr200404,B1,21,40,26,0.65,15,15,1.0,12.302404773395823,0.17838254300022527,0.04684815496669519,1
v0,Garr200404-r0,Garr200404,B1,22,40,28,0.7,15,15,1.0,11.505247055622235,0.17838254300022527,0.04684815496669519,1
v0,Garr200404-r0,Garr200404,B1,23,40,25,0.625,15,15,1.0,13.537687860245873,0.17838254300022527,0.04684815496669519,1
v0,Garr200404-r0,Garr200404,B1,24,40,26,0.65,15,15,1.0,13.552303032266286,0.17838254300022527,0.04684815496669519,1
v0,Garr200404-r0,Garr200404,B1,25,40,26,0.65,15,15,1.0,12.88970359325568,0.17838254300022527,0.04684815496669519,1
v0,Garr200404-r0,Garr200404,B1,26,40,25,0.625,15,15,1.0,12.507769964757381,0.17838254300022527,0.04684815496669519,1
v0,Garr200404-r0,Garr200404,B1,27,40,26,0.65,15,15,1.0,12.86105233703079,0.17838254300022527,0.04684815496669519,1
v0,Garr200404-r0,Garr200404,B1,28,40,26,0.65,15,15,1.0,12.684267072043655,0.17838254300022527,0.04684815496669519,1
v0,Garr200404-r0,Garr200404,B1,29,40,26,0.65,15,15,1.0,12.022407982732926,0.17838254300022527,0.04684815496669519,1
v0,Garr200404-r0,Garr200404,TRAN,0,40,20,0.5,15,15,1.0,19.226626387688956,209.9549846179998,0.04211505163333034,1
v0,Garr200404-r0,Garr200404,TRAN,1,40,21,0.525,15,15,1.0,17.1136026208457,209.9549846179998,0.04211505163333034,1
v0,Garr200404-r0,Garr200404,TRAN,2,40,22,0.55,15,15,1.0,16.87263139153563,209.9549846179998,0.04211505163333034,1
v0,Garr200404-r0,Garr200404,TRAN,3,40,20,0.5,15,15,1.0,19.608980900682727,209.9549846179998,0.04211505163333034,1
v0,Garr200404-r0,Garr200404,TRAN,4,40,20,0.5,15,15,1.0,19.11303774005863,209.9549846179998,0.04211505163333034,1
v0,Garr200404-r0,Garr200404,TRAN,5,40,21,0.525,15,15,1.0,17.802031688009073,209.9549846179998,0.04211505163333034,1
v0,Garr200404-r0,Garr200404,TRAN,6,40,24,0.6,15,15,1.0,15.819388161519099,209.9549846179998,0.04211505163333034,1
v0,Garr200404-r0,Garr200404,TRAN,7,40,24,0.6,15,15,1.0,15.432732224790797,209.9549846179998,0.04211505163333034,1
v0,Garr200404-r0,Garr200404,TRAN,8,40,21,0.525,15,15,1.0,17.223309444592026,209.9549846179998,0.04211505163333034,1
v0,Garr200404-r0,Garr200404,TRAN,9,40,21,0.525,15,15,1.0,18.59169990671029,209.9549846179998,0.04211505163333034,1
v0,Garr200404-r0,Garr200404,TRAN,10,40,19,0.475,15,15,1.0,18.32253426243453,209.9549846179998,0.04211505163333034,1
v0,Garr200404-r0,Garr200404,TRAN,11,40,20,0.5,15,15,1.0,19.271219409385566,209.9549846179998,0.04211505163333034,1
v0,Garr200404-r0,Garr200404,TRAN,12,40,24,0.6,15,15,1.0,15.642884006987314,209.9549846179998,0.04211505163333034,1
v0,Garr200404-r0,Garr200404,TRAN,13,40,21,0.525,15,15,1.0,17.59083392680315,209.9549846179998,0.04211505163333034,1
v0,Garr200404-r0,Garr200404,TRAN,14,40,21,0.525,15,15,1.0,18.100966402739225,209.9549846179998,0.04211505163333034,1
v0,Garr200404-r0,Garr200404,TRAN,15,40,21,0.525,15,15,1.0,17.911234756100384,209.9549846179998,0.04211505163333034,1
v0,Garr200404-r0,Garr200404,TRAN,16,40,23,0.575,15,15,1.0,16.796221336098164,209.9549846179998,0.04211505163333034,1
v0,Garr200404-r0,Garr200404,TRAN,17,40,22,0.55,15,15,1.0,16.657059849836568,209.9549846179998,0.04211505163333034,1
v0,Garr200404-r0,Garr200404,TRAN,18,40,21,0.525,15,15,1.0,17.134382539257132,209.9549846179998,0.04211505163333034,1
v0,Garr200404-r0,Garr200404,TRAN,19,40,21,0.525,15,15,1.0,17.315987960579367,209.9549846179998,0.04211505163333034,1
v0,Garr200404-r0,Garr200404,TRAN,20,40,22,0.55,15,15,1.0,17.121056419072914,209.9549846179998,0.04211505163333034,1
v0,Garr200404-r0,Garr200404,TRAN,21,40,20,0.5,15,15,1.0,18.571604460234678,209.9549846179998,0.04211505163333034,1
v0,Garr200404-r0,Garr200404,TRAN,22,40,21,0.525,15,15,1.0,16.967473620451972,209.9549846179998,0.04211505163333034,1
v0,Garr200404-r0,Garr200404,TRAN,23,40,24,0.6,15,15,1.0,15.564458201831142,209.9549846179998,0.04211505163333034,1
v0,Garr200404-r0,Garr200404,TRAN,24,40,21,0.525,15,15,1.0,17.438702979339407,209.9549846179998,0.04211505163333034,1
v0,Garr200404-r0,Garr200404,TRAN,25,40,21,0.525,15,15,1.0,18.074863514030824,209.9549846179998,0.04211505163333034,1
v0,Garr200404-r0,Garr200404,TRAN,26,40,21,0.525,15,15,1.0,18.643352605991748,209.9549846179998,0.04211505163333034,1
v0,Garr200404-r0,Garr200404,TRAN,27,40,23,0.575,15,15,1.0,16.521062737449924,209.9549846179998,0.04211505163333034,1
v0,Garr200404-r0,Garr200404,TRAN,28,40,21,0.525,15,15,1.0,18.04844621548951,209.9549846179998,0.04211505163333034,1
v0,Garr200404-r0,Garr200404,TRAN,29,40,21,0.525,15,15,1.0,17.499514679889664,209.9549846179998,0.04211505163333034,1
v0,Garr200404-r1,Garr200404,B1,0,40,27,0.675,15,15,1.0,12.18442148202418,0.15521331099989766,0.037531649033311014,1
v0,Garr200404-r1,Garr200404,B1,1,40,28,0.7,15,15,1.0,12.0,0.15521331099989766,0.037531649033311014,1
v0,Garr200404-r1,Garr200404,B1,2,40,26,0.65,15,15,1.0,12.35035634617226,0.15521331099989766,0.037531649033311014,1
v0,Garr200404-r1,Garr200404,B1,3,40,28,0.7,15,15,1.0,12.000000000000002,0.15521331099989766,0.037531649033311014,1
v0,Garr200404-r1,Garr200404,B1,4,40,27,0.675,15,15,1.0,12.032536349362116,0.15521331099989766,0.037531649033311014,1
v0,Garr200404-r1,Garr200404,B1,5,40,28,0.7,15,15,1.0,12.0,0.15521331099989766,0.037531649033311014,1
v0,Garr200404-r1,Garr200404,B1,6,40,27,0.675,15,15,1.0,12.341603648568856,0.15521331099989766,0.037531649033311014,1
v0,Garr200404-r1,Garr200404,B1,7,40,27,0.675,15,15,1.0,12.149486205167324,0.15521331099989766,0.037531649033311014,1
v0,Garr200404-r1,Garr200404,B1,8,40,27,0.675,15,15,1.0,12.188971946680487,0.15521331099989766,0.037531649033311014,1
v0,Garr200404-r1,Garr200404,B1,9,40,25,0.625,15,15,1.0,13.350409617216602,0.15521331099989766,0.037531649033311014,1
v0,Garr200404-r1,Garr200404,B1,10,40,27,0.675,15,15,1.0,12.666820025453472,0.15521331099989766,0.037531649033311014,1
v0,Garr200404-r1,Garr200404,B1,11,40,26,0.65,15,15,1.0,13.030754675565031,0.15521331099989766,0.037531649033311014,1
v0,Garr200404-r1,Garr200404,B1,12,40,27,0.675,15,15,1.0,12.089394758441811,0.15521331099989766,0.037531649033311014,1
v0,Garr200404-r1,Garr200404,B1,13,40,26,0.65,15,15,1.0,12.642170004104738,0.15521331099989766,0.037531649033311014,1
v0,Garr200404-r1,Garr200404,B1,14,40,26,0.65,15,15,1.0,12.254166290979846,0.15521331099989766,0.037531649033311014,1
v0,Garr200404-r1,Garr200404,B1,15,40,26,0.65,15,15,1.0,12.566897892748182,0.15521331099989766,0.037531649033311014,1
v0,Garr200404-r1,Garr200404,B1,16,40,28,0.7,15,15,1.0,12.0,0.15521331099989766,0.037531649033311014,1
v0,Garr200404-r1,Garr200404,B1,17,40,26,0.65,15,15,1.0,12.598864850120885,0.15521331099989766,0.037531649033311014,1
v0,Garr200404-r1,Garr200404,B1,18,40,25,0.625,15,15,1.0,13.036616008340667,0.15521331099989766,0.037531649033311014,1
v0,Garr200404-r1,Garr200404,B1,19,40,28,0.7,15,15,1.0,12.0,0.15521331099989766,0.037531649033311014,1
v0,Garr200404-r1,Garr200404,B1,20,40,24,0.6,15,15,1.0,13.696185298879087,0.15521331099989766,0.037531649033311014,1
v0,Garr200404-r1,Garr200404,B1,21,40,27,0.675,15,15,1.0,12.12111174096584,0.15521331099989766,0.037531649033311014,1
v0,Garr200404-r1,Garr200404,B1,22,40,28,0.7,15,15,1.0,12.0,0.15521331099989766,0.037531649033311014,1
v0,Garr200404-r1,Garr200404,B1,23,40,27,0.675,15,15,1.0,12.019146061131591,0.15521331099989766,0.037531649033311014,1
v0,Garr200404-r1,Garr200404,B1,24,40,27,0.675,15,15,1.0,12.233637822812993,0.15521331099989766,0.037531649033311014,1
v0,Garr200404-r1,Garr200404,B1,25,40,25,0.625,15,15,1.0,13.458361221933107,0.15521331099989766,0.037531649033311014,1
v0,Garr200404-r1,Garr200404,B1,26,40,26,0.65,15,15,1.0,13.006635783000341,0.15521331099989766,0.037531649033311014,1
v0,Garr200404-r1,Garr200404,B1,27,40,26,0.65,15,15,1.0,12.857437777202813,0.15521331099989766,0.037531649033311014,1
v0,Garr200404-r1,Garr200404,B1,28,40,27,0.675,15,15,1.0,12.228899517314614,0.15521331099989766,0.037531649033311014,1
v0,Garr200404-r1,Garr200404,B1,29,40,26,0.65,15,15,1.0,13.32768541163651,0.15521331099989766,0.037531649033311014,1
v0,Garr200404-r1,Garr200404,TRAN,0,40,26,0.65,15,15,1.0,12.907723006114923,150.84936540499984,0.04036373113334169,1
v0,Garr200404-r1,Garr200404,TRAN,1,40,26,0.65,15,15,1.0,13.403203548257132,150.84936540499984,0.04036373113334169,1
v0,Garr200404-r1,Garr200404,TRAN,2,40,26,0.65,15,15,1.0,13.066703914298982,150.84936540499984,0.04036373113334169,1
v0,Garr200404-r1,Garr200404,TRAN,3,40,25,0.625,15,15,1.0,12.575253430796922,150.84936540499984,0.04036373113334169,1
v0,Garr200404-r1,Garr200404,TRAN,4,40,27,0.675,15,15,1.0,12.745453148928961,150.84936540499984,0.04036373113334169,1
v0,Garr200404-r1,Garr200404,TRAN,5,40,27,0.675,15,15,1.0,12.246590085863412,150.84936540499984,0.04036373113334169,1
v0,Garr200404-r1,Garr200404,TRAN,6,40,26,0.65,15,15,1.0,13.554040566115265,150.84936540499984,0.04036373113334169,1
v0,Garr200404-r1,Garr200404,TRAN,7,40,26,0.65,15,15,1.0,12.701372886800877,150.84936540499984,0.04036373113334169,1
v0,Garr200404-r1,Garr200404,TRAN,8,40,26,0.65,15,15,1.0,12.977772708233958,150.84936540499984,0.04036373113334169,1
v0,Garr200404-r1,Garr200404,TRAN,9,40,27,0.675,15,15,1.0,12.309937723441744,150.84936540499984,0.04036373113334169,1
v0,Garr200404-r1,Garr200404,TRAN,10,40,24,0.6,15,15,1.0,12.62665839786741,150.84936540499984,0.04036373113334169,1
v0,Garr200404-r1,Garr200404,TRAN,11,40,25,0.625,15,15,1.0,13.556169013581238,150.84936540499984,0.04036373113334169,1
v0,Garr200404-r1,Garr200404,TRAN,12,40,26,0.65,15,15,1.0,13.258087291445376,150.84936540499984,0.04036373113334169,1
v0,Garr200404-r1,Garr200404,TRAN,13,40,25,0.625,15,15,1.0,12.997029076979636,150.84936540499984,0.04036373113334169,1
v0,Garr200404-r1,Garr200404,TRAN,14,40,26,0.65,15,15,1.0,11.925743015275977,150.84936540499984,0.04036373113334169,1
v0,Garr200404-r1,Garr200404,TRAN,15,40,26,0.65,15,15,1.0,12.624738444966749,150.84936540499984,0.04036373113334169,1
v0,Garr200404-r1,Garr200404,TRAN,16,40,27,0.675,15,15,1.0,12.458291506232822,150.84936540499984,0.04036373113334169,1
v0,Garr200404-r1,Garr200404,TRAN,17,40,26,0.65,15,15,1.0,13.09192165005734,150.84936540499984,0.04036373113334169,1
v0,Garr200404-r1,Garr200404,TRAN,18,40,25,0.625,15,15,1.0,12.274149191621456,150.84936540499984,0.04036373113334169,1
v0,Garr200404-r1,Garr200404,TRAN,19,40,26,0.65,15,15,1.0,12.612088614354725,150.84936540499984,0.04036373113334169,1
v0,Garr200404-r1,Garr200404,TRAN,20,40,25,0.625,15,15,1.0,13.809398299673646,150.84936540499984,0.04036373113334169,1
v0,Garr200404-r1,Garr200404,TRAN,21,40,26,0.65,15,15,1.0,12.28206976969605,150.84936540499984,0.04036373113334169,1
v0,Garr200404-r1,Garr200404,TRAN,22,40,26,0.65,15,15,1.0,12.113548988804054,150.84936540499984,0.04036373113334169,1
v0,Garr200404-r1,Garr200404,TRAN,23,40,27,0.675,15,15,1.0,12.372515938940284,150.84936540499984,0.04036373113334169,1
v0,Garr200404-r1,Garr200404,TRAN,24,40,26,0.65,15,15,1.0,13.712315267448526,150.84936540499984,0.04036373113334169,1
v0,Garr200404-r1,Garr200404,TRAN,25,40,26,0.65,15,15,1.0,13.154049874175673,150.84936540499984,0.04036373113334169,1
v0,Garr200404-r1,Garr200404,TRAN,26,40,27,0.675,15,15,1.0,12.311441960141941,150.84936540499984,0.04036373113334169,1
v0,Garr200404-r1,Garr200404,TRAN,27,40,26,0.65,15,15,1.0,12.713379880888557,150.84936540499984,0.04036373113334169,1
v0,Garr200404-r1,Garr200404,TRAN,28,40,27,0.675,15,15,1.0,12.746655258793908,150.84936540499984,0.04036373113334169,1
v0,Garr200404-r1,Garr200404,TRAN,29,40,25,0.625,15,15,1.0,14.588470879020017,150.84936540499984,0.04036373113334169,1
v0,Garr200404-r2,Garr200404,B1,0,40,28,0.7,15,15,1.0,11.996038003387035,0.19169355299982271,0.04253120333332845,1
v0,Garr200404-r2,Garr200404,B1,1,40,29,0.725,15,15,1.0,10.279720998200096,0.19169355299982271,0.04253120333332845,1
v0,Garr200404-r2,Garr200404,B1,2,40,29,0.725,15,15,1.0,10.836154773255993,0.19169355299982271,0.04253120333332845,1
v0,Garr200404-r2,Garr200404,B1,3,40,30,0.75,15,15,1.0,10.0,0.19169355299982271,0.04253120333332845,1
v0,Garr200404-r2,Garr200404,B1,4,40,30,0.75,15,15,1.0,10.0,0.19169355299982271,0.04253120333332845,1
v0,Garr200404-r2,Garr200404,B1,5,40,30,0.75,15,15,1.0,10.0,0.19169355299982271,0.04253120333332845,1
v0,Garr200404-r2,Garr200404,B1,6,40,30,0.75,15,15,1.0,10.000000000000002,0.19169355299982271,0.04253120333332845,1
v0,Garr200404-r2,Garr200404,B1,7,40,30,0.75,15,15,1.0,10.0,0.19169355299982271,0.04253120333332845,1
v0,Garr200404-r2,Garr200404,B1,8,40,30,0.75,15,15,1.0,10.0,0.19169355299982271,0.04253120333332845,1
v0,Garr200404-r2,Garr200404,B1,9,40,28,0.7,15,15,1.0,10.669065522220667,0.19169355299982271,0.04253120333332845,1
v0,Garr200404-r2,Garr200404,B1,10,40,29,0.725,15,15,1.0,10.301504398754467,0.19169355299982271,0.04253120333332845,1
v0,Garr200404-r2,Garr200404,B1,11,40,30,0.75,15,15,1.0,10.0,0.19169355299982271,0.04253120333332845,1
v0,Garr200404-r2,Garr200404,B1,12,40,29,0.725,15,15,1.0,10.664934493858123,0.19169355299982271,0.04253120333332845,1
v0,Garr200404-r2,Garr200404,B1,13,40,28,0.7,15,15,1.0,10.567203196966341,0.19169355299982271,0.04253120333332845,1
v0,Garr200404-r2,Garr200404,B1,14,40,29,0.725,15,15,1.0,10.35289742417798,0.19169355299982271,0.04253120333332845,1
v0,Garr200404-r2,Garr200404,B1,15,40,30,0.75,15,15,1.0,10.0,0.19169355299982271,0.04253120333332845,1
v0,Garr200404-r2,Garr200404,B1,16,40,28,0.7,15,15,1.0,11.996038003370796,0.19169355299982271,0.04253120333332845,1
v0,Garr200404-r2,Garr200404,B1,17,40,30,0.75,15,15,1.0,10.000000000000002,0.19169355299982271,0.04253120333332845,1
v0,Garr200404-r2,Garr200404,B1,18,40,29,0.725,15,15,1.0,10.921913737438791,0.19169355299982271,0.04253120333332845,1
v0,Garr200404-r2,Garr200404,B1,19,40,30,0.75,15,15,1.0,10.0,0.19169355299982271,0.04253120333332845,1
v0,Garr200404-r2,Garr200404,B1,20,40,28,0.7,15,15,1.0,11.621725527584399,0.19169355299982271,0.04253120333332845,1
v0,Garr200404-r2,Garr200404,B1,21,40,29,0.725,15,15,1.0,10.249192747157345,0.19169355299982271,0.04253120333332845,1
v0,Garr200404-r2,Garr200404,B1,22,40,28,0.7,15,15,1.0,10.529629680606696,0.19169355299982271,0.04253120333332845,1
v0,Garr200404-r2,Garr200404,B1,23,40,29,0.725,15,15,1.0,10.803086287707638,0.19169355299982271,0.04253120333332845,1
v0,Garr200404-r2,Garr200404,B1,24,40,29,0.725,15,15,1.0,10.204591725703892,0.19169355299982271,0.04253120333332845,1
v0,Garr200404-r2,Garr200404,B1,25,40,30,0.75,15,15,1.0,10.0,0.19169355299982271,0.04253120333332845,1
v0,Garr200404-r2,Garr200404,B1,26,40,29,0.725,15,15,1.0,10.652221151082514,0.19169355299982271,0.04253120333332845,1
v0,Garr200404-r2,Garr200404,B1,27,40,29,0.725,15,15,1.0,10.96736027454129,0.19169355299982271,0.04253120333332845,1
v0,Garr200404-r2,Garr200404,B1,28,40,29,0.725,15,15,1.0,10.651759203135548,0.19169355299982271,0.04253120333332845,1
v0,Garr200404-r2,Garr200404,B1,29,40,29,0.725,15,15,1.0,10.866109358631398,0.19169355299982271,0.04253120333332845,1
v0,Garr200404-r2,Garr200404,TRAN,0,40,30,0.75,15,15,1.0,9.009203695144256,416.951282172,0.05029231889999816,1
v0,Garr200404-r2,Garr200404,TRAN,1,40,30,0.75,15,15,1.0,8.422115471879774,416.951282172,0.05029231889999816,1
v0,Garr200404-r2,Garr200404,TRAN,2,40,29,0.725,15,15,1.0,9.335864471547543,416.951282172,0.05029231889999816,1
v0,Garr200404-r2,Garr200404,TRAN,3,40,30,0.75,15,15,1.0,9.576830886842497,416.951282172,0.05029231889999816,1
v0,Garr200404-r2,Garr200404,TRAN,4,40,29,0.725,15,15,1.0,9.13541892438704,416.951282172,0.05029231889999816,1
v0,Garr200404-r2,Garr200404,TRAN,5,40,27,0.675,15,15,1.0,10.736844438468967,416.951282172,0.05029231889999816,1
v0,Garr200404-r2,Garr200404,TRAN,6,40,30,0.75,15,15,1.0,7.904839579058943,416.951282172,0.05029231889999816,1
v0,Garr200404-r2,Garr200404,TRAN,7,40,30,0.75,15,15,1.0,9.723541595572991,416.951282172,0.05029231889999816,1
v0,Garr200404-r2,Garr200404,TRAN,8,40,29,0.725,15,15,1.0,8.109648779665072,416.951282172,0.05029231889999816,1
v0,Garr200404-r2,Garr200404,TRAN,9,40,29,0.725,15,15,1.0,8.299000400747188,416.951282172,0.05029231889999816,1
v0,Garr200404-r2,Garr200404,TRAN,10,40,29,0.725,15,15,1.0,9.17690357202279,416.951282172,0.05029231889999816,1
v0,Garr200404-r2,Garr200404,TRAN,11,40,28,0.7,15,15,1.0,8.088342136591395,416.951282172,0.05029231889999816,1
v0,Garr200404-r2,Garr200404,TRAN,12,40,29,0.725,15,15,1.0,10.224609614533339,416.951282172,0.05029231889999816,1
v0,Garr200404-r2,Garr200404,TRAN,13,40,30,0.75,15,15,1.0,8.440174521072223,416.951282172,0.05029231889999816,1
v0,Garr200404-r2,Garr200404,TRAN,14,40,30,0.75,15,15,1.0,8.832483821057599,416.951282172,0.05029231889999816,1
v0,Garr200404-r2,Garr200404,TRAN,15,40,30,0.75,15,15,1.0,8.877358189672867,416.951282172,0.05029231889999816,1
v0,Garr200404-r2,Garr200404,TRAN,16,40,28,0.7,15,15,1.0,11.956822728744921,416.951282172,0.05029231889999816,1
v0,Garr200404-r2,Garr200404,TRAN,17,40,29,0.725,15,15,1.0,9.569785741222459,416.951282172,0.05029231889999816,1
v0,Garr200404-r2,Garr200404,TRAN,18,40,31,0.775,15,15,1.0,8.359207053981757,416.951282172,0.05029231889999816,1
v0,Garr200404-r2,Garr200404,TRAN,19,40,32,0.8,15,15,1.0,7.272983181205507,416.951282172,0.05029231889999816,1
v0,Garr200404-r2,Garr200404,TRAN,20,40,27,0.675,15,15,1.0,10.062567123702749,416.951282172,0.05029231889999816,1
v0,Garr200404-r2,Garr200404,TRAN,21,40,29,0.725,15,15,1.0,9.960603605289204,416.951282172,0.05029231889999816,1
v0,Garr200404-r2,Garr200404,TRAN,22,40,28,0.7,15,15,1.0,10.685006614950492,416.951282172,0.05029231889999816,1
v0,Garr200404-r2,Garr200404,TRAN,23,40,29,0.725,15,15,1.0,9.067033020354947,416.951282172,0.05029231889999816,1
v0,Garr200404-r2,Garr200404,TRAN,24,40,30,0.75,15,15,1.0,9.141660456390293,416.951282172,0.05029231889999816,1
v0,Garr200404-r2,Garr200404,TRAN,25,40,30,0.75,15,15,1.0,9.090177739714147,416.951282172,0.05029231889999816,1
v0,Garr200404-r2,Garr200404,TRAN,26,40,29,0.725,15,15,1.0,9.292421115751496,416.951282172,0.05029231889999816,1
v0,Garr200404-r2,Garr200404,TRAN,27,40,27,0.675,15,15,1.0,10.661551387884739,416.951282172,0.05029231889999816,1
v0,Garr200404-r2,Garr200404,TRAN,28,40,29,0.725,15,15,1.0,9.241024045437939,416.951282172,0.05029231889999816,1
v0,Garr200404-r2,Garr200404,TRAN,29,40,26,0.65,15,15,1.0,11.506075178428238,416.951282172,0.05029231889999816,1
v0,Marwan-r0,Marwan,B1,0,40,13,0.325,15,15,1.0,24.450436325816252,0.1422327119998954,0.03088706483334439,1
v0,Marwan-r0,Marwan,B1,1,40,15,0.375,15,15,1.0,23.527646024827803,0.1422327119998954,0.03088706483334439,1
v0,Marwan-r0,Marwan,B1,2,40,14,0.35,15,15,1.0,24.815601619051773,0.1422327119998954,0.03088706483334439,1
v0,Marwan-r0,Marwan,B1,3,40,14,0.35,15,15,1.0,23.712935422009988,0.1422327119998954,0.03088706483334439,1
v0,Marwan-r0,Marwan,B1,4,40,17,0.425,15,15,1.0,23.0,0.1422327119998954,0.03088706483334439,1
v0,Marwan-r0,Marwan,B1,5,40,16,0.4,15,15,1.0,23.56668424032939,0.1422327119998954,0.03088706483334439,1
v0,Marwan-r0,Marwan,B1,6,40,15,0.375,15,15,1.0,24.36620123791364,0.1422327119998954,0.03088706483334439,1
v0,Marwan-r0,Marwan,B1,7,40,13,0.325,15,15,1.0,24.215765842902385,0.1422327119998954,0.03088706483334439,1
v0,Marwan-r0,Marwan,B1,8,40,16,0.4,15,15,1.0,23.782295961478983,0.1422327119998954,0.03088706483334439,1
v0,Marwan-r0,Marwan,B1,9,40,16,0.4,15,15,1.0,23.101791870402785,0.1422327119998954,0.03088706483334439,1
v0,Marwan-r0,Marwan,B1,10,40,15,0.375,15,15,1.0,23.782820686085714,0.1422327119998954,0.03088706483334439,1
v0,Marwan-r0,Marwan,B1,11,40,14,0.35,15,15,1.0,24.31477417120489,0.1422327119998954,0.03088706483334439,1
v0,Marwan-r0,Marwan,B1,12,40,14,0.35,15,15,1.0,24.68472805666512,0.1422327119998954,0.03088706483334439,1
v0,Marwan-r0,Marwan,B1,13,40,15,0.375,15,15,1.0,23.501353861209946,0.1422327119998954,0.03088706483334439,1
v0,Marwan-r0,Marwan,B1,14,40,17,0.425,15,15,1.0,23.0,0.1422327119998954,0.03088706483334439,1
v0,Marwan-r0,Marwan,B1,15,40,11,0.275,15,15,1.0,27.710313549483374,0.1422327119998954,0.03088706483334439,1
v0,Marwan-r0,Marwan,B1,16,40,15,0.375,15,15,1.0,23.306064913086807,0.1422327119998954,0.03088706483334439,1
v0,Marwan-r0,Marwan,B1,17,40,14,0.35,15,15,1.0,24.295439622462276,0.1422327119998954,0.03088706483334439,1
v0,Marwan-r0,Marwan,B1,18,40,17,0.425,15,15,1.0,23.0,0.1422327119998954,0.03088706483334439,1
v0,Marwan-r0,Marwan,B1,19,40,16,0.4,15,15,1.0,23.32727402784919,0.1422327119998954,0.03088706483334439,1
v0,Marwan-r0,Marwan,B1,20,40,13,0.325,15,15,1.0,25.03952666341189,0.1422327119998954,0.03088706483334439,1
v0,Marwan-r0,Marwan,B1,21,40,15,0.375,15,15,1.0,23.362243472270908,0.1422327119998954,0.03088706483334439,1
v0,Marwan-r0,Marwan,B1,22,40,11,0.275,15,15,1.0,25.8330712355216,0.1422327119998954,0.03088706483334439,1
v0,Marwan-r0,Marwan,B1,23,40,14,0.35,15,15,1.0,24.613429061984373,0.1422327119998954,0.03088706483334439,1
v0,Marwan-r0,Marwan,B1,24,40,13,0.325,15,15,1.0,24.811143459212794,0.1422327119998954,0.03088706483334439,1
v0,Marwan-r0,Marwan,B1,25,40,13,0.325,15,15,1.0,24.83118101488271,0.1422327119998954,0.03088706483334439,1
v0,Marwan-r0,Marwan,B1,26,40,15,0.375,15,15,1.0,23.487600490665677,0.1422327119998954,0.03088706483334439,1
v0,Marwan-r0,Marwan,B1,27,40,16,0.4,15,15,1.0,23.43497728464195,0.1422327119998954,0.03088706483334439,1
v0,Marwan-r0,Marwan,B1,28,40,14,0.35,15,15,1.0,24.444695745938226,0.1422327119998954,0.03088706483334439,1
v0,Marwan-r0,Marwan,B1,29,40,15,0.375,15,15,1.0,24.4470498557326,0.1422327119998954,0.03088706483334439,1
v0,Marwan-r0,Marwan,TRAN,0,40,19,0.475,15,15,1.0,17.327534415642642,244.77959178000037,0.06096289546667322,1
v0,Marwan-r0,Marwan,TRAN,1,40,22,0.55,15,15,1.0,16.36933460168736,244.77959178000037,0.06096289546667322,1
v0,Marwan-r0,Marwan,TRAN,2,40,17,0.425,15,14,0.9333333333333333,20.87737818288716,244.77959178000037,0.06096289546667322,1
v0,Marwan-r0,Marwan,TRAN,3,40,16,0.4,15,15,1.0,21.09055917541936,244.77959178000037,0.06096289546667322,1
v0,Marwan-r0,Marwan,TRAN,4,40,19,0.475,15,15,1.0,19.442119186148016,244.77959178000037,0.06096289546667322,1
v0,Marwan-r0,Marwan,TRAN,5,40,21,0.525,15,15,1.0,18.155776847348275,244.77959178000037,0.06096289546667322,1
v0,Marwan-r0,Marwan,TRAN,6,40,20,0.5,15,15,1.0,18.52334371315015,244.77959178000037,0.06096289546667322,1
v0,Marwan-r0,Marwan,TRAN,7,40,22,0.55,15,15,1.0,16.688962700857864,244.77959178000037,0.06096289546667322,1
v0,Marwan-r0,Marwan,TRAN,8,40,20,0.5,15,15,1.0,18.291658500277702,244.77959178000037,0.06096289546667322,1
v0,Marwan-r0,Marwan,TRAN,9,40,20,0.5,15,15,1.0,18.43303640109234,244.77959178000037,0.06096289546667322,1
v0,Marwan-r0,Marwan,TRAN,10,40,21,0.525,15,15,1.0,17.13864251649552,244.77959178000037,0.06096289546667322,1
v0,Marwan-r0,Marwan,TRAN,11,40,19,0.475,15,15,1.0,18.19016847528876,244.77959178000037,0.06096289546667322,1
v0,Marwan-r0,Marwan,TRAN,12,40,19,0.475,15,15,1.0,17.379014458660496,244.77959178000037,0.06096289546667322,1
v0,Marwan-r0,Marwan,TRAN,13,40,20,0.5,15,15,1.0,17.212368724878505,244.77959178000037,0.06096289546667322,1
v0,Marwan-r0,Marwan,TRAN,14,40,19,0.475,15,15,1.0,18.51898641394199,244.77959178000037,0.06096289546667322,1
v0,Marwan-r0,Marwan,TRAN,15,40,20,0.5,15,15,1.0,18.11321556878718,244.77959178000037,0.06096289546667322,1
v0,Marwan-r0,Marwan,TRAN,16,40,21,0.525,15,15,1.0,15.172932469233555,244.77959178000037,0.06096289546667322,1
v0,Marwan-r0,Marwan,TRAN,17,40,20,0.5,15,15,1.0,17.16258282760002,244.77959178000037,0.06096289546667322,1
v0,Marwan-r0,Marwan,TRAN,18,40,18,0.45,15,15,1.0,16.566507416026614,244.77959178000037,0.06096289546667322,1
v0,Marwan-r0,Marwan,TRAN,19,40,20,0.5,15,15,1.0,17.49198853188214,244.77959178000037,0.06096289546667322,1
v0,Marwan-r0,Marwan,TRAN,20,40,20,0.5,15,15,1.0,17.59922766774825,244.77959178000037,0.06096289546667322,1
v0,Marwan-r0,Marwan,TRAN,21,40,22,0.55,15,15,1.0,16.32056577261941,244.77959178000037,0.06096289546667322,1
v0,Marwan-r0,Marwan,TRAN,22,40,18,0.45,15,15,1.0,18.587517725831887,244.77959178000037,0.06096289546667322,1
v0,Marwan-r0,Marwan,TRAN,23,40,16,0.4,15,15,1.0,21.340850680281946,244.77959178000037,0.06096289546667322,1
v0,Marwan-r0,Marwan,TRAN,24,40,18,0.45,15,15,1.0,20.273975961309844,244.77959178000037,0.06096289546667322,1
v0,Marwan-r0,Marwan,TRAN,25,40,22,0.55,15,15,1.0,16.209651499086892,244.77959178000037,0.06096289546667322,1
v0,Marwan-r0,Marwan,TRAN,26,40,20,0.5,15,15,1.0,17.110131334336042,244.77959178000037,0.06096289546667322,1
v0,Marwan-r0,Marwan,TRAN,27,40,17,0.425,15,15,1.0,19.16135601752606,244.77959178000037,0.06096289546667322,1
v0,Marwan-r0,Marwan,TRAN,28,40,21,0.525,15,15,1.0,17.28228440453473,244.77959178000037,0.06096289546667322,1
v0,Marwan-r0,Marwan,TRAN,29,40,20,0.5,15,15,1.0,17.34990174242494,244.77959178000037,0.06096289546667322,1
v0,Marwan-r1,Marwan,B1,0,40,21,0.525,15,15,1.0,18.57149126269875,0.12237605799964513,0.030605726066672407,1
v0,Marwan-r1,Marwan,B1,1,40,20,0.5,15,15,1.0,19.26666185449235,0.12237605799964513,0.030605726066672407,1
v0,Marwan-r1,Marwan,B1,2,40,16,0.4,15,15,1.0,20.149321025030986,0.12237605799964513,0.030605726066672407,1
v0,Marwan-r1,Marwan,B1,3,40,19,0.475,15,15,1.0,19.34043553152987,0.12237605799964513,0.030605726066672407,1
v0,Marwan-r1,Marwan,B1,4,40,20,0.5,15,15,1.0,18.738654896955435,0.12237605799964513,0.030605726066672407,1
v0,Marwan-r1,Marwan,B1,5,40,20,0.5,15,15,1.0,18.681098109719166,0.12237605799964513,0.030605726066672407,1
v0,Marwan-r1,Marwan,B1,6,40,21,0.525,15,15,1.0,18.10644633168061,0.12237605799964513,0.030605726066672407,1
v0,Marwan-r1,Marwan,B1,7,40,20,0.5,15,15,1.0,19.353954832349633,0.12237605799964513,0.030605726066672407,1
v0,Marwan-r1,Marwan,B1,8,40,19,0.475,15,15,1.0,19.130186398927883,0.12237605799964513,0.030605726066672407,1
v0,Marwan-r1,Marwan,B1,9,40,19,0.475,15,15,1.0,19.812055126286054,0.12237605799964513,0.030605726066672407,1
v0,Marwan-r1,Marwan,B1,10,40,20,0.5,15,15,1.0,19.018709431325938,0.12237605799964513,0.030605726066672407,1
v0,Marwan-r1,Marwan,B1,11,40,20,0.5,15,15,1.0,19.53309161918018,0.12237605799964513,0.030605726066672407,1
v0,Marwan-r1,Marwan,B1,12,40,20,0.5,15,15,1.0,19.225890900325236,0.12237605799964513,0.030605726066672407,1
v0,Marwan-r1,Marwan,B1,13,40,18,0.45,15,15,1.0,21.46042315588495,0.12237605799964513,0.030605726066672407,1
v0,Marwan-r1,Marwan,B1,14,40,20,0.5,15,15,1.0,19.467074199149376,0.12237605799964513,0.030605726066672407,1
v0,Marwan-r1,Marwan,B1,15,40,21,0.525,15,15,1.0,18.768493262854467,0.12237605799964513,0.030605726066672407,1
v0,Marwan-r1,Marwan,B1,16,40,22,0.55,15,15,1.0,18.0,0.12237605799964513,0.030605726066672407,1
v0,Marwan-r1,Marwan,B1,17,40,19,0.475,15,15,1.0,19.698079777442352,0.12237605799964513,0.030605726066672407,1
v0,Marwan-r1,Marwan,B1,18,40,20,0.5,15,15,1.0,19.217414827956333,0.12237605799964513,0.030605726066672407,1
v0,Marwan-r1,Marwan,B1,19,40,18,0.45,15,15,1.0,20.351998337434885,0.12237605799964513,0.030605726066672407,1
v0,Marwan-r1,Marwan,B1,20,40,19,0.475,15,15,1.0,19.30766246914962,0.12237605799964513,0.030605726066672407,1
v0,Marwan-r1,Marwan,B1,21,40,20,0.5,15,15,1.0,19.468175311696154,0.12237605799964513,0.030605726066672407,1
v0,Marwan-r1,Marwan,B1,22,40,21,0.525,15,15,1.0,18.092112532385283,0.12237605799964513,0.030605726066672407,1
v0,Marwan-r1,Marwan,B1,23,40,21,0.525,15,15,1.0,18.2085493532901,0.12237605799964513,0.030605726066672407,1
v0,Marwan-r1,Marwan,B1,24,40,21,0.525,15,15,1.0,18.032246333138584,0.12237605799964513,0.030605726066672407,1
v0,Marwan-r1,Marwan,B1,25,40,22,0.55,15,15,1.0,18.0,0.12237605799964513,0.030605726066672407,1
v0,Marwan-r1,Marwan,B1,26,40,22,0.55,15,15,1.0,18.0,0.12237605799964513,0.030605726066672407,1
v0,Marwan-r1,Marwan,B1,27,40,22,0.55,15,15,1.0,18.0,0.12237605799964513,0.030605726066672407,1
v0,Marwan-r1,Marwan,B1,28,40,20,0.5,15,15,1.0,18.99973848141498,0.12237605799964513,0.030605726066672407,1
v0,Marwan-r1,Marwan,B1,29,40,20,0.5,15,15,1.0,19.347853890790756,0.12237605799964513,0.030605726066672407,1
v0,Marwan-r1,Marwan,TRAN,0,40,21,0.525,15,15,1.0,17.298291513909728,84.85861194300014,0.04600781369999822,1
v0,Marwan-r1,Marwan,TRAN,1,40,22,0.55,15,15,1.0,16.978455735143495,84.85861194300014,0.04600781369999822,1
v0,Marwan-r1,Marwan,TRAN,2,40,19,0.475,15,15,1.0,19.544542150102973,84.85861194300014,0.04600781369999822,1
v0,Marwan-r1,Marwan,TRAN,3,40,19,0.475,15,15,1.0,19.107478496059155,84.85861194300014,0.04600781369999822,1
v0,Marwan-r1,Marwan,TRAN,4,40,21,0.525,15,15,1.0,17.2473070952599,84.85861194300014,0.04600781369999822,1
v0,Marwan-r1,Marwan,TRAN,5,40,20,0.5,15,15,1.0,18.891990986462282,84.85861194300014,0.04600781369999822,1
v0,Marwan-r1,Marwan,TRAN,6,40,22,0.55,15,15,1.0,17.448438769393988,84.85861194300014,0.04600781369999822,1
v0,Marwan-r1,Marwan,TRAN,7,40,20,0.5,15,15,1.0,18.668822817192304,84.85861194300014,0.04600781369999822,1
v0,Marwan-r1,Marwan,TRAN,8,40,20,0.5,15,15,1.0,18.891194891892564,84.85861194300014,0.04600781369999822,1
v0,Marwan-r1,Marwan,TRAN,9,40,22,0.55,15,15,1.0,17.00714266552801,84.85861194300014,0.04600781369999822,1
v0,Marwan-r1,Marwan,TRAN,10,40,21,0.525,15,15,1.0,17.680063023500523,84.85861194300014,0.04600781369999822,1
v0,Marwan-r1,Marwan,TRAN,11,40,21,0.525,15,15,1.0,17.64743496524973,84.85861194300014,0.04600781369999822,1
v0,Marwan-r1,Marwan,TRAN,12,40,20,0.5,15,15,1.0,18.68513205709798,84.85861194300014,0.04600781369999822,1
v0,Marwan-r1,Marwan,TRAN,13,40,21,0.525,15,15,1.0,18.212203752179335,84.85861194300014,0.04600781369999822,1
v0,Marwan-r1,Marwan,TRAN,14,40,21,0.525,15,15,1.0,17.936564376350656,84.85861194300014,0.04600781369999822,1
v0,Marwan-r1,Marwan,TRAN,15,40,22,0.55,15,15,1.0,17.98967817159922,84.85861194300014,0.04600781369999822,1
v0,Marwan-r1,Marwan,TRAN,16,40,22,0.55,15,15,1.0,16.671662793653105,84.85861194300014,0.04600781369999822,1
v0,Marwan-r1,Marwan,TRAN,17,40,19,0.475,15,15,1.0,20.60485962590286,84.85861194300014,0.04600781369999822,1
v0,Marwan-r1,Marwan,TRAN,18,40,20,0.5,15,15,1.0,19.687506972477387,84.85861194300014,0.04600781369999822,1
v0,Marwan-r1,Marwan,TRAN,19,40,21,0.525,15,15,1.0,17.799872357678705,84.85861194300014,0.04600781369999822,1
v0,Marwan-r1,Marwan,TRAN,20,40,21,0.525,15,15,1.0,17.968964589283,84.85861194300014,0.04600781369999822,1
v0,Marwan-r1,Marwan,TRAN,21,40,21,0.525,15,15,1.0,17.410826088152344,84.85861194300014,0.04600781369999822,1
v0,Marwan-r1,Marwan,TRAN,22,40,21,0.525,15,15,1.0,18.335672400442558,84.85861194300014,0.04600781369999822,1
v0,Marwan-r1,Marwan,TRAN,23,40,21,0.525,15,15,1.0,17.84422530991813,84.85861194300014,0.04600781369999822,1
v0,Marwan-r1,Marwan,TRAN,24,40,21,0.525,15,15,1.0,18.28049782598691,84.85861194300014,0.04600781369999822,1
v0,Marwan-r1,Marwan,TRAN,25,40,23,0.575,15,15,1.0,16.443886623706835,84.85861194300014,0.04600781369999822,1
v0,Marwan-r1,Marwan,TRAN,26,40,20,0.5,15,15,1.0,18.258300074557937,84.85861194300014,0.04600781369999822,1
v0,Marwan-r1,Marwan,TRAN,27,40,19,0.475,15,15,1.0,20.13141030992418,84.85861194300014,0.04600781369999822,1
v0,Marwan-r1,Marwan,TRAN,28,40,22,0.55,15,15,1.0,17.85895377524712,84.85861194300014,0.04600781369999822,1
v0,Marwan-r1,Marwan,TRAN,29,40,23,0.575,15,15,1.0,16.321193854795833,84.85861194300014,0.04600781369999822,1
v0,Marwan-r2,Marwan,B1,0,40,22,0.55,15,15,1.0,16.375455763538145,0.12034004800079856,0.0270186421666646,1
v0,Marwan-r2,Marwan,B1,1,40,23,0.575,15,15,1.0,16.211979454778128,0.12034004800079856,0.0270186421666646,1
v0,Marwan-r2,Marwan,B1,2,40,25,0.625,15,15,1.0,15.0,0.12034004800079856,0.0270186421666646,1
v0,Marwan-r2,Marwan,B1,3,40,23,0.575,15,15,1.0,15.865202055759406,0.12034004800079856,0.0270186421666646,1
v0,Marwan-r2,Marwan,B1,4,40,25,0.625,15,15,1.0,15.0,0.12034004800079856,0.0270186421666646,1
v0,Marwan-r2,Marwan,B1,5,40,22,0.55,15,15,1.0,17.14508017250366,0.12034004800079856,0.0270186421666646,1
v0,Marwan-r2,Marwan,B1,6,40,22,0.55,15,15,1.0,17.238824438114776,0.12034004800079856,0.0270186421666646,1
v0,Marwan-r2,Marwan,B1,7,40,22,0.55,15,15,1.0,16.234638666173197,0.12034004800079856,0.0270186421666646,1
v0,Marwan-r2,Marwan,B1,8,40,24,0.6,15,15,1.0,15.997317912931146,0.12034004800079856,0.0270186421666646,1
v0,Marwan-r2,Marwan,B1,9,40,25,0.625,15,15,1.0,15.0,0.12034004800079856,0.0270186421666646,1
v0,Marwan-r2,Marwan,B1,10,40,20,0.5,15,15,1.0,18.413311101703716,0.12034004800079856,0.0270186421666646,1
v0,Marwan-r2,Marwan,B1,11,40,25,0.625,15,15,1.0,15.0,0.12034004800079856,0.0270186421666646,1
v0,Marwan-r2,Marwan,B1,12,40,22,0.55,15,15,1.0,17.089711154597573,0.12034004800079856,0.0270186421666646,1
v0,Marwan-r2,Marwan,B1,13,40,24,0.6,15,15,1.0,15.410814271065403,0.12034004800079856,0.0270186421666646,1
v0,Marwan-r2,Marwan,B1,14,40,22,0.55,15,15,1.0,16.330986712202368,0.12034004800079856,0.0270186421666646,1
v0,Marwan-r2,Marwan,B1,15,40,21,0.525,15,15,1.0,17.84003459347671,0.12034004800079856,0.0270186421666646,1
v0,Marwan-r2,Marwan,B1,16,40,25,0.625,15,15,1.0,15.0,0.12034004800079856,0.0270186421666646,1
v0,Marwan-r2,Marwan,B1,17,40,24,0.6,15,15,1.0,15.998001257538883,0.12034004800079856,0.0270186421666646,1
v0,Marwan-r2,Marwan,B1,18,40,25,0.625,15,15,1.0,15.0,0.12034004800079856,0.0270186421666646,1
v0,Marwan-r2,Marwan,B1,19,40,23,0.575,15,15,1.0,16.851415071626406,0.12034004800079856,0.0270186421666646,1
v0,Marwan-r2,Marwan,B1,20,40,20,0.5,15,15,1.0,18.46038845516001,0.12034004800079856,0.0270186421666646,1
v0,Marwan-r2,Marwan,B1,21,40,25,0.625,15,15,1.0,15.0,0.12034004800079856,0.0270186421666646,1
v0,Marwan-r2,Marwan,B1,22,40,25,0.625,15,15,1.0,15.0,0.12034004800079856,0.0270186421666646,1
v0,Marwan-r2,Marwan,B1,23,40,24,0.6,15,15,1.0,15.998001259924564,0.12034004800079856,0.0270186421666646,1
v0,Marwan-r2,Marwan,B1,24,40,24,0.6,15,15,1.0,15.998001256102025,0.12034004800079856,0.0270186421666646,1
v0,Marwan-r2,Marwan,B1,25,40,23,0.575,15,15,1.0,16.129006785896927,0.12034004800079856,0.0270186421666646,1
v0,Marwan-r2,Marwan,B1,26,40,23,0.575,15,15,1.0,16.398959052869035,0.12034004800079856,0.0270186421666646,1
v0,Marwan-r2,Marwan,B1,27,40,22,0.55,15,15,1.0,17.24660260951426,0.12034004800079856,0.0270186421666646,1
v0,Marwan-r2,Marwan,B1,28,40,22,0.55,15,15,1.0,16.529125278039544,0.12034004800079856,0.0270186421666646,1
v0,Marwan-r2,Marwan,B1,29,40,24,0.6,15,15,1.0,15.492151821344166,0.12034004800079856,0.0270186421666646,1
v0,Marwan-r2,Marwan,TRAN,0,40,22,0.55,15,14,0.9333333333333333,17.65531304004527,240.57926712399967,0.06022825966668582,1
v0,Marwan-r2,Marwan,TRAN,1,40,20,0.5,15,15,1.0,18.110163751492234,240.57926712399967,0.06022825966668582,1
v0,Marwan-r2,Marwan,TRAN,2,40,23,0.575,15,15,1.0,16.827697895791502,240.57926712399967,0.06022825966668582,1
v0,Marwan-r2,Marwan,TRAN,3,40,22,0.55,15,15,1.0,17.6522825779994,240.57926712399967,0.06022825966668582,1
v0,Marwan-r2,Marwan,TRAN,4,40,23,0.575,15,15,1.0,16.786035948756282,240.57926712399967,0.06022825966668582,1
v0,Marwan-r2,Marwan,TRAN,5,40,22,0.55,15,15,1.0,17.63397564872772,240.57926712399967,0.06022825966668582,1
v0,Marwan-r2,Marwan,TRAN,6,40,22,0.55,15,15,1.0,17.80080846328854,240.57926712399967,0.06022825966668582,1
v0,Marwan-r2,Marwan,TRAN,7,40,22,0.55,15,15,1.0,17.710623150485393,240.57926712399967,0.06022825966668582,1
v0,Marwan-r2,Marwan,TRAN,8,40,21,0.525,15,15,1.0,18.62970699416968,240.57926712399967,0.06022825966668582,1
v0,Marwan-r2,Marwan,TRAN,9,40,22,0.55,15,15,1.0,17.722195259087066,240.57926712399967,0.06022825966668582,1
v0,Marwan-r2,Marwan,TRAN,10,40,23,0.575,15,15,1.0,16.009881940221376,240.57926712399967,0.06022825966668582,1
v0,Marwan-r2,Marwan,TRAN,11,40,21,0.525,15,15,1.0,17.492100752865635,240.57926712399967,0.06022825966668582,1
v0,Marwan-r2,Marwan,TRAN,12,40,23,0.575,15,15,1.0,16.44434167365551,240.57926712399967,0.06022825966668582,1
v0,Marwan-r2,Marwan,TRAN,13,40,22,0.55,15,15,1.0,17.513861002113728,240.57926712399967,0.06022825966668582,1
v0,Marwan-r2,Marwan,TRAN,14,40,19,0.475,15,15,1.0,17.79318641702334,240.57926712399967,0.06022825966668582,1
v0,Marwan-r2,Marwan,TRAN,15,40,21,0.525,15,15,1.0,17.56679928903969,240.57926712399967,0.06022825966668582,1
v0,Marwan-r2,Marwan,TRAN,16,40,22,0.55,15,15,1.0,17.067662085022356,240.57926712399967,0.06022825966668582,1
v0,Marwan-r2,Marwan,TRAN,17,40,22,0.55,15,15,1.0,17.197342691419024,240.57926712399967,0.06022825966668582,1
v0,Marwan-r2,Marwan,TRAN,18,40,22,0.55,15,15,1.0,17.040105097411548,240.57926712399967,0.06022825966668582,1
v0,Marwan-r2,Marwan,TRAN,19,40,22,0.55,15,15,1.0,17.589335129425816,240.57926712399967,0.06022825966668582,1
v0,Marwan-r2,Marwan,TRAN,20,40,20,0.5,15,15,1.0,18.29601664576328,240.57926712399967,0.06022825966668582,1
v0,Marwan-r2,Marwan,TRAN,21,40,21,0.525,15,15,1.0,16.864065411074222,240.57926712399967,0.06022825966668582,1
v0,Marwan-r2,Marwan,TRAN,22,40,23,0.575,15,15,1.0,14.956000980425062,240.57926712399967,0.06022825966668582,1
v0,Marwan-r2,Marwan,TRAN,23,40,22,0.55,15,15,1.0,17.196507877130887,240.57926712399967,0.06022825966668582,1
v0,Marwan-r2,Marwan,TRAN,24,40,21,0.525,15,15,1.0,17.95441822901634,240.57926712399967,0.06022825966668582,1
v0,Marwan-r2,Marwan,TRAN,25,40,22,0.55,15,15,1.0,16.807673610705496,240.57926712399967,0.06022825966668582,1
v0,Marwan-r2,Marwan,TRAN,26,40,21,0.525,15,15,1.0,17.77913621214028,240.57926712399967,0.06022825966668582,1
v0,Marwan-r2,Marwan,TRAN,27,40,22,0.55,15,15,1.0,16.925989242855803,240.57926712399967,0.06022825966668582,1
v0,Marwan-r2,Marwan,TRAN,28,40,21,0.525,15,15,1.0,17.670289816624837,240.57926712399967,0.06022825966668582,1
v0,Marwan-r2,Marwan,TRAN,29,40,21,0.525,15,15,1.0,17.348164189894444,240.57926712399967,0.06022825966668582,1
v0-bh50,Agis-r0,Agis,B1,0,40,16,0.4,15,15,1.0,24.0,0.16339082700051222,0.025539244533320016,1
v0-bh50,Agis-r0,Agis,B1,1,40,16,0.4,15,15,1.0,24.0,0.16339082700051222,0.025539244533320016,1
v0-bh50,Agis-r0,Agis,B1,2,40,16,0.4,15,15,1.0,24.0,0.16339082700051222,0.025539244533320016,1
v0-bh50,Agis-r0,Agis,B1,3,40,16,0.4,15,15,1.0,24.0,0.16339082700051222,0.025539244533320016,1
v0-bh50,Agis-r0,Agis,B1,4,40,16,0.4,15,15,1.0,24.0,0.16339082700051222,0.025539244533320016,1
v0-bh50,Agis-r0,Agis,B1,5,40,16,0.4,15,15,1.0,24.0,0.16339082700051222,0.025539244533320016,1
v0-bh50,Agis-r0,Agis,B1,6,40,16,0.4,15,15,1.0,24.0,0.16339082700051222,0.025539244533320016,1
v0-bh50,Agis-r0,Agis,B1,7,40,16,0.4,15,15,1.0,24.0,0.16339082700051222,0.025539244533320016,1
v0-bh50,Agis-r0,Agis,B1,8,40,16,0.4,15,15,1.0,24.0,0.16339082700051222,0.025539244533320016,1
v0-bh50,Agis-r0,Agis,B1,9,40,16,0.4,15,15,1.0,24.0,0.16339082700051222,0.025539244533320016,1
v0-bh50,Agis-r0,Agis,B1,10,40,16,0.4,15,15,1.0,24.0,0.16339082700051222,0.025539244533320016,1
v0-bh50,Agis-r0,Agis,B1,11,40,16,0.4,15,15,1.0,24.0,0.16339082700051222,0.025539244533320016,1
v0-bh50,Agis-r0,Agis,B1,12,40,16,0.4,15,15,1.0,24.0,0.16339082700051222,0.025539244533320016,1
v0-bh50,Agis-r0,Agis,B1,13,40,16,0.4,15,15,1.0,24.0,0.16339082700051222,0.025539244533320016,1
v0-bh50,Agis-r0,Agis,B1,14,40,16,0.4,15,15,1.0,24.0,0.16339082700051222,0.025539244533320016,1
v0-bh50,Agis-r0,Agis,B1,15,40,16,0.4,15,15,1.0,24.0,0.16339082700051222,0.025539244533320016,1
v0-bh50,Agis-r0,Agis,B1,16,40,16,0.4,15,15,1.0,24.0,0.16339082700051222,0.025539244533320016,1
v0-bh50,Agis-r0,Agis,B1,17,40,16,0.4,15,15,1.0,24.0,0.16339082700051222,0.025539244533320016,1
v0-bh50,Agis-r0,Agis,B1,18,40,16,0.4,15,15,1.0,24.0,0.16339082700051222,0.025539244533320016,1
v0-bh50,Agis-r0,Agis,B1,19,40,16,0.4,15,15,1.0,24.0,0.16339082700051222,0.025539244533320016,1
v0-bh50,Agis-r0,Agis,B1,20,40,16,0.4,15,15,1.0,24.0,0.16339082700051222,0.025539244533320016,1
v0-bh50,Agis-r0,Agis,B1,21,40,16,0.4,15,15,1.0,24.0,0.16339082700051222,0.025539244533320016,1
v0-bh50,Agis-r0,Agis,B1,22,40,16,0.4,15,15,1.0,24.0,0.16339082700051222,0.025539244533320016,1
v0-bh50,Agis-r0,Agis,B1,23,40,16,0.4,15,15,1.0,24.0,0.16339082700051222,0.025539244533320016,1
v0-bh50,Agis-r0,Agis,B1,24,40,16,0.4,15,15,1.0,24.0,0.16339082700051222,0.025539244533320016,1
v0-bh50,Agis-r0,Agis,B1,25,40,16,0.4,15,15,1.0,24.0,0.16339082700051222,0.025539244533320016,1
v0-bh50,Agis-r0,Agis,B1,26,40,16,0.4,15,15,1.0,24.0,0.16339082700051222,0.025539244533320016,1
v0-bh50,Agis-r0,Agis,B1,27,40,16,0.4,15,15,1.0,24.0,0.16339082700051222,0.025539244533320016,1
v0-bh50,Agis-r0,Agis,B1,28,40,16,0.4,15,15,1.0,24.0,0.16339082700051222,0.025539244533320016,1
v0-bh50,Agis-r0,Agis,B1,29,40,16,0.4,15,15,1.0,24.0,0.16339082700051222,0.025539244533320016,1
v0-bh50,Agis-r0,Agis,TRAN,0,40,27,0.675,15,15,1.0,10.837728403527802,195.90723840600003,0.0629482987999836,1
v0-bh50,Agis-r0,Agis,TRAN,1,40,23,0.575,15,15,1.0,13.56637079514944,195.90723840600003,0.0629482987999836,1
v0-bh50,Agis-r0,Agis,TRAN,2,40,28,0.7,15,15,1.0,10.784350755993877,195.90723840600003,0.0629482987999836,1
v0-bh50,Agis-r0,Agis,TRAN,3,40,24,0.6,15,15,1.0,13.333084244349202,195.90723840600003,0.0629482987999836,1
v0-bh50,Agis-r0,Agis,TRAN,4,40,26,0.65,15,15,1.0,12.787485040509138,195.90723840600003,0.0629482987999836,1
v0-bh50,Agis-r0,Agis,TRAN,5,40,27,0.675,15,15,1.0,10.997168226196589,195.90723840600003,0.0629482987999836,1
v0-bh50,Agis-r0,Agis,TRAN,6,40,23,0.575,15,15,1.0,13.826181567238761,195.90723840600003,0.0629482987999836,1
v0-bh50,Agis-r0,Agis,TRAN,7,40,25,0.625,15,15,1.0,11.688925152524764,195.90723840600003,0.0629482987999836,1
v0-bh50,Agis-r0,Agis,TRAN,8,40,28,0.7,15,15,1.0,11.1716988159397,195.90723840600003,0.0629482987999836,1
v0-bh50,Agis-r0,Agis,TRAN,9,40,26,0.65,15,15,1.0,12.86565848680726,195.90723840600003,0.0629482987999836,1
v0-bh50,Agis-r0,Agis,TRAN,10,40,26,0.65,15,15,1.0,12.305667911565513,195.90723840600003,0.0629482987999836,1
v0-bh50,Agis-r0,Agis,TRAN,11,40,24,0.6,15,15,1.0,14.887050581807912,195.90723840600003,0.0629482987999836,1
v0-bh50,Agis-r0,Agis,TRAN,12,40,26,0.65,15,15,1.0,11.133133332027759,195.90723840600003,0.0629482987999836,1
v0-bh50,Agis-r0,Agis,TRAN,13,40,27,0.675,15,15,1.0,10.74440463302541,195.90723840600003,0.0629482987999836,1
v0-bh50,Agis-r0,Agis,TRAN,14,40,25,0.625,15,15,1.0,11.301435383528299,195.90723840600003,0.0629482987999836,1
v0-bh50,Agis-r0,Agis,TRAN,15,40,27,0.675,15,15,1.0,12.050132905528748,195.90723840600003,0.0629482987999836,1
v0-bh50,Agis-r0,Agis,TRAN,16,40,25,0.625,15,15,1.0,12.478756790356487,195.90723840600003,0.0629482987999836,1
v0-bh50,Agis-r0,Agis,TRAN,17,40,26,0.65,15,15,1.0,12.248637976200824,195.90723840600003,0.0629482987999836,1
v0-bh50,Agis-r0,Agis,TRAN,18,40,25,0.625,15,15,1.0,14.246217855920737,195.90723840600003,0.0629482987999836,1
v0-bh50,Agis-r0,Agis,TRAN,19,40,26,0.65,15,15,1.0,11.017662023666562,195.90723840600003,0.0629482987999836,1
v0-bh50,Agis-r0,Agis,TRAN,20,40,28,0.7,15,15,1.0,11.309132311286314,195.90723840600003,0.0629482987999836,1
v0-bh50,Agis-r0,Agis,TRAN,21,40,26,0.65,15,15,1.0,10.890164492991103,195.90723840600003,0.0629482987999836,1
v0-bh50,Agis-r0,Agis,TRAN,22,40,26,0.65,15,15,1.0,12.134081644844978,195.90723840600003,0.0629482987999836,1
v0-bh50,Agis-r0,Agis,TRAN,23,40,23,0.575,15,15,1.0,12.931039060302682,195.90723840600003,0.0629482987999836,1
v0-bh50,Agis-r0,Agis,TRAN,24,40,27,0.675,15,15,1.0,11.08313819915755,195.90723840600003,0.0629482987999836,1
v0-bh50,Agis-r0,Agis,TRAN,25,40,26,0.65,15,15,1.0,11.641736136864967,195.90723840600003,0.0629482987999836,1
v0-bh50,Agis-r0,Agis,TRAN,26,40,24,0.6,15,15,1.0,13.449657041609507,195.90723840600003,0.0629482987999836,1
v0-bh50,Agis-r0,Agis,TRAN,27,40,25,0.625,15,15,1.0,12.718368058907972,195.90723840600003,0.0629482987999836,1
v0-bh50,Agis-r0,Agis,TRAN,28,40,25,0.625,15,15,1.0,12.138268857832752,195.90723840600003,0.0629482987999836,1
v0-bh50,Agis-r0,Agis,TRAN,29,40,27,0.675,15,15,1.0,12.735885924064238,195.90723840600003,0.0629482987999836,1
v0-bh50,Agis-r1,Agis,B1,0,40,17,0.425,15,15,1.0,20.978163165022075,0.15232690700031526,0.037049179200009046,1
v0-bh50,Agis-r1,Agis,B1,1,40,17,0.425,15,15,1.0,21.306749844806593,0.15232690700031526,0.037049179200009046,1
v0-bh50,Agis-r1,Agis,B1,2,40,18,0.45,15,15,1.0,20.498195880044875,0.15232690700031526,0.037049179200009046,1
v0-bh50,Agis-r1,Agis,B1,3,40,17,0.425,15,15,1.0,20.375557682521368,0.15232690700031526,0.037049179200009046,1
v0-bh50,Agis-r1,Agis,B1,4,40,15,0.375,15,15,1.0,23.136903040420524,0.15232690700031526,0.037049179200009046,1
v0-bh50,Agis-r1,Agis,B1,5,40,18,0.45,15,15,1.0,20.656230002280868,0.15232690700031526,0.037049179200009046,1
v0-bh50,Agis-r1,Agis,B1,6,40,20,0.5,15,15,1.0,18.90654597798937,0.15232690700031526,0.037049179200009046,1
v0-bh50,Agis-r1,Agis,B1,7,40,19,0.475,15,15,1.0,20.090768101857787,0.15232690700031526,0.037049179200009046,1
v0-bh50,Agis-r1,Agis,B1,8,40,17,0.425,15,15,1.0,21.584220714951197,0.15232690700031526,0.037049179200009046,1
v0-bh50,Agis-r1,Agis,B1,9,40,18,0.45,15,15,1.0,21.212837090854403,0.15232690700031526,0.037049179200009046,1
v0-bh50,Agis-r1,Agis,B1,10,40,16,0.4,15,15,1.0,21.825270959665428,0.15232690700031526,0.037049179200009046,1
v0-bh50,Agis-r1,Agis,B1,11,40,15,0.375,15,15,1.0,22.403577932592917,0.15232690700031526,0.037049179200009046,1
v0-bh50,Agis-r1,Agis,B1,12,40,18,0.45,15,15,1.0,21.182041026516337,0.15232690700031526,0.037049179200009046,1
v0-bh50,Agis-r1,Agis,B1,13,40,17,0.425,15,15,1.0,20.864557084956065,0.15232690700031526,0.037049179200009046,1
v0-bh50,Agis-r1,Agis,B1,14,40,15,0.375,15,15,1.0,23.621502305208498,0.15232690700031526,0.037049179200009046,1
v0-bh50,Agis-r1,Agis,B1,15,40,16,0.4,15,15,1.0,22.126582887119913,0.15232690700031526,0.037049179200009046,1
v0-bh50,Agis-r1,Agis,B1,16,40,15,0.375,15,15,1.0,21.26605678518608,0.15232690700031526,0.037049179200009046,1
v0-bh50,Agis-r1,Agis,B1,17,40,15,0.375,15,15,1.0,22.284364715794915,0.15232690700031526,0.037049179200009046,1
v0-bh50,Agis-r1,Agis,B1,18,40,16,0.4,15,15,1.0,22.788159940616993,0.15232690700031526,0.037049179200009046,1
v0-bh50,Agis-r1,Agis,B1,19,40,19,0.475,15,15,1.0,19.223264540067404,0.15232690700031526,0.037049179200009046,1
v0-bh50,Agis-r1,Agis,B1,20,40,18,0.45,15,15,1.0,20.257612181549764,0.15232690700031526,0.037049179200009046,1
v0-bh50,Agis-r1,Agis,B1,21,40,17,0.425,15,15,1.0,20.98199898227482,0.15232690700031526,0.037049179200009046,1
v0-bh50,Agis-r1,Agis,B1,22,40,16,0.4,15,15,1.0,22.479242494056606,0.15232690700031526,0.037049179200009046,1
v0-bh50,Agis-r1,Agis,B1,23,40,16,0.4,15,15,1.0,22.46162316488525,0.15232690700031526,0.037049179200009046,1
v0-bh50,Agis-r1,Agis,B1,24,40,18,0.45,15,15,1.0,20.07205153577567,0.15232690700031526,0.037049179200009046,1
v0-bh50,Agis-r1,Agis,B1,25,40,18,0.45,15,15,1.0,19.9906464753216,0.15232690700031526,0.037049179200009046,1
v0-bh50,Agis-r1,Agis,B1,26,40,18,0.45,15,15,1.0,20.01897539510377,0.15232690700031526,0.037049179200009046,1
v0-bh50,Agis-r1,Agis,B1,27,40,16,0.4,15,15,1.0,20.780201268168423,0.15232690700031526,0.037049179200009046,1
v0-bh50,Agis-r1,Agis,B1,28,40,17,0.425,15,15,1.0,20.48985201746342,0.15232690700031526,0.037049179200009046,1
v0-bh50,Agis-r1,Agis,B1,29,40,17,0.425,15,15,1.0,21.572518829196145,0.15232690700031526,0.037049179200009046,1
v0-bh50,Agis-r1,Agis,TRAN,0,40,10,0.25,15,15,1.0,27.382819488754876,307.15273153899943,0.05069160449999496,1
v0-bh50,Agis-r1,Agis,TRAN,1,40,14,0.35,15,15,1.0,22.53644944207796,307.15273153899943,0.05069160449999496,1
v0-bh50,Agis-r1,Agis,TRAN,2,40,14,0.35,15,15,1.0,24.008392045543882,307.15273153899943,0.05069160449999496,1
v0-bh50,Agis-r1,Agis,TRAN,3,40,9,0.225,15,15,1.0,26.933610888554107,307.15273153899943,0.05069160449999496,1
v0-bh50,Agis-r1,Agis,TRAN,4,40,12,0.3,15,15,1.0,25.581016568275924,307.15273153899943,0.05069160449999496,1
v0-bh50,Agis-r1,Agis,TRAN,5,40,11,0.275,15,15,1.0,25.748026966508522,307.15273153899943,0.05069160449999496,1
v0-bh50,Agis-r1,Agis,TRAN,6,40,12,0.3,15,15,1.0,27.277872985233167,307.15273153899943,0.05069160449999496,1
v0-bh50,Agis-r1,Agis,TRAN,7,40,16,0.4,15,15,1.0,21.54418655587347,307.15273153899943,0.05069160449999496,1
v0-bh50,Agis-r1,Agis,TRAN,8,40,13,0.325,15,15,1.0,24.107077109652177,307.15273153899943,0.05069160449999496,1
v0-bh50,Agis-r1,Agis,TRAN,9,40,8,0.2,15,15,1.0,27.558648165823193,307.15273153899943,0.05069160449999496,1
v0-bh50,Agis-r1,Agis,TRAN,10,40,10,0.25,15,15,1.0,26.11971765912637,307.15273153899943,0.05069160449999496,1
v0-bh50,Agis-r1,Agis,TRAN,11,40,14,0.35,15,15,1.0,24.223931684734346,307.15273153899943,0.05069160449999496,1
v0-bh50,Agis-r1,Agis,TRAN,12,40,13,0.325,15,15,1.0,23.50074622819898,307.15273153899943,0.05069160449999496,1
v0-bh50,Agis-r1,Agis,TRAN,13,40,16,0.4,15,15,1.0,22.21377255556567,307.15273153899943,0.05069160449999496,1
v0-bh50,Agis-r1,Agis,TRAN,14,40,11,0.275,15,15,1.0,26.892061656059273,307.15273153899943,0.05069160449999496,1
v0-bh50,Agis-r1,Agis,TRAN,15,40,10,0.25,15,15,1.0,26.629359864467688,307.15273153899943,0.05069160449999496,1
v0-bh50,Agis-r1,Agis,TRAN,16,40,14,0.35,15,15,1.0,23.861480308835695,307.15273153899943,0.05069160449999496,1
v0-bh50,Agis-r1,Agis,TRAN,17,40,14,0.35,15,15,1.0,22.886305529868487,307.15273153899943,0.05069160449999496,1
v0-bh50,Agis-r1,Agis,TRAN,18,40,9,0.225,15,15,1.0,25.959839960045134,307.15273153899943,0.05069160449999496,1
v0-bh50,Agis-r1,Agis,TRAN,19,40,12,0.3,15,15,1.0,23.301143340710052,307.15273153899943,0.05069160449999496,1
v0-bh50,Agis-r1,Agis,TRAN,20,40,12,0.3,15,15,1.0,25.097601237009325,307.15273153899943,0.05069160449999496,1
v0-bh50,Agis-r1,Agis,TRAN,21,40,12,0.3,15,15,1.0,24.209636432016328,307.15273153899943,0.05069160449999496,1
v0-bh50,Agis-r1,Agis,TRAN,22,40,14,0.35,15,15,1.0,21.992842620890407,307.15273153899943,0.05069160449999496,1
v0-bh50,Agis-r1,Agis,TRAN,23,40,9,0.225,15,15,1.0,24.6370270990162,307.15273153899943,0.05069160449999496,1
v0-bh50,Agis-r1,Agis,TRAN,24,40,14,0.35,15,15,1.0,23.519822387340458,307.15273153899943,0.05069160449999496,1
v0-bh50,Agis-r1,Agis,TRAN,25,40,10,0.25,15,15,1.0,24.361315184814256,307.15273153899943,0.05069160449999496,1
v0-bh50,Agis-r1,Agis,TRAN,26,40,14,0.35,15,15,1.0,23.00294379063566,307.15273153899943,0.05069160449999496,1
v0-bh50,Agis-r1,Agis,TRAN,27,40,10,0.25,15,15,1.0,28.35207021875322,307.15273153899943,0.05069160449999496,1
v0-bh50,Agis-r1,Agis,TRAN,28,40,14,0.35,15,15,1.0,24.52458894462756,307.15273153899943,0.05069160449999496,1
v0-bh50,Agis-r1,Agis,TRAN,29,40,13,0.325,15,15,1.0,24.6439519860423,307.15273153899943,0.05069160449999496,1
v0-bh50,Agis-r2,Agis,B1,0,40,29,0.725,15,15,1.0,5.230610635751989,0.12308683099945483,0.043945938066675204,1
v0-bh50,Agis-r2,Agis,B1,1,40,29,0.725,15,15,1.0,5.230610635751989,0.12308683099945483,0.043945938066675204,1
v0-bh50,Agis-r2,Agis,B1,2,40,29,0.725,15,15,1.0,5.228302844474871,0.12308683099945483,0.043945938066675204,1
v0-bh50,Agis-r2,Agis,B1,3,40,29,0.725,15,15,1.0,5.228302844474871,0.12308683099945483,0.043945938066675204,1
v0-bh50,Agis-r2,Agis,B1,4,40,29,0.725,15,15,1.0,5.228302844474871,0.12308683099945483,0.043945938066675204,1
v0-bh50,Agis-r2,Agis,B1,5,40,29,0.725,15,15,1.0,5.230610635751989,0.12308683099945483,0.043945938066675204,1
v0-bh50,Agis-r2,Agis,B1,6,40,29,0.725,15,15,1.0,5.228302844474871,0.12308683099945483,0.043945938066675204,1
v0-bh50,Agis-r2,Agis,B1,7,40,29,0.725,15,15,1.0,5.22945674011343,0.12308683099945483,0.043945938066675204,1
v0-bh50,Agis-r2,Agis,B1,8,40,29,0.725,15,15,1.0,5.230610635751989,0.12308683099945483,0.043945938066675204,1
v0-bh50,Agis-r2,Agis,B1,9,40,29,0.725,15,15,1.0,5.22945674011343,0.12308683099945483,0.043945938066675204,1
v0-bh50,Agis-r2,Agis,B1,10,40,29,0.725,15,15,1.0,5.22945674011343,0.12308683099945483,0.043945938066675204,1
v0-bh50,Agis-r2,Agis,B1,11,40,29,0.725,15,15,1.0,5.228302844474871,0.12308683099945483,0.043945938066675204,1
v0-bh50,Agis-r2,Agis,B1,12,40,29,0.725,15,15,1.0,5.228302844474871,0.12308683099945483,0.043945938066675204,1
v0-bh50,Agis-r2,Agis,B1,13,40,29,0.725,15,15,1.0,5.230610635751989,0.12308683099945483,0.043945938066675204,1
v0-bh50,Agis-r2,Agis,B1,14,40,29,0.725,15,15,1.0,5.228302844474871,0.12308683099945483,0.043945938066675204,1
v0-bh50,Agis-r2,Agis,B1,15,40,29,0.725,15,15,1.0,5.22945674011343,0.12308683099945483,0.043945938066675204,1
v0-bh50,Agis-r2,Agis,B1,16,40,29,0.725,15,15,1.0,5.22945674011343,0.12308683099945483,0.043945938066675204,1
v0-bh50,Agis-r2,Agis,B1,17,40,29,0.725,15,15,1.0,5.230610635751989,0.12308683099945483,0.043945938066675204,1
v0-bh50,Agis-r2,Agis,B1,18,40,29,0.725,15,15,1.0,5.228302844474871,0.12308683099945483,0.043945938066675204,1
v0-bh50,Agis-r2,Agis,B1,19,40,29,0.725,15,15,1.0,5.230610635751989,0.12308683099945483,0.043945938066675204,1
v0-bh50,Agis-r2,Agis,B1,20,40,29,0.725,15,15,1.0,5.22945674011343,0.12308683099945483,0.043945938066675204,1
v0-bh50,Agis-r2,Agis,B1,21,40,29,0.725,15,15,1.0,5.228302844474871,0.12308683099945483,0.043945938066675204,1
v0-bh50,Agis-r2,Agis,B1,22,40,29,0.725,15,15,1.0,5.230610635751989,0.12308683099945483,0.043945938066675204,1
v0-bh50,Agis-r2,Agis,B1,23,40,29,0.725,15,15,1.0,5.228302844474871,0.12308683099945483,0.043945938066675204,1
v0-bh50,Agis-r2,Agis,B1,24,40,29,0.725,15,15,1.0,5.228302844474871,0.12308683099945483,0.043945938066675204,1
v0-bh50,Agis-r2,Agis,B1,25,40,29,0.725,15,15,1.0,5.230610635751989,0.12308683099945483,0.043945938066675204,1
v0-bh50,Agis-r2,Agis,B1,26,40,29,0.725,15,15,1.0,5.228302844474871,0.12308683099945483,0.043945938066675204,1
v0-bh50,Agis-r2,Agis,B1,27,40,29,0.725,15,15,1.0,5.230610635751989,0.12308683099945483,0.043945938066675204,1
v0-bh50,Agis-r2,Agis,B1,28,40,29,0.725,15,15,1.0,5.228302844474871,0.12308683099945483,0.043945938066675204,1
v0-bh50,Agis-r2,Agis,B1,29,40,29,0.725,15,15,1.0,5.22945674011343,0.12308683099945483,0.043945938066675204,1
v0-bh50,Agis-r2,Agis,TRAN,0,40,23,0.575,15,15,1.0,14.989090296936432,295.504929918,0.04452068813334335,1
v0-bh50,Agis-r2,Agis,TRAN,1,40,22,0.55,15,15,1.0,16.200663069363625,295.504929918,0.04452068813334335,1
v0-bh50,Agis-r2,Agis,TRAN,2,40,22,0.55,15,15,1.0,16.272281114668655,295.504929918,0.04452068813334335,1
v0-bh50,Agis-r2,Agis,TRAN,3,40,23,0.575,15,15,1.0,14.860081949927132,295.504929918,0.04452068813334335,1
v0-bh50,Agis-r2,Agis,TRAN,4,40,22,0.55,15,15,1.0,15.894336848238867,295.504929918,0.04452068813334335,1
v0-bh50,Agis-r2,Agis,TRAN,5,40,20,0.5,15,15,1.0,16.90861029673192,295.504929918,0.04452068813334335,1
v0-bh50,Agis-r2,Agis,TRAN,6,40,20,0.5,15,15,1.0,18.239282096023572,295.504929918,0.04452068813334335,1
v0-bh50,Agis-r2,Agis,TRAN,7,40,22,0.55,15,15,1.0,15.956060202769223,295.504929918,0.04452068813334335,1
v0-bh50,Agis-r2,Agis,TRAN,8,40,21,0.525,15,15,1.0,16.814618209608692,295.504929918,0.04452068813334335,1
v0-bh50,Agis-r2,Agis,TRAN,9,40,21,0.525,15,15,1.0,15.445229169185863,295.504929918,0.04452068813334335,1
v0-bh50,Agis-r2,Agis,TRAN,10,40,21,0.525,15,15,1.0,16.469421484480925,295.504929918,0.04452068813334335,1
v0-bh50,Agis-r2,Agis,TRAN,11,40,21,0.525,15,15,1.0,16.503652538751155,295.504929918,0.04452068813334335,1
v0-bh50,Agis-r2,Agis,TRAN,12,40,21,0.525,15,15,1.0,16.091154428273068,295.504929918,0.04452068813334335,1
v0-bh50,Agis-r2,Agis,TRAN,13,40,23,0.575,15,15,1.0,15.775193425058037,295.504929918,0.04452068813334335,1
v0-bh50,Agis-r2,Agis,TRAN,14,40,21,0.525,15,15,1.0,16.69785774053137,295.504929918,0.04452068813334335,1
v0-bh50,Agis-r2,Agis,TRAN,15,40,21,0.525,15,15,1.0,16.33434110354905,295.504929918,0.04452068813334335,1
v0-bh50,Agis-r2,Agis,TRAN,16,40,22,0.55,15,15,1.0,16.51786387369193,295.504929918,0.04452068813334335,1
v0-bh50,Agis-r2,Agis,TRAN,17,40,21,0.525,15,15,1.0,16.55138497177626,295.504929918,0.04452068813334335,1
v0-bh50,Agis-r2,Agis,TRAN,18,40,22,0.55,15,15,1.0,15.40385646312561,295.504929918,0.04452068813334335,1
v0-bh50,Agis-r2,Agis,TRAN,19,40,21,0.525,15,15,1.0,16.157055644655532,295.504929918,0.04452068813334335,1
v0-bh50,Agis-r2,Agis,TRAN,20,40,22,0.55,15,15,1.0,14.931118162704182,295.504929918,0.04452068813334335,1
v0-bh50,Agis-r2,Agis,TRAN,21,40,23,0.575,15,15,1.0,15.291226918733326,295.504929918,0.04452068813334335,1
v0-bh50,Agis-r2,Agis,TRAN,22,40,22,0.55,15,15,1.0,16.29702598020131,295.504929918,0.04452068813334335,1
v0-bh50,Agis-r2,Agis,TRAN,23,40,23,0.575,15,15,1.0,15.308487308803532,295.504929918,0.04452068813334335,1
v0-bh50,Agis-r2,Agis,TRAN,24,40,23,0.575,15,15,1.0,15.190748757601165,295.504929918,0.04452068813334335,1
v0-bh50,Agis-r2,Agis,TRAN,25,40,22,0.55,15,15,1.0,15.230002028278468,295.504929918,0.04452068813334335,1
v0-bh50,Agis-r2,Agis,TRAN,26,40,23,0.575,15,15,1.0,15.433971166275487,295.504929918,0.04452068813334335,1
v0-bh50,Agis-r2,Agis,TRAN,27,40,21,0.525,15,15,1.0,15.581927430085985,295.504929918,0.04452068813334335,1
v0-bh50,Agis-r2,Agis,TRAN,28,40,23,0.575,15,15,1.0,15.090610872956795,295.504929918,0.04452068813334335,1
v0-bh50,Agis-r2,Agis,TRAN,29,40,23,0.575,15,15,1.0,15.327759159501346,295.504929918,0.04452068813334335,1
v0-bh50,Belnet2008-r0,Belnet2008,B1,0,40,19,0.475,15,15,1.0,17.769813150556462,0.12318368700016435,0.025057612000000517,1
v0-bh50,Belnet2008-r0,Belnet2008,B1,1,40,20,0.5,15,15,1.0,17.775998486629458,0.12318368700016435,0.025057612000000517,1
v0-bh50,Belnet2008-r0,Belnet2008,B1,2,40,21,0.525,15,15,1.0,17.39363071713698,0.12318368700016435,0.025057612000000517,1
v0-bh50,Belnet2008-r0,Belnet2008,B1,3,40,22,0.55,15,15,1.0,17.156998292130865,0.12318368700016435,0.025057612000000517,1
v0-bh50,Belnet2008-r0,Belnet2008,B1,4,40,22,0.55,15,15,1.0,17.111371779793668,0.12318368700016435,0.025057612000000517,1
v0-bh50,Belnet2008-r0,Belnet2008,B1,5,40,20,0.5,15,15,1.0,17.851550325223826,0.12318368700016435,0.025057612000000517,1
v0-bh50,Belnet2008-r0,Belnet2008,B1,6,40,21,0.525,15,15,1.0,17.122766749694705,0.12318368700016435,0.025057612000000517,1
v0-bh50,Belnet2008-r0,Belnet2008,B1,7,40,21,0.525,15,15,1.0,17.73299194113952,0.12318368700016435,0.025057612000000517,1
v0-bh50,Belnet2008-r0,Belnet2008,B1,8,40,21,0.525,15,15,1.0,18.159448693802727,0.12318368700016435,0.025057612000000517,1
v0-bh50,Belnet2008-r0,Belnet2008,B1,9,40,22,0.55,15,15,1.0,17.14640519420638,0.12318368700016435,0.025057612000000517,1
v0-bh50,Belnet2008-r0,Belnet2008,B1,10,40,21,0.525,15,15,1.0,17.706918741326277,0.12318368700016435,0.025057612000000517,1
v0-bh50,Belnet2008-r0,Belnet2008,B1,11,40,21,0.525,15,15,1.0,17.680335900981767,0.12318368700016435,0.025057612000000517,1
v0-bh50,Belnet2008-r0,Belnet2008,B1,12,40,21,0.525,15,15,1.0,17.734097138897628,0.12318368700016435,0.025057612000000517,1
v0-bh50,Belnet2008-r0,Belnet2008,B1,13,40,21,0.525,15,15,1.0,17.235521649835707,0.12318368700016435,0.025057612000000517,1
v0-bh50,Belnet2008-r0,Belnet2008,B1,14,40,21,0.525,15,15,1.0,17.732991941139524,0.12318368700016435,0.025057612000000517,1
v0-bh50,Belnet2008-r0,Belnet2008,B1,15,40,20,0.5,15,15,1.0,17.777103684387562,0.12318368700016435,0.025057612000000517,1
v0-bh50,Belnet2008-r0,Belnet2008,B1,16,40,21,0.525,15,15,1.0,17.273696330649603,0.12318368700016435,0.025057612000000517,1
v0-bh50,Belnet2008-r0,Belnet2008,B1,17,40,19,0.475,15,15,1.0,17.401850650260425,0.12318368700016435,0.025057612000000517,1
v0-bh50,Belnet2008-r0,Belnet2008,B1,18,40,22,0.55,15,15,1.0,17.10077868132088,0.12318368700016435,0.025057612000000517,1
v0-bh50,Belnet2008-r0,Belnet2008,B1,19,40,22,0.55,15,15,1.0,17.021852261066606,0.12318368700016435,0.025057612000000517,1
v0-bh50,Belnet2008-r0,Belnet2008,B1,20,40,22,0.55,15,15,1.0,17.14177772849001,0.12318368700016435,0.025057612000000517,1
v0-bh50,Belnet2008-r0,Belnet2008,B1,21,40,21,0.525,15,15,1.0,17.252506182661094,0.12318368700016435,0.025057612000000517,1
v0-bh50,Belnet2008-r0,Belnet2008,B1,22,40,22,0.55,15,15,1.0,17.115085413970785,0.12318368700016435,0.025057612000000517,1
v0-bh50,Belnet2008-r0,Belnet2008,B1,23,40,21,0.525,15,15,1.0,17.111069748884905,0.12318368700016435,0.025057612000000517,1
v0-bh50,Belnet2008-r0,Belnet2008,B1,24,40,22,0.55,15,15,1.0,17.11789113226649,0.12318368700016435,0.025057612000000517,1
v0-bh50,Belnet2008-r0,Belnet2008,B1,25,40,19,0.475,15,15,1.0,17.511013652141717,0.12318368700016435,0.025057612000000517,1
v0-bh50,Belnet2008-r0,Belnet2008,B1,26,40,22,0.55,15,15,1.0,17.21118236622183,0.12318368700016435,0.025057612000000517,1
v0-bh50,Belnet2008-r0,Belnet2008,B1,27,40,21,0.525,15,15,1.0,17.67160346451369,0.12318368700016435,0.025057612000000517,1
v0-bh50,Belnet2008-r0,Belnet2008,B1,28,40,21,0.525,15,15,1.0,18.145558176804354,0.12318368700016435,0.025057612000000517,1
v0-bh50,Belnet2008-r0,Belnet2008,B1,29,40,19,0.475,15,15,1.0,17.88264465799796,0.12318368700016435,0.025057612000000517,1
v0-bh50,Belnet2008-r0,Belnet2008,TRAN,0,40,16,0.4,15,15,1.0,19.541777504743884,687.153911681,0.044330053966677954,1
v0-bh50,Belnet2008-r0,Belnet2008,TRAN,1,40,15,0.375,15,15,1.0,21.518534888040993,687.153911681,0.044330053966677954,1
v0-bh50,Belnet2008-r0,Belnet2008,TRAN,2,40,15,0.375,15,15,1.0,20.534199566009477,687.153911681,0.044330053966677954,1
v0-bh50,Belnet2008-r0,Belnet2008,TRAN,3,40,16,0.4,15,15,1.0,20.233716739571836,687.153911681,0.044330053966677954,1
v0-bh50,Belnet2008-r0,Belnet2008,TRAN,4,40,16,0.4,15,15,1.0,22.308959194064528,687.153911681,0.044330053966677954,1
v0-bh50,Belnet2008-r0,Belnet2008,TRAN,5,40,15,0.375,15,15,1.0,22.614049385127522,687.153911681,0.044330053966677954,1
v0-bh50,Belnet2008-r0,Belnet2008,TRAN,6,40,15,0.375,15,15,1.0,20.14443627346088,687.153911681,0.044330053966677954,1
v0-bh50,Belnet2008-r0,Belnet2008,TRAN,7,40,15,0.375,15,15,1.0,21.786411121172524,687.153911681,0.044330053966677954,1
v0-bh50,Belnet2008-r0,Belnet2008,TRAN,8,40,17,0.425,15,15,1.0,20.425751930979445,687.153911681,0.044330053966677954,1
v0-bh50,Belnet2008-r0,Belnet2008,TRAN,9,40,17,0.425,15,15,1.0,19.077633027626604,687.153911681,0.044330053966677954,1
v0-bh50,Belnet2008-r0,Belnet2008,TRAN,10,40,14,0.35,15,15,1.0,22.408129248354673,687.153911681,0.044330053966677954,1
v0-bh50,Belnet2008-r0,Belnet2008,TRAN,11,40,15,0.375,15,15,1.0,20.859588916918604,687.153911681,0.044330053966677954,1
v0-bh50,Belnet2008-r0,Belnet2008,TRAN,12,40,19,0.475,15,15,1.0,18.70116502094453,687.153911681,0.044330053966677954,1
v0-bh50,Belnet2008-r0,Belnet2008,TRAN,13,40,15,0.375,15,15,1.0,21.30640685082672,687.153911681,0.044330053966677954,1
v0-bh50,Belnet2008-r0,Belnet2008,TRAN,14,40,15,0.375,15,15,1.0,21.41992737378671,687.153911681,0.044330053966677954,1
v0-bh50,Belnet2008-r0,Belnet2008,TRAN,15,40,16,0.4,15,15,1.0,20.420382011399347,687.153911681,0.044330053966677954,1
v0-bh50,Belnet2008-r0,Belnet2008,TRAN,16,40,13,0.325,15,15,1.0,21.95298398629248,687.153911681,0.044330053966677954,1
v0-bh50,Belnet2008-r0,Belnet2008,TRAN,17,40,17,0.425,15,15,1.0,20.02049105022347,687.153911681,0.044330053966677954,1
v0-bh50,Belnet2008-r0,Belnet2008,TRAN,18,40,18,0.45,15,15,1.0,19.870231704949443,687.153911681,0.044330053966677954,1
v0-bh50,Belnet2008-r0,Belnet2008,TRAN,19,40,19,0.475,15,15,1.0,18.974758997057062,687.153911681,0.044330053966677954,1
v0-bh50,Belnet2008-r0,Belnet2008,TRAN,20,40,17,0.425,15,15,1.0,21.064953181148496,687.153911681,0.044330053966677954,1
v0-bh50,Belnet2008-r0,Belnet2008,TRAN,21,40,18,0.45,15,15,1.0,19.018841862121345,687.153911681,0.044330053966677954,1
v0-bh50,Belnet2008-r0,Belnet2008,TRAN,22,40,17,0.425,15,15,1.0,18.730163682254418,687.153911681,0.044330053966677954,1
v0-bh50,Belnet2008-r0,Belnet2008,TRAN,23,40,15,0.375,15,15,1.0,21.223536327774084,687.153911681,0.044330053966677954,1
v0-bh50,Belnet2008-r0,Belnet2008,TRAN,24,40,18,0.45,15,15,1.0,18.745825376040603,687.153911681,0.044330053966677954,1
v0-bh50,Belnet2008-r0,Belnet2008,TRAN,25,40,14,0.35,15,15,1.0,21.19456499892592,687.153911681,0.044330053966677954,1
v0-bh50,Belnet2008-r0,Belnet2008,TRAN,26,40,16,0.4,15,15,1.0,20.547280469308195,687.153911681,0.044330053966677954,1
v0-bh50,Belnet2008-r0,Belnet2008,TRAN,27,40,14,0.35,15,15,1.0,23.164544819844643,687.153911681,0.044330053966677954,1
v0-bh50,Belnet2008-r0,Belnet2008,TRAN,28,40,13,0.325,15,15,1.0,23.158635507766817,687.153911681,0.044330053966677954,1
v0-bh50,Belnet2008-r0,Belnet2008,TRAN,29,40,17,0.425,15,15,1.0,20.610088207726392,687.153911681,0.044330053966677954,1
v0-bh50,Belnet2008-r1,Belnet2008,B1,0,40,14,0.35,15,15,1.0,25.564687379593064,0.14287674499973946,0.026367889166673802,1
v0-bh50,Belnet2008-r1,Belnet2008,B1,1,40,14,0.35,15,15,1.0,25.564687379593064,0.14287674499973946,0.026367889166673802,1
v0-bh50,Belnet2008-r1,Belnet2008,B1,2,40,14,0.35,15,15,1.0,25.564687379593064,0.14287674499973946,0.026367889166673802,1
v0-bh50,Belnet2008-r1,Belnet2008,B1,3,40,14,0.35,15,15,1.0,25.564687379593064,0.14287674499973946,0.026367889166673802,1
v0-bh50,Belnet2008-r1,Belnet2008,B1,4,40,14,0.35,15,15,1.0,25.564687379593064,0.14287674499973946,0.026367889166673802,1
v0-bh50,Belnet2008-r1,Belnet2008,B1,5,40,14,0.35,15,15,1.0,25.564687379593064,0.14287674499973946,0.026367889166673802,1
v0-bh50,Belnet2008-r1,Belnet2008,B1,6,40,14,0.35,15,15,1.0,25.564687379593064,0.14287674499973946,0.026367889166673802,1
v0-bh50,Belnet2008-r1,Belnet2008,B1,7,40,13,0.325,15,15,1.0,26.55761370188984,0.14287674499973946,0.026367889166673802,1
v0-bh50,Belnet2008-r1,Belnet2008,B1,8,40,14,0.35,15,15,1.0,25.564687379593064,0.14287674499973946,0.026367889166673802,1
v0-bh50,Belnet2008-r1,Belnet2008,B1,9,40,14,0.35,15,15,1.0,25.564687379593064,0.14287674499973946,0.026367889166673802,1
v0-bh50,Belnet2008-r1,Belnet2008,B1,10,40,14,0.35,15,15,1.0,25.564687379593064,0.14287674499973946,0.026367889166673802,1
v0-bh50,Belnet2008-r1,Belnet2008,B1,11,40,14,0.35,15,15,1.0,25.564687379593064,0.14287674499973946,0.026367889166673802,1
v0-bh50,Belnet2008-r1,Belnet2008,B1,12,40,14,0.35,15,15,1.0,25.564687379593064,0.14287674499973946,0.026367889166673802,1
v0-bh50,Belnet2008-r1,Belnet2008,B1,13,40,14,0.35,15,15,1.0,25.564687379593064,0.14287674499973946,0.026367889166673802,1
v0-bh50,Belnet2008-r1,Belnet2008,B1,14,40,14,0.35,15,15,1.0,25.564687379593064,0.14287674499973946,0.026367889166673802,1
v0-bh50,Belnet2008-r1,Belnet2008,B1,15,40,14,0.35,15,15,1.0,25.564687379593064,0.14287674499973946,0.026367889166673802,1
v0-bh50,Belnet2008-r1,Belnet2008,B1,16,40,14,0.35,15,15,1.0,25.564687379593064,0.14287674499973946,0.026367889166673802,1
v0-bh50,Belnet2008-r1,Belnet2008,B1,17,40,14,0.35,15,15,1.0,25.564687379593064,0.14287674499973946,0.026367889166673802,1
v0-bh50,Belnet2008-r1,Belnet2008,B1,18,40,14,0.35,15,15,1.0,25.564687379593064,0.14287674499973946,0.026367889166673802,1
v0-bh50,Belnet2008-r1,Belnet2008,B1,19,40,14,0.35,15,15,1.0,25.564687379593064,0.14287674499973946,0.026367889166673802,1
v0-bh50,Belnet2008-r1,Belnet2008,B1,20,40,14,0.35,15,15,1.0,25.564687379593064,0.14287674499973946,0.026367889166673802,1
v0-bh50,Belnet2008-r1,Belnet2008,B1,21,40,14,0.35,15,15,1.0,25.564687379593064,0.14287674499973946,0.026367889166673802,1
v0-bh50,Belnet2008-r1,Belnet2008,B1,22,40,14,0.35,15,15,1.0,25.564687379593064,0.14287674499973946,0.026367889166673802,1
v0-bh50,Belnet2008-r1,Belnet2008,B1,23,40,14,0.35,15,15,1.0,25.564687379593064,0.14287674499973946,0.026367889166673802,1
v0-bh50,Belnet2008-r1,Belnet2008,B1,24,40,14,0.35,15,15,1.0,25.564687379593064,0.14287674499973946,0.026367889166673802,1
v0-bh50,Belnet2008-r1,Belnet2008,B1,25,40,14,0.35,15,15,1.0,25.564687379593064,0.14287674499973946,0.026367889166673802,1
v0-bh50,Belnet2008-r1,Belnet2008,B1,26,40,14,0.35,15,15,1.0,25.564687379593064,0.14287674499973946,0.026367889166673802,1
v0-bh50,Belnet2008-r1,Belnet2008,B1,27,40,14,0.35,15,15,1.0,25.564687379593064,0.14287674499973946,0.026367889166673802,1
v0-bh50,Belnet2008-r1,Belnet2008,B1,28,40,14,0.35,15,15,1.0,25.564687379593064,0.14287674499973946,0.026367889166673802,1
v0-bh50,Belnet2008-r1,Belnet2008,B1,29,40,14,0.35,15,15,1.0,25.564687379593064,0.14287674499973946,0.026367889166673802,1
v0-bh50,Belnet2008-r1,Belnet2008,TRAN,0,40,19,0.475,15,15,1.0,17.18266122665869,166.70018815999993,0.04030933750000258,1
v0-bh50,Belnet2008-r1,Belnet2008,TRAN,1,40,19,0.475,15,15,1.0,18.06849259372207,166.70018815999993,0.04030933750000258,1
v0-bh50,Belnet2008-r1,Belnet2008,TRAN,2,40,20,0.5,15,15,1.0,17.86098174639325,166.70018815999993,0.04030933750000258,1
v0-bh50,Belnet2008-r1,Belnet2008,TRAN,3,40,19,0.475,15,15,1.0,20.173731838327413,166.70018815999993,0.04030933750000258,1
v0-bh50,Belnet2008-r1,Belnet2008,TRAN,4,40,19,0.475,15,15,1.0,18.57790328004934,166.70018815999993,0.04030933750000258,1
v0-bh50,Belnet2008-r1,Belnet2008,TRAN,5,40,19,0.475,15,15,1.0,16.17651903079886,166.70018815999993,0.04030933750000258,1
v0-bh50,Belnet2008-r1,Belnet2008,TRAN,6,40,22,0.55,15,15,1.0,16.300434829793783,166.70018815999993,0.04030933750000258,1
v0-bh50,Belnet2008-r1,Belnet2008,TRAN,7,40,18,0.45,15,15,1.0,17.012061679880276,166.70018815999993,0.04030933750000258,1
v0-bh50,Belnet2008-r1,Belnet2008,TRAN,8,40,19,0.475,15,15,1.0,18.73761501665432,166.70018815999993,0.04030933750000258,1
v0-bh50,Belnet2008-r1,Belnet2008,TRAN,9,40,23,0.575,15,15,1.0,15.452577873397207,166.70018815999993,0.04030933750000258,1
v0-bh50,Belnet2008-r1,Belnet2008,TRAN,10,40,20,0.5,15,15,1.0,18.251468726039274,166.70018815999993,0.04030933750000258,1
v0-bh50,Belnet2008-r1,Belnet2008,TRAN,11,40,18,0.45,15,15,1.0,18.547278876315975,166.70018815999993,0.04030933750000258,1
v0-bh50,Belnet2008-r1,Belnet2008,TRAN,12,40,21,0.525,15,15,1.0,16.95749240297149,166.70018815999993,0.04030933750000258,1
v0-bh50,Belnet2008-r1,Belnet2008,TRAN,13,40,21,0.525,15,15,1.0,16.988745400267494,166.70018815999993,0.04030933750000258,1
v0-bh50,Belnet2008-r1,Belnet2008,TRAN,14,40,20,0.5,15,15,1.0,18.780828524006253,166.70018815999993,0.04030933750000258,1
v0-bh50,Belnet2008-r1,Belnet2008,TRAN,15,40,15,0.375,15,15,1.0,21.367680964455992,166.70018815999993,0.04030933750000258,1
v0-bh50,Belnet2008-r1,Belnet2008,TRAN,16,40,19,0.475,15,15,1.0,19.976850238247586,166.70018815999993,0.04030933750000258,1
v0-bh50,Belnet2008-r1,Belnet2008,TRAN,17,40,19,0.475,15,15,1.0,17.827216428825842,166.70018815999993,0.04030933750000258,1
v0-bh50,Belnet2008-r1,Belnet2008,TRAN,18,40,20,0.5,15,15,1.0,17.42291134758164,166.70018815999993,0.04030933750000258,1
v0-bh50,Belnet2008-r1,Belnet2008,TRAN,19,40,16,0.4,15,15,1.0,19.92482841836756,166.70018815999993,0.04030933750000258,1
v0-bh50,Belnet2008-r1,Belnet2008,TRAN,20,40,20,0.5,15,15,1.0,17.86286489001958,166.70018815999993,0.04030933750000258,1
v0-bh50,Belnet2008-r1,Belnet2008,TRAN,21,40,20,0.5,15,15,1.0,16.96359033996892,166.70018815999993,0.04030933750000258,1
v0-bh50,Belnet2008-r1,Belnet2008,TRAN,22,40,19,0.475,15,15,1.0,18.323339731016542,166.70018815999993,0.04030933750000258,1
v0-bh50,Belnet2008-r1,Belnet2008,TRAN,23,40,19,0.475,15,15,1.0,17.923091896332128,166.70018815999993,0.04030933750000258,1
v0-bh50,Belnet2008-r1,Belnet2008,TRAN,24,40,17,0.425,15,15,1.0,19.117442487837447,166.70018815999993,0.04030933750000258,1
v0-bh50,Belnet2008-r1,Belnet2008,TRAN,25,40,18,0.45,15,15,1.0,18.837538349779123,166.70018815999993,0.04030933750000258,1
v0-bh50,Belnet2008-r1,Belnet2008,TRAN,26,40,22,0.55,15,15,1.0,16.64911867739039,166.70018815999993,0.04030933750000258,1
v0-bh50,Belnet2008-r1,Belnet2008,TRAN,27,40,20,0.5,15,15,1.0,17.086347251266698,166.70018815999993,0.04030933750000258,1
v0-bh50,Belnet2008-r1,Belnet2008,TRAN,28,40,20,0.5,15,15,1.0,18.43695247254751,166.70018815999993,0.04030933750000258,1
v0-bh50,Belnet2008-r1,Belnet2008,TRAN,29,40,20,0.5,15,15,1.0,18.24325904441725,166.70018815999993,0.04030933750000258,1
v0-bh50,Belnet2008-r2,Belnet2008,B1,0,40,25,0.625,15,15,1.0,11.97526811599237,0.1928206880002108,0.04141417839997909,1
v0-bh50,Belnet2008-r2,Belnet2008,B1,1,40,25,0.625,15,15,1.0,11.97526811599237,0.1928206880002108,0.04141417839997909,1
v0-bh50,Belnet2008-r2,Belnet2008,B1,2,40,25,0.625,15,15,1.0,11.97526811599237,0.1928206880002108,0.04141417839997909,1
v0-bh50,Belnet2008-r2,Belnet2008,B1,3,40,25,0.625,15,15,1.0,11.97526811599237,0.1928206880002108,0.04141417839997909,1
v0-bh50,Belnet2008-r2,Belnet2008,B1,4,40,25,0.625,15,15,1.0,11.97526811599237,0.1928206880002108,0.04141417839997909,1
v0-bh50,Belnet2008-r2,Belnet2008,B1,5,40,25,0.625,15,15,1.0,11.97526811599237,0.1928206880002108,0.04141417839997909,1
v0-bh50,Belnet2008-r2,Belnet2008,B1,6,40,25,0.625,15,15,1.0,11.97526811599237,0.1928206880002108,0.04141417839997909,1
v0-bh50,Belnet2008-r2,Belnet2008,B1,7,40,25,0.625,15,15,1.0,11.97526811599237,0.1928206880002108,0.04141417839997909,1
v0-bh50,Belnet2008-r2,Belnet2008,B1,8,40,25,0.625,15,15,1.0,11.97526811599237,0.1928206880002108,0.04141417839997909,1
v0-bh50,Belnet2008-r2,Belnet2008,B1,9,40,25,0.625,15,15,1.0,11.97526811599237,0.1928206880002108,0.04141417839997909,1
v0-bh50,Belnet2008-r2,Belnet2008,B1,10,40,25,0.625,15,15,1.0,11.97526811599237,0.1928206880002108,0.04141417839997909,1
v0-bh50,Belnet2008-r2,Belnet2008,B1,11,40,25,0.625,15,15,1.0,11.97526811599237,0.1928206880002108,0.04141417839997909,1
v0-bh50,Belnet2008-r2,Belnet2008,B1,12,40,25,0.625,15,15,1.0,11.97526811599237,0.1928206880002108,0.04141417839997909,1
v0-bh50,Belnet2008-r2,Belnet2008,B1,13,40,25,0.625,15,15,1.0,11.97526811599237,0.1928206880002108,0.04141417839997909,1
v0-bh50,Belnet2008-r2,Belnet2008,B1,14,40,25,0.625,15,15,1.0,11.97526811599237,0.1928206880002108,0.04141417839997909,1
v0-bh50,Belnet2008-r2,Belnet2008,B1,15,40,25,0.625,15,15,1.0,11.97526811599237,0.1928206880002108,0.04141417839997909,1
v0-bh50,Belnet2008-r2,Belnet2008,B1,16,40,25,0.625,15,15,1.0,11.97526811599237,0.1928206880002108,0.04141417839997909,1
v0-bh50,Belnet2008-r2,Belnet2008,B1,17,40,25,0.625,15,15,1.0,11.97526811599237,0.1928206880002108,0.04141417839997909,1
v0-bh50,Belnet2008-r2,Belnet2008,B1,18,40,25,0.625,15,15,1.0,11.97526811599237,0.1928206880002108,0.04141417839997909,1
v0-bh50,Belnet2008-r2,Belnet2008,B1,19,40,25,0.625,15,15,1.0,11.97526811599237,0.1928206880002108,0.04141417839997909,1
v0-bh50,Belnet2008-r2,Belnet2008,B1,20,40,25,0.625,15,15,1.0,11.97526811599237,0.1928206880002108,0.04141417839997909,1
v0-bh50,Belnet2008-r2,Belnet2008,B1,21,40,25,0.625,15,15,1.0,11.97526811599237,0.1928206880002108,0.04141417839997909,1
v0-bh50,Belnet2008-r2,Belnet2008,B1,22,40,25,0.625,15,15,1.0,11.97526811599237,0.1928206880002108,0.04141417839997909,1
v0-bh50,Belnet2008-r2,Belnet2008,B1,23,40,25,0.625,15,15,1.0,11.97526811599237,0.1928206880002108,0.04141417839997909,1
v0-bh50,Belnet2008-r2,Belnet2008,B1,24,40,25,0.625,15,15,1.0,11.97526811599237,0.1928206880002108,0.04141417839997909,1
v0-bh50,Belnet2008-r2,Belnet2008,B1,25,40,25,0.625,15,15,1.0,11.97526811599237,0.1928206880002108,0.04141417839997909,1
v0-bh50,Belnet2008-r2,Belnet2008,B1,26,40,25,0.625,15,15,1.0,11.97526811599237,0.1928206880002108,0.04141417839997909,1
v0-bh50,Belnet2008-r2,Belnet2008,B1,27,40,25,0.625,15,15,1.0,11.97526811599237,0.1928206880002108,0.04141417839997909,1
v0-bh50,Belnet2008-r2,Belnet2008,B1,28,40,25,0.625,15,15,1.0,11.97526811599237,0.1928206880002108,0.04141417839997909,1
v0-bh50,Belnet2008-r2,Belnet2008,B1,29,40,25,0.625,15,15,1.0,11.97526811599237,0.1928206880002108,0.04141417839997909,1
v0-bh50,Belnet2008-r2,Belnet2008,TRAN,0,40,21,0.525,15,15,1.0,18.71803037074317,605.6933566540001,0.0417188632000034,1
v0-bh50,Belnet2008-r2,Belnet2008,TRAN,1,40,21,0.525,15,15,1.0,17.49732515029141,605.6933566540001,0.0417188632000034,1
v0-bh50,Belnet2008-r2,Belnet2008,TRAN,2,40,20,0.5,15,15,1.0,18.46700827261055,605.6933566540001,0.0417188632000034,1
v0-bh50,Belnet2008-r2,Belnet2008,TRAN,3,40,20,0.5,15,15,1.0,19.765270258826856,605.6933566540001,0.0417188632000034,1
v0-bh50,Belnet2008-r2,Belnet2008,TRAN,4,40,21,0.525,15,15,1.0,17.991220053682607,605.6933566540001,0.0417188632000034,1
v0-bh50,Belnet2008-r2,Belnet2008,TRAN,5,40,21,0.525,15,15,1.0,18.597555329489108,605.6933566540001,0.0417188632000034,1
v0-bh50,Belnet2008-r2,Belnet2008,TRAN,6,40,20,0.5,15,15,1.0,19.276588370869828,605.6933566540001,0.0417188632000034,1
v0-bh50,Belnet2008-r2,Belnet2008,TRAN,7,40,20,0.5,15,15,1.0,18.514188012893534,605.6933566540001,0.0417188632000034,1
v0-bh50,Belnet2008-r2,Belnet2008,TRAN,8,40,19,0.475,15,15,1.0,19.073018938770755,605.6933566540001,0.0417188632000034,1
v0-bh50,Belnet2008-r2,Belnet2008,TRAN,9,40,20,0.5,15,15,1.0,18.60913626142007,605.6933566540001,0.0417188632000034,1
v0-bh50,Belnet2008-r2,Belnet2008,TRAN,10,40,19,0.475,15,15,1.0,18.846393688888337,605.6933566540001,0.0417188632000034,1
v0-bh50,Belnet2008-r2,Belnet2008,TRAN,11,40,20,0.5,15,15,1.0,19.686847103887843,605.6933566540001,0.0417188632000034,1
v0-bh50,Belnet2008-r2,Belnet2008,TRAN,12,40,21,0.525,15,15,1.0,18.475191981818348,605.6933566540001,0.0417188632000034,1
v0-bh50,Belnet2008-r2,Belnet2008,TRAN,13,40,20,0.5,15,15,1.0,19.141446309418587,605.6933566540001,0.0417188632000034,1
v0-bh50,Belnet2008-r2,Belnet2008,TRAN,14,40,20,0.5,15,15,1.0,18.460746942986084,605.6933566540001,0.0417188632000034,1
v0-bh50,Belnet2008-r2,Belnet2008,TRAN,15,40,20,0.5,15,15,1.0,18.17073843332277,605.6933566540001,0.0417188632000034,1
v0-bh50,Belnet2008-r2,Belnet2008,TRAN,16,40,20,0.5,15,15,1.0,18.17765703435914,605.6933566540001,0.0417188632000034,1
v0-bh50,Belnet2008-r2,Belnet2008,TRAN,17,40,20,0.5,15,15,1.0,18.318558465969254,605.6933566540001,0.0417188632000034,1
v0-bh50,Belnet2008-r2,Belnet2008,TRAN,18,40,20,0.5,15,15,1.0,19.24183835744032,605.6933566540001,0.0417188632000034,1
v0-bh50,Belnet2008-r2,Belnet2008,TRAN,19,40,21,0.525,15,15,1.0,18.58753936385766,605.6933566540001,0.0417188632000034,1
v0-bh50,Belnet2008-r2,Belnet2008,TRAN,20,40,21,0.525,15,15,1.0,18.203106055060186,605.6933566540001,0.0417188632000034,1
v0-bh50,Belnet2008-r2,Belnet2008,TRAN,21,40,21,0.525,15,15,1.0,18.21081672579067,605.6933566540001,0.0417188632000034,1
v0-bh50,Belnet2008-r2,Belnet2008,TRAN,22,40,19,0.475,15,15,1.0,19.76981179579449,605.6933566540001,0.0417188632000034,1
v0-bh50,Belnet2008-r2,Belnet2008,TRAN,23,40,20,0.5,15,15,1.0,18.737911888348336,605.6933566540001,0.0417188632000034,1
v0-bh50,Belnet2008-r2,Belnet2008,TRAN,24,40,20,0.5,15,15,1.0,18.963103780475375,605.6933566540001,0.0417188632000034,1
v0-bh50,Belnet2008-r2,Belnet2008,TRAN,25,40,20,0.5,15,15,1.0,18.069401038945006,605.6933566540001,0.0417188632000034,1
v0-bh50,Belnet2008-r2,Belnet2008,TRAN,26,40,21,0.525,15,15,1.0,18.291840881164486,605.6933566540001,0.0417188632000034,1
v0-bh50,Belnet2008-r2,Belnet2008,TRAN,27,40,19,0.475,15,15,1.0,18.939551530345085,605.6933566540001,0.0417188632000034,1
v0-bh50,Belnet2008-r2,Belnet2008,TRAN,28,40,18,0.45,15,15,1.0,20.658992784921168,605.6933566540001,0.0417188632000034,1
v0-bh50,Belnet2008-r2,Belnet2008,TRAN,29,40,19,0.475,15,15,1.0,19.6671049160274,605.6933566540001,0.0417188632000034,1
v0-bh50,BsonetEurope-r0,BsonetEurope,B1,0,40,12,0.3,15,15,1.0,21.954513062230614,0.13184594699941954,0.03251524589998856,1
v0-bh50,BsonetEurope-r0,BsonetEurope,B1,1,40,12,0.3,15,15,1.0,23.464876352953226,0.13184594699941954,0.03251524589998856,1
v0-bh50,BsonetEurope-r0,BsonetEurope,B1,2,40,11,0.275,15,15,1.0,22.439793587913236,0.13184594699941954,0.03251524589998856,1
v0-bh50,BsonetEurope-r0,BsonetEurope,B1,3,40,11,0.275,15,15,1.0,21.815456901922857,0.13184594699941954,0.03251524589998856,1
v0-bh50,BsonetEurope-r0,BsonetEurope,B1,4,40,10,0.25,15,15,1.0,23.033307923122187,0.13184594699941954,0.03251524589998856,1
v0-bh50,BsonetEurope-r0,BsonetEurope,B1,5,40,11,0.275,15,15,1.0,23.092198235073727,0.13184594699941954,0.03251524589998856,1
v0-bh50,BsonetEurope-r0,BsonetEurope,B1,6,40,12,0.3,15,15,1.0,23.081026756665008,0.13184594699941954,0.03251524589998856,1
v0-bh50,BsonetEurope-r0,BsonetEurope,B1,7,40,11,0.275,15,15,1.0,23.41791058448864,0.13184594699941954,0.03251524589998856,1
v0-bh50,BsonetEurope-r0,BsonetEurope,B1,8,40,11,0.275,15,15,1.0,22.7228166044515,0.13184594699941954,0.03251524589998856,1
v0-bh50,BsonetEurope-r0,BsonetEurope,B1,9,40,13,0.325,15,15,1.0,22.313717537571684,0.13184594699941954,0.03251524589998856,1
v0-bh50,BsonetEurope-r0,BsonetEurope,B1,10,40,11,0.275,15,15,1.0,23.530033635916986,0.13184594699941954,0.03251524589998856,1
v0-bh50,BsonetEurope-r0,BsonetEurope,B1,11,40,11,0.275,15,15,1.0,23.708763523930198,0.13184594699941954,0.03251524589998856,1
v0-bh50,BsonetEurope-r0,BsonetEurope,B1,12,40,14,0.35,15,15,1.0,20.7856600359811,0.13184594699941954,0.03251524589998856,1
v0-bh50,BsonetEurope-r0,BsonetEurope,B1,13,40,12,0.3,15,15,1.0,22.587318214375916,0.13184594699941954,0.03251524589998856,1
v0-bh50,BsonetEurope-r0,BsonetEurope,B1,14,40,15,0.375,15,15,1.0,20.72647854263689,0.13184594699941954,0.03251524589998856,1
v0-bh50,BsonetEurope-r0,BsonetEurope,B1,15,40,12,0.3,15,15,1.0,22.783859891100228,0.13184594699941954,0.03251524589998856,1
v0-bh50,BsonetEurope-r0,BsonetEurope,B1,16,40,13,0.325,15,15,1.0,22.244873406180215,0.13184594699941954,0.03251524589998856,1
v0-bh50,BsonetEurope-r0,BsonetEurope,B1,17,40,14,0.35,15,15,1.0,21.536962848490337,0.13184594699941954,0.03251524589998856,1
v0-bh50,BsonetEurope-r0,BsonetEurope,B1,18,40,12,0.3,15,15,1.0,22.670262668288398,0.13184594699941954,0.03251524589998856,1
v0-bh50,BsonetEurope-r0,BsonetEurope,B1,19,40,14,0.35,15,15,1.0,21.6440632049297,0.13184594699941954,0.03251524589998856,1
v0-bh50,BsonetEurope-r0,BsonetEurope,B1,20,40,12,0.3,15,15,1.0,23.047034388143253,0.13184594699941954,0.03251524589998856,1
v0-bh50,BsonetEurope-r0,BsonetEurope,B1,21,40,12,0.3,15,15,1.0,22.344253094028687,0.13184594699941954,0.03251524589998856,1
v0-bh50,BsonetEurope-r0,BsonetEurope,B1,22,40,12,0.3,15,15,1.0,23.027469463249982,0.13184594699941954,0.03251524589998856,1
v0-bh50,BsonetEurope-r0,BsonetEurope,B1,23,40,11,0.275,15,15,1.0,22.352719509979984,0.13184594699941954,0.03251524589998856,1
v0-bh50,BsonetEurope-r0,BsonetEurope,B1,24,40,10,0.25,15,15,1.0,23.712041911193957,0.13184594699941954,0.03251524589998856,1
v0-bh50,BsonetEurope-r0,BsonetEurope,B1,25,40,14,0.35,15,15,1.0,20.736813664901398,0.13184594699941954,0.03251524589998856,1
v0-bh50,BsonetEurope-r0,BsonetEurope,B1,26,40,14,0.35,15,15,1.0,20.97102759201531,0.13184594699941954,0.03251524589998856,1
v0-bh50,BsonetEurope-r0,BsonetEurope,B1,27,40,10,0.25,15,15,1.0,22.836148300789358,0.13184594699941954,0.03251524589998856,1
v0-bh50,BsonetEurope-r0,BsonetEurope,B1,28,40,13,0.325,15,15,1.0,23.104309270227006,0.13184594699941954,0.03251524589998856,1
v0-bh50,BsonetEurope-r0,BsonetEurope,B1,29,40,11,0.275,15,15,1.0,23.57638087727682,0.13184594699941954,0.03251524589998856,1
v0-bh50,BsonetEurope-r0,BsonetEurope,TRAN,0,40,17,0.425,15,15,1.0,21.932080725816032,598.4156482730004,0.041487101266678414,1
v0-bh50,BsonetEurope-r0,BsonetEurope,TRAN,1,40,18,0.45,15,15,1.0,21.911181952183814,598.4156482730004,0.041487101266678414,1
v0-bh50,BsonetEurope-r0,BsonetEurope,TRAN,2,40,16,0.4,15,15,1.0,21.940691462390365,598.4156482730004,0.041487101266678414,1
v0-bh50,BsonetEurope-r0,BsonetEurope,TRAN,3,40,18,0.45,15,15,1.0,21.53706238857929,598.4156482730004,0.041487101266678414,1
v0-bh50,BsonetEurope-r0,BsonetEurope,TRAN,4,40,15,0.375,15,15,1.0,21.846121195774405,598.4156482730004,0.041487101266678414,1
v0-bh50,BsonetEurope-r0,BsonetEurope,TRAN,5,40,17,0.425,15,15,1.0,22.2150209879611,598.4156482730004,0.041487101266678414,1
v0-bh50,BsonetEurope-r0,BsonetEurope,TRAN,6,40,17,0.425,15,15,1.0,21.619012571449307,598.4156482730004,0.041487101266678414,1
v0-bh50,BsonetEurope-r0,BsonetEurope,TRAN,7,40,18,0.45,15,15,1.0,20.997759892742245,598.4156482730004,0.041487101266678414,1
v0-bh50,BsonetEurope-r0,BsonetEurope,TRAN,8,40,18,0.45,15,15,1.0,21.566696497610238,598.4156482730004,0.041487101266678414,1
v0-bh50,BsonetEurope-r0,BsonetEurope,TRAN,9,40,15,0.375,15,15,1.0,23.073241814906673,598.4156482730004,0.041487101266678414,1
v0-bh50,BsonetEurope-r0,BsonetEurope,TRAN,10,40,18,0.45,15,15,1.0,21.318793814901554,598.4156482730004,0.041487101266678414,1
v0-bh50,BsonetEurope-r0,BsonetEurope,TRAN,11,40,17,0.425,15,15,1.0,20.114539239248717,598.4156482730004,0.041487101266678414,1
v0-bh50,BsonetEurope-r0,BsonetEurope,TRAN,12,40,18,0.45,15,15,1.0,21.288000540867255,598.4156482730004,0.041487101266678414,1
v0-bh50,BsonetEurope-r0,BsonetEurope,TRAN,13,40,18,0.45,15,15,1.0,20.932865410622966,598.4156482730004,0.041487101266678414,1
v0-bh50,BsonetEurope-r0,BsonetEurope,TRAN,14,40,15,0.375,15,15,1.0,21.794325315906267,598.4156482730004,0.041487101266678414,1
v0-bh50,BsonetEurope-r0,BsonetEurope,TRAN,15,40,18,0.45,15,15,1.0,21.53569773003135,598.4156482730004,0.041487101266678414,1
v0-bh50,BsonetEurope-r0,BsonetEurope,TRAN,16,40,17,0.425,15,15,1.0,21.966352837714627,598.4156482730004,0.041487101266678414,1
v0-bh50,BsonetEurope-r0,BsonetEurope,TRAN,17,40,18,0.45,15,15,1.0,21.538778393780444,598.4156482730004,0.041487101266678414,1
v0-bh50,BsonetEurope-r0,BsonetEurope,TRAN,18,40,16,0.4,15,15,1.0,22.64423889098518,598.4156482730004,0.041487101266678414,1
v0-bh50,BsonetEurope-r0,BsonetEurope,TRAN,19,40,16,0.4,15,15,1.0,21.196551052840675,598.4156482730004,0.041487101266678414,1
v0-bh50,BsonetEurope-r0,BsonetEurope,TRAN,20,40,18,0.45,15,15,1.0,20.725278822057323,598.4156482730004,0.041487101266678414,1
v0-bh50,BsonetEurope-r0,BsonetEurope,TRAN,21,40,14,0.35,15,15,1.0,22.983891284689786,598.4156482730004,0.041487101266678414,1
v0-bh50,BsonetEurope-r0,BsonetEurope,TRAN,22,40,18,0.45,15,15,1.0,21.555634052366955,598.4156482730004,0.041487101266678414,1
v0-bh50,BsonetEurope-r0,BsonetEurope,TRAN,23,40,18,0.45,15,15,1.0,20.728034910231518,598.4156482730004,0.041487101266678414,1
v0-bh50,BsonetEurope-r0,BsonetEurope,TRAN,24,40,15,0.375,15,15,1.0,23.936365623062176,598.4156482730004,0.041487101266678414,1
v0-bh50,BsonetEurope-r0,BsonetEurope,TRAN,25,40,17,0.425,15,15,1.0,22.46656439657713,598.4156482730004,0.041487101266678414,1
v0-bh50,BsonetEurope-r0,BsonetEurope,TRAN,26,40,18,0.45,15,15,1.0,21.31134593263875,598.4156482730004,0.041487101266678414,1
v0-bh50,BsonetEurope-r0,BsonetEurope,TRAN,27,40,17,0.425,15,14,0.9333333333333333,21.9149553837092,598.4156482730004,0.041487101266678414,1
v0-bh50,BsonetEurope-r0,BsonetEurope,TRAN,28,40,18,0.45,15,15,1.0,21.235634283572598,598.4156482730004,0.041487101266678414,1
v0-bh50,BsonetEurope-r0,BsonetEurope,TRAN,29,40,15,0.375,15,15,1.0,22.68552818751214,598.4156482730004,0.041487101266678414,1
v0-bh50,BsonetEurope-r1,BsonetEurope,B1,0,40,18,0.45,15,15,1.0,21.264394193876583,0.12016222599959292,0.021806871433333676,1
v0-bh50,BsonetEurope-r1,BsonetEurope,B1,1,40,19,0.475,15,15,1.0,21.0,0.12016222599959292,0.021806871433333676,1
v0-bh50,BsonetEurope-r1,BsonetEurope,B1,2,40,18,0.45,15,15,1.0,21.264394193876583,0.12016222599959292,0.021806871433333676,1
v0-bh50,BsonetEurope-r1,BsonetEurope,B1,3,40,18,0.45,15,15,1.0,21.264394193876587,0.12016222599959292,0.021806871433333676,1
v0-bh50,BsonetEurope-r1,BsonetEurope,B1,4,40,19,0.475,15,15,1.0,21.0,0.12016222599959292,0.021806871433333676,1
v0-bh50,BsonetEurope-r1,BsonetEurope,B1,5,40,15,0.375,15,15,1.0,23.717780347518396,0.12016222599959292,0.021806871433333676,1
v0-bh50,BsonetEurope-r1,BsonetEurope,B1,6,40,19,0.475,15,15,1.0,21.0,0.12016222599959292,0.021806871433333676,1
v0-bh50,BsonetEurope-r1,BsonetEurope,B1,7,40,19,0.475,15,15,1.0,21.0,0.12016222599959292,0.021806871433333676,1
v0-bh50,BsonetEurope-r1,BsonetEurope,B1,8,40,17,0.425,15,15,1.0,21.25569677677731,0.12016222599959292,0.021806871433333676,1
v0-bh50,BsonetEurope-r1,BsonetEurope,B1,9,40,19,0.475,15,15,1.0,21.0,0.12016222599959292,0.021806871433333676,1
v0-bh50,BsonetEurope-r1,BsonetEurope,B1,10,40,18,0.45,15,15,1.0,21.027271333457325,0.12016222599959292,0.021806871433333676,1
v0-bh50,BsonetEurope-r1,BsonetEurope,B1,11,40,19,0.475,15,15,1.0,21.0,0.12016222599959292,0.021806871433333676,1
v0-bh50,BsonetEurope-r1,BsonetEurope,B1,12,40,19,0.475,15,15,1.0,21.0,0.12016222599959292,0.021806871433333676,1
v0-bh50,BsonetEurope-r1,BsonetEurope,B1,13,40,19,0.475,15,15,1.0,21.0,0.12016222599959292,0.021806871433333676,1
v0-bh50,BsonetEurope-r1,BsonetEurope,B1,14,40,19,0.475,15,15,1.0,21.0,0.12016222599959292,0.021806871433333676,1
v0-bh50,BsonetEurope-r1,BsonetEurope,B1,15,40,19,0.475,15,15,1.0,21.0,0.12016222599959292,0.021806871433333676,1
v0-bh50,BsonetEurope-r1,BsonetEurope,B1,16,40,16,0.4,15,15,1.0,22.005657123906882,0.12016222599959292,0.021806871433333676,1
v0-bh50,BsonetEurope-r1,BsonetEurope,B1,17,40,18,0.45,15,15,1.0,21.302823899697035,0.12016222599959292,0.021806871433333676,1
v0-bh50,BsonetEurope-r1,BsonetEurope,B1,18,40,16,0.4,15,15,1.0,23.3457221415766,0.12016222599959292,0.021806871433333676,1
v0-bh50,BsonetEurope-r1,BsonetEurope,B1,19,40,19,0.475,15,15,1.0,21.0,0.12016222599959292,0.021806871433333676,1
v0-bh50,BsonetEurope-r1,BsonetEurope,B1,20,40,18,0.45,15,15,1.0,21.673572216900368,0.12016222599959292,0.021806871433333676,1
v0-bh50,BsonetEurope-r1,BsonetEurope,B1,21,40,19,0.475,15,15,1.0,21.0,0.12016222599959292,0.021806871433333676,1
v0-bh50,BsonetEurope-r1,BsonetEurope,B1,22,40,19,0.475,15,15,1.0,21.0,0.12016222599959292,0.021806871433333676,1
v0-bh50,BsonetEurope-r1,BsonetEurope,B1,23,40,19,0.475,15,15,1.0,21.0,0.12016222599959292,0.021806871433333676,1
v0-bh50,BsonetEurope-r1,BsonetEurope,B1,24,40,16,0.4,15,15,1.0,22.274505830000866,0.12016222599959292,0.021806871433333676,1
v0-bh50,BsonetEurope-r1,BsonetEurope,B1,25,40,19,0.475,15,15,1.0,21.0,0.12016222599959292,0.021806871433333676,1
v0-bh50,BsonetEurope-r1,BsonetEurope,B1,26,40,19,0.475,15,15,1.0,21.0,0.12016222599959292,0.021806871433333676,1
v0-bh50,BsonetEurope-r1,BsonetEurope,B1,27,40,18,0.45,15,15,1.0,21.077581741149586,0.12016222599959292,0.021806871433333676,1
v0-bh50,BsonetEurope-r1,BsonetEurope,B1,28,40,19,0.475,15,15,1.0,21.0,0.12016222599959292,0.021806871433333676,1
v0-bh50,BsonetEurope-r1,BsonetEurope,B1,29,40,17,0.425,15,15,1.0,21.516616600411677,0.12016222599959292,0.021806871433333676,1
v0-bh50,BsonetEurope-r1,BsonetEurope,TRAN,0,40,19,0.475,15,15,1.0,18.762365184439364,256.92842484999983,0.0442373397333237,1
v0-bh50,BsonetEurope-r1,BsonetEurope,TRAN,1,40,17,0.425,15,15,1.0,19.82518474999058,256.92842484999983,0.0442373397333237,1
v0-bh50,BsonetEurope-r1,BsonetEurope,TRAN,2,40,19,0.475,15,15,1.0,18.102867471215294,256.92842484999983,0.0442373397333237,1
v0-bh50,BsonetEurope-r1,BsonetEurope,TRAN,3,40,20,0.5,15,15,1.0,18.42136519476542,256.92842484999983,0.0442373397333237,1
v0-bh50,BsonetEurope-r1,BsonetEurope,TRAN,4,40,16,0.4,15,15,1.0,21.84309601188922,256.92842484999983,0.0442373397333237,1
v0-bh50,BsonetEurope-r1,BsonetEurope,TRAN,5,40,19,0.475,15,15,1.0,19.139482883721364,256.92842484999983,0.0442373397333237,1
v0-bh50,BsonetEurope-r1,BsonetEurope,TRAN,6,40,20,0.5,15,15,1.0,17.68283884397991,256.92842484999983,0.0442373397333237,1
v0-bh50,BsonetEurope-r1,BsonetEurope,TRAN,7,40,19,0.475,15,15,1.0,18.681509025377483,256.92842484999983,0.0442373397333237,1
v0-bh50,BsonetEurope-r1,BsonetEurope,TRAN,8,40,15,0.375,15,15,1.0,22.29142168815124,256.92842484999983,0.0442373397333237,1
v0-bh50,BsonetEurope-r1,BsonetEurope,TRAN,9,40,17,0.425,15,15,1.0,19.09481191531057,256.92842484999983,0.0442373397333237,1
v0-bh50,BsonetEurope-r1,BsonetEurope,TRAN,10,40,18,0.45,15,15,1.0,19.60190797860773,256.92842484999983,0.0442373397333237,1
v0-bh50,BsonetEurope-r1,BsonetEurope,TRAN,11,40,19,0.475,15,15,1.0,19.248106238747457,256.92842484999983,0.0442373397333237,1
v0-bh50,BsonetEurope-r1,BsonetEurope,TRAN,12,40,18,0.45,15,15,1.0,18.974349498742544,256.92842484999983,0.0442373397333237,1
v0-bh50,BsonetEurope-r1,BsonetEurope,TRAN,13,40,18,0.45,15,15,1.0,19.25975115334723,256.92842484999983,0.0442373397333237,1
v0-bh50,BsonetEurope-r1,BsonetEurope,TRAN,14,40,21,0.525,15,15,1.0,16.305958205749732,256.92842484999983,0.0442373397333237,1
v0-bh50,BsonetEurope-r1,BsonetEurope,TRAN,15,40,21,0.525,15,15,1.0,18.35413054581791,256.92842484999983,0.0442373397333237,1
v0-bh50,BsonetEurope-r1,BsonetEurope,TRAN,16,40,20,0.5,15,15,1.0,18.226091004860553,256.92842484999983,0.0442373397333237,1
v0-bh50,BsonetEurope-r1,BsonetEurope,TRAN,17,40,18,0.45,15,15,1.0,19.823937655444333,256.92842484999983,0.0442373397333237,1
v0-bh50,BsonetEurope-r1,BsonetEurope,TRAN,18,40,19,0.475,15,15,1.0,18.71912249992583,256.92842484999983,0.0442373397333237,1
v0-bh50,BsonetEurope-r1,BsonetEurope,TRAN,19,40,19,0.475,15,15,1.0,18.707179085735195,256.92842484999983,0.0442373397333237,1
v0-bh50,BsonetEurope-r1,BsonetEurope,TRAN,20,40,19,0.475,15,15,1.0,18.327095157359995,256.92842484999983,0.0442373397333237,1
v0-bh50,BsonetEurope-r1,BsonetEurope,TRAN,21,40,20,0.5,15,15,1.0,17.482708033536174,256.92842484999983,0.0442373397333237,1
v0-bh50,BsonetEurope-r1,BsonetEurope,TRAN,22,40,19,0.475,15,15,1.0,19.04091601319039,256.92842484999983,0.0442373397333237,1
v0-bh50,BsonetEurope-r1,BsonetEurope,TRAN,23,40,20,0.5,15,15,1.0,17.857945325881396,256.92842484999983,0.0442373397333237,1
v0-bh50,BsonetEurope-r1,BsonetEurope,TRAN,24,40,21,0.525,15,15,1.0,17.661692897221915,256.92842484999983,0.0442373397333237,1
v0-bh50,BsonetEurope-r1,BsonetEurope,TRAN,25,40,19,0.475,15,15,1.0,19.02458386273185,256.92842484999983,0.0442373397333237,1
v0-bh50,BsonetEurope-r1,BsonetEurope,TRAN,26,40,20,0.5,15,15,1.0,18.154129387266586,256.92842484999983,0.0442373397333237,1
v0-bh50,BsonetEurope-r1,BsonetEurope,TRAN,27,40,18,0.45,15,15,1.0,18.38092419159445,256.92842484999983,0.0442373397333237,1
v0-bh50,BsonetEurope-r1,BsonetEurope,TRAN,28,40,18,0.45,15,15,1.0,19.00503976461167,256.92842484999983,0.0442373397333237,1
v0-bh50,BsonetEurope-r1,BsonetEurope,TRAN,29,40,19,0.475,15,15,1.0,19.095983697170137,256.92842484999983,0.0442373397333237,1
v0-bh50,BsonetEurope-r2,BsonetEurope,B1,0,40,20,0.5,15,15,1.0,20.0,0.22140765099993587,0.02953860770000271,1
v0-bh50,BsonetEurope-r2,BsonetEurope,B1,1,40,20,0.5,15,15,1.0,20.0,0.22140765099993587,0.02953860770000271,1
v0-bh50,BsonetEurope-r2,BsonetEurope,B1,2,40,20,0.5,15,15,1.0,20.0,0.22140765099993587,0.02953860770000271,1
v0-bh50,BsonetEurope-r2,BsonetEurope,B1,3,40,19,0.475,15,15,1.0,20.530553976384663,0.22140765099993587,0.02953860770000271,1
v0-bh50,BsonetEurope-r2,BsonetEurope,B1,4,40,19,0.475,15,15,1.0,20.531687460453217,0.22140765099993587,0.02953860770000271,1
v0-bh50,BsonetEurope-r2,BsonetEurope,B1,5,40,19,0.475,15,15,1.0,20.04904131006137,0.22140765099993587,0.02953860770000271,1
v0-bh50,BsonetEurope-r2,BsonetEurope,B1,6,40,19,0.475,15,15,1.0,20.047820041006144,0.22140765099993587,0.02953860770000271,1
v0-bh50,BsonetEurope-r2,BsonetEurope,B1,7,40,20,0.5,15,15,1.0,20.0,0.22140765099993587,0.02953860770000271,1
v0-bh50,BsonetEurope-r2,BsonetEurope,B1,8,40,20,0.5,15,15,1.0,20.0,0.22140765099993587,0.02953860770000271,1
v0-bh50,BsonetEurope-r2,BsonetEurope,B1,9,40,20,0.5,15,15,1.0,20.0,0.22140765099993587,0.02953860770000271,1
v0-bh50,BsonetEurope-r2,BsonetEurope,B1,10,40,19,0.475,15,15,1.0,20.059865606003452,0.22140765099993587,0.02953860770000271,1
v0-bh50,BsonetEurope-r2,BsonetEurope,B1,11,40,19,0.475,15,15,1.0,20.06773891893322,0.22140765099993587,0.02953860770000271,1
v0-bh50,BsonetEurope-r2,BsonetEurope,B1,12,40,20,0.5,15,15,1.0,20.0,0.22140765099993587,0.02953860770000271,1
v0-bh50,BsonetEurope-r2,BsonetEurope,B1,13,40,20,0.5,15,15,1.0,20.0,0.22140765099993587,0.02953860770000271,1
v0-bh50,BsonetEurope-r2,BsonetEurope,B1,14,40,19,0.475,15,15,1.0,20.058337484722745,0.22140765099993587,0.02953860770000271,1
v0-bh50,BsonetEurope-r2,BsonetEurope,B1,15,40,20,0.5,15,15,1.0,20.0,0.22140765099993587,0.02953860770000271,1
v0-bh50,BsonetEurope-r2,BsonetEurope,B1,16,40,20,0.5,15,15,1.0,20.0,0.22140765099993587,0.02953860770000271,1
v0-bh50,BsonetEurope-r2,BsonetEurope,B1,17,40,19,0.475,15,15,1.0,20.996823730296263,0.22140765099993587,0.02953860770000271,1
v0-bh50,BsonetEurope-r2,BsonetEurope,B1,18,40,20,0.5,15,15,1.0,20.0,0.22140765099993587,0.02953860770000271,1
v0-bh50,BsonetEurope-r2,BsonetEurope,B1,19,40,19,0.475,15,15,1.0,20.522932520178816,0.22140765099993587,0.02953860770000271,1
v0-bh50,BsonetEurope-r2,BsonetEurope,B1,20,40,20,0.5,15,15,1.0,20.0,0.22140765099993587,0.02953860770000271,1
v0-bh50,BsonetEurope-r2,BsonetEurope,B1,21,40,19,0.475,15,15,1.0,20.058293182901796,0.22140765099993587,0.02953860770000271,1
v0-bh50,BsonetEurope-r2,BsonetEurope,B1,22,40,20,0.5,15,15,1.0,20.0,0.22140765099993587,0.02953860770000271,1
v0-bh50,BsonetEurope-r2,BsonetEurope,B1,23,40,19,0.475,15,15,1.0,20.061959970055284,0.22140765099993587,0.02953860770000271,1
v0-bh50,BsonetEurope-r2,BsonetEurope,B1,24,40,19,0.475,15,15,1.0,20.996823730296263,0.22140765099993587,0.02953860770000271,1
v0-bh50,BsonetEurope-r2,BsonetEurope,B1,25,40,20,0.5,15,15,1.0,20.0,0.22140765099993587,0.02953860770000271,1
v0-bh50,BsonetEurope-r2,BsonetEurope,B1,26,40,20,0.5,15,15,1.0,20.0,0.22140765099993587,0.02953860770000271,1
v0-bh50,BsonetEurope-r2,BsonetEurope,B1,27,40,19,0.475,15,15,1.0,20.99573255171606,0.22140765099993587,0.02953860770000271,1
v0-bh50,BsonetEurope-r2,BsonetEurope,B1,28,40,20,0.5,15,15,1.0,20.0,0.22140765099993587,0.02953860770000271,1
v0-bh50,BsonetEurope-r2,BsonetEurope,B1,29,40,20,0.5,15,15,1.0,20.0,0.22140765099993587,0.02953860770000271,1
v0-bh50,BsonetEurope-r2,BsonetEurope,TRAN,0,40,19,0.475,15,15,1.0,17.30168700932301,259.76834009899994,0.037663499900008904,1
v0-bh50,BsonetEurope-r2,BsonetEurope,TRAN,1,40,17,0.425,15,15,1.0,19.6860137389226,259.76834009899994,0.037663499900008904,1
v0-bh50,BsonetEurope-r2,BsonetEurope,TRAN,2,40,17,0.425,15,15,1.0,18.157389801682346,259.76834009899994,0.037663499900008904,1
v0-bh50,BsonetEurope-r2,BsonetEurope,TRAN,3,40,17,0.425,15,15,1.0,18.911332926154543,259.76834009899994,0.037663499900008904,1
v0-bh50,BsonetEurope-r2,BsonetEurope,TRAN,4,40,19,0.475,15,15,1.0,17.970290232533475,259.76834009899994,0.037663499900008904,1
v0-bh50,BsonetEurope-r2,BsonetEurope,TRAN,5,40,18,0.45,15,15,1.0,17.60009303184606,259.76834009899994,0.037663499900008904,1
v0-bh50,BsonetEurope-r2,BsonetEurope,TRAN,6,40,17,0.425,15,15,1.0,19.498837026583335,259.76834009899994,0.037663499900008904,1
v0-bh50,BsonetEurope-r2,BsonetEurope,TRAN,7,40,19,0.475,15,15,1.0,19.20468138666939,259.76834009899994,0.037663499900008904,1
v0-bh50,BsonetEurope-r2,BsonetEurope,TRAN,8,40,21,0.525,15,15,1.0,15.73344709760973,259.76834009899994,0.037663499900008904,1
v0-bh50,BsonetEurope-r2,BsonetEurope,TRAN,9,40,18,0.45,15,15,1.0,19.46945200421567,259.76834009899994,0.037663499900008904,1
v0-bh50,BsonetEurope-r2,BsonetEurope,TRAN,10,40,20,0.5,15,15,1.0,17.640991717968582,259.76834009899994,0.037663499900008904,1
v0-bh50,BsonetEurope-r2,BsonetEurope,TRAN,11,40,17,0.425,15,15,1.0,18.773839556408234,259.76834009899994,0.037663499900008904,1
v0-bh50,BsonetEurope-r2,BsonetEurope,TRAN,12,40,18,0.45,15,15,1.0,18.482768944038718,259.76834009899994,0.037663499900008904,1
v0-bh50,BsonetEurope-r2,BsonetEurope,TRAN,13,40,17,0.425,15,15,1.0,18.88723880369719,259.76834009899994,0.037663499900008904,1
v0-bh50,BsonetEurope-r2,BsonetEurope,TRAN,14,40,19,0.475,15,15,1.0,16.69752966519244,259.76834009899994,0.037663499900008904,1
v0-bh50,BsonetEurope-r2,BsonetEurope,TRAN,15,40,21,0.525,15,15,1.0,16.053740468764047,259.76834009899994,0.037663499900008904,1
v0-bh50,BsonetEurope-r2,BsonetEurope,TRAN,16,40,20,0.5,15,15,1.0,18.54958522258631,259.76834009899994,0.037663499900008904,1
v0-bh50,BsonetEurope-r2,BsonetEurope,TRAN,17,40,18,0.45,15,15,1.0,18.164422012170995,259.76834009899994,0.037663499900008904,1
v0-bh50,BsonetEurope-r2,BsonetEurope,TRAN,18,40,18,0.45,15,15,1.0,20.2380067528394,259.76834009899994,0.037663499900008904,1
v0-bh50,BsonetEurope-r2,BsonetEurope,TRAN,19,40,18,0.45,15,15,1.0,19.55187247807973,259.76834009899994,0.037663499900008904,1
v0-bh50,BsonetEurope-r2,BsonetEurope,TRAN,20,40,20,0.5,15,15,1.0,18.102224191211583,259.76834009899994,0.037663499900008904,1
v0-bh50,BsonetEurope-r2,BsonetEurope,TRAN,21,40,17,0.425,15,15,1.0,19.016183710087077,259.76834009899994,0.037663499900008904,1
v0-bh50,BsonetEurope-r2,BsonetEurope,TRAN,22,40,20,0.5,15,15,1.0,17.149025084198318,259.76834009899994,0.037663499900008904,1
v0-bh50,BsonetEurope-r2,BsonetEurope,TRAN,23,40,18,0.45,15,15,1.0,17.157286736995047,259.76834009899994,0.037663499900008904,1
v0-bh50,BsonetEurope-r2,BsonetEurope,TRAN,24,40,17,0.425,15,15,1.0,18.87858416665109,259.76834009899994,0.037663499900008904,1
v0-bh50,BsonetEurope-r2,BsonetEurope,TRAN,25,40,20,0.5,15,15,1.0,15.863306007592273,259.76834009899994,0.037663499900008904,1
v0-bh50,BsonetEurope-r2,BsonetEurope,TRAN,26,40,16,0.4,15,15,1.0,19.11771959203756,259.76834009899994,0.037663499900008904,1
v0-bh50,BsonetEurope-r2,BsonetEurope,TRAN,27,40,19,0.475,15,15,1.0,17.60394287779168,259.76834009899994,0.037663499900008904,1
v0-bh50,BsonetEurope-r2,BsonetEurope,TRAN,28,40,17,0.425,15,15,1.0,18.878480001462705,259.76834009899994,0.037663499900008904,1
v0-bh50,BsonetEurope-r2,BsonetEurope,TRAN,29,40,18,0.45,15,15,1.0,18.743212761928035,259.76834009899994,0.037663499900008904,1
v0-bh50,BtNorthAmerica-r0,BtNorthAmerica,B1,0,40,14,0.35,15,15,1.0,25.066065691096053,0.12473751600009564,0.02353140186666375,1
v0-bh50,BtNorthAmerica-r0,BtNorthAmerica,B1,1,40,14,0.35,15,15,1.0,25.334674545538117,0.12473751600009564,0.02353140186666375,1
v0-bh50,BtNorthAmerica-r0,BtNorthAmerica,B1,2,40,15,0.375,15,15,1.0,25.0,0.12473751600009564,0.02353140186666375,1
v0-bh50,BtNorthAmerica-r0,BtNorthAmerica,B1,3,40,14,0.35,15,15,1.0,25.674291140671524,0.12473751600009564,0.02353140186666375,1
v0-bh50,BtNorthAmerica-r0,BtNorthAmerica,B1,4,40,14,0.35,15,15,1.0,25.67448626950728,0.12473751600009564,0.02353140186666375,1
v0-bh50,BtNorthAmerica-r0,BtNorthAmerica,B1,5,40,15,0.375,15,15,1.0,25.0,0.12473751600009564,0.02353140186666375,1
v0-bh50,BtNorthAmerica-r0,BtNorthAmerica,B1,6,40,14,0.35,15,15,1.0,25.263202033223916,0.12473751600009564,0.02353140186666375,1
v0-bh50,BtNorthAmerica-r0,BtNorthAmerica,B1,7,40,14,0.35,15,15,1.0,25.55386641665465,0.12473751600009564,0.02353140186666375,1
v0-bh50,BtNorthAmerica-r0,BtNorthAmerica,B1,8,40,14,0.35,15,15,1.0,25.15557188695115,0.12473751600009564,0.02353140186666375,1
v0-bh50,BtNorthAmerica-r0,BtNorthAmerica,B1,9,40,15,0.375,15,15,1.0,25.0,0.12473751600009564,0.02353140186666375,1
v0-bh50,BtNorthAmerica-r0,BtNorthAmerica,B1,10,40,14,0.35,15,15,1.0,25.478496846587053,0.12473751600009564,0.02353140186666375,1
v0-bh50,BtNorthAmerica-r0,BtNorthAmerica,B1,11,40,15,0.375,15,15,1.0,25.0,0.12473751600009564,0.02353140186666375,1
v0-bh50,BtNorthAmerica-r0,BtNorthAmerica,B1,12,40,15,0.375,15,15,1.0,25.0,0.12473751600009564,0.02353140186666375,1
v0-bh50,BtNorthAmerica-r0,BtNorthAmerica,B1,13,40,15,0.375,15,15,1.0,25.0,0.12473751600009564,0.02353140186666375,1
v0-bh50,BtNorthAmerica-r0,BtNorthAmerica,B1,14,40,14,0.35,15,15,1.0,25.198708459354513,0.12473751600009564,0.02353140186666375,1
v0-bh50,BtNorthAmerica-r0,BtNorthAmerica,B1,15,40,14,0.35,15,15,1.0,25.67448626950728,0.12473751600009564,0.02353140186666375,1
v0-bh50,BtNorthAmerica-r0,BtNorthAmerica,B1,16,40,15,0.375,15,15,1.0,25.0,0.12473751600009564,0.02353140186666375,1
v0-bh50,BtNorthAmerica-r0,BtNorthAmerica,B1,17,40,14,0.35,15,15,1.0,25.28616267803578,0.12473751600009564,0.02353140186666375,1
v0-bh50,BtNorthAmerica-r0,BtNorthAmerica,B1,18,40,14,0.35,15,15,1.0,25.067539531708512,0.12473751600009564,0.02353140186666375,1
v0-bh50,BtNorthAmerica-r0,BtNorthAmerica,B1,19,40,14,0.35,15,15,1.0,25.655744125072626,0.12473751600009564,0.02353140186666375,1
v0-bh50,BtNorthAmerica-r0,BtNorthAmerica,B1,20,40,14,0.35,15,15,1.0,25.655744125072626,0.12473751600009564,0.02353140186666375,1
v0-bh50,BtNorthAmerica-r0,BtNorthAmerica,B1,21,40,14,0.35,15,15,1.0,25.08429192426339,0.12473751600009564,0.02353140186666375,1
v0-bh50,BtNorthAmerica-r0,BtNorthAmerica,B1,22,40,14,0.35,15,15,1.0,25.33208473238668,0.12473751600009564,0.02353140186666375,1
v0-bh50,BtNorthAmerica-r0,BtNorthAmerica,B1,23,40,14,0.35,15,15,1.0,25.02071802693759,0.12473751600009564,0.02353140186666375,1
v0-bh50,BtNorthAmerica-r0,BtNorthAmerica,B1,24,40,15,0.375,15,15,1.0,25.0,0.12473751600009564,0.02353140186666375,1
v0-bh50,BtNorthAmerica-r0,BtNorthAmerica,B1,25,40,14,0.35,15,15,1.0,25.43471340617874,0.12473751600009564,0.02353140186666375,1
v0-bh50,BtNorthAmerica-r0,BtNorthAmerica,B1,26,40,15,0.375,15,15,1.0,25.0,0.12473751600009564,0.02353140186666375,1
v0-bh50,BtNorthAmerica-r0,BtNorthAmerica,B1,27,40,15,0.375,15,15,1.0,25.0,0.12473751600009564,0.02353140186666375,1
v0-bh50,BtNorthAmerica-r0,BtNorthAmerica,B1,28,40,14,0.35,15,15,1.0,25.65569860915245,0.12473751600009564,0.02353140186666375,1
v0-bh50,BtNorthAmerica-r0,BtNorthAmerica,B1,29,40,14,0.35,15,15,1.0,25.033276645323284,0.12473751600009564,0.02353140186666375,1
v0-bh50,BtNorthAmerica-r0,BtNorthAmerica,TRAN,0,40,20,0.5,15,15,1.0,17.099408902503587,340.1263579819997,0.049760845033324584,1
v0-bh50,BtNorthAmerica-r0,BtNorthAmerica,TRAN,1,40,21,0.525,15,15,1.0,16.44291812422793,340.1263579819997,0.049760845033324584,1
v0-bh50,BtNorthAmerica-r0,BtNorthAmerica,TRAN,2,40,18,0.45,15,15,1.0,18.48433186879495,340.1263579819997,0.049760845033324584,1
v0-bh50,BtNorthAmerica-r0,BtNorthAmerica,TRAN,3,40,20,0.5,15,15,1.0,17.084174516100855,340.1263579819997,0.049760845033324584,1
v0-bh50,BtNorthAmerica-r0,BtNorthAmerica,TRAN,4,40,19,0.475,15,15,1.0,17.806829713418498,340.1263579819997,0.049760845033324584,1
v0-bh50,BtNorthAmerica-r0,BtNorthAmerica,TRAN,5,40,16,0.4,15,15,1.0,17.20331965921843,340.1263579819997,0.049760845033324584,1
v0-bh50,BtNorthAmerica-r0,BtNorthAmerica,TRAN,6,40,18,0.45,15,15,1.0,18.614126238641887,340.1263579819997,0.049760845033324584,1
v0-bh50,BtNorthAmerica-r0,BtNorthAmerica,TRAN,7,40,19,0.475,15,15,1.0,17.45733220273861,340.1263579819997,0.049760845033324584,1
v0-bh50,BtNorthAmerica-r0,BtNorthAmerica,TRAN,8,40,18,0.45,15,15,1.0,18.836023271960613,340.1263579819997,0.049760845033324584,1
v0-bh50,BtNorthAmerica-r0,BtNorthAmerica,TRAN,9,40,21,0.525,15,15,1.0,15.84344370323068,340.1263579819997,0.049760845033324584,1
v0-bh50,BtNorthAmerica-r0,BtNorthAmerica,TRAN,10,40,17,0.425,15,15,1.0,18.502930091185632,340.1263579819997,0.049760845033324584,1
v0-bh50,BtNorthAmerica-r0,BtNorthAmerica,TRAN,11,40,18,0.45,15,15,1.0,17.976069142941128,340.1263579819997,0.049760845033324584,1
v0-bh50,BtNorthAmerica-r0,BtNorthAmerica,TRAN,12,40,20,0.5,15,15,1.0,16.514806080315534,340.1263579819997,0.049760845033324584,1
v0-bh50,BtNorthAmerica-r0,BtNorthAmerica,TRAN,13,40,19,0.475,15,15,1.0,17.184831243064398,340.1263579819997,0.049760845033324584,1
v0-bh50,BtNorthAmerica-r0,BtNorthAmerica,TRAN,14,40,17,0.425,15,15,1.0,19.996379222823595,340.1263579819997,0.049760845033324584,1
v0-bh50,BtNorthAmerica-r0,BtNorthAmerica,TRAN,15,40,20,0.5,15,15,1.0,17.344597626460104,340.1263579819997,0.049760845033324584,1
v0-bh50,BtNorthAmerica-r0,BtNorthAmerica,TRAN,16,40,20,0.5,15,15,1.0,18.771927000444414,340.1263579819997,0.049760845033324584,1
v0-bh50,BtNorthAmerica-r0,BtNorthAmerica,TRAN,17,40,19,0.475,15,15,1.0,18.188076194661182,340.1263579819997,0.049760845033324584,1
v0-bh50,BtNorthAmerica-r0,BtNorthAmerica,TRAN,18,40,20,0.5,15,15,1.0,18.200880017241087,340.1263579819997,0.049760845033324584,1
v0-bh50,BtNorthAmerica-r0,BtNorthAmerica,TRAN,19,40,18,0.45,15,15,1.0,17.909002077860066,340.1263579819997,0.049760845033324584,1
v0-bh50,BtNorthAmerica-r0,BtNorthAmerica,TRAN,20,40,18,0.45,15,15,1.0,18.105730506266504,340.1263579819997,0.049760845033324584,1
v0-bh50,BtNorthAmerica-r0,BtNorthAmerica,TRAN,21,40,20,0.5,15,15,1.0,16.5765864900239,340.1263579819997,0.049760845033324584,1
v0-bh50,BtNorthAmerica-r0,BtNorthAmerica,TRAN,22,40,19,0.475,15,15,1.0,18.257575357785285,340.1263579819997,0.049760845033324584,1
v0-bh50,BtNorthAmerica-r0,BtNorthAmerica,TRAN,23,40,22,0.55,15,15,1.0,16.496258976533166,340.1263579819997,0.049760845033324584,1
v0-bh50,BtNorthAmerica-r0,BtNorthAmerica,TRAN,24,40,18,0.45,15,15,1.0,20.193393088065985,340.1263579819997,0.049760845033324584,1
v0-bh50,BtNorthAmerica-r0,BtNorthAmerica,TRAN,25,40,19,0.475,15,15,1.0,18.023203428764333,340.1263579819997,0.049760845033324584,1
v0-bh50,BtNorthAmerica-r0,BtNorthAmerica,TRAN,26,40,21,0.525,15,15,1.0,16.195265778241147,340.1263579819997,0.049760845033324584,1
v0-bh50,BtNorthAmerica-r0,BtNorthAmerica,TRAN,27,40,19,0.475,15,15,1.0,18.587515235339616,340.1263579819997,0.049760845033324584,1
v0-bh50,BtNorthAmerica-r0,BtNorthAmerica,TRAN,28,40,18,0.45,15,15,1.0,18.02124818347088,340.1263579819997,0.049760845033324584,1
v0-bh50,BtNorthAmerica-r0,BtNorthAmerica,TRAN,29,40,20,0.5,15,15,1.0,17.85398398798578,340.1263579819997,0.049760845033324584,1
v0-bh50,BtNorthAmerica-r1,BtNorthAmerica,B1,0,40,27,0.675,15,15,1.0,10.044150046407934,0.11176454199994623,0.036830689933352305,1
v0-bh50,BtNorthAmerica-r1,BtNorthAmerica,B1,1,40,27,0.675,15,15,1.0,10.044150046407934,0.11176454199994623,0.036830689933352305,1
v0-bh50,BtNorthAmerica-r1,BtNorthAmerica,B1,2,40,27,0.675,15,15,1.0,10.044150046407934,0.11176454199994623,0.036830689933352305,1
v0-bh50,BtNorthAmerica-r1,BtNorthAmerica,B1,3,40,27,0.675,15,15,1.0,10.044150046407934,0.11176454199994623,0.036830689933352305,1
v0-bh50,BtNorthAmerica-r1,BtNorthAmerica,B1,4,40,27,0.675,15,15,1.0,10.044150046407934,0.11176454199994623,0.036830689933352305,1
v0-bh50,BtNorthAmerica-r1,BtNorthAmerica,B1,5,40,27,0.675,15,15,1.0,10.044150046407934,0.11176454199994623,0.036830689933352305,1
v0-bh50,BtNorthAmerica-r1,BtNorthAmerica,B1,6,40,27,0.675,15,15,1.0,10.044150046407934,0.11176454199994623,0.036830689933352305,1
v0-bh50,BtNorthAmerica-r1,BtNorthAmerica,B1,7,40,27,0.675,15,15,1.0,10.044150046407934,0.11176454199994623,0.036830689933352305,1
v0-bh50,BtNorthAmerica-r1,BtNorthAmerica,B1,8,40,27,0.675,15,15,1.0,10.044150046407934,0.11176454199994623,0.036830689933352305,1
v0-bh50,BtNorthAmerica-r1,BtNorthAmerica,B1,9,40,27,0.675,15,15,1.0,10.044150046407934,0.11176454199994623,0.036830689933352305,1
v0-bh50,BtNorthAmerica-r1,BtNorthAmerica,B1,10,40,27,0.675,15,15,1.0,10.044150046407934,0.11176454199994623,0.036830689933352305,1
v0-bh50,BtNorthAmerica-r1,BtNorthAmerica,B1,11,40,27,0.675,15,15,1.0,10.044150046407934,0.11176454199994623,0.036830689933352305,1
v0-bh50,BtNorthAmerica-r1,BtNorthAmerica,B1,12,40,27,0.675,15,15,1.0,10.044150046407934,0.11176454199994623,0.036830689933352305,1
v0-bh50,BtNorthAmerica-r1,BtNorthAmerica,B1,13,40,27,0.675,15,15,1.0,10.044150046407934,0.11176454199994623,0.036830689933352305,1
v0-bh50,BtNorthAmerica-r1,BtNorthAmerica,B1,14,40,27,0.675,15,15,1.0,10.044150046407934,0.11176454199994623,0.036830689933352305,1
v0-bh50,BtNorthAmerica-r1,BtNorthAmerica,B1,15,40,27,0.675,15,15,1.0,10.044150046407934,0.11176454199994623,0.036830689933352305,1
v0-bh50,BtNorthAmerica-r1,BtNorthAmerica,B1,16,40,27,0.675,15,15,1.0,10.044150046407934,0.11176454199994623,0.036830689933352305,1
v0-bh50,BtNorthAmerica-r1,BtNorthAmerica,B1,17,40,27,0.675,15,15,1.0,10.044150046407934,0.11176454199994623,0.036830689933352305,1
v0-bh50,BtNorthAmerica-r1,BtNorthAmerica,B1,18,40,27,0.675,15,15,1.0,10.044150046407934,0.11176454199994623,0.036830689933352305,1
v0-bh50,BtNorthAmerica-r1,BtNorthAmerica,B1,19,40,27,0.675,15,15,1.0,10.044150046407934,0.11176454199994623,0.036830689933352305,1
v0-bh50,BtNorthAmerica-r1,BtNorthAmerica,B1,20,40,27,0.675,15,15,1.0,10.044150046407934,0.11176454199994623,0.036830689933352305,1
v0-bh50,BtNorthAmerica-r1,BtNorthAmerica,B1,21,40,27,0.675,15,15,1.0,10.044150046407934,0.11176454199994623,0.036830689933352305,1
v0-bh50,BtNorthAmerica-r1,BtNorthAmerica,B1,22,40,27,0.675,15,15,1.0,10.044150046407934,0.11176454199994623,0.036830689933352305,1
v0-bh50,BtNorthAmerica-r1,BtNorthAmerica,B1,23,40,27,0.675,15,15,1.0,10.044150046407934,0.11176454199994623,0.036830689933352305,1
v0-bh50,BtNorthAmerica-r1,BtNorthAmerica,B1,24,40,27,0.675,15,15,1.0,10.044150046407934,0.11176454199994623,0.036830689933352305,1
v0-bh50,BtNorthAmerica-r1,BtNorthAmerica,B1,25,40,27,0.675,15,15,1.0,10.044150046407934,0.11176454199994623,0.036830689933352305,1
v0-bh50,BtNorthAmerica-r1,BtNorthAmerica,B1,26,40,27,0.675,15,15,1.0,10.044150046407934,0.11176454199994623,0.036830689933352305,1
v0-bh50,BtNorthAmerica-r1,BtNorthAmerica,B1,27,40,27,0.675,15,15,1.0,10.044150046407934,0.11176454199994623,0.036830689933352305,1
v0-bh50,BtNorthAmerica-r1,BtNorthAmerica,B1,28,40,27,0.675,15,15,1.0,10.044150046407934,0.11176454199994623,0.036830689933352305,1
v0-bh50,BtNorthAmerica-r1,BtNorthAmerica,B1,29,40,27,0.675,15,15,1.0,10.044150046407934,0.11176454199994623,0.036830689933352305,1
v0-bh50,BtNorthAmerica-r1,BtNorthAmerica,TRAN,0,40,31,0.775,15,15,1.0,8.12633084474051,92.81330804699974,0.04338820863334452,1
v0-bh50,BtNorthAmerica-r1,BtNorthAmerica,TRAN,1,40,28,0.7,15,15,1.0,10.253367358968518,92.81330804699974,0.04338820863334452,1
v0-bh50,BtNorthAmerica-r1,BtNorthAmerica,TRAN,2,40,30,0.75,15,15,1.0,8.615001773733105,92.81330804699974,0.04338820863334452,1
v0-bh50,BtNorthAmerica-r1,BtNorthAmerica,TRAN,3,40,28,0.7,15,15,1.0,10.483355390321172,92.81330804699974,0.04338820863334452,1
v0-bh50,BtNorthAmerica-r1,BtNorthAmerica,TRAN,4,40,30,0.75,15,15,1.0,8.278041020756538,92.81330804699974,0.04338820863334452,1
v0-bh50,BtNorthAmerica-r1,BtNorthAmerica,TRAN,5,40,29,0.725,15,15,1.0,9.476635006835888,92.81330804699974,0.04338820863334452,1
v0-bh50,BtNorthAmerica-r1,BtNorthAmerica,TRAN,6,40,30,0.75,15,15,1.0,9.485119928306633,92.81330804699974,0.04338820863334452,1
v0-bh50,BtNorthAmerica-r1,BtNorthAmerica,TRAN,7,40,30,0.75,15,15,1.0,8.92257738226489,92.81330804699974,0.04338820863334452,1
v0-bh50,BtNorthAmerica-r1,BtNorthAmerica,TRAN,8,40,28,0.7,15,15,1.0,9.793508085855159,92.81330804699974,0.04338820863334452,1
v0-bh50,BtNorthAmerica-r1,BtNorthAmerica,TRAN,9,40,28,0.7,15,15,1.0,8.726929526376741,92.81330804699974,0.04338820863334452,1
v0-bh50,BtNorthAmerica-r1,BtNorthAmerica,TRAN,10,40,30,0.75,15,15,1.0,8.547103427624167,92.81330804699974,0.04338820863334452,1
v0-bh50,BtNorthAmerica-r1,BtNorthAmerica,TRAN,11,40,31,0.775,15,15,1.0,8.260565988492791,92.81330804699974,0.04338820863334452,1
v0-bh50,BtNorthAmerica-r1,BtNorthAmerica,TRAN,12,40,30,0.75,15,15,1.0,9.375658158182512,92.81330804699974,0.04338820863334452,1
v0-bh50,BtNorthAmerica-r1,BtNorthAmerica,TRAN,13,40,30,0.75,15,15,1.0,8.74220015945784,92.81330804699974,0.04338820863334452,1
v0-bh50,BtNorthAmerica-r1,BtNorthAmerica,TRAN,14,40,28,0.7,15,15,1.0,10.865236273117759,92.81330804699974,0.04338820863334452,1
v0-bh50,BtNorthAmerica-r1,BtNorthAmerica,TRAN,15,40,31,0.775,15,15,1.0,8.364208241340561,92.81330804699974,0.04338820863334452,1
v0-bh50,BtNorthAmerica-r1,BtNorthAmerica,TRAN,16,40,30,0.75,15,15,1.0,8.370271153193936,92.81330804699974,0.04338820863334452,1
v0-bh50,BtNorthAmerica-r1,BtNorthAmerica,TRAN,17,40,28,0.7,15,15,1.0,10.022685519267169,92.81330804699974,0.04338820863334452,1
v0-bh50,BtNorthAmerica-r1,BtNorthAmerica,TRAN,18,40,30,0.75,15,15,1.0,9.865922346420913,92.81330804699974,0.04338820863334452,1
v0-bh50,BtNorthAmerica-r1,BtNorthAmerica,TRAN,19,40,30,0.75,15,15,1.0,9.292908190400972,92.81330804699974,0.04338820863334452,1
v0-bh50,BtNorthAmerica-r1,BtNorthAmerica,TRAN,20,40,28,0.7,15,15,1.0,10.151983748116423,92.81330804699974,0.04338820863334452,1
v0-bh50,BtNorthAmerica-r1,BtNorthAmerica,TRAN,21,40,28,0.7,15,15,1.0,9.932455244995051,92.81330804699974,0.04338820863334452,1
v0-bh50,BtNorthAmerica-r1,BtNorthAmerica,TRAN,22,40,30,0.75,15,15,1.0,8.736310799176717,92.81330804699974,0.04338820863334452,1
v0-bh50,BtNorthAmerica-r1,BtNorthAmerica,TRAN,23,40,28,0.7,15,15,1.0,10.050257430402482,92.81330804699974,0.04338820863334452,1
v0-bh50,BtNorthAmerica-r1,BtNorthAmerica,TRAN,24,40,30,0.75,15,15,1.0,9.076725786202573,92.81330804699974,0.04338820863334452,1
v0-bh50,BtNorthAmerica-r1,BtNorthAmerica,TRAN,25,40,28,0.7,15,15,1.0,9.73349559584903,92.81330804699974,0.04338820863334452,1
v0-bh50,BtNorthAmerica-r1,BtNorthAmerica,TRAN,26,40,29,0.725,15,15,1.0,9.334586178072373,92.81330804699974,0.04338820863334452,1
v0-bh50,BtNorthAmerica-r1,BtNorthAmerica,TRAN,27,40,29,0.725,15,15,1.0,8.914570185630163,92.81330804699974,0.04338820863334452,1
v0-bh50,BtNorthAmerica-r1,BtNorthAmerica,TRAN,28,40,29,0.725,15,15,1.0,10.28744881791372,92.81330804699974,0.04338820863334452,1
v0-bh50,BtNorthAmerica-r1,BtNorthAmerica,TRAN,29,40,30,0.75,15,15,1.0,8.32440142183307,92.81330804699974,0.04338820863334452,1
v0-bh50,BtNorthAmerica-r2,BtNorthAmerica,B1,0,40,12,0.3,15,15,1.0,27.01911485977776,0.13552518600045005,0.026443727666658864,1
v0-bh50,BtNorthAmerica-r2,BtNorthAmerica,B1,1,40,12,0.3,15,15,1.0,27.01911485977776,0.13552518600045005,0.026443727666658864,1
v0-bh50,BtNorthAmerica-r2,BtNorthAmerica,B1,2,40,12,0.3,15,15,1.0,27.01911485977776,0.13552518600045005,0.026443727666658864,1
v0-bh50,BtNorthAmerica-r2,BtNorthAmerica,B1,3,40,12,0.3,15,15,1.0,27.01911485977776,0.13552518600045005,0.026443727666658864,1
v0-bh50,BtNorthAmerica-r2,BtNorthAmerica,B1,4,40,12,0.3,15,15,1.0,27.01911485977776,0.13552518600045005,0.026443727666658864,1
v0-bh50,BtNorthAmerica-r2,BtNorthAmerica,B1,5,40,12,0.3,15,15,1.0,27.01911485977776,0.13552518600045005,0.026443727666658864,1
v0-bh50,BtNorthAmerica-r2,BtNorthAmerica,B1,6,40,12,0.3,15,15,1.0,27.01911485977776,0.13552518600045005,0.026443727666658864,1
v0-bh50,BtNorthAmerica-r2,BtNorthAmerica,B1,7,40,12,0.3,15,15,1.0,27.01911485977776,0.13552518600045005,0.026443727666658864,1
v0-bh50,BtNorthAmerica-r2,BtNorthAmerica,B1,8,40,12,0.3,15,15,1.0,27.01911485977776,0.13552518600045005,0.026443727666658864,1
v0-bh50,BtNorthAmerica-r2,BtNorthAmerica,B1,9,40,12,0.3,15,15,1.0,27.01911485977776,0.13552518600045005,0.026443727666658864,1
v0-bh50,BtNorthAmerica-r2,BtNorthAmerica,B1,10,40,12,0.3,15,15,1.0,27.01911485977776,0.13552518600045005,0.026443727666658864,1
v0-bh50,BtNorthAmerica-r2,BtNorthAmerica,B1,11,40,12,0.3,15,15,1.0,27.01911485977776,0.13552518600045005,0.026443727666658864,1
v0-bh50,BtNorthAmerica-r2,BtNorthAmerica,B1,12,40,12,0.3,15,15,1.0,27.01911485977776,0.13552518600045005,0.026443727666658864,1
v0-bh50,BtNorthAmerica-r2,BtNorthAmerica,B1,13,40,12,0.3,15,15,1.0,27.01911485977776,0.13552518600045005,0.026443727666658864,1
v0-bh50,BtNorthAmerica-r2,BtNorthAmerica,B1,14,40,12,0.3,15,15,1.0,27.01911485977776,0.13552518600045005,0.026443727666658864,1
v0-bh50,BtNorthAmerica-r2,BtNorthAmerica,B1,15,40,12,0.3,15,15,1.0,27.01911485977776,0.13552518600045005,0.026443727666658864,1
v0-bh50,BtNorthAmerica-r2,BtNorthAmerica,B1,16,40,12,0.3,15,15,1.0,27.01911485977776,0.13552518600045005,0.026443727666658864,1
v0-bh50,BtNorthAmerica-r2,BtNorthAmerica,B1,17,40,12,0.3,15,15,1.0,27.01911485977776,0.13552518600045005,0.026443727666658864,1
v0-bh50,BtNorthAmerica-r2,BtNorthAmerica,B1,18,40,12,0.3,15,15,1.0,27.01911485977776,0.13552518600045005,0.026443727666658864,1
v0-bh50,BtNorthAmerica-r2,BtNorthAmerica,B1,19,40,12,0.3,15,15,1.0,27.01911485977776,0.13552518600045005,0.026443727666658864,1
v0-bh50,BtNorthAmerica-r2,BtNorthAmerica,B1,20,40,12,0.3,15,15,1.0,27.01911485977776,0.13552518600045005,0.026443727666658864,1
v0-bh50,BtNorthAmerica-r2,BtNorthAmerica,B1,21,40,12,0.3,15,15,1.0,27.01911485977776,0.13552518600045005,0.026443727666658864,1
v0-bh50,BtNorthAmerica-r2,BtNorthAmerica,B1,22,40,12,0.3,15,15,1.0,27.01911485977776,0.13552518600045005,0.026443727666658864,1
v0-bh50,BtNorthAmerica-r2,BtNorthAmerica,B1,23,40,12,0.3,15,15,1.0,27.01911485977776,0.13552518600045005,0.026443727666658864,1
v0-bh50,BtNorthAmerica-r2,BtNorthAmerica,B1,24,40,12,0.3,15,15,1.0,27.01911485977776,0.13552518600045005,0.026443727666658864,1
v0-bh50,BtNorthAmerica-r2,BtNorthAmerica,B1,25,40,12,0.3,15,15,1.0,27.01911485977776,0.13552518600045005,0.026443727666658864,1
v0-bh50,BtNorthAmerica-r2,BtNorthAmerica,B1,26,40,12,0.3,15,15,1.0,27.01911485977776,0.13552518600045005,0.026443727666658864,1
v0-bh50,BtNorthAmerica-r2,BtNorthAmerica,B1,27,40,12,0.3,15,15,1.0,27.01911485977776,0.13552518600045005,0.026443727666658864,1
v0-bh50,BtNorthAmerica-r2,BtNorthAmerica,B1,28,40,12,0.3,15,15,1.0,27.01911485977776,0.13552518600045005,0.026443727666658864,1
v0-bh50,BtNorthAmerica-r2,BtNorthAmerica,B1,29,40,12,0.3,15,15,1.0,27.01911485977776,0.13552518600045005,0.026443727666658864,1
v0-bh50,BtNorthAmerica-r2,BtNorthAmerica,TRAN,0,40,12,0.3,15,15,1.0,25.897250251057116,442.4270501629999,0.046985804966667884,1
v0-bh50,BtNorthAmerica-r2,BtNorthAmerica,TRAN,1,40,12,0.3,15,15,1.0,26.78971024783439,442.4270501629999,0.046985804966667884,1
v0-bh50,BtNorthAmerica-r2,BtNorthAmerica,TRAN,2,40,8,0.2,15,15,1.0,30.879520718435728,442.4270501629999,0.046985804966667884,1
v0-bh50,BtNorthAmerica-r2,BtNorthAmerica,TRAN,3,40,10,0.25,15,15,1.0,28.990319746355333,442.4270501629999,0.046985804966667884,1
v0-bh50,BtNorthAmerica-r2,BtNorthAmerica,TRAN,4,40,11,0.275,15,15,1.0,28.1943287356447,442.4270501629999,0.046985804966667884,1
v0-bh50,BtNorthAmerica-r2,BtNorthAmerica,TRAN,5,40,12,0.3,15,15,1.0,26.109551004288416,442.4270501629999,0.046985804966667884,1
v0-bh50,BtNorthAmerica-r2,BtNorthAmerica,TRAN,6,40,9,0.225,15,15,1.0,30.743718360912272,442.4270501629999,0.046985804966667884,1
v0-bh50,BtNorthAmerica-r2,BtNorthAmerica,TRAN,7,40,11,0.275,15,15,1.0,27.543085568353412,442.4270501629999,0.046985804966667884,1
v0-bh50,BtNorthAmerica-r2,BtNorthAmerica,TRAN,8,40,11,0.275,15,15,1.0,28.438026565281575,442.4270501629999,0.046985804966667884,1
v0-bh50,BtNorthAmerica-r2,BtNorthAmerica,TRAN,9,40,11,0.275,15,15,1.0,26.95388000375116,442.4270501629999,0.046985804966667884,1
v0-bh50,BtNorthAmerica-r2,BtNorthAmerica,TRAN,10,40,11,0.275,15,15,1.0,26.9873527612469,442.4270501629999,0.046985804966667884,1
v0-bh50,BtNorthAmerica-r2,BtNorthAmerica,TRAN,11,40,11,0.275,15,15,1.0,28.359939220474384,442.4270501629999,0.046985804966667884,1
v0-bh50,BtNorthAmerica-r2,BtNorthAmerica,TRAN,12,40,11,0.275,15,15,1.0,28.230038938375987,442.4270501629999,0.046985804966667884,1
v0-bh50,BtNorthAmerica-r2,BtNorthAmerica,TRAN,13,40,12,0.3,15,15,1.0,27.399174121993305,442.4270501629999,0.046985804966667884,1
v0-bh50,BtNorthAmerica-r2,BtNorthAmerica,TRAN,14,40,10,0.25,15,15,1.0,27.973393393730223,442.4270501629999,0.046985804966667884,1
v0-bh50,BtNorthAmerica-r2,BtNorthAmerica,TRAN,15,40,11,0.275,15,15,1.0,27.931058536910758,442.4270501629999,0.046985804966667884,1
v0-bh50,BtNorthAmerica-r2,BtNorthAmerica,TRAN,16,40,10,0.25,15,15,1.0,26.69616876363029,442.4270501629999,0.046985804966667884,1
v0-bh50,BtNorthAmerica-r2,BtNorthAmerica,TRAN,17,40,11,0.275,15,15,1.0,27.132630364686086,442.4270501629999,0.046985804966667884,1
v0-bh50,BtNorthAmerica-r2,BtNorthAmerica,TRAN,18,40,10,0.25,15,15,1.0,29.154098844113665,442.4270501629999,0.046985804966667884,1
v0-bh50,BtNorthAmerica-r2,BtNorthAmerica,TRAN,19,40,11,0.275,15,15,1.0,28.600426366410577,442.4270501629999,0.046985804966667884,1
v0-bh50,BtNorthAmerica-r2,BtNorthAmerica,TRAN,20,40,10,0.25,15,15,1.0,29.688810893432965,442.4270501629999,0.046985804966667884,1
v0-bh50,BtNorthAmerica-r2,BtNorthAmerica,TRAN,21,40,10,0.25,15,15,1.0,29.37779962537592,442.4270501629999,0.046985804966667884,1
v0-bh50,BtNorthAmerica-r2,BtNorthAmerica,TRAN,22,40,10,0.25,15,15,1.0,29.612675459008102,442.4270501629999,0.046985804966667884,1
v0-bh50,BtNorthAmerica-r2,BtNorthAmerica,TRAN,23,40,14,0.35,15,15,1.0,24.974098468495637,442.4270501629999,0.046985804966667884,1
v0-bh50,BtNorthAmerica-r2,BtNorthAmerica,TRAN,24,40,10,0.25,15,15,1.0,28.265880099303423,442.4270501629999,0.046985804966667884,1
v0-bh50,BtNorthAmerica-r2,BtNorthAmerica,TRAN,25,40,12,0.3,15,15,1.0,26.680531746232457,442.4270501629999,0.046985804966667884,1
v0-bh50,BtNorthAmerica-r2,BtNorthAmerica,TRAN,26,40,10,0.25,15,15,1.0,28.757692376975353,442.4270501629999,0.046985804966667884,1
v0-bh50,BtNorthAmerica-r2,BtNorthAmerica,TRAN,27,40,10,0.25,15,15,1.0,27.44965225405463,442.4270501629999,0.046985804966667884,1
v0-bh50,BtNorthAmerica-r2,BtNorthAmerica,TRAN,28,40,12,0.3,15,15,1.0,27.088845608031896,442.4270501629999,0.046985804966667884,1
v0-bh50,BtNorthAmerica-r2,BtNorthAmerica,TRAN,29,40,10,0.25,15,15,1.0,29.345957121039376,442.4270501629999,0.046985804966667884,1
v0-bh50,Cesnet200603-r0,Cesnet200603,B1,0,40,15,0.375,15,15,1.0,23.432204537194412,0.13791695600048115,0.029153149933335953,1
v0-bh50,Cesnet200603-r0,Cesnet200603,B1,1,40,15,0.375,15,15,1.0,23.446687932207674,0.13791695600048115,0.029153149933335953,1
v0-bh50,Cesnet200603-r0,Cesnet200603,B1,2,40,15,0.375,15,15,1.0,23.432204537194412,0.13791695600048115,0.029153149933335953,1
v0-bh50,Cesnet200603-r0,Cesnet200603,B1,3,40,14,0.35,15,15,1.0,24.188473586985538,0.13791695600048115,0.029153149933335953,1
v0-bh50,Cesnet200603-r0,Cesnet200603,B1,4,40,15,0.375,15,15,1.0,23.432204537194412,0.13791695600048115,0.029153149933335953,1
v0-bh50,Cesnet200603-r0,Cesnet200603,B1,5,40,15,0.375,15,15,1.0,23.446687932207674,0.13791695600048115,0.029153149933335953,1
v0-bh50,Cesnet200603-r0,Cesnet200603,B1,6,40,15,0.375,15,15,1.0,23.432204537194412,0.13791695600048115,0.029153149933335953,1
v0-bh50,Cesnet200603-r0,Cesnet200603,B1,7,40,15,0.375,15,15,1.0,23.432204537194412,0.13791695600048115,0.029153149933335953,1
v0-bh50,Cesnet200603-r0,Cesnet200603,B1,8,40,15,0.375,15,15,1.0,23.432204537194412,0.13791695600048115,0.029153149933335953,1
v0-bh50,Cesnet200603-r0,Cesnet200603,B1,9,40,15,0.375,15,15,1.0,23.432204537194412,0.13791695600048115,0.029153149933335953,1
v0-bh50,Cesnet200603-r0,Cesnet200603,B1,10,40,15,0.375,15,15,1.0,23.446687932207674,0.13791695600048115,0.029153149933335953,1
v0-bh50,Cesnet200603-r0,Cesnet200603,B1,11,40,15,0.375,15,15,1.0,23.432204537194412,0.13791695600048115,0.029153149933335953,1
v0-bh50,Cesnet200603-r0,Cesnet200603,B1,12,40,15,0.375,15,15,1.0,23.446687932207674,0.13791695600048115,0.029153149933335953,1
v0-bh50,Cesnet200603-r0,Cesnet200603,B1,13,40,15,0.375,15,15,1.0,23.432204537194412,0.13791695600048115,0.029153149933335953,1
v0-bh50,Cesnet200603-r0,Cesnet200603,B1,14,40,15,0.375,15,15,1.0,23.432204537194412,0.13791695600048115,0.029153149933335953,1
v0-bh50,Cesnet200603-r0,Cesnet200603,B1,15,40,15,0.375,15,15,1.0,23.432204537194412,0.13791695600048115,0.029153149933335953,1
v0-bh50,Cesnet200603-r0,Cesnet200603,B1,16,40,15,0.375,15,15,1.0,23.432204537194412,0.13791695600048115,0.029153149933335953,1
v0-bh50,Cesnet200603-r0,Cesnet200603,B1,17,40,15,0.375,15,15,1.0,23.446687932207674,0.13791695600048115,0.029153149933335953,1
v0-bh50,Cesnet200603-r0,Cesnet200603,B1,18,40,15,0.375,15,15,1.0,23.446687932207674,0.13791695600048115,0.029153149933335953,1
v0-bh50,Cesnet200603-r0,Cesnet200603,B1,19,40,15,0.375,15,15,1.0,23.432204537194412,0.13791695600048115,0.029153149933335953,1
v0-bh50,Cesnet200603-r0,Cesnet200603,B1,20,40,15,0.375,15,15,1.0,23.432204537194412,0.13791695600048115,0.029153149933335953,1
v0-bh50,Cesnet200603-r0,Cesnet200603,B1,21,40,15,0.375,15,15,1.0,23.432204537194412,0.13791695600048115,0.029153149933335953,1
v0-bh50,Cesnet200603-r0,Cesnet200603,B1,22,40,15,0.375,15,15,1.0,23.432204537194412,0.13791695600048115,0.029153149933335953,1
v0-bh50,Cesnet200603-r0,Cesnet200603,B1,23,40,15,0.375,15,15,1.0,23.432204537194412,0.13791695600048115,0.029153149933335953,1
v0-bh50,Cesnet200603-r0,Cesnet200603,B1,24,40,15,0.375,15,15,1.0,23.432204537194412,0.13791695600048115,0.029153149933335953,1
v0-bh50,Cesnet200603-r0,Cesnet200603,B1,25,40,15,0.375,15,15,1.0,23.432204537194412,0.13791695600048115,0.029153149933335953,1
v0-bh50,Cesnet200603-r0,Cesnet200603,B1,26,40,15,0.375,15,15,1.0,23.432204537194412,0.13791695600048115,0.029153149933335953,1
v0-bh50,Cesnet200603-r0,Cesnet200603,B1,27,40,15,0.375,15,15,1.0,23.432204537194412,0.13791695600048115,0.029153149933335953,1
v0-bh50,Cesnet200603-r0,Cesnet200603,B1,28,40,15,0.375,15,15,1.0,23.42595565011103,0.13791695600048115,0.029153149933335953,1
v0-bh50,Cesnet200603-r0,Cesnet200603,B1,29,40,15,0.375,15,15,1.0,23.446687932207674,0.13791695600048115,0.029153149933335953,1
v0-bh50,Cesnet200603-r0,Cesnet200603,TRAN,0,40,11,0.275,15,15,1.0,24.230812887228353,349.4321807079996,0.09936576059999425,1
v0-bh50,Cesnet200603-r0,Cesnet200603,TRAN,1,40,12,0.3,15,15,1.0,25.81993540203852,349.4321807079996,0.09936576059999425,1
v0-bh50,Cesnet200603-r0,Cesnet200603,TRAN,2,40,14,0.35,15,15,1.0,25.39106117963044,349.4321807079996,0.09936576059999425,1
v0-bh50,Cesnet200603-r0,Cesnet200603,TRAN,3,40,14,0.35,15,15,1.0,23.623272925543937,349.4321807079996,0.09936576059999425,1
v0-bh50,Cesnet200603-r0,Cesnet200603,TRAN,4,40,11,0.275,15,15,1.0,27.45321704450513,349.4321807079996,0.09936576059999425,1
v0-bh50,Cesnet200603-r0,Cesnet200603,TRAN,5,40,11,0.275,15,15,1.0,26.92344873620733,349.4321807079996,0.09936576059999425,1
v0-bh50,Cesnet200603-r0,Cesnet200603,TRAN,6,40,14,0.35,15,15,1.0,24.513984916145123,349.4321807079996,0.09936576059999425,1
v0-bh50,Cesnet200603-r0,Cesnet200603,TRAN,7,40,13,0.325,15,15,1.0,24.70798247294094,349.4321807079996,0.09936576059999425,1
v0-bh50,Cesnet200603-r0,Cesnet200603,TRAN,8,40,13,0.325,15,15,1.0,25.57462771824836,349.4321807079996,0.09936576059999425,1
v0-bh50,Cesnet200603-r0,Cesnet200603,TRAN,9,40,14,0.35,15,15,1.0,25.654521505397547,349.4321807079996,0.09936576059999425,1
v0-bh50,Cesnet200603-r0,Cesnet200603,TRAN,10,40,11,0.275,15,15,1.0,26.47453797955707,349.4321807079996,0.09936576059999425,1
v0-bh50,Cesnet200603-r0,Cesnet200603,TRAN,11,40,11,0.275,15,15,1.0,26.71400957038863,349.4321807079996,0.09936576059999425,1
v0-bh50,Cesnet200603-r0,Cesnet200603,TRAN,12,40,11,0.275,15,15,1.0,27.032465125172816,349.4321807079996,0.09936576059999425,1
v0-bh50,Cesnet200603-r0,Cesnet200603,TRAN,13,40,15,0.375,15,15,1.0,23.078648316397675,349.4321807079996,0.09936576059999425,1
v0-bh50,Cesnet200603-r0,Cesnet200603,TRAN,14,40,11,0.275,15,15,1.0,26.542419254922567,349.4321807079996,0.09936576059999425,1
v0-bh50,Cesnet200603-r0,Cesnet200603,TRAN,15,40,12,0.3,15,15,1.0,25.265736347076395,349.4321807079996,0.09936576059999425,1
v0-bh50,Cesnet200603-r0,Cesnet200603,TRAN,16,40,11,0.275,15,15,1.0,26.280922738653082,349.4321807079996,0.09936576059999425,1
v0-bh50,Cesnet200603-r0,Cesnet200603,TRAN,17,40,14,0.35,15,15,1.0,24.642666630297576,349.4321807079996,0.09936576059999425,1
v0-bh50,Cesnet200603-r0,Cesnet200603,TRAN,18,40,10,0.25,15,15,1.0,25.531558543707398,349.4321807079996,0.09936576059999425,1
v0-bh50,Cesnet200603-r0,Cesnet200603,TRAN,19,40,13,0.325,15,15,1.0,24.91113855163415,349.4321807079996,0.09936576059999425,1
v0-bh50,Cesnet200603-r0,Cesnet200603,TRAN,20,40,14,0.35,15,15,1.0,24.315892120311112,349.4321807079996,0.09936576059999425,1
v0-bh50,Cesnet200603-r0,Cesnet200603,TRAN,21,40,14,0.35,15,15,1.0,25.22445376643133,349.4321807079996,0.09936576059999425,1
v0-bh50,Cesnet200603-r0,Cesnet200603,TRAN,22,40,14,0.35,15,15,1.0,25.27384599364378,349.4321807079996,0.09936576059999425,1
v0-bh50,Cesnet200603-r0,Cesnet200603,TRAN,23,40,12,0.3,15,15,1.0,24.528447039759357,349.4321807079996,0.09936576059999425,1
v0-bh50,Cesnet200603-r0,Cesnet200603,TRAN,24,40,15,0.375,15,15,1.0,23.692217940119228,349.4321807079996,0.09936576059999425,1
v0-bh50,Cesnet200603-r0,Cesnet200603,TRAN,25,40,12,0.3,15,15,1.0,27.001401468940358,349.4321807079996,0.09936576059999425,1
v0-bh50,Cesnet200603-r0,Cesnet200603,TRAN,26,40,12,0.3,15,15,1.0,27.109890055193873,349.4321807079996,0.09936576059999425,1
v0-bh50,Cesnet200603-r0,Cesnet200603,TRAN,27,40,13,0.325,15,15,1.0,24.234623925849085,349.4321807079996,0.09936576059999425,1
v0-bh50,Cesnet200603-r0,Cesnet200603,TRAN,28,40,13,0.325,15,15,1.0,25.295099979604963,349.4321807079996,0.09936576059999425,1
v0-bh50,Cesnet200603-r0,Cesnet200603,TRAN,29,40,12,0.3,15,15,1.0,26.358508003401827,349.4321807079996,0.09936576059999425,1
v0-bh50,Cesnet200603-r1,Cesnet200603,B1,0,40,19,0.475,15,15,1.0,18.678685904220277,0.14127743700009887,0.034135224066691686,1
v0-bh50,Cesnet200603-r1,Cesnet200603,B1,1,40,21,0.525,15,15,1.0,17.9167716258003,0.14127743700009887,0.034135224066691686,1
v0-bh50,Cesnet200603-r1,Cesnet200603,B1,2,40,21,0.525,15,15,1.0,18.087416418727123,0.14127743700009887,0.034135224066691686,1
v0-bh50,Cesnet200603-r1,Cesnet200603,B1,3,40,22,0.55,15,15,1.0,17.799447169625946,0.14127743700009887,0.034135224066691686,1
v0-bh50,Cesnet200603-r1,Cesnet200603,B1,4,40,20,0.5,15,15,1.0,18.521497485680342,0.14127743700009887,0.034135224066691686,1
v0-bh50,Cesnet200603-r1,Cesnet200603,B1,5,40,22,0.55,15,15,1.0,17.35816914199867,0.14127743700009887,0.034135224066691686,1
v0-bh50,Cesnet200603-r1,Cesnet200603,B1,6,40,21,0.525,15,15,1.0,18.219258666393202,0.14127743700009887,0.034135224066691686,1
v0-bh50,Cesnet200603-r1,Cesnet200603,B1,7,40,22,0.55,15,15,1.0,17.043388683066713,0.14127743700009887,0.034135224066691686,1
v0-bh50,Cesnet200603-r1,Cesnet200603,B1,8,40,22,0.55,15,15,1.0,17.010432818075493,0.14127743700009887,0.034135224066691686,1
v0-bh50,Cesnet200603-r1,Cesnet200603,B1,9,40,23,0.575,15,15,1.0,17.0,0.14127743700009887,0.034135224066691686,1
v0-bh50,Cesnet200603-r1,Cesnet200603,B1,10,40,22,0.55,15,15,1.0,17.46138609445758,0.14127743700009887,0.034135224066691686,1
v0-bh50,Cesnet200603-r1,Cesnet200603,B1,11,40,22,0.55,15,15,1.0,17.087698851516617,0.14127743700009887,0.034135224066691686,1
v0-bh50,Cesnet200603-r1,Cesnet200603,B1,12,40,22,0.55,15,15,1.0,17.997763282044108,0.14127743700009887,0.034135224066691686,1
v0-bh50,Cesnet200603-r1,Cesnet200603,B1,13,40,22,0.55,15,15,1.0,17.158110793067976,0.14127743700009887,0.034135224066691686,1
v0-bh50,Cesnet200603-r1,Cesnet200603,B1,14,40,22,0.55,15,15,1.0,17.781212945709992,0.14127743700009887,0.034135224066691686,1
v0-bh50,Cesnet200603-r1,Cesnet200603,B1,15,40,22,0.55,15,15,1.0,17.1631569824856,0.14127743700009887,0.034135224066691686,1
v0-bh50,Cesnet200603-r1,Cesnet200603,B1,16,40,23,0.575,15,15,1.0,17.0,0.14127743700009887,0.034135224066691686,1
v0-bh50,Cesnet200603-r1,Cesnet200603,B1,17,40,22,0.55,15,15,1.0,17.232430586475637,0.14127743700009887,0.034135224066691686,1
v0-bh50,Cesnet200603-r1,Cesnet200603,B1,18,40,23,0.575,15,15,1.0,17.0,0.14127743700009887,0.034135224066691686,1
v0-bh50,Cesnet200603-r1,Cesnet200603,B1,19,40,20,0.5,15,15,1.0,17.7732342920252,0.14127743700009887,0.034135224066691686,1
v0-bh50,Cesnet200603-r1,Cesnet200603,B1,20,40,21,0.525,15,15,1.0,17.30882679691064,0.14127743700009887,0.034135224066691686,1
v0-bh50,Cesnet200603-r1,Cesnet200603,B1,21,40,20,0.5,15,15,1.0,19.099892722848782,0.14127743700009887,0.034135224066691686,1
v0-bh50,Cesnet200603-r1,Cesnet200603,B1,22,40,23,0.575,15,15,1.0,17.0,0.14127743700009887,0.034135224066691686,1
v0-bh50,Cesnet200603-r1,Cesnet200603,B1,23,40,23,0.575,15,15,1.0,17.0,0.14127743700009887,0.034135224066691686,1
v0-bh50,Cesnet200603-r1,Cesnet200603,B1,24,40,22,0.55,15,15,1.0,17.121965844836783,0.14127743700009887,0.034135224066691686,1
v0-bh50,Cesnet200603-r1,Cesnet200603,B1,25,40,23,0.575,15,15,1.0,17.0,0.14127743700009887,0.034135224066691686,1
v0-bh50,Cesnet200603-r1,Cesnet200603,B1,26,40,20,0.5,15,15,1.0,18.51154856229641,0.14127743700009887,0.034135224066691686,1
v0-bh50,Cesnet200603-r1,Cesnet200603,B1,27,40,21,0.525,15,15,1.0,18.529249635368554,0.14127743700009887,0.034135224066691686,1
v0-bh50,Cesnet200603-r1,Cesnet200603,B1,28,40,21,0.525,15,15,1.0,18.488550941793175,0.14127743700009887,0.034135224066691686,1
v0-bh50,Cesnet200603-r1,Cesnet200603,B1,29,40,23,0.575,15,15,1.0,17.0,0.14127743700009887,0.034135224066691686,1
v0-bh50,Cesnet200603-r1,Cesnet200603,TRAN,0,40,17,0.425,15,15,1.0,21.068077876929653,81.95955904600032,0.05680052076668289,1
v0-bh50,Cesnet200603-r1,Cesnet200603,TRAN,1,40,18,0.45,15,15,1.0,19.69317280797761,81.95955904600032,0.05680052076668289,1
v0-bh50,Cesnet200603-r1,Cesnet200603,TRAN,2,40,17,0.425,15,15,1.0,20.537839559097886,81.95955904600032,0.05680052076668289,1
v0-bh50,Cesnet200603-r1,Cesnet200603,TRAN,3,40,19,0.475,15,15,1.0,19.554790320461187,81.95955904600032,0.05680052076668289,1
v0-bh50,Cesnet200603-r1,Cesnet200603,TRAN,4,40,18,0.45,15,15,1.0,20.206560314248613,81.95955904600032,0.05680052076668289,1
v0-bh50,Cesnet200603-r1,Cesnet200603,TRAN,5,40,16,0.4,15,15,1.0,22.185994189004703,81.95955904600032,0.05680052076668289,1
v0-bh50,Cesnet200603-r1,Cesnet200603,TRAN,6,40,18,0.45,15,15,1.0,20.306714130732125,81.95955904600032,0.05680052076668289,1
v0-bh50,Cesnet200603-r1,Cesnet200603,TRAN,7,40,19,0.475,15,15,1.0,19.755737662346903,81.95955904600032,0.05680052076668289,1
v0-bh50,Cesnet200603-r1,Cesnet200603,TRAN,8,40,16,0.4,15,15,1.0,20.807414353736316,81.95955904600032,0.05680052076668289,1
v0-bh50,Cesnet200603-r1,Cesnet200603,TRAN,9,40,18,0.45,15,15,1.0,19.25710025037461,81.95955904600032,0.05680052076668289,1
v0-bh50,Cesnet200603-r1,Cesnet200603,TRAN,10,40,15,0.375,15,15,1.0,21.909860843267616,81.95955904600032,0.05680052076668289,1
v0-bh50,Cesnet200603-r1,Cesnet200603,TRAN,11,40,18,0.45,15,15,1.0,19.696810348614473,81.95955904600032,0.05680052076668289,1
v0-bh50,Cesnet200603-r1,Cesnet200603,TRAN,12,40,17,0.425,15,15,1.0,19.995983677914534,81.95955904600032,0.05680052076668289,1
v0-bh50,Cesnet200603-r1,Cesnet200603,TRAN,13,40,17,0.425,15,15,1.0,20.683356657951595,81.95955904600032,0.05680052076668289,1
v0-bh50,Cesnet200603-r1,Cesnet200603,TRAN,14,40,17,0.425,15,15,1.0,21.744729139080903,81.95955904600032,0.05680052076668289,1
v0-bh50,Cesnet200603-r1,Cesnet200603,TRAN,15,40,17,0.425,15,15,1.0,21.16244639985448,81.95955904600032,0.05680052076668289,1
v0-bh50,Cesnet200603-r1,Cesnet200603,TRAN,16,40,17,0.425,15,15,1.0,19.06263517427093,81.95955904600032,0.05680052076668289,1
v0-bh50,Cesnet200603-r1,Cesnet200603,TRAN,17,40,18,0.45,15,15,1.0,20.295196092743673,81.95955904600032,0.05680052076668289,1
v0-bh50,Cesnet200603-r1,Cesnet200603,TRAN,18,40,17,0.425,15,15,1.0,21.404761635313598,81.95955904600032,0.05680052076668289,1
v0-bh50,Cesnet200603-r1,Cesnet200603,TRAN,19,40,16,0.4,15,15,1.0,20.850880032339706,81.95955904600032,0.05680052076668289,1
v0-bh50,Cesnet200603-r1,Cesnet200603,TRAN,20,40,20,0.5,15,15,1.0,19.110131724006827,81.95955904600032,0.05680052076668289,1
v0-bh50,Cesnet200603-r1,Cesnet200603,TRAN,21,40,18,0.45,15,15,1.0,20.150797161072454,81.95955904600032,0.05680052076668289,1
v0-bh50,Cesnet200603-r1,Cesnet200603,TRAN,22,40,17,0.425,15,15,1.0,20.549519078537227,81.95955904600032,0.05680052076668289,1
v0-bh50,Cesnet200603-r1,Cesnet200603,TRAN,23,40,19,0.475,15,15,1.0,18.68526477193393,81.95955904600032,0.05680052076668289,1
v0-bh50,Cesnet200603-r1,Cesnet200603,TRAN,24,40,17,0.425,15,15,1.0,20.157322939458393,81.95955904600032,0.05680052076668289,1
v0-bh50,Cesnet200603-r1,Cesnet200603,TRAN,25,40,19,0.475,15,15,1.0,18.752528673592998,81.95955904600032,0.05680052076668289,1
v0-bh50,Cesnet200603-r1,Cesnet200603,TRAN,26,40,15,0.375,15,15,1.0,21.424983454922327,81.95955904600032,0.05680052076668289,1
v0-bh50,Cesnet200603-r1,Cesnet200603,TRAN,27,40,18,0.45,15,15,1.0,20.14424897322884,81.95955904600032,0.05680052076668289,1
v0-bh50,Cesnet200603-r1,Cesnet200603,TRAN,28,40,17,0.425,15,15,1.0,21.898580918610186,81.95955904600032,0.05680052076668289,1
v0-bh50,Cesnet200603-r1,Cesnet200603,TRAN,29,40,19,0.475,15,15,1.0,18.56664714492391,81.95955904600032,0.05680052076668289,1
v0-bh50,Cesnet200603-r2,Cesnet200603,B1,0,40,19,0.475,15,15,1.0,20.116071595709784,0.13524907999999414,0.03400397606668169,1
v0-bh50,Cesnet200603-r2,Cesnet200603,B1,1,40,21,0.525,15,15,1.0,19.0,0.13524907999999414,0.03400397606668169,1
v0-bh50,Cesnet200603-r2,Cesnet200603,B1,2,40,21,0.525,15,15,1.0,19.0,0.13524907999999414,0.03400397606668169,1
v0-bh50,Cesnet200603-r2,Cesnet200603,B1,3,40,21,0.525,15,15,1.0,19.0,0.13524907999999414,0.03400397606668169,1
v0-bh50,Cesnet200603-r2,Cesnet200603,B1,4,40,21,0.525,15,15,1.0,19.0,0.13524907999999414,0.03400397606668169,1
v0-bh50,Cesnet200603-r2,Cesnet200603,B1,5,40,21,0.525,15,15,1.0,19.0,0.13524907999999414,0.03400397606668169,1
v0-bh50,Cesnet200603-r2,Cesnet200603,B1,6,40,21,0.525,15,15,1.0,19.0,0.13524907999999414,0.03400397606668169,1
v0-bh50,Cesnet200603-r2,Cesnet200603,B1,7,40,21,0.525,15,15,1.0,19.0,0.13524907999999414,0.03400397606668169,1
v0-bh50,Cesnet200603-r2,Cesnet200603,B1,8,40,21,0.525,15,15,1.0,19.0,0.13524907999999414,0.03400397606668169,1
v0-bh50,Cesnet200603-r2,Cesnet200603,B1,9,40,21,0.525,15,15,1.0,19.0,0.13524907999999414,0.03400397606668169,1
v0-bh50,Cesnet200603-r2,Cesnet200603,B1,10,40,20,0.5,15,15,1.0,19.67367045197975,0.13524907999999414,0.03400397606668169,1
v0-bh50,Cesnet200603-r2,Cesnet200603,B1,11,40,21,0.525,15,15,1.0,19.0,0.13524907999999414,0.03400397606668169,1
v0-bh50,Cesnet200603-r2,Cesnet200603,B1,12,40,20,0.5,15,15,1.0,19.007640201850673,0.13524907999999414,0.03400397606668169,1
v0-bh50,Cesnet200603-r2,Cesnet200603,B1,13,40,21,0.525,15,15,1.0,19.0,0.13524907999999414,0.03400397606668169,1
v0-bh50,Cesnet200603-r2,Cesnet200603,B1,14,40,21,0.525,15,15,1.0,19.0,0.13524907999999414,0.03400397606668169,1
v0-bh50,Cesnet200603-r2,Cesnet200603,B1,15,40,20,0.5,15,15,1.0,19.797297541766813,0.13524907999999414,0.03400397606668169,1
v0-bh50,Cesnet200603-r2,Cesnet200603,B1,16,40,21,0.525,15,15,1.0,19.0,0.13524907999999414,0.03400397606668169,1
v0-bh50,Cesnet200603-r2,Cesnet200603,B1,17,40,20,0.5,15,15,1.0,19.186857432930516,0.13524907999999414,0.03400397606668169,1
v0-bh50,Cesnet200603-r2,Cesnet200603,B1,18,40,20,0.5,15,15,1.0,19.997589340352917,0.13524907999999414,0.03400397606668169,1
v0-bh50,Cesnet200603-r2,Cesnet200603,B1,19,40,20,0.5,15,15,1.0,19.24846452737039,0.13524907999999414,0.03400397606668169,1
v0-bh50,Cesnet200603-r2,Cesnet200603,B1,20,40,21,0.525,15,15,1.0,19.0,0.13524907999999414,0.03400397606668169,1
v0-bh50,Cesnet200603-r2,Cesnet200603,B1,21,40,20,0.5,15,15,1.0,19.997589340352917,0.13524907999999414,0.03400397606668169,1
v0-bh50,Cesnet200603-r2,Cesnet200603,B1,22,40,21,0.525,15,15,1.0,19.0,0.13524907999999414,0.03400397606668169,1
v0-bh50,Cesnet200603-r2,Cesnet200603,B1,23,40,21,0.525,15,15,1.0,19.0,0.13524907999999414,0.03400397606668169,1
v0-bh50,Cesnet200603-r2,Cesnet200603,B1,24,40,21,0.525,15,15,1.0,19.0,0.13524907999999414,0.03400397606668169,1
v0-bh50,Cesnet200603-r2,Cesnet200603,B1,25,40,20,0.5,15,15,1.0,19.048229480369503,0.13524907999999414,0.03400397606668169,1
v0-bh50,Cesnet200603-r2,Cesnet200603,B1,26,40,21,0.525,15,15,1.0,19.0,0.13524907999999414,0.03400397606668169,1
v0-bh50,Cesnet200603-r2,Cesnet200603,B1,27,40,19,0.475,15,15,1.0,19.249017335180792,0.13524907999999414,0.03400397606668169,1
v0-bh50,Cesnet200603-r2,Cesnet200603,B1,28,40,21,0.525,15,15,1.0,19.0,0.13524907999999414,0.03400397606668169,1
v0-bh50,Cesnet200603-r2,Cesnet200603,B1,29,40,21,0.525,15,15,1.0,19.0,0.13524907999999414,0.03400397606668169,1
v0-bh50,Cesnet200603-r2,Cesnet200603,TRAN,0,40,19,0.475,15,15,1.0,19.01800046972306,302.0625061990004,0.04896113499999046,1
v0-bh50,Cesnet200603-r2,Cesnet200603,TRAN,1,40,17,0.425,15,15,1.0,20.01569023631948,302.0625061990004,0.04896113499999046,1
v0-bh50,Cesnet200603-r2,Cesnet200603,TRAN,2,40,18,0.45,15,15,1.0,18.923362535706634,302.0625061990004,0.04896113499999046,1
v0-bh50,Cesnet200603-r2,Cesnet200603,TRAN,3,40,17,0.425,15,15,1.0,19.95627994511769,302.0625061990004,0.04896113499999046,1
v0-bh50,Cesnet200603-r2,Cesnet200603,TRAN,4,40,17,0.425,15,15,1.0,20.52558543403063,302.0625061990004,0.04896113499999046,1
v0-bh50,Cesnet200603-r2,Cesnet200603,TRAN,5,40,18,0.45,15,15,1.0,18.9520134855165,302.0625061990004,0.04896113499999046,1
v0-bh50,Cesnet200603-r2,Cesnet200603,TRAN,6,40,16,0.4,15,15,1.0,21.301982959483254,302.0625061990004,0.04896113499999046,1
v0-bh50,Cesnet200603-r2,Cesnet200603,TRAN,7,40,17,0.425,15,15,1.0,20.01792440150341,302.0625061990004,0.04896113499999046,1
v0-bh50,Cesnet200603-r2,Cesnet200603,TRAN,8,40,18,0.45,15,15,1.0,19.19219351766292,302.0625061990004,0.04896113499999046,1
v0-bh50,Cesnet200603-r2,Cesnet200603,TRAN,9,40,16,0.4,15,15,1.0,20.142073905362,302.0625061990004,0.04896113499999046,1
v0-bh50,Cesnet200603-r2,Cesnet200603,TRAN,10,40,17,0.425,15,15,1.0,20.689466377232602,302.0625061990004,0.04896113499999046,1
v0-bh50,Cesnet200603-r2,Cesnet200603,TRAN,11,40,17,0.425,15,15,1.0,20.562684925838425,302.0625061990004,0.04896113499999046,1
v0-bh50,Cesnet200603-r2,Cesnet200603,TRAN,12,40,16,0.4,15,15,1.0,20.572954137923475,302.0625061990004,0.04896113499999046,1
v0-bh50,Cesnet200603-r2,Cesnet200603,TRAN,13,40,16,0.4,15,15,1.0,21.988240418288605,302.0625061990004,0.04896113499999046,1
v0-bh50,Cesnet200603-r2,Cesnet200603,TRAN,14,40,16,0.4,15,15,1.0,20.893207972758294,302.0625061990004,0.04896113499999046,1
v0-bh50,Cesnet200603-r2,Cesnet200603,TRAN,15,40,18,0.45,15,15,1.0,18.69441873777193,302.0625061990004,0.04896113499999046,1
v0-bh50,Cesnet200603-r2,Cesnet200603,TRAN,16,40,15,0.375,15,15,1.0,21.92076589880822,302.0625061990004,0.04896113499999046,1
v0-bh50,Cesnet200603-r2,Cesnet200603,TRAN,17,40,16,0.4,15,15,1.0,20.27646495342746,302.0625061990004,0.04896113499999046,1
v0-bh50,Cesnet200603-r2,Cesnet200603,TRAN,18,40,14,0.35,15,15,1.0,21.385300046058568,302.0625061990004,0.04896113499999046,1
v0-bh50,Cesnet200603-r2,Cesnet200603,TRAN,19,40,16,0.4,15,15,1.0,20.035029275814964,302.0625061990004,0.04896113499999046,1
v0-bh50,Cesnet200603-r2,Cesnet200603,TRAN,20,40,16,0.4,15,15,1.0,22.326802518146764,302.0625061990004,0.04896113499999046,1
v0-bh50,Cesnet200603-r2,Cesnet200603,TRAN,21,40,15,0.375,15,15,1.0,22.15575084024676,302.0625061990004,0.04896113499999046,1
v0-bh50,Cesnet200603-r2,Cesnet200603,TRAN,22,40,19,0.475,15,15,1.0,20.293190982137947,302.0625061990004,0.04896113499999046,1
v0-bh50,Cesnet200603-r2,Cesnet200603,TRAN,23,40,17,0.425,15,15,1.0,20.65824920606677,302.0625061990004,0.04896113499999046,1
v0-bh50,Cesnet200603-r2,Cesnet200603,TRAN,24,40,15,0.375,15,15,1.0,21.907290297443115,302.0625061990004,0.04896113499999046,1
v0-bh50,Cesnet200603-r2,Cesnet200603,TRAN,25,40,16,0.4,15,15,1.0,21.074824272265467,302.0625061990004,0.04896113499999046,1
v0-bh50,Cesnet200603-r2,Cesnet200603,TRAN,26,40,16,0.4,15,15,1.0,20.92175692139355,302.0625061990004,0.04896113499999046,1
v0-bh50,Cesnet200603-r2,Cesnet200603,TRAN,27,40,19,0.475,15,15,1.0,17.928987484831307,302.0625061990004,0.04896113499999046,1
v0-bh50,Cesnet200603-r2,Cesnet200603,TRAN,28,40,17,0.425,15,15,1.0,20.17255872239053,302.0625061990004,0.04896113499999046,1
v0-bh50,Cesnet200603-r2,Cesnet200603,TRAN,29,40,16,0.4,15,15,1.0,20.790458887241993,302.0625061990004,0.04896113499999046,1
v0-bh50,Digex-r0,Digex,B1,0,40,15,0.375,15,15,1.0,24.140628914054208,0.17832034999992175,0.03663788006667043,1
v0-bh50,Digex-r0,Digex,B1,1,40,15,0.375,15,15,1.0,23.39678888916409,0.17832034999992175,0.03663788006667043,1
v0-bh50,Digex-r0,Digex,B1,2,40,15,0.375,15,15,1.0,24.519762676101905,0.17832034999992175,0.03663788006667043,1
v0-bh50,Digex-r0,Digex,B1,3,40,17,0.425,15,15,1.0,23.000000000000004,0.17832034999992175,0.03663788006667043,1
v0-bh50,Digex-r0,Digex,B1,4,40,17,0.425,15,15,1.0,23.0,0.17832034999992175,0.03663788006667043,1
v0-bh50,Digex-r0,Digex,B1,5,40,16,0.4,15,15,1.0,23.123496137891497,0.17832034999992175,0.03663788006667043,1
v0-bh50,Digex-r0,Digex,B1,6,40,15,0.375,15,15,1.0,23.303562561136925,0.17832034999992175,0.03663788006667043,1
v0-bh50,Digex-r0,Digex,B1,7,40,16,0.4,15,15,1.0,23.337688220462905,0.17832034999992175,0.03663788006667043,1
v0-bh50,Digex-r0,Digex,B1,8,40,16,0.4,15,15,1.0,23.689244515069824,0.17832034999992175,0.03663788006667043,1
v0-bh50,Digex-r0,Digex,B1,9,40,17,0.425,15,15,1.0,23.0,0.17832034999992175,0.03663788006667043,1
v0-bh50,Digex-r0,Digex,B1,10,40,15,0.375,15,15,1.0,24.67487415889121,0.17832034999992175,0.03663788006667043,1
v0-bh50,Digex-r0,Digex,B1,11,40,15,0.375,15,15,1.0,23.854121769810135,0.17832034999992175,0.03663788006667043,1
v0-bh50,Digex-r0,Digex,B1,12,40,16,0.4,15,15,1.0,23.159048729003754,0.17832034999992175,0.03663788006667043,1
v0-bh50,Digex-r0,Digex,B1,13,40,16,0.4,15,15,1.0,23.573562052664972,0.17832034999992175,0.03663788006667043,1
v0-bh50,Digex-r0,Digex,B1,14,40,16,0.4,15,15,1.0,23.997608393283297,0.17832034999992175,0.03663788006667043,1
v0-bh50,Digex-r0,Digex,B1,15,40,16,0.4,15,15,1.0,23.291077941997735,0.17832034999992175,0.03663788006667043,1
v0-bh50,Digex-r0,Digex,B1,16,40,16,0.4,15,15,1.0,23.394826471119867,0.17832034999992175,0.03663788006667043,1
v0-bh50,Digex-r0,Digex,B1,17,40,15,0.375,15,15,1.0,23.711307008606695,0.17832034999992175,0.03663788006667043,1
v0-bh50,Digex-r0,Digex,B1,18,40,16,0.4,15,15,1.0,23.997350852308575,0.17832034999992175,0.03663788006667043,1
v0-bh50,Digex-r0,Digex,B1,19,40,16,0.4,15,15,1.0,23.365590988465375,0.17832034999992175,0.03663788006667043,1
v0-bh50,Digex-r0,Digex,B1,20,40,16,0.4,15,15,1.0,23.304925937197595,0.17832034999992175,0.03663788006667043,1
v0-bh50,Digex-r0,Digex,B1,21,40,16,0.4,15,15,1.0,23.81289918298092,0.17832034999992175,0.03663788006667043,1
v0-bh50,Digex-r0,Digex,B1,22,40,17,0.425,15,15,1.0,23.0,0.17832034999992175,0.03663788006667043,1
v0-bh50,Digex-r0,Digex,B1,23,40,16,0.4,15,15,1.0,23.232822603126934,0.17832034999992175,0.03663788006667043,1
v0-bh50,Digex-r0,Digex,B1,24,40,16,0.4,15,15,1.0,23.02384691849497,0.17832034999992175,0.03663788006667043,1
v0-bh50,Digex-r0,Digex,B1,25,40,17,0.425,15,15,1.0,23.000000000000004,0.17832034999992175,0.03663788006667043,1
v0-bh50,Digex-r0,Digex,B1,26,40,17,0.425,15,15,1.0,23.0,0.17832034999992175,0.03663788006667043,1
v0-bh50,Digex-r0,Digex,B1,27,40,17,0.425,15,15,1.0,23.0,0.17832034999992175,0.03663788006667043,1
v0-bh50,Digex-r0,Digex,B1,28,40,16,0.4,15,15,1.0,23.069389295392472,0.17832034999992175,0.03663788006667043,1
v0-bh50,Digex-r0,Digex,B1,29,40,17,0.425,15,15,1.0,23.0,0.17832034999992175,0.03663788006667043,1
v0-bh50,Digex-r0,Digex,TRAN,0,40,18,0.45,15,15,1.0,21.45662085770786,213.78175147099955,0.04896548543332149,1
v0-bh50,Digex-r0,Digex,TRAN,1,40,17,0.425,15,15,1.0,22.019790490531765,213.78175147099955,0.04896548543332149,1
v0-bh50,Digex-r0,Digex,TRAN,2,40,15,0.375,15,15,1.0,22.8560232677363,213.78175147099955,0.04896548543332149,1
v0-bh50,Digex-r0,Digex,TRAN,3,40,15,0.375,15,15,1.0,23.191998347338213,213.78175147099955,0.04896548543332149,1
v0-bh50,Digex-r0,Digex,TRAN,4,40,14,0.35,15,15,1.0,22.727348519313185,213.78175147099955,0.04896548543332149,1
v0-bh50,Digex-r0,Digex,TRAN,5,40,15,0.375,15,15,1.0,22.380752460101434,213.78175147099955,0.04896548543332149,1
v0-bh50,Digex-r0,Digex,TRAN,6,40,17,0.425,15,15,1.0,21.054966336714905,213.78175147099955,0.04896548543332149,1
v0-bh50,Digex-r0,Digex,TRAN,7,40,16,0.4,15,15,1.0,21.364180477722932,213.78175147099955,0.04896548543332149,1
v0-bh50,Digex-r0,Digex,TRAN,8,40,17,0.425,15,15,1.0,21.530261014093803,213.78175147099955,0.04896548543332149,1
v0-bh50,Digex-r0,Digex,TRAN,9,40,17,0.425,15,15,1.0,21.268534616299128,213.78175147099955,0.04896548543332149,1
v0-bh50,Digex-r0,Digex,TRAN,10,40,17,0.425,15,15,1.0,22.465785704686336,213.78175147099955,0.04896548543332149,1
v0-bh50,Digex-r0,Digex,TRAN,11,40,15,0.375,15,15,1.0,23.680505785463847,213.78175147099955,0.04896548543332149,1
v0-bh50,Digex-r0,Digex,TRAN,12,40,15,0.375,15,15,1.0,21.103362122417245,213.78175147099955,0.04896548543332149,1
v0-bh50,Digex-r0,Digex,TRAN,13,40,17,0.425,15,15,1.0,21.106437328465937,213.78175147099955,0.04896548543332149,1
v0-bh50,Digex-r0,Digex,TRAN,14,40,15,0.375,15,15,1.0,23.880979119831977,213.78175147099955,0.04896548543332149,1
v0-bh50,Digex-r0,Digex,TRAN,15,40,15,0.375,15,15,1.0,23.192293561690885,213.78175147099955,0.04896548543332149,1
v0-bh50,Digex-r0,Digex,TRAN,16,40,15,0.375,15,15,1.0,22.93347534600586,213.78175147099955,0.04896548543332149,1
v0-bh50,Digex-r0,Digex,TRAN,17,40,16,0.4,15,15,1.0,20.762650777979953,213.78175147099955,0.04896548543332149,1
v0-bh50,Digex-r0,Digex,TRAN,18,40,17,0.425,15,15,1.0,22.29813542428727,213.78175147099955,0.04896548543332149,1
v0-bh50,Digex-r0,Digex,TRAN,19,40,17,0.425,15,15,1.0,21.79787021519837,213.78175147099955,0.04896548543332149,1
v0-bh50,Digex-r0,Digex,TRAN,20,40,17,0.425,15,15,1.0,20.940025058531486,213.78175147099955,0.04896548543332149,1
v0-bh50,Digex-r0,Digex,TRAN,21,40,16,0.4,15,15,1.0,22.857637812947413,213.78175147099955,0.04896548543332149,1
v0-bh50,Digex-r0,Digex,TRAN,22,40,16,0.4,15,15,1.0,21.348183584456894,213.78175147099955,0.04896548543332149,1
v0-bh50,Digex-r0,Digex,TRAN,23,40,16,0.4,15,15,1.0,20.97350234691627,213.78175147099955,0.04896548543332149,1
v0-bh50,Digex-r0,Digex,TRAN,24,40,17,0.425,15,15,1.0,22.074622364222872,213.78175147099955,0.04896548543332149,1
v0-bh50,Digex-r0,Digex,TRAN,25,40,16,0.4,15,15,1.0,21.98133162805005,213.78175147099955,0.04896548543332149,1
v0-bh50,Digex-r0,Digex,TRAN,26,40,13,0.325,15,15,1.0,23.30630920317088,213.78175147099955,0.04896548543332149,1
v0-bh50,Digex-r0,Digex,TRAN,27,40,16,0.4,15,15,1.0,22.121641036191885,213.78175147099955,0.04896548543332149,1
v0-bh50,Digex-r0,Digex,TRAN,28,40,15,0.375,15,15,1.0,23.763756121138293,213.78175147099955,0.04896548543332149,1
v0-bh50,Digex-r0,Digex,TRAN,29,40,16,0.4,15,15,1.0,22.97180293498126,213.78175147099955,0.04896548543332149,1
v0-bh50,Digex-r1,Digex,B1,0,40,12,0.3,15,15,1.0,28.0,0.12787368099998275,0.023276784200000598,1
v0-bh50,Digex-r1,Digex,B1,1,40,12,0.3,15,15,1.0,28.0,0.12787368099998275,0.023276784200000598,1
v0-bh50,Digex-r1,Digex,B1,2,40,12,0.3,15,15,1.0,28.0,0.12787368099998275,0.023276784200000598,1
v0-bh50,Digex-r1,Digex,B1,3,40,12,0.3,15,15,1.0,28.0,0.12787368099998275,0.023276784200000598,1
v0-bh50,Digex-r1,Digex,B1,4,40,12,0.3,15,15,1.0,28.0,0.12787368099998275,0.023276784200000598,1
v0-bh50,Digex-r1,Digex,B1,5,40,12,0.3,15,15,1.0,28.0,0.12787368099998275,0.023276784200000598,1
v0-bh50,Digex-r1,Digex,B1,6,40,12,0.3,15,15,1.0,28.0,0.12787368099998275,0.023276784200000598,1
v0-bh50,Digex-r1,Digex,B1,7,40,12,0.3,15,15,1.0,28.0,0.12787368099998275,0.023276784200000598,1
v0-bh50,Digex-r1,Digex,B1,8,40,12,0.3,15,15,1.0,28.0,0.12787368099998275,0.023276784200000598,1
v0-bh50,Digex-r1,Digex,B1,9,40,12,0.3,15,15,1.0,28.0,0.12787368099998275,0.023276784200000598,1
v0-bh50,Digex-r1,Digex,B1,10,40,12,0.3,15,15,1.0,28.0,0.12787368099998275,0.023276784200000598,1
v0-bh50,Digex-r1,Digex,B1,11,40,12,0.3,15,15,1.0,28.0,0.12787368099998275,0.023276784200000598,1
v0-bh50,Digex-r1,Digex,B1,12,40,12,0.3,15,15,1.0,28.0,0.12787368099998275,0.023276784200000598,1
v0-bh50,Digex-r1,Digex,B1,13,40,12,0.3,15,15,1.0,28.0,0.12787368099998275,0.023276784200000598,1
v0-bh50,Digex-r1,Digex,B1,14,40,12,0.3,15,15,1.0,28.0,0.12787368099998275,0.023276784200000598,1
v0-bh50,Digex-r1,Digex,B1,15,40,12,0.3,15,15,1.0,28.0,0.12787368099998275,0.023276784200000598,1
v0-bh50,Digex-r1,Digex,B1,16,40,12,0.3,15,15,1.0,28.0,0.12787368099998275,0.023276784200000598,1
v0-bh50,Digex-r1,Digex,B1,17,40,12,0.3,15,15,1.0,28.0,0.12787368099998275,0.023276784200000598,1
v0-bh50,Digex-r1,Digex,B1,18,40,12,0.3,15,15,1.0,28.0,0.12787368099998275,0.023276784200000598,1
v0-bh50,Digex-r1,Digex,B1,19,40,12,0.3,15,15,1.0,28.0,0.12787368099998275,0.023276784200000598,1
v0-bh50,Digex-r1,Digex,B1,20,40,12,0.3,15,15,1.0,28.0,0.12787368099998275,0.023276784200000598,1
v0-bh50,Digex-r1,Digex,B1,21,40,12,0.3,15,15,1.0,28.0,0.12787368099998275,0.023276784200000598,1
v0-bh50,Digex-r1,Digex,B1,22,40,12,0.3,15,15,1.0,28.0,0.12787368099998275,0.023276784200000598,1
v0-bh50,Digex-r1,Digex,B1,23,40,12,0.3,15,15,1.0,28.0,0.12787368099998275,0.023276784200000598,1
v0-bh50,Digex-r1,Digex,B1,24,40,12,0.3,15,15,1.0,28.0,0.12787368099998275,0.023276784200000598,1
v0-bh50,Digex-r1,Digex,B1,25,40,12,0.3,15,15,1.0,28.0,0.12787368099998275,0.023276784200000598,1
v0-bh50,Digex-r1,Digex,B1,26,40,12,0.3,15,15,1.0,28.0,0.12787368099998275,0.023276784200000598,1
v0-bh50,Digex-r1,Digex,B1,27,40,12,0.3,15,15,1.0,28.0,0.12787368099998275,0.023276784200000598,1
v0-bh50,Digex-r1,Digex,B1,28,40,12,0.3,15,15,1.0,28.0,0.12787368099998275,0.023276784200000598,1
v0-bh50,Digex-r1,Digex,B1,29,40,12,0.3,15,15,1.0,28.0,0.12787368099998275,0.023276784200000598,1
v0-bh50,Digex-r1,Digex,TRAN,0,40,13,0.325,15,15,1.0,25.09630947352953,231.69137837899962,0.033791146266685244,1
v0-bh50,Digex-r1,Digex,TRAN,1,40,14,0.35,15,15,1.0,24.797060146987583,231.69137837899962,0.033791146266685244,1
v0-bh50,Digex-r1,Digex,TRAN,2,40,13,0.325,15,15,1.0,24.844557824594496,231.69137837899962,0.033791146266685244,1
v0-bh50,Digex-r1,Digex,TRAN,3,40,14,0.35,15,15,1.0,25.259623160292378,231.69137837899962,0.033791146266685244,1
v0-bh50,Digex-r1,Digex,TRAN,4,40,15,0.375,15,15,1.0,23.654697880574332,231.69137837899962,0.033791146266685244,1
v0-bh50,Digex-r1,Digex,TRAN,5,40,15,0.375,15,15,1.0,24.508019888224695,231.69137837899962,0.033791146266685244,1
v0-bh50,Digex-r1,Digex,TRAN,6,40,14,0.35,15,15,1.0,23.75189245398262,231.69137837899962,0.033791146266685244,1
v0-bh50,Digex-r1,Digex,TRAN,7,40,17,0.425,15,15,1.0,22.193365838079448,231.69137837899962,0.033791146266685244,1
v0-bh50,Digex-r1,Digex,TRAN,8,40,13,0.325,15,15,1.0,25.32980007740491,231.69137837899962,0.033791146266685244,1
v0-bh50,Digex-r1,Digex,TRAN,9,40,15,0.375,15,15,1.0,23.214706316106074,231.69137837899962,0.033791146266685244,1
v0-bh50,Digex-r1,Digex,TRAN,10,40,14,0.35,15,15,1.0,24.94059243497927,231.69137837899962,0.033791146266685244,1
v0-bh50,Digex-r1,Digex,TRAN,11,40,14,0.35,15,15,1.0,24.4006468485664,231.69137837899962,0.033791146266685244,1
v0-bh50,Digex-r1,Digex,TRAN,12,40,15,0.375,15,15,1.0,23.512002141263807,231.69137837899962,0.033791146266685244,1
v0-bh50,Digex-r1,Digex,TRAN,13,40,14,0.35,15,15,1.0,24.900559198592166,231.69137837899962,0.033791146266685244,1
v0-bh50,Digex-r1,Digex,TRAN,14,40,15,0.375,15,15,1.0,23.79848343748785,231.69137837899962,0.033791146266685244,1
v0-bh50,Digex-r1,Digex,TRAN,15,40,14,0.35,15,15,1.0,23.693545482605263,231.69137837899962,0.033791146266685244,1
v0-bh50,Digex-r1,Digex,TRAN,16,40,16,0.4,15,15,1.0,23.297672819273803,231.69137837899962,0.033791146266685244,1
v0-bh50,Digex-r1,Digex,TRAN,17,40,13,0.325,15,15,1.0,23.96944584512711,231.69137837899962,0.033791146266685244,1
v0-bh50,Digex-r1,Digex,TRAN,18,40,13,0.325,15,15,1.0,23.878919131974037,231.69137837899962,0.033791146266685244,1
v0-bh50,Digex-r1,Digex,TRAN,19,40,13,0.325,15,15,1.0,24.861674775246023,231.69137837899962,0.033791146266685244,1
v0-bh50,Digex-r1,Digex,TRAN,20,40,13,0.325,15,15,1.0,25.333518165145072,231.69137837899962,0.033791146266685244,1
v0-bh50,Digex-r1,Digex,TRAN,21,40,14,0.35,15,15,1.0,23.66236649840524,231.69137837899962,0.033791146266685244,1
v0-bh50,Digex-r1,Digex,TRAN,22,40,14,0.35,15,15,1.0,23.956580901257237,231.69137837899962,0.033791146266685244,1
v0-bh50,Digex-r1,Digex,TRAN,23,40,15,0.375,15,15,1.0,23.679010949164137,231.69137837899962,0.033791146266685244,1
v0-bh50,Digex-r1,Digex,TRAN,24,40,15,0.375,15,15,1.0,23.890810921959446,231.69137837899962,0.033791146266685244,1
v0-bh50,Digex-r1,Digex,TRAN,25,40,12,0.3,15,15,1.0,26.075809953077478,231.69137837899962,0.033791146266685244,1
v0-bh50,Digex-r1,Digex,TRAN,26,40,14,0.35,15,15,1.0,24.35873366471178,231.69137837899962,0.033791146266685244,1
v0-bh50,Digex-r1,Digex,TRAN,27,40,15,0.375,15,15,1.0,24.255209384647344,231.69137837899962,0.033791146266685244,1
v0-bh50,Digex-r1,Digex,TRAN,28,40,14,0.35,15,15,1.0,23.664860550712156,231.69137837899962,0.033791146266685244,1
v0-bh50,Digex-r1,Digex,TRAN,29,40,14,0.35,15,15,1.0,24.31870869027947,231.69137837899962,0.033791146266685244,1
v0-bh50,Digex-r2,Digex,B1,0,40,4,0.1,15,15,1.0,36.0,0.25265941199995723,0.024680109800010543,1
v0-bh50,Digex-r2,Digex,B1,1,40,4,0.1,15,15,1.0,36.0,0.25265941199995723,0.024680109800010543,1
v0-bh50,Digex-r2,Digex,B1,2,40,3,0.075,15,15,1.0,36.99608378542482,0.25265941199995723,0.024680109800010543,1
v0-bh50,Digex-r2,Digex,B1,3,40,4,0.1,15,15,1.0,36.0,0.25265941199995723,0.024680109800010543,1
v0-bh50,Digex-r2,Digex,B1,4,40,3,0.075,15,15,1.0,36.121753400303476,0.25265941199995723,0.024680109800010543,1
v0-bh50,Digex-r2,Digex,B1,5,40,3,0.075,15,15,1.0,36.13893331730027,0.25265941199995723,0.024680109800010543,1
v0-bh50,Digex-r2,Digex,B1,6,40,4,0.1,15,15,1.0,36.0,0.25265941199995723,0.024680109800010543,1
v0-bh50,Digex-r2,Digex,B1,7,40,4,0.1,15,15,1.0,36.0,0.25265941199995723,0.024680109800010543,1
v0-bh50,Digex-r2,Digex,B1,8,40,4,0.1,15,15,1.0,36.0,0.25265941199995723,0.024680109800010543,1
v0-bh50,Digex-r2,Digex,B1,9,40,2,0.05,15,15,1.0,37.63289214346787,0.25265941199995723,0.024680109800010543,1
v0-bh50,Digex-r2,Digex,B1,10,40,3,0.075,15,15,1.0,36.511279987098376,0.25265941199995723,0.024680109800010543,1
v0-bh50,Digex-r2,Digex,B1,11,40,4,0.1,15,15,1.0,36.0,0.25265941199995723,0.024680109800010543,1
v0-bh50,Digex-r2,Digex,B1,12,40,3,0.075,15,15,1.0,36.20696224155337,0.25265941199995723,0.024680109800010543,1
v0-bh50,Digex-r2,Digex,B1,13,40,3,0.075,15,15,1.0,36.99731670299598,0.25265941199995723,0.024680109800010543,1
v0-bh50,Digex-r2,Digex,B1,14,40,4,0.1,15,15,1.0,36.0,0.25265941199995723,0.024680109800010543,1
v0-bh50,Digex-r2,Digex,B1,15,40,3,0.075,15,15,1.0,36.01749200996838,0.25265941199995723,0.024680109800010543,1
v0-bh50,Digex-r2,Digex,B1,16,40,4,0.1,15,15,1.0,36.0,0.25265941199995723,0.024680109800010543,1
v0-bh50,Digex-r2,Digex,B1,17,40,3,0.075,15,15,1.0,36.99731670299598,0.25265941199995723,0.024680109800010543,1
v0-bh50,Digex-r2,Digex,B1,18,40,3,0.075,15,15,1.0,36.9973167022318,0.25265941199995723,0.024680109800010543,1
v0-bh50,Digex-r2,Digex,B1,19,40,4,0.1,15,15,1.0,36.0,0.25265941199995723,0.024680109800010543,1
v0-bh50,Digex-r2,Digex,B1,20,40,4,0.1,15,15,1.0,36.0,0.25265941199995723,0.024680109800010543,1
v0-bh50,Digex-r2,Digex,B1,21,40,3,0.075,15,15,1.0,36.99731670190415,0.25265941199995723,0.024680109800010543,1
v0-bh50,Digex-r2,Digex,B1,22,40,4,0.1,15,15,1.0,36.0,0.25265941199995723,0.024680109800010543,1
v0-bh50,Digex-r2,Digex,B1,23,40,4,0.1,15,15,1.0,36.0,0.25265941199995723,0.024680109800010543,1
v0-bh50,Digex-r2,Digex,B1,24,40,4,0.1,15,15,1.0,36.0,0.25265941199995723,0.024680109800010543,1
v0-bh50,Digex-r2,Digex,B1,25,40,3,0.075,15,15,1.0,36.511279990519,0.25265941199995723,0.024680109800010543,1
v0-bh50,Digex-r2,Digex,B1,26,40,3,0.075,15,15,1.0,36.44164707968909,0.25265941199995723,0.024680109800010543,1
v0-bh50,Digex-r2,Digex,B1,27,40,4,0.1,15,15,1.0,36.0,0.25265941199995723,0.024680109800010543,1
v0-bh50,Digex-r2,Digex,B1,28,40,4,0.1,15,15,1.0,36.0,0.25265941199995723,0.024680109800010543,1
v0-bh50,Digex-r2,Digex,B1,29,40,3,0.075,15,15,1.0,36.58640673194545,0.25265941199995723,0.024680109800010543,1
v0-bh50,Digex-r2,Digex,TRAN,0,40,6,0.15,15,15,1.0,32.57370671896737,241.37668207700062,0.05185284369999863,1
v0-bh50,Digex-r2,Digex,TRAN,1,40,6,0.15,15,15,1.0,32.2418238580279,241.37668207700062,0.05185284369999863,1
v0-bh50,Digex-r2,Digex,TRAN,2,40,6,0.15,15,15,1.0,33.15732932038682,241.37668207700062,0.05185284369999863,1
v0-bh50,Digex-r2,Digex,TRAN,3,40,4,0.1,15,15,1.0,33.227049196511395,241.37668207700062,0.05185284369999863,1
v0-bh50,Digex-r2,Digex,TRAN,4,40,5,0.125,15,15,1.0,33.46226569173376,241.37668207700062,0.05185284369999863,1
v0-bh50,Digex-r2,Digex,TRAN,5,40,8,0.2,15,15,1.0,31.96921272052845,241.37668207700062,0.05185284369999863,1
v0-bh50,Digex-r2,Digex,TRAN,6,40,5,0.125,15,15,1.0,33.460153299233724,241.37668207700062,0.05185284369999863,1
v0-bh50,Digex-r2,Digex,TRAN,7,40,7,0.175,15,15,1.0,32.642030490111104,241.37668207700062,0.05185284369999863,1
v0-bh50,Digex-r2,Digex,TRAN,8,40,7,0.175,15,15,1.0,32.17512050340007,241.37668207700062,0.05185284369999863,1
v0-bh50,Digex-r2,Digex,TRAN,9,40,6,0.15,15,15,1.0,33.01624458319736,241.37668207700062,0.05185284369999863,1
v0-bh50,Digex-r2,Digex,TRAN,10,40,7,0.175,15,15,1.0,31.350223303348752,241.37668207700062,0.05185284369999863,1
v0-bh50,Digex-r2,Digex,TRAN,11,40,7,0.175,15,15,1.0,31.820867207343273,241.37668207700062,0.05185284369999863,1
v0-bh50,Digex-r2,Digex,TRAN,12,40,7,0.175,15,15,1.0,31.40055737176626,241.37668207700062,0.05185284369999863,1
v0-bh50,Digex-r2,Digex,TRAN,13,40,8,0.2,15,15,1.0,31.61934780721019,241.37668207700062,0.05185284369999863,1
v0-bh50,Digex-r2,Digex,TRAN,14,40,7,0.175,15,15,1.0,32.69327842152591,241.37668207700062,0.05185284369999863,1
v0-bh50,Digex-r2,Digex,TRAN,15,40,6,0.15,15,15,1.0,32.3262477099174,241.37668207700062,0.05185284369999863,1
v0-bh50,Digex-r2,Digex,TRAN,16,40,7,0.175,15,15,1.0,30.805510663380122,241.37668207700062,0.05185284369999863,1
v0-bh50,Digex-r2,Digex,TRAN,17,40,5,0.125,15,15,1.0,33.53259687824506,241.37668207700062,0.05185284369999863,1
v0-bh50,Digex-r2,Digex,TRAN,18,40,7,0.175,15,15,1.0,32.349473387910464,241.37668207700062,0.05185284369999863,1
v0-bh50,Digex-r2,Digex,TRAN,19,40,7,0.175,15,15,1.0,32.6449172984356,241.37668207700062,0.05185284369999863,1
v0-bh50,Digex-r2,Digex,TRAN,20,40,6,0.15,15,15,1.0,32.861305903628015,241.37668207700062,0.05185284369999863,1
v0-bh50,Digex-r2,Digex,TRAN,21,40,6,0.15,15,15,1.0,32.69101234744419,241.37668207700062,0.05185284369999863,1
v0-bh50,Digex-r2,Digex,TRAN,22,40,7,0.175,15,15,1.0,31.621078361871152,241.37668207700062,0.05185284369999863,1
v0-bh50,Digex-r2,Digex,TRAN,23,40,6,0.15,15,15,1.0,32.6105239682353,241.37668207700062,0.05185284369999863,1
v0-bh50,Digex-r2,Digex,TRAN,24,40,6,0.15,15,15,1.0,31.162337060548815,241.37668207700062,0.05185284369999863,1
v0-bh50,Digex-r2,Digex,TRAN,25,40,6,0.15,15,15,1.0,32.27956033137344,241.37668207700062,0.05185284369999863,1
v0-bh50,Digex-r2,Digex,TRAN,26,40,6,0.15,15,15,1.0,32.20938482473975,241.37668207700062,0.05185284369999863,1
v0-bh50,Digex-r2,Digex,TRAN,27,40,4,0.1,15,15,1.0,34.548267516688874,241.37668207700062,0.05185284369999863,1
v0-bh50,Digex-r2,Digex,TRAN,28,40,7,0.175,15,15,1.0,31.426606423022644,241.37668207700062,0.05185284369999863,1
v0-bh50,Digex-r2,Digex,TRAN,29,40,4,0.1,15,15,1.0,33.53092086794675,241.37668207700062,0.05185284369999863,1
v0-bh50,Easynet-r0,Easynet,B1,0,40,5,0.125,15,15,1.0,34.00353527042612,0.16985728700001346,0.017354287599998013,1
v0-bh50,Easynet-r0,Easynet,B1,1,40,5,0.125,15,15,1.0,34.00353527042612,0.16985728700001346,0.017354287599998013,1
v0-bh50,Easynet-r0,Easynet,B1,2,40,5,0.125,15,15,1.0,34.00353527042612,0.16985728700001346,0.017354287599998013,1
v0-bh50,Easynet-r0,Easynet,B1,3,40,5,0.125,15,15,1.0,34.00353527042612,0.16985728700001346,0.017354287599998013,1
v0-bh50,Easynet-r0,Easynet,B1,4,40,5,0.125,15,15,1.0,34.00353527042612,0.16985728700001346,0.017354287599998013,1
v0-bh50,Easynet-r0,Easynet,B1,5,40,5,0.125,15,15,1.0,34.00353527042612,0.16985728700001346,0.017354287599998013,1
v0-bh50,Easynet-r0,Easynet,B1,6,40,5,0.125,15,15,1.0,34.00353527042612,0.16985728700001346,0.017354287599998013,1
v0-bh50,Easynet-r0,Easynet,B1,7,40,5,0.125,15,15,1.0,34.00353527042612,0.16985728700001346,0.017354287599998013,1
v0-bh50,Easynet-r0,Easynet,B1,8,40,5,0.125,15,15,1.0,34.00353527042612,0.16985728700001346,0.017354287599998013,1
v0-bh50,Easynet-r0,Easynet,B1,9,40,5,0.125,15,15,1.0,34.00353527042612,0.16985728700001346,0.017354287599998013,1
v0-bh50,Easynet-r0,Easynet,B1,10,40,5,0.125,15,15,1.0,34.00353527042612,0.16985728700001346,0.017354287599998013,1
v0-bh50,Easynet-r0,Easynet,B1,11,40,5,0.125,15,15,1.0,34.00353527042612,0.16985728700001346,0.017354287599998013,1
v0-bh50,Easynet-r0,Easynet,B1,12,40,5,0.125,15,15,1.0,34.00353527042612,0.16985728700001346,0.017354287599998013,1
v0-bh50,Easynet-r0,Easynet,B1,13,40,5,0.125,15,15,1.0,34.00353527042612,0.16985728700001346,0.017354287599998013,1
v0-bh50,Easynet-r0,Easynet,B1,14,40,5,0.125,15,15,1.0,34.00353527042612,0.16985728700001346,0.017354287599998013,1
v0-bh50,Easynet-r0,Easynet,B1,15,40,5,0.125,15,15,1.0,34.00353527042612,0.16985728700001346,0.017354287599998013,1
v0-bh50,Easynet-r0,Easynet,B1,16,40,5,0.125,15,15,1.0,34.00353527042612,0.16985728700001346,0.017354287599998013,1
v0-bh50,Easynet-r0,Easynet,B1,17,40,5,0.125,15,15,1.0,34.00353527042612,0.16985728700001346,0.017354287599998013,1
v0-bh50,Easynet-r0,Easynet,B1,18,40,5,0.125,15,15,1.0,34.00353527042612,0.16985728700001346,0.017354287599998013,1
v0-bh50,Easynet-r0,Easynet,B1,19,40,5,0.125,15,15,1.0,34.00353527042612,0.16985728700001346,0.017354287599998013,1
v0-bh50,Easynet-r0,Easynet,B1,20,40,5,0.125,15,15,1.0,34.00353527042612,0.16985728700001346,0.017354287599998013,1
v0-bh50,Easynet-r0,Easynet,B1,21,40,5,0.125,15,15,1.0,34.00353527042612,0.16985728700001346,0.017354287599998013,1
v0-bh50,Easynet-r0,Easynet,B1,22,40,5,0.125,15,15,1.0,34.00353527042612,0.16985728700001346,0.017354287599998013,1
v0-bh50,Easynet-r0,Easynet,B1,23,40,5,0.125,15,15,1.0,34.00353527042612,0.16985728700001346,0.017354287599998013,1
v0-bh50,Easynet-r0,Easynet,B1,24,40,5,0.125,15,15,1.0,34.00353527042612,0.16985728700001346,0.017354287599998013,1
v0-bh50,Easynet-r0,Easynet,B1,25,40,5,0.125,15,15,1.0,34.00353527042612,0.16985728700001346,0.017354287599998013,1
v0-bh50,Easynet-r0,Easynet,B1,26,40,5,0.125,15,15,1.0,34.00353527042612,0.16985728700001346,0.017354287599998013,1
v0-bh50,Easynet-r0,Easynet,B1,27,40,5,0.125,15,15,1.0,34.00353527042612,0.16985728700001346,0.017354287599998013,1
v0-bh50,Easynet-r0,Easynet,B1,28,40,5,0.125,15,15,1.0,34.00353527042612,0.16985728700001346,0.017354287599998013,1
v0-bh50,Easynet-r0,Easynet,B1,29,40,5,0.125,15,15,1.0,34.00353527042612,0.16985728700001346,0.017354287599998013,1
v0-bh50,Easynet-r0,Easynet,TRAN,0,40,18,0.45,15,15,1.0,19.7899898946064,346.8200147760008,0.03989581476668415,1
v0-bh50,Easynet-r0,Easynet,TRAN,1,40,17,0.425,15,15,1.0,20.985103998840184,346.8200147760008,0.03989581476668415,1
v0-bh50,Easynet-r0,Easynet,TRAN,2,40,18,0.45,15,15,1.0,20.419032864303308,346.8200147760008,0.03989581476668415,1
v0-bh50,Easynet-r0,Easynet,TRAN,3,40,14,0.35,15,15,1.0,22.46512033920018,346.8200147760008,0.03989581476668415,1
v0-bh50,Easynet-r0,Easynet,TRAN,4,40,17,0.425,15,14,0.9333333333333333,20.151208966262168,346.8200147760008,0.03989581476668415,1
v0-bh50,Easynet-r0,Easynet,TRAN,5,40,17,0.425,15,15,1.0,19.43731051094158,346.8200147760008,0.03989581476668415,1
v0-bh50,Easynet-r0,Easynet,TRAN,6,40,19,0.475,15,15,1.0,18.616946835249763,346.8200147760008,0.03989581476668415,1
v0-bh50,Easynet-r0,Easynet,TRAN,7,40,15,0.375,15,15,1.0,20.822124006748098,346.8200147760008,0.03989581476668415,1
v0-bh50,Easynet-r0,Easynet,TRAN,8,40,19,0.475,15,15,1.0,18.895195901593915,346.8200147760008,0.03989581476668415,1
v0-bh50,Easynet-r0,Easynet,TRAN,9,40,17,0.425,15,15,1.0,20.364886882289635,346.8200147760008,0.03989581476668415,1
v0-bh50,Easynet-r0,Easynet,TRAN,10,40,15,0.375,15,15,1.0,21.269295067425595,346.8200147760008,0.03989581476668415,1
v0-bh50,Easynet-r0,Easynet,TRAN,11,40,17,0.425,15,15,1.0,20.62222022124967,346.8200147760008,0.03989581476668415,1
v0-bh50,Easynet-r0,Easynet,TRAN,12,40,17,0.425,15,15,1.0,20.211742786140764,346.8200147760008,0.03989581476668415,1
v0-bh50,Easynet-r0,Easynet,TRAN,13,40,18,0.45,15,15,1.0,20.23376835356949,346.8200147760008,0.03989581476668415,1
v0-bh50,Easynet-r0,Easynet,TRAN,14,40,17,0.425,15,15,1.0,20.343647802590063,346.8200147760008,0.03989581476668415,1
v0-bh50,Easynet-r0,Easynet,TRAN,15,40,16,0.4,15,15,1.0,20.386464367595778,346.8200147760008,0.03989581476668415,1
v0-bh50,Easynet-r0,Easynet,TRAN,16,40,19,0.475,15,15,1.0,19.590805896024786,346.8200147760008,0.03989581476668415,1
v0-bh50,Easynet-r0,Easynet,TRAN,17,40,20,0.5,15,15,1.0,18.65687205706262,346.8200147760008,0.03989581476668415,1
v0-bh50,Easynet-r0,Easynet,TRAN,18,40,18,0.45,15,15,1.0,19.80511894932993,346.8200147760008,0.03989581476668415,1
v0-bh50,Easynet-r0,Easynet,TRAN,19,40,18,0.45,15,15,1.0,20.06714293399937,346.8200147760008,0.03989581476668415,1
v0-bh50,Easynet-r0,Easynet,TRAN,20,40,17,0.425,15,15,1.0,20.032404170614985,346.8200147760008,0.03989581476668415,1
v0-bh50,Easynet-r0,Easynet,TRAN,21,40,15,0.375,15,15,1.0,20.528420955284727,346.8200147760008,0.03989581476668415,1
v0-bh50,Easynet-r0,Easynet,TRAN,22,40,17,0.425,15,15,1.0,20.4775063368677,346.8200147760008,0.03989581476668415,1
v0-bh50,Easynet-r0,Easynet,TRAN,23,40,17,0.425,15,15,1.0,21.207608155442433,346.8200147760008,0.03989581476668415,1
v0-bh50,Easynet-r0,Easynet,TRAN,24,40,18,0.45,15,15,1.0,18.195980665141615,346.8200147760008,0.03989581476668415,1
v0-bh50,Easynet-r0,Easynet,TRAN,25,40,17,0.425,15,15,1.0,20.32486020799929,346.8200147760008,0.03989581476668415,1
v0-bh50,Easynet-r0,Easynet,TRAN,26,40,17,0.425,15,15,1.0,20.71155709721115,346.8200147760008,0.03989581476668415,1
v0-bh50,Easynet-r0,Easynet,TRAN,27,40,17,0.425,15,15,1.0,20.02113790195558,346.8200147760008,0.03989581476668415,1
v0-bh50,Easynet-r0,Easynet,TRAN,28,40,19,0.475,15,15,1.0,19.153559781838187,346.8200147760008,0.03989581476668415,1
v0-bh50,Easynet-r0,Easynet,TRAN,29,40,19,0.475,15,15,1.0,18.841772797216134,346.8200147760008,0.03989581476668415,1
v0-bh50,Easynet-r1,Easynet,B1,0,40,5,0.125,15,15,1.0,32.85448256132078,0.14627778999965813,0.017368612533361253,1
v0-bh50,Easynet-r1,Easynet,B1,1,40,8,0.2,15,15,1.0,30.46869063430673,0.14627778999965813,0.017368612533361253,1
v0-bh50,Easynet-r1,Easynet,B1,2,40,6,0.15,15,15,1.0,33.049112586102034,0.14627778999965813,0.017368612533361253,1
v0-bh50,Easynet-r1,Easynet,B1,3,40,4,0.1,15,15,1.0,34.932292705579044,0.14627778999965813,0.017368612533361253,1
v0-bh50,Easynet-r1,Easynet,B1,4,40,7,0.175,15,15,1.0,32.4450076332778,0.14627778999965813,0.017368612533361253,1
v0-bh50,Easynet-r1,Easynet,B1,5,40,6,0.15,15,15,1.0,33.212305645632114,0.14627778999965813,0.017368612533361253,1
v0-bh50,Easynet-r1,Easynet,B1,6,40,7,0.175,15,15,1.0,31.899467567446948,0.14627778999965813,0.017368612533361253,1
v0-bh50,Easynet-r1,Easynet,B1,7,40,5,0.125,15,15,1.0,34.544348525258144,0.14627778999965813,0.017368612533361253,1
v0-bh50,Easynet-r1,Easynet,B1,8,40,7,0.175,15,15,1.0,32.12022722108498,0.14627778999965813,0.017368612533361253,1
v0-bh50,Easynet-r1,Easynet,B1,9,40,7,0.175,15,15,1.0,32.875216824234045,0.14627778999965813,0.017368612533361253,1
v0-bh50,Easynet-r1,Easynet,B1,10,40,4,0.1,15,15,1.0,34.77697735992125,0.14627778999965813,0.017368612533361253,1
v0-bh50,Easynet-r1,Easynet,B1,11,40,6,0.15,15,15,1.0,33.04216864189055,0.14627778999965813,0.017368612533361253,1
v0-bh50,Easynet-r1,Easynet,B1,12,40,6,0.15,15,15,1.0,33.092706871981946,0.14627778999965813,0.017368612533361253,1
v0-bh50,Easynet-r1,Easynet,B1,13,40,6,0.15,15,15,1.0,33.02020439985089,0.14627778999965813,0.017368612533361253,1
v0-bh50,Easynet-r1,Easynet,B1,14,40,8,0.2,15,15,1.0,31.64156129330002,0.14627778999965813,0.017368612533361253,1
v0-bh50,Easynet-r1,Easynet,B1,15,40,6,0.15,15,15,1.0,32.283105630773115,0.14627778999965813,0.017368612533361253,1
v0-bh50,Easynet-r1,Easynet,B1,16,40,6,0.15,15,15,1.0,33.09310414759067,0.14627778999965813,0.017368612533361253,1
v0-bh50,Easynet-r1,Easynet,B1,17,40,7,0.175,15,15,1.0,31.473841496175556,0.14627778999965813,0.017368612533361253,1
v0-bh50,Easynet-r1,Easynet,B1,18,40,4,0.1,15,15,1.0,33.74437722594337,0.14627778999965813,0.017368612533361253,1
v0-bh50,Easynet-r1,Easynet,B1,19,40,5,0.125,15,15,1.0,33.40014269400931,0.14627778999965813,0.017368612533361253,1
v0-bh50,Easynet-r1,Easynet,B1,20,40,3,0.075,15,15,1.0,35.302838988505535,0.14627778999965813,0.017368612533361253,1
v0-bh50,Easynet-r1,Easynet,B1,21,40,7,0.175,15,15,1.0,30.480956419907688,0.14627778999965813,0.017368612533361253,1
v0-bh50,Easynet-r1,Easynet,B1,22,40,7,0.175,15,15,1.0,31.82852430055362,0.14627778999965813,0.017368612533361253,1
v0-bh50,Easynet-r1,Easynet,B1,23,40,4,0.1,15,15,1.0,33.77553654771757,0.14627778999965813,0.017368612533361253,1
v0-bh50,Easynet-r1,Easynet,B1,24,40,7,0.175,15,15,1.0,32.258727279872836,0.14627778999965813,0.017368612533361253,1
v0-bh50,Easynet-r1,Easynet,B1,25,40,8,0.2,15,15,1.0,31.741841537397335,0.14627778999965813,0.017368612533361253,1
v0-bh50,Easynet-r1,Easynet,B1,26,40,7,0.175,15,15,1.0,31.9652369480204,0.14627778999965813,0.017368612533361253,1
v0-bh50,Easynet-r1,Easynet,B1,27,40,6,0.15,15,15,1.0,31.976531948782217,0.14627778999965813,0.017368612533361253,1
v0-bh50,Easynet-r1,Easynet,B1,28,40,4,0.1,15,15,1.0,35.942996866057584,0.14627778999965813,0.017368612533361253,1
v0-bh50,Easynet-r1,Easynet,B1,29,40,6,0.15,15,15,1.0,32.87144994457501,0.14627778999965813,0.017368612533361253,1
v0-bh50,Easynet-r1,Easynet,TRAN,0,40,9,0.225,15,15,1.0,29.157595129271478,202.78385725499993,0.03828932686668243,1
v0-bh50,Easynet-r1,Easynet,TRAN,1,40,10,0.25,15,15,1.0,28.230000356505336,202.78385725499993,0.03828932686668243,1
v0-bh50,Easynet-r1,Easynet,TRAN,2,40,11,0.275,15,15,1.0,27.766026896599065,202.78385725499993,0.03828932686668243,1
v0-bh50,Easynet-r1,Easynet,TRAN,3,40,11,0.275,15,14,0.9333333333333333,28.466195603475118,202.78385725499993,0.03828932686668243,1
v0-bh50,Easynet-r1,Easynet,TRAN,4,40,10,0.25,15,15,1.0,28.15453937765991,202.78385725499993,0.03828932686668243,1
v0-bh50,Easynet-r1,Easynet,TRAN,5,40,11,0.275,15,15,1.0,28.713994073395746,202.78385725499993,0.03828932686668243,1
v0-bh50,Easynet-r1,Easynet,TRAN,6,40,10,0.25,15,15,1.0,27.96474378065898,202.78385725499993,0.03828932686668243,1
v0-bh50,Easynet-r1,Easynet,TRAN,7,40,6,0.15,15,15,1.0,31.60645660880041,202.78385725499993,0.03828932686668243,1
v0-bh50,Easynet-r1,Easynet,TRAN,8,40,9,0.225,15,15,1.0,28.67250332172134,202.78385725499993,0.03828932686668243,1
v0-bh50,Easynet-r1,Easynet,TRAN,9,40,11,0.275,15,15,1.0,28.030146368243816,202.78385725499993,0.03828932686668243,1
v0-bh50,Easynet-r1,Easynet,TRAN,10,40,11,0.275,15,15,1.0,26.6266965217758,202.78385725499993,0.03828932686668243,1
v0-bh50,Easynet-r1,Easynet,TRAN,11,40,10,0.25,15,15,1.0,28.12975016320091,202.78385725499993,0.03828932686668243,1
v0-bh50,Easynet-r1,Easynet,TRAN,12,40,12,0.3,15,15,1.0,25.949505453346532,202.78385725499993,0.03828932686668243,1
v0-bh50,Easynet-r1,Easynet,TRAN,13,40,10,0.25,15,15,1.0,28.339500371084853,202.78385725499993,0.03828932686668243,1
v0-bh50,Easynet-r1,Easynet,TRAN,14,40,10,0.25,15,15,1.0,28.784237726677258,202.78385725499993,0.03828932686668243,1
v0-bh50,Easynet-r1,Easynet,TRAN,15,40,10,0.25,15,15,1.0,28.851220455428617,202.78385725499993,0.03828932686668243,1
v0-bh50,Easynet-r1,Easynet,TRAN,16,40,10,0.25,15,15,1.0,27.159129283647264,202.78385725499993,0.03828932686668243,1
v0-bh50,Easynet-r1,Easynet,TRAN,17,40,12,0.3,15,15,1.0,26.812998738715184,202.78385725499993,0.03828932686668243,1
v0-bh50,Easynet-r1,Easynet,TRAN,18,40,13,0.325,15,15,1.0,26.05822127204558,202.78385725499993,0.03828932686668243,1
v0-bh50,Easynet-r1,Easynet,TRAN,19,40,11,0.275,15,15,1.0,27.702360724187965,202.78385725499993,0.03828932686668243,1
v0-bh50,Easynet-r1,Easynet,TRAN,20,40,13,0.325,15,15,1.0,25.5295888011714,202.78385725499993,0.03828932686668243,1
v0-bh50,Easynet-r1,Easynet,TRAN,21,40,9,0.225,15,15,1.0,28.849392548860546,202.78385725499993,0.03828932686668243,1
v0-bh50,Easynet-r1,Easynet,TRAN,22,40,14,0.35,15,15,1.0,25.691944858646487,202.78385725499993,0.03828932686668243,1
v0-bh50,Easynet-r1,Easynet,TRAN,23,40,9,0.225,15,15,1.0,29.552020979113607,202.78385725499993,0.03828932686668243,1
v0-bh50,Easynet-r1,Easynet,TRAN,24,40,9,0.225,15,15,1.0,28.550547643494706,202.78385725499993,0.03828932686668243,1
v0-bh50,Easynet-r1,Easynet,TRAN,25,40,12,0.3,15,15,1.0,25.660906916439266,202.78385725499993,0.03828932686668243,1
v0-bh50,Easynet-r1,Easynet,TRAN,26,40,11,0.275,15,15,1.0,26.943767695517085,202.78385725499993,0.03828932686668243,1
v0-bh50,Easynet-r1,Easynet,TRAN,27,40,9,0.225,15,15,1.0,29.06935873079978,202.78385725499993,0.03828932686668243,1
v0-bh50,Easynet-r1,Easynet,TRAN,28,40,12,0.3,15,15,1.0,27.15898642744847,202.78385725499993,0.03828932686668243,1
v0-bh50,Easynet-r1,Easynet,TRAN,29,40,11,0.275,15,15,1.0,28.67379740175232,202.78385725499993,0.03828932686668243,1
v0-bh50,Easynet-r2,Easynet,B1,0,40,4,0.1,15,15,1.0,36.0,0.126869314999567,0.0134255268333618,1
v0-bh50,Easynet-r2,Easynet,B1,1,40,4,0.1,15,15,1.0,36.0,0.126869314999567,0.0134255268333618,1
v0-bh50,Easynet-r2,Easynet,B1,2,40,4,0.1,15,15,1.0,36.0,0.126869314999567,0.0134255268333618,1
v0-bh50,Easynet-r2,Easynet,B1,3,40,4,0.1,15,15,1.0,36.0,0.126869314999567,0.0134255268333618,1
v0-bh50,Easynet-r2,Easynet,B1,4,40,4,0.1,15,15,1.0,36.0,0.126869314999567,0.0134255268333618,1
v0-bh50,Easynet-r2,Easynet,B1,5,40,4,0.1,15,15,1.0,36.0,0.126869314999567,0.0134255268333618,1
v0-bh50,Easynet-r2,Easynet,B1,6,40,4,0.1,15,15,1.0,36.0,0.126869314999567,0.0134255268333618,1
v0-bh50,Easynet-r2,Easynet,B1,7,40,4,0.1,15,15,1.0,36.0,0.126869314999567,0.0134255268333618,1
v0-bh50,Easynet-r2,Easynet,B1,8,40,4,0.1,15,15,1.0,36.0,0.126869314999567,0.0134255268333618,1
v0-bh50,Easynet-r2,Easynet,B1,9,40,4,0.1,15,15,1.0,36.0,0.126869314999567,0.0134255268333618,1
v0-bh50,Easynet-r2,Easynet,B1,10,40,4,0.1,15,15,1.0,36.0,0.126869314999567,0.0134255268333618,1
v0-bh50,Easynet-r2,Easynet,B1,11,40,4,0.1,15,15,1.0,36.0,0.126869314999567,0.0134255268333618,1
v0-bh50,Easynet-r2,Easynet,B1,12,40,4,0.1,15,15,1.0,36.0,0.126869314999567,0.0134255268333618,1
v0-bh50,Easynet-r2,Easynet,B1,13,40,4,0.1,15,15,1.0,36.0,0.126869314999567,0.0134255268333618,1
v0-bh50,Easynet-r2,Easynet,B1,14,40,4,0.1,15,15,1.0,36.0,0.126869314999567,0.0134255268333618,1
v0-bh50,Easynet-r2,Easynet,B1,15,40,3,0.075,15,15,1.0,36.74176315393061,0.126869314999567,0.0134255268333618,1
v0-bh50,Easynet-r2,Easynet,B1,16,40,4,0.1,15,15,1.0,36.0,0.126869314999567,0.0134255268333618,1
v0-bh50,Easynet-r2,Easynet,B1,17,40,4,0.1,15,15,1.0,36.0,0.126869314999567,0.0134255268333618,1
v0-bh50,Easynet-r2,Easynet,B1,18,40,4,0.1,15,15,1.0,36.0,0.126869314999567,0.0134255268333618,1
v0-bh50,Easynet-r2,Easynet,B1,19,40,4,0.1,15,15,1.0,36.0,0.126869314999567,0.0134255268333618,1
v0-bh50,Easynet-r2,Easynet,B1,20,40,4,0.1,15,15,1.0,36.0,0.126869314999567,0.0134255268333618,1
v0-bh50,Easynet-r2,Easynet,B1,21,40,3,0.075,15,15,1.0,36.499435784278575,0.126869314999567,0.0134255268333618,1
v0-bh50,Easynet-r2,Easynet,B1,22,40,4,0.1,15,15,1.0,36.0,0.126869314999567,0.0134255268333618,1
v0-bh50,Easynet-r2,Easynet,B1,23,40,4,0.1,15,15,1.0,36.0,0.126869314999567,0.0134255268333618,1
v0-bh50,Easynet-r2,Easynet,B1,24,40,4,0.1,15,15,1.0,36.0,0.126869314999567,0.0134255268333618,1
v0-bh50,Easynet-r2,Easynet,B1,25,40,4,0.1,15,15,1.0,36.0,0.126869314999567,0.0134255268333618,1
v0-bh50,Easynet-r2,Easynet,B1,26,40,4,0.1,15,15,1.0,36.0,0.126869314999567,0.0134255268333618,1
v0-bh50,Easynet-r2,Easynet,B1,27,40,4,0.1,15,15,1.0,36.0,0.126869314999567,0.0134255268333618,1
v0-bh50,Easynet-r2,Easynet,B1,28,40,4,0.1,15,15,1.0,36.0,0.126869314999567,0.0134255268333618,1
v0-bh50,Easynet-r2,Easynet,B1,29,40,4,0.1,15,15,1.0,36.0,0.126869314999567,0.0134255268333618,1
v0-bh50,Easynet-r2,Easynet,TRAN,0,40,9,0.225,15,15,1.0,29.19968575449613,185.78487138000037,0.03451812573333276,1
v0-bh50,Easynet-r2,Easynet,TRAN,1,40,12,0.3,15,15,1.0,26.889575629009734,185.78487138000037,0.03451812573333276,1
v0-bh50,Easynet-r2,Easynet,TRAN,2,40,13,0.325,15,15,1.0,26.31887242010404,185.78487138000037,0.03451812573333276,1
v0-bh50,Easynet-r2,Easynet,TRAN,3,40,10,0.25,15,15,1.0,29.234885552171615,185.78487138000037,0.03451812573333276,1
v0-bh50,Easynet-r2,Easynet,TRAN,4,40,9,0.225,15,15,1.0,29.829732209402277,185.78487138000037,0.03451812573333276,1
v0-bh50,Easynet-r2,Easynet,TRAN,5,40,12,0.3,15,15,1.0,27.34107816013805,185.78487138000037,0.03451812573333276,1
v0-bh50,Easynet-r2,Easynet,TRAN,6,40,10,0.25,15,15,1.0,28.674974131558425,185.78487138000037,0.03451812573333276,1
v0-bh50,Easynet-r2,Easynet,TRAN,7,40,13,0.325,15,15,1.0,26.706444649001465,185.78487138000037,0.03451812573333276,1
v0-bh50,Easynet-r2,Easynet,TRAN,8,40,11,0.275,15,15,1.0,27.798168840972064,185.78487138000037,0.03451812573333276,1
v0-bh50,Easynet-r2,Easynet,TRAN,9,40,11,0.275,15,14,0.9333333333333333,27.92662368391936,185.78487138000037,0.03451812573333276,1
v0-bh50,Easynet-r2,Easynet,TRAN,10,40,11,0.275,15,15,1.0,27.9045498955742,185.78487138000037,0.03451812573333276,1
v0-bh50,Easynet-r2,Easynet,TRAN,11,40,11,0.275,15,15,1.0,28.52461858156294,185.78487138000037,0.03451812573333276,1
v0-bh50,Easynet-r2,Easynet,TRAN,12,40,11,0.275,15,15,1.0,27.1038308136657,185.78487138000037,0.03451812573333276,1
v0-bh50,Easynet-r2,Easynet,TRAN,13,40,9,0.225,15,15,1.0,29.300164222345806,185.78487138000037,0.03451812573333276,1
v0-bh50,Easynet-r2,Easynet,TRAN,14,40,12,0.3,15,15,1.0,26.967281703778813,185.78487138000037,0.03451812573333276,1
v0-bh50,Easynet-r2,Easynet,TRAN,15,40,11,0.275,15,15,1.0,26.69701348243788,185.78487138000037,0.03451812573333276,1
v0-bh50,Easynet-r2,Easynet,TRAN,16,40,9,0.225,15,15,1.0,28.769624698106796,185.78487138000037,0.03451812573333276,1
v0-bh50,Easynet-r2,Easynet,TRAN,17,40,13,0.325,15,15,1.0,25.817825042750723,185.78487138000037,0.03451812573333276,1
v0-bh50,Easynet-r2,Easynet,TRAN,18,40,12,0.3,15,15,1.0,26.483187683704642,185.78487138000037,0.03451812573333276,1
v0-bh50,Easynet-r2,Easynet,TRAN,19,40,11,0.275,15,15,1.0,27.81662322444536,185.78487138000037,0.03451812573333276,1
v0-bh50,Easynet-r2,Easynet,TRAN,20,40,13,0.325,15,15,1.0,26.345751383348702,185.78487138000037,0.03451812573333276,1
v0-bh50,Easynet-r2,Easynet,TRAN,21,40,13,0.325,15,15,1.0,26.167278909927955,185.78487138000037,0.03451812573333276,1
v0-bh50,Easynet-r2,Easynet,TRAN,22,40,12,0.3,15,15,1.0,27.070921871796244,185.78487138000037,0.03451812573333276,1
v0-bh50,Easynet-r2,Easynet,TRAN,23,40,9,0.225,15,15,1.0,28.43521334974535,185.78487138000037,0.03451812573333276,1
v0-bh50,Easynet-r2,Easynet,TRAN,24,40,10,0.25,15,15,1.0,28.731748257039918,185.78487138000037,0.03451812573333276,1
v0-bh50,Easynet-r2,Easynet,TRAN,25,40,12,0.3,15,15,1.0,27.05253447660139,185.78487138000037,0.03451812573333276,1
v0-bh50,Easynet-r2,Easynet,TRAN,26,40,10,0.25,15,15,1.0,28.695834566012543,185.78487138000037,0.03451812573333276,1
v0-bh50,Easynet-r2,Easynet,TRAN,27,40,13,0.325,15,14,0.9333333333333333,26.635378756691523,185.78487138000037,0.03451812573333276,1
v0-bh50,Easynet-r2,Easynet,TRAN,28,40,11,0.275,15,15,1.0,26.445094235979955,185.78487138000037,0.03451812573333276,1
v0-bh50,Easynet-r2,Easynet,TRAN,29,40,13,0.325,15,15,1.0,26.353599627984032,185.78487138000037,0.03451812573333276,1
v0-bh50,Garr200112-r0,Garr200112,B1,0,40,19,0.475,15,15,1.0,18.52053648992205,0.14093609100018512,0.028285137500006385,1
v0-bh50,Garr200112-r0,Garr200112,B1,1,40,18,0.45,15,15,1.0,19.237355645559713,0.14093609100018512,0.028285137500006385,1
v0-bh50,Garr200112-r0,Garr200112,B1,2,40,17,0.425,15,15,1.0,20.297495047049257,0.14093609100018512,0.028285137500006385,1
v0-bh50,Garr200112-r0,Garr200112,B1,3,40,20,0.5,15,15,1.0,18.322497343490046,0.14093609100018512,0.028285137500006385,1
v0-bh50,Garr200112-r0,Garr200112,B1,4,40,17,0.425,15,15,1.0,20.393692861953124,0.14093609100018512,0.028285137500006385,1
v0-bh50,Garr200112-r0,Garr200112,B1,5,40,17,0.425,15,15,1.0,19.80251075499017,0.14093609100018512,0.028285137500006385,1
v0-bh50,Garr200112-r0,Garr200112,B1,6,40,17,0.425,15,15,1.0,18.96604239757245,0.14093609100018512,0.028285137500006385,1
v0-bh50,Garr200112-r0,Garr200112,B1,7,40,16,0.4,15,15,1.0,20.96763704970798,0.14093609100018512,0.028285137500006385,1
v0-bh50,Garr200112-r0,Garr200112,B1,8,40,17,0.425,15,15,1.0,19.933122216902394,0.14093609100018512,0.028285137500006385,1
v0-bh50,Garr200112-r0,Garr200112,B1,9,40,19,0.475,15,15,1.0,18.968383229256414,0.14093609100018512,0.028285137500006385,1
v0-bh50,Garr200112-r0,Garr200112,B1,10,40,17,0.425,15,15,1.0,20.211906891005647,0.14093609100018512,0.028285137500006385,1
v0-bh50,Garr200112-r0,Garr200112,B1,11,40,17,0.425,15,15,1.0,19.015878620979368,0.14093609100018512,0.028285137500006385,1
v0-bh50,Garr200112-r0,Garr200112,B1,12,40,16,0.4,15,15,1.0,20.262972236428787,0.14093609100018512,0.028285137500006385,1
v0-bh50,Garr200112-r0,Garr200112,B1,13,40,17,0.425,15,15,1.0,19.290297055175394,0.14093609100018512,0.028285137500006385,1
v0-bh50,Garr200112-r0,Garr200112,B1,14,40,17,0.425,15,15,1.0,19.609539090389724,0.14093609100018512,0.028285137500006385,1
v0-bh50,Garr200112-r0,Garr200112,B1,15,40,18,0.45,15,15,1.0,18.38154716521308,0.14093609100018512,0.028285137500006385,1
v0-bh50,Garr200112-r0,Garr200112,B1,16,40,17,0.425,15,15,1.0,20.30744479770578,0.14093609100018512,0.028285137500006385,1
v0-bh50,Garr200112-r0,Garr200112,B1,17,40,18,0.45,15,15,1.0,18.892444267615726,0.14093609100018512,0.028285137500006385,1
v0-bh50,Garr200112-r0,Garr200112,B1,18,40,18,0.45,15,15,1.0,19.520676747344133,0.14093609100018512,0.028285137500006385,1
v0-bh50,Garr200112-r0,Garr200112,B1,19,40,17,0.425,15,15,1.0,19.208447572345364,0.14093609100018512,0.028285137500006385,1
v0-bh50,Garr200112-r0,Garr200112,B1,20,40,17,0.425,15,15,1.0,19.83147570893708,0.14093609100018512,0.028285137500006385,1
v0-bh50,Garr200112-r0,Garr200112,B1,21,40,18,0.45,15,15,1.0,19.893958199156174,0.14093609100018512,0.028285137500006385,1
v0-bh50,Garr200112-r0,Garr200112,B1,22,40,19,0.475,15,15,1.0,18.361858625766402,0.14093609100018512,0.028285137500006385,1
v0-bh50,Garr200112-r0,Garr200112,B1,23,40,16,0.4,15,15,1.0,20.73587857745611,0.14093609100018512,0.028285137500006385,1
v0-bh50,Garr200112-r0,Garr200112,B1,24,40,17,0.425,15,15,1.0,19.377179475217215,0.14093609100018512,0.028285137500006385,1
v0-bh50,Garr200112-r0,Garr200112,B1,25,40,19,0.475,15,15,1.0,18.55954654972167,0.14093609100018512,0.028285137500006385,1
v0-bh50,Garr200112-r0,Garr200112,B1,26,40,18,0.45,15,15,1.0,18.730395547508852,0.14093609100018512,0.028285137500006385,1
v0-bh50,Garr200112-r0,Garr200112,B1,27,40,17,0.425,15,15,1.0,19.98925589161415,0.14093609100018512,0.028285137500006385,1
v0-bh50,Garr200112-r0,Garr200112,B1,28,40,18,0.45,15,15,1.0,19.154218448524084,0.14093609100018512,0.028285137500006385,1
v0-bh50,Garr200112-r0,Garr200112,B1,29,40,17,0.425,15,15,1.0,19.637004962205467,0.14093609100018512,0.028285137500006385,1
v0-bh50,Garr200112-r0,Garr200112,TRAN,0,40,14,0.35,15,15,1.0,22.658450247629137,242.7284431320004,0.04191299606666992,1
v0-bh50,Garr200112-r0,Garr200112,TRAN,1,40,19,0.475,15,14,0.9333333333333333,20.283856237235632,242.7284431320004,0.04191299606666992,1
v0-bh50,Garr200112-r0,Garr200112,TRAN,2,40,16,0.4,15,15,1.0,22.41445107746478,242.7284431320004,0.04191299606666992,1
v0-bh50,Garr200112-r0,Garr200112,TRAN,3,40,14,0.35,15,15,1.0,22.224557516744984,242.7284431320004,0.04191299606666992,1
v0-bh50,Garr200112-r0,Garr200112,TRAN,4,40,17,0.425,15,15,1.0,21.59320541364078,242.7284431320004,0.04191299606666992,1
v0-bh50,Garr200112-r0,Garr200112,TRAN,5,40,13,0.325,15,15,1.0,21.966317487974507,242.7284431320004,0.04191299606666992,1
v0-bh50,Garr200112-r0,Garr200112,TRAN,6,40,17,0.425,15,15,1.0,20.950540606835016,242.7284431320004,0.04191299606666992,1
v0-bh50,Garr200112-r0,Garr200112,TRAN,7,40,15,0.375,15,15,1.0,21.020639958012627,242.7284431320004,0.04191299606666992,1
v0-bh50,Garr200112-r0,Garr200112,TRAN,8,40,16,0.4,15,15,1.0,21.97093434981189,242.7284431320004,0.04191299606666992,1
v0-bh50,Garr200112-r0,Garr200112,TRAN,9,40,17,0.425,15,15,1.0,21.117785472830395,242.7284431320004,0.04191299606666992,1
v0-bh50,Garr200112-r0,Garr200112,TRAN,10,40,15,0.375,15,15,1.0,22.1276331987883,242.7284431320004,0.04191299606666992,1
v0-bh50,Garr200112-r0,Garr200112,TRAN,11,40,16,0.4,15,15,1.0,20.49158491887594,242.7284431320004,0.04191299606666992,1
v0-bh50,Garr200112-r0,Garr200112,TRAN,12,40,16,0.4,15,15,1.0,21.40373466537358,242.7284431320004,0.04191299606666992,1
v0-bh50,Garr200112-r0,Garr200112,TRAN,13,40,15,0.375,15,15,1.0,21.226598090122096,242.7284431320004,0.04191299606666992,1
v0-bh50,Garr200112-r0,Garr200112,TRAN,14,40,12,0.3,15,15,1.0,23.919884010129074,242.7284431320004,0.04191299606666992,1
v0-bh50,Garr200112-r0,Garr200112,TRAN,15,40,14,0.35,15,15,1.0,23.65427386335705,242.7284431320004,0.04191299606666992,1
v0-bh50,Garr200112-r0,Garr200112,TRAN,16,40,16,0.4,15,15,1.0,23.45455464051946,242.7284431320004,0.04191299606666992,1
v0-bh50,Garr200112-r0,Garr200112,TRAN,17,40,17,0.425,15,15,1.0,20.9544062488467,242.7284431320004,0.04191299606666992,1
v0-bh50,Garr200112-r0,Garr200112,TRAN,18,40,16,0.4,15,15,1.0,21.358577755932973,242.7284431320004,0.04191299606666992,1
v0-bh50,Garr200112-r0,Garr200112,TRAN,19,40,16,0.4,15,15,1.0,21.47106767390334,242.7284431320004,0.04191299606666992,1
v0-bh50,Garr200112-r0,Garr200112,TRAN,20,40,18,0.45,15,15,1.0,20.377980071159396,242.7284431320004,0.04191299606666992,1
v0-bh50,Garr200112-r0,Garr200112,TRAN,21,40,16,0.4,15,15,1.0,21.202492739642643,242.7284431320004,0.04191299606666992,1
v0-bh50,Garr200112-r0,Garr200112,TRAN,22,40,16,0.4,15,15,1.0,22.208395708417232,242.7284431320004,0.04191299606666992,1
v0-bh50,Garr200112-r0,Garr200112,TRAN,23,40,18,0.45,15,15,1.0,21.463541050059618,242.7284431320004,0.04191299606666992,1
v0-bh50,Garr200112-r0,Garr200112,TRAN,24,40,16,0.4,15,15,1.0,21.20051313936,242.7284431320004,0.04191299606666992,1
v0-bh50,Garr200112-r0,Garr200112,TRAN,25,40,14,0.35,15,15,1.0,22.321086481144036,242.7284431320004,0.04191299606666992,1
v0-bh50,Garr200112-r0,Garr200112,TRAN,26,40,15,0.375,15,15,1.0,22.272508295982977,242.7284431320004,0.04191299606666992,1
v0-bh50,Garr200112-r0,Garr200112,TRAN,27,40,18,0.45,15,15,1.0,20.38075719067832,242.7284431320004,0.04191299606666992,1
v0-bh50,Garr200112-r0,Garr200112,TRAN,28,40,16,0.4,15,15,1.0,22.471290261388567,242.7284431320004,0.04191299606666992,1
v0-bh50,Garr200112-r0,Garr200112,TRAN,29,40,16,0.4,15,15,1.0,21.918963335753457,242.7284431320004,0.04191299606666992,1
v0-bh50,Garr200112-r1,Garr200112,B1,0,40,20,0.5,15,15,1.0,19.600775867255756,0.12404095100009727,0.02569923099999869,1
v0-bh50,Garr200112-r1,Garr200112,B1,1,40,21,0.525,15,15,1.0,17.659853098627174,0.12404095100009727,0.02569923099999869,1
v0-bh50,Garr200112-r1,Garr200112,B1,2,40,22,0.55,15,15,1.0,17.809065854219124,0.12404095100009727,0.02569923099999869,1
v0-bh50,Garr200112-r1,Garr200112,B1,3,40,20,0.5,15,15,1.0,17.882219330726585,0.12404095100009727,0.02569923099999869,1
v0-bh50,Garr200112-r1,Garr200112,B1,4,40,21,0.525,15,15,1.0,17.44085580634639,0.12404095100009727,0.02569923099999869,1
v0-bh50,Garr200112-r1,Garr200112,B1,5,40,22,0.55,15,15,1.0,17.572984124328183,0.12404095100009727,0.02569923099999869,1
v0-bh50,Garr200112-r1,Garr200112,B1,6,40,22,0.55,15,15,1.0,16.76145945317929,0.12404095100009727,0.02569923099999869,1
v0-bh50,Garr200112-r1,Garr200112,B1,7,40,21,0.525,15,15,1.0,18.104034583653785,0.12404095100009727,0.02569923099999869,1
v0-bh50,Garr200112-r1,Garr200112,B1,8,40,21,0.525,15,15,1.0,17.99534474622035,0.12404095100009727,0.02569923099999869,1
v0-bh50,Garr200112-r1,Garr200112,B1,9,40,21,0.525,15,15,1.0,18.14179754516464,0.12404095100009727,0.02569923099999869,1
v0-bh50,Garr200112-r1,Garr200112,B1,10,40,20,0.5,15,15,1.0,19.13348811807797,0.12404095100009727,0.02569923099999869,1
v0-bh50,Garr200112-r1,Garr200112,B1,11,40,21,0.525,15,15,1.0,17.464695671602566,0.12404095100009727,0.02569923099999869,1
v0-bh50,Garr200112-r1,Garr200112,B1,12,40,21,0.525,15,15,1.0,17.254945935666356,0.12404095100009727,0.02569923099999869,1
v0-bh50,Garr200112-r1,Garr200112,B1,13,40,21,0.525,15,15,1.0,18.827799554258725,0.12404095100009727,0.02569923099999869,1
v0-bh50,Garr200112-r1,Garr200112,B1,14,40,21,0.525,15,15,1.0,18.871812120344217,0.12404095100009727,0.02569923099999869,1
v0-bh50,Garr200112-r1,Garr200112,B1,15,40,21,0.525,15,15,1.0,17.83733915036542,0.12404095100009727,0.02569923099999869,1
v0-bh50,Garr200112-r1,Garr200112,B1,16,40,22,0.55,15,15,1.0,16.740352614427476,0.12404095100009727,0.02569923099999869,1
v0-bh50,Garr200112-r1,Garr200112,B1,17,40,23,0.575,15,15,1.0,16.459875166059707,0.12404095100009727,0.02569923099999869,1
v0-bh50,Garr200112-r1,Garr200112,B1,18,40,21,0.525,15,15,1.0,18.369153006266238,0.12404095100009727,0.02569923099999869,1
v0-bh50,Garr200112-r1,Garr200112,B1,19,40,21,0.525,15,15,1.0,17.9850397846982,0.12404095100009727,0.02569923099999869,1
v0-bh50,Garr200112-r1,Garr200112,B1,20,40,21,0.525,15,15,1.0,17.86677107816372,0.12404095100009727,0.02569923099999869,1
v0-bh50,Garr200112-r1,Garr200112,B1,21,40,21,0.525,15,15,1.0,18.012944840591118,0.12404095100009727,0.02569923099999869,1
v0-bh50,Garr200112-r1,Garr200112,B1,22,40,21,0.525,15,15,1.0,18.034226843148517,0.12404095100009727,0.02569923099999869,1
v0-bh50,Garr200112-r1,Garr200112,B1,23,40,22,0.55,15,15,1.0,17.3068782218636,0.12404095100009727,0.02569923099999869,1
v0-bh50,Garr200112-r1,Garr200112,B1,24,40,20,0.5,15,15,1.0,17.49221258495862,0.12404095100009727,0.02569923099999869,1
v0-bh50,Garr200112-r1,Garr200112,B1,25,40,20,0.5,15,15,1.0,18.05886368343976,0.12404095100009727,0.02569923099999869,1
v0-bh50,Garr200112-r1,Garr200112,B1,26,40,20,0.5,15,15,1.0,18.266803879765217,0.12404095100009727,0.02569923099999869,1
v0-bh50,Garr200112-r1,Garr200112,B1,27,40,21,0.525,15,15,1.0,18.10850940115281,0.12404095100009727,0.02569923099999869,1
v0-bh50,Garr200112-r1,Garr200112,B1,28,40,22,0.55,15,15,1.0,17.48009053495402,0.12404095100009727,0.02569923099999869,1
v0-bh50,Garr200112-r1,Garr200112,B1,29,40,20,0.5,15,15,1.0,19.13834309976916,0.12404095100009727,0.02569923099999869,1
v0-bh50,Garr200112-r1,Garr200112,TRAN,0,40,25,0.625,15,15,1.0,12.23433817984581,105.59163818400066,0.03767335600001995,1
v0-bh50,Garr200112-r1,Garr200112,TRAN,1,40,24,0.6,15,15,1.0,12.567539916283446,105.59163818400066,0.03767335600001995,1
v0-bh50,Garr200112-r1,Garr200112,TRAN,2,40,20,0.5,15,15,1.0,16.193531790052226,105.59163818400066,0.03767335600001995,1
v0-bh50,Garr200112-r1,Garr200112,TRAN,3,40,20,0.5,15,15,1.0,14.282086499313316,105.59163818400066,0.03767335600001995,1
v0-bh50,Garr200112-r1,Garr200112,TRAN,4,40,22,0.55,15,15,1.0,15.69650819355412,105.59163818400066,0.03767335600001995,1
v0-bh50,Garr200112-r1,Garr200112,TRAN,5,40,24,0.6,15,15,1.0,12.942798202083852,105.59163818400066,0.03767335600001995,1
v0-bh50,Garr200112-r1,Garr200112,TRAN,6,40,22,0.55,15,15,1.0,14.271783909720266,105.59163818400066,0.03767335600001995,1
v0-bh50,Garr200112-r1,Garr200112,TRAN,7,40,23,0.575,15,15,1.0,13.765400154944984,105.59163818400066,0.03767335600001995,1
v0-bh50,Garr200112-r1,Garr200112,TRAN,8,40,26,0.65,15,15,1.0,10.655714784649597,105.59163818400066,0.03767335600001995,1
v0-bh50,Garr200112-r1,Garr200112,TRAN,9,40,25,0.625,15,15,1.0,12.139104629693534,105.59163818400066,0.03767335600001995,1
v0-bh50,Garr200112-r1,Garr200112,TRAN,10,40,26,0.65,15,15,1.0,11.239062652840241,105.59163818400066,0.03767335600001995,1
v0-bh50,Garr200112-r1,Garr200112,TRAN,11,40,27,0.675,15,15,1.0,10.427177033128592,105.59163818400066,0.03767335600001995,1
v0-bh50,Garr200112-r1,Garr200112,TRAN,12,40,23,0.575,15,15,1.0,12.668946652170352,105.59163818400066,0.03767335600001995,1
v0-bh50,Garr200112-r1,Garr200112,TRAN,13,40,22,0.55,15,15,1.0,13.957983988349579,105.59163818400066,0.03767335600001995,1
v0-bh50,Garr200112-r1,Garr200112,TRAN,14,40,21,0.525,15,15,1.0,15.99797158511847,105.59163818400066,0.03767335600001995,1
v0-bh50,Garr200112-r1,Garr200112,TRAN,15,40,23,0.575,15,15,1.0,12.971936955005864,105.59163818400066,0.03767335600001995,1
v0-bh50,Garr200112-r1,Garr200112,TRAN,16,40,23,0.575,15,15,1.0,13.259420266970071,105.59163818400066,0.03767335600001995,1
v0-bh50,Garr200112-r1,Garr200112,TRAN,17,40,23,0.575,15,15,1.0,13.216661672400285,105.59163818400066,0.03767335600001995,1
v0-bh50,Garr200112-r1,Garr200112,TRAN,18,40,22,0.55,15,15,1.0,13.814981471234208,105.59163818400066,0.03767335600001995,1
v0-bh50,Garr200112-r1,Garr200112,TRAN,19,40,23,0.575,15,15,1.0,11.595754501739426,105.59163818400066,0.03767335600001995,1
v0-bh50,Garr200112-r1,Garr200112,TRAN,20,40,22,0.55,15,15,1.0,13.493001801953458,105.59163818400066,0.03767335600001995,1
v0-bh50,Garr200112-r1,Garr200112,TRAN,21,40,20,0.5,15,15,1.0,14.600700452725947,105.59163818400066,0.03767335600001995,1
v0-bh50,Garr200112-r1,Garr200112,TRAN,22,40,21,0.525,15,15,1.0,14.49749929273947,105.59163818400066,0.03767335600001995,1
v0-bh50,Garr200112-r1,Garr200112,TRAN,23,40,23,0.575,15,15,1.0,12.28511258591918,105.59163818400066,0.03767335600001995,1
v0-bh50,Garr200112-r1,Garr200112,TRAN,24,40,19,0.475,15,15,1.0,15.035945683170773,105.59163818400066,0.03767335600001995,1
v0-bh50,Garr200112-r1,Garr200112,TRAN,25,40,26,0.65,15,15,1.0,10.605764222503579,105.59163818400066,0.03767335600001995,1
v0-bh50,Garr200112-r1,Garr200112,TRAN,26,40,23,0.575,15,15,1.0,14.322186388322434,105.59163818400066,0.03767335600001995,1
v0-bh50,Garr200112-r1,Garr200112,TRAN,27,40,21,0.525,15,15,1.0,14.46139651788048,105.59163818400066,0.03767335600001995,1
v0-bh50,Garr200112-r1,Garr200112,TRAN,28,40,25,0.625,15,15,1.0,11.721122011930797,105.59163818400066,0.03767335600001995,1
v0-bh50,Garr200112-r1,Garr200112,TRAN,29,40,22,0.55,15,15,1.0,13.457281010579148,105.59163818400066,0.03767335600001995,1
v0-bh50,Garr200112-r2,Garr200112,B1,0,40,31,0.775,15,15,1.0,8.219301744247723,0.1422598850003851,0.03025063939997684,1
v0-bh50,Garr200112-r2,Garr200112,B1,1,40,31,0.775,15,15,1.0,8.220188692856713,0.1422598850003851,0.03025063939997684,1
v0-bh50,Garr200112-r2,Garr200112,B1,2,40,31,0.775,15,15,1.0,8.219956106445492,0.1422598850003851,0.03025063939997684,1
v0-bh50,Garr200112-r2,Garr200112,B1,3,40,30,0.75,15,15,1.0,8.773967950255678,0.1422598850003851,0.03025063939997684,1
v0-bh50,Garr200112-r2,Garr200112,B1,4,40,31,0.775,15,15,1.0,8.219731012727753,0.1422598850003851,0.03025063939997684,1
v0-bh50,Garr200112-r2,Garr200112,B1,5,40,31,0.775,15,15,1.0,8.219956106445492,0.1422598850003851,0.03025063939997684,1
v0-bh50,Garr200112-r2,Garr200112,B1,6,40,31,0.775,15,15,1.0,8.219301744247723,0.1422598850003851,0.03025063939997684,1
v0-bh50,Garr200112-r2,Garr200112,B1,7,40,31,0.775,15,15,1.0,8.219956106445492,0.1422598850003851,0.03025063939997684,1
v0-bh50,Garr200112-r2,Garr200112,B1,8,40,30,0.75,15,15,1.0,8.788433890923464,0.1422598850003851,0.03025063939997684,1
v0-bh50,Garr200112-r2,Garr200112,B1,9,40,31,0.775,15,15,1.0,8.219513014617595,0.1422598850003851,0.03025063939997684,1
v0-bh50,Garr200112-r2,Garr200112,B1,10,40,31,0.775,15,15,1.0,8.219956106445492,0.1422598850003851,0.03025063939997684,1
v0-bh50,Garr200112-r2,Garr200112,B1,11,40,31,0.775,15,15,1.0,8.219956106445492,0.1422598850003851,0.03025063939997684,1
v0-bh50,Garr200112-r2,Garr200112,B1,12,40,30,0.75,15,15,1.0,8.564680053420746,0.1422598850003851,0.03025063939997684,1
v0-bh50,Garr200112-r2,Garr200112,B1,13,40,31,0.775,15,15,1.0,8.219731012727753,0.1422598850003851,0.03025063939997684,1
v0-bh50,Garr200112-r2,Garr200112,B1,14,40,31,0.775,15,15,1.0,8.219731012727753,0.1422598850003851,0.03025063939997684,1
v0-bh50,Garr200112-r2,Garr200112,B1,15,40,31,0.775,15,15,1.0,8.220188692856713,0.1422598850003851,0.03025063939997684,1
v0-bh50,Garr200112-r2,Garr200112,B1,16,40,31,0.775,15,15,1.0,8.220188692856713,0.1422598850003851,0.03025063939997684,1
v0-bh50,Garr200112-r2,Garr200112,B1,17,40,31,0.775,15,15,1.0,8.219956106445492,0.1422598850003851,0.03025063939997684,1
v0-bh50,Garr200112-r2,Garr200112,B1,18,40,31,0.775,15,15,1.0,8.219956106445492,0.1422598850003851,0.03025063939997684,1
v0-bh50,Garr200112-r2,Garr200112,B1,19,40,31,0.775,15,15,1.0,8.219731012727753,0.1422598850003851,0.03025063939997684,1
v0-bh50,Garr200112-r2,Garr200112,B1,20,40,30,0.75,15,15,1.0,8.278428234631315,0.1422598850003851,0.03025063939997684,1
v0-bh50,Garr200112-r2,Garr200112,B1,21,40,30,0.75,15,15,1.0,8.676508268665494,0.1422598850003851,0.03025063939997684,1
v0-bh50,Garr200112-r2,Garr200112,B1,22,40,30,0.75,15,15,1.0,8.602961548092857,0.1422598850003851,0.03025063939997684,1
v0-bh50,Garr200112-r2,Garr200112,B1,23,40,31,0.775,15,15,1.0,8.219956106445492,0.1422598850003851,0.03025063939997684,1
v0-bh50,Garr200112-r2,Garr200112,B1,24,40,31,0.775,15,15,1.0,8.219731012727753,0.1422598850003851,0.03025063939997684,1
v0-bh50,Garr200112-r2,Garr200112,B1,25,40,31,0.775,15,15,1.0,8.219956106445492,0.1422598850003851,0.03025063939997684,1
v0-bh50,Garr200112-r2,Garr200112,B1,26,40,31,0.775,15,15,1.0,8.219731012727753,0.1422598850003851,0.03025063939997684,1
v0-bh50,Garr200112-r2,Garr200112,B1,27,40,31,0.775,15,15,1.0,8.219731012727753,0.1422598850003851,0.03025063939997684,1
v0-bh50,Garr200112-r2,Garr200112,B1,28,40,31,0.775,15,15,1.0,8.219513014617595,0.1422598850003851,0.03025063939997684,1
v0-bh50,Garr200112-r2,Garr200112,B1,29,40,31,0.775,15,15,1.0,8.219301744247723,0.1422598850003851,0.03025063939997684,1
v0-bh50,Garr200112-r2,Garr200112,TRAN,0,40,26,0.65,15,15,1.0,13.171346064170677,135.40539055499994,0.03744408293332526,1
v0-bh50,Garr200112-r2,Garr200112,TRAN,1,40,22,0.55,15,15,1.0,14.625491521565896,135.40539055499994,0.03744408293332526,1
v0-bh50,Garr200112-r2,Garr200112,TRAN,2,40,24,0.6,15,15,1.0,13.222738003851987,135.40539055499994,0.03744408293332526,1
v0-bh50,Garr200112-r2,Garr200112,TRAN,3,40,24,0.6,15,15,1.0,13.59129531857259,135.40539055499994,0.03744408293332526,1
v0-bh50,Garr200112-r2,Garr200112,TRAN,4,40,24,0.6,15,15,1.0,13.527567894522873,135.40539055499994,0.03744408293332526,1
v0-bh50,Garr200112-r2,Garr200112,TRAN,5,40,24,0.6,15,15,1.0,13.436195781091886,135.40539055499994,0.03744408293332526,1
v0-bh50,Garr200112-r2,Garr200112,TRAN,6,40,21,0.525,15,15,1.0,15.474433790955349,135.40539055499994,0.03744408293332526,1
v0-bh50,Garr200112-r2,Garr200112,TRAN,7,40,22,0.55,15,15,1.0,14.5183460801423,135.40539055499994,0.03744408293332526,1
v0-bh50,Garr200112-r2,Garr200112,TRAN,8,40,24,0.6,15,15,1.0,13.682614396443693,135.40539055499994,0.03744408293332526,1
v0-bh50,Garr200112-r2,Garr200112,TRAN,9,40,24,0.6,15,15,1.0,13.607065853385322,135.40539055499994,0.03744408293332526,1
v0-bh50,Garr200112-r2,Garr200112,TRAN,10,40,23,0.575,15,15,1.0,13.787749626157652,135.40539055499994,0.03744408293332526,1
v0-bh50,Garr200112-r2,Garr200112,TRAN,11,40,23,0.575,15,15,1.0,14.369186576709359,135.40539055499994,0.03744408293332526,1
v0-bh50,Garr200112-r2,Garr200112,TRAN,12,40,21,0.525,15,15,1.0,15.05770089805445,135.40539055499994,0.03744408293332526,1
v0-bh50,Garr200112-r2,Garr200112,TRAN,13,40,24,0.6,15,15,1.0,13.465010731786627,135.40539055499994,0.03744408293332526,1
v0-bh50,Garr200112-r2,Garr200112,TRAN,14,40,25,0.625,15,15,1.0,13.358484779294361,135.40539055499994,0.03744408293332526,1
v0-bh50,Garr200112-r2,Garr200112,TRAN,15,40,24,0.6,15,15,1.0,13.364836075499264,135.40539055499994,0.03744408293332526,1
v0-bh50,Garr200112-r2,Garr200112,TRAN,16,40,24,0.6,15,15,1.0,13.57048089664867,135.40539055499994,0.03744408293332526,1
v0-bh50,Garr200112-r2,Garr200112,TRAN,17,40,24,0.6,15,15,1.0,13.384509787106307,135.40539055499994,0.03744408293332526,1
v0-bh50,Garr200112-r2,Garr200112,TRAN,18,40,23,0.575,15,15,1.0,14.38595145649531,135.40539055499994,0.03744408293332526,1
v0-bh50,Garr200112-r2,Garr200112,TRAN,19,40,24,0.6,15,15,1.0,13.320937442637684,135.40539055499994,0.03744408293332526,1
v0-bh50,Garr200112-r2,Garr200112,TRAN,20,40,24,0.6,15,15,1.0,13.350943403233895,135.40539055499994,0.03744408293332526,1
v0-bh50,Garr200112-r2,Garr200112,TRAN,21,40,24,0.6,15,15,1.0,13.482560621276745,135.40539055499994,0.03744408293332526,1
v0-bh50,Garr200112-r2,Garr200112,TRAN,22,40,23,0.575,15,15,1.0,14.487882660705713,135.40539055499994,0.03744408293332526,1
v0-bh50,Garr200112-r2,Garr200112,TRAN,23,40,24,0.6,15,15,1.0,13.57093179947947,135.40539055499994,0.03744408293332526,1
v0-bh50,Garr200112-r2,Garr200112,TRAN,24,40,23,0.575,15,15,1.0,14.051221726797662,135.40539055499994,0.03744408293332526,1
v0-bh50,Garr200112-r2,Garr200112,TRAN,25,40,23,0.575,15,15,1.0,13.808156175729886,135.40539055499994,0.03744408293332526,1
v0-bh50,Garr200112-r2,Garr200112,TRAN,26,40,23,0.575,15,15,1.0,13.434311151700312,135.40539055499994,0.03744408293332526,1
v0-bh50,Garr200112-r2,Garr200112,TRAN,27,40,24,0.6,15,15,1.0,13.313459259269695,135.40539055499994,0.03744408293332526,1
v0-bh50,Garr200112-r2,Garr200112,TRAN,28,40,26,0.65,15,15,1.0,13.468722906292113,135.40539055499994,0.03744408293332526,1
v0-bh50,Garr200112-r2,Garr200112,TRAN,29,40,22,0.55,15,15,1.0,14.964998021775756,135.40539055499994,0.03744408293332526,1
v0-bh50,Garr200404-r0,Garr200404,B1,0,40,26,0.65,15,15,1.0,12.712780848425934,0.10950896400026977,0.03184047436667849,1
v0-bh50,Garr200404-r0,Garr200404,B1,1,40,24,0.6,15,15,1.0,13.884642212300367,0.10950896400026977,0.03184047436667849,1
v0-bh50,Garr200404-r0,Garr200404,B1,2,40,26,0.65,15,15,1.0,12.634178516253103,0.10950896400026977,0.03184047436667849,1
v0-bh50,Garr200404-r0,Garr200404,B1,3,40,24,0.6,15,15,1.0,15.229709249524833,0.10950896400026977,0.03184047436667849,1
v0-bh50,Garr200404-r0,Garr200404,B1,4,40,25,0.625,15,15,1.0,13.67578005971215,0.10950896400026977,0.03184047436667849,1
v0-bh50,Garr200404-r0,Garr200404,B1,5,40,26,0.65,15,15,1.0,13.242750176745139,0.10950896400026977,0.03184047436667849,1
v0-bh50,Garr200404-r0,Garr200404,B1,6,40,24,0.6,15,15,1.0,12.614849998648692,0.10950896400026977,0.03184047436667849,1
v0-bh50,Garr200404-r0,Garr200404,B1,7,40,25,0.625,15,15,1.0,12.662933079064187,0.10950896400026977,0.03184047436667849,1
v0-bh50,Garr200404-r0,Garr200404,B1,8,40,25,0.625,15,15,1.0,12.642137346540302,0.10950896400026977,0.03184047436667849,1
v0-bh50,Garr200404-r0,Garr200404,B1,9,40,26,0.65,15,15,1.0,12.637392744267292,0.10950896400026977,0.03184047436667849,1
v0-bh50,Garr200404-r0,Garr200404,B1,10,40,25,0.625,15,15,1.0,13.860945317349831,0.10950896400026977,0.03184047436667849,1
v0-bh50,Garr200404-r0,Garr200404,B1,11,40,24,0.6,15,15,1.0,12.599805736732767,0.10950896400026977,0.03184047436667849,1
v0-bh50,Garr200404-r0,Garr200404,B1,12,40,25,0.625,15,15,1.0,13.58821130639838,0.10950896400026977,0.03184047436667849,1
v0-bh50,Garr200404-r0,Garr200404,B1,13,40,26,0.65,15,15,1.0,12.103073300320442,0.10950896400026977,0.03184047436667849,1
v0-bh50,Garr200404-r0,Garr200404,B1,14,40,24,0.6,15,15,1.0,12.897930625509902,0.10950896400026977,0.03184047436667849,1
v0-bh50,Garr200404-r0,Garr200404,B1,15,40,24,0.6,15,15,1.0,14.146365765786145,0.10950896400026977,0.03184047436667849,1
v0-bh50,Garr200404-r0,Garr200404,B1,16,40,26,0.65,15,15,1.0,12.576572562876851,0.10950896400026977,0.03184047436667849,1
v0-bh50,Garr200404-r0,Garr200404,B1,17,40,24,0.6,15,15,1.0,12.977971743334876,0.10950896400026977,0.03184047436667849,1
v0-bh50,Garr200404-r0,Garr200404,B1,18,40,26,0.65,15,15,1.0,12.728039191006033,0.10950896400026977,0.03184047436667849,1
v0-bh50,Garr200404-r0,Garr200404,B1,19,40,25,0.625,15,15,1.0,11.712456111389663,0.10950896400026977,0.03184047436667849,1
v0-bh50,Garr200404-r0,Garr200404,B1,20,40,24,0.6,15,15,1.0,12.752803418006417,0.10950896400026977,0.03184047436667849,1
v0-bh50,Garr200404-r0,Garr200404,B1,21,40,25,0.625,15,15,1.0,12.576747992361735,0.10950896400026977,0.03184047436667849,1
v0-bh50,Garr200404-r0,Garr200404,B1,22,40,26,0.65,15,15,1.0,11.764441076303001,0.10950896400026977,0.03184047436667849,1
v0-bh50,Garr200404-r0,Garr200404,B1,23,40,25,0.625,15,15,1.0,13.7213778515007,0.10950896400026977,0.03184047436667849,1
v0-bh50,Garr200404-r0,Garr200404,B1,24,40,24,0.6,15,15,1.0,13.717560059459945,0.10950896400026977,0.03184047436667849,1
v0-bh50,Garr200404-r0,Garr200404,B1,25,40,25,0.625,15,15,1.0,13.005944603492864,0.10950896400026977,0.03184047436667849,1
v0-bh50,Garr200404-r0,Garr200404,B1,26,40,24,0.6,15,15,1.0,12.823592965271484,0.10950896400026977,0.03184047436667849,1
v0-bh50,Garr200404-r0,Garr200404,B1,27,40,25,0.625,15,15,1.0,13.039063364791811,0.10950896400026977,0.03184047436667849,1
v0-bh50,Garr200404-r0,Garr200404,B1,28,40,25,0.625,15,15,1.0,13.085763930027806,0.10950896400026977,0.03184047436667849,1
v0-bh50,Garr200404-r0,Garr200404,B1,29,40,25,0.625,15,15,1.0,12.341916941431462,0.10950896400026977,0.03184047436667849,1
v0-bh50,Garr200404-r0,Garr200404,TRAN,0,40,15,0.375,15,15,1.0,24.47267513021396,244.87618768299944,0.046696017633318355,1
v0-bh50,Garr200404-r0,Garr200404,TRAN,1,40,13,0.325,15,15,1.0,23.759656323650194,244.87618768299944,0.046696017633318355,1
v0-bh50,Garr200404-r0,Garr200404,TRAN,2,40,16,0.4,15,15,1.0,22.554146132214605,244.87618768299944,0.046696017633318355,1
v0-bh50,Garr200404-r0,Garr200404,TRAN,3,40,14,0.35,15,15,1.0,23.313263378830438,244.87618768299944,0.046696017633318355,1
v0-bh50,Garr200404-r0,Garr200404,TRAN,4,40,15,0.375,15,15,1.0,23.649001248223986,244.87618768299944,0.046696017633318355,1
v0-bh50,Garr200404-r0,Garr200404,TRAN,5,40,16,0.4,15,15,1.0,23.440225187394294,244.87618768299944,0.046696017633318355,1
v0-bh50,Garr200404-r0,Garr200404,TRAN,6,40,17,0.425,15,15,1.0,21.013242433789582,244.87618768299944,0.046696017633318355,1
v0-bh50,Garr200404-r0,Garr200404,TRAN,7,40,16,0.4,15,15,1.0,23.008315723955196,244.87618768299944,0.046696017633318355,1
v0-bh50,Garr200404-r0,Garr200404,TRAN,8,40,16,0.4,15,15,1.0,21.60607978505402,244.87618768299944,0.046696017633318355,1
v0-bh50,Garr200404-r0,Garr200404,TRAN,9,40,16,0.4,15,15,1.0,22.741370926342842,244.87618768299944,0.046696017633318355,1
v0-bh50,Garr200404-r0,Garr200404,TRAN,10,40,15,0.375,15,15,1.0,23.378381907292354,244.87618768299944,0.046696017633318355,1
v0-bh50,Garr200404-r0,Garr200404,TRAN,11,40,15,0.375,15,15,1.0,23.688515181990837,244.87618768299944,0.046696017633318355,1
v0-bh50,Garr200404-r0,Garr200404,TRAN,12,40,16,0.4,15,15,1.0,23.1151995588402,244.87618768299944,0.046696017633318355,1
v0-bh50,Garr200404-r0,Garr200404,TRAN,13,40,16,0.4,15,15,1.0,23.212612124794674,244.87618768299944,0.046696017633318355,1
v0-bh50,Garr200404-r0,Garr200404,TRAN,14,40,15,0.375,15,15,1.0,23.945329435417477,244.87618768299944,0.046696017633318355,1
v0-bh50,Garr200404-r0,Garr200404,TRAN,15,40,14,0.35,15,15,1.0,24.531026923751366,244.87618768299944,0.046696017633318355,1
v0-bh50,Garr200404-r0,Garr200404,TRAN,16,40,16,0.4,15,15,1.0,22.931227213957616,244.87618768299944,0.046696017633318355,1
v0-bh50,Garr200404-r0,Garr200404,TRAN,17,40,14,0.35,15,15,1.0,23.472321600576862,244.87618768299944,0.046696017633318355,1
v0-bh50,Garr200404-r0,Garr200404,TRAN,18,40,15,0.375,15,15,1.0,24.04294571174051,244.87618768299944,0.046696017633318355,1
v0-bh50,Garr200404-r0,Garr200404,TRAN,19,40,16,0.4,15,15,1.0,23.421771163958066,244.87618768299944,0.046696017633318355,1
v0-bh50,Garr200404-r0,Garr200404,TRAN,20,40,16,0.4,15,15,1.0,23.532074651311657,244.87618768299944,0.046696017633318355,1
v0-bh50,Garr200404-r0,Garr200404,TRAN,21,40,15,0.375,15,15,1.0,24.077610525249487,244.87618768299944,0.046696017633318355,1
v0-bh50,Garr200404-r0,Garr200404,TRAN,22,40,15,0.375,15,15,1.0,22.902755737074035,244.87618768299944,0.046696017633318355,1
v0-bh50,Garr200404-r0,Garr200404,TRAN,23,40,16,0.4,15,15,1.0,21.930895154135168,244.87618768299944,0.046696017633318355,1
v0-bh50,Garr200404-r0,Garr200404,TRAN,24,40,14,0.35,15,15,1.0,23.70256132486379,244.87618768299944,0.046696017633318355,1
v0-bh50,Garr200404-r0,Garr200404,TRAN,25,40,14,0.35,15,15,1.0,23.95945301263676,244.87618768299944,0.046696017633318355,1
v0-bh50,Garr200404-r0,Garr200404,TRAN,26,40,15,0.375,15,15,1.0,23.050761140962837,244.87618768299944,0.046696017633318355,1
v0-bh50,Garr200404-r0,Garr200404,TRAN,27,40,16,0.4,15,15,1.0,23.152040912755105,244.87618768299944,0.046696017633318355,1
v0-bh50,Garr200404-r0,Garr200404,TRAN,28,40,16,0.4,15,15,1.0,22.640340519687697,244.87618768299944,0.046696017633318355,1
v0-bh50,Garr200404-r0,Garr200404,TRAN,29,40,15,0.375,15,15,1.0,24.08957043316762,244.87618768299944,0.046696017633318355,1
v0-bh50,Garr200404-r1,Garr200404,B1,0,40,22,0.55,15,15,1.0,15.377060860857535,0.11103161499977432,0.024878066633330795,1
v0-bh50,Garr200404-r1,Garr200404,B1,1,40,23,0.575,15,15,1.0,15.367231379173242,0.11103161499977432,0.024878066633330795,1
v0-bh50,Garr200404-r1,Garr200404,B1,2,40,22,0.55,15,15,1.0,15.544643399639925,0.11103161499977432,0.024878066633330795,1
v0-bh50,Garr200404-r1,Garr200404,B1,3,40,23,0.575,15,15,1.0,15.367551419293035,0.11103161499977432,0.024878066633330795,1
v0-bh50,Garr200404-r1,Garr200404,B1,4,40,23,0.575,15,15,1.0,15.366898439533133,0.11103161499977432,0.024878066633330795,1
v0-bh50,Garr200404-r1,Garr200404,B1,5,40,23,0.575,15,15,1.0,15.367551419293035,0.11103161499977432,0.024878066633330795,1
v0-bh50,Garr200404-r1,Garr200404,B1,6,40,23,0.575,15,15,1.0,15.36656549989302,0.11103161499977432,0.024878066633330795,1
v0-bh50,Garr200404-r1,Garr200404,B1,7,40,23,0.575,15,15,1.0,15.36656549989302,0.11103161499977432,0.024878066633330795,1
v0-bh50,Garr200404-r1,Garr200404,B1,8,40,23,0.575,15,15,1.0,15.36656549989302,0.11103161499977432,0.024878066633330795,1
v0-bh50,Garr200404-r1,Garr200404,B1,9,40,22,0.55,15,15,1.0,16.54264821694266,0.11103161499977432,0.024878066633330795,1
v0-bh50,Garr200404-r1,Garr200404,B1,10,40,22,0.55,15,15,1.0,16.03469148486062,0.11103161499977432,0.024878066633330795,1
v0-bh50,Garr200404-r1,Garr200404,B1,11,40,22,0.55,15,15,1.0,16.10414085650567,0.11103161499977432,0.024878066633330795,1
v0-bh50,Garr200404-r1,Garr200404,B1,12,40,23,0.575,15,15,1.0,15.367551419293035,0.11103161499977432,0.024878066633330795,1
v0-bh50,Garr200404-r1,Garr200404,B1,13,40,22,0.55,15,15,1.0,15.428713090443187,0.11103161499977432,0.024878066633330795,1
v0-bh50,Garr200404-r1,Garr200404,B1,14,40,22,0.55,15,15,1.0,15.389417119320731,0.11103161499977432,0.024878066633330795,1
v0-bh50,Garr200404-r1,Garr200404,B1,15,40,22,0.55,15,15,1.0,15.843332670803786,0.11103161499977432,0.024878066633330795,1
v0-bh50,Garr200404-r1,Garr200404,B1,16,40,23,0.575,15,15,1.0,15.366898439533133,0.11103161499977432,0.024878066633330795,1
v0-bh50,Garr200404-r1,Garr200404,B1,17,40,21,0.525,15,15,1.0,15.650800551713047,0.11103161499977432,0.024878066633330795,1
v0-bh50,Garr200404-r1,Garr200404,B1,18,40,22,0.55,15,15,1.0,15.834368604786793,0.11103161499977432,0.024878066633330795,1
v0-bh50,Garr200404-r1,Garr200404,B1,19,40,23,0.575,15,15,1.0,15.368499459755377,0.11103161499977432,0.024878066633330795,1
v0-bh50,Garr200404-r1,Garr200404,B1,20,40,22,0.55,15,15,1.0,16.68484367466963,0.11103161499977432,0.024878066633330795,1
v0-bh50,Garr200404-r1,Garr200404,B1,21,40,23,0.575,15,15,1.0,15.36656549989302,0.11103161499977432,0.024878066633330795,1
v0-bh50,Garr200404-r1,Garr200404,B1,22,40,23,0.575,15,15,1.0,15.367551419293035,0.11103161499977432,0.024878066633330795,1
v0-bh50,Garr200404-r1,Garr200404,B1,23,40,23,0.575,15,15,1.0,15.367551419293035,0.11103161499977432,0.024878066633330795,1
v0-bh50,Garr200404-r1,Garr200404,B1,24,40,22,0.55,15,15,1.0,15.601189242106027,0.11103161499977432,0.024878066633330795,1
v0-bh50,Garr200404-r1,Garr200404,B1,25,40,22,0.55,15,15,1.0,15.83626461765668,0.11103161499977432,0.024878066633330795,1
v0-bh50,Garr200404-r1,Garr200404,B1,26,40,23,0.575,15,15,1.0,15.367551419293035,0.11103161499977432,0.024878066633330795,1
v0-bh50,Garr200404-r1,Garr200404,B1,27,40,22,0.55,15,15,1.0,16.053582099948425,0.11103161499977432,0.024878066633330795,1
v0-bh50,Garr200404-r1,Garr200404,B1,28,40,22,0.55,15,15,1.0,15.596450936613193,0.11103161499977432,0.024878066633330795,1
v0-bh50,Garr200404-r1,Garr200404,B1,29,40,22,0.55,15,15,1.0,16.517686580931112,0.11103161499977432,0.024878066633330795,1
v0-bh50,Garr200404-r1,Garr200404,TRAN,0,40,23,0.575,15,15,1.0,15.621580866207474,139.64003879099982,0.03576709266668938,1
v0-bh50,Garr200404-r1,Garr200404,TRAN,1,40,20,0.5,15,15,1.0,17.86091630901248,139.64003879099982,0.03576709266668938,1
v0-bh50,Garr200404-r1,Garr200404,TRAN,2,40,24,0.6,15,15,1.0,15.537277582225215,139.64003879099982,0.03576709266668938,1
v0-bh50,Garr200404-r1,Garr200404,TRAN,3,40,23,0.575,15,15,1.0,15.387722762932647,139.64003879099982,0.03576709266668938,1
v0-bh50,Garr200404-r1,Garr200404,TRAN,4,40,25,0.625,15,15,1.0,14.88126790702616,139.64003879099982,0.03576709266668938,1
v0-bh50,Garr200404-r1,Garr200404,TRAN,5,40,25,0.625,15,15,1.0,14.57654744045287,139.64003879099982,0.03576709266668938,1
v0-bh50,Garr200404-r1,Garr200404,TRAN,6,40,23,0.575,15,15,1.0,16.73924712848429,139.64003879099982,0.03576709266668938,1
v0-bh50,Garr200404-r1,Garr200404,TRAN,7,40,23,0.575,15,15,1.0,15.403645277368053,139.64003879099982,0.03576709266668938,1
v0-bh50,Garr200404-r1,Garr200404,TRAN,8,40,23,0.575,15,15,1.0,15.836700620279993,139.64003879099982,0.03576709266668938,1
v0-bh50,Garr200404-r1,Garr200404,TRAN,9,40,24,0.6,15,15,1.0,14.359274759833884,139.64003879099982,0.03576709266668938,1
v0-bh50,Garr200404-r1,Garr200404,TRAN,10,40,22,0.55,15,15,1.0,15.794639270317596,139.64003879099982,0.03576709266668938,1
v0-bh50,Garr200404-r1,Garr200404,TRAN,11,40,22,0.55,15,15,1.0,15.990879243039561,139.64003879099982,0.03576709266668938,1
v0-bh50,Garr200404-r1,Garr200404,TRAN,12,40,23,0.575,15,15,1.0,16.752396226469536,139.64003879099982,0.03576709266668938,1
v0-bh50,Garr200404-r1,Garr200404,TRAN,13,40,22,0.55,15,15,1.0,17.011987382269027,139.64003879099982,0.03576709266668938,1
v0-bh50,Garr200404-r1,Garr200404,TRAN,14,40,23,0.575,15,15,1.0,14.949436388349593,139.64003879099982,0.03576709266668938,1
v0-bh50,Garr200404-r1,Garr200404,TRAN,15,40,23,0.575,15,15,1.0,15.326193438077492,139.64003879099982,0.03576709266668938,1
v0-bh50,Garr200404-r1,Garr200404,TRAN,16,40,23,0.575,15,15,1.0,14.70856172676127,139.64003879099982,0.03576709266668938,1
v0-bh50,Garr200404-r1,Garr200404,TRAN,17,40,23,0.575,15,15,1.0,16.21360628764206,139.64003879099982,0.03576709266668938,1
v0-bh50,Garr200404-r1,Garr200404,TRAN,18,40,24,0.6,15,15,1.0,14.91049102571452,139.64003879099982,0.03576709266668938,1
v0-bh50,Garr200404-r1,Garr200404,TRAN,19,40,23,0.575,15,15,1.0,15.47105106072634,139.64003879099982,0.03576709266668938,1
v0-bh50,Garr200404-r1,Garr200404,TRAN,20,40,21,0.525,15,15,1.0,17.37265349208885,139.64003879099982,0.03576709266668938,1
v0-bh50,Garr200404-r1,Garr200404,TRAN,21,40,23,0.575,15,15,1.0,15.401756192632039,139.64003879099982,0.03576709266668938,1
v0-bh50,Garr200404-r1,Garr200404,TRAN,22,40,24,0.6,15,15,1.0,15.451333244384244,139.64003879099982,0.03576709266668938,1
v0-bh50,Garr200404-r1,Garr200404,TRAN,23,40,24,0.6,15,15,1.0,14.588293909049284,139.64003879099982,0.03576709266668938,1
v0-bh50,Garr200404-r1,Garr200404,TRAN,24,40,24,0.6,15,15,1.0,15.625075446174138,139.64003879099982,0.03576709266668938,1
v0-bh50,Garr200404-r1,Garr200404,TRAN,25,40,22,0.55,15,15,1.0,15.87647896662362,139.64003879099982,0.03576709266668938,1
v0-bh50,Garr200404-r1,Garr200404,TRAN,26,40,23,0.575,15,15,1.0,15.773297432297632,139.64003879099982,0.03576709266668938,1
v0-bh50,Garr200404-r1,Garr200404,TRAN,27,40,21,0.525,15,15,1.0,16.82335499960791,139.64003879099982,0.03576709266668938,1
v0-bh50,Garr200404-r1,Garr200404,TRAN,28,40,21,0.525,15,15,1.0,17.888646168538298,139.64003879099982,0.03576709266668938,1
v0-bh50,Garr200404-r1,Garr200404,TRAN,29,40,22,0.55,15,15,1.0,17.33804191559655,139.64003879099982,0.03576709266668938,1
v0-bh50,Garr200404-r2,Garr200404,B1,0,40,14,0.35,15,15,1.0,22.593567146877167,0.1254799689995707,0.03150219989999338,1
v0-bh50,Garr200404-r2,Garr200404,B1,1,40,14,0.35,15,15,1.0,21.4843126223004,0.1254799689995707,0.03150219989999338,1
v0-bh50,Garr200404-r2,Garr200404,B1,2,40,14,0.35,15,15,1.0,21.816257526402538,0.1254799689995707,0.03150219989999338,1
v0-bh50,Garr200404-r2,Garr200404,B1,3,40,15,0.375,15,15,1.0,21.265134161599995,0.1254799689995707,0.03150219989999338,1
v0-bh50,Garr200404-r2,Garr200404,B1,4,40,15,0.375,15,15,1.0,21.265134161599992,0.1254799689995707,0.03150219989999338,1
v0-bh50,Garr200404-r2,Garr200404,B1,5,40,15,0.375,15,15,1.0,21.265134161599995,0.1254799689995707,0.03150219989999338,1
v0-bh50,Garr200404-r2,Garr200404,B1,6,40,14,0.35,15,15,1.0,21.270251283860652,0.1254799689995707,0.03150219989999338,1
v0-bh50,Garr200404-r2,Garr200404,B1,7,40,15,0.375,15,15,1.0,21.265134161599995,0.1254799689995707,0.03150219989999338,1
v0-bh50,Garr200404-r2,Garr200404,B1,8,40,15,0.375,15,15,1.0,21.265134161599995,0.1254799689995707,0.03150219989999338,1
v0-bh50,Garr200404-r2,Garr200404,B1,9,40,13,0.325,15,15,1.0,21.754174684652284,0.1254799689995707,0.03150219989999338,1
v0-bh50,Garr200404-r2,Garr200404,B1,10,40,13,0.325,15,15,1.0,21.463415054051683,0.1254799689995707,0.03150219989999338,1
v0-bh50,Garr200404-r2,Garr200404,B1,11,40,15,0.375,15,15,1.0,21.265134161599995,0.1254799689995707,0.03150219989999338,1
v0-bh50,Garr200404-r2,Garr200404,B1,12,40,14,0.35,15,15,1.0,21.78615089098554,0.1254799689995707,0.03150219989999338,1
v0-bh50,Garr200404-r2,Garr200404,B1,13,40,13,0.325,15,15,1.0,21.666504707974077,0.1254799689995707,0.03150219989999338,1
v0-bh50,Garr200404-r2,Garr200404,B1,14,40,13,0.325,15,15,1.0,21.51434263655923,0.1254799689995707,0.03150219989999338,1
v0-bh50,Garr200404-r2,Garr200404,B1,15,40,15,0.375,15,15,1.0,21.265134161599995,0.1254799689995707,0.03150219989999338,1
v0-bh50,Garr200404-r2,Garr200404,B1,16,40,14,0.35,15,15,1.0,22.593567146951326,0.1254799689995707,0.03150219989999338,1
v0-bh50,Garr200404-r2,Garr200404,B1,17,40,15,0.375,15,15,1.0,21.265134161599995,0.1254799689995707,0.03150219989999338,1
v0-bh50,Garr200404-r2,Garr200404,B1,18,40,14,0.35,15,15,1.0,21.914927505240456,0.1254799689995707,0.03150219989999338,1
v0-bh50,Garr200404-r2,Garr200404,B1,19,40,15,0.375,15,15,1.0,21.265134161599992,0.1254799689995707,0.03150219989999338,1
v0-bh50,Garr200404-r2,Garr200404,B1,20,40,13,0.325,15,15,1.0,22.438723936223113,0.1254799689995707,0.03150219989999338,1
v0-bh50,Garr200404-r2,Garr200404,B1,21,40,14,0.35,15,15,1.0,21.460391875637598,0.1254799689995707,0.03150219989999338,1
v0-bh50,Garr200404-r2,Garr200404,B1,22,40,13,0.325,15,15,1.0,21.625103192941484,0.1254799689995707,0.03150219989999338,1
v0-bh50,Garr200404-r2,Garr200404,B1,23,40,14,0.35,15,15,1.0,21.816257526328382,0.1254799689995707,0.03150219989999338,1
v0-bh50,Garr200404-r2,Garr200404,B1,24,40,14,0.35,15,15,1.0,21.40475788613372,0.1254799689995707,0.03150219989999338,1
v0-bh50,Garr200404-r2,Garr200404,B1,25,40,15,0.375,15,15,1.0,21.265134161599992,0.1254799689995707,0.03150219989999338,1
v0-bh50,Garr200404-r2,Garr200404,B1,26,40,14,0.35,15,15,1.0,21.77618920525269,0.1254799689995707,0.03150219989999338,1
v0-bh50,Garr200404-r2,Garr200404,B1,27,40,14,0.35,15,15,1.0,21.928991642763073,0.1254799689995707,0.03150219989999338,1
v0-bh50,Garr200404-r2,Garr200404,B1,28,40,14,0.35,15,15,1.0,21.775827236688322,0.1254799689995707,0.03150219989999338,1
v0-bh50,Garr200404-r2,Garr200404,B1,29,40,14,0.35,15,15,1.0,21.836814062660032,0.1254799689995707,0.03150219989999338,1
v0-bh50,Garr200404-r2,Garr200404,TRAN,0,40,16,0.4,15,15,1.0,19.601258895182834,285.76275603700014,0.02115241143331635,1
v0-bh50,Garr200404-r2,Garr200404,TRAN,1,40,20,0.5,15,15,1.0,17.358349166410445,285.76275603700014,0.02115241143331635,1
v0-bh50,Garr200404-r2,Garr200404,TRAN,2,40,16,0.4,15,15,1.0,20.644908670653802,285.76275603700014,0.02115241143331635,1
v0-bh50,Garr200404-r2,Garr200404,TRAN,3,40,19,0.475,15,15,1.0,17.777016930142793,285.76275603700014,0.02115241143331635,1
v0-bh50,Garr200404-r2,Garr200404,TRAN,4,40,19,0.475,15,15,1.0,16.704272214289063,285.76275603700014,0.02115241143331635,1
v0-bh50,Garr200404-r2,Garr200404,TRAN,5,40,19,0.475,15,15,1.0,17.275421120584536,285.76275603700014,0.02115241143331635,1
v0-bh50,Garr200404-r2,Garr200404,TRAN,6,40,18,0.45,15,15,1.0,17.851438084785016,285.76275603700014,0.02115241143331635,1
v0-bh50,Garr200404-r2,Garr200404,TRAN,7,40,17,0.425,15,15,1.0,20.62906232295794,285.76275603700014,0.02115241143331635,1
v0-bh50,Garr200404-r2,Garr200404,TRAN,8,40,23,0.575,15,15,1.0,15.806230445255888,285.76275603700014,0.02115241143331635,1
v0-bh50,Garr200404-r2,Garr200404,TRAN,9,40,18,0.45,15,15,1.0,18.764971290053992,285.76275603700014,0.02115241143331635,1
v0-bh50,Garr200404-r2,Garr200404,TRAN,10,40,18,0.45,15,15,1.0,17.632749208641844,285.76275603700014,0.02115241143331635,1
v0-bh50,Garr200404-r2,Garr200404,TRAN,11,40,17,0.425,15,15,1.0,18.81202590062636,285.76275603700014,0.02115241143331635,1
v0-bh50,Garr200404-r2,Garr200404,TRAN,12,40,19,0.475,15,15,1.0,18.594259399370404,285.76275603700014,0.02115241143331635,1
v0-bh50,Garr200404-r2,Garr200404,TRAN,13,40,21,0.525,15,15,1.0,17.599536459583444,285.76275603700014,0.02115241143331635,1
v0-bh50,Garr200404-r2,Garr200404,TRAN,14,40,19,0.475,15,15,1.0,17.91099261625021,285.76275603700014,0.02115241143331635,1
v0-bh50,Garr200404-r2,Garr200404,TRAN,15,40,23,0.575,15,15,1.0,15.517843121507262,285.76275603700014,0.02115241143331635,1
v0-bh50,Garr200404-r2,Garr200404,TRAN,16,40,18,0.45,15,15,1.0,20.040162659860624,285.76275603700014,0.02115241143331635,1
v0-bh50,Garr200404-r2,Garr200404,TRAN,17,40,16,0.4,15,15,1.0,19.108800360912696,285.76275603700014,0.02115241143331635,1
v0-bh50,Garr200404-r2,Garr200404,TRAN,18,40,21,0.525,15,15,1.0,16.547474051721004,285.76275603700014,0.02115241143331635,1
v0-bh50,Garr200404-r2,Garr200404,TRAN,19,40,20,0.5,15,15,1.0,15.829967521009072,285.76275603700014,0.02115241143331635,1
v0-bh50,Garr200404-r2,Garr200404,TRAN,20,40,22,0.55,15,15,1.0,16.148337297141246,285.76275603700014,0.02115241143331635,1
v0-bh50,Garr200404-r2,Garr200404,TRAN,21,40,16,0.4,15,15,1.0,18.94370006296678,285.76275603700014,0.02115241143331635,1
v0-bh50,Garr200404-r2,Garr200404,TRAN,22,40,18,0.45,15,15,1.0,17.42280343412277,285.76275603700014,0.02115241143331635,1
v0-bh50,Garr200404-r2,Garr200404,TRAN,23,40,18,0.45,15,15,1.0,18.822456668871755,285.76275603700014,0.02115241143331635,1
v0-bh50,Garr200404-r2,Garr200404,TRAN,24,40,18,0.45,15,15,1.0,18.128110040362447,285.76275603700014,0.02115241143331635,1
v0-bh50,Garr200404-r2,Garr200404,TRAN,25,40,19,0.475,15,15,1.0,18.315537992985004,285.76275603700014,0.02115241143331635,1
v0-bh50,Garr200404-r2,Garr200404,TRAN,26,40,17,0.425,15,15,1.0,18.53384970423046,285.76275603700014,0.02115241143331635,1
v0-bh50,Garr200404-r2,Garr200404,TRAN,27,40,15,0.375,15,15,1.0,22.711650723817808,285.76275603700014,0.02115241143331635,1
v0-bh50,Garr200404-r2,Garr200404,TRAN,28,40,23,0.575,15,15,1.0,15.390971438512016,285.76275603700014,0.02115241143331635,1
v0-bh50,Garr200404-r2,Garr200404,TRAN,29,40,20,0.5,15,15,1.0,17.67159727781987,285.76275603700014,0.02115241143331635,1
v0-bh50,Marwan-r0,Marwan,B1,0,40,12,0.3,15,15,1.0,25.46200885791483,0.1686960970000655,0.024873899900012476,1
v0-bh50,Marwan-r0,Marwan,B1,1,40,14,0.35,15,15,1.0,24.527646024827803,0.1686960970000655,0.024873899900012476,1
v0-bh50,Marwan-r0,Marwan,B1,2,40,14,0.35,15,15,1.0,25.349478994800695,0.1686960970000655,0.024873899900012476,1
v0-bh50,Marwan-r0,Marwan,B1,3,40,13,0.325,15,15,1.0,24.619068617172847,0.1686960970000655,0.024873899900012476,1
v0-bh50,Marwan-r0,Marwan,B1,4,40,16,0.4,15,15,1.0,24.0,0.1686960970000655,0.024873899900012476,1
v0-bh50,Marwan-r0,Marwan,B1,5,40,15,0.375,15,15,1.0,24.56668424032939,0.1686960970000655,0.024873899900012476,1
v0-bh50,Marwan-r0,Marwan,B1,6,40,14,0.35,15,15,1.0,25.366201274711624,0.1686960970000655,0.024873899900012476,1
v0-bh50,Marwan-r0,Marwan,B1,7,40,13,0.325,15,15,1.0,25.16854826220636,0.1686960970000655,0.024873899900012476,1
v0-bh50,Marwan-r0,Marwan,B1,8,40,15,0.375,15,15,1.0,24.782295961478983,0.1686960970000655,0.024873899900012476,1
v0-bh50,Marwan-r0,Marwan,B1,9,40,15,0.375,15,15,1.0,24.101791870402785,0.1686960970000655,0.024873899900012476,1
v0-bh50,Marwan-r0,Marwan,B1,10,40,15,0.375,15,15,1.0,24.035960550402706,0.1686960970000655,0.024873899900012476,1
v0-bh50,Marwan-r0,Marwan,B1,11,40,12,0.3,15,15,1.0,25.670131720573004,0.1686960970000655,0.024873899900012476,1
v0-bh50,Marwan-r0,Marwan,B1,12,40,14,0.35,15,15,1.0,24.739749902657085,0.1686960970000655,0.024873899900012476,1
v0-bh50,Marwan-r0,Marwan,B1,13,40,16,0.4,15,15,1.0,24.0,0.1686960970000655,0.024873899900012476,1
v0-bh50,Marwan-r0,Marwan,B1,14,40,16,0.4,15,15,1.0,24.0,0.1686960970000655,0.024873899900012476,1
v0-bh50,Marwan-r0,Marwan,B1,15,40,10,0.25,15,15,1.0,28.710313628794896,0.1686960970000655,0.024873899900012476,1
v0-bh50,Marwan-r0,Marwan,B1,16,40,14,0.35,15,15,1.0,24.306064913086807,0.1686960970000655,0.024873899900012476,1
v0-bh50,Marwan-r0,Marwan,B1,17,40,14,0.35,15,15,1.0,24.600087476238347,0.1686960970000655,0.024873899900012476,1
v0-bh50,Marwan-r0,Marwan,B1,18,40,16,0.4,15,15,1.0,24.0,0.1686960970000655,0.024873899900012476,1
v0-bh50,Marwan-r0,Marwan,B1,19,40,15,0.375,15,15,1.0,24.32727402784919,0.1686960970000655,0.024873899900012476,1
v0-bh50,Marwan-r0,Marwan,B1,20,40,12,0.3,15,15,1.0,26.039526678261467,0.1686960970000655,0.024873899900012476,1
v0-bh50,Marwan-r0,Marwan,B1,21,40,14,0.35,15,15,1.0,24.362243517642565,0.1686960970000655,0.024873899900012476,1
v0-bh50,Marwan-r0,Marwan,B1,22,40,13,0.325,15,15,1.0,25.648366674188075,0.1686960970000655,0.024873899900012476,1
v0-bh50,Marwan-r0,Marwan,B1,23,40,13,0.325,15,15,1.0,25.699646923366434,0.1686960970000655,0.024873899900012476,1
v0-bh50,Marwan-r0,Marwan,B1,24,40,12,0.3,15,15,1.0,25.59297903289115,0.1686960970000655,0.024873899900012476,1
v0-bh50,Marwan-r0,Marwan,B1,25,40,13,0.325,15,15,1.0,25.206527962753963,0.1686960970000655,0.024873899900012476,1
v0-bh50,Marwan-r0,Marwan,B1,26,40,14,0.35,15,15,1.0,24.665273550043043,0.1686960970000655,0.024873899900012476,1
v0-bh50,Marwan-r0,Marwan,B1,27,40,15,0.375,15,15,1.0,24.434977333759846,0.1686960970000655,0.024873899900012476,1
v0-bh50,Marwan-r0,Marwan,B1,28,40,13,0.325,15,15,1.0,25.53849805549807,0.1686960970000655,0.024873899900012476,1
v0-bh50,Marwan-r0,Marwan,B1,29,40,14,0.35,15,15,1.0,25.45646973141026,0.1686960970000655,0.024873899900012476,1
v0-bh50,Marwan-r0,Marwan,TRAN,0,40,15,0.375,15,15,1.0,23.42317861976507,180.8745252689996,0.017108133933318944,1
v0-bh50,Marwan-r0,Marwan,TRAN,1,40,14,0.35,15,15,1.0,24.462633055889906,180.8745252689996,0.017108133933318944,1
v0-bh50,Marwan-r0,Marwan,TRAN,2,40,14,0.35,15,15,1.0,25.786851499884246,180.8745252689996,0.017108133933318944,1
v0-bh50,Marwan-r0,Marwan,TRAN,3,40,14,0.35,15,15,1.0,24.652412480023216,180.8745252689996,0.017108133933318944,1
v0-bh50,Marwan-r0,Marwan,TRAN,4,40,14,0.35,15,15,1.0,23.79568896042934,180.8745252689996,0.017108133933318944,1
v0-bh50,Marwan-r0,Marwan,TRAN,5,40,13,0.325,15,15,1.0,24.71762677725196,180.8745252689996,0.017108133933318944,1
v0-bh50,Marwan-r0,Marwan,TRAN,6,40,13,0.325,15,15,1.0,24.440882227210754,180.8745252689996,0.017108133933318944,1
v0-bh50,Marwan-r0,Marwan,TRAN,7,40,14,0.35,15,15,1.0,23.40806476689508,180.8745252689996,0.017108133933318944,1
v0-bh50,Marwan-r0,Marwan,TRAN,8,40,14,0.35,15,15,1.0,25.09623146196299,180.8745252689996,0.017108133933318944,1
v0-bh50,Marwan-r0,Marwan,TRAN,9,40,14,0.35,15,15,1.0,23.447651922469063,180.8745252689996,0.017108133933318944,1
v0-bh50,Marwan-r0,Marwan,TRAN,10,40,13,0.325,15,15,1.0,25.017496222003214,180.8745252689996,0.017108133933318944,1
v0-bh50,Marwan-r0,Marwan,TRAN,11,40,13,0.325,15,15,1.0,23.923728188968244,180.8745252689996,0.017108133933318944,1
v0-bh50,Marwan-r0,Marwan,TRAN,12,40,13,0.325,15,15,1.0,25.32320947295107,180.8745252689996,0.017108133933318944,1
v0-bh50,Marwan-r0,Marwan,TRAN,13,40,15,0.375,15,15,1.0,22.021696349931215,180.8745252689996,0.017108133933318944,1
v0-bh50,Marwan-r0,Marwan,TRAN,14,40,12,0.3,15,15,1.0,24.157834899885927,180.8745252689996,0.017108133933318944,1
v0-bh50,Marwan-r0,Marwan,TRAN,15,40,12,0.3,15,15,1.0,25.071878016384805,180.8745252689996,0.017108133933318944,1
v0-bh50,Marwan-r0,Marwan,TRAN,16,40,15,0.375,15,15,1.0,23.346914410257448,180.8745252689996,0.017108133933318944,1
v0-bh50,Marwan-r0,Marwan,TRAN,17,40,14,0.35,15,15,1.0,23.995426762461,180.8745252689996,0.017108133933318944,1
v0-bh50,Marwan-r0,Marwan,TRAN,18,40,14,0.35,15,15,1.0,24.439338985831835,180.8745252689996,0.017108133933318944,1
v0-bh50,Marwan-r0,Marwan,TRAN,19,40,16,0.4,15,15,1.0,22.69195685660167,180.8745252689996,0.017108133933318944,1
v0-bh50,Marwan-r0,Marwan,TRAN,20,40,15,0.375,15,15,1.0,23.791137292428147,180.8745252689996,0.017108133933318944,1
v0-bh50,Marwan-r0,Marwan,TRAN,21,40,15,0.375,15,15,1.0,22.55995170757722,180.8745252689996,0.017108133933318944,1
v0-bh50,Marwan-r0,Marwan,TRAN,22,40,13,0.325,15,15,1.0,25.390652122629422,180.8745252689996,0.017108133933318944,1
v0-bh50,Marwan-r0,Marwan,TRAN,23,40,14,0.35,15,15,1.0,25.03415561086988,180.8745252689996,0.017108133933318944,1
v0-bh50,Marwan-r0,Marwan,TRAN,24,40,12,0.3,15,15,1.0,24.682236621674242,180.8745252689996,0.017108133933318944,1
v0-bh50,Marwan-r0,Marwan,TRAN,25,40,12,0.3,15,15,1.0,23.770426750776604,180.8745252689996,0.017108133933318944,1
v0-bh50,Marwan-r0,Marwan,TRAN,26,40,12,0.3,15,15,1.0,25.28383180330559,180.8745252689996,0.017108133933318944,1
v0-bh50,Marwan-r0,Marwan,TRAN,27,40,12,0.3,15,15,1.0,24.47822875116463,180.8745252689996,0.017108133933318944,1
v0-bh50,Marwan-r0,Marwan,TRAN,28,40,14,0.35,15,15,1.0,23.74537330953714,180.8745252689996,0.017108133933318944,1
v0-bh50,Marwan-r0,Marwan,TRAN,29,40,14,0.35,15,15,1.0,23.83745358510248,180.8745252689996,0.017108133933318944,1
v0-bh50,Marwan-r1,Marwan,B1,0,40,21,0.525,15,15,1.0,19.000000000000004,0.1684033229994384,0.02805945579999995,1
v0-bh50,Marwan-r1,Marwan,B1,1,40,21,0.525,15,15,1.0,19.0,0.1684033229994384,0.02805945579999995,1
v0-bh50,Marwan-r1,Marwan,B1,2,40,19,0.475,15,15,1.0,19.458003364274195,0.1684033229994384,0.02805945579999995,1
v0-bh50,Marwan-r1,Marwan,B1,3,40,20,0.5,15,15,1.0,19.316104374573683,0.1684033229994384,0.02805945579999995,1
v0-bh50,Marwan-r1,Marwan,B1,4,40,20,0.5,15,15,1.0,19.423567533447006,0.1684033229994384,0.02805945579999995,1
v0-bh50,Marwan-r1,Marwan,B1,5,40,20,0.5,15,15,1.0,19.293029036482913,0.1684033229994384,0.02805945579999995,1
v0-bh50,Marwan-r1,Marwan,B1,6,40,20,0.5,15,15,1.0,19.106446326978997,0.1684033229994384,0.02805945579999995,1
v0-bh50,Marwan-r1,Marwan,B1,7,40,21,0.525,15,15,1.0,19.000000000000004,0.1684033229994384,0.02805945579999995,1
v0-bh50,Marwan-r1,Marwan,B1,8,40,20,0.5,15,15,1.0,19.175611274877365,0.1684033229994384,0.02805945579999995,1
v0-bh50,Marwan-r1,Marwan,B1,9,40,20,0.5,15,15,1.0,19.65273014295959,0.1684033229994384,0.02805945579999995,1
v0-bh50,Marwan-r1,Marwan,B1,10,40,21,0.525,15,15,1.0,19.0,0.1684033229994384,0.02805945579999995,1
v0-bh50,Marwan-r1,Marwan,B1,11,40,20,0.5,15,15,1.0,19.456428750038,0.1684033229994384,0.02805945579999995,1
v0-bh50,Marwan-r1,Marwan,B1,12,40,20,0.5,15,15,1.0,19.0462461738474,0.1684033229994384,0.02805945579999995,1
v0-bh50,Marwan-r1,Marwan,B1,13,40,20,0.5,15,15,1.0,19.52345282519497,0.1684033229994384,0.02805945579999995,1
v0-bh50,Marwan-r1,Marwan,B1,14,40,21,0.525,15,15,1.0,19.000000000000004,0.1684033229994384,0.02805945579999995,1
v0-bh50,Marwan-r1,Marwan,B1,15,40,20,0.5,15,15,1.0,19.046257087997613,0.1684033229994384,0.02805945579999995,1
v0-bh50,Marwan-r1,Marwan,B1,16,40,21,0.525,15,15,1.0,19.000000000000004,0.1684033229994384,0.02805945579999995,1
v0-bh50,Marwan-r1,Marwan,B1,17,40,20,0.5,15,15,1.0,19.112789117798535,0.1684033229994384,0.02805945579999995,1
v0-bh50,Marwan-r1,Marwan,B1,18,40,21,0.525,15,15,1.0,19.0,0.1684033229994384,0.02805945579999995,1
v0-bh50,Marwan-r1,Marwan,B1,19,40,20,0.5,15,15,1.0,19.30877485808242,0.1684033229994384,0.02805945579999995,1
v0-bh50,Marwan-r1,Marwan,B1,20,40,21,0.525,15,15,1.0,19.0,0.1684033229994384,0.02805945579999995,1
v0-bh50,Marwan-r1,Marwan,B1,21,40,21,0.525,15,15,1.0,19.0,0.1684033229994384,0.02805945579999995,1
v0-bh50,Marwan-r1,Marwan,B1,22,40,21,0.525,15,15,1.0,19.0,0.1684033229994384,0.02805945579999995,1
v0-bh50,Marwan-r1,Marwan,B1,23,40,20,0.5,15,15,1.0,19.20854935058201,0.1684033229994384,0.02805945579999995,1
v0-bh50,Marwan-r1,Marwan,B1,24,40,20,0.5,15,15,1.0,19.01767924257178,0.1684033229994384,0.02805945579999995,1
v0-bh50,Marwan-r1,Marwan,B1,25,40,21,0.525,15,15,1.0,19.0,0.1684033229994384,0.02805945579999995,1
v0-bh50,Marwan-r1,Marwan,B1,26,40,21,0.525,15,15,1.0,19.0,0.1684033229994384,0.02805945579999995,1
v0-bh50,Marwan-r1,Marwan,B1,27,40,21,0.525,15,15,1.0,19.0,0.1684033229994384,0.02805945579999995,1
v0-bh50,Marwan-r1,Marwan,B1,28,40,21,0.525,15,15,1.0,19.0,0.1684033229994384,0.02805945579999995,1
v0-bh50,Marwan-r1,Marwan,B1,29,40,20,0.5,15,15,1.0,19.119368863771093,0.1684033229994384,0.02805945579999995,1
v0-bh50,Marwan-r1,Marwan,TRAN,0,40,17,0.425,15,15,1.0,21.08850302332079,171.9502384819998,0.016830598000008953,1
v0-bh50,Marwan-r1,Marwan,TRAN,1,40,17,0.425,15,15,1.0,19.73990335032569,171.9502384819998,0.016830598000008953,1
v0-bh50,Marwan-r1,Marwan,TRAN,2,40,18,0.45,15,15,1.0,19.618551207992166,171.9502384819998,0.016830598000008953,1
v0-bh50,Marwan-r1,Marwan,TRAN,3,40,21,0.525,15,15,1.0,17.520157158099348,171.9502384819998,0.016830598000008953,1
v0-bh50,Marwan-r1,Marwan,TRAN,4,40,19,0.475,15,15,1.0,17.61422447404846,171.9502384819998,0.016830598000008953,1
v0-bh50,Marwan-r1,Marwan,TRAN,5,40,18,0.45,15,15,1.0,20.5808204878569,171.9502384819998,0.016830598000008953,1
v0-bh50,Marwan-r1,Marwan,TRAN,6,40,20,0.5,15,15,1.0,17.47685175285669,171.9502384819998,0.016830598000008953,1
v0-bh50,Marwan-r1,Marwan,TRAN,7,40,20,0.5,15,15,1.0,18.06467664068999,171.9502384819998,0.016830598000008953,1
v0-bh50,Marwan-r1,Marwan,TRAN,8,40,17,0.425,15,15,1.0,21.839917795275447,171.9502384819998,0.016830598000008953,1
v0-bh50,Marwan-r1,Marwan,TRAN,9,40,17,0.425,15,15,1.0,19.31071085828487,171.9502384819998,0.016830598000008953,1
v0-bh50,Marwan-r1,Marwan,TRAN,10,40,21,0.525,15,15,1.0,17.7083088072696,171.9502384819998,0.016830598000008953,1
v0-bh50,Marwan-r1,Marwan,TRAN,11,40,21,0.525,15,15,1.0,17.544629845116585,171.9502384819998,0.016830598000008953,1
v0-bh50,Marwan-r1,Marwan,TRAN,12,40,21,0.525,15,15,1.0,18.371401655081275,171.9502384819998,0.016830598000008953,1
v0-bh50,Marwan-r1,Marwan,TRAN,13,40,19,0.475,15,15,1.0,18.721235667230054,171.9502384819998,0.016830598000008953,1
v0-bh50,Marwan-r1,Marwan,TRAN,14,40,19,0.475,15,15,1.0,17.76143128124212,171.9502384819998,0.016830598000008953,1
v0-bh50,Marwan-r1,Marwan,TRAN,15,40,19,0.475,15,15,1.0,19.996992309763034,171.9502384819998,0.016830598000008953,1
v0-bh50,Marwan-r1,Marwan,TRAN,16,40,22,0.55,15,15,1.0,17.339906273561272,171.9502384819998,0.016830598000008953,1
v0-bh50,Marwan-r1,Marwan,TRAN,17,40,18,0.45,15,15,1.0,19.76987118831355,171.9502384819998,0.016830598000008953,1
v0-bh50,Marwan-r1,Marwan,TRAN,18,40,18,0.45,15,15,1.0,19.515594620617467,171.9502384819998,0.016830598000008953,1
v0-bh50,Marwan-r1,Marwan,TRAN,19,40,21,0.525,15,15,1.0,17.674610817187904,171.9502384819998,0.016830598000008953,1
v0-bh50,Marwan-r1,Marwan,TRAN,20,40,21,0.525,15,15,1.0,18.461022583065454,171.9502384819998,0.016830598000008953,1
v0-bh50,Marwan-r1,Marwan,TRAN,21,40,21,0.525,15,15,1.0,18.296352724815215,171.9502384819998,0.016830598000008953,1
v0-bh50,Marwan-r1,Marwan,TRAN,22,40,20,0.5,15,15,1.0,18.299871921343954,171.9502384819998,0.016830598000008953,1
v0-bh50,Marwan-r1,Marwan,TRAN,23,40,19,0.475,15,15,1.0,19.15290561238756,171.9502384819998,0.016830598000008953,1
v0-bh50,Marwan-r1,Marwan,TRAN,24,40,20,0.5,15,15,1.0,19.726950454605323,171.9502384819998,0.016830598000008953,1
v0-bh50,Marwan-r1,Marwan,TRAN,25,40,21,0.525,15,15,1.0,18.392267594077733,171.9502384819998,0.016830598000008953,1
v0-bh50,Marwan-r1,Marwan,TRAN,26,40,20,0.5,15,15,1.0,18.81304536010965,171.9502384819998,0.016830598000008953,1
v0-bh50,Marwan-r1,Marwan,TRAN,27,40,20,0.5,15,15,1.0,18.677376602629202,171.9502384819998,0.016830598000008953,1
v0-bh50,Marwan-r1,Marwan,TRAN,28,40,19,0.475,15,15,1.0,18.933856296424775,171.9502384819998,0.016830598000008953,1
v0-bh50,Marwan-r1,Marwan,TRAN,29,40,23,0.575,15,15,1.0,16.780612828166394,171.9502384819998,0.016830598000008953,1
v0-bh50,Marwan-r2,Marwan,B1,0,40,22,0.55,15,15,1.0,16.354567717487004,0.1168860460002179,0.025543572799991428,1
v0-bh50,Marwan-r2,Marwan,B1,1,40,23,0.575,15,15,1.0,16.120106530896265,0.1168860460002179,0.025543572799991428,1
v0-bh50,Marwan-r2,Marwan,B1,2,40,23,0.575,15,15,1.0,16.12085705728671,0.1168860460002179,0.025543572799991428,1
v0-bh50,Marwan-r2,Marwan,B1,3,40,21,0.525,15,15,1.0,16.047812619691793,0.1168860460002179,0.025543572799991428,1
v0-bh50,Marwan-r2,Marwan,B1,4,40,24,0.6,15,15,1.0,15.122105273945314,0.1168860460002179,0.025543572799991428,1
v0-bh50,Marwan-r2,Marwan,B1,5,40,22,0.55,15,15,1.0,16.376926295517613,0.1168860460002179,0.025543572799991428,1
v0-bh50,Marwan-r2,Marwan,B1,6,40,22,0.55,15,15,1.0,17.116695498398034,0.1168860460002179,0.025543572799991428,1
v0-bh50,Marwan-r2,Marwan,B1,7,40,21,0.525,15,15,1.0,16.774751303551103,0.1168860460002179,0.025543572799991428,1
v0-bh50,Marwan-r2,Marwan,B1,8,40,23,0.575,15,15,1.0,16.11942318687646,0.1168860460002179,0.025543572799991428,1
v0-bh50,Marwan-r2,Marwan,B1,9,40,24,0.6,15,15,1.0,15.122105273945314,0.1168860460002179,0.025543572799991428,1
v0-bh50,Marwan-r2,Marwan,B1,10,40,19,0.475,15,15,1.0,18.411887582473703,0.1168860460002179,0.025543572799991428,1
v0-bh50,Marwan-r2,Marwan,B1,11,40,24,0.6,15,15,1.0,15.122105273945314,0.1168860460002179,0.025543572799991428,1
v0-bh50,Marwan-r2,Marwan,B1,12,40,22,0.55,15,15,1.0,16.279177753528817,0.1168860460002179,0.025543572799991428,1
v0-bh50,Marwan-r2,Marwan,B1,13,40,23,0.575,15,15,1.0,15.532919545010717,0.1168860460002179,0.025543572799991428,1
v0-bh50,Marwan-r2,Marwan,B1,14,40,21,0.525,15,15,1.0,16.392936466861922,0.1168860460002179,0.025543572799991428,1
v0-bh50,Marwan-r2,Marwan,B1,15,40,21,0.525,15,15,1.0,16.98071252529327,0.1168860460002179,0.025543572799991428,1
v0-bh50,Marwan-r2,Marwan,B1,16,40,23,0.575,15,15,1.0,15.306068018612615,0.1168860460002179,0.025543572799991428,1
v0-bh50,Marwan-r2,Marwan,B1,17,40,22,0.55,15,15,1.0,16.679932028128913,0.1168860460002179,0.025543572799991428,1
v0-bh50,Marwan-r2,Marwan,B1,18,40,24,0.6,15,15,1.0,15.122105273945314,0.1168860460002179,0.025543572799991428,1
v0-bh50,Marwan-r2,Marwan,B1,19,40,22,0.55,15,15,1.0,16.973520345571718,0.1168860460002179,0.025543572799991428,1
v0-bh50,Marwan-r2,Marwan,B1,20,40,19,0.475,15,15,1.0,18.523487795563288,0.1168860460002179,0.025543572799991428,1
v0-bh50,Marwan-r2,Marwan,B1,21,40,24,0.6,15,15,1.0,15.122105273945314,0.1168860460002179,0.025543572799991428,1
v0-bh50,Marwan-r2,Marwan,B1,22,40,24,0.6,15,15,1.0,15.122105273945314,0.1168860460002179,0.025543572799991428,1
v0-bh50,Marwan-r2,Marwan,B1,23,40,23,0.575,15,15,1.0,16.12010653386988,0.1168860460002179,0.025543572799991428,1
v0-bh50,Marwan-r2,Marwan,B1,24,40,23,0.575,15,15,1.0,16.12010653004734,0.1168860460002179,0.025543572799991428,1
v0-bh50,Marwan-r2,Marwan,B1,25,40,23,0.575,15,15,1.0,16.120106531244993,0.1168860460002179,0.025543572799991428,1
v0-bh50,Marwan-r2,Marwan,B1,26,40,23,0.575,15,15,1.0,15.565210399547796,0.1168860460002179,0.025543572799991428,1
v0-bh50,Marwan-r2,Marwan,B1,27,40,22,0.55,15,15,1.0,16.379971411469995,0.1168860460002179,0.025543572799991428,1
v0-bh50,Marwan-r2,Marwan,B1,28,40,21,0.525,15,15,1.0,16.652358671425226,0.1168860460002179,0.025543572799991428,1
v0-bh50,Marwan-r2,Marwan,B1,29,40,23,0.575,15,15,1.0,15.61425709528948,0.1168860460002179,0.025543572799991428,1
v0-bh50,Marwan-r2,Marwan,TRAN,0,40,23,0.575,15,14,0.9333333333333333,16.62920872149315,149.98259536099977,0.019149361499997516,1
v0-bh50,Marwan-r2,Marwan,TRAN,1,40,23,0.575,15,15,1.0,16.28337870651489,149.98259536099977,0.019149361499997516,1
v0-bh50,Marwan-r2,Marwan,TRAN,2,40,25,0.625,15,15,1.0,14.930540637584123,149.98259536099977,0.019149361499997516,1
v0-bh50,Marwan-r2,Marwan,TRAN,3,40,24,0.6,15,15,1.0,15.917044127913757,149.98259536099977,0.019149361499997516,1
v0-bh50,Marwan-r2,Marwan,TRAN,4,40,24,0.6,15,15,1.0,15.740005894521865,149.98259536099977,0.019149361499997516,1
v0-bh50,Marwan-r2,Marwan,TRAN,5,40,24,0.6,15,15,1.0,15.391101446823734,149.98259536099977,0.019149361499997516,1
v0-bh50,Marwan-r2,Marwan,TRAN,6,40,23,0.575,15,15,1.0,16.72767379706942,149.98259536099977,0.019149361499997516,1
v0-bh50,Marwan-r2,Marwan,TRAN,7,40,22,0.55,15,15,1.0,15.81474219726055,149.98259536099977,0.019149361499997516,1
v0-bh50,Marwan-r2,Marwan,TRAN,8,40,24,0.6,15,15,1.0,15.29895518348576,149.98259536099977,0.019149361499997516,1
v0-bh50,Marwan-r2,Marwan,TRAN,9,40,23,0.575,15,15,1.0,16.738024674569964,149.98259536099977,0.019149361499997516,1
v0-bh50,Marwan-r2,Marwan,TRAN,10,40,25,0.625,15,15,1.0,14.50303021051038,149.98259536099977,0.019149361499997516,1
v0-bh50,Marwan-r2,Marwan,TRAN,11,40,23,0.575,15,15,1.0,16.01519627173978,149.98259536099977,0.019149361499997516,1
v0-bh50,Marwan-r2,Marwan,TRAN,12,40,25,0.625,15,15,1.0,14.942759149059022,149.98259536099977,0.019149361499997516,1
v0-bh50,Marwan-r2,Marwan,TRAN,13,40,22,0.55,15,15,1.0,16.59499235557729,149.98259536099977,0.019149361499997516,1
v0-bh50,Marwan-r2,Marwan,TRAN,14,40,21,0.525,15,15,1.0,17.71429352658066,149.98259536099977,0.019149361499997516,1
v0-bh50,Marwan-r2,Marwan,TRAN,15,40,21,0.525,15,15,1.0,18.164834277096993,149.98259536099977,0.019149361499997516,1
v0-bh50,Marwan-r2,Marwan,TRAN,16,40,23,0.575,15,15,1.0,15.949658538684966,149.98259536099977,0.019149361499997516,1
v0-bh50,Marwan-r2,Marwan,TRAN,17,40,23,0.575,15,15,1.0,16.08273056388575,149.98259536099977,0.019149361499997516,1
v0-bh50,Marwan-r2,Marwan,TRAN,18,40,25,0.625,15,15,1.0,14.307564932391168,149.98259536099977,0.019149361499997516,1
v0-bh50,Marwan-r2,Marwan,TRAN,19,40,23,0.575,15,15,1.0,15.152704502742994,149.98259536099977,0.019149361499997516,1
v0-bh50,Marwan-r2,Marwan,TRAN,20,40,24,0.6,15,15,1.0,15.11906352706127,149.98259536099977,0.019149361499997516,1
v0-bh50,Marwan-r2,Marwan,TRAN,21,40,22,0.55,15,15,1.0,17.02922387162546,149.98259536099977,0.019149361499997516,1
v0-bh50,Marwan-r2,Marwan,TRAN,22,40,25,0.625,15,15,1.0,13.950977560737009,149.98259536099977,0.019149361499997516,1
v0-bh50,Marwan-r2,Marwan,TRAN,23,40,24,0.6,15,15,1.0,15.888692630526526,149.98259536099977,0.019149361499997516,1
v0-bh50,Marwan-r2,Marwan,TRAN,24,40,23,0.575,15,15,1.0,16.310834139828962,149.98259536099977,0.019149361499997516,1
v0-bh50,Marwan-r2,Marwan,TRAN,25,40,22,0.55,15,15,1.0,15.239426283263878,149.98259536099977,0.019149361499997516,1
v0-bh50,Marwan-r2,Marwan,TRAN,26,40,24,0.6,15,15,1.0,15.881342146598115,149.98259536099977,0.019149361499997516,1
v0-bh50,Marwan-r2,Marwan,TRAN,27,40,23,0.575,15,15,1.0,15.388061595530264,149.98259536099977,0.019149361499997516,1
v0-bh50,Marwan-r2,Marwan,TRAN,28,40,23,0.575,15,15,1.0,15.089652657181789,149.98259536099977,0.019149361499997516,1
v0-bh50,Marwan-r2,Marwan,TRAN,29,40,22,0.55,15,15,1.0,17.02095081353981,149.98259536099977,0.019149361499997516,1
