set_id,scenario_id,topology_id,method,realization_id,alert_count,timely_count,timely_ratio,source_count,connected_count,conn_ratio,shortfall,planning_runtime_s,evaluation_runtime_s,evaluate_calls,paths_outside_candidates
v0,Agis-r0,Agis,P_design1,0,40,25,0.625,15,15,1.0,12.758566625754085,33.658744274005585,0.046601592133326146,2001,10
v0,Agis-r0,Agis,P_design1,1,40,22,0.55,15,15,1.0,12.905171740895033,33.658744274005585,0.046601592133326146,2001,10
v0,Agis-r0,Agis,P_design1,2,40,24,0.6,15,15,1.0,12.90231860396066,33.658744274005585,0.046601592133326146,2001,10
v0,Agis-r0,Agis,P_design1,3,40,20,0.5,15,15,1.0,16.03900285596675,33.658744274005585,0.046601592133326146,2001,10
v0,Agis-r0,Agis,P_design1,4,40,24,0.6,15,15,1.0,13.512982993911637,33.658744274005585,0.046601592133326146,2001,10
v0,Agis-r0,Agis,P_design1,5,40,22,0.55,15,15,1.0,14.640156663910163,33.658744274005585,0.046601592133326146,2001,10
v0,Agis-r0,Agis,P_design1,6,40,22,0.55,15,15,1.0,12.979750443423352,33.658744274005585,0.046601592133326146,2001,10
v0,Agis-r0,Agis,P_design1,7,40,23,0.575,15,15,1.0,13.03872442253225,33.658744274005585,0.046601592133326146,2001,10
v0,Agis-r0,Agis,P_design1,8,40,25,0.625,15,15,1.0,12.959675631888832,33.658744274005585,0.046601592133326146,2001,10
v0,Agis-r0,Agis,P_design1,9,40,23,0.575,15,15,1.0,14.45841438893054,33.658744274005585,0.046601592133326146,2001,10
v0,Agis-r0,Agis,P_design1,10,40,26,0.65,15,15,1.0,11.135371976428253,33.658744274005585,0.046601592133326146,2001,10
v0,Agis-r0,Agis,P_design1,11,40,23,0.575,15,15,1.0,12.545506167452519,33.658744274005585,0.046601592133326146,2001,10
v0,Agis-r0,Agis,P_design1,12,40,23,0.575,15,15,1.0,14.26144259714271,33.658744274005585,0.046601592133326146,2001,10
v0,Agis-r0,Agis,P_design1,13,40,24,0.6,15,15,1.0,12.957563667632447,33.658744274005585,0.046601592133326146,2001,10
v0,Agis-r0,Agis,P_design1,14,40,24,0.6,15,15,1.0,13.57897376646483,33.658744274005585,0.046601592133326146,2001,10
v0,Agis-r0,Agis,P_design1,15,40,26,0.65,15,15,1.0,11.60217740100737,33.658744274005585,0.046601592133326146,2001,10
v0,Agis-r0,Agis,P_design1,16,40,25,0.625,15,15,1.0,11.990954450020697,33.658744274005585,0.046601592133326146,2001,10
v0,Agis-r0,Agis,P_design1,17,40,24,0.6,15,15,1.0,11.727566894439855,33.658744274005585,0.046601592133326146,2001,10
v0,Agis-r0,Agis,P_design1,18,40,25,0.625,15,15,1.0,12.530561136882655,33.658744274005585,0.046601592133326146,2001,10
v0,Agis-r0,Agis,P_design1,19,40,20,0.5,15,15,1.0,15.446680529848464,33.658744274005585,0.046601592133326146,2001,10
v0,Agis-r0,Agis,P_design1,20,40,21,0.525,15,15,1.0,13.93643668975442,33.658744274005585,0.046601592133326146,2001,10
v0,Agis-r0,Agis,P_design1,21,40,23,0.575,15,15,1.0,13.172327412486231,33.658744274005585,0.046601592133326146,2001,10
v0,Agis-r0,Agis,P_design1,22,40,24,0.6,15,15,1.0,13.336077553232778,33.658744274005585,0.046601592133326146,2001,10
v0,Agis-r0,Agis,P_design1,23,40,22,0.55,15,15,1.0,14.43486323975526,33.658744274005585,0.046601592133326146,2001,10
v0,Agis-r0,Agis,P_design1,24,40,26,0.65,15,15,1.0,11.473984285100265,33.658744274005585,0.046601592133326146,2001,10
v0,Agis-r0,Agis,P_design1,25,40,23,0.575,15,15,1.0,12.122111902035895,33.658744274005585,0.046601592133326146,2001,10
v0,Agis-r0,Agis,P_design1,26,40,23,0.575,15,15,1.0,13.819844434892415,33.658744274005585,0.046601592133326146,2001,10
v0,Agis-r0,Agis,P_design1,27,40,22,0.55,15,15,1.0,13.300636537297814,33.658744274005585,0.046601592133326146,2001,10
v0,Agis-r0,Agis,P_design1,28,40,25,0.625,15,15,1.0,12.292662522567023,33.658744274005585,0.046601592133326146,2001,10
v0,Agis-r0,Agis,P_design1,29,40,23,0.575,15,15,1.0,14.402061111663313,33.658744274005585,0.046601592133326146,2001,10
v0,Agis-r0,Agis,P_design10,0,40,25,0.625,15,15,1.0,11.708981775569711,261.60244572499505,0.03686560373316752,2001,9
v0,Agis-r0,Agis,P_design10,1,40,21,0.525,15,15,1.0,12.77597502333474,261.60244572499505,0.03686560373316752,2001,9
v0,Agis-r0,Agis,P_design10,2,40,23,0.575,15,15,1.0,12.25040678928961,261.60244572499505,0.03686560373316752,2001,9
v0,Agis-r0,Agis,P_design10,3,40,21,0.525,15,15,1.0,13.778267227750693,261.60244572499505,0.03686560373316752,2001,9
v0,Agis-r0,Agis,P_design10,4,40,22,0.55,15,15,1.0,12.792697444367942,261.60244572499505,0.03686560373316752,2001,9
v0,Agis-r0,Agis,P_design10,5,40,22,0.55,15,15,1.0,14.025477367920468,261.60244572499505,0.03686560373316752,2001,9
v0,Agis-r0,Agis,P_design10,6,40,23,0.575,15,15,1.0,12.055229558934817,261.60244572499505,0.03686560373316752,2001,9
v0,Agis-r0,Agis,P_design10,7,40,22,0.55,15,15,1.0,12.969877638969354,261.60244572499505,0.03686560373316752,2001,9
v0,Agis-r0,Agis,P_design10,8,40,22,0.55,15,15,1.0,14.00860388761998,261.60244572499505,0.03686560373316752,2001,9
v0,Agis-r0,Agis,P_design10,9,40,24,0.6,15,15,1.0,13.538721711799667,261.60244572499505,0.03686560373316752,2001,9
v0,Agis-r0,Agis,P_design10,10,40,23,0.575,15,15,1.0,12.705148055148584,261.60244572499505,0.03686560373316752,2001,9
v0,Agis-r0,Agis,P_design10,11,40,24,0.6,15,15,1.0,12.930893016828106,261.60244572499505,0.03686560373316752,2001,9
v0,Agis-r0,Agis,P_design10,12,40,22,0.55,15,15,1.0,12.28129118669691,261.60244572499505,0.03686560373316752,2001,9
v0,Agis-r0,Agis,P_design10,13,40,21,0.525,15,15,1.0,14.799228418030182,261.60244572499505,0.03686560373316752,2001,9
v0,Agis-r0,Agis,P_design10,14,40,22,0.55,15,15,1.0,13.441874084940448,261.60244572499505,0.03686560373316752,2001,9
v0,Agis-r0,Agis,P_design10,15,40,23,0.575,15,15,1.0,12.828430128493908,261.60244572499505,0.03686560373316752,2001,9
v0,Agis-r0,Agis,P_design10,16,40,24,0.6,15,15,1.0,12.7023665532586,261.60244572499505,0.03686560373316752,2001,9
v0,Agis-r0,Agis,P_design10,17,40,25,0.625,15,15,1.0,12.513911090224633,261.60244572499505,0.03686560373316752,2001,9
v0,Agis-r0,Agis,P_design10,18,40,24,0.6,15,15,1.0,13.124240833892772,261.60244572499505,0.03686560373316752,2001,9
v0,Agis-r0,Agis,P_design10,19,40,22,0.55,15,15,1.0,14.00757849604828,261.60244572499505,0.03686560373316752,2001,9
v0,Agis-r0,Agis,P_design10,20,40,26,0.65,15,15,1.0,12.570156734822568,261.60244572499505,0.03686560373316752,2001,9
v0,Agis-r0,Agis,P_design10,21,40,23,0.575,15,15,1.0,14.110052886835595,261.60244572499505,0.03686560373316752,2001,9
v0,Agis-r0,Agis,P_design10,22,40,23,0.575,15,15,1.0,12.470152899375897,261.60244572499505,0.03686560373316752,2001,9
v0,Agis-r0,Agis,P_design10,23,40,22,0.55,15,15,1.0,14.099544337432459,261.60244572499505,0.03686560373316752,2001,9
v0,Agis-r0,Agis,P_design10,24,40,24,0.6,15,15,1.0,12.465895397733016,261.60244572499505,0.03686560373316752,2001,9
v0,Agis-r0,Agis,P_design10,25,40,23,0.575,15,15,1.0,13.34716230358015,261.60244572499505,0.03686560373316752,2001,9
v0,Agis-r0,Agis,P_design10,26,40,21,0.525,15,15,1.0,15.079787009194233,261.60244572499505,0.03686560373316752,2001,9
v0,Agis-r0,Agis,P_design10,27,40,25,0.625,15,15,1.0,12.890403045567604,261.60244572499505,0.03686560373316752,2001,9
v0,Agis-r0,Agis,P_design10,28,40,23,0.575,15,15,1.0,12.826071862030622,261.60244572499505,0.03686560373316752,2001,9
v0,Agis-r0,Agis,P_design10,29,40,23,0.575,15,15,1.0,13.471899017026573,261.60244572499505,0.03686560373316752,2001,9
v0,Agis-r0,Agis,P_design_expected,0,40,22,0.55,15,15,1.0,12.378093818606837,28.51854967899999,0.04610483723348201,2001,11
v0,Agis-r0,Agis,P_design_expected,1,40,20,0.5,15,15,1.0,13.807287239855283,28.51854967899999,0.04610483723348201,2001,11
v0,Agis-r0,Agis,P_design_expected,2,40,24,0.6,15,15,1.0,13.356654965600091,28.51854967899999,0.04610483723348201,2001,11
v0,Agis-r0,Agis,P_design_expected,3,40,15,0.375,15,15,1.0,18.948647815341406,28.51854967899999,0.04610483723348201,2001,11
v0,Agis-r0,Agis,P_design_expected,4,40,22,0.55,15,15,1.0,13.785725032404246,28.51854967899999,0.04610483723348201,2001,11
v0,Agis-r0,Agis,P_design_expected,5,40,21,0.525,15,15,1.0,15.843508880768978,28.51854967899999,0.04610483723348201,2001,11
v0,Agis-r0,Agis,P_design_expected,6,40,17,0.425,15,15,1.0,15.677657980669878,28.51854967899999,0.04610483723348201,2001,11
v0,Agis-r0,Agis,P_design_expected,7,40,21,0.525,15,15,1.0,15.327110353611939,28.51854967899999,0.04610483723348201,2001,11
v0,Agis-r0,Agis,P_design_expected,8,40,22,0.55,15,15,1.0,14.173116922719833,28.51854967899999,0.04610483723348201,2001,11
v0,Agis-r0,Agis,P_design_expected,9,40,20,0.5,15,15,1.0,14.612477039080002,28.51854967899999,0.04610483723348201,2001,11
v0,Agis-r0,Agis,P_design_expected,10,40,21,0.525,15,15,1.0,13.87742924446826,28.51854967899999,0.04610483723348201,2001,11
v0,Agis-r0,Agis,P_design_expected,11,40,22,0.55,15,15,1.0,14.463358949067302,28.51854967899999,0.04610483723348201,2001,11
v0,Agis-r0,Agis,P_design_expected,12,40,19,0.475,15,15,1.0,14.590687789036817,28.51854967899999,0.04610483723348201,2001,11
v0,Agis-r0,Agis,P_design_expected,13,40,24,0.6,15,15,1.0,13.588357056881184,28.51854967899999,0.04610483723348201,2001,11
v0,Agis-r0,Agis,P_design_expected,14,40,23,0.575,15,15,1.0,13.856787188451195,28.51854967899999,0.04610483723348201,2001,11
v0,Agis-r0,Agis,P_design_expected,15,40,24,0.6,15,15,1.0,12.448025457949695,28.51854967899999,0.04610483723348201,2001,11
v0,Agis-r0,Agis,P_design_expected,16,40,24,0.6,15,15,1.0,13.018159895231314,28.51854967899999,0.04610483723348201,2001,11
v0,Agis-r0,Agis,P_design_expected,17,40,24,0.6,15,15,1.0,12.729885003580778,28.51854967899999,0.04610483723348201,2001,11
v0,Agis-r0,Agis,P_design_expected,18,40,21,0.525,15,15,1.0,14.683139731228348,28.51854967899999,0.04610483723348201,2001,11
v0,Agis-r0,Agis,P_design_expected,19,40,19,0.475,15,15,1.0,14.75050846936331,28.51854967899999,0.04610483723348201,2001,11
v0,Agis-r0,Agis,P_design_expected,20,40,19,0.475,15,15,1.0,14.932483862598124,28.51854967899999,0.04610483723348201,2001,11
v0,Agis-r0,Agis,P_design_expected,21,40,17,0.425,15,15,1.0,15.473032288029032,28.51854967899999,0.04610483723348201,2001,11
v0,Agis-r0,Agis,P_design_expected,22,40,17,0.425,15,15,1.0,14.931486339193455,28.51854967899999,0.04610483723348201,2001,11
v0,Agis-r0,Agis,P_design_expected,23,40,19,0.475,15,15,1.0,15.926420545515409,28.51854967899999,0.04610483723348201,2001,11
v0,Agis-r0,Agis,P_design_expected,24,40,20,0.5,15,15,1.0,14.782174007367704,28.51854967899999,0.04610483723348201,2001,11
v0,Agis-r0,Agis,P_design_expected,25,40,21,0.525,15,15,1.0,14.1852438233552,28.51854967899999,0.04610483723348201,2001,11
v0,Agis-r0,Agis,P_design_expected,26,40,20,0.5,15,15,1.0,14.05055647124549,28.51854967899999,0.04610483723348201,2001,11
v0,Agis-r0,Agis,P_design_expected,27,40,16,0.4,15,15,1.0,18.025746277771635,28.51854967899999,0.04610483723348201,2001,11
v0,Agis-r0,Agis,P_design_expected,28,40,20,0.5,15,15,1.0,13.591190150067527,28.51854967899999,0.04610483723348201,2001,11
v0,Agis-r0,Agis,P_design_expected,29,40,22,0.55,15,15,1.0,14.955424232901606,28.51854967899999,0.04610483723348201,2001,11
v0,Belnet2008-r0,Belnet2008,P_design1,0,40,22,0.55,15,15,1.0,15.197648983296638,33.850940354997874,0.044984271833285065,2001,6
v0,Belnet2008-r0,Belnet2008,P_design1,1,40,23,0.575,15,15,1.0,14.792381916456533,33.850940354997874,0.044984271833285065,2001,6
v0,Belnet2008-r0,Belnet2008,P_design1,2,40,23,0.575,15,15,1.0,14.22135926729507,33.850940354997874,0.044984271833285065,2001,6
v0,Belnet2008-r0,Belnet2008,P_design1,3,40,23,0.575,15,15,1.0,14.561209576347608,33.850940354997874,0.044984271833285065,2001,6
v0,Belnet2008-r0,Belnet2008,P_design1,4,40,23,0.575,15,15,1.0,14.529370912130323,33.850940354997874,0.044984271833285065,2001,6
v0,Belnet2008-r0,Belnet2008,P_design1,5,40,23,0.575,15,15,1.0,14.265205443182488,33.850940354997874,0.044984271833285065,2001,6
v0,Belnet2008-r0,Belnet2008,P_design1,6,40,21,0.525,15,15,1.0,15.359813453089336,33.850940354997874,0.044984271833285065,2001,6
v0,Belnet2008-r0,Belnet2008,P_design1,7,40,23,0.575,15,15,1.0,14.803822650707888,33.850940354997874,0.044984271833285065,2001,6
v0,Belnet2008-r0,Belnet2008,P_design1,8,40,23,0.575,15,15,1.0,14.847381380524096,33.850940354997874,0.044984271833285065,2001,6
v0,Belnet2008-r0,Belnet2008,P_design1,9,40,23,0.575,15,15,1.0,14.247120259524443,33.850940354997874,0.044984271833285065,2001,6
v0,Belnet2008-r0,Belnet2008,P_design1,10,40,22,0.55,15,15,1.0,15.150650255161821,33.850940354997874,0.044984271833285065,2001,6
v0,Belnet2008-r0,Belnet2008,P_design1,11,40,22,0.55,15,15,1.0,14.56350572827246,33.850940354997874,0.044984271833285065,2001,6
v0,Belnet2008-r0,Belnet2008,P_design1,12,40,24,0.6,15,15,1.0,13.421021809436652,33.850940354997874,0.044984271833285065,2001,6
v0,Belnet2008-r0,Belnet2008,P_design1,13,40,24,0.6,15,15,1.0,14.064306853793969,33.850940354997874,0.044984271833285065,2001,6
v0,Belnet2008-r0,Belnet2008,P_design1,14,40,23,0.575,15,15,1.0,14.207348457156028,33.850940354997874,0.044984271833285065,2001,6
v0,Belnet2008-r0,Belnet2008,P_design1,15,40,22,0.55,15,15,1.0,14.912915295255468,33.850940354997874,0.044984271833285065,2001,6
v0,Belnet2008-r0,Belnet2008,P_design1,16,40,24,0.6,15,15,1.0,13.965049437277344,33.850940354997874,0.044984271833285065,2001,6
v0,Belnet2008-r0,Belnet2008,P_design1,17,40,23,0.575,15,15,1.0,15.100820009183808,33.850940354997874,0.044984271833285065,2001,6
v0,Belnet2008-r0,Belnet2008,P_design1,18,40,23,0.575,15,15,1.0,15.060473443089508,33.850940354997874,0.044984271833285065,2001,6
v0,Belnet2008-r0,Belnet2008,P_design1,19,40,23,0.575,15,15,1.0,14.537957307064266,33.850940354997874,0.044984271833285065,2001,6
v0,Belnet2008-r0,Belnet2008,P_design1,20,40,23,0.575,15,15,1.0,14.933608079580026,33.850940354997874,0.044984271833285065,2001,6
v0,Belnet2008-r0,Belnet2008,P_design1,21,40,22,0.55,15,15,1.0,14.981514978641748,33.850940354997874,0.044984271833285065,2001,6
v0,Belnet2008-r0,Belnet2008,P_design1,22,40,23,0.575,15,15,1.0,13.876826903335555,33.850940354997874,0.044984271833285065,2001,6
v0,Belnet2008-r0,Belnet2008,P_design1,23,40,20,0.5,15,15,1.0,15.503239347870254,33.850940354997874,0.044984271833285065,2001,6
v0,Belnet2008-r0,Belnet2008,P_design1,24,40,23,0.575,15,15,1.0,14.812590847608002,33.850940354997874,0.044984271833285065,2001,6
v0,Belnet2008-r0,Belnet2008,P_design1,25,40,23,0.575,15,15,1.0,14.220471155515677,33.850940354997874,0.044984271833285065,2001,6
v0,Belnet2008-r0,Belnet2008,P_design1,26,40,22,0.55,15,15,1.0,15.206584618006087,33.850940354997874,0.044984271833285065,2001,6
v0,Belnet2008-r0,Belnet2008,P_design1,27,40,21,0.525,15,15,1.0,16.060485925710246,33.850940354997874,0.044984271833285065,2001,6
v0,Belnet2008-r0,Belnet2008,P_design1,28,40,23,0.575,15,15,1.0,14.343928244554613,33.850940354997874,0.044984271833285065,2001,6
v0,Belnet2008-r0,Belnet2008,P_design1,29,40,23,0.575,15,15,1.0,14.79762267870176,33.850940354997874,0.044984271833285065,2001,6
v0,Belnet2008-r0,Belnet2008,P_design10,0,40,22,0.55,15,15,1.0,14.311206848153452,229.385437515004,0.03736104336664236,1742,6
v0,Belnet2008-r0,Belnet2008,P_design10,1,40,24,0.6,15,15,1.0,13.138329534928184,229.385437515004,0.03736104336664236,1742,6
v0,Belnet2008-r0,Belnet2008,P_design10,2,40,24,0.6,15,15,1.0,13.550576985123811,229.385437515004,0.03736104336664236,1742,6
v0,Belnet2008-r0,Belnet2008,P_design10,3,40,23,0.575,15,15,1.0,14.085498986579575,229.385437515004,0.03736104336664236,1742,6
v0,Belnet2008-r0,Belnet2008,P_design10,4,40,22,0.55,15,15,1.0,15.608850095871496,229.385437515004,0.03736104336664236,1742,6
v0,Belnet2008-r0,Belnet2008,P_design10,5,40,24,0.6,15,15,1.0,13.661134585578438,229.385437515004,0.03736104336664236,1742,6
v0,Belnet2008-r0,Belnet2008,P_design10,6,40,22,0.55,15,15,1.0,14.64496673552771,229.385437515004,0.03736104336664236,1742,6
v0,Belnet2008-r0,Belnet2008,P_design10,7,40,23,0.575,15,15,1.0,13.978385151514372,229.385437515004,0.03736104336664236,1742,6
v0,Belnet2008-r0,Belnet2008,P_design10,8,40,25,0.625,15,15,1.0,13.183827812605621,229.385437515004,0.03736104336664236,1742,6
v0,Belnet2008-r0,Belnet2008,P_design10,9,40,24,0.6,15,15,1.0,13.16848871533816,229.385437515004,0.03736104336664236,1742,6
v0,Belnet2008-r0,Belnet2008,P_design10,10,40,23,0.575,15,15,1.0,14.33046683393045,229.385437515004,0.03736104336664236,1742,6
v0,Belnet2008-r0,Belnet2008,P_design10,11,40,22,0.55,15,15,1.0,14.416735479118222,229.385437515004,0.03736104336664236,1742,6
v0,Belnet2008-r0,Belnet2008,P_design10,12,40,26,0.65,15,15,1.0,12.83279728567819,229.385437515004,0.03736104336664236,1742,6
v0,Belnet2008-r0,Belnet2008,P_design10,13,40,26,0.65,15,15,1.0,13.063879383592807,229.385437515004,0.03736104336664236,1742,6
v0,Belnet2008-r0,Belnet2008,P_design10,14,40,24,0.6,15,15,1.0,13.728732133432816,229.385437515004,0.03736104336664236,1742,6
v0,Belnet2008-r0,Belnet2008,P_design10,15,40,24,0.6,15,15,1.0,13.107784146295604,229.385437515004,0.03736104336664236,1742,6
v0,Belnet2008-r0,Belnet2008,P_design10,16,40,25,0.625,15,15,1.0,13.13002270116032,229.385437515004,0.03736104336664236,1742,6
v0,Belnet2008-r0,Belnet2008,P_design10,17,40,24,0.6,15,15,1.0,14.088851340815815,229.385437515004,0.03736104336664236,1742,6
v0,Belnet2008-r0,Belnet2008,P_design10,18,40,25,0.625,15,15,1.0,13.877449556167338,229.385437515004,0.03736104336664236,1742,6
v0,Belnet2008-r0,Belnet2008,P_design10,19,40,24,0.6,15,15,1.0,13.476577215251766,229.385437515004,0.03736104336664236,1742,6
v0,Belnet2008-r0,Belnet2008,P_design10,20,40,24,0.6,15,15,1.0,14.691007683683527,229.385437515004,0.03736104336664236,1742,6
v0,Belnet2008-r0,Belnet2008,P_design10,21,40,25,0.625,15,15,1.0,14.01374009611238,229.385437515004,0.03736104336664236,1742,6
v0,Belnet2008-r0,Belnet2008,P_design10,22,40,24,0.6,15,15,1.0,14.19745704852254,229.385437515004,0.03736104336664236,1742,6
v0,Belnet2008-r0,Belnet2008,P_design10,23,40,23,0.575,15,15,1.0,13.836099342859498,229.385437515004,0.03736104336664236,1742,6
v0,Belnet2008-r0,Belnet2008,P_design10,24,40,22,0.55,15,15,1.0,14.544716478048594,229.385437515004,0.03736104336664236,1742,6
v0,Belnet2008-r0,Belnet2008,P_design10,25,40,23,0.575,15,15,1.0,13.165301753589665,229.385437515004,0.03736104336664236,1742,6
v0,Belnet2008-r0,Belnet2008,P_design10,26,40,24,0.6,15,15,1.0,13.704649274748808,229.385437515004,0.03736104336664236,1742,6
v0,Belnet2008-r0,Belnet2008,P_design10,27,40,24,0.6,15,15,1.0,13.175777023904205,229.385437515004,0.03736104336664236,1742,6
v0,Belnet2008-r0,Belnet2008,P_design10,28,40,25,0.625,15,15,1.0,13.295361777856657,229.385437515004,0.03736104336664236,1742,6
v0,Belnet2008-r0,Belnet2008,P_design10,29,40,25,0.625,15,15,1.0,13.27258981313318,229.385437515004,0.03736104336664236,1742,6
v0,Belnet2008-r0,Belnet2008,P_design_expected,0,40,21,0.525,15,15,1.0,14.384965567664855,30.411222741997335,0.04827098313350386,2001,6
v0,Belnet2008-r0,Belnet2008,P_design_expected,1,40,22,0.55,15,15,1.0,14.505728124560642,30.411222741997335,0.04827098313350386,2001,6
v0,Belnet2008-r0,Belnet2008,P_design_expected,2,40,22,0.55,15,15,1.0,14.200734322713764,30.411222741997335,0.04827098313350386,2001,6
v0,Belnet2008-r0,Belnet2008,P_design_expected,3,40,23,0.575,15,15,1.0,13.841917049135501,30.411222741997335,0.04827098313350386,2001,6
v0,Belnet2008-r0,Belnet2008,P_design_expected,4,40,20,0.5,15,15,1.0,15.539205256233462,30.411222741997335,0.04827098313350386,2001,6
v0,Belnet2008-r0,Belnet2008,P_design_expected,5,40,21,0.525,15,15,1.0,14.333573608559842,30.411222741997335,0.04827098313350386,2001,6
v0,Belnet2008-r0,Belnet2008,P_design_expected,6,40,21,0.525,15,15,1.0,14.685678796333761,30.411222741997335,0.04827098313350386,2001,6
v0,Belnet2008-r0,Belnet2008,P_design_expected,7,40,21,0.525,15,15,1.0,14.745049652975384,30.411222741997335,0.04827098313350386,2001,6
v0,Belnet2008-r0,Belnet2008,P_design_expected,8,40,21,0.525,15,15,1.0,15.549438857954858,30.411222741997335,0.04827098313350386,2001,6
v0,Belnet2008-r0,Belnet2008,P_design_expected,9,40,22,0.55,15,15,1.0,13.849190534659238,30.411222741997335,0.04827098313350386,2001,6
v0,Belnet2008-r0,Belnet2008,P_design_expected,10,40,22,0.55,15,15,1.0,14.21994763513507,30.411222741997335,0.04827098313350386,2001,6
v0,Belnet2008-r0,Belnet2008,P_design_expected,11,40,22,0.55,15,15,1.0,14.555602422453813,30.411222741997335,0.04827098313350386,2001,6
v0,Belnet2008-r0,Belnet2008,P_design_expected,12,40,22,0.55,15,15,1.0,13.987599833550231,30.411222741997335,0.04827098313350386,2001,6
v0,Belnet2008-r0,Belnet2008,P_design_expected,13,40,24,0.6,15,15,1.0,13.023434819810628,30.411222741997335,0.04827098313350386,2001,6
v0,Belnet2008-r0,Belnet2008,P_design_expected,14,40,23,0.575,15,15,1.0,13.70567373818244,30.411222741997335,0.04827098313350386,2001,6
v0,Belnet2008-r0,Belnet2008,P_design_expected,15,40,23,0.575,15,15,1.0,13.918157084246989,30.411222741997335,0.04827098313350386,2001,6
v0,Belnet2008-r0,Belnet2008,P_design_expected,16,40,22,0.55,15,15,1.0,13.672400440662726,30.411222741997335,0.04827098313350386,2001,6
v0,Belnet2008-r0,Belnet2008,P_design_expected,17,40,22,0.55,15,15,1.0,15.248891290977085,30.411222741997335,0.04827098313350386,2001,6
v0,Belnet2008-r0,Belnet2008,P_design_expected,18,40,22,0.55,15,15,1.0,14.986874344905374,30.411222741997335,0.04827098313350386,2001,6
v0,Belnet2008-r0,Belnet2008,P_design_expected,19,40,23,0.575,15,15,1.0,14.216928787063305,30.411222741997335,0.04827098313350386,2001,6
v0,Belnet2008-r0,Belnet2008,P_design_expected,20,40,22,0.55,15,15,1.0,15.004603569417391,30.411222741997335,0.04827098313350386,2001,6
v0,Belnet2008-r0,Belnet2008,P_design_expected,21,40,23,0.575,15,15,1.0,13.353275570971352,30.411222741997335,0.04827098313350386,2001,6
v0,Belnet2008-r0,Belnet2008,P_design_expected,22,40,23,0.575,15,15,1.0,13.501007489593372,30.411222741997335,0.04827098313350386,2001,6
v0,Belnet2008-r0,Belnet2008,P_design_expected,23,40,21,0.525,15,15,1.0,14.34574745661768,30.411222741997335,0.04827098313350386,2001,6
v0,Belnet2008-r0,Belnet2008,P_design_expected,24,40,21,0.525,15,15,1.0,14.880973697155337,30.411222741997335,0.04827098313350386,2001,6
v0,Belnet2008-r0,Belnet2008,P_design_expected,25,40,22,0.55,15,15,1.0,13.649281501696004,30.411222741997335,0.04827098313350386,2001,6
v0,Belnet2008-r0,Belnet2008,P_design_expected,26,40,22,0.55,15,15,1.0,14.4245313051773,30.411222741997335,0.04827098313350386,2001,6
v0,Belnet2008-r0,Belnet2008,P_design_expected,27,40,20,0.5,15,15,1.0,15.137927343848014,30.411222741997335,0.04827098313350386,2001,6
v0,Belnet2008-r0,Belnet2008,P_design_expected,28,40,21,0.525,15,15,1.0,14.93053177059275,30.411222741997335,0.04827098313350386,2001,6
v0,Belnet2008-r0,Belnet2008,P_design_expected,29,40,22,0.55,15,15,1.0,15.052959596929787,30.411222741997335,0.04827098313350386,2001,6
v0,BsonetEurope-r0,BsonetEurope,P_design1,0,40,25,0.625,15,15,1.0,12.03709231884044,34.803807709002285,0.051559210233244814,2001,3
v0,BsonetEurope-r0,BsonetEurope,P_design1,1,40,21,0.525,15,15,1.0,14.430340080605554,34.803807709002285,0.051559210233244814,2001,3
v0,BsonetEurope-r0,BsonetEurope,P_design1,2,40,21,0.525,15,15,1.0,12.93317844363177,34.803807709002285,0.051559210233244814,2001,3
v0,BsonetEurope-r0,BsonetEurope,P_design1,3,40,20,0.5,15,15,1.0,15.349506278319826,34.803807709002285,0.051559210233244814,2001,3
v0,BsonetEurope-r0,BsonetEurope,P_design1,4,40,24,0.6,15,15,1.0,11.908544911199233,34.803807709002285,0.051559210233244814,2001,3
v0,BsonetEurope-r0,BsonetEurope,P_design1,5,40,23,0.575,15,15,1.0,12.132479659582238,34.803807709002285,0.051559210233244814,2001,3
v0,BsonetEurope-r0,BsonetEurope,P_design1,6,40,23,0.575,15,15,1.0,12.654267623700449,34.803807709002285,0.051559210233244814,2001,3
v0,BsonetEurope-r0,BsonetEurope,P_design1,7,40,23,0.575,15,15,1.0,11.876909314483003,34.803807709002285,0.051559210233244814,2001,3
v0,BsonetEurope-r0,BsonetEurope,P_design1,8,40,23,0.575,15,15,1.0,12.843838062608924,34.803807709002285,0.051559210233244814,2001,3
v0,BsonetEurope-r0,BsonetEurope,P_design1,9,40,20,0.5,15,15,1.0,13.554259807774912,34.803807709002285,0.051559210233244814,2001,3
v0,BsonetEurope-r0,BsonetEurope,P_design1,10,40,23,0.575,15,15,1.0,12.25939889896344,34.803807709002285,0.051559210233244814,2001,3
v0,BsonetEurope-r0,BsonetEurope,P_design1,11,40,23,0.575,15,15,1.0,12.675202086076894,34.803807709002285,0.051559210233244814,2001,3
v0,BsonetEurope-r0,BsonetEurope,P_design1,12,40,23,0.575,15,15,1.0,13.365337476085713,34.803807709002285,0.051559210233244814,2001,3
v0,BsonetEurope-r0,BsonetEurope,P_design1,13,40,23,0.575,15,15,1.0,11.569583168686885,34.803807709002285,0.051559210233244814,2001,3
v0,BsonetEurope-r0,BsonetEurope,P_design1,14,40,23,0.575,15,15,1.0,12.396772154225527,34.803807709002285,0.051559210233244814,2001,3
v0,BsonetEurope-r0,BsonetEurope,P_design1,15,40,23,0.575,15,15,1.0,12.29564614587499,34.803807709002285,0.051559210233244814,2001,3
v0,BsonetEurope-r0,BsonetEurope,P_design1,16,40,21,0.525,15,15,1.0,13.713976414524577,34.803807709002285,0.051559210233244814,2001,3
v0,BsonetEurope-r0,BsonetEurope,P_design1,17,40,25,0.625,15,15,1.0,11.920919489757459,34.803807709002285,0.051559210233244814,2001,3
v0,BsonetEurope-r0,BsonetEurope,P_design1,18,40,23,0.575,15,15,1.0,13.079087935613353,34.803807709002285,0.051559210233244814,2001,3
v0,BsonetEurope-r0,BsonetEurope,P_design1,19,40,25,0.625,15,15,1.0,11.375735501688533,34.803807709002285,0.051559210233244814,2001,3
v0,BsonetEurope-r0,BsonetEurope,P_design1,20,40,24,0.6,15,15,1.0,11.88964778167344,34.803807709002285,0.051559210233244814,2001,3
v0,BsonetEurope-r0,BsonetEurope,P_design1,21,40,21,0.525,15,15,1.0,14.688695804400314,34.803807709002285,0.051559210233244814,2001,3
v0,BsonetEurope-r0,BsonetEurope,P_design1,22,40,26,0.65,15,15,1.0,11.373980184797531,34.803807709002285,0.051559210233244814,2001,3
v0,BsonetEurope-r0,BsonetEurope,P_design1,23,40,22,0.55,15,15,1.0,13.064094882380688,34.803807709002285,0.051559210233244814,2001,3
v0,BsonetEurope-r0,BsonetEurope,P_design1,24,40,21,0.525,15,15,1.0,15.403482493052616,34.803807709002285,0.051559210233244814,2001,3
v0,BsonetEurope-r0,BsonetEurope,P_design1,25,40,23,0.575,15,15,1.0,12.775705669829891,34.803807709002285,0.051559210233244814,2001,3
v0,BsonetEurope-r0,BsonetEurope,P_design1,26,40,24,0.6,15,15,1.0,11.883229671092346,34.803807709002285,0.051559210233244814,2001,3
v0,BsonetEurope-r0,BsonetEurope,P_design1,27,40,21,0.525,15,15,1.0,13.676133242457185,34.803807709002285,0.051559210233244814,2001,3
v0,BsonetEurope-r0,BsonetEurope,P_design1,28,40,23,0.575,15,15,1.0,12.718364443263093,34.803807709002285,0.051559210233244814,2001,3
v0,BsonetEurope-r0,BsonetEurope,P_design1,29,40,20,0.5,15,15,1.0,15.206196802932727,34.803807709002285,0.051559210233244814,2001,3
v0,BsonetEurope-r0,BsonetEurope,P_design10,0,40,26,0.65,15,15,1.0,11.670216355780157,284.9685027799933,0.032417175100029755,2001,3
v0,BsonetEurope-r0,BsonetEurope,P_design10,1,40,24,0.6,15,15,1.0,12.813977085598486,284.9685027799933,0.032417175100029755,2001,3
v0,BsonetEurope-r0,BsonetEurope,P_design10,2,40,25,0.625,15,15,1.0,11.959022104804166,284.9685027799933,0.032417175100029755,2001,3
v0,BsonetEurope-r0,BsonetEurope,P_design10,3,40,23,0.575,15,15,1.0,11.76307357852832,284.9685027799933,0.032417175100029755,2001,3
v0,BsonetEurope-r0,BsonetEurope,P_design10,4,40,26,0.65,15,15,1.0,11.490051709416514,284.9685027799933,0.032417175100029755,2001,3
v0,BsonetEurope-r0,BsonetEurope,P_design10,5,40,25,0.625,15,15,1.0,11.61418196457894,284.9685027799933,0.032417175100029755,2001,3
v0,BsonetEurope-r0,BsonetEurope,P_design10,6,40,25,0.625,15,15,1.0,12.74571836035985,284.9685027799933,0.032417175100029755,2001,3
v0,BsonetEurope-r0,BsonetEurope,P_design10,7,40,26,0.65,15,15,1.0,12.043226810029582,284.9685027799933,0.032417175100029755,2001,3
v0,BsonetEurope-r0,BsonetEurope,P_design10,8,40,25,0.625,15,15,1.0,12.69600284573424,284.9685027799933,0.032417175100029755,2001,3
v0,BsonetEurope-r0,BsonetEurope,P_design10,9,40,25,0.625,15,15,1.0,12.302134887941993,284.9685027799933,0.032417175100029755,2001,3
v0,BsonetEurope-r0,BsonetEurope,P_design10,10,40,25,0.625,15,15,1.0,13.16120180853808,284.9685027799933,0.032417175100029755,2001,3
v0,BsonetEurope-r0,BsonetEurope,P_design10,11,40,25,0.625,15,15,1.0,12.197307630865668,284.9685027799933,0.032417175100029755,2001,3
v0,BsonetEurope-r0,BsonetEurope,P_design10,12,40,26,0.65,15,15,1.0,11.97830982840702,284.9685027799933,0.032417175100029755,2001,3
v0,BsonetEurope-r0,BsonetEurope,P_design10,13,40,25,0.625,15,15,1.0,11.989868684002502,284.9685027799933,0.032417175100029755,2001,3
v0,BsonetEurope-r0,BsonetEurope,P_design10,14,40,26,0.65,15,15,1.0,11.771885335963317,284.9685027799933,0.032417175100029755,2001,3
v0,BsonetEurope-r0,BsonetEurope,P_design10,15,40,26,0.65,15,15,1.0,11.759474379999961,284.9685027799933,0.032417175100029755,2001,3
v0,BsonetEurope-r0,BsonetEurope,P_design10,16,40,25,0.625,15,15,1.0,11.896294145662688,284.9685027799933,0.032417175100029755,2001,3
v0,BsonetEurope-r0,BsonetEurope,P_design10,17,40,26,0.65,15,15,1.0,11.21119114232062,284.9685027799933,0.032417175100029755,2001,3
v0,BsonetEurope-r0,BsonetEurope,P_design10,18,40,25,0.625,15,15,1.0,12.263699742878922,284.9685027799933,0.032417175100029755,2001,3
v0,BsonetEurope-r0,BsonetEurope,P_design10,19,40,26,0.65,15,15,1.0,11.846947757240246,284.9685027799933,0.032417175100029755,2001,3
v0,BsonetEurope-r0,BsonetEurope,P_design10,20,40,26,0.65,15,15,1.0,11.804761241148842,284.9685027799933,0.032417175100029755,2001,3
v0,BsonetEurope-r0,BsonetEurope,P_design10,21,40,26,0.65,15,15,1.0,11.999627214802834,284.9685027799933,0.032417175100029755,2001,3
v0,BsonetEurope-r0,BsonetEurope,P_design10,22,40,26,0.65,15,15,1.0,11.626835018721769,284.9685027799933,0.032417175100029755,2001,3
v0,BsonetEurope-r0,BsonetEurope,P_design10,23,40,25,0.625,15,15,1.0,11.76671792839229,284.9685027799933,0.032417175100029755,2001,3
v0,BsonetEurope-r0,BsonetEurope,P_design10,24,40,24,0.6,15,15,1.0,12.97480325116643,284.9685027799933,0.032417175100029755,2001,3
v0,BsonetEurope-r0,BsonetEurope,P_design10,25,40,26,0.65,15,15,1.0,12.361626067603652,284.9685027799933,0.032417175100029755,2001,3
v0,BsonetEurope-r0,BsonetEurope,P_design10,26,40,26,0.65,15,15,1.0,11.798314007075259,284.9685027799933,0.032417175100029755,2001,3
v0,BsonetEurope-r0,BsonetEurope,P_design10,27,40,24,0.6,15,15,1.0,12.38027655030424,284.9685027799933,0.032417175100029755,2001,3
v0,BsonetEurope-r0,BsonetEurope,P_design10,28,40,26,0.65,15,15,1.0,11.758808086945713,284.9685027799933,0.032417175100029755,2001,3
v0,BsonetEurope-r0,BsonetEurope,P_design10,29,40,23,0.575,15,15,1.0,14.975808762341185,284.9685027799933,0.032417175100029755,2001,3
v0,BsonetEurope-r0,BsonetEurope,P_design_expected,0,40,22,0.55,15,15,1.0,12.410019536367235,34.00200754200341,0.05203607503329598,2001,4
v0,BsonetEurope-r0,BsonetEurope,P_design_expected,1,40,23,0.575,15,15,1.0,11.89333201980228,34.00200754200341,0.05203607503329598,2001,4
v0,BsonetEurope-r0,BsonetEurope,P_design_expected,2,40,20,0.5,15,15,1.0,13.695844520601314,34.00200754200341,0.05203607503329598,2001,4
v0,BsonetEurope-r0,BsonetEurope,P_design_expected,3,40,20,0.5,15,15,1.0,14.666513810447249,34.00200754200341,0.05203607503329598,2001,4
v0,BsonetEurope-r0,BsonetEurope,P_design_expected,4,40,23,0.575,15,15,1.0,13.730267031199046,34.00200754200341,0.05203607503329598,2001,4
v0,BsonetEurope-r0,BsonetEurope,P_design_expected,5,40,23,0.575,15,15,1.0,13.447750423018027,34.00200754200341,0.05203607503329598,2001,4
v0,BsonetEurope-r0,BsonetEurope,P_design_expected,6,40,19,0.475,15,15,1.0,15.74374195783699,34.00200754200341,0.05203607503329598,2001,4
v0,BsonetEurope-r0,BsonetEurope,P_design_expected,7,40,22,0.55,15,15,1.0,12.430114593886607,34.00200754200341,0.05203607503329598,2001,4
v0,BsonetEurope-r0,BsonetEurope,P_design_expected,8,40,24,0.6,15,15,1.0,13.156848568308433,34.00200754200341,0.05203607503329598,2001,4
v0,BsonetEurope-r0,BsonetEurope,P_design_expected,9,40,24,0.6,15,15,1.0,11.288235519492353,34.00200754200341,0.05203607503329598,2001,4
v0,BsonetEurope-r0,BsonetEurope,P_design_expected,10,40,22,0.55,15,15,1.0,14.462704581975993,34.00200754200341,0.05203607503329598,2001,4
v0,BsonetEurope-r0,BsonetEurope,P_design_expected,11,40,22,0.55,15,15,1.0,13.148633141254296,34.00200754200341,0.05203607503329598,2001,4
v0,BsonetEurope-r0,BsonetEurope,P_design_expected,12,40,20,0.5,15,15,1.0,14.842368811897641,34.00200754200341,0.05203607503329598,2001,4
v0,BsonetEurope-r0,BsonetEurope,P_design_expected,13,40,26,0.65,15,15,1.0,10.957414889067302,34.00200754200341,0.05203607503329598,2001,4
v0,BsonetEurope-r0,BsonetEurope,P_design_expected,14,40,24,0.6,15,15,1.0,12.118507991507801,34.00200754200341,0.05203607503329598,2001,4
v0,BsonetEurope-r0,BsonetEurope,P_design_expected,15,40,23,0.575,15,15,1.0,12.896097034418416,34.00200754200341,0.05203607503329598,2001,4
v0,BsonetEurope-r0,BsonetEurope,P_design_expected,16,40,21,0.525,15,15,1.0,14.16414048815955,34.00200754200341,0.05203607503329598,2001,4
v0,BsonetEurope-r0,BsonetEurope,P_design_expected,17,40,24,0.6,15,15,1.0,12.246474448428756,34.00200754200341,0.05203607503329598,2001,4
v0,BsonetEurope-r0,BsonetEurope,P_design_expected,18,40,24,0.6,15,15,1.0,11.923980515881274,34.00200754200341,0.05203607503329598,2001,4
v0,BsonetEurope-r0,BsonetEurope,P_design_expected,19,40,23,0.575,15,15,1.0,11.278350496711242,34.00200754200341,0.05203607503329598,2001,4
v0,BsonetEurope-r0,BsonetEurope,P_design_expected,20,40,22,0.55,15,15,1.0,13.635283386328686,34.00200754200341,0.05203607503329598,2001,4
v0,BsonetEurope-r0,BsonetEurope,P_design_expected,21,40,21,0.525,15,15,1.0,14.246826225386982,34.00200754200341,0.05203607503329598,2001,4
v0,BsonetEurope-r0,BsonetEurope,P_design_expected,22,40,24,0.6,15,15,1.0,11.015326019655857,34.00200754200341,0.05203607503329598,2001,4
v0,BsonetEurope-r0,BsonetEurope,P_design_expected,23,40,22,0.55,15,15,1.0,13.507711170849184,34.00200754200341,0.05203607503329598,2001,4
v0,BsonetEurope-r0,BsonetEurope,P_design_expected,24,40,22,0.55,15,15,1.0,14.346221106267741,34.00200754200341,0.05203607503329598,2001,4
v0,BsonetEurope-r0,BsonetEurope,P_design_expected,25,40,19,0.475,15,15,1.0,14.731137031599417,34.00200754200341,0.05203607503329598,2001,4
v0,BsonetEurope-r0,BsonetEurope,P_design_expected,26,40,24,0.6,15,15,1.0,11.804839952387452,34.00200754200341,0.05203607503329598,2001,4
v0,BsonetEurope-r0,BsonetEurope,P_design_expected,27,40,22,0.55,15,15,1.0,12.364442805093272,34.00200754200341,0.05203607503329598,2001,4
v0,BsonetEurope-r0,BsonetEurope,P_design_expected,28,40,25,0.625,15,15,1.0,10.943871489404051,34.00200754200341,0.05203607503329598,2001,4
v0,BsonetEurope-r0,BsonetEurope,P_design_expected,29,40,20,0.5,15,15,1.0,15.601178697451273,34.00200754200341,0.05203607503329598,2001,4
v0,BtNorthAmerica-r0,BtNorthAmerica,P_design1,0,40,16,0.4,15,15,1.0,21.126946582567818,29.941471361002186,0.046829927099800744,2001,7
v0,BtNorthAmerica-r0,BtNorthAmerica,P_design1,1,40,15,0.375,15,15,1.0,19.588269686361098,29.941471361002186,0.046829927099800744,2001,7
v0,BtNorthAmerica-r0,BtNorthAmerica,P_design1,2,40,17,0.425,15,15,1.0,19.886959498930537,29.941471361002186,0.046829927099800744,2001,7
v0,BtNorthAmerica-r0,BtNorthAmerica,P_design1,3,40,15,0.375,15,15,1.0,20.341431439761372,29.941471361002186,0.046829927099800744,2001,7
v0,BtNorthAmerica-r0,BtNorthAmerica,P_design1,4,40,15,0.375,15,15,1.0,20.348537233214348,29.941471361002186,0.046829927099800744,2001,7
v0,BtNorthAmerica-r0,BtNorthAmerica,P_design1,5,40,17,0.425,15,15,1.0,20.422641682208848,29.941471361002186,0.046829927099800744,2001,7
v0,BtNorthAmerica-r0,BtNorthAmerica,P_design1,6,40,16,0.4,15,15,1.0,20.38871256103685,29.941471361002186,0.046829927099800744,2001,7
v0,BtNorthAmerica-r0,BtNorthAmerica,P_design1,7,40,18,0.45,15,15,1.0,20.170321660377738,29.941471361002186,0.046829927099800744,2001,7
v0,BtNorthAmerica-r0,BtNorthAmerica,P_design1,8,40,16,0.4,15,15,1.0,20.72994483859064,29.941471361002186,0.046829927099800744,2001,7
v0,BtNorthAmerica-r0,BtNorthAmerica,P_design1,9,40,19,0.475,15,15,1.0,18.532306813108896,29.941471361002186,0.046829927099800744,2001,7
v0,BtNorthAmerica-r0,BtNorthAmerica,P_design1,10,40,17,0.425,15,15,1.0,21.282890356084902,29.941471361002186,0.046829927099800744,2001,7
v0,BtNorthAmerica-r0,BtNorthAmerica,P_design1,11,40,18,0.45,15,15,1.0,19.356199909408566,29.941471361002186,0.046829927099800744,2001,7
v0,BtNorthAmerica-r0,BtNorthAmerica,P_design1,12,40,17,0.425,15,15,1.0,19.813113213758314,29.941471361002186,0.046829927099800744,2001,7
v0,BtNorthAmerica-r0,BtNorthAmerica,P_design1,13,40,17,0.425,15,15,1.0,19.473575761173834,29.941471361002186,0.046829927099800744,2001,7
v0,BtNorthAmerica-r0,BtNorthAmerica,P_design1,14,40,16,0.4,15,15,1.0,21.235677455110377,29.941471361002186,0.046829927099800744,2001,7
v0,BtNorthAmerica-r0,BtNorthAmerica,P_design1,15,40,16,0.4,15,15,1.0,21.852003793476396,29.941471361002186,0.046829927099800744,2001,7
v0,BtNorthAmerica-r0,BtNorthAmerica,P_design1,16,40,16,0.4,15,15,1.0,21.05852874982862,29.941471361002186,0.046829927099800744,2001,7
v0,BtNorthAmerica-r0,BtNorthAmerica,P_design1,17,40,17,0.425,15,15,1.0,20.247053301738134,29.941471361002186,0.046829927099800744,2001,7
v0,BtNorthAmerica-r0,BtNorthAmerica,P_design1,18,40,15,0.375,15,15,1.0,20.81216453317021,29.941471361002186,0.046829927099800744,2001,7
v0,BtNorthAmerica-r0,BtNorthAmerica,P_design1,19,40,15,0.375,15,15,1.0,21.31765791680014,29.941471361002186,0.046829927099800744,2001,7
v0,BtNorthAmerica-r0,BtNorthAmerica,P_design1,20,40,15,0.375,15,15,1.0,19.924027626150863,29.941471361002186,0.046829927099800744,2001,7
v0,BtNorthAmerica-r0,BtNorthAmerica,P_design1,21,40,19,0.475,15,15,1.0,19.34343117347443,29.941471361002186,0.046829927099800744,2001,7
v0,BtNorthAmerica-r0,BtNorthAmerica,P_design1,22,40,16,0.4,15,15,1.0,21.62061031052514,29.941471361002186,0.046829927099800744,2001,7
v0,BtNorthAmerica-r0,BtNorthAmerica,P_design1,23,40,17,0.425,15,15,1.0,19.390291249973224,29.941471361002186,0.046829927099800744,2001,7
v0,BtNorthAmerica-r0,BtNorthAmerica,P_design1,24,40,17,0.425,15,15,1.0,20.157661430377825,29.941471361002186,0.046829927099800744,2001,7
v0,BtNorthAmerica-r0,BtNorthAmerica,P_design1,25,40,16,0.4,15,15,1.0,20.995732961568887,29.941471361002186,0.046829927099800744,2001,7
v0,BtNorthAmerica-r0,BtNorthAmerica,P_design1,26,40,17,0.425,15,15,1.0,20.588428743095875,29.941471361002186,0.046829927099800744,2001,7
v0,BtNorthAmerica-r0,BtNorthAmerica,P_design1,27,40,15,0.375,15,15,1.0,19.7016357999526,29.941471361002186,0.046829927099800744,2001,7
v0,BtNorthAmerica-r0,BtNorthAmerica,P_design1,28,40,16,0.4,15,15,1.0,20.775811056356652,29.941471361002186,0.046829927099800744,2001,7
v0,BtNorthAmerica-r0,BtNorthAmerica,P_design1,29,40,14,0.35,15,15,1.0,20.680084569287622,29.941471361002186,0.046829927099800744,2001,7
v0,BtNorthAmerica-r0,BtNorthAmerica,P_design10,0,40,21,0.525,15,15,1.0,16.10228356895546,238.95668994800508,0.03707969806661519,2001,4
v0,BtNorthAmerica-r0,BtNorthAmerica,P_design10,1,40,21,0.525,15,15,1.0,17.129716802987733,238.95668994800508,0.03707969806661519,2001,4
v0,BtNorthAmerica-r0,BtNorthAmerica,P_design10,2,40,22,0.55,15,15,1.0,16.44594049919194,238.95668994800508,0.03707969806661519,2001,4
v0,BtNorthAmerica-r0,BtNorthAmerica,P_design10,3,40,22,0.55,15,15,1.0,15.963994030555028,238.95668994800508,0.03707969806661519,2001,4
v0,BtNorthAmerica-r0,BtNorthAmerica,P_design10,4,40,22,0.55,15,15,1.0,15.94146922632189,238.95668994800508,0.03707969806661519,2001,4
v0,BtNorthAmerica-r0,BtNorthAmerica,P_design10,5,40,22,0.55,15,15,1.0,16.30607600773273,238.95668994800508,0.03707969806661519,2001,4
v0,BtNorthAmerica-r0,BtNorthAmerica,P_design10,6,40,19,0.475,15,15,1.0,18.013897398942387,238.95668994800508,0.03707969806661519,2001,4
v0,BtNorthAmerica-r0,BtNorthAmerica,P_design10,7,40,22,0.55,15,15,1.0,15.823718628114566,238.95668994800508,0.03707969806661519,2001,4
v0,BtNorthAmerica-r0,BtNorthAmerica,P_design10,8,40,21,0.525,15,15,1.0,15.955105734555024,238.95668994800508,0.03707969806661519,2001,4
v0,BtNorthAmerica-r0,BtNorthAmerica,P_design10,9,40,23,0.575,15,15,1.0,15.84997519055016,238.95668994800508,0.03707969806661519,2001,4
v0,BtNorthAmerica-r0,BtNorthAmerica,P_design10,10,40,22,0.55,15,15,1.0,16.05948565118956,238.95668994800508,0.03707969806661519,2001,4
v0,BtNorthAmerica-r0,BtNorthAmerica,P_design10,11,40,23,0.575,15,15,1.0,16.25158670168389,238.95668994800508,0.03707969806661519,2001,4
v0,BtNorthAmerica-r0,BtNorthAmerica,P_design10,12,40,22,0.55,15,15,1.0,16.056643081217768,238.95668994800508,0.03707969806661519,2001,4
v0,BtNorthAmerica-r0,BtNorthAmerica,P_design10,13,40,22,0.55,15,15,1.0,16.090016553724727,238.95668994800508,0.03707969806661519,2001,4
v0,BtNorthAmerica-r0,BtNorthAmerica,P_design10,14,40,21,0.525,15,15,1.0,16.831154587752746,238.95668994800508,0.03707969806661519,2001,4
v0,BtNorthAmerica-r0,BtNorthAmerica,P_design10,15,40,21,0.525,15,15,1.0,16.414734746650492,238.95668994800508,0.03707969806661519,2001,4
v0,BtNorthAmerica-r0,BtNorthAmerica,P_design10,16,40,19,0.475,15,15,1.0,17.950405859102403,238.95668994800508,0.03707969806661519,2001,4
v0,BtNorthAmerica-r0,BtNorthAmerica,P_design10,17,40,21,0.525,15,15,1.0,16.892186327813913,238.95668994800508,0.03707969806661519,2001,4
v0,BtNorthAmerica-r0,BtNorthAmerica,P_design10,18,40,23,0.575,15,15,1.0,16.00807138014089,238.95668994800508,0.03707969806661519,2001,4
v0,BtNorthAmerica-r0,BtNorthAmerica,P_design10,19,40,23,0.575,15,15,1.0,15.503651395121022,238.95668994800508,0.03707969806661519,2001,4
v0,BtNorthAmerica-r0,BtNorthAmerica,P_design10,20,40,22,0.55,15,15,1.0,15.522142707115334,238.95668994800508,0.03707969806661519,2001,4
v0,BtNorthAmerica-r0,BtNorthAmerica,P_design10,21,40,22,0.55,15,15,1.0,15.87549748913879,238.95668994800508,0.03707969806661519,2001,4
v0,BtNorthAmerica-r0,BtNorthAmerica,P_design10,22,40,21,0.525,15,15,1.0,16.838177635472086,238.95668994800508,0.03707969806661519,2001,4
v0,BtNorthAmerica-r0,BtNorthAmerica,P_design10,23,40,23,0.575,15,15,1.0,16.016264590848373,238.95668994800508,0.03707969806661519,2001,4
v0,BtNorthAmerica-r0,BtNorthAmerica,P_design10,24,40,22,0.55,15,15,1.0,16.22590984074134,238.95668994800508,0.03707969806661519,2001,4
v0,BtNorthAmerica-r0,BtNorthAmerica,P_design10,25,40,21,0.525,15,15,1.0,16.47170691516071,238.95668994800508,0.03707969806661519,2001,4
v0,BtNorthAmerica-r0,BtNorthAmerica,P_design10,26,40,21,0.525,15,15,1.0,17.07961002078017,238.95668994800508,0.03707969806661519,2001,4
v0,BtNorthAmerica-r0,BtNorthAmerica,P_design10,27,40,20,0.5,15,15,1.0,17.413781491623283,238.95668994800508,0.03707969806661519,2001,4
v0,BtNorthAmerica-r0,BtNorthAmerica,P_design10,28,40,21,0.525,15,15,1.0,17.20195406516859,238.95668994800508,0.03707969806661519,2001,4
v0,BtNorthAmerica-r0,BtNorthAmerica,P_design10,29,40,22,0.55,15,15,1.0,15.691785419503221,238.95668994800508,0.03707969806661519,2001,4
v0,BtNorthAmerica-r0,BtNorthAmerica,P_design_expected,0,40,20,0.5,15,15,1.0,17.447002106639346,33.03291620899836,0.046633704966613246,2001,7
v0,BtNorthAmerica-r0,BtNorthAmerica,P_design_expected,1,40,21,0.525,15,15,1.0,16.829576849573417,33.03291620899836,0.046633704966613246,2001,7
v0,BtNorthAmerica-r0,BtNorthAmerica,P_design_expected,2,40,20,0.5,15,15,1.0,17.723281696667495,33.03291620899836,0.046633704966613246,2001,7
v0,BtNorthAmerica-r0,BtNorthAmerica,P_design_expected,3,40,20,0.5,15,15,1.0,17.41616794712174,33.03291620899836,0.046633704966613246,2001,7
v0,BtNorthAmerica-r0,BtNorthAmerica,P_design_expected,4,40,21,0.525,15,15,1.0,17.372186935428076,33.03291620899836,0.046633704966613246,2001,7
v0,BtNorthAmerica-r0,BtNorthAmerica,P_design_expected,5,40,21,0.525,15,15,1.0,17.02607284244985,33.03291620899836,0.046633704966613246,2001,7
v0,BtNorthAmerica-r0,BtNorthAmerica,P_design_expected,6,40,19,0.475,15,15,1.0,17.757644888280485,33.03291620899836,0.046633704966613246,2001,7
v0,BtNorthAmerica-r0,BtNorthAmerica,P_design_expected,7,40,19,0.475,15,15,1.0,17.259630584625743,33.03291620899836,0.046633704966613246,2001,7
v0,BtNorthAmerica-r0,BtNorthAmerica,P_design_expected,8,40,20,0.5,15,15,1.0,18.433726629921303,33.03291620899836,0.046633704966613246,2001,7
v0,BtNorthAmerica-r0,BtNorthAmerica,P_design_expected,9,40,20,0.5,15,15,1.0,17.396805304294965,33.03291620899836,0.046633704966613246,2001,7
v0,BtNorthAmerica-r0,BtNorthAmerica,P_design_expected,10,40,20,0.5,15,15,1.0,17.91233597609537,33.03291620899836,0.046633704966613246,2001,7
v0,BtNorthAmerica-r0,BtNorthAmerica,P_design_expected,11,40,21,0.525,15,15,1.0,17.252254984446534,33.03291620899836,0.046633704966613246,2001,7
v0,BtNorthAmerica-r0,BtNorthAmerica,P_design_expected,12,40,20,0.5,15,15,1.0,17.548246927981335,33.03291620899836,0.046633704966613246,2001,7
v0,BtNorthAmerica-r0,BtNorthAmerica,P_design_expected,13,40,20,0.5,15,15,1.0,17.35905963745907,33.03291620899836,0.046633704966613246,2001,7
v0,BtNorthAmerica-r0,BtNorthAmerica,P_design_expected,14,40,18,0.45,15,15,1.0,19.326357204550725,33.03291620899836,0.046633704966613246,2001,7
v0,BtNorthAmerica-r0,BtNorthAmerica,P_design_expected,15,40,18,0.45,15,15,1.0,20.297906556312427,33.03291620899836,0.046633704966613246,2001,7
v0,BtNorthAmerica-r0,BtNorthAmerica,P_design_expected,16,40,20,0.5,15,15,1.0,18.339745312513923,33.03291620899836,0.046633704966613246,2001,7
v0,BtNorthAmerica-r0,BtNorthAmerica,P_design_expected,17,40,19,0.475,15,15,1.0,17.47137316171328,33.03291620899836,0.046633704966613246,2001,7
v0,BtNorthAmerica-r0,BtNorthAmerica,P_design_expected,18,40,18,0.45,15,15,1.0,18.845262258103126,33.03291620899836,0.046633704966613246,2001,7
v0,BtNorthAmerica-r0,BtNorthAmerica,P_design_expected,19,40,20,0.5,15,15,1.0,17.199446486290174,33.03291620899836,0.046633704966613246,2001,7
v0,BtNorthAmerica-r0,BtNorthAmerica,P_design_expected,20,40,20,0.5,15,15,1.0,16.736888340317666,33.03291620899836,0.046633704966613246,2001,7
v0,BtNorthAmerica-r0,BtNorthAmerica,P_design_expected,21,40,21,0.525,15,15,1.0,16.711694335610776,33.03291620899836,0.046633704966613246,2001,7
v0,BtNorthAmerica-r0,BtNorthAmerica,P_design_expected,22,40,19,0.475,15,15,1.0,18.651627548054446,33.03291620899836,0.046633704966613246,2001,7
v0,BtNorthAmerica-r0,BtNorthAmerica,P_design_expected,23,40,21,0.525,15,15,1.0,17.190145721001304,33.03291620899836,0.046633704966613246,2001,7
v0,BtNorthAmerica-r0,BtNorthAmerica,P_design_expected,24,40,19,0.475,15,15,1.0,17.93435914369023,33.03291620899836,0.046633704966613246,2001,7
v0,BtNorthAmerica-r0,BtNorthAmerica,P_design_expected,25,40,18,0.45,15,15,1.0,18.258871544973513,33.03291620899836,0.046633704966613246,2001,7
v0,BtNorthAmerica-r0,BtNorthAmerica,P_design_expected,26,40,20,0.5,15,15,1.0,18.166071783886665,33.03291620899836,0.046633704966613246,2001,7
v0,BtNorthAmerica-r0,BtNorthAmerica,P_design_expected,27,40,19,0.475,15,15,1.0,18.158618428769984,33.03291620899836,0.046633704966613246,2001,7
v0,BtNorthAmerica-r0,BtNorthAmerica,P_design_expected,28,40,18,0.45,15,15,1.0,18.42635864468595,33.03291620899836,0.046633704966613246,2001,7
v0,BtNorthAmerica-r0,BtNorthAmerica,P_design_expected,29,40,19,0.475,15,15,1.0,17.278544155470613,33.03291620899836,0.046633704966613246,2001,7
v0,Cesnet200603-r0,Cesnet200603,P_design1,0,40,23,0.575,15,15,1.0,15.016595184979082,33.550430048002454,0.052974642399931327,2001,12
v0,Cesnet200603-r0,Cesnet200603,P_design1,1,40,23,0.575,15,15,1.0,14.627684247193196,33.550430048002454,0.052974642399931327,2001,12
v0,Cesnet200603-r0,Cesnet200603,P_design1,2,40,25,0.625,15,15,1.0,13.157946924337967,33.550430048002454,0.052974642399931327,2001,12
v0,Cesnet200603-r0,Cesnet200603,P_design1,3,40,24,0.6,15,15,1.0,14.801127838250421,33.550430048002454,0.052974642399931327,2001,12
v0,Cesnet200603-r0,Cesnet200603,P_design1,4,40,27,0.675,15,15,1.0,11.497308768240742,33.550430048002454,0.052974642399931327,2001,12
v0,Cesnet200603-r0,Cesnet200603,P_design1,5,40,23,0.575,15,15,1.0,14.663597016837866,33.550430048002454,0.052974642399931327,2001,12
v0,Cesnet200603-r0,Cesnet200603,P_design1,6,40,24,0.6,15,15,1.0,14.10233867547597,33.550430048002454,0.052974642399931327,2001,12
v0,Cesnet200603-r0,Cesnet200603,P_design1,7,40,25,0.625,15,15,1.0,12.499510418162272,33.550430048002454,0.052974642399931327,2001,12
v0,Cesnet200603-r0,Cesnet200603,P_design1,8,40,25,0.625,15,15,1.0,13.33508925433881,33.550430048002454,0.052974642399931327,2001,12
v0,Cesnet200603-r0,Cesnet200603,P_design1,9,40,22,0.55,15,15,1.0,15.58492577284351,33.550430048002454,0.052974642399931327,2001,12
v0,Cesnet200603-r0,Cesnet200603,P_design1,10,40,24,0.6,15,15,1.0,13.632385215550133,33.550430048002454,0.052974642399931327,2001,12
v0,Cesnet200603-r0,Cesnet200603,P_design1,11,40,22,0.55,15,15,1.0,14.570574736117612,33.550430048002454,0.052974642399931327,2001,12
v0,Cesnet200603-r0,Cesnet200603,P_design1,12,40,24,0.6,15,15,1.0,14.00326555713912,33.550430048002454,0.052974642399931327,2001,12
v0,Cesnet200603-r0,Cesnet200603,P_design1,13,40,23,0.575,15,15,1.0,14.481593741203204,33.550430048002454,0.052974642399931327,2001,12
v0,Cesnet200603-r0,Cesnet200603,P_design1,14,40,22,0.55,15,15,1.0,13.702042365847555,33.550430048002454,0.052974642399931327,2001,12
v0,Cesnet200603-r0,Cesnet200603,P_design1,15,40,19,0.475,15,15,1.0,14.6052688546367,33.550430048002454,0.052974642399931327,2001,12
v0,Cesnet200603-r0,Cesnet200603,P_design1,16,40,24,0.6,15,15,1.0,12.642432362594757,33.550430048002454,0.052974642399931327,2001,12
v0,Cesnet200603-r0,Cesnet200603,P_design1,17,40,22,0.55,15,15,1.0,16.717249660898112,33.550430048002454,0.052974642399931327,2001,12
v0,Cesnet200603-r0,Cesnet200603,P_design1,18,40,23,0.575,15,15,1.0,13.562403025517535,33.550430048002454,0.052974642399931327,2001,12
v0,Cesnet200603-r0,Cesnet200603,P_design1,19,40,22,0.55,15,15,1.0,12.711521811349932,33.550430048002454,0.052974642399931327,2001,12
v0,Cesnet200603-r0,Cesnet200603,P_design1,20,40,25,0.625,15,15,1.0,13.181919620028937,33.550430048002454,0.052974642399931327,2001,12
v0,Cesnet200603-r0,Cesnet200603,P_design1,21,40,23,0.575,15,15,1.0,12.95446583935306,33.550430048002454,0.052974642399931327,2001,12
v0,Cesnet200603-r0,Cesnet200603,P_design1,22,40,22,0.55,15,15,1.0,14.686065716909978,33.550430048002454,0.052974642399931327,2001,12
v0,Cesnet200603-r0,Cesnet200603,P_design1,23,40,24,0.6,15,15,1.0,14.316739817129058,33.550430048002454,0.052974642399931327,2001,12
v0,Cesnet200603-r0,Cesnet200603,P_design1,24,40,22,0.55,15,15,1.0,15.717281435463367,33.550430048002454,0.052974642399931327,2001,12
v0,Cesnet200603-r0,Cesnet200603,P_design1,25,40,23,0.575,15,15,1.0,14.504048232812151,33.550430048002454,0.052974642399931327,2001,12
v0,Cesnet200603-r0,Cesnet200603,P_design1,26,40,25,0.625,15,15,1.0,13.121665294818413,33.550430048002454,0.052974642399931327,2001,12
v0,Cesnet200603-r0,Cesnet200603,P_design1,27,40,20,0.5,15,15,1.0,14.667628287683929,33.550430048002454,0.052974642399931327,2001,12
v0,Cesnet200603-r0,Cesnet200603,P_design1,28,40,23,0.575,15,15,1.0,13.891141067359124,33.550430048002454,0.052974642399931327,2001,12
v0,Cesnet200603-r0,Cesnet200603,P_design1,29,40,23,0.575,15,15,1.0,14.525455785178973,33.550430048002454,0.052974642399931327,2001,12
v0,Cesnet200603-r0,Cesnet200603,P_design10,0,40,19,0.475,15,15,1.0,19.69759461748442,269.8165466540013,0.037304747433275526,2001,4
v0,Cesnet200603-r0,Cesnet200603,P_design10,1,40,19,0.475,15,15,1.0,18.183353852218406,269.8165466540013,0.037304747433275526,2001,4
v0,Cesnet200603-r0,Cesnet200603,P_design10,2,40,19,0.475,15,15,1.0,18.70483729066176,269.8165466540013,0.037304747433275526,2001,4
v0,Cesnet200603-r0,Cesnet200603,P_design10,3,40,19,0.475,15,15,1.0,18.575434976772296,269.8165466540013,0.037304747433275526,2001,4
v0,Cesnet200603-r0,Cesnet200603,P_design10,4,40,19,0.475,15,15,1.0,19.065156837454303,269.8165466540013,0.037304747433275526,2001,4
v0,Cesnet200603-r0,Cesnet200603,P_design10,5,40,21,0.525,15,15,1.0,16.553289995482988,269.8165466540013,0.037304747433275526,2001,4
v0,Cesnet200603-r0,Cesnet200603,P_design10,6,40,19,0.475,15,15,1.0,19.23544002605194,269.8165466540013,0.037304747433275526,2001,4
v0,Cesnet200603-r0,Cesnet200603,P_design10,7,40,20,0.5,15,15,1.0,17.54834962516354,269.8165466540013,0.037304747433275526,2001,4
v0,Cesnet200603-r0,Cesnet200603,P_design10,8,40,20,0.5,15,15,1.0,17.999754229245852,269.8165466540013,0.037304747433275526,2001,4
v0,Cesnet200603-r0,Cesnet200603,P_design10,9,40,19,0.475,15,15,1.0,19.973416973832578,269.8165466540013,0.037304747433275526,2001,4
v0,Cesnet200603-r0,Cesnet200603,P_design10,10,40,19,0.475,15,15,1.0,18.262765698728128,269.8165466540013,0.037304747433275526,2001,4
v0,Cesnet200603-r0,Cesnet200603,P_design10,11,40,19,0.475,15,15,1.0,18.296164394613754,269.8165466540013,0.037304747433275526,2001,4
v0,Cesnet200603-r0,Cesnet200603,P_design10,12,40,19,0.475,15,15,1.0,18.15605437574081,269.8165466540013,0.037304747433275526,2001,4
v0,Cesnet200603-r0,Cesnet200603,P_design10,13,40,20,0.5,15,15,1.0,18.47066338875479,269.8165466540013,0.037304747433275526,2001,4
v0,Cesnet200603-r0,Cesnet200603,P_design10,14,40,20,0.5,15,15,1.0,17.802561984544223,269.8165466540013,0.037304747433275526,2001,4
v0,Cesnet200603-r0,Cesnet200603,P_design10,15,40,19,0.475,15,15,1.0,18.272693120487286,269.8165466540013,0.037304747433275526,2001,4
v0,Cesnet200603-r0,Cesnet200603,P_design10,16,40,19,0.475,15,15,1.0,18.464560935723217,269.8165466540013,0.037304747433275526,2001,4
v0,Cesnet200603-r0,Cesnet200603,P_design10,17,40,19,0.475,15,15,1.0,19.85209935313672,269.8165466540013,0.037304747433275526,2001,4
v0,Cesnet200603-r0,Cesnet200603,P_design10,18,40,19,0.475,15,15,1.0,19.44423196265769,269.8165466540013,0.037304747433275526,2001,4
v0,Cesnet200603-r0,Cesnet200603,P_design10,19,40,19,0.475,15,15,1.0,18.317387079608327,269.8165466540013,0.037304747433275526,2001,4
v0,Cesnet200603-r0,Cesnet200603,P_design10,20,40,20,0.5,15,15,1.0,18.51966444102468,269.8165466540013,0.037304747433275526,2001,4
v0,Cesnet200603-r0,Cesnet200603,P_design10,21,40,20,0.5,15,15,1.0,17.02890133309087,269.8165466540013,0.037304747433275526,2001,4
v0,Cesnet200603-r0,Cesnet200603,P_design10,22,40,19,0.475,15,15,1.0,18.893664920427547,269.8165466540013,0.037304747433275526,2001,4
v0,Cesnet200603-r0,Cesnet200603,P_design10,23,40,19,0.475,15,15,1.0,18.102365114909528,269.8165466540013,0.037304747433275526,2001,4
v0,Cesnet200603-r0,Cesnet200603,P_design10,24,40,19,0.475,15,15,1.0,17.172079932371766,269.8165466540013,0.037304747433275526,2001,4
v0,Cesnet200603-r0,Cesnet200603,P_design10,25,40,20,0.5,15,15,1.0,17.786352536717057,269.8165466540013,0.037304747433275526,2001,4
v0,Cesnet200603-r0,Cesnet200603,P_design10,26,40,19,0.475,15,15,1.0,18.734073155699804,269.8165466540013,0.037304747433275526,2001,4
v0,Cesnet200603-r0,Cesnet200603,P_design10,27,40,19,0.475,15,15,1.0,18.761765278022292,269.8165466540013,0.037304747433275526,2001,4
v0,Cesnet200603-r0,Cesnet200603,P_design10,28,40,20,0.5,15,15,1.0,17.1424438690111,269.8165466540013,0.037304747433275526,2001,4
v0,Cesnet200603-r0,Cesnet200603,P_design10,29,40,19,0.475,15,15,1.0,19.958644762497244,269.8165466540013,0.037304747433275526,2001,4
v0,Cesnet200603-r0,Cesnet200603,P_design_expected,0,40,29,0.725,15,15,1.0,10.164651198669302,34.200494855002034,0.05348302320004829,2001,11
v0,Cesnet200603-r0,Cesnet200603,P_design_expected,1,40,29,0.725,15,15,1.0,10.512856051742821,34.200494855002034,0.05348302320004829,2001,11
v0,Cesnet200603-r0,Cesnet200603,P_design_expected,2,40,25,0.625,15,15,1.0,10.969235761629674,34.200494855002034,0.05348302320004829,2001,11
v0,Cesnet200603-r0,Cesnet200603,P_design_expected,3,40,25,0.625,15,15,1.0,12.389534393020531,34.200494855002034,0.05348302320004829,2001,11
v0,Cesnet200603-r0,Cesnet200603,P_design_expected,4,40,29,0.725,15,15,1.0,10.04114646437687,34.200494855002034,0.05348302320004829,2001,11
v0,Cesnet200603-r0,Cesnet200603,P_design_expected,5,40,28,0.7,15,15,1.0,10.948691225810608,34.200494855002034,0.05348302320004829,2001,11
v0,Cesnet200603-r0,Cesnet200603,P_design_expected,6,40,24,0.6,15,15,1.0,11.782499068066421,34.200494855002034,0.05348302320004829,2001,11
v0,Cesnet200603-r0,Cesnet200603,P_design_expected,7,40,28,0.7,15,15,1.0,10.36881654858495,34.200494855002034,0.05348302320004829,2001,11
v0,Cesnet200603-r0,Cesnet200603,P_design_expected,8,40,25,0.625,15,15,1.0,12.126652828948977,34.200494855002034,0.05348302320004829,2001,11
v0,Cesnet200603-r0,Cesnet200603,P_design_expected,9,40,27,0.675,15,15,1.0,10.410752295653083,34.200494855002034,0.05348302320004829,2001,11
v0,Cesnet200603-r0,Cesnet200603,P_design_expected,10,40,26,0.65,15,15,1.0,11.582413773479168,34.200494855002034,0.05348302320004829,2001,11
v0,Cesnet200603-r0,Cesnet200603,P_design_expected,11,40,28,0.7,15,15,1.0,10.655067456543001,34.200494855002034,0.05348302320004829,2001,11
v0,Cesnet200603-r0,Cesnet200603,P_design_expected,12,40,25,0.625,15,15,1.0,10.9815637826072,34.200494855002034,0.05348302320004829,2001,11
v0,Cesnet200603-r0,Cesnet200603,P_design_expected,13,40,24,0.6,15,15,1.0,11.407717194016765,34.200494855002034,0.05348302320004829,2001,11
v0,Cesnet200603-r0,Cesnet200603,P_design_expected,14,40,26,0.65,15,15,1.0,11.599375340854987,34.200494855002034,0.05348302320004829,2001,11
v0,Cesnet200603-r0,Cesnet200603,P_design_expected,15,40,27,0.675,15,15,1.0,11.205631290555091,34.200494855002034,0.05348302320004829,2001,11
v0,Cesnet200603-r0,Cesnet200603,P_design_expected,16,40,26,0.65,15,15,1.0,10.793883576134842,34.200494855002034,0.05348302320004829,2001,11
v0,Cesnet200603-r0,Cesnet200603,P_design_expected,17,40,27,0.675,15,15,1.0,11.66772471720759,34.200494855002034,0.05348302320004829,2001,11
v0,Cesnet200603-r0,Cesnet200603,P_design_expected,18,40,27,0.675,15,15,1.0,11.5642697858418,34.200494855002034,0.05348302320004829,2001,11
v0,Cesnet200603-r0,Cesnet200603,P_design_expected,19,40,26,0.65,15,15,1.0,10.800088823237665,34.200494855002034,0.05348302320004829,2001,11
v0,Cesnet200603-r0,Cesnet200603,P_design_expected,20,40,25,0.625,15,15,1.0,11.06342377080382,34.200494855002034,0.05348302320004829,2001,11
v0,Cesnet200603-r0,Cesnet200603,P_design_expected,21,40,28,0.7,15,15,1.0,10.54103441146797,34.200494855002034,0.05348302320004829,2001,11
v0,Cesnet200603-r0,Cesnet200603,P_design_expected,22,40,27,0.675,15,15,1.0,10.770238208839425,34.200494855002034,0.05348302320004829,2001,11
v0,Cesnet200603-r0,Cesnet200603,P_design_expected,23,40,26,0.65,15,15,1.0,10.83326581686067,34.200494855002034,0.05348302320004829,2001,11
v0,Cesnet200603-r0,Cesnet200603,P_design_expected,24,40,27,0.675,15,15,1.0,11.211039185116876,34.200494855002034,0.05348302320004829,2001,11
v0,Cesnet200603-r0,Cesnet200603,P_design_expected,25,40,28,0.7,15,15,1.0,10.677780538337576,34.200494855002034,0.05348302320004829,2001,11
v0,Cesnet200603-r0,Cesnet200603,P_design_expected,26,40,28,0.7,15,15,1.0,10.638942639586064,34.200494855002034,0.05348302320004829,2001,11
v0,Cesnet200603-r0,Cesnet200603,P_design_expected,27,40,26,0.65,15,15,1.0,11.17929277225246,34.200494855002034,0.05348302320004829,2001,11
v0,Cesnet200603-r0,Cesnet200603,P_design_expected,28,40,29,0.725,15,15,1.0,10.889226539190654,34.200494855002034,0.05348302320004829,2001,11
v0,Cesnet200603-r0,Cesnet200603,P_design_expected,29,40,26,0.65,15,15,1.0,11.581621527149444,34.200494855002034,0.05348302320004829,2001,11
v0,Digex-r0,Digex,P_design1,0,40,14,0.35,15,15,1.0,20.41404015944763,55.18413355600205,0.08037871459988916,2001,8
v0,Digex-r0,Digex,P_design1,1,40,19,0.475,15,15,1.0,16.808221228555823,55.18413355600205,0.08037871459988916,2001,8
v0,Digex-r0,Digex,P_design1,2,40,19,0.475,15,15,1.0,16.76992853483858,55.18413355600205,0.08037871459988916,2001,8
v0,Digex-r0,Digex,P_design1,3,40,20,0.5,15,15,1.0,16.221411938463625,55.18413355600205,0.08037871459988916,2001,8
v0,Digex-r0,Digex,P_design1,4,40,18,0.45,15,15,1.0,16.242206177573628,55.18413355600205,0.08037871459988916,2001,8
v0,Digex-r0,Digex,P_design1,5,40,20,0.5,15,15,1.0,16.004782221412338,55.18413355600205,0.08037871459988916,2001,8
v0,Digex-r0,Digex,P_design1,6,40,17,0.425,15,15,1.0,17.884049625710485,55.18413355600205,0.08037871459988916,2001,8
v0,Digex-r0,Digex,P_design1,7,40,19,0.475,15,15,1.0,16.804171355861623,55.18413355600205,0.08037871459988916,2001,8
v0,Digex-r0,Digex,P_design1,8,40,15,0.375,15,15,1.0,20.116130239767966,55.18413355600205,0.08037871459988916,2001,8
v0,Digex-r0,Digex,P_design1,9,40,20,0.5,15,15,1.0,15.84691427779983,55.18413355600205,0.08037871459988916,2001,8
v0,Digex-r0,Digex,P_design1,10,40,15,0.375,15,15,1.0,19.572013876053937,55.18413355600205,0.08037871459988916,2001,8
v0,Digex-r0,Digex,P_design1,11,40,18,0.45,15,15,1.0,17.63143071312349,55.18413355600205,0.08037871459988916,2001,8
v0,Digex-r0,Digex,P_design1,12,40,17,0.425,15,15,1.0,15.945171836684144,55.18413355600205,0.08037871459988916,2001,8
v0,Digex-r0,Digex,P_design1,13,40,17,0.425,15,15,1.0,17.55058927089713,55.18413355600205,0.08037871459988916,2001,8
v0,Digex-r0,Digex,P_design1,14,40,20,0.5,15,15,1.0,17.11732154815743,55.18413355600205,0.08037871459988916,2001,8
v0,Digex-r0,Digex,P_design1,15,40,19,0.475,15,15,1.0,16.894821300170868,55.18413355600205,0.08037871459988916,2001,8
v0,Digex-r0,Digex,P_design1,16,40,18,0.45,15,15,1.0,16.86654771071391,55.18413355600205,0.08037871459988916,2001,8
v0,Digex-r0,Digex,P_design1,17,40,19,0.475,15,15,1.0,16.47529074839969,55.18413355600205,0.08037871459988916,2001,8
v0,Digex-r0,Digex,P_design1,18,40,15,0.375,15,15,1.0,20.160086479081905,55.18413355600205,0.08037871459988916,2001,8
v0,Digex-r0,Digex,P_design1,19,40,15,0.375,15,15,1.0,20.442067858338415,55.18413355600205,0.08037871459988916,2001,8
v0,Digex-r0,Digex,P_design1,20,40,18,0.45,15,15,1.0,17.300543000347446,55.18413355600205,0.08037871459988916,2001,8
v0,Digex-r0,Digex,P_design1,21,40,18,0.45,15,15,1.0,17.422813379720637,55.18413355600205,0.08037871459988916,2001,8
v0,Digex-r0,Digex,P_design1,22,40,18,0.45,15,15,1.0,16.586358896601364,55.18413355600205,0.08037871459988916,2001,8
v0,Digex-r0,Digex,P_design1,23,40,17,0.425,15,15,1.0,18.907256275618312,55.18413355600205,0.08037871459988916,2001,8
v0,Digex-r0,Digex,P_design1,24,40,18,0.45,15,15,1.0,16.401282174822207,55.18413355600205,0.08037871459988916,2001,8
v0,Digex-r0,Digex,P_design1,25,40,21,0.525,15,15,1.0,15.655774809144877,55.18413355600205,0.08037871459988916,2001,8
v0,Digex-r0,Digex,P_design1,26,40,20,0.5,15,15,1.0,15.663550086461536,55.18413355600205,0.08037871459988916,2001,8
v0,Digex-r0,Digex,P_design1,27,40,19,0.475,15,15,1.0,15.692373963721359,55.18413355600205,0.08037871459988916,2001,8
v0,Digex-r0,Digex,P_design1,28,40,17,0.425,15,15,1.0,17.363678224614876,55.18413355600205,0.08037871459988916,2001,8
v0,Digex-r0,Digex,P_design1,29,40,19,0.475,15,15,1.0,16.158819252507286,55.18413355600205,0.08037871459988916,2001,8
v0,Digex-r0,Digex,P_design10,0,40,20,0.5,15,15,1.0,15.335372803533707,352.95967774699966,0.026603203633324787,2001,9
v0,Digex-r0,Digex,P_design10,1,40,20,0.5,15,15,1.0,15.465378225829152,352.95967774699966,0.026603203633324787,2001,9
v0,Digex-r0,Digex,P_design10,2,40,19,0.475,15,15,1.0,15.358366277855628,352.95967774699966,0.026603203633324787,2001,9
v0,Digex-r0,Digex,P_design10,3,40,18,0.45,15,15,1.0,16.56334303837105,352.95967774699966,0.026603203633324787,2001,9
v0,Digex-r0,Digex,P_design10,4,40,19,0.475,15,15,1.0,15.458643137997296,352.95967774699966,0.026603203633324787,2001,9
v0,Digex-r0,Digex,P_design10,5,40,19,0.475,15,15,1.0,16.22217147632698,352.95967774699966,0.026603203633324787,2001,9
v0,Digex-r0,Digex,P_design10,6,40,19,0.475,15,15,1.0,16.187237435011838,352.95967774699966,0.026603203633324787,2001,9
v0,Digex-r0,Digex,P_design10,7,40,19,0.475,15,15,1.0,16.605371364361062,352.95967774699966,0.026603203633324787,2001,9
v0,Digex-r0,Digex,P_design10,8,40,20,0.5,15,15,1.0,15.619599143735362,352.95967774699966,0.026603203633324787,2001,9
v0,Digex-r0,Digex,P_design10,9,40,20,0.5,15,15,1.0,16.15254102987284,352.95967774699966,0.026603203633324787,2001,9
v0,Digex-r0,Digex,P_design10,10,40,19,0.475,15,15,1.0,17.70065807746707,352.95967774699966,0.026603203633324787,2001,9
v0,Digex-r0,Digex,P_design10,11,40,18,0.45,15,15,1.0,16.200374717428453,352.95967774699966,0.026603203633324787,2001,9
v0,Digex-r0,Digex,P_design10,12,40,21,0.525,15,15,1.0,14.344613512213725,352.95967774699966,0.026603203633324787,2001,9
v0,Digex-r0,Digex,P_design10,13,40,20,0.5,15,15,1.0,15.123345990521788,352.95967774699966,0.026603203633324787,2001,9
v0,Digex-r0,Digex,P_design10,14,40,20,0.5,15,15,1.0,16.058777529377558,352.95967774699966,0.026603203633324787,2001,9
v0,Digex-r0,Digex,P_design10,15,40,20,0.5,15,15,1.0,15.58979575199664,352.95967774699966,0.026603203633324787,2001,9
v0,Digex-r0,Digex,P_design10,16,40,20,0.5,15,15,1.0,16.107114678531836,352.95967774699966,0.026603203633324787,2001,9
v0,Digex-r0,Digex,P_design10,17,40,21,0.525,15,15,1.0,14.630351638069259,352.95967774699966,0.026603203633324787,2001,9
v0,Digex-r0,Digex,P_design10,18,40,21,0.525,15,15,1.0,14.91598396973183,352.95967774699966,0.026603203633324787,2001,9
v0,Digex-r0,Digex,P_design10,19,40,19,0.475,15,15,1.0,16.28132634664051,352.95967774699966,0.026603203633324787,2001,9
v0,Digex-r0,Digex,P_design10,20,40,20,0.5,15,15,1.0,15.381642131408297,352.95967774699966,0.026603203633324787,2001,9
v0,Digex-r0,Digex,P_design10,21,40,19,0.475,15,15,1.0,15.355521074037252,352.95967774699966,0.026603203633324787,2001,9
v0,Digex-r0,Digex,P_design10,22,40,19,0.475,15,15,1.0,15.704792145484353,352.95967774699966,0.026603203633324787,2001,9
v0,Digex-r0,Digex,P_design10,23,40,18,0.45,15,15,1.0,16.22163639670226,352.95967774699966,0.026603203633324787,2001,9
v0,Digex-r0,Digex,P_design10,24,40,18,0.45,15,15,1.0,15.862172187494174,352.95967774699966,0.026603203633324787,2001,9
v0,Digex-r0,Digex,P_design10,25,40,20,0.5,15,15,1.0,15.171223292711,352.95967774699966,0.026603203633324787,2001,9
v0,Digex-r0,Digex,P_design10,26,40,21,0.525,15,15,1.0,14.710614126806245,352.95967774699966,0.026603203633324787,2001,9
v0,Digex-r0,Digex,P_design10,27,40,19,0.475,15,15,1.0,15.923101513795512,352.95967774699966,0.026603203633324787,2001,9
v0,Digex-r0,Digex,P_design10,28,40,20,0.5,15,15,1.0,15.139655822086299,352.95967774699966,0.026603203633324787,2001,9
v0,Digex-r0,Digex,P_design10,29,40,19,0.475,15,15,1.0,15.785845115082182,352.95967774699966,0.026603203633324787,2001,9
v0,Digex-r0,Digex,P_design_expected,0,40,15,0.375,15,15,1.0,19.624951136473733,51.42158213999937,0.07604016390008231,2001,4
v0,Digex-r0,Digex,P_design_expected,1,40,18,0.45,15,15,1.0,17.06695088451992,51.42158213999937,0.07604016390008231,2001,4
v0,Digex-r0,Digex,P_design_expected,2,40,17,0.425,15,15,1.0,18.689757999846577,51.42158213999937,0.07604016390008231,2001,4
v0,Digex-r0,Digex,P_design_expected,3,40,18,0.45,15,15,1.0,16.601060512917776,51.42158213999937,0.07604016390008231,2001,4
v0,Digex-r0,Digex,P_design_expected,4,40,18,0.45,15,15,1.0,16.82418307884991,51.42158213999937,0.07604016390008231,2001,4
v0,Digex-r0,Digex,P_design_expected,5,40,18,0.45,15,15,1.0,16.91568911805987,51.42158213999937,0.07604016390008231,2001,4
v0,Digex-r0,Digex,P_design_expected,6,40,17,0.425,15,15,1.0,17.332637843791264,51.42158213999937,0.07604016390008231,2001,4
v0,Digex-r0,Digex,P_design_expected,7,40,17,0.425,15,15,1.0,19.400742947908668,51.42158213999937,0.07604016390008231,2001,4
v0,Digex-r0,Digex,P_design_expected,8,40,21,0.525,15,15,1.0,15.478239592705714,51.42158213999937,0.07604016390008231,2001,4
v0,Digex-r0,Digex,P_design_expected,9,40,20,0.5,15,15,1.0,16.019394099777543,51.42158213999937,0.07604016390008231,2001,4
v0,Digex-r0,Digex,P_design_expected,10,40,17,0.425,15,15,1.0,18.69965972047744,51.42158213999937,0.07604016390008231,2001,4
v0,Digex-r0,Digex,P_design_expected,11,40,19,0.475,15,15,1.0,15.678870546991572,51.42158213999937,0.07604016390008231,2001,4
v0,Digex-r0,Digex,P_design_expected,12,40,19,0.475,15,15,1.0,15.727736812721561,51.42158213999937,0.07604016390008231,2001,4
v0,Digex-r0,Digex,P_design_expected,13,40,15,0.375,15,15,1.0,20.673076672314426,51.42158213999937,0.07604016390008231,2001,4
v0,Digex-r0,Digex,P_design_expected,14,40,16,0.4,15,15,1.0,17.939755326799695,51.42158213999937,0.07604016390008231,2001,4
v0,Digex-r0,Digex,P_design_expected,15,40,18,0.45,15,15,1.0,16.1164603743552,51.42158213999937,0.07604016390008231,2001,4
v0,Digex-r0,Digex,P_design_expected,16,40,16,0.4,15,15,1.0,17.56377041460906,51.42158213999937,0.07604016390008231,2001,4
v0,Digex-r0,Digex,P_design_expected,17,40,17,0.425,15,15,1.0,17.860710416614822,51.42158213999937,0.07604016390008231,2001,4
v0,Digex-r0,Digex,P_design_expected,18,40,17,0.425,15,15,1.0,17.945991425998724,51.42158213999937,0.07604016390008231,2001,4
v0,Digex-r0,Digex,P_design_expected,19,40,17,0.425,15,15,1.0,17.85995068850132,51.42158213999937,0.07604016390008231,2001,4
v0,Digex-r0,Digex,P_design_expected,20,40,18,0.45,15,15,1.0,17.144079562288155,51.42158213999937,0.07604016390008231,2001,4
v0,Digex-r0,Digex,P_design_expected,21,40,19,0.475,15,15,1.0,16.84833560872358,51.42158213999937,0.07604016390008231,2001,4
v0,Digex-r0,Digex,P_design_expected,22,40,20,0.5,15,15,1.0,15.715868325510872,51.42158213999937,0.07604016390008231,2001,4
v0,Digex-r0,Digex,P_design_expected,23,40,18,0.45,15,15,1.0,18.264927215784848,51.42158213999937,0.07604016390008231,2001,4
v0,Digex-r0,Digex,P_design_expected,24,40,17,0.425,15,15,1.0,17.076194909739463,51.42158213999937,0.07604016390008231,2001,4
v0,Digex-r0,Digex,P_design_expected,25,40,18,0.45,15,15,1.0,16.2352151787533,51.42158213999937,0.07604016390008231,2001,4
v0,Digex-r0,Digex,P_design_expected,26,40,20,0.5,15,15,1.0,15.746128000386348,51.42158213999937,0.07604016390008231,2001,4
v0,Digex-r0,Digex,P_design_expected,27,40,19,0.475,15,15,1.0,14.958926945897566,51.42158213999937,0.07604016390008231,2001,4
v0,Digex-r0,Digex,P_design_expected,28,40,20,0.5,15,15,1.0,15.901812456267118,51.42158213999937,0.07604016390008231,2001,4
v0,Digex-r0,Digex,P_design_expected,29,40,18,0.45,15,15,1.0,16.19911928137318,51.42158213999937,0.07604016390008231,2001,4
v0,Easynet-r0,Easynet,P_design1,0,40,6,0.15,15,15,1.0,30.490684732530486,35.666987663003965,0.044120981799884856,2001,10
v0,Easynet-r0,Easynet,P_design1,1,40,6,0.15,15,15,1.0,30.307917686733163,35.666987663003965,0.044120981799884856,2001,10
v0,Easynet-r0,Easynet,P_design1,2,40,6,0.15,15,15,1.0,30.53743766785652,35.666987663003965,0.044120981799884856,2001,10
v0,Easynet-r0,Easynet,P_design1,3,40,5,0.125,15,15,1.0,31.267066904267256,35.666987663003965,0.044120981799884856,2001,10
v0,Easynet-r0,Easynet,P_design1,4,40,6,0.15,15,15,1.0,30.607632702175867,35.666987663003965,0.044120981799884856,2001,10
v0,Easynet-r0,Easynet,P_design1,5,40,6,0.15,15,15,1.0,29.597535088483383,35.666987663003965,0.044120981799884856,2001,10
v0,Easynet-r0,Easynet,P_design1,6,40,6,0.15,15,15,1.0,30.60149938715126,35.666987663003965,0.044120981799884856,2001,10
v0,Easynet-r0,Easynet,P_design1,7,40,5,0.125,15,15,1.0,30.44800957269812,35.666987663003965,0.044120981799884856,2001,10
v0,Easynet-r0,Easynet,P_design1,8,40,6,0.15,15,15,1.0,29.974047797308362,35.666987663003965,0.044120981799884856,2001,10
v0,Easynet-r0,Easynet,P_design1,9,40,6,0.15,15,15,1.0,30.212555655384236,35.666987663003965,0.044120981799884856,2001,10
v0,Easynet-r0,Easynet,P_design1,10,40,5,0.125,15,15,1.0,30.42228189943529,35.666987663003965,0.044120981799884856,2001,10
v0,Easynet-r0,Easynet,P_design1,11,40,5,0.125,15,15,1.0,31.035798700420788,35.666987663003965,0.044120981799884856,2001,10
v0,Easynet-r0,Easynet,P_design1,12,40,6,0.15,15,15,1.0,30.36926527134683,35.666987663003965,0.044120981799884856,2001,10
v0,Easynet-r0,Easynet,P_design1,13,40,6,0.15,15,15,1.0,30.57560065449186,35.666987663003965,0.044120981799884856,2001,10
v0,Easynet-r0,Easynet,P_design1,14,40,6,0.15,15,15,1.0,30.184601655235525,35.666987663003965,0.044120981799884856,2001,10
v0,Easynet-r0,Easynet,P_design1,15,40,5,0.125,15,15,1.0,30.967599031599647,35.666987663003965,0.044120981799884856,2001,10
v0,Easynet-r0,Easynet,P_design1,16,40,6,0.15,15,15,1.0,30.15797796751904,35.666987663003965,0.044120981799884856,2001,10
v0,Easynet-r0,Easynet,P_design1,17,40,6,0.15,15,15,1.0,30.735228789254855,35.666987663003965,0.044120981799884856,2001,10
v0,Easynet-r0,Easynet,P_design1,18,40,5,0.125,15,15,1.0,30.853508125903254,35.666987663003965,0.044120981799884856,2001,10
v0,Easynet-r0,Easynet,P_design1,19,40,5,0.125,15,15,1.0,30.154331097798718,35.666987663003965,0.044120981799884856,2001,10
v0,Easynet-r0,Easynet,P_design1,20,40,6,0.15,15,15,1.0,30.173028094786375,35.666987663003965,0.044120981799884856,2001,10
v0,Easynet-r0,Easynet,P_design1,21,40,6,0.15,15,15,1.0,30.774932161636148,35.666987663003965,0.044120981799884856,2001,10
v0,Easynet-r0,Easynet,P_design1,22,40,5,0.125,15,15,1.0,30.460722830321345,35.666987663003965,0.044120981799884856,2001,10
v0,Easynet-r0,Easynet,P_design1,23,40,6,0.15,15,15,1.0,30.645152512741433,35.666987663003965,0.044120981799884856,2001,10
v0,Easynet-r0,Easynet,P_design1,24,40,6,0.15,15,15,1.0,30.361388714639588,35.666987663003965,0.044120981799884856,2001,10
v0,Easynet-r0,Easynet,P_design1,25,40,6,0.15,15,15,1.0,29.53118194770072,35.666987663003965,0.044120981799884856,2001,10
v0,Easynet-r0,Easynet,P_design1,26,40,6,0.15,15,15,1.0,29.970859447425084,35.666987663003965,0.044120981799884856,2001,10
v0,Easynet-r0,Easynet,P_design1,27,40,5,0.125,15,15,1.0,30.60023453700399,35.666987663003965,0.044120981799884856,2001,10
v0,Easynet-r0,Easynet,P_design1,28,40,5,0.125,15,15,1.0,30.38330961534328,35.666987663003965,0.044120981799884856,2001,10
v0,Easynet-r0,Easynet,P_design1,29,40,6,0.15,15,15,1.0,30.775742254141548,35.666987663003965,0.044120981799884856,2001,10
v0,Easynet-r0,Easynet,P_design10,0,40,8,0.2,15,15,1.0,27.226880917478,271.7328823630014,0.01891380450009213,2001,15
v0,Easynet-r0,Easynet,P_design10,1,40,9,0.225,15,15,1.0,26.88840958035321,271.7328823630014,0.01891380450009213,2001,15
v0,Easynet-r0,Easynet,P_design10,2,40,10,0.25,15,15,1.0,26.44101688657694,271.7328823630014,0.01891380450009213,2001,15
v0,Easynet-r0,Easynet,P_design10,3,40,10,0.25,15,15,1.0,26.8172789559118,271.7328823630014,0.01891380450009213,2001,15
v0,Easynet-r0,Easynet,P_design10,4,40,8,0.2,15,15,1.0,28.02613933152892,271.7328823630014,0.01891380450009213,2001,15
v0,Easynet-r0,Easynet,P_design10,5,40,6,0.15,15,15,1.0,28.682887297624674,271.7328823630014,0.01891380450009213,2001,15
v0,Easynet-r0,Easynet,P_design10,6,40,10,0.25,15,15,1.0,26.49795977403683,271.7328823630014,0.01891380450009213,2001,15
v0,Easynet-r0,Easynet,P_design10,7,40,9,0.225,15,15,1.0,26.844620059599173,271.7328823630014,0.01891380450009213,2001,15
v0,Easynet-r0,Easynet,P_design10,8,40,7,0.175,15,15,1.0,28.26043270233982,271.7328823630014,0.01891380450009213,2001,15
v0,Easynet-r0,Easynet,P_design10,9,40,10,0.25,15,15,1.0,26.63198351947439,271.7328823630014,0.01891380450009213,2001,15
v0,Easynet-r0,Easynet,P_design10,10,40,9,0.225,15,15,1.0,27.36343167319481,271.7328823630014,0.01891380450009213,2001,15
v0,Easynet-r0,Easynet,P_design10,11,40,9,0.225,15,15,1.0,27.237019189970134,271.7328823630014,0.01891380450009213,2001,15
v0,Easynet-r0,Easynet,P_design10,12,40,10,0.25,15,15,1.0,26.657659457632523,271.7328823630014,0.01891380450009213,2001,15
v0,Easynet-r0,Easynet,P_design10,13,40,10,0.25,15,15,1.0,25.569604432110282,271.7328823630014,0.01891380450009213,2001,15
v0,Easynet-r0,Easynet,P_design10,14,40,10,0.25,15,15,1.0,26.36500886100885,271.7328823630014,0.01891380450009213,2001,15
v0,Easynet-r0,Easynet,P_design10,15,40,8,0.2,15,15,1.0,26.46979361017885,271.7328823630014,0.01891380450009213,2001,15
v0,Easynet-r0,Easynet,P_design10,16,40,10,0.25,15,15,1.0,26.590015308519153,271.7328823630014,0.01891380450009213,2001,15
v0,Easynet-r0,Easynet,P_design10,17,40,10,0.25,15,15,1.0,26.46062076181077,271.7328823630014,0.01891380450009213,2001,15
v0,Easynet-r0,Easynet,P_design10,18,40,10,0.25,15,15,1.0,26.555058217349107,271.7328823630014,0.01891380450009213,2001,15
v0,Easynet-r0,Easynet,P_design10,19,40,11,0.275,15,15,1.0,25.611138297857106,271.7328823630014,0.01891380450009213,2001,15
v0,Easynet-r0,Easynet,P_design10,20,40,7,0.175,15,15,1.0,27.98399611905976,271.7328823630014,0.01891380450009213,2001,15
v0,Easynet-r0,Easynet,P_design10,21,40,7,0.175,15,15,1.0,28.926499740799535,271.7328823630014,0.01891380450009213,2001,15
v0,Easynet-r0,Easynet,P_design10,22,40,10,0.25,15,15,1.0,26.185541573893094,271.7328823630014,0.01891380450009213,2001,15
v0,Easynet-r0,Easynet,P_design10,23,40,9,0.225,15,15,1.0,27.152039726242023,271.7328823630014,0.01891380450009213,2001,15
v0,Easynet-r0,Easynet,P_design10,24,40,10,0.25,15,15,1.0,26.66816588564343,271.7328823630014,0.01891380450009213,2001,15
v0,Easynet-r0,Easynet,P_design10,25,40,10,0.25,15,15,1.0,26.572442124823734,271.7328823630014,0.01891380450009213,2001,15
v0,Easynet-r0,Easynet,P_design10,26,40,8,0.2,15,15,1.0,27.79367283078314,271.7328823630014,0.01891380450009213,2001,15
v0,Easynet-r0,Easynet,P_design10,27,40,9,0.225,15,15,1.0,25.659652693138124,271.7328823630014,0.01891380450009213,2001,15
v0,Easynet-r0,Easynet,P_design10,28,40,9,0.225,15,15,1.0,26.239685499635115,271.7328823630014,0.01891380450009213,2001,15
v0,Easynet-r0,Easynet,P_design10,29,40,7,0.175,15,15,1.0,28.034108472121734,271.7328823630014,0.01891380450009213,2001,15
v0,Easynet-r0,Easynet,P_design_expected,0,40,5,0.125,15,15,1.0,29.422847273349266,31.737485861005553,0.04112648723336557,2001,8
v0,Easynet-r0,Easynet,P_design_expected,1,40,6,0.15,15,15,1.0,30.305969072380545,31.737485861005553,0.04112648723336557,2001,8
v0,Easynet-r0,Easynet,P_design_expected,2,40,5,0.125,15,15,1.0,29.91208413528087,31.737485861005553,0.04112648723336557,2001,8
v0,Easynet-r0,Easynet,P_design_expected,3,40,5,0.125,15,15,1.0,30.524372626596207,31.737485861005553,0.04112648723336557,2001,8
v0,Easynet-r0,Easynet,P_design_expected,4,40,6,0.15,15,15,1.0,30.147296803467963,31.737485861005553,0.04112648723336557,2001,8
v0,Easynet-r0,Easynet,P_design_expected,5,40,6,0.15,15,15,1.0,28.496917760259695,31.737485861005553,0.04112648723336557,2001,8
v0,Easynet-r0,Easynet,P_design_expected,6,40,5,0.125,15,15,1.0,29.94521588764327,31.737485861005553,0.04112648723336557,2001,8
v0,Easynet-r0,Easynet,P_design_expected,7,40,6,0.15,15,15,1.0,28.91846449025259,31.737485861005553,0.04112648723336557,2001,8
v0,Easynet-r0,Easynet,P_design_expected,8,40,7,0.175,15,15,1.0,28.967795631226064,31.737485861005553,0.04112648723336557,2001,8
v0,Easynet-r0,Easynet,P_design_expected,9,40,6,0.15,15,15,1.0,29.334451454913342,31.737485861005553,0.04112648723336557,2001,8
v0,Easynet-r0,Easynet,P_design_expected,10,40,5,0.125,15,15,1.0,29.99742515007775,31.737485861005553,0.04112648723336557,2001,8
v0,Easynet-r0,Easynet,P_design_expected,11,40,6,0.15,15,15,1.0,30.068050456513266,31.737485861005553,0.04112648723336557,2001,8
v0,Easynet-r0,Easynet,P_design_expected,12,40,6,0.15,15,15,1.0,29.622266240474758,31.737485861005553,0.04112648723336557,2001,8
v0,Easynet-r0,Easynet,P_design_expected,13,40,6,0.15,15,15,1.0,29.83346792114545,31.737485861005553,0.04112648723336557,2001,8
v0,Easynet-r0,Easynet,P_design_expected,14,40,7,0.175,15,15,1.0,28.474836654790092,31.737485861005553,0.04112648723336557,2001,8
v0,Easynet-r0,Easynet,P_design_expected,15,40,6,0.15,15,15,1.0,29.002054512230416,31.737485861005553,0.04112648723336557,2001,8
v0,Easynet-r0,Easynet,P_design_expected,16,40,5,0.125,15,15,1.0,30.232242015838775,31.737485861005553,0.04112648723336557,2001,8
v0,Easynet-r0,Easynet,P_design_expected,17,40,6,0.15,15,15,1.0,29.24031340784424,31.737485861005553,0.04112648723336557,2001,8
v0,Easynet-r0,Easynet,P_design_expected,18,40,5,0.125,15,15,1.0,30.588826330216673,31.737485861005553,0.04112648723336557,2001,8
v0,Easynet-r0,Easynet,P_design_expected,19,40,6,0.15,15,15,1.0,30.398415100309517,31.737485861005553,0.04112648723336557,2001,8
v0,Easynet-r0,Easynet,P_design_expected,20,40,5,0.125,15,15,1.0,29.958052143720852,31.737485861005553,0.04112648723336557,2001,8
v0,Easynet-r0,Easynet,P_design_expected,21,40,6,0.15,15,15,1.0,29.990825619618775,31.737485861005553,0.04112648723336557,2001,8
v0,Easynet-r0,Easynet,P_design_expected,22,40,6,0.15,15,15,1.0,30.29394151564493,31.737485861005553,0.04112648723336557,2001,8
v0,Easynet-r0,Easynet,P_design_expected,23,40,6,0.15,15,15,1.0,29.557123151307827,31.737485861005553,0.04112648723336557,2001,8
v0,Easynet-r0,Easynet,P_design_expected,24,40,5,0.125,15,15,1.0,29.671308530332926,31.737485861005553,0.04112648723336557,2001,8
v0,Easynet-r0,Easynet,P_design_expected,25,40,6,0.15,15,15,1.0,29.320150637488247,31.737485861005553,0.04112648723336557,2001,8
v0,Easynet-r0,Easynet,P_design_expected,26,40,6,0.15,15,15,1.0,30.52886409969742,31.737485861005553,0.04112648723336557,2001,8
v0,Easynet-r0,Easynet,P_design_expected,27,40,6,0.15,15,15,1.0,29.124187181362394,31.737485861005553,0.04112648723336557,2001,8
v0,Easynet-r0,Easynet,P_design_expected,28,40,5,0.125,15,15,1.0,29.83608478859367,31.737485861005553,0.04112648723336557,2001,8
v0,Easynet-r0,Easynet,P_design_expected,29,40,6,0.15,15,15,1.0,30.43040257125487,31.737485861005553,0.04112648723336557,2001,8
v0,Garr200112-r0,Garr200112,P_design1,0,40,24,0.6,15,15,1.0,13.830038104689534,29.983267240000714,0.04377727840013298,2001,4
v0,Garr200112-r0,Garr200112,P_design1,1,40,22,0.55,15,15,1.0,15.83446896117939,29.983267240000714,0.04377727840013298,2001,4
v0,Garr200112-r0,Garr200112,P_design1,2,40,22,0.55,15,15,1.0,14.774620860373027,29.983267240000714,0.04377727840013298,2001,4
v0,Garr200112-r0,Garr200112,P_design1,3,40,25,0.625,15,15,1.0,12.913989250160116,29.983267240000714,0.04377727840013298,2001,4
v0,Garr200112-r0,Garr200112,P_design1,4,40,22,0.55,15,15,1.0,14.083326565287946,29.983267240000714,0.04377727840013298,2001,4
v0,Garr200112-r0,Garr200112,P_design1,5,40,24,0.6,15,15,1.0,13.33752771681339,29.983267240000714,0.04377727840013298,2001,4
v0,Garr200112-r0,Garr200112,P_design1,6,40,23,0.575,15,15,1.0,14.968622187215939,29.983267240000714,0.04377727840013298,2001,4
v0,Garr200112-r0,Garr200112,P_design1,7,40,23,0.575,15,15,1.0,15.008629250101759,29.983267240000714,0.04377727840013298,2001,4
v0,Garr200112-r0,Garr200112,P_design1,8,40,23,0.575,15,15,1.0,13.90446331687071,29.983267240000714,0.04377727840013298,2001,4
v0,Garr200112-r0,Garr200112,P_design1,9,40,24,0.6,15,15,1.0,13.244073643129541,29.983267240000714,0.04377727840013298,2001,4
v0,Garr200112-r0,Garr200112,P_design1,10,40,23,0.575,15,15,1.0,13.199992990134641,29.983267240000714,0.04377727840013298,2001,4
v0,Garr200112-r0,Garr200112,P_design1,11,40,24,0.6,15,15,1.0,13.874468887291295,29.983267240000714,0.04377727840013298,2001,4
v0,Garr200112-r0,Garr200112,P_design1,12,40,20,0.5,15,15,1.0,15.290015529527727,29.983267240000714,0.04377727840013298,2001,4
v0,Garr200112-r0,Garr200112,P_design1,13,40,23,0.575,15,15,1.0,13.602856832528143,29.983267240000714,0.04377727840013298,2001,4
v0,Garr200112-r0,Garr200112,P_design1,14,40,23,0.575,15,15,1.0,13.361660852518781,29.983267240000714,0.04377727840013298,2001,4
v0,Garr200112-r0,Garr200112,P_design1,15,40,24,0.6,15,15,1.0,13.216624158494994,29.983267240000714,0.04377727840013298,2001,4
v0,Garr200112-r0,Garr200112,P_design1,16,40,25,0.625,15,15,1.0,13.092541390476535,29.983267240000714,0.04377727840013298,2001,4
v0,Garr200112-r0,Garr200112,P_design1,17,40,25,0.625,15,15,1.0,12.25863052746997,29.983267240000714,0.04377727840013298,2001,4
v0,Garr200112-r0,Garr200112,P_design1,18,40,24,0.6,15,15,1.0,13.647926886349135,29.983267240000714,0.04377727840013298,2001,4
v0,Garr200112-r0,Garr200112,P_design1,19,40,24,0.6,15,15,1.0,13.688776099565308,29.983267240000714,0.04377727840013298,2001,4
v0,Garr200112-r0,Garr200112,P_design1,20,40,23,0.575,15,15,1.0,14.403208300662286,29.983267240000714,0.04377727840013298,2001,4
v0,Garr200112-r0,Garr200112,P_design1,21,40,24,0.6,15,15,1.0,12.804178662019902,29.983267240000714,0.04377727840013298,2001,4
v0,Garr200112-r0,Garr200112,P_design1,22,40,22,0.55,15,15,1.0,14.384987406461256,29.983267240000714,0.04377727840013298,2001,4
v0,Garr200112-r0,Garr200112,P_design1,23,40,23,0.575,15,15,1.0,14.241821032101651,29.983267240000714,0.04377727840013298,2001,4
v0,Garr200112-r0,Garr200112,P_design1,24,40,24,0.6,15,15,1.0,13.98132839148432,29.983267240000714,0.04377727840013298,2001,4
v0,Garr200112-r0,Garr200112,P_design1,25,40,22,0.55,15,15,1.0,13.237989799063214,29.983267240000714,0.04377727840013298,2001,4
v0,Garr200112-r0,Garr200112,P_design1,26,40,24,0.6,15,15,1.0,12.497568917537826,29.983267240000714,0.04377727840013298,2001,4
v0,Garr200112-r0,Garr200112,P_design1,27,40,23,0.575,15,15,1.0,14.628689199837746,29.983267240000714,0.04377727840013298,2001,4
v0,Garr200112-r0,Garr200112,P_design1,28,40,24,0.6,15,15,1.0,13.146282933639284,29.983267240000714,0.04377727840013298,2001,4
v0,Garr200112-r0,Garr200112,P_design1,29,40,24,0.6,15,15,1.0,13.016438122728845,29.983267240000714,0.04377727840013298,2001,4
v0,Garr200112-r0,Garr200112,P_design10,0,40,23,0.575,15,15,1.0,13.695758161268303,261.986260853002,0.022405392466801764,2001,7
v0,Garr200112-r0,Garr200112,P_design10,1,40,24,0.6,15,15,1.0,13.852105398452071,261.986260853002,0.022405392466801764,2001,7
v0,Garr200112-r0,Garr200112,P_design10,2,40,23,0.575,15,15,1.0,14.437454167233133,261.986260853002,0.022405392466801764,2001,7
v0,Garr200112-r0,Garr200112,P_design10,3,40,24,0.6,15,15,1.0,12.957828478843,261.986260853002,0.022405392466801764,2001,7
v0,Garr200112-r0,Garr200112,P_design10,4,40,24,0.6,15,15,1.0,12.393495353562638,261.986260853002,0.022405392466801764,2001,7
v0,Garr200112-r0,Garr200112,P_design10,5,40,25,0.625,15,15,1.0,12.89889936584216,261.986260853002,0.022405392466801764,2001,7
v0,Garr200112-r0,Garr200112,P_design10,6,40,25,0.625,15,15,1.0,13.396569672570292,261.986260853002,0.022405392466801764,2001,7
v0,Garr200112-r0,Garr200112,P_design10,7,40,23,0.575,15,15,1.0,12.729229326548571,261.986260853002,0.022405392466801764,2001,7
v0,Garr200112-r0,Garr200112,P_design10,8,40,23,0.575,15,15,1.0,13.069637828487295,261.986260853002,0.022405392466801764,2001,7
v0,Garr200112-r0,Garr200112,P_design10,9,40,23,0.575,15,15,1.0,13.994289339006755,261.986260853002,0.022405392466801764,2001,7
v0,Garr200112-r0,Garr200112,P_design10,10,40,23,0.575,15,15,1.0,12.673031357469718,261.986260853002,0.022405392466801764,2001,7
v0,Garr200112-r0,Garr200112,P_design10,11,40,25,0.625,15,15,1.0,13.379564894041804,261.986260853002,0.022405392466801764,2001,7
v0,Garr200112-r0,Garr200112,P_design10,12,40,24,0.6,15,15,1.0,14.311181436220547,261.986260853002,0.022405392466801764,2001,7
v0,Garr200112-r0,Garr200112,P_design10,13,40,23,0.575,15,15,1.0,13.222680791869264,261.986260853002,0.022405392466801764,2001,7
v0,Garr200112-r0,Garr200112,P_design10,14,40,24,0.6,15,15,1.0,13.195507676898178,261.986260853002,0.022405392466801764,2001,7
v0,Garr200112-r0,Garr200112,P_design10,15,40,25,0.625,15,15,1.0,12.453977261991724,261.986260853002,0.022405392466801764,2001,7
v0,Garr200112-r0,Garr200112,P_design10,16,40,24,0.6,15,15,1.0,13.849327489027319,261.986260853002,0.022405392466801764,2001,7
v0,Garr200112-r0,Garr200112,P_design10,17,40,23,0.575,15,15,1.0,13.000772046790189,261.986260853002,0.022405392466801764,2001,7
v0,Garr200112-r0,Garr200112,P_design10,18,40,25,0.625,15,15,1.0,12.725196708390278,261.986260853002,0.022405392466801764,2001,7
v0,Garr200112-r0,Garr200112,P_design10,19,40,25,0.625,15,15,1.0,13.322714397599052,261.986260853002,0.022405392466801764,2001,7
v0,Garr200112-r0,Garr200112,P_design10,20,40,21,0.525,15,15,1.0,15.473967666499489,261.986260853002,0.022405392466801764,2001,7
v0,Garr200112-r0,Garr200112,P_design10,21,40,25,0.625,15,15,1.0,12.497481177950625,261.986260853002,0.022405392466801764,2001,7
v0,Garr200112-r0,Garr200112,P_design10,22,40,23,0.575,15,15,1.0,15.139028227825603,261.986260853002,0.022405392466801764,2001,7
v0,Garr200112-r0,Garr200112,P_design10,23,40,23,0.575,15,15,1.0,13.879356981675773,261.986260853002,0.022405392466801764,2001,7
v0,Garr200112-r0,Garr200112,P_design10,24,40,23,0.575,15,15,1.0,13.76890562885332,261.986260853002,0.022405392466801764,2001,7
v0,Garr200112-r0,Garr200112,P_design10,25,40,23,0.575,15,15,1.0,13.370048049818104,261.986260853002,0.022405392466801764,2001,7
v0,Garr200112-r0,Garr200112,P_design10,26,40,22,0.55,15,15,1.0,13.506050015571219,261.986260853002,0.022405392466801764,2001,7
v0,Garr200112-r0,Garr200112,P_design10,27,40,23,0.575,15,15,1.0,13.131574780162525,261.986260853002,0.022405392466801764,2001,7
v0,Garr200112-r0,Garr200112,P_design10,28,40,23,0.575,15,15,1.0,12.794955231962472,261.986260853002,0.022405392466801764,2001,7
v0,Garr200112-r0,Garr200112,P_design10,29,40,24,0.6,15,15,1.0,13.316961204547395,261.986260853002,0.022405392466801764,2001,7
v0,Garr200112-r0,Garr200112,P_design_expected,0,40,21,0.525,15,15,1.0,15.715304335796295,29.778777557003195,0.04709058946682489,2001,2
v0,Garr200112-r0,Garr200112,P_design_expected,1,40,22,0.55,15,15,1.0,14.274280876430254,29.778777557003195,0.04709058946682489,2001,2
v0,Garr200112-r0,Garr200112,P_design_expected,2,40,21,0.525,15,15,1.0,15.840061090047916,29.778777557003195,0.04709058946682489,2001,2
v0,Garr200112-r0,Garr200112,P_design_expected,3,40,21,0.525,15,15,1.0,13.991890745389068,29.778777557003195,0.04709058946682489,2001,2
v0,Garr200112-r0,Garr200112,P_design_expected,4,40,21,0.525,15,15,1.0,14.817209329780512,29.778777557003195,0.04709058946682489,2001,2
v0,Garr200112-r0,Garr200112,P_design_expected,5,40,23,0.575,15,15,1.0,14.818196724981393,29.778777557003195,0.04709058946682489,2001,2
v0,Garr200112-r0,Garr200112,P_design_expected,6,40,24,0.6,15,15,1.0,14.642801782800731,29.778777557003195,0.04709058946682489,2001,2
v0,Garr200112-r0,Garr200112,P_design_expected,7,40,19,0.475,15,15,1.0,15.712212228034682,29.778777557003195,0.04709058946682489,2001,2
v0,Garr200112-r0,Garr200112,P_design_expected,8,40,24,0.6,15,15,1.0,14.000389013371842,29.778777557003195,0.04709058946682489,2001,2
v0,Garr200112-r0,Garr200112,P_design_expected,9,40,22,0.55,15,15,1.0,15.21447787553507,29.778777557003195,0.04709058946682489,2001,2
v0,Garr200112-r0,Garr200112,P_design_expected,10,40,20,0.5,15,15,1.0,15.226111208821722,29.778777557003195,0.04709058946682489,2001,2
v0,Garr200112-r0,Garr200112,P_design_expected,11,40,20,0.5,15,15,1.0,16.013152551167195,29.778777557003195,0.04709058946682489,2001,2
v0,Garr200112-r0,Garr200112,P_design_expected,12,40,20,0.5,15,15,1.0,16.19927864407609,29.778777557003195,0.04709058946682489,2001,2
v0,Garr200112-r0,Garr200112,P_design_expected,13,40,22,0.55,15,15,1.0,14.899071605212475,29.778777557003195,0.04709058946682489,2001,2
v0,Garr200112-r0,Garr200112,P_design_expected,14,40,21,0.525,15,15,1.0,15.431862083438057,29.778777557003195,0.04709058946682489,2001,2
v0,Garr200112-r0,Garr200112,P_design_expected,15,40,22,0.55,15,15,1.0,14.130914129298828,29.778777557003195,0.04709058946682489,2001,2
v0,Garr200112-r0,Garr200112,P_design_expected,16,40,23,0.575,15,15,1.0,14.824082895735863,29.778777557003195,0.04709058946682489,2001,2
v0,Garr200112-r0,Garr200112,P_design_expected,17,40,22,0.55,15,15,1.0,15.118695030542657,29.778777557003195,0.04709058946682489,2001,2
v0,Garr200112-r0,Garr200112,P_design_expected,18,40,23,0.575,15,15,1.0,15.14435188055418,29.778777557003195,0.04709058946682489,2001,2
v0,Garr200112-r0,Garr200112,P_design_expected,19,40,21,0.525,15,15,1.0,15.668080635535894,29.778777557003195,0.04709058946682489,2001,2
v0,Garr200112-r0,Garr200112,P_design_expected,20,40,21,0.525,15,15,1.0,15.45191037835357,29.778777557003195,0.04709058946682489,2001,2
v0,Garr200112-r0,Garr200112,P_design_expected,21,40,21,0.525,15,15,1.0,16.165219603667474,29.778777557003195,0.04709058946682489,2001,2
v0,Garr200112-r0,Garr200112,P_design_expected,22,40,21,0.525,15,15,1.0,15.602439357304773,29.778777557003195,0.04709058946682489,2001,2
v0,Garr200112-r0,Garr200112,P_design_expected,23,40,23,0.575,15,15,1.0,14.427148210010163,29.778777557003195,0.04709058946682489,2001,2
v0,Garr200112-r0,Garr200112,P_design_expected,24,40,20,0.5,15,15,1.0,15.936362080302601,29.778777557003195,0.04709058946682489,2001,2
v0,Garr200112-r0,Garr200112,P_design_expected,25,40,20,0.5,15,15,1.0,15.099951777078372,29.778777557003195,0.04709058946682489,2001,2
v0,Garr200112-r0,Garr200112,P_design_expected,26,40,21,0.525,15,15,1.0,15.855258180251592,29.778777557003195,0.04709058946682489,2001,2
v0,Garr200112-r0,Garr200112,P_design_expected,27,40,21,0.525,15,15,1.0,15.240783175822695,29.778777557003195,0.04709058946682489,2001,2
v0,Garr200112-r0,Garr200112,P_design_expected,28,40,21,0.525,15,15,1.0,14.446907317082351,29.778777557003195,0.04709058946682489,2001,2
v0,Garr200112-r0,Garr200112,P_design_expected,29,40,19,0.475,15,15,1.0,15.553995472975714,29.778777557003195,0.04709058946682489,2001,2
v0,Garr200404-r0,Garr200404,P_design1,0,40,29,0.725,15,15,1.0,9.643956061964595,29.462446818994067,0.04244942649990359,2001,6
v0,Garr200404-r0,Garr200404,P_design1,1,40,25,0.625,15,15,1.0,11.133687300563421,29.462446818994067,0.04244942649990359,2001,6
v0,Garr200404-r0,Garr200404,P_design1,2,40,26,0.65,15,15,1.0,11.97032489321349,29.462446818994067,0.04244942649990359,2001,6
v0,Garr200404-r0,Garr200404,P_design1,3,40,24,0.6,15,15,1.0,12.082469692733879,29.462446818994067,0.04244942649990359,2001,6
v0,Garr200404-r0,Garr200404,P_design1,4,40,28,0.7,15,15,1.0,9.830503129948067,29.462446818994067,0.04244942649990359,2001,6
v0,Garr200404-r0,Garr200404,P_design1,5,40,25,0.625,15,15,1.0,10.839024099694875,29.462446818994067,0.04244942649990359,2001,6
v0,Garr200404-r0,Garr200404,P_design1,6,40,27,0.675,15,15,1.0,10.470552501584402,29.462446818994067,0.04244942649990359,2001,6
v0,Garr200404-r0,Garr200404,P_design1,7,40,26,0.65,15,15,1.0,11.294764785480712,29.462446818994067,0.04244942649990359,2001,6
v0,Garr200404-r0,Garr200404,P_design1,8,40,28,0.7,15,15,1.0,10.433436151989726,29.462446818994067,0.04244942649990359,2001,6
v0,Garr200404-r0,Garr200404,P_design1,9,40,29,0.725,15,15,1.0,9.750430315466396,29.462446818994067,0.04244942649990359,2001,6
v0,Garr200404-r0,Garr200404,P_design1,10,40,26,0.65,15,15,1.0,11.528979823363807,29.462446818994067,0.04244942649990359,2001,6
v0,Garr200404-r0,Garr200404,P_design1,11,40,28,0.7,15,15,1.0,9.78518803022486,29.462446818994067,0.04244942649990359,2001,6
v0,Garr200404-r0,Garr200404,P_design1,12,40,26,0.65,15,15,1.0,11.097523149068074,29.462446818994067,0.04244942649990359,2001,6
v0,Garr200404-r0,Garr200404,P_design1,13,40,27,0.675,15,15,1.0,10.045462279977798,29.462446818994067,0.04244942649990359,2001,6
v0,Garr200404-r0,Garr200404,P_design1,14,40,28,0.7,15,15,1.0,9.787885157858783,29.462446818994067,0.04244942649990359,2001,6
v0,Garr200404-r0,Garr200404,P_design1,15,40,28,0.7,15,15,1.0,10.588550504766241,29.462446818994067,0.04244942649990359,2001,6
v0,Garr200404-r0,Garr200404,P_design1,16,40,29,0.725,15,15,1.0,9.581848330295788,29.462446818994067,0.04244942649990359,2001,6
v0,Garr200404-r0,Garr200404,P_design1,17,40,28,0.7,15,15,1.0,9.594467752746798,29.462446818994067,0.04244942649990359,2001,6
v0,Garr200404-r0,Garr200404,P_design1,18,40,27,0.675,15,15,1.0,10.244439288725191,29.462446818994067,0.04244942649990359,2001,6
v0,Garr200404-r0,Garr200404,P_design1,19,40,28,0.7,15,15,1.0,10.15597713958879,29.462446818994067,0.04244942649990359,2001,6
v0,Garr200404-r0,Garr200404,P_design1,20,40,26,0.65,15,15,1.0,10.619407225597485,29.462446818994067,0.04244942649990359,2001,6
v0,Garr200404-r0,Garr200404,P_design1,21,40,28,0.7,15,15,1.0,9.81896318548392,29.462446818994067,0.04244942649990359,2001,6
v0,Garr200404-r0,Garr200404,P_design1,22,40,26,0.65,15,15,1.0,10.95390404446119,29.462446818994067,0.04244942649990359,2001,6
v0,Garr200404-r0,Garr200404,P_design1,23,40,28,0.7,15,15,1.0,10.168976691622488,29.462446818994067,0.04244942649990359,2001,6
v0,Garr200404-r0,Garr200404,P_design1,24,40,27,0.675,15,15,1.0,9.965785651758882,29.462446818994067,0.04244942649990359,2001,6
v0,Garr200404-r0,Garr200404,P_design1,25,40,27,0.675,15,15,1.0,10.423383645465874,29.462446818994067,0.04244942649990359,2001,6
v0,Garr200404-r0,Garr200404,P_design1,26,40,30,0.75,15,15,1.0,9.351952736429425,29.462446818994067,0.04244942649990359,2001,6
v0,Garr200404-r0,Garr200404,P_design1,27,40,26,0.65,15,15,1.0,10.980010508857376,29.462446818994067,0.04244942649990359,2001,6
v0,Garr200404-r0,Garr200404,P_design1,28,40,29,0.725,15,15,1.0,9.516345198021476,29.462446818994067,0.04244942649990359,2001,6
v0,Garr200404-r0,Garr200404,P_design1,29,40,27,0.675,15,15,1.0,10.596635875262876,29.462446818994067,0.04244942649990359,2001,6
v0,Garr200404-r0,Garr200404,P_design10,0,40,29,0.725,15,15,1.0,10.230512152402802,231.87941383400175,0.025438670799970472,2001,9
v0,Garr200404-r0,Garr200404,P_design10,1,40,28,0.7,15,15,1.0,10.785278213498774,231.87941383400175,0.025438670799970472,2001,9
v0,Garr200404-r0,Garr200404,P_design10,2,40,29,0.725,15,15,1.0,10.236713975837576,231.87941383400175,0.025438670799970472,2001,9
v0,Garr200404-r0,Garr200404,P_design10,3,40,27,0.675,15,15,1.0,11.872489999055427,231.87941383400175,0.025438670799970472,2001,9
v0,Garr200404-r0,Garr200404,P_design10,4,40,28,0.7,15,15,1.0,10.449303034369887,231.87941383400175,0.025438670799970472,2001,9
v0,Garr200404-r0,Garr200404,P_design10,5,40,28,0.7,15,15,1.0,10.479371208551774,231.87941383400175,0.025438670799970472,2001,9
v0,Garr200404-r0,Garr200404,P_design10,6,40,28,0.7,15,15,1.0,9.8994853399186,231.87941383400175,0.025438670799970472,2001,9
v0,Garr200404-r0,Garr200404,P_design10,7,40,29,0.725,15,15,1.0,10.355576819873017,231.87941383400175,0.025438670799970472,2001,9
v0,Garr200404-r0,Garr200404,P_design10,8,40,29,0.725,15,15,1.0,10.336471432075363,231.87941383400175,0.025438670799970472,2001,9
v0,Garr200404-r0,Garr200404,P_design10,9,40,29,0.725,15,15,1.0,10.28579346436805,231.87941383400175,0.025438670799970472,2001,9
v0,Garr200404-r0,Garr200404,P_design10,10,40,28,0.7,15,15,1.0,10.897163427740459,231.87941383400175,0.025438670799970472,2001,9
v0,Garr200404-r0,Garr200404,P_design10,11,40,29,0.725,15,15,1.0,9.968350477825938,231.87941383400175,0.025438670799970472,2001,9
v0,Garr200404-r0,Garr200404,P_design10,12,40,29,0.725,15,15,1.0,10.385057331509747,231.87941383400175,0.025438670799970472,2001,9
v0,Garr200404-r0,Garr200404,P_design10,13,40,27,0.675,15,15,1.0,10.492600447598612,231.87941383400175,0.025438670799970472,2001,9
v0,Garr200404-r0,Garr200404,P_design10,14,40,27,0.675,15,15,1.0,11.561208960514675,231.87941383400175,0.025438670799970472,2001,9
v0,Garr200404-r0,Garr200404,P_design10,15,40,27,0.675,15,15,1.0,11.30747763939038,231.87941383400175,0.025438670799970472,2001,9
v0,Garr200404-r0,Garr200404,P_design10,16,40,29,0.725,15,15,1.0,10.182520996333128,231.87941383400175,0.025438670799970472,2001,9
v0,Garr200404-r0,Garr200404,P_design10,17,40,28,0.7,15,15,1.0,10.242478348068316,231.87941383400175,0.025438670799970472,2001,9
v0,Garr200404-r0,Garr200404,P_design10,18,40,29,0.725,15,15,1.0,10.20806650759726,231.87941383400175,0.025438670799970472,2001,9
v0,Garr200404-r0,Garr200404,P_design10,19,40,29,0.725,15,15,1.0,10.186786123369076,231.87941383400175,0.025438670799970472,2001,9
v0,Garr200404-r0,Garr200404,P_design10,20,40,27,0.675,15,15,1.0,10.956469878796378,231.87941383400175,0.025438670799970472,2001,9
v0,Garr200404-r0,Garr200404,P_design10,21,40,28,0.7,15,15,1.0,9.874559533459136,231.87941383400175,0.025438670799970472,2001,9
v0,Garr200404-r0,Garr200404,P_design10,22,40,29,0.725,15,15,1.0,10.054093461343816,231.87941383400175,0.025438670799970472,2001,9
v0,Garr200404-r0,Garr200404,P_design10,23,40,27,0.675,15,15,1.0,10.253985588311652,231.87941383400175,0.025438670799970472,2001,9
v0,Garr200404-r0,Garr200404,P_design10,24,40,29,0.725,15,15,1.0,10.202767853445154,231.87941383400175,0.025438670799970472,2001,9
v0,Garr200404-r0,Garr200404,P_design10,25,40,28,0.7,15,15,1.0,10.591648481355811,231.87941383400175,0.025438670799970472,2001,9
v0,Garr200404-r0,Garr200404,P_design10,26,40,29,0.725,15,15,1.0,10.160583178735605,231.87941383400175,0.025438670799970472,2001,9
v0,Garr200404-r0,Garr200404,P_design10,27,40,29,0.725,15,15,1.0,10.270614155538697,231.87941383400175,0.025438670799970472,2001,9
v0,Garr200404-r0,Garr200404,P_design10,28,40,29,0.725,15,15,1.0,10.048385464678226,231.87941383400175,0.025438670799970472,2001,9
v0,Garr200404-r0,Garr200404,P_design10,29,40,29,0.725,15,15,1.0,10.106925647934723,231.87941383400175,0.025438670799970472,2001,9
v0,Garr200404-r0,Garr200404,P_design_expected,0,40,24,0.6,15,15,1.0,11.057699376839084,31.91797241000313,0.04305372826662885,2001,8
v0,Garr200404-r0,Garr200404,P_design_expected,1,40,22,0.55,15,15,1.0,12.585081534518725,31.91797241000313,0.04305372826662885,2001,8
v0,Garr200404-r0,Garr200404,P_design_expected,2,40,23,0.575,15,15,1.0,10.636186217725447,31.91797241000313,0.04305372826662885,2001,8
v0,Garr200404-r0,Garr200404,P_design_expected,3,40,25,0.625,15,15,1.0,12.25038793402632,31.91797241000313,0.04305372826662885,2001,8
v0,Garr200404-r0,Garr200404,P_design_expected,4,40,24,0.6,15,15,1.0,12.133461589960236,31.91797241000313,0.04305372826662885,2001,8
v0,Garr200404-r0,Garr200404,P_design_expected,5,40,25,0.625,15,15,1.0,11.965141740317472,31.91797241000313,0.04305372826662885,2001,8
v0,Garr200404-r0,Garr200404,P_design_expected,6,40,26,0.65,15,15,1.0,10.701374269756878,31.91797241000313,0.04305372826662885,2001,8
v0,Garr200404-r0,Garr200404,P_design_expected,7,40,28,0.7,15,15,1.0,10.509833699115436,31.91797241000313,0.04305372826662885,2001,8
v0,Garr200404-r0,Garr200404,P_design_expected,8,40,26,0.65,15,15,1.0,10.221240441040843,31.91797241000313,0.04305372826662885,2001,8
v0,Garr200404-r0,Garr200404,P_design_expected,9,40,27,0.675,15,15,1.0,10.399585951884495,31.91797241000313,0.04305372826662885,2001,8
v0,Garr200404-r0,Garr200404,P_design_expected,10,40,24,0.6,15,15,1.0,12.167600384139844,31.91797241000313,0.04305372826662885,2001,8
v0,Garr200404-r0,Garr200404,P_design_expected,11,40,25,0.625,15,15,1.0,10.33193924186749,31.91797241000313,0.04305372826662885,2001,8
v0,Garr200404-r0,Garr200404,P_design_expected,12,40,23,0.575,15,15,1.0,12.916298022538047,31.91797241000313,0.04305372826662885,2001,8
v0,Garr200404-r0,Garr200404,P_design_expected,13,40,26,0.65,15,15,1.0,11.02505187203081,31.91797241000313,0.04305372826662885,2001,8
v0,Garr200404-r0,Garr200404,P_design_expected,14,40,25,0.625,15,15,1.0,11.295344486864124,31.91797241000313,0.04305372826662885,2001,8
v0,Garr200404-r0,Garr200404,P_design_expected,15,40,25,0.625,15,15,1.0,11.51545678271194,31.91797241000313,0.04305372826662885,2001,8
v0,Garr200404-r0,Garr200404,P_design_expected,16,40,27,0.675,15,15,1.0,9.994285018746728,31.91797241000313,0.04305372826662885,2001,8
v0,Garr200404-r0,Garr200404,P_design_expected,17,40,24,0.6,15,15,1.0,11.96407481691645,31.91797241000313,0.04305372826662885,2001,8
v0,Garr200404-r0,Garr200404,P_design_expected,18,40,25,0.625,15,15,1.0,11.178967615808395,31.91797241000313,0.04305372826662885,2001,8
v0,Garr200404-r0,Garr200404,P_design_expected,19,40,24,0.6,15,15,1.0,10.489072946674922,31.91797241000313,0.04305372826662885,2001,8
v0,Garr200404-r0,Garr200404,P_design_expected,20,40,23,0.575,15,15,1.0,11.55277172284078,31.91797241000313,0.04305372826662885,2001,8
v0,Garr200404-r0,Garr200404,P_design_expected,21,40,26,0.65,15,15,1.0,10.191543044699339,31.91797241000313,0.04305372826662885,2001,8
v0,Garr200404-r0,Garr200404,P_design_expected,22,40,25,0.625,15,15,1.0,10.691320631534328,31.91797241000313,0.04305372826662885,2001,8
v0,Garr200404-r0,Garr200404,P_design_expected,23,40,25,0.625,15,15,1.0,11.651435711425206,31.91797241000313,0.04305372826662885,2001,8
v0,Garr200404-r0,Garr200404,P_design_expected,24,40,26,0.65,15,15,1.0,10.44614969380797,31.91797241000313,0.04305372826662885,2001,8
v0,Garr200404-r0,Garr200404,P_design_expected,25,40,27,0.675,15,15,1.0,10.360151542434094,31.91797241000313,0.04305372826662885,2001,8
v0,Garr200404-r0,Garr200404,P_design_expected,26,40,28,0.7,15,15,1.0,9.902428466512054,31.91797241000313,0.04305372826662885,2001,8
v0,Garr200404-r0,Garr200404,P_design_expected,27,40,26,0.65,15,15,1.0,11.23457704170361,31.91797241000313,0.04305372826662885,2001,8
v0,Garr200404-r0,Garr200404,P_design_expected,28,40,24,0.6,15,15,1.0,11.537982169586392,31.91797241000313,0.04305372826662885,2001,8
v0,Garr200404-r0,Garr200404,P_design_expected,29,40,28,0.7,15,15,1.0,9.431615451575349,31.91797241000313,0.04305372826662885,2001,8
v0,Marwan-r0,Marwan,P_design1,0,40,14,0.35,15,15,1.0,21.963483241987753,37.55147602299985,0.04922307296656072,2001,5
v0,Marwan-r0,Marwan,P_design1,1,40,14,0.35,15,15,1.0,20.965022329226755,37.55147602299985,0.04922307296656072,2001,5
v0,Marwan-r0,Marwan,P_design1,2,40,9,0.225,15,15,1.0,23.089876302541636,37.55147602299985,0.04922307296656072,2001,5
v0,Marwan-r0,Marwan,P_design1,3,40,13,0.325,15,15,1.0,22.75962070104081,37.55147602299985,0.04922307296656072,2001,5
v0,Marwan-r0,Marwan,P_design1,4,40,13,0.325,15,15,1.0,21.74242493943066,37.55147602299985,0.04922307296656072,2001,5
v0,Marwan-r0,Marwan,P_design1,5,40,12,0.3,15,15,1.0,22.886740400007522,37.55147602299985,0.04922307296656072,2001,5
v0,Marwan-r0,Marwan,P_design1,6,40,10,0.25,15,15,1.0,22.275474840424337,37.55147602299985,0.04922307296656072,2001,5
v0,Marwan-r0,Marwan,P_design1,7,40,12,0.3,15,15,1.0,21.693294090832126,37.55147602299985,0.04922307296656072,2001,5
v0,Marwan-r0,Marwan,P_design1,8,40,14,0.35,15,15,1.0,22.098792270719354,37.55147602299985,0.04922307296656072,2001,5
v0,Marwan-r0,Marwan,P_design1,9,40,13,0.325,15,15,1.0,21.482497608653055,37.55147602299985,0.04922307296656072,2001,5
v0,Marwan-r0,Marwan,P_design1,10,40,12,0.3,15,15,1.0,22.257057326348896,37.55147602299985,0.04922307296656072,2001,5
v0,Marwan-r0,Marwan,P_design1,11,40,13,0.325,15,15,1.0,21.786088710652063,37.55147602299985,0.04922307296656072,2001,5
v0,Marwan-r0,Marwan,P_design1,12,40,10,0.25,15,15,1.0,22.215083947621682,37.55147602299985,0.04922307296656072,2001,5
v0,Marwan-r0,Marwan,P_design1,13,40,15,0.375,15,15,1.0,19.65154869168071,37.55147602299985,0.04922307296656072,2001,5
v0,Marwan-r0,Marwan,P_design1,14,40,13,0.325,15,15,1.0,22.946532070037964,37.55147602299985,0.04922307296656072,2001,5
v0,Marwan-r0,Marwan,P_design1,15,40,12,0.3,15,15,1.0,22.753594078780967,37.55147602299985,0.04922307296656072,2001,5
v0,Marwan-r0,Marwan,P_design1,16,40,13,0.325,15,15,1.0,21.0980563541643,37.55147602299985,0.04922307296656072,2001,5
v0,Marwan-r0,Marwan,P_design1,17,40,14,0.35,15,15,1.0,19.845629690866264,37.55147602299985,0.04922307296656072,2001,5
v0,Marwan-r0,Marwan,P_design1,18,40,14,0.35,15,15,1.0,20.38598716710957,37.55147602299985,0.04922307296656072,2001,5
v0,Marwan-r0,Marwan,P_design1,19,40,14,0.35,15,15,1.0,21.32919980962638,37.55147602299985,0.04922307296656072,2001,5
v0,Marwan-r0,Marwan,P_design1,20,40,14,0.35,15,15,1.0,21.77076072365836,37.55147602299985,0.04922307296656072,2001,5
v0,Marwan-r0,Marwan,P_design1,21,40,13,0.325,15,15,1.0,21.268782259713806,37.55147602299985,0.04922307296656072,2001,5
v0,Marwan-r0,Marwan,P_design1,22,40,9,0.225,15,15,1.0,22.383457256725233,37.55147602299985,0.04922307296656072,2001,5
v0,Marwan-r0,Marwan,P_design1,23,40,14,0.35,15,15,1.0,21.68820475382778,37.55147602299985,0.04922307296656072,2001,5
v0,Marwan-r0,Marwan,P_design1,24,40,13,0.325,15,15,1.0,21.477536981844406,37.55147602299985,0.04922307296656072,2001,5
v0,Marwan-r0,Marwan,P_design1,25,40,10,0.25,15,15,1.0,22.56486295097386,37.55147602299985,0.04922307296656072,2001,5
v0,Marwan-r0,Marwan,P_design1,26,40,12,0.3,15,15,1.0,22.600827441296,37.55147602299985,0.04922307296656072,2001,5
v0,Marwan-r0,Marwan,P_design1,27,40,14,0.35,15,15,1.0,20.635068499415716,37.55147602299985,0.04922307296656072,2001,5
v0,Marwan-r0,Marwan,P_design1,28,40,13,0.325,15,15,1.0,21.718117351067217,37.55147602299985,0.04922307296656072,2001,5
v0,Marwan-r0,Marwan,P_design1,29,40,12,0.3,15,15,1.0,21.640702747035625,37.55147602299985,0.04922307296656072,2001,5
v0,Marwan-r0,Marwan,P_design10,0,40,16,0.4,15,15,1.0,19.579100117080284,223.61069240699726,0.017323141199934375,2001,7
v0,Marwan-r0,Marwan,P_design10,1,40,19,0.475,15,15,1.0,18.316133395069777,223.61069240699726,0.017323141199934375,2001,7
v0,Marwan-r0,Marwan,P_design10,2,40,14,0.35,15,15,1.0,20.61940303163351,223.61069240699726,0.017323141199934375,2001,7
v0,Marwan-r0,Marwan,P_design10,3,40,13,0.325,15,15,1.0,21.8818067907294,223.61069240699726,0.017323141199934375,2001,7
v0,Marwan-r0,Marwan,P_design10,4,40,18,0.45,15,15,1.0,19.08250907557702,223.61069240699726,0.017323141199934375,2001,7
v0,Marwan-r0,Marwan,P_design10,5,40,17,0.425,15,15,1.0,18.46943432393076,223.61069240699726,0.017323141199934375,2001,7
v0,Marwan-r0,Marwan,P_design10,6,40,14,0.35,15,15,1.0,20.453384628833998,223.61069240699726,0.017323141199934375,2001,7
v0,Marwan-r0,Marwan,P_design10,7,40,19,0.475,15,15,1.0,18.337088439883136,223.61069240699726,0.017323141199934375,2001,7
v0,Marwan-r0,Marwan,P_design10,8,40,16,0.4,15,15,1.0,19.61895023991704,223.61069240699726,0.017323141199934375,2001,7
v0,Marwan-r0,Marwan,P_design10,9,40,13,0.325,15,15,1.0,20.636015464639407,223.61069240699726,0.017323141199934375,2001,7
v0,Marwan-r0,Marwan,P_design10,10,40,19,0.475,15,15,1.0,18.516980596798344,223.61069240699726,0.017323141199934375,2001,7
v0,Marwan-r0,Marwan,P_design10,11,40,17,0.425,15,15,1.0,18.530941287861484,223.61069240699726,0.017323141199934375,2001,7
v0,Marwan-r0,Marwan,P_design10,12,40,16,0.4,15,15,1.0,19.315919908529786,223.61069240699726,0.017323141199934375,2001,7
v0,Marwan-r0,Marwan,P_design10,13,40,20,0.5,15,15,1.0,17.712345509026164,223.61069240699726,0.017323141199934375,2001,7
v0,Marwan-r0,Marwan,P_design10,14,40,16,0.4,15,15,1.0,21.201955119663456,223.61069240699726,0.017323141199934375,2001,7
v0,Marwan-r0,Marwan,P_design10,15,40,15,0.375,15,15,1.0,19.684937691660906,223.61069240699726,0.017323141199934375,2001,7
v0,Marwan-r0,Marwan,P_design10,16,40,16,0.4,15,15,1.0,18.78124239450683,223.61069240699726,0.017323141199934375,2001,7
v0,Marwan-r0,Marwan,P_design10,17,40,19,0.475,15,15,1.0,18.235028739731888,223.61069240699726,0.017323141199934375,2001,7
v0,Marwan-r0,Marwan,P_design10,18,40,17,0.425,15,15,1.0,18.339645632396376,223.61069240699726,0.017323141199934375,2001,7
v0,Marwan-r0,Marwan,P_design10,19,40,19,0.475,15,15,1.0,18.386426535830328,223.61069240699726,0.017323141199934375,2001,7
v0,Marwan-r0,Marwan,P_design10,20,40,15,0.375,15,15,1.0,20.985834863640235,223.61069240699726,0.017323141199934375,2001,7
v0,Marwan-r0,Marwan,P_design10,21,40,17,0.425,15,15,1.0,18.755775711862583,223.61069240699726,0.017323141199934375,2001,7
v0,Marwan-r0,Marwan,P_design10,22,40,13,0.325,15,15,1.0,21.45862017454834,223.61069240699726,0.017323141199934375,2001,7
v0,Marwan-r0,Marwan,P_design10,23,40,18,0.45,15,15,1.0,18.587445571889486,223.61069240699726,0.017323141199934375,2001,7
v0,Marwan-r0,Marwan,P_design10,24,40,15,0.375,15,15,1.0,18.84884993018723,223.61069240699726,0.017323141199934375,2001,7
v0,Marwan-r0,Marwan,P_design10,25,40,16,0.4,15,15,1.0,19.201106484734257,223.61069240699726,0.017323141199934375,2001,7
v0,Marwan-r0,Marwan,P_design10,26,40,17,0.425,15,15,1.0,19.248593024011218,223.61069240699726,0.017323141199934375,2001,7
v0,Marwan-r0,Marwan,P_design10,27,40,16,0.4,15,15,1.0,19.262376928129456,223.61069240699726,0.017323141199934375,2001,7
v0,Marwan-r0,Marwan,P_design10,28,40,18,0.45,15,15,1.0,18.650234752912574,223.61069240699726,0.017323141199934375,2001,7
v0,Marwan-r0,Marwan,P_design10,29,40,13,0.325,15,15,1.0,20.404793122600857,223.61069240699726,0.017323141199934375,2001,7
v0,Marwan-r0,Marwan,P_design_expected,0,40,16,0.4,15,15,1.0,18.899385817943486,35.66393199799495,0.05030569256681095,2001,6
v0,Marwan-r0,Marwan,P_design_expected,1,40,19,0.475,15,15,1.0,17.370400004804466,35.66393199799495,0.05030569256681095,2001,6
v0,Marwan-r0,Marwan,P_design_expected,2,40,17,0.425,15,15,1.0,18.881235695148224,35.66393199799495,0.05030569256681095,2001,6
v0,Marwan-r0,Marwan,P_design_expected,3,40,13,0.325,15,15,1.0,21.413097968555345,35.66393199799495,0.05030569256681095,2001,6
v0,Marwan-r0,Marwan,P_design_expected,4,40,16,0.4,15,15,1.0,18.279942484106932,35.66393199799495,0.05030569256681095,2001,6
v0,Marwan-r0,Marwan,P_design_expected,5,40,15,0.375,15,15,1.0,18.669499675044,35.66393199799495,0.05030569256681095,2001,6
v0,Marwan-r0,Marwan,P_design_expected,6,40,12,0.3,15,15,1.0,20.6486240311504,35.66393199799495,0.05030569256681095,2001,6
v0,Marwan-r0,Marwan,P_design_expected,7,40,14,0.35,15,15,1.0,19.29445045004701,35.66393199799495,0.05030569256681095,2001,6
v0,Marwan-r0,Marwan,P_design_expected,8,40,17,0.425,15,15,1.0,19.055104194002393,35.66393199799495,0.05030569256681095,2001,6
v0,Marwan-r0,Marwan,P_design_expected,9,40,14,0.35,15,15,1.0,19.616985335465284,35.66393199799495,0.05030569256681095,2001,6
v0,Marwan-r0,Marwan,P_design_expected,10,40,15,0.375,15,15,1.0,18.20215997216385,35.66393199799495,0.05030569256681095,2001,6
v0,Marwan-r0,Marwan,P_design_expected,11,40,14,0.35,15,15,1.0,19.837652900227123,35.66393199799495,0.05030569256681095,2001,6
v0,Marwan-r0,Marwan,P_design_expected,12,40,18,0.45,15,15,1.0,18.183818557283423,35.66393199799495,0.05030569256681095,2001,6
v0,Marwan-r0,Marwan,P_design_expected,13,40,19,0.475,15,15,1.0,16.99361888064583,35.66393199799495,0.05030569256681095,2001,6
v0,Marwan-r0,Marwan,P_design_expected,14,40,15,0.375,15,15,1.0,19.79073533159842,35.66393199799495,0.05030569256681095,2001,6
v0,Marwan-r0,Marwan,P_design_expected,15,40,13,0.325,15,15,1.0,19.672011041229727,35.66393199799495,0.05030569256681095,2001,6
v0,Marwan-r0,Marwan,P_design_expected,16,40,15,0.375,15,15,1.0,18.702617853633782,35.66393199799495,0.05030569256681095,2001,6
v0,Marwan-r0,Marwan,P_design_expected,17,40,17,0.425,15,15,1.0,18.26123851746443,35.66393199799495,0.05030569256681095,2001,6
v0,Marwan-r0,Marwan,P_design_expected,18,40,17,0.425,15,15,1.0,17.20270663429049,35.66393199799495,0.05030569256681095,2001,6
v0,Marwan-r0,Marwan,P_design_expected,19,40,16,0.4,15,15,1.0,18.853156002245946,35.66393199799495,0.05030569256681095,2001,6
v0,Marwan-r0,Marwan,P_design_expected,20,40,15,0.375,15,15,1.0,20.272062565969293,35.66393199799495,0.05030569256681095,2001,6
v0,Marwan-r0,Marwan,P_design_expected,21,40,17,0.425,15,15,1.0,17.791036319313882,35.66393199799495,0.05030569256681095,2001,6
v0,Marwan-r0,Marwan,P_design_expected,22,40,16,0.4,15,15,1.0,19.817168454060486,35.66393199799495,0.05030569256681095,2001,6
v0,Marwan-r0,Marwan,P_design_expected,23,40,17,0.425,15,15,1.0,18.858169507590098,35.66393199799495,0.05030569256681095,2001,6
v0,Marwan-r0,Marwan,P_design_expected,24,40,13,0.325,15,15,1.0,19.59048642004959,35.66393199799495,0.05030569256681095,2001,6
v0,Marwan-r0,Marwan,P_design_expected,25,40,17,0.425,15,15,1.0,18.813309256185047,35.66393199799495,0.05030569256681095,2001,6
v0,Marwan-r0,Marwan,P_design_expected,26,40,18,0.45,15,15,1.0,17.928461505628846,35.66393199799495,0.05030569256681095,2001,6
v0,Marwan-r0,Marwan,P_design_expected,27,40,17,0.425,15,15,1.0,18.10691515062275,35.66393199799495,0.05030569256681095,2001,6
v0,Marwan-r0,Marwan,P_design_expected,28,40,14,0.35,15,15,1.0,18.656369036153944,35.66393199799495,0.05030569256681095,2001,6
v0,Marwan-r0,Marwan,P_design_expected,29,40,16,0.4,15,15,1.0,17.915683848873815,35.66393199799495,0.05030569256681095,2001,6
