set_id,scenario_id,topology_id,variant,trajectory_method,realization_id,value,ratio,status,runtime_s,variables,rows,nonzeros
sens-alerts20,Agis-r0,Agis,trajectory,B1,0,9.45222487858251,0.47261124392912546,optimal,0.8085988040038501,17315,32410,114242
sens-alerts20,Agis-r0,Agis,trajectory,B1,1,10.44480883927302,0.5222404419636509,optimal,0.8105519620003179,17315,32410,114242
sens-alerts20,Agis-r0,Agis,trajectory,B1,2,11.212320882389795,0.5606160441194897,optimal,0.7891598679998424,17315,32410,114242
sens-alerts20,Agis-r0,Agis,trajectory,B1,3,9.279974795078564,0.4639987397539282,optimal,0.7884233919976396,17315,32410,114242
sens-alerts20,Agis-r0,Agis,trajectory,B1,4,9.893951044775223,0.49469755223876116,optimal,0.8182853299949784,17315,32410,114242
sens-alerts20,Agis-r0,Agis,trajectory,B1,5,9.80039074600773,0.4900195373003865,optimal,0.7644095329960692,17315,32410,114242
sens-alerts20,Agis-r0,Agis,trajectory,B1,6,9.942150267865811,0.49710751339329057,optimal,0.7727778620028403,17315,32410,114242
sens-alerts20,Agis-r0,Agis,trajectory,B1,7,9.95414754233638,0.49770737711681895,optimal,0.7051639600031194,17315,32410,114242
sens-alerts20,Agis-r0,Agis,trajectory,B1,8,10.121728097963528,0.5060864048981764,optimal,0.8260224879995803,17315,32410,114242
sens-alerts20,Agis-r0,Agis,trajectory,B1,9,10.40314998255161,0.5201574991275806,optimal,0.7479308700058027,17315,32410,114242
sens-alerts20,Agis-r0,Agis,trajectory,B1,10,10.569314374052698,0.5284657187026349,optimal,0.759892360001686,17315,32410,114242
sens-alerts20,Agis-r0,Agis,trajectory,B1,11,10.031086570464065,0.5015543285232033,optimal,0.759673840002506,17315,32410,114242
sens-alerts20,Agis-r0,Agis,trajectory,B1,12,10.04380258422427,0.5021901292112135,optimal,0.7806241990037961,17315,32410,114242
sens-alerts20,Agis-r0,Agis,trajectory,B1,13,9.639788045730597,0.48198940228652987,optimal,0.7751996830047574,17315,32410,114242
sens-alerts20,Agis-r0,Agis,trajectory,B1,14,10.299763292767853,0.5149881646383927,optimal,0.7358428130028187,17315,32410,114242
sens-alerts20,Agis-r0,Agis,trajectory,B1,15,10.145390677567299,0.5072695338783649,optimal,0.8551983789948281,17315,32410,114242
sens-alerts20,Agis-r0,Agis,trajectory,B1,16,10.427302303973054,0.5213651151986527,optimal,0.7894982809957583,17315,32410,114242
sens-alerts20,Agis-r0,Agis,trajectory,B1,17,9.95332162322453,0.4976660811612265,optimal,0.7828263390038046,17315,32410,114242
sens-alerts20,Agis-r0,Agis,trajectory,B1,18,9.647619227431296,0.4823809613715648,optimal,0.7325459070052602,17315,32410,114242
sens-alerts20,Agis-r0,Agis,trajectory,B1,19,9.333263748385747,0.46666318741928736,optimal,0.9384132400009548,17315,32410,114242
sens-alerts20,Agis-r0,Agis,trajectory,B1,20,10.27815027271558,0.513907513635779,optimal,0.7333410540013574,17315,32410,114242
sens-alerts20,Agis-r0,Agis,trajectory,B1,21,10.681125457041878,0.5340562728520939,optimal,0.7351879939960781,17315,32410,114242
sens-alerts20,Agis-r0,Agis,trajectory,B1,22,10.459838623281009,0.5229919311640504,optimal,0.7927107639989117,17315,32410,114242
sens-alerts20,Agis-r0,Agis,trajectory,B1,23,10.26387608374667,0.5131938041873335,optimal,0.761310247995425,17315,32410,114242
sens-alerts20,Agis-r0,Agis,trajectory,B1,24,10.336065629036863,0.5168032814518432,optimal,0.7814736849977635,17315,32410,114242
sens-alerts20,Agis-r0,Agis,trajectory,B1,25,9.376199542195526,0.4688099771097763,optimal,0.7341147400002228,17315,32410,114242
sens-alerts20,Agis-r0,Agis,trajectory,B1,26,9.356406227688053,0.46782031138440267,optimal,0.7662886319958488,17315,32410,114242
sens-alerts20,Agis-r0,Agis,trajectory,B1,27,10.325525589010073,0.5162762794505037,optimal,0.7453713210052229,17315,32410,114242
sens-alerts20,Agis-r0,Agis,trajectory,B1,28,9.66595922123884,0.483297961061942,optimal,0.6961488150045625,17315,32410,114242
sens-alerts20,Agis-r0,Agis,trajectory,B1,29,9.840499039290018,0.4920249519645009,optimal,0.722554077001405,17315,32410,114242
sens-alerts20,Belnet2008-r0,Belnet2008,trajectory,B1,0,16.38407288049817,0.8192036440249085,optimal,0.9912134449987207,17440,38166,111120
sens-alerts20,Belnet2008-r0,Belnet2008,trajectory,B1,1,15.666950680302033,0.7833475340151017,optimal,0.8141773469978943,17440,38166,111120
sens-alerts20,Belnet2008-r0,Belnet2008,trajectory,B1,2,16.38679268472609,0.8193396342363044,optimal,0.905813418001344,17440,38166,111120
sens-alerts20,Belnet2008-r0,Belnet2008,trajectory,B1,3,15.956419225265297,0.7978209612632648,optimal,0.9015897259960184,17440,38166,111120
sens-alerts20,Belnet2008-r0,Belnet2008,trajectory,B1,4,15.582152632456065,0.7791076316228033,optimal,1.0048692439959268,17440,38166,111120
sens-alerts20,Belnet2008-r0,Belnet2008,trajectory,B1,5,16.28254502151679,0.8141272510758395,optimal,0.9895386979987961,17440,38166,111120
sens-alerts20,Belnet2008-r0,Belnet2008,trajectory,B1,6,16.443836241687563,0.8221918120843782,optimal,0.9797739959976752,17440,38166,111120
sens-alerts20,Belnet2008-r0,Belnet2008,trajectory,B1,7,15.90157592277454,0.795078796138727,optimal,0.8814202520006802,17440,38166,111120
sens-alerts20,Belnet2008-r0,Belnet2008,trajectory,B1,8,16.22146373551091,0.8110731867755454,optimal,1.1903897689990117,17440,38166,111120
sens-alerts20,Belnet2008-r0,Belnet2008,trajectory,B1,9,16.208189627871622,0.8104094813935812,optimal,1.1435958349975408,17440,38166,111120
sens-alerts20,Belnet2008-r0,Belnet2008,trajectory,B1,10,16.2436298781869,0.812181493909345,optimal,1.0087974590060185,17440,38166,111120
sens-alerts20,Belnet2008-r0,Belnet2008,trajectory,B1,11,15.784004474413209,0.7892002237206605,optimal,0.9221441409972613,17440,38166,111120
sens-alerts20,Belnet2008-r0,Belnet2008,trajectory,B1,12,16.779480749194548,0.8389740374597274,optimal,1.0812116349989083,17440,38166,111120
sens-alerts20,Belnet2008-r0,Belnet2008,trajectory,B1,13,16.71309519214462,0.835654759607231,optimal,0.9080147909990046,17440,38166,111120
sens-alerts20,Belnet2008-r0,Belnet2008,trajectory,B1,14,15.794984085781238,0.7897492042890619,optimal,1.04991167299886,17440,38166,111120
sens-alerts20,Belnet2008-r0,Belnet2008,trajectory,B1,15,16.631997773127814,0.8315998886563907,optimal,1.0985082690021954,17440,38166,111120
sens-alerts20,Belnet2008-r0,Belnet2008,trajectory,B1,16,16.000818439339678,0.800040921966984,optimal,0.8727360179982497,17440,38166,111120
sens-alerts20,Belnet2008-r0,Belnet2008,trajectory,B1,17,15.92666464821395,0.7963332324106975,optimal,0.9977026420019683,17440,38166,111120
sens-alerts20,Belnet2008-r0,Belnet2008,trajectory,B1,18,16.324289467033203,0.8162144733516602,optimal,0.9444316619992605,17440,38166,111120
sens-alerts20,Belnet2008-r0,Belnet2008,trajectory,B1,19,15.58272086980627,0.7791360434903135,optimal,0.9356149140003254,17440,38166,111120
sens-alerts20,Belnet2008-r0,Belnet2008,trajectory,B1,20,15.601048011919563,0.7800524005959781,optimal,1.009205781003402,17440,38166,111120
sens-alerts20,Belnet2008-r0,Belnet2008,trajectory,B1,21,15.975933878108917,0.7987966939054458,optimal,0.9130406330004917,17440,38166,111120
sens-alerts20,Belnet2008-r0,Belnet2008,trajectory,B1,22,16.624468868655025,0.8312234434327512,optimal,0.9455906130024232,17440,38166,111120
sens-alerts20,Belnet2008-r0,Belnet2008,trajectory,B1,23,16.377278464724093,0.8188639232362046,optimal,0.9872520179997082,17440,38166,111120
sens-alerts20,Belnet2008-r0,Belnet2008,trajectory,B1,24,15.654605936161293,0.7827302968080646,optimal,0.9442017209948972,17440,38166,111120
sens-alerts20,Belnet2008-r0,Belnet2008,trajectory,B1,25,16.12441738274095,0.8062208691370476,optimal,0.9175968920026207,17440,38166,111120
sens-alerts20,Belnet2008-r0,Belnet2008,trajectory,B1,26,16.593259064277877,0.8296629532138938,optimal,1.2406085949987755,17440,38166,111120
sens-alerts20,Belnet2008-r0,Belnet2008,trajectory,B1,27,16.789962304539035,0.8394981152269517,optimal,1.0162777719961014,17440,38166,111120
sens-alerts20,Belnet2008-r0,Belnet2008,trajectory,B1,28,16.07488307431894,0.803744153715947,optimal,0.9155841679967125,17440,38166,111120
sens-alerts20,Belnet2008-r0,Belnet2008,trajectory,B1,29,16.400156153001063,0.8200078076500532,optimal,0.9524676680011908,17440,38166,111120
sens-alerts20,BsonetEurope-r0,BsonetEurope,trajectory,B1,0,14.65307023359913,0.7326535116799565,optimal,0.9643962490008562,19873,35768,119625
sens-alerts20,BsonetEurope-r0,BsonetEurope,trajectory,B1,1,14.031849962158995,0.7015924981079498,optimal,0.9935388780068024,19873,35768,119625
sens-alerts20,BsonetEurope-r0,BsonetEurope,trajectory,B1,2,14.533960384011486,0.7266980192005743,optimal,0.9774868439999409,19873,35768,119625
sens-alerts20,BsonetEurope-r0,BsonetEurope,trajectory,B1,3,14.32945012217328,0.7164725061086641,optimal,0.9394414280031924,19873,35768,119625
sens-alerts20,BsonetEurope-r0,BsonetEurope,trajectory,B1,4,14.519874295566755,0.7259937147783377,optimal,0.9709070200042333,19873,35768,119625
sens-alerts20,BsonetEurope-r0,BsonetEurope,trajectory,B1,5,14.158206823101429,0.7079103411550715,optimal,1.0005341319993022,19873,35768,119625
sens-alerts20,BsonetEurope-r0,BsonetEurope,trajectory,B1,6,13.891235666872834,0.6945617833436417,optimal,1.0400145070016151,19873,35768,119625
sens-alerts20,BsonetEurope-r0,BsonetEurope,trajectory,B1,7,13.85320007236134,0.692660003618067,optimal,1.3711161429964704,19873,35768,119625
sens-alerts20,BsonetEurope-r0,BsonetEurope,trajectory,B1,8,13.910682574368316,0.6955341287184158,optimal,1.0289038779956172,19873,35768,119625
sens-alerts20,BsonetEurope-r0,BsonetEurope,trajectory,B1,9,14.384632930717938,0.7192316465358969,optimal,1.024246768996818,19873,35768,119625
sens-alerts20,BsonetEurope-r0,BsonetEurope,trajectory,B1,10,13.631233676700928,0.6815616838350465,optimal,0.9703120819976903,19873,35768,119625
sens-alerts20,BsonetEurope-r0,BsonetEurope,trajectory,B1,11,13.812695986880613,0.6906347993440306,optimal,1.0993433910043677,19873,35768,119625
sens-alerts20,BsonetEurope-r0,BsonetEurope,trajectory,B1,12,13.829415973062186,0.6914707986531093,optimal,0.9559992020003847,19873,35768,119625
sens-alerts20,BsonetEurope-r0,BsonetEurope,trajectory,B1,13,14.662062954901442,0.7331031477450721,optimal,1.0083239619998494,19873,35768,119625
sens-alerts20,BsonetEurope-r0,BsonetEurope,trajectory,B1,14,14.307953598823206,0.7153976799411603,optimal,1.128894579000189,19873,35768,119625
sens-alerts20,BsonetEurope-r0,BsonetEurope,trajectory,B1,15,14.416266955279706,0.7208133477639853,optimal,0.9332267830031924,19873,35768,119625
sens-alerts20,BsonetEurope-r0,BsonetEurope,trajectory,B1,16,14.358642933330758,0.7179321466665379,optimal,1.019005809997907,19873,35768,119625
sens-alerts20,BsonetEurope-r0,BsonetEurope,trajectory,B1,17,14.739280643691066,0.7369640321845533,optimal,1.1506464710037108,19873,35768,119625
sens-alerts20,BsonetEurope-r0,BsonetEurope,trajectory,B1,18,14.809420320548702,0.740471016027435,optimal,1.0916151420024107,19873,35768,119625
sens-alerts20,BsonetEurope-r0,BsonetEurope,trajectory,B1,19,14.465853627872475,0.7232926813936238,optimal,0.964795307998429,19873,35768,119625
sens-alerts20,BsonetEurope-r0,BsonetEurope,trajectory,B1,20,14.3297951248861,0.716489756244305,optimal,0.9858895850047702,19873,35768,119625
sens-alerts20,BsonetEurope-r0,BsonetEurope,trajectory,B1,21,13.907173740077065,0.6953586870038533,optimal,0.9636827609938337,19873,35768,119625
sens-alerts20,BsonetEurope-r0,BsonetEurope,trajectory,B1,22,14.470882730501904,0.7235441365250952,optimal,1.186619428000995,19873,35768,119625
sens-alerts20,BsonetEurope-r0,BsonetEurope,trajectory,B1,23,14.256130307288133,0.7128065153644066,optimal,1.023410977999447,19873,35768,119625
sens-alerts20,BsonetEurope-r0,BsonetEurope,trajectory,B1,24,13.50757745025842,0.6753788725129211,optimal,0.9564261510022334,19873,35768,119625
sens-alerts20,BsonetEurope-r0,BsonetEurope,trajectory,B1,25,13.63438438193355,0.6817192190966775,optimal,0.9747746130015003,19873,35768,119625
sens-alerts20,BsonetEurope-r0,BsonetEurope,trajectory,B1,26,14.40834702545837,0.7204173512729185,optimal,0.9434760949952761,19873,35768,119625
sens-alerts20,BsonetEurope-r0,BsonetEurope,trajectory,B1,27,14.141726927419954,0.7070863463709978,optimal,1.1469950519967824,19873,35768,119625
sens-alerts20,BsonetEurope-r0,BsonetEurope,trajectory,B1,28,14.559868073820487,0.7279934036910244,optimal,0.9510866309938137,19873,35768,119625
sens-alerts20,BsonetEurope-r0,BsonetEurope,trajectory,B1,29,13.983539123839618,0.699176956191981,optimal,0.9543878949989448,19873,35768,119625
sens-alerts20,BtNorthAmerica-r0,BtNorthAmerica,trajectory,B1,0,8.233797827786756,0.41168989138933776,optimal,1.1285977189982077,20403,38729,127549
sens-alerts20,BtNorthAmerica-r0,BtNorthAmerica,trajectory,B1,1,9.327631900743055,0.46638159503715276,optimal,1.1537999920037691,20403,38729,127549
sens-alerts20,BtNorthAmerica-r0,BtNorthAmerica,trajectory,B1,2,8.910969734256913,0.44554848671284564,optimal,1.3063464200022281,20403,38729,127549
sens-alerts20,BtNorthAmerica-r0,BtNorthAmerica,trajectory,B1,3,9.079482781806906,0.4539741390903453,optimal,1.1161199559937813,20403,38729,127549
sens-alerts20,BtNorthAmerica-r0,BtNorthAmerica,trajectory,B1,4,9.13307660294544,0.456653830147272,optimal,1.1129008650023025,20403,38729,127549
sens-alerts20,BtNorthAmerica-r0,BtNorthAmerica,trajectory,B1,5,9.463228935026892,0.47316144675134464,optimal,1.2934753480003565,20403,38729,127549
sens-alerts20,BtNorthAmerica-r0,BtNorthAmerica,trajectory,B1,6,9.548637622583792,0.4774318811291896,optimal,1.223829750000732,20403,38729,127549
sens-alerts20,BtNorthAmerica-r0,BtNorthAmerica,trajectory,B1,7,9.54885029862651,0.4774425149313255,optimal,1.3872559529991122,20403,38729,127549
sens-alerts20,BtNorthAmerica-r0,BtNorthAmerica,trajectory,B1,8,10.36961870659764,0.518480935329882,optimal,1.3238397739987704,20403,38729,127549
sens-alerts20,BtNorthAmerica-r0,BtNorthAmerica,trajectory,B1,9,9.756928777583836,0.48784643887919177,optimal,1.1009427860044525,20403,38729,127549
sens-alerts20,BtNorthAmerica-r0,BtNorthAmerica,trajectory,B1,10,8.855760746877307,0.44278803734386535,optimal,1.3017697429968393,20403,38729,127549
sens-alerts20,BtNorthAmerica-r0,BtNorthAmerica,trajectory,B1,11,9.395504158043748,0.4697752079021874,optimal,1.3225627690044348,20403,38729,127549
sens-alerts20,BtNorthAmerica-r0,BtNorthAmerica,trajectory,B1,12,9.695588267556031,0.48477941337780156,optimal,1.1229430899984436,20403,38729,127549
sens-alerts20,BtNorthAmerica-r0,BtNorthAmerica,trajectory,B1,13,9.21867014612599,0.46093350730629956,optimal,1.193966017999628,20403,38729,127549
sens-alerts20,BtNorthAmerica-r0,BtNorthAmerica,trajectory,B1,14,8.1717043664733,0.408585218323665,optimal,1.1809905849950155,20403,38729,127549
sens-alerts20,BtNorthAmerica-r0,BtNorthAmerica,trajectory,B1,15,9.11783558027299,0.4558917790136495,optimal,1.127103505001287,20403,38729,127549
sens-alerts20,BtNorthAmerica-r0,BtNorthAmerica,trajectory,B1,16,8.6337513581091,0.431687567905455,optimal,1.0211165469954722,20403,38729,127549
sens-alerts20,BtNorthAmerica-r0,BtNorthAmerica,trajectory,B1,17,9.007402755520271,0.45037013777601353,optimal,1.29349675100093,20403,38729,127549
sens-alerts20,BtNorthAmerica-r0,BtNorthAmerica,trajectory,B1,18,8.499728874270215,0.42498644371351074,optimal,1.157216615996731,20403,38729,127549
sens-alerts20,BtNorthAmerica-r0,BtNorthAmerica,trajectory,B1,19,8.789353737318352,0.43946768686591764,optimal,1.2379531389960903,20403,38729,127549
sens-alerts20,BtNorthAmerica-r0,BtNorthAmerica,trajectory,B1,20,9.028940512944196,0.4514470256472098,optimal,1.3118187579966616,20403,38729,127549
sens-alerts20,BtNorthAmerica-r0,BtNorthAmerica,trajectory,B1,21,9.406062882121718,0.4703031441060859,optimal,1.0486553959999583,20403,38729,127549
sens-alerts20,BtNorthAmerica-r0,BtNorthAmerica,trajectory,B1,22,8.391967134489619,0.4195983567244809,optimal,1.2449539230001392,20403,38729,127549
sens-alerts20,BtNorthAmerica-r0,BtNorthAmerica,trajectory,B1,23,10.16101262318605,0.5080506311593025,optimal,1.0649226130044553,20403,38729,127549
sens-alerts20,BtNorthAmerica-r0,BtNorthAmerica,trajectory,B1,24,9.566556642325585,0.4783278321162793,optimal,1.1810688280020258,20403,38729,127549
sens-alerts20,BtNorthAmerica-r0,BtNorthAmerica,trajectory,B1,25,9.052660699999041,0.45263303499995206,optimal,1.17785048699443,20403,38729,127549
sens-alerts20,BtNorthAmerica-r0,BtNorthAmerica,trajectory,B1,26,9.568447455210938,0.4784223727605469,optimal,1.0666107889992418,20403,38729,127549
sens-alerts20,BtNorthAmerica-r0,BtNorthAmerica,trajectory,B1,27,8.945186408813763,0.44725932044068817,optimal,1.308417827996891,20403,38729,127549
sens-alerts20,BtNorthAmerica-r0,BtNorthAmerica,trajectory,B1,28,7.954403067748783,0.39772015338743916,optimal,1.0522290839944617,20403,38729,127549
sens-alerts20,BtNorthAmerica-r0,BtNorthAmerica,trajectory,B1,29,9.125338523980604,0.4562669261990302,optimal,1.1291814770011115,20403,38729,127549
sens-alerts20,Cesnet200603-r0,Cesnet200603,trajectory,B1,0,9.485977789193736,0.4742988894596868,optimal,1.0367425419972278,21239,39882,130664
sens-alerts20,Cesnet200603-r0,Cesnet200603,trajectory,B1,1,10.06138141879736,0.503069070939868,optimal,0.9521517739995033,21239,39882,130664
sens-alerts20,Cesnet200603-r0,Cesnet200603,trajectory,B1,2,9.547726781609542,0.4773863390804771,optimal,1.017041742001311,21239,39882,130664
sens-alerts20,Cesnet200603-r0,Cesnet200603,trajectory,B1,3,9.147457129058163,0.45737285645290815,optimal,0.9062517240017769,21239,39882,130664
sens-alerts20,Cesnet200603-r0,Cesnet200603,trajectory,B1,4,9.389890705947089,0.4694945352973544,optimal,0.924737572997401,21239,39882,130664
sens-alerts20,Cesnet200603-r0,Cesnet200603,trajectory,B1,5,9.041209639481007,0.45206048197405035,optimal,0.9739190530017368,21239,39882,130664
sens-alerts20,Cesnet200603-r0,Cesnet200603,trajectory,B1,6,8.721697558947135,0.43608487794735673,optimal,0.9430489820006187,21239,39882,130664
sens-alerts20,Cesnet200603-r0,Cesnet200603,trajectory,B1,7,9.567392372901082,0.4783696186450541,optimal,0.9939808689960046,21239,39882,130664
sens-alerts20,Cesnet200603-r0,Cesnet200603,trajectory,B1,8,9.627620400677344,0.4813810200338672,optimal,0.9444183460000204,21239,39882,130664
sens-alerts20,Cesnet200603-r0,Cesnet200603,trajectory,B1,9,8.83332579775323,0.44166628988766143,optimal,0.9373459939961322,21239,39882,130664
sens-alerts20,Cesnet200603-r0,Cesnet200603,trajectory,B1,10,9.798944910480582,0.48994724552402913,optimal,0.9435170399956405,21239,39882,130664
sens-alerts20,Cesnet200603-r0,Cesnet200603,trajectory,B1,11,9.560236389919426,0.4780118194959713,optimal,1.129793697000423,21239,39882,130664
sens-alerts20,Cesnet200603-r0,Cesnet200603,trajectory,B1,12,9.01743782352773,0.45087189117638654,optimal,0.9629808319950826,21239,39882,130664
sens-alerts20,Cesnet200603-r0,Cesnet200603,trajectory,B1,13,10.109960307231255,0.5054980153615627,optimal,1.213881706004031,21239,39882,130664
sens-alerts20,Cesnet200603-r0,Cesnet200603,trajectory,B1,14,9.72486976637825,0.4862434883189125,optimal,0.9976430519964197,21239,39882,130664
sens-alerts20,Cesnet200603-r0,Cesnet200603,trajectory,B1,15,8.737184660986362,0.43685923304931806,optimal,1.1775305120027042,21239,39882,130664
sens-alerts20,Cesnet200603-r0,Cesnet200603,trajectory,B1,16,9.206198811010683,0.46030994055053415,optimal,0.9374933149956632,21239,39882,130664
sens-alerts20,Cesnet200603-r0,Cesnet200603,trajectory,B1,17,8.718585288936595,0.4359292644468297,optimal,1.005122016002133,21239,39882,130664
sens-alerts20,Cesnet200603-r0,Cesnet200603,trajectory,B1,18,9.052165292297126,0.45260826461485626,optimal,1.013088362000417,21239,39882,130664
sens-alerts20,Cesnet200603-r0,Cesnet200603,trajectory,B1,19,9.275238385597493,0.46376191927987465,optimal,1.0256764239966287,21239,39882,130664
sens-alerts20,Cesnet200603-r0,Cesnet200603,trajectory,B1,20,9.242455794849143,0.46212278974245713,optimal,1.1983700670025428,21239,39882,130664
sens-alerts20,Cesnet200603-r0,Cesnet200603,trajectory,B1,21,9.057449443284622,0.4528724721642311,optimal,0.8756543749987031,21239,39882,130664
sens-alerts20,Cesnet200603-r0,Cesnet200603,trajectory,B1,22,9.648561297304578,0.48242806486522893,optimal,1.0342239390010945,21239,39882,130664
sens-alerts20,Cesnet200603-r0,Cesnet200603,trajectory,B1,23,8.860153296951685,0.44300766484758425,optimal,0.9561187869985588,21239,39882,130664
sens-alerts20,Cesnet200603-r0,Cesnet200603,trajectory,B1,24,9.106012559752312,0.4553006279876156,optimal,1.07535337000445,21239,39882,130664
sens-alerts20,Cesnet200603-r0,Cesnet200603,trajectory,B1,25,10.02401659746936,0.501200829873468,optimal,1.1940264649965684,21239,39882,130664
sens-alerts20,Cesnet200603-r0,Cesnet200603,trajectory,B1,26,9.187351372213664,0.4593675686106832,optimal,1.1760273659965605,21239,39882,130664
sens-alerts20,Cesnet200603-r0,Cesnet200603,trajectory,B1,27,9.529848216466169,0.47649241082330845,optimal,0.9810883550017024,21239,39882,130664
sens-alerts20,Cesnet200603-r0,Cesnet200603,trajectory,B1,28,9.019561230582706,0.45097806152913533,optimal,1.0088988979987334,21239,39882,130664
sens-alerts20,Cesnet200603-r0,Cesnet200603,trajectory,B1,29,8.833237468326212,0.4416618734163106,optimal,1.0162690240031225,21239,39882,130664
sens-alerts20,Digex-r0,Digex,trajectory,B1,0,11.716297220377879,0.5858148610188939,optimal,2.0906671850025305,31366,52505,158880
sens-alerts20,Digex-r0,Digex,trajectory,B1,1,12.234305432079958,0.611715271603998,optimal,2.1108226959986496,31366,52505,158880
sens-alerts20,Digex-r0,Digex,trajectory,B1,2,12.774703528658979,0.638735176432949,optimal,1.8689495159997023,31366,52505,158880
sens-alerts20,Digex-r0,Digex,trajectory,B1,3,11.657318669292563,0.5828659334646281,optimal,2.123315051998361,31366,52505,158880
sens-alerts20,Digex-r0,Digex,trajectory,B1,4,12.777823020993285,0.6388911510496642,optimal,2.0642656199997873,31366,52505,158880
sens-alerts20,Digex-r0,Digex,trajectory,B1,5,12.099661635303603,0.6049830817651801,optimal,2.104134929002612,31366,52505,158880
sens-alerts20,Digex-r0,Digex,trajectory,B1,6,12.47110878847422,0.623555439423711,optimal,1.854448574995331,31366,52505,158880
sens-alerts20,Digex-r0,Digex,trajectory,B1,7,11.801367579589167,0.5900683789794583,optimal,2.0020163449953543,31366,52505,158880
sens-alerts20,Digex-r0,Digex,trajectory,B1,8,12.167504151267647,0.6083752075633824,optimal,2.051994323002873,31366,52505,158880
sens-alerts20,Digex-r0,Digex,trajectory,B1,9,12.402438752525704,0.6201219376262852,optimal,2.3408011150022503,31366,52505,158880
sens-alerts20,Digex-r0,Digex,trajectory,B1,10,11.318080925784882,0.5659040462892441,optimal,2.257672163999814,31366,52505,158880
sens-alerts20,Digex-r0,Digex,trajectory,B1,11,12.099916029940816,0.6049958014970408,optimal,2.043780803003756,31366,52505,158880
sens-alerts20,Digex-r0,Digex,trajectory,B1,12,13.119638987772912,0.6559819493886456,optimal,2.1587278500010143,31366,52505,158880
sens-alerts20,Digex-r0,Digex,trajectory,B1,13,12.328493512911646,0.6164246756455822,optimal,1.9165215030006948,31366,52505,158880
sens-alerts20,Digex-r0,Digex,trajectory,B1,14,12.180503584375975,0.6090251792187987,optimal,2.309385057000327,31366,52505,158880
sens-alerts20,Digex-r0,Digex,trajectory,B1,15,12.301846200276644,0.6150923100138322,optimal,2.019228473996918,31366,52505,158880
sens-alerts20,Digex-r0,Digex,trajectory,B1,16,12.301963370837154,0.6150981685418577,optimal,1.9467861669982085,31366,52505,158880
sens-alerts20,Digex-r0,Digex,trajectory,B1,17,12.490528505623377,0.6245264252811689,optimal,1.8429309349958203,31366,52505,158880
sens-alerts20,Digex-r0,Digex,trajectory,B1,18,12.351126249927997,0.6175563124963999,optimal,2.3244369050007663,31366,52505,158880
sens-alerts20,Digex-r0,Digex,trajectory,B1,19,12.295207547594238,0.6147603773797119,optimal,1.915575462000561,31366,52505,158880
sens-alerts20,Digex-r0,Digex,trajectory,B1,20,11.887592255284012,0.5943796127642006,optimal,1.8751603870041436,31366,52505,158880
sens-alerts20,Digex-r0,Digex,trajectory,B1,21,11.530957842897472,0.5765478921448736,optimal,1.873191915001371,31366,52505,158880
sens-alerts20,Digex-r0,Digex,trajectory,B1,22,12.444618193503588,0.6222309096751795,optimal,1.9808460589993047,31366,52505,158880
sens-alerts20,Digex-r0,Digex,trajectory,B1,23,11.95092708844645,0.5975463544223225,optimal,1.8044839869980933,31366,52505,158880
sens-alerts20,Digex-r0,Digex,trajectory,B1,24,12.113244924519103,0.6056622462259551,optimal,2.0546691870040377,31366,52505,158880
sens-alerts20,Digex-r0,Digex,trajectory,B1,25,12.496691498198865,0.6248345749099433,optimal,2.1669320479995804,31366,52505,158880
sens-alerts20,Digex-r0,Digex,trajectory,B1,26,12.641493320382024,0.6320746660191012,optimal,1.8087319340047543,31366,52505,158880
sens-alerts20,Digex-r0,Digex,trajectory,B1,27,11.839142371676877,0.5919571185838438,optimal,1.8349914759965031,31366,52505,158880
sens-alerts20,Digex-r0,Digex,trajectory,B1,28,12.550918015864854,0.6275459007932427,optimal,2.2997051490019658,31366,52505,158880
sens-alerts20,Digex-r0,Digex,trajectory,B1,29,11.843449826904367,0.5921724913452183,optimal,2.2699924490007106,31366,52505,158880
sens-alerts20,Easynet-r0,Easynet,trajectory,B1,0,7.64374994804305,0.3821874974021525,optimal,1.2336273830005666,18641,36897,117983
sens-alerts20,Easynet-r0,Easynet,trajectory,B1,1,7.473863711407074,0.3736931855703537,optimal,1.3122723279957427,18641,36897,117983
sens-alerts20,Easynet-r0,Easynet,trajectory,B1,2,6.262963324268974,0.3131481662134487,optimal,1.0572988749991055,18641,36897,117983
sens-alerts20,Easynet-r0,Easynet,trajectory,B1,3,7.352764028563955,0.36763820142819775,optimal,1.1022716669976944,18641,36897,117983
sens-alerts20,Easynet-r0,Easynet,trajectory,B1,4,7.276081152710226,0.3638040576355113,optimal,1.2850357189963688,18641,36897,117983
sens-alerts20,Easynet-r0,Easynet,trajectory,B1,5,7.737266407536325,0.38686332037681626,optimal,1.1284782200018526,18641,36897,117983
sens-alerts20,Easynet-r0,Easynet,trajectory,B1,6,7.331919016203171,0.36659595081015856,optimal,1.122047422999458,18641,36897,117983
sens-alerts20,Easynet-r0,Easynet,trajectory,B1,7,8.526419447947545,0.4263209723973772,optimal,1.089438227005303,18641,36897,117983
sens-alerts20,Easynet-r0,Easynet,trajectory,B1,8,8.175997619889209,0.40879988099446046,optimal,1.1857706010050606,18641,36897,117983
sens-alerts20,Easynet-r0,Easynet,trajectory,B1,9,6.961216279896619,0.34806081399483096,optimal,1.1060187449984369,18641,36897,117983
sens-alerts20,Easynet-r0,Easynet,trajectory,B1,10,8.04665897648232,0.40233294882411597,optimal,1.169318715998088,18641,36897,117983
sens-alerts20,Easynet-r0,Easynet,trajectory,B1,11,7.3906562608552555,0.36953281304276275,optimal,1.1085000819948618,18641,36897,117983
sens-alerts20,Easynet-r0,Easynet,trajectory,B1,12,7.57813334572463,0.37890666728623146,optimal,1.3795307079999475,18641,36897,117983
sens-alerts20,Easynet-r0,Easynet,trajectory,B1,13,7.116727545486761,0.35583637727433803,optimal,1.0786503620038275,18641,36897,117983
sens-alerts20,Easynet-r0,Easynet,trajectory,B1,14,9.104459838970369,0.45522299194851845,optimal,1.1406594669970218,18641,36897,117983
sens-alerts20,Easynet-r0,Easynet,trajectory,B1,15,7.6620692879814305,0.3831034643990715,optimal,1.1069740219973028,18641,36897,117983
sens-alerts20,Easynet-r0,Easynet,trajectory,B1,16,7.2184871238251285,0.3609243561912564,optimal,1.1331191419958486,18641,36897,117983
sens-alerts20,Easynet-r0,Easynet,trajectory,B1,17,7.894394888118007,0.39471974440590035,optimal,1.0832693099946482,18641,36897,117983
sens-alerts20,Easynet-r0,Easynet,trajectory,B1,18,7.237860445593033,0.36189302227965164,optimal,1.4247296499961521,18641,36897,117983
sens-alerts20,Easynet-r0,Easynet,trajectory,B1,19,7.862060803730269,0.39310304018651343,optimal,1.1044102670057327,18641,36897,117983
sens-alerts20,Easynet-r0,Easynet,trajectory,B1,20,7.907524838327262,0.3953762419163631,optimal,1.3642120939985034,18641,36897,117983
sens-alerts20,Easynet-r0,Easynet,trajectory,B1,21,6.615058100617639,0.33075290503088195,optimal,1.1140536809980404,18641,36897,117983
sens-alerts20,Easynet-r0,Easynet,trajectory,B1,22,7.379836841126857,0.36899184205634283,optimal,1.3098091400024714,18641,36897,117983
sens-alerts20,Easynet-r0,Easynet,trajectory,B1,23,6.700545892782901,0.33502729463914505,optimal,1.1646546710035182,18641,36897,117983
sens-alerts20,Easynet-r0,Easynet,trajectory,B1,24,7.360345175280845,0.36801725876404223,optimal,1.1281246360013029,18641,36897,117983
sens-alerts20,Easynet-r0,Easynet,trajectory,B1,25,6.961601305038358,0.3480800652519179,optimal,1.2555424220045097,18641,36897,117983
sens-alerts20,Easynet-r0,Easynet,trajectory,B1,26,6.775392006118301,0.338769600305915,optimal,1.3184964519969071,18641,36897,117983
sens-alerts20,Easynet-r0,Easynet,trajectory,B1,27,7.735616737359037,0.38678083686795184,optimal,1.1360004170055618,18641,36897,117983
sens-alerts20,Easynet-r0,Easynet,trajectory,B1,28,7.294514611443042,0.36472573057215213,optimal,1.130340588002582,18641,36897,117983
sens-alerts20,Easynet-r0,Easynet,trajectory,B1,29,7.024030680379947,0.35120153401899734,optimal,1.3916513419972034,18641,36897,117983
sens-alerts20,Garr200112-r0,Garr200112,trajectory,B1,0,15.651754655353535,0.7825877327676768,optimal,0.7785006239937502,13901,31616,91211
sens-alerts20,Garr200112-r0,Garr200112,trajectory,B1,1,15.478668647041319,0.7739334323520659,optimal,0.806835871997464,13901,31616,91211
sens-alerts20,Garr200112-r0,Garr200112,trajectory,B1,2,14.205405639850992,0.7102702819925496,optimal,0.7190434980002465,13901,31616,91211
sens-alerts20,Garr200112-r0,Garr200112,trajectory,B1,3,16.006525857606647,0.8003262928803323,optimal,0.6382318350006244,13901,31616,91211
sens-alerts20,Garr200112-r0,Garr200112,trajectory,B1,4,16.062348621574266,0.8031174310787133,optimal,0.6957125539993285,13901,31616,91211
sens-alerts20,Garr200112-r0,Garr200112,trajectory,B1,5,15.729938720769187,0.7864969360384594,optimal,0.7501434439982404,13901,31616,91211
sens-alerts20,Garr200112-r0,Garr200112,trajectory,B1,6,15.490499989435593,0.7745249994717797,optimal,0.6833836450023227,13901,31616,91211
sens-alerts20,Garr200112-r0,Garr200112,trajectory,B1,7,16.47888155431675,0.8239440777158376,optimal,0.8593844699935289,13901,31616,91211
sens-alerts20,Garr200112-r0,Garr200112,trajectory,B1,8,16.094254652683922,0.8047127326341961,optimal,0.8610223100040457,13901,31616,91211
sens-alerts20,Garr200112-r0,Garr200112,trajectory,B1,9,15.147688922297924,0.7573844461148962,optimal,0.7612114740040852,13901,31616,91211
sens-alerts20,Garr200112-r0,Garr200112,trajectory,B1,10,15.651171320712574,0.7825585660356287,optimal,0.667319371998019,13901,31616,91211
sens-alerts20,Garr200112-r0,Garr200112,trajectory,B1,11,15.446577250525394,0.7723288625262696,optimal,0.7296697359997779,13901,31616,91211
sens-alerts20,Garr200112-r0,Garr200112,trajectory,B1,12,14.42538039818843,0.7212690199094215,optimal,0.6342104809955345,13901,31616,91211
sens-alerts20,Garr200112-r0,Garr200112,trajectory,B1,13,14.99023118035886,0.749511559017943,optimal,0.7652430999951321,13901,31616,91211
sens-alerts20,Garr200112-r0,Garr200112,trajectory,B1,14,15.559611246121683,0.7779805623060841,optimal,0.7087387349965866,13901,31616,91211
sens-alerts20,Garr200112-r0,Garr200112,trajectory,B1,15,16.279612618437657,0.8139806309218829,optimal,0.6062715959997149,13901,31616,91211
sens-alerts20,Garr200112-r0,Garr200112,trajectory,B1,16,15.155758169085201,0.75778790845426,optimal,0.7005509369992069,13901,31616,91211
sens-alerts20,Garr200112-r0,Garr200112,trajectory,B1,17,16.290500534724565,0.8145250267362283,optimal,0.8014691049975227,13901,31616,91211
sens-alerts20,Garr200112-r0,Garr200112,trajectory,B1,18,16.185354428880522,0.8092677214440261,optimal,0.6335827649963903,13901,31616,91211
sens-alerts20,Garr200112-r0,Garr200112,trajectory,B1,19,15.598596610411475,0.7799298305205737,optimal,0.8709776830000919,13901,31616,91211
sens-alerts20,Garr200112-r0,Garr200112,trajectory,B1,20,15.211189715215918,0.7605594857607959,optimal,0.6750683529971866,13901,31616,91211
sens-alerts20,Garr200112-r0,Garr200112,trajectory,B1,21,16.178688350437213,0.8089344175218607,optimal,0.7862727509927936,13901,31616,91211
sens-alerts20,Garr200112-r0,Garr200112,trajectory,B1,22,14.572259346117773,0.7286129673058886,optimal,0.6678586790003465,13901,31616,91211
sens-alerts20,Garr200112-r0,Garr200112,trajectory,B1,23,15.387638704566701,0.7693819352283351,optimal,0.7484875910013216,13901,31616,91211
sens-alerts20,Garr200112-r0,Garr200112,trajectory,B1,24,15.025950169008494,0.7512975084504248,optimal,0.7022231989976717,13901,31616,91211
sens-alerts20,Garr200112-r0,Garr200112,trajectory,B1,25,15.616395009220698,0.7808197504610349,optimal,0.7904893040031311,13901,31616,91211
sens-alerts20,Garr200112-r0,Garr200112,trajectory,B1,26,16.589308012579338,0.8294654006289669,optimal,0.6285881720032194,13901,31616,91211
sens-alerts20,Garr200112-r0,Garr200112,trajectory,B1,27,15.881767777620299,0.794088388881015,optimal,0.6781092750024982,13901,31616,91211
sens-alerts20,Garr200112-r0,Garr200112,trajectory,B1,28,15.632820701453511,0.7816410350726756,optimal,0.751797799995984,13901,31616,91211
sens-alerts20,Garr200112-r0,Garr200112,trajectory,B1,29,15.4277661657229,0.771388308286145,optimal,0.6635521839998546,13901,31616,91211
sens-alerts20,Garr200404-r0,Garr200404,trajectory,B1,0,13.704206536084245,0.6852103268042122,optimal,0.7227426329991431,15559,34870,103983
sens-alerts20,Garr200404-r0,Garr200404,trajectory,B1,1,13.031003995306937,0.6515501997653469,optimal,1.0177236989984522,15559,34870,103983
sens-alerts20,Garr200404-r0,Garr200404,trajectory,B1,2,13.789720424862681,0.6894860212431341,optimal,0.7059110499976669,15559,34870,103983
sens-alerts20,Garr200404-r0,Garr200404,trajectory,B1,3,13.49315562354104,0.674657781177052,optimal,1.0145525539992377,15559,34870,103983
sens-alerts20,Garr200404-r0,Garr200404,trajectory,B1,4,13.021005379767217,0.6510502689883608,optimal,0.797387272999913,15559,34870,103983
sens-alerts20,Garr200404-r0,Garr200404,trajectory,B1,5,13.355278341954055,0.6677639170977028,optimal,0.7676264320034534,15559,34870,103983
sens-alerts20,Garr200404-r0,Garr200404,trajectory,B1,6,13.917054160226755,0.6958527080113377,optimal,0.9123167660000036,15559,34870,103983
sens-alerts20,Garr200404-r0,Garr200404,trajectory,B1,7,13.648714126261144,0.6824357063130572,optimal,0.8457394449942512,15559,34870,103983
sens-alerts20,Garr200404-r0,Garr200404,trajectory,B1,8,13.813217108633086,0.6906608554316543,optimal,0.9461664249975001,15559,34870,103983
sens-alerts20,Garr200404-r0,Garr200404,trajectory,B1,9,13.743081030778164,0.6871540515389082,optimal,0.7932044569970458,15559,34870,103983
sens-alerts20,Garr200404-r0,Garr200404,trajectory,B1,10,12.944215045944679,0.6472107522972339,optimal,0.7133793749962933,15559,34870,103983
sens-alerts20,Garr200404-r0,Garr200404,trajectory,B1,11,13.934566582575245,0.6967283291287623,optimal,0.7206102829950396,15559,34870,103983
sens-alerts20,Garr200404-r0,Garr200404,trajectory,B1,12,13.529906068320813,0.6764953034160406,optimal,0.9861234389973106,15559,34870,103983
sens-alerts20,Garr200404-r0,Garr200404,trajectory,B1,13,13.770676888441791,0.6885338444220895,optimal,0.7019150080013787,15559,34870,103983
sens-alerts20,Garr200404-r0,Garr200404,trajectory,B1,14,13.99384082832778,0.699692041416389,optimal,0.9174349909953889,15559,34870,103983
sens-alerts20,Garr200404-r0,Garr200404,trajectory,B1,15,12.534256190032727,0.6267128095016363,optimal,0.7937778160048765,15559,34870,103983
sens-alerts20,Garr200404-r0,Garr200404,trajectory,B1,16,13.815012350625375,0.6907506175312688,optimal,0.7951413109985879,15559,34870,103983
sens-alerts20,Garr200404-r0,Garr200404,trajectory,B1,17,13.788893664869235,0.6894446832434618,optimal,0.7529475030023605,15559,34870,103983
sens-alerts20,Garr200404-r0,Garr200404,trajectory,B1,18,13.602886524857414,0.6801443262428707,optimal,0.9384136520020547,15559,34870,103983
sens-alerts20,Garr200404-r0,Garr200404,trajectory,B1,19,13.62059049553278,0.6810295247766389,optimal,0.7803904920001514,15559,34870,103983
sens-alerts20,Garr200404-r0,Garr200404,trajectory,B1,20,13.523604474251524,0.6761802237125762,optimal,0.9108772109975689,15559,34870,103983
sens-alerts20,Garr200404-r0,Garr200404,trajectory,B1,21,13.744672643628656,0.6872336321814327,optimal,0.7368963370026904,15559,34870,103983
sens-alerts20,Garr200404-r0,Garr200404,trajectory,B1,22,13.99823053488227,0.6999115267441135,optimal,0.7812276719996589,15559,34870,103983
sens-alerts20,Garr200404-r0,Garr200404,trajectory,B1,23,12.991632500172908,0.6495816250086455,optimal,0.7756594370002858,15559,34870,103983
sens-alerts20,Garr200404-r0,Garr200404,trajectory,B1,24,13.6161813089683,0.680809065448415,optimal,0.964136333001079,15559,34870,103983
sens-alerts20,Garr200404-r0,Garr200404,trajectory,B1,25,13.784816644907467,0.6892408322453734,optimal,0.7809084280015668,15559,34870,103983
sens-alerts20,Garr200404-r0,Garr200404,trajectory,B1,26,13.776140417271556,0.6888070208635778,optimal,0.8510248689999571,15559,34870,103983
sens-alerts20,Garr200404-r0,Garr200404,trajectory,B1,27,13.610536693779846,0.6805268346889923,optimal,0.8593548569988343,15559,34870,103983
sens-alerts20,Garr200404-r0,Garr200404,trajectory,B1,28,13.737655290914129,0.6868827645457064,optimal,0.7047264480061131,15559,34870,103983
sens-alerts20,Garr200404-r0,Garr200404,trajectory,B1,29,13.929890246860452,0.6964945123430226,optimal,0.7372745649990975,15559,34870,103983
sens-alerts20,Marwan-r0,Marwan,trajectory,B1,0,13.329182513285652,0.6664591256642826,optimal,1.5890882319945376,21301,39239,126132
sens-alerts20,Marwan-r0,Marwan,trajectory,B1,1,13.666708640329489,0.6833354320164744,optimal,1.3807802189985523,21301,39239,126132
sens-alerts20,Marwan-r0,Marwan,trajectory,B1,2,12.442322626873576,0.6221161313436788,optimal,1.5941089730040403,21301,39239,126132
sens-alerts20,Marwan-r0,Marwan,trajectory,B1,3,13.221861167749667,0.6610930583874833,optimal,1.4193581619983888,21301,39239,126132
sens-alerts20,Marwan-r0,Marwan,trajectory,B1,4,13.0035598610753,0.650177993053765,optimal,1.623969906999264,21301,39239,126132
sens-alerts20,Marwan-r0,Marwan,trajectory,B1,5,13.553037969857911,0.6776518984928955,optimal,1.3456425240001408,21301,39239,126132
sens-alerts20,Marwan-r0,Marwan,trajectory,B1,6,12.696855153302124,0.6348427576651062,optimal,1.4675818270043237,21301,39239,126132
sens-alerts20,Marwan-r0,Marwan,trajectory,B1,7,13.468819809738749,0.6734409904869374,optimal,1.3485192480002297,21301,39239,126132
sens-alerts20,Marwan-r0,Marwan,trajectory,B1,8,13.54174638488089,0.6770873192440445,optimal,1.4821521060002851,21301,39239,126132
sens-alerts20,Marwan-r0,Marwan,trajectory,B1,9,13.088591691236779,0.654429584561839,optimal,1.556747793998511,21301,39239,126132
sens-alerts20,Marwan-r0,Marwan,trajectory,B1,10,14.144058968878758,0.7072029484439379,optimal,1.7025169560001814,21301,39239,126132
sens-alerts20,Marwan-r0,Marwan,trajectory,B1,11,12.9876614722185,0.649383073610925,optimal,1.2801444729993818,21301,39239,126132
sens-alerts20,Marwan-r0,Marwan,trajectory,B1,12,12.927223997295506,0.6463611998647754,optimal,1.5053083669990883,21301,39239,126132
sens-alerts20,Marwan-r0,Marwan,trajectory,B1,13,13.282309984122227,0.6641154992061113,optimal,1.2386536299964064,21301,39239,126132
sens-alerts20,Marwan-r0,Marwan,trajectory,B1,14,13.119835939470713,0.6559917969735356,optimal,1.5852199629953247,21301,39239,126132
sens-alerts20,Marwan-r0,Marwan,trajectory,B1,15,12.065298848974683,0.6032649424487342,optimal,1.3139841509982944,21301,39239,126132
sens-alerts20,Marwan-r0,Marwan,trajectory,B1,16,13.072987134175023,0.6536493567087511,optimal,1.2919292650040006,21301,39239,126132
sens-alerts20,Marwan-r0,Marwan,trajectory,B1,17,13.35721050463505,0.6678605252317525,optimal,1.4878379889996722,21301,39239,126132
sens-alerts20,Marwan-r0,Marwan,trajectory,B1,18,13.540661200521189,0.6770330600260595,optimal,1.4488192680000793,21301,39239,126132
sens-alerts20,Marwan-r0,Marwan,trajectory,B1,19,13.43024273834315,0.6715121369171575,optimal,1.215889059996698,21301,39239,126132
sens-alerts20,Marwan-r0,Marwan,trajectory,B1,20,12.358228536027958,0.6179114268013979,optimal,1.309950912000204,21301,39239,126132
sens-alerts20,Marwan-r0,Marwan,trajectory,B1,21,13.702709049206849,0.6851354524603425,optimal,1.604309830996499,21301,39239,126132
sens-alerts20,Marwan-r0,Marwan,trajectory,B1,22,13.004491007783512,0.6502245503891756,optimal,1.302397205006855,21301,39239,126132
sens-alerts20,Marwan-r0,Marwan,trajectory,B1,23,13.192988537566618,0.659649426878331,optimal,1.5894597709993832,21301,39239,126132
sens-alerts20,Marwan-r0,Marwan,trajectory,B1,24,12.632160784509491,0.6316080392254746,optimal,1.3078974629970617,21301,39239,126132
sens-alerts20,Marwan-r0,Marwan,trajectory,B1,25,13.15155350685474,0.6575776753427369,optimal,1.6268996109938598,21301,39239,126132
sens-alerts20,Marwan-r0,Marwan,trajectory,B1,26,13.554039788103866,0.6777019894051933,optimal,1.329324277001433,21301,39239,126132
sens-alerts20,Marwan-r0,Marwan,trajectory,B1,27,12.9871101918442,0.64935550959221,optimal,1.4998697440023534,21301,39239,126132
sens-alerts20,Marwan-r0,Marwan,trajectory,B1,28,13.637829201161024,0.6818914600580512,optimal,1.2279003119983827,21301,39239,126132
sens-alerts20,Marwan-r0,Marwan,trajectory,B1,29,13.116327917803885,0.6558163958901942,optimal,1.4951236650013016,21301,39239,126132
sens-alerts60,Agis-r0,Agis,trajectory,B1,0,36.305660816652164,0.6050943469442027,optimal,4.093340565006656,49189,80006,309407
sens-alerts60,Agis-r0,Agis,trajectory,B1,1,37.479188235043736,0.6246531372507289,optimal,4.133009568999114,49189,80006,309407
sens-alerts60,Agis-r0,Agis,trajectory,B1,2,37.745482695732406,0.6290913782622067,optimal,4.056989579999936,49189,80006,309407
sens-alerts60,Agis-r0,Agis,trajectory,B1,3,35.949294339807565,0.5991549056634594,optimal,4.1278649880041485,49189,80006,309407
sens-alerts60,Agis-r0,Agis,trajectory,B1,4,36.14631455373504,0.602438575895584,optimal,3.9975663580044056,49189,80006,309407
sens-alerts60,Agis-r0,Agis,trajectory,B1,5,36.089634955296404,0.6014939159216067,optimal,4.061796157002391,49189,80006,309407
sens-alerts60,Agis-r0,Agis,trajectory,B1,6,36.7253377100693,0.6120889618344882,optimal,4.182669977002661,49189,80006,309407
sens-alerts60,Agis-r0,Agis,trajectory,B1,7,36.74789287508665,0.6124648812514442,optimal,4.325148308998905,49189,80006,309407
sens-alerts60,Agis-r0,Agis,trajectory,B1,8,37.33239216010338,0.622206536001723,optimal,4.666654541004391,49189,80006,309407
sens-alerts60,Agis-r0,Agis,trajectory,B1,9,36.80571259159421,0.6134285431932368,optimal,4.909281935004401,49189,80006,309407
sens-alerts60,Agis-r0,Agis,trajectory,B1,10,36.890554952757874,0.6148425825459646,optimal,4.246741019996989,49189,80006,309407
sens-alerts60,Agis-r0,Agis,trajectory,B1,11,36.98602482784065,0.6164337471306776,optimal,4.684877406994929,49189,80006,309407
sens-alerts60,Agis-r0,Agis,trajectory,B1,12,36.894437402835436,0.6149072900472573,optimal,4.951501707000716,49189,80006,309407
sens-alerts60,Agis-r0,Agis,trajectory,B1,13,35.93156962284189,0.5988594937140316,optimal,4.423516105001909,49189,80006,309407
sens-alerts60,Agis-r0,Agis,trajectory,B1,14,36.05738796795779,0.6009564661326298,optimal,4.152259670998319,49189,80006,309407
sens-alerts60,Agis-r0,Agis,trajectory,B1,15,37.12106931328386,0.618684488554731,optimal,5.061952926997037,49189,80006,309407
sens-alerts60,Agis-r0,Agis,trajectory,B1,16,37.031559919295,0.6171926653215833,optimal,4.341541139998299,49189,80006,309407
sens-alerts60,Agis-r0,Agis,trajectory,B1,17,36.319016979936734,0.6053169496656122,optimal,4.460596713004634,49189,80006,309407
sens-alerts60,Agis-r0,Agis,trajectory,B1,18,36.21561592231625,0.6035935987052709,optimal,4.544968748996325,49189,80006,309407
sens-alerts60,Agis-r0,Agis,trajectory,B1,19,35.70600773752066,0.5951001289586776,optimal,4.278228887997102,49189,80006,309407
sens-alerts60,Agis-r0,Agis,trajectory,B1,20,36.00038059826065,0.6000063433043441,optimal,4.050345730000117,49189,80006,309407
sens-alerts60,Agis-r0,Agis,trajectory,B1,21,36.6461935328085,0.6107698922134751,optimal,4.721292288006225,49189,80006,309407
sens-alerts60,Agis-r0,Agis,trajectory,B1,22,37.30489530201455,0.6217482550335759,optimal,4.517187569996167,49189,80006,309407
sens-alerts60,Agis-r0,Agis,trajectory,B1,23,36.71653719333139,0.6119422865555232,optimal,5.5602413449960295,49189,80006,309407
sens-alerts60,Agis-r0,Agis,trajectory,B1,24,37.18991047560504,0.619831841260084,optimal,4.373240463995899,49189,80006,309407
sens-alerts60,Agis-r0,Agis,trajectory,B1,25,35.73524267205287,0.5955873778675478,optimal,4.249923785006104,49189,80006,309407
sens-alerts60,Agis-r0,Agis,trajectory,B1,26,36.10151381204817,0.6016918968674695,optimal,4.152123651001602,49189,80006,309407
sens-alerts60,Agis-r0,Agis,trajectory,B1,27,36.92678682743248,0.6154464471238746,optimal,4.456698674999643,49189,80006,309407
sens-alerts60,Agis-r0,Agis,trajectory,B1,28,35.72839144304955,0.5954731907174925,optimal,4.05412635900575,49189,80006,309407
sens-alerts60,Agis-r0,Agis,trajectory,B1,29,36.17803408557672,0.602967234759612,optimal,4.063340966000396,49189,80006,309407
sens-alerts60,Belnet2008-r0,Belnet2008,trajectory,B1,0,46.23431396326891,0.7705718993878151,optimal,7.700650824001059,47772,81172,294975
sens-alerts60,Belnet2008-r0,Belnet2008,trajectory,B1,1,44.75671958022299,0.7459453263370499,optimal,5.767303733999142,47772,81172,294975
sens-alerts60,Belnet2008-r0,Belnet2008,trajectory,B1,2,45.31256312310477,0.7552093853850795,optimal,5.8901235640005325,47772,81172,294975
sens-alerts60,Belnet2008-r0,Belnet2008,trajectory,B1,3,45.284326022603814,0.7547387670433969,optimal,7.393685432005441,47772,81172,294975
sens-alerts60,Belnet2008-r0,Belnet2008,trajectory,B1,4,44.8801348707427,0.7480022478457117,optimal,7.017026651003107,47772,81172,294975
sens-alerts60,Belnet2008-r0,Belnet2008,trajectory,B1,5,45.199226066173715,0.7533204344362285,optimal,7.438830626997515,47772,81172,294975
sens-alerts60,Belnet2008-r0,Belnet2008,trajectory,B1,6,45.02437131914761,0.7504061886524602,optimal,6.9197177730020485,47772,81172,294975
sens-alerts60,Belnet2008-r0,Belnet2008,trajectory,B1,7,45.14981295682099,0.7524968826136831,optimal,6.762446669003111,47772,81172,294975
sens-alerts60,Belnet2008-r0,Belnet2008,trajectory,B1,8,45.37504376905282,0.7562507294842137,optimal,6.442933679005364,47772,81172,294975
sens-alerts60,Belnet2008-r0,Belnet2008,trajectory,B1,9,46.540586280652484,0.7756764380108747,optimal,7.172306522996223,47772,81172,294975
sens-alerts60,Belnet2008-r0,Belnet2008,trajectory,B1,10,47.09095744342022,0.7848492907236704,optimal,9.869404837001639,47772,81172,294975
sens-alerts60,Belnet2008-r0,Belnet2008,trajectory,B1,11,46.4467926280946,0.7741132104682433,optimal,7.615797999002098,47772,81172,294975
sens-alerts60,Belnet2008-r0,Belnet2008,trajectory,B1,12,46.52637504094336,0.7754395840157227,optimal,6.244810062999022,47772,81172,294975
sens-alerts60,Belnet2008-r0,Belnet2008,trajectory,B1,13,46.6835400539298,0.7780590008988301,optimal,8.300423833003151,47772,81172,294975
sens-alerts60,Belnet2008-r0,Belnet2008,trajectory,B1,14,45.22769576639359,0.7537949294398931,optimal,6.695788573997561,47772,81172,294975
sens-alerts60,Belnet2008-r0,Belnet2008,trajectory,B1,15,45.50068261014078,0.758344710169013,optimal,6.738606902996253,47772,81172,294975
sens-alerts60,Belnet2008-r0,Belnet2008,trajectory,B1,16,46.22273048735744,0.7703788414559573,optimal,9.214181344999815,47772,81172,294975
sens-alerts60,Belnet2008-r0,Belnet2008,trajectory,B1,17,44.98300546762044,0.749716757793674,optimal,6.523961004997545,47772,81172,294975
sens-alerts60,Belnet2008-r0,Belnet2008,trajectory,B1,18,45.38638208309273,0.7564397013848788,optimal,7.322442032003892,47772,81172,294975
sens-alerts60,Belnet2008-r0,Belnet2008,trajectory,B1,19,46.45201821074774,0.7742003035124623,optimal,8.482992460994865,47772,81172,294975
sens-alerts60,Belnet2008-r0,Belnet2008,trajectory,B1,20,44.678281438597104,0.7446380239766184,optimal,6.388456847998896,47772,81172,294975
sens-alerts60,Belnet2008-r0,Belnet2008,trajectory,B1,21,45.49987188538145,0.7583311980896908,optimal,7.546249115999672,47772,81172,294975
sens-alerts60,Belnet2008-r0,Belnet2008,trajectory,B1,22,45.39100207826304,0.7565167013043841,optimal,6.858232801998383,47772,81172,294975
sens-alerts60,Belnet2008-r0,Belnet2008,trajectory,B1,23,45.55800071944591,0.7593000119907651,optimal,6.942387963994406,47772,81172,294975
sens-alerts60,Belnet2008-r0,Belnet2008,trajectory,B1,24,45.00109403520631,0.7500182339201051,optimal,7.626834666996729,47772,81172,294975
sens-alerts60,Belnet2008-r0,Belnet2008,trajectory,B1,25,46.44794552937722,0.7741324254896204,optimal,8.672494914004346,47772,81172,294975
sens-alerts60,Belnet2008-r0,Belnet2008,trajectory,B1,26,45.478283682193705,0.7579713947032284,optimal,6.77129946599598,47772,81172,294975
sens-alerts60,Belnet2008-r0,Belnet2008,trajectory,B1,27,44.63653765117584,0.743942294186264,optimal,6.713133765995735,47772,81172,294975
sens-alerts60,Belnet2008-r0,Belnet2008,trajectory,B1,28,45.17486258173667,0.7529143763622778,optimal,7.2781809129955946,47772,81172,294975
sens-alerts60,Belnet2008-r0,Belnet2008,trajectory,B1,29,45.01301991106926,0.750216998517821,optimal,7.073626678000437,47772,81172,294975
sens-alerts60,BsonetEurope-r0,BsonetEurope,trajectory,B1,0,40.64402236274724,0.677400372712454,optimal,7.2837333970019245,56624,85620,333100
sens-alerts60,BsonetEurope-r0,BsonetEurope,trajectory,B1,1,39.91645851076959,0.6652743085128264,optimal,5.820430014995509,56624,85620,333100
sens-alerts60,BsonetEurope-r0,BsonetEurope,trajectory,B1,2,40.02235055660828,0.6670391759434714,optimal,7.03783927099721,56624,85620,333100
sens-alerts60,BsonetEurope-r0,BsonetEurope,trajectory,B1,3,40.8763704294407,0.6812728404906783,optimal,5.203410068999801,56624,85620,333100
sens-alerts60,BsonetEurope-r0,BsonetEurope,trajectory,B1,4,41.687512152613216,0.6947918692102203,optimal,5.596183747002215,56624,85620,333100
sens-alerts60,BsonetEurope-r0,BsonetEurope,trajectory,B1,5,39.66027304039324,0.6610045506732207,optimal,6.441186698997626,56624,85620,333100
sens-alerts60,BsonetEurope-r0,BsonetEurope,trajectory,B1,6,38.48687086036804,0.6414478476728007,optimal,5.307040297004278,56624,85620,333100
sens-alerts60,BsonetEurope-r0,BsonetEurope,trajectory,B1,7,39.28870990192386,0.654811831698731,optimal,5.374186589004239,56624,85620,333100
sens-alerts60,BsonetEurope-r0,BsonetEurope,trajectory,B1,8,39.57760051435213,0.6596266752392022,optimal,6.3828863150047255,56624,85620,333100
sens-alerts60,BsonetEurope-r0,BsonetEurope,trajectory,B1,9,40.351536737259764,0.6725256122876627,optimal,6.438538641996274,56624,85620,333100
sens-alerts60,BsonetEurope-r0,BsonetEurope,trajectory,B1,10,38.77819470318992,0.6463032450531653,optimal,5.459319055000378,56624,85620,333100
sens-alerts60,BsonetEurope-r0,BsonetEurope,trajectory,B1,11,40.466408119572975,0.6744401353262163,optimal,5.6705579810004565,56624,85620,333100
sens-alerts60,BsonetEurope-r0,BsonetEurope,trajectory,B1,12,39.775589305024006,0.6629264884170668,optimal,5.412766922003357,56624,85620,333100
sens-alerts60,BsonetEurope-r0,BsonetEurope,trajectory,B1,13,40.89830344829659,0.6816383908049432,optimal,5.146987467996951,56624,85620,333100
sens-alerts60,BsonetEurope-r0,BsonetEurope,trajectory,B1,14,40.892718727798176,0.6815453121299696,optimal,5.711370180004451,56624,85620,333100
sens-alerts60,BsonetEurope-r0,BsonetEurope,trajectory,B1,15,40.80314795440425,0.6800524659067375,optimal,6.670039732998703,56624,85620,333100
sens-alerts60,BsonetEurope-r0,BsonetEurope,trajectory,B1,16,41.18045465405834,0.6863409109009723,optimal,6.820245552997221,56624,85620,333100
sens-alerts60,BsonetEurope-r0,BsonetEurope,trajectory,B1,17,41.20065483080836,0.6866775805134727,optimal,5.295676569003263,56624,85620,333100
sens-alerts60,BsonetEurope-r0,BsonetEurope,trajectory,B1,18,40.54239491891436,0.675706581981906,optimal,5.533114179001132,56624,85620,333100
sens-alerts60,BsonetEurope-r0,BsonetEurope,trajectory,B1,19,41.690414653798335,0.6948402442299723,optimal,5.805746881000232,56624,85620,333100
sens-alerts60,BsonetEurope-r0,BsonetEurope,trajectory,B1,20,40.621809106935835,0.6770301517822639,optimal,5.440122841995617,56624,85620,333100
sens-alerts60,BsonetEurope-r0,BsonetEurope,trajectory,B1,21,40.65444899606006,0.6775741499343344,optimal,5.3106869450057275,56624,85620,333100
sens-alerts60,BsonetEurope-r0,BsonetEurope,trajectory,B1,22,41.3322867182679,0.688871445304465,optimal,6.322041749001073,56624,85620,333100
sens-alerts60,BsonetEurope-r0,BsonetEurope,trajectory,B1,23,40.30528596288823,0.6717547660481371,optimal,6.539286336999794,56624,85620,333100
sens-alerts60,BsonetEurope-r0,BsonetEurope,trajectory,B1,24,38.67706870890477,0.6446178118150795,optimal,4.955351928001619,56624,85620,333100
sens-alerts60,BsonetEurope-r0,BsonetEurope,trajectory,B1,25,40.559487414018115,0.6759914569003019,optimal,5.437504034001904,56624,85620,333100
sens-alerts60,BsonetEurope-r0,BsonetEurope,trajectory,B1,26,40.73905446588871,0.6789842410981451,optimal,5.234113037993666,56624,85620,333100
sens-alerts60,BsonetEurope-r0,BsonetEurope,trajectory,B1,27,40.64044106385634,0.6773406843976058,optimal,5.77090223399864,56624,85620,333100
sens-alerts60,BsonetEurope-r0,BsonetEurope,trajectory,B1,28,39.58214496549176,0.6597024160915292,optimal,5.62945439699979,56624,85620,333100
sens-alerts60,BsonetEurope-r0,BsonetEurope,trajectory,B1,29,38.408324747814014,0.6401387457969002,optimal,6.422539431005134,56624,85620,333100
sens-alerts60,BtNorthAmerica-r0,BtNorthAmerica,trajectory,B1,0,34.059546313533,0.56765910522555,optimal,5.783771590999095,54169,85984,328700
sens-alerts60,BtNorthAmerica-r0,BtNorthAmerica,trajectory,B1,1,37.19850743483333,0.6199751239138889,optimal,5.4085805590002565,54169,85984,328700
sens-alerts60,BtNorthAmerica-r0,BtNorthAmerica,trajectory,B1,2,35.30542584892633,0.5884237641487722,optimal,5.130614693996904,54169,85984,328700
sens-alerts60,BtNorthAmerica-r0,BtNorthAmerica,trajectory,B1,3,34.71025521388738,0.5785042535647896,optimal,6.574405145998753,54169,85984,328700
sens-alerts60,BtNorthAmerica-r0,BtNorthAmerica,trajectory,B1,4,34.33996513714154,0.5723327522856924,optimal,5.569663182999648,54169,85984,328700
sens-alerts60,BtNorthAmerica-r0,BtNorthAmerica,trajectory,B1,5,36.05997582467677,0.6009995970779461,optimal,5.851226829996449,54169,85984,328700
sens-alerts60,BtNorthAmerica-r0,BtNorthAmerica,trajectory,B1,6,35.0152116613791,0.583586861022985,optimal,5.885375106998254,54169,85984,328700
sens-alerts60,BtNorthAmerica-r0,BtNorthAmerica,trajectory,B1,7,34.476695343875,0.5746115890645833,optimal,6.318098849005764,54169,85984,328700
sens-alerts60,BtNorthAmerica-r0,BtNorthAmerica,trajectory,B1,8,36.096972735053455,0.6016162122508909,optimal,5.572474640997825,54169,85984,328700
sens-alerts60,BtNorthAmerica-r0,BtNorthAmerica,trajectory,B1,9,36.59102335119717,0.6098503891866195,optimal,5.632889332999184,54169,85984,328700
sens-alerts60,BtNorthAmerica-r0,BtNorthAmerica,trajectory,B1,10,34.291230107486356,0.5715205017914393,optimal,6.815446236003481,54169,85984,328700
sens-alerts60,BtNorthAmerica-r0,BtNorthAmerica,trajectory,B1,11,35.72310226245052,0.5953850377075086,optimal,5.531783420003194,54169,85984,328700
sens-alerts60,BtNorthAmerica-r0,BtNorthAmerica,trajectory,B1,12,36.0103807636237,0.6001730127270617,optimal,6.740507324997452,54169,85984,328700
sens-alerts60,BtNorthAmerica-r0,BtNorthAmerica,trajectory,B1,13,35.13589431610846,0.5855982386018077,optimal,5.5367532090022,54169,85984,328700
sens-alerts60,BtNorthAmerica-r0,BtNorthAmerica,trajectory,B1,14,34.35191800170566,0.5725319666950944,optimal,6.863780294996104,54169,85984,328700
sens-alerts60,BtNorthAmerica-r0,BtNorthAmerica,trajectory,B1,15,33.10398956742356,0.5517331594570594,optimal,5.580209351996018,54169,85984,328700
sens-alerts60,BtNorthAmerica-r0,BtNorthAmerica,trajectory,B1,16,34.98355753006596,0.583059292167766,optimal,6.019051424998906,54169,85984,328700
sens-alerts60,BtNorthAmerica-r0,BtNorthAmerica,trajectory,B1,17,34.915781266242305,0.5819296877707051,optimal,5.539231062997715,54169,85984,328700
sens-alerts60,BtNorthAmerica-r0,BtNorthAmerica,trajectory,B1,18,34.01649524376257,0.5669415873960428,optimal,6.822213722996821,54169,85984,328700
sens-alerts60,BtNorthAmerica-r0,BtNorthAmerica,trajectory,B1,19,35.09874488814754,0.5849790814691257,optimal,5.8360983279999346,54169,85984,328700
sens-alerts60,BtNorthAmerica-r0,BtNorthAmerica,trajectory,B1,20,36.06036000598907,0.6010060000998177,optimal,5.482887430996925,54169,85984,328700
sens-alerts60,BtNorthAmerica-r0,BtNorthAmerica,trajectory,B1,21,34.948097801853024,0.5824682966975504,optimal,6.611611065003672,54169,85984,328700
sens-alerts60,BtNorthAmerica-r0,BtNorthAmerica,trajectory,B1,22,34.75809665292773,0.5793016108821288,optimal,5.728943614005402,54169,85984,328700
sens-alerts60,BtNorthAmerica-r0,BtNorthAmerica,trajectory,B1,23,37.08845985368321,0.6181409975613869,optimal,6.704681226001412,54169,85984,328700
sens-alerts60,BtNorthAmerica-r0,BtNorthAmerica,trajectory,B1,24,36.17786209400437,0.6029643682334062,optimal,6.007615786002134,54169,85984,328700
sens-alerts60,BtNorthAmerica-r0,BtNorthAmerica,trajectory,B1,25,33.43697357571212,0.5572828929285354,optimal,6.028721508999297,54169,85984,328700
sens-alerts60,BtNorthAmerica-r0,BtNorthAmerica,trajectory,B1,26,34.76909682270445,0.5794849470450741,optimal,5.463771912000084,54169,85984,328700
sens-alerts60,BtNorthAmerica-r0,BtNorthAmerica,trajectory,B1,27,35.21698681069014,0.586949780178169,optimal,5.497715946999961,54169,85984,328700
sens-alerts60,BtNorthAmerica-r0,BtNorthAmerica,trajectory,B1,28,33.500139304323476,0.558335655072058,optimal,6.034269679999852,54169,85984,328700
sens-alerts60,BtNorthAmerica-r0,BtNorthAmerica,trajectory,B1,29,35.86263389328123,0.5977105648880204,optimal,6.35084401799395,54169,85984,328700
sens-alerts60,Cesnet200603-r0,Cesnet200603,trajectory,B1,0,31.833045370977132,0.5305507561829522,optimal,5.5666570639950805,58345,93847,351335
sens-alerts60,Cesnet200603-r0,Cesnet200603,trajectory,B1,1,32.927797677567824,0.5487966279594637,optimal,4.999467283996637,58345,93847,351335
sens-alerts60,Cesnet200603-r0,Cesnet200603,trajectory,B1,2,32.787680017434774,0.5464613336239129,optimal,4.604346808999253,58345,93847,351335
sens-alerts60,Cesnet200603-r0,Cesnet200603,trajectory,B1,3,31.234324746825514,0.5205720791137586,optimal,5.420901299999969,58345,93847,351335
sens-alerts60,Cesnet200603-r0,Cesnet200603,trajectory,B1,4,31.989110434540745,0.5331518405756791,optimal,4.565037630003644,58345,93847,351335
sens-alerts60,Cesnet200603-r0,Cesnet200603,trajectory,B1,5,32.330153537217996,0.5388358922869666,optimal,4.971061901000212,58345,93847,351335
sens-alerts60,Cesnet200603-r0,Cesnet200603,trajectory,B1,6,31.418283379434783,0.523638056323913,optimal,4.6494975829991745,58345,93847,351335
sens-alerts60,Cesnet200603-r0,Cesnet200603,trajectory,B1,7,32.40609323399857,0.5401015538999762,optimal,5.897600404998229,58345,93847,351335
sens-alerts60,Cesnet200603-r0,Cesnet200603,trajectory,B1,8,31.493712411769593,0.5248952068628265,optimal,4.761289152003883,58345,93847,351335
sens-alerts60,Cesnet200603-r0,Cesnet200603,trajectory,B1,9,31.70360513971498,0.5283934189952497,optimal,5.420515470999817,58345,93847,351335
sens-alerts60,Cesnet200603-r0,Cesnet200603,trajectory,B1,10,32.56342643249302,0.5427237738748836,optimal,4.609024879995559,58345,93847,351335
sens-alerts60,Cesnet200603-r0,Cesnet200603,trajectory,B1,11,32.09521953934983,0.5349203256558305,optimal,5.583398432994727,58345,93847,351335
sens-alerts60,Cesnet200603-r0,Cesnet200603,trajectory,B1,12,32.39472022998558,0.539912003833093,optimal,4.568803378002485,58345,93847,351335
sens-alerts60,Cesnet200603-r0,Cesnet200603,trajectory,B1,13,32.930585210669804,0.5488430868444968,optimal,5.641468642003019,58345,93847,351335
sens-alerts60,Cesnet200603-r0,Cesnet200603,trajectory,B1,14,32.11289380185018,0.535214896697503,optimal,5.30601635700441,58345,93847,351335
sens-alerts60,Cesnet200603-r0,Cesnet200603,trajectory,B1,15,30.45043285333565,0.5075072142222609,optimal,5.28647216000536,58345,93847,351335
sens-alerts60,Cesnet200603-r0,Cesnet200603,trajectory,B1,16,31.32514651137485,0.5220857751895809,optimal,5.01698915399902,58345,93847,351335
sens-alerts60,Cesnet200603-r0,Cesnet200603,trajectory,B1,17,31.090199199906234,0.5181699866651039,optimal,4.88404891800019,58345,93847,351335
sens-alerts60,Cesnet200603-r0,Cesnet200603,trajectory,B1,18,31.10727749610539,0.5184546249350899,optimal,4.576557895998121,58345,93847,351335
sens-alerts60,Cesnet200603-r0,Cesnet200603,trajectory,B1,19,32.65754110575773,0.5442923517626288,optimal,5.70919661699736,58345,93847,351335
sens-alerts60,Cesnet200603-r0,Cesnet200603,trajectory,B1,20,32.257387784427536,0.5376231297404589,optimal,4.70638648399472,58345,93847,351335
sens-alerts60,Cesnet200603-r0,Cesnet200603,trajectory,B1,21,31.26076281914188,0.5210127136523647,optimal,5.779353965001064,58345,93847,351335
sens-alerts60,Cesnet200603-r0,Cesnet200603,trajectory,B1,22,31.93684549474974,0.532280758245829,optimal,4.476837442001852,58345,93847,351335
sens-alerts60,Cesnet200603-r0,Cesnet200603,trajectory,B1,23,31.578124021329273,0.5263020670221545,optimal,4.835181415997795,58345,93847,351335
sens-alerts60,Cesnet200603-r0,Cesnet200603,trajectory,B1,24,32.13330339632765,0.5355550566054608,optimal,5.1402614139951766,58345,93847,351335
sens-alerts60,Cesnet200603-r0,Cesnet200603,trajectory,B1,25,31.267038046928196,0.5211173007821366,optimal,5.766300310999213,58345,93847,351335
sens-alerts60,Cesnet200603-r0,Cesnet200603,trajectory,B1,26,31.13757716889162,0.518959619481527,optimal,5.3593023479988915,58345,93847,351335
sens-alerts60,Cesnet200603-r0,Cesnet200603,trajectory,B1,27,32.5204975616288,0.5420082926938133,optimal,4.798611790996802,58345,93847,351335
sens-alerts60,Cesnet200603-r0,Cesnet200603,trajectory,B1,28,32.55189945138082,0.5425316575230137,optimal,4.6271621429987135,58345,93847,351335
sens-alerts60,Cesnet200603-r0,Cesnet200603,trajectory,B1,29,31.088353639841277,0.518139227330688,optimal,5.206825188994117,58345,93847,351335
sens-alerts60,Digex-r0,Digex,trajectory,B1,0,36.636860367672156,0.6106143394612026,optimal,12.59639898599562,96030,136979,471243
sens-alerts60,Digex-r0,Digex,trajectory,B1,1,37.79544538191786,0.629924089698631,optimal,12.633323768000992,96030,136979,471243
sens-alerts60,Digex-r0,Digex,trajectory,B1,2,36.909005145580174,0.6151500857596696,optimal,11.750572003998968,96030,136979,471243
sens-alerts60,Digex-r0,Digex,trajectory,B1,3,37.86108421563811,0.6310180702606352,optimal,12.284527229996456,96030,136979,471243
sens-alerts60,Digex-r0,Digex,trajectory,B1,4,38.092236407379445,0.6348706067896575,optimal,12.06243139799335,96030,136979,471243
sens-alerts60,Digex-r0,Digex,trajectory,B1,5,36.93676630953023,0.6156127718255038,optimal,12.094403985996905,96030,136979,471243
sens-alerts60,Digex-r0,Digex,trajectory,B1,6,37.541860502055435,0.6256976750342572,optimal,11.528866876004031,96030,136979,471243
sens-alerts60,Digex-r0,Digex,trajectory,B1,7,36.50010012745419,0.6083350021242365,optimal,11.531618165994587,96030,136979,471243
sens-alerts60,Digex-r0,Digex,trajectory,B1,8,37.738994086376955,0.6289832347729493,optimal,11.598983253003098,96030,136979,471243
sens-alerts60,Digex-r0,Digex,trajectory,B1,9,36.444234533252114,0.6074039088875353,optimal,12.158377132000169,96030,136979,471243
sens-alerts60,Digex-r0,Digex,trajectory,B1,10,35.683423311780324,0.5947237218630054,optimal,11.953351096002734,96030,136979,471243
sens-alerts60,Digex-r0,Digex,trajectory,B1,11,35.630816686302644,0.5938469447717107,optimal,11.696862895994855,96030,136979,471243
sens-alerts60,Digex-r0,Digex,trajectory,B1,12,39.075266324556786,0.6512544387426131,optimal,11.830972817995644,96030,136979,471243
sens-alerts60,Digex-r0,Digex,trajectory,B1,13,37.98240779980942,0.6330401299968237,optimal,13.633393930002057,96030,136979,471243
sens-alerts60,Digex-r0,Digex,trajectory,B1,14,35.5481028861711,0.592468381436185,optimal,14.928629760004696,96030,136979,471243
sens-alerts60,Digex-r0,Digex,trajectory,B1,15,38.0143612947092,0.6335726882451532,optimal,13.08031372899859,96030,136979,471243
sens-alerts60,Digex-r0,Digex,trajectory,B1,16,37.193178902829935,0.6198863150471656,optimal,11.790469152001606,96030,136979,471243
sens-alerts60,Digex-r0,Digex,trajectory,B1,17,38.754488264923374,0.6459081377487229,optimal,15.383517180998751,96030,136979,471243
sens-alerts60,Digex-r0,Digex,trajectory,B1,18,37.170052150376016,0.6195008691729336,optimal,12.145299128998886,96030,136979,471243
sens-alerts60,Digex-r0,Digex,trajectory,B1,19,36.68472405465801,0.6114120675776336,optimal,13.484618280999712,96030,136979,471243
sens-alerts60,Digex-r0,Digex,trajectory,B1,20,37.97869562713948,0.6329782604523246,optimal,14.120976122001593,96030,136979,471243
sens-alerts60,Digex-r0,Digex,trajectory,B1,21,36.65205250374124,0.6108675417290207,optimal,12.907712283995352,96030,136979,471243
sens-alerts60,Digex-r0,Digex,trajectory,B1,22,37.811167938261804,0.6301861323043634,optimal,14.052069479999773,96030,136979,471243
sens-alerts60,Digex-r0,Digex,trajectory,B1,23,36.78447851808167,0.6130746419680279,optimal,13.03469796700665,96030,136979,471243
sens-alerts60,Digex-r0,Digex,trajectory,B1,24,36.97972661540091,0.6163287769233484,optimal,13.572680108001805,96030,136979,471243
sens-alerts60,Digex-r0,Digex,trajectory,B1,25,38.16572294189796,0.636095382364966,optimal,15.331072189001134,96030,136979,471243
sens-alerts60,Digex-r0,Digex,trajectory,B1,26,38.012142222716946,0.6335357037119491,optimal,14.16518329000246,96030,136979,471243
sens-alerts60,Digex-r0,Digex,trajectory,B1,27,36.991707576783384,0.6165284596130564,optimal,13.434124382998561,96030,136979,471243
sens-alerts60,Digex-r0,Digex,trajectory,B1,28,37.79462704319005,0.6299104507198341,optimal,13.317741411003226,96030,136979,471243
sens-alerts60,Digex-r0,Digex,trajectory,B1,29,37.051576303341236,0.617526271722354,optimal,12.065076129998488,96030,136979,471243
sens-alerts60,Easynet-r0,Easynet,trajectory,B1,0,14.907031211084151,0.24845052018473585,optimal,5.110929173999466,55036,80776,333713
sens-alerts60,Easynet-r0,Easynet,trajectory,B1,1,13.632780166329352,0.22721300277215586,optimal,6.292555336003716,55036,80776,333713
sens-alerts60,Easynet-r0,Easynet,trajectory,B1,2,11.774247114151315,0.19623745190252193,optimal,4.399440821995086,55036,80776,333713
sens-alerts60,Easynet-r0,Easynet,trajectory,B1,3,13.36832736472152,0.22280545607869198,optimal,5.024976993001474,55036,80776,333713
sens-alerts60,Easynet-r0,Easynet,trajectory,B1,4,12.669100588227048,0.2111516764704508,optimal,5.142982243000006,55036,80776,333713
sens-alerts60,Easynet-r0,Easynet,trajectory,B1,5,14.606049033611603,0.24343415056019338,optimal,5.088313568994636,55036,80776,333713
sens-alerts60,Easynet-r0,Easynet,trajectory,B1,6,14.859137984343114,0.2476522997390519,optimal,4.9509583079998265,55036,80776,333713
sens-alerts60,Easynet-r0,Easynet,trajectory,B1,7,15.72361749144983,0.2620602915241638,optimal,4.832942567998543,55036,80776,333713
sens-alerts60,Easynet-r0,Easynet,trajectory,B1,8,15.145711953842113,0.25242853256403525,optimal,4.714088892003929,55036,80776,333713
sens-alerts60,Easynet-r0,Easynet,trajectory,B1,9,13.362392248878239,0.22270653748130398,optimal,5.592299916002958,55036,80776,333713
sens-alerts60,Easynet-r0,Easynet,trajectory,B1,10,14.18965238742432,0.236494206457072,optimal,5.678865490001044,55036,80776,333713
sens-alerts60,Easynet-r0,Easynet,trajectory,B1,11,13.938623964076719,0.23231039940127865,optimal,5.730522731995734,55036,80776,333713
sens-alerts60,Easynet-r0,Easynet,trajectory,B1,12,14.732246352277519,0.2455374392046253,optimal,4.586504377999518,55036,80776,333713
sens-alerts60,Easynet-r0,Easynet,trajectory,B1,13,12.593176465221333,0.20988627442035554,optimal,5.599949670002388,55036,80776,333713
sens-alerts60,Easynet-r0,Easynet,trajectory,B1,14,15.115422424022169,0.25192370706703615,optimal,4.94351763099985,55036,80776,333713
sens-alerts60,Easynet-r0,Easynet,trajectory,B1,15,14.17151645032947,0.2361919408388245,optimal,5.068926508000004,55036,80776,333713
sens-alerts60,Easynet-r0,Easynet,trajectory,B1,16,12.533525799907364,0.20889209666512273,optimal,5.089853630997823,55036,80776,333713
sens-alerts60,Easynet-r0,Easynet,trajectory,B1,17,15.036417859475783,0.2506069643245964,optimal,5.7465447669965215,55036,80776,333713
sens-alerts60,Easynet-r0,Easynet,trajectory,B1,18,14.677899812984903,0.24463166354974838,optimal,4.9968359249978676,55036,80776,333713
sens-alerts60,Easynet-r0,Easynet,trajectory,B1,19,13.657135173999528,0.2276189195666588,optimal,4.62349128099595,55036,80776,333713
sens-alerts60,Easynet-r0,Easynet,trajectory,B1,20,15.465664488291372,0.2577610748048562,optimal,5.679602221993264,55036,80776,333713
sens-alerts60,Easynet-r0,Easynet,trajectory,B1,21,12.702458532661064,0.21170764221101773,optimal,4.96412518699799,55036,80776,333713
sens-alerts60,Easynet-r0,Easynet,trajectory,B1,22,12.98042426656352,0.21634040444272534,optimal,4.746845829002268,55036,80776,333713
sens-alerts60,Easynet-r0,Easynet,trajectory,B1,23,13.595910339355198,0.22659850565591996,optimal,5.850799918996927,55036,80776,333713
sens-alerts60,Easynet-r0,Easynet,trajectory,B1,24,13.343287074594377,0.22238811790990629,optimal,4.465320513998449,55036,80776,333713
sens-alerts60,Easynet-r0,Easynet,trajectory,B1,25,12.784446498774782,0.21307410831291304,optimal,4.683424424001714,55036,80776,333713
sens-alerts60,Easynet-r0,Easynet,trajectory,B1,26,13.216595205498484,0.22027658675830805,optimal,5.212205670999538,55036,80776,333713
sens-alerts60,Easynet-r0,Easynet,trajectory,B1,27,13.518782306040144,0.2253130384340024,optimal,4.941617709999264,55036,80776,333713
sens-alerts60,Easynet-r0,Easynet,trajectory,B1,28,13.836502881535969,0.23060838135893283,optimal,5.0103274029970635,55036,80776,333713
sens-alerts60,Easynet-r0,Easynet,trajectory,B1,29,13.602132683845676,0.22670221139742794,optimal,4.619553391996305,55036,80776,333713
sens-alerts60,Garr200112-r0,Garr200112,trajectory,B1,0,38.08434119461013,0.6347390199101689,optimal,3.7197458499940694,45471,78789,288084
sens-alerts60,Garr200112-r0,Garr200112,trajectory,B1,1,37.61784187341997,0.6269640312236662,optimal,3.9660948250020738,45471,78789,288084
sens-alerts60,Garr200112-r0,Garr200112,trajectory,B1,2,36.024679489871616,0.6004113248311936,optimal,4.071456370998931,45471,78789,288084
sens-alerts60,Garr200112-r0,Garr200112,trajectory,B1,3,38.982198569062305,0.6497033094843717,optimal,4.077608362000319,45471,78789,288084
sens-alerts60,Garr200112-r0,Garr200112,trajectory,B1,4,38.155520618887564,0.635925343648126,optimal,4.614700573001755,45471,78789,288084
sens-alerts60,Garr200112-r0,Garr200112,trajectory,B1,5,37.53518547467118,0.625586424577853,optimal,4.007502439999371,45471,78789,288084
sens-alerts60,Garr200112-r0,Garr200112,trajectory,B1,6,38.188150995005614,0.6364691832500936,optimal,4.444324952994066,45471,78789,288084
sens-alerts60,Garr200112-r0,Garr200112,trajectory,B1,7,38.663733814748056,0.6443955635791343,optimal,4.153199355001561,45471,78789,288084
sens-alerts60,Garr200112-r0,Garr200112,trajectory,B1,8,37.525857136676265,0.6254309522779378,optimal,3.8647749190058676,45471,78789,288084
sens-alerts60,Garr200112-r0,Garr200112,trajectory,B1,9,36.711618665319705,0.6118603110886618,optimal,3.652374076998967,45471,78789,288084
sens-alerts60,Garr200112-r0,Garr200112,trajectory,B1,10,38.987570868015226,0.6497928478002538,optimal,4.593478154005425,45471,78789,288084
sens-alerts60,Garr200112-r0,Garr200112,trajectory,B1,11,38.00915852362178,0.6334859753936963,optimal,3.8373585470035323,45471,78789,288084
sens-alerts60,Garr200112-r0,Garr200112,trajectory,B1,12,36.71968710758428,0.6119947851264046,optimal,3.9974269149970496,45471,78789,288084
sens-alerts60,Garr200112-r0,Garr200112,trajectory,B1,13,36.5115827253061,0.6085263787551016,optimal,3.5996747060053167,45471,78789,288084
sens-alerts60,Garr200112-r0,Garr200112,trajectory,B1,14,38.19514889815672,0.6365858149692786,optimal,4.055051249000826,45471,78789,288084
sens-alerts60,Garr200112-r0,Garr200112,trajectory,B1,15,38.336550336441626,0.6389425056073604,optimal,3.5343441830045776,45471,78789,288084
sens-alerts60,Garr200112-r0,Garr200112,trajectory,B1,16,37.44768768836178,0.624128128139363,optimal,3.8533919539986528,45471,78789,288084
sens-alerts60,Garr200112-r0,Garr200112,trajectory,B1,17,38.61036993030833,0.6435061655051388,optimal,3.749077735003084,45471,78789,288084
sens-alerts60,Garr200112-r0,Garr200112,trajectory,B1,18,38.41126707100001,0.6401877845166669,optimal,3.6946537559997523,45471,78789,288084
sens-alerts60,Garr200112-r0,Garr200112,trajectory,B1,19,37.07671968288521,0.6179453280480869,optimal,3.7578499729934265,45471,78789,288084
sens-alerts60,Garr200112-r0,Garr200112,trajectory,B1,20,36.83920938128209,0.6139868230213682,optimal,3.9013710679937503,45471,78789,288084
sens-alerts60,Garr200112-r0,Garr200112,trajectory,B1,21,38.254051608153304,0.637567526802555,optimal,3.7876483440049924,45471,78789,288084
sens-alerts60,Garr200112-r0,Garr200112,trajectory,B1,22,36.5126596053798,0.6085443267563301,optimal,4.602762449998409,45471,78789,288084
sens-alerts60,Garr200112-r0,Garr200112,trajectory,B1,23,36.930501748259424,0.6155083624709904,optimal,4.05736571700254,45471,78789,288084
sens-alerts60,Garr200112-r0,Garr200112,trajectory,B1,24,36.696149557386235,0.611602492623104,optimal,3.7962879619954037,45471,78789,288084
sens-alerts60,Garr200112-r0,Garr200112,trajectory,B1,25,37.67514402287797,0.6279190670479662,optimal,4.02203027199721,45471,78789,288084
sens-alerts60,Garr200112-r0,Garr200112,trajectory,B1,26,39.03328429920303,0.6505547383200505,optimal,3.913398128002882,45471,78789,288084
sens-alerts60,Garr200112-r0,Garr200112,trajectory,B1,27,37.52366159283643,0.6253943598806072,optimal,3.7458407750018523,45471,78789,288084
sens-alerts60,Garr200112-r0,Garr200112,trajectory,B1,28,38.662256824089695,0.6443709470681616,optimal,3.840561040000466,45471,78789,288084
sens-alerts60,Garr200112-r0,Garr200112,trajectory,B1,29,37.47117946429158,0.624519657738193,optimal,4.281905894000374,45471,78789,288084
sens-alerts60,Garr200404-r0,Garr200404,trajectory,B1,0,43.29337432448881,0.7215562387414801,optimal,4.44640990300104,43258,76185,281009
sens-alerts60,Garr200404-r0,Garr200404,trajectory,B1,1,42.034207240353446,0.7005701206725574,optimal,4.592854438997165,43258,76185,281009
sens-alerts60,Garr200404-r0,Garr200404,trajectory,B1,2,43.28578236674046,0.721429706112341,optimal,4.826794326996605,43258,76185,281009
sens-alerts60,Garr200404-r0,Garr200404,trajectory,B1,3,41.56323779459358,0.692720629909893,optimal,5.243085639995115,43258,76185,281009
sens-alerts60,Garr200404-r0,Garr200404,trajectory,B1,4,41.42063909918467,0.6903439849864111,optimal,4.380672278995917,43258,76185,281009
sens-alerts60,Garr200404-r0,Garr200404,trajectory,B1,5,42.904669519042514,0.7150778253173752,optimal,4.440729269001167,43258,76185,281009
sens-alerts60,Garr200404-r0,Garr200404,trajectory,B1,6,43.755119202806796,0.7292519867134466,optimal,4.7055779479997,43258,76185,281009
sens-alerts60,Garr200404-r0,Garr200404,trajectory,B1,7,43.259990729280204,0.7209998454880034,optimal,5.759535553996102,43258,76185,281009
sens-alerts60,Garr200404-r0,Garr200404,trajectory,B1,8,43.4341029570802,0.7239017159513367,optimal,4.73148499099625,43258,76185,281009
sens-alerts60,Garr200404-r0,Garr200404,trajectory,B1,9,43.489161897910286,0.7248193649651714,optimal,5.0352128079975955,43258,76185,281009
sens-alerts60,Garr200404-r0,Garr200404,trajectory,B1,10,42.13290989960314,0.7022151649933857,optimal,4.6722306820011,43258,76185,281009
sens-alerts60,Garr200404-r0,Garr200404,trajectory,B1,11,43.26828710258516,0.7211381183764194,optimal,5.380295816001308,43258,76185,281009
sens-alerts60,Garr200404-r0,Garr200404,trajectory,B1,12,41.958978354119786,0.6993163059019964,optimal,5.374492734998057,43258,76185,281009
sens-alerts60,Garr200404-r0,Garr200404,trajectory,B1,13,43.063538136865546,0.7177256356144258,optimal,4.367119223003101,43258,76185,281009
sens-alerts60,Garr200404-r0,Garr200404,trajectory,B1,14,43.34199392745215,0.7223665654575359,optimal,4.778396387002431,43258,76185,281009
sens-alerts60,Garr200404-r0,Garr200404,trajectory,B1,15,41.82692778664862,0.6971154631108103,optimal,4.967007608996937,43258,76185,281009
sens-alerts60,Garr200404-r0,Garr200404,trajectory,B1,16,43.27080530053804,0.7211800883423007,optimal,5.255176220998692,43258,76185,281009
sens-alerts60,Garr200404-r0,Garr200404,trajectory,B1,17,43.82723876738678,0.7304539794564463,optimal,4.649414763000095,43258,76185,281009
sens-alerts60,Garr200404-r0,Garr200404,trajectory,B1,18,42.64414130991172,0.7107356884985286,optimal,4.716121571997064,43258,76185,281009
sens-alerts60,Garr200404-r0,Garr200404,trajectory,B1,19,43.81509890513497,0.7302516484189161,optimal,4.47829738099972,43258,76185,281009
sens-alerts60,Garr200404-r0,Garr200404,trajectory,B1,20,42.406134935276455,0.706768915587941,optimal,5.915353508004046,43258,76185,281009
sens-alerts60,Garr200404-r0,Garr200404,trajectory,B1,21,42.79560735804026,0.7132601226340043,optimal,4.154145298001822,43258,76185,281009
sens-alerts60,Garr200404-r0,Garr200404,trajectory,B1,22,43.71341518558703,0.7285569197597839,optimal,5.068077803996857,43258,76185,281009
sens-alerts60,Garr200404-r0,Garr200404,trajectory,B1,23,42.509135020022285,0.7084855836670381,optimal,4.373585310000635,43258,76185,281009
sens-alerts60,Garr200404-r0,Garr200404,trajectory,B1,24,42.222834414388046,0.7037139069064674,optimal,5.025613598998461,43258,76185,281009
sens-alerts60,Garr200404-r0,Garr200404,trajectory,B1,25,43.3609519110202,0.7226825318503367,optimal,5.58122925600037,43258,76185,281009
sens-alerts60,Garr200404-r0,Garr200404,trajectory,B1,26,43.13577085027429,0.7189295141712382,optimal,5.261403756005166,43258,76185,281009
sens-alerts60,Garr200404-r0,Garr200404,trajectory,B1,27,42.648740592158084,0.7108123432026348,optimal,4.434305672999471,43258,76185,281009
sens-alerts60,Garr200404-r0,Garr200404,trajectory,B1,28,42.95108298374635,0.7158513830624392,optimal,5.345678343001055,43258,76185,281009
sens-alerts60,Garr200404-r0,Garr200404,trajectory,B1,29,43.84959252432637,0.7308265420721062,optimal,6.589519278997614,43258,76185,281009
sens-alerts60,Marwan-r0,Marwan,trajectory,B1,0,29.258569962519914,0.4876428327086652,optimal,6.733314842997061,60311,87290,345844
sens-alerts60,Marwan-r0,Marwan,trajectory,B1,1,31.915038464705283,0.531917307745088,optimal,6.581305142004567,60311,87290,345844
sens-alerts60,Marwan-r0,Marwan,trajectory,B1,2,28.521251223746464,0.4753541870624411,optimal,5.695486188997165,60311,87290,345844
sens-alerts60,Marwan-r0,Marwan,trajectory,B1,3,28.993318864860246,0.4832219810810041,optimal,6.19889166700159,60311,87290,345844
sens-alerts60,Marwan-r0,Marwan,trajectory,B1,4,30.967144874140846,0.5161190812356807,optimal,6.284038880003209,60311,87290,345844
sens-alerts60,Marwan-r0,Marwan,trajectory,B1,5,30.65806882331012,0.5109678137218353,optimal,6.225604031002149,60311,87290,345844
sens-alerts60,Marwan-r0,Marwan,trajectory,B1,6,29.64982801653503,0.4941638002755838,optimal,7.249821826000698,60311,87290,345844
sens-alerts60,Marwan-r0,Marwan,trajectory,B1,7,30.215024642499202,0.5035837440416534,optimal,6.353951719000179,60311,87290,345844
sens-alerts60,Marwan-r0,Marwan,trajectory,B1,8,30.809140633578618,0.5134856772263103,optimal,6.987142024001514,60311,87290,345844
sens-alerts60,Marwan-r0,Marwan,trajectory,B1,9,30.89829808765135,0.5149716347941892,optimal,7.1412518760043895,60311,87290,345844
sens-alerts60,Marwan-r0,Marwan,trajectory,B1,10,32.38230214274163,0.5397050357123605,optimal,7.525993627001299,60311,87290,345844
sens-alerts60,Marwan-r0,Marwan,trajectory,B1,11,31.048407772913578,0.517473462881893,optimal,7.516495502000907,60311,87290,345844
sens-alerts60,Marwan-r0,Marwan,trajectory,B1,12,31.275234149404124,0.5212539024900688,optimal,6.698469054994348,60311,87290,345844
sens-alerts60,Marwan-r0,Marwan,trajectory,B1,13,32.38735626682556,0.5397892711137594,optimal,6.8933066870013135,60311,87290,345844
sens-alerts60,Marwan-r0,Marwan,trajectory,B1,14,30.33228352873824,0.5055380588123041,optimal,6.91010481199919,60311,87290,345844
sens-alerts60,Marwan-r0,Marwan,trajectory,B1,15,28.021266571308477,0.4670211095218079,optimal,6.167966918001184,60311,87290,345844
sens-alerts60,Marwan-r0,Marwan,trajectory,B1,16,30.51665606277804,0.508610934379634,optimal,7.2918629689957015,60311,87290,345844
sens-alerts60,Marwan-r0,Marwan,trajectory,B1,17,31.131374129304923,0.5188562354884154,optimal,6.986914485998568,60311,87290,345844
sens-alerts60,Marwan-r0,Marwan,trajectory,B1,18,32.18894985217233,0.5364824975362055,optimal,8.102957310999045,60311,87290,345844
sens-alerts60,Marwan-r0,Marwan,trajectory,B1,19,31.46825273806388,0.5244708789677314,optimal,6.515874719996646,60311,87290,345844
sens-alerts60,Marwan-r0,Marwan,trajectory,B1,20,30.940195182923883,0.5156699197153981,optimal,7.205028294003569,60311,87290,345844
sens-alerts60,Marwan-r0,Marwan,trajectory,B1,21,32.97540381253219,0.5495900635422032,optimal,7.573159983003279,60311,87290,345844
sens-alerts60,Marwan-r0,Marwan,trajectory,B1,22,29.770955624767794,0.4961825937461299,optimal,7.50983267200354,60311,87290,345844
sens-alerts60,Marwan-r0,Marwan,trajectory,B1,23,30.56205884681132,0.5093676474468553,optimal,6.529131668998161,60311,87290,345844
sens-alerts60,Marwan-r0,Marwan,trajectory,B1,24,28.575499369364657,0.4762583228227443,optimal,6.770519397003227,60311,87290,345844
sens-alerts60,Marwan-r0,Marwan,trajectory,B1,25,30.612133240945024,0.510202220682417,optimal,6.668348599996534,60311,87290,345844
sens-alerts60,Marwan-r0,Marwan,trajectory,B1,26,30.49706511835025,0.5082844186391708,optimal,7.609005780002917,60311,87290,345844
sens-alerts60,Marwan-r0,Marwan,trajectory,B1,27,31.1762382865671,0.519603971442785,optimal,7.275825866003288,60311,87290,345844
sens-alerts60,Marwan-r0,Marwan,trajectory,B1,28,30.5926736145293,0.5098778935754883,optimal,6.47472684999957,60311,87290,345844
sens-alerts60,Marwan-r0,Marwan,trajectory,B1,29,29.176152188645283,0.48626920314408806,optimal,6.745479354001873,60311,87290,345844
sens-bh100,Agis-r0,Agis,trajectory,B1,0,20.53134130661511,0.5132835326653777,optimal,1.9252193400025135,30813,54074,201395
sens-bh100,Agis-r0,Agis,trajectory,B1,1,21.277318895286985,0.5319329723821746,optimal,2.059253350002109,30813,54074,201395
sens-bh100,Agis-r0,Agis,trajectory,B1,2,22.27188680432597,0.5567971701081492,optimal,2.1100477580039296,30813,54074,201395
sens-bh100,Agis-r0,Agis,trajectory,B1,3,20.57630715459568,0.5144076788648919,optimal,1.8634751469944604,30813,54074,201395
sens-bh100,Agis-r0,Agis,trajectory,B1,4,20.857614205197404,0.5214403551299351,optimal,1.9615086049961974,30813,54074,201395
sens-bh100,Agis-r0,Agis,trajectory,B1,5,20.499374251970572,0.5124843562992643,optimal,2.2772234530057176,30813,54074,201395
sens-bh100,Agis-r0,Agis,trajectory,B1,6,21.09295530192904,0.527323882548226,optimal,2.105750123002508,30813,54074,201395
sens-bh100,Agis-r0,Agis,trajectory,B1,7,20.844075445814774,0.5211018861453693,optimal,3.2744311950009433,30813,54074,201395
sens-bh100,Agis-r0,Agis,trajectory,B1,8,21.564256803934747,0.5391064200983686,optimal,2.644401279001613,30813,54074,201395
sens-bh100,Agis-r0,Agis,trajectory,B1,9,20.693077478825874,0.5173269369706468,optimal,2.526691954997659,30813,54074,201395
sens-bh100,Agis-r0,Agis,trajectory,B1,10,21.240759629127886,0.5310189907281971,optimal,2.2197484349962906,30813,54074,201395
sens-bh100,Agis-r0,Agis,trajectory,B1,11,21.103279513723994,0.5275819878430998,optimal,2.3157038989957073,30813,54074,201395
sens-bh100,Agis-r0,Agis,trajectory,B1,12,21.229892367923664,0.5307473091980917,optimal,2.361750984993705,30813,54074,201395
sens-bh100,Agis-r0,Agis,trajectory,B1,13,20.806602374129486,0.5201650593532372,optimal,2.3433727260053274,30813,54074,201395
sens-bh100,Agis-r0,Agis,trajectory,B1,14,20.847201659780456,0.5211800414945114,optimal,2.637726256994938,30813,54074,201395
sens-bh100,Agis-r0,Agis,trajectory,B1,15,21.273529067092653,0.5318382266773163,optimal,2.877693365997402,30813,54074,201395
sens-bh100,Agis-r0,Agis,trajectory,B1,16,21.17195169785339,0.5292987924463348,optimal,2.317361348999839,30813,54074,201395
sens-bh100,Agis-r0,Agis,trajectory,B1,17,20.351159654132225,0.5087789913533056,optimal,2.1617747970012715,30813,54074,201395
sens-bh100,Agis-r0,Agis,trajectory,B1,18,21.17379765758369,0.5293449414395923,optimal,3.202939486000105,30813,54074,201395
sens-bh100,Agis-r0,Agis,trajectory,B1,19,20.774285328979094,0.5193571332244773,optimal,2.1948150989992428,30813,54074,201395
sens-bh100,Agis-r0,Agis,trajectory,B1,20,20.861456685595517,0.521536417139888,optimal,2.044909276002727,30813,54074,201395
sens-bh100,Agis-r0,Agis,trajectory,B1,21,20.873900675058305,0.5218475168764576,optimal,2.144756211004278,30813,54074,201395
sens-bh100,Agis-r0,Agis,trajectory,B1,22,21.8115797535485,0.5452894938387125,optimal,2.6778768910007784,30813,54074,201395
sens-bh100,Agis-r0,Agis,trajectory,B1,23,20.85383359143074,0.5213458397857684,optimal,2.6276392610016046,30813,54074,201395
sens-bh100,Agis-r0,Agis,trajectory,B1,24,21.80033932119824,0.545008483029956,optimal,2.4796411310016993,30813,54074,201395
sens-bh100,Agis-r0,Agis,trajectory,B1,25,20.266335678372492,0.5066583919593123,optimal,2.470634422999865,30813,54074,201395
sens-bh100,Agis-r0,Agis,trajectory,B1,26,20.01665230509596,0.500416307627399,optimal,2.1375414799986174,30813,54074,201395
sens-bh100,Agis-r0,Agis,trajectory,B1,27,21.951551733597505,0.5487887933399376,optimal,2.490087008998671,30813,54074,201395
sens-bh100,Agis-r0,Agis,trajectory,B1,28,20.210572491392057,0.5052643122848014,optimal,2.7439936289956677,30813,54074,201395
sens-bh100,Agis-r0,Agis,trajectory,B1,29,20.594069794822115,0.5148517448705529,optimal,2.2914163430032204,30813,54074,201395
sens-bh100,Belnet2008-r0,Belnet2008,trajectory,B1,0,29.625715923092667,0.7406428980773166,optimal,3.4970299289998366,28314,56346,187007
sens-bh100,Belnet2008-r0,Belnet2008,trajectory,B1,1,27.40435903506225,0.6851089758765563,optimal,3.3030246999987867,28314,56346,187007
sens-bh100,Belnet2008-r0,Belnet2008,trajectory,B1,2,28.298398709031854,0.7074599677257963,optimal,2.9683923310003593,28314,56346,187007
sens-bh100,Belnet2008-r0,Belnet2008,trajectory,B1,3,28.201560792712268,0.7050390198178067,optimal,3.3865601279976545,28314,56346,187007
sens-bh100,Belnet2008-r0,Belnet2008,trajectory,B1,4,28.492501203160984,0.7123125300790246,optimal,3.4155471060003038,28314,56346,187007
sens-bh100,Belnet2008-r0,Belnet2008,trajectory,B1,5,28.800267380921984,0.7200066845230496,optimal,3.1446950640020077,28314,56346,187007
sens-bh100,Belnet2008-r0,Belnet2008,trajectory,B1,6,28.468274103912545,0.7117068525978136,optimal,3.2368712239986053,28314,56346,187007
sens-bh100,Belnet2008-r0,Belnet2008,trajectory,B1,7,28.206265630819065,0.7051566407704766,optimal,3.486458011997456,28314,56346,187007
sens-bh100,Belnet2008-r0,Belnet2008,trajectory,B1,8,28.886960137304296,0.7221740034326074,optimal,3.5472964069995214,28314,56346,187007
sens-bh100,Belnet2008-r0,Belnet2008,trajectory,B1,9,29.01514243048935,0.7253785607622338,optimal,3.264458432997344,28314,56346,187007
sens-bh100,Belnet2008-r0,Belnet2008,trajectory,B1,10,29.36922721981632,0.734230680495408,optimal,3.8605582480013254,28314,56346,187007
sens-bh100,Belnet2008-r0,Belnet2008,trajectory,B1,11,29.229075321770186,0.7307268830442546,optimal,4.049288882997644,28314,56346,187007
sens-bh100,Belnet2008-r0,Belnet2008,trajectory,B1,12,29.121247342108436,0.7280311835527109,optimal,3.3391409550022217,28314,56346,187007
sens-bh100,Belnet2008-r0,Belnet2008,trajectory,B1,13,29.308959403423465,0.7327239850855867,optimal,3.3963788649998605,28314,56346,187007
sens-bh100,Belnet2008-r0,Belnet2008,trajectory,B1,14,28.261947421037704,0.7065486855259426,optimal,3.5253651189996162,28314,56346,187007
sens-bh100,Belnet2008-r0,Belnet2008,trajectory,B1,15,28.961209627169975,0.7240302406792494,optimal,3.6821351639955537,28314,56346,187007
sens-bh100,Belnet2008-r0,Belnet2008,trajectory,B1,16,29.842218455090926,0.7460554613772732,optimal,3.603563584998483,28314,56346,187007
sens-bh100,Belnet2008-r0,Belnet2008,trajectory,B1,17,28.204747322339756,0.7051186830584939,optimal,3.662515268995776,28314,56346,187007
sens-bh100,Belnet2008-r0,Belnet2008,trajectory,B1,18,28.718151957301835,0.7179537989325459,optimal,3.713322080002399,28314,56346,187007
sens-bh100,Belnet2008-r0,Belnet2008,trajectory,B1,19,28.882493480536382,0.7220623370134096,optimal,4.883034250000492,28314,56346,187007
sens-bh100,Belnet2008-r0,Belnet2008,trajectory,B1,20,27.819116685536095,0.6954779171384023,optimal,3.6768053749983665,28314,56346,187007
sens-bh100,Belnet2008-r0,Belnet2008,trajectory,B1,21,28.177102273502463,0.7044275568375615,optimal,2.77779339600238,28314,56346,187007
sens-bh100,Belnet2008-r0,Belnet2008,trajectory,B1,22,28.718828559229635,0.7179707139807409,optimal,3.458390722000331,28314,56346,187007
sens-bh100,Belnet2008-r0,Belnet2008,trajectory,B1,23,27.99053278916051,0.6997633197290127,optimal,3.0357557500028634,28314,56346,187007
sens-bh100,Belnet2008-r0,Belnet2008,trajectory,B1,24,28.26681016698027,0.7066702541745068,optimal,3.2300175450000097,28314,56346,187007
sens-bh100,Belnet2008-r0,Belnet2008,trajectory,B1,25,29.138853376263416,0.7284713344065854,optimal,3.469907017002697,28314,56346,187007
sens-bh100,Belnet2008-r0,Belnet2008,trajectory,B1,26,28.395541361116074,0.7098885340279019,optimal,3.3529142400002456,28314,56346,187007
sens-bh100,Belnet2008-r0,Belnet2008,trajectory,B1,27,27.975153585994494,0.6993788396498624,optimal,2.9395443799949135,28314,56346,187007
sens-bh100,Belnet2008-r0,Belnet2008,trajectory,B1,28,28.06577615523558,0.7016444038808894,optimal,3.654889641002228,28314,56346,187007
sens-bh100,Belnet2008-r0,Belnet2008,trajectory,B1,29,28.664451590938263,0.7166112897734566,optimal,2.913754555003834,28314,56346,187007
sens-bh100,BsonetEurope-r0,BsonetEurope,trajectory,B1,0,28.627801829133904,0.7156950457283476,optimal,4.49238621800032,32513,58493,209487
sens-bh100,BsonetEurope-r0,BsonetEurope,trajectory,B1,1,27.57694280540954,0.6894235701352385,optimal,4.768254148999404,32513,58493,209487
sens-bh100,BsonetEurope-r0,BsonetEurope,trajectory,B1,2,28.161550882456734,0.7040387720614183,optimal,4.89811676699901,32513,58493,209487
sens-bh100,BsonetEurope-r0,BsonetEurope,trajectory,B1,3,28.0774202834475,0.7019355070861875,optimal,3.6006451150024077,32513,58493,209487
sens-bh100,BsonetEurope-r0,BsonetEurope,trajectory,B1,4,28.376873141703353,0.7094218285425838,optimal,4.141111292003188,32513,58493,209487
sens-bh100,BsonetEurope-r0,BsonetEurope,trajectory,B1,5,28.255622828630717,0.7063905707157679,optimal,3.7364997749973554,32513,58493,209487
sens-bh100,BsonetEurope-r0,BsonetEurope,trajectory,B1,6,27.66225309856756,0.691556327464189,optimal,4.262075038997864,32513,58493,209487
sens-bh100,BsonetEurope-r0,BsonetEurope,trajectory,B1,7,27.76639758403426,0.6941599396008564,optimal,3.897042059994419,32513,58493,209487
sens-bh100,BsonetEurope-r0,BsonetEurope,trajectory,B1,8,27.165732882644612,0.6791433220661153,optimal,4.655932596004277,32513,58493,209487
sens-bh100,BsonetEurope-r0,BsonetEurope,trajectory,B1,9,27.74941116498929,0.6937352791247322,optimal,4.832528161998198,32513,58493,209487
sens-bh100,BsonetEurope-r0,BsonetEurope,trajectory,B1,10,26.752699774998998,0.668817494374975,optimal,3.677389543998288,32513,58493,209487
sens-bh100,BsonetEurope-r0,BsonetEurope,trajectory,B1,11,27.88573125627957,0.6971432814069892,optimal,5.543005414001527,32513,58493,209487
sens-bh100,BsonetEurope-r0,BsonetEurope,trajectory,B1,12,27.81279114801982,0.6953197787004954,optimal,3.9642625139968004,32513,58493,209487
sens-bh100,BsonetEurope-r0,BsonetEurope,trajectory,B1,13,28.66057486350852,0.7165143715877129,optimal,4.980952758996864,32513,58493,209487
sens-bh100,BsonetEurope-r0,BsonetEurope,trajectory,B1,14,28.26512359350714,0.7066280898376786,optimal,4.65000930899987,32513,58493,209487
sens-bh100,BsonetEurope-r0,BsonetEurope,trajectory,B1,15,28.29403339232206,0.7073508348080515,optimal,4.5859153359997435,32513,58493,209487
sens-bh100,BsonetEurope-r0,BsonetEurope,trajectory,B1,16,28.350769610542002,0.70876924026355,optimal,4.939388266000606,32513,58493,209487
sens-bh100,BsonetEurope-r0,BsonetEurope,trajectory,B1,17,28.688846668424556,0.7172211667106139,optimal,5.119478092994541,32513,58493,209487
sens-bh100,BsonetEurope-r0,BsonetEurope,trajectory,B1,18,28.50138303208506,0.7125345758021264,optimal,4.713432807002391,32513,58493,209487
sens-bh100,BsonetEurope-r0,BsonetEurope,trajectory,B1,19,28.44230642701982,0.7110576606754955,optimal,5.559726181003498,32513,58493,209487
sens-bh100,BsonetEurope-r0,BsonetEurope,trajectory,B1,20,28.064129018565545,0.7016032254641387,optimal,4.051030233000347,32513,58493,209487
sens-bh100,BsonetEurope-r0,BsonetEurope,trajectory,B1,21,27.906938426692793,0.6976734606673198,optimal,4.617114724998828,32513,58493,209487
sens-bh100,BsonetEurope-r0,BsonetEurope,trajectory,B1,22,28.3700926177364,0.70925231544341,optimal,4.033777390002797,32513,58493,209487
sens-bh100,BsonetEurope-r0,BsonetEurope,trajectory,B1,23,28.005572594280963,0.7001393148570241,optimal,4.524836723998305,32513,58493,209487
sens-bh100,BsonetEurope-r0,BsonetEurope,trajectory,B1,24,26.8817178446367,0.6720429461159175,optimal,3.855444107000949,32513,58493,209487
sens-bh100,BsonetEurope-r0,BsonetEurope,trajectory,B1,25,27.651833551710194,0.6912958387927548,optimal,3.7229302180057857,32513,58493,209487
sens-bh100,BsonetEurope-r0,BsonetEurope,trajectory,B1,26,28.313595425184655,0.7078398856296164,optimal,4.260652338001819,32513,58493,209487
sens-bh100,BsonetEurope-r0,BsonetEurope,trajectory,B1,27,27.88898179348951,0.6972245448372377,optimal,4.192205866995209,32513,58493,209487
sens-bh100,BsonetEurope-r0,BsonetEurope,trajectory,B1,28,28.411372175613288,0.7102843043903322,optimal,3.9795048069936456,32513,58493,209487
sens-bh100,BsonetEurope-r0,BsonetEurope,trajectory,B1,29,26.96359691716594,0.6740899229291485,optimal,5.208387926999421,32513,58493,209487
sens-bh100,BtNorthAmerica-r0,BtNorthAmerica,trajectory,B1,0,22.041045494948897,0.5510261373737224,optimal,2.865519179002149,33066,60624,214145
sens-bh100,BtNorthAmerica-r0,BtNorthAmerica,trajectory,B1,1,23.939243610282592,0.5984810902570648,optimal,2.9536902620020555,33066,60624,214145
sens-bh100,BtNorthAmerica-r0,BtNorthAmerica,trajectory,B1,2,22.435750276976428,0.5608937569244107,optimal,2.6672729380006786,33066,60624,214145
sens-bh100,BtNorthAmerica-r0,BtNorthAmerica,trajectory,B1,3,22.90335844361007,0.5725839610902518,optimal,2.7676652500013006,33066,60624,214145
sens-bh100,BtNorthAmerica-r0,BtNorthAmerica,trajectory,B1,4,22.507427914029805,0.5626856978507451,optimal,3.0156413489967235,33066,60624,214145
sens-bh100,BtNorthAmerica-r0,BtNorthAmerica,trajectory,B1,5,22.691159342466847,0.5672789835616712,optimal,3.160229547000199,33066,60624,214145
sens-bh100,BtNorthAmerica-r0,BtNorthAmerica,trajectory,B1,6,23.184524517390987,0.5796131129347747,optimal,2.979877090001537,33066,60624,214145
sens-bh100,BtNorthAmerica-r0,BtNorthAmerica,trajectory,B1,7,21.85006078266192,0.546251519566548,optimal,2.7298118530015927,33066,60624,214145
sens-bh100,BtNorthAmerica-r0,BtNorthAmerica,trajectory,B1,8,23.4679239531912,0.58669809882978,optimal,2.5582522900003823,33066,60624,214145
sens-bh100,BtNorthAmerica-r0,BtNorthAmerica,trajectory,B1,9,23.343595306268494,0.5835898826567123,optimal,2.5811324320020503,33066,60624,214145
sens-bh100,BtNorthAmerica-r0,BtNorthAmerica,trajectory,B1,10,22.146241116409115,0.5536560279102278,optimal,3.0477570359944366,33066,60624,214145
sens-bh100,BtNorthAmerica-r0,BtNorthAmerica,trajectory,B1,11,23.01902296634648,0.575475574158662,optimal,2.5964585800029454,33066,60624,214145
sens-bh100,BtNorthAmerica-r0,BtNorthAmerica,trajectory,B1,12,23.46738266980146,0.5866845667450364,optimal,2.627380236001045,33066,60624,214145
sens-bh100,BtNorthAmerica-r0,BtNorthAmerica,trajectory,B1,13,22.992438811311366,0.5748109702827842,optimal,3.3092681100024492,33066,60624,214145
sens-bh100,BtNorthAmerica-r0,BtNorthAmerica,trajectory,B1,14,21.85674011477103,0.5464185028692757,optimal,2.6441658880066825,33066,60624,214145
sens-bh100,BtNorthAmerica-r0,BtNorthAmerica,trajectory,B1,15,22.298697735293974,0.5574674433823493,optimal,2.9221904599980917,33066,60624,214145
sens-bh100,BtNorthAmerica-r0,BtNorthAmerica,trajectory,B1,16,22.340737615278485,0.5585184403819621,optimal,3.1534960379940458,33066,60624,214145
sens-bh100,BtNorthAmerica-r0,BtNorthAmerica,trajectory,B1,17,22.30726914744683,0.5576817286861708,optimal,2.773340512001596,33066,60624,214145
sens-bh100,BtNorthAmerica-r0,BtNorthAmerica,trajectory,B1,18,21.434018444097852,0.5358504611024463,optimal,2.708143469004426,33066,60624,214145
sens-bh100,BtNorthAmerica-r0,BtNorthAmerica,trajectory,B1,19,22.66042935593977,0.5665107338984943,optimal,2.961643708003976,33066,60624,214145
sens-bh100,BtNorthAmerica-r0,BtNorthAmerica,trajectory,B1,20,23.462041836081003,0.5865510459020251,optimal,2.8186240829963936,33066,60624,214145
sens-bh100,BtNorthAmerica-r0,BtNorthAmerica,trajectory,B1,21,22.716494435675763,0.5679123608918941,optimal,2.969307359002414,33066,60624,214145
sens-bh100,BtNorthAmerica-r0,BtNorthAmerica,trajectory,B1,22,22.357997592688392,0.5589499398172098,optimal,2.8555471319996286,33066,60624,214145
sens-bh100,BtNorthAmerica-r0,BtNorthAmerica,trajectory,B1,23,24.36723540087695,0.6091808850219238,optimal,3.75514523700258,33066,60624,214145
sens-bh100,BtNorthAmerica-r0,BtNorthAmerica,trajectory,B1,24,22.783066780558293,0.5695766695139574,optimal,3.1601224089972675,33066,60624,214145
sens-bh100,BtNorthAmerica-r0,BtNorthAmerica,trajectory,B1,25,22.066184253740865,0.5516546063435216,optimal,2.927964346999943,33066,60624,214145
sens-bh100,BtNorthAmerica-r0,BtNorthAmerica,trajectory,B1,26,22.4174272239557,0.5604356805988925,optimal,2.4449036060032086,33066,60624,214145
sens-bh100,BtNorthAmerica-r0,BtNorthAmerica,trajectory,B1,27,22.62792157817525,0.5656980394543812,optimal,3.063604385999497,33066,60624,214145
sens-bh100,BtNorthAmerica-r0,BtNorthAmerica,trajectory,B1,28,21.274696436987963,0.531867410924699,optimal,3.1867128660014714,33066,60624,214145
sens-bh100,BtNorthAmerica-r0,BtNorthAmerica,trajectory,B1,29,22.771622662380295,0.5692905665595074,optimal,2.7540470020030625,33066,60624,214145
sens-bh100,Cesnet200603-r0,Cesnet200603,trajectory,B1,0,20.026696028949388,0.5006674007237347,optimal,3.820161748000828,35446,69442,228232
sens-bh100,Cesnet200603-r0,Cesnet200603,trajectory,B1,1,21.531498344632944,0.5382874586158236,optimal,3.5019097629992757,35446,69442,228232
sens-bh100,Cesnet200603-r0,Cesnet200603,trajectory,B1,2,20.159320114962302,0.5039830028740575,optimal,3.548806937003974,35446,69442,228232
sens-bh100,Cesnet200603-r0,Cesnet200603,trajectory,B1,3,20.927226544315662,0.5231806636078915,optimal,3.537027339996712,35446,69442,228232
sens-bh100,Cesnet200603-r0,Cesnet200603,trajectory,B1,4,20.57000436060762,0.5142501090151905,optimal,3.679122000998177,35446,69442,228232
sens-bh100,Cesnet200603-r0,Cesnet200603,trajectory,B1,5,20.568045373885504,0.5142011343471375,optimal,3.5148576110004797,35446,69442,228232
sens-bh100,Cesnet200603-r0,Cesnet200603,trajectory,B1,6,20.332054234182596,0.5083013558545649,optimal,3.196094457001891,35446,69442,228232
sens-bh100,Cesnet200603-r0,Cesnet200603,trajectory,B1,7,20.715849850397873,0.5178962462599468,optimal,3.7054602170028375,35446,69442,228232
sens-bh100,Cesnet200603-r0,Cesnet200603,trajectory,B1,8,19.8171015096607,0.4954275377415175,optimal,3.0454956160028814,35446,69442,228232
sens-bh100,Cesnet200603-r0,Cesnet200603,trajectory,B1,9,20.555038621916054,0.5138759655479014,optimal,4.163346408997313,35446,69442,228232
sens-bh100,Cesnet200603-r0,Cesnet200603,trajectory,B1,10,20.72737614179638,0.5181844035449095,optimal,3.2459991089999676,35446,69442,228232
sens-bh100,Cesnet200603-r0,Cesnet200603,trajectory,B1,11,20.282855396052454,0.5070713849013113,optimal,3.9264661139968666,35446,69442,228232
sens-bh100,Cesnet200603-r0,Cesnet200603,trajectory,B1,12,20.657100985046796,0.5164275246261699,optimal,3.2768094790008035,35446,69442,228232
sens-bh100,Cesnet200603-r0,Cesnet200603,trajectory,B1,13,22.219352867766037,0.5554838216941509,optimal,3.6086253419998684,35446,69442,228232
sens-bh100,Cesnet200603-r0,Cesnet200603,trajectory,B1,14,20.8769120999938,0.521922802499845,optimal,2.8907171559985727,35446,69442,228232
sens-bh100,Cesnet200603-r0,Cesnet200603,trajectory,B1,15,20.262114219387197,0.5065528554846799,optimal,2.7623667169973487,35446,69442,228232
sens-bh100,Cesnet200603-r0,Cesnet200603,trajectory,B1,16,19.810684262851666,0.49526710657129164,optimal,2.718223878997378,35446,69442,228232
sens-bh100,Cesnet200603-r0,Cesnet200603,trajectory,B1,17,19.637750384544297,0.4909437596136074,optimal,2.9872303559968714,35446,69442,228232
sens-bh100,Cesnet200603-r0,Cesnet200603,trajectory,B1,18,19.582850254552902,0.48957125636382254,optimal,2.6889658849977423,35446,69442,228232
sens-bh100,Cesnet200603-r0,Cesnet200603,trajectory,B1,19,20.12571897436144,0.503142974359036,optimal,3.282388554995123,35446,69442,228232
sens-bh100,Cesnet200603-r0,Cesnet200603,trajectory,B1,20,20.70612842396612,0.517653210599153,optimal,3.1058759139996255,35446,69442,228232
sens-bh100,Cesnet200603-r0,Cesnet200603,trajectory,B1,21,20.702982998642636,0.5175745749660658,optimal,3.036925496002368,35446,69442,228232
sens-bh100,Cesnet200603-r0,Cesnet200603,trajectory,B1,22,20.02544160481411,0.5006360401203527,optimal,2.9377275969964103,35446,69442,228232
sens-bh100,Cesnet200603-r0,Cesnet200603,trajectory,B1,23,20.000895124450327,0.5000223781112582,optimal,2.829298156000732,35446,69442,228232
sens-bh100,Cesnet200603-r0,Cesnet200603,trajectory,B1,24,20.946864220167843,0.5236716055041961,optimal,3.0367777720020968,35446,69442,228232
sens-bh100,Cesnet200603-r0,Cesnet200603,trajectory,B1,25,21.140933898208637,0.5285233474552159,optimal,3.1298969109993777,35446,69442,228232
sens-bh100,Cesnet200603-r0,Cesnet200603,trajectory,B1,26,20.187370296626575,0.5046842574156644,optimal,3.3845828600024106,35446,69442,228232
sens-bh100,Cesnet200603-r0,Cesnet200603,trajectory,B1,27,20.88964842073929,0.5222412105184823,optimal,2.9806084260053467,35446,69442,228232
sens-bh100,Cesnet200603-r0,Cesnet200603,trajectory,B1,28,21.917774993453964,0.5479443748363491,optimal,3.5763632789967232,35446,69442,228232
sens-bh100,Cesnet200603-r0,Cesnet200603,trajectory,B1,29,20.055052307462574,0.5013763076865644,optimal,3.254651200004446,35446,69442,228232
sens-bh100,Digex-r0,Digex,trajectory,B1,0,22.759144406985158,0.5689786101746289,optimal,5.305670591995295,47455,78133,261421
sens-bh100,Digex-r0,Digex,trajectory,B1,1,23.289044409552343,0.5822261102388085,optimal,4.805307679998805,47455,78133,261421
sens-bh100,Digex-r0,Digex,trajectory,B1,2,23.44757861958334,0.5861894654895835,optimal,4.645564070000546,47455,78133,261421
sens-bh100,Digex-r0,Digex,trajectory,B1,3,23.336828098726752,0.5834207024681688,optimal,5.079707614000654,47455,78133,261421
sens-bh100,Digex-r0,Digex,trajectory,B1,4,23.8568446250161,0.5964211156254026,optimal,4.732619540998712,47455,78133,261421
sens-bh100,Digex-r0,Digex,trajectory,B1,5,22.99386744509816,0.574846686127454,optimal,4.926629752000736,47455,78133,261421
sens-bh100,Digex-r0,Digex,trajectory,B1,6,23.28083412345043,0.5820208530862607,optimal,4.683145393006271,47455,78133,261421
sens-bh100,Digex-r0,Digex,trajectory,B1,7,23.26597866421429,0.5816494666053573,optimal,5.504705197003204,47455,78133,261421
sens-bh100,Digex-r0,Digex,trajectory,B1,8,23.531649515144917,0.5882912378786229,optimal,4.734470609000709,47455,78133,261421
sens-bh100,Digex-r0,Digex,trajectory,B1,9,23.289325951527754,0.5822331487881939,optimal,4.8386308289991575,47455,78133,261421
sens-bh100,Digex-r0,Digex,trajectory,B1,10,22.13926487866423,0.5534816219666057,optimal,4.811483278004744,47455,78133,261421
sens-bh100,Digex-r0,Digex,trajectory,B1,11,22.47317949512889,0.5618294873782222,optimal,5.5200554090042715,47455,78133,261421
sens-bh100,Digex-r0,Digex,trajectory,B1,12,24.235378835833572,0.6058844708958393,optimal,4.89619007800502,47455,78133,261421
sens-bh100,Digex-r0,Digex,trajectory,B1,13,23.592415753080925,0.5898103938270232,optimal,5.677031794002687,47455,78133,261421
sens-bh100,Digex-r0,Digex,trajectory,B1,14,22.087456819124792,0.5521864204781198,optimal,4.635387340997113,47455,78133,261421
sens-bh100,Digex-r0,Digex,trajectory,B1,15,23.402927161532247,0.5850731790383061,optimal,4.611444341004244,47455,78133,261421
sens-bh100,Digex-r0,Digex,trajectory,B1,16,23.035139166643823,0.5758784791660956,optimal,5.169463115998951,47455,78133,261421
sens-bh100,Digex-r0,Digex,trajectory,B1,17,23.965783815885363,0.599144595397134,optimal,5.876024691999191,47455,78133,261421
sens-bh100,Digex-r0,Digex,trajectory,B1,18,22.751347222137547,0.5687836805534386,optimal,5.624747846995888,47455,78133,261421
sens-bh100,Digex-r0,Digex,trajectory,B1,19,22.688496212554252,0.5672124053138563,optimal,5.069342675000371,47455,78133,261421
sens-bh100,Digex-r0,Digex,trajectory,B1,20,22.88691547678832,0.572172886919708,optimal,6.541075368993916,47455,78133,261421
sens-bh100,Digex-r0,Digex,trajectory,B1,21,23.19237418296673,0.5798093545741683,optimal,6.416041116004635,47455,78133,261421
sens-bh100,Digex-r0,Digex,trajectory,B1,22,23.35154150057551,0.5837885375143878,optimal,4.750638279998384,47455,78133,261421
sens-bh100,Digex-r0,Digex,trajectory,B1,23,22.468173693145513,0.5617043423286379,optimal,4.907401858996309,47455,78133,261421
sens-bh100,Digex-r0,Digex,trajectory,B1,24,22.886702564045642,0.572167564101141,optimal,5.09893252600159,47455,78133,261421
sens-bh100,Digex-r0,Digex,trajectory,B1,25,23.73376671098498,0.5933441677746245,optimal,5.915930595998361,47455,78133,261421
sens-bh100,Digex-r0,Digex,trajectory,B1,26,22.996366744063607,0.5749091686015901,optimal,4.9255504659959115,47455,78133,261421
sens-bh100,Digex-r0,Digex,trajectory,B1,27,23.147884552434867,0.5786971138108716,optimal,4.830607561998477,47455,78133,261421
sens-bh100,Digex-r0,Digex,trajectory,B1,28,23.719084542712963,0.5929771135678241,optimal,5.449984709994169,47455,78133,261421
sens-bh100,Digex-r0,Digex,trajectory,B1,29,22.94418176808325,0.5736045442020813,optimal,4.872314617001393,47455,78133,261421
sens-bh100,Easynet-r0,Easynet,trajectory,B1,0,12.881855980594041,0.32204639951485103,optimal,3.1671324679991812,34076,58211,217935
sens-bh100,Easynet-r0,Easynet,trajectory,B1,1,11.907539984666263,0.29768849961665655,optimal,2.601050420998945,34076,58211,217935
sens-bh100,Easynet-r0,Easynet,trajectory,B1,2,10.783029404656363,0.2695757351164091,optimal,3.2075320369986002,34076,58211,217935
sens-bh100,Easynet-r0,Easynet,trajectory,B1,3,12.039922885019916,0.3009980721254979,optimal,2.969596907001687,34076,58211,217935
sens-bh100,Easynet-r0,Easynet,trajectory,B1,4,11.610473740614273,0.29026184351535683,optimal,3.347297742999217,34076,58211,217935
sens-bh100,Easynet-r0,Easynet,trajectory,B1,5,12.531304958770805,0.31328262396927015,optimal,2.9340023590048077,34076,58211,217935
sens-bh100,Easynet-r0,Easynet,trajectory,B1,6,12.618276940406492,0.3154569235101623,optimal,2.698730822005018,34076,58211,217935
sens-bh100,Easynet-r0,Easynet,trajectory,B1,7,13.49132010260164,0.33728300256504096,optimal,2.74753933899774,34076,58211,217935
sens-bh100,Easynet-r0,Easynet,trajectory,B1,8,12.79542956928766,0.3198857392321915,optimal,3.080666702997405,34076,58211,217935
sens-bh100,Easynet-r0,Easynet,trajectory,B1,9,11.89352277236768,0.297338069309192,optimal,2.6072995159993297,34076,58211,217935
sens-bh100,Easynet-r0,Easynet,trajectory,B1,10,12.212087736603705,0.3053021934150926,optimal,2.566300388003583,34076,58211,217935
sens-bh100,Easynet-r0,Easynet,trajectory,B1,11,12.255128429601754,0.30637821074004384,optimal,2.9067579659968033,34076,58211,217935
sens-bh100,Easynet-r0,Easynet,trajectory,B1,12,12.380161453956248,0.3095040363489062,optimal,3.0686516759960796,34076,58211,217935
sens-bh100,Easynet-r0,Easynet,trajectory,B1,13,11.437379758485255,0.2859344939621314,optimal,3.027938585000811,34076,58211,217935
sens-bh100,Easynet-r0,Easynet,trajectory,B1,14,14.015483123223202,0.35038707808058006,optimal,2.728018838002754,34076,58211,217935
sens-bh100,Easynet-r0,Easynet,trajectory,B1,15,12.5528695659065,0.3138217391476625,optimal,2.5679612519961665,34076,58211,217935
sens-bh100,Easynet-r0,Easynet,trajectory,B1,16,11.421835161449378,0.28554587903623446,optimal,2.485355898999842,34076,58211,217935
sens-bh100,Easynet-r0,Easynet,trajectory,B1,17,13.05868822994555,0.32646720574863874,optimal,2.6054276139984722,34076,58211,217935
sens-bh100,Easynet-r0,Easynet,trajectory,B1,18,12.548442731992377,0.31371106829980944,optimal,2.8046825640049065,34076,58211,217935
sens-bh100,Easynet-r0,Easynet,trajectory,B1,19,12.303821294404619,0.3075955323601155,optimal,2.6386777389998315,34076,58211,217935
sens-bh100,Easynet-r0,Easynet,trajectory,B1,20,12.869666182602385,0.32174165456505965,optimal,2.85835798199696,34076,58211,217935
sens-bh100,Easynet-r0,Easynet,trajectory,B1,21,11.403884320026522,0.28509710800066307,optimal,2.5454034229987883,34076,58211,217935
sens-bh100,Easynet-r0,Easynet,trajectory,B1,22,11.73950628367088,0.293487657091772,optimal,2.560935128996789,34076,58211,217935
sens-bh100,Easynet-r0,Easynet,trajectory,B1,23,12.401637310132259,0.31004093275330646,optimal,2.8407705849967897,34076,58211,217935
sens-bh100,Easynet-r0,Easynet,trajectory,B1,24,12.12075286485505,0.3030188216213762,optimal,2.77188816099806,34076,58211,217935
sens-bh100,Easynet-r0,Easynet,trajectory,B1,25,11.965429184777507,0.2991357296194377,optimal,2.6480610639991937,34076,58211,217935
sens-bh100,Easynet-r0,Easynet,trajectory,B1,26,11.604137463494917,0.2901034365873729,optimal,2.524377355002798,34076,58211,217935
sens-bh100,Easynet-r0,Easynet,trajectory,B1,27,12.254963630994766,0.30637409077486916,optimal,3.0686491199958255,34076,58211,217935
sens-bh100,Easynet-r0,Easynet,trajectory,B1,28,12.277440480812851,0.3069360120203213,optimal,2.6846299020035076,34076,58211,217935
sens-bh100,Easynet-r0,Easynet,trajectory,B1,29,11.210860304321413,0.2802715076080353,optimal,3.0365904070058605,34076,58211,217935
sens-bh100,Garr200112-r0,Garr200112,trajectory,B1,0,25.15356076020384,0.628839019005096,optimal,2.3767756180022843,27013,54568,180664
sens-bh100,Garr200112-r0,Garr200112,trajectory,B1,1,25.18737599059639,0.6296843997649098,optimal,2.72456709099788,27013,54568,180664
sens-bh100,Garr200112-r0,Garr200112,trajectory,B1,2,23.300182125217564,0.5825045531304391,optimal,2.2694385720024,27013,54568,180664
sens-bh100,Garr200112-r0,Garr200112,trajectory,B1,3,26.499599297547928,0.6624899824386982,optimal,2.441876217002573,27013,54568,180664
sens-bh100,Garr200112-r0,Garr200112,trajectory,B1,4,25.911892482868417,0.6477973120717104,optimal,2.214778049994493,27013,54568,180664
sens-bh100,Garr200112-r0,Garr200112,trajectory,B1,5,25.42204365165527,0.6355510912913818,optimal,2.4060425120042055,27013,54568,180664
sens-bh100,Garr200112-r0,Garr200112,trajectory,B1,6,24.895189329064028,0.6223797332266007,optimal,2.5274536049983,27013,54568,180664
sens-bh100,Garr200112-r0,Garr200112,trajectory,B1,7,25.446722155509722,0.636168053887743,optimal,2.6605447660040227,27013,54568,180664
sens-bh100,Garr200112-r0,Garr200112,trajectory,B1,8,25.418381100461584,0.6354595275115396,optimal,2.2249131400021724,27013,54568,180664
sens-bh100,Garr200112-r0,Garr200112,trajectory,B1,9,24.928570025471807,0.6232142506367951,optimal,2.0568491219964926,27013,54568,180664
sens-bh100,Garr200112-r0,Garr200112,trajectory,B1,10,25.684361043326984,0.6421090260831745,optimal,2.3549486589981825,27013,54568,180664
sens-bh100,Garr200112-r0,Garr200112,trajectory,B1,11,24.88138777635635,0.6220346944089087,optimal,2.448266330997285,27013,54568,180664
sens-bh100,Garr200112-r0,Garr200112,trajectory,B1,12,23.993697917236943,0.5998424479309236,optimal,2.1808830110021518,27013,54568,180664
sens-bh100,Garr200112-r0,Garr200112,trajectory,B1,13,24.677684509653957,0.6169421127413489,optimal,2.0625063109982875,27013,54568,180664
sens-bh100,Garr200112-r0,Garr200112,trajectory,B1,14,24.943457318599744,0.6235864329649936,optimal,2.1974030870042043,27013,54568,180664
sens-bh100,Garr200112-r0,Garr200112,trajectory,B1,15,25.567996320141642,0.6391999080035411,optimal,2.1839844260030077,27013,54568,180664
sens-bh100,Garr200112-r0,Garr200112,trajectory,B1,16,24.207079661551738,0.6051769915387935,optimal,2.2432262540023657,27013,54568,180664
sens-bh100,Garr200112-r0,Garr200112,trajectory,B1,17,25.986213163127005,0.6496553290781751,optimal,2.059693012997741,27013,54568,180664
sens-bh100,Garr200112-r0,Garr200112,trajectory,B1,18,25.860471579847204,0.64651178949618,optimal,2.2619910840003286,27013,54568,180664
sens-bh100,Garr200112-r0,Garr200112,trajectory,B1,19,24.52454700304281,0.6131136750760702,optimal,2.4500450269988505,27013,54568,180664
sens-bh100,Garr200112-r0,Garr200112,trajectory,B1,20,24.73576662919511,0.6183941657298777,optimal,2.5127065390042844,27013,54568,180664
sens-bh100,Garr200112-r0,Garr200112,trajectory,B1,21,26.05489922567972,0.6513724806419929,optimal,2.4980856269976357,27013,54568,180664
sens-bh100,Garr200112-r0,Garr200112,trajectory,B1,22,24.79522512491977,0.6198806281229943,optimal,2.0761032739974326,27013,54568,180664
sens-bh100,Garr200112-r0,Garr200112,trajectory,B1,23,24.307105977786225,0.6076776494446556,optimal,2.5068276999954833,27013,54568,180664
sens-bh100,Garr200112-r0,Garr200112,trajectory,B1,24,24.553474983370435,0.6138368745842608,optimal,2.231286170994281,27013,54568,180664
sens-bh100,Garr200112-r0,Garr200112,trajectory,B1,25,25.495464295243806,0.6373866073810952,optimal,2.2318909340028767,27013,54568,180664
sens-bh100,Garr200112-r0,Garr200112,trajectory,B1,26,26.231829788122447,0.6557957447030611,optimal,2.1015445409939275,27013,54568,180664
sens-bh100,Garr200112-r0,Garr200112,trajectory,B1,27,24.974226093381183,0.6243556523345296,optimal,2.210418198003026,27013,54568,180664
sens-bh100,Garr200112-r0,Garr200112,trajectory,B1,28,25.58432852490304,0.639608213122576,optimal,2.272050168001442,27013,54568,180664
sens-bh100,Garr200112-r0,Garr200112,trajectory,B1,29,25.096454639793283,0.627411365994832,optimal,2.2369994370019413,27013,54568,180664
sens-bh100,Garr200404-r0,Garr200404,trajectory,B1,0,30.427786835402344,0.7606946708850586,optimal,1.9976328419943457,28740,58285,193847
sens-bh100,Garr200404-r0,Garr200404,trajectory,B1,1,29.255784966629154,0.7313946241657289,optimal,2.0804941070018685,28740,58285,193847
sens-bh100,Garr200404-r0,Garr200404,trajectory,B1,2,30.80383861427634,0.7700959653569085,optimal,2.0679947809985606,28740,58285,193847
sens-bh100,Garr200404-r0,Garr200404,trajectory,B1,3,29.040058946996393,0.7260014736749099,optimal,1.987311838005553,28740,58285,193847
sens-bh100,Garr200404-r0,Garr200404,trajectory,B1,4,29.20867935973899,0.7302169839934748,optimal,2.1383228770064306,28740,58285,193847
sens-bh100,Garr200404-r0,Garr200404,trajectory,B1,5,29.80657000014815,0.7451642500037037,optimal,2.033927523996681,28740,58285,193847
sens-bh100,Garr200404-r0,Garr200404,trajectory,B1,6,30.730248706436132,0.7682562176609034,optimal,2.005576360003033,28740,58285,193847
sens-bh100,Garr200404-r0,Garr200404,trajectory,B1,7,30.387838277132385,0.7596959569283096,optimal,1.8422491979945335,28740,58285,193847
sens-bh100,Garr200404-r0,Garr200404,trajectory,B1,8,30.664057284549344,0.7666014321137335,optimal,1.9734441499967943,28740,58285,193847
sens-bh100,Garr200404-r0,Garr200404,trajectory,B1,9,30.43127024446013,0.7607817561115032,optimal,1.9199030289964867,28740,58285,193847
sens-bh100,Garr200404-r0,Garr200404,trajectory,B1,10,29.307348069117662,0.7326837017279415,optimal,1.8881610530006583,28740,58285,193847
sens-bh100,Garr200404-r0,Garr200404,trajectory,B1,11,30.719577662807335,0.7679894415701833,optimal,2.1430744850003975,28740,58285,193847
sens-bh100,Garr200404-r0,Garr200404,trajectory,B1,12,29.803501364591813,0.7450875341147953,optimal,1.9116833570005838,28740,58285,193847
sens-bh100,Garr200404-r0,Garr200404,trajectory,B1,13,30.61289117635825,0.7653222794089563,optimal,2.0965987620002124,28740,58285,193847
sens-bh100,Garr200404-r0,Garr200404,trajectory,B1,14,30.67716310962508,0.766929077740627,optimal,2.0652652150020003,28740,58285,193847
sens-bh100,Garr200404-r0,Garr200404,trajectory,B1,15,29.11754219685452,0.727938554921363,optimal,1.92984126599913,28740,58285,193847
sens-bh100,Garr200404-r0,Garr200404,trajectory,B1,16,30.744273759932607,0.7686068439983151,optimal,2.0572823109978344,28740,58285,193847
sens-bh100,Garr200404-r0,Garr200404,trajectory,B1,17,30.78227120556154,0.7695567801390385,optimal,2.131029659001797,28740,58285,193847
sens-bh100,Garr200404-r0,Garr200404,trajectory,B1,18,30.120985027689663,0.7530246256922416,optimal,2.0384261580038583,28740,58285,193847
sens-bh100,Garr200404-r0,Garr200404,trajectory,B1,19,31.03120763335403,0.7757801908338507,optimal,1.9885196869945503,28740,58285,193847
sens-bh100,Garr200404-r0,Garr200404,trajectory,B1,20,29.75010766876082,0.7437526917190205,optimal,2.244936831993982,28740,58285,193847
sens-bh100,Garr200404-r0,Garr200404,trajectory,B1,21,30.472213917627943,0.7618053479406985,optimal,2.2993473169990466,28740,58285,193847
sens-bh100,Garr200404-r0,Garr200404,trajectory,B1,22,30.99997209068445,0.7749993022671113,optimal,2.059125767002115,28740,58285,193847
sens-bh100,Garr200404-r0,Garr200404,trajectory,B1,23,29.690255411015162,0.7422563852753791,optimal,2.047895060000883,28740,58285,193847
sens-bh100,Garr200404-r0,Garr200404,trajectory,B1,24,29.73678310972214,0.7434195777430535,optimal,2.084038563996728,28740,58285,193847
sens-bh100,Garr200404-r0,Garr200404,trajectory,B1,25,30.247880709632504,0.7561970177408126,optimal,1.9551504269984434,28740,58285,193847
sens-bh100,Garr200404-r0,Garr200404,trajectory,B1,26,30.5057694429656,0.76264423607414,optimal,2.2832747049978934,28740,58285,193847
sens-bh100,Garr200404-r0,Garr200404,trajectory,B1,27,30.023189384067923,0.750579734601698,optimal,1.9955621809931472,28740,58285,193847
sens-bh100,Garr200404-r0,Garr200404,trajectory,B1,28,30.320102632435525,0.7580025658108881,optimal,2.1542671719944337,28740,58285,193847
sens-bh100,Garr200404-r0,Garr200404,trajectory,B1,29,31.129330255691855,0.7782332563922963,optimal,2.3829618909949204,28740,58285,193847
sens-bh100,Marwan-r0,Marwan,trajectory,B1,0,20.860773505445806,0.5215193376361451,optimal,4.139213700000255,34994,57106,216147
sens-bh100,Marwan-r0,Marwan,trajectory,B1,1,23.003170748328166,0.5750792687082041,optimal,4.073882600998331,34994,57106,216147
sens-bh100,Marwan-r0,Marwan,trajectory,B1,2,21.431163247822457,0.5357790811955614,optimal,5.014005020006152,34994,57106,216147
sens-bh100,Marwan-r0,Marwan,trajectory,B1,3,21.009848723295868,0.5252462180823967,optimal,3.944974022997485,34994,57106,216147
sens-bh100,Marwan-r0,Marwan,trajectory,B1,4,22.20309070890494,0.5550772677226236,optimal,4.138615417999972,34994,57106,216147
sens-bh100,Marwan-r0,Marwan,trajectory,B1,5,21.963883344166,0.54909708360415,optimal,3.8336048840064905,34994,57106,216147
sens-bh100,Marwan-r0,Marwan,trajectory,B1,6,20.93188065957347,0.5232970164893367,optimal,4.313424514999497,34994,57106,216147
sens-bh100,Marwan-r0,Marwan,trajectory,B1,7,21.33294087827952,0.533323521956988,optimal,3.9125016870020772,34994,57106,216147
sens-bh100,Marwan-r0,Marwan,trajectory,B1,8,21.851849769463527,0.5462962442365882,optimal,6.167710155001259,34994,57106,216147
sens-bh100,Marwan-r0,Marwan,trajectory,B1,9,21.954248264912028,0.5488562066228007,optimal,4.477673250003136,34994,57106,216147
sens-bh100,Marwan-r0,Marwan,trajectory,B1,10,23.163632992824436,0.5790908248206109,optimal,4.376956345004146,34994,57106,216147
sens-bh100,Marwan-r0,Marwan,trajectory,B1,11,21.762787522272255,0.5440696880568063,optimal,3.827888826999697,34994,57106,216147
sens-bh100,Marwan-r0,Marwan,trajectory,B1,12,22.96272258975419,0.5740680647438547,optimal,4.434802219999256,34994,57106,216147
sens-bh100,Marwan-r0,Marwan,trajectory,B1,13,23.291099030642137,0.5822774757660534,optimal,4.183207030000631,34994,57106,216147
sens-bh100,Marwan-r0,Marwan,trajectory,B1,14,20.992541482642995,0.5248135370660749,optimal,3.768639929003257,34994,57106,216147
sens-bh100,Marwan-r0,Marwan,trajectory,B1,15,20.03138842389265,0.5007847105973162,optimal,3.3591208559955703,34994,57106,216147
sens-bh100,Marwan-r0,Marwan,trajectory,B1,16,22.4059503895765,0.5601487597394125,optimal,3.950131396006327,34994,57106,216147
sens-bh100,Marwan-r0,Marwan,trajectory,B1,17,22.652676903030923,0.566316922575773,optimal,4.441846835004981,34994,57106,216147
sens-bh100,Marwan-r0,Marwan,trajectory,B1,18,23.23527783094072,0.580881945773518,optimal,5.537795331998495,34994,57106,216147
sens-bh100,Marwan-r0,Marwan,trajectory,B1,19,22.558217813389156,0.5639554453347289,optimal,3.7400708469940582,34994,57106,216147
sens-bh100,Marwan-r0,Marwan,trajectory,B1,20,21.663280507364806,0.5415820126841202,optimal,4.7759825800021645,34994,57106,216147
sens-bh100,Marwan-r0,Marwan,trajectory,B1,21,22.52737439132948,0.563184359783237,optimal,5.029914818005636,34994,57106,216147
sens-bh100,Marwan-r0,Marwan,trajectory,B1,22,21.189007613340063,0.5297251903335016,optimal,4.014652926998679,34994,57106,216147
sens-bh100,Marwan-r0,Marwan,trajectory,B1,23,22.147832773555937,0.5536958193388984,optimal,4.76710959400225,34994,57106,216147
sens-bh100,Marwan-r0,Marwan,trajectory,B1,24,21.44992894001241,0.5362482235003102,optimal,4.25628088999656,34994,57106,216147
sens-bh100,Marwan-r0,Marwan,trajectory,B1,25,21.360644806220712,0.5340161201555178,optimal,4.533220027995412,34994,57106,216147
sens-bh100,Marwan-r0,Marwan,trajectory,B1,26,21.49092140217533,0.5372730350543833,optimal,4.128706803996465,34994,57106,216147
sens-bh100,Marwan-r0,Marwan,trajectory,B1,27,22.409709497732564,0.5602427374433141,optimal,3.210669510997832,34994,57106,216147
sens-bh100,Marwan-r0,Marwan,trajectory,B1,28,22.2542887220896,0.55635721805224,optimal,4.507726572002866,34994,57106,216147
sens-bh100,Marwan-r0,Marwan,trajectory,B1,29,22.693541267185722,0.5673385316796431,optimal,3.8197888100039563,34994,57106,216147
sens-btot05,Agis-r0,Agis,trajectory,B1,0,22.957206913106532,0.5739301728276633,optimal,2.4660014859982766,32573,55737,207855
sens-btot05,Agis-r0,Agis,trajectory,B1,1,23.833668622777726,0.5958417155694431,optimal,2.717299315998389,32573,55737,207855
sens-btot05,Agis-r0,Agis,trajectory,B1,2,24.59271942298987,0.6148179855747468,optimal,2.4062405710064922,32573,55737,207855
sens-btot05,Agis-r0,Agis,trajectory,B1,3,22.440157826625768,0.5610039456656442,optimal,2.4314763029979076,32573,55737,207855
sens-btot05,Agis-r0,Agis,trajectory,B1,4,23.157952159206058,0.5789488039801515,optimal,2.9240760350003256,32573,55737,207855
sens-btot05,Agis-r0,Agis,trajectory,B1,5,22.86963008824511,0.5717407522061277,optimal,2.3748354499985,32573,55737,207855
sens-btot05,Agis-r0,Agis,trajectory,B1,6,23.44615738641415,0.5861539346603537,optimal,2.9083929670014186,32573,55737,207855
sens-btot05,Agis-r0,Agis,trajectory,B1,7,23.103705030138016,0.5775926257534504,optimal,3.0449057049991097,32573,55737,207855
sens-btot05,Agis-r0,Agis,trajectory,B1,8,23.53829493238294,0.5884573733095735,optimal,2.4762911299985717,32573,55737,207855
sens-btot05,Agis-r0,Agis,trajectory,B1,9,23.235945589036834,0.5808986397259208,optimal,2.6668586490050075,32573,55737,207855
sens-btot05,Agis-r0,Agis,trajectory,B1,10,23.67655193795813,0.5919137984489533,optimal,2.88221849600086,32573,55737,207855
sens-btot05,Agis-r0,Agis,trajectory,B1,11,23.314701329631927,0.5828675332407982,optimal,3.0302794289964368,32573,55737,207855
sens-btot05,Agis-r0,Agis,trajectory,B1,12,23.434015082740803,0.5858503770685201,optimal,2.2694478490011534,32573,55737,207855
sens-btot05,Agis-r0,Agis,trajectory,B1,13,22.527517496385588,0.5631879374096397,optimal,2.190160095997271,32573,55737,207855
sens-btot05,Agis-r0,Agis,trajectory,B1,14,22.992709830011727,0.5748177457502932,optimal,2.2320218099994236,32573,55737,207855
sens-btot05,Agis-r0,Agis,trajectory,B1,15,23.464618119970943,0.5866154529992735,optimal,2.9367375840010936,32573,55737,207855
sens-btot05,Agis-r0,Agis,trajectory,B1,16,23.475394867626257,0.5868848716906564,optimal,2.7662252730006003,32573,55737,207855
sens-btot05,Agis-r0,Agis,trajectory,B1,17,22.710216029019634,0.5677554007254908,optimal,2.2440584450014285,32573,55737,207855
sens-btot05,Agis-r0,Agis,trajectory,B1,18,22.984694903812855,0.5746173725953214,optimal,3.0464651649963344,32573,55737,207855
sens-btot05,Agis-r0,Agis,trajectory,B1,19,22.890360337069367,0.5722590084267342,optimal,2.3457416460005334,32573,55737,207855
sens-btot05,Agis-r0,Agis,trajectory,B1,20,22.99075939311224,0.5747689848278059,optimal,2.4654103339998983,32573,55737,207855
sens-btot05,Agis-r0,Agis,trajectory,B1,21,23.582018003851573,0.5895504500962894,optimal,2.8424126230020192,32573,55737,207855
sens-btot05,Agis-r0,Agis,trajectory,B1,22,24.261911158622386,0.6065477789655597,optimal,2.5183142219975707,32573,55737,207855
sens-btot05,Agis-r0,Agis,trajectory,B1,23,23.28608554196668,0.582152138549167,optimal,2.3251739219995216,32573,55737,207855
sens-btot05,Agis-r0,Agis,trajectory,B1,24,23.804441576883498,0.5951110394220874,optimal,2.741503241995815,32573,55737,207855
sens-btot05,Agis-r0,Agis,trajectory,B1,25,22.521191871940196,0.563029796798505,optimal,2.339607675996376,32573,55737,207855
sens-btot05,Agis-r0,Agis,trajectory,B1,26,22.435016610751,0.5608754152687749,optimal,2.798371735996625,32573,55737,207855
sens-btot05,Agis-r0,Agis,trajectory,B1,27,23.807752690958928,0.5951938172739732,optimal,2.7966630429946235,32573,55737,207855
sens-btot05,Agis-r0,Agis,trajectory,B1,28,22.571296546043293,0.5642824136510823,optimal,2.3511551230039913,32573,55737,207855
sens-btot05,Agis-r0,Agis,trajectory,B1,29,22.958969485100127,0.5739742371275032,optimal,2.1950115979998372,32573,55737,207855
sens-btot05,Belnet2008-r0,Belnet2008,trajectory,B1,0,29.48771027324534,0.7371927568311335,optimal,3.526296301999537,32073,61022,200759
sens-btot05,Belnet2008-r0,Belnet2008,trajectory,B1,1,27.665601294761263,0.6916400323690316,optimal,4.0361158559971955,32073,61022,200759
sens-btot05,Belnet2008-r0,Belnet2008,trajectory,B1,2,28.48103651950457,0.7120259129876143,optimal,3.986443005996989,32073,61022,200759
sens-btot05,Belnet2008-r0,Belnet2008,trajectory,B1,3,28.606419395204043,0.7151604848801011,optimal,4.211692479002522,32073,61022,200759
sens-btot05,Belnet2008-r0,Belnet2008,trajectory,B1,4,28.28689479021325,0.7071723697553313,optimal,3.7067730050039245,32073,61022,200759
sens-btot05,Belnet2008-r0,Belnet2008,trajectory,B1,5,28.648141708058517,0.7162035427014629,optimal,3.7625258000043686,32073,61022,200759
sens-btot05,Belnet2008-r0,Belnet2008,trajectory,B1,6,28.457973757330713,0.7114493439332679,optimal,3.451884775997314,32073,61022,200759
sens-btot05,Belnet2008-r0,Belnet2008,trajectory,B1,7,28.027179526759724,0.7006794881689931,optimal,4.051357404998271,32073,61022,200759
sens-btot05,Belnet2008-r0,Belnet2008,trajectory,B1,8,28.86474610598242,0.7216186526495605,optimal,3.687798971994198,32073,61022,200759
sens-btot05,Belnet2008-r0,Belnet2008,trajectory,B1,9,28.98842121400305,0.7247105303500763,optimal,4.817216463998193,32073,61022,200759
sens-btot05,Belnet2008-r0,Belnet2008,trajectory,B1,10,29.41507089904356,0.735376772476089,optimal,4.126246088002517,32073,61022,200759
sens-btot05,Belnet2008-r0,Belnet2008,trajectory,B1,11,29.12496458958384,0.728124114739596,optimal,4.346014392998768,32073,61022,200759
sens-btot05,Belnet2008-r0,Belnet2008,trajectory,B1,12,29.48098818097675,0.7370247045244187,optimal,4.686332577999565,32073,61022,200759
sens-btot05,Belnet2008-r0,Belnet2008,trajectory,B1,13,29.589344577197778,0.7397336144299445,optimal,4.1918714420025935,32073,61022,200759
sens-btot05,Belnet2008-r0,Belnet2008,trajectory,B1,14,28.68070078980968,0.717017519745242,optimal,3.791700714995386,32073,61022,200759
sens-btot05,Belnet2008-r0,Belnet2008,trajectory,B1,15,28.85156309449631,0.7212890773624078,optimal,3.7823851550056133,32073,61022,200759
sens-btot05,Belnet2008-r0,Belnet2008,trajectory,B1,16,29.808135090459064,0.7452033772614766,optimal,4.287400212000648,32073,61022,200759
sens-btot05,Belnet2008-r0,Belnet2008,trajectory,B1,17,28.252609157592286,0.7063152289398071,optimal,3.877081669998006,32073,61022,200759
sens-btot05,Belnet2008-r0,Belnet2008,trajectory,B1,18,28.880056910269232,0.7220014227567308,optimal,3.618006286000309,32073,61022,200759
sens-btot05,Belnet2008-r0,Belnet2008,trajectory,B1,19,29.055472806835624,0.7263868201708906,optimal,4.6621272400007,32073,61022,200759
sens-btot05,Belnet2008-r0,Belnet2008,trajectory,B1,20,27.77977350454555,0.6944943376136388,optimal,3.654709942995396,32073,61022,200759
sens-btot05,Belnet2008-r0,Belnet2008,trajectory,B1,21,28.3181444820665,0.7079536120516625,optimal,3.3923052640020614,32073,61022,200759
sens-btot05,Belnet2008-r0,Belnet2008,trajectory,B1,22,29.084804924059114,0.7271201231014779,optimal,4.113242113002343,32073,61022,200759
sens-btot05,Belnet2008-r0,Belnet2008,trajectory,B1,23,28.15422303230475,0.7038555758076187,optimal,3.6241598050037283,32073,61022,200759
sens-btot05,Belnet2008-r0,Belnet2008,trajectory,B1,24,27.976150513744045,0.6994037628436012,optimal,3.875820085995656,32073,61022,200759
sens-btot05,Belnet2008-r0,Belnet2008,trajectory,B1,25,29.54871692126212,0.738717923031553,optimal,5.176532953999413,32073,61022,200759
sens-btot05,Belnet2008-r0,Belnet2008,trajectory,B1,26,28.74468452596985,0.7186171131492463,optimal,3.5881018500003847,32073,61022,200759
sens-btot05,Belnet2008-r0,Belnet2008,trajectory,B1,27,28.542364344927563,0.713559108623189,optimal,3.5537656849992345,32073,61022,200759
sens-btot05,Belnet2008-r0,Belnet2008,trajectory,B1,28,28.178721252359786,0.7044680313089946,optimal,3.668613756999548,32073,61022,200759
sens-btot05,Belnet2008-r0,Belnet2008,trajectory,B1,29,28.66990901775831,0.7167477254439578,optimal,4.082510538995848,32073,61022,200759
sens-btot05,BsonetEurope-r0,BsonetEurope,trajectory,B1,0,29.319229837564393,0.7329807459391098,optimal,3.756937382000615,38907,63949,230858
sens-btot05,BsonetEurope-r0,BsonetEurope,trajectory,B1,1,28.174998627592288,0.7043749656898072,optimal,3.9234697699939716,38907,63949,230858
sens-btot05,BsonetEurope-r0,BsonetEurope,trajectory,B1,2,28.815445513512337,0.7203861378378085,optimal,3.9262611789963557,38907,63949,230858
sens-btot05,BsonetEurope-r0,BsonetEurope,trajectory,B1,3,28.559508897690677,0.7139877224422669,optimal,4.14906474500458,38907,63949,230858
sens-btot05,BsonetEurope-r0,BsonetEurope,trajectory,B1,4,29.156394870522973,0.7289098717630743,optimal,3.6669261490023928,38907,63949,230858
sens-btot05,BsonetEurope-r0,BsonetEurope,trajectory,B1,5,28.74080193573849,0.7185200483934622,optimal,3.9667903219960863,38907,63949,230858
sens-btot05,BsonetEurope-r0,BsonetEurope,trajectory,B1,6,28.19423848474541,0.7048559621186352,optimal,3.522732701996574,38907,63949,230858
sens-btot05,BsonetEurope-r0,BsonetEurope,trajectory,B1,7,28.45943808991327,0.7114859522478317,optimal,3.9526494200035813,38907,63949,230858
sens-btot05,BsonetEurope-r0,BsonetEurope,trajectory,B1,8,27.88505520420964,0.697126380105241,optimal,4.034883913998783,38907,63949,230858
sens-btot05,BsonetEurope-r0,BsonetEurope,trajectory,B1,9,28.436809931061248,0.7109202482765312,optimal,3.8833570839997265,38907,63949,230858
sens-btot05,BsonetEurope-r0,BsonetEurope,trajectory,B1,10,27.452494266087015,0.6863123566521754,optimal,4.172799412001041,38907,63949,230858
sens-btot05,BsonetEurope-r0,BsonetEurope,trajectory,B1,11,28.313338454082242,0.707833461352056,optimal,3.8673494550021132,38907,63949,230858
sens-btot05,BsonetEurope-r0,BsonetEurope,trajectory,B1,12,28.43120479096614,0.7107801197741536,optimal,3.7517717860027915,38907,63949,230858
sens-btot05,BsonetEurope-r0,BsonetEurope,trajectory,B1,13,29.19901793615028,0.729975448403757,optimal,3.525275692998548,38907,63949,230858
sens-btot05,BsonetEurope-r0,BsonetEurope,trajectory,B1,14,28.957551025184443,0.7239387756296111,optimal,4.4723335259986925,38907,63949,230858
sens-btot05,BsonetEurope-r0,BsonetEurope,trajectory,B1,15,29.01979609907465,0.7254949024768662,optimal,3.461644735005393,38907,63949,230858
sens-btot05,BsonetEurope-r0,BsonetEurope,trajectory,B1,16,28.98288633634417,0.7245721584086042,optimal,4.395839978998993,38907,63949,230858
sens-btot05,BsonetEurope-r0,BsonetEurope,trajectory,B1,17,29.389634352645515,0.7347408588161379,optimal,4.139337987995532,38907,63949,230858
sens-btot05,BsonetEurope-r0,BsonetEurope,trajectory,B1,18,29.254124375469246,0.7313531093867311,optimal,4.765422203003254,38907,63949,230858
sens-btot05,BsonetEurope-r0,BsonetEurope,trajectory,B1,19,29.19121950953311,0.7297804877383277,optimal,4.594999084001756,38907,63949,230858
sens-btot05,BsonetEurope-r0,BsonetEurope,trajectory,B1,20,28.914581221259432,0.7228645305314858,optimal,3.4366329289987334,38907,63949,230858
sens-btot05,BsonetEurope-r0,BsonetEurope,trajectory,B1,21,28.620439427759138,0.7155109856939784,optimal,3.4535697600003914,38907,63949,230858
sens-btot05,BsonetEurope-r0,BsonetEurope,trajectory,B1,22,29.035559577763415,0.7258889894440854,optimal,3.54888830800337,38907,63949,230858
sens-btot05,BsonetEurope-r0,BsonetEurope,trajectory,B1,23,28.62456054590555,0.7156140136476388,optimal,3.446808330998465,38907,63949,230858
sens-btot05,BsonetEurope-r0,BsonetEurope,trajectory,B1,24,27.563610648262312,0.6890902662065578,optimal,3.630151612996997,38907,63949,230858
sens-btot05,BsonetEurope-r0,BsonetEurope,trajectory,B1,25,28.211243000941966,0.7052810750235492,optimal,3.6490585829960764,38907,63949,230858
sens-btot05,BsonetEurope-r0,BsonetEurope,trajectory,B1,26,28.97160078191582,0.7242900195478955,optimal,4.028925054000865,38907,63949,230858
sens-btot05,BsonetEurope-r0,BsonetEurope,trajectory,B1,27,28.50755165095972,0.712688791273993,optimal,3.8197569370022393,38907,63949,230858
sens-btot05,BsonetEurope-r0,BsonetEurope,trajectory,B1,28,29.24810495981175,0.7312026239952938,optimal,3.652497889001097,38907,63949,230858
sens-btot05,BsonetEurope-r0,BsonetEurope,trajectory,B1,29,27.665383643841157,0.6916345910960289,optimal,3.5262257089998457,38907,63949,230858
sens-btot05,BtNorthAmerica-r0,BtNorthAmerica,trajectory,B1,0,21.840049754389984,0.5460012438597496,optimal,3.4434110349975526,37055,65225,228363
sens-btot05,BtNorthAmerica-r0,BtNorthAmerica,trajectory,B1,1,24.427991703456325,0.6106997925864082,optimal,3.452518603000499,37055,65225,228363
sens-btot05,BtNorthAmerica-r0,BtNorthAmerica,trajectory,B1,2,22.46414065258131,0.5616035163145328,optimal,3.9058311820044764,37055,65225,228363
sens-btot05,BtNorthAmerica-r0,BtNorthAmerica,trajectory,B1,3,23.129443898310058,0.5782360974577514,optimal,3.6051779730041744,37055,65225,228363
sens-btot05,BtNorthAmerica-r0,BtNorthAmerica,trajectory,B1,4,22.59306834952162,0.5648267087380405,optimal,3.8364331780030625,37055,65225,228363
sens-btot05,BtNorthAmerica-r0,BtNorthAmerica,trajectory,B1,5,22.793002387431766,0.5698250596857941,optimal,3.914920261995576,37055,65225,228363
sens-btot05,BtNorthAmerica-r0,BtNorthAmerica,trajectory,B1,6,23.073840546941824,0.5768460136735456,optimal,4.224236249996466,37055,65225,228363
sens-btot05,BtNorthAmerica-r0,BtNorthAmerica,trajectory,B1,7,21.951835228260276,0.5487958807065069,optimal,3.7248932580041583,37055,65225,228363
sens-btot05,BtNorthAmerica-r0,BtNorthAmerica,trajectory,B1,8,23.36683212327273,0.5841708030818182,optimal,3.9547464799979934,37055,65225,228363
sens-btot05,BtNorthAmerica-r0,BtNorthAmerica,trajectory,B1,9,23.57668275637219,0.5894170689093048,optimal,3.5051685420039576,37055,65225,228363
sens-btot05,BtNorthAmerica-r0,BtNorthAmerica,trajectory,B1,10,22.13734502124347,0.5534336255310868,optimal,3.708015127995168,37055,65225,228363
sens-btot05,BtNorthAmerica-r0,BtNorthAmerica,trajectory,B1,11,23.088103744571562,0.577202593614289,optimal,3.4567859469971154,37055,65225,228363
sens-btot05,BtNorthAmerica-r0,BtNorthAmerica,trajectory,B1,12,23.51412226063585,0.5878530565158963,optimal,4.083033212002192,37055,65225,228363
sens-btot05,BtNorthAmerica-r0,BtNorthAmerica,trajectory,B1,13,23.02887924014797,0.5757219810036992,optimal,3.4319364719995065,37055,65225,228363
sens-btot05,BtNorthAmerica-r0,BtNorthAmerica,trajectory,B1,14,22.00466335947254,0.5501165839868135,optimal,3.9952030860004015,37055,65225,228363
sens-btot05,BtNorthAmerica-r0,BtNorthAmerica,trajectory,B1,15,22.244879851715673,0.5561219962928918,optimal,3.8193115910034976,37055,65225,228363
sens-btot05,BtNorthAmerica-r0,BtNorthAmerica,trajectory,B1,16,22.545334622931733,0.5636333655732934,optimal,3.6516635259977193,37055,65225,228363
sens-btot05,BtNorthAmerica-r0,BtNorthAmerica,trajectory,B1,17,22.374442861224267,0.5593610715306067,optimal,3.5508035579987336,37055,65225,228363
sens-btot05,BtNorthAmerica-r0,BtNorthAmerica,trajectory,B1,18,21.7127372464898,0.542818431162245,optimal,3.5571933050014195,37055,65225,228363
sens-btot05,BtNorthAmerica-r0,BtNorthAmerica,trajectory,B1,19,22.363572333996732,0.5590893083499183,optimal,3.8446210479960428,37055,65225,228363
sens-btot05,BtNorthAmerica-r0,BtNorthAmerica,trajectory,B1,20,23.532323462159994,0.5883080865539998,optimal,3.4280547449961887,37055,65225,228363
sens-btot05,BtNorthAmerica-r0,BtNorthAmerica,trajectory,B1,21,22.683708348466602,0.5670927087116651,optimal,3.6212983549994533,37055,65225,228363
sens-btot05,BtNorthAmerica-r0,BtNorthAmerica,trajectory,B1,22,22.33648475182955,0.5584121187957387,optimal,3.460183153001708,37055,65225,228363
sens-btot05,BtNorthAmerica-r0,BtNorthAmerica,trajectory,B1,23,24.45208338905605,0.6113020847264012,optimal,4.035552233006456,37055,65225,228363
sens-btot05,BtNorthAmerica-r0,BtNorthAmerica,trajectory,B1,24,23.071620657456137,0.5767905164364034,optimal,3.6279745569991064,37055,65225,228363
sens-btot05,BtNorthAmerica-r0,BtNorthAmerica,trajectory,B1,25,22.092396563166645,0.5523099140791661,optimal,3.59155521899811,37055,65225,228363
sens-btot05,BtNorthAmerica-r0,BtNorthAmerica,trajectory,B1,26,22.80316587829868,0.5700791469574671,optimal,3.5570658770011505,37055,65225,228363
sens-btot05,BtNorthAmerica-r0,BtNorthAmerica,trajectory,B1,27,22.655088306432063,0.5663772076608016,optimal,3.623247673000151,37055,65225,228363
sens-btot05,BtNorthAmerica-r0,BtNorthAmerica,trajectory,B1,28,21.368696336412054,0.5342174084103013,optimal,3.6508119110003463,37055,65225,228363
sens-btot05,BtNorthAmerica-r0,BtNorthAmerica,trajectory,B1,29,22.680573193266536,0.5670143298316634,optimal,3.488290455999959,37055,65225,228363
sens-btot05,Cesnet200603-r0,Cesnet200603,trajectory,B1,0,20.855489479427895,0.5213872369856973,optimal,3.357026079997013,38905,69110,237082
sens-btot05,Cesnet200603-r0,Cesnet200603,trajectory,B1,1,22.468799821711364,0.5617199955427841,optimal,3.14818939199904,38905,69110,237082
sens-btot05,Cesnet200603-r0,Cesnet200603,trajectory,B1,2,21.550479560092484,0.5387619890023121,optimal,3.525652607997472,38905,69110,237082
sens-btot05,Cesnet200603-r0,Cesnet200603,trajectory,B1,3,21.20321805228016,0.530080451307004,optimal,2.8689279620011803,38905,69110,237082
sens-btot05,Cesnet200603-r0,Cesnet200603,trajectory,B1,4,21.612687498998795,0.5403171874749699,optimal,2.759708484998555,38905,69110,237082
sens-btot05,Cesnet200603-r0,Cesnet200603,trajectory,B1,5,21.733923392842016,0.5433480848210503,optimal,2.808275950999814,38905,69110,237082
sens-btot05,Cesnet200603-r0,Cesnet200603,trajectory,B1,6,20.953747678890505,0.5238436919722627,optimal,2.7720285750037874,38905,69110,237082
sens-btot05,Cesnet200603-r0,Cesnet200603,trajectory,B1,7,21.842463246570393,0.5460615811642598,optimal,2.9494774069971754,38905,69110,237082
sens-btot05,Cesnet200603-r0,Cesnet200603,trajectory,B1,8,21.346287538227354,0.5336571884556839,optimal,2.8611053279964835,38905,69110,237082
sens-btot05,Cesnet200603-r0,Cesnet200603,trajectory,B1,9,21.23549055401485,0.5308872638503712,optimal,2.8333072300010826,38905,69110,237082
sens-btot05,Cesnet200603-r0,Cesnet200603,trajectory,B1,10,22.252545313275107,0.5563136328318776,optimal,3.191658821000601,38905,69110,237082
sens-btot05,Cesnet200603-r0,Cesnet200603,trajectory,B1,11,21.300453025665064,0.5325113256416266,optimal,3.133442382000794,38905,69110,237082
sens-btot05,Cesnet200603-r0,Cesnet200603,trajectory,B1,12,21.672276889613872,0.5418069222403468,optimal,3.205403751999256,38905,69110,237082
sens-btot05,Cesnet200603-r0,Cesnet200603,trajectory,B1,13,22.408412551540817,0.5602103137885204,optimal,3.2410781099970336,38905,69110,237082
sens-btot05,Cesnet200603-r0,Cesnet200603,trajectory,B1,14,21.651049934855752,0.5412762483713938,optimal,3.585791767000046,38905,69110,237082
sens-btot05,Cesnet200603-r0,Cesnet200603,trajectory,B1,15,20.965703738107972,0.5241425934526993,optimal,2.552263273006247,38905,69110,237082
sens-btot05,Cesnet200603-r0,Cesnet200603,trajectory,B1,16,21.216510080966984,0.5304127520241746,optimal,2.9409041330000036,38905,69110,237082
sens-btot05,Cesnet200603-r0,Cesnet200603,trajectory,B1,17,20.08482196772468,0.502120549193117,optimal,3.5545244790046127,38905,69110,237082
sens-btot05,Cesnet200603-r0,Cesnet200603,trajectory,B1,18,20.67293965289697,0.5168234913224243,optimal,2.8130933249994996,38905,69110,237082
sens-btot05,Cesnet200603-r0,Cesnet200603,trajectory,B1,19,21.838815740733256,0.5459703935183314,optimal,3.762602169001184,38905,69110,237082
sens-btot05,Cesnet200603-r0,Cesnet200603,trajectory,B1,20,21.890305184651638,0.547257629616291,optimal,3.3071678089982015,38905,69110,237082
sens-btot05,Cesnet200603-r0,Cesnet200603,trajectory,B1,21,21.693747155073304,0.5423436788768325,optimal,3.0869106840036693,38905,69110,237082
sens-btot05,Cesnet200603-r0,Cesnet200603,trajectory,B1,22,21.3712562729198,0.5342814068229951,optimal,2.5840073139988817,38905,69110,237082
sens-btot05,Cesnet200603-r0,Cesnet200603,trajectory,B1,23,21.05310679374559,0.5263276698436398,optimal,3.0274270820009406,38905,69110,237082
sens-btot05,Cesnet200603-r0,Cesnet200603,trajectory,B1,24,21.69917746653663,0.5424794366634157,optimal,3.047874596006295,38905,69110,237082
sens-btot05,Cesnet200603-r0,Cesnet200603,trajectory,B1,25,21.70454164452638,0.5426135411131595,optimal,2.884078852002858,38905,69110,237082
sens-btot05,Cesnet200603-r0,Cesnet200603,trajectory,B1,26,21.491345332551113,0.5372836333137778,optimal,3.0395434829988517,38905,69110,237082
sens-btot05,Cesnet200603-r0,Cesnet200603,trajectory,B1,27,21.74566422552639,0.5436416056381598,optimal,2.91328582999995,38905,69110,237082
sens-btot05,Cesnet200603-r0,Cesnet200603,trajectory,B1,28,22.43932646813576,0.560983161703394,optimal,2.9044406410030206,38905,69110,237082
sens-btot05,Cesnet200603-r0,Cesnet200603,trajectory,B1,29,20.94234949929522,0.5235587374823805,optimal,3.1512641709996387,38905,69110,237082
sens-btot05,Digex-r0,Digex,trajectory,B1,0,23.603638025648507,0.5900909506412126,optimal,6.724434281997674,65780,99610,327354
sens-btot05,Digex-r0,Digex,trajectory,B1,1,24.755677130223884,0.6188919282555971,optimal,7.140929467001115,65780,99610,327354
sens-btot05,Digex-r0,Digex,trajectory,B1,2,24.794572625092723,0.619864315627318,optimal,6.067661606997717,65780,99610,327354
sens-btot05,Digex-r0,Digex,trajectory,B1,3,24.352020921538355,0.6088005230384589,optimal,6.345112910006719,65780,99610,327354
sens-btot05,Digex-r0,Digex,trajectory,B1,4,25.231811914260067,0.6307952978565017,optimal,6.597339640000428,65780,99610,327354
sens-btot05,Digex-r0,Digex,trajectory,B1,5,24.067762113095096,0.6016940528273774,optimal,6.556541179998021,65780,99610,327354
sens-btot05,Digex-r0,Digex,trajectory,B1,6,24.70154992115489,0.6175387480288722,optimal,6.452477054001065,65780,99610,327354
sens-btot05,Digex-r0,Digex,trajectory,B1,7,24.05046987198589,0.6012617467996473,optimal,6.45006332200137,65780,99610,327354
sens-btot05,Digex-r0,Digex,trajectory,B1,8,24.69710817699886,0.6174277044249715,optimal,6.9932582630062825,65780,99610,327354
sens-btot05,Digex-r0,Digex,trajectory,B1,9,24.476619808792197,0.6119154952198049,optimal,7.049555252997379,65780,99610,327354
sens-btot05,Digex-r0,Digex,trajectory,B1,10,22.957560395209583,0.5739390098802396,optimal,6.5634277049975935,65780,99610,327354
sens-btot05,Digex-r0,Digex,trajectory,B1,11,23.59571254529666,0.5898928136324165,optimal,6.71251107200078,65780,99610,327354
sens-btot05,Digex-r0,Digex,trajectory,B1,12,25.774133336786097,0.6443533334196524,optimal,7.259129465004662,65780,99610,327354
sens-btot05,Digex-r0,Digex,trajectory,B1,13,24.89517633738683,0.6223794084346708,optimal,7.566183296003146,65780,99610,327354
sens-btot05,Digex-r0,Digex,trajectory,B1,14,23.123831333479444,0.5780957833369861,optimal,6.702378434994898,65780,99610,327354
sens-btot05,Digex-r0,Digex,trajectory,B1,15,24.64016054036209,0.6160040135090522,optimal,6.674221872999624,65780,99610,327354
sens-btot05,Digex-r0,Digex,trajectory,B1,16,24.364288054183454,0.6091072013545864,optimal,6.715434366000409,65780,99610,327354
sens-btot05,Digex-r0,Digex,trajectory,B1,17,25.48412319623312,0.637103079905828,optimal,7.63022747800278,65780,99610,327354
sens-btot05,Digex-r0,Digex,trajectory,B1,18,23.92952001702738,0.5982380004256844,optimal,7.118654641999456,65780,99610,327354
sens-btot05,Digex-r0,Digex,trajectory,B1,19,23.837013244231372,0.5959253311057843,optimal,6.80357858100615,65780,99610,327354
sens-btot05,Digex-r0,Digex,trajectory,B1,20,24.018362835920758,0.600459070898019,optimal,6.399253797993879,65780,99610,327354
sens-btot05,Digex-r0,Digex,trajectory,B1,21,23.932324159020315,0.5983081039755078,optimal,6.450648550999176,65780,99610,327354
sens-btot05,Digex-r0,Digex,trajectory,B1,22,24.763135445792773,0.6190783861448194,optimal,7.823512158000085,65780,99610,327354
sens-btot05,Digex-r0,Digex,trajectory,B1,23,23.776476909817752,0.5944119227454439,optimal,7.747040246002143,65780,99610,327354
sens-btot05,Digex-r0,Digex,trajectory,B1,24,24.705972600494132,0.6176493150123533,optimal,6.681218614998215,65780,99610,327354
sens-btot05,Digex-r0,Digex,trajectory,B1,25,25.301918276126827,0.6325479569031707,optimal,7.74295934499969,65780,99610,327354
sens-btot05,Digex-r0,Digex,trajectory,B1,26,24.677870968738567,0.6169467742184642,optimal,6.947251112003869,65780,99610,327354
sens-btot05,Digex-r0,Digex,trajectory,B1,27,24.076159120218083,0.601903978005452,optimal,7.871847629001422,65780,99610,327354
sens-btot05,Digex-r0,Digex,trajectory,B1,28,25.12506704681326,0.6281266761703315,optimal,7.348606382998696,65780,99610,327354
sens-btot05,Digex-r0,Digex,trajectory,B1,29,24.320195059909842,0.608004876497746,optimal,6.474422093997418,65780,99610,327354
sens-btot05,Easynet-r0,Easynet,trajectory,B1,0,12.264897842840647,0.3066224460710162,optimal,3.791469899995718,37597,61208,229684
sens-btot05,Easynet-r0,Easynet,trajectory,B1,1,11.920615538265874,0.2980153884566469,optimal,3.182483869000862,37597,61208,229684
sens-btot05,Easynet-r0,Easynet,trajectory,B1,2,10.487751548191675,0.2621937887047919,optimal,3.14310100399598,37597,61208,229684
sens-btot05,Easynet-r0,Easynet,trajectory,B1,3,11.746702937175076,0.2936675734293769,optimal,3.228296152999974,37597,61208,229684
sens-btot05,Easynet-r0,Easynet,trajectory,B1,4,11.518733013993149,0.28796832534982875,optimal,3.7425951109980815,37597,61208,229684
sens-btot05,Easynet-r0,Easynet,trajectory,B1,5,12.399207401553776,0.3099801850388444,optimal,3.3979937949989107,37597,61208,229684
sens-btot05,Easynet-r0,Easynet,trajectory,B1,6,12.083520393145141,0.30208800982862855,optimal,3.1411086049993173,37597,61208,229684
sens-btot05,Easynet-r0,Easynet,trajectory,B1,7,13.363698044754182,0.33409245111885455,optimal,3.161437078000745,37597,61208,229684
sens-btot05,Easynet-r0,Easynet,trajectory,B1,8,12.84159598681129,0.32103989967028224,optimal,3.1132515860008425,37597,61208,229684
sens-btot05,Easynet-r0,Easynet,trajectory,B1,9,11.717042813735691,0.2929260703433923,optimal,3.5440838079957757,37597,61208,229684
sens-btot05,Easynet-r0,Easynet,trajectory,B1,10,11.988389573857017,0.2997097393464254,optimal,3.6625465539982542,37597,61208,229684
sens-btot05,Easynet-r0,Easynet,trajectory,B1,11,11.81391819760166,0.2953479549400415,optimal,3.351457629003562,37597,61208,229684
sens-btot05,Easynet-r0,Easynet,trajectory,B1,12,12.44538851260415,0.31113471281510374,optimal,3.3695498980014236,37597,61208,229684
sens-btot05,Easynet-r0,Easynet,trajectory,B1,13,11.032337431763857,0.2758084357940964,optimal,3.6587652759990306,37597,61208,229684
sens-btot05,Easynet-r0,Easynet,trajectory,B1,14,13.68918692510718,0.3422296731276795,optimal,3.093846643001598,37597,61208,229684
sens-btot05,Easynet-r0,Easynet,trajectory,B1,15,12.292661092383383,0.3073165273095846,optimal,3.857944276998751,37597,61208,229684
sens-btot05,Easynet-r0,Easynet,trajectory,B1,16,11.110627726488143,0.27776569316220356,optimal,3.139251038999646,37597,61208,229684
sens-btot05,Easynet-r0,Easynet,trajectory,B1,17,12.611333681007995,0.31528334202519986,optimal,3.152625471993815,37597,61208,229684
sens-btot05,Easynet-r0,Easynet,trajectory,B1,18,12.159378201305774,0.3039844550326444,optimal,3.810752771998523,37597,61208,229684
sens-btot05,Easynet-r0,Easynet,trajectory,B1,19,11.989811558465236,0.2997452889616309,optimal,3.81362662200263,37597,61208,229684
sens-btot05,Easynet-r0,Easynet,trajectory,B1,20,12.423995066254566,0.3105998766563641,optimal,3.1791774629964493,37597,61208,229684
sens-btot05,Easynet-r0,Easynet,trajectory,B1,21,11.000956271024648,0.2750239067756162,optimal,3.0850208769988967,37597,61208,229684
sens-btot05,Easynet-r0,Easynet,trajectory,B1,22,11.403657242086775,0.2850914310521694,optimal,3.5975762240050244,37597,61208,229684
sens-btot05,Easynet-r0,Easynet,trajectory,B1,23,11.90374456433528,0.29759361410838203,optimal,3.7848953759967117,37597,61208,229684
sens-btot05,Easynet-r0,Easynet,trajectory,B1,24,11.799891687698008,0.2949972921924502,optimal,3.0349437029944966,37597,61208,229684
sens-btot05,Easynet-r0,Easynet,trajectory,B1,25,11.71955421670354,0.29298885541758846,optimal,3.320297849000781,37597,61208,229684
sens-btot05,Easynet-r0,Easynet,trajectory,B1,26,11.329363853245694,0.2832340963311423,optimal,3.3484981790024904,37597,61208,229684
sens-btot05,Easynet-r0,Easynet,trajectory,B1,27,12.107196580347908,0.3026799145086977,optimal,3.534577658996568,37597,61208,229684
sens-btot05,Easynet-r0,Easynet,trajectory,B1,28,11.833118919840638,0.29582797299601593,optimal,3.05550028700236,37597,61208,229684
sens-btot05,Easynet-r0,Easynet,trajectory,B1,29,11.192766907984316,0.2798191726996079,optimal,3.9786678480013506,37597,61208,229684
sens-btot05,Garr200112-r0,Garr200112,trajectory,B1,0,26.371225830993307,0.6592806457748327,optimal,2.9690231710046646,29323,56299,188119
sens-btot05,Garr200112-r0,Garr200112,trajectory,B1,1,26.054032417713753,0.6513508104428438,optimal,3.1595912170014344,29323,56299,188119
sens-btot05,Garr200112-r0,Garr200112,trajectory,B1,2,24.10420868660736,0.602605217165184,optimal,2.336990344003425,29323,56299,188119
sens-btot05,Garr200112-r0,Garr200112,trajectory,B1,3,27.129890690557193,0.6782472672639298,optimal,2.8919034539940185,29323,56299,188119
sens-btot05,Garr200112-r0,Garr200112,trajectory,B1,4,26.38652636067762,0.6596631590169405,optimal,2.8823360259993933,29323,56299,188119
sens-btot05,Garr200112-r0,Garr200112,trajectory,B1,5,26.079387518171284,0.6519846879542821,optimal,2.3234194530014065,29323,56299,188119
sens-btot05,Garr200112-r0,Garr200112,trajectory,B1,6,26.272909391218086,0.6568227347804522,optimal,2.8120401429987396,29323,56299,188119
sens-btot05,Garr200112-r0,Garr200112,trajectory,B1,7,26.704264395217596,0.6676066098804398,optimal,2.582266917997913,29323,56299,188119
sens-btot05,Garr200112-r0,Garr200112,trajectory,B1,8,25.69678592442441,0.6424196481106103,optimal,2.8530568160058465,29323,56299,188119
sens-btot05,Garr200112-r0,Garr200112,trajectory,B1,9,25.234756957997643,0.6308689239499411,optimal,2.196643381998001,29323,56299,188119
sens-btot05,Garr200112-r0,Garr200112,trajectory,B1,10,26.992963648474152,0.6748240912118538,optimal,2.637007444005576,29323,56299,188119
sens-btot05,Garr200112-r0,Garr200112,trajectory,B1,11,26.381444624548383,0.6595361156137096,optimal,2.5164925109929754,29323,56299,188119
sens-btot05,Garr200112-r0,Garr200112,trajectory,B1,12,24.838907779297156,0.6209726944824289,optimal,2.688352921999467,29323,56299,188119
sens-btot05,Garr200112-r0,Garr200112,trajectory,B1,13,24.589867244816034,0.6147466811204009,optimal,2.2173531750013353,29323,56299,188119
sens-btot05,Garr200112-r0,Garr200112,trajectory,B1,14,26.018904437628418,0.6504726109407104,optimal,2.569585982004355,29323,56299,188119
sens-btot05,Garr200112-r0,Garr200112,trajectory,B1,15,26.665588943607357,0.666639723590184,optimal,2.7417321059983806,29323,56299,188119
sens-btot05,Garr200112-r0,Garr200112,trajectory,B1,16,25.350648231654105,0.6337662057913527,optimal,2.135905199997069,29323,56299,188119
sens-btot05,Garr200112-r0,Garr200112,trajectory,B1,17,26.7596715783928,0.6689917894598201,optimal,2.772578935997444,29323,56299,188119
sens-btot05,Garr200112-r0,Garr200112,trajectory,B1,18,26.32291428457179,0.6580728571142948,optimal,2.5138565929955803,29323,56299,188119
sens-btot05,Garr200112-r0,Garr200112,trajectory,B1,19,25.210415485950634,0.6302603871487659,optimal,2.8545785890019033,29323,56299,188119
sens-btot05,Garr200112-r0,Garr200112,trajectory,B1,20,25.30592678394567,0.6326481695986417,optimal,2.5586118579958566,29323,56299,188119
sens-btot05,Garr200112-r0,Garr200112,trajectory,B1,21,26.52772077166949,0.6631930192917372,optimal,2.7467849839958944,29323,56299,188119
sens-btot05,Garr200112-r0,Garr200112,trajectory,B1,22,25.073880830586216,0.6268470207646554,optimal,2.674376138995285,29323,56299,188119
sens-btot05,Garr200112-r0,Garr200112,trajectory,B1,23,25.39229665297896,0.634807416324474,optimal,2.8430509630052256,29323,56299,188119
sens-btot05,Garr200112-r0,Garr200112,trajectory,B1,24,24.884369761740484,0.6221092440435121,optimal,2.348414132997277,29323,56299,188119
sens-btot05,Garr200112-r0,Garr200112,trajectory,B1,25,26.033875958366806,0.6508468989591701,optimal,2.873162579999189,29323,56299,188119
sens-btot05,Garr200112-r0,Garr200112,trajectory,B1,26,27.384633065161253,0.6846158266290313,optimal,2.5694433600001503,29323,56299,188119
sens-btot05,Garr200112-r0,Garr200112,trajectory,B1,27,25.73671871356042,0.6434179678390105,optimal,2.5276365019963123,29323,56299,188119
sens-btot05,Garr200112-r0,Garr200112,trajectory,B1,28,26.752190972350434,0.6688047743087608,optimal,2.886285915999906,29323,56299,188119
sens-btot05,Garr200112-r0,Garr200112,trajectory,B1,29,25.893921461964116,0.6473480365491029,optimal,2.595562794005673,29323,56299,188119
sens-btot05,Garr200404-r0,Garr200404,trajectory,B1,0,30.326602348791038,0.7581650587197759,optimal,2.22650813999644,30153,58952,198035
sens-btot05,Garr200404-r0,Garr200404,trajectory,B1,1,29.180876618852672,0.7295219154713168,optimal,2.1488541860016994,30153,58952,198035
sens-btot05,Garr200404-r0,Garr200404,trajectory,B1,2,30.58769030849694,0.7646922577124234,optimal,2.533881941002619,30153,58952,198035
sens-btot05,Garr200404-r0,Garr200404,trajectory,B1,3,28.807766063754862,0.7201941515938716,optimal,2.4277329410033417,30153,58952,198035
sens-btot05,Garr200404-r0,Garr200404,trajectory,B1,4,29.013630748231794,0.7253407687057949,optimal,2.098911653003597,30153,58952,198035
sens-btot05,Garr200404-r0,Garr200404,trajectory,B1,5,29.77032919860517,0.7442582299651292,optimal,2.136975130000792,30153,58952,198035
sens-btot05,Garr200404-r0,Garr200404,trajectory,B1,6,30.55558156886853,0.7638895392217132,optimal,2.2395625930003007,30153,58952,198035
sens-btot05,Garr200404-r0,Garr200404,trajectory,B1,7,30.296314484212736,0.7574078621053184,optimal,2.0202881310033263,30153,58952,198035
sens-btot05,Garr200404-r0,Garr200404,trajectory,B1,8,30.55119463684937,0.7637798659212343,optimal,2.1289796759956516,30153,58952,198035
sens-btot05,Garr200404-r0,Garr200404,trajectory,B1,9,30.390257762784003,0.7597564440696001,optimal,2.0913991649940726,30153,58952,198035
sens-btot05,Garr200404-r0,Garr200404,trajectory,B1,10,29.385065854340617,0.7346266463585154,optimal,2.1960259070037864,30153,58952,198035
sens-btot05,Garr200404-r0,Garr200404,trajectory,B1,11,30.564969545021054,0.7641242386255264,optimal,2.380408760996943,30153,58952,198035
sens-btot05,Garr200404-r0,Garr200404,trajectory,B1,12,29.626371495761756,0.7406592873940439,optimal,2.163962349004578,30153,58952,198035
sens-btot05,Garr200404-r0,Garr200404,trajectory,B1,13,30.466974340966818,0.7616743585241704,optimal,2.1023967569999513,30153,58952,198035
sens-btot05,Garr200404-r0,Garr200404,trajectory,B1,14,30.579307521424973,0.7644826880356244,optimal,2.3937306689986144,30153,58952,198035
sens-btot05,Garr200404-r0,Garr200404,trajectory,B1,15,29.023703625822655,0.7255925906455664,optimal,2.2088803770020604,30153,58952,198035
sens-btot05,Garr200404-r0,Garr200404,trajectory,B1,16,30.618262923730068,0.7654565730932517,optimal,2.157414624001831,30153,58952,198035
sens-btot05,Garr200404-r0,Garr200404,trajectory,B1,17,30.703009103962426,0.7675752275990606,optimal,2.3147452809935203,30153,58952,198035
sens-btot05,Garr200404-r0,Garr200404,trajectory,B1,18,29.9926591196871,0.7498164779921775,optimal,2.057546978998289,30153,58952,198035
sens-btot05,Garr200404-r0,Garr200404,trajectory,B1,19,30.8433204294391,0.7710830107359775,optimal,2.036898022000969,30153,58952,198035
sens-btot05,Garr200404-r0,Garr200404,trajectory,B1,20,29.57629301561744,0.7394073253904361,optimal,2.230081939997035,30153,58952,198035
sens-btot05,Garr200404-r0,Garr200404,trajectory,B1,21,30.312963071512698,0.7578240767878175,optimal,2.2536488010009634,30153,58952,198035
sens-btot05,Garr200404-r0,Garr200404,trajectory,B1,22,30.807215470818065,0.7701803867704516,optimal,2.158002315001795,30153,58952,198035
sens-btot05,Garr200404-r0,Garr200404,trajectory,B1,23,29.594139961391253,0.7398534990347814,optimal,2.294431505004468,30153,58952,198035
sens-btot05,Garr200404-r0,Garr200404,trajectory,B1,24,29.572334742384882,0.739308368559622,optimal,2.3759040020013344,30153,58952,198035
sens-btot05,Garr200404-r0,Garr200404,trajectory,B1,25,30.207032931899946,0.7551758232974987,optimal,2.210364278005727,30153,58952,198035
sens-btot05,Garr200404-r0,Garr200404,trajectory,B1,26,30.396301621125016,0.7599075405281254,optimal,2.3419895249971887,30153,58952,198035
sens-btot05,Garr200404-r0,Garr200404,trajectory,B1,27,29.85622504877504,0.746405626219376,optimal,2.0968592549979803,30153,58952,198035
sens-btot05,Garr200404-r0,Garr200404,trajectory,B1,28,30.231178542045015,0.7557794635511254,optimal,2.3808307589933975,30153,58952,198035
sens-btot05,Garr200404-r0,Garr200404,trajectory,B1,29,30.96468939636094,0.7741172349090235,optimal,2.3904178899974795,30153,58952,198035
sens-btot05,Marwan-r0,Marwan,trajectory,B1,0,20.77899399604794,0.5194748499011985,optimal,4.70075758099847,41331,64555,238865
sens-btot05,Marwan-r0,Marwan,trajectory,B1,1,23.04433849369354,0.5761084623423385,optimal,4.065390618001402,41331,64555,238865
sens-btot05,Marwan-r0,Marwan,trajectory,B1,2,20.095836868676113,0.5023959217169028,optimal,3.6768899119997513,41331,64555,238865
sens-btot05,Marwan-r0,Marwan,trajectory,B1,3,20.642085203804925,0.5160521300951231,optimal,3.9348263409992796,41331,64555,238865
sens-btot05,Marwan-r0,Marwan,trajectory,B1,4,21.993991847291873,0.5498497961822968,optimal,4.1896281730005285,41331,64555,238865
sens-btot05,Marwan-r0,Marwan,trajectory,B1,5,21.720010719504934,0.5430002679876234,optimal,4.2272808919951785,41331,64555,238865
sens-btot05,Marwan-r0,Marwan,trajectory,B1,6,21.083789858520028,0.5270947464630007,optimal,4.438269718004449,41331,64555,238865
sens-btot05,Marwan-r0,Marwan,trajectory,B1,7,20.997631133618057,0.5249407783404514,optimal,4.289797195000574,41331,64555,238865
sens-btot05,Marwan-r0,Marwan,trajectory,B1,8,21.764975612674995,0.5441243903168749,optimal,4.042183177996776,41331,64555,238865
sens-btot05,Marwan-r0,Marwan,trajectory,B1,9,21.612009062660494,0.5403002265665123,optimal,5.106983327998023,41331,64555,238865
sens-btot05,Marwan-r0,Marwan,trajectory,B1,10,23.0426142898299,0.5760653572457475,optimal,4.888227606003056,41331,64555,238865
sens-btot05,Marwan-r0,Marwan,trajectory,B1,11,21.646951667632056,0.5411737916908014,optimal,5.054918939000345,41331,64555,238865
sens-btot05,Marwan-r0,Marwan,trajectory,B1,12,22.437819180617947,0.5609454795154487,optimal,3.750083482998889,41331,64555,238865
sens-btot05,Marwan-r0,Marwan,trajectory,B1,13,23.092695731379337,0.5773173932844834,optimal,4.305637548000959,41331,64555,238865
sens-btot05,Marwan-r0,Marwan,trajectory,B1,14,20.987151995272743,0.5246787998818185,optimal,4.227971821994288,41331,64555,238865
sens-btot05,Marwan-r0,Marwan,trajectory,B1,15,19.572418944289325,0.4893104736072331,optimal,4.1448290340049425,41331,64555,238865
sens-btot05,Marwan-r0,Marwan,trajectory,B1,16,21.41185725176188,0.535296431294047,optimal,3.9544122840015916,41331,64555,238865
sens-btot05,Marwan-r0,Marwan,trajectory,B1,17,22.729990280429107,0.5682497570107277,optimal,4.522123274997284,41331,64555,238865
sens-btot05,Marwan-r0,Marwan,trajectory,B1,18,23.126453708092452,0.5781613427023113,optimal,4.339894108998124,41331,64555,238865
sens-btot05,Marwan-r0,Marwan,trajectory,B1,19,22.33193011039774,0.5582982527599435,optimal,4.07457962299668,41331,64555,238865
sens-btot05,Marwan-r0,Marwan,trajectory,B1,20,21.48824755157176,0.537206188789294,optimal,4.240347101003863,41331,64555,238865
sens-btot05,Marwan-r0,Marwan,trajectory,B1,21,22.746298335512837,0.5686574583878209,optimal,4.560047824001231,41331,64555,238865
sens-btot05,Marwan-r0,Marwan,trajectory,B1,22,21.174652561076286,0.5293663140269071,optimal,3.978645527000481,41331,64555,238865
sens-btot05,Marwan-r0,Marwan,trajectory,B1,23,21.772608986203426,0.5443152246550856,optimal,4.438433583993174,41331,64555,238865
sens-btot05,Marwan-r0,Marwan,trajectory,B1,24,20.395741929345213,0.5098935482336303,optimal,3.961468536996108,41331,64555,238865
sens-btot05,Marwan-r0,Marwan,trajectory,B1,25,21.537939936602857,0.5384484984150715,optimal,4.480949192999105,41331,64555,238865
sens-btot05,Marwan-r0,Marwan,trajectory,B1,26,21.113158525224847,0.5278289631306212,optimal,3.953693944000406,41331,64555,238865
sens-btot05,Marwan-r0,Marwan,trajectory,B1,27,22.20587136171277,0.5551467840428193,optimal,4.035637875997054,41331,64555,238865
sens-btot05,Marwan-r0,Marwan,trajectory,B1,28,21.256634332220216,0.5314158583055054,optimal,3.8890224030037643,41331,64555,238865
sens-btot05,Marwan-r0,Marwan,trajectory,B1,29,20.973944819436525,0.5243486204859131,optimal,3.901839138001378,41331,64555,238865
sens-btot2,Agis-r0,Agis,trajectory,B1,0,23.144969907748276,0.5786242476937069,optimal,1.7161054159951163,32479,55987,207334
sens-btot2,Agis-r0,Agis,trajectory,B1,1,24.06847844446539,0.6017119611116348,optimal,1.6840035800050828,32479,55987,207334
sens-btot2,Agis-r0,Agis,trajectory,B1,2,24.924033474661204,0.6231008368665301,optimal,1.9422170520047075,32479,55987,207334
sens-btot2,Agis-r0,Agis,trajectory,B1,3,22.747554772437375,0.5686888693109344,optimal,1.9492159290020936,32479,55987,207334
sens-btot2,Agis-r0,Agis,trajectory,B1,4,23.500626108379905,0.5875156527094976,optimal,2.092860409000423,32479,55987,207334
sens-btot2,Agis-r0,Agis,trajectory,B1,5,23.204982224592023,0.5801245556148006,optimal,2.0109640959999524,32479,55987,207334
sens-btot2,Agis-r0,Agis,trajectory,B1,6,23.762252237637394,0.5940563059409348,optimal,1.9652478260031785,32479,55987,207334
sens-btot2,Agis-r0,Agis,trajectory,B1,7,23.489432313643157,0.5872358078410789,optimal,2.1415943359970697,32479,55987,207334
sens-btot2,Agis-r0,Agis,trajectory,B1,8,23.883824079843727,0.5970956019960931,optimal,1.7921043569949688,32479,55987,207334
sens-btot2,Agis-r0,Agis,trajectory,B1,9,23.587209160922125,0.5896802290230532,optimal,1.8049653790003504,32479,55987,207334
sens-btot2,Agis-r0,Agis,trajectory,B1,10,23.96847539603079,0.5992118849007697,optimal,1.7711146119982004,32479,55987,207334
sens-btot2,Agis-r0,Agis,trajectory,B1,11,23.703805283696617,0.5925951320924154,optimal,1.9633676779994857,32479,55987,207334
sens-btot2,Agis-r0,Agis,trajectory,B1,12,23.830608325473083,0.5957652081368271,optimal,2.058480772000621,32479,55987,207334
sens-btot2,Agis-r0,Agis,trajectory,B1,13,22.829654944764908,0.5707413736191227,optimal,1.7638095519941999,32479,55987,207334
sens-btot2,Agis-r0,Agis,trajectory,B1,14,23.348135246075117,0.5837033811518779,optimal,2.049557926999114,32479,55987,207334
sens-btot2,Agis-r0,Agis,trajectory,B1,15,23.81540388159339,0.5953850970398348,optimal,2.0605845030004275,32479,55987,207334
sens-btot2,Agis-r0,Agis,trajectory,B1,16,23.892861700561447,0.5973215425140361,optimal,1.808090373997402,32479,55987,207334
sens-btot2,Agis-r0,Agis,trajectory,B1,17,23.057192540169133,0.5764298135042283,optimal,1.969719869994151,32479,55987,207334
sens-btot2,Agis-r0,Agis,trajectory,B1,18,23.30879123886688,0.582719780971672,optimal,2.0916641200019512,32479,55987,207334
sens-btot2,Agis-r0,Agis,trajectory,B1,19,23.027423420853165,0.5756855855213291,optimal,1.7499234389979392,32479,55987,207334
sens-btot2,Agis-r0,Agis,trajectory,B1,20,23.366829608145174,0.5841707402036294,optimal,1.8700126449984964,32479,55987,207334
sens-btot2,Agis-r0,Agis,trajectory,B1,21,23.928102029304256,0.5982025507326064,optimal,1.9200255640025716,32479,55987,207334
sens-btot2,Agis-r0,Agis,trajectory,B1,22,24.497393999296083,0.612434849982402,optimal,2.1039722619971144,32479,55987,207334
sens-btot2,Agis-r0,Agis,trajectory,B1,23,23.567368782238635,0.5891842195559659,optimal,1.9648253189952811,32479,55987,207334
sens-btot2,Agis-r0,Agis,trajectory,B1,24,24.14687723861137,0.6036719309652843,optimal,1.7547582869956386,32479,55987,207334
sens-btot2,Agis-r0,Agis,trajectory,B1,25,22.674229469757506,0.5668557367439376,optimal,2.0983057560006273,32479,55987,207334
sens-btot2,Agis-r0,Agis,trajectory,B1,26,22.708775707550917,0.5677193926887729,optimal,1.749528807005845,32479,55987,207334
sens-btot2,Agis-r0,Agis,trajectory,B1,27,24.188268651042716,0.6047067162760679,optimal,1.7989892979967408,32479,55987,207334
sens-btot2,Agis-r0,Agis,trajectory,B1,28,22.824625020403307,0.5706156255100827,optimal,1.8790279399981955,32479,55987,207334
sens-btot2,Agis-r0,Agis,trajectory,B1,29,23.102701948467907,0.5775675487116977,optimal,1.7049843620043248,32479,55987,207334
sens-btot2,Belnet2008-r0,Belnet2008,trajectory,B1,0,30.165820441660927,0.7541455110415232,optimal,2.2570627280001645,32073,61022,200759
sens-btot2,Belnet2008-r0,Belnet2008,trajectory,B1,1,28.20413019834462,0.7051032549586156,optimal,2.364912042998185,32073,61022,200759
sens-btot2,Belnet2008-r0,Belnet2008,trajectory,B1,2,29.107582800962742,0.7276895700240685,optimal,2.3047247100039385,32073,61022,200759
sens-btot2,Belnet2008-r0,Belnet2008,trajectory,B1,3,29.25811239122103,0.7314528097805257,optimal,2.662535546995059,32073,61022,200759
sens-btot2,Belnet2008-r0,Belnet2008,trajectory,B1,4,28.83064424574689,0.7207661061436722,optimal,2.450305534999643,32073,61022,200759
sens-btot2,Belnet2008-r0,Belnet2008,trajectory,B1,5,29.36893171730578,0.7342232929326445,optimal,2.3917148079999606,32073,61022,200759
sens-btot2,Belnet2008-r0,Belnet2008,trajectory,B1,6,28.990404770644698,0.7247601192661175,optimal,2.350521027998184,32073,61022,200759
sens-btot2,Belnet2008-r0,Belnet2008,trajectory,B1,7,28.607890498363908,0.7151972624590976,optimal,2.3184447530002217,32073,61022,200759
sens-btot2,Belnet2008-r0,Belnet2008,trajectory,B1,8,29.37360729689508,0.734340182422377,optimal,2.4054120349974255,32073,61022,200759
sens-btot2,Belnet2008-r0,Belnet2008,trajectory,B1,9,29.66943545627246,0.7417358864068115,optimal,3.07464212099876,32073,61022,200759
sens-btot2,Belnet2008-r0,Belnet2008,trajectory,B1,10,30.117427466938217,0.7529356866734555,optimal,3.023012771998765,32073,61022,200759
sens-btot2,Belnet2008-r0,Belnet2008,trajectory,B1,11,29.562154086420524,0.7390538521605131,optimal,2.4050198229961097,32073,61022,200759
sens-btot2,Belnet2008-r0,Belnet2008,trajectory,B1,12,30.242116046966327,0.7560529011741581,optimal,3.1601583390001906,32073,61022,200759
sens-btot2,Belnet2008-r0,Belnet2008,trajectory,B1,13,30.362300261994527,0.7590575065498631,optimal,3.007496780002839,32073,61022,200759
sens-btot2,Belnet2008-r0,Belnet2008,trajectory,B1,14,29.366680733090984,0.7341670183272746,optimal,2.414127896001446,32073,61022,200759
sens-btot2,Belnet2008-r0,Belnet2008,trajectory,B1,15,29.53388703834156,0.738347175958539,optimal,2.439590945999953,32073,61022,200759
sens-btot2,Belnet2008-r0,Belnet2008,trajectory,B1,16,30.540435402964842,0.763510885074121,optimal,3.0740305769941187,32073,61022,200759
sens-btot2,Belnet2008-r0,Belnet2008,trajectory,B1,17,28.91902774286542,0.7229756935716355,optimal,2.954036890005227,32073,61022,200759
sens-btot2,Belnet2008-r0,Belnet2008,trajectory,B1,18,29.59671928950828,0.739917982237707,optimal,2.676900991005823,32073,61022,200759
sens-btot2,Belnet2008-r0,Belnet2008,trajectory,B1,19,29.47659858444896,0.7369149646112241,optimal,2.698036087997025,32073,61022,200759
sens-btot2,Belnet2008-r0,Belnet2008,trajectory,B1,20,28.411079351183854,0.7102769837795964,optimal,2.780692430002091,32073,61022,200759
sens-btot2,Belnet2008-r0,Belnet2008,trajectory,B1,21,28.859430022424277,0.7214857505606069,optimal,2.5133618239997304,32073,61022,200759
sens-btot2,Belnet2008-r0,Belnet2008,trajectory,B1,22,29.502881643846486,0.7375720410961621,optimal,2.29457919899869,32073,61022,200759
sens-btot2,Belnet2008-r0,Belnet2008,trajectory,B1,23,28.606224705114364,0.7151556176278591,optimal,2.45149150799989,32073,61022,200759
sens-btot2,Belnet2008-r0,Belnet2008,trajectory,B1,24,28.560427218943452,0.7140106804735863,optimal,2.3849699729980784,32073,61022,200759
sens-btot2,Belnet2008-r0,Belnet2008,trajectory,B1,25,30.29810309536774,0.7574525773841935,optimal,2.6393396979983663,32073,61022,200759
sens-btot2,Belnet2008-r0,Belnet2008,trajectory,B1,26,29.371210050020842,0.7342802512505211,optimal,2.4241720870049903,32073,61022,200759
sens-btot2,Belnet2008-r0,Belnet2008,trajectory,B1,27,29.022372051605856,0.7255593012901465,optimal,2.3419691050003166,32073,61022,200759
sens-btot2,Belnet2008-r0,Belnet2008,trajectory,B1,28,28.78728348811551,0.7196820872028877,optimal,2.406826986996748,32073,61022,200759
sens-btot2,Belnet2008-r0,Belnet2008,trajectory,B1,29,29.30495577532903,0.7326238943832257,optimal,2.5849176210031146,32073,61022,200759
sens-btot2,BsonetEurope-r0,BsonetEurope,trajectory,B1,0,29.425878379548987,0.7356469594887247,optimal,2.4827003799946397,38907,63949,230858
sens-btot2,BsonetEurope-r0,BsonetEurope,trajectory,B1,1,28.45572368986353,0.7113930922465882,optimal,2.584931981000409,38907,63949,230858
sens-btot2,BsonetEurope-r0,BsonetEurope,trajectory,B1,2,28.92950919007069,0.7232377297517673,optimal,2.936494829998992,38907,63949,230858
sens-btot2,BsonetEurope-r0,BsonetEurope,trajectory,B1,3,28.81782087967048,0.720445521991762,optimal,2.6157427449943498,38907,63949,230858
sens-btot2,BsonetEurope-r0,BsonetEurope,trajectory,B1,4,29.234688441732317,0.7308672110433079,optimal,2.8663724830039428,38907,63949,230858
sens-btot2,BsonetEurope-r0,BsonetEurope,trajectory,B1,5,28.94410703841418,0.7236026759603545,optimal,2.4336784180050017,38907,63949,230858
sens-btot2,BsonetEurope-r0,BsonetEurope,trajectory,B1,6,28.45732433470625,0.7114331083676563,optimal,2.90874886399979,38907,63949,230858
sens-btot2,BsonetEurope-r0,BsonetEurope,trajectory,B1,7,28.494847400565682,0.7123711850141421,optimal,2.3351682139982586,38907,63949,230858
sens-btot2,BsonetEurope-r0,BsonetEurope,trajectory,B1,8,27.93817098225039,0.6984542745562597,optimal,3.0175197569988086,38907,63949,230858
sens-btot2,BsonetEurope-r0,BsonetEurope,trajectory,B1,9,28.51648394458628,0.712912098614657,optimal,2.4517428610051866,38907,63949,230858
sens-btot2,BsonetEurope-r0,BsonetEurope,trajectory,B1,10,27.4872976972145,0.6871824424303625,optimal,3.1209217610012274,38907,63949,230858
sens-btot2,BsonetEurope-r0,BsonetEurope,trajectory,B1,11,28.51570786359359,0.7128926965898398,optimal,3.0434096540047904,38907,63949,230858
sens-btot2,BsonetEurope-r0,BsonetEurope,trajectory,B1,12,28.491782556800207,0.7122945639200051,optimal,3.0881912230033777,38907,63949,230858
sens-btot2,BsonetEurope-r0,BsonetEurope,trajectory,B1,13,29.45404226487449,0.7363510566218623,optimal,2.643715932004852,38907,63949,230858
sens-btot2,BsonetEurope-r0,BsonetEurope,trajectory,B1,14,29.030090591375323,0.725752264784383,optimal,2.4360508319950895,38907,63949,230858
sens-btot2,BsonetEurope-r0,BsonetEurope,trajectory,B1,15,29.07916072476496,0.726979018119124,optimal,2.837324776999594,38907,63949,230858
sens-btot2,BsonetEurope-r0,BsonetEurope,trajectory,B1,16,29.117047544145667,0.7279261886036417,optimal,3.0545161830013967,38907,63949,230858
sens-btot2,BsonetEurope-r0,BsonetEurope,trajectory,B1,17,29.47208738214279,0.7368021845535697,optimal,2.4996839230007026,38907,63949,230858
sens-btot2,BsonetEurope-r0,BsonetEurope,trajectory,B1,18,29.356614544146645,0.7339153636036662,optimal,3.0831742840018705,38907,63949,230858
sens-btot2,BsonetEurope-r0,BsonetEurope,trajectory,B1,19,29.270592257671083,0.7317648064417771,optimal,3.463688338997599,38907,63949,230858
sens-btot2,BsonetEurope-r0,BsonetEurope,trajectory,B1,20,28.968643475831524,0.7242160868957881,optimal,2.773167666993686,38907,63949,230858
sens-btot2,BsonetEurope-r0,BsonetEurope,trajectory,B1,21,28.66066446084714,0.7165166115211785,optimal,2.413623438005743,38907,63949,230858
sens-btot2,BsonetEurope-r0,BsonetEurope,trajectory,B1,22,29.28145741740922,0.7320364354352306,optimal,3.2214102470024955,38907,63949,230858
sens-btot2,BsonetEurope-r0,BsonetEurope,trajectory,B1,23,28.8011194395145,0.7200279859878626,optimal,2.5429049369995482,38907,63949,230858
sens-btot2,BsonetEurope-r0,BsonetEurope,trajectory,B1,24,27.736288688979464,0.6934072172244866,optimal,3.4183021999997436,38907,63949,230858
sens-btot2,BsonetEurope-r0,BsonetEurope,trajectory,B1,25,28.410807259718606,0.7102701814929652,optimal,2.636730025995348,38907,63949,230858
sens-btot2,BsonetEurope-r0,BsonetEurope,trajectory,B1,26,29.03398265520204,0.7258495663800509,optimal,2.9619361020013457,38907,63949,230858
sens-btot2,BsonetEurope-r0,BsonetEurope,trajectory,B1,27,28.703559621102244,0.7175889905275561,optimal,2.588523703001556,38907,63949,230858
sens-btot2,BsonetEurope-r0,BsonetEurope,trajectory,B1,28,29.32673093719816,0.733168273429954,optimal,2.927147762995446,38907,63949,230858
sens-btot2,BsonetEurope-r0,BsonetEurope,trajectory,B1,29,27.702459234029146,0.6925614808507287,optimal,2.474797431998013,38907,63949,230858
sens-btot2,BtNorthAmerica-r0,BtNorthAmerica,trajectory,B1,0,21.896576564954714,0.5474144141238678,optimal,2.8798693100034143,37055,65225,228363
sens-btot2,BtNorthAmerica-r0,BtNorthAmerica,trajectory,B1,1,24.53028056970141,0.6132570142425353,optimal,2.6622913600003812,37055,65225,228363
sens-btot2,BtNorthAmerica-r0,BtNorthAmerica,trajectory,B1,2,22.53767076013018,0.5634417690032545,optimal,2.4761689320002915,37055,65225,228363
sens-btot2,BtNorthAmerica-r0,BtNorthAmerica,trajectory,B1,3,23.277943291698307,0.5819485822924577,optimal,3.0771674790012185,37055,65225,228363
sens-btot2,BtNorthAmerica-r0,BtNorthAmerica,trajectory,B1,4,22.659564953966882,0.566489123849172,optimal,2.698635077998915,37055,65225,228363
sens-btot2,BtNorthAmerica-r0,BtNorthAmerica,trajectory,B1,5,22.925744685007317,0.5731436171251829,optimal,2.6056420460008667,37055,65225,228363
sens-btot2,BtNorthAmerica-r0,BtNorthAmerica,trajectory,B1,6,23.19810066767257,0.5799525166918142,optimal,2.9257684700060054,37055,65225,228363
sens-btot2,BtNorthAmerica-r0,BtNorthAmerica,trajectory,B1,7,22.063646372103236,0.5515911593025808,optimal,2.6897556410040124,37055,65225,228363
sens-btot2,BtNorthAmerica-r0,BtNorthAmerica,trajectory,B1,8,23.459675956629372,0.5864918989157343,optimal,2.7815154569980223,37055,65225,228363
sens-btot2,BtNorthAmerica-r0,BtNorthAmerica,trajectory,B1,9,23.69907830112618,0.5924769575281544,optimal,2.7598455600018497,37055,65225,228363
sens-btot2,BtNorthAmerica-r0,BtNorthAmerica,trajectory,B1,10,22.214868943910957,0.555371723597774,optimal,2.666477519000182,37055,65225,228363
sens-btot2,BtNorthAmerica-r0,BtNorthAmerica,trajectory,B1,11,23.186481091851036,0.5796620272962759,optimal,2.6142556720005814,37055,65225,228363
sens-btot2,BtNorthAmerica-r0,BtNorthAmerica,trajectory,B1,12,23.638061671596308,0.5909515417899077,optimal,2.442585336997581,37055,65225,228363
sens-btot2,BtNorthAmerica-r0,BtNorthAmerica,trajectory,B1,13,23.12688731347407,0.5781721828368518,optimal,2.4602436299974215,37055,65225,228363
sens-btot2,BtNorthAmerica-r0,BtNorthAmerica,trajectory,B1,14,22.055662664880444,0.551391566622011,optimal,2.704346760001499,37055,65225,228363
sens-btot2,BtNorthAmerica-r0,BtNorthAmerica,trajectory,B1,15,22.350112669668214,0.5587528167417053,optimal,2.6131293719954556,37055,65225,228363
sens-btot2,BtNorthAmerica-r0,BtNorthAmerica,trajectory,B1,16,22.6187149614751,0.5654678740368775,optimal,2.5464191399951233,37055,65225,228363
sens-btot2,BtNorthAmerica-r0,BtNorthAmerica,trajectory,B1,17,22.44737954268238,0.5611844885670595,optimal,2.4434804229967995,37055,65225,228363
sens-btot2,BtNorthAmerica-r0,BtNorthAmerica,trajectory,B1,18,21.7820424309715,0.5445510607742875,optimal,2.5894986600033008,37055,65225,228363
sens-btot2,BtNorthAmerica-r0,BtNorthAmerica,trajectory,B1,19,22.433269049152692,0.5608317262288173,optimal,2.8407926360014244,37055,65225,228363
sens-btot2,BtNorthAmerica-r0,BtNorthAmerica,trajectory,B1,20,23.671313321067387,0.5917828330266847,optimal,2.7919297039989033,37055,65225,228363
sens-btot2,BtNorthAmerica-r0,BtNorthAmerica,trajectory,B1,21,22.782691507694366,0.5695672876923592,optimal,2.987443830999837,37055,65225,228363
sens-btot2,BtNorthAmerica-r0,BtNorthAmerica,trajectory,B1,22,22.425897387722653,0.5606474346930663,optimal,2.6316038229997503,37055,65225,228363
sens-btot2,BtNorthAmerica-r0,BtNorthAmerica,trajectory,B1,23,24.58903049010586,0.6147257622526465,optimal,2.597034539998276,37055,65225,228363
sens-btot2,BtNorthAmerica-r0,BtNorthAmerica,trajectory,B1,24,23.186961798583575,0.5796740449645894,optimal,3.2201205820019823,37055,65225,228363
sens-btot2,BtNorthAmerica-r0,BtNorthAmerica,trajectory,B1,25,22.204296393333934,0.5551074098333484,optimal,2.9529072520017507,37055,65225,228363
sens-btot2,BtNorthAmerica-r0,BtNorthAmerica,trajectory,B1,26,22.897529770482468,0.5724382442620617,optimal,2.597387907000666,37055,65225,228363
sens-btot2,BtNorthAmerica-r0,BtNorthAmerica,trajectory,B1,27,22.727832096006257,0.5681958024001564,optimal,2.495963968001888,37055,65225,228363
sens-btot2,BtNorthAmerica-r0,BtNorthAmerica,trajectory,B1,28,21.437941593659612,0.5359485398414903,optimal,2.8628983620001236,37055,65225,228363
sens-btot2,BtNorthAmerica-r0,BtNorthAmerica,trajectory,B1,29,22.7983178119781,0.5699579452994525,optimal,2.884088011996937,37055,65225,228363
sens-btot2,Cesnet200603-r0,Cesnet200603,trajectory,B1,0,20.89489627809209,0.5223724069523022,optimal,3.0397385699980077,38905,69110,237082
sens-btot2,Cesnet200603-r0,Cesnet200603,trajectory,B1,1,22.573300777111072,0.5643325194277768,optimal,2.9170832410018193,38905,69110,237082
sens-btot2,Cesnet200603-r0,Cesnet200603,trajectory,B1,2,21.622230339225073,0.5405557584806269,optimal,2.6044110850052675,38905,69110,237082
sens-btot2,Cesnet200603-r0,Cesnet200603,trajectory,B1,3,21.30193437666301,0.5325483594165752,optimal,2.6618042970003444,38905,69110,237082
sens-btot2,Cesnet200603-r0,Cesnet200603,trajectory,B1,4,21.68429806271683,0.5421074515679207,optimal,2.461769055997138,38905,69110,237082
sens-btot2,Cesnet200603-r0,Cesnet200603,trajectory,B1,5,21.836600301400907,0.5459150075350226,optimal,2.5437782619992504,38905,69110,237082
sens-btot2,Cesnet200603-r0,Cesnet200603,trajectory,B1,6,21.04796991568818,0.5261992478922045,optimal,2.412894791996223,38905,69110,237082
sens-btot2,Cesnet200603-r0,Cesnet200603,trajectory,B1,7,21.931835376041544,0.5482958844010386,optimal,2.8059478269933606,38905,69110,237082
sens-btot2,Cesnet200603-r0,Cesnet200603,trajectory,B1,8,21.38989432075675,0.5347473580189187,optimal,2.5920546330016805,38905,69110,237082
sens-btot2,Cesnet200603-r0,Cesnet200603,trajectory,B1,9,21.32015220921415,0.5330038052303537,optimal,2.6414356189998216,38905,69110,237082
sens-btot2,Cesnet200603-r0,Cesnet200603,trajectory,B1,10,22.35297890515091,0.5588244726287728,optimal,2.1791131929931,38905,69110,237082
sens-btot2,Cesnet200603-r0,Cesnet200603,trajectory,B1,11,21.338094325409994,0.5334523581352498,optimal,2.573563566998928,38905,69110,237082
sens-btot2,Cesnet200603-r0,Cesnet200603,trajectory,B1,12,21.794758761930524,0.5448689690482631,optimal,2.1676437220012303,38905,69110,237082
sens-btot2,Cesnet200603-r0,Cesnet200603,trajectory,B1,13,22.473009588372573,0.5618252397093143,optimal,2.9286389280023286,38905,69110,237082
sens-btot2,Cesnet200603-r0,Cesnet200603,trajectory,B1,14,21.790123557712725,0.5447530889428182,optimal,2.380194711004151,38905,69110,237082
sens-btot2,Cesnet200603-r0,Cesnet200603,trajectory,B1,15,21.065022608490366,0.5266255652122591,optimal,2.1333200160006527,38905,69110,237082
sens-btot2,Cesnet200603-r0,Cesnet200603,trajectory,B1,16,21.272699182743953,0.5318174795685988,optimal,2.9250384970000596,38905,69110,237082
sens-btot2,Cesnet200603-r0,Cesnet200603,trajectory,B1,17,20.108991996740876,0.5027247999185219,optimal,2.5398764540004777,38905,69110,237082
sens-btot2,Cesnet200603-r0,Cesnet200603,trajectory,B1,18,20.71715167615794,0.5179287919039485,optimal,2.630622702999972,38905,69110,237082
sens-btot2,Cesnet200603-r0,Cesnet200603,trajectory,B1,19,21.92447233612691,0.5481118084031728,optimal,2.5512919149987283,38905,69110,237082
sens-btot2,Cesnet200603-r0,Cesnet200603,trajectory,B1,20,21.959294200442724,0.5489823550110681,optimal,2.9323364040028537,38905,69110,237082
sens-btot2,Cesnet200603-r0,Cesnet200603,trajectory,B1,21,21.82231981530229,0.5455579953825572,optimal,2.260750512999948,38905,69110,237082
sens-btot2,Cesnet200603-r0,Cesnet200603,trajectory,B1,22,21.45100384872136,0.536275096218034,optimal,2.2947201289935037,38905,69110,237082
sens-btot2,Cesnet200603-r0,Cesnet200603,trajectory,B1,23,21.106603474997833,0.5276650868749458,optimal,2.36703175099683,38905,69110,237082
sens-btot2,Cesnet200603-r0,Cesnet200603,trajectory,B1,24,21.780025977195663,0.5445006494298916,optimal,2.4674986690006335,38905,69110,237082
sens-btot2,Cesnet200603-r0,Cesnet200603,trajectory,B1,25,21.76820714560383,0.5442051786400958,optimal,2.570204294999712,38905,69110,237082
sens-btot2,Cesnet200603-r0,Cesnet200603,trajectory,B1,26,21.57502446258963,0.5393756115647408,optimal,3.2320291669966537,38905,69110,237082
sens-btot2,Cesnet200603-r0,Cesnet200603,trajectory,B1,27,21.849611124330952,0.5462402781082738,optimal,2.356012877993635,38905,69110,237082
sens-btot2,Cesnet200603-r0,Cesnet200603,trajectory,B1,28,22.578861436904653,0.5644715359226163,optimal,2.4805339779995847,38905,69110,237082
sens-btot2,Cesnet200603-r0,Cesnet200603,trajectory,B1,29,21.008862375035786,0.5252215593758947,optimal,2.953799769995385,38905,69110,237082
sens-btot2,Digex-r0,Digex,trajectory,B1,0,23.80265206491286,0.5950663016228215,optimal,5.665237100001832,65780,99610,327354
sens-btot2,Digex-r0,Digex,trajectory,B1,1,24.936229019844255,0.6234057254961064,optimal,5.284177155001089,65780,99610,327354
sens-btot2,Digex-r0,Digex,trajectory,B1,2,24.95109434330149,0.6237773585825372,optimal,5.633255296001153,65780,99610,327354
sens-btot2,Digex-r0,Digex,trajectory,B1,3,24.501184566240912,0.6125296141560228,optimal,5.7390271830008714,65780,99610,327354
sens-btot2,Digex-r0,Digex,trajectory,B1,4,25.403939511859363,0.635098487796484,optimal,5.583267516994965,65780,99610,327354
sens-btot2,Digex-r0,Digex,trajectory,B1,5,24.188488513542474,0.6047122128385618,optimal,5.605705150999711,65780,99610,327354
sens-btot2,Digex-r0,Digex,trajectory,B1,6,24.876417205032613,0.6219104301258154,optimal,5.446730493000359,65780,99610,327354
sens-btot2,Digex-r0,Digex,trajectory,B1,7,24.219955036631283,0.6054988759157821,optimal,5.331034805996751,65780,99610,327354
sens-btot2,Digex-r0,Digex,trajectory,B1,8,24.841991760447684,0.6210497940111921,optimal,5.794829631995526,65780,99610,327354
sens-btot2,Digex-r0,Digex,trajectory,B1,9,24.61015821607379,0.6152539554018447,optimal,5.565846123005031,65780,99610,327354
sens-btot2,Digex-r0,Digex,trajectory,B1,10,23.104771923651512,0.5776192980912878,optimal,5.537026881000202,65780,99610,327354
sens-btot2,Digex-r0,Digex,trajectory,B1,11,23.75855753417777,0.5939639383544442,optimal,5.196118976993603,65780,99610,327354
sens-btot2,Digex-r0,Digex,trajectory,B1,12,25.933960638469262,0.6483490159617316,optimal,5.328946232002636,65780,99610,327354
sens-btot2,Digex-r0,Digex,trajectory,B1,13,25.06211244792209,0.6265528111980523,optimal,5.467017871997086,65780,99610,327354
sens-btot2,Digex-r0,Digex,trajectory,B1,14,23.25179160720131,0.5812947901800327,optimal,5.537867520004511,65780,99610,327354
sens-btot2,Digex-r0,Digex,trajectory,B1,15,24.794689600253573,0.6198672400063393,optimal,5.333472901998903,65780,99610,327354
sens-btot2,Digex-r0,Digex,trajectory,B1,16,24.506222538492654,0.6126555634623163,optimal,5.409333392002736,65780,99610,327354
sens-btot2,Digex-r0,Digex,trajectory,B1,17,25.643694115094114,0.6410923528773529,optimal,5.81657684899983,65780,99610,327354
sens-btot2,Digex-r0,Digex,trajectory,B1,18,24.07616715972904,0.601904178993226,optimal,5.520893993001664,65780,99610,327354
sens-btot2,Digex-r0,Digex,trajectory,B1,19,23.98237544398666,0.5995593860996664,optimal,5.737224943994079,65780,99610,327354
sens-btot2,Digex-r0,Digex,trajectory,B1,20,24.160475829896466,0.6040118957474117,optimal,5.581273905998387,65780,99610,327354
sens-btot2,Digex-r0,Digex,trajectory,B1,21,24.071135126791432,0.6017783781697859,optimal,5.479721632000292,65780,99610,327354
sens-btot2,Digex-r0,Digex,trajectory,B1,22,24.917954112570076,0.6229488528142519,optimal,5.45769964200008,65780,99610,327354
sens-btot2,Digex-r0,Digex,trajectory,B1,23,23.95246857632192,0.598811714408048,optimal,5.6772770669995225,65780,99610,327354
sens-btot2,Digex-r0,Digex,trajectory,B1,24,24.902249262004784,0.6225562315501196,optimal,5.968235211999854,65780,99610,327354
sens-btot2,Digex-r0,Digex,trajectory,B1,25,25.489797057410104,0.6372449264352527,optimal,5.5183875000002445,65780,99610,327354
sens-btot2,Digex-r0,Digex,trajectory,B1,26,24.818279485005398,0.620456987125135,optimal,6.516604463002295,65780,99610,327354
sens-btot2,Digex-r0,Digex,trajectory,B1,27,24.218614862338207,0.6054653715584551,optimal,5.723002336002537,65780,99610,327354
sens-btot2,Digex-r0,Digex,trajectory,B1,28,25.303224272732653,0.6325806068183163,optimal,5.576272416998108,65780,99610,327354
sens-btot2,Digex-r0,Digex,trajectory,B1,29,24.4768139164448,0.61192034791112,optimal,5.680829796998296,65780,99610,327354
sens-btot2,Easynet-r0,Easynet,trajectory,B1,0,12.43387576836284,0.310846894209071,optimal,2.7925515149981948,37597,61208,229684
sens-btot2,Easynet-r0,Easynet,trajectory,B1,1,12.080144478937882,0.30200361197344705,optimal,2.6768986559982295,37597,61208,229684
sens-btot2,Easynet-r0,Easynet,trajectory,B1,2,10.61645140970644,0.265411285242661,optimal,2.596363693002786,37597,61208,229684
sens-btot2,Easynet-r0,Easynet,trajectory,B1,3,11.927058102853907,0.29817645257134767,optimal,3.039244592000614,37597,61208,229684
sens-btot2,Easynet-r0,Easynet,trajectory,B1,4,11.672395724028574,0.29180989310071437,optimal,2.9029867069984903,37597,61208,229684
sens-btot2,Easynet-r0,Easynet,trajectory,B1,5,12.582520644974739,0.3145630161243685,optimal,3.1869952519991784,37597,61208,229684
sens-btot2,Easynet-r0,Easynet,trajectory,B1,6,12.261804522994495,0.3065451130748624,optimal,2.699860232001811,37597,61208,229684
sens-btot2,Easynet-r0,Easynet,trajectory,B1,7,13.510116535269493,0.3377529133817373,optimal,2.8122649069991894,37597,61208,229684
sens-btot2,Easynet-r0,Easynet,trajectory,B1,8,13.06368018622279,0.32659200465556976,optimal,2.6625960469973506,37597,61208,229684
sens-btot2,Easynet-r0,Easynet,trajectory,B1,9,11.89796278582615,0.29744906964565376,optimal,2.7090917629975593,37597,61208,229684
sens-btot2,Easynet-r0,Easynet,trajectory,B1,10,12.162423169304839,0.304060579232621,optimal,3.0167241759991157,37597,61208,229684
sens-btot2,Easynet-r0,Easynet,trajectory,B1,11,11.986034629826394,0.29965086574565986,optimal,2.775574488005077,37597,61208,229684
sens-btot2,Easynet-r0,Easynet,trajectory,B1,12,12.68739398509061,0.31718484962726523,optimal,2.7135221689968603,37597,61208,229684
sens-btot2,Easynet-r0,Easynet,trajectory,B1,13,11.194732926280839,0.279868323157021,optimal,3.015983598997991,37597,61208,229684
sens-btot2,Easynet-r0,Easynet,trajectory,B1,14,13.903120411437895,0.34757801028594737,optimal,2.611460077998345,37597,61208,229684
sens-btot2,Easynet-r0,Easynet,trajectory,B1,15,12.501502572717358,0.31253756431793395,optimal,2.695612360999803,37597,61208,229684
sens-btot2,Easynet-r0,Easynet,trajectory,B1,16,11.251914966993008,0.2812978741748252,optimal,2.570782593000331,37597,61208,229684
sens-btot2,Easynet-r0,Easynet,trajectory,B1,17,12.843783950657834,0.32109459876644586,optimal,3.26603051800339,37597,61208,229684
sens-btot2,Easynet-r0,Easynet,trajectory,B1,18,12.37395340103748,0.309348835025937,optimal,2.736849761000485,37597,61208,229684
sens-btot2,Easynet-r0,Easynet,trajectory,B1,19,12.149045635868916,0.3037261408967229,optimal,2.9062056620023213,37597,61208,229684
sens-btot2,Easynet-r0,Easynet,trajectory,B1,20,12.581459837104257,0.3145364959276064,optimal,2.7347478000010597,37597,61208,229684
sens-btot2,Easynet-r0,Easynet,trajectory,B1,21,11.151866399645666,0.27879665999114167,optimal,2.8347224470053334,37597,61208,229684
sens-btot2,Easynet-r0,Easynet,trajectory,B1,22,11.553442899521905,0.2888360724880476,optimal,2.965741865002201,37597,61208,229684
sens-btot2,Easynet-r0,Easynet,trajectory,B1,23,12.132809162994599,0.303320229074865,optimal,2.6662721179964137,37597,61208,229684
sens-btot2,Easynet-r0,Easynet,trajectory,B1,24,11.969437136964594,0.29923592842411484,optimal,2.632472103003238,37597,61208,229684
sens-btot2,Easynet-r0,Easynet,trajectory,B1,25,11.878997429641263,0.29697493574103156,optimal,2.6617539929939085,37597,61208,229684
sens-btot2,Easynet-r0,Easynet,trajectory,B1,26,11.492554128942642,0.28731385322356606,optimal,2.9635793739944347,37597,61208,229684
sens-btot2,Easynet-r0,Easynet,trajectory,B1,27,12.297671452819614,0.30744178632049035,optimal,2.7962176779983565,37597,61208,229684
sens-btot2,Easynet-r0,Easynet,trajectory,B1,28,12.003519391301987,0.30008798478254967,optimal,2.664505314998678,37597,61208,229684
sens-btot2,Easynet-r0,Easynet,trajectory,B1,29,11.369926030332167,0.2842481507583042,optimal,2.778408040998329,37597,61208,229684
sens-btot2,Garr200112-r0,Garr200112,trajectory,B1,0,26.65820868745739,0.6664552171864347,optimal,1.9510137729957933,29323,56299,188119
sens-btot2,Garr200112-r0,Garr200112,trajectory,B1,1,26.231659333487492,0.6557914833371873,optimal,1.9127672619943041,29323,56299,188119
sens-btot2,Garr200112-r0,Garr200112,trajectory,B1,2,24.22763047921887,0.6056907619804718,optimal,2.283020533002855,29323,56299,188119
sens-btot2,Garr200112-r0,Garr200112,trajectory,B1,3,27.386300196619253,0.6846575049154813,optimal,1.8297335550014395,29323,56299,188119
sens-btot2,Garr200112-r0,Garr200112,trajectory,B1,4,26.560134027829868,0.6640033506957467,optimal,1.910549442996853,29323,56299,188119
sens-btot2,Garr200112-r0,Garr200112,trajectory,B1,5,26.284955915142437,0.657123897878561,optimal,1.7968218729947694,29323,56299,188119
sens-btot2,Garr200112-r0,Garr200112,trajectory,B1,6,26.55231343313801,0.6638078358284503,optimal,1.756751347995305,29323,56299,188119
sens-btot2,Garr200112-r0,Garr200112,trajectory,B1,7,26.983341363036928,0.6745835340759232,optimal,1.9075582590012345,29323,56299,188119
sens-btot2,Garr200112-r0,Garr200112,trajectory,B1,8,25.84405319784715,0.6461013299461787,optimal,1.8982614890046534,29323,56299,188119
sens-btot2,Garr200112-r0,Garr200112,trajectory,B1,9,25.38537842428932,0.634634460607233,optimal,1.7671439179976005,29323,56299,188119
sens-btot2,Garr200112-r0,Garr200112,trajectory,B1,10,27.34040448668741,0.6835101121671853,optimal,1.872307659003127,29323,56299,188119
sens-btot2,Garr200112-r0,Garr200112,trajectory,B1,11,26.464270049636607,0.6616067512409152,optimal,1.9089679929966223,29323,56299,188119
sens-btot2,Garr200112-r0,Garr200112,trajectory,B1,12,25.016919888439514,0.6254229972109878,optimal,1.7609073739949963,29323,56299,188119
sens-btot2,Garr200112-r0,Garr200112,trajectory,B1,13,24.640630926860464,0.6160157731715116,optimal,1.795406716002617,29323,56299,188119
sens-btot2,Garr200112-r0,Garr200112,trajectory,B1,14,26.24410496985122,0.6561026242462805,optimal,1.9039252720031072,29323,56299,188119
sens-btot2,Garr200112-r0,Garr200112,trajectory,B1,15,26.890794752658522,0.672269868816463,optimal,1.76910702099849,29323,56299,188119
sens-btot2,Garr200112-r0,Garr200112,trajectory,B1,16,25.543916687755825,0.6385979171938956,optimal,1.801919875004387,29323,56299,188119
sens-btot2,Garr200112-r0,Garr200112,trajectory,B1,17,27.031151303342387,0.6757787825835597,optimal,1.8105345730000408,29323,56299,188119
sens-btot2,Garr200112-r0,Garr200112,trajectory,B1,18,26.47471617429373,0.6618679043573432,optimal,1.8268681820045458,29323,56299,188119
sens-btot2,Garr200112-r0,Garr200112,trajectory,B1,19,25.273992720147277,0.6318498180036819,optimal,2.18758894399798,29323,56299,188119
sens-btot2,Garr200112-r0,Garr200112,trajectory,B1,20,25.49273826571934,0.6373184566429835,optimal,1.9167423230028362,29323,56299,188119
sens-btot2,Garr200112-r0,Garr200112,trajectory,B1,21,26.746021312691695,0.6686505328172924,optimal,1.8385693050004193,29323,56299,188119
sens-btot2,Garr200112-r0,Garr200112,trajectory,B1,22,25.218061843971643,0.6304515460992911,optimal,1.8457800909964135,29323,56299,188119
sens-btot2,Garr200112-r0,Garr200112,trajectory,B1,23,25.504976282864973,0.6376244070716244,optimal,2.2029605630013975,29323,56299,188119
sens-btot2,Garr200112-r0,Garr200112,trajectory,B1,24,24.98393209790006,0.6245983024475015,optimal,2.012527377999504,29323,56299,188119
sens-btot2,Garr200112-r0,Garr200112,trajectory,B1,25,26.235232923086365,0.6558808230771591,optimal,1.8053227869968396,29323,56299,188119
sens-btot2,Garr200112-r0,Garr200112,trajectory,B1,26,27.64118208927946,0.6910295522319865,optimal,1.8904945719987154,29323,56299,188119
sens-btot2,Garr200112-r0,Garr200112,trajectory,B1,27,25.87530597044616,0.646882649261154,optimal,2.001813287999539,29323,56299,188119
sens-btot2,Garr200112-r0,Garr200112,trajectory,B1,28,27.06817508870613,0.6767043772176533,optimal,1.948980004999612,29323,56299,188119
sens-btot2,Garr200112-r0,Garr200112,trajectory,B1,29,26.056973131352844,0.6514243282838211,optimal,1.9689753050042782,29323,56299,188119
sens-btot2,Garr200404-r0,Garr200404,trajectory,B1,0,30.587243555173117,0.764681088879328,optimal,1.9812091189960483,30153,58952,198035
sens-btot2,Garr200404-r0,Garr200404,trajectory,B1,1,29.424535443639524,0.7356133860909881,optimal,1.9936218929942697,30153,58952,198035
sens-btot2,Garr200404-r0,Garr200404,trajectory,B1,2,30.825272738154094,0.7706318184538523,optimal,1.8577107080054702,30153,58952,198035
sens-btot2,Garr200404-r0,Garr200404,trajectory,B1,3,29.068526229159666,0.7267131557289916,optimal,2.0456453199949465,30153,58952,198035
sens-btot2,Garr200404-r0,Garr200404,trajectory,B1,4,29.234965647446266,0.7308741411861567,optimal,1.7164134670019848,30153,58952,198035
sens-btot2,Garr200404-r0,Garr200404,trajectory,B1,5,29.972649329713697,0.7493162332428425,optimal,1.8217544220024138,30153,58952,198035
sens-btot2,Garr200404-r0,Garr200404,trajectory,B1,6,30.73294526518113,0.7683236316295282,optimal,1.6847004770024796,30153,58952,198035
sens-btot2,Garr200404-r0,Garr200404,trajectory,B1,7,30.429766156501177,0.7607441539125295,optimal,1.73798027200246,30153,58952,198035
sens-btot2,Garr200404-r0,Garr200404,trajectory,B1,8,30.739023441494666,0.7684755860373667,optimal,1.7137315389991272,30153,58952,198035
sens-btot2,Garr200404-r0,Garr200404,trajectory,B1,9,30.659129704645526,0.7664782426161382,optimal,1.942806938997819,30153,58952,198035
sens-btot2,Garr200404-r0,Garr200404,trajectory,B1,10,29.541497577419857,0.7385374394354964,optimal,1.6581681140014553,30153,58952,198035
sens-btot2,Garr200404-r0,Garr200404,trajectory,B1,11,30.80626873604436,0.770156718401109,optimal,2.2050585340039106,30153,58952,198035
sens-btot2,Garr200404-r0,Garr200404,trajectory,B1,12,29.794605251690708,0.7448651312922677,optimal,1.8190056570019806,30153,58952,198035
sens-btot2,Garr200404-r0,Garr200404,trajectory,B1,13,30.752100564300665,0.7688025141075167,optimal,2.1339606850015116,30153,58952,198035
sens-btot2,Garr200404-r0,Garr200404,trajectory,B1,14,30.84152817867201,0.7710382044668003,optimal,1.7291530829970725,30153,58952,198035
sens-btot2,Garr200404-r0,Garr200404,trajectory,B1,15,29.25234410602227,0.7313086026505567,optimal,1.6484457179976744,30153,58952,198035
sens-btot2,Garr200404-r0,Garr200404,trajectory,B1,16,30.793387122543578,0.7698346780635894,optimal,1.672568173999025,30153,58952,198035
sens-btot2,Garr200404-r0,Garr200404,trajectory,B1,17,30.97358347078238,0.7743395867695595,optimal,1.7398718030017335,30153,58952,198035
sens-btot2,Garr200404-r0,Garr200404,trajectory,B1,18,30.24515060358025,0.7561287650895062,optimal,1.6551079630007735,30153,58952,198035
sens-btot2,Garr200404-r0,Garr200404,trajectory,B1,19,31.191092075513932,0.7797773018878483,optimal,1.9351717269964865,30153,58952,198035
sens-btot2,Garr200404-r0,Garr200404,trajectory,B1,20,29.852647092133356,0.7463161773033339,optimal,1.7598151029960718,30153,58952,198035
sens-btot2,Garr200404-r0,Garr200404,trajectory,B1,21,30.591175695743214,0.7647793923935804,optimal,1.8884620369935874,30153,58952,198035
sens-btot2,Garr200404-r0,Garr200404,trajectory,B1,22,31.11917259301124,0.7779793148252809,optimal,2.2334782510006335,30153,58952,198035
sens-btot2,Garr200404-r0,Garr200404,trajectory,B1,23,29.763794718541984,0.7440948679635496,optimal,2.007816047000233,30153,58952,198035
sens-btot2,Garr200404-r0,Garr200404,trajectory,B1,24,29.72987872077627,0.7432469680194067,optimal,1.7946757370009436,30153,58952,198035
sens-btot2,Garr200404-r0,Garr200404,trajectory,B1,25,30.40355717706629,0.7600889294266573,optimal,2.0236019500007387,30153,58952,198035
sens-btot2,Garr200404-r0,Garr200404,trajectory,B1,26,30.61981363174255,0.7654953407935637,optimal,1.802293147004093,30153,58952,198035
sens-btot2,Garr200404-r0,Garr200404,trajectory,B1,27,30.090249502365523,0.7522562375591381,optimal,1.642262708999624,30153,58952,198035
sens-btot2,Garr200404-r0,Garr200404,trajectory,B1,28,30.50606468292141,0.7626516170730352,optimal,1.9097294090024661,30153,58952,198035
sens-btot2,Garr200404-r0,Garr200404,trajectory,B1,29,31.166198894714157,0.7791549723678539,optimal,1.755390879996412,30153,58952,198035
sens-btot2,Marwan-r0,Marwan,trajectory,B1,0,20.997030014741128,0.5249257503685282,optimal,3.1741637620070833,41331,64555,238865
sens-btot2,Marwan-r0,Marwan,trajectory,B1,1,23.24545105140531,0.5811362762851328,optimal,3.2643194560005213,41331,64555,238865
sens-btot2,Marwan-r0,Marwan,trajectory,B1,2,20.399160986127104,0.5099790246531776,optimal,3.5725125329990988,41331,64555,238865
sens-btot2,Marwan-r0,Marwan,trajectory,B1,3,20.907106341280464,0.5226776585320116,optimal,2.979466593002144,41331,64555,238865
sens-btot2,Marwan-r0,Marwan,trajectory,B1,4,22.14612534448367,0.5536531336120918,optimal,3.83554273199843,41331,64555,238865
sens-btot2,Marwan-r0,Marwan,trajectory,B1,5,21.865275206739863,0.5466318801684966,optimal,3.317460010999639,41331,64555,238865
sens-btot2,Marwan-r0,Marwan,trajectory,B1,6,21.281277719403626,0.5320319429850906,optimal,3.8937808010014123,41331,64555,238865
sens-btot2,Marwan-r0,Marwan,trajectory,B1,7,21.173914172427764,0.5293478543106941,optimal,3.1645548029991915,41331,64555,238865
sens-btot2,Marwan-r0,Marwan,trajectory,B1,8,21.960951666377174,0.5490237916594294,optimal,3.7417818550020456,41331,64555,238865
sens-btot2,Marwan-r0,Marwan,trajectory,B1,9,21.838088737789562,0.5459522184447391,optimal,3.889405968002393,41331,64555,238865
sens-btot2,Marwan-r0,Marwan,trajectory,B1,10,23.226788251714076,0.5806697062928519,optimal,4.303103176003788,41331,64555,238865
sens-btot2,Marwan-r0,Marwan,trajectory,B1,11,21.959911343851964,0.5489977835962991,optimal,3.9489514770029928,41331,64555,238865
sens-btot2,Marwan-r0,Marwan,trajectory,B1,12,22.653245345684525,0.5663311336421131,optimal,3.9039351910032565,41331,64555,238865
sens-btot2,Marwan-r0,Marwan,trajectory,B1,13,23.330846099503617,0.5832711524875904,optimal,3.7519753509986913,41331,64555,238865
sens-btot2,Marwan-r0,Marwan,trajectory,B1,14,21.106606983042628,0.5276651745760657,optimal,4.231854489997204,41331,64555,238865
sens-btot2,Marwan-r0,Marwan,trajectory,B1,15,19.80718948923934,0.4951797372309835,optimal,3.711718913000368,41331,64555,238865
sens-btot2,Marwan-r0,Marwan,trajectory,B1,16,21.69618033496157,0.5424045083740393,optimal,3.601407583002583,41331,64555,238865
sens-btot2,Marwan-r0,Marwan,trajectory,B1,17,22.898176532206254,0.5724544133051563,optimal,4.203533551000874,41331,64555,238865
sens-btot2,Marwan-r0,Marwan,trajectory,B1,18,23.27622025625995,0.5819055064064987,optimal,3.6365130780031905,41331,64555,238865
sens-btot2,Marwan-r0,Marwan,trajectory,B1,19,22.488011546036585,0.5622002886509146,optimal,3.3096845709951594,41331,64555,238865
sens-btot2,Marwan-r0,Marwan,trajectory,B1,20,21.632433888931295,0.5408108472232824,optimal,3.941924057995493,41331,64555,238865
sens-btot2,Marwan-r0,Marwan,trajectory,B1,21,22.936487591241985,0.5734121897810496,optimal,3.584451104004984,41331,64555,238865
sens-btot2,Marwan-r0,Marwan,trajectory,B1,22,21.48139532742585,0.5370348831856463,optimal,3.8828430300054606,41331,64555,238865
sens-btot2,Marwan-r0,Marwan,trajectory,B1,23,22.008167266875137,0.5502041816718785,optimal,3.5506231850013137,41331,64555,238865
sens-btot2,Marwan-r0,Marwan,trajectory,B1,24,20.558715239946217,0.5139678809986554,optimal,3.1258654039993417,41331,64555,238865
sens-btot2,Marwan-r0,Marwan,trajectory,B1,25,21.797044940297848,0.5449261235074462,optimal,3.4566991190004046,41331,64555,238865
sens-btot2,Marwan-r0,Marwan,trajectory,B1,26,21.44395171436484,0.536098792859121,optimal,3.1982518270015134,41331,64555,238865
sens-btot2,Marwan-r0,Marwan,trajectory,B1,27,22.36952332813901,0.5592380832034752,optimal,3.6107882510041236,41331,64555,238865
sens-btot2,Marwan-r0,Marwan,trajectory,B1,28,21.629707660044964,0.5407426915011241,optimal,3.0960235520033166,41331,64555,238865
sens-btot2,Marwan-r0,Marwan,trajectory,B1,29,21.257659055515926,0.5314414763878982,optimal,3.592415308005002,41331,64555,238865
sens-deadline-long,Agis-r0,Agis,trajectory,B1,0,26.566764106057075,0.6641691026514269,optimal,4.83480942499591,64436,98098,404829
sens-deadline-long,Agis-r0,Agis,trajectory,B1,1,29.861845628291544,0.7465461407072886,optimal,5.741337428000406,64436,98098,404829
sens-deadline-long,Agis-r0,Agis,trajectory,B1,2,29.07495839580305,0.7268739598950763,optimal,5.375401417004468,64436,98098,404829
sens-deadline-long,Agis-r0,Agis,trajectory,B1,3,28.114660967024953,0.7028665241756238,optimal,4.9126267390020075,64436,98098,404829
sens-deadline-long,Agis-r0,Agis,trajectory,B1,4,29.125656061238477,0.728141401530962,optimal,4.733039775994257,64436,98098,404829
sens-deadline-long,Agis-r0,Agis,trajectory,B1,5,28.389169137044462,0.7097292284261115,optimal,5.423070309996547,64436,98098,404829
sens-deadline-long,Agis-r0,Agis,trajectory,B1,6,28.187384878270443,0.7046846219567611,optimal,5.427415280006244,64436,98098,404829
sens-deadline-long,Agis-r0,Agis,trajectory,B1,7,28.471312328339103,0.7117828082084776,optimal,5.2086652779980795,64436,98098,404829
sens-deadline-long,Agis-r0,Agis,trajectory,B1,8,28.84076848608927,0.7210192121522317,optimal,5.289587200000824,64436,98098,404829
sens-deadline-long,Agis-r0,Agis,trajectory,B1,9,28.953936090672585,0.7238484022668146,optimal,5.613844079001865,64436,98098,404829
sens-deadline-long,Agis-r0,Agis,trajectory,B1,10,28.264820360774078,0.7066205090193519,optimal,5.647548558998096,64436,98098,404829
sens-deadline-long,Agis-r0,Agis,trajectory,B1,11,28.539768530814335,0.7134942132703583,optimal,5.231742888994631,64436,98098,404829
sens-deadline-long,Agis-r0,Agis,trajectory,B1,12,28.19922592161413,0.7049806480403532,optimal,5.253593152003305,64436,98098,404829
sens-deadline-long,Agis-r0,Agis,trajectory,B1,13,28.133066415247036,0.7033266603811759,optimal,6.335140638999292,64436,98098,404829
sens-deadline-long,Agis-r0,Agis,trajectory,B1,14,28.550680168944456,0.7137670042236114,optimal,5.218129107997811,64436,98098,404829
sens-deadline-long,Agis-r0,Agis,trajectory,B1,15,28.972222970843507,0.7243055742710877,optimal,5.7551785449977615,64436,98098,404829
sens-deadline-long,Agis-r0,Agis,trajectory,B1,16,28.036443910274134,0.7009110977568533,optimal,6.458606162996148,64436,98098,404829
sens-deadline-long,Agis-r0,Agis,trajectory,B1,17,27.569102053663542,0.6892275513415885,optimal,5.208035346004181,64436,98098,404829
sens-deadline-long,Agis-r0,Agis,trajectory,B1,18,27.084433474551776,0.6771108368637944,optimal,5.345855628998834,64436,98098,404829
sens-deadline-long,Agis-r0,Agis,trajectory,B1,19,26.863460479802523,0.671586511995063,optimal,5.489554468993447,64436,98098,404829
sens-deadline-long,Agis-r0,Agis,trajectory,B1,20,28.60927671975026,0.7152319179937565,optimal,5.291485120003927,64436,98098,404829
sens-deadline-long,Agis-r0,Agis,trajectory,B1,21,28.599571321993054,0.7149892830498263,optimal,6.417356616999314,64436,98098,404829
sens-deadline-long,Agis-r0,Agis,trajectory,B1,22,28.65412564646161,0.7163531411615403,optimal,6.0908568059967365,64436,98098,404829
sens-deadline-long,Agis-r0,Agis,trajectory,B1,23,28.4160587759183,0.7104014693979576,optimal,5.609286026003247,64436,98098,404829
sens-deadline-long,Agis-r0,Agis,trajectory,B1,24,29.928993995653908,0.7482248498913477,optimal,6.189833443997486,64436,98098,404829
sens-deadline-long,Agis-r0,Agis,trajectory,B1,25,27.803043320183683,0.6950760830045921,optimal,5.241635106001922,64436,98098,404829
sens-deadline-long,Agis-r0,Agis,trajectory,B1,26,26.465975414716983,0.6616493853679246,optimal,5.773720763005258,64436,98098,404829
sens-deadline-long,Agis-r0,Agis,trajectory,B1,27,29.171430642355027,0.7292857660588756,optimal,6.47751266600244,64436,98098,404829
sens-deadline-long,Agis-r0,Agis,trajectory,B1,28,26.908311860129317,0.6727077965032329,optimal,5.157268240000121,64436,98098,404829
sens-deadline-long,Agis-r0,Agis,trajectory,B1,29,26.738630823386803,0.66846577058467,optimal,5.031827112994506,64436,98098,404829
sens-deadline-long,Belnet2008-r0,Belnet2008,trajectory,B1,0,34.565156649213506,0.8641289162303376,optimal,7.807084551997832,62927,98825,382197
sens-deadline-long,Belnet2008-r0,Belnet2008,trajectory,B1,1,33.69611221898805,0.8424028054747013,optimal,7.962465226002678,62927,98825,382197
sens-deadline-long,Belnet2008-r0,Belnet2008,trajectory,B1,2,32.92403473971815,0.8231008684929538,optimal,7.147055872002966,62927,98825,382197
sens-deadline-long,Belnet2008-r0,Belnet2008,trajectory,B1,3,33.85925007322415,0.8464812518306039,optimal,7.967787891997432,62927,98825,382197
sens-deadline-long,Belnet2008-r0,Belnet2008,trajectory,B1,4,33.62960779937406,0.8407401949843514,optimal,9.606344056002854,62927,98825,382197
sens-deadline-long,Belnet2008-r0,Belnet2008,trajectory,B1,5,33.12774177247459,0.8281935443118649,optimal,26.539556089002872,62927,98825,382197
sens-deadline-long,Belnet2008-r0,Belnet2008,trajectory,B1,6,33.820207792394754,0.8455051948098689,optimal,9.986779169004876,62927,98825,382197
sens-deadline-long,Belnet2008-r0,Belnet2008,trajectory,B1,7,33.622065022803945,0.8405516255700987,optimal,7.791748827999982,62927,98825,382197
sens-deadline-long,Belnet2008-r0,Belnet2008,trajectory,B1,8,34.00882950041779,0.8502207375104447,optimal,8.918874367998797,62927,98825,382197
sens-deadline-long,Belnet2008-r0,Belnet2008,trajectory,B1,9,34.18259070327416,0.854564767581854,optimal,8.58595427399996,62927,98825,382197
sens-deadline-long,Belnet2008-r0,Belnet2008,trajectory,B1,10,34.64463441808914,0.8661158604522285,optimal,12.985269993005204,62927,98825,382197
sens-deadline-long,Belnet2008-r0,Belnet2008,trajectory,B1,11,35.31600109439045,0.8829000273597613,optimal,8.99890376199619,62927,98825,382197
sens-deadline-long,Belnet2008-r0,Belnet2008,trajectory,B1,12,34.26025068573792,0.856506267143448,optimal,7.7611634290005895,62927,98825,382197
sens-deadline-long,Belnet2008-r0,Belnet2008,trajectory,B1,13,33.57196704653921,0.8392991761634802,optimal,8.273843827999372,62927,98825,382197
sens-deadline-long,Belnet2008-r0,Belnet2008,trajectory,B1,14,34.25488051460004,0.856372012865001,optimal,9.740593269998499,62927,98825,382197
sens-deadline-long,Belnet2008-r0,Belnet2008,trajectory,B1,15,34.06773813171686,0.8516934532929215,optimal,7.784832274002838,62927,98825,382197
sens-deadline-long,Belnet2008-r0,Belnet2008,trajectory,B1,16,35.16623635985873,0.8791559089964682,optimal,9.035612144994957,62927,98825,382197
sens-deadline-long,Belnet2008-r0,Belnet2008,trajectory,B1,17,33.58749000882209,0.8396872502205521,optimal,9.410277979004604,62927,98825,382197
sens-deadline-long,Belnet2008-r0,Belnet2008,trajectory,B1,18,33.508559753454925,0.8377139938363731,optimal,8.94131503799872,62927,98825,382197
sens-deadline-long,Belnet2008-r0,Belnet2008,trajectory,B1,19,34.72518708650525,0.8681296771626312,optimal,8.81932421199599,62927,98825,382197
sens-deadline-long,Belnet2008-r0,Belnet2008,trajectory,B1,20,33.721393334213346,0.8430348333553337,optimal,10.855710969997745,62927,98825,382197
sens-deadline-long,Belnet2008-r0,Belnet2008,trajectory,B1,21,33.724840109522425,0.8431210027380607,optimal,9.254203796001093,62927,98825,382197
sens-deadline-long,Belnet2008-r0,Belnet2008,trajectory,B1,22,33.3994894992512,0.8349872374812801,optimal,10.39050597199821,62927,98825,382197
sens-deadline-long,Belnet2008-r0,Belnet2008,trajectory,B1,23,33.06738730116778,0.8266846825291945,optimal,8.8277047340016,62927,98825,382197
sens-deadline-long,Belnet2008-r0,Belnet2008,trajectory,B1,24,33.3590643667476,0.8339766091686901,optimal,9.127597532002255,62927,98825,382197
sens-deadline-long,Belnet2008-r0,Belnet2008,trajectory,B1,25,34.06756503866188,0.8516891259665471,optimal,10.140414856999996,62927,98825,382197
sens-deadline-long,Belnet2008-r0,Belnet2008,trajectory,B1,26,33.53672380917458,0.8384180952293645,optimal,9.169395379001799,62927,98825,382197
sens-deadline-long,Belnet2008-r0,Belnet2008,trajectory,B1,27,32.551289697607636,0.8137822424401909,optimal,8.348777523002354,62927,98825,382197
sens-deadline-long,Belnet2008-r0,Belnet2008,trajectory,B1,28,33.275955351660095,0.8318988837915023,optimal,8.392273591998674,62927,98825,382197
sens-deadline-long,Belnet2008-r0,Belnet2008,trajectory,B1,29,33.62140374635296,0.8405350936588241,optimal,9.057047276997764,62927,98825,382197
sens-deadline-long,BsonetEurope-r0,BsonetEurope,trajectory,B1,0,36.60710033953382,0.9151775084883456,optimal,12.252895356999943,77197,110510,448624
sens-deadline-long,BsonetEurope-r0,BsonetEurope,trajectory,B1,1,36.47233185313821,0.9118082963284552,optimal,12.944904114003293,77197,110510,448624
sens-deadline-long,BsonetEurope-r0,BsonetEurope,trajectory,B1,2,36.34292809083045,0.9085732022707612,optimal,18.49894992500049,77197,110510,448624
sens-deadline-long,BsonetEurope-r0,BsonetEurope,trajectory,B1,3,35.74235744056279,0.8935589360140698,optimal,13.21514002999902,77197,110510,448624
sens-deadline-long,BsonetEurope-r0,BsonetEurope,trajectory,B1,4,36.03023103933563,0.9007557759833908,optimal,16.30791778999992,77197,110510,448624
sens-deadline-long,BsonetEurope-r0,BsonetEurope,trajectory,B1,5,36.29410781858534,0.9073526954646335,optimal,10.730779379999149,77197,110510,448624
sens-deadline-long,BsonetEurope-r0,BsonetEurope,trajectory,B1,6,35.64428556840887,0.8911071392102217,optimal,16.4187296720047,77197,110510,448624
sens-deadline-long,BsonetEurope-r0,BsonetEurope,trajectory,B1,7,35.9021421931625,0.8975535548290624,optimal,12.830077443002665,77197,110510,448624
sens-deadline-long,BsonetEurope-r0,BsonetEurope,trajectory,B1,8,36.00567495828305,0.9001418739570763,optimal,11.053028387999802,77197,110510,448624
sens-deadline-long,BsonetEurope-r0,BsonetEurope,trajectory,B1,9,36.15087502116847,0.9037718755292117,optimal,12.144961933001468,77197,110510,448624
sens-deadline-long,BsonetEurope-r0,BsonetEurope,trajectory,B1,10,36.18077603791386,0.9045194009478464,optimal,10.778389109997079,77197,110510,448624
sens-deadline-long,BsonetEurope-r0,BsonetEurope,trajectory,B1,11,36.353475024841565,0.9088368756210391,optimal,13.256048240000382,77197,110510,448624
sens-deadline-long,BsonetEurope-r0,BsonetEurope,trajectory,B1,12,36.05580978260502,0.9013952445651254,optimal,13.593042300999514,77197,110510,448624
sens-deadline-long,BsonetEurope-r0,BsonetEurope,trajectory,B1,13,36.80574340175646,0.9201435850439115,optimal,12.77021078299731,77197,110510,448624
sens-deadline-long,BsonetEurope-r0,BsonetEurope,trajectory,B1,14,36.49832468559866,0.9124581171399665,optimal,17.027117192999867,77197,110510,448624
sens-deadline-long,BsonetEurope-r0,BsonetEurope,trajectory,B1,15,36.262628317543914,0.9065657079385978,optimal,13.163587126000493,77197,110510,448624
sens-deadline-long,BsonetEurope-r0,BsonetEurope,trajectory,B1,16,35.506505057121196,0.8876626264280298,optimal,15.809756859998743,77197,110510,448624
sens-deadline-long,BsonetEurope-r0,BsonetEurope,trajectory,B1,17,36.44798062222239,0.9111995155555597,optimal,12.515142628995818,77197,110510,448624
sens-deadline-long,BsonetEurope-r0,BsonetEurope,trajectory,B1,18,35.61231760357177,0.8903079400892941,optimal,16.133314257000166,77197,110510,448624
sens-deadline-long,BsonetEurope-r0,BsonetEurope,trajectory,B1,19,36.57020322553797,0.9142550806384493,optimal,13.374959492997732,77197,110510,448624
sens-deadline-long,BsonetEurope-r0,BsonetEurope,trajectory,B1,20,35.70278298382403,0.8925695745956007,optimal,13.698484938002366,77197,110510,448624
sens-deadline-long,BsonetEurope-r0,BsonetEurope,trajectory,B1,21,36.32243691809759,0.9080609229524397,optimal,18.26165270400088,77197,110510,448624
sens-deadline-long,BsonetEurope-r0,BsonetEurope,trajectory,B1,22,36.32085598274306,0.9080213995685765,optimal,12.787602923999657,77197,110510,448624
sens-deadline-long,BsonetEurope-r0,BsonetEurope,trajectory,B1,23,36.30248679192498,0.9075621697981244,optimal,19.574465997000516,77197,110510,448624
sens-deadline-long,BsonetEurope-r0,BsonetEurope,trajectory,B1,24,35.98073826729135,0.8995184566822838,optimal,13.417878855994786,77197,110510,448624
sens-deadline-long,BsonetEurope-r0,BsonetEurope,trajectory,B1,25,36.17141981988767,0.9042854954971917,optimal,13.157020327998907,77197,110510,448624
sens-deadline-long,BsonetEurope-r0,BsonetEurope,trajectory,B1,26,36.434131590383146,0.9108532897595787,optimal,13.468916556994373,77197,110510,448624
sens-deadline-long,BsonetEurope-r0,BsonetEurope,trajectory,B1,27,36.06582896382335,0.9016457240955837,optimal,12.093361593993905,77197,110510,448624
sens-deadline-long,BsonetEurope-r0,BsonetEurope,trajectory,B1,28,36.27801865118488,0.906950466279622,optimal,12.56512531000044,77197,110510,448624
sens-deadline-long,BsonetEurope-r0,BsonetEurope,trajectory,B1,29,36.00132958675198,0.9000332396687994,optimal,14.945260480999423,77197,110510,448624
sens-deadline-long,BtNorthAmerica-r0,BtNorthAmerica,trajectory,B1,0,25.767397738298946,0.6441849434574737,optimal,8.954428650002228,72843,109437,438581
sens-deadline-long,BtNorthAmerica-r0,BtNorthAmerica,trajectory,B1,1,28.99186134612884,0.7247965336532209,optimal,11.030409405000682,72843,109437,438581
sens-deadline-long,BtNorthAmerica-r0,BtNorthAmerica,trajectory,B1,2,27.428436260987173,0.6857109065246794,optimal,8.5041087829959,72843,109437,438581
sens-deadline-long,BtNorthAmerica-r0,BtNorthAmerica,trajectory,B1,3,26.34875878294639,0.6587189695736597,optimal,9.277197652001632,72843,109437,438581
sens-deadline-long,BtNorthAmerica-r0,BtNorthAmerica,trajectory,B1,4,25.438455813893494,0.6359613953473373,optimal,8.107049044992891,72843,109437,438581
sens-deadline-long,BtNorthAmerica-r0,BtNorthAmerica,trajectory,B1,5,27.827027781803693,0.6956756945450924,optimal,8.330253457002982,72843,109437,438581
sens-deadline-long,BtNorthAmerica-r0,BtNorthAmerica,trajectory,B1,6,26.91465367549207,0.6728663418873018,optimal,10.429360403002647,72843,109437,438581
sens-deadline-long,BtNorthAmerica-r0,BtNorthAmerica,trajectory,B1,7,27.213130158355316,0.6803282539588829,optimal,8.311833072002628,72843,109437,438581
sens-deadline-long,BtNorthAmerica-r0,BtNorthAmerica,trajectory,B1,8,29.320990423706334,0.7330247605926583,optimal,10.057102107995888,72843,109437,438581
sens-deadline-long,BtNorthAmerica-r0,BtNorthAmerica,trajectory,B1,9,28.316618678529338,0.7079154669632335,optimal,9.123370604997035,72843,109437,438581
sens-deadline-long,BtNorthAmerica-r0,BtNorthAmerica,trajectory,B1,10,25.9841277492083,0.6496031937302076,optimal,9.679795522002678,72843,109437,438581
sens-deadline-long,BtNorthAmerica-r0,BtNorthAmerica,trajectory,B1,11,28.503946018542173,0.7125986504635543,optimal,9.04917181700148,72843,109437,438581
sens-deadline-long,BtNorthAmerica-r0,BtNorthAmerica,trajectory,B1,12,28.180465003526376,0.7045116250881593,optimal,10.515924286999507,72843,109437,438581
sens-deadline-long,BtNorthAmerica-r0,BtNorthAmerica,trajectory,B1,13,27.163817091751245,0.6790954272937811,optimal,9.530553035001503,72843,109437,438581
sens-deadline-long,BtNorthAmerica-r0,BtNorthAmerica,trajectory,B1,14,26.410946834315368,0.6602736708578842,optimal,8.704370298000867,72843,109437,438581
sens-deadline-long,BtNorthAmerica-r0,BtNorthAmerica,trajectory,B1,15,25.93015823032343,0.6482539557580858,optimal,11.22304872499808,72843,109437,438581
sens-deadline-long,BtNorthAmerica-r0,BtNorthAmerica,trajectory,B1,16,26.74080626898136,0.668520156724534,optimal,8.71925396900042,72843,109437,438581
sens-deadline-long,BtNorthAmerica-r0,BtNorthAmerica,trajectory,B1,17,27.44063432056838,0.6860158580142095,optimal,8.606837339000776,72843,109437,438581
sens-deadline-long,BtNorthAmerica-r0,BtNorthAmerica,trajectory,B1,18,26.034079402942414,0.6508519850735603,optimal,8.879440528995474,72843,109437,438581
sens-deadline-long,BtNorthAmerica-r0,BtNorthAmerica,trajectory,B1,19,26.399407918197838,0.6599851979549459,optimal,7.8867884569990565,72843,109437,438581
sens-deadline-long,BtNorthAmerica-r0,BtNorthAmerica,trajectory,B1,20,27.937260975699306,0.6984315243924827,optimal,8.627809026002069,72843,109437,438581
sens-deadline-long,BtNorthAmerica-r0,BtNorthAmerica,trajectory,B1,21,27.434949987257173,0.6858737496814293,optimal,8.458946819002449,72843,109437,438581
sens-deadline-long,BtNorthAmerica-r0,BtNorthAmerica,trajectory,B1,22,26.626820116114143,0.6656705029028536,optimal,9.99311229599698,72843,109437,438581
sens-deadline-long,BtNorthAmerica-r0,BtNorthAmerica,trajectory,B1,23,28.782564906972745,0.7195641226743186,optimal,8.40211875300156,72843,109437,438581
sens-deadline-long,BtNorthAmerica-r0,BtNorthAmerica,trajectory,B1,24,28.597126750494123,0.7149281687623531,optimal,9.643887869002356,72843,109437,438581
sens-deadline-long,BtNorthAmerica-r0,BtNorthAmerica,trajectory,B1,25,24.685501667377633,0.6171375416844408,optimal,7.245592319995922,72843,109437,438581
sens-deadline-long,BtNorthAmerica-r0,BtNorthAmerica,trajectory,B1,26,26.829473577516268,0.6707368394379067,optimal,7.866772524001135,72843,109437,438581
sens-deadline-long,BtNorthAmerica-r0,BtNorthAmerica,trajectory,B1,27,26.962554735083543,0.6740638683770885,optimal,10.097647930000676,72843,109437,438581
sens-deadline-long,BtNorthAmerica-r0,BtNorthAmerica,trajectory,B1,28,25.784387868558436,0.644609696713961,optimal,7.790682945997105,72843,109437,438581
sens-deadline-long,BtNorthAmerica-r0,BtNorthAmerica,trajectory,B1,29,27.80535030006071,0.6951337575015177,optimal,8.797061180994206,72843,109437,438581
sens-deadline-long,Cesnet200603-r0,Cesnet200603,trajectory,B1,0,27.392416345674143,0.6848104086418536,optimal,7.232965876995877,76315,112262,452269
sens-deadline-long,Cesnet200603-r0,Cesnet200603,trajectory,B1,1,28.177525725970582,0.7044381431492646,optimal,6.352211445002467,76315,112262,452269
sens-deadline-long,Cesnet200603-r0,Cesnet200603,trajectory,B1,2,28.493427485075387,0.7123356871268847,optimal,7.903867344997707,76315,112262,452269
sens-deadline-long,Cesnet200603-r0,Cesnet200603,trajectory,B1,3,27.918773987247743,0.6979693496811936,optimal,9.79451556999993,76315,112262,452269
sens-deadline-long,Cesnet200603-r0,Cesnet200603,trajectory,B1,4,28.23601773571432,0.705900443392858,optimal,7.19195435000438,76315,112262,452269
sens-deadline-long,Cesnet200603-r0,Cesnet200603,trajectory,B1,5,27.714455002864067,0.6928613750716017,optimal,5.599807205006073,76315,112262,452269
sens-deadline-long,Cesnet200603-r0,Cesnet200603,trajectory,B1,6,26.9006058047351,0.6725151451183775,optimal,8.533150390001538,76315,112262,452269
sens-deadline-long,Cesnet200603-r0,Cesnet200603,trajectory,B1,7,27.083891169122566,0.6770972792280642,optimal,6.533371648001776,76315,112262,452269
sens-deadline-long,Cesnet200603-r0,Cesnet200603,trajectory,B1,8,27.374665779345296,0.6843666444836324,optimal,7.6976481409947155,76315,112262,452269
sens-deadline-long,Cesnet200603-r0,Cesnet200603,trajectory,B1,9,26.972474930247905,0.6743118732561977,optimal,7.1127297159982845,76315,112262,452269
sens-deadline-long,Cesnet200603-r0,Cesnet200603,trajectory,B1,10,27.307973494506292,0.6826993373626573,optimal,8.32559154699993,76315,112262,452269
sens-deadline-long,Cesnet200603-r0,Cesnet200603,trajectory,B1,11,27.475987034913945,0.6868996758728486,optimal,5.951090140995802,76315,112262,452269
sens-deadline-long,Cesnet200603-r0,Cesnet200603,trajectory,B1,12,27.594547254060085,0.6898636813515021,optimal,5.5857899589973385,76315,112262,452269
sens-deadline-long,Cesnet200603-r0,Cesnet200603,trajectory,B1,13,28.07882037572535,0.7019705093931338,optimal,6.437674855995283,76315,112262,452269
sens-deadline-long,Cesnet200603-r0,Cesnet200603,trajectory,B1,14,28.05625732843719,0.7014064332109298,optimal,7.361343229997146,76315,112262,452269
sens-deadline-long,Cesnet200603-r0,Cesnet200603,trajectory,B1,15,26.91415550005827,0.6728538875014568,optimal,5.860824335999496,76315,112262,452269
sens-deadline-long,Cesnet200603-r0,Cesnet200603,trajectory,B1,16,27.583031408506955,0.6895757852126738,optimal,8.823957034001069,76315,112262,452269
sens-deadline-long,Cesnet200603-r0,Cesnet200603,trajectory,B1,17,26.943264699909772,0.6735816174977443,optimal,8.430667476000963,76315,112262,452269
sens-deadline-long,Cesnet200603-r0,Cesnet200603,trajectory,B1,18,26.55372804459146,0.6638432011147865,optimal,6.059883654001169,76315,112262,452269
sens-deadline-long,Cesnet200603-r0,Cesnet200603,trajectory,B1,19,27.6218255027004,0.69054563756751,optimal,6.853452914998343,76315,112262,452269
sens-deadline-long,Cesnet200603-r0,Cesnet200603,trajectory,B1,20,27.28826703726789,0.6822066759316973,optimal,7.324609720002627,76315,112262,452269
sens-deadline-long,Cesnet200603-r0,Cesnet200603,trajectory,B1,21,27.2624877194318,0.681562192985795,optimal,6.94080566699995,76315,112262,452269
sens-deadline-long,Cesnet200603-r0,Cesnet200603,trajectory,B1,22,27.17951932805675,0.6794879832014187,optimal,6.343987546999415,76315,112262,452269
sens-deadline-long,Cesnet200603-r0,Cesnet200603,trajectory,B1,23,27.22022900269485,0.6805057250673713,optimal,6.8857903919997625,76315,112262,452269
sens-deadline-long,Cesnet200603-r0,Cesnet200603,trajectory,B1,24,27.78329036825204,0.694582259206301,optimal,6.203073035998386,76315,112262,452269
sens-deadline-long,Cesnet200603-r0,Cesnet200603,trajectory,B1,25,28.267776615467973,0.7066944153866993,optimal,6.95335870499548,76315,112262,452269
sens-deadline-long,Cesnet200603-r0,Cesnet200603,trajectory,B1,26,26.963438788805732,0.6740859697201433,optimal,5.9670366310019745,76315,112262,452269
sens-deadline-long,Cesnet200603-r0,Cesnet200603,trajectory,B1,27,27.378886435487143,0.6844721608871785,optimal,7.178216098000121,76315,112262,452269
sens-deadline-long,Cesnet200603-r0,Cesnet200603,trajectory,B1,28,27.661348543947877,0.691533713598697,optimal,5.31144805400254,76315,112262,452269
sens-deadline-long,Cesnet200603-r0,Cesnet200603,trajectory,B1,29,27.031729541312014,0.6757932385328004,optimal,6.950099392000993,76315,112262,452269
sens-deadline-long,Digex-r0,Digex,trajectory,B1,0,29.500241824168114,0.7375060456042029,optimal,19.757932633001474,134068,177629,648610
sens-deadline-long,Digex-r0,Digex,trajectory,B1,1,28.613788250979393,0.7153447062744849,optimal,19.66589794200263,134068,177629,648610
sens-deadline-long,Digex-r0,Digex,trajectory,B1,2,29.043668945074188,0.7260917236268547,optimal,20.116968500995426,134068,177629,648610
sens-deadline-long,Digex-r0,Digex,trajectory,B1,3,28.901545987899496,0.7225386496974874,optimal,21.127376971002377,134068,177629,648610
sens-deadline-long,Digex-r0,Digex,trajectory,B1,4,29.098714338775856,0.7274678584693964,optimal,20.705321216999437,134068,177629,648610
sens-deadline-long,Digex-r0,Digex,trajectory,B1,5,27.96148557553504,0.699037139388376,optimal,20.631661135004833,134068,177629,648610
sens-deadline-long,Digex-r0,Digex,trajectory,B1,6,29.186313901604507,0.7296578475401126,optimal,22.449457884998992,134068,177629,648610
sens-deadline-long,Digex-r0,Digex,trajectory,B1,7,29.194410547374968,0.7298602636843742,optimal,20.712386563995096,134068,177629,648610
sens-deadline-long,Digex-r0,Digex,trajectory,B1,8,28.78367629961641,0.7195919074904102,optimal,20.850631011999212,134068,177629,648610
sens-deadline-long,Digex-r0,Digex,trajectory,B1,9,28.480085588306984,0.7120021397076746,optimal,20.269089036002697,134068,177629,648610
sens-deadline-long,Digex-r0,Digex,trajectory,B1,10,28.92844049584197,0.7232110123960492,optimal,21.073404012000537,134068,177629,648610
sens-deadline-long,Digex-r0,Digex,trajectory,B1,11,28.11337386815506,0.7028343467038765,optimal,22.810074460998294,134068,177629,648610
sens-deadline-long,Digex-r0,Digex,trajectory,B1,12,30.672336436417744,0.7668084109104436,optimal,20.902038134998293,134068,177629,648610
sens-deadline-long,Digex-r0,Digex,trajectory,B1,13,28.943109868513353,0.7235777467128338,optimal,20.541945450997446,134068,177629,648610
sens-deadline-long,Digex-r0,Digex,trajectory,B1,14,28.726363992303963,0.7181590998075991,optimal,26.75472041699686,134068,177629,648610
sens-deadline-long,Digex-r0,Digex,trajectory,B1,15,29.295358331401435,0.7323839582850359,optimal,19.869422386000224,134068,177629,648610
sens-deadline-long,Digex-r0,Digex,trajectory,B1,16,28.514322794428892,0.7128580698607223,optimal,23.89074736600014,134068,177629,648610
sens-deadline-long,Digex-r0,Digex,trajectory,B1,17,29.40610805471909,0.7351527013679773,optimal,22.012210801003675,134068,177629,648610
sens-deadline-long,Digex-r0,Digex,trajectory,B1,18,29.16591526918745,0.7291478817296863,optimal,20.46018367499346,134068,177629,648610
sens-deadline-long,Digex-r0,Digex,trajectory,B1,19,28.563741319136554,0.7140935329784138,optimal,22.266969609001535,134068,177629,648610
sens-deadline-long,Digex-r0,Digex,trajectory,B1,20,29.202926805080136,0.7300731701270033,optimal,21.25457146899862,134068,177629,648610
sens-deadline-long,Digex-r0,Digex,trajectory,B1,21,28.185076040056277,0.7046269010014069,optimal,20.712685437996697,134068,177629,648610
sens-deadline-long,Digex-r0,Digex,trajectory,B1,22,28.991135200306434,0.7247783800076608,optimal,23.289326220001385,134068,177629,648610
sens-deadline-long,Digex-r0,Digex,trajectory,B1,23,29.2815766313703,0.7320394157842575,optimal,20.748905022002873,134068,177629,648610
sens-deadline-long,Digex-r0,Digex,trajectory,B1,24,28.633064922421877,0.7158266230605469,optimal,23.257911664004496,134068,177629,648610
sens-deadline-long,Digex-r0,Digex,trajectory,B1,25,29.03326277902577,0.7258315694756442,optimal,21.66238485500071,134068,177629,648610
sens-deadline-long,Digex-r0,Digex,trajectory,B1,26,28.92053323792563,0.7230133309481407,optimal,23.78967262399965,134068,177629,648610
sens-deadline-long,Digex-r0,Digex,trajectory,B1,27,28.14008655874564,0.703502163968641,optimal,24.68207463499857,134068,177629,648610
sens-deadline-long,Digex-r0,Digex,trajectory,B1,28,29.306401360966802,0.73266003402417,optimal,24.70810849100235,134068,177629,648610
sens-deadline-long,Digex-r0,Digex,trajectory,B1,29,29.390845493809902,0.7347711373452476,optimal,22.402370092997444,134068,177629,648610
sens-deadline-long,Easynet-r0,Easynet,trajectory,B1,0,17.329215789288963,0.4332303947322241,optimal,9.318600154001615,74541,104225,445757
sens-deadline-long,Easynet-r0,Easynet,trajectory,B1,1,16.255919675461563,0.4063979918865391,optimal,11.676783684997645,74541,104225,445757
sens-deadline-long,Easynet-r0,Easynet,trajectory,B1,2,15.146016219280687,0.37865040548201717,optimal,8.309623359004036,74541,104225,445757
sens-deadline-long,Easynet-r0,Easynet,trajectory,B1,3,16.585874061327186,0.41464685153317965,optimal,9.21861209099734,74541,104225,445757
sens-deadline-long,Easynet-r0,Easynet,trajectory,B1,4,15.942895186957463,0.39857237967393655,optimal,9.213560615004099,74541,104225,445757
sens-deadline-long,Easynet-r0,Easynet,trajectory,B1,5,18.899932303162903,0.4724983075790726,optimal,9.546414865006227,74541,104225,445757
sens-deadline-long,Easynet-r0,Easynet,trajectory,B1,6,16.81175429942941,0.4202938574857352,optimal,9.863994515006198,74541,104225,445757
sens-deadline-long,Easynet-r0,Easynet,trajectory,B1,7,17.66481453734036,0.44162036343350897,optimal,9.181640859002073,74541,104225,445757
sens-deadline-long,Easynet-r0,Easynet,trajectory,B1,8,17.774628021269336,0.4443657005317334,optimal,9.751127333998738,74541,104225,445757
sens-deadline-long,Easynet-r0,Easynet,trajectory,B1,9,16.49474124119442,0.4123685310298605,optimal,8.860457577000489,74541,104225,445757
sens-deadline-long,Easynet-r0,Easynet,trajectory,B1,10,16.871274187934304,0.4217818546983576,optimal,9.63864610100427,74541,104225,445757
sens-deadline-long,Easynet-r0,Easynet,trajectory,B1,11,17.19661304928682,0.42991532623217055,optimal,9.247022153998842,74541,104225,445757
sens-deadline-long,Easynet-r0,Easynet,trajectory,B1,12,16.248557743392393,0.40621394358480983,optimal,8.070190123005887,74541,104225,445757
sens-deadline-long,Easynet-r0,Easynet,trajectory,B1,13,14.474962974573128,0.36187407436432817,optimal,8.499863871998969,74541,104225,445757
sens-deadline-long,Easynet-r0,Easynet,trajectory,B1,14,17.31446080051892,0.43286152001297296,optimal,9.008970554998086,74541,104225,445757
sens-deadline-long,Easynet-r0,Easynet,trajectory,B1,15,17.20667916845654,0.43016697921141345,optimal,8.83210644999781,74541,104225,445757
sens-deadline-long,Easynet-r0,Easynet,trajectory,B1,16,15.45627732676402,0.3864069331691005,optimal,7.7977243169953,74541,104225,445757
sens-deadline-long,Easynet-r0,Easynet,trajectory,B1,17,17.421244743506804,0.43553111858767013,optimal,8.954301359997771,74541,104225,445757
sens-deadline-long,Easynet-r0,Easynet,trajectory,B1,18,16.3942944698281,0.40985736174570253,optimal,9.840353972998855,74541,104225,445757
sens-deadline-long,Easynet-r0,Easynet,trajectory,B1,19,17.627260034814537,0.4406815008703634,optimal,8.91854780200083,74541,104225,445757
sens-deadline-long,Easynet-r0,Easynet,trajectory,B1,20,17.72710328945467,0.4431775822363668,optimal,9.366766157996608,74541,104225,445757
sens-deadline-long,Easynet-r0,Easynet,trajectory,B1,21,15.0790506735818,0.376976266839545,optimal,7.754144275000726,74541,104225,445757
sens-deadline-long,Easynet-r0,Easynet,trajectory,B1,22,16.372917420349957,0.40932293550874893,optimal,9.113306867002393,74541,104225,445757
sens-deadline-long,Easynet-r0,Easynet,trajectory,B1,23,16.744581938517314,0.41861454846293283,optimal,8.254176969996479,74541,104225,445757
sens-deadline-long,Easynet-r0,Easynet,trajectory,B1,24,14.625293197735157,0.3656323299433789,optimal,7.995715430995915,74541,104225,445757
sens-deadline-long,Easynet-r0,Easynet,trajectory,B1,25,15.535523438633323,0.3883880859658331,optimal,8.540999662000104,74541,104225,445757
sens-deadline-long,Easynet-r0,Easynet,trajectory,B1,26,15.242187518089477,0.3810546879522369,optimal,9.551415157002339,74541,104225,445757
sens-deadline-long,Easynet-r0,Easynet,trajectory,B1,27,15.876751818686019,0.3969187954671505,optimal,8.340976916995714,74541,104225,445757
sens-deadline-long,Easynet-r0,Easynet,trajectory,B1,28,16.433199203161994,0.41082998007904986,optimal,8.765603310996084,74541,104225,445757
sens-deadline-long,Easynet-r0,Easynet,trajectory,B1,29,16.119174961446415,0.40297937403616035,optimal,8.774179011001252,74541,104225,445757
sens-deadline-long,Garr200112-r0,Garr200112,trajectory,B1,0,29.344564308365555,0.7336141077091389,optimal,5.852709405997302,57468,92531,359729
sens-deadline-long,Garr200112-r0,Garr200112,trajectory,B1,1,28.26266043066894,0.7065665107667235,optimal,7.858895010002016,57468,92531,359729
sens-deadline-long,Garr200112-r0,Garr200112,trajectory,B1,2,29.462708748934563,0.7365677187233641,optimal,7.900663593994977,57468,92531,359729
sens-deadline-long,Garr200112-r0,Garr200112,trajectory,B1,3,30.28861540285213,0.7572153850713033,optimal,7.0291087470031925,57468,92531,359729
sens-deadline-long,Garr200112-r0,Garr200112,trajectory,B1,4,30.08045858258474,0.7520114645646185,optimal,7.788639145001071,57468,92531,359729
sens-deadline-long,Garr200112-r0,Garr200112,trajectory,B1,5,29.64937130869461,0.7412342827173652,optimal,6.790210996005044,57468,92531,359729
sens-deadline-long,Garr200112-r0,Garr200112,trajectory,B1,6,29.4856344675342,0.737140861688355,optimal,6.873543405999953,57468,92531,359729
sens-deadline-long,Garr200112-r0,Garr200112,trajectory,B1,7,29.996091794603412,0.7499022948650853,optimal,7.251803384999221,57468,92531,359729
sens-deadline-long,Garr200112-r0,Garr200112,trajectory,B1,8,29.722884563196114,0.7430721140799028,optimal,7.238364538003225,57468,92531,359729
sens-deadline-long,Garr200112-r0,Garr200112,trajectory,B1,9,30.04319908233529,0.7510799770583823,optimal,7.783126246002212,57468,92531,359729
sens-deadline-long,Garr200112-r0,Garr200112,trajectory,B1,10,30.664435672567606,0.7666108918141902,optimal,7.255386123004428,57468,92531,359729
sens-deadline-long,Garr200112-r0,Garr200112,trajectory,B1,11,29.023090158005466,0.7255772539501366,optimal,6.532372177003708,57468,92531,359729
sens-deadline-long,Garr200112-r0,Garr200112,trajectory,B1,12,29.395968610134474,0.7348992152533619,optimal,7.830192967005132,57468,92531,359729
sens-deadline-long,Garr200112-r0,Garr200112,trajectory,B1,13,29.401870931565227,0.7350467732891307,optimal,6.1755229420014075,57468,92531,359729
sens-deadline-long,Garr200112-r0,Garr200112,trajectory,B1,14,29.064140182747085,0.7266035045686772,optimal,8.362216080000508,57468,92531,359729
sens-deadline-long,Garr200112-r0,Garr200112,trajectory,B1,15,30.221383604686427,0.7555345901171606,optimal,7.7684797549954965,57468,92531,359729
sens-deadline-long,Garr200112-r0,Garr200112,trajectory,B1,16,30.3176416201298,0.757941040503245,optimal,8.76832610800193,57468,92531,359729
sens-deadline-long,Garr200112-r0,Garr200112,trajectory,B1,17,30.62054293897531,0.7655135734743828,optimal,7.152234614994086,57468,92531,359729
sens-deadline-long,Garr200112-r0,Garr200112,trajectory,B1,18,30.79413912079707,0.7698534780199268,optimal,7.7088126099988585,57468,92531,359729
sens-deadline-long,Garr200112-r0,Garr200112,trajectory,B1,19,29.917761672968812,0.7479440418242203,optimal,6.514558312999725,57468,92531,359729
sens-deadline-long,Garr200112-r0,Garr200112,trajectory,B1,20,29.474274355150513,0.7368568588787628,optimal,8.835454642001423,57468,92531,359729
sens-deadline-long,Garr200112-r0,Garr200112,trajectory,B1,21,30.104272092490728,0.7526068023122682,optimal,8.151428275996295,57468,92531,359729
sens-deadline-long,Garr200112-r0,Garr200112,trajectory,B1,22,29.13316195764628,0.728329048941157,optimal,7.114720192003006,57468,92531,359729
sens-deadline-long,Garr200112-r0,Garr200112,trajectory,B1,23,30.118218042452288,0.7529554510613072,optimal,7.11860950999835,57468,92531,359729
sens-deadline-long,Garr200112-r0,Garr200112,trajectory,B1,24,29.930960046182914,0.7482740011545729,optimal,7.576478485003463,57468,92531,359729
sens-deadline-long,Garr200112-r0,Garr200112,trajectory,B1,25,30.083863965410934,0.7520965991352734,optimal,8.651009090994194,57468,92531,359729
sens-deadline-long,Garr200112-r0,Garr200112,trajectory,B1,26,31.119303106422578,0.7779825776605644,optimal,5.8119944389982265,57468,92531,359729
sens-deadline-long,Garr200112-r0,Garr200112,trajectory,B1,27,29.619865741399654,0.7404966435349913,optimal,7.7736968739991426,57468,92531,359729
sens-deadline-long,Garr200112-r0,Garr200112,trajectory,B1,28,30.689045803851236,0.767226145096281,optimal,7.755778986000223,57468,92531,359729
sens-deadline-long,Garr200112-r0,Garr200112,trajectory,B1,29,29.68856405643684,0.7422141014109209,optimal,8.762568221005495,57468,92531,359729
sens-deadline-long,Garr200404-r0,Garr200404,trajectory,B1,0,33.02964013710209,0.8257410034275523,optimal,5.755608327999653,58682,95143,375756
sens-deadline-long,Garr200404-r0,Garr200404,trajectory,B1,1,31.433085954512908,0.7858271488628227,optimal,6.9249440069979755,58682,95143,375756
sens-deadline-long,Garr200404-r0,Garr200404,trajectory,B1,2,33.4845787808823,0.8371144695220576,optimal,6.53866327599826,58682,95143,375756
sens-deadline-long,Garr200404-r0,Garr200404,trajectory,B1,3,32.70257064699854,0.8175642661749635,optimal,6.497234602997196,58682,95143,375756
sens-deadline-long,Garr200404-r0,Garr200404,trajectory,B1,4,31.585539011386512,0.7896384752846628,optimal,6.017623394996917,58682,95143,375756
sens-deadline-long,Garr200404-r0,Garr200404,trajectory,B1,5,32.335128833321924,0.8083782208330481,optimal,7.3315514140049345,58682,95143,375756
sens-deadline-long,Garr200404-r0,Garr200404,trajectory,B1,6,33.13955079325727,0.8284887698314318,optimal,6.777211829998123,58682,95143,375756
sens-deadline-long,Garr200404-r0,Garr200404,trajectory,B1,7,32.97905422432548,0.824476355608137,optimal,6.2109545819985215,58682,95143,375756
sens-deadline-long,Garr200404-r0,Garr200404,trajectory,B1,8,32.77173470317925,0.8192933675794812,optimal,6.07234237499506,58682,95143,375756
sens-deadline-long,Garr200404-r0,Garr200404,trajectory,B1,9,32.8353004354456,0.8208825108861401,optimal,7.19773313299811,58682,95143,375756
sens-deadline-long,Garr200404-r0,Garr200404,trajectory,B1,10,32.42363485562341,0.8105908713905853,optimal,6.912242692997097,58682,95143,375756
sens-deadline-long,Garr200404-r0,Garr200404,trajectory,B1,11,33.59467527576855,0.8398668818942138,optimal,7.040904005996708,58682,95143,375756
sens-deadline-long,Garr200404-r0,Garr200404,trajectory,B1,12,32.279983908812746,0.8069995977203186,optimal,6.106720767995284,58682,95143,375756
sens-deadline-long,Garr200404-r0,Garr200404,trajectory,B1,13,32.88265279324879,0.8220663198312197,optimal,5.729496994004876,58682,95143,375756
sens-deadline-long,Garr200404-r0,Garr200404,trajectory,B1,14,33.253500399298375,0.8313375099824594,optimal,6.5569916579988785,58682,95143,375756
sens-deadline-long,Garr200404-r0,Garr200404,trajectory,B1,15,32.04496484189129,0.8011241210472824,optimal,7.574341985004139,58682,95143,375756
sens-deadline-long,Garr200404-r0,Garr200404,trajectory,B1,16,32.881123934874225,0.8220280983718556,optimal,6.33828705400083,58682,95143,375756
sens-deadline-long,Garr200404-r0,Garr200404,trajectory,B1,17,34.18704853231867,0.8546762133079667,optimal,7.525558720997651,58682,95143,375756
sens-deadline-long,Garr200404-r0,Garr200404,trajectory,B1,18,32.578294534580685,0.8144573633645171,optimal,7.181510981004976,58682,95143,375756
sens-deadline-long,Garr200404-r0,Garr200404,trajectory,B1,19,33.46761166116504,0.8366902915291259,optimal,5.674087835002865,58682,95143,375756
sens-deadline-long,Garr200404-r0,Garr200404,trajectory,B1,20,33.489148386420666,0.8372287096605167,optimal,7.870833152002888,58682,95143,375756
sens-deadline-long,Garr200404-r0,Garr200404,trajectory,B1,21,33.56876488412145,0.8392191221030363,optimal,6.834937478997745,58682,95143,375756
sens-deadline-long,Garr200404-r0,Garr200404,trajectory,B1,22,33.76540321424845,0.8441350803562113,optimal,7.77540097200108,58682,95143,375756
sens-deadline-long,Garr200404-r0,Garr200404,trajectory,B1,23,33.02501812267965,0.8256254530669912,optimal,6.518806161999237,58682,95143,375756
sens-deadline-long,Garr200404-r0,Garr200404,trajectory,B1,24,32.96634621817298,0.8241586554543245,optimal,7.833420638002281,58682,95143,375756
sens-deadline-long,Garr200404-r0,Garr200404,trajectory,B1,25,33.27519923545673,0.8318799808864183,optimal,6.160204673004046,58682,95143,375756
sens-deadline-long,Garr200404-r0,Garr200404,trajectory,B1,26,33.214865759713646,0.8303716439928411,optimal,6.158473510993645,58682,95143,375756
sens-deadline-long,Garr200404-r0,Garr200404,trajectory,B1,27,32.87428585885189,0.8218571464712973,optimal,7.488108343997737,58682,95143,375756
sens-deadline-long,Garr200404-r0,Garr200404,trajectory,B1,28,32.781856331274895,0.8195464082818724,optimal,5.754117984994082,58682,95143,375756
sens-deadline-long,Garr200404-r0,Garr200404,trajectory,B1,29,33.36975396544135,0.8342438491360337,optimal,6.746188049997727,58682,95143,375756
sens-deadline-long,Marwan-r0,Marwan,trajectory,B1,0,25.970708680646066,0.6492677170161516,optimal,10.874403537003673,82532,110522,465486
sens-deadline-long,Marwan-r0,Marwan,trajectory,B1,1,26.812195250586605,0.6703048812646651,optimal,10.243002457995317,82532,110522,465486
sens-deadline-long,Marwan-r0,Marwan,trajectory,B1,2,24.243014834792014,0.6060753708698003,optimal,10.12013708899758,82532,110522,465486
sens-deadline-long,Marwan-r0,Marwan,trajectory,B1,3,25.76430866378285,0.6441077165945712,optimal,10.48726643199916,82532,110522,465486
sens-deadline-long,Marwan-r0,Marwan,trajectory,B1,4,27.397909164339755,0.6849477291084939,optimal,10.672346891995403,82532,110522,465486
sens-deadline-long,Marwan-r0,Marwan,trajectory,B1,5,25.795696676226278,0.6448924169056569,optimal,10.769577954000852,82532,110522,465486
sens-deadline-long,Marwan-r0,Marwan,trajectory,B1,6,26.449870244477694,0.6612467561119424,optimal,10.584236720002082,82532,110522,465486
sens-deadline-long,Marwan-r0,Marwan,trajectory,B1,7,26.607435689604902,0.6651858922401226,optimal,10.53824610599986,82532,110522,465486
sens-deadline-long,Marwan-r0,Marwan,trajectory,B1,8,26.699328024300286,0.6674832006075071,optimal,10.985656694996578,82532,110522,465486
sens-deadline-long,Marwan-r0,Marwan,trajectory,B1,9,26.291534097647197,0.6572883524411799,optimal,10.859582090000913,82532,110522,465486
sens-deadline-long,Marwan-r0,Marwan,trajectory,B1,10,28.048729533373454,0.7012182383343364,optimal,12.229966468999919,82532,110522,465486
sens-deadline-long,Marwan-r0,Marwan,trajectory,B1,11,26.2077179526393,0.6551929488159824,optimal,14.419045854003343,82532,110522,465486
sens-deadline-long,Marwan-r0,Marwan,trajectory,B1,12,26.76123263947081,0.6690308159867702,optimal,11.275148248998448,82532,110522,465486
sens-deadline-long,Marwan-r0,Marwan,trajectory,B1,13,27.311823018782,0.68279557546955,optimal,11.292898380001134,82532,110522,465486
sens-deadline-long,Marwan-r0,Marwan,trajectory,B1,14,25.933490420560652,0.6483372605140163,optimal,10.39373419900221,82532,110522,465486
sens-deadline-long,Marwan-r0,Marwan,trajectory,B1,15,23.374338840865704,0.5843584710216426,optimal,8.934727656000177,82532,110522,465486
sens-deadline-long,Marwan-r0,Marwan,trajectory,B1,16,25.49040805808518,0.6372602014521295,optimal,11.944707267997728,82532,110522,465486
sens-deadline-long,Marwan-r0,Marwan,trajectory,B1,17,25.79274242585117,0.6448185606462793,optimal,11.440938952997385,82532,110522,465486
sens-deadline-long,Marwan-r0,Marwan,trajectory,B1,18,26.65338128231518,0.6663345320578795,optimal,10.609759961997042,82532,110522,465486
sens-deadline-long,Marwan-r0,Marwan,trajectory,B1,19,26.712689349172834,0.6678172337293209,optimal,10.138585669999884,82532,110522,465486
sens-deadline-long,Marwan-r0,Marwan,trajectory,B1,20,26.80374497106547,0.6700936242766368,optimal,15.609308254002826,82532,110522,465486
sens-deadline-long,Marwan-r0,Marwan,trajectory,B1,21,28.284608318601904,0.7071152079650476,optimal,12.221892802001094,82532,110522,465486
sens-deadline-long,Marwan-r0,Marwan,trajectory,B1,22,24.27623513774528,0.6069058784436321,optimal,10.451479715004098,82532,110522,465486
sens-deadline-long,Marwan-r0,Marwan,trajectory,B1,23,26.517893035972502,0.6629473258993126,optimal,11.005981090005662,82532,110522,465486
sens-deadline-long,Marwan-r0,Marwan,trajectory,B1,24,25.35973904303889,0.6339934760759722,optimal,10.04927991200384,82532,110522,465486
sens-deadline-long,Marwan-r0,Marwan,trajectory,B1,25,26.397999598626477,0.6599499899656619,optimal,14.12839497099776,82532,110522,465486
sens-deadline-long,Marwan-r0,Marwan,trajectory,B1,26,26.918814194994766,0.6729703548748691,optimal,9.520858005998889,82532,110522,465486
sens-deadline-long,Marwan-r0,Marwan,trajectory,B1,27,26.9218592559132,0.6730464813978301,optimal,12.2526489640004,82532,110522,465486
sens-deadline-long,Marwan-r0,Marwan,trajectory,B1,28,26.955395827668063,0.6738848956917016,optimal,12.451429223001469,82532,110522,465486
sens-deadline-long,Marwan-r0,Marwan,trajectory,B1,29,25.242792896839266,0.6310698224209816,optimal,10.206896793999476,82532,110522,465486
sens-deadline-short,Agis-r0,Agis,trajectory,B1,0,19.41072828065589,0.4852682070163972,optimal,0.7457153180002933,16371,32937,106811
sens-deadline-short,Agis-r0,Agis,trajectory,B1,1,20.005039148040773,0.5001259787010193,optimal,0.8589574880024884,16371,32937,106811
sens-deadline-short,Agis-r0,Agis,trajectory,B1,2,19.264040833280735,0.4816010208320184,optimal,0.9559121850033989,16371,32937,106811
sens-deadline-short,Agis-r0,Agis,trajectory,B1,3,18.918783919866023,0.47296959799665056,optimal,0.7323808459987049,16371,32937,106811
sens-deadline-short,Agis-r0,Agis,trajectory,B1,4,19.34843922148532,0.483710980537133,optimal,0.7915250570003991,16371,32937,106811
sens-deadline-short,Agis-r0,Agis,trajectory,B1,5,19.51887864306611,0.4879719660766527,optimal,0.7570302720050677,16371,32937,106811
sens-deadline-short,Agis-r0,Agis,trajectory,B1,6,19.586329374018185,0.48965823435045464,optimal,0.7629868950025411,16371,32937,106811
sens-deadline-short,Agis-r0,Agis,trajectory,B1,7,19.399937949104004,0.4849984487276001,optimal,0.8642660450059338,16371,32937,106811
sens-deadline-short,Agis-r0,Agis,trajectory,B1,8,19.79037767626952,0.49475944190673804,optimal,0.766987611001241,16371,32937,106811
sens-deadline-short,Agis-r0,Agis,trajectory,B1,9,19.736488263426743,0.4934122065856686,optimal,0.9721015929972054,16371,32937,106811
sens-deadline-short,Agis-r0,Agis,trajectory,B1,10,19.325981760436683,0.4831495440109171,optimal,0.7989030320022721,16371,32937,106811
sens-deadline-short,Agis-r0,Agis,trajectory,B1,11,19.81977109781114,0.4954942774452785,optimal,0.8839199649955845,16371,32937,106811
sens-deadline-short,Agis-r0,Agis,trajectory,B1,12,19.83544865287198,0.49588621632179947,optimal,0.8240365390010993,16371,32937,106811
sens-deadline-short,Agis-r0,Agis,trajectory,B1,13,18.628296351738303,0.46570740879345757,optimal,1.0026078789960593,16371,32937,106811
sens-deadline-short,Agis-r0,Agis,trajectory,B1,14,19.319370618690222,0.48298426546725554,optimal,0.9513364270023885,16371,32937,106811
sens-deadline-short,Agis-r0,Agis,trajectory,B1,15,19.78291435682609,0.4945728589206523,optimal,0.9013997790025314,16371,32937,106811
sens-deadline-short,Agis-r0,Agis,trajectory,B1,16,19.61146972745677,0.4902867431864193,optimal,0.9151351720065577,16371,32937,106811
sens-deadline-short,Agis-r0,Agis,trajectory,B1,17,19.27028299734926,0.4817570749337315,optimal,0.8736950060047093,16371,32937,106811
sens-deadline-short,Agis-r0,Agis,trajectory,B1,18,19.23678837070659,0.4809197092676648,optimal,1.0535836950002704,16371,32937,106811
sens-deadline-short,Agis-r0,Agis,trajectory,B1,19,18.689412041877453,0.46723530104693634,optimal,1.1887795780057786,16371,32937,106811
sens-deadline-short,Agis-r0,Agis,trajectory,B1,20,19.37836482326381,0.48445912058159524,optimal,0.8666024579943041,16371,32937,106811
sens-deadline-short,Agis-r0,Agis,trajectory,B1,21,19.664996819426264,0.4916249204856566,optimal,1.160264862999611,16371,32937,106811
sens-deadline-short,Agis-r0,Agis,trajectory,B1,22,19.870663476492442,0.49676658691231107,optimal,0.950898426999629,16371,32937,106811
sens-deadline-short,Agis-r0,Agis,trajectory,B1,23,18.830223446994008,0.4707555861748502,optimal,0.8505497770020156,16371,32937,106811
sens-deadline-short,Agis-r0,Agis,trajectory,B1,24,19.67533852988128,0.491883463247032,optimal,0.852022056998976,16371,32937,106811
sens-deadline-short,Agis-r0,Agis,trajectory,B1,25,19.19195474403047,0.4797988686007617,optimal,0.8433680189991719,16371,32937,106811
sens-deadline-short,Agis-r0,Agis,trajectory,B1,26,18.90791484929892,0.472697871232473,optimal,0.8569717150021461,16371,32937,106811
sens-deadline-short,Agis-r0,Agis,trajectory,B1,27,19.20182962552372,0.480045740638093,optimal,0.9258742169986363,16371,32937,106811
sens-deadline-short,Agis-r0,Agis,trajectory,B1,28,19.409945538970465,0.48524863847426164,optimal,1.0056468729962944,16371,32937,106811
sens-deadline-short,Agis-r0,Agis,trajectory,B1,29,18.997471108064108,0.4749367777016027,optimal,0.8408152440024423,16371,32937,106811
sens-deadline-short,Belnet2008-r0,Belnet2008,trajectory,B1,0,25.234935666479046,0.6308733916619762,optimal,1.0709552289990825,16088,36493,103896
sens-deadline-short,Belnet2008-r0,Belnet2008,trajectory,B1,1,23.584532393222613,0.5896133098305654,optimal,1.0457727899993188,16088,36493,103896
sens-deadline-short,Belnet2008-r0,Belnet2008,trajectory,B1,2,24.437260414716352,0.6109315103679088,optimal,1.3408001859934302,16088,36493,103896
sens-deadline-short,Belnet2008-r0,Belnet2008,trajectory,B1,3,24.334177801722383,0.6083544450430596,optimal,1.1413833570040879,16088,36493,103896
sens-deadline-short,Belnet2008-r0,Belnet2008,trajectory,B1,4,23.644891795245446,0.5911222948811361,optimal,1.104497394997452,16088,36493,103896
sens-deadline-short,Belnet2008-r0,Belnet2008,trajectory,B1,5,23.777298478765637,0.5944324619691409,optimal,1.2903024309998727,16088,36493,103896
sens-deadline-short,Belnet2008-r0,Belnet2008,trajectory,B1,6,23.521577557717034,0.5880394389429259,optimal,1.0873874539975077,16088,36493,103896
sens-deadline-short,Belnet2008-r0,Belnet2008,trajectory,B1,7,24.22856459617594,0.6057141149043985,optimal,1.1055956979980692,16088,36493,103896
sens-deadline-short,Belnet2008-r0,Belnet2008,trajectory,B1,8,25.52600930701882,0.6381502326754706,optimal,1.1413423359990702,16088,36493,103896
sens-deadline-short,Belnet2008-r0,Belnet2008,trajectory,B1,9,23.86556548578832,0.596639137144708,optimal,1.1189923659985652,16088,36493,103896
sens-deadline-short,Belnet2008-r0,Belnet2008,trajectory,B1,10,25.07924393057934,0.6269810982644836,optimal,1.209698651000508,16088,36493,103896
sens-deadline-short,Belnet2008-r0,Belnet2008,trajectory,B1,11,23.975773869123348,0.5993943467280837,optimal,1.3942349630015087,16088,36493,103896
sens-deadline-short,Belnet2008-r0,Belnet2008,trajectory,B1,12,24.674625728880248,0.6168656432220062,optimal,1.089036360004684,16088,36493,103896
sens-deadline-short,Belnet2008-r0,Belnet2008,trajectory,B1,13,23.9143758591698,0.597859396479245,optimal,1.0565842180003528,16088,36493,103896
sens-deadline-short,Belnet2008-r0,Belnet2008,trajectory,B1,14,24.890786454056105,0.6222696613514026,optimal,1.1101791309993132,16088,36493,103896
sens-deadline-short,Belnet2008-r0,Belnet2008,trajectory,B1,15,24.751808421193175,0.6187952105298293,optimal,1.0674691579988576,16088,36493,103896
sens-deadline-short,Belnet2008-r0,Belnet2008,trajectory,B1,16,24.25559160699636,0.606389790174909,optimal,1.4763682129996596,16088,36493,103896
sens-deadline-short,Belnet2008-r0,Belnet2008,trajectory,B1,17,25.276824313319274,0.6319206078329819,optimal,1.1623429929968552,16088,36493,103896
sens-deadline-short,Belnet2008-r0,Belnet2008,trajectory,B1,18,24.10159473641465,0.6025398684103662,optimal,1.5379233350031427,16088,36493,103896
sens-deadline-short,Belnet2008-r0,Belnet2008,trajectory,B1,19,25.01809060065422,0.6254522650163554,optimal,1.1403652590015554,16088,36493,103896
sens-deadline-short,Belnet2008-r0,Belnet2008,trajectory,B1,20,24.552002872942158,0.6138000718235539,optimal,1.3514603889998398,16088,36493,103896
sens-deadline-short,Belnet2008-r0,Belnet2008,trajectory,B1,21,24.42117643514451,0.6105294108786128,optimal,1.090782321000006,16088,36493,103896
sens-deadline-short,Belnet2008-r0,Belnet2008,trajectory,B1,22,23.675307081006743,0.5918826770251686,optimal,1.1480945049988804,16088,36493,103896
sens-deadline-short,Belnet2008-r0,Belnet2008,trajectory,B1,23,24.681358354554398,0.6170339588638599,optimal,1.1791008060026797,16088,36493,103896
sens-deadline-short,Belnet2008-r0,Belnet2008,trajectory,B1,24,24.31562321689508,0.607890580422377,optimal,1.327998449000006,16088,36493,103896
sens-deadline-short,Belnet2008-r0,Belnet2008,trajectory,B1,25,25.448978585241612,0.6362244646310403,optimal,1.3083931559958728,16088,36493,103896
sens-deadline-short,Belnet2008-r0,Belnet2008,trajectory,B1,26,23.765862198487845,0.5941465549621961,optimal,1.4161233289996744,16088,36493,103896
sens-deadline-short,Belnet2008-r0,Belnet2008,trajectory,B1,27,24.614057740234525,0.6153514435058631,optimal,1.3786701100034406,16088,36493,103896
sens-deadline-short,Belnet2008-r0,Belnet2008,trajectory,B1,28,23.61164208134772,0.590291052033693,optimal,1.16462563299865,16088,36493,103896
sens-deadline-short,Belnet2008-r0,Belnet2008,trajectory,B1,29,23.53034786043866,0.5882586965109665,optimal,1.212267786002485,16088,36493,103896
sens-deadline-short,BsonetEurope-r0,BsonetEurope,trajectory,B1,0,24.760594647745645,0.6190148661936411,optimal,1.1370476890006103,19469,38282,119106
sens-deadline-short,BsonetEurope-r0,BsonetEurope,trajectory,B1,1,24.982618718560996,0.6245654679640249,optimal,1.2618977380043361,19469,38282,119106
sens-deadline-short,BsonetEurope-r0,BsonetEurope,trajectory,B1,2,23.464271097263875,0.5866067774315968,optimal,1.736710301003768,19469,38282,119106
sens-deadline-short,BsonetEurope-r0,BsonetEurope,trajectory,B1,3,23.449042774731026,0.5862260693682757,optimal,1.1891707659960957,19469,38282,119106
sens-deadline-short,BsonetEurope-r0,BsonetEurope,trajectory,B1,4,24.43086909159559,0.6107717272898897,optimal,1.2554617509958916,19469,38282,119106
sens-deadline-short,BsonetEurope-r0,BsonetEurope,trajectory,B1,5,24.17517980154682,0.6043794950386705,optimal,1.2535919239962823,19469,38282,119106
sens-deadline-short,BsonetEurope-r0,BsonetEurope,trajectory,B1,6,23.846805491224167,0.5961701372806042,optimal,1.1679648470017128,19469,38282,119106
sens-deadline-short,BsonetEurope-r0,BsonetEurope,trajectory,B1,7,23.373104879653056,0.5843276219913264,optimal,1.2055289459967753,19469,38282,119106
sens-deadline-short,BsonetEurope-r0,BsonetEurope,trajectory,B1,8,23.487707131673794,0.5871926782918448,optimal,1.239598987995123,19469,38282,119106
sens-deadline-short,BsonetEurope-r0,BsonetEurope,trajectory,B1,9,23.327362064653002,0.583184051616325,optimal,1.7099671840041992,19469,38282,119106
sens-deadline-short,BsonetEurope-r0,BsonetEurope,trajectory,B1,10,23.28555647603412,0.582138911900853,optimal,1.1406554760033032,19469,38282,119106
sens-deadline-short,BsonetEurope-r0,BsonetEurope,trajectory,B1,11,24.670282916399135,0.6167570729099784,optimal,1.1465231479960494,19469,38282,119106
sens-deadline-short,BsonetEurope-r0,BsonetEurope,trajectory,B1,12,24.440290365221333,0.6110072591305333,optimal,1.3025551140017342,19469,38282,119106
sens-deadline-short,BsonetEurope-r0,BsonetEurope,trajectory,B1,13,24.40163509045132,0.6100408772612831,optimal,1.1869180240028072,19469,38282,119106
sens-deadline-short,BsonetEurope-r0,BsonetEurope,trajectory,B1,14,24.563679142489118,0.614091978562228,optimal,1.5632276409960468,19469,38282,119106
sens-deadline-short,BsonetEurope-r0,BsonetEurope,trajectory,B1,15,24.468733664428765,0.6117183416107191,optimal,1.2419469579981524,19469,38282,119106
sens-deadline-short,BsonetEurope-r0,BsonetEurope,trajectory,B1,16,23.67056994764405,0.5917642486911012,optimal,1.2530466739990516,19469,38282,119106
sens-deadline-short,BsonetEurope-r0,BsonetEurope,trajectory,B1,17,25.0117977020315,0.6252949425507875,optimal,1.2246950670014485,19469,38282,119106
sens-deadline-short,BsonetEurope-r0,BsonetEurope,trajectory,B1,18,23.88663913725145,0.5971659784312863,optimal,1.1848570020010811,19469,38282,119106
sens-deadline-short,BsonetEurope-r0,BsonetEurope,trajectory,B1,19,24.594638912593993,0.6148659728148498,optimal,1.2024829559959471,19469,38282,119106
sens-deadline-short,BsonetEurope-r0,BsonetEurope,trajectory,B1,20,24.52426935184713,0.6131067337961783,optimal,1.2227915469993604,19469,38282,119106
sens-deadline-short,BsonetEurope-r0,BsonetEurope,trajectory,B1,21,24.22472688342563,0.6056181720856408,optimal,1.3326651970055536,19469,38282,119106
sens-deadline-short,BsonetEurope-r0,BsonetEurope,trajectory,B1,22,23.632193548188027,0.5908048387047007,optimal,1.476548553997418,19469,38282,119106
sens-deadline-short,BsonetEurope-r0,BsonetEurope,trajectory,B1,23,23.549572762152376,0.5887393190538094,optimal,1.27112092400057,19469,38282,119106
sens-deadline-short,BsonetEurope-r0,BsonetEurope,trajectory,B1,24,24.366324766761483,0.6091581191690371,optimal,1.1985248870041687,19469,38282,119106
sens-deadline-short,BsonetEurope-r0,BsonetEurope,trajectory,B1,25,23.7582733114764,0.59395683278691,optimal,1.1822534399980213,19469,38282,119106
sens-deadline-short,BsonetEurope-r0,BsonetEurope,trajectory,B1,26,24.671147755995683,0.616778693899892,optimal,1.211008687998401,19469,38282,119106
sens-deadline-short,BsonetEurope-r0,BsonetEurope,trajectory,B1,27,24.399889512048496,0.6099972378012124,optimal,1.380881078002858,19469,38282,119106
sens-deadline-short,BsonetEurope-r0,BsonetEurope,trajectory,B1,28,25.211303613302167,0.6302825903325542,optimal,1.1977292459996534,19469,38282,119106
sens-deadline-short,BsonetEurope-r0,BsonetEurope,trajectory,B1,29,23.74739270338245,0.5936848175845613,optimal,1.3852444599979208,19469,38282,119106
sens-deadline-short,BtNorthAmerica-r0,BtNorthAmerica,trajectory,B1,0,20.192190109645185,0.5048047527411297,optimal,1.5100549109993153,18609,39095,118082
sens-deadline-short,BtNorthAmerica-r0,BtNorthAmerica,trajectory,B1,1,20.49386662143957,0.5123466655359892,optimal,1.2625788950026617,18609,39095,118082
sens-deadline-short,BtNorthAmerica-r0,BtNorthAmerica,trajectory,B1,2,19.90269925429653,0.49756748135741324,optimal,1.6658389380027074,18609,39095,118082
sens-deadline-short,BtNorthAmerica-r0,BtNorthAmerica,trajectory,B1,3,19.959968287550055,0.49899920718875135,optimal,1.6440426979970653,18609,39095,118082
sens-deadline-short,BtNorthAmerica-r0,BtNorthAmerica,trajectory,B1,4,19.490229549738977,0.48725573874347444,optimal,1.1753832300018985,18609,39095,118082
sens-deadline-short,BtNorthAmerica-r0,BtNorthAmerica,trajectory,B1,5,20.00041463095976,0.500010365773994,optimal,1.2375283509973087,18609,39095,118082
sens-deadline-short,BtNorthAmerica-r0,BtNorthAmerica,trajectory,B1,6,19.672544570768686,0.49181361426921716,optimal,1.2083246120018885,18609,39095,118082
sens-deadline-short,BtNorthAmerica-r0,BtNorthAmerica,trajectory,B1,7,19.87146151735116,0.496786537933779,optimal,1.4155405330020585,18609,39095,118082
sens-deadline-short,BtNorthAmerica-r0,BtNorthAmerica,trajectory,B1,8,19.951190759348222,0.4987797689837056,optimal,1.214898965001339,18609,39095,118082
sens-deadline-short,BtNorthAmerica-r0,BtNorthAmerica,trajectory,B1,9,19.997091970599023,0.4999272992649756,optimal,1.4184663580017514,18609,39095,118082
sens-deadline-short,BtNorthAmerica-r0,BtNorthAmerica,trajectory,B1,10,18.507711301357663,0.4626927825339416,optimal,1.1674892469964107,18609,39095,118082
sens-deadline-short,BtNorthAmerica-r0,BtNorthAmerica,trajectory,B1,11,18.897348519650283,0.4724337129912571,optimal,1.3807128929984174,18609,39095,118082
sens-deadline-short,BtNorthAmerica-r0,BtNorthAmerica,trajectory,B1,12,18.705404011834137,0.4676351002958534,optimal,1.2115998369990848,18609,39095,118082
sens-deadline-short,BtNorthAmerica-r0,BtNorthAmerica,trajectory,B1,13,20.20876324503746,0.5052190811259365,optimal,1.2109188879985595,18609,39095,118082
sens-deadline-short,BtNorthAmerica-r0,BtNorthAmerica,trajectory,B1,14,17.74754867914166,0.44368871697854145,optimal,1.1968293550016824,18609,39095,118082
sens-deadline-short,BtNorthAmerica-r0,BtNorthAmerica,trajectory,B1,15,18.049937736565624,0.4512484434141406,optimal,1.4275514879991533,18609,39095,118082
sens-deadline-short,BtNorthAmerica-r0,BtNorthAmerica,trajectory,B1,16,19.311964896702207,0.4827991224175552,optimal,1.2052419530009502,18609,39095,118082
sens-deadline-short,BtNorthAmerica-r0,BtNorthAmerica,trajectory,B1,17,20.23014319866239,0.5057535799665598,optimal,1.409230616001878,18609,39095,118082
sens-deadline-short,BtNorthAmerica-r0,BtNorthAmerica,trajectory,B1,18,19.21318230364031,0.4803295575910077,optimal,1.4046732490023714,18609,39095,118082
sens-deadline-short,BtNorthAmerica-r0,BtNorthAmerica,trajectory,B1,19,20.397779792469095,0.5099444948117273,optimal,1.437862854996638,18609,39095,118082
sens-deadline-short,BtNorthAmerica-r0,BtNorthAmerica,trajectory,B1,20,20.32949868178622,0.5082374670446554,optimal,1.1700022099976195,18609,39095,118082
sens-deadline-short,BtNorthAmerica-r0,BtNorthAmerica,trajectory,B1,21,20.790909810911547,0.5197727452727887,optimal,1.2009723399969516,18609,39095,118082
sens-deadline-short,BtNorthAmerica-r0,BtNorthAmerica,trajectory,B1,22,19.48504601206186,0.48712615030154655,optimal,1.5555259419998038,18609,39095,118082
sens-deadline-short,BtNorthAmerica-r0,BtNorthAmerica,trajectory,B1,23,20.918359382929342,0.5229589845732335,optimal,1.2475328000000445,18609,39095,118082
sens-deadline-short,BtNorthAmerica-r0,BtNorthAmerica,trajectory,B1,24,20.773734939501274,0.5193433734875319,optimal,1.5023088140005711,18609,39095,118082
sens-deadline-short,BtNorthAmerica-r0,BtNorthAmerica,trajectory,B1,25,18.410186806792815,0.46025467016982036,optimal,1.2199631080002291,18609,39095,118082
sens-deadline-short,BtNorthAmerica-r0,BtNorthAmerica,trajectory,B1,26,20.513286248530576,0.5128321562132644,optimal,1.42467635399953,18609,39095,118082
sens-deadline-short,BtNorthAmerica-r0,BtNorthAmerica,trajectory,B1,27,19.68039238006493,0.49200980950162326,optimal,1.2032386339997174,18609,39095,118082
sens-deadline-short,BtNorthAmerica-r0,BtNorthAmerica,trajectory,B1,28,18.296659699485474,0.45741649248713684,optimal,1.2620680129984976,18609,39095,118082
sens-deadline-short,BtNorthAmerica-r0,BtNorthAmerica,trajectory,B1,29,18.87351611359873,0.47183790283996824,optimal,1.1412556180002866,18609,39095,118082
sens-deadline-short,Cesnet200603-r0,Cesnet200603,trajectory,B1,0,21.13116635622247,0.5282791589055618,optimal,1.2663011219992768,19681,41811,123559
sens-deadline-short,Cesnet200603-r0,Cesnet200603,trajectory,B1,1,21.840694719361185,0.5460173679840297,optimal,1.1397147229945404,19681,41811,123559
sens-deadline-short,Cesnet200603-r0,Cesnet200603,trajectory,B1,2,20.61701046851353,0.5154252617128383,optimal,1.181510251997679,19681,41811,123559
sens-deadline-short,Cesnet200603-r0,Cesnet200603,trajectory,B1,3,20.679374071214845,0.5169843517803712,optimal,1.01697245700052,19681,41811,123559
sens-deadline-short,Cesnet200603-r0,Cesnet200603,trajectory,B1,4,21.060195278729463,0.5265048819682365,optimal,1.3099125340013416,19681,41811,123559
sens-deadline-short,Cesnet200603-r0,Cesnet200603,trajectory,B1,5,20.78150288119752,0.519537572029938,optimal,1.1561509120001574,19681,41811,123559
sens-deadline-short,Cesnet200603-r0,Cesnet200603,trajectory,B1,6,20.44168340644187,0.5110420851610468,optimal,1.191949353000382,19681,41811,123559
sens-deadline-short,Cesnet200603-r0,Cesnet200603,trajectory,B1,7,20.306733209432476,0.5076683302358119,optimal,1.4349135579977883,19681,41811,123559
sens-deadline-short,Cesnet200603-r0,Cesnet200603,trajectory,B1,8,19.769137779521174,0.49422844448802933,optimal,1.1246851520045311,19681,41811,123559
sens-deadline-short,Cesnet200603-r0,Cesnet200603,trajectory,B1,9,20.705208951191427,0.5176302237797856,optimal,1.3128328980019432,19681,41811,123559
sens-deadline-short,Cesnet200603-r0,Cesnet200603,trajectory,B1,10,20.8242131223799,0.5206053280594974,optimal,1.0597283199967933,19681,41811,123559
sens-deadline-short,Cesnet200603-r0,Cesnet200603,trajectory,B1,11,20.340749583717127,0.5085187395929281,optimal,1.2749216540032648,19681,41811,123559
sens-deadline-short,Cesnet200603-r0,Cesnet200603,trajectory,B1,12,21.26466642384943,0.5316166605962358,optimal,1.112004889997479,19681,41811,123559
sens-deadline-short,Cesnet200603-r0,Cesnet200603,trajectory,B1,13,20.5234306360891,0.5130857659022274,optimal,1.386985883997113,19681,41811,123559
sens-deadline-short,Cesnet200603-r0,Cesnet200603,trajectory,B1,14,20.35106603539294,0.5087766508848235,optimal,1.1082532899963553,19681,41811,123559
sens-deadline-short,Cesnet200603-r0,Cesnet200603,trajectory,B1,15,20.126346489882533,0.5031586622470633,optimal,1.162469142996997,19681,41811,123559
sens-deadline-short,Cesnet200603-r0,Cesnet200603,trajectory,B1,16,20.868211970736642,0.521705299268416,optimal,1.229653127003985,19681,41811,123559
sens-deadline-short,Cesnet200603-r0,Cesnet200603,trajectory,B1,17,19.883349629123447,0.4970837407280862,optimal,1.2972934349963907,19681,41811,123559
sens-deadline-short,Cesnet200603-r0,Cesnet200603,trajectory,B1,18,20.726042424479505,0.5181510606119877,optimal,1.0533552470005816,19681,41811,123559
sens-deadline-short,Cesnet200603-r0,Cesnet200603,trajectory,B1,19,21.58804370926763,0.5397010927316908,optimal,1.0804625710006803,19681,41811,123559
sens-deadline-short,Cesnet200603-r0,Cesnet200603,trajectory,B1,20,20.863961064107908,0.5215990266026977,optimal,1.1965578029994504,19681,41811,123559
sens-deadline-short,Cesnet200603-r0,Cesnet200603,trajectory,B1,21,21.054740284789652,0.5263685071197413,optimal,1.154998981000972,19681,41811,123559
sens-deadline-short,Cesnet200603-r0,Cesnet200603,trajectory,B1,22,20.47620250706214,0.5119050626765536,optimal,1.1190593909996096,19681,41811,123559
sens-deadline-short,Cesnet200603-r0,Cesnet200603,trajectory,B1,23,20.21636024384311,0.5054090060960778,optimal,1.160171420997358,19681,41811,123559
sens-deadline-short,Cesnet200603-r0,Cesnet200603,trajectory,B1,24,21.002637853917072,0.5250659463479268,optimal,1.368361367000034,19681,41811,123559
sens-deadline-short,Cesnet200603-r0,Cesnet200603,trajectory,B1,25,20.2930727220027,0.5073268180500675,optimal,1.4282752239960246,19681,41811,123559
sens-deadline-short,Cesnet200603-r0,Cesnet200603,trajectory,B1,26,20.484307041960015,0.5121076760490004,optimal,1.3878460740015726,19681,41811,123559
sens-deadline-short,Cesnet200603-r0,Cesnet200603,trajectory,B1,27,20.360765623224637,0.5090191405806159,optimal,1.3226131580013316,19681,41811,123559
sens-deadline-short,Cesnet200603-r0,Cesnet200603,trajectory,B1,28,21.340203866249997,0.5335050966562499,optimal,1.3758658389997436,19681,41811,123559
sens-deadline-short,Cesnet200603-r0,Cesnet200603,trajectory,B1,29,20.76833781450401,0.5192084453626002,optimal,1.099321196998062,19681,41811,123559
sens-deadline-short,Digex-r0,Digex,trajectory,B1,0,20.023395138880534,0.5005848784720134,optimal,2.1337420260024373,31045,54110,159820
sens-deadline-short,Digex-r0,Digex,trajectory,B1,1,20.369819902886718,0.509245497572168,optimal,1.9608063330015284,31045,54110,159820
sens-deadline-short,Digex-r0,Digex,trajectory,B1,2,21.084342662747897,0.5271085665686974,optimal,2.1327923989956616,31045,54110,159820
sens-deadline-short,Digex-r0,Digex,trajectory,B1,3,20.536509226851972,0.5134127306712993,optimal,1.9423754750023363,31045,54110,159820
sens-deadline-short,Digex-r0,Digex,trajectory,B1,4,21.090102121925565,0.5272525530481391,optimal,1.914594957997906,31045,54110,159820
sens-deadline-short,Digex-r0,Digex,trajectory,B1,5,20.63719690896593,0.5159299227241483,optimal,1.9226373819983564,31045,54110,159820
sens-deadline-short,Digex-r0,Digex,trajectory,B1,6,21.143013231127306,0.5285753307781826,optimal,1.9750066999986302,31045,54110,159820
sens-deadline-short,Digex-r0,Digex,trajectory,B1,7,20.54607694249426,0.5136519235623564,optimal,2.1193636560055893,31045,54110,159820
sens-deadline-short,Digex-r0,Digex,trajectory,B1,8,20.433605635997466,0.5108401408999367,optimal,2.0700026460035588,31045,54110,159820
sens-deadline-short,Digex-r0,Digex,trajectory,B1,9,20.75045672349056,0.5187614180872641,optimal,2.0396732410008553,31045,54110,159820
sens-deadline-short,Digex-r0,Digex,trajectory,B1,10,19.4075173891052,0.48518793472763005,optimal,2.372957222003606,31045,54110,159820
sens-deadline-short,Digex-r0,Digex,trajectory,B1,11,20.48383661305161,0.5120959153262903,optimal,2.22147211599804,31045,54110,159820
sens-deadline-short,Digex-r0,Digex,trajectory,B1,12,21.303432798755296,0.5325858199688824,optimal,2.100067717001366,31045,54110,159820
sens-deadline-short,Digex-r0,Digex,trajectory,B1,13,21.102970332765988,0.5275742583191497,optimal,2.1254649619950214,31045,54110,159820
sens-deadline-short,Digex-r0,Digex,trajectory,B1,14,19.876081761803857,0.4969020440450964,optimal,1.9594555160001619,31045,54110,159820
sens-deadline-short,Digex-r0,Digex,trajectory,B1,15,20.49595600119179,0.5123989000297947,optimal,1.9665498760004994,31045,54110,159820
sens-deadline-short,Digex-r0,Digex,trajectory,B1,16,20.554843282889795,0.5138710820722449,optimal,2.013579464000941,31045,54110,159820
sens-deadline-short,Digex-r0,Digex,trajectory,B1,17,21.225141461236642,0.530628536530916,optimal,1.9672246199988876,31045,54110,159820
sens-deadline-short,Digex-r0,Digex,trajectory,B1,18,20.337530125740557,0.5084382531435139,optimal,2.2556053130028886,31045,54110,159820
sens-deadline-short,Digex-r0,Digex,trajectory,B1,19,20.73652845353767,0.5184132113384418,optimal,2.1674872800067533,31045,54110,159820
sens-deadline-short,Digex-r0,Digex,trajectory,B1,20,19.92570744354216,0.49814268608855394,optimal,2.192704330998822,31045,54110,159820
sens-deadline-short,Digex-r0,Digex,trajectory,B1,21,20.044415234809584,0.5011103808702396,optimal,2.402002200993593,31045,54110,159820
sens-deadline-short,Digex-r0,Digex,trajectory,B1,22,20.538842060799084,0.5134710515199771,optimal,2.252624572996865,31045,54110,159820
sens-deadline-short,Digex-r0,Digex,trajectory,B1,23,19.864008912616267,0.49660022281540667,optimal,2.1762501830016845,31045,54110,159820
sens-deadline-short,Digex-r0,Digex,trajectory,B1,24,20.459169188054723,0.511479229701368,optimal,2.333958404000441,31045,54110,159820
sens-deadline-short,Digex-r0,Digex,trajectory,B1,25,21.71858380831056,0.542964595207764,optimal,2.44140127600258,31045,54110,159820
sens-deadline-short,Digex-r0,Digex,trajectory,B1,26,20.803575984832104,0.5200893996208026,optimal,1.9795429549994878,31045,54110,159820
sens-deadline-short,Digex-r0,Digex,trajectory,B1,27,20.14969565084387,0.5037423912710968,optimal,2.164640729999519,31045,54110,159820
sens-deadline-short,Digex-r0,Digex,trajectory,B1,28,20.716448776211575,0.5179112194052894,optimal,2.317372802994214,31045,54110,159820
sens-deadline-short,Digex-r0,Digex,trajectory,B1,29,20.903230039646196,0.5225807509911549,optimal,2.171779925993178,31045,54110,159820
sens-deadline-short,Easynet-r0,Easynet,trajectory,B1,0,10.466600926648242,0.26166502316620605,optimal,1.2941763480048394,18736,36460,117784
sens-deadline-short,Easynet-r0,Easynet,trajectory,B1,1,8.97238567208851,0.22430964180221274,optimal,1.1476764519975404,18736,36460,117784
sens-deadline-short,Easynet-r0,Easynet,trajectory,B1,2,9.173882151483502,0.22934705378708756,optimal,1.2077391130005708,18736,36460,117784
sens-deadline-short,Easynet-r0,Easynet,trajectory,B1,3,9.419620423781398,0.23549051059453494,optimal,1.082629755997914,18736,36460,117784
sens-deadline-short,Easynet-r0,Easynet,trajectory,B1,4,8.8787273856962,0.221968184642405,optimal,1.1693883240004652,18736,36460,117784
sens-deadline-short,Easynet-r0,Easynet,trajectory,B1,5,10.043197594128262,0.25107993985320654,optimal,1.214159577000828,18736,36460,117784
sens-deadline-short,Easynet-r0,Easynet,trajectory,B1,6,10.112360094108832,0.2528090023527208,optimal,1.0626192720010295,18736,36460,117784
sens-deadline-short,Easynet-r0,Easynet,trajectory,B1,7,11.095495051866678,0.27738737629666693,optimal,1.2860543979986687,18736,36460,117784
sens-deadline-short,Easynet-r0,Easynet,trajectory,B1,8,9.602097857440043,0.24005244643600107,optimal,1.1138479369983543,18736,36460,117784
sens-deadline-short,Easynet-r0,Easynet,trajectory,B1,9,10.248309879585605,0.2562077469896401,optimal,1.2340524210012518,18736,36460,117784
sens-deadline-short,Easynet-r0,Easynet,trajectory,B1,10,8.647896932313756,0.21619742330784392,optimal,1.1837450969978818,18736,36460,117784
sens-deadline-short,Easynet-r0,Easynet,trajectory,B1,11,9.637670419848265,0.2409417604962066,optimal,1.1744956980037387,18736,36460,117784
sens-deadline-short,Easynet-r0,Easynet,trajectory,B1,12,9.795730478834693,0.24489326197086733,optimal,1.0903292279981542,18736,36460,117784
sens-deadline-short,Easynet-r0,Easynet,trajectory,B1,13,9.663174898767188,0.2415793724691797,optimal,1.0982471659954172,18736,36460,117784
sens-deadline-short,Easynet-r0,Easynet,trajectory,B1,14,11.079905314508785,0.2769976328627196,optimal,1.1118600589979906,18736,36460,117784
sens-deadline-short,Easynet-r0,Easynet,trajectory,B1,15,9.674697921608937,0.24186744804022342,optimal,1.087803233996965,18736,36460,117784
sens-deadline-short,Easynet-r0,Easynet,trajectory,B1,16,9.346184423756666,0.23365461059391665,optimal,1.2640866770016146,18736,36460,117784
sens-deadline-short,Easynet-r0,Easynet,trajectory,B1,17,9.647473317847892,0.2411868329461973,optimal,1.23512067199772,18736,36460,117784
sens-deadline-short,Easynet-r0,Easynet,trajectory,B1,18,9.781160978630686,0.24452902446576713,optimal,1.0420915329959826,18736,36460,117784
sens-deadline-short,Easynet-r0,Easynet,trajectory,B1,19,9.61926484018894,0.2404816210047235,optimal,1.3574672780014225,18736,36460,117784
sens-deadline-short,Easynet-r0,Easynet,trajectory,B1,20,10.645425444956272,0.2661356361239068,optimal,1.2588458820027881,18736,36460,117784
sens-deadline-short,Easynet-r0,Easynet,trajectory,B1,21,9.096824358664016,0.22742060896660038,optimal,1.109441484004492,18736,36460,117784
sens-deadline-short,Easynet-r0,Easynet,trajectory,B1,22,8.69160927319621,0.21729023182990526,optimal,1.2464207709999755,18736,36460,117784
sens-deadline-short,Easynet-r0,Easynet,trajectory,B1,23,9.697195599092721,0.242429889977318,optimal,1.2505687680022675,18736,36460,117784
sens-deadline-short,Easynet-r0,Easynet,trajectory,B1,24,9.34725686293262,0.23368142157331548,optimal,1.0534513930033427,18736,36460,117784
sens-deadline-short,Easynet-r0,Easynet,trajectory,B1,25,8.908159778733648,0.2227039944683412,optimal,1.0824992509951699,18736,36460,117784
sens-deadline-short,Easynet-r0,Easynet,trajectory,B1,26,10.061102269421225,0.2515275567355306,optimal,1.251195478005684,18736,36460,117784
sens-deadline-short,Easynet-r0,Easynet,trajectory,B1,27,10.292126570274752,0.2573031642568688,optimal,1.2837260409942246,18736,36460,117784
sens-deadline-short,Easynet-r0,Easynet,trajectory,B1,28,9.622792586240319,0.24056981465600796,optimal,1.2666717500032973,18736,36460,117784
sens-deadline-short,Easynet-r0,Easynet,trajectory,B1,29,8.20016037147793,0.20500400928694823,optimal,1.067194440998719,18736,36460,117784
sens-deadline-short,Garr200112-r0,Garr200112,trajectory,B1,0,23.55680360798681,0.5889200901996703,optimal,1.2236659299960593,14897,34408,98346
sens-deadline-short,Garr200112-r0,Garr200112,trajectory,B1,1,22.053403126499322,0.5513350781624831,optimal,1.1785989249983686,14897,34408,98346
sens-deadline-short,Garr200112-r0,Garr200112,trajectory,B1,2,22.861191397916848,0.5715297849479212,optimal,0.8913852400000906,14897,34408,98346
sens-deadline-short,Garr200112-r0,Garr200112,trajectory,B1,3,24.379815845589533,0.6094953961397384,optimal,1.1637676890022703,14897,34408,98346
sens-deadline-short,Garr200112-r0,Garr200112,trajectory,B1,4,23.261832877915644,0.5815458219478911,optimal,1.1009362940021674,14897,34408,98346
sens-deadline-short,Garr200112-r0,Garr200112,trajectory,B1,5,22.976740160180697,0.5744185040045174,optimal,0.9426323330044397,14897,34408,98346
sens-deadline-short,Garr200112-r0,Garr200112,trajectory,B1,6,23.203998473902754,0.5800999618475688,optimal,0.8359020149946446,14897,34408,98346
sens-deadline-short,Garr200112-r0,Garr200112,trajectory,B1,7,22.735485398933328,0.5683871349733332,optimal,0.909889219001343,14897,34408,98346
sens-deadline-short,Garr200112-r0,Garr200112,trajectory,B1,8,22.51519033352559,0.5628797583381397,optimal,0.8588314779990469,14897,34408,98346
sens-deadline-short,Garr200112-r0,Garr200112,trajectory,B1,9,23.545730363680356,0.5886432590920089,optimal,1.0258749690037803,14897,34408,98346
sens-deadline-short,Garr200112-r0,Garr200112,trajectory,B1,10,23.356916978063747,0.5839229244515937,optimal,0.8308852749978541,14897,34408,98346
sens-deadline-short,Garr200112-r0,Garr200112,trajectory,B1,11,23.239556059801018,0.5809889014950255,optimal,0.8355833599998732,14897,34408,98346
sens-deadline-short,Garr200112-r0,Garr200112,trajectory,B1,12,22.46057320493002,0.5615143301232506,optimal,0.9830210189975332,14897,34408,98346
sens-deadline-short,Garr200112-r0,Garr200112,trajectory,B1,13,22.429117590318356,0.5607279397579589,optimal,0.9836756449949462,14897,34408,98346
sens-deadline-short,Garr200112-r0,Garr200112,trajectory,B1,14,23.588513752893537,0.5897128438223385,optimal,0.8955958040023688,14897,34408,98346
sens-deadline-short,Garr200112-r0,Garr200112,trajectory,B1,15,23.61882664240699,0.5904706660601747,optimal,0.8285271519998787,14897,34408,98346
sens-deadline-short,Garr200112-r0,Garr200112,trajectory,B1,16,22.882070181513086,0.5720517545378272,optimal,1.0317416269972455,14897,34408,98346
sens-deadline-short,Garr200112-r0,Garr200112,trajectory,B1,17,22.25270509261123,0.5563176273152808,optimal,0.907946997002,14897,34408,98346
sens-deadline-short,Garr200112-r0,Garr200112,trajectory,B1,18,23.32878986447921,0.5832197466119802,optimal,0.8909906150001916,14897,34408,98346
sens-deadline-short,Garr200112-r0,Garr200112,trajectory,B1,19,22.869305633813457,0.5717326408453365,optimal,0.9178950319983414,14897,34408,98346
sens-deadline-short,Garr200112-r0,Garr200112,trajectory,B1,20,23.06584341568546,0.5766460853921365,optimal,1.0343390089983586,14897,34408,98346
sens-deadline-short,Garr200112-r0,Garr200112,trajectory,B1,21,23.035582007586523,0.575889550189663,optimal,0.8890446500008693,14897,34408,98346
sens-deadline-short,Garr200112-r0,Garr200112,trajectory,B1,22,23.025525636563557,0.5756381409140889,optimal,0.9800478770048358,14897,34408,98346
sens-deadline-short,Garr200112-r0,Garr200112,trajectory,B1,23,22.643578877964288,0.5660894719491072,optimal,0.9013405059959041,14897,34408,98346
sens-deadline-short,Garr200112-r0,Garr200112,trajectory,B1,24,23.42681250662736,0.585670312665684,optimal,0.9025421889964491,14897,34408,98346
sens-deadline-short,Garr200112-r0,Garr200112,trajectory,B1,25,23.040271443376533,0.5760067860844134,optimal,1.1276604020022205,14897,34408,98346
sens-deadline-short,Garr200112-r0,Garr200112,trajectory,B1,26,24.419334654632127,0.6104833663658031,optimal,1.115508613998827,14897,34408,98346
sens-deadline-short,Garr200112-r0,Garr200112,trajectory,B1,27,23.25912685838973,0.5814781714597432,optimal,0.9158529199994518,14897,34408,98346
sens-deadline-short,Garr200112-r0,Garr200112,trajectory,B1,28,23.199077288049608,0.5799769322012402,optimal,0.9430548750024172,14897,34408,98346
sens-deadline-short,Garr200112-r0,Garr200112,trajectory,B1,29,23.68497452926912,0.592124363231728,optimal,0.9885644059977494,14897,34408,98346
sens-deadline-short,Garr200404-r0,Garr200404,trajectory,B1,0,26.121790208971458,0.6530447552242864,optimal,0.8605685040020035,15266,34909,102618
sens-deadline-short,Garr200404-r0,Garr200404,trajectory,B1,1,24.629585142617174,0.6157396285654293,optimal,1.0044805049983552,15266,34909,102618
sens-deadline-short,Garr200404-r0,Garr200404,trajectory,B1,2,26.15810233208308,0.653952558302077,optimal,0.7781932009966113,15266,34909,102618
sens-deadline-short,Garr200404-r0,Garr200404,trajectory,B1,3,25.293018248834958,0.632325456220874,optimal,1.0097068690010929,15266,34909,102618
sens-deadline-short,Garr200404-r0,Garr200404,trajectory,B1,4,24.16154698986644,0.6040386747466611,optimal,0.8743723990046419,15266,34909,102618
sens-deadline-short,Garr200404-r0,Garr200404,trajectory,B1,5,26.56541016624826,0.6641352541562064,optimal,1.180973891998292,15266,34909,102618
sens-deadline-short,Garr200404-r0,Garr200404,trajectory,B1,6,25.590125163961073,0.6397531290990268,optimal,0.9717046939986176,15266,34909,102618
sens-deadline-short,Garr200404-r0,Garr200404,trajectory,B1,7,26.58918279528638,0.6647295698821595,optimal,0.9568000360013684,15266,34909,102618
sens-deadline-short,Garr200404-r0,Garr200404,trajectory,B1,8,26.106790164597555,0.6526697541149389,optimal,0.8307939970036387,15266,34909,102618
sens-deadline-short,Garr200404-r0,Garr200404,trajectory,B1,9,25.9973997982183,0.6499349949554575,optimal,0.9923296960041625,15266,34909,102618
sens-deadline-short,Garr200404-r0,Garr200404,trajectory,B1,10,26.146033989211727,0.6536508497302932,optimal,0.8405254269964644,15266,34909,102618
sens-deadline-short,Garr200404-r0,Garr200404,trajectory,B1,11,26.352517997223636,0.6588129499305909,optimal,0.8472212010019575,15266,34909,102618
sens-deadline-short,Garr200404-r0,Garr200404,trajectory,B1,12,24.93765183020822,0.6234412957552056,optimal,0.9770010710053612,15266,34909,102618
sens-deadline-short,Garr200404-r0,Garr200404,trajectory,B1,13,25.9298270880236,0.64824567720059,optimal,0.8406836630019825,15266,34909,102618
sens-deadline-short,Garr200404-r0,Garr200404,trajectory,B1,14,26.561642800848798,0.6640410700212199,optimal,1.1348698750007316,15266,34909,102618
sens-deadline-short,Garr200404-r0,Garr200404,trajectory,B1,15,25.438048492381014,0.6359512123095253,optimal,0.8583587030007038,15266,34909,102618
sens-deadline-short,Garr200404-r0,Garr200404,trajectory,B1,16,25.205471249884354,0.6301367812471088,optimal,1.0012442270017345,15266,34909,102618
sens-deadline-short,Garr200404-r0,Garr200404,trajectory,B1,17,26.39605298018555,0.6599013245046388,optimal,0.8665606799986563,15266,34909,102618
sens-deadline-short,Garr200404-r0,Garr200404,trajectory,B1,18,25.59974017714314,0.6399935044285785,optimal,0.8631272540005739,15266,34909,102618
sens-deadline-short,Garr200404-r0,Garr200404,trajectory,B1,19,25.819735492807812,0.6454933873201953,optimal,0.9747836079986882,15266,34909,102618
sens-deadline-short,Garr200404-r0,Garr200404,trajectory,B1,20,25.540216283696356,0.6385054070924089,optimal,0.8855082340014633,15266,34909,102618
sens-deadline-short,Garr200404-r0,Garr200404,trajectory,B1,21,26.315322617016456,0.6578830654254114,optimal,0.8566468189965235,15266,34909,102618
sens-deadline-short,Garr200404-r0,Garr200404,trajectory,B1,22,25.67908636825045,0.6419771592062612,optimal,0.8486970599988126,15266,34909,102618
sens-deadline-short,Garr200404-r0,Garr200404,trajectory,B1,23,25.1459877874737,0.6286496946868425,optimal,1.0287605870034895,15266,34909,102618
sens-deadline-short,Garr200404-r0,Garr200404,trajectory,B1,24,25.97082157196516,0.649270539299129,optimal,0.866032339996309,15266,34909,102618
sens-deadline-short,Garr200404-r0,Garr200404,trajectory,B1,25,25.71821592753828,0.642955398188457,optimal,0.9612034899982973,15266,34909,102618
sens-deadline-short,Garr200404-r0,Garr200404,trajectory,B1,26,25.669923718072752,0.6417480929518188,optimal,1.124678636995668,15266,34909,102618
sens-deadline-short,Garr200404-r0,Garr200404,trajectory,B1,27,25.415800389635677,0.6353950097408919,optimal,1.0074831579986494,15266,34909,102618
sens-deadline-short,Garr200404-r0,Garr200404,trajectory,B1,28,25.536412097704936,0.6384103024426234,optimal,1.2435014670045348,15266,34909,102618
sens-deadline-short,Garr200404-r0,Garr200404,trajectory,B1,29,26.66683719268887,0.6666709298172218,optimal,1.156930048004142,15266,34909,102618
sens-deadline-short,Marwan-r0,Marwan,trajectory,B1,0,17.128888610019885,0.42822221525049714,optimal,1.2941623579972656,20362,37275,121171
sens-deadline-short,Marwan-r0,Marwan,trajectory,B1,1,17.84597615304522,0.44614940382613055,optimal,1.2675636019994272,20362,37275,121171
sens-deadline-short,Marwan-r0,Marwan,trajectory,B1,2,17.082768451614186,0.42706921129035463,optimal,1.4873030750022735,20362,37275,121171
sens-deadline-short,Marwan-r0,Marwan,trajectory,B1,3,17.05443990372593,0.42636099759314827,optimal,1.253555408999091,20362,37275,121171
sens-deadline-short,Marwan-r0,Marwan,trajectory,B1,4,19.248076591114565,0.4812019147778641,optimal,1.1619193570004427,20362,37275,121171
sens-deadline-short,Marwan-r0,Marwan,trajectory,B1,5,16.620033163421574,0.41550082908553937,optimal,1.4008652140037157,20362,37275,121171
sens-deadline-short,Marwan-r0,Marwan,trajectory,B1,6,15.603922467805926,0.39009806169514816,optimal,1.159925200001453,20362,37275,121171
sens-deadline-short,Marwan-r0,Marwan,trajectory,B1,7,17.63207121646312,0.440801780411578,optimal,1.4898505529999966,20362,37275,121171
sens-deadline-short,Marwan-r0,Marwan,trajectory,B1,8,18.14632759426275,0.45365818985656875,optimal,1.309389727000962,20362,37275,121171
sens-deadline-short,Marwan-r0,Marwan,trajectory,B1,9,17.700800565768354,0.44252001414420883,optimal,1.4110352029965725,20362,37275,121171
sens-deadline-short,Marwan-r0,Marwan,trajectory,B1,10,18.347543425635237,0.45868858564088094,optimal,1.2911874109995551,20362,37275,121171
sens-deadline-short,Marwan-r0,Marwan,trajectory,B1,11,17.351008726337252,0.4337752181584313,optimal,1.5700271509995218,20362,37275,121171
sens-deadline-short,Marwan-r0,Marwan,trajectory,B1,12,18.10311165455796,0.452577791363949,optimal,1.2487899479965563,20362,37275,121171
sens-deadline-short,Marwan-r0,Marwan,trajectory,B1,13,19.434293400825197,0.48585733502062994,optimal,1.440596574000665,20362,37275,121171
sens-deadline-short,Marwan-r0,Marwan,trajectory,B1,14,17.485435244833713,0.43713588112084284,optimal,1.3803482559960685,20362,37275,121171
sens-deadline-short,Marwan-r0,Marwan,trajectory,B1,15,16.064065972421435,0.4016016493105359,optimal,1.2142059309990145,20362,37275,121171
sens-deadline-short,Marwan-r0,Marwan,trajectory,B1,16,18.419759181740073,0.4604939795435018,optimal,1.294808598999225,20362,37275,121171
sens-deadline-short,Marwan-r0,Marwan,trajectory,B1,17,15.363247226039945,0.3840811806509986,optimal,1.2929914819978876,20362,37275,121171
sens-deadline-short,Marwan-r0,Marwan,trajectory,B1,18,17.699369290782684,0.4424842322695671,optimal,1.2421480150005664,20362,37275,121171
sens-deadline-short,Marwan-r0,Marwan,trajectory,B1,19,18.22577766533919,0.4556444416334798,optimal,1.4751894319997518,20362,37275,121171
sens-deadline-short,Marwan-r0,Marwan,trajectory,B1,20,18.37082451038625,0.45927061275965625,optimal,1.2713562909993925,20362,37275,121171
sens-deadline-short,Marwan-r0,Marwan,trajectory,B1,21,18.55207919302863,0.4638019798257157,optimal,1.340464860004431,20362,37275,121171
sens-deadline-short,Marwan-r0,Marwan,trajectory,B1,22,17.6283752138217,0.44070938034554247,optimal,1.4106994369940367,20362,37275,121171
sens-deadline-short,Marwan-r0,Marwan,trajectory,B1,23,18.541470125382517,0.46353675313456294,optimal,1.3273885789967608,20362,37275,121171
sens-deadline-short,Marwan-r0,Marwan,trajectory,B1,24,17.42555450583924,0.435638862645981,optimal,1.5774737230021856,20362,37275,121171
sens-deadline-short,Marwan-r0,Marwan,trajectory,B1,25,17.028340638567606,0.4257085159641901,optimal,1.2042966020017047,20362,37275,121171
sens-deadline-short,Marwan-r0,Marwan,trajectory,B1,26,18.436487940156095,0.46091219850390236,optimal,1.407346444997529,20362,37275,121171
sens-deadline-short,Marwan-r0,Marwan,trajectory,B1,27,17.319804592259683,0.43299511480649205,optimal,1.2446460380015196,20362,37275,121171
sens-deadline-short,Marwan-r0,Marwan,trajectory,B1,28,18.206665173774667,0.4551666293443667,optimal,1.3504156640046858,20362,37275,121171
sens-deadline-short,Marwan-r0,Marwan,trajectory,B1,29,16.74083549810901,0.41852088745272525,optimal,1.236445446003927,20362,37275,121171
sens-k2,Agis-r0,Agis,trajectory,B1,0,22.066016964213606,0.5516504241053402,optimal,1.5332111259995145,21757,40645,142614
sens-k2,Agis-r0,Agis,trajectory,B1,1,22.840657239035952,0.5710164309758988,optimal,1.2792020429988042,21757,40645,142614
sens-k2,Agis-r0,Agis,trajectory,B1,2,22.54887778908749,0.5637219447271873,optimal,1.1509757349995198,21757,40645,142614
sens-k2,Agis-r0,Agis,trajectory,B1,3,21.59648244031668,0.539912061007917,optimal,1.2073760709972703,21757,40645,142614
sens-k2,Agis-r0,Agis,trajectory,B1,4,22.12021603192144,0.5530054007980361,optimal,1.1098534609991475,21757,40645,142614
sens-k2,Agis-r0,Agis,trajectory,B1,5,21.94182201782566,0.5485455504456416,optimal,1.1969792890013196,21757,40645,142614
sens-k2,Agis-r0,Agis,trajectory,B1,6,22.534796595583376,0.5633699148895844,optimal,1.4077186880022055,21757,40645,142614
sens-k2,Agis-r0,Agis,trajectory,B1,7,22.044901589738117,0.5511225397434529,optimal,1.2755226950030192,21757,40645,142614
sens-k2,Agis-r0,Agis,trajectory,B1,8,22.382660456474333,0.5595665114118583,optimal,1.3462219619977986,21757,40645,142614
sens-k2,Agis-r0,Agis,trajectory,B1,9,22.505393500034618,0.5626348375008654,optimal,1.1791017239957,21757,40645,142614
sens-k2,Agis-r0,Agis,trajectory,B1,10,21.508641058773296,0.5377160264693324,optimal,1.2739044400004786,21757,40645,142614
sens-k2,Agis-r0,Agis,trajectory,B1,11,22.181435844883886,0.5545358961220972,optimal,1.178919831996609,21757,40645,142614
sens-k2,Agis-r0,Agis,trajectory,B1,12,22.258816881962048,0.5564704220490512,optimal,1.1509979309994378,21757,40645,142614
sens-k2,Agis-r0,Agis,trajectory,B1,13,21.50773007718095,0.5376932519295237,optimal,1.1902026469979319,21757,40645,142614
sens-k2,Agis-r0,Agis,trajectory,B1,14,21.669445057947208,0.5417361264486802,optimal,1.1393419039959554,21757,40645,142614
sens-k2,Agis-r0,Agis,trajectory,B1,15,21.809130671423873,0.5452282667855968,optimal,1.1441667370017967,21757,40645,142614
sens-k2,Agis-r0,Agis,trajectory,B1,16,22.177979999546388,0.5544494999886597,optimal,1.2238500750027015,21757,40645,142614
sens-k2,Agis-r0,Agis,trajectory,B1,17,21.58327402639178,0.5395818506597945,optimal,1.1956861970029422,21757,40645,142614
sens-k2,Agis-r0,Agis,trajectory,B1,18,22.373520800646265,0.5593380200161566,optimal,1.2371086980056134,21757,40645,142614
sens-k2,Agis-r0,Agis,trajectory,B1,19,22.257140207202763,0.556428505180069,optimal,1.183258975004719,21757,40645,142614
sens-k2,Agis-r0,Agis,trajectory,B1,20,21.972262544953956,0.5493065636238489,optimal,1.179982984001981,21757,40645,142614
sens-k2,Agis-r0,Agis,trajectory,B1,21,21.8451860238912,0.5461296505972799,optimal,1.1627453370019794,21757,40645,142614
sens-k2,Agis-r0,Agis,trajectory,B1,22,22.238858551335454,0.5559714637833864,optimal,1.209708131995285,21757,40645,142614
sens-k2,Agis-r0,Agis,trajectory,B1,23,22.60461778238043,0.5651154445595108,optimal,1.3680445589998271,21757,40645,142614
sens-k2,Agis-r0,Agis,trajectory,B1,24,22.208070913955655,0.5552017728488914,optimal,1.1680259739950998,21757,40645,142614
sens-k2,Agis-r0,Agis,trajectory,B1,25,21.692514648413937,0.5423128662103485,optimal,1.2396258110020426,21757,40645,142614
sens-k2,Agis-r0,Agis,trajectory,B1,26,21.59250207223475,0.5398125518058687,optimal,1.188820030001807,21757,40645,142614
sens-k2,Agis-r0,Agis,trajectory,B1,27,22.92130032483268,0.573032508120817,optimal,1.2282390410036896,21757,40645,142614
sens-k2,Agis-r0,Agis,trajectory,B1,28,21.534691362557112,0.5383672840639278,optimal,1.1291256989934482,21757,40645,142614
sens-k2,Agis-r0,Agis,trajectory,B1,29,21.26584032012734,0.5316460080031835,optimal,1.2101246070014895,21757,40645,142614
sens-k2,Belnet2008-r0,Belnet2008,trajectory,B1,0,28.127226545618594,0.7031806636404648,optimal,1.7167285149989766,22466,46795,141113
sens-k2,Belnet2008-r0,Belnet2008,trajectory,B1,1,27.837450062294977,0.6959362515573744,optimal,2.003622752999945,22466,46795,141113
sens-k2,Belnet2008-r0,Belnet2008,trajectory,B1,2,28.365289294952266,0.7091322323738066,optimal,1.744410033999884,22466,46795,141113
sens-k2,Belnet2008-r0,Belnet2008,trajectory,B1,3,28.503277977910905,0.7125819494477726,optimal,2.1176801200053887,22466,46795,141113
sens-k2,Belnet2008-r0,Belnet2008,trajectory,B1,4,27.43693879943299,0.6859234699858248,optimal,1.8718405139952665,22466,46795,141113
sens-k2,Belnet2008-r0,Belnet2008,trajectory,B1,5,28.518107459336797,0.7129526864834199,optimal,2.2767063779974706,22466,46795,141113
sens-k2,Belnet2008-r0,Belnet2008,trajectory,B1,6,28.133716195967185,0.7033429048991796,optimal,2.082377628998074,22466,46795,141113
sens-k2,Belnet2008-r0,Belnet2008,trajectory,B1,7,27.57990061429598,0.6894975153573994,optimal,2.1323156289945473,22466,46795,141113
sens-k2,Belnet2008-r0,Belnet2008,trajectory,B1,8,28.340543714585216,0.7085135928646304,optimal,1.6401907760009635,22466,46795,141113
sens-k2,Belnet2008-r0,Belnet2008,trajectory,B1,9,28.18027859318652,0.704506964829663,optimal,2.1537077860048157,22466,46795,141113
sens-k2,Belnet2008-r0,Belnet2008,trajectory,B1,10,28.948988306951623,0.7237247076737906,optimal,2.005503927997779,22466,46795,141113
sens-k2,Belnet2008-r0,Belnet2008,trajectory,B1,11,28.783467236680185,0.7195866809170046,optimal,1.9346500450046733,22466,46795,141113
sens-k2,Belnet2008-r0,Belnet2008,trajectory,B1,12,28.196662330056725,0.7049165582514181,optimal,1.8551616199983982,22466,46795,141113
sens-k2,Belnet2008-r0,Belnet2008,trajectory,B1,13,29.635668647027668,0.7408917161756917,optimal,2.274766513997747,22466,46795,141113
sens-k2,Belnet2008-r0,Belnet2008,trajectory,B1,14,28.341932714791643,0.7085483178697911,optimal,2.176070230998448,22466,46795,141113
sens-k2,Belnet2008-r0,Belnet2008,trajectory,B1,15,28.57856420129932,0.7144641050324829,optimal,1.7407694189969334,22466,46795,141113
sens-k2,Belnet2008-r0,Belnet2008,trajectory,B1,16,29.358566949555545,0.7339641737388887,optimal,2.1509240610030247,22466,46795,141113
sens-k2,Belnet2008-r0,Belnet2008,trajectory,B1,17,28.069931776516867,0.7017482944129216,optimal,1.8004902690008748,22466,46795,141113
sens-k2,Belnet2008-r0,Belnet2008,trajectory,B1,18,28.424268352164802,0.71060670880412,optimal,1.866628445997776,22466,46795,141113
sens-k2,Belnet2008-r0,Belnet2008,trajectory,B1,19,28.94575777925418,0.7236439444813545,optimal,1.9988269819950801,22466,46795,141113
sens-k2,Belnet2008-r0,Belnet2008,trajectory,B1,20,27.72125106645717,0.6930312766614293,optimal,2.128945570999349,22466,46795,141113
sens-k2,Belnet2008-r0,Belnet2008,trajectory,B1,21,27.710091132073877,0.6927522783018469,optimal,2.3852866209999775,22466,46795,141113
sens-k2,Belnet2008-r0,Belnet2008,trajectory,B1,22,28.57815428221358,0.7144538570553395,optimal,1.7427859520030324,22466,46795,141113
sens-k2,Belnet2008-r0,Belnet2008,trajectory,B1,23,27.46087950566279,0.6865219876415697,optimal,1.8335971939959563,22466,46795,141113
sens-k2,Belnet2008-r0,Belnet2008,trajectory,B1,24,27.874161885935422,0.6968540471483855,optimal,1.9479704879995552,22466,46795,141113
sens-k2,Belnet2008-r0,Belnet2008,trajectory,B1,25,28.518917780985213,0.7129729445246303,optimal,2.5211658109983546,22466,46795,141113
sens-k2,Belnet2008-r0,Belnet2008,trajectory,B1,26,28.1874627012825,0.7046865675320625,optimal,1.8877748679951765,22466,46795,141113
sens-k2,Belnet2008-r0,Belnet2008,trajectory,B1,27,28.228962156710846,0.7057240539177712,optimal,2.244469675999426,22466,46795,141113
sens-k2,Belnet2008-r0,Belnet2008,trajectory,B1,28,28.142364406837515,0.7035591101709379,optimal,2.026389835002192,22466,46795,141113
sens-k2,Belnet2008-r0,Belnet2008,trajectory,B1,29,28.34399912926474,0.7085999782316186,optimal,1.7200047349979286,22466,46795,141113
sens-k2,BsonetEurope-r0,BsonetEurope,trajectory,B1,0,29.149316612600483,0.728732915315012,optimal,2.0153816750025726,26302,47734,156978
sens-k2,BsonetEurope-r0,BsonetEurope,trajectory,B1,1,27.68425035883347,0.6921062589708368,optimal,2.0263146799989045,26302,47734,156978
sens-k2,BsonetEurope-r0,BsonetEurope,trajectory,B1,2,28.512643244640895,0.7128160811160223,optimal,2.2019492100007483,26302,47734,156978
sens-k2,BsonetEurope-r0,BsonetEurope,trajectory,B1,3,28.128942459989577,0.7032235614997394,optimal,2.0759601070021745,26302,47734,156978
sens-k2,BsonetEurope-r0,BsonetEurope,trajectory,B1,4,28.54977887482515,0.7137444718706287,optimal,2.0283606279990636,26302,47734,156978
sens-k2,BsonetEurope-r0,BsonetEurope,trajectory,B1,5,28.344555141036587,0.7086138785259146,optimal,1.7739096949953819,26302,47734,156978
sens-k2,BsonetEurope-r0,BsonetEurope,trajectory,B1,6,27.987255464107307,0.6996813866026826,optimal,1.8768705019974732,26302,47734,156978
sens-k2,BsonetEurope-r0,BsonetEurope,trajectory,B1,7,28.221861019627575,0.7055465254906894,optimal,2.1264219930017134,26302,47734,156978
sens-k2,BsonetEurope-r0,BsonetEurope,trajectory,B1,8,27.404187612632324,0.6851046903158081,optimal,1.9888416600006167,26302,47734,156978
sens-k2,BsonetEurope-r0,BsonetEurope,trajectory,B1,9,28.154221811675452,0.7038555452918863,optimal,1.9397707000025548,26302,47734,156978
sens-k2,BsonetEurope-r0,BsonetEurope,trajectory,B1,10,27.17514654190143,0.6793786635475357,optimal,1.8946420489955926,26302,47734,156978
sens-k2,BsonetEurope-r0,BsonetEurope,trajectory,B1,11,28.00316907481304,0.700079226870326,optimal,2.076351102994522,26302,47734,156978
sens-k2,BsonetEurope-r0,BsonetEurope,trajectory,B1,12,28.077742150679956,0.7019435537669989,optimal,1.8717811860042275,26302,47734,156978
sens-k2,BsonetEurope-r0,BsonetEurope,trajectory,B1,13,28.93535756303783,0.7233839390759458,optimal,1.837058019998949,26302,47734,156978
sens-k2,BsonetEurope-r0,BsonetEurope,trajectory,B1,14,28.537950835713055,0.7134487708928263,optimal,2.270460537998588,26302,47734,156978
sens-k2,BsonetEurope-r0,BsonetEurope,trajectory,B1,15,28.697542635639255,0.7174385658909814,optimal,1.7907227699979558,26302,47734,156978
sens-k2,BsonetEurope-r0,BsonetEurope,trajectory,B1,16,28.67360357512898,0.7168400893782245,optimal,1.7952642559976084,26302,47734,156978
sens-k2,BsonetEurope-r0,BsonetEurope,trajectory,B1,17,29.010678007867746,0.7252669501966936,optimal,2.241386768000666,26302,47734,156978
sens-k2,BsonetEurope-r0,BsonetEurope,trajectory,B1,18,28.981195810128224,0.7245298952532055,optimal,1.8790524690048187,26302,47734,156978
sens-k2,BsonetEurope-r0,BsonetEurope,trajectory,B1,19,28.971865739488763,0.7242966434872191,optimal,1.8994534320008825,26302,47734,156978
sens-k2,BsonetEurope-r0,BsonetEurope,trajectory,B1,20,28.301577715734656,0.7075394428933663,optimal,2.3516642570029944,26302,47734,156978
sens-k2,BsonetEurope-r0,BsonetEurope,trajectory,B1,21,28.285042225891498,0.7071260556472875,optimal,1.8550510030036094,26302,47734,156978
sens-k2,BsonetEurope-r0,BsonetEurope,trajectory,B1,22,28.60514422382665,0.7151286055956663,optimal,1.9909813759950339,26302,47734,156978
sens-k2,BsonetEurope-r0,BsonetEurope,trajectory,B1,23,28.33400050723768,0.708350012680942,optimal,1.8814439119960298,26302,47734,156978
sens-k2,BsonetEurope-r0,BsonetEurope,trajectory,B1,24,26.803044214498282,0.6700761053624571,optimal,2.162762396998005,26302,47734,156978
sens-k2,BsonetEurope-r0,BsonetEurope,trajectory,B1,25,27.893352374257596,0.6973338093564398,optimal,2.2439160069989157,26302,47734,156978
sens-k2,BsonetEurope-r0,BsonetEurope,trajectory,B1,26,28.69180030060316,0.717295007515079,optimal,1.8128801799975918,26302,47734,156978
sens-k2,BsonetEurope-r0,BsonetEurope,trajectory,B1,27,28.12798759382146,0.7031996898455365,optimal,1.893063921997964,26302,47734,156978
sens-k2,BsonetEurope-r0,BsonetEurope,trajectory,B1,28,28.74413938153987,0.7186034845384968,optimal,2.277522525000677,26302,47734,156978
sens-k2,BsonetEurope-r0,BsonetEurope,trajectory,B1,29,27.36493522728078,0.6841233806820195,optimal,2.0338953390019014,26302,47734,156978
sens-k2,BtNorthAmerica-r0,BtNorthAmerica,trajectory,B1,0,21.349034981286614,0.5337258745321654,optimal,1.7502177479982493,26084,48902,162215
sens-k2,BtNorthAmerica-r0,BtNorthAmerica,trajectory,B1,1,23.600092770285652,0.5900023192571413,optimal,2.0319816890041693,26084,48902,162215
sens-k2,BtNorthAmerica-r0,BtNorthAmerica,trajectory,B1,2,21.85183732153998,0.5462959330384994,optimal,1.868920059001539,26084,48902,162215
sens-k2,BtNorthAmerica-r0,BtNorthAmerica,trajectory,B1,3,22.135820691664208,0.5533955172916052,optimal,2.189172670005064,26084,48902,162215
sens-k2,BtNorthAmerica-r0,BtNorthAmerica,trajectory,B1,4,21.77934262578564,0.5444835656446411,optimal,1.883974484000646,26084,48902,162215
sens-k2,BtNorthAmerica-r0,BtNorthAmerica,trajectory,B1,5,22.029337649826726,0.5507334412456681,optimal,2.352624675993866,26084,48902,162215
sens-k2,BtNorthAmerica-r0,BtNorthAmerica,trajectory,B1,6,22.432143800102093,0.5608035950025523,optimal,1.993221384997014,26084,48902,162215
sens-k2,BtNorthAmerica-r0,BtNorthAmerica,trajectory,B1,7,21.21205104332396,0.530301276083099,optimal,1.8615860840000096,26084,48902,162215
sens-k2,BtNorthAmerica-r0,BtNorthAmerica,trajectory,B1,8,22.8688779233817,0.5717219480845425,optimal,1.890229325996188,26084,48902,162215
sens-k2,BtNorthAmerica-r0,BtNorthAmerica,trajectory,B1,9,22.98974871962665,0.5747437179906663,optimal,2.093174726003781,26084,48902,162215
sens-k2,BtNorthAmerica-r0,BtNorthAmerica,trajectory,B1,10,21.389544308631915,0.5347386077157978,optimal,1.917060928994033,26084,48902,162215
sens-k2,BtNorthAmerica-r0,BtNorthAmerica,trajectory,B1,11,22.241976192890462,0.5560494048222615,optimal,1.8383505439996952,26084,48902,162215
sens-k2,BtNorthAmerica-r0,BtNorthAmerica,trajectory,B1,12,23.188656393385482,0.579716409834637,optimal,1.8099802659999114,26084,48902,162215
sens-k2,BtNorthAmerica-r0,BtNorthAmerica,trajectory,B1,13,22.285476820480714,0.5571369205120178,optimal,1.834854090004228,26084,48902,162215
sens-k2,BtNorthAmerica-r0,BtNorthAmerica,trajectory,B1,14,20.968728296208763,0.5242182074052191,optimal,1.8533620329981204,26084,48902,162215
sens-k2,BtNorthAmerica-r0,BtNorthAmerica,trajectory,B1,15,20.810484246772347,0.5202621061693087,optimal,1.8824596030026441,26084,48902,162215
sens-k2,BtNorthAmerica-r0,BtNorthAmerica,trajectory,B1,16,21.749413060439128,0.5437353265109782,optimal,2.1985537729997304,26084,48902,162215
sens-k2,BtNorthAmerica-r0,BtNorthAmerica,trajectory,B1,17,21.616897344986775,0.5404224336246694,optimal,1.9327558099976159,26084,48902,162215
sens-k2,BtNorthAmerica-r0,BtNorthAmerica,trajectory,B1,18,21.122136677796426,0.5280534169449107,optimal,1.9969591649933136,26084,48902,162215
sens-k2,BtNorthAmerica-r0,BtNorthAmerica,trajectory,B1,19,21.52498422277808,0.538124605569452,optimal,1.7890004090004368,26084,48902,162215
sens-k2,BtNorthAmerica-r0,BtNorthAmerica,trajectory,B1,20,22.893524630843583,0.5723381157710896,optimal,2.1922923300007824,26084,48902,162215
sens-k2,BtNorthAmerica-r0,BtNorthAmerica,trajectory,B1,21,21.890148028066555,0.5472537007016639,optimal,1.8418854619958438,26084,48902,162215
sens-k2,BtNorthAmerica-r0,BtNorthAmerica,trajectory,B1,22,21.85105945525534,0.5462764863813835,optimal,1.8766944270028034,26084,48902,162215
sens-k2,BtNorthAmerica-r0,BtNorthAmerica,trajectory,B1,23,23.757217002496766,0.5939304250624191,optimal,1.8934840329966391,26084,48902,162215
sens-k2,BtNorthAmerica-r0,BtNorthAmerica,trajectory,B1,24,22.48087118452466,0.5620217796131165,optimal,2.0171205259975977,26084,48902,162215
sens-k2,BtNorthAmerica-r0,BtNorthAmerica,trajectory,B1,25,21.730487489819268,0.5432621872454817,optimal,2.177210235997336,26084,48902,162215
sens-k2,BtNorthAmerica-r0,BtNorthAmerica,trajectory,B1,26,21.678010716010533,0.5419502679002633,optimal,1.890857104997849,26084,48902,162215
sens-k2,BtNorthAmerica-r0,BtNorthAmerica,trajectory,B1,27,21.652620569134864,0.5413155142283717,optimal,1.7234398150030756,26084,48902,162215
sens-k2,BtNorthAmerica-r0,BtNorthAmerica,trajectory,B1,28,20.765064695995946,0.5191266173998986,optimal,2.001034900000377,26084,48902,162215
sens-k2,BtNorthAmerica-r0,BtNorthAmerica,trajectory,B1,29,22.1968417417356,0.55492104354339,optimal,1.8429925980017288,26084,48902,162215
sens-k2,Cesnet200603-r0,Cesnet200603,trajectory,B1,0,19.61504674277403,0.49037616856935073,optimal,1.6877540619971114,26066,50258,163106
sens-k2,Cesnet200603-r0,Cesnet200603,trajectory,B1,1,20.842235906306882,0.521055897657672,optimal,1.5100657060029334,26066,50258,163106
sens-k2,Cesnet200603-r0,Cesnet200603,trajectory,B1,2,19.97043984326342,0.49926099608158553,optimal,1.4798149150010431,26066,50258,163106
sens-k2,Cesnet200603-r0,Cesnet200603,trajectory,B1,3,20.13102336655623,0.5032755841639058,optimal,1.893952452999656,26066,50258,163106
sens-k2,Cesnet200603-r0,Cesnet200603,trajectory,B1,4,20.23815073878847,0.5059537684697117,optimal,1.4395308230014052,26066,50258,163106
sens-k2,Cesnet200603-r0,Cesnet200603,trajectory,B1,5,20.309300424297167,0.5077325106074292,optimal,1.632769197000016,26066,50258,163106
sens-k2,Cesnet200603-r0,Cesnet200603,trajectory,B1,6,20.047823046076207,0.5011955761519051,optimal,1.5659660429955693,26066,50258,163106
sens-k2,Cesnet200603-r0,Cesnet200603,trajectory,B1,7,20.209112985319294,0.5052278246329823,optimal,1.7220713080023415,26066,50258,163106
sens-k2,Cesnet200603-r0,Cesnet200603,trajectory,B1,8,19.062566899872664,0.4765641724968166,optimal,1.5548726490014815,26066,50258,163106
sens-k2,Cesnet200603-r0,Cesnet200603,trajectory,B1,9,20.16563601988614,0.5041409004971535,optimal,1.484403595000913,26066,50258,163106
sens-k2,Cesnet200603-r0,Cesnet200603,trajectory,B1,10,20.600332462317983,0.5150083115579496,optimal,1.4807716259965673,26066,50258,163106
sens-k2,Cesnet200603-r0,Cesnet200603,trajectory,B1,11,20.295740956065472,0.5073935239016368,optimal,1.6089808710021316,26066,50258,163106
sens-k2,Cesnet200603-r0,Cesnet200603,trajectory,B1,12,20.728985515597078,0.5182246378899269,optimal,1.5048999020000338,26066,50258,163106
sens-k2,Cesnet200603-r0,Cesnet200603,trajectory,B1,13,21.351536064832274,0.5337884016208069,optimal,1.8226539509996655,26066,50258,163106
sens-k2,Cesnet200603-r0,Cesnet200603,trajectory,B1,14,20.30972372702493,0.5077430931756233,optimal,1.531413218996022,26066,50258,163106
sens-k2,Cesnet200603-r0,Cesnet200603,trajectory,B1,15,20.02862913291336,0.500715728322834,optimal,1.440939480002271,26066,50258,163106
sens-k2,Cesnet200603-r0,Cesnet200603,trajectory,B1,16,19.37426844193485,0.4843567110483712,optimal,1.6360957809956744,26066,50258,163106
sens-k2,Cesnet200603-r0,Cesnet200603,trajectory,B1,17,19.26575510401785,0.48164387760044625,optimal,1.9494067409978015,26066,50258,163106
sens-k2,Cesnet200603-r0,Cesnet200603,trajectory,B1,18,19.389483952380928,0.4847370988095232,optimal,1.5131441249977797,26066,50258,163106
sens-k2,Cesnet200603-r0,Cesnet200603,trajectory,B1,19,20.077844129365452,0.5019461032341364,optimal,1.5602299169986509,26066,50258,163106
sens-k2,Cesnet200603-r0,Cesnet200603,trajectory,B1,20,20.39653987482911,0.5099134968707277,optimal,1.6714681840021512,26066,50258,163106
sens-k2,Cesnet200603-r0,Cesnet200603,trajectory,B1,21,20.218734808926058,0.5054683702231515,optimal,1.7478804989950731,26066,50258,163106
sens-k2,Cesnet200603-r0,Cesnet200603,trajectory,B1,22,20.14328241222224,0.5035820603055561,optimal,1.4532742040028097,26066,50258,163106
sens-k2,Cesnet200603-r0,Cesnet200603,trajectory,B1,23,19.519370426862253,0.4879842606715563,optimal,1.5052733160046046,26066,50258,163106
sens-k2,Cesnet200603-r0,Cesnet200603,trajectory,B1,24,20.626489791568325,0.5156622447892081,optimal,1.7272207630012417,26066,50258,163106
sens-k2,Cesnet200603-r0,Cesnet200603,trajectory,B1,25,20.672237569097867,0.5168059392274467,optimal,1.510308785000234,26066,50258,163106
sens-k2,Cesnet200603-r0,Cesnet200603,trajectory,B1,26,20.149935558807172,0.5037483889701793,optimal,1.5638594949996332,26066,50258,163106
sens-k2,Cesnet200603-r0,Cesnet200603,trajectory,B1,27,20.626657215401515,0.5156664303850379,optimal,1.463195665004605,26066,50258,163106
sens-k2,Cesnet200603-r0,Cesnet200603,trajectory,B1,28,21.195656100981555,0.5298914025245389,optimal,1.4781514260030235,26066,50258,163106
sens-k2,Cesnet200603-r0,Cesnet200603,trajectory,B1,29,19.787521348427294,0.4946880337106824,optimal,1.5743765020015417,26066,50258,163106
sens-k2,Digex-r0,Digex,trajectory,B1,0,22.246033188097837,0.5561508297024459,optimal,3.376785211999959,43971,70256,222727
sens-k2,Digex-r0,Digex,trajectory,B1,1,23.4070408947656,0.58517602236914,optimal,3.2259168829987175,43971,70256,222727
sens-k2,Digex-r0,Digex,trajectory,B1,2,23.40869430399143,0.5852173575997858,optimal,3.2336257909992128,43971,70256,222727
sens-k2,Digex-r0,Digex,trajectory,B1,3,22.934020509699963,0.573350512742499,optimal,3.1378585589991417,43971,70256,222727
sens-k2,Digex-r0,Digex,trajectory,B1,4,23.906783219696035,0.5976695804924008,optimal,3.3889062230009586,43971,70256,222727
sens-k2,Digex-r0,Digex,trajectory,B1,5,22.794770952864628,0.5698692738216157,optimal,3.143436628000927,43971,70256,222727
sens-k2,Digex-r0,Digex,trajectory,B1,6,23.490758336614007,0.5872689584153502,optimal,3.7231742340009077,43971,70256,222727
sens-k2,Digex-r0,Digex,trajectory,B1,7,22.607077635353523,0.5651769408838381,optimal,3.2287538729942753,43971,70256,222727
sens-k2,Digex-r0,Digex,trajectory,B1,8,23.249162059299845,0.5812290514824962,optimal,3.4898781849988154,43971,70256,222727
sens-k2,Digex-r0,Digex,trajectory,B1,9,22.98705695362353,0.5746764238405883,optimal,3.1106594980010414,43971,70256,222727
sens-k2,Digex-r0,Digex,trajectory,B1,10,21.73060424026991,0.5432651060067477,optimal,3.6239897110062884,43971,70256,222727
sens-k2,Digex-r0,Digex,trajectory,B1,11,22.275799562843584,0.5568949890710896,optimal,3.103258980998362,43971,70256,222727
sens-k2,Digex-r0,Digex,trajectory,B1,12,24.599034427952688,0.6149758606988172,optimal,3.7908400969972718,43971,70256,222727
sens-k2,Digex-r0,Digex,trajectory,B1,13,23.68161015842321,0.5920402539605802,optimal,3.4338937100037583,43971,70256,222727
sens-k2,Digex-r0,Digex,trajectory,B1,14,21.63791637081684,0.540947909270421,optimal,3.065401298001234,43971,70256,222727
sens-k2,Digex-r0,Digex,trajectory,B1,15,23.303976249898906,0.5825994062474726,optimal,3.621377649003989,43971,70256,222727
sens-k2,Digex-r0,Digex,trajectory,B1,16,23.03865233437392,0.575966308359348,optimal,3.1452868330015917,43971,70256,222727
sens-k2,Digex-r0,Digex,trajectory,B1,17,24.24064018160022,0.6060160045400055,optimal,3.7942533919995185,43971,70256,222727
sens-k2,Digex-r0,Digex,trajectory,B1,18,22.680078342607832,0.5670019585651958,optimal,3.3108356070006266,43971,70256,222727
sens-k2,Digex-r0,Digex,trajectory,B1,19,22.229992546116954,0.5557498136529239,optimal,4.134074076995603,43971,70256,222727
sens-k2,Digex-r0,Digex,trajectory,B1,20,22.74368348690592,0.568592087172648,optimal,3.033736689001671,43971,70256,222727
sens-k2,Digex-r0,Digex,trajectory,B1,21,22.57625028494949,0.5644062571237373,optimal,3.5202053140019416,43971,70256,222727
sens-k2,Digex-r0,Digex,trajectory,B1,22,23.47955206552621,0.5869888016381553,optimal,3.6958077070012223,43971,70256,222727
sens-k2,Digex-r0,Digex,trajectory,B1,23,22.640698681615298,0.5660174670403825,optimal,3.4137067340052454,43971,70256,222727
sens-k2,Digex-r0,Digex,trajectory,B1,24,22.93332215334192,0.5733330538335479,optimal,3.3340682410052978,43971,70256,222727
sens-k2,Digex-r0,Digex,trajectory,B1,25,23.77685791328124,0.594421447832031,optimal,4.182930369002861,43971,70256,222727
sens-k2,Digex-r0,Digex,trajectory,B1,26,23.1505044577627,0.5787626114440675,optimal,3.1982201650025672,43971,70256,222727
sens-k2,Digex-r0,Digex,trajectory,B1,27,22.866727661083736,0.5716681915270934,optimal,3.380624032994092,43971,70256,222727
sens-k2,Digex-r0,Digex,trajectory,B1,28,23.672765764800598,0.5918191441200149,optimal,3.165121017002093,43971,70256,222727
sens-k2,Digex-r0,Digex,trajectory,B1,29,22.918715291738188,0.5729678822934547,optimal,3.4780829830051516,43971,70256,222727
sens-k2,Easynet-r0,Easynet,trajectory,B1,0,10.369141899023884,0.2592285474755971,optimal,1.5173241599986795,26432,46991,162809
sens-k2,Easynet-r0,Easynet,trajectory,B1,1,10.52215285894663,0.26305382147366574,optimal,1.5882078889990225,26432,46991,162809
sens-k2,Easynet-r0,Easynet,trajectory,B1,2,9.321840815131464,0.23304602037828662,optimal,1.8414991159952478,26432,46991,162809
sens-k2,Easynet-r0,Easynet,trajectory,B1,3,9.852896059846515,0.24632240149616286,optimal,1.607384283997817,26432,46991,162809
sens-k2,Easynet-r0,Easynet,trajectory,B1,4,10.250372430619208,0.2562593107654802,optimal,1.8371363910046057,26432,46991,162809
sens-k2,Easynet-r0,Easynet,trajectory,B1,5,10.974071820959312,0.2743517955239828,optimal,1.646499666996533,26432,46991,162809
sens-k2,Easynet-r0,Easynet,trajectory,B1,6,10.047637497390713,0.25119093743476784,optimal,1.5867397709953366,26432,46991,162809
sens-k2,Easynet-r0,Easynet,trajectory,B1,7,11.67488431958862,0.29187210798971547,optimal,1.6297885300009511,26432,46991,162809
sens-k2,Easynet-r0,Easynet,trajectory,B1,8,11.110254696049568,0.2777563674012392,optimal,1.8545661470052437,26432,46991,162809
sens-k2,Easynet-r0,Easynet,trajectory,B1,9,10.635993557903051,0.2658998389475763,optimal,1.658944025002711,26432,46991,162809
sens-k2,Easynet-r0,Easynet,trajectory,B1,10,10.263757458959427,0.25659393647398565,optimal,1.6625554199999897,26432,46991,162809
sens-k2,Easynet-r0,Easynet,trajectory,B1,11,10.659437827141495,0.2664859456785374,optimal,1.6274309000000358,26432,46991,162809
sens-k2,Easynet-r0,Easynet,trajectory,B1,12,9.995259513789868,0.2498814878447467,optimal,1.6489784010045696,26432,46991,162809
sens-k2,Easynet-r0,Easynet,trajectory,B1,13,9.885235451641776,0.2471308862910444,optimal,1.5739177180003026,26432,46991,162809
sens-k2,Easynet-r0,Easynet,trajectory,B1,14,11.580263246589224,0.2895065811647306,optimal,1.6305896959966049,26432,46991,162809
sens-k2,Easynet-r0,Easynet,trajectory,B1,15,10.247747319626278,0.2561936829906569,optimal,1.665107002001605,26432,46991,162809
sens-k2,Easynet-r0,Easynet,trajectory,B1,16,9.948596277139291,0.24871490692848228,optimal,1.5797554480013787,26432,46991,162809
sens-k2,Easynet-r0,Easynet,trajectory,B1,17,10.290310633209625,0.2572577658302406,optimal,1.6277009080004063,26432,46991,162809
sens-k2,Easynet-r0,Easynet,trajectory,B1,18,10.32413859387418,0.2581034648468545,optimal,1.5942430889990646,26432,46991,162809
sens-k2,Easynet-r0,Easynet,trajectory,B1,19,10.667177735271473,0.26667944338178684,optimal,1.8274849060035194,26432,46991,162809
sens-k2,Easynet-r0,Easynet,trajectory,B1,20,10.27718896323351,0.25692972408083775,optimal,1.7231067340035224,26432,46991,162809
sens-k2,Easynet-r0,Easynet,trajectory,B1,21,9.429961241168227,0.2357490310292057,optimal,1.7202958080015378,26432,46991,162809
sens-k2,Easynet-r0,Easynet,trajectory,B1,22,9.946649372343664,0.2486662343085916,optimal,1.5904827100021066,26432,46991,162809
sens-k2,Easynet-r0,Easynet,trajectory,B1,23,9.909732998888979,0.24774332497222445,optimal,1.6770211160037434,26432,46991,162809
sens-k2,Easynet-r0,Easynet,trajectory,B1,24,9.753694691451424,0.24384236728628558,optimal,1.7109062140007154,26432,46991,162809
sens-k2,Easynet-r0,Easynet,trajectory,B1,25,10.069878259554812,0.2517469564888703,optimal,1.6086863050004467,26432,46991,162809
sens-k2,Easynet-r0,Easynet,trajectory,B1,26,10.14403055659896,0.253600763914974,optimal,1.5542802680065506,26432,46991,162809
sens-k2,Easynet-r0,Easynet,trajectory,B1,27,10.259440136666006,0.2564860034166502,optimal,1.593637628997385,26432,46991,162809
sens-k2,Easynet-r0,Easynet,trajectory,B1,28,9.968929622974077,0.2492232405743519,optimal,1.6485452740016626,26432,46991,162809
sens-k2,Easynet-r0,Easynet,trajectory,B1,29,9.85034160057245,0.24625854001431127,optimal,1.6638478790046065,26432,46991,162809
sens-k2,Garr200112-r0,Garr200112,trajectory,B1,0,25.762052503265377,0.6440513125816344,optimal,1.5719223909982247,20048,41656,130307
sens-k2,Garr200112-r0,Garr200112,trajectory,B1,1,25.41025804912112,0.635256451228028,optimal,1.3795578409990412,20048,41656,130307
sens-k2,Garr200112-r0,Garr200112,trajectory,B1,2,23.789201794942944,0.5947300448735736,optimal,1.718356526005664,20048,41656,130307
sens-k2,Garr200112-r0,Garr200112,trajectory,B1,3,26.42310051464531,0.6605775128661328,optimal,1.4706251659954432,20048,41656,130307
sens-k2,Garr200112-r0,Garr200112,trajectory,B1,4,25.92331708233849,0.6480829270584623,optimal,1.4698053899992374,20048,41656,130307
sens-k2,Garr200112-r0,Garr200112,trajectory,B1,5,25.729140639699413,0.6432285159924853,optimal,1.6371224309987156,20048,41656,130307
sens-k2,Garr200112-r0,Garr200112,trajectory,B1,6,25.595575154697755,0.6398893788674439,optimal,1.4262201609963086,20048,41656,130307
sens-k2,Garr200112-r0,Garr200112,trajectory,B1,7,26.536483173156853,0.6634120793289213,optimal,1.5743737570010126,20048,41656,130307
sens-k2,Garr200112-r0,Garr200112,trajectory,B1,8,25.22069221200197,0.6305173053000492,optimal,1.471208315997501,20048,41656,130307
sens-k2,Garr200112-r0,Garr200112,trajectory,B1,9,24.61926388163292,0.6154815970408231,optimal,1.6370279469992965,20048,41656,130307
sens-k2,Garr200112-r0,Garr200112,trajectory,B1,10,26.43292113193971,0.6608230282984928,optimal,1.419156281001051,20048,41656,130307
sens-k2,Garr200112-r0,Garr200112,trajectory,B1,11,25.600578152971014,0.6400144538242754,optimal,1.3894788040051935,20048,41656,130307
sens-k2,Garr200112-r0,Garr200112,trajectory,B1,12,24.35549243378805,0.6088873108447013,optimal,1.4176760769987595,20048,41656,130307
sens-k2,Garr200112-r0,Garr200112,trajectory,B1,13,24.482910853737852,0.6120727713434463,optimal,1.504655543998524,20048,41656,130307
sens-k2,Garr200112-r0,Garr200112,trajectory,B1,14,25.44188363565047,0.6360470908912618,optimal,1.6412197329991614,20048,41656,130307
sens-k2,Garr200112-r0,Garr200112,trajectory,B1,15,26.18337933304039,0.6545844833260097,optimal,1.3782780809997348,20048,41656,130307
sens-k2,Garr200112-r0,Garr200112,trajectory,B1,16,24.96917346618798,0.6242293366546995,optimal,2.0641275550005957,20048,41656,130307
sens-k2,Garr200112-r0,Garr200112,trajectory,B1,17,26.18533637128132,0.654633409282033,optimal,1.4099109779999708,20048,41656,130307
sens-k2,Garr200112-r0,Garr200112,trajectory,B1,18,26.23251682060658,0.6558129205151645,optimal,1.4295166070005507,20048,41656,130307
sens-k2,Garr200112-r0,Garr200112,trajectory,B1,19,25.157325661970845,0.6289331415492712,optimal,1.4538990929941065,20048,41656,130307
sens-k2,Garr200112-r0,Garr200112,trajectory,B1,20,25.108034768068368,0.6277008692017092,optimal,1.4507125570016797,20048,41656,130307
sens-k2,Garr200112-r0,Garr200112,trajectory,B1,21,26.50927954350735,0.6627319885876838,optimal,1.7312316059978912,20048,41656,130307
sens-k2,Garr200112-r0,Garr200112,trajectory,B1,22,24.70032415962479,0.6175081039906198,optimal,1.549674205998599,20048,41656,130307
sens-k2,Garr200112-r0,Garr200112,trajectory,B1,23,24.89197322384485,0.6222993305961213,optimal,1.3943243389949203,20048,41656,130307
sens-k2,Garr200112-r0,Garr200112,trajectory,B1,24,24.56552050872781,0.6141380127181952,optimal,1.2315986399989924,20048,41656,130307
sens-k2,Garr200112-r0,Garr200112,trajectory,B1,25,25.401960696212107,0.6350490174053027,optimal,2.719831319998775,20048,41656,130307
sens-k2,Garr200112-r0,Garr200112,trajectory,B1,26,26.85199777731263,0.6712999444328157,optimal,1.2432608620001702,20048,41656,130307
sens-k2,Garr200112-r0,Garr200112,trajectory,B1,27,25.634033176041193,0.6408508294010298,optimal,1.2245985730041866,20048,41656,130307
sens-k2,Garr200112-r0,Garr200112,trajectory,B1,28,26.178147078491005,0.6544536769622751,optimal,2.524318272000528,20048,41656,130307
sens-k2,Garr200112-r0,Garr200112,trajectory,B1,29,25.588616643184967,0.6397154160796241,optimal,2.3108071759997983,20048,41656,130307
sens-k2,Garr200404-r0,Garr200404,trajectory,B1,0,30.37051154454187,0.7592627886135468,optimal,2.116725004001637,19505,42406,132347
sens-k2,Garr200404-r0,Garr200404,trajectory,B1,1,29.09616436726895,0.7274041091817238,optimal,1.1948482230000081,19505,42406,132347
sens-k2,Garr200404-r0,Garr200404,trajectory,B1,2,30.68519718167231,0.7671299295418078,optimal,1.2293361440024455,19505,42406,132347
sens-k2,Garr200404-r0,Garr200404,trajectory,B1,3,28.308292813172372,0.7077073203293093,optimal,1.2604445299948566,19505,42406,132347
sens-k2,Garr200404-r0,Garr200404,trajectory,B1,4,28.9696476643744,0.72424119160936,optimal,3.8795212550030556,19505,42406,132347
sens-k2,Garr200404-r0,Garr200404,trajectory,B1,5,29.58565074315284,0.739641268578821,optimal,1.213791387002857,19505,42406,132347
sens-k2,Garr200404-r0,Garr200404,trajectory,B1,6,30.552192776298615,0.7638048194074654,optimal,1.5416585269995267,19505,42406,132347
sens-k2,Garr200404-r0,Garr200404,trajectory,B1,7,30.2722373064288,0.7568059326607199,optimal,1.47705107100046,19505,42406,132347
sens-k2,Garr200404-r0,Garr200404,trajectory,B1,8,30.453109610642016,0.7613277402660504,optimal,1.5440264369972283,19505,42406,132347
sens-k2,Garr200404-r0,Garr200404,trajectory,B1,9,30.200036325170935,0.7550009081292733,optimal,1.3885048610027297,19505,42406,132347
sens-k2,Garr200404-r0,Garr200404,trajectory,B1,10,29.350941341079142,0.7337735335269786,optimal,1.8118028479948407,19505,42406,132347
sens-k2,Garr200404-r0,Garr200404,trajectory,B1,11,30.41021390288897,0.7602553475722242,optimal,1.5074935960001312,19505,42406,132347
sens-k2,Garr200404-r0,Garr200404,trajectory,B1,12,29.380218526496222,0.7345054631624055,optimal,1.4773134580027545,19505,42406,132347
sens-k2,Garr200404-r0,Garr200404,trajectory,B1,13,30.50643099940013,0.7626607749850033,optimal,1.4731405339989578,19505,42406,132347
sens-k2,Garr200404-r0,Garr200404,trajectory,B1,14,30.61080004177848,0.765270001044462,optimal,2.2401908000028925,19505,42406,132347
sens-k2,Garr200404-r0,Garr200404,trajectory,B1,15,29.0257971876147,0.7256449296903675,optimal,1.28993733599782,19505,42406,132347
sens-k2,Garr200404-r0,Garr200404,trajectory,B1,16,30.545489737746575,0.7636372434436643,optimal,1.2885453419949044,19505,42406,132347
sens-k2,Garr200404-r0,Garr200404,trajectory,B1,17,30.530559699719678,0.7632639924929919,optimal,1.584963235000032,19505,42406,132347
sens-k2,Garr200404-r0,Garr200404,trajectory,B1,18,30.011623738764843,0.7502905934691211,optimal,1.3523439050040906,19505,42406,132347
sens-k2,Garr200404-r0,Garr200404,trajectory,B1,19,30.994500851035287,0.7748625212758822,optimal,1.4527382559972466,19505,42406,132347
sens-k2,Garr200404-r0,Garr200404,trajectory,B1,20,29.604683673396025,0.7401170918349006,optimal,1.2683447919989703,19505,42406,132347
sens-k2,Garr200404-r0,Garr200404,trajectory,B1,21,30.122850224123106,0.7530712556030776,optimal,1.5324448440005654,19505,42406,132347
sens-k2,Garr200404-r0,Garr200404,trajectory,B1,22,30.819192600578106,0.7704798150144526,optimal,1.1750899429971469,19505,42406,132347
sens-k2,Garr200404-r0,Garr200404,trajectory,B1,23,29.55401572708172,0.7388503931770429,optimal,1.1897812129973317,19505,42406,132347
sens-k2,Garr200404-r0,Garr200404,trajectory,B1,24,29.190359769052794,0.7297589942263198,optimal,1.2477658429997973,19505,42406,132347
sens-k2,Garr200404-r0,Garr200404,trajectory,B1,25,30.088430237869137,0.7522107559467284,optimal,1.3799978440001723,19505,42406,132347
sens-k2,Garr200404-r0,Garr200404,trajectory,B1,26,30.462992359670558,0.761574808991764,optimal,1.2798856810040888,19505,42406,132347
sens-k2,Garr200404-r0,Garr200404,trajectory,B1,27,29.948462436799232,0.7487115609199808,optimal,1.1513843049979187,19505,42406,132347
sens-k2,Garr200404-r0,Garr200404,trajectory,B1,28,30.254988445839807,0.7563747111459952,optimal,1.3359240159988985,19505,42406,132347
sens-k2,Garr200404-r0,Garr200404,trajectory,B1,29,30.975257732676805,0.7743814433169202,optimal,1.2660612300023786,19505,42406,132347
sens-k2,Marwan-r0,Marwan,trajectory,B1,0,18.944923721164685,0.4736230930291171,optimal,2.1547521899992716,29619,50386,169330
sens-k2,Marwan-r0,Marwan,trajectory,B1,1,20.106994309452734,0.5026748577363184,optimal,2.2941910829977132,29619,50386,169330
sens-k2,Marwan-r0,Marwan,trajectory,B1,2,17.71059610854279,0.4427649027135698,optimal,2.014535643000272,29619,50386,169330
sens-k2,Marwan-r0,Marwan,trajectory,B1,3,18.223139473830898,0.45557848684577246,optimal,2.098618501004239,29619,50386,169330
sens-k2,Marwan-r0,Marwan,trajectory,B1,4,19.35433428734861,0.4838583571837153,optimal,2.36495793100039,29619,50386,169330
sens-k2,Marwan-r0,Marwan,trajectory,B1,5,19.327000967866837,0.4831750241966709,optimal,2.20841375800228,29619,50386,169330
sens-k2,Marwan-r0,Marwan,trajectory,B1,6,18.29088740075011,0.4572721850187527,optimal,2.7924289999937173,29619,50386,169330
sens-k2,Marwan-r0,Marwan,trajectory,B1,7,18.7094198460268,0.46773549615067,optimal,2.5009452200029045,29619,50386,169330
sens-k2,Marwan-r0,Marwan,trajectory,B1,8,18.86732199060848,0.471683049765212,optimal,2.846243667998351,29619,50386,169330
sens-k2,Marwan-r0,Marwan,trajectory,B1,9,19.376645621503595,0.48441614053758986,optimal,2.493252616004611,29619,50386,169330
sens-k2,Marwan-r0,Marwan,trajectory,B1,10,20.260507629380008,0.5065126907345002,optimal,2.6333694700006163,29619,50386,169330
sens-k2,Marwan-r0,Marwan,trajectory,B1,11,18.738988405494606,0.46847471013736514,optimal,2.5850303469997016,29619,50386,169330
sens-k2,Marwan-r0,Marwan,trajectory,B1,12,19.753797258603242,0.49384493146508107,optimal,2.2246278849997907,29619,50386,169330
sens-k2,Marwan-r0,Marwan,trajectory,B1,13,20.98939079139205,0.5247347697848013,optimal,2.1486495260032825,29619,50386,169330
sens-k2,Marwan-r0,Marwan,trajectory,B1,14,18.169806479619574,0.45424516199048937,optimal,2.183492477000982,29619,50386,169330
sens-k2,Marwan-r0,Marwan,trajectory,B1,15,18.343527567816626,0.45858818919541566,optimal,1.9920921579978312,29619,50386,169330
sens-k2,Marwan-r0,Marwan,trajectory,B1,16,19.300571084602876,0.4825142771150719,optimal,1.9954007000051206,29619,50386,169330
sens-k2,Marwan-r0,Marwan,trajectory,B1,17,20.338263737397465,0.5084565934349367,optimal,2.102039800003695,29619,50386,169330
sens-k2,Marwan-r0,Marwan,trajectory,B1,18,20.839033022205584,0.5209758255551395,optimal,2.178761522998684,29619,50386,169330
sens-k2,Marwan-r0,Marwan,trajectory,B1,19,19.05977771890281,0.47649444297257026,optimal,2.046668798997416,29619,50386,169330
sens-k2,Marwan-r0,Marwan,trajectory,B1,20,19.04246802832875,0.47606170070821874,optimal,2.2376353180006845,29619,50386,169330
sens-k2,Marwan-r0,Marwan,trajectory,B1,21,20.791035735658728,0.5197758933914682,optimal,2.2887518360003014,29619,50386,169330
sens-k2,Marwan-r0,Marwan,trajectory,B1,22,18.277043045390673,0.4569260761347668,optimal,2.064228189003188,29619,50386,169330
sens-k2,Marwan-r0,Marwan,trajectory,B1,23,18.528066193952736,0.46320165484881837,optimal,1.8695185329997912,29619,50386,169330
sens-k2,Marwan-r0,Marwan,trajectory,B1,24,18.82628450148083,0.4706571125370208,optimal,1.993501020995609,29619,50386,169330
sens-k2,Marwan-r0,Marwan,trajectory,B1,25,19.27097956067077,0.4817744890167693,optimal,1.6227501780012972,29619,50386,169330
sens-k2,Marwan-r0,Marwan,trajectory,B1,26,19.186508936576587,0.4796627234144147,optimal,1.9255409600009443,29619,50386,169330
sens-k2,Marwan-r0,Marwan,trajectory,B1,27,19.129437902113768,0.4782359475528442,optimal,1.7064099280032679,29619,50386,169330
sens-k2,Marwan-r0,Marwan,trajectory,B1,28,19.587614616485748,0.4896903654121437,optimal,2.131315357000858,29619,50386,169330
sens-k2,Marwan-r0,Marwan,trajectory,B1,29,18.576532790063464,0.4644133197515866,optimal,1.6634859190016869,29619,50386,169330
sens-k5,Agis-r0,Agis,trajectory,B1,0,25.960751940762627,0.6490187985190656,optimal,2.941267902002437,56596,86387,353652
sens-k5,Agis-r0,Agis,trajectory,B1,1,26.70713654911532,0.667678413727883,optimal,3.364632672004518,56596,86387,353652
sens-k5,Agis-r0,Agis,trajectory,B1,2,26.60269108025679,0.6650672770064198,optimal,3.5307261799971457,56596,86387,353652
sens-k5,Agis-r0,Agis,trajectory,B1,3,24.777501707382726,0.6194375426845682,optimal,3.4402759069998865,56596,86387,353652
sens-k5,Agis-r0,Agis,trajectory,B1,4,25.360167274818316,0.6340041818704579,optimal,3.258298962995468,56596,86387,353652
sens-k5,Agis-r0,Agis,trajectory,B1,5,24.800643349539662,0.6200160837384916,optimal,3.2302715289988555,56596,86387,353652
sens-k5,Agis-r0,Agis,trajectory,B1,6,26.44566683589117,0.6611416708972793,optimal,3.523897452003439,56596,86387,353652
sens-k5,Agis-r0,Agis,trajectory,B1,7,25.81211853559896,0.645302963389974,optimal,3.5559491329986486,56596,86387,353652
sens-k5,Agis-r0,Agis,trajectory,B1,8,25.623364829790194,0.6405841207447549,optimal,3.5104324170024483,56596,86387,353652
sens-k5,Agis-r0,Agis,trajectory,B1,9,25.538972533402358,0.638474313335059,optimal,3.4479937400028575,56596,86387,353652
sens-k5,Agis-r0,Agis,trajectory,B1,10,26.59526472951067,0.6648816182377668,optimal,3.4454287459957413,56596,86387,353652
sens-k5,Agis-r0,Agis,trajectory,B1,11,25.921482982690996,0.6480370745672749,optimal,3.192751071001112,56596,86387,353652
sens-k5,Agis-r0,Agis,trajectory,B1,12,25.27544201749774,0.6318860504374435,optimal,3.374907915997028,56596,86387,353652
sens-k5,Agis-r0,Agis,trajectory,B1,13,24.19113657572741,0.6047784143931852,optimal,3.3739091890020063,56596,86387,353652
sens-k5,Agis-r0,Agis,trajectory,B1,14,25.072656171745887,0.6268164042936472,optimal,3.306699826003751,56596,86387,353652
sens-k5,Agis-r0,Agis,trajectory,B1,15,26.169506475264505,0.6542376618816126,optimal,3.4108840679982677,56596,86387,353652
sens-k5,Agis-r0,Agis,trajectory,B1,16,25.80983503470667,0.6452458758676667,optimal,3.3149283209932037,56596,86387,353652
sens-k5,Agis-r0,Agis,trajectory,B1,17,26.06328416628278,0.6515821041570695,optimal,3.5460170509977615,56596,86387,353652
sens-k5,Agis-r0,Agis,trajectory,B1,18,25.65626607030165,0.6414066517575413,optimal,3.434695546005969,56596,86387,353652
sens-k5,Agis-r0,Agis,trajectory,B1,19,25.717647704035468,0.6429411926008867,optimal,3.389805847000389,56596,86387,353652
sens-k5,Agis-r0,Agis,trajectory,B1,20,25.37956729699443,0.6344891824248607,optimal,3.3220830029968056,56596,86387,353652
sens-k5,Agis-r0,Agis,trajectory,B1,21,26.620200781081778,0.6655050195270444,optimal,3.895486294000875,56596,86387,353652
sens-k5,Agis-r0,Agis,trajectory,B1,22,26.638637440853074,0.6659659360213268,optimal,3.951418944998295,56596,86387,353652
sens-k5,Agis-r0,Agis,trajectory,B1,23,25.111299174821934,0.6277824793705483,optimal,3.5787361900001997,56596,86387,353652
sens-k5,Agis-r0,Agis,trajectory,B1,24,26.65882212592847,0.6664705531482118,optimal,3.91407793500548,56596,86387,353652
sens-k5,Agis-r0,Agis,trajectory,B1,25,25.08789801453739,0.6271974503634348,optimal,3.2971914459994878,56596,86387,353652
sens-k5,Agis-r0,Agis,trajectory,B1,26,24.0608377989641,0.6015209449741026,optimal,3.374150534000364,56596,86387,353652
sens-k5,Agis-r0,Agis,trajectory,B1,27,25.33062606745705,0.6332656516864262,optimal,3.4187389710059506,56596,86387,353652
sens-k5,Agis-r0,Agis,trajectory,B1,28,25.20094913316217,0.6300237283290542,optimal,3.4831682320000255,56596,86387,353652
sens-k5,Agis-r0,Agis,trajectory,B1,29,25.436836431510763,0.635920910787769,optimal,3.4844322700009798,56596,86387,353652
sens-k5,Belnet2008-r0,Belnet2008,trajectory,B1,0,30.83292199335381,0.7708230498338453,optimal,3.8458256099984283,52548,84479,326845
sens-k5,Belnet2008-r0,Belnet2008,trajectory,B1,1,28.990356020547477,0.724758900513687,optimal,3.7114409459973103,52548,84479,326845
sens-k5,Belnet2008-r0,Belnet2008,trajectory,B1,2,30.34299680728004,0.758574920182001,optimal,3.491040841996437,52548,84479,326845
sens-k5,Belnet2008-r0,Belnet2008,trajectory,B1,3,29.733705847467025,0.7433426461866757,optimal,3.8066320970028755,52548,84479,326845
sens-k5,Belnet2008-r0,Belnet2008,trajectory,B1,4,29.491974006497713,0.7372993501624429,optimal,3.716926537003019,52548,84479,326845
sens-k5,Belnet2008-r0,Belnet2008,trajectory,B1,5,30.064444630152636,0.7516111157538159,optimal,3.371175418003986,52548,84479,326845
sens-k5,Belnet2008-r0,Belnet2008,trajectory,B1,6,30.086572196180562,0.752164304904514,optimal,4.39168294800038,52548,84479,326845
sens-k5,Belnet2008-r0,Belnet2008,trajectory,B1,7,30.079976650927517,0.7519994162731879,optimal,3.636238045997743,52548,84479,326845
sens-k5,Belnet2008-r0,Belnet2008,trajectory,B1,8,30.404893612656792,0.7601223403164198,optimal,3.598361812000803,52548,84479,326845
sens-k5,Belnet2008-r0,Belnet2008,trajectory,B1,9,30.57382327757552,0.7643455819393881,optimal,4.131212157997652,52548,84479,326845
sens-k5,Belnet2008-r0,Belnet2008,trajectory,B1,10,30.21699226075406,0.7554248065188516,optimal,4.2799241690008785,52548,84479,326845
sens-k5,Belnet2008-r0,Belnet2008,trajectory,B1,11,29.69946975200148,0.742486743800037,optimal,3.455336676001025,52548,84479,326845
sens-k5,Belnet2008-r0,Belnet2008,trajectory,B1,12,30.65628067993223,0.7664070169983057,optimal,3.602181609996478,52548,84479,326845
sens-k5,Belnet2008-r0,Belnet2008,trajectory,B1,13,30.83611153823175,0.7709027884557937,optimal,4.116830936996848,52548,84479,326845
sens-k5,Belnet2008-r0,Belnet2008,trajectory,B1,14,29.932012811235772,0.7483003202808943,optimal,3.393140909000067,52548,84479,326845
sens-k5,Belnet2008-r0,Belnet2008,trajectory,B1,15,30.183506016258196,0.7545876504064549,optimal,3.6261919120006496,52548,84479,326845
sens-k5,Belnet2008-r0,Belnet2008,trajectory,B1,16,30.661908547355093,0.7665477136838773,optimal,4.028298421995714,52548,84479,326845
sens-k5,Belnet2008-r0,Belnet2008,trajectory,B1,17,29.745817753519372,0.7436454438379843,optimal,3.8504903739958536,52548,84479,326845
sens-k5,Belnet2008-r0,Belnet2008,trajectory,B1,18,29.891427737090595,0.7472856934272649,optimal,3.915512566003599,52548,84479,326845
sens-k5,Belnet2008-r0,Belnet2008,trajectory,B1,19,29.866123565844116,0.746653089146103,optimal,4.228612165999948,52548,84479,326845
sens-k5,Belnet2008-r0,Belnet2008,trajectory,B1,20,28.5568214652533,0.7139205366313325,optimal,3.6143050940008834,52548,84479,326845
sens-k5,Belnet2008-r0,Belnet2008,trajectory,B1,21,29.94184188843821,0.7485460472109552,optimal,3.7728927209973335,52548,84479,326845
sens-k5,Belnet2008-r0,Belnet2008,trajectory,B1,22,30.069732910338512,0.7517433227584628,optimal,3.3401481839973712,52548,84479,326845
sens-k5,Belnet2008-r0,Belnet2008,trajectory,B1,23,30.46158880515622,0.7615397201289056,optimal,4.220949103997555,52548,84479,326845
sens-k5,Belnet2008-r0,Belnet2008,trajectory,B1,24,29.433823771889823,0.7358455942972456,optimal,4.433302786004788,52548,84479,326845
sens-k5,Belnet2008-r0,Belnet2008,trajectory,B1,25,30.812716005281526,0.7703179001320382,optimal,4.416390287005925,52548,84479,326845
sens-k5,Belnet2008-r0,Belnet2008,trajectory,B1,26,29.54478288704389,0.7386195721760973,optimal,3.762710094000795,52548,84479,326845
sens-k5,Belnet2008-r0,Belnet2008,trajectory,B1,27,30.55864631561383,0.7639661578903458,optimal,4.01623410799948,52548,84479,326845
sens-k5,Belnet2008-r0,Belnet2008,trajectory,B1,28,29.124116645662305,0.7281029161415576,optimal,3.7460401439966518,52548,84479,326845
sens-k5,Belnet2008-r0,Belnet2008,trajectory,B1,29,30.079950195036723,0.751998754875918,optimal,3.519526661002601,52548,84479,326845
sens-k5,BsonetEurope-r0,BsonetEurope,trajectory,B1,0,29.419547278909388,0.7354886819727346,optimal,3.6200777940030093,58491,87367,358765
sens-k5,BsonetEurope-r0,BsonetEurope,trajectory,B1,1,28.419883007843417,0.7104970751960854,optimal,3.8540795230001095,58491,87367,358765
sens-k5,BsonetEurope-r0,BsonetEurope,trajectory,B1,2,28.942257158274213,0.7235564289568553,optimal,3.5757015440030955,58491,87367,358765
sens-k5,BsonetEurope-r0,BsonetEurope,trajectory,B1,3,28.817939204949873,0.7204484801237468,optimal,4.034220088004076,58491,87367,358765
sens-k5,BsonetEurope-r0,BsonetEurope,trajectory,B1,4,29.28642848694446,0.7321607121736114,optimal,3.6051489840028808,58491,87367,358765
sens-k5,BsonetEurope-r0,BsonetEurope,trajectory,B1,5,29.059276097673614,0.7264819024418403,optimal,3.5860734439993394,58491,87367,358765
sens-k5,BsonetEurope-r0,BsonetEurope,trajectory,B1,6,28.385518511951382,0.7096379627987845,optimal,4.193883346000803,58491,87367,358765
sens-k5,BsonetEurope-r0,BsonetEurope,trajectory,B1,7,28.55337577317446,0.7138343943293615,optimal,3.5869933560024947,58491,87367,358765
sens-k5,BsonetEurope-r0,BsonetEurope,trajectory,B1,8,27.96918702091358,0.6992296755228395,optimal,4.128979281005741,58491,87367,358765
sens-k5,BsonetEurope-r0,BsonetEurope,trajectory,B1,9,28.623132324222762,0.7155783081055691,optimal,3.7364751049972256,58491,87367,358765
sens-k5,BsonetEurope-r0,BsonetEurope,trajectory,B1,10,27.506089662928954,0.6876522415732238,optimal,3.554566277998674,58491,87367,358765
sens-k5,BsonetEurope-r0,BsonetEurope,trajectory,B1,11,28.658822678946038,0.716470566973651,optimal,4.83763591999741,58491,87367,358765
sens-k5,BsonetEurope-r0,BsonetEurope,trajectory,B1,12,28.69606685094303,0.7174016712735758,optimal,4.021131430999958,58491,87367,358765
sens-k5,BsonetEurope-r0,BsonetEurope,trajectory,B1,13,29.40182699270858,0.7350456748177144,optimal,3.418328836996807,58491,87367,358765
sens-k5,BsonetEurope-r0,BsonetEurope,trajectory,B1,14,29.03514550370632,0.725878637592658,optimal,3.411572065000655,58491,87367,358765
sens-k5,BsonetEurope-r0,BsonetEurope,trajectory,B1,15,29.08955949106262,0.7272389872765654,optimal,3.4881638439983362,58491,87367,358765
sens-k5,BsonetEurope-r0,BsonetEurope,trajectory,B1,16,29.252536892594073,0.7313134223148519,optimal,4.720267008997325,58491,87367,358765
sens-k5,BsonetEurope-r0,BsonetEurope,trajectory,B1,17,29.61267271148303,0.7403168177870757,optimal,4.5073196410012315,58491,87367,358765
sens-k5,BsonetEurope-r0,BsonetEurope,trajectory,B1,18,29.484702945798876,0.7371175736449719,optimal,4.073096023996186,58491,87367,358765
sens-k5,BsonetEurope-r0,BsonetEurope,trajectory,B1,19,29.361863514025956,0.7340465878506489,optimal,3.615737004998664,58491,87367,358765
sens-k5,BsonetEurope-r0,BsonetEurope,trajectory,B1,20,29.097831804495062,0.7274457951123765,optimal,3.934387297005742,58491,87367,358765
sens-k5,BsonetEurope-r0,BsonetEurope,trajectory,B1,21,28.72620345978244,0.718155086494561,optimal,4.458495863997086,58491,87367,358765
sens-k5,BsonetEurope-r0,BsonetEurope,trajectory,B1,22,29.25283241557346,0.7313208103893365,optimal,4.235809499004972,58491,87367,358765
sens-k5,BsonetEurope-r0,BsonetEurope,trajectory,B1,23,28.931063099913214,0.7232765774978304,optimal,3.927635783998994,58491,87367,358765
sens-k5,BsonetEurope-r0,BsonetEurope,trajectory,B1,24,27.748058166040188,0.6937014541510047,optimal,4.4019121270030155,58491,87367,358765
sens-k5,BsonetEurope-r0,BsonetEurope,trajectory,B1,25,28.35768753644246,0.7089421884110615,optimal,3.7479072520000045,58491,87367,358765
sens-k5,BsonetEurope-r0,BsonetEurope,trajectory,B1,26,29.10924811506106,0.7277312028765265,optimal,3.609273016998486,58491,87367,358765
sens-k5,BsonetEurope-r0,BsonetEurope,trajectory,B1,27,28.697458038242583,0.7174364509560646,optimal,3.3781734730000608,58491,87367,358765
sens-k5,BsonetEurope-r0,BsonetEurope,trajectory,B1,28,29.31599415864095,0.7328998539660238,optimal,4.248143614000583,58491,87367,358765
sens-k5,BsonetEurope-r0,BsonetEurope,trajectory,B1,29,27.796751773024074,0.6949187943256019,optimal,4.32730002199969,58491,87367,358765
sens-k5,BtNorthAmerica-r0,BtNorthAmerica,trajectory,B1,0,22.57113308486392,0.564278327121598,optimal,4.6167088330039405,60343,92013,372273
sens-k5,BtNorthAmerica-r0,BtNorthAmerica,trajectory,B1,1,25.147636229780733,0.6286909057445184,optimal,5.226208300002327,60343,92013,372273
sens-k5,BtNorthAmerica-r0,BtNorthAmerica,trajectory,B1,2,23.1550251716152,0.5788756292903801,optimal,4.25997248099884,60343,92013,372273
sens-k5,BtNorthAmerica-r0,BtNorthAmerica,trajectory,B1,3,24.02387690253529,0.6005969225633823,optimal,5.384484078997048,60343,92013,372273
sens-k5,BtNorthAmerica-r0,BtNorthAmerica,trajectory,B1,4,23.144130158796244,0.5786032539699061,optimal,4.112300236003648,60343,92013,372273
sens-k5,BtNorthAmerica-r0,BtNorthAmerica,trajectory,B1,5,24.14699823459006,0.6036749558647515,optimal,4.0689145759970415,60343,92013,372273
sens-k5,BtNorthAmerica-r0,BtNorthAmerica,trajectory,B1,6,23.848757676748995,0.5962189419187249,optimal,5.178254050006217,60343,92013,372273
sens-k5,BtNorthAmerica-r0,BtNorthAmerica,trajectory,B1,7,23.6916304803724,0.59229076200931,optimal,4.0665471340034856,60343,92013,372273
sens-k5,BtNorthAmerica-r0,BtNorthAmerica,trajectory,B1,8,24.390353679754153,0.6097588419938538,optimal,4.268645268006367,60343,92013,372273
sens-k5,BtNorthAmerica-r0,BtNorthAmerica,trajectory,B1,9,24.073498969026847,0.6018374742256711,optimal,4.659026722001727,60343,92013,372273
sens-k5,BtNorthAmerica-r0,BtNorthAmerica,trajectory,B1,10,22.75211274069874,0.5688028185174685,optimal,4.643537823998486,60343,92013,372273
sens-k5,BtNorthAmerica-r0,BtNorthAmerica,trajectory,B1,11,23.845688181982137,0.5961422045495535,optimal,3.9328132060036296,60343,92013,372273
sens-k5,BtNorthAmerica-r0,BtNorthAmerica,trajectory,B1,12,24.295021517051055,0.6073755379262764,optimal,4.0400254810010665,60343,92013,372273
sens-k5,BtNorthAmerica-r0,BtNorthAmerica,trajectory,B1,13,23.775344936131898,0.5943836234032974,optimal,4.941405073994247,60343,92013,372273
sens-k5,BtNorthAmerica-r0,BtNorthAmerica,trajectory,B1,14,22.25250056349121,0.5563125140872802,optimal,4.873686437997094,60343,92013,372273
sens-k5,BtNorthAmerica-r0,BtNorthAmerica,trajectory,B1,15,22.974615701877667,0.5743653925469416,optimal,4.421850809005264,60343,92013,372273
sens-k5,BtNorthAmerica-r0,BtNorthAmerica,trajectory,B1,16,23.244275681125167,0.5811068920281292,optimal,4.170393357002467,60343,92013,372273
sens-k5,BtNorthAmerica-r0,BtNorthAmerica,trajectory,B1,17,22.964978529283194,0.5741244632320799,optimal,5.13155737699708,60343,92013,372273
sens-k5,BtNorthAmerica-r0,BtNorthAmerica,trajectory,B1,18,22.026297409352072,0.5506574352338018,optimal,4.84232918300404,60343,92013,372273
sens-k5,BtNorthAmerica-r0,BtNorthAmerica,trajectory,B1,19,23.51301655849756,0.587825413962439,optimal,4.642475323998951,60343,92013,372273
sens-k5,BtNorthAmerica-r0,BtNorthAmerica,trajectory,B1,20,24.966485300212238,0.6241621325053059,optimal,4.590725371002918,60343,92013,372273
sens-k5,BtNorthAmerica-r0,BtNorthAmerica,trajectory,B1,21,24.174264703222207,0.6043566175805551,optimal,4.4532032040006015,60343,92013,372273
sens-k5,BtNorthAmerica-r0,BtNorthAmerica,trajectory,B1,22,22.84650534140073,0.5711626335350182,optimal,4.232472748000873,60343,92013,372273
sens-k5,BtNorthAmerica-r0,BtNorthAmerica,trajectory,B1,23,25.65522776325327,0.6413806940813317,optimal,5.005435256003693,60343,92013,372273
sens-k5,BtNorthAmerica-r0,BtNorthAmerica,trajectory,B1,24,24.289859091163855,0.6072464772790964,optimal,4.28804687900265,60343,92013,372273
sens-k5,BtNorthAmerica-r0,BtNorthAmerica,trajectory,B1,25,23.565373112519687,0.5891343278129921,optimal,4.300632646998565,60343,92013,372273
sens-k5,BtNorthAmerica-r0,BtNorthAmerica,trajectory,B1,26,23.417664330384493,0.5854416082596123,optimal,5.449316097998235,60343,92013,372273
sens-k5,BtNorthAmerica-r0,BtNorthAmerica,trajectory,B1,27,23.07237343889891,0.5768093359724727,optimal,4.326487273996463,60343,92013,372273
sens-k5,BtNorthAmerica-r0,BtNorthAmerica,trajectory,B1,28,22.2063497811056,0.55515874452764,optimal,4.246540328000265,60343,92013,372273
sens-k5,BtNorthAmerica-r0,BtNorthAmerica,trajectory,B1,29,23.543462410330847,0.5885865602582712,optimal,4.940996044999338,60343,92013,372273
sens-k5,Cesnet200603-r0,Cesnet200603,trajectory,B1,0,22.163689345769853,0.5540922336442463,optimal,4.775263752002502,64643,102253,392351
sens-k5,Cesnet200603-r0,Cesnet200603,trajectory,B1,1,23.425638095608264,0.5856409523902066,optimal,3.763943696998467,64643,102253,392351
sens-k5,Cesnet200603-r0,Cesnet200603,trajectory,B1,2,22.2304625463391,0.5557615636584775,optimal,4.593089289999625,64643,102253,392351
sens-k5,Cesnet200603-r0,Cesnet200603,trajectory,B1,3,22.752536559963087,0.5688134139990771,optimal,3.476016462998814,64643,102253,392351
sens-k5,Cesnet200603-r0,Cesnet200603,trajectory,B1,4,22.56084282539566,0.5640210706348915,optimal,3.4788016400052584,64643,102253,392351
sens-k5,Cesnet200603-r0,Cesnet200603,trajectory,B1,5,22.643556358568322,0.566088908964208,optimal,4.781100649001019,64643,102253,392351
sens-k5,Cesnet200603-r0,Cesnet200603,trajectory,B1,6,22.148959535090913,0.5537239883772729,optimal,4.433278928001528,64643,102253,392351
sens-k5,Cesnet200603-r0,Cesnet200603,trajectory,B1,7,22.909850425918485,0.5727462606479621,optimal,4.831106359997648,64643,102253,392351
sens-k5,Cesnet200603-r0,Cesnet200603,trajectory,B1,8,21.848725823717793,0.5462181455929448,optimal,4.087740641996788,64643,102253,392351
sens-k5,Cesnet200603-r0,Cesnet200603,trajectory,B1,9,21.814477078093027,0.5453619269523257,optimal,4.565802214005089,64643,102253,392351
sens-k5,Cesnet200603-r0,Cesnet200603,trajectory,B1,10,22.869898471647666,0.5717474617911916,optimal,3.920556207995105,64643,102253,392351
sens-k5,Cesnet200603-r0,Cesnet200603,trajectory,B1,11,22.239787396734584,0.5559946849183646,optimal,3.9733101390011143,64643,102253,392351
sens-k5,Cesnet200603-r0,Cesnet200603,trajectory,B1,12,23.10773235142423,0.5776933087856058,optimal,4.056277686002431,64643,102253,392351
sens-k5,Cesnet200603-r0,Cesnet200603,trajectory,B1,13,23.261148573601826,0.5815287143400456,optimal,4.960724012002174,64643,102253,392351
sens-k5,Cesnet200603-r0,Cesnet200603,trajectory,B1,14,22.91047536788456,0.5727618841971139,optimal,4.460476355998253,64643,102253,392351
sens-k5,Cesnet200603-r0,Cesnet200603,trajectory,B1,15,22.10304810654279,0.5525762026635698,optimal,3.759057318995474,64643,102253,392351
sens-k5,Cesnet200603-r0,Cesnet200603,trajectory,B1,16,22.171567827435148,0.5542891956858786,optimal,4.389534324000124,64643,102253,392351
sens-k5,Cesnet200603-r0,Cesnet200603,trajectory,B1,17,20.336105457421276,0.5084026364355319,optimal,4.053622072999133,64643,102253,392351
sens-k5,Cesnet200603-r0,Cesnet200603,trajectory,B1,18,21.383809712358218,0.5345952428089554,optimal,4.514268950995756,64643,102253,392351
sens-k5,Cesnet200603-r0,Cesnet200603,trajectory,B1,19,22.67696047876568,0.566924011969142,optimal,4.269554876998882,64643,102253,392351
sens-k5,Cesnet200603-r0,Cesnet200603,trajectory,B1,20,22.641937946126944,0.5660484486531736,optimal,4.500103994003439,64643,102253,392351
sens-k5,Cesnet200603-r0,Cesnet200603,trajectory,B1,21,22.848090884953496,0.5712022721238375,optimal,4.21107597000082,64643,102253,392351
sens-k5,Cesnet200603-r0,Cesnet200603,trajectory,B1,22,22.098034262565843,0.552450856564146,optimal,4.500714618996426,64643,102253,392351
sens-k5,Cesnet200603-r0,Cesnet200603,trajectory,B1,23,21.964525013337287,0.5491131253334322,optimal,4.061758284995449,64643,102253,392351
sens-k5,Cesnet200603-r0,Cesnet200603,trajectory,B1,24,22.433872394635188,0.5608468098658796,optimal,3.907612634000543,64643,102253,392351
sens-k5,Cesnet200603-r0,Cesnet200603,trajectory,B1,25,23.18119508307311,0.5795298770768278,optimal,4.043658288996085,64643,102253,392351
sens-k5,Cesnet200603-r0,Cesnet200603,trajectory,B1,26,21.923167184837247,0.5480791796209312,optimal,3.480764389001706,64643,102253,392351
sens-k5,Cesnet200603-r0,Cesnet200603,trajectory,B1,27,22.90165314154607,0.5725413285386518,optimal,4.589415066999209,64643,102253,392351
sens-k5,Cesnet200603-r0,Cesnet200603,trajectory,B1,28,23.237478916242253,0.5809369729060563,optimal,3.6378382749971934,64643,102253,392351
sens-k5,Cesnet200603-r0,Cesnet200603,trajectory,B1,29,21.791663628615378,0.5447915907153844,optimal,3.6766529209999135,64643,102253,392351
sens-k5,Digex-r0,Digex,trajectory,B1,0,25.557118118937776,0.6389279529734444,optimal,8.511263029002293,101409,140172,513832
sens-k5,Digex-r0,Digex,trajectory,B1,1,26.046558352702586,0.6511639588175646,optimal,9.369035256000643,101409,140172,513832
sens-k5,Digex-r0,Digex,trajectory,B1,2,26.2619034058886,0.656547585147215,optimal,9.04733283600217,101409,140172,513832
sens-k5,Digex-r0,Digex,trajectory,B1,3,25.690689429444078,0.6422672357361019,optimal,8.58119900499878,101409,140172,513832
sens-k5,Digex-r0,Digex,trajectory,B1,4,26.356118672846502,0.6589029668211626,optimal,10.546712659997866,101409,140172,513832
sens-k5,Digex-r0,Digex,trajectory,B1,5,25.19421158988777,0.6298552897471943,optimal,8.45595072300057,101409,140172,513832
sens-k5,Digex-r0,Digex,trajectory,B1,6,25.907863263106197,0.647696581577655,optimal,9.934120031997736,101409,140172,513832
sens-k5,Digex-r0,Digex,trajectory,B1,7,25.810382202930352,0.6452595550732588,optimal,8.374781923004775,101409,140172,513832
sens-k5,Digex-r0,Digex,trajectory,B1,8,25.62705742253971,0.6406764355634927,optimal,10.218252676000702,101409,140172,513832
sens-k5,Digex-r0,Digex,trajectory,B1,9,25.648514346060736,0.6412128586515184,optimal,10.255271610003547,101409,140172,513832
sens-k5,Digex-r0,Digex,trajectory,B1,10,24.413772497958895,0.6103443124489724,optimal,9.21405466300348,101409,140172,513832
sens-k5,Digex-r0,Digex,trajectory,B1,11,25.08039035544594,0.6270097588861485,optimal,8.636415173001296,101409,140172,513832
sens-k5,Digex-r0,Digex,trajectory,B1,12,26.64266496531157,0.6660666241327893,optimal,10.277232282998739,101409,140172,513832
sens-k5,Digex-r0,Digex,trajectory,B1,13,25.920343602282262,0.6480085900570566,optimal,8.738312446999771,101409,140172,513832
sens-k5,Digex-r0,Digex,trajectory,B1,14,25.310617588890906,0.6327654397222726,optimal,10.204270480993728,101409,140172,513832
sens-k5,Digex-r0,Digex,trajectory,B1,15,25.518921797562957,0.6379730449390739,optimal,8.868183782004053,101409,140172,513832
sens-k5,Digex-r0,Digex,trajectory,B1,16,24.84989800722732,0.6212474501806831,optimal,8.379548896002234,101409,140172,513832
sens-k5,Digex-r0,Digex,trajectory,B1,17,26.536460775641437,0.6634115193910359,optimal,9.44239446100255,101409,140172,513832
sens-k5,Digex-r0,Digex,trajectory,B1,18,26.177000036365733,0.6544250009091434,optimal,9.001011503998598,101409,140172,513832
sens-k5,Digex-r0,Digex,trajectory,B1,19,25.21203836198289,0.6303009590495723,optimal,10.352349694003351,101409,140172,513832
sens-k5,Digex-r0,Digex,trajectory,B1,20,25.017164757746542,0.6254291189436636,optimal,8.93108605499583,101409,140172,513832
sens-k5,Digex-r0,Digex,trajectory,B1,21,25.865613799728425,0.6466403449932107,optimal,9.150312138997833,101409,140172,513832
sens-k5,Digex-r0,Digex,trajectory,B1,22,25.76829858180982,0.6442074645452455,optimal,9.152920820997679,101409,140172,513832
sens-k5,Digex-r0,Digex,trajectory,B1,23,24.908458978922052,0.6227114744730513,optimal,9.828924767003627,101409,140172,513832
sens-k5,Digex-r0,Digex,trajectory,B1,24,25.699651903817703,0.6424912975954425,optimal,9.810133350998512,101409,140172,513832
sens-k5,Digex-r0,Digex,trajectory,B1,25,26.517184599673083,0.6629296149918271,optimal,9.754586655006278,101409,140172,513832
sens-k5,Digex-r0,Digex,trajectory,B1,26,26.061888232876115,0.6515472058219028,optimal,11.212013453005056,101409,140172,513832
sens-k5,Digex-r0,Digex,trajectory,B1,27,25.10772162080978,0.6276930405202445,optimal,9.050763110994012,101409,140172,513832
sens-k5,Digex-r0,Digex,trajectory,B1,28,26.23944378695238,0.6559860946738094,optimal,11.545106743993529,101409,140172,513832
sens-k5,Digex-r0,Digex,trajectory,B1,29,25.566336357954285,0.6391584089488571,optimal,9.411307000002125,101409,140172,513832
sens-k5,Easynet-r0,Easynet,trajectory,B1,0,14.783170596846142,0.36957926492115356,optimal,5.883700094003871,62974,92074,380826
sens-k5,Easynet-r0,Easynet,trajectory,B1,1,13.818571252985478,0.34546428132463697,optimal,6.2249999630003,62974,92074,380826
sens-k5,Easynet-r0,Easynet,trajectory,B1,2,12.18249482219915,0.30456237055497876,optimal,5.509884356004477,62974,92074,380826
sens-k5,Easynet-r0,Easynet,trajectory,B1,3,13.935835543312269,0.34839588858280673,optimal,5.5856240060020355,62974,92074,380826
sens-k5,Easynet-r0,Easynet,trajectory,B1,4,13.938400290256816,0.3484600072564204,optimal,5.540243880997878,62974,92074,380826
sens-k5,Easynet-r0,Easynet,trajectory,B1,5,14.174987194107187,0.3543746798526797,optimal,5.303326839006331,62974,92074,380826
sens-k5,Easynet-r0,Easynet,trajectory,B1,6,14.536240148656956,0.3634060037164239,optimal,4.903496199003712,62974,92074,380826
sens-k5,Easynet-r0,Easynet,trajectory,B1,7,15.163523365837223,0.3790880841459306,optimal,5.227386560000014,62974,92074,380826
sens-k5,Easynet-r0,Easynet,trajectory,B1,8,15.10447598048822,0.3776118995122055,optimal,5.315235643996857,62974,92074,380826
sens-k5,Easynet-r0,Easynet,trajectory,B1,9,13.12438576469172,0.328109644117293,optimal,5.816731789003825,62974,92074,380826
sens-k5,Easynet-r0,Easynet,trajectory,B1,10,13.401979679263022,0.3350494919815755,optimal,4.818676419003168,62974,92074,380826
sens-k5,Easynet-r0,Easynet,trajectory,B1,11,14.119878559098902,0.35299696397747254,optimal,4.804531984998903,62974,92074,380826
sens-k5,Easynet-r0,Easynet,trajectory,B1,12,13.869481483774745,0.34673703709436865,optimal,6.026808472000994,62974,92074,380826
sens-k5,Easynet-r0,Easynet,trajectory,B1,13,12.895743333002883,0.32239358332507206,optimal,4.9611986839954625,62974,92074,380826
sens-k5,Easynet-r0,Easynet,trajectory,B1,14,15.278014097146286,0.38195035242865716,optimal,5.184744386999228,62974,92074,380826
sens-k5,Easynet-r0,Easynet,trajectory,B1,15,15.075914453429942,0.37689786133574854,optimal,5.059029037001892,62974,92074,380826
sens-k5,Easynet-r0,Easynet,trajectory,B1,16,13.897661835596043,0.34744154588990106,optimal,4.976952937002352,62974,92074,380826
sens-k5,Easynet-r0,Easynet,trajectory,B1,17,14.352846067670525,0.3588211516917631,optimal,5.1410814599948935,62974,92074,380826
sens-k5,Easynet-r0,Easynet,trajectory,B1,18,14.365481845551486,0.35913704613878716,optimal,5.107163057997241,62974,92074,380826
sens-k5,Easynet-r0,Easynet,trajectory,B1,19,14.482451499404986,0.36206128748512467,optimal,5.606091563000518,62974,92074,380826
sens-k5,Easynet-r0,Easynet,trajectory,B1,20,13.905440384916185,0.34763600962290464,optimal,6.165687802997127,62974,92074,380826
sens-k5,Easynet-r0,Easynet,trajectory,B1,21,13.67008289683189,0.34175207242079725,optimal,5.103643649003061,62974,92074,380826
sens-k5,Easynet-r0,Easynet,trajectory,B1,22,13.184498606208763,0.3296124651552191,optimal,4.993883397997706,62974,92074,380826
sens-k5,Easynet-r0,Easynet,trajectory,B1,23,14.063209973155118,0.35158024932887794,optimal,5.1321481949999,62974,92074,380826
sens-k5,Easynet-r0,Easynet,trajectory,B1,24,13.581016468294381,0.3395254117073595,optimal,6.412107898999238,62974,92074,380826
sens-k5,Easynet-r0,Easynet,trajectory,B1,25,13.770041736321792,0.3442510434080448,optimal,5.149991403995955,62974,92074,380826
sens-k5,Easynet-r0,Easynet,trajectory,B1,26,13.310159110196825,0.3327539777549206,optimal,4.802137054000923,62974,92074,380826
sens-k5,Easynet-r0,Easynet,trajectory,B1,27,13.923527316322891,0.3480881829080723,optimal,5.478253057000984,62974,92074,380826
sens-k5,Easynet-r0,Easynet,trajectory,B1,28,13.856019565499329,0.3464004891374832,optimal,5.785792125003354,62974,92074,380826
sens-k5,Easynet-r0,Easynet,trajectory,B1,29,12.717557370746349,0.3179389342686587,optimal,4.750260180000623,62974,92074,380826
sens-k5,Garr200112-r0,Garr200112,trajectory,B1,0,26.764824479774195,0.6691206119943549,optimal,2.9874380359979114,49399,81421,313692
sens-k5,Garr200112-r0,Garr200112,trajectory,B1,1,26.666299765723778,0.6666574941430945,optimal,2.9788272559962934,49399,81421,313692
sens-k5,Garr200112-r0,Garr200112,trajectory,B1,2,24.5751156937373,0.6143778923434324,optimal,3.40283660699788,49399,81421,313692
sens-k5,Garr200112-r0,Garr200112,trajectory,B1,3,27.685769719311313,0.6921442429827829,optimal,2.824273309997807,49399,81421,313692
sens-k5,Garr200112-r0,Garr200112,trajectory,B1,4,27.12558687831785,0.6781396719579462,optimal,2.773657070007175,49399,81421,313692
sens-k5,Garr200112-r0,Garr200112,trajectory,B1,5,26.625693327999915,0.6656423331999979,optimal,2.7513080979988445,49399,81421,313692
sens-k5,Garr200112-r0,Garr200112,trajectory,B1,6,26.701357648023237,0.667533941200581,optimal,2.518619573995238,49399,81421,313692
sens-k5,Garr200112-r0,Garr200112,trajectory,B1,7,27.325605223514245,0.6831401305878562,optimal,2.7135540660019615,49399,81421,313692
sens-k5,Garr200112-r0,Garr200112,trajectory,B1,8,26.299122695732056,0.6574780673933014,optimal,3.400196237002092,49399,81421,313692
sens-k5,Garr200112-r0,Garr200112,trajectory,B1,9,25.737656834506264,0.6434414208626567,optimal,2.8242920600023353,49399,81421,313692
sens-k5,Garr200112-r0,Garr200112,trajectory,B1,10,27.415367696297285,0.6853841924074321,optimal,2.740969727994525,49399,81421,313692
sens-k5,Garr200112-r0,Garr200112,trajectory,B1,11,26.703281333417955,0.6675820333354489,optimal,2.784826571994927,49399,81421,313692
sens-k5,Garr200112-r0,Garr200112,trajectory,B1,12,25.384895057449118,0.634622376436228,optimal,2.7399317719973624,49399,81421,313692
sens-k5,Garr200112-r0,Garr200112,trajectory,B1,13,24.86576297982373,0.6216440744955933,optimal,2.6490627719977056,49399,81421,313692
sens-k5,Garr200112-r0,Garr200112,trajectory,B1,14,26.66508575764471,0.6666271439411178,optimal,3.303237487998558,49399,81421,313692
sens-k5,Garr200112-r0,Garr200112,trajectory,B1,15,27.034520850310386,0.6758630212577597,optimal,2.6036660820027464,49399,81421,313692
sens-k5,Garr200112-r0,Garr200112,trajectory,B1,16,25.78252397219976,0.644563099304994,optimal,2.9979561820000526,49399,81421,313692
sens-k5,Garr200112-r0,Garr200112,trajectory,B1,17,27.31335112842778,0.6828337782106945,optimal,2.818549786999938,49399,81421,313692
sens-k5,Garr200112-r0,Garr200112,trajectory,B1,18,26.721517143411337,0.6680379285852834,optimal,3.3205984279993572,49399,81421,313692
sens-k5,Garr200112-r0,Garr200112,trajectory,B1,19,25.791753669366738,0.6447938417341684,optimal,3.2799379529969883,49399,81421,313692
sens-k5,Garr200112-r0,Garr200112,trajectory,B1,20,26.00799015815928,0.650199753953982,optimal,2.8946360910049407,49399,81421,313692
sens-k5,Garr200112-r0,Garr200112,trajectory,B1,21,26.95886519856508,0.673971629964127,optimal,2.771306110000296,49399,81421,313692
sens-k5,Garr200112-r0,Garr200112,trajectory,B1,22,25.581319675091972,0.6395329918772993,optimal,2.650056972997845,49399,81421,313692
sens-k5,Garr200112-r0,Garr200112,trajectory,B1,23,26.188768960101097,0.6547192240025275,optimal,2.8450135880048038,49399,81421,313692
sens-k5,Garr200112-r0,Garr200112,trajectory,B1,24,25.301739935806918,0.632543498395173,optimal,2.913239795001573,49399,81421,313692
sens-k5,Garr200112-r0,Garr200112,trajectory,B1,25,26.590092488052296,0.6647523122013074,optimal,2.7059701539983507,49399,81421,313692
sens-k5,Garr200112-r0,Garr200112,trajectory,B1,26,27.730587110863205,0.6932646777715801,optimal,2.873642117003328,49399,81421,313692
sens-k5,Garr200112-r0,Garr200112,trajectory,B1,27,26.032353113094004,0.6508088278273501,optimal,2.677966679999372,49399,81421,313692
sens-k5,Garr200112-r0,Garr200112,trajectory,B1,28,27.452074355813494,0.6863018588953373,optimal,2.904201652003394,49399,81421,313692
sens-k5,Garr200112-r0,Garr200112,trajectory,B1,29,26.393163909268146,0.6598290977317036,optimal,2.878009246996953,49399,81421,313692
sens-k5,Garr200404-r0,Garr200404,trajectory,B1,0,30.83607278699307,0.7709018196748267,optimal,3.1427302440060885,52714,85989,334842
sens-k5,Garr200404-r0,Garr200404,trajectory,B1,1,29.98590089865139,0.7496475224662847,optimal,2.9918320319993654,52714,85989,334842
sens-k5,Garr200404-r0,Garr200404,trajectory,B1,2,31.047536885565954,0.7761884221391488,optimal,3.007428960998368,52714,85989,334842
sens-k5,Garr200404-r0,Garr200404,trajectory,B1,3,29.47482284991717,0.7368705712479293,optimal,3.002700286000618,52714,85989,334842
sens-k5,Garr200404-r0,Garr200404,trajectory,B1,4,29.530128222490546,0.7382532055622637,optimal,2.8432756940019317,52714,85989,334842
sens-k5,Garr200404-r0,Garr200404,trajectory,B1,5,30.537043670294715,0.7634260917573679,optimal,3.145669295001426,52714,85989,334842
sens-k5,Garr200404-r0,Garr200404,trajectory,B1,6,31.268429872683985,0.7817107468170996,optimal,2.9321771260001697,52714,85989,334842
sens-k5,Garr200404-r0,Garr200404,trajectory,B1,7,30.76641800653901,0.7691604501634752,optimal,2.799321578000672,52714,85989,334842
sens-k5,Garr200404-r0,Garr200404,trajectory,B1,8,31.12432955162322,0.7781082387905804,optimal,2.5808993929967983,52714,85989,334842
sens-k5,Garr200404-r0,Garr200404,trajectory,B1,9,31.02837460927949,0.7757093652319872,optimal,2.993947384005878,52714,85989,334842
sens-k5,Garr200404-r0,Garr200404,trajectory,B1,10,29.76012145718854,0.7440030364297134,optimal,2.9500594480050495,52714,85989,334842
sens-k5,Garr200404-r0,Garr200404,trajectory,B1,11,31.29281765442624,0.782320441360656,optimal,2.7994114280008944,52714,85989,334842
sens-k5,Garr200404-r0,Garr200404,trajectory,B1,12,30.005402790107755,0.7501350697526938,optimal,2.814971430998412,52714,85989,334842
sens-k5,Garr200404-r0,Garr200404,trajectory,B1,13,30.898009167735008,0.7724502291933752,optimal,2.3613984280018485,52714,85989,334842
sens-k5,Garr200404-r0,Garr200404,trajectory,B1,14,30.879856493890216,0.7719964123472554,optimal,2.9204154660037602,52714,85989,334842
sens-k5,Garr200404-r0,Garr200404,trajectory,B1,15,29.591085469051194,0.7397771367262799,optimal,2.923439509999298,52714,85989,334842
sens-k5,Garr200404-r0,Garr200404,trajectory,B1,16,31.01242755593705,0.7753106888984262,optimal,3.115240202998393,52714,85989,334842
sens-k5,Garr200404-r0,Garr200404,trajectory,B1,17,31.236346198085464,0.7809086549521366,optimal,3.1049057569980505,52714,85989,334842
sens-k5,Garr200404-r0,Garr200404,trajectory,B1,18,30.680330701902488,0.7670082675475622,optimal,3.2956135269996594,52714,85989,334842
sens-k5,Garr200404-r0,Garr200404,trajectory,B1,19,31.49295672452952,0.787323918113238,optimal,2.9493354890000774,52714,85989,334842
sens-k5,Garr200404-r0,Garr200404,trajectory,B1,20,30.075782173221583,0.7518945543305395,optimal,2.924899607998668,52714,85989,334842
sens-k5,Garr200404-r0,Garr200404,trajectory,B1,21,30.56100228713708,0.764025057178427,optimal,2.8655750769976294,52714,85989,334842
sens-k5,Garr200404-r0,Garr200404,trajectory,B1,22,31.217143771598053,0.7804285942899514,optimal,2.925622333998035,52714,85989,334842
sens-k5,Garr200404-r0,Garr200404,trajectory,B1,23,30.116584839581968,0.7529146209895492,optimal,3.169457276002504,52714,85989,334842
sens-k5,Garr200404-r0,Garr200404,trajectory,B1,24,30.401731434393504,0.7600432858598376,optimal,3.380148722004378,52714,85989,334842
sens-k5,Garr200404-r0,Garr200404,trajectory,B1,25,30.756414485278732,0.7689103621319683,optimal,2.8373276560014347,52714,85989,334842
sens-k5,Garr200404-r0,Garr200404,trajectory,B1,26,31.059414305250794,0.7764853576312698,optimal,3.082931153003301,52714,85989,334842
sens-k5,Garr200404-r0,Garr200404,trajectory,B1,27,30.468475664934616,0.7617118916233654,optimal,3.7579512809970765,52714,85989,334842
sens-k5,Garr200404-r0,Garr200404,trajectory,B1,28,30.947709800305702,0.7736927450076425,optimal,2.813757727999473,52714,85989,334842
sens-k5,Garr200404-r0,Garr200404,trajectory,B1,29,31.496827671152555,0.7874206917788139,optimal,3.492349338994245,52714,85989,334842
sens-k5,Marwan-r0,Marwan,trajectory,B1,0,21.40705387967256,0.535176346991814,optimal,6.183846710999205,67582,92751,387138
sens-k5,Marwan-r0,Marwan,trajectory,B1,1,23.429401823163403,0.5857350455790851,optimal,5.120571119994565,67582,92751,387138
sens-k5,Marwan-r0,Marwan,trajectory,B1,2,21.69394193244848,0.542348548311212,optimal,5.110700083001575,67582,92751,387138
sens-k5,Marwan-r0,Marwan,trajectory,B1,3,21.4407007121489,0.5360175178037225,optimal,6.472516270994674,67582,92751,387138
sens-k5,Marwan-r0,Marwan,trajectory,B1,4,22.618838453770987,0.5654709613442747,optimal,5.017039621001459,67582,92751,387138
sens-k5,Marwan-r0,Marwan,trajectory,B1,5,22.401088507202974,0.5600272126800744,optimal,5.776814528995601,67582,92751,387138
sens-k5,Marwan-r0,Marwan,trajectory,B1,6,21.4145724278746,0.535364310696865,optimal,5.723881268000696,67582,92751,387138
sens-k5,Marwan-r0,Marwan,trajectory,B1,7,21.746654900784286,0.5436663725196071,optimal,5.411595327997929,67582,92751,387138
sens-k5,Marwan-r0,Marwan,trajectory,B1,8,22.442471958884678,0.5610617989721169,optimal,5.668602839999949,67582,92751,387138
sens-k5,Marwan-r0,Marwan,trajectory,B1,9,22.388899351556255,0.5597224837889063,optimal,6.128070642000239,67582,92751,387138
sens-k5,Marwan-r0,Marwan,trajectory,B1,10,23.463574058272112,0.5865893514568028,optimal,5.340561640005035,67582,92751,387138
sens-k5,Marwan-r0,Marwan,trajectory,B1,11,22.379592400678522,0.5594898100169631,optimal,6.128088826000749,67582,92751,387138
sens-k5,Marwan-r0,Marwan,trajectory,B1,12,23.156776491942246,0.5789194122985561,optimal,4.993848717000219,67582,92751,387138
sens-k5,Marwan-r0,Marwan,trajectory,B1,13,23.64373460197553,0.5910933650493883,optimal,4.798579990005237,67582,92751,387138
sens-k5,Marwan-r0,Marwan,trajectory,B1,14,21.4496587215775,0.5362414680394375,optimal,4.8369631950045004,67582,92751,387138
sens-k5,Marwan-r0,Marwan,trajectory,B1,15,21.77535900681744,0.544383975170436,optimal,5.5423085919974255,67582,92751,387138
sens-k5,Marwan-r0,Marwan,trajectory,B1,16,22.790348749308865,0.5697587187327217,optimal,5.0755407559991,67582,92751,387138
sens-k5,Marwan-r0,Marwan,trajectory,B1,17,23.090384440138795,0.5772596110034699,optimal,5.877953567003715,67582,92751,387138
sens-k5,Marwan-r0,Marwan,trajectory,B1,18,23.655104800363052,0.5913776200090763,optimal,5.29055900399544,67582,92751,387138
sens-k5,Marwan-r0,Marwan,trajectory,B1,19,22.792654531583967,0.5698163632895992,optimal,5.183060577001015,67582,92751,387138
sens-k5,Marwan-r0,Marwan,trajectory,B1,20,22.046987882384244,0.5511746970596061,optimal,5.433303648002038,67582,92751,387138
sens-k5,Marwan-r0,Marwan,trajectory,B1,21,23.041528732956632,0.5760382183239158,optimal,6.143696214996453,67582,92751,387138
sens-k5,Marwan-r0,Marwan,trajectory,B1,22,21.729005340194455,0.5432251335048613,optimal,5.279384257999482,67582,92751,387138
sens-k5,Marwan-r0,Marwan,trajectory,B1,23,22.396636727877254,0.5599159181969313,optimal,4.870948358999158,67582,92751,387138
sens-k5,Marwan-r0,Marwan,trajectory,B1,24,22.327849572926937,0.5581962393231734,optimal,5.760428457004309,67582,92751,387138
sens-k5,Marwan-r0,Marwan,trajectory,B1,25,22.343271671420787,0.5585817917855197,optimal,5.034177474000899,67582,92751,387138
sens-k5,Marwan-r0,Marwan,trajectory,B1,26,21.731820999196724,0.5432955249799181,optimal,5.23886098699586,67582,92751,387138
sens-k5,Marwan-r0,Marwan,trajectory,B1,27,22.59266233566411,0.5648165583916027,optimal,4.554772575000243,67582,92751,387138
sens-k5,Marwan-r0,Marwan,trajectory,B1,28,22.754665321974578,0.5688666330493645,optimal,5.073665961004735,67582,92751,387138
sens-k5,Marwan-r0,Marwan,trajectory,B1,29,22.941000885566798,0.5735250221391699,optimal,4.9157480180001585,67582,92751,387138
sens-lref125k,Agis-r0,Agis,trajectory,B1,0,25.801906623712767,0.6450476655928192,optimal,1.7554251010005828,32625,56524,208082
sens-lref125k,Agis-r0,Agis,trajectory,B1,1,26.86566025085443,0.6716415062713608,optimal,1.7224620370034245,32625,56524,208082
sens-lref125k,Agis-r0,Agis,trajectory,B1,2,27.603167140874906,0.6900791785218726,optimal,1.7491304430004675,32625,56524,208082
sens-lref125k,Agis-r0,Agis,trajectory,B1,3,25.200172896838144,0.6300043224209536,optimal,1.8469484499946702,32625,56524,208082
sens-lref125k,Agis-r0,Agis,trajectory,B1,4,26.37255753149255,0.6593139382873138,optimal,1.6258656400023028,32625,56524,208082
sens-lref125k,Agis-r0,Agis,trajectory,B1,5,25.78185444397218,0.6445463610993045,optimal,2.089200977003202,32625,56524,208082
sens-lref125k,Agis-r0,Agis,trajectory,B1,6,26.568743341072267,0.6642185835268066,optimal,1.7747462500046822,32625,56524,208082
sens-lref125k,Agis-r0,Agis,trajectory,B1,7,26.18824096464467,0.6547060241161168,optimal,2.2125758980037062,32625,56524,208082
sens-lref125k,Agis-r0,Agis,trajectory,B1,8,26.69765582257081,0.6674413955642702,optimal,2.174824649999209,32625,56524,208082
sens-lref125k,Agis-r0,Agis,trajectory,B1,9,25.929667558558158,0.648241688963954,optimal,2.105433222001011,32625,56524,208082
sens-lref125k,Agis-r0,Agis,trajectory,B1,10,26.986175757691836,0.6746543939422959,optimal,1.720431916997768,32625,56524,208082
sens-lref125k,Agis-r0,Agis,trajectory,B1,11,26.508756355440322,0.662718908886008,optimal,1.9914845970051829,32625,56524,208082
sens-lref125k,Agis-r0,Agis,trajectory,B1,12,26.54312433980227,0.6635781084950567,optimal,1.9653626719955355,32625,56524,208082
sens-lref125k,Agis-r0,Agis,trajectory,B1,13,24.76678426061492,0.619169606515373,optimal,1.6488224170025205,32625,56524,208082
sens-lref125k,Agis-r0,Agis,trajectory,B1,14,25.626362495721104,0.6406590623930276,optimal,1.6842605040001217,32625,56524,208082
sens-lref125k,Agis-r0,Agis,trajectory,B1,15,26.818757172792818,0.6704689293198205,optimal,1.7711115339989192,32625,56524,208082
sens-lref125k,Agis-r0,Agis,trajectory,B1,16,26.60043262301962,0.6650108155754906,optimal,2.0969314009998925,32625,56524,208082
sens-lref125k,Agis-r0,Agis,trajectory,B1,17,25.790664751142064,0.6447666187785516,optimal,1.7729456029992434,32625,56524,208082
sens-lref125k,Agis-r0,Agis,trajectory,B1,18,25.625553531475664,0.6406388382868916,optimal,1.9537066639968543,32625,56524,208082
sens-lref125k,Agis-r0,Agis,trajectory,B1,19,25.391092631103763,0.6347773157775941,optimal,1.7583381189979264,32625,56524,208082
sens-lref125k,Agis-r0,Agis,trajectory,B1,20,25.888961020270735,0.6472240255067684,optimal,1.8535158619997674,32625,56524,208082
sens-lref125k,Agis-r0,Agis,trajectory,B1,21,26.482164149151817,0.6620541037287955,optimal,1.8945816240011482,32625,56524,208082
sens-lref125k,Agis-r0,Agis,trajectory,B1,22,27.2615692148927,0.6815392303723175,optimal,1.816958514995349,32625,56524,208082
sens-lref125k,Agis-r0,Agis,trajectory,B1,23,26.42068365137789,0.6605170912844472,optimal,1.8950051230058307,32625,56524,208082
sens-lref125k,Agis-r0,Agis,trajectory,B1,24,27.37293935873061,0.6843234839682653,optimal,1.730711764001171,32625,56524,208082
sens-lref125k,Agis-r0,Agis,trajectory,B1,25,24.737821775609326,0.6184455443902331,optimal,1.7238645429970347,32625,56524,208082
sens-lref125k,Agis-r0,Agis,trajectory,B1,26,24.83496313654024,0.620874078413506,optimal,1.729893780000566,32625,56524,208082
sens-lref125k,Agis-r0,Agis,trajectory,B1,27,27.278609362007508,0.6819652340501877,optimal,1.865840632999607,32625,56524,208082
sens-lref125k,Agis-r0,Agis,trajectory,B1,28,25.061603655138878,0.626540091378472,optimal,1.759893930000544,32625,56524,208082
sens-lref125k,Agis-r0,Agis,trajectory,B1,29,25.36095119045382,0.6340237797613455,optimal,1.6030368269930477,32625,56524,208082
sens-lref125k,Belnet2008-r0,Belnet2008,trajectory,B1,0,33.07133550597639,0.8267833876494098,optimal,2.271734166999522,32229,61233,201344
sens-lref125k,Belnet2008-r0,Belnet2008,trajectory,B1,1,30.947490206205913,0.7736872551551478,optimal,2.291748468996957,32229,61233,201344
sens-lref125k,Belnet2008-r0,Belnet2008,trajectory,B1,2,32.51883863409543,0.8129709658523858,optimal,2.0853148070018506,32229,61233,201344
sens-lref125k,Belnet2008-r0,Belnet2008,trajectory,B1,3,31.4405952978756,0.78601488244689,optimal,2.4223144610004965,32229,61233,201344
sens-lref125k,Belnet2008-r0,Belnet2008,trajectory,B1,4,30.717868030330724,0.7679467007582681,optimal,1.8866884109957027,32229,61233,201344
sens-lref125k,Belnet2008-r0,Belnet2008,trajectory,B1,5,31.723986954761976,0.7930996738690494,optimal,2.0182800609982223,32229,61233,201344
sens-lref125k,Belnet2008-r0,Belnet2008,trajectory,B1,6,32.94332270783505,0.8235830676958763,optimal,2.1471157430059975,32229,61233,201344
sens-lref125k,Belnet2008-r0,Belnet2008,trajectory,B1,7,31.43391467186521,0.7858478667966302,optimal,2.2067621419992065,32229,61233,201344
sens-lref125k,Belnet2008-r0,Belnet2008,trajectory,B1,8,32.53536761739165,0.8133841904347913,optimal,2.5274173460056772,32229,61233,201344
sens-lref125k,Belnet2008-r0,Belnet2008,trajectory,B1,9,32.27401737290557,0.8068504343226393,optimal,2.0832274770000367,32229,61233,201344
sens-lref125k,Belnet2008-r0,Belnet2008,trajectory,B1,10,32.99212404891494,0.8248031012228735,optimal,2.255453318997752,32229,61233,201344
sens-lref125k,Belnet2008-r0,Belnet2008,trajectory,B1,11,31.951838521762866,0.7987959630440716,optimal,2.075289824002539,32229,61233,201344
sens-lref125k,Belnet2008-r0,Belnet2008,trajectory,B1,12,32.35448679165432,0.8088621697913579,optimal,2.038973185000941,32229,61233,201344
sens-lref125k,Belnet2008-r0,Belnet2008,trajectory,B1,13,33.141095879444215,0.8285273969861053,optimal,2.037196376993961,32229,61233,201344
sens-lref125k,Belnet2008-r0,Belnet2008,trajectory,B1,14,31.814431097865977,0.7953607774466495,optimal,2.0440669119998347,32229,61233,201344
sens-lref125k,Belnet2008-r0,Belnet2008,trajectory,B1,15,33.007663315961025,0.8251915828990256,optimal,2.004046305999509,32229,61233,201344
sens-lref125k,Belnet2008-r0,Belnet2008,trajectory,B1,16,32.864132276691386,0.8216033069172847,optimal,1.9819838330004131,32229,61233,201344
sens-lref125k,Belnet2008-r0,Belnet2008,trajectory,B1,17,31.53256781162556,0.7883141952906391,optimal,2.8032165830009035,32229,61233,201344
sens-lref125k,Belnet2008-r0,Belnet2008,trajectory,B1,18,31.43355963630371,0.7858389909075927,optimal,1.9101580580027075,32229,61233,201344
sens-lref125k,Belnet2008-r0,Belnet2008,trajectory,B1,19,31.865103457054282,0.796627586426357,optimal,2.150676449004095,32229,61233,201344
sens-lref125k,Belnet2008-r0,Belnet2008,trajectory,B1,20,30.10174485078746,0.7525436212696864,optimal,2.1373454010026762,32229,61233,201344
sens-lref125k,Belnet2008-r0,Belnet2008,trajectory,B1,21,31.332956483304333,0.7833239120826083,optimal,1.9427134899960947,32229,61233,201344
sens-lref125k,Belnet2008-r0,Belnet2008,trajectory,B1,22,31.89400320346845,0.7973500800867113,optimal,2.6815735540003516,32229,61233,201344
sens-lref125k,Belnet2008-r0,Belnet2008,trajectory,B1,23,32.2366952416887,0.8059173810422176,optimal,2.638553629993112,32229,61233,201344
sens-lref125k,Belnet2008-r0,Belnet2008,trajectory,B1,24,31.164410010359944,0.7791102502589986,optimal,2.4800094309975975,32229,61233,201344
sens-lref125k,Belnet2008-r0,Belnet2008,trajectory,B1,25,32.740516432380666,0.8185129108095166,optimal,2.0760775759990793,32229,61233,201344
sens-lref125k,Belnet2008-r0,Belnet2008,trajectory,B1,26,31.57834830473111,0.7894587076182777,optimal,2.5548408559989184,32229,61233,201344
sens-lref125k,Belnet2008-r0,Belnet2008,trajectory,B1,27,31.90071096174225,0.7975177740435562,optimal,2.101782881996769,32229,61233,201344
sens-lref125k,Belnet2008-r0,Belnet2008,trajectory,B1,28,31.133290387986726,0.7783322596996681,optimal,2.3591346319954027,32229,61233,201344
sens-lref125k,Belnet2008-r0,Belnet2008,trajectory,B1,29,32.47202167246372,0.811800541811593,optimal,1.98214328699396,32229,61233,201344
sens-lref125k,BsonetEurope-r0,BsonetEurope,trajectory,B1,0,31.48025562502463,0.7870063906256157,optimal,2.283843033001176,38907,63949,230858
sens-lref125k,BsonetEurope-r0,BsonetEurope,trajectory,B1,1,30.829684199693247,0.7707421049923312,optimal,3.033137580001494,38907,63949,230858
sens-lref125k,BsonetEurope-r0,BsonetEurope,trajectory,B1,2,31.149061033390083,0.7787265258347521,optimal,2.431521962003899,38907,63949,230858
sens-lref125k,BsonetEurope-r0,BsonetEurope,trajectory,B1,3,30.89172469420281,0.7722931173550702,optimal,2.2277594520055573,38907,63949,230858
sens-lref125k,BsonetEurope-r0,BsonetEurope,trajectory,B1,4,31.461103165257185,0.7865275791314297,optimal,2.4488571110050543,38907,63949,230858
sens-lref125k,BsonetEurope-r0,BsonetEurope,trajectory,B1,5,31.001992432795113,0.7750498108198778,optimal,2.6516008369944757,38907,63949,230858
sens-lref125k,BsonetEurope-r0,BsonetEurope,trajectory,B1,6,30.45393975803565,0.7613484939508912,optimal,2.3756419790006476,38907,63949,230858
sens-lref125k,BsonetEurope-r0,BsonetEurope,trajectory,B1,7,30.055862030852747,0.7513965507713187,optimal,2.300035874999594,38907,63949,230858
sens-lref125k,BsonetEurope-r0,BsonetEurope,trajectory,B1,8,29.871174093121926,0.7467793523280482,optimal,2.812982663999719,38907,63949,230858
sens-lref125k,BsonetEurope-r0,BsonetEurope,trajectory,B1,9,30.99902799974707,0.7749756999936768,optimal,2.3867690100014443,38907,63949,230858
sens-lref125k,BsonetEurope-r0,BsonetEurope,trajectory,B1,10,29.03072530554584,0.725768132638646,optimal,2.441689874001895,38907,63949,230858
sens-lref125k,BsonetEurope-r0,BsonetEurope,trajectory,B1,11,30.67381080457709,0.7668452701144273,optimal,2.6032996170033584,38907,63949,230858
sens-lref125k,BsonetEurope-r0,BsonetEurope,trajectory,B1,12,30.051847269304176,0.7512961817326044,optimal,2.2575233509996906,38907,63949,230858
sens-lref125k,BsonetEurope-r0,BsonetEurope,trajectory,B1,13,31.790592361944544,0.7947648090486136,optimal,2.306576437993499,38907,63949,230858
sens-lref125k,BsonetEurope-r0,BsonetEurope,trajectory,B1,14,31.029180874545293,0.7757295218636323,optimal,2.5166680999973323,38907,63949,230858
sens-lref125k,BsonetEurope-r0,BsonetEurope,trajectory,B1,15,30.85445936254419,0.7713614840636047,optimal,2.1765419359944644,38907,63949,230858
sens-lref125k,BsonetEurope-r0,BsonetEurope,trajectory,B1,16,31.208626269619717,0.780215656740493,optimal,2.4479043379978975,38907,63949,230858
sens-lref125k,BsonetEurope-r0,BsonetEurope,trajectory,B1,17,31.37203614955434,0.7843009037388585,optimal,2.732515648000117,38907,63949,230858
sens-lref125k,BsonetEurope-r0,BsonetEurope,trajectory,B1,18,31.417375836675248,0.7854343959168812,optimal,2.3549444089949247,38907,63949,230858
sens-lref125k,BsonetEurope-r0,BsonetEurope,trajectory,B1,19,31.577011320799617,0.7894252830199904,optimal,2.397059023998736,38907,63949,230858
sens-lref125k,BsonetEurope-r0,BsonetEurope,trajectory,B1,20,30.982938754020676,0.7745734688505169,optimal,2.575265491002938,38907,63949,230858
sens-lref125k,BsonetEurope-r0,BsonetEurope,trajectory,B1,21,30.38142363133415,0.7595355907833538,optimal,2.753617895003117,38907,63949,230858
sens-lref125k,BsonetEurope-r0,BsonetEurope,trajectory,B1,22,30.83950424807637,0.7709876062019092,optimal,2.363106426993909,38907,63949,230858
sens-lref125k,BsonetEurope-r0,BsonetEurope,trajectory,B1,23,31.02739210159496,0.7756848025398739,optimal,2.456275119999191,38907,63949,230858
sens-lref125k,BsonetEurope-r0,BsonetEurope,trajectory,B1,24,29.854236584455233,0.7463559146113808,optimal,2.794402227998944,38907,63949,230858
sens-lref125k,BsonetEurope-r0,BsonetEurope,trajectory,B1,25,29.902063879197886,0.7475515969799471,optimal,2.7889291230021627,38907,63949,230858
sens-lref125k,BsonetEurope-r0,BsonetEurope,trajectory,B1,26,31.116161909169243,0.777904047729231,optimal,2.3050395059981383,38907,63949,230858
sens-lref125k,BsonetEurope-r0,BsonetEurope,trajectory,B1,27,30.726102203102407,0.7681525550775602,optimal,2.4762635410006624,38907,63949,230858
sens-lref125k,BsonetEurope-r0,BsonetEurope,trajectory,B1,28,31.266609064859,0.781665226621475,optimal,2.9622348909979337,38907,63949,230858
sens-lref125k,BsonetEurope-r0,BsonetEurope,trajectory,B1,29,29.411479587771314,0.7352869896942829,optimal,2.9385686250025174,38907,63949,230858
sens-lref125k,BtNorthAmerica-r0,BtNorthAmerica,trajectory,B1,0,23.883351656137233,0.5970837914034308,optimal,2.884226939997461,37747,65503,230419
sens-lref125k,BtNorthAmerica-r0,BtNorthAmerica,trajectory,B1,1,27.495198331866458,0.6873799582966614,optimal,3.2218808260004153,37747,65503,230419
sens-lref125k,BtNorthAmerica-r0,BtNorthAmerica,trajectory,B1,2,25.671870925340475,0.6417967731335119,optimal,3.279404565000732,37747,65503,230419
sens-lref125k,BtNorthAmerica-r0,BtNorthAmerica,trajectory,B1,3,26.629356388217737,0.6657339097054434,optimal,2.9384839350022958,37747,65503,230419
sens-lref125k,BtNorthAmerica-r0,BtNorthAmerica,trajectory,B1,4,25.416893120900568,0.6354223280225142,optimal,3.2137324409995927,37747,65503,230419
sens-lref125k,BtNorthAmerica-r0,BtNorthAmerica,trajectory,B1,5,26.93130392683808,0.673282598170952,optimal,3.382272119000845,37747,65503,230419
sens-lref125k,BtNorthAmerica-r0,BtNorthAmerica,trajectory,B1,6,27.439839476769908,0.6859959869192477,optimal,3.2421624609996798,37747,65503,230419
sens-lref125k,BtNorthAmerica-r0,BtNorthAmerica,trajectory,B1,7,25.976787288716178,0.6494196822179045,optimal,3.0133425519961747,37747,65503,230419
sens-lref125k,BtNorthAmerica-r0,BtNorthAmerica,trajectory,B1,8,26.87681333594007,0.6719203333985018,optimal,3.0768621600000188,37747,65503,230419
sens-lref125k,BtNorthAmerica-r0,BtNorthAmerica,trajectory,B1,9,27.14424371365799,0.6786060928414497,optimal,3.1084172030023183,37747,65503,230419
sens-lref125k,BtNorthAmerica-r0,BtNorthAmerica,trajectory,B1,10,25.04977249962208,0.626244312490552,optimal,3.54429988800257,37747,65503,230419
sens-lref125k,BtNorthAmerica-r0,BtNorthAmerica,trajectory,B1,11,26.209785387973568,0.6552446346993392,optimal,2.736674423002114,37747,65503,230419
sens-lref125k,BtNorthAmerica-r0,BtNorthAmerica,trajectory,B1,12,27.31134718575524,0.682783679643881,optimal,3.0331839749997016,37747,65503,230419
sens-lref125k,BtNorthAmerica-r0,BtNorthAmerica,trajectory,B1,13,26.136667872600782,0.6534166968150196,optimal,2.984971329002292,37747,65503,230419
sens-lref125k,BtNorthAmerica-r0,BtNorthAmerica,trajectory,B1,14,24.148542799377438,0.6037135699844359,optimal,2.7691323879989795,37747,65503,230419
sens-lref125k,BtNorthAmerica-r0,BtNorthAmerica,trajectory,B1,15,25.465037731372146,0.6366259432843037,optimal,3.303341526996519,37747,65503,230419
sens-lref125k,BtNorthAmerica-r0,BtNorthAmerica,trajectory,B1,16,25.57250809711908,0.639312702427977,optimal,3.1184531500039157,37747,65503,230419
sens-lref125k,BtNorthAmerica-r0,BtNorthAmerica,trajectory,B1,17,25.26324520905327,0.6315811302263318,optimal,3.1948931980005,37747,65503,230419
sens-lref125k,BtNorthAmerica-r0,BtNorthAmerica,trajectory,B1,18,24.6976283903088,0.61744070975772,optimal,2.827864347003924,37747,65503,230419
sens-lref125k,BtNorthAmerica-r0,BtNorthAmerica,trajectory,B1,19,25.296892758854106,0.6324223189713527,optimal,2.638881124999898,37747,65503,230419
sens-lref125k,BtNorthAmerica-r0,BtNorthAmerica,trajectory,B1,20,27.384108827446894,0.6846027206861723,optimal,3.127497736000805,37747,65503,230419
sens-lref125k,BtNorthAmerica-r0,BtNorthAmerica,trajectory,B1,21,26.502090838408634,0.6625522709602158,optimal,2.9318377839954337,37747,65503,230419
sens-lref125k,BtNorthAmerica-r0,BtNorthAmerica,trajectory,B1,22,24.70884353784632,0.617721088446158,optimal,2.960061650002899,37747,65503,230419
sens-lref125k,BtNorthAmerica-r0,BtNorthAmerica,trajectory,B1,23,27.821808085197667,0.6955452021299416,optimal,2.99805656800163,37747,65503,230419
sens-lref125k,BtNorthAmerica-r0,BtNorthAmerica,trajectory,B1,24,27.160554733445114,0.6790138683361279,optimal,3.5818052160029765,37747,65503,230419
sens-lref125k,BtNorthAmerica-r0,BtNorthAmerica,trajectory,B1,25,24.55940488584305,0.6139851221460763,optimal,3.060932419000892,37747,65503,230419
sens-lref125k,BtNorthAmerica-r0,BtNorthAmerica,trajectory,B1,26,26.14873251463352,0.6537183128658379,optimal,2.6423901390007813,37747,65503,230419
sens-lref125k,BtNorthAmerica-r0,BtNorthAmerica,trajectory,B1,27,25.609036553071412,0.6402259138267853,optimal,2.791884193000442,37747,65503,230419
sens-lref125k,BtNorthAmerica-r0,BtNorthAmerica,trajectory,B1,28,23.133840512951846,0.5783460128237962,optimal,2.7864901809953153,37747,65503,230419
sens-lref125k,BtNorthAmerica-r0,BtNorthAmerica,trajectory,B1,29,26.824064707679106,0.6706016176919777,optimal,3.3427787219989114,37747,65503,230419
sens-lref125k,Cesnet200603-r0,Cesnet200603,trajectory,B1,0,22.719339130272292,0.5679834782568073,optimal,2.6170501339947805,38973,70044,238040
sens-lref125k,Cesnet200603-r0,Cesnet200603,trajectory,B1,1,24.982207425079736,0.6245551856269934,optimal,3.0519344180065673,38973,70044,238040
sens-lref125k,Cesnet200603-r0,Cesnet200603,trajectory,B1,2,23.471931593318224,0.5867982898329556,optimal,2.864585678995354,38973,70044,238040
sens-lref125k,Cesnet200603-r0,Cesnet200603,trajectory,B1,3,23.424527463924246,0.5856131865981061,optimal,2.4611556329982704,38973,70044,238040
sens-lref125k,Cesnet200603-r0,Cesnet200603,trajectory,B1,4,24.18049666027794,0.6045124165069484,optimal,2.4606238859996665,38973,70044,238040
sens-lref125k,Cesnet200603-r0,Cesnet200603,trajectory,B1,5,24.260881067272962,0.6065220266818241,optimal,2.493515848000243,38973,70044,238040
sens-lref125k,Cesnet200603-r0,Cesnet200603,trajectory,B1,6,22.81244220426095,0.5703110551065238,optimal,2.346609502004867,38973,70044,238040
sens-lref125k,Cesnet200603-r0,Cesnet200603,trajectory,B1,7,24.43961921019851,0.6109904802549628,optimal,2.9094126529962523,38973,70044,238040
sens-lref125k,Cesnet200603-r0,Cesnet200603,trajectory,B1,8,22.963379026105827,0.5740844756526456,optimal,2.491069697003695,38973,70044,238040
sens-lref125k,Cesnet200603-r0,Cesnet200603,trajectory,B1,9,23.291366532450578,0.5822841633112644,optimal,2.7629737300012494,38973,70044,238040
sens-lref125k,Cesnet200603-r0,Cesnet200603,trajectory,B1,10,24.618780781651544,0.6154695195412886,optimal,2.5194194210052956,38973,70044,238040
sens-lref125k,Cesnet200603-r0,Cesnet200603,trajectory,B1,11,22.775690938178414,0.5693922734544603,optimal,2.8280533159995684,38973,70044,238040
sens-lref125k,Cesnet200603-r0,Cesnet200603,trajectory,B1,12,23.908051977976005,0.5977012994494001,optimal,2.4384255170007236,38973,70044,238040
sens-lref125k,Cesnet200603-r0,Cesnet200603,trajectory,B1,13,24.223568562212314,0.6055892140553079,optimal,3.130431215999124,38973,70044,238040
sens-lref125k,Cesnet200603-r0,Cesnet200603,trajectory,B1,14,23.750528724084415,0.5937632181021104,optimal,2.505966497999907,38973,70044,238040
sens-lref125k,Cesnet200603-r0,Cesnet200603,trajectory,B1,15,22.975246651767726,0.5743811662941931,optimal,2.2631528620040626,38973,70044,238040
sens-lref125k,Cesnet200603-r0,Cesnet200603,trajectory,B1,16,23.494548225085683,0.5873637056271421,optimal,2.5914192459968035,38973,70044,238040
sens-lref125k,Cesnet200603-r0,Cesnet200603,trajectory,B1,17,21.198941325905285,0.5299735331476321,optimal,2.53450777100079,38973,70044,238040
sens-lref125k,Cesnet200603-r0,Cesnet200603,trajectory,B1,18,22.403872953071655,0.5600968238267914,optimal,2.6710276169978897,38973,70044,238040
sens-lref125k,Cesnet200603-r0,Cesnet200603,trajectory,B1,19,24.227549335632173,0.6056887333908043,optimal,3.3098389160004444,38973,70044,238040
sens-lref125k,Cesnet200603-r0,Cesnet200603,trajectory,B1,20,24.012779060053333,0.6003194765013333,optimal,3.255365506003727,38973,70044,238040
sens-lref125k,Cesnet200603-r0,Cesnet200603,trajectory,B1,21,24.034378292501337,0.6008594573125334,optimal,2.5314849770002184,38973,70044,238040
sens-lref125k,Cesnet200603-r0,Cesnet200603,trajectory,B1,22,23.145472786013563,0.5786368196503391,optimal,2.619366558996262,38973,70044,238040
sens-lref125k,Cesnet200603-r0,Cesnet200603,trajectory,B1,23,23.103423544905237,0.5775855886226309,optimal,2.6756696480006212,38973,70044,238040
sens-lref125k,Cesnet200603-r0,Cesnet200603,trajectory,B1,24,23.958719527681207,0.5989679881920302,optimal,2.9328995480027515,38973,70044,238040
sens-lref125k,Cesnet200603-r0,Cesnet200603,trajectory,B1,25,23.652347990546343,0.5913086997636585,optimal,3.074873400000797,38973,70044,238040
sens-lref125k,Cesnet200603-r0,Cesnet200603,trajectory,B1,26,23.766969359182998,0.5941742339795749,optimal,2.7753349839986186,38973,70044,238040
sens-lref125k,Cesnet200603-r0,Cesnet200603,trajectory,B1,27,24.18508675605054,0.6046271689012636,optimal,2.2736672129976796,38973,70044,238040
sens-lref125k,Cesnet200603-r0,Cesnet200603,trajectory,B1,28,24.84143317800726,0.6210358294501815,optimal,2.592310259002261,38973,70044,238040
sens-lref125k,Cesnet200603-r0,Cesnet200603,trajectory,B1,29,22.906920164195853,0.5726730041048963,optimal,2.2434965419961372,38973,70044,238040
sens-lref125k,Digex-r0,Digex,trajectory,B1,0,28.386782646180347,0.7096695661545087,optimal,5.50111730399658,67674,100453,333023
sens-lref125k,Digex-r0,Digex,trajectory,B1,1,29.24413132711651,0.7311032831779127,optimal,6.008622533001471,67674,100453,333023
sens-lref125k,Digex-r0,Digex,trajectory,B1,2,29.252075198120096,0.7313018799530024,optimal,5.583775945000525,67674,100453,333023
sens-lref125k,Digex-r0,Digex,trajectory,B1,3,29.113240425650762,0.7278310106412691,optimal,5.543432152997411,67674,100453,333023
sens-lref125k,Digex-r0,Digex,trajectory,B1,4,30.023166538710008,0.7505791634677502,optimal,5.639770462003071,67674,100453,333023
sens-lref125k,Digex-r0,Digex,trajectory,B1,5,27.70472871142744,0.692618217785686,optimal,5.8987472070002696,67674,100453,333023
sens-lref125k,Digex-r0,Digex,trajectory,B1,6,29.163111047397564,0.7290777761849391,optimal,7.119439528003568,67674,100453,333023
sens-lref125k,Digex-r0,Digex,trajectory,B1,7,28.953932484770096,0.7238483121192524,optimal,5.9563501909942715,67674,100453,333023
sens-lref125k,Digex-r0,Digex,trajectory,B1,8,29.082082263214996,0.7270520565803749,optimal,6.798562181997113,67674,100453,333023
sens-lref125k,Digex-r0,Digex,trajectory,B1,9,29.034401551527004,0.7258600387881751,optimal,6.244836543999554,67674,100453,333023
sens-lref125k,Digex-r0,Digex,trajectory,B1,10,27.040837513672734,0.6760209378418184,optimal,6.821827968000434,67674,100453,333023
sens-lref125k,Digex-r0,Digex,trajectory,B1,11,27.99211774136475,0.6998029435341188,optimal,6.718165296995721,67674,100453,333023
sens-lref125k,Digex-r0,Digex,trajectory,B1,12,30.473639096497,0.761840977412425,optimal,5.8039969530000235,67674,100453,333023
sens-lref125k,Digex-r0,Digex,trajectory,B1,13,29.137951668214335,0.7284487917053584,optimal,6.491946294998343,67674,100453,333023
sens-lref125k,Digex-r0,Digex,trajectory,B1,14,26.9198019719576,0.67299504929894,optimal,6.517270956996072,67674,100453,333023
sens-lref125k,Digex-r0,Digex,trajectory,B1,15,28.534429302864257,0.7133607325716065,optimal,5.913112121997983,67674,100453,333023
sens-lref125k,Digex-r0,Digex,trajectory,B1,16,28.029847284066417,0.7007461821016604,optimal,6.028469554003095,67674,100453,333023
sens-lref125k,Digex-r0,Digex,trajectory,B1,17,29.618629927727962,0.7404657481931991,optimal,5.609694507998938,67674,100453,333023
sens-lref125k,Digex-r0,Digex,trajectory,B1,18,27.826006531191787,0.6956501632797947,optimal,5.974952725999174,67674,100453,333023
sens-lref125k,Digex-r0,Digex,trajectory,B1,19,28.0639721585749,0.7015993039643724,optimal,5.961392569006421,67674,100453,333023
sens-lref125k,Digex-r0,Digex,trajectory,B1,20,28.456759207277784,0.7114189801819446,optimal,6.657748350997281,67674,100453,333023
sens-lref125k,Digex-r0,Digex,trajectory,B1,21,28.120770438158708,0.7030192609539677,optimal,5.770419483000296,67674,100453,333023
sens-lref125k,Digex-r0,Digex,trajectory,B1,22,29.297823733599355,0.7324455933399838,optimal,5.919072828000935,67674,100453,333023
sens-lref125k,Digex-r0,Digex,trajectory,B1,23,27.98361165892068,0.699590291473017,optimal,5.88971462000336,67674,100453,333023
sens-lref125k,Digex-r0,Digex,trajectory,B1,24,29.42302014275242,0.7355755035688105,optimal,5.770632245999877,67674,100453,333023
sens-lref125k,Digex-r0,Digex,trajectory,B1,25,29.98157365090492,0.749539341272623,optimal,6.840778211000725,67674,100453,333023
sens-lref125k,Digex-r0,Digex,trajectory,B1,26,28.81008057983661,0.7202520144959152,optimal,6.016912174003664,67674,100453,333023
sens-lref125k,Digex-r0,Digex,trajectory,B1,27,28.064132699132855,0.7016033174783214,optimal,6.16823521599872,67674,100453,333023
sens-lref125k,Digex-r0,Digex,trajectory,B1,28,29.381012060855557,0.734525301521389,optimal,5.917147008003667,67674,100453,333023
sens-lref125k,Digex-r0,Digex,trajectory,B1,29,28.787580200480157,0.7196895050120039,optimal,5.668332877998182,67674,100453,333023
sens-lref125k,Easynet-r0,Easynet,trajectory,B1,0,17.00014432702474,0.42500360817561844,optimal,2.5743499689997407,37500,61447,229598
sens-lref125k,Easynet-r0,Easynet,trajectory,B1,1,16.289459231191607,0.4072364807797902,optimal,2.543332884000847,37500,61447,229598
sens-lref125k,Easynet-r0,Easynet,trajectory,B1,2,14.456781570833732,0.3614195392708433,optimal,2.5768030820036074,37500,61447,229598
sens-lref125k,Easynet-r0,Easynet,trajectory,B1,3,16.696895627669697,0.4174223906917424,optimal,2.637647420000576,37500,61447,229598
sens-lref125k,Easynet-r0,Easynet,trajectory,B1,4,15.967145186558708,0.3991786296639677,optimal,2.6846125690062763,37500,61447,229598
sens-lref125k,Easynet-r0,Easynet,trajectory,B1,5,17.51807464951785,0.43795186623794624,optimal,2.593711600995448,37500,61447,229598
sens-lref125k,Easynet-r0,Easynet,trajectory,B1,6,16.96718563304946,0.4241796408262365,optimal,2.614230189996306,37500,61447,229598
sens-lref125k,Easynet-r0,Easynet,trajectory,B1,7,18.114240268266006,0.45285600670665016,optimal,2.7022625710014836,37500,61447,229598
sens-lref125k,Easynet-r0,Easynet,trajectory,B1,8,18.267664248208597,0.45669160620521493,optimal,2.643913143001555,37500,61447,229598
sens-lref125k,Easynet-r0,Easynet,trajectory,B1,9,16.697202798038777,0.41743006995096943,optimal,2.6677970539967646,37500,61447,229598
sens-lref125k,Easynet-r0,Easynet,trajectory,B1,10,16.791148527618272,0.4197787131904568,optimal,2.717290617998515,37500,61447,229598
sens-lref125k,Easynet-r0,Easynet,trajectory,B1,11,16.747168427745642,0.41867921069364106,optimal,2.737680571997771,37500,61447,229598
sens-lref125k,Easynet-r0,Easynet,trajectory,B1,12,16.46988450372989,0.41174711259324726,optimal,3.033339228000841,37500,61447,229598
sens-lref125k,Easynet-r0,Easynet,trajectory,B1,13,15.311841581562627,0.38279603953906566,optimal,2.51845440499892,37500,61447,229598
sens-lref125k,Easynet-r0,Easynet,trajectory,B1,14,18.956834189064725,0.47392085472661816,optimal,2.7990419159978046,37500,61447,229598
sens-lref125k,Easynet-r0,Easynet,trajectory,B1,15,17.500381027837307,0.43750952569593266,optimal,2.6333061960031046,37500,61447,229598
sens-lref125k,Easynet-r0,Easynet,trajectory,B1,16,15.444249717281126,0.38610624293202817,optimal,2.8503334490014822,37500,61447,229598
sens-lref125k,Easynet-r0,Easynet,trajectory,B1,17,16.87303930126265,0.4218259825315663,optimal,2.524738703999901,37500,61447,229598
sens-lref125k,Easynet-r0,Easynet,trajectory,B1,18,17.256853949717744,0.4314213487429436,optimal,2.8463553319961648,37500,61447,229598
sens-lref125k,Easynet-r0,Easynet,trajectory,B1,19,16.84812655349866,0.4212031638374665,optimal,3.0657095089991344,37500,61447,229598
sens-lref125k,Easynet-r0,Easynet,trajectory,B1,20,17.34029559210324,0.43350738980258097,optimal,2.660369596000237,37500,61447,229598
sens-lref125k,Easynet-r0,Easynet,trajectory,B1,21,15.20080435997806,0.3800201089994515,optimal,2.74769715200091,37500,61447,229598
sens-lref125k,Easynet-r0,Easynet,trajectory,B1,22,15.795476916259021,0.39488692290647553,optimal,3.0838028399957693,37500,61447,229598
sens-lref125k,Easynet-r0,Easynet,trajectory,B1,23,16.38712013199413,0.40967800329985327,optimal,2.769957130003604,37500,61447,229598
sens-lref125k,Easynet-r0,Easynet,trajectory,B1,24,16.441454435878835,0.4110363608969709,optimal,2.586064005998196,37500,61447,229598
sens-lref125k,Easynet-r0,Easynet,trajectory,B1,25,16.684958927261285,0.4171239731815321,optimal,2.930635593998886,37500,61447,229598
sens-lref125k,Easynet-r0,Easynet,trajectory,B1,26,15.708468635733189,0.3927117158933297,optimal,2.5136309570007143,37500,61447,229598
sens-lref125k,Easynet-r0,Easynet,trajectory,B1,27,17.239843138373992,0.4309960784593498,optimal,2.6631227799953194,37500,61447,229598
sens-lref125k,Easynet-r0,Easynet,trajectory,B1,28,16.910798512942296,0.4227699628235574,optimal,2.639682996996271,37500,61447,229598
sens-lref125k,Easynet-r0,Easynet,trajectory,B1,29,14.937717531163688,0.3734429382790922,optimal,2.9867398569986108,37500,61447,229598
sens-lref125k,Garr200112-r0,Garr200112,trajectory,B1,0,29.018257746874927,0.7254564436718731,optimal,1.8523137559968745,29403,56480,188471
sens-lref125k,Garr200112-r0,Garr200112,trajectory,B1,1,28.946739474296034,0.7236684868574008,optimal,2.0147409929995774,29403,56480,188471
sens-lref125k,Garr200112-r0,Garr200112,trajectory,B1,2,26.518797667964552,0.6629699416991138,optimal,2.137357476000034,29403,56480,188471
sens-lref125k,Garr200112-r0,Garr200112,trajectory,B1,3,30.264142750511287,0.7566035687627821,optimal,1.8039101020040107,29403,56480,188471
sens-lref125k,Garr200112-r0,Garr200112,trajectory,B1,4,30.058625997835602,0.75146564994589,optimal,1.910500598998624,29403,56480,188471
sens-lref125k,Garr200112-r0,Garr200112,trajectory,B1,5,28.686211285568415,0.7171552821392104,optimal,1.7052824240017799,29403,56480,188471
sens-lref125k,Garr200112-r0,Garr200112,trajectory,B1,6,28.28033904545709,0.7070084761364273,optimal,1.775374621996889,29403,56480,188471
sens-lref125k,Garr200112-r0,Garr200112,trajectory,B1,7,30.352916231743844,0.7588229057935961,optimal,1.5956051619941718,29403,56480,188471
sens-lref125k,Garr200112-r0,Garr200112,trajectory,B1,8,29.19156825669428,0.729789206417357,optimal,1.6861015009999392,29403,56480,188471
sens-lref125k,Garr200112-r0,Garr200112,trajectory,B1,9,28.729342674287636,0.7182335668571909,optimal,2.0360528390010586,29403,56480,188471
sens-lref125k,Garr200112-r0,Garr200112,trajectory,B1,10,30.700970952459457,0.7675242738114865,optimal,1.6460197910055285,29403,56480,188471
sens-lref125k,Garr200112-r0,Garr200112,trajectory,B1,11,28.652434473281208,0.7163108618320302,optimal,2.060215249999601,29403,56480,188471
sens-lref125k,Garr200112-r0,Garr200112,trajectory,B1,12,27.95199786044498,0.6987999465111245,optimal,2.127599284001917,29403,56480,188471
sens-lref125k,Garr200112-r0,Garr200112,trajectory,B1,13,27.167104233130885,0.6791776058282721,optimal,1.8886194189981325,29403,56480,188471
sens-lref125k,Garr200112-r0,Garr200112,trajectory,B1,14,29.322181115454587,0.7330545278863647,optimal,1.598022222999134,29403,56480,188471
sens-lref125k,Garr200112-r0,Garr200112,trajectory,B1,15,29.443720930440563,0.7360930232610141,optimal,1.8478389409938245,29403,56480,188471
sens-lref125k,Garr200112-r0,Garr200112,trajectory,B1,16,28.400302579588153,0.7100075644897038,optimal,1.9601843350028503,29403,56480,188471
sens-lref125k,Garr200112-r0,Garr200112,trajectory,B1,17,29.391478760804734,0.7347869690201183,optimal,1.5707335430051899,29403,56480,188471
sens-lref125k,Garr200112-r0,Garr200112,trajectory,B1,18,29.676790319664885,0.7419197579916221,optimal,1.9915918160040746,29403,56480,188471
sens-lref125k,Garr200112-r0,Garr200112,trajectory,B1,19,27.874106691845945,0.6968526672961486,optimal,2.0019390739980736,29403,56480,188471
sens-lref125k,Garr200112-r0,Garr200112,trajectory,B1,20,28.746177687155225,0.7186544421788806,optimal,2.001536749994557,29403,56480,188471
sens-lref125k,Garr200112-r0,Garr200112,trajectory,B1,21,30.069033328076465,0.7517258332019117,optimal,1.645575781003572,29403,56480,188471
sens-lref125k,Garr200112-r0,Garr200112,trajectory,B1,22,27.98235123635235,0.6995587809088087,optimal,1.6590762739942875,29403,56480,188471
sens-lref125k,Garr200112-r0,Garr200112,trajectory,B1,23,28.24556866522351,0.7061392166305878,optimal,2.3202105780001148,29403,56480,188471
sens-lref125k,Garr200112-r0,Garr200112,trajectory,B1,24,28.064859229462538,0.7016214807365635,optimal,1.8994682199991075,29403,56480,188471
sens-lref125k,Garr200112-r0,Garr200112,trajectory,B1,25,29.96133142615727,0.7490332856539317,optimal,1.678888870999799,29403,56480,188471
sens-lref125k,Garr200112-r0,Garr200112,trajectory,B1,26,29.92324400805168,0.7480811002012919,optimal,1.7125714870053343,29403,56480,188471
sens-lref125k,Garr200112-r0,Garr200112,trajectory,B1,27,28.785350616247147,0.7196337654061786,optimal,1.8471866559993941,29403,56480,188471
sens-lref125k,Garr200112-r0,Garr200112,trajectory,B1,28,30.64697867789849,0.7661744669474622,optimal,1.8496814809986972,29403,56480,188471
sens-lref125k,Garr200112-r0,Garr200112,trajectory,B1,29,29.696846685964836,0.7424211671491209,optimal,2.0958461050031474,29403,56480,188471
sens-lref125k,Garr200404-r0,Garr200404,trajectory,B1,0,33.22919427309364,0.830729856827341,optimal,1.6911907300018356,30153,58952,198035
sens-lref125k,Garr200404-r0,Garr200404,trajectory,B1,1,32.85641452921742,0.8214103632304355,optimal,1.8521107589986059,30153,58952,198035
sens-lref125k,Garr200404-r0,Garr200404,trajectory,B1,2,33.491413576793256,0.8372853394198314,optimal,1.5702357230038615,30153,58952,198035
sens-lref125k,Garr200404-r0,Garr200404,trajectory,B1,3,32.44059695580623,0.8110149238951557,optimal,2.084474212999339,30153,58952,198035
sens-lref125k,Garr200404-r0,Garr200404,trajectory,B1,4,32.583066612633125,0.8145766653158282,optimal,1.6814227890063194,30153,58952,198035
sens-lref125k,Garr200404-r0,Garr200404,trajectory,B1,5,32.622439323219,0.815560983080475,optimal,1.895014349000121,30153,58952,198035
sens-lref125k,Garr200404-r0,Garr200404,trajectory,B1,6,33.58682673582993,0.8396706683957482,optimal,1.5760844410033314,30153,58952,198035
sens-lref125k,Garr200404-r0,Garr200404,trajectory,B1,7,33.19524431149892,0.8298811077874729,optimal,1.9815103220025776,30153,58952,198035
sens-lref125k,Garr200404-r0,Garr200404,trajectory,B1,8,33.35180245659356,0.8337950614148391,optimal,1.5100868709996575,30153,58952,198035
sens-lref125k,Garr200404-r0,Garr200404,trajectory,B1,9,33.30458360305077,0.8326145900762694,optimal,1.4591953729977831,30153,58952,198035
sens-lref125k,Garr200404-r0,Garr200404,trajectory,B1,10,31.78444285228499,0.7946110713071247,optimal,1.6224242489988683,30153,58952,198035
sens-lref125k,Garr200404-r0,Garr200404,trajectory,B1,11,33.71336180427254,0.8428340451068135,optimal,1.6003111570025794,30153,58952,198035
sens-lref125k,Garr200404-r0,Garr200404,trajectory,B1,12,32.82857693948763,0.8207144234871908,optimal,1.7322185640005046,30153,58952,198035
sens-lref125k,Garr200404-r0,Garr200404,trajectory,B1,13,32.95689163617827,0.8239222909044568,optimal,1.698388105003687,30153,58952,198035
sens-lref125k,Garr200404-r0,Garr200404,trajectory,B1,14,33.87594584642841,0.8468986461607102,optimal,1.596437567997782,30153,58952,198035
sens-lref125k,Garr200404-r0,Garr200404,trajectory,B1,15,31.843806576095847,0.7960951644023961,optimal,1.727942710997013,30153,58952,198035
sens-lref125k,Garr200404-r0,Garr200404,trajectory,B1,16,33.54238005733494,0.8385595014333734,optimal,1.6898565359952045,30153,58952,198035
sens-lref125k,Garr200404-r0,Garr200404,trajectory,B1,17,33.80858424798445,0.8452146061996112,optimal,1.6430031999989296,30153,58952,198035
sens-lref125k,Garr200404-r0,Garr200404,trajectory,B1,18,32.927455058536324,0.8231863764634081,optimal,1.9420621470053447,30153,58952,198035
sens-lref125k,Garr200404-r0,Garr200404,trajectory,B1,19,33.25926185659026,0.8314815464147565,optimal,1.5408667020019493,30153,58952,198035
sens-lref125k,Garr200404-r0,Garr200404,trajectory,B1,20,32.74117805304388,0.818529451326097,optimal,1.576043850996939,30153,58952,198035
sens-lref125k,Garr200404-r0,Garr200404,trajectory,B1,21,33.32821376054477,0.8332053440136192,optimal,2.0439320570003474,30153,58952,198035
sens-lref125k,Garr200404-r0,Garr200404,trajectory,B1,22,33.86144523501024,0.8465361308752559,optimal,1.3978522480028914,30153,58952,198035
sens-lref125k,Garr200404-r0,Garr200404,trajectory,B1,23,32.78261200077939,0.8195653000194847,optimal,1.8440140419988893,30153,58952,198035
sens-lref125k,Garr200404-r0,Garr200404,trajectory,B1,24,32.734478268384,0.8183619567096001,optimal,1.7621810040000128,30153,58952,198035
sens-lref125k,Garr200404-r0,Garr200404,trajectory,B1,25,33.429155968540734,0.8357288992135183,optimal,1.6315579660004005,30153,58952,198035
sens-lref125k,Garr200404-r0,Garr200404,trajectory,B1,26,33.30803328685651,0.8327008321714127,optimal,1.493377001999761,30153,58952,198035
sens-lref125k,Garr200404-r0,Garr200404,trajectory,B1,27,32.93481328549379,0.8233703321373447,optimal,1.6296769390028203,30153,58952,198035
sens-lref125k,Garr200404-r0,Garr200404,trajectory,B1,28,33.41213864100451,0.8353034660251127,optimal,1.4345054599980358,30153,58952,198035
sens-lref125k,Garr200404-r0,Garr200404,trajectory,B1,29,33.816862087978905,0.8454215521994726,optimal,1.6795735199993942,30153,58952,198035
sens-lref125k,Marwan-r0,Marwan,trajectory,B1,0,24.507043762975734,0.6126760940743934,optimal,3.5413370599999325,41445,64669,239255
sens-lref125k,Marwan-r0,Marwan,trajectory,B1,1,26.206465307898927,0.6551616326974732,optimal,3.1633497690054355,41445,64669,239255
sens-lref125k,Marwan-r0,Marwan,trajectory,B1,2,23.43739014755301,0.5859347536888253,optimal,3.4983470759980264,41445,64669,239255
sens-lref125k,Marwan-r0,Marwan,trajectory,B1,3,23.98731618457546,0.5996829046143864,optimal,3.7211565489997156,41445,64669,239255
sens-lref125k,Marwan-r0,Marwan,trajectory,B1,4,24.662111154571463,0.6165527788642866,optimal,3.0651322720004828,41445,64669,239255
sens-lref125k,Marwan-r0,Marwan,trajectory,B1,5,24.928371672427023,0.6232092918106755,optimal,3.192519746000471,41445,64669,239255
sens-lref125k,Marwan-r0,Marwan,trajectory,B1,6,24.71782251513192,0.617945562878298,optimal,3.1139873519932735,41445,64669,239255
sens-lref125k,Marwan-r0,Marwan,trajectory,B1,7,24.21605809792748,0.605401452448187,optimal,3.1059287329990184,41445,64669,239255
sens-lref125k,Marwan-r0,Marwan,trajectory,B1,8,25.114870895639065,0.6278717723909766,optimal,3.4277536130030057,41445,64669,239255
sens-lref125k,Marwan-r0,Marwan,trajectory,B1,9,25.43834984645528,0.635958746161382,optimal,3.959336288004124,41445,64669,239255
sens-lref125k,Marwan-r0,Marwan,trajectory,B1,10,25.899564666037065,0.6474891166509267,optimal,3.5312557279976318,41445,64669,239255
sens-lref125k,Marwan-r0,Marwan,trajectory,B1,11,25.34448463560017,0.6336121158900043,optimal,3.268541336998169,41445,64669,239255
sens-lref125k,Marwan-r0,Marwan,trajectory,B1,12,25.253665815813953,0.6313416453953489,optimal,3.012489093998738,41445,64669,239255
sens-lref125k,Marwan-r0,Marwan,trajectory,B1,13,26.24334943867112,0.656083735966778,optimal,3.2802112299978035,41445,64669,239255
sens-lref125k,Marwan-r0,Marwan,trajectory,B1,14,23.356057131157396,0.5839014282789349,optimal,3.3584971919990494,41445,64669,239255
sens-lref125k,Marwan-r0,Marwan,trajectory,B1,15,23.370247729317523,0.5842561932329381,optimal,3.761720783993951,41445,64669,239255
sens-lref125k,Marwan-r0,Marwan,trajectory,B1,16,24.86307771556861,0.6215769428892153,optimal,2.944982003995392,41445,64669,239255
sens-lref125k,Marwan-r0,Marwan,trajectory,B1,17,25.961768405396853,0.6490442101349213,optimal,3.7155571850016713,41445,64669,239255
sens-lref125k,Marwan-r0,Marwan,trajectory,B1,18,26.244897783349266,0.6561224445837317,optimal,3.1683916190013406,41445,64669,239255
sens-lref125k,Marwan-r0,Marwan,trajectory,B1,19,25.33228135629135,0.6333070339072837,optimal,3.1547085359998164,41445,64669,239255
sens-lref125k,Marwan-r0,Marwan,trajectory,B1,20,24.643253653737275,0.6160813413434318,optimal,3.6261595920004766,41445,64669,239255
sens-lref125k,Marwan-r0,Marwan,trajectory,B1,21,26.186566525480067,0.6546641631370017,optimal,4.102702418000263,41445,64669,239255
sens-lref125k,Marwan-r0,Marwan,trajectory,B1,22,23.74433386858792,0.593608346714698,optimal,3.311437290998583,41445,64669,239255
sens-lref125k,Marwan-r0,Marwan,trajectory,B1,23,25.011916396233076,0.6252979099058269,optimal,4.277740352001274,41445,64669,239255
sens-lref125k,Marwan-r0,Marwan,trajectory,B1,24,23.790728436482773,0.5947682109120693,optimal,3.005504913002369,41445,64669,239255
sens-lref125k,Marwan-r0,Marwan,trajectory,B1,25,25.238940922123724,0.6309735230530931,optimal,2.9477397160007968,41445,64669,239255
sens-lref125k,Marwan-r0,Marwan,trajectory,B1,26,24.595200601205637,0.6148800150301409,optimal,3.8569641100039007,41445,64669,239255
sens-lref125k,Marwan-r0,Marwan,trajectory,B1,27,25.62448739513276,0.6406121848783191,optimal,3.5338430529955076,41445,64669,239255
sens-lref125k,Marwan-r0,Marwan,trajectory,B1,28,25.4562809184626,0.636407022961565,optimal,3.5696734320008545,41445,64669,239255
sens-lref125k,Marwan-r0,Marwan,trajectory,B1,29,24.800266687390984,0.6200066671847746,optimal,3.535454586999549,41445,64669,239255
sens-lref1m,Agis-r0,Agis,trajectory,B1,0,17.867041654928375,0.4466760413732094,optimal,2.7280055730007007,31817,55361,205077
sens-lref1m,Agis-r0,Agis,trajectory,B1,1,18.163612065580082,0.45409030163950204,optimal,2.8438358990024426,31817,55361,205077
sens-lref1m,Agis-r0,Agis,trajectory,B1,2,18.018120125812384,0.4504530031453096,optimal,2.86406057599379,31817,55361,205077
sens-lref1m,Agis-r0,Agis,trajectory,B1,3,17.69676921286331,0.4424192303215827,optimal,2.4906926340045175,31817,55361,205077
sens-lref1m,Agis-r0,Agis,trajectory,B1,4,17.712004382998046,0.44280010957495114,optimal,2.644892459997209,31817,55361,205077
sens-lref1m,Agis-r0,Agis,trajectory,B1,5,17.878935966539526,0.44697339916348816,optimal,2.782629633002216,31817,55361,205077
sens-lref1m,Agis-r0,Agis,trajectory,B1,6,17.88194056091171,0.4470485140227927,optimal,3.6946381610032404,31817,55361,205077
sens-lref1m,Agis-r0,Agis,trajectory,B1,7,17.911077588924517,0.44777693972311294,optimal,3.0203158470030758,31817,55361,205077
sens-lref1m,Agis-r0,Agis,trajectory,B1,8,18.28725544859461,0.45718138621486526,optimal,2.806048539998301,31817,55361,205077
sens-lref1m,Agis-r0,Agis,trajectory,B1,9,17.911627649953616,0.4477906912488404,optimal,3.1864373400021577,31817,55361,205077
sens-lref1m,Agis-r0,Agis,trajectory,B1,10,17.958289662510513,0.44895724156276284,optimal,2.9450166239985265,31817,55361,205077
sens-lref1m,Agis-r0,Agis,trajectory,B1,11,17.938230825775655,0.44845577064439135,optimal,2.785212793998653,31817,55361,205077
sens-lref1m,Agis-r0,Agis,trajectory,B1,12,17.786491900800133,0.4446622975200033,optimal,3.0488173569974606,31817,55361,205077
sens-lref1m,Agis-r0,Agis,trajectory,B1,13,17.765862557823898,0.44414656394559743,optimal,2.946239141994738,31817,55361,205077
sens-lref1m,Agis-r0,Agis,trajectory,B1,14,17.967823680123796,0.4491955920030949,optimal,2.6553699919968494,31817,55361,205077
sens-lref1m,Agis-r0,Agis,trajectory,B1,15,17.80177509837215,0.44504437745930375,optimal,2.8340884530043695,31817,55361,205077
sens-lref1m,Agis-r0,Agis,trajectory,B1,16,17.994261686792466,0.44985654216981164,optimal,2.8717275929957395,31817,55361,205077
sens-lref1m,Agis-r0,Agis,trajectory,B1,17,17.713041464576072,0.4428260366144018,optimal,2.697196287001134,31817,55361,205077
sens-lref1m,Agis-r0,Agis,trajectory,B1,18,17.88690236042451,0.44717255901061276,optimal,2.842062999996415,31817,55361,205077
sens-lref1m,Agis-r0,Agis,trajectory,B1,19,17.707887156268836,0.4426971789067209,optimal,3.1063744610000867,31817,55361,205077
sens-lref1m,Agis-r0,Agis,trajectory,B1,20,17.79340534198675,0.4448351335496688,optimal,3.1250758160022087,31817,55361,205077
sens-lref1m,Agis-r0,Agis,trajectory,B1,21,17.84432664466195,0.4461081661165488,optimal,3.131833656996605,31817,55361,205077
sens-lref1m,Agis-r0,Agis,trajectory,B1,22,18.035397282309415,0.4508849320577354,optimal,2.958217029001389,31817,55361,205077
sens-lref1m,Agis-r0,Agis,trajectory,B1,23,17.862885495056304,0.4465721373764076,optimal,3.044042843997886,31817,55361,205077
sens-lref1m,Agis-r0,Agis,trajectory,B1,24,18.179126768689194,0.45447816921722983,optimal,2.9964504490053514,31817,55361,205077
sens-lref1m,Agis-r0,Agis,trajectory,B1,25,17.89699719699196,0.44742492992479904,optimal,2.957786450999265,31817,55361,205077
sens-lref1m,Agis-r0,Agis,trajectory,B1,26,17.7007071599032,0.44251767899758,optimal,2.750829448996228,31817,55361,205077
sens-lref1m,Agis-r0,Agis,trajectory,B1,27,18.357069685861592,0.45892674214653983,optimal,2.894585244001064,31817,55361,205077
sens-lref1m,Agis-r0,Agis,trajectory,B1,28,17.515872956116482,0.43789682390291207,optimal,2.8145028080034535,31817,55361,205077
sens-lref1m,Agis-r0,Agis,trajectory,B1,29,17.62497259985759,0.4406243149964397,optimal,2.6790617239967105,31817,55361,205077
sens-lref1m,Belnet2008-r0,Belnet2008,trajectory,B1,0,22.140656607244775,0.5535164151811194,optimal,3.225803724999423,29463,58040,191453
sens-lref1m,Belnet2008-r0,Belnet2008,trajectory,B1,1,21.47797901358347,0.5369494753395868,optimal,2.7926005349945626,29463,58040,191453
sens-lref1m,Belnet2008-r0,Belnet2008,trajectory,B1,2,21.834739807317398,0.5458684951829349,optimal,3.4141159239952685,29463,58040,191453
sens-lref1m,Belnet2008-r0,Belnet2008,trajectory,B1,3,21.833653025832664,0.5458413256458166,optimal,3.2476917500025593,29463,58040,191453
sens-lref1m,Belnet2008-r0,Belnet2008,trajectory,B1,4,21.736955837778677,0.5434238959444669,optimal,4.05936603200098,29463,58040,191453
sens-lref1m,Belnet2008-r0,Belnet2008,trajectory,B1,5,20.986367676720707,0.5246591919180177,optimal,3.5441049549990566,29463,58040,191453
sens-lref1m,Belnet2008-r0,Belnet2008,trajectory,B1,6,21.46073715873381,0.5365184289683452,optimal,3.3042559899986372,29463,58040,191453
sens-lref1m,Belnet2008-r0,Belnet2008,trajectory,B1,7,21.448843255522878,0.5362210813880719,optimal,3.26887401699787,29463,58040,191453
sens-lref1m,Belnet2008-r0,Belnet2008,trajectory,B1,8,21.70109353701115,0.5425273384252788,optimal,3.0963181350016384,29463,58040,191453
sens-lref1m,Belnet2008-r0,Belnet2008,trajectory,B1,9,22.324003262094024,0.5581000815523506,optimal,3.3754309010037105,29463,58040,191453
sens-lref1m,Belnet2008-r0,Belnet2008,trajectory,B1,10,22.25416708252644,0.556354177063161,optimal,3.3930863630012027,29463,58040,191453
sens-lref1m,Belnet2008-r0,Belnet2008,trajectory,B1,11,22.153361621260967,0.5538340405315242,optimal,3.9205328160023782,29463,58040,191453
sens-lref1m,Belnet2008-r0,Belnet2008,trajectory,B1,12,22.05479858438711,0.5513699646096778,optimal,3.4215843559941277,29463,58040,191453
sens-lref1m,Belnet2008-r0,Belnet2008,trajectory,B1,13,21.992256104093062,0.5498064026023266,optimal,3.938524567995046,29463,58040,191453
sens-lref1m,Belnet2008-r0,Belnet2008,trajectory,B1,14,21.966198275391637,0.5491549568847909,optimal,3.2705718520010123,29463,58040,191453
sens-lref1m,Belnet2008-r0,Belnet2008,trajectory,B1,15,21.825666478490373,0.5456416619622593,optimal,3.5397477980004624,29463,58040,191453
sens-lref1m,Belnet2008-r0,Belnet2008,trajectory,B1,16,22.215212357913117,0.555380308947828,optimal,3.6468794679967687,29463,58040,191453
sens-lref1m,Belnet2008-r0,Belnet2008,trajectory,B1,17,21.42871728666127,0.5357179321665317,optimal,4.433451942997635,29463,58040,191453
sens-lref1m,Belnet2008-r0,Belnet2008,trajectory,B1,18,21.885759802525452,0.5471439950631363,optimal,3.4868189499975415,29463,58040,191453
sens-lref1m,Belnet2008-r0,Belnet2008,trajectory,B1,19,22.25948098154045,0.5564870245385112,optimal,3.5134410280006705,29463,58040,191453
sens-lref1m,Belnet2008-r0,Belnet2008,trajectory,B1,20,21.556569562236433,0.5389142390559108,optimal,4.448085324998829,29463,58040,191453
sens-lref1m,Belnet2008-r0,Belnet2008,trajectory,B1,21,22.168950052685684,0.5542237513171421,optimal,3.3171942999979365,29463,58040,191453
sens-lref1m,Belnet2008-r0,Belnet2008,trajectory,B1,22,22.10661275471059,0.5526653188677647,optimal,3.417482899996685,29463,58040,191453
sens-lref1m,Belnet2008-r0,Belnet2008,trajectory,B1,23,21.65473398186592,0.541368349546648,optimal,3.9576668360023177,29463,58040,191453
sens-lref1m,Belnet2008-r0,Belnet2008,trajectory,B1,24,21.783753899516515,0.5445938474879128,optimal,3.4527030309982365,29463,58040,191453
sens-lref1m,Belnet2008-r0,Belnet2008,trajectory,B1,25,22.179108276400722,0.5544777069100181,optimal,3.6062518280014046,29463,58040,191453
sens-lref1m,Belnet2008-r0,Belnet2008,trajectory,B1,26,21.47127896907622,0.5367819742269055,optimal,3.9022990809971816,29463,58040,191453
sens-lref1m,Belnet2008-r0,Belnet2008,trajectory,B1,27,21.808096342886728,0.5452024085721682,optimal,3.3841202650000923,29463,58040,191453
sens-lref1m,Belnet2008-r0,Belnet2008,trajectory,B1,28,21.726431390415428,0.5431607847603857,optimal,3.401285542997357,29463,58040,191453
sens-lref1m,Belnet2008-r0,Belnet2008,trajectory,B1,29,21.87314354117169,0.5468285885292923,optimal,3.709505596998497,29463,58040,191453
sens-lref1m,BsonetEurope-r0,BsonetEurope,trajectory,B1,0,20.1182694065643,0.5029567351641074,optimal,6.105359045002842,34542,60736,216707
sens-lref1m,BsonetEurope-r0,BsonetEurope,trajectory,B1,1,19.91957223590657,0.49798930589766427,optimal,7.225897846998123,34542,60736,216707
sens-lref1m,BsonetEurope-r0,BsonetEurope,trajectory,B1,2,19.330777436603228,0.4832694359150807,optimal,5.833667475999391,34542,60736,216707
sens-lref1m,BsonetEurope-r0,BsonetEurope,trajectory,B1,3,19.901504901182683,0.49753762252956707,optimal,5.366951381001854,34542,60736,216707
sens-lref1m,BsonetEurope-r0,BsonetEurope,trajectory,B1,4,19.108967181657658,0.4777241795414414,optimal,5.771871791002923,34542,60736,216707
sens-lref1m,BsonetEurope-r0,BsonetEurope,trajectory,B1,5,20.23167142697262,0.5057917856743155,optimal,5.897273041002336,34542,60736,216707
sens-lref1m,BsonetEurope-r0,BsonetEurope,trajectory,B1,6,19.97547073557957,0.49938676838948926,optimal,6.6001932060025865,34542,60736,216707
sens-lref1m,BsonetEurope-r0,BsonetEurope,trajectory,B1,7,19.87086314337199,0.49677157858429977,optimal,5.744313374001649,34542,60736,216707
sens-lref1m,BsonetEurope-r0,BsonetEurope,trajectory,B1,8,19.880714455812132,0.4970178613953033,optimal,8.752756182999292,34542,60736,216707
sens-lref1m,BsonetEurope-r0,BsonetEurope,trajectory,B1,9,19.819783843603755,0.4954945960900939,optimal,6.5808299479976995,34542,60736,216707
sens-lref1m,BsonetEurope-r0,BsonetEurope,trajectory,B1,10,19.80457569524818,0.49511439238120447,optimal,6.310320452997985,34542,60736,216707
sens-lref1m,BsonetEurope-r0,BsonetEurope,trajectory,B1,11,20.26907737075847,0.5067269342689618,optimal,6.7652796219990705,34542,60736,216707
sens-lref1m,BsonetEurope-r0,BsonetEurope,trajectory,B1,12,20.186310976426228,0.5046577744106557,optimal,6.35467499600054,34542,60736,216707
sens-lref1m,BsonetEurope-r0,BsonetEurope,trajectory,B1,13,20.913713728887686,0.5228428432221921,optimal,7.00923913600127,34542,60736,216707
sens-lref1m,BsonetEurope-r0,BsonetEurope,trajectory,B1,14,20.191398787079876,0.5047849696769969,optimal,6.302555279995431,34542,60736,216707
sens-lref1m,BsonetEurope-r0,BsonetEurope,trajectory,B1,15,20.410481492496043,0.510262037312401,optimal,6.722751663000963,34542,60736,216707
sens-lref1m,BsonetEurope-r0,BsonetEurope,trajectory,B1,16,19.28615669180103,0.4821539172950257,optimal,6.0564876749995165,34542,60736,216707
sens-lref1m,BsonetEurope-r0,BsonetEurope,trajectory,B1,17,20.567392198704088,0.5141848049676022,optimal,5.789466836002248,34542,60736,216707
sens-lref1m,BsonetEurope-r0,BsonetEurope,trajectory,B1,18,18.32497352089088,0.458124338022272,optimal,4.8219158349966165,34542,60736,216707
sens-lref1m,BsonetEurope-r0,BsonetEurope,trajectory,B1,19,20.495801526106693,0.5123950381526673,optimal,7.274812538998958,34542,60736,216707
sens-lref1m,BsonetEurope-r0,BsonetEurope,trajectory,B1,20,19.889766966112255,0.49724417415280636,optimal,5.7051344709980185,34542,60736,216707
sens-lref1m,BsonetEurope-r0,BsonetEurope,trajectory,B1,21,20.424541925888207,0.5106135481472052,optimal,7.439233348995913,34542,60736,216707
sens-lref1m,BsonetEurope-r0,BsonetEurope,trajectory,B1,22,19.672466102039678,0.49181165255099196,optimal,5.228580678995058,34542,60736,216707
sens-lref1m,BsonetEurope-r0,BsonetEurope,trajectory,B1,23,19.554280153464344,0.4888570038366086,optimal,5.782558496001002,34542,60736,216707
sens-lref1m,BsonetEurope-r0,BsonetEurope,trajectory,B1,24,19.80761442340482,0.49519036058512056,optimal,5.825921543000732,34542,60736,216707
sens-lref1m,BsonetEurope-r0,BsonetEurope,trajectory,B1,25,20.501952864040085,0.5125488216010021,optimal,8.429903254000237,34542,60736,216707
sens-lref1m,BsonetEurope-r0,BsonetEurope,trajectory,B1,26,20.47105398525289,0.5117763496313222,optimal,5.859816547999799,34542,60736,216707
sens-lref1m,BsonetEurope-r0,BsonetEurope,trajectory,B1,27,19.96625557007777,0.4991563892519443,optimal,8.040835906998836,34542,60736,216707
sens-lref1m,BsonetEurope-r0,BsonetEurope,trajectory,B1,28,20.559250802438942,0.5139812700609736,optimal,7.032805558999826,34542,60736,216707
sens-lref1m,BsonetEurope-r0,BsonetEurope,trajectory,B1,29,18.698053221658878,0.4674513305414719,optimal,5.052397983003175,34542,60736,216707
sens-lref1m,BtNorthAmerica-r0,BtNorthAmerica,trajectory,B1,0,16.427802904924185,0.4106950726231046,optimal,3.6991833520005457,34631,63179,220371
sens-lref1m,BtNorthAmerica-r0,BtNorthAmerica,trajectory,B1,1,17.35396529585971,0.4338491323964927,optimal,4.119372938002925,34631,63179,220371
sens-lref1m,BtNorthAmerica-r0,BtNorthAmerica,trajectory,B1,2,16.703187395867317,0.41757968489668296,optimal,3.8170915029986645,34631,63179,220371
sens-lref1m,BtNorthAmerica-r0,BtNorthAmerica,trajectory,B1,3,16.452511108891713,0.4113127777222928,optimal,3.6742374479945283,34631,63179,220371
sens-lref1m,BtNorthAmerica-r0,BtNorthAmerica,trajectory,B1,4,16.50046856327283,0.41251171408182075,optimal,3.9734222289989702,34631,63179,220371
sens-lref1m,BtNorthAmerica-r0,BtNorthAmerica,trajectory,B1,5,16.92293166809604,0.42307329170240104,optimal,4.314906257997791,34631,63179,220371
sens-lref1m,BtNorthAmerica-r0,BtNorthAmerica,trajectory,B1,6,16.352471505566733,0.4088117876391683,optimal,3.758045302995015,34631,63179,220371
sens-lref1m,BtNorthAmerica-r0,BtNorthAmerica,trajectory,B1,7,16.25648952145622,0.4064122380364055,optimal,3.5979645129991695,34631,63179,220371
sens-lref1m,BtNorthAmerica-r0,BtNorthAmerica,trajectory,B1,8,16.776292807466096,0.4194073201866524,optimal,3.663252218000707,34631,63179,220371
sens-lref1m,BtNorthAmerica-r0,BtNorthAmerica,trajectory,B1,9,17.385351407135786,0.4346337851783947,optimal,3.6475837620018865,34631,63179,220371
sens-lref1m,BtNorthAmerica-r0,BtNorthAmerica,trajectory,B1,10,16.454317140863484,0.4113579285215871,optimal,3.542295956001908,34631,63179,220371
sens-lref1m,BtNorthAmerica-r0,BtNorthAmerica,trajectory,B1,11,16.819507959250842,0.42048769898127103,optimal,3.3418230829993263,34631,63179,220371
sens-lref1m,BtNorthAmerica-r0,BtNorthAmerica,trajectory,B1,12,16.864144955050996,0.4216036238762749,optimal,3.6761982009993517,34631,63179,220371
sens-lref1m,BtNorthAmerica-r0,BtNorthAmerica,trajectory,B1,13,16.925994841470967,0.42314987103677415,optimal,3.9910712409982807,34631,63179,220371
sens-lref1m,BtNorthAmerica-r0,BtNorthAmerica,trajectory,B1,14,16.53969929748623,0.41349248243715575,optimal,3.867245018001995,34631,63179,220371
sens-lref1m,BtNorthAmerica-r0,BtNorthAmerica,trajectory,B1,15,16.167553949977894,0.4041888487494473,optimal,4.337274306999461,34631,63179,220371
sens-lref1m,BtNorthAmerica-r0,BtNorthAmerica,trajectory,B1,16,16.443496294355246,0.41108740735888116,optimal,4.0887327900054515,34631,63179,220371
sens-lref1m,BtNorthAmerica-r0,BtNorthAmerica,trajectory,B1,17,16.547144135048033,0.4136786033762008,optimal,3.8459995680022985,34631,63179,220371
sens-lref1m,BtNorthAmerica-r0,BtNorthAmerica,trajectory,B1,18,16.39386231736259,0.40984655793406477,optimal,3.6604377119947458,34631,63179,220371
sens-lref1m,BtNorthAmerica-r0,BtNorthAmerica,trajectory,B1,19,16.80596526030122,0.4201491315075305,optimal,3.807072582996625,34631,63179,220371
sens-lref1m,BtNorthAmerica-r0,BtNorthAmerica,trajectory,B1,20,16.543039564253405,0.41357598910633514,optimal,3.6603171759998077,34631,63179,220371
sens-lref1m,BtNorthAmerica-r0,BtNorthAmerica,trajectory,B1,21,16.704448546944988,0.4176112136736247,optimal,3.584171709997463,34631,63179,220371
sens-lref1m,BtNorthAmerica-r0,BtNorthAmerica,trajectory,B1,22,16.312999825205267,0.4078249956301317,optimal,3.7185067589962273,34631,63179,220371
sens-lref1m,BtNorthAmerica-r0,BtNorthAmerica,trajectory,B1,23,17.085117375308506,0.4271279343827127,optimal,4.008254715001385,34631,63179,220371
sens-lref1m,BtNorthAmerica-r0,BtNorthAmerica,trajectory,B1,24,16.990355556603625,0.4247588889150906,optimal,3.733939516998362,34631,63179,220371
sens-lref1m,BtNorthAmerica-r0,BtNorthAmerica,trajectory,B1,25,16.15122380537845,0.40378059513446124,optimal,3.8475176290012314,34631,63179,220371
sens-lref1m,BtNorthAmerica-r0,BtNorthAmerica,trajectory,B1,26,16.926269489438496,0.4231567372359624,optimal,4.257005190003838,34631,63179,220371
sens-lref1m,BtNorthAmerica-r0,BtNorthAmerica,trajectory,B1,27,16.772549308528212,0.4193137327132053,optimal,4.277268976999039,34631,63179,220371
sens-lref1m,BtNorthAmerica-r0,BtNorthAmerica,trajectory,B1,28,15.96498979353057,0.39912474483826427,optimal,4.0253189240029315,34631,63179,220371
sens-lref1m,BtNorthAmerica-r0,BtNorthAmerica,trajectory,B1,29,17.003176532699968,0.4250794133174992,optimal,3.812343694997253,34631,63179,220371
sens-lref1m,Cesnet200603-r0,Cesnet200603,trajectory,B1,0,16.791096870536492,0.4197774217634123,optimal,4.459319961999427,37078,69747,232687
sens-lref1m,Cesnet200603-r0,Cesnet200603,trajectory,B1,1,17.099493343362706,0.42748733358406765,optimal,4.112156135000987,37078,69747,232687
sens-lref1m,Cesnet200603-r0,Cesnet200603,trajectory,B1,2,17.101994024540005,0.42754985061350015,optimal,4.694505768995441,37078,69747,232687
sens-lref1m,Cesnet200603-r0,Cesnet200603,trajectory,B1,3,16.80752174063129,0.42018804351578226,optimal,4.188830682003754,37078,69747,232687
sens-lref1m,Cesnet200603-r0,Cesnet200603,trajectory,B1,4,17.016597034427637,0.4254149258606909,optimal,4.254894180994597,37078,69747,232687
sens-lref1m,Cesnet200603-r0,Cesnet200603,trajectory,B1,5,16.80778860790807,0.42019471519770174,optimal,4.021546339994529,37078,69747,232687
sens-lref1m,Cesnet200603-r0,Cesnet200603,trajectory,B1,6,17.004348115185582,0.42510870287963953,optimal,3.948265897000965,37078,69747,232687
sens-lref1m,Cesnet200603-r0,Cesnet200603,trajectory,B1,7,17.003784821183952,0.4250946205295988,optimal,4.276856188000238,37078,69747,232687
sens-lref1m,Cesnet200603-r0,Cesnet200603,trajectory,B1,8,16.987767258401533,0.42469418146003834,optimal,4.0966591100004734,37078,69747,232687
sens-lref1m,Cesnet200603-r0,Cesnet200603,trajectory,B1,9,16.929130028146115,0.4232282507036529,optimal,4.834281570001622,37078,69747,232687
sens-lref1m,Cesnet200603-r0,Cesnet200603,trajectory,B1,10,16.950086636025937,0.4237521659006484,optimal,4.440628130003461,37078,69747,232687
sens-lref1m,Cesnet200603-r0,Cesnet200603,trajectory,B1,11,16.90463764065042,0.42261594101626054,optimal,4.037438355997438,37078,69747,232687
sens-lref1m,Cesnet200603-r0,Cesnet200603,trajectory,B1,12,16.93141019805157,0.4232852549512892,optimal,3.797311662005086,37078,69747,232687
sens-lref1m,Cesnet200603-r0,Cesnet200603,trajectory,B1,13,17.31763581855217,0.4329408954638042,optimal,5.4903341729950625,37078,69747,232687
sens-lref1m,Cesnet200603-r0,Cesnet200603,trajectory,B1,14,17.044285146578105,0.4261071286644526,optimal,4.179038109999965,37078,69747,232687
sens-lref1m,Cesnet200603-r0,Cesnet200603,trajectory,B1,15,16.869261583853596,0.4217315395963399,optimal,4.478331839003658,37078,69747,232687
sens-lref1m,Cesnet200603-r0,Cesnet200603,trajectory,B1,16,16.797740596503036,0.4199435149125759,optimal,3.9530456619977485,37078,69747,232687
sens-lref1m,Cesnet200603-r0,Cesnet200603,trajectory,B1,17,16.563315719690536,0.4140828929922634,optimal,4.663610392002738,37078,69747,232687
sens-lref1m,Cesnet200603-r0,Cesnet200603,trajectory,B1,18,16.750318415040184,0.4187579603760046,optimal,4.670268259003933,37078,69747,232687
sens-lref1m,Cesnet200603-r0,Cesnet200603,trajectory,B1,19,16.969308400768487,0.42423271001921214,optimal,4.16421106299822,37078,69747,232687
sens-lref1m,Cesnet200603-r0,Cesnet200603,trajectory,B1,20,17.07559334146112,0.426889833536528,optimal,4.751094156999898,37078,69747,232687
sens-lref1m,Cesnet200603-r0,Cesnet200603,trajectory,B1,21,16.907026774915625,0.42267566937289064,optimal,5.180187479003507,37078,69747,232687
sens-lref1m,Cesnet200603-r0,Cesnet200603,trajectory,B1,22,16.89905426391962,0.4224763565979905,optimal,4.116201496995927,37078,69747,232687
sens-lref1m,Cesnet200603-r0,Cesnet200603,trajectory,B1,23,16.808476804471788,0.4202119201117947,optimal,4.290022264998697,37078,69747,232687
sens-lref1m,Cesnet200603-r0,Cesnet200603,trajectory,B1,24,16.977039127864106,0.42442597819660266,optimal,4.748603160995117,37078,69747,232687
sens-lref1m,Cesnet200603-r0,Cesnet200603,trajectory,B1,25,17.21479366266109,0.43036984156652724,optimal,3.9139227850027964,37078,69747,232687
sens-lref1m,Cesnet200603-r0,Cesnet200603,trajectory,B1,26,16.861101910405317,0.4215275477601329,optimal,4.802079494998907,37078,69747,232687
sens-lref1m,Cesnet200603-r0,Cesnet200603,trajectory,B1,27,17.033412049186197,0.4258353012296549,optimal,4.048985702000209,37078,69747,232687
sens-lref1m,Cesnet200603-r0,Cesnet200603,trajectory,B1,28,17.24950829220537,0.4312377073051342,optimal,4.087501043002703,37078,69747,232687
sens-lref1m,Cesnet200603-r0,Cesnet200603,trajectory,B1,29,16.700754628882642,0.41751886572206603,optimal,4.32192855100584,37078,69747,232687
sens-lref1m,Digex-r0,Digex,trajectory,B1,0,17.938383987814372,0.4484595996953593,optimal,6.943106988997897,56327,89636,294219
sens-lref1m,Digex-r0,Digex,trajectory,B1,1,18.260341821217445,0.4565085455304361,optimal,6.186795190995326,56327,89636,294219
sens-lref1m,Digex-r0,Digex,trajectory,B1,2,18.507041394570745,0.4626760348642686,optimal,7.008135651994962,56327,89636,294219
sens-lref1m,Digex-r0,Digex,trajectory,B1,3,18.2662321013022,0.456655802532555,optimal,6.4299963759985985,56327,89636,294219
sens-lref1m,Digex-r0,Digex,trajectory,B1,4,18.598608266748315,0.4649652066687079,optimal,6.057599854997534,56327,89636,294219
sens-lref1m,Digex-r0,Digex,trajectory,B1,5,18.008813522985953,0.45022033807464884,optimal,5.768940886999189,56327,89636,294219
sens-lref1m,Digex-r0,Digex,trajectory,B1,6,18.213126375511486,0.45532815938778715,optimal,6.106811534998997,56327,89636,294219
sens-lref1m,Digex-r0,Digex,trajectory,B1,7,17.989669980747045,0.4497417495186761,optimal,6.0547540899933665,56327,89636,294219
sens-lref1m,Digex-r0,Digex,trajectory,B1,8,18.22953211083669,0.45573830277091726,optimal,6.135516485002881,56327,89636,294219
sens-lref1m,Digex-r0,Digex,trajectory,B1,9,18.17812335015246,0.45445308375381155,optimal,6.349606279996806,56327,89636,294219
sens-lref1m,Digex-r0,Digex,trajectory,B1,10,17.671653510901542,0.44179133777253854,optimal,6.2157100870026625,56327,89636,294219
sens-lref1m,Digex-r0,Digex,trajectory,B1,11,17.768893608935752,0.4442223402233938,optimal,6.089478870999301,56327,89636,294219
sens-lref1m,Digex-r0,Digex,trajectory,B1,12,18.560663588479287,0.4640165897119822,optimal,6.571289403000264,56327,89636,294219
sens-lref1m,Digex-r0,Digex,trajectory,B1,13,18.243992843099367,0.45609982107748415,optimal,7.051821010005369,56327,89636,294219
sens-lref1m,Digex-r0,Digex,trajectory,B1,14,17.76152181855493,0.4440380454638732,optimal,6.17070464999415,56327,89636,294219
sens-lref1m,Digex-r0,Digex,trajectory,B1,15,18.161039098842505,0.4540259774710626,optimal,6.592905439996684,56327,89636,294219
sens-lref1m,Digex-r0,Digex,trajectory,B1,16,18.196525398633028,0.4549131349658257,optimal,7.026318401003664,56327,89636,294219
sens-lref1m,Digex-r0,Digex,trajectory,B1,17,18.734619482560262,0.46836548706400655,optimal,6.534563551998872,56327,89636,294219
sens-lref1m,Digex-r0,Digex,trajectory,B1,18,18.252823416748505,0.4563205854187126,optimal,6.2268418059975374,56327,89636,294219
sens-lref1m,Digex-r0,Digex,trajectory,B1,19,17.846169019818657,0.4461542254954664,optimal,6.245868742997118,56327,89636,294219
sens-lref1m,Digex-r0,Digex,trajectory,B1,20,18.067301615100813,0.4516825403775203,optimal,5.989968383000814,56327,89636,294219
sens-lref1m,Digex-r0,Digex,trajectory,B1,21,17.957997441846025,0.44894993604615063,optimal,6.1141830349952215,56327,89636,294219
sens-lref1m,Digex-r0,Digex,trajectory,B1,22,18.068607400192708,0.45171518500481767,optimal,6.754752654000185,56327,89636,294219
sens-lref1m,Digex-r0,Digex,trajectory,B1,23,17.796001972533144,0.4449000493133286,optimal,6.16774941800395,56327,89636,294219
sens-lref1m,Digex-r0,Digex,trajectory,B1,24,17.934137304699266,0.4483534326174817,optimal,6.835774607003259,56327,89636,294219
sens-lref1m,Digex-r0,Digex,trajectory,B1,25,18.73205046682287,0.46830126167057173,optimal,6.573594301000412,56327,89636,294219
sens-lref1m,Digex-r0,Digex,trajectory,B1,26,18.252221215052256,0.4563055303763064,optimal,6.48775953999575,56327,89636,294219
sens-lref1m,Digex-r0,Digex,trajectory,B1,27,18.009968889077577,0.4502492222269394,optimal,6.309728478001489,56327,89636,294219
sens-lref1m,Digex-r0,Digex,trajectory,B1,28,18.600621133541193,0.4650155283385298,optimal,6.796352183999261,56327,89636,294219
sens-lref1m,Digex-r0,Digex,trajectory,B1,29,18.395291560657185,0.45988228901642964,optimal,7.3736595080044935,56327,89636,294219
sens-lref1m,Easynet-r0,Easynet,trajectory,B1,0,6.834895594585819,0.17087238986464548,optimal,2.616015021005296,35883,59672,223889
sens-lref1m,Easynet-r0,Easynet,trajectory,B1,1,6.737516292756743,0.16843790731891856,optimal,2.851150037997286,35883,59672,223889
sens-lref1m,Easynet-r0,Easynet,trajectory,B1,2,6.388718835377885,0.1597179708844471,optimal,2.913958024000749,35883,59672,223889
sens-lref1m,Easynet-r0,Easynet,trajectory,B1,3,6.559161402611107,0.16397903506527767,optimal,2.6182854549988406,35883,59672,223889
sens-lref1m,Easynet-r0,Easynet,trajectory,B1,4,6.548073245099286,0.16370183112748216,optimal,2.701691556001606,35883,59672,223889
sens-lref1m,Easynet-r0,Easynet,trajectory,B1,5,6.881036861497921,0.17202592153744803,optimal,2.92672304000007,35883,59672,223889
sens-lref1m,Easynet-r0,Easynet,trajectory,B1,6,6.680067086737722,0.16700167716844305,optimal,2.843064617001801,35883,59672,223889
sens-lref1m,Easynet-r0,Easynet,trajectory,B1,7,7.422161316267086,0.18555403290667716,optimal,2.5173124209977686,35883,59672,223889
sens-lref1m,Easynet-r0,Easynet,trajectory,B1,8,6.969141521955546,0.17422853804888866,optimal,2.6632499089973862,35883,59672,223889
sens-lref1m,Easynet-r0,Easynet,trajectory,B1,9,6.547102698351173,0.16367756745877932,optimal,3.1255493399949046,35883,59672,223889
sens-lref1m,Easynet-r0,Easynet,trajectory,B1,10,6.678951252164787,0.1669737813041197,optimal,3.33417515399924,35883,59672,223889
sens-lref1m,Easynet-r0,Easynet,trajectory,B1,11,6.60595916775129,0.16514897919378224,optimal,2.849877665998065,35883,59672,223889
sens-lref1m,Easynet-r0,Easynet,trajectory,B1,12,6.892215097354718,0.17230537743386795,optimal,2.7239919079947867,35883,59672,223889
sens-lref1m,Easynet-r0,Easynet,trajectory,B1,13,6.413387135218694,0.16033467838046736,optimal,3.2740057920018444,35883,59672,223889
sens-lref1m,Easynet-r0,Easynet,trajectory,B1,14,7.105320744672366,0.17763301861680916,optimal,3.062740877001488,35883,59672,223889
sens-lref1m,Easynet-r0,Easynet,trajectory,B1,15,6.6728629584257275,0.16682157396064318,optimal,3.179583402001299,35883,59672,223889
sens-lref1m,Easynet-r0,Easynet,trajectory,B1,16,6.4574180283016585,0.16143545070754145,optimal,2.6091024759953143,35883,59672,223889
sens-lref1m,Easynet-r0,Easynet,trajectory,B1,17,6.999298065038332,0.1749824516259583,optimal,2.6270522299964796,35883,59672,223889
sens-lref1m,Easynet-r0,Easynet,trajectory,B1,18,6.63788534265383,0.16594713356634574,optimal,2.6831553160009207,35883,59672,223889
sens-lref1m,Easynet-r0,Easynet,trajectory,B1,19,6.605821763575122,0.16514554408937804,optimal,2.5731906650034944,35883,59672,223889
sens-lref1m,Easynet-r0,Easynet,trajectory,B1,20,6.870037639802613,0.17175094099506533,optimal,2.6333297380042495,35883,59672,223889
sens-lref1m,Easynet-r0,Easynet,trajectory,B1,21,6.58216517926798,0.1645541294816995,optimal,3.008467510997434,35883,59672,223889
sens-lref1m,Easynet-r0,Easynet,trajectory,B1,22,6.522641390495216,0.1630660347623804,optimal,3.6004710760025773,35883,59672,223889
sens-lref1m,Easynet-r0,Easynet,trajectory,B1,23,6.604502348776928,0.1651125587194232,optimal,3.234419763000915,35883,59672,223889
sens-lref1m,Easynet-r0,Easynet,trajectory,B1,24,6.761497642293149,0.1690374410573287,optimal,2.6468344669992803,35883,59672,223889
sens-lref1m,Easynet-r0,Easynet,trajectory,B1,25,6.571949574950166,0.16429873937375414,optimal,2.699522793998767,35883,59672,223889
sens-lref1m,Easynet-r0,Easynet,trajectory,B1,26,6.550871763403151,0.16377179408507878,optimal,2.823019983996346,35883,59672,223889
sens-lref1m,Easynet-r0,Easynet,trajectory,B1,27,6.695730081566721,0.16739325203916802,optimal,2.9435113290019217,35883,59672,223889
sens-lref1m,Easynet-r0,Easynet,trajectory,B1,28,6.6150840235267445,0.16537710058816862,optimal,2.9627707269974053,35883,59672,223889
sens-lref1m,Easynet-r0,Easynet,trajectory,B1,29,6.5363513265674955,0.1634087831641874,optimal,2.991602588997921,35883,59672,223889
sens-lref1m,Garr200112-r0,Garr200112,trajectory,B1,0,20.5528335328132,0.51382083832033,optimal,3.960864352004137,28757,56534,186828
sens-lref1m,Garr200112-r0,Garr200112,trajectory,B1,1,19.509418687105125,0.4877354671776281,optimal,3.9570998850031174,28757,56534,186828
sens-lref1m,Garr200112-r0,Garr200112,trajectory,B1,2,19.29058767233721,0.48226469180843023,optimal,4.610089296002116,28757,56534,186828
sens-lref1m,Garr200112-r0,Garr200112,trajectory,B1,3,20.34389590302055,0.5085973975755137,optimal,4.634070831998542,28757,56534,186828
sens-lref1m,Garr200112-r0,Garr200112,trajectory,B1,4,20.240095574643064,0.5060023893660766,optimal,4.1352847880043555,28757,56534,186828
sens-lref1m,Garr200112-r0,Garr200112,trajectory,B1,5,19.579397513380748,0.4894849378345187,optimal,4.688022053000168,28757,56534,186828
sens-lref1m,Garr200112-r0,Garr200112,trajectory,B1,6,19.372806175106007,0.4843201543776502,optimal,3.9360857869978645,28757,56534,186828
sens-lref1m,Garr200112-r0,Garr200112,trajectory,B1,7,19.608161414821954,0.49020403537054885,optimal,4.689228096001898,28757,56534,186828
sens-lref1m,Garr200112-r0,Garr200112,trajectory,B1,8,19.515979244515268,0.4878994811128817,optimal,4.143891581996286,28757,56534,186828
sens-lref1m,Garr200112-r0,Garr200112,trajectory,B1,9,19.78122567029628,0.494530641757407,optimal,4.285524571998394,28757,56534,186828
sens-lref1m,Garr200112-r0,Garr200112,trajectory,B1,10,20.31376378708474,0.5078440946771184,optimal,4.614390405993618,28757,56534,186828
sens-lref1m,Garr200112-r0,Garr200112,trajectory,B1,11,19.98946723901646,0.49973668097541146,optimal,4.586167820998526,28757,56534,186828
sens-lref1m,Garr200112-r0,Garr200112,trajectory,B1,12,19.218973532310947,0.4804743383077737,optimal,3.9727015509997727,28757,56534,186828
sens-lref1m,Garr200112-r0,Garr200112,trajectory,B1,13,20.07354640750351,0.5018386601875877,optimal,4.540801317998557,28757,56534,186828
sens-lref1m,Garr200112-r0,Garr200112,trajectory,B1,14,19.8833467463917,0.49708366865979253,optimal,3.7375322180014336,28757,56534,186828
sens-lref1m,Garr200112-r0,Garr200112,trajectory,B1,15,20.161395268811397,0.5040348817202849,optimal,4.167013883001346,28757,56534,186828
sens-lref1m,Garr200112-r0,Garr200112,trajectory,B1,16,19.98781668330429,0.49969541708260723,optimal,3.845454410999082,28757,56534,186828
sens-lref1m,Garr200112-r0,Garr200112,trajectory,B1,17,20.681572508612142,0.5170393127153036,optimal,4.472933185999864,28757,56534,186828
sens-lref1m,Garr200112-r0,Garr200112,trajectory,B1,18,20.212169606345338,0.5053042401586334,optimal,4.671468360997096,28757,56534,186828
sens-lref1m,Garr200112-r0,Garr200112,trajectory,B1,19,20.110385378707363,0.5027596344676841,optimal,4.356118393996439,28757,56534,186828
sens-lref1m,Garr200112-r0,Garr200112,trajectory,B1,20,19.985702046882277,0.4996425511720569,optimal,5.230778778000968,28757,56534,186828
sens-lref1m,Garr200112-r0,Garr200112,trajectory,B1,21,19.78324267509815,0.4945810668774538,optimal,3.9604200260000653,28757,56534,186828
sens-lref1m,Garr200112-r0,Garr200112,trajectory,B1,22,19.141321215594814,0.4785330303898704,optimal,4.199497779001831,28757,56534,186828
sens-lref1m,Garr200112-r0,Garr200112,trajectory,B1,23,19.335252469633126,0.48338131174082816,optimal,4.273390034999466,28757,56534,186828
sens-lref1m,Garr200112-r0,Garr200112,trajectory,B1,24,20.01405043774482,0.5003512609436205,optimal,5.206164246999833,28757,56534,186828
sens-lref1m,Garr200112-r0,Garr200112,trajectory,B1,25,19.56573962634988,0.489143490658747,optimal,5.419384469998477,28757,56534,186828
sens-lref1m,Garr200112-r0,Garr200112,trajectory,B1,26,20.725083339335967,0.5181270834833992,optimal,5.019340869002917,28757,56534,186828
sens-lref1m,Garr200112-r0,Garr200112,trajectory,B1,27,20.285888043294186,0.5071472010823547,optimal,5.663681512000039,28757,56534,186828
sens-lref1m,Garr200112-r0,Garr200112,trajectory,B1,28,20.01598916705602,0.5003997291764005,optimal,4.688105139000982,28757,56534,186828
sens-lref1m,Garr200112-r0,Garr200112,trajectory,B1,29,19.720646916709835,0.4930161729177459,optimal,5.1240980660004425,28757,56534,186828
sens-lref1m,Garr200404-r0,Garr200404,trajectory,B1,0,23.8542305579226,0.596355763948065,optimal,3.81200753399753,29288,59020,195849
sens-lref1m,Garr200404-r0,Garr200404,trajectory,B1,1,22.97547803526939,0.5743869508817347,optimal,3.8031013540021377,29288,59020,195849
sens-lref1m,Garr200404-r0,Garr200404,trajectory,B1,2,23.696849174631406,0.5924212293657851,optimal,3.7396455880007125,29288,59020,195849
sens-lref1m,Garr200404-r0,Garr200404,trajectory,B1,3,22.40310920221273,0.5600777300553182,optimal,3.6602198500040686,29288,59020,195849
sens-lref1m,Garr200404-r0,Garr200404,trajectory,B1,4,22.39679774156729,0.5599199435391823,optimal,3.671172996000678,29288,59020,195849
sens-lref1m,Garr200404-r0,Garr200404,trajectory,B1,5,24.15925866149503,0.6039814665373757,optimal,3.6238882500038017,29288,59020,195849
sens-lref1m,Garr200404-r0,Garr200404,trajectory,B1,6,23.802775300811213,0.5950693825202803,optimal,3.6231047149994993,29288,59020,195849
sens-lref1m,Garr200404-r0,Garr200404,trajectory,B1,7,24.108821699711427,0.6027205424927857,optimal,3.7599502419980126,29288,59020,195849
sens-lref1m,Garr200404-r0,Garr200404,trajectory,B1,8,24.050939879213132,0.6012734969803283,optimal,3.65196470200317,29288,59020,195849
sens-lref1m,Garr200404-r0,Garr200404,trajectory,B1,9,24.007948824375024,0.6001987206093756,optimal,3.8308386290009366,29288,59020,195849
sens-lref1m,Garr200404-r0,Garr200404,trajectory,B1,10,23.363657174317332,0.5840914293579333,optimal,3.5275445570005104,29288,59020,195849
sens-lref1m,Garr200404-r0,Garr200404,trajectory,B1,11,23.55839852925175,0.5889599632312937,optimal,3.612179155003105,29288,59020,195849
sens-lref1m,Garr200404-r0,Garr200404,trajectory,B1,12,22.955023935276916,0.5738755983819229,optimal,3.7952654249966145,29288,59020,195849
sens-lref1m,Garr200404-r0,Garr200404,trajectory,B1,13,23.787924278206305,0.5946981069551576,optimal,3.650349114999699,29288,59020,195849
sens-lref1m,Garr200404-r0,Garr200404,trajectory,B1,14,23.86518732621554,0.5966296831553886,optimal,4.0848938950002776,29288,59020,195849
sens-lref1m,Garr200404-r0,Garr200404,trajectory,B1,15,22.627864567961655,0.5656966141990414,optimal,3.488479518004169,29288,59020,195849
sens-lref1m,Garr200404-r0,Garr200404,trajectory,B1,16,24.097246840185555,0.6024311710046388,optimal,3.5037945049989503,29288,59020,195849
sens-lref1m,Garr200404-r0,Garr200404,trajectory,B1,17,23.95310311345824,0.598827577836456,optimal,4.128326388003188,29288,59020,195849
sens-lref1m,Garr200404-r0,Garr200404,trajectory,B1,18,23.919155263214492,0.5979788815803623,optimal,3.7447702799981926,29288,59020,195849
sens-lref1m,Garr200404-r0,Garr200404,trajectory,B1,19,24.1906950480447,0.6047673762011174,optimal,3.869430894003017,29288,59020,195849
sens-lref1m,Garr200404-r0,Garr200404,trajectory,B1,20,23.537900858506625,0.5884475214626657,optimal,4.208698548005486,29288,59020,195849
sens-lref1m,Garr200404-r0,Garr200404,trajectory,B1,21,22.965005353505852,0.5741251338376463,optimal,3.930591229000129,29288,59020,195849
sens-lref1m,Garr200404-r0,Garr200404,trajectory,B1,22,23.22603890768528,0.580650972692132,optimal,3.8980403960013064,29288,59020,195849
sens-lref1m,Garr200404-r0,Garr200404,trajectory,B1,23,23.50156659846757,0.5875391649616892,optimal,3.6818518190048053,29288,59020,195849
sens-lref1m,Garr200404-r0,Garr200404,trajectory,B1,24,23.51964062271615,0.5879910155679038,optimal,4.382884941995144,29288,59020,195849
sens-lref1m,Garr200404-r0,Garr200404,trajectory,B1,25,24.007713532591985,0.6001928383147996,optimal,4.009891152003547,29288,59020,195849
sens-lref1m,Garr200404-r0,Garr200404,trajectory,B1,26,23.13708466263093,0.5784271165657733,optimal,3.7163913039985346,29288,59020,195849
sens-lref1m,Garr200404-r0,Garr200404,trajectory,B1,27,23.5709548388388,0.5892738709709701,optimal,3.8247217729949625,29288,59020,195849
sens-lref1m,Garr200404-r0,Garr200404,trajectory,B1,28,23.782099747874778,0.5945524936968695,optimal,3.852466127995285,29288,59020,195849
sens-lref1m,Garr200404-r0,Garr200404,trajectory,B1,29,24.310807638568246,0.6077701909642061,optimal,3.9354128330014646,29288,59020,195849
sens-lref1m,Marwan-r0,Marwan,trajectory,B1,0,12.66298452289367,0.31657461307234175,optimal,3.7540769209954306,37389,59648,224495
sens-lref1m,Marwan-r0,Marwan,trajectory,B1,1,14.16444464696251,0.35411111617406277,optimal,3.8431904230019427,37389,59648,224495
sens-lref1m,Marwan-r0,Marwan,trajectory,B1,2,12.125292166785753,0.3031323041696438,optimal,3.9154062279994832,37389,59648,224495
sens-lref1m,Marwan-r0,Marwan,trajectory,B1,3,11.855310515009897,0.29638276287524745,optimal,3.748495993000688,37389,59648,224495
sens-lref1m,Marwan-r0,Marwan,trajectory,B1,4,13.327173163001772,0.33317932907504433,optimal,3.8479359970006044,37389,59648,224495
sens-lref1m,Marwan-r0,Marwan,trajectory,B1,5,13.427075766154656,0.3356768941538664,optimal,3.7583086590020685,37389,59648,224495
sens-lref1m,Marwan-r0,Marwan,trajectory,B1,6,12.259353269489953,0.3064838317372488,optimal,3.7652337920007994,37389,59648,224495
sens-lref1m,Marwan-r0,Marwan,trajectory,B1,7,12.579229225437649,0.31448073063594123,optimal,3.7506178629992064,37389,59648,224495
sens-lref1m,Marwan-r0,Marwan,trajectory,B1,8,13.066212441799989,0.32665531104499973,optimal,3.7624925659984,37389,59648,224495
sens-lref1m,Marwan-r0,Marwan,trajectory,B1,9,12.811797851178179,0.3202949462794545,optimal,3.931367618999502,37389,59648,224495
sens-lref1m,Marwan-r0,Marwan,trajectory,B1,10,13.921532885357623,0.3480383221339406,optimal,3.9029534020010033,37389,59648,224495
sens-lref1m,Marwan-r0,Marwan,trajectory,B1,11,13.051853065156621,0.3262963266289155,optimal,4.185997902000963,37389,59648,224495
sens-lref1m,Marwan-r0,Marwan,trajectory,B1,12,12.923267560049478,0.32308168900123696,optimal,3.875116044000606,37389,59648,224495
sens-lref1m,Marwan-r0,Marwan,trajectory,B1,13,13.41110062057484,0.335277515514371,optimal,3.698883726996428,37389,59648,224495
sens-lref1m,Marwan-r0,Marwan,trajectory,B1,14,12.883130966874104,0.3220782741718526,optimal,3.9334797299961792,37389,59648,224495
sens-lref1m,Marwan-r0,Marwan,trajectory,B1,15,12.060471694232406,0.30151179235581016,optimal,3.6523408199936966,37389,59648,224495
sens-lref1m,Marwan-r0,Marwan,trajectory,B1,16,13.280204371591902,0.33200510928979754,optimal,3.7620582439994905,37389,59648,224495
sens-lref1m,Marwan-r0,Marwan,trajectory,B1,17,12.997510584269254,0.32493776460673135,optimal,4.618815950998396,37389,59648,224495
sens-lref1m,Marwan-r0,Marwan,trajectory,B1,18,13.74448744121091,0.34361218603027277,optimal,4.082411518000299,37389,59648,224495
sens-lref1m,Marwan-r0,Marwan,trajectory,B1,19,13.398670610861371,0.3349667652715343,optimal,4.5207017680004355,37389,59648,224495
sens-lref1m,Marwan-r0,Marwan,trajectory,B1,20,12.801669707875044,0.32004174269687613,optimal,4.168053103996499,37389,59648,224495
sens-lref1m,Marwan-r0,Marwan,trajectory,B1,21,13.411965748098309,0.3352991437024577,optimal,4.6007512170035625,37389,59648,224495
sens-lref1m,Marwan-r0,Marwan,trajectory,B1,22,11.964207976408725,0.2991051994102181,optimal,3.7965337190034916,37389,59648,224495
sens-lref1m,Marwan-r0,Marwan,trajectory,B1,23,13.312689441080204,0.3328172360270051,optimal,3.8940509039966855,37389,59648,224495
sens-lref1m,Marwan-r0,Marwan,trajectory,B1,24,12.694604611234105,0.31736511528085265,optimal,4.078119458004949,37389,59648,224495
sens-lref1m,Marwan-r0,Marwan,trajectory,B1,25,12.116280589971524,0.3029070147492881,optimal,3.9332214270034456,37389,59648,224495
sens-lref1m,Marwan-r0,Marwan,trajectory,B1,26,13.256710020012292,0.3314177505003073,optimal,4.19830173500668,37389,59648,224495
sens-lref1m,Marwan-r0,Marwan,trajectory,B1,27,13.60897389600915,0.3402243474002288,optimal,3.780024539002625,37389,59648,224495
sens-lref1m,Marwan-r0,Marwan,trajectory,B1,28,12.798711687865351,0.3199677921966338,optimal,4.2181580620017485,37389,59648,224495
sens-lref1m,Marwan-r0,Marwan,trajectory,B1,29,12.794475382715973,0.3198618845678993,optimal,3.7086953000034555,37389,59648,224495
sens-lref500k,Agis-r0,Agis,trajectory,B1,0,20.157000007595546,0.5039250001898886,optimal,2.34064734599815,32101,55609,206026
sens-lref500k,Agis-r0,Agis,trajectory,B1,1,20.65880023354399,0.5164700058385997,optimal,2.4631761780037777,32101,55609,206026
sens-lref500k,Agis-r0,Agis,trajectory,B1,2,20.94439947764327,0.5236099869410817,optimal,2.3563063359979424,32101,55609,206026
sens-lref500k,Agis-r0,Agis,trajectory,B1,3,20.117358946311672,0.5029339736577918,optimal,2.200740264997876,32101,55609,206026
sens-lref500k,Agis-r0,Agis,trajectory,B1,4,20.272476174378696,0.5068119043594674,optimal,2.1956852750008693,32101,55609,206026
sens-lref500k,Agis-r0,Agis,trajectory,B1,5,20.107466317740606,0.5026866579435152,optimal,2.1038839029934024,32101,55609,206026
sens-lref500k,Agis-r0,Agis,trajectory,B1,6,20.207912960406674,0.5051978240101669,optimal,2.1479662979982095,32101,55609,206026
sens-lref500k,Agis-r0,Agis,trajectory,B1,7,20.315335581163925,0.5078833895290982,optimal,2.2307640290018753,32101,55609,206026
sens-lref500k,Agis-r0,Agis,trajectory,B1,8,20.638918775301967,0.5159729693825492,optimal,2.8889611400009017,32101,55609,206026
sens-lref500k,Agis-r0,Agis,trajectory,B1,9,20.347183074198842,0.508679576854971,optimal,2.4226536780042807,32101,55609,206026
sens-lref500k,Agis-r0,Agis,trajectory,B1,10,20.45097142574683,0.5112742856436707,optimal,2.2179223950006417,32101,55609,206026
sens-lref500k,Agis-r0,Agis,trajectory,B1,11,20.447697318362458,0.5111924329590615,optimal,2.1786492850005743,32101,55609,206026
sens-lref500k,Agis-r0,Agis,trajectory,B1,12,20.213860622555128,0.5053465155638782,optimal,2.162173807999352,32101,55609,206026
sens-lref500k,Agis-r0,Agis,trajectory,B1,13,20.014573903587067,0.5003643475896766,optimal,2.4907936379968305,32101,55609,206026
sens-lref500k,Agis-r0,Agis,trajectory,B1,14,20.16773637627235,0.5041934094068088,optimal,2.1610809229969163,32101,55609,206026
sens-lref500k,Agis-r0,Agis,trajectory,B1,15,20.496809810563636,0.5124202452640909,optimal,2.408959803004109,32101,55609,206026
sens-lref500k,Agis-r0,Agis,trajectory,B1,16,20.328264018258174,0.5082066004564544,optimal,2.4086572880041786,32101,55609,206026
sens-lref500k,Agis-r0,Agis,trajectory,B1,17,20.168367788066814,0.5042091947016704,optimal,2.539191761999973,32101,55609,206026
sens-lref500k,Agis-r0,Agis,trajectory,B1,18,20.124120710678703,0.5031030177669675,optimal,2.3081182580062887,32101,55609,206026
sens-lref500k,Agis-r0,Agis,trajectory,B1,19,20.074426606111068,0.5018606651527767,optimal,2.283154069999,32101,55609,206026
sens-lref500k,Agis-r0,Agis,trajectory,B1,20,20.024607570569664,0.5006151892642416,optimal,2.2575096969958395,32101,55609,206026
sens-lref500k,Agis-r0,Agis,trajectory,B1,21,20.32681245397884,0.508170311349471,optimal,2.7199992349997046,32101,55609,206026
sens-lref500k,Agis-r0,Agis,trajectory,B1,22,20.80217269270716,0.520054317317679,optimal,2.4127756399975624,32101,55609,206026
sens-lref500k,Agis-r0,Agis,trajectory,B1,23,20.24294163216739,0.5060735408041848,optimal,2.4304329570004484,32101,55609,206026
sens-lref500k,Agis-r0,Agis,trajectory,B1,24,20.754880178975615,0.5188720044743904,optimal,2.417058728002303,32101,55609,206026
sens-lref500k,Agis-r0,Agis,trajectory,B1,25,19.99796996745516,0.49994924918637895,optimal,2.2849263840034837,32101,55609,206026
sens-lref500k,Agis-r0,Agis,trajectory,B1,26,19.827242855722176,0.4956810713930544,optimal,2.5762036599990097,32101,55609,206026
sens-lref500k,Agis-r0,Agis,trajectory,B1,27,20.816832622862684,0.520420815571567,optimal,2.5164413250022335,32101,55609,206026
sens-lref500k,Agis-r0,Agis,trajectory,B1,28,19.835884245242212,0.4958971061310553,optimal,2.2937534770026105,32101,55609,206026
sens-lref500k,Agis-r0,Agis,trajectory,B1,29,19.997927241524817,0.49994818103812044,optimal,2.5312208459945396,32101,55609,206026
sens-lref500k,Belnet2008-r0,Belnet2008,trajectory,B1,0,25.566944561263384,0.6391736140315846,optimal,2.9837946059997194,31199,60004,197622
sens-lref500k,Belnet2008-r0,Belnet2008,trajectory,B1,1,24.804459221344477,0.6201114805336119,optimal,3.285658416993101,31199,60004,197622
sens-lref500k,Belnet2008-r0,Belnet2008,trajectory,B1,2,24.984393357615193,0.6246098339403798,optimal,2.901705419004429,31199,60004,197622
sens-lref500k,Belnet2008-r0,Belnet2008,trajectory,B1,3,25.435003542145488,0.6358750885536372,optimal,3.073518295001122,31199,60004,197622
sens-lref500k,Belnet2008-r0,Belnet2008,trajectory,B1,4,25.208479443876683,0.6302119860969171,optimal,2.940671297001245,31199,60004,197622
sens-lref500k,Belnet2008-r0,Belnet2008,trajectory,B1,5,25.2527542972435,0.6313188574310875,optimal,2.992256700003054,31199,60004,197622
sens-lref500k,Belnet2008-r0,Belnet2008,trajectory,B1,6,25.011186833706045,0.6252796708426511,optimal,3.022558807999303,31199,60004,197622
sens-lref500k,Belnet2008-r0,Belnet2008,trajectory,B1,7,24.82070314598416,0.620517578649604,optimal,3.2702101039976696,31199,60004,197622
sens-lref500k,Belnet2008-r0,Belnet2008,trajectory,B1,8,25.369974799734894,0.6342493699933723,optimal,2.9077244639993296,31199,60004,197622
sens-lref500k,Belnet2008-r0,Belnet2008,trajectory,B1,9,25.40055586863543,0.6350138967158857,optimal,3.481990036998468,31199,60004,197622
sens-lref500k,Belnet2008-r0,Belnet2008,trajectory,B1,10,25.86187866191108,0.646546966547777,optimal,3.494521446998988,31199,60004,197622
sens-lref500k,Belnet2008-r0,Belnet2008,trajectory,B1,11,25.716837990142764,0.6429209497535691,optimal,3.196065551004722,31199,60004,197622
sens-lref500k,Belnet2008-r0,Belnet2008,trajectory,B1,12,25.843308506351196,0.6460827126587799,optimal,3.0901009340013843,31199,60004,197622
sens-lref500k,Belnet2008-r0,Belnet2008,trajectory,B1,13,25.77624385844821,0.6444060964612053,optimal,3.4174856890022056,31199,60004,197622
sens-lref500k,Belnet2008-r0,Belnet2008,trajectory,B1,14,25.38407393885406,0.6346018484713515,optimal,3.150011566001922,31199,60004,197622
sens-lref500k,Belnet2008-r0,Belnet2008,trajectory,B1,15,25.331400172615755,0.6332850043153939,optimal,3.1424867819951032,31199,60004,197622
sens-lref500k,Belnet2008-r0,Belnet2008,trajectory,B1,16,26.099827663466613,0.6524956915866653,optimal,3.0967853760012076,31199,60004,197622
sens-lref500k,Belnet2008-r0,Belnet2008,trajectory,B1,17,24.947640358047188,0.6236910089511797,optimal,3.1116133439936675,31199,60004,197622
sens-lref500k,Belnet2008-r0,Belnet2008,trajectory,B1,18,25.351691619752607,0.6337922904938151,optimal,3.062566661996243,31199,60004,197622
sens-lref500k,Belnet2008-r0,Belnet2008,trajectory,B1,19,25.685900923160574,0.6421475230790143,optimal,3.183534799994959,31199,60004,197622
sens-lref500k,Belnet2008-r0,Belnet2008,trajectory,B1,20,24.68855001698233,0.6172137504245583,optimal,3.1309351970048738,31199,60004,197622
sens-lref500k,Belnet2008-r0,Belnet2008,trajectory,B1,21,25.231059554000023,0.6307764888500006,optimal,3.090329382001073,31199,60004,197622
sens-lref500k,Belnet2008-r0,Belnet2008,trajectory,B1,22,25.44733947709719,0.6361834869274298,optimal,3.7204381430055946,31199,60004,197622
sens-lref500k,Belnet2008-r0,Belnet2008,trajectory,B1,23,24.954034321688304,0.6238508580422076,optimal,2.8322881729982328,31199,60004,197622
sens-lref500k,Belnet2008-r0,Belnet2008,trajectory,B1,24,25.00909214210664,0.625227303552666,optimal,3.0241471659974195,31199,60004,197622
sens-lref500k,Belnet2008-r0,Belnet2008,trajectory,B1,25,25.76687327726319,0.6441718319315798,optimal,3.3865835720062023,31199,60004,197622
sens-lref500k,Belnet2008-r0,Belnet2008,trajectory,B1,26,25.22538614890243,0.6306346537225608,optimal,3.5457060000044294,31199,60004,197622
sens-lref500k,Belnet2008-r0,Belnet2008,trajectory,B1,27,25.295383020533382,0.6323845755133346,optimal,3.198958097003924,31199,60004,197622
sens-lref500k,Belnet2008-r0,Belnet2008,trajectory,B1,28,25.148953472515057,0.6287238368128765,optimal,2.8776630830034264,31199,60004,197622
sens-lref500k,Belnet2008-r0,Belnet2008,trajectory,B1,29,25.20768808306789,0.6301922020766972,optimal,2.902074468001956,31199,60004,197622
sens-lref500k,BsonetEurope-r0,BsonetEurope,trajectory,B1,0,26.594730170323874,0.6648682542580968,optimal,5.384290571004385,37509,63422,226757
sens-lref500k,BsonetEurope-r0,BsonetEurope,trajectory,B1,1,25.719057662647373,0.6429764415661843,optimal,3.9350499950014637,37509,63422,226757
sens-lref500k,BsonetEurope-r0,BsonetEurope,trajectory,B1,2,25.68768709724671,0.6421921774311677,optimal,4.826576013001613,37509,63422,226757
sens-lref500k,BsonetEurope-r0,BsonetEurope,trajectory,B1,3,25.774908077911345,0.6443727019477836,optimal,4.193227217001549,37509,63422,226757
sens-lref500k,BsonetEurope-r0,BsonetEurope,trajectory,B1,4,27.14388997487045,0.6785972493717612,optimal,7.147441945999162,37509,63422,226757
sens-lref500k,BsonetEurope-r0,BsonetEurope,trajectory,B1,5,25.882784211932716,0.6470696052983179,optimal,4.6296568530015065,37509,63422,226757
sens-lref500k,BsonetEurope-r0,BsonetEurope,trajectory,B1,6,25.550984700178667,0.6387746175044666,optimal,4.753938589994505,37509,63422,226757
sens-lref500k,BsonetEurope-r0,BsonetEurope,trajectory,B1,7,25.86426812021355,0.6466067030053387,optimal,4.689091720996657,37509,63422,226757
sens-lref500k,BsonetEurope-r0,BsonetEurope,trajectory,B1,8,25.296496818873592,0.6324124204718398,optimal,4.146138709002116,37509,63422,226757
sens-lref500k,BsonetEurope-r0,BsonetEurope,trajectory,B1,9,25.661630930552235,0.6415407732638059,optimal,5.541391717000806,37509,63422,226757
sens-lref500k,BsonetEurope-r0,BsonetEurope,trajectory,B1,10,25.300675557830424,0.6325168889457606,optimal,4.652170419998583,37509,63422,226757
sens-lref500k,BsonetEurope-r0,BsonetEurope,trajectory,B1,11,25.641892619263604,0.6410473154815901,optimal,5.1772124679991975,37509,63422,226757
sens-lref500k,BsonetEurope-r0,BsonetEurope,trajectory,B1,12,25.79029998990508,0.644757499747627,optimal,5.812341662996914,37509,63422,226757
sens-lref500k,BsonetEurope-r0,BsonetEurope,trajectory,B1,13,26.306560025429672,0.6576640006357418,optimal,4.663919058002648,37509,63422,226757
sens-lref500k,BsonetEurope-r0,BsonetEurope,trajectory,B1,14,26.754958212410394,0.6688739553102598,optimal,5.613016599003458,37509,63422,226757
sens-lref500k,BsonetEurope-r0,BsonetEurope,trajectory,B1,15,26.530737458224255,0.6632684364556064,optimal,4.8962863519991515,37509,63422,226757
sens-lref500k,BsonetEurope-r0,BsonetEurope,trajectory,B1,16,26.421491461796673,0.6605372865449168,optimal,5.9527423519975855,37509,63422,226757
sens-lref500k,BsonetEurope-r0,BsonetEurope,trajectory,B1,17,26.996359679043177,0.6749089919760795,optimal,5.168070397005067,37509,63422,226757
sens-lref500k,BsonetEurope-r0,BsonetEurope,trajectory,B1,18,25.75607142869039,0.6439017857172598,optimal,5.750294278004731,37509,63422,226757
sens-lref500k,BsonetEurope-r0,BsonetEurope,trajectory,B1,19,26.795835716055663,0.6698958929013916,optimal,5.118635075996281,37509,63422,226757
sens-lref500k,BsonetEurope-r0,BsonetEurope,trajectory,B1,20,26.6564814496055,0.6664120362401376,optimal,5.436325697002758,37509,63422,226757
sens-lref500k,BsonetEurope-r0,BsonetEurope,trajectory,B1,21,26.558793093018856,0.6639698273254714,optimal,5.1299342999991495,37509,63422,226757
sens-lref500k,BsonetEurope-r0,BsonetEurope,trajectory,B1,22,26.225824788826525,0.6556456197206632,optimal,6.09659550699871,37509,63422,226757
sens-lref500k,BsonetEurope-r0,BsonetEurope,trajectory,B1,23,25.917584366096218,0.6479396091524054,optimal,4.598995218999335,37509,63422,226757
sens-lref500k,BsonetEurope-r0,BsonetEurope,trajectory,B1,24,25.19028078881963,0.6297570197204908,optimal,4.586630681995302,37509,63422,226757
sens-lref500k,BsonetEurope-r0,BsonetEurope,trajectory,B1,25,25.933613940682704,0.6483403485170676,optimal,4.629603834000591,37509,63422,226757
sens-lref500k,BsonetEurope-r0,BsonetEurope,trajectory,B1,26,26.532702858787957,0.6633175714696989,optimal,5.3072904069995275,37509,63422,226757
sens-lref500k,BsonetEurope-r0,BsonetEurope,trajectory,B1,27,25.52446167738746,0.6381115419346866,optimal,4.583857183002692,37509,63422,226757
sens-lref500k,BsonetEurope-r0,BsonetEurope,trajectory,B1,28,26.92408204661653,0.6731020511654132,optimal,5.160097978005069,37509,63422,226757
sens-lref500k,BsonetEurope-r0,BsonetEurope,trajectory,B1,29,25.62618001248552,0.640654500312138,optimal,5.851067632997001,37509,63422,226757
sens-lref500k,BtNorthAmerica-r0,BtNorthAmerica,trajectory,B1,0,19.544575177858285,0.48861437944645714,optimal,3.7045599240009324,36497,65188,226866
sens-lref500k,BtNorthAmerica-r0,BtNorthAmerica,trajectory,B1,1,21.059084360863306,0.5264771090215826,optimal,3.436789624996891,36497,65188,226866
sens-lref500k,BtNorthAmerica-r0,BtNorthAmerica,trajectory,B1,2,19.754989372131938,0.4938747343032984,optimal,3.410720569998375,36497,65188,226866
sens-lref500k,BtNorthAmerica-r0,BtNorthAmerica,trajectory,B1,3,19.53409922618843,0.48835248065471076,optimal,4.10819131199969,36497,65188,226866
sens-lref500k,BtNorthAmerica-r0,BtNorthAmerica,trajectory,B1,4,19.347401254547453,0.48368503136368635,optimal,3.48147187900031,36497,65188,226866
sens-lref500k,BtNorthAmerica-r0,BtNorthAmerica,trajectory,B1,5,19.6693899402708,0.49173474850677,optimal,3.4649515970013454,36497,65188,226866
sens-lref500k,BtNorthAmerica-r0,BtNorthAmerica,trajectory,B1,6,19.27290577202874,0.4818226443007185,optimal,3.506451274995925,36497,65188,226866
sens-lref500k,BtNorthAmerica-r0,BtNorthAmerica,trajectory,B1,7,19.260472430094392,0.4815118107523598,optimal,3.676924663996033,36497,65188,226866
sens-lref500k,BtNorthAmerica-r0,BtNorthAmerica,trajectory,B1,8,19.975435162500055,0.49938587906250137,optimal,3.589620027996716,36497,65188,226866
sens-lref500k,BtNorthAmerica-r0,BtNorthAmerica,trajectory,B1,9,20.551261563855462,0.5137815390963866,optimal,3.305274331003602,36497,65188,226866
sens-lref500k,BtNorthAmerica-r0,BtNorthAmerica,trajectory,B1,10,19.207381113545125,0.48018452783862814,optimal,3.420128656005545,36497,65188,226866
sens-lref500k,BtNorthAmerica-r0,BtNorthAmerica,trajectory,B1,11,19.877506944301217,0.49693767360753044,optimal,3.8907618380035274,36497,65188,226866
sens-lref500k,BtNorthAmerica-r0,BtNorthAmerica,trajectory,B1,12,20.46048984349254,0.5115122460873135,optimal,3.377700613003981,36497,65188,226866
sens-lref500k,BtNorthAmerica-r0,BtNorthAmerica,trajectory,B1,13,20.188763370047425,0.5047190842511856,optimal,3.4320479949965375,36497,65188,226866
sens-lref500k,BtNorthAmerica-r0,BtNorthAmerica,trajectory,B1,14,19.506486833116575,0.4876621708279144,optimal,3.564471732999664,36497,65188,226866
sens-lref500k,BtNorthAmerica-r0,BtNorthAmerica,trajectory,B1,15,18.94399700611814,0.47359992515295346,optimal,3.4716641970007913,36497,65188,226866
sens-lref500k,BtNorthAmerica-r0,BtNorthAmerica,trajectory,B1,16,19.521086988253252,0.4880271747063313,optimal,3.3170008180022705,36497,65188,226866
sens-lref500k,BtNorthAmerica-r0,BtNorthAmerica,trajectory,B1,17,19.435839430516467,0.48589598576291165,optimal,3.996426830999553,36497,65188,226866
sens-lref500k,BtNorthAmerica-r0,BtNorthAmerica,trajectory,B1,18,19.035176511493397,0.4758794127873349,optimal,3.490773369994713,36497,65188,226866
sens-lref500k,BtNorthAmerica-r0,BtNorthAmerica,trajectory,B1,19,19.861072026187475,0.4965268006546869,optimal,3.356023398999241,36497,65188,226866
sens-lref500k,BtNorthAmerica-r0,BtNorthAmerica,trajectory,B1,20,19.91373134544674,0.49784328363616853,optimal,3.318095235998044,36497,65188,226866
sens-lref500k,BtNorthAmerica-r0,BtNorthAmerica,trajectory,B1,21,19.505130190366163,0.48762825475915406,optimal,3.406893177998427,36497,65188,226866
sens-lref500k,BtNorthAmerica-r0,BtNorthAmerica,trajectory,B1,22,19.318865767600848,0.4829716441900212,optimal,3.3255075460037915,36497,65188,226866
sens-lref500k,BtNorthAmerica-r0,BtNorthAmerica,trajectory,B1,23,20.654681496968543,0.5163670374242135,optimal,3.494874632000574,36497,65188,226866
sens-lref500k,BtNorthAmerica-r0,BtNorthAmerica,trajectory,B1,24,19.687991353785467,0.4921997838446367,optimal,3.382731457000773,36497,65188,226866
sens-lref500k,BtNorthAmerica-r0,BtNorthAmerica,trajectory,B1,25,19.131955581840277,0.4782988895460069,optimal,3.6235919450045913,36497,65188,226866
sens-lref500k,BtNorthAmerica-r0,BtNorthAmerica,trajectory,B1,26,19.684340357052317,0.4921085089263079,optimal,3.3336443770022015,36497,65188,226866
sens-lref500k,BtNorthAmerica-r0,BtNorthAmerica,trajectory,B1,27,20.043271325455446,0.5010817831363862,optimal,3.5514645319999545,36497,65188,226866
sens-lref500k,BtNorthAmerica-r0,BtNorthAmerica,trajectory,B1,28,18.79449919793004,0.46986247994825103,optimal,3.180430988999433,36497,65188,226866
sens-lref500k,BtNorthAmerica-r0,BtNorthAmerica,trajectory,B1,29,19.77451700442311,0.4943629251105778,optimal,3.712495644998853,36497,65188,226866
sens-lref500k,Cesnet200603-r0,Cesnet200603,trajectory,B1,0,19.903864563817045,0.4975966140954261,optimal,3.0700667060009437,38184,69417,235358
sens-lref500k,Cesnet200603-r0,Cesnet200603,trajectory,B1,1,20.809106196473003,0.5202276549118251,optimal,3.1739788849954493,38184,69417,235358
sens-lref500k,Cesnet200603-r0,Cesnet200603,trajectory,B1,2,20.280559874504775,0.5070139968626194,optimal,2.9809965020031086,38184,69417,235358
sens-lref500k,Cesnet200603-r0,Cesnet200603,trajectory,B1,3,20.156476384651427,0.5039119096162856,optimal,2.987133458998869,38184,69417,235358
sens-lref500k,Cesnet200603-r0,Cesnet200603,trajectory,B1,4,20.37389927844139,0.5093474819610347,optimal,3.098996011001873,38184,69417,235358
sens-lref500k,Cesnet200603-r0,Cesnet200603,trajectory,B1,5,20.349917903829656,0.5087479475957414,optimal,3.3994777699990664,38184,69417,235358
sens-lref500k,Cesnet200603-r0,Cesnet200603,trajectory,B1,6,20.000152149534852,0.5000038037383713,optimal,2.816004881999106,38184,69417,235358
sens-lref500k,Cesnet200603-r0,Cesnet200603,trajectory,B1,7,20.43299109446333,0.5108247773615833,optimal,5.9385102430023835,38184,69417,235358
sens-lref500k,Cesnet200603-r0,Cesnet200603,trajectory,B1,8,20.47217011881623,0.5118042529704058,optimal,3.373570636002114,38184,69417,235358
sens-lref500k,Cesnet200603-r0,Cesnet200603,trajectory,B1,9,20.099590334250326,0.5024897583562582,optimal,3.2897471460019005,38184,69417,235358
sens-lref500k,Cesnet200603-r0,Cesnet200603,trajectory,B1,10,20.54708870643929,0.5136772176609823,optimal,4.902348249997885,38184,69417,235358
sens-lref500k,Cesnet200603-r0,Cesnet200603,trajectory,B1,11,20.32187689481435,0.5080469223703588,optimal,3.411212389000866,38184,69417,235358
sens-lref500k,Cesnet200603-r0,Cesnet200603,trajectory,B1,12,20.301785252158123,0.5075446313039531,optimal,3.084003046002181,38184,69417,235358
sens-lref500k,Cesnet200603-r0,Cesnet200603,trajectory,B1,13,20.80380649701851,0.5200951624254627,optimal,4.1383886730036465,38184,69417,235358
sens-lref500k,Cesnet200603-r0,Cesnet200603,trajectory,B1,14,20.304743796570424,0.5076185949142606,optimal,3.219252465001773,38184,69417,235358
sens-lref500k,Cesnet200603-r0,Cesnet200603,trajectory,B1,15,19.98754210044727,0.49968855251118177,optimal,3.008758425996348,38184,69417,235358
sens-lref500k,Cesnet200603-r0,Cesnet200603,trajectory,B1,16,19.990404690764244,0.4997601172691061,optimal,3.6305076139979064,38184,69417,235358
sens-lref500k,Cesnet200603-r0,Cesnet200603,trajectory,B1,17,19.471325609449675,0.48678314023624186,optimal,3.180783005002013,38184,69417,235358
sens-lref500k,Cesnet200603-r0,Cesnet200603,trajectory,B1,18,19.889858512037566,0.49724646280093915,optimal,3.6006496920017526,38184,69417,235358
sens-lref500k,Cesnet200603-r0,Cesnet200603,trajectory,B1,19,20.33032352064782,0.5082580880161955,optimal,3.6217719320047763,38184,69417,235358
sens-lref500k,Cesnet200603-r0,Cesnet200603,trajectory,B1,20,20.567905083723865,0.5141976270930966,optimal,3.564852609000809,38184,69417,235358
sens-lref500k,Cesnet200603-r0,Cesnet200603,trajectory,B1,21,20.355861701918222,0.5088965425479556,optimal,3.1409315779965254,38184,69417,235358
sens-lref500k,Cesnet200603-r0,Cesnet200603,trajectory,B1,22,20.19003819081581,0.5047509547703952,optimal,3.6021969950015773,38184,69417,235358
sens-lref500k,Cesnet200603-r0,Cesnet200603,trajectory,B1,23,19.968696160228408,0.4992174040057102,optimal,3.284099628996046,38184,69417,235358
sens-lref500k,Cesnet200603-r0,Cesnet200603,trajectory,B1,24,20.309032403074763,0.5077258100768691,optimal,3.899158050000551,38184,69417,235358
sens-lref500k,Cesnet200603-r0,Cesnet200603,trajectory,B1,25,20.372935329231495,0.5093233832307874,optimal,3.4258573379993322,38184,69417,235358
sens-lref500k,Cesnet200603-r0,Cesnet200603,trajectory,B1,26,20.099595803069928,0.5024898950767482,optimal,3.7643301889984286,38184,69417,235358
sens-lref500k,Cesnet200603-r0,Cesnet200603,trajectory,B1,27,20.37699794100798,0.5094249485251995,optimal,3.065325629999279,38184,69417,235358
sens-lref500k,Cesnet200603-r0,Cesnet200603,trajectory,B1,28,20.763713071936387,0.5190928267984096,optimal,3.3857899520007777,38184,69417,235358
sens-lref500k,Cesnet200603-r0,Cesnet200603,trajectory,B1,29,19.844489881989567,0.49611224704973916,optimal,3.215958494998631,38184,69417,235358
sens-lref500k,Digex-r0,Digex,trajectory,B1,0,20.38751496520964,0.509687874130241,optimal,7.009080998999707,62157,95592,314462
sens-lref500k,Digex-r0,Digex,trajectory,B1,1,21.588042818306675,0.5397010704576669,optimal,6.330340584005171,62157,95592,314462
sens-lref500k,Digex-r0,Digex,trajectory,B1,2,21.85651696377044,0.546412924094261,optimal,5.938571529004548,62157,95592,314462
sens-lref500k,Digex-r0,Digex,trajectory,B1,3,21.41954019799826,0.5354885049499565,optimal,6.530591837996326,62157,95592,314462
sens-lref500k,Digex-r0,Digex,trajectory,B1,4,22.04647970870984,0.551161992717746,optimal,6.259268765003071,62157,95592,314462
sens-lref500k,Digex-r0,Digex,trajectory,B1,5,20.8802606099666,0.5220065152491651,optimal,6.922859737002,62157,95592,314462
sens-lref500k,Digex-r0,Digex,trajectory,B1,6,21.463747919665817,0.5365936979916455,optimal,6.294169321001391,62157,95592,314462
sens-lref500k,Digex-r0,Digex,trajectory,B1,7,20.96785853064349,0.5241964632660873,optimal,5.960558819999278,62157,95592,314462
sens-lref500k,Digex-r0,Digex,trajectory,B1,8,21.367736354933072,0.5341934088733268,optimal,6.172528226001305,62157,95592,314462
sens-lref500k,Digex-r0,Digex,trajectory,B1,9,21.385998669501124,0.5346499667375281,optimal,6.026699254005507,62157,95592,314462
sens-lref500k,Digex-r0,Digex,trajectory,B1,10,20.36883672648885,0.5092209181622213,optimal,6.357527728003333,62157,95592,314462
sens-lref500k,Digex-r0,Digex,trajectory,B1,11,20.576218811603614,0.5144054702900903,optimal,6.117438850997132,62157,95592,314462
sens-lref500k,Digex-r0,Digex,trajectory,B1,12,22.22248127657582,0.5555620319143955,optimal,6.772286104998784,62157,95592,314462
sens-lref500k,Digex-r0,Digex,trajectory,B1,13,21.542099876465496,0.5385524969116374,optimal,5.9249645070012775,62157,95592,314462
sens-lref500k,Digex-r0,Digex,trajectory,B1,14,20.503604450570666,0.5125901112642667,optimal,6.879877576997387,62157,95592,314462
sens-lref500k,Digex-r0,Digex,trajectory,B1,15,21.349934232185124,0.5337483558046281,optimal,5.9295575939977425,62157,95592,314462
sens-lref500k,Digex-r0,Digex,trajectory,B1,16,21.41227332222929,0.5353068330557322,optimal,7.145262694000849,62157,95592,314462
sens-lref500k,Digex-r0,Digex,trajectory,B1,17,22.501876623444016,0.5625469155861004,optimal,7.378319497998746,62157,95592,314462
sens-lref500k,Digex-r0,Digex,trajectory,B1,18,20.809418306991553,0.5202354576747888,optimal,6.145727275994432,62157,95592,314462
sens-lref500k,Digex-r0,Digex,trajectory,B1,19,20.304913126277174,0.5076228281569294,optimal,7.1601417120036785,62157,95592,314462
sens-lref500k,Digex-r0,Digex,trajectory,B1,20,21.179752569382448,0.5294938142345612,optimal,6.595251105994976,62157,95592,314462
sens-lref500k,Digex-r0,Digex,trajectory,B1,21,20.548189868595898,0.5137047467148974,optimal,6.155575167998904,62157,95592,314462
sens-lref500k,Digex-r0,Digex,trajectory,B1,22,21.29302760083083,0.5323256900207707,optimal,6.781286989004002,62157,95592,314462
sens-lref500k,Digex-r0,Digex,trajectory,B1,23,20.706180940464687,0.5176545235116172,optimal,6.589107537001837,62157,95592,314462
sens-lref500k,Digex-r0,Digex,trajectory,B1,24,21.16184435308521,0.5290461088271303,optimal,6.199406567000551,62157,95592,314462
sens-lref500k,Digex-r0,Digex,trajectory,B1,25,22.29113922046453,0.5572784805116132,optimal,6.769202884999686,62157,95592,314462
sens-lref500k,Digex-r0,Digex,trajectory,B1,26,21.53324109315336,0.538331027328834,optimal,6.999803418999363,62157,95592,314462
sens-lref500k,Digex-r0,Digex,trajectory,B1,27,20.793787519714204,0.5198446879928551,optimal,6.7954781360022025,62157,95592,314462
sens-lref500k,Digex-r0,Digex,trajectory,B1,28,22.003739041976953,0.5500934760494238,optimal,6.144830586999888,62157,95592,314462
sens-lref500k,Digex-r0,Digex,trajectory,B1,29,21.39580614566573,0.5348951536416433,optimal,6.564465718001884,62157,95592,314462
sens-lref500k,Easynet-r0,Easynet,trajectory,B1,0,9.092681189808253,0.22731702974520634,optimal,2.9420193350015325,37198,61128,228553
sens-lref500k,Easynet-r0,Easynet,trajectory,B1,1,8.946833083099934,0.22367082707749836,optimal,2.93179504499858,37198,61128,228553
sens-lref500k,Easynet-r0,Easynet,trajectory,B1,2,8.098416357729825,0.20246040894324563,optimal,2.82147858600365,37198,61128,228553
sens-lref500k,Easynet-r0,Easynet,trajectory,B1,3,8.641273592789501,0.21603183981973753,optimal,3.415305595000973,37198,61128,228553
sens-lref500k,Easynet-r0,Easynet,trajectory,B1,4,8.591097185024713,0.21477742962561783,optimal,2.8701462949975394,37198,61128,228553
sens-lref500k,Easynet-r0,Easynet,trajectory,B1,5,9.16027207362377,0.22900680184059424,optimal,2.8470395620024647,37198,61128,228553
sens-lref500k,Easynet-r0,Easynet,trajectory,B1,6,8.891513130667652,0.2222878282666913,optimal,3.188149217996397,37198,61128,228553
sens-lref500k,Easynet-r0,Easynet,trajectory,B1,7,9.993768528944127,0.24984421322360317,optimal,2.8278815869998652,37198,61128,228553
sens-lref500k,Easynet-r0,Easynet,trajectory,B1,8,9.41948764437727,0.23548719110943175,optimal,2.990365281999402,37198,61128,228553
sens-lref500k,Easynet-r0,Easynet,trajectory,B1,9,8.614136337874053,0.2153534084468513,optimal,3.0492095480003627,37198,61128,228553
sens-lref500k,Easynet-r0,Easynet,trajectory,B1,10,8.906446536579002,0.22266116341447506,optimal,3.1478981679974822,37198,61128,228553
sens-lref500k,Easynet-r0,Easynet,trajectory,B1,11,8.74123665479883,0.21853091636997074,optimal,2.921749888002523,37198,61128,228553
sens-lref500k,Easynet-r0,Easynet,trajectory,B1,12,9.150443785285319,0.22876109463213296,optimal,3.146868574003747,37198,61128,228553
sens-lref500k,Easynet-r0,Easynet,trajectory,B1,13,8.296043659856664,0.2074010914964166,optimal,3.2090404219998163,37198,61128,228553
sens-lref500k,Easynet-r0,Easynet,trajectory,B1,14,9.773851634624533,0.24434629086561332,optimal,3.031643552996684,37198,61128,228553
sens-lref500k,Easynet-r0,Easynet,trajectory,B1,15,8.883260030640342,0.22208150076600855,optimal,3.195799489003548,37198,61128,228553
sens-lref500k,Easynet-r0,Easynet,trajectory,B1,16,8.355925527562075,0.20889813818905187,optimal,3.2435065590034355,37198,61128,228553
sens-lref500k,Easynet-r0,Easynet,trajectory,B1,17,9.341192936208374,0.23352982340520936,optimal,3.1604567850008607,37198,61128,228553
sens-lref500k,Easynet-r0,Easynet,trajectory,B1,18,8.814614713032606,0.22036536782581514,optimal,3.1899025309976423,37198,61128,228553
sens-lref500k,Easynet-r0,Easynet,trajectory,B1,19,8.742129100832807,0.21855322752082018,optimal,2.875859045998368,37198,61128,228553
sens-lref500k,Easynet-r0,Easynet,trajectory,B1,20,9.186426151948297,0.22966065379870743,optimal,3.6181907470017904,37198,61128,228553
sens-lref500k,Easynet-r0,Easynet,trajectory,B1,21,8.44030213676722,0.2110075534191805,optimal,2.871675096997933,37198,61128,228553
sens-lref500k,Easynet-r0,Easynet,trajectory,B1,22,8.549396050899556,0.2137349012724889,optimal,3.6220563750030124,37198,61128,228553
sens-lref500k,Easynet-r0,Easynet,trajectory,B1,23,8.68377592546086,0.2170943981365215,optimal,2.8691882359999,37198,61128,228553
sens-lref500k,Easynet-r0,Easynet,trajectory,B1,24,8.829507062493251,0.2207376765623313,optimal,3.9447724919955363,37198,61128,228553
sens-lref500k,Easynet-r0,Easynet,trajectory,B1,25,8.644273498367799,0.21610683745919496,optimal,3.0209898530010832,37198,61128,228553
sens-lref500k,Easynet-r0,Easynet,trajectory,B1,26,8.574623427875165,0.21436558569687914,optimal,3.191295974997047,37198,61128,228553
sens-lref500k,Easynet-r0,Easynet,trajectory,B1,27,8.919392415498493,0.22298481038746232,optimal,3.637106241003494,37198,61128,228553
sens-lref500k,Easynet-r0,Easynet,trajectory,B1,28,8.757798732500676,0.21894496831251692,optimal,2.933860620003543,37198,61128,228553
sens-lref500k,Easynet-r0,Easynet,trajectory,B1,29,8.55947840889966,0.21398696022249147,optimal,3.095338710998476,37198,61128,228553
sens-lref500k,Garr200112-r0,Garr200112,trajectory,B1,0,23.94369588549039,0.5985923971372598,optimal,2.6969144710019464,29206,56527,187996
sens-lref500k,Garr200112-r0,Garr200112,trajectory,B1,1,23.073735904558678,0.576843397613967,optimal,2.7789410650002537,29206,56527,187996
sens-lref500k,Garr200112-r0,Garr200112,trajectory,B1,2,22.27830943424056,0.5569577358560139,optimal,3.047168598997814,29206,56527,187996
sens-lref500k,Garr200112-r0,Garr200112,trajectory,B1,3,23.913574934879414,0.5978393733719853,optimal,3.262406555993948,29206,56527,187996
sens-lref500k,Garr200112-r0,Garr200112,trajectory,B1,4,23.557148938209934,0.5889287234552484,optimal,3.5202258979988983,29206,56527,187996
sens-lref500k,Garr200112-r0,Garr200112,trajectory,B1,5,23.317137883496958,0.582928447087424,optimal,2.7547141129980446,29206,56527,187996
sens-lref500k,Garr200112-r0,Garr200112,trajectory,B1,6,23.155014608763906,0.5788753652190977,optimal,3.519011964999663,29206,56527,187996
sens-lref500k,Garr200112-r0,Garr200112,trajectory,B1,7,23.344286788699243,0.5836071697174811,optimal,2.8636865579974256,29206,56527,187996
sens-lref500k,Garr200112-r0,Garr200112,trajectory,B1,8,23.23561458172485,0.5808903645431213,optimal,2.857638773995859,29206,56527,187996
sens-lref500k,Garr200112-r0,Garr200112,trajectory,B1,9,22.98682545952065,0.5746706364880162,optimal,3.43589876400074,29206,56527,187996
sens-lref500k,Garr200112-r0,Garr200112,trajectory,B1,10,23.501659641801876,0.5875414910450469,optimal,3.1713305920056882,29206,56527,187996
sens-lref500k,Garr200112-r0,Garr200112,trajectory,B1,11,23.450927106087256,0.5862731776521815,optimal,3.4569971500022803,29206,56527,187996
sens-lref500k,Garr200112-r0,Garr200112,trajectory,B1,12,22.608601658978934,0.5652150414744733,optimal,2.9608477059955476,29206,56527,187996
sens-lref500k,Garr200112-r0,Garr200112,trajectory,B1,13,22.902506588299282,0.5725626647074821,optimal,3.304462448002596,29206,56527,187996
sens-lref500k,Garr200112-r0,Garr200112,trajectory,B1,14,23.171995041693936,0.5792998760423484,optimal,2.7829100500021013,29206,56527,187996
sens-lref500k,Garr200112-r0,Garr200112,trajectory,B1,15,23.75492601259334,0.5938731503148336,optimal,3.066765741998097,29206,56527,187996
sens-lref500k,Garr200112-r0,Garr200112,trajectory,B1,16,23.056574303410795,0.5764143575852698,optimal,2.8322002429995337,29206,56527,187996
sens-lref500k,Garr200112-r0,Garr200112,trajectory,B1,17,24.040482638844477,0.6010120659711119,optimal,3.134486113995081,29206,56527,187996
sens-lref500k,Garr200112-r0,Garr200112,trajectory,B1,18,23.73041800652951,0.5932604501632378,optimal,3.01668488499854,29206,56527,187996
sens-lref500k,Garr200112-r0,Garr200112,trajectory,B1,19,23.019612215716034,0.5754903053929008,optimal,3.0263639129989315,29206,56527,187996
sens-lref500k,Garr200112-r0,Garr200112,trajectory,B1,20,22.917530382309337,0.5729382595577335,optimal,2.8248898450037814,29206,56527,187996
sens-lref500k,Garr200112-r0,Garr200112,trajectory,B1,21,23.478944530687887,0.5869736132671972,optimal,2.8828889630021877,29206,56527,187996
sens-lref500k,Garr200112-r0,Garr200112,trajectory,B1,22,22.491507499581893,0.5622876874895473,optimal,2.751069363002898,29206,56527,187996
sens-lref500k,Garr200112-r0,Garr200112,trajectory,B1,23,22.854278008580952,0.5713569502145238,optimal,2.6804493320014444,29206,56527,187996
sens-lref500k,Garr200112-r0,Garr200112,trajectory,B1,24,22.711761400908117,0.5677940350227029,optimal,2.954196159997082,29206,56527,187996
sens-lref500k,Garr200112-r0,Garr200112,trajectory,B1,25,23.40064412297713,0.5850161030744283,optimal,3.5668833200033987,29206,56527,187996
sens-lref500k,Garr200112-r0,Garr200112,trajectory,B1,26,24.34263202495228,0.608565800623807,optimal,2.949027157999808,29206,56527,187996
sens-lref500k,Garr200112-r0,Garr200112,trajectory,B1,27,23.846786838726953,0.5961696709681739,optimal,2.836225179002213,29206,56527,187996
sens-lref500k,Garr200112-r0,Garr200112,trajectory,B1,28,23.786057443261697,0.5946514360815425,optimal,3.1417430240035173,29206,56527,187996
sens-lref500k,Garr200112-r0,Garr200112,trajectory,B1,29,23.29089412804041,0.5822723532010102,optimal,2.8912809249959537,29206,56527,187996
sens-lref500k,Garr200404-r0,Garr200404,trajectory,B1,0,28.106136377387458,0.7026534094346865,optimal,3.0000973630012595,30085,59549,198358
sens-lref500k,Garr200404-r0,Garr200404,trajectory,B1,1,27.03972266851541,0.6759930667128853,optimal,2.7897799060010584,30085,59549,198358
sens-lref500k,Garr200404-r0,Garr200404,trajectory,B1,2,28.388240367981616,0.7097060091995404,optimal,2.820550976000959,30085,59549,198358
sens-lref500k,Garr200404-r0,Garr200404,trajectory,B1,3,26.53883505274942,0.6634708763187355,optimal,2.674673506000545,30085,59549,198358
sens-lref500k,Garr200404-r0,Garr200404,trajectory,B1,4,26.956188451282024,0.6739047112820507,optimal,2.7416311999986647,30085,59549,198358
sens-lref500k,Garr200404-r0,Garr200404,trajectory,B1,5,28.05066044285922,0.7012665110714804,optimal,2.7585914989977027,30085,59549,198358
sens-lref500k,Garr200404-r0,Garr200404,trajectory,B1,6,28.008209786452042,0.7002052446613011,optimal,2.70985646200279,30085,59549,198358
sens-lref500k,Garr200404-r0,Garr200404,trajectory,B1,7,28.32195065529784,0.708048766382446,optimal,2.835311161004938,30085,59549,198358
sens-lref500k,Garr200404-r0,Garr200404,trajectory,B1,8,28.55312887691767,0.7138282219229417,optimal,3.236229494003055,30085,59549,198358
sens-lref500k,Garr200404-r0,Garr200404,trajectory,B1,9,28.28653900536631,0.7071634751341578,optimal,3.119469803001266,30085,59549,198358
sens-lref500k,Garr200404-r0,Garr200404,trajectory,B1,10,27.62104972873329,0.6905262432183322,optimal,2.8146759689989267,30085,59549,198358
sens-lref500k,Garr200404-r0,Garr200404,trajectory,B1,11,28.150181797420135,0.7037545449355034,optimal,3.279657761006092,30085,59549,198358
sens-lref500k,Garr200404-r0,Garr200404,trajectory,B1,12,27.524715846936008,0.6881178961734002,optimal,3.3177348429962876,30085,59549,198358
sens-lref500k,Garr200404-r0,Garr200404,trajectory,B1,13,28.25891951551755,0.7064729878879388,optimal,3.031122847001825,30085,59549,198358
sens-lref500k,Garr200404-r0,Garr200404,trajectory,B1,14,28.381587724680713,0.7095396931170178,optimal,3.3492466809984762,30085,59549,198358
sens-lref500k,Garr200404-r0,Garr200404,trajectory,B1,15,26.978349368212264,0.6744587342053066,optimal,3.0732435989993974,30085,59549,198358
sens-lref500k,Garr200404-r0,Garr200404,trajectory,B1,16,28.483339132164527,0.7120834783041132,optimal,3.0860661810002057,30085,59549,198358
sens-lref500k,Garr200404-r0,Garr200404,trajectory,B1,17,28.23221521043202,0.7058053802608005,optimal,3.0494868169989786,30085,59549,198358
sens-lref500k,Garr200404-r0,Garr200404,trajectory,B1,18,28.09395421237683,0.7023488553094207,optimal,2.9584800689990516,30085,59549,198358
sens-lref500k,Garr200404-r0,Garr200404,trajectory,B1,19,28.612145127837515,0.7153036281959378,optimal,3.5714772360006464,30085,59549,198358
sens-lref500k,Garr200404-r0,Garr200404,trajectory,B1,20,27.281480587868693,0.6820370146967173,optimal,3.0902132620030898,30085,59549,198358
sens-lref500k,Garr200404-r0,Garr200404,trajectory,B1,21,27.407927096979055,0.6851981774244764,optimal,3.064684026001487,30085,59549,198358
sens-lref500k,Garr200404-r0,Garr200404,trajectory,B1,22,28.262899632408825,0.7065724908102207,optimal,3.4909984490004717,30085,59549,198358
sens-lref500k,Garr200404-r0,Garr200404,trajectory,B1,23,27.497045970986893,0.6874261492746723,optimal,3.4545436879998306,30085,59549,198358
sens-lref500k,Garr200404-r0,Garr200404,trajectory,B1,24,27.633140496775294,0.6908285124193824,optimal,3.875560720996873,30085,59549,198358
sens-lref500k,Garr200404-r0,Garr200404,trajectory,B1,25,27.890289139466738,0.6972572284866685,optimal,3.7425497209987952,30085,59549,198358
sens-lref500k,Garr200404-r0,Garr200404,trajectory,B1,26,27.87410809324887,0.6968527023312218,optimal,3.849732396003674,30085,59549,198358
sens-lref500k,Garr200404-r0,Garr200404,trajectory,B1,27,28.06281332566343,0.7015703331415858,optimal,3.6349145299973316,30085,59549,198358
sens-lref500k,Garr200404-r0,Garr200404,trajectory,B1,28,27.85005661921775,0.6962514154804438,optimal,3.0396010850017774,30085,59549,198358
sens-lref500k,Garr200404-r0,Garr200404,trajectory,B1,29,28.681434208233334,0.7170358552058334,optimal,3.8578524449985707,30085,59549,198358
sens-lref500k,Marwan-r0,Marwan,trajectory,B1,0,16.569155483014576,0.4142288870753644,optimal,3.782987091995892,40242,63197,234890
sens-lref500k,Marwan-r0,Marwan,trajectory,B1,1,19.143514307123727,0.4785878576780932,optimal,4.027166439998837,40242,63197,234890
sens-lref500k,Marwan-r0,Marwan,trajectory,B1,2,16.1753487242534,0.404383718106335,optimal,3.351808700004767,40242,63197,234890
sens-lref500k,Marwan-r0,Marwan,trajectory,B1,3,16.581356202642166,0.41453390506605414,optimal,3.5061805120058125,40242,63197,234890
sens-lref500k,Marwan-r0,Marwan,trajectory,B1,4,18.283500981996607,0.4570875245499152,optimal,4.6745524069992825,40242,63197,234890
sens-lref500k,Marwan-r0,Marwan,trajectory,B1,5,18.060107957064616,0.45150269892661543,optimal,4.0003941640025005,40242,63197,234890
sens-lref500k,Marwan-r0,Marwan,trajectory,B1,6,16.90341669806312,0.42258541745157796,optimal,4.051058086006378,40242,63197,234890
sens-lref500k,Marwan-r0,Marwan,trajectory,B1,7,17.290749242809106,0.4322687310702277,optimal,3.5537871649939916,40242,63197,234890
sens-lref500k,Marwan-r0,Marwan,trajectory,B1,8,17.514423216266376,0.4378605804066594,optimal,3.562235153003712,40242,63197,234890
sens-lref500k,Marwan-r0,Marwan,trajectory,B1,9,17.704342222174326,0.44260855555435813,optimal,3.7188853030020255,40242,63197,234890
sens-lref500k,Marwan-r0,Marwan,trajectory,B1,10,18.741951682658613,0.4685487920664653,optimal,3.634412756000529,40242,63197,234890
sens-lref500k,Marwan-r0,Marwan,trajectory,B1,11,17.11820204950157,0.42795505123753924,optimal,3.622036836000916,40242,63197,234890
sens-lref500k,Marwan-r0,Marwan,trajectory,B1,12,18.01911809517319,0.45047795237932975,optimal,3.7207165410000016,40242,63197,234890
sens-lref500k,Marwan-r0,Marwan,trajectory,B1,13,18.514663077427524,0.4628665769356881,optimal,3.638264038003399,40242,63197,234890
sens-lref500k,Marwan-r0,Marwan,trajectory,B1,14,17.188484250362414,0.42971210625906037,optimal,3.470993244998681,40242,63197,234890
sens-lref500k,Marwan-r0,Marwan,trajectory,B1,15,15.799740189870585,0.39499350474676465,optimal,3.38198757799546,40242,63197,234890
sens-lref500k,Marwan-r0,Marwan,trajectory,B1,16,17.228838158142707,0.4307209539535677,optimal,3.713751659000991,40242,63197,234890
sens-lref500k,Marwan-r0,Marwan,trajectory,B1,17,18.327915518226543,0.4581978879556636,optimal,3.6579332219989737,40242,63197,234890
sens-lref500k,Marwan-r0,Marwan,trajectory,B1,18,18.702201571516635,0.46755503928791586,optimal,3.9407191749996855,40242,63197,234890
sens-lref500k,Marwan-r0,Marwan,trajectory,B1,19,18.520314942894704,0.4630078735723676,optimal,3.4409370939974906,40242,63197,234890
sens-lref500k,Marwan-r0,Marwan,trajectory,B1,20,17.2102897401723,0.4302572435043075,optimal,3.4273834170016926,40242,63197,234890
sens-lref500k,Marwan-r0,Marwan,trajectory,B1,21,18.72449949243081,0.4681124873107702,optimal,3.7876389469965943,40242,63197,234890
sens-lref500k,Marwan-r0,Marwan,trajectory,B1,22,16.376376932733542,0.4094094233183386,optimal,3.4646184850062127,40242,63197,234890
sens-lref500k,Marwan-r0,Marwan,trajectory,B1,23,17.589631495498736,0.4397407873874684,optimal,3.4434561919988482,40242,63197,234890
sens-lref500k,Marwan-r0,Marwan,trajectory,B1,24,16.953624309007473,0.42384060772518684,optimal,3.3239816170025733,40242,63197,234890
sens-lref500k,Marwan-r0,Marwan,trajectory,B1,25,16.780321996362478,0.41950804990906193,optimal,3.3898328069990384,40242,63197,234890
sens-lref500k,Marwan-r0,Marwan,trajectory,B1,26,16.97629993031297,0.4244074982578242,optimal,3.4939090210027643,40242,63197,234890
sens-lref500k,Marwan-r0,Marwan,trajectory,B1,27,18.294084447455823,0.45735211118639557,optimal,3.353956040999037,40242,63197,234890
sens-lref500k,Marwan-r0,Marwan,trajectory,B1,28,17.065426011206622,0.42663565028016553,optimal,3.4637897860011435,40242,63197,234890
sens-lref500k,Marwan-r0,Marwan,trajectory,B1,29,17.046074528229177,0.4261518632057294,optimal,3.51965281599405,40242,63197,234890
sens-physical,Agis-r0,Agis,trajectory,B1,0,40.0,1.0,optimal,0.9458699820024776,24251,56158,168216
sens-physical,Agis-r0,Agis,trajectory,B1,1,40.0,1.0,optimal,0.891691497003194,24251,56158,168216
sens-physical,Agis-r0,Agis,trajectory,B1,2,40.0,1.0,optimal,0.7699985069994,24251,56158,168216
sens-physical,Agis-r0,Agis,trajectory,B1,3,40.0,1.0,optimal,0.8384861989979981,24251,56158,168216
sens-physical,Agis-r0,Agis,trajectory,B1,4,40.0,1.0,optimal,0.9301691810032935,24251,56158,168216
sens-physical,Agis-r0,Agis,trajectory,B1,5,40.0,1.0,optimal,0.8416115689979051,24251,56158,168216
sens-physical,Agis-r0,Agis,trajectory,B1,6,40.0,1.0,optimal,0.87391315199784,24251,56158,168216
sens-physical,Agis-r0,Agis,trajectory,B1,7,40.0,1.0,optimal,0.8402468729982502,24251,56158,168216
sens-physical,Agis-r0,Agis,trajectory,B1,8,40.0,1.0,optimal,0.8143260720025864,24251,56158,168216
sens-physical,Agis-r0,Agis,trajectory,B1,9,40.0,1.0,optimal,0.82185228200251,24251,56158,168216
sens-physical,Agis-r0,Agis,trajectory,B1,10,40.0,1.0,optimal,0.9416247560002375,24251,56158,168216
sens-physical,Agis-r0,Agis,trajectory,B1,11,40.0,1.0,optimal,0.7770718440006021,24251,56158,168216
sens-physical,Agis-r0,Agis,trajectory,B1,12,40.0,1.0,optimal,0.9183574580019922,24251,56158,168216
sens-physical,Agis-r0,Agis,trajectory,B1,13,40.0,1.0,optimal,0.7639729650036315,24251,56158,168216
sens-physical,Agis-r0,Agis,trajectory,B1,14,40.0,1.0,optimal,0.7649080170012894,24251,56158,168216
sens-physical,Agis-r0,Agis,trajectory,B1,15,40.0,1.0,optimal,0.816231056000106,24251,56158,168216
sens-physical,Agis-r0,Agis,trajectory,B1,16,40.0,1.0,optimal,0.9107027470017783,24251,56158,168216
sens-physical,Agis-r0,Agis,trajectory,B1,17,40.0,1.0,optimal,0.8817362150002737,24251,56158,168216
sens-physical,Agis-r0,Agis,trajectory,B1,18,40.0,1.0,optimal,0.8363435339997523,24251,56158,168216
sens-physical,Agis-r0,Agis,trajectory,B1,19,40.0,1.0,optimal,1.0026187280018348,24251,56158,168216
sens-physical,Agis-r0,Agis,trajectory,B1,20,40.0,1.0,optimal,0.8509218219987815,24251,56158,168216
sens-physical,Agis-r0,Agis,trajectory,B1,21,40.0,1.0,optimal,0.8449074370000744,24251,56158,168216
sens-physical,Agis-r0,Agis,trajectory,B1,22,40.0,1.0,optimal,0.8425561420008307,24251,56158,168216
sens-physical,Agis-r0,Agis,trajectory,B1,23,40.0,1.0,optimal,1.0528148379962659,24251,56158,168216
sens-physical,Agis-r0,Agis,trajectory,B1,24,40.0,1.0,optimal,0.911946826003259,24251,56158,168216
sens-physical,Agis-r0,Agis,trajectory,B1,25,40.0,1.0,optimal,0.8211018679940025,24251,56158,168216
sens-physical,Agis-r0,Agis,trajectory,B1,26,40.0,1.0,optimal,0.8803105569968466,24251,56158,168216
sens-physical,Agis-r0,Agis,trajectory,B1,27,40.0,1.0,optimal,0.7818077490010182,24251,56158,168216
sens-physical,Agis-r0,Agis,trajectory,B1,28,40.0,1.0,optimal,1.0075113540005987,24251,56158,168216
sens-physical,Agis-r0,Agis,trajectory,B1,29,40.0,1.0,optimal,0.7696762759951525,24251,56158,168216
sens-physical,Belnet2008-r0,Belnet2008,trajectory,B1,0,40.0,1.0,optimal,0.7653414700034773,22951,57826,160777
sens-physical,Belnet2008-r0,Belnet2008,trajectory,B1,1,40.0,1.0,optimal,0.7560295360017335,22951,57826,160777
sens-physical,Belnet2008-r0,Belnet2008,trajectory,B1,2,40.0,1.0,optimal,0.7676774709980236,22951,57826,160777
sens-physical,Belnet2008-r0,Belnet2008,trajectory,B1,3,40.0,1.0,optimal,0.7618821460055187,22951,57826,160777
sens-physical,Belnet2008-r0,Belnet2008,trajectory,B1,4,40.0,1.0,optimal,0.7537723439963884,22951,57826,160777
sens-physical,Belnet2008-r0,Belnet2008,trajectory,B1,5,40.0,1.0,optimal,0.7506909419971635,22951,57826,160777
sens-physical,Belnet2008-r0,Belnet2008,trajectory,B1,6,40.0,1.0,optimal,0.7491418159988825,22951,57826,160777
sens-physical,Belnet2008-r0,Belnet2008,trajectory,B1,7,40.0,1.0,optimal,0.739904606998607,22951,57826,160777
sens-physical,Belnet2008-r0,Belnet2008,trajectory,B1,8,40.0,1.0,optimal,0.7781331579972175,22951,57826,160777
sens-physical,Belnet2008-r0,Belnet2008,trajectory,B1,9,40.0,1.0,optimal,0.756092865995015,22951,57826,160777
sens-physical,Belnet2008-r0,Belnet2008,trajectory,B1,10,40.0,1.0,optimal,0.8142045819986379,22951,57826,160777
sens-physical,Belnet2008-r0,Belnet2008,trajectory,B1,11,40.0,1.0,optimal,0.7443342119950103,22951,57826,160777
sens-physical,Belnet2008-r0,Belnet2008,trajectory,B1,12,40.0,1.0,optimal,0.7755984980030917,22951,57826,160777
sens-physical,Belnet2008-r0,Belnet2008,trajectory,B1,13,40.0,1.0,optimal,0.852773309998156,22951,57826,160777
sens-physical,Belnet2008-r0,Belnet2008,trajectory,B1,14,40.0,1.0,optimal,0.7576580890017794,22951,57826,160777
sens-physical,Belnet2008-r0,Belnet2008,trajectory,B1,15,40.0,1.0,optimal,0.7512954300036654,22951,57826,160777
sens-physical,Belnet2008-r0,Belnet2008,trajectory,B1,16,40.0,1.0,optimal,0.7788808690020232,22951,57826,160777
sens-physical,Belnet2008-r0,Belnet2008,trajectory,B1,17,40.0,1.0,optimal,0.7885562789961114,22951,57826,160777
sens-physical,Belnet2008-r0,Belnet2008,trajectory,B1,18,40.0,1.0,optimal,0.936074359997292,22951,57826,160777
sens-physical,Belnet2008-r0,Belnet2008,trajectory,B1,19,40.0,1.0,optimal,0.9028942340009962,22951,57826,160777
sens-physical,Belnet2008-r0,Belnet2008,trajectory,B1,20,40.0,1.0,optimal,0.9303592509968439,22951,57826,160777
sens-physical,Belnet2008-r0,Belnet2008,trajectory,B1,21,40.0,1.0,optimal,0.9058978180037229,22951,57826,160777
sens-physical,Belnet2008-r0,Belnet2008,trajectory,B1,22,40.0,1.0,optimal,0.8876378740023938,22951,57826,160777
sens-physical,Belnet2008-r0,Belnet2008,trajectory,B1,23,40.0,1.0,optimal,0.9551533869962441,22951,57826,160777
sens-physical,Belnet2008-r0,Belnet2008,trajectory,B1,24,40.0,1.0,optimal,0.7669729240005836,22951,57826,160777
sens-physical,Belnet2008-r0,Belnet2008,trajectory,B1,25,40.0,1.0,optimal,0.7780635050003184,22951,57826,160777
sens-physical,Belnet2008-r0,Belnet2008,trajectory,B1,26,40.0,1.0,optimal,0.7432717880001292,22951,57826,160777
sens-physical,Belnet2008-r0,Belnet2008,trajectory,B1,27,40.0,1.0,optimal,0.7427909559992258,22951,57826,160777
sens-physical,Belnet2008-r0,Belnet2008,trajectory,B1,28,40.0,1.0,optimal,0.8549401179989218,22951,57826,160777
sens-physical,Belnet2008-r0,Belnet2008,trajectory,B1,29,40.0,1.0,optimal,0.701983601997199,22951,57826,160777
sens-physical,BsonetEurope-r0,BsonetEurope,trajectory,B1,0,40.0,1.0,optimal,0.7707593609957257,26052,60825,175796
sens-physical,BsonetEurope-r0,BsonetEurope,trajectory,B1,1,40.0,1.0,optimal,0.9672241969965398,26052,60825,175796
sens-physical,BsonetEurope-r0,BsonetEurope,trajectory,B1,2,40.0,1.0,optimal,0.7905095799942501,26052,60825,175796
sens-physical,BsonetEurope-r0,BsonetEurope,trajectory,B1,3,40.0,1.0,optimal,0.7733414480026113,26052,60825,175796
sens-physical,BsonetEurope-r0,BsonetEurope,trajectory,B1,4,40.0,1.0,optimal,0.7741758779957308,26052,60825,175796
sens-physical,BsonetEurope-r0,BsonetEurope,trajectory,B1,5,40.0,1.0,optimal,0.787505907996092,26052,60825,175796
sens-physical,BsonetEurope-r0,BsonetEurope,trajectory,B1,6,40.0,1.0,optimal,0.7914460969986976,26052,60825,175796
sens-physical,BsonetEurope-r0,BsonetEurope,trajectory,B1,7,40.0,1.0,optimal,0.9253790969960392,26052,60825,175796
sens-physical,BsonetEurope-r0,BsonetEurope,trajectory,B1,8,40.0,1.0,optimal,0.8307419849952566,26052,60825,175796
sens-physical,BsonetEurope-r0,BsonetEurope,trajectory,B1,9,40.0,1.0,optimal,0.8152780789969256,26052,60825,175796
sens-physical,BsonetEurope-r0,BsonetEurope,trajectory,B1,10,40.0,1.0,optimal,0.8317671099939616,26052,60825,175796
sens-physical,BsonetEurope-r0,BsonetEurope,trajectory,B1,11,40.0,1.0,optimal,1.0367436360029387,26052,60825,175796
sens-physical,BsonetEurope-r0,BsonetEurope,trajectory,B1,12,40.0,1.0,optimal,0.8750245479968726,26052,60825,175796
sens-physical,BsonetEurope-r0,BsonetEurope,trajectory,B1,13,40.0,1.0,optimal,0.8806571860041004,26052,60825,175796
sens-physical,BsonetEurope-r0,BsonetEurope,trajectory,B1,14,40.0,1.0,optimal,0.9091726479964564,26052,60825,175796
sens-physical,BsonetEurope-r0,BsonetEurope,trajectory,B1,15,40.0,1.0,optimal,0.8656048019984155,26052,60825,175796
sens-physical,BsonetEurope-r0,BsonetEurope,trajectory,B1,16,40.0,1.0,optimal,1.1132732770056464,26052,60825,175796
sens-physical,BsonetEurope-r0,BsonetEurope,trajectory,B1,17,40.0,1.0,optimal,0.8440642799978377,26052,60825,175796
sens-physical,BsonetEurope-r0,BsonetEurope,trajectory,B1,18,40.0,1.0,optimal,0.843499520997284,26052,60825,175796
sens-physical,BsonetEurope-r0,BsonetEurope,trajectory,B1,19,40.0,1.0,optimal,0.869554288998188,26052,60825,175796
sens-physical,BsonetEurope-r0,BsonetEurope,trajectory,B1,20,40.0,1.0,optimal,0.8116183790043578,26052,60825,175796
sens-physical,BsonetEurope-r0,BsonetEurope,trajectory,B1,21,40.0,1.0,optimal,0.8351155480049783,26052,60825,175796
sens-physical,BsonetEurope-r0,BsonetEurope,trajectory,B1,22,40.0,1.0,optimal,0.8261289929941995,26052,60825,175796
sens-physical,BsonetEurope-r0,BsonetEurope,trajectory,B1,23,40.0,1.0,optimal,0.8674376890048734,26052,60825,175796
sens-physical,BsonetEurope-r0,BsonetEurope,trajectory,B1,24,40.0,1.0,optimal,0.9470656030025566,26052,60825,175796
sens-physical,BsonetEurope-r0,BsonetEurope,trajectory,B1,25,40.0,1.0,optimal,1.0735172380009317,26052,60825,175796
sens-physical,BsonetEurope-r0,BsonetEurope,trajectory,B1,26,40.0,1.0,optimal,0.8354694590016152,26052,60825,175796
sens-physical,BsonetEurope-r0,BsonetEurope,trajectory,B1,27,40.0,1.0,optimal,0.9061942690022988,26052,60825,175796
sens-physical,BsonetEurope-r0,BsonetEurope,trajectory,B1,28,40.0,1.0,optimal,1.1315181129975826,26052,60825,175796
sens-physical,BsonetEurope-r0,BsonetEurope,trajectory,B1,29,40.0,1.0,optimal,0.8448746850044699,26052,60825,175796
sens-physical,BtNorthAmerica-r0,BtNorthAmerica,trajectory,B1,0,40.0,1.0,optimal,0.8143182909989264,25797,61221,179057
sens-physical,BtNorthAmerica-r0,BtNorthAmerica,trajectory,B1,1,40.0,1.0,optimal,1.0143344349999097,25797,61221,179057
sens-physical,BtNorthAmerica-r0,BtNorthAmerica,trajectory,B1,2,40.0,1.0,optimal,0.8729066560044885,25797,61221,179057
sens-physical,BtNorthAmerica-r0,BtNorthAmerica,trajectory,B1,3,40.0,1.0,optimal,0.8821137200066005,25797,61221,179057
sens-physical,BtNorthAmerica-r0,BtNorthAmerica,trajectory,B1,4,40.0,1.0,optimal,1.0725256970035844,25797,61221,179057
sens-physical,BtNorthAmerica-r0,BtNorthAmerica,trajectory,B1,5,40.0,1.0,optimal,1.0149197989958338,25797,61221,179057
sens-physical,BtNorthAmerica-r0,BtNorthAmerica,trajectory,B1,6,40.0,1.0,optimal,0.8848600519995671,25797,61221,179057
sens-physical,BtNorthAmerica-r0,BtNorthAmerica,trajectory,B1,7,40.0,1.0,optimal,0.8646469969971804,25797,61221,179057
sens-physical,BtNorthAmerica-r0,BtNorthAmerica,trajectory,B1,8,40.0,1.0,optimal,1.0188396099983947,25797,61221,179057
sens-physical,BtNorthAmerica-r0,BtNorthAmerica,trajectory,B1,9,40.0,1.0,optimal,1.1656296899964218,25797,61221,179057
sens-physical,BtNorthAmerica-r0,BtNorthAmerica,trajectory,B1,10,40.0,1.0,optimal,0.9102566069996101,25797,61221,179057
sens-physical,BtNorthAmerica-r0,BtNorthAmerica,trajectory,B1,11,40.0,1.0,optimal,0.9152920119959163,25797,61221,179057
sens-physical,BtNorthAmerica-r0,BtNorthAmerica,trajectory,B1,12,40.0,1.0,optimal,0.9139626230025897,25797,61221,179057
sens-physical,BtNorthAmerica-r0,BtNorthAmerica,trajectory,B1,13,40.0,1.0,optimal,1.1053327080007875,25797,61221,179057
sens-physical,BtNorthAmerica-r0,BtNorthAmerica,trajectory,B1,14,40.0,1.0,optimal,0.9287868660030654,25797,61221,179057
sens-physical,BtNorthAmerica-r0,BtNorthAmerica,trajectory,B1,15,40.0,1.0,optimal,0.9952714469982311,25797,61221,179057
sens-physical,BtNorthAmerica-r0,BtNorthAmerica,trajectory,B1,16,40.0,1.0,optimal,0.9395155429956503,25797,61221,179057
sens-physical,BtNorthAmerica-r0,BtNorthAmerica,trajectory,B1,17,40.0,1.0,optimal,1.10945351600094,25797,61221,179057
sens-physical,BtNorthAmerica-r0,BtNorthAmerica,trajectory,B1,18,40.0,1.0,optimal,0.8798120860010386,25797,61221,179057
sens-physical,BtNorthAmerica-r0,BtNorthAmerica,trajectory,B1,19,40.0,1.0,optimal,0.9771182390031754,25797,61221,179057
sens-physical,BtNorthAmerica-r0,BtNorthAmerica,trajectory,B1,20,40.0,1.0,optimal,0.919329022995953,25797,61221,179057
sens-physical,BtNorthAmerica-r0,BtNorthAmerica,trajectory,B1,21,40.0,1.0,optimal,1.0442507580009988,25797,61221,179057
sens-physical,BtNorthAmerica-r0,BtNorthAmerica,trajectory,B1,22,40.0,1.0,optimal,1.0489225889978115,25797,61221,179057
sens-physical,BtNorthAmerica-r0,BtNorthAmerica,trajectory,B1,23,40.0,1.0,optimal,0.9098057669980335,25797,61221,179057
sens-physical,BtNorthAmerica-r0,BtNorthAmerica,trajectory,B1,24,40.0,1.0,optimal,0.9864012360048946,25797,61221,179057
sens-physical,BtNorthAmerica-r0,BtNorthAmerica,trajectory,B1,25,40.0,1.0,optimal,1.2022298200026853,25797,61221,179057
sens-physical,BtNorthAmerica-r0,BtNorthAmerica,trajectory,B1,26,40.0,1.0,optimal,0.966576865001116,25797,61221,179057
sens-physical,BtNorthAmerica-r0,BtNorthAmerica,trajectory,B1,27,40.0,1.0,optimal,1.2128085869990173,25797,61221,179057
sens-physical,BtNorthAmerica-r0,BtNorthAmerica,trajectory,B1,28,40.0,1.0,optimal,0.8577726510047796,25797,61221,179057
sens-physical,BtNorthAmerica-r0,BtNorthAmerica,trajectory,B1,29,40.0,1.0,optimal,0.878652132996649,25797,61221,179057
sens-physical,Cesnet200603-r0,Cesnet200603,trajectory,B1,0,40.0,1.0,optimal,0.9603224290040089,26335,62967,181480
sens-physical,Cesnet200603-r0,Cesnet200603,trajectory,B1,1,40.0,1.0,optimal,1.0028739110057359,26335,62967,181480
sens-physical,Cesnet200603-r0,Cesnet200603,trajectory,B1,2,40.0,1.0,optimal,1.027023727001506,26335,62967,181480
sens-physical,Cesnet200603-r0,Cesnet200603,trajectory,B1,3,40.0,1.0,optimal,1.0567827170016244,26335,62967,181480
sens-physical,Cesnet200603-r0,Cesnet200603,trajectory,B1,4,40.0,1.0,optimal,0.9423143469975912,26335,62967,181480
sens-physical,Cesnet200603-r0,Cesnet200603,trajectory,B1,5,40.0,1.0,optimal,1.0594968799996423,26335,62967,181480
sens-physical,Cesnet200603-r0,Cesnet200603,trajectory,B1,6,40.0,1.0,optimal,1.0172615550036426,26335,62967,181480
sens-physical,Cesnet200603-r0,Cesnet200603,trajectory,B1,7,40.0,1.0,optimal,1.0320637869954226,26335,62967,181480
sens-physical,Cesnet200603-r0,Cesnet200603,trajectory,B1,8,40.0,1.0,optimal,1.2745939730011742,26335,62967,181480
sens-physical,Cesnet200603-r0,Cesnet200603,trajectory,B1,9,40.0,1.0,optimal,1.0057196429988835,26335,62967,181480
sens-physical,Cesnet200603-r0,Cesnet200603,trajectory,B1,10,40.0,1.0,optimal,0.971421852002095,26335,62967,181480
sens-physical,Cesnet200603-r0,Cesnet200603,trajectory,B1,11,40.0,1.0,optimal,0.9406869629965513,26335,62967,181480
sens-physical,Cesnet200603-r0,Cesnet200603,trajectory,B1,12,40.0,1.0,optimal,1.12208778099739,26335,62967,181480
sens-physical,Cesnet200603-r0,Cesnet200603,trajectory,B1,13,40.0,1.0,optimal,1.0237152499976219,26335,62967,181480
sens-physical,Cesnet200603-r0,Cesnet200603,trajectory,B1,14,40.0,1.0,optimal,1.0624421259999508,26335,62967,181480
sens-physical,Cesnet200603-r0,Cesnet200603,trajectory,B1,15,40.0,1.0,optimal,1.1694003670054371,26335,62967,181480
sens-physical,Cesnet200603-r0,Cesnet200603,trajectory,B1,16,40.0,1.0,optimal,0.9477521339940722,26335,62967,181480
sens-physical,Cesnet200603-r0,Cesnet200603,trajectory,B1,17,40.0,1.0,optimal,0.9195992289969581,26335,62967,181480
sens-physical,Cesnet200603-r0,Cesnet200603,trajectory,B1,18,40.0,1.0,optimal,0.974604912000359,26335,62967,181480
sens-physical,Cesnet200603-r0,Cesnet200603,trajectory,B1,19,40.0,1.0,optimal,0.9503729259959073,26335,62967,181480
sens-physical,Cesnet200603-r0,Cesnet200603,trajectory,B1,20,40.0,1.0,optimal,1.0375046409972128,26335,62967,181480
sens-physical,Cesnet200603-r0,Cesnet200603,trajectory,B1,21,40.0,1.0,optimal,0.9775038410007255,26335,62967,181480
sens-physical,Cesnet200603-r0,Cesnet200603,trajectory,B1,22,40.0,1.0,optimal,1.1383017509942874,26335,62967,181480
sens-physical,Cesnet200603-r0,Cesnet200603,trajectory,B1,23,40.0,1.0,optimal,0.9383395390032092,26335,62967,181480
sens-physical,Cesnet200603-r0,Cesnet200603,trajectory,B1,24,40.0,1.0,optimal,0.9429535419985768,26335,62967,181480
sens-physical,Cesnet200603-r0,Cesnet200603,trajectory,B1,25,40.0,1.0,optimal,0.9307338780054124,26335,62967,181480
sens-physical,Cesnet200603-r0,Cesnet200603,trajectory,B1,26,40.0,1.0,optimal,1.213549931999296,26335,62967,181480
sens-physical,Cesnet200603-r0,Cesnet200603,trajectory,B1,27,40.0,1.0,optimal,1.2750403430036386,26335,62967,181480
sens-physical,Cesnet200603-r0,Cesnet200603,trajectory,B1,28,40.0,1.0,optimal,0.9220194709996576,26335,62967,181480
sens-physical,Cesnet200603-r0,Cesnet200603,trajectory,B1,29,40.0,1.0,optimal,0.9183120989982854,26335,62967,181480
sens-physical,Digex-r0,Digex,trajectory,B1,0,40.0,1.0,optimal,1.1982754710043082,34792,72607,209833
sens-physical,Digex-r0,Digex,trajectory,B1,1,40.0,1.0,optimal,1.008467797000776,34792,72607,209833
sens-physical,Digex-r0,Digex,trajectory,B1,2,40.0,1.0,optimal,1.0054471530020237,34792,72607,209833
sens-physical,Digex-r0,Digex,trajectory,B1,3,40.0,1.0,optimal,1.249609913000313,34792,72607,209833
sens-physical,Digex-r0,Digex,trajectory,B1,4,40.0,1.0,optimal,0.9981884270018782,34792,72607,209833
sens-physical,Digex-r0,Digex,trajectory,B1,5,40.0,1.0,optimal,0.9809270269979606,34792,72607,209833
sens-physical,Digex-r0,Digex,trajectory,B1,6,40.0,1.0,optimal,1.054736039994168,34792,72607,209833
sens-physical,Digex-r0,Digex,trajectory,B1,7,40.0,1.0,optimal,1.071490663998702,34792,72607,209833
sens-physical,Digex-r0,Digex,trajectory,B1,8,40.0,1.0,optimal,1.0876147919989307,34792,72607,209833
sens-physical,Digex-r0,Digex,trajectory,B1,9,40.0,1.0,optimal,0.915473146000295,34792,72607,209833
sens-physical,Digex-r0,Digex,trajectory,B1,10,40.0,1.0,optimal,0.9064019400029792,34792,72607,209833
sens-physical,Digex-r0,Digex,trajectory,B1,11,40.0,1.0,optimal,0.9810913629989955,34792,72607,209833
sens-physical,Digex-r0,Digex,trajectory,B1,12,40.0,1.0,optimal,0.9389081650006119,34792,72607,209833
sens-physical,Digex-r0,Digex,trajectory,B1,13,40.0,1.0,optimal,1.15557775599882,34792,72607,209833
sens-physical,Digex-r0,Digex,trajectory,B1,14,40.0,1.0,optimal,1.071953268998186,34792,72607,209833
sens-physical,Digex-r0,Digex,trajectory,B1,15,40.0,1.0,optimal,0.9851076359991566,34792,72607,209833
sens-physical,Digex-r0,Digex,trajectory,B1,16,40.0,1.0,optimal,1.0647584700054722,34792,72607,209833
sens-physical,Digex-r0,Digex,trajectory,B1,17,40.0,1.0,optimal,0.974388734997774,34792,72607,209833
sens-physical,Digex-r0,Digex,trajectory,B1,18,40.0,1.0,optimal,1.2313660600048024,34792,72607,209833
sens-physical,Digex-r0,Digex,trajectory,B1,19,40.0,1.0,optimal,1.0044083970060456,34792,72607,209833
sens-physical,Digex-r0,Digex,trajectory,B1,20,40.0,1.0,optimal,1.1110619219980435,34792,72607,209833
sens-physical,Digex-r0,Digex,trajectory,B1,21,40.0,1.0,optimal,1.273584202004713,34792,72607,209833
sens-physical,Digex-r0,Digex,trajectory,B1,22,40.0,1.0,optimal,0.991646745998878,34792,72607,209833
sens-physical,Digex-r0,Digex,trajectory,B1,23,40.0,1.0,optimal,0.9827894339978229,34792,72607,209833
sens-physical,Digex-r0,Digex,trajectory,B1,24,40.0,1.0,optimal,0.9932465439997031,34792,72607,209833
sens-physical,Digex-r0,Digex,trajectory,B1,25,40.0,1.0,optimal,1.1934986659980495,34792,72607,209833
sens-physical,Digex-r0,Digex,trajectory,B1,26,40.0,1.0,optimal,0.9964716100002988,34792,72607,209833
sens-physical,Digex-r0,Digex,trajectory,B1,27,40.0,1.0,optimal,1.2267911920062033,34792,72607,209833
sens-physical,Digex-r0,Digex,trajectory,B1,28,40.0,1.0,optimal,1.0540772489985102,34792,72607,209833
sens-physical,Digex-r0,Digex,trajectory,B1,29,40.0,1.0,optimal,1.2575358899994171,34792,72607,209833
sens-physical,Easynet-r0,Easynet,trajectory,B1,0,40.0,1.0,optimal,1.1674674790046993,24974,57718,172218
sens-physical,Easynet-r0,Easynet,trajectory,B1,1,40.0,1.0,optimal,1.1117170130019076,24974,57718,172218
sens-physical,Easynet-r0,Easynet,trajectory,B1,2,40.0,1.0,optimal,0.9683521639963146,24974,57718,172218
sens-physical,Easynet-r0,Easynet,trajectory,B1,3,40.0,1.0,optimal,0.9270906210003886,24974,57718,172218
sens-physical,Easynet-r0,Easynet,trajectory,B1,4,40.0,1.0,optimal,1.1334972020049463,24974,57718,172218
sens-physical,Easynet-r0,Easynet,trajectory,B1,5,40.0,1.0,optimal,1.1445428720035125,24974,57718,172218
sens-physical,Easynet-r0,Easynet,trajectory,B1,6,40.0,1.0,optimal,0.9296046980016399,24974,57718,172218
sens-physical,Easynet-r0,Easynet,trajectory,B1,7,40.0,1.0,optimal,0.9183175090001896,24974,57718,172218
sens-physical,Easynet-r0,Easynet,trajectory,B1,8,40.0,1.0,optimal,0.9184543859955738,24974,57718,172218
sens-physical,Easynet-r0,Easynet,trajectory,B1,9,40.0,1.0,optimal,0.9247871240004315,24974,57718,172218
sens-physical,Easynet-r0,Easynet,trajectory,B1,10,40.0,1.0,optimal,1.0414661329996306,24974,57718,172218
sens-physical,Easynet-r0,Easynet,trajectory,B1,11,40.0,1.0,optimal,1.1792896510014543,24974,57718,172218
sens-physical,Easynet-r0,Easynet,trajectory,B1,12,40.0,1.0,optimal,0.9627191510007833,24974,57718,172218
sens-physical,Easynet-r0,Easynet,trajectory,B1,13,40.0,1.0,optimal,1.1323275869945064,24974,57718,172218
sens-physical,Easynet-r0,Easynet,trajectory,B1,14,40.0,1.0,optimal,0.9737863219997962,24974,57718,172218
sens-physical,Easynet-r0,Easynet,trajectory,B1,15,40.0,1.0,optimal,0.9949194760047249,24974,57718,172218
sens-physical,Easynet-r0,Easynet,trajectory,B1,16,40.0,1.0,optimal,0.9065218280011322,24974,57718,172218
sens-physical,Easynet-r0,Easynet,trajectory,B1,17,40.0,1.0,optimal,1.3872581489995355,24974,57718,172218
sens-physical,Easynet-r0,Easynet,trajectory,B1,18,40.0,1.0,optimal,0.9871758539957227,24974,57718,172218
sens-physical,Easynet-r0,Easynet,trajectory,B1,19,40.0,1.0,optimal,1.2210089470027015,24974,57718,172218
sens-physical,Easynet-r0,Easynet,trajectory,B1,20,40.0,1.0,optimal,1.365735940002196,24974,57718,172218
sens-physical,Easynet-r0,Easynet,trajectory,B1,21,40.0,1.0,optimal,0.9262878209992778,24974,57718,172218
sens-physical,Easynet-r0,Easynet,trajectory,B1,22,40.0,1.0,optimal,0.9279413689946523,24974,57718,172218
sens-physical,Easynet-r0,Easynet,trajectory,B1,23,40.0,1.0,optimal,0.9285719379986404,24974,57718,172218
sens-physical,Easynet-r0,Easynet,trajectory,B1,24,40.0,1.0,optimal,0.9156520229953458,24974,57718,172218
sens-physical,Easynet-r0,Easynet,trajectory,B1,25,40.0,1.0,optimal,1.1967222660023253,24974,57718,172218
sens-physical,Easynet-r0,Easynet,trajectory,B1,26,40.0,1.0,optimal,1.1905085750040598,24974,57718,172218
sens-physical,Easynet-r0,Easynet,trajectory,B1,27,40.0,1.0,optimal,1.2067038750028587,24974,57718,172218
sens-physical,Easynet-r0,Easynet,trajectory,B1,28,40.0,1.0,optimal,0.9287618960006512,24974,57718,172218
sens-physical,Easynet-r0,Easynet,trajectory,B1,29,40.0,1.0,optimal,0.9265051690017572,24974,57718,172218
sens-physical,Garr200112-r0,Garr200112,trajectory,B1,0,40.0,1.0,optimal,0.7450672799968743,21646,55204,154621
sens-physical,Garr200112-r0,Garr200112,trajectory,B1,1,40.0,1.0,optimal,0.8711061909998534,21646,55204,154621
sens-physical,Garr200112-r0,Garr200112,trajectory,B1,2,40.0,1.0,optimal,0.7960288510003011,21646,55204,154621
sens-physical,Garr200112-r0,Garr200112,trajectory,B1,3,40.0,1.0,optimal,0.8232063710020157,21646,55204,154621
sens-physical,Garr200112-r0,Garr200112,trajectory,B1,4,40.0,1.0,optimal,0.8243223679965013,21646,55204,154621
sens-physical,Garr200112-r0,Garr200112,trajectory,B1,5,40.0,1.0,optimal,0.8447751359999529,21646,55204,154621
sens-physical,Garr200112-r0,Garr200112,trajectory,B1,6,40.0,1.0,optimal,1.0314578879988403,21646,55204,154621
sens-physical,Garr200112-r0,Garr200112,trajectory,B1,7,40.0,1.0,optimal,0.8367360640040715,21646,55204,154621
sens-physical,Garr200112-r0,Garr200112,trajectory,B1,8,40.0,1.0,optimal,0.8244393940040027,21646,55204,154621
sens-physical,Garr200112-r0,Garr200112,trajectory,B1,9,40.0,1.0,optimal,0.8409549429998151,21646,55204,154621
sens-physical,Garr200112-r0,Garr200112,trajectory,B1,10,40.0,1.0,optimal,0.8568480469984934,21646,55204,154621
sens-physical,Garr200112-r0,Garr200112,trajectory,B1,11,40.0,1.0,optimal,0.821083467999415,21646,55204,154621
sens-physical,Garr200112-r0,Garr200112,trajectory,B1,12,40.0,1.0,optimal,0.8418570859939791,21646,55204,154621
sens-physical,Garr200112-r0,Garr200112,trajectory,B1,13,40.0,1.0,optimal,0.8073780670019914,21646,55204,154621
sens-physical,Garr200112-r0,Garr200112,trajectory,B1,14,40.0,1.0,optimal,1.063835648004897,21646,55204,154621
sens-physical,Garr200112-r0,Garr200112,trajectory,B1,15,40.0,1.0,optimal,0.8410593709995737,21646,55204,154621
sens-physical,Garr200112-r0,Garr200112,trajectory,B1,16,40.0,1.0,optimal,0.9157687009937945,21646,55204,154621
sens-physical,Garr200112-r0,Garr200112,trajectory,B1,17,40.0,1.0,optimal,0.8657321630016668,21646,55204,154621
sens-physical,Garr200112-r0,Garr200112,trajectory,B1,18,40.0,1.0,optimal,0.8698342280040379,21646,55204,154621
sens-physical,Garr200112-r0,Garr200112,trajectory,B1,19,40.0,1.0,optimal,0.8660756149984081,21646,55204,154621
sens-physical,Garr200112-r0,Garr200112,trajectory,B1,20,40.0,1.0,optimal,0.8961456029937835,21646,55204,154621
sens-physical,Garr200112-r0,Garr200112,trajectory,B1,21,40.0,1.0,optimal,0.8251138749983511,21646,55204,154621
sens-physical,Garr200112-r0,Garr200112,trajectory,B1,22,40.0,1.0,optimal,0.9475731709972024,21646,55204,154621
sens-physical,Garr200112-r0,Garr200112,trajectory,B1,23,40.0,1.0,optimal,0.87867362399993,21646,55204,154621
sens-physical,Garr200112-r0,Garr200112,trajectory,B1,24,40.0,1.0,optimal,0.8659535569968284,21646,55204,154621
sens-physical,Garr200112-r0,Garr200112,trajectory,B1,25,40.0,1.0,optimal,0.9032212410020293,21646,55204,154621
sens-physical,Garr200112-r0,Garr200112,trajectory,B1,26,40.0,1.0,optimal,0.8468488689977676,21646,55204,154621
sens-physical,Garr200112-r0,Garr200112,trajectory,B1,27,40.0,1.0,optimal,0.9315649760028464,21646,55204,154621
sens-physical,Garr200112-r0,Garr200112,trajectory,B1,28,40.0,1.0,optimal,0.9714599429935333,21646,55204,154621
sens-physical,Garr200112-r0,Garr200112,trajectory,B1,29,40.0,1.0,optimal,0.950414078994072,21646,55204,154621
sens-physical,Garr200404-r0,Garr200404,trajectory,B1,0,40.0,1.0,optimal,0.814409163001983,21830,55873,158856
sens-physical,Garr200404-r0,Garr200404,trajectory,B1,1,40.0,1.0,optimal,0.8205579029963701,21830,55873,158856
sens-physical,Garr200404-r0,Garr200404,trajectory,B1,2,40.0,1.0,optimal,0.8169584960050997,21830,55873,158856
sens-physical,Garr200404-r0,Garr200404,trajectory,B1,3,40.0,1.0,optimal,1.1093620669998927,21830,55873,158856
sens-physical,Garr200404-r0,Garr200404,trajectory,B1,4,40.0,1.0,optimal,1.0147968100063736,21830,55873,158856
sens-physical,Garr200404-r0,Garr200404,trajectory,B1,5,40.0,1.0,optimal,0.7911867820002954,21830,55873,158856
sens-physical,Garr200404-r0,Garr200404,trajectory,B1,6,40.0,1.0,optimal,0.794751103996532,21830,55873,158856
sens-physical,Garr200404-r0,Garr200404,trajectory,B1,7,40.0,1.0,optimal,0.892621978004172,21830,55873,158856
sens-physical,Garr200404-r0,Garr200404,trajectory,B1,8,40.0,1.0,optimal,0.9472947749964078,21830,55873,158856
sens-physical,Garr200404-r0,Garr200404,trajectory,B1,9,40.0,1.0,optimal,0.9219680909955059,21830,55873,158856
sens-physical,Garr200404-r0,Garr200404,trajectory,B1,10,40.0,1.0,optimal,0.8320316789977369,21830,55873,158856
sens-physical,Garr200404-r0,Garr200404,trajectory,B1,11,40.0,1.0,optimal,0.8118093450029846,21830,55873,158856
sens-physical,Garr200404-r0,Garr200404,trajectory,B1,12,40.0,1.0,optimal,0.8189153069979511,21830,55873,158856
sens-physical,Garr200404-r0,Garr200404,trajectory,B1,13,40.0,1.0,optimal,0.9952860260018497,21830,55873,158856
sens-physical,Garr200404-r0,Garr200404,trajectory,B1,14,40.0,1.0,optimal,0.7649414889965556,21830,55873,158856
sens-physical,Garr200404-r0,Garr200404,trajectory,B1,15,40.0,1.0,optimal,0.8886315890049445,21830,55873,158856
sens-physical,Garr200404-r0,Garr200404,trajectory,B1,16,40.0,1.0,optimal,0.8116567129982286,21830,55873,158856
sens-physical,Garr200404-r0,Garr200404,trajectory,B1,17,40.0,1.0,optimal,0.8621331039976212,21830,55873,158856
sens-physical,Garr200404-r0,Garr200404,trajectory,B1,18,40.0,1.0,optimal,0.7982569279993186,21830,55873,158856
sens-physical,Garr200404-r0,Garr200404,trajectory,B1,19,40.0,1.0,optimal,0.8038805769974715,21830,55873,158856
sens-physical,Garr200404-r0,Garr200404,trajectory,B1,20,40.0,1.0,optimal,1.0076820819958812,21830,55873,158856
sens-physical,Garr200404-r0,Garr200404,trajectory,B1,21,40.0,1.0,optimal,0.8103934840037255,21830,55873,158856
sens-physical,Garr200404-r0,Garr200404,trajectory,B1,22,40.0,1.0,optimal,0.7943701639960636,21830,55873,158856
sens-physical,Garr200404-r0,Garr200404,trajectory,B1,23,40.0,1.0,optimal,0.8219072749998304,21830,55873,158856
sens-physical,Garr200404-r0,Garr200404,trajectory,B1,24,40.0,1.0,optimal,0.789033932996972,21830,55873,158856
sens-physical,Garr200404-r0,Garr200404,trajectory,B1,25,40.0,1.0,optimal,0.8553669530010666,21830,55873,158856
sens-physical,Garr200404-r0,Garr200404,trajectory,B1,26,40.0,1.0,optimal,0.9630217930025537,21830,55873,158856
sens-physical,Garr200404-r0,Garr200404,trajectory,B1,27,40.0,1.0,optimal,1.2402478180010803,21830,55873,158856
sens-physical,Garr200404-r0,Garr200404,trajectory,B1,28,40.0,1.0,optimal,0.7812402710042079,21830,55873,158856
sens-physical,Garr200404-r0,Garr200404,trajectory,B1,29,40.0,1.0,optimal,1.2569342049973784,21830,55873,158856
sens-physical,Marwan-r0,Marwan,trajectory,B1,0,40.0,1.0,optimal,0.9700362680014223,26814,60149,176018
sens-physical,Marwan-r0,Marwan,trajectory,B1,1,40.0,1.0,optimal,0.9770322330005001,26814,60149,176018
sens-physical,Marwan-r0,Marwan,trajectory,B1,2,40.0,1.0,optimal,1.0100742770009674,26814,60149,176018
sens-physical,Marwan-r0,Marwan,trajectory,B1,3,40.0,1.0,optimal,1.2323393800033955,26814,60149,176018
sens-physical,Marwan-r0,Marwan,trajectory,B1,4,40.0,1.0,optimal,1.2823042399977567,26814,60149,176018
sens-physical,Marwan-r0,Marwan,trajectory,B1,5,40.0,1.0,optimal,1.029519376999815,26814,60149,176018
sens-physical,Marwan-r0,Marwan,trajectory,B1,6,40.0,1.0,optimal,0.9701650839997455,26814,60149,176018
sens-physical,Marwan-r0,Marwan,trajectory,B1,7,40.0,1.0,optimal,0.942403913999442,26814,60149,176018
sens-physical,Marwan-r0,Marwan,trajectory,B1,8,40.0,1.0,optimal,1.0260306690033758,26814,60149,176018
sens-physical,Marwan-r0,Marwan,trajectory,B1,9,40.0,1.0,optimal,1.0755691020021914,26814,60149,176018
sens-physical,Marwan-r0,Marwan,trajectory,B1,10,40.0,1.0,optimal,1.072979641998245,26814,60149,176018
sens-physical,Marwan-r0,Marwan,trajectory,B1,11,40.0,1.0,optimal,0.9936123640000005,26814,60149,176018
sens-physical,Marwan-r0,Marwan,trajectory,B1,12,40.0,1.0,optimal,0.9629167530001723,26814,60149,176018
sens-physical,Marwan-r0,Marwan,trajectory,B1,13,40.0,1.0,optimal,0.9995143240012112,26814,60149,176018
sens-physical,Marwan-r0,Marwan,trajectory,B1,14,40.0,1.0,optimal,1.2437448579948978,26814,60149,176018
sens-physical,Marwan-r0,Marwan,trajectory,B1,15,40.0,1.0,optimal,1.0757701180045842,26814,60149,176018
sens-physical,Marwan-r0,Marwan,trajectory,B1,16,40.0,1.0,optimal,1.0120020190006471,26814,60149,176018
sens-physical,Marwan-r0,Marwan,trajectory,B1,17,40.0,1.0,optimal,1.2909091910041752,26814,60149,176018
sens-physical,Marwan-r0,Marwan,trajectory,B1,18,40.0,1.0,optimal,1.089733521999733,26814,60149,176018
sens-physical,Marwan-r0,Marwan,trajectory,B1,19,40.0,1.0,optimal,0.9845070350056631,26814,60149,176018
sens-physical,Marwan-r0,Marwan,trajectory,B1,20,40.0,1.0,optimal,0.9756393220013706,26814,60149,176018
sens-physical,Marwan-r0,Marwan,trajectory,B1,21,40.0,1.0,optimal,0.9639941540008294,26814,60149,176018
sens-physical,Marwan-r0,Marwan,trajectory,B1,22,40.0,1.0,optimal,1.1264401599983103,26814,60149,176018
sens-physical,Marwan-r0,Marwan,trajectory,B1,23,40.0,1.0,optimal,0.9783727760004695,26814,60149,176018
sens-physical,Marwan-r0,Marwan,trajectory,B1,24,40.0,1.0,optimal,0.980263120996824,26814,60149,176018
sens-physical,Marwan-r0,Marwan,trajectory,B1,25,40.0,1.0,optimal,1.3033093330013799,26814,60149,176018
sens-physical,Marwan-r0,Marwan,trajectory,B1,26,40.0,1.0,optimal,1.0282819069980178,26814,60149,176018
sens-physical,Marwan-r0,Marwan,trajectory,B1,27,40.0,1.0,optimal,0.939811741001904,26814,60149,176018
sens-physical,Marwan-r0,Marwan,trajectory,B1,28,40.0,1.0,optimal,1.0665372180010309,26814,60149,176018
sens-physical,Marwan-r0,Marwan,trajectory,B1,29,40.0,1.0,optimal,0.9461923080016277,26814,60149,176018
v0,Agis-r0,Agis,trajectory,B1,0,23.105980938500966,0.5776495234625242,optimal,2.110798932997568,32479,55987,207334
v0,Agis-r0,Agis,trajectory,B1,1,24.021493621381943,0.6005373405345485,optimal,2.2894548889962607,32479,55987,207334
v0,Agis-r0,Agis,trajectory,B1,2,24.864712341968826,0.6216178085492207,optimal,2.2553230019984767,32479,55987,207334
v0,Agis-r0,Agis,trajectory,B1,3,22.717903091268667,0.5679475772817166,optimal,2.178177618996415,32479,55987,207334
v0,Agis-r0,Agis,trajectory,B1,4,23.458778707111453,0.5864694676777863,optimal,2.124444125998707,32479,55987,207334
v0,Agis-r0,Agis,trajectory,B1,5,23.165218547568013,0.5791304636892003,optimal,2.628711238001415,32479,55987,207334
v0,Agis-r0,Agis,trajectory,B1,6,23.709346966121824,0.5927336741530456,optimal,2.235943726998812,32479,55987,207334
v0,Agis-r0,Agis,trajectory,B1,7,23.43459062426613,0.5858647656066532,optimal,2.8559147150008357,32479,55987,207334
v0,Agis-r0,Agis,trajectory,B1,8,23.8406568999984,0.59601642249996,optimal,2.514776964999328,32479,55987,207334
v0,Agis-r0,Agis,trajectory,B1,9,23.541532041140552,0.5885383010285138,optimal,2.1979184840020025,32479,55987,207334
v0,Agis-r0,Agis,trajectory,B1,10,23.918843721195636,0.5979710930298909,optimal,2.3814202069988823,32479,55987,207334
v0,Agis-r0,Agis,trajectory,B1,11,23.646822005595276,0.5911705501398818,optimal,2.180771976003598,32479,55987,207334
v0,Agis-r0,Agis,trajectory,B1,12,23.769422746540023,0.5942355686635006,optimal,2.54223861599894,32479,55987,207334
v0,Agis-r0,Agis,trajectory,B1,13,22.801870982994124,0.5700467745748531,optimal,2.118205159000354,32479,55987,207334
v0,Agis-r0,Agis,trajectory,B1,14,23.303217422414548,0.5825804355603637,optimal,2.087054043004173,32479,55987,207334
v0,Agis-r0,Agis,trajectory,B1,15,23.77027988307148,0.594256997076787,optimal,2.1183283840000513,32479,55987,207334
v0,Agis-r0,Agis,trajectory,B1,16,23.82696620687393,0.5956741551718483,optimal,2.748202286005835,32479,55987,207334
v0,Agis-r0,Agis,trajectory,B1,17,23.013807533721533,0.5753451883430383,optimal,2.5037747500027763,32479,55987,207334
v0,Agis-r0,Agis,trajectory,B1,18,23.273780486393466,0.5818445121598367,optimal,2.0133357559971046,32479,55987,207334
v0,Agis-r0,Agis,trajectory,B1,19,22.99822226227469,0.5749555565568673,optimal,2.254459639007109,32479,55987,207334
v0,Agis-r0,Agis,trajectory,B1,20,23.314721623423186,0.5828680405855796,optimal,2.1140486169970245,32479,55987,207334
v0,Agis-r0,Agis,trajectory,B1,21,23.887130364715635,0.5971782591178909,optimal,2.2206753290010965,32479,55987,207334
v0,Agis-r0,Agis,trajectory,B1,22,24.44957514861014,0.6112393787152535,optimal,2.1683559599987348,32479,55987,207334
v0,Agis-r0,Agis,trajectory,B1,23,23.522228001710893,0.5880557000427723,optimal,2.540235646003566,32479,55987,207334
v0,Agis-r0,Agis,trajectory,B1,24,24.104876858025577,0.6026219214506394,optimal,2.2160797210017336,32479,55987,207334
v0,Agis-r0,Agis,trajectory,B1,25,22.6324178426658,0.565810446066645,optimal,3.234009618005075,32479,55987,207334
v0,Agis-r0,Agis,trajectory,B1,26,22.668517391201068,0.5667129347800267,optimal,2.1830516339978203,32479,55987,207334
v0,Agis-r0,Agis,trajectory,B1,27,24.13421655703498,0.6033554139258744,optimal,2.7813279809997766,32479,55987,207334
v0,Agis-r0,Agis,trajectory,B1,28,22.775940090808696,0.5693985022702174,optimal,2.135432449998916,32479,55987,207334
v0,Agis-r0,Agis,trajectory,B1,29,23.063979964038626,0.5765994991009656,optimal,3.1289484259978053,32479,55987,207334
v0,Belnet2008-r0,Belnet2008,trajectory,B1,0,29.901576378656383,0.7475394094664096,optimal,3.1509537910023937,32073,61022,200759
v0,Belnet2008-r0,Belnet2008,trajectory,B1,1,27.99325235416537,0.6998313088541342,optimal,3.9447116930023185,32073,61022,200759
v0,Belnet2008-r0,Belnet2008,trajectory,B1,2,28.864689231354564,0.7216172307838641,optimal,3.430058079000446,32073,61022,200759
v0,Belnet2008-r0,Belnet2008,trajectory,B1,3,29.012110311669055,0.7253027577917264,optimal,3.287412581994431,32073,61022,200759
v0,Belnet2008-r0,Belnet2008,trajectory,B1,4,28.620868276832446,0.7155217069208112,optimal,3.180126177998318,32073,61022,200759
v0,Belnet2008-r0,Belnet2008,trajectory,B1,5,29.087629156211698,0.7271907289052925,optimal,3.9501619290022063,32073,61022,200759
v0,Belnet2008-r0,Belnet2008,trajectory,B1,6,28.797972704384335,0.7199493176096083,optimal,3.0984629759987,32073,61022,200759
v0,Belnet2008-r0,Belnet2008,trajectory,B1,7,28.384538064645884,0.7096134516161471,optimal,3.0989440030025435,32073,61022,200759
v0,Belnet2008-r0,Belnet2008,trajectory,B1,8,29.175358234861616,0.7293839558715404,optimal,2.915086431996315,32073,61022,200759
v0,Belnet2008-r0,Belnet2008,trajectory,B1,9,29.40230332256118,0.7350575830640296,optimal,4.418513885997527,32073,61022,200759
v0,Belnet2008-r0,Belnet2008,trajectory,B1,10,29.84017284260764,0.746004321065191,optimal,3.4764262109965784,32073,61022,200759
v0,Belnet2008-r0,Belnet2008,trajectory,B1,11,29.490550207038336,0.7372637551759584,optimal,3.194172146002529,32073,61022,200759
v0,Belnet2008-r0,Belnet2008,trajectory,B1,12,29.94704972670246,0.7486762431675615,optimal,3.9884379800059833,32073,61022,200759
v0,Belnet2008-r0,Belnet2008,trajectory,B1,13,30.060459546585975,0.7515114886646493,optimal,3.5520760540021,32073,61022,200759
v0,Belnet2008-r0,Belnet2008,trajectory,B1,14,29.104767423810724,0.7276191855952681,optimal,3.090529465000145,32073,61022,200759
v0,Belnet2008-r0,Belnet2008,trajectory,B1,15,29.265962814039902,0.7316490703509976,optimal,3.8080071639997186,32073,61022,200759
v0,Belnet2008-r0,Belnet2008,trajectory,B1,16,30.256742131659035,0.7564185532914759,optimal,3.287470201998076,32073,61022,200759
v0,Belnet2008-r0,Belnet2008,trajectory,B1,17,28.65574540569467,0.7163936351423668,optimal,3.2346797920035897,32073,61022,200759
v0,Belnet2008-r0,Belnet2008,trajectory,B1,18,29.31508762728384,0.732877190682096,optimal,2.9824679140001535,32073,61022,200759
v0,Belnet2008-r0,Belnet2008,trajectory,B1,19,29.412717838489364,0.7353179459622341,optimal,3.610695104005572,32073,61022,200759
v0,Belnet2008-r0,Belnet2008,trajectory,B1,20,28.161690340355175,0.7040422585088794,optimal,2.8936508520055213,32073,61022,200759
v0,Belnet2008-r0,Belnet2008,trajectory,B1,21,28.65579512441872,0.716394878110468,optimal,3.332535526002175,32073,61022,200759
v0,Belnet2008-r0,Belnet2008,trajectory,B1,22,29.466667221869553,0.7366666805467388,optimal,3.543676300003426,32073,61022,200759
v0,Belnet2008-r0,Belnet2008,trajectory,B1,23,28.437888805646356,0.7109472201411589,optimal,3.602620484001818,32073,61022,200759
v0,Belnet2008-r0,Belnet2008,trajectory,B1,24,28.330714870458166,0.7082678717614541,optimal,3.3555041220024577,32073,61022,200759
v0,Belnet2008-r0,Belnet2008,trajectory,B1,25,30.014402856963574,0.7503600714240893,optimal,3.3925773209994077,32073,61022,200759
v0,Belnet2008-r0,Belnet2008,trajectory,B1,26,29.216947197090743,0.7304236799272685,optimal,3.2862987219996285,32073,61022,200759
v0,Belnet2008-r0,Belnet2008,trajectory,B1,27,28.84021034380251,0.7210052585950628,optimal,2.9641398199964897,32073,61022,200759
v0,Belnet2008-r0,Belnet2008,trajectory,B1,28,28.54766347316109,0.7136915868290272,optimal,3.6566980500065256,32073,61022,200759
v0,Belnet2008-r0,Belnet2008,trajectory,B1,29,29.057055900096547,0.7264263975024137,optimal,2.914450277996366,32073,61022,200759
v0,BsonetEurope-r0,BsonetEurope,trajectory,B1,0,29.38897081536961,0.7347242703842403,optimal,2.8479380029966705,38907,63949,230858
v0,BsonetEurope-r0,BsonetEurope,trajectory,B1,1,28.34976483516971,0.7087441208792428,optimal,3.040447339997627,38907,63949,230858
v0,BsonetEurope-r0,BsonetEurope,trajectory,B1,2,28.88980767320144,0.722245191830036,optimal,3.0376616930007003,38907,63949,230858
v0,BsonetEurope-r0,BsonetEurope,trajectory,B1,3,28.721077404094522,0.718026935102363,optimal,2.8411859499974526,38907,63949,230858
v0,BsonetEurope-r0,BsonetEurope,trajectory,B1,4,29.20922772575544,0.730230693143886,optimal,3.0922046859996044,38907,63949,230858
v0,BsonetEurope-r0,BsonetEurope,trajectory,B1,5,28.865826602353764,0.7216456650588441,optimal,3.5425337679989752,38907,63949,230858
v0,BsonetEurope-r0,BsonetEurope,trajectory,B1,6,28.35870829097058,0.7089677072742645,optimal,2.9613777909980854,38907,63949,230858
v0,BsonetEurope-r0,BsonetEurope,trajectory,B1,7,28.48355088302244,0.712088772075561,optimal,2.8944778320001205,38907,63949,230858
v0,BsonetEurope-r0,BsonetEurope,trajectory,B1,8,27.920068284599587,0.6980017071149897,optimal,3.071374671999365,38907,63949,230858
v0,BsonetEurope-r0,BsonetEurope,trajectory,B1,9,28.491783870385476,0.7122945967596369,optimal,3.1181408260017633,38907,63949,230858
v0,BsonetEurope-r0,BsonetEurope,trajectory,B1,10,27.47508323865028,0.686877080966257,optimal,2.9000605320034083,38907,63949,230858
v0,BsonetEurope-r0,BsonetEurope,trajectory,B1,11,28.43799224146185,0.7109498060365462,optimal,3.7775665119988844,38907,63949,230858
v0,BsonetEurope-r0,BsonetEurope,trajectory,B1,12,28.481083229692324,0.7120270807423081,optimal,2.9762734079995425,38907,63949,230858
v0,BsonetEurope-r0,BsonetEurope,trajectory,B1,13,29.370450719064632,0.7342612679766158,optimal,3.2092731189986807,38907,63949,230858
v0,BsonetEurope-r0,BsonetEurope,trajectory,B1,14,29.00348717605387,0.7250871794013467,optimal,3.1734207159970538,38907,63949,230858
v0,BsonetEurope-r0,BsonetEurope,trajectory,B1,15,29.058530713039605,0.7264632678259901,optimal,3.217659657995682,38907,63949,230858
v0,BsonetEurope-r0,BsonetEurope,trajectory,B1,16,29.090193069686567,0.7272548267421641,optimal,3.2663164969999343,38907,63949,230858
v0,BsonetEurope-r0,BsonetEurope,trajectory,B1,17,29.44311033543389,0.7360777583858472,optimal,3.5827085619966965,38907,63949,230858
v0,BsonetEurope-r0,BsonetEurope,trajectory,B1,18,29.32342837203238,0.7330857093008095,optimal,3.3475926810060628,38907,63949,230858
v0,BsonetEurope-r0,BsonetEurope,trajectory,B1,19,29.24177745392575,0.7310444363481438,optimal,3.186105184002372,38907,63949,230858
v0,BsonetEurope-r0,BsonetEurope,trajectory,B1,20,28.94973060771765,0.7237432651929413,optimal,2.853466271997604,38907,63949,230858
v0,BsonetEurope-r0,BsonetEurope,trajectory,B1,21,28.647337982193537,0.7161834495548385,optimal,3.517340965998301,38907,63949,230858
v0,BsonetEurope-r0,BsonetEurope,trajectory,B1,22,29.188897752204316,0.7297224438051079,optimal,2.8727210229990305,38907,63949,230858
v0,BsonetEurope-r0,BsonetEurope,trajectory,B1,23,28.762289048281332,0.7190572262070333,optimal,3.6780682540047565,38907,63949,230858
v0,BsonetEurope-r0,BsonetEurope,trajectory,B1,24,27.672268171143585,0.6918067042785896,optimal,3.055195277003804,38907,63949,230858
v0,BsonetEurope-r0,BsonetEurope,trajectory,B1,25,28.334484947076902,0.7083621236769225,optimal,3.1444069470016984,38907,63949,230858
v0,BsonetEurope-r0,BsonetEurope,trajectory,B1,26,29.01261404118726,0.7253153510296815,optimal,3.0254003450027085,38907,63949,230858
v0,BsonetEurope-r0,BsonetEurope,trajectory,B1,27,28.663316576264652,0.7165829144066163,optimal,2.9506718440024997,38907,63949,230858
v0,BsonetEurope-r0,BsonetEurope,trajectory,B1,28,29.300498647834655,0.7325124661958664,optimal,3.9224911050041555,38907,63949,230858
v0,BsonetEurope-r0,BsonetEurope,trajectory,B1,29,27.690999263510374,0.6922749815877594,optimal,2.793838865996804,38907,63949,230858
v0,BtNorthAmerica-r0,BtNorthAmerica,trajectory,B1,0,21.87708519712576,0.546927129928144,optimal,3.0000082540063886,37055,65225,228363
v0,BtNorthAmerica-r0,BtNorthAmerica,trajectory,B1,1,24.494956366805326,0.6123739091701331,optimal,3.123119713003689,37055,65225,228363
v0,BtNorthAmerica-r0,BtNorthAmerica,trajectory,B1,2,22.512598449813467,0.5628149612453367,optimal,3.2193422700001975,37055,65225,228363
v0,BtNorthAmerica-r0,BtNorthAmerica,trajectory,B1,3,23.226928513246197,0.5806732128311549,optimal,3.5549406790014473,37055,65225,228363
v0,BtNorthAmerica-r0,BtNorthAmerica,trajectory,B1,4,22.637295840950244,0.5659323960237561,optimal,3.224608331998752,37055,65225,228363
v0,BtNorthAmerica-r0,BtNorthAmerica,trajectory,B1,5,22.877972226599166,0.5719493056649791,optimal,3.206945623001957,37055,65225,228363
v0,BtNorthAmerica-r0,BtNorthAmerica,trajectory,B1,6,23.155467809778624,0.5788866952444656,optimal,3.3003397369975573,37055,65225,228363
v0,BtNorthAmerica-r0,BtNorthAmerica,trajectory,B1,7,22.025048356396084,0.5506262089099021,optimal,3.3189921250013867,37055,65225,228363
v0,BtNorthAmerica-r0,BtNorthAmerica,trajectory,B1,8,23.427897182696046,0.5856974295674011,optimal,2.984437541999796,37055,65225,228363
v0,BtNorthAmerica-r0,BtNorthAmerica,trajectory,B1,9,23.65741520338635,0.5914353800846588,optimal,2.9353271420040983,37055,65225,228363
v0,BtNorthAmerica-r0,BtNorthAmerica,trajectory,B1,10,22.188204258957587,0.5547051064739397,optimal,3.1079032449997612,37055,65225,228363
v0,BtNorthAmerica-r0,BtNorthAmerica,trajectory,B1,11,23.15256615903769,0.5788141539759423,optimal,3.7906987680034945,37055,65225,228363
v0,BtNorthAmerica-r0,BtNorthAmerica,trajectory,B1,12,23.594031985502678,0.5898507996375669,optimal,3.08507830400049,37055,65225,228363
v0,BtNorthAmerica-r0,BtNorthAmerica,trajectory,B1,13,23.092887660699937,0.5773221915174984,optimal,3.2700734010068118,37055,65225,228363
v0,BtNorthAmerica-r0,BtNorthAmerica,trajectory,B1,14,22.038355496015264,0.5509588874003816,optimal,3.0102422979980474,37055,65225,228363
v0,BtNorthAmerica-r0,BtNorthAmerica,trajectory,B1,15,22.314098808346177,0.5578524702086545,optimal,3.1913092309987405,37055,65225,228363
v0,BtNorthAmerica-r0,BtNorthAmerica,trajectory,B1,16,22.59368479519139,0.5648421198797847,optimal,3.6037281620010617,37055,65225,228363
v0,BtNorthAmerica-r0,BtNorthAmerica,trajectory,B1,17,22.42230864243236,0.560557716060809,optimal,2.9660123770008795,37055,65225,228363
v0,BtNorthAmerica-r0,BtNorthAmerica,trajectory,B1,18,21.759066281659436,0.5439766570414859,optimal,3.787943871000607,37055,65225,228363
v0,BtNorthAmerica-r0,BtNorthAmerica,trajectory,B1,19,22.40972823285271,0.5602432058213178,optimal,3.0050226769963047,37055,65225,228363
v0,BtNorthAmerica-r0,BtNorthAmerica,trajectory,B1,20,23.62369493713005,0.5905923734282512,optimal,3.0305270229946473,37055,65225,228363
v0,BtNorthAmerica-r0,BtNorthAmerica,trajectory,B1,21,22.754626865379453,0.5688656716344863,optimal,3.581113633001223,37055,65225,228363
v0,BtNorthAmerica-r0,BtNorthAmerica,trajectory,B1,22,22.395249905419984,0.5598812476354996,optimal,3.4361134150021826,37055,65225,228363
v0,BtNorthAmerica-r0,BtNorthAmerica,trajectory,B1,23,24.542180089354904,0.6135545022338726,optimal,3.2475096769994707,37055,65225,228363
v0,BtNorthAmerica-r0,BtNorthAmerica,trajectory,B1,24,23.146813197182883,0.5786703299295721,optimal,3.2691637390016695,37055,65225,228363
v0,BtNorthAmerica-r0,BtNorthAmerica,trajectory,B1,25,22.165307588530002,0.55413268971325,optimal,3.456362592994992,37055,65225,228363
v0,BtNorthAmerica-r0,BtNorthAmerica,trajectory,B1,26,22.866332650430053,0.5716583162607514,optimal,3.447408200998325,37055,65225,228363
v0,BtNorthAmerica-r0,BtNorthAmerica,trajectory,B1,27,22.70328021268849,0.5675820053172123,optimal,3.3228708259994164,37055,65225,228363
v0,BtNorthAmerica-r0,BtNorthAmerica,trajectory,B1,28,21.41414734791631,0.5353536836979077,optimal,3.143410724005662,37055,65225,228363
v0,BtNorthAmerica-r0,BtNorthAmerica,trajectory,B1,29,22.75742051931477,0.5689355129828693,optimal,3.49971011299931,37055,65225,228363
v0,Cesnet200603-r0,Cesnet200603,trajectory,B1,0,20.881416442984584,0.5220354110746146,optimal,3.0496893000017735,38905,69110,237082
v0,Cesnet200603-r0,Cesnet200603,trajectory,B1,1,22.535774406504256,0.5633943601626064,optimal,3.3680608220020076,38905,69110,237082
v0,Cesnet200603-r0,Cesnet200603,trajectory,B1,2,21.59670528602368,0.5399176321505921,optimal,3.200672619001125,38905,69110,237082
v0,Cesnet200603-r0,Cesnet200603,trajectory,B1,3,21.265933674958656,0.5316483418739664,optimal,2.7521356950019253,38905,69110,237082
v0,Cesnet200603-r0,Cesnet200603,trajectory,B1,4,21.659319344917506,0.5414829836229377,optimal,3.0205252390005626,38905,69110,237082
v0,Cesnet200603-r0,Cesnet200603,trajectory,B1,5,21.799826029352474,0.5449956507338118,optimal,2.6458638349940884,38905,69110,237082
v0,Cesnet200603-r0,Cesnet200603,trajectory,B1,6,21.01414822595284,0.525353705648821,optimal,2.8683250100002624,38905,69110,237082
v0,Cesnet200603-r0,Cesnet200603,trajectory,B1,7,21.90027701222438,0.5475069253056095,optimal,3.1879089450012543,38905,69110,237082
v0,Cesnet200603-r0,Cesnet200603,trajectory,B1,8,21.374832477552292,0.5343708119388073,optimal,3.0982483999978285,38905,69110,237082
v0,Cesnet200603-r0,Cesnet200603,trajectory,B1,9,21.290262948015183,0.5322565737003796,optimal,2.8897247160057304,38905,69110,237082
v0,Cesnet200603-r0,Cesnet200603,trajectory,B1,10,22.31741074170369,0.5579352685425922,optimal,2.926489722005499,38905,69110,237082
v0,Cesnet200603-r0,Cesnet200603,trajectory,B1,11,21.325205956647512,0.5331301489161878,optimal,2.4839664390019607,38905,69110,237082
v0,Cesnet200603-r0,Cesnet200603,trajectory,B1,12,21.74924978572875,0.5437312446432188,optimal,3.042112315997656,38905,69110,237082
v0,Cesnet200603-r0,Cesnet200603,trajectory,B1,13,22.450614008324692,0.5612653502081173,optimal,2.842340333998436,38905,69110,237082
v0,Cesnet200603-r0,Cesnet200603,trajectory,B1,14,21.73900976547316,0.543475244136829,optimal,3.2117801899948972,38905,69110,237082
v0,Cesnet200603-r0,Cesnet200603,trajectory,B1,15,21.028011041609858,0.5257002760402465,optimal,2.385589079000056,38905,69110,237082
v0,Cesnet200603-r0,Cesnet200603,trajectory,B1,16,21.253336633006676,0.5313334158251669,optimal,2.6247786070016446,38905,69110,237082
v0,Cesnet200603-r0,Cesnet200603,trajectory,B1,17,20.10065483999022,0.5025163709997555,optimal,3.273866273004387,38905,69110,237082
v0,Cesnet200603-r0,Cesnet200603,trajectory,B1,18,20.7018975035793,0.5175474375894825,optimal,2.4154452580041834,38905,69110,237082
v0,Cesnet200603-r0,Cesnet200603,trajectory,B1,19,21.894522820121608,0.5473630705030402,optimal,3.486979879999126,38905,69110,237082
v0,Cesnet200603-r0,Cesnet200603,trajectory,B1,20,21.93529179888671,0.5483822949721677,optimal,3.00155353199807,38905,69110,237082
v0,Cesnet200603-r0,Cesnet200603,trajectory,B1,21,21.776269899081424,0.5444067474770355,optimal,2.717519240999536,38905,69110,237082
v0,Cesnet200603-r0,Cesnet200603,trajectory,B1,22,21.423318451472323,0.535582961286808,optimal,2.3788644900050713,38905,69110,237082
v0,Cesnet200603-r0,Cesnet200603,trajectory,B1,23,21.088067341178313,0.5272016835294578,optimal,2.9210379930009367,38905,69110,237082
v0,Cesnet200603-r0,Cesnet200603,trajectory,B1,24,21.75103136923716,0.543775784230929,optimal,2.7110258169996087,38905,69110,237082
v0,Cesnet200603-r0,Cesnet200603,trajectory,B1,25,21.746302833418422,0.5436575708354605,optimal,3.1755881439967197,38905,69110,237082
v0,Cesnet200603-r0,Cesnet200603,trajectory,B1,26,21.54554148524845,0.5386385371312112,optimal,2.662062365998281,38905,69110,237082
v0,Cesnet200603-r0,Cesnet200603,trajectory,B1,27,21.812406241034633,0.5453101560258659,optimal,3.1062851839960786,38905,69110,237082
v0,Cesnet200603-r0,Cesnet200603,trajectory,B1,28,22.528153773139323,0.563203844328483,optimal,2.6891088420015876,38905,69110,237082
v0,Cesnet200603-r0,Cesnet200603,trajectory,B1,29,20.985197409174408,0.5246299352293602,optimal,2.6410899629991036,38905,69110,237082
v0,Digex-r0,Digex,trajectory,B1,0,23.733069480172006,0.5933267370043002,optimal,6.422890534006001,65780,99610,327354
v0,Digex-r0,Digex,trajectory,B1,1,24.875495260932798,0.6218873815233199,optimal,5.803441340998688,65780,99610,327354
v0,Digex-r0,Digex,trajectory,B1,2,24.89788294488839,0.6224470736222097,optimal,5.737521560993628,65780,99610,327354
v0,Digex-r0,Digex,trajectory,B1,3,24.450685790667972,0.6112671447666993,optimal,5.8588968830008525,65780,99610,327354
v0,Digex-r0,Digex,trajectory,B1,4,25.344793195104934,0.6336198298776233,optimal,6.033371666002495,65780,99610,327354
v0,Digex-r0,Digex,trajectory,B1,5,24.147034698593355,0.6036758674648339,optimal,5.919774440000765,65780,99610,327354
v0,Digex-r0,Digex,trajectory,B1,6,24.815793691070812,0.6203948422767703,optimal,5.852094339003088,65780,99610,327354
v0,Digex-r0,Digex,trajectory,B1,7,24.16304413433232,0.604076103358308,optimal,5.758024656002817,65780,99610,327354
v0,Digex-r0,Digex,trajectory,B1,8,24.79276561692276,0.6198191404230691,optimal,6.3141756519980845,65780,99610,327354
v0,Digex-r0,Digex,trajectory,B1,9,24.56458441978912,0.614114610494728,optimal,6.468845613999292,65780,99610,327354
v0,Digex-r0,Digex,trajectory,B1,10,23.054642805918363,0.576366070147959,optimal,5.902831295999931,65780,99610,327354
v0,Digex-r0,Digex,trajectory,B1,11,23.702535600104117,0.5925633900026029,optimal,5.894032064999919,65780,99610,327354
v0,Digex-r0,Digex,trajectory,B1,12,25.8792799773263,0.6469819994331575,optimal,5.935173966005095,65780,99610,327354
v0,Digex-r0,Digex,trajectory,B1,13,25.006662686771698,0.6251665671692924,optimal,6.468047914997442,65780,99610,327354
v0,Digex-r0,Digex,trajectory,B1,14,23.208741371267877,0.5802185342816969,optimal,5.8290348520022235,65780,99610,327354
v0,Digex-r0,Digex,trajectory,B1,15,24.742343369740233,0.6185585842435058,optimal,6.666740451997612,65780,99610,327354
v0,Digex-r0,Digex,trajectory,B1,16,24.457674178067982,0.6114418544516995,optimal,5.855965025999467,65780,99610,327354
v0,Digex-r0,Digex,trajectory,B1,17,25.590418424849403,0.639760460621235,optimal,5.9578433179995045,65780,99610,327354
v0,Digex-r0,Digex,trajectory,B1,18,24.026203481455518,0.6006550870363879,optimal,5.729767696997442,65780,99610,327354
v0,Digex-r0,Digex,trajectory,B1,19,23.933667767346876,0.5983416941836719,optimal,6.611909797997214,65780,99610,327354
v0,Digex-r0,Digex,trajectory,B1,20,24.11229983381106,0.6028074958452765,optimal,5.993389479001053,65780,99610,327354
v0,Digex-r0,Digex,trajectory,B1,21,24.023934636118533,0.6005983659029633,optimal,5.949548575001245,65780,99610,327354
v0,Digex-r0,Digex,trajectory,B1,22,24.86470088323339,0.6216175220808348,optimal,6.057193587002985,65780,99610,327354
v0,Digex-r0,Digex,trajectory,B1,23,23.891912195308812,0.5972978048827203,optimal,6.527995938995446,65780,99610,327354
v0,Digex-r0,Digex,trajectory,B1,24,24.84383676654163,0.6210959191635408,optimal,7.010596233005344,65780,99610,327354
v0,Digex-r0,Digex,trajectory,B1,25,25.424065793549637,0.6356016448387409,optimal,6.046521206000762,65780,99610,327354
v0,Digex-r0,Digex,trajectory,B1,26,24.770472933139118,0.6192618233284779,optimal,7.105714564000664,65780,99610,327354
v0,Digex-r0,Digex,trajectory,B1,27,24.169587371718237,0.6042396842929559,optimal,6.260162523998588,65780,99610,327354
v0,Digex-r0,Digex,trajectory,B1,28,25.24284549275937,0.6310711373189842,optimal,7.99130839999998,65780,99610,327354
v0,Digex-r0,Digex,trajectory,B1,29,24.42319703834238,0.6105799259585595,optimal,6.197072676994139,65780,99610,327354
v0,Easynet-r0,Easynet,trajectory,B1,0,12.375444641696621,0.3093861160424155,optimal,2.7977043130013044,37597,61208,229684
v0,Easynet-r0,Easynet,trajectory,B1,1,12.02519970910769,0.30062999272769225,optimal,3.0510706969944295,37597,61208,229684
v0,Easynet-r0,Easynet,trajectory,B1,2,10.572036369763103,0.26430090924407756,optimal,3.528279616999498,37597,61208,229684
v0,Easynet-r0,Easynet,trajectory,B1,3,11.865174133740268,0.2966293533435067,optimal,3.002920165999967,37597,61208,229684
v0,Easynet-r0,Easynet,trajectory,B1,4,11.619705341418822,0.29049263353547056,optimal,3.2747695469952305,37597,61208,229684
v0,Easynet-r0,Easynet,trajectory,B1,5,12.519843950077153,0.3129960987519288,optimal,3.164023247001751,37597,61208,229684
v0,Easynet-r0,Easynet,trajectory,B1,6,12.201820710248798,0.30504551775621996,optimal,3.0660114630009048,37597,61208,229684
v0,Easynet-r0,Easynet,trajectory,B1,7,13.460964404828989,0.3365241101207247,optimal,3.4836948989977827,37597,61208,229684
v0,Easynet-r0,Easynet,trajectory,B1,8,12.986721802927853,0.32466804507319635,optimal,2.9848634180016234,37597,61208,229684
v0,Easynet-r0,Easynet,trajectory,B1,9,11.84012910325543,0.29600322758138575,optimal,3.4943514139959007,37597,61208,229684
v0,Easynet-r0,Easynet,trajectory,B1,10,12.102388483408966,0.30255971208522414,optimal,3.628880039002979,37597,61208,229684
v0,Easynet-r0,Easynet,trajectory,B1,11,11.926576301475349,0.2981644075368837,optimal,3.068491983001877,37597,61208,229684
v0,Easynet-r0,Easynet,trajectory,B1,12,12.60297666151274,0.3150744165378185,optimal,2.8860820129993954,37597,61208,229684
v0,Easynet-r0,Easynet,trajectory,B1,13,11.138664470822748,0.2784666117705687,optimal,3.690453612995043,37597,61208,229684
v0,Easynet-r0,Easynet,trajectory,B1,14,13.829781184914127,0.3457445296228532,optimal,2.860375133997877,37597,61208,229684
v0,Easynet-r0,Easynet,trajectory,B1,15,12.430644067805188,0.3107661016951297,optimal,3.59602655100025,37597,61208,229684
v0,Easynet-r0,Easynet,trajectory,B1,16,11.20379389550418,0.2800948473876045,optimal,2.821834583002783,37597,61208,229684
v0,Easynet-r0,Easynet,trajectory,B1,17,12.764525503112068,0.3191131375778017,optimal,2.819858764996752,37597,61208,229684
v0,Easynet-r0,Easynet,trajectory,B1,18,12.300359343319885,0.3075089835829971,optimal,3.799168995996297,37597,61208,229684
v0,Easynet-r0,Easynet,trajectory,B1,19,12.097408758066587,0.3024352189516647,optimal,3.0439281399958418,37597,61208,229684
v0,Easynet-r0,Easynet,trajectory,B1,20,12.527656950195048,0.3131914237548762,optimal,3.724849592996179,37597,61208,229684
v0,Easynet-r0,Easynet,trajectory,B1,21,11.099670349279036,0.2774917587319759,optimal,2.9902951749973,37597,61208,229684
v0,Easynet-r0,Easynet,trajectory,B1,22,11.501869831412428,0.2875467457853107,optimal,3.318571317999158,37597,61208,229684
v0,Easynet-r0,Easynet,trajectory,B1,23,12.053263039465422,0.30133157598663557,optimal,3.2006734939932358,37597,61208,229684
v0,Easynet-r0,Easynet,trajectory,B1,24,11.910676764968517,0.29776691912421294,optimal,3.092070516999229,37597,61208,229684
v0,Easynet-r0,Easynet,trajectory,B1,25,11.823969373770304,0.2955992343442576,optimal,2.8756550529942615,37597,61208,229684
v0,Easynet-r0,Easynet,trajectory,B1,26,11.436528488722688,0.2859132122180672,optimal,2.791582343998016,37597,61208,229684
v0,Easynet-r0,Easynet,trajectory,B1,27,12.23213634619315,0.30580340865482875,optimal,3.054301916003169,37597,61208,229684
v0,Easynet-r0,Easynet,trajectory,B1,28,11.944712679109461,0.29861781697773654,optimal,3.2843480539959273,37597,61208,229684
v0,Easynet-r0,Easynet,trajectory,B1,29,11.308406738434263,0.28271016846085656,optimal,3.4396871279968764,37597,61208,229684
v0,Garr200112-r0,Garr200112,trajectory,B1,0,26.558450084397894,0.6639612521099474,optimal,2.3606591380012105,29323,56299,188119
v0,Garr200112-r0,Garr200112,trajectory,B1,1,26.168215870795468,0.6542053967698866,optimal,2.990989253994485,29323,56299,188119
v0,Garr200112-r0,Garr200112,trajectory,B1,2,24.181603576238,0.60454008940595,optimal,2.6148633280026843,29323,56299,188119
v0,Garr200112-r0,Garr200112,trajectory,B1,3,27.29150670746204,0.682287667686551,optimal,2.603391530996305,29323,56299,188119
v0,Garr200112-r0,Garr200112,trajectory,B1,4,26.49708216165317,0.6624270540413293,optimal,2.125647898996249,29323,56299,188119
v0,Garr200112-r0,Garr200112,trajectory,B1,5,26.210578783059788,0.6552644695764946,optimal,2.6203871489997255,29323,56299,188119
v0,Garr200112-r0,Garr200112,trajectory,B1,6,26.487099694203195,0.6621774923550798,optimal,2.6272618220027653,29323,56299,188119
v0,Garr200112-r0,Garr200112,trajectory,B1,7,26.881533188758766,0.6720383297189692,optimal,2.769554202001018,29323,56299,188119
v0,Garr200112-r0,Garr200112,trajectory,B1,8,25.791314947507008,0.6447828736876752,optimal,2.202105508004024,29323,56299,188119
v0,Garr200112-r0,Garr200112,trajectory,B1,9,25.334720220825854,0.6333680055206463,optimal,2.248351365000417,29323,56299,188119
v0,Garr200112-r0,Garr200112,trajectory,B1,10,27.209688947341846,0.6802422236835461,optimal,2.5987138460041024,29323,56299,188119
v0,Garr200112-r0,Garr200112,trajectory,B1,11,26.435522419743727,0.6608880604935932,optimal,2.0629311009979574,29323,56299,188119
v0,Garr200112-r0,Garr200112,trajectory,B1,12,24.95142630112806,0.6237856575282015,optimal,2.233814105995407,29323,56299,188119
v0,Garr200112-r0,Garr200112,trajectory,B1,13,24.623196633692842,0.6155799158423211,optimal,2.426368779000768,29323,56299,188119
v0,Garr200112-r0,Garr200112,trajectory,B1,14,26.161842877870562,0.654046071946764,optimal,2.0558412300015334,29323,56299,188119
v0,Garr200112-r0,Garr200112,trajectory,B1,15,26.807635694165572,0.6701908923541393,optimal,2.378608990002249,29323,56299,188119
v0,Garr200112-r0,Garr200112,trajectory,B1,16,25.47054979747226,0.6367637449368064,optimal,2.2764973849989474,29323,56299,188119
v0,Garr200112-r0,Garr200112,trajectory,B1,17,26.933622022299826,0.6733405505574956,optimal,2.0084503079997376,29323,56299,188119
v0,Garr200112-r0,Garr200112,trajectory,B1,18,26.42021759877361,0.6605054399693403,optimal,2.6201766550002503,29323,56299,188119
v0,Garr200112-r0,Garr200112,trajectory,B1,19,25.25237506357547,0.6313093765893868,optimal,2.5326730700035114,29323,56299,188119
v0,Garr200112-r0,Garr200112,trajectory,B1,20,25.424673455630124,0.6356168363907531,optimal,2.653546181994898,29323,56299,188119
v0,Garr200112-r0,Garr200112,trajectory,B1,21,26.668053331039438,0.6667013332759859,optimal,2.211817705996509,29323,56299,188119
v0,Garr200112-r0,Garr200112,trajectory,B1,22,25.16459694299094,0.6291149235747735,optimal,2.103391306998674,29323,56299,188119
v0,Garr200112-r0,Garr200112,trajectory,B1,23,25.464175405086888,0.6366043851271722,optimal,2.156124205997912,29323,56299,188119
v0,Garr200112-r0,Garr200112,trajectory,B1,24,24.949861742287993,0.6237465435571998,optimal,2.185881523997523,29323,56299,188119
v0,Garr200112-r0,Garr200112,trajectory,B1,25,26.163209874610562,0.654080246865264,optimal,2.403384803001245,29323,56299,188119
v0,Garr200112-r0,Garr200112,trajectory,B1,26,27.548066472048955,0.6887016618012238,optimal,2.290047885995591,29323,56299,188119
v0,Garr200112-r0,Garr200112,trajectory,B1,27,25.825162656524004,0.6456290664131001,optimal,2.328480213000148,29323,56299,188119
v0,Garr200112-r0,Garr200112,trajectory,B1,28,26.950504394569588,0.6737626098642397,optimal,2.269951497000875,29323,56299,188119
v0,Garr200112-r0,Garr200112,trajectory,B1,29,25.99852959233206,0.6499632398083015,optimal,2.1242931710003177,29323,56299,188119
v0,Garr200404-r0,Garr200404,trajectory,B1,0,30.491502462178364,0.7622875615544591,optimal,1.9683476669961237,30153,58952,198035
v0,Garr200404-r0,Garr200404,trajectory,B1,1,29.33607305605347,0.7334018264013367,optimal,2.1640606299988576,30153,58952,198035
v0,Garr200404-r0,Garr200404,trajectory,B1,2,30.75840147681237,0.7689600369203092,optimal,2.0225524049965315,30153,58952,198035
v0,Garr200404-r0,Garr200404,trajectory,B1,3,28.973967522969332,0.7243491880742333,optimal,2.0307663019993925,30153,58952,198035
v0,Garr200404-r0,Garr200404,trajectory,B1,4,29.152677188882258,0.7288169297220565,optimal,2.0534202510025352,30153,58952,198035
v0,Garr200404-r0,Garr200404,trajectory,B1,5,29.898611402999816,0.7474652850749954,optimal,2.017417621995264,30153,58952,198035
v0,Garr200404-r0,Garr200404,trajectory,B1,6,30.66895007804804,0.766723751951201,optimal,1.9417877369996859,30153,58952,198035
v0,Garr200404-r0,Garr200404,trajectory,B1,7,30.381642473919918,0.759541061847998,optimal,2.123583505002898,30153,58952,198035
v0,Garr200404-r0,Garr200404,trajectory,B1,8,30.67103998533605,0.7667759996334013,optimal,2.2602775859995745,30153,58952,198035
v0,Garr200404-r0,Garr200404,trajectory,B1,9,30.561280631414423,0.7640320157853606,optimal,2.0473051379958633,30153,58952,198035
v0,Garr200404-r0,Garr200404,trajectory,B1,10,29.485300162851853,0.7371325040712964,optimal,2.1382650739979,30153,58952,198035
v0,Garr200404-r0,Garr200404,trajectory,B1,11,30.72044459316137,0.7680111148290343,optimal,2.6143190389993833,30153,58952,198035
v0,Garr200404-r0,Garr200404,trajectory,B1,12,29.732970505184827,0.7433242626296207,optimal,1.997544610996556,30153,58952,198035
v0,Garr200404-r0,Garr200404,trajectory,B1,13,30.647924783939924,0.7661981195984982,optimal,2.3804541759964195,30153,58952,198035
v0,Garr200404-r0,Garr200404,trajectory,B1,14,30.7479084967756,0.76869771241939,optimal,2.259567645996867,30153,58952,198035
v0,Garr200404-r0,Garr200404,trajectory,B1,15,29.170128479893073,0.7292532119973268,optimal,1.9561104930035071,30153,58952,198035
v0,Garr200404-r0,Garr200404,trajectory,B1,16,30.73019161406901,0.7682547903517253,optimal,2.4567089510019287,30153,58952,198035
v0,Garr200404-r0,Garr200404,trajectory,B1,17,30.874705962998743,0.7718676490749685,optimal,2.3739277290005703,30153,58952,198035
v0,Garr200404-r0,Garr200404,trajectory,B1,18,30.152934684316428,0.7538233671079106,optimal,1.844516361001297,30153,58952,198035
v0,Garr200404-r0,Garr200404,trajectory,B1,19,31.062639674019387,0.7765659918504847,optimal,2.328942949003249,30153,58952,198035
v0,Garr200404-r0,Garr200404,trajectory,B1,20,29.7523835221663,0.7438095880541575,optimal,1.928405908998684,30153,58952,198035
v0,Garr200404-r0,Garr200404,trajectory,B1,21,30.48876732803827,0.7622191832009568,optimal,2.4233842469984666,30153,58952,198035
v0,Garr200404-r0,Garr200404,trajectory,B1,22,31.00314308411946,0.7750785771029866,optimal,2.530533357996319,30153,58952,198035
v0,Garr200404-r0,Garr200404,trajectory,B1,23,29.70232819781627,0.7425582049454068,optimal,2.5469293129935977,30153,58952,198035
v0,Garr200404-r0,Garr200404,trajectory,B1,24,29.672955131311415,0.7418238782827854,optimal,1.9825248760025715,30153,58952,198035
v0,Garr200404-r0,Garr200404,trajectory,B1,25,30.333438119313293,0.7583359529828323,optimal,2.307626084999356,30153,58952,198035
v0,Garr200404-r0,Garr200404,trajectory,B1,26,30.53954139524278,0.7634885348810695,optimal,2.0335977639988414,30153,58952,198035
v0,Garr200404-r0,Garr200404,trajectory,B1,27,30.004458995730197,0.7501114748932549,optimal,1.8640219699955196,30153,58952,198035
v0,Garr200404-r0,Garr200404,trajectory,B1,28,30.405572172082522,0.760139304302063,optimal,1.8836473810006282,30153,58952,198035
v0,Garr200404-r0,Garr200404,trajectory,B1,29,31.094857895271723,0.7773714473817931,optimal,2.266180231999897,30153,58952,198035
v0,Marwan-r0,Marwan,trajectory,B1,0,20.92666279103225,0.5231665697758062,optimal,3.7036950920009986,41331,64555,238865
v0,Marwan-r0,Marwan,trajectory,B1,1,23.17340586824186,0.5793351467060466,optimal,4.21284247499716,41331,64555,238865
v0,Marwan-r0,Marwan,trajectory,B1,2,20.329779496607255,0.5082444874151814,optimal,3.7084251289998065,41331,64555,238865
v0,Marwan-r0,Marwan,trajectory,B1,3,20.813415649704535,0.5203353912426134,optimal,3.7316230360011104,41331,64555,238865
v0,Marwan-r0,Marwan,trajectory,B1,4,22.092733320889774,0.5523183330222443,optimal,3.440573266001593,41331,64555,238865
v0,Marwan-r0,Marwan,trajectory,B1,5,21.8167289615334,0.545418224038335,optimal,3.766152971998963,41331,64555,238865
v0,Marwan-r0,Marwan,trajectory,B1,6,21.212138354259306,0.5303034588564827,optimal,3.803576467995299,41331,64555,238865
v0,Marwan-r0,Marwan,trajectory,B1,7,21.124159975856383,0.5281039993964096,optimal,3.852785950002726,41331,64555,238865
v0,Marwan-r0,Marwan,trajectory,B1,8,21.891758361433475,0.5472939590358369,optimal,4.041683671995997,41331,64555,238865
v0,Marwan-r0,Marwan,trajectory,B1,9,21.75862528427037,0.5439656321067592,optimal,3.8514755639989744,41331,64555,238865
v0,Marwan-r0,Marwan,trajectory,B1,10,23.162630142915884,0.5790657535728971,optimal,4.684090959999594,41331,64555,238865
v0,Marwan-r0,Marwan,trajectory,B1,11,21.84826609510003,0.5462066523775008,optimal,3.9441114229994128,41331,64555,238865
v0,Marwan-r0,Marwan,trajectory,B1,12,22.584426029003218,0.5646106507250804,optimal,3.581966060002742,41331,64555,238865
v0,Marwan-r0,Marwan,trajectory,B1,13,23.26117394948192,0.581529348737048,optimal,4.33301116500661,41331,64555,238865
v0,Marwan-r0,Marwan,trajectory,B1,14,21.071831304524263,0.5267957826131066,optimal,4.124355840001954,41331,64555,238865
v0,Marwan-r0,Marwan,trajectory,B1,15,19.72575719090834,0.4931439297727085,optimal,3.4164438670050004,41331,64555,238865
v0,Marwan-r0,Marwan,trajectory,B1,16,21.62877222567718,0.5407193056419295,optimal,4.030418405003729,41331,64555,238865
v0,Marwan-r0,Marwan,trajectory,B1,17,22.839833315210072,0.5709958328802518,optimal,3.6171413129995926,41331,64555,238865
v0,Marwan-r0,Marwan,trajectory,B1,18,23.22560122342386,0.5806400305855964,optimal,3.426443857999402,41331,64555,238865
v0,Marwan-r0,Marwan,trajectory,B1,19,22.433441497410886,0.5608360374352721,optimal,3.9538849180025863,41331,64555,238865
v0,Marwan-r0,Marwan,trajectory,B1,20,21.587094348933686,0.5396773587233421,optimal,3.7130912560023717,41331,64555,238865
v0,Marwan-r0,Marwan,trajectory,B1,21,22.868516006950433,0.5717129001737609,optimal,4.209217834002629,41331,64555,238865
v0,Marwan-r0,Marwan,trajectory,B1,22,21.422754334934048,0.5355688583733512,optimal,3.5191726760021993,41331,64555,238865
v0,Marwan-r0,Marwan,trajectory,B1,23,21.92168734765713,0.5480421836914282,optimal,3.839862950000679,41331,64555,238865
v0,Marwan-r0,Marwan,trajectory,B1,24,20.502340018371378,0.5125585004592844,optimal,3.9108574140045675,41331,64555,238865
v0,Marwan-r0,Marwan,trajectory,B1,25,21.7062377736178,0.5426559443404451,optimal,3.483497034998436,41331,64555,238865
v0,Marwan-r0,Marwan,trajectory,B1,26,21.342088266529487,0.5335522066632372,optimal,4.32770534500014,41331,64555,238865
v0,Marwan-r0,Marwan,trajectory,B1,27,22.312259613662604,0.5578064903415652,optimal,3.725649992004037,41331,64555,238865
v0,Marwan-r0,Marwan,trajectory,B1,28,21.495602984517944,0.5373900746129486,optimal,4.069657729000028,41331,64555,238865
v0,Marwan-r0,Marwan,trajectory,B1,29,21.1730512283019,0.5293262807075475,optimal,4.111206052999478,41331,64555,238865
v0-bh50,Agis-r0,Agis,trajectory,B1,0,20.320957425200895,0.5080239356300223,optimal,2.7256825949953054,29845,52807,197722
v0-bh50,Agis-r0,Agis,trajectory,B1,1,21.0858112407806,0.527145281019515,optimal,2.461941284003842,29845,52807,197722
v0-bh50,Agis-r0,Agis,trajectory,B1,2,22.239404648101438,0.555985116202536,optimal,2.573976250998385,29845,52807,197722
v0-bh50,Agis-r0,Agis,trajectory,B1,3,20.5632417283545,0.5140810432088625,optimal,2.5248475889966357,29845,52807,197722
v0-bh50,Agis-r0,Agis,trajectory,B1,4,20.66697366243796,0.516674341560949,optimal,2.331701437004085,29845,52807,197722
v0-bh50,Agis-r0,Agis,trajectory,B1,5,20.49842123657824,0.512460530914456,optimal,3.072542882997368,29845,52807,197722
v0-bh50,Agis-r0,Agis,trajectory,B1,6,20.68986960480401,0.5172467401201002,optimal,2.636366927996278,29845,52807,197722
v0-bh50,Agis-r0,Agis,trajectory,B1,7,20.45899608280203,0.5114749020700508,optimal,2.136858776000736,29845,52807,197722
v0-bh50,Agis-r0,Agis,trajectory,B1,8,21.240280943655097,0.5310070235913774,optimal,2.9330423299979884,29845,52807,197722
v0-bh50,Agis-r0,Agis,trajectory,B1,9,20.6212698261247,0.5155317456531174,optimal,2.3322628349997103,29845,52807,197722
v0-bh50,Agis-r0,Agis,trajectory,B1,10,21.0939143635053,0.5273478590876325,optimal,2.1769927030036342,29845,52807,197722
v0-bh50,Agis-r0,Agis,trajectory,B1,11,20.796767614866706,0.5199191903716677,optimal,2.620820828997239,29845,52807,197722
v0-bh50,Agis-r0,Agis,trajectory,B1,12,20.980931760229108,0.5245232940057277,optimal,2.6084179770041374,29845,52807,197722
v0-bh50,Agis-r0,Agis,trajectory,B1,13,20.638129941445833,0.5159532485361458,optimal,2.492787817995122,29845,52807,197722
v0-bh50,Agis-r0,Agis,trajectory,B1,14,20.846809738740333,0.5211702434685084,optimal,2.7316633709997404,29845,52807,197722
v0-bh50,Agis-r0,Agis,trajectory,B1,15,21.19168462008322,0.5297921155020805,optimal,2.381465133999882,29845,52807,197722
v0-bh50,Agis-r0,Agis,trajectory,B1,16,21.00763013142232,0.525190753285558,optimal,2.527666329006024,29845,52807,197722
v0-bh50,Agis-r0,Agis,trajectory,B1,17,20.094864236141436,0.5023716059035359,optimal,3.2666430480021518,29845,52807,197722
v0-bh50,Agis-r0,Agis,trajectory,B1,18,20.773213986691346,0.5193303496672836,optimal,2.7263491560006514,29845,52807,197722
v0-bh50,Agis-r0,Agis,trajectory,B1,19,20.7288595668477,0.5182214891711925,optimal,3.091459046001546,29845,52807,197722
v0-bh50,Agis-r0,Agis,trajectory,B1,20,20.825410014816992,0.5206352503704248,optimal,2.8543554000061704,29845,52807,197722
v0-bh50,Agis-r0,Agis,trajectory,B1,21,20.647001432390027,0.5161750358097507,optimal,2.656954260004568,29845,52807,197722
v0-bh50,Agis-r0,Agis,trajectory,B1,22,21.80156500936817,0.5450391252342042,optimal,2.7228214880015003,29845,52807,197722
v0-bh50,Agis-r0,Agis,trajectory,B1,23,20.531271944044654,0.5132817986011163,optimal,2.6757485999987694,29845,52807,197722
v0-bh50,Agis-r0,Agis,trajectory,B1,24,21.572658925544577,0.5393164731386144,optimal,2.469744656998955,29845,52807,197722
v0-bh50,Agis-r0,Agis,trajectory,B1,25,20.041735371151773,0.5010433842787944,optimal,2.921774647998973,29845,52807,197722
v0-bh50,Agis-r0,Agis,trajectory,B1,26,19.949088042420346,0.49872720106050866,optimal,2.655388654995477,29845,52807,197722
v0-bh50,Agis-r0,Agis,trajectory,B1,27,21.928263169051277,0.5482065792262819,optimal,2.452759416002664,29845,52807,197722
v0-bh50,Agis-r0,Agis,trajectory,B1,28,20.210873365809864,0.5052718341452466,optimal,2.948450773001241,29845,52807,197722
v0-bh50,Agis-r0,Agis,trajectory,B1,29,20.287174689492176,0.5071793672373044,optimal,2.234363317002135,29845,52807,197722
v0-bh50,Belnet2008-r0,Belnet2008,trajectory,B1,0,28.434840942382813,0.7108710235595703,optimal,4.70965535799769,25820,52229,177144
v0-bh50,Belnet2008-r0,Belnet2008,trajectory,B1,1,26.311059052709986,0.6577764763177496,optimal,3.228653273996315,25820,52229,177144
v0-bh50,Belnet2008-r0,Belnet2008,trajectory,B1,2,27.579958679478118,0.6894989669869529,optimal,3.2404874740022933,25820,52229,177144
v0-bh50,Belnet2008-r0,Belnet2008,trajectory,B1,3,27.307089981964364,0.6826772495491091,optimal,5.193045216998144,25820,52229,177144
v0-bh50,Belnet2008-r0,Belnet2008,trajectory,B1,4,27.999337080556526,0.6999834270139131,optimal,4.519900214996596,25820,52229,177144
v0-bh50,Belnet2008-r0,Belnet2008,trajectory,B1,5,27.208326308939693,0.6802081577234923,optimal,3.2177030269958777,25820,52229,177144
v0-bh50,Belnet2008-r0,Belnet2008,trajectory,B1,6,27.75298894889403,0.6938247237223507,optimal,3.5285741219995543,25820,52229,177144
v0-bh50,Belnet2008-r0,Belnet2008,trajectory,B1,7,27.0105637530389,0.6752640938259724,optimal,3.7692865220014937,25820,52229,177144
v0-bh50,Belnet2008-r0,Belnet2008,trajectory,B1,8,28.212232035107547,0.7053058008776887,optimal,5.283163710999361,25820,52229,177144
v0-bh50,Belnet2008-r0,Belnet2008,trajectory,B1,9,27.780020663590143,0.6945005165897535,optimal,5.035175610995793,25820,52229,177144
v0-bh50,Belnet2008-r0,Belnet2008,trajectory,B1,10,27.848328311519737,0.6962082077879934,optimal,4.538402730999223,25820,52229,177144
v0-bh50,Belnet2008-r0,Belnet2008,trajectory,B1,11,27.641215892619734,0.6910303973154933,optimal,4.528764531998604,25820,52229,177144
v0-bh50,Belnet2008-r0,Belnet2008,trajectory,B1,12,27.87641972793151,0.6969104931982877,optimal,4.032327679000446,25820,52229,177144
v0-bh50,Belnet2008-r0,Belnet2008,trajectory,B1,13,27.725721163155733,0.6931430290788934,optimal,3.8238240419959766,25820,52229,177144
v0-bh50,Belnet2008-r0,Belnet2008,trajectory,B1,14,27.009669032178916,0.675241725804473,optimal,4.188850808001007,25820,52229,177144
v0-bh50,Belnet2008-r0,Belnet2008,trajectory,B1,15,27.374301404149783,0.6843575351037445,optimal,3.5574713320020237,25820,52229,177144
v0-bh50,Belnet2008-r0,Belnet2008,trajectory,B1,16,28.256351377699467,0.7064087844424867,optimal,3.734953744999075,25820,52229,177144
v0-bh50,Belnet2008-r0,Belnet2008,trajectory,B1,17,26.91898313501488,0.672974578375372,optimal,3.623172349995002,25820,52229,177144
v0-bh50,Belnet2008-r0,Belnet2008,trajectory,B1,18,27.029981401738567,0.6757495350434641,optimal,3.53274367099948,25820,52229,177144
v0-bh50,Belnet2008-r0,Belnet2008,trajectory,B1,19,27.14276037717046,0.6785690094292616,optimal,4.3843790810060455,25820,52229,177144
v0-bh50,Belnet2008-r0,Belnet2008,trajectory,B1,20,26.48532102998543,0.6621330257496357,optimal,3.8993157130025793,25820,52229,177144
v0-bh50,Belnet2008-r0,Belnet2008,trajectory,B1,21,27.52602459721991,0.6881506149304977,optimal,4.582954035999137,25820,52229,177144
v0-bh50,Belnet2008-r0,Belnet2008,trajectory,B1,22,27.803673199550243,0.6950918299887561,optimal,4.091066820001288,25820,52229,177144
v0-bh50,Belnet2008-r0,Belnet2008,trajectory,B1,23,28.106920618854268,0.7026730154713567,optimal,3.7287780650003697,25820,52229,177144
v0-bh50,Belnet2008-r0,Belnet2008,trajectory,B1,24,27.338768474371786,0.6834692118592947,optimal,4.380349783998099,25820,52229,177144
v0-bh50,Belnet2008-r0,Belnet2008,trajectory,B1,25,27.772370536019903,0.6943092634004976,optimal,4.682344696004293,25820,52229,177144
v0-bh50,Belnet2008-r0,Belnet2008,trajectory,B1,26,27.00965472155355,0.6752413680388387,optimal,4.323370919999434,25820,52229,177144
v0-bh50,Belnet2008-r0,Belnet2008,trajectory,B1,27,27.609623715233823,0.6902405928808456,optimal,3.6469133350037737,25820,52229,177144
v0-bh50,Belnet2008-r0,Belnet2008,trajectory,B1,28,26.915589850231033,0.6728897462557758,optimal,3.7219493469965528,25820,52229,177144
v0-bh50,Belnet2008-r0,Belnet2008,trajectory,B1,29,27.640766260610143,0.6910191565152536,optimal,3.84164941200288,25820,52229,177144
v0-bh50,BsonetEurope-r0,BsonetEurope,trajectory,B1,0,26.738959877134356,0.6684739969283588,optimal,9.795182277004642,30070,55009,200233
v0-bh50,BsonetEurope-r0,BsonetEurope,trajectory,B1,1,25.607933560817518,0.640198339020438,optimal,11.160707162998733,30070,55009,200233
v0-bh50,BsonetEurope-r0,BsonetEurope,trajectory,B1,2,26.199159940288183,0.6549789985072045,optimal,10.121150323997426,30070,55009,200233
v0-bh50,BsonetEurope-r0,BsonetEurope,trajectory,B1,3,26.45019768063294,0.6612549420158235,optimal,8.143190757000411,30070,55009,200233
v0-bh50,BsonetEurope-r0,BsonetEurope,trajectory,B1,4,26.632495500939136,0.6658123875234784,optimal,9.659386901999824,30070,55009,200233
v0-bh50,BsonetEurope-r0,BsonetEurope,trajectory,B1,5,26.529878967889264,0.6632469741972316,optimal,13.56906360299763,30070,55009,200233
v0-bh50,BsonetEurope-r0,BsonetEurope,trajectory,B1,6,25.813042736048654,0.6453260684012163,optimal,9.989980329999526,30070,55009,200233
v0-bh50,BsonetEurope-r0,BsonetEurope,trajectory,B1,7,26.045344478389705,0.6511336119597426,optimal,9.431814340001438,30070,55009,200233
v0-bh50,BsonetEurope-r0,BsonetEurope,trajectory,B1,8,25.58280701303476,0.639570175325869,optimal,7.975844542997947,30070,55009,200233
v0-bh50,BsonetEurope-r0,BsonetEurope,trajectory,B1,9,25.637082109497506,0.6409270527374377,optimal,11.668548138004553,30070,55009,200233
v0-bh50,BsonetEurope-r0,BsonetEurope,trajectory,B1,10,25.254848679155288,0.6313712169788822,optimal,7.213844858997618,30070,55009,200233
v0-bh50,BsonetEurope-r0,BsonetEurope,trajectory,B1,11,26.482430607126716,0.6620607651781679,optimal,12.600889460001781,30070,55009,200233
v0-bh50,BsonetEurope-r0,BsonetEurope,trajectory,B1,12,26.378917985353542,0.6594729496338385,optimal,12.062562854000134,30070,55009,200233
v0-bh50,BsonetEurope-r0,BsonetEurope,trajectory,B1,13,26.553386866959205,0.6638346716739801,optimal,9.2201159049946,30070,55009,200233
v0-bh50,BsonetEurope-r0,BsonetEurope,trajectory,B1,14,26.58139824537118,0.6645349561342795,optimal,13.86350366500119,30070,55009,200233
v0-bh50,BsonetEurope-r0,BsonetEurope,trajectory,B1,15,26.65166360246536,0.666291590061634,optimal,9.29976013799751,30070,55009,200233
v0-bh50,BsonetEurope-r0,BsonetEurope,trajectory,B1,16,26.384938618226514,0.6596234654556629,optimal,10.306654685999092,30070,55009,200233
v0-bh50,BsonetEurope-r0,BsonetEurope,trajectory,B1,17,26.747203472775375,0.6686800868193844,optimal,9.805177695001476,30070,55009,200233
v0-bh50,BsonetEurope-r0,BsonetEurope,trajectory,B1,18,26.851188288361403,0.6712797072090351,optimal,8.79285575299582,30070,55009,200233
v0-bh50,BsonetEurope-r0,BsonetEurope,trajectory,B1,19,26.4969593911056,0.6624239847776401,optimal,8.559334397999919,30070,55009,200233
v0-bh50,BsonetEurope-r0,BsonetEurope,trajectory,B1,20,26.489899973433758,0.6622474993358439,optimal,10.429636485001538,30070,55009,200233
v0-bh50,BsonetEurope-r0,BsonetEurope,trajectory,B1,21,26.185450266300982,0.6546362566575246,optimal,9.186026368995954,30070,55009,200233
v0-bh50,BsonetEurope-r0,BsonetEurope,trajectory,B1,22,26.81295632077017,0.6703239080192542,optimal,8.908075106999604,30070,55009,200233
v0-bh50,BsonetEurope-r0,BsonetEurope,trajectory,B1,23,26.63887699536706,0.6659719248841764,optimal,8.56826615799946,30070,55009,200233
v0-bh50,BsonetEurope-r0,BsonetEurope,trajectory,B1,24,25.39073987841726,0.6347684969604315,optimal,10.405644293001387,30070,55009,200233
v0-bh50,BsonetEurope-r0,BsonetEurope,trajectory,B1,25,26.143918586401124,0.6535979646600281,optimal,9.910793256000034,30070,55009,200233
v0-bh50,BsonetEurope-r0,BsonetEurope,trajectory,B1,26,26.556518655226096,0.6639129663806524,optimal,8.279187938998803,30070,55009,200233
v0-bh50,BsonetEurope-r0,BsonetEurope,trajectory,B1,27,26.140465017950824,0.6535116254487706,optimal,10.356205502001103,30070,55009,200233
v0-bh50,BsonetEurope-r0,BsonetEurope,trajectory,B1,28,26.878489763561774,0.6719622440890444,optimal,12.258781481003098,30070,55009,200233
v0-bh50,BsonetEurope-r0,BsonetEurope,trajectory,B1,29,25.19046812960451,0.6297617032401128,optimal,10.2374921169976,30070,55009,200233
v0-bh50,BtNorthAmerica-r0,BtNorthAmerica,trajectory,B1,0,21.12052337661853,0.5280130844154632,optimal,3.238132146994758,29819,57379,203076
v0-bh50,BtNorthAmerica-r0,BtNorthAmerica,trajectory,B1,1,23.42738007669179,0.5856845019172947,optimal,3.3934286499934387,29819,57379,203076
v0-bh50,BtNorthAmerica-r0,BtNorthAmerica,trajectory,B1,2,21.815800152056703,0.5453950038014176,optimal,3.1096924200028297,29819,57379,203076
v0-bh50,BtNorthAmerica-r0,BtNorthAmerica,trajectory,B1,3,21.615391559742857,0.5403847889935715,optimal,3.3217901090029045,29819,57379,203076
v0-bh50,BtNorthAmerica-r0,BtNorthAmerica,trajectory,B1,4,21.287012721102233,0.5321753180275558,optimal,2.9000137070033816,29819,57379,203076
v0-bh50,BtNorthAmerica-r0,BtNorthAmerica,trajectory,B1,5,22.430861375951253,0.5607715343987814,optimal,3.422065400001884,29819,57379,203076
v0-bh50,BtNorthAmerica-r0,BtNorthAmerica,trajectory,B1,6,22.311163967029316,0.5577790991757329,optimal,3.6585062140002265,29819,57379,203076
v0-bh50,BtNorthAmerica-r0,BtNorthAmerica,trajectory,B1,7,21.77790921358661,0.5444477303396653,optimal,2.7995007630015607,29819,57379,203076
v0-bh50,BtNorthAmerica-r0,BtNorthAmerica,trajectory,B1,8,22.726204460632463,0.5681551115158116,optimal,3.4659304060041904,29819,57379,203076
v0-bh50,BtNorthAmerica-r0,BtNorthAmerica,trajectory,B1,9,22.850522114566726,0.5712630528641681,optimal,3.709290320999571,29819,57379,203076
v0-bh50,BtNorthAmerica-r0,BtNorthAmerica,trajectory,B1,10,21.6168988736169,0.5404224718404225,optimal,3.5529671699987375,29819,57379,203076
v0-bh50,BtNorthAmerica-r0,BtNorthAmerica,trajectory,B1,11,22.60648190131548,0.565162047532887,optimal,3.606734722998226,29819,57379,203076
v0-bh50,BtNorthAmerica-r0,BtNorthAmerica,trajectory,B1,12,22.741974817428286,0.5685493704357072,optimal,3.510492615001567,29819,57379,203076
v0-bh50,BtNorthAmerica-r0,BtNorthAmerica,trajectory,B1,13,21.969226899853048,0.5492306724963262,optimal,3.5771920299957856,29819,57379,203076
v0-bh50,BtNorthAmerica-r0,BtNorthAmerica,trajectory,B1,14,21.160533726147218,0.5290133431536804,optimal,3.676988480001455,29819,57379,203076
v0-bh50,BtNorthAmerica-r0,BtNorthAmerica,trajectory,B1,15,21.172657830696206,0.5293164457674051,optimal,3.3674076960014645,29819,57379,203076
v0-bh50,BtNorthAmerica-r0,BtNorthAmerica,trajectory,B1,16,21.32532986977177,0.5331332467442943,optimal,3.0999865269986913,29819,57379,203076
v0-bh50,BtNorthAmerica-r0,BtNorthAmerica,trajectory,B1,17,21.545974304689278,0.538649357617232,optimal,3.907961905002594,29819,57379,203076
v0-bh50,BtNorthAmerica-r0,BtNorthAmerica,trajectory,B1,18,20.38494485083644,0.509623621270911,optimal,2.9888412810032605,29819,57379,203076
v0-bh50,BtNorthAmerica-r0,BtNorthAmerica,trajectory,B1,19,21.40439650109383,0.5351099125273457,optimal,2.870043421004084,29819,57379,203076
v0-bh50,BtNorthAmerica-r0,BtNorthAmerica,trajectory,B1,20,22.63782806981542,0.5659457017453855,optimal,4.103165171996807,29819,57379,203076
v0-bh50,BtNorthAmerica-r0,BtNorthAmerica,trajectory,B1,21,22.30686644433465,0.5576716611083662,optimal,3.249348801000451,29819,57379,203076
v0-bh50,BtNorthAmerica-r0,BtNorthAmerica,trajectory,B1,22,21.93709801832556,0.548427450458139,optimal,3.181029760999081,29819,57379,203076
v0-bh50,BtNorthAmerica-r0,BtNorthAmerica,trajectory,B1,23,23.907609303676345,0.5976902325919087,optimal,3.3946504589985125,29819,57379,203076
v0-bh50,BtNorthAmerica-r0,BtNorthAmerica,trajectory,B1,24,22.628864414551057,0.5657216103637764,optimal,4.369126753997989,29819,57379,203076
v0-bh50,BtNorthAmerica-r0,BtNorthAmerica,trajectory,B1,25,20.543470372646322,0.513586759316158,optimal,2.96426424299716,29819,57379,203076
v0-bh50,BtNorthAmerica-r0,BtNorthAmerica,trajectory,B1,26,21.47512645562185,0.5368781613905462,optimal,4.0512038259985275,29819,57379,203076
v0-bh50,BtNorthAmerica-r0,BtNorthAmerica,trajectory,B1,27,21.393860069075924,0.5348465017268981,optimal,4.234828713000752,29819,57379,203076
v0-bh50,BtNorthAmerica-r0,BtNorthAmerica,trajectory,B1,28,20.388632743996382,0.5097158185999096,optimal,3.3083690510029555,29819,57379,203076
v0-bh50,BtNorthAmerica-r0,BtNorthAmerica,trajectory,B1,29,22.027058130992618,0.5506764532748154,optimal,4.097493916997337,29819,57379,203076
v0-bh50,Cesnet200603-r0,Cesnet200603,trajectory,B1,0,18.881584784613057,0.4720396196153264,optimal,4.574113436996413,32932,63816,217105
v0-bh50,Cesnet200603-r0,Cesnet200603,trajectory,B1,1,20.429345543191154,0.5107336385797788,optimal,4.896170649000851,32932,63816,217105
v0-bh50,Cesnet200603-r0,Cesnet200603,trajectory,B1,2,19.01537252798762,0.4753843131996905,optimal,4.650234511995222,32932,63816,217105
v0-bh50,Cesnet200603-r0,Cesnet200603,trajectory,B1,3,19.4984986640628,0.48746246660157,optimal,3.9425007149984594,32932,63816,217105
v0-bh50,Cesnet200603-r0,Cesnet200603,trajectory,B1,4,19.444410824104867,0.4861102706026217,optimal,4.654626609997649,32932,63816,217105
v0-bh50,Cesnet200603-r0,Cesnet200603,trajectory,B1,5,19.451682353289403,0.4862920588322351,optimal,3.8892640240010223,32932,63816,217105
v0-bh50,Cesnet200603-r0,Cesnet200603,trajectory,B1,6,18.871641130886392,0.4717910282721598,optimal,4.492309730994748,32932,63816,217105
v0-bh50,Cesnet200603-r0,Cesnet200603,trajectory,B1,7,19.47156487595271,0.48678912189881773,optimal,4.185275261996139,32932,63816,217105
v0-bh50,Cesnet200603-r0,Cesnet200603,trajectory,B1,8,18.726439066992526,0.46816097667481316,optimal,3.991219950999948,32932,63816,217105
v0-bh50,Cesnet200603-r0,Cesnet200603,trajectory,B1,9,19.281017445237264,0.48202543613093163,optimal,5.006848082004581,32932,63816,217105
v0-bh50,Cesnet200603-r0,Cesnet200603,trajectory,B1,10,19.603398664997997,0.49008496662494994,optimal,4.577398848006851,32932,63816,217105
v0-bh50,Cesnet200603-r0,Cesnet200603,trajectory,B1,11,18.732783294428835,0.46831958236072085,optimal,4.236045074998401,32932,63816,217105
v0-bh50,Cesnet200603-r0,Cesnet200603,trajectory,B1,12,19.192157571426172,0.4798039392856543,optimal,3.8274211950047174,32932,63816,217105
v0-bh50,Cesnet200603-r0,Cesnet200603,trajectory,B1,13,20.46529683945987,0.5116324209864967,optimal,3.996118947005016,32932,63816,217105
v0-bh50,Cesnet200603-r0,Cesnet200603,trajectory,B1,14,19.541952669671296,0.4885488167417824,optimal,3.7271343150059693,32932,63816,217105
v0-bh50,Cesnet200603-r0,Cesnet200603,trajectory,B1,15,18.863310811982853,0.4715827702995713,optimal,3.930295696001849,32932,63816,217105
v0-bh50,Cesnet200603-r0,Cesnet200603,trajectory,B1,16,18.691071922785692,0.4672767980696423,optimal,3.551642066995555,32932,63816,217105
v0-bh50,Cesnet200603-r0,Cesnet200603,trajectory,B1,17,18.14210035521276,0.45355250888031906,optimal,4.398458693001885,32932,63816,217105
v0-bh50,Cesnet200603-r0,Cesnet200603,trajectory,B1,18,18.42976116249079,0.4607440290622698,optimal,3.7875932690003538,32932,63816,217105
v0-bh50,Cesnet200603-r0,Cesnet200603,trajectory,B1,19,18.932748236003146,0.47331870590007863,optimal,4.49578761599696,32932,63816,217105
v0-bh50,Cesnet200603-r0,Cesnet200603,trajectory,B1,20,19.258937041570842,0.48147342603927107,optimal,3.4984573969995836,32932,63816,217105
v0-bh50,Cesnet200603-r0,Cesnet200603,trajectory,B1,21,19.269522282494115,0.4817380570623529,optimal,3.803128775994992,32932,63816,217105
v0-bh50,Cesnet200603-r0,Cesnet200603,trajectory,B1,22,18.94540720522955,0.47363518013073874,optimal,4.593099778998294,32932,63816,217105
v0-bh50,Cesnet200603-r0,Cesnet200603,trajectory,B1,23,18.699315729875376,0.4674828932468844,optimal,4.296688112000993,32932,63816,217105
v0-bh50,Cesnet200603-r0,Cesnet200603,trajectory,B1,24,19.356399761137194,0.4839099940284298,optimal,3.9308213430049364,32932,63816,217105
v0-bh50,Cesnet200603-r0,Cesnet200603,trajectory,B1,25,19.899215760804168,0.4974803940201042,optimal,3.677580523995857,32932,63816,217105
v0-bh50,Cesnet200603-r0,Cesnet200603,trajectory,B1,26,18.80035630129188,0.470008907532297,optimal,4.471975751999707,32932,63816,217105
v0-bh50,Cesnet200603-r0,Cesnet200603,trajectory,B1,27,19.742259774362484,0.4935564943590621,optimal,4.069055355001183,32932,63816,217105
v0-bh50,Cesnet200603-r0,Cesnet200603,trajectory,B1,28,19.874033417923506,0.49685083544808767,optimal,4.44227345300169,32932,63816,217105
v0-bh50,Cesnet200603-r0,Cesnet200603,trajectory,B1,29,18.62914933408024,0.465728733352006,optimal,3.973345917998813,32932,63816,217105
v0-bh50,Digex-r0,Digex,trajectory,B1,0,22.63319327379113,0.5658298318447782,optimal,11.191636684001423,45116,75101,252840
v0-bh50,Digex-r0,Digex,trajectory,B1,1,22.98756610315785,0.5746891525789463,optimal,8.374200573001872,45116,75101,252840
v0-bh50,Digex-r0,Digex,trajectory,B1,2,22.79317354931616,0.569829338732904,optimal,10.894105797997327,45116,75101,252840
v0-bh50,Digex-r0,Digex,trajectory,B1,3,23.09725745873996,0.577431436468499,optimal,9.826235594002355,45116,75101,252840
v0-bh50,Digex-r0,Digex,trajectory,B1,4,23.728455837238606,0.5932113959309652,optimal,10.08413441000448,45116,75101,252840
v0-bh50,Digex-r0,Digex,trajectory,B1,5,22.917608684703428,0.5729402171175857,optimal,10.241695482996874,45116,75101,252840
v0-bh50,Digex-r0,Digex,trajectory,B1,6,23.10004804643161,0.5775012011607903,optimal,12.22977339800127,45116,75101,252840
v0-bh50,Digex-r0,Digex,trajectory,B1,7,23.125642595571684,0.5781410648892921,optimal,11.595876749997842,45116,75101,252840
v0-bh50,Digex-r0,Digex,trajectory,B1,8,23.084844236804535,0.5771211059201133,optimal,9.89393962900067,45116,75101,252840
v0-bh50,Digex-r0,Digex,trajectory,B1,9,22.829315779783087,0.5707328944945772,optimal,9.676122468998074,45116,75101,252840
v0-bh50,Digex-r0,Digex,trajectory,B1,10,21.931647852900788,0.5482911963225197,optimal,10.521668962006515,45116,75101,252840
v0-bh50,Digex-r0,Digex,trajectory,B1,11,22.392991355192255,0.5598247838798064,optimal,12.735905292000098,45116,75101,252840
v0-bh50,Digex-r0,Digex,trajectory,B1,12,23.529372345625998,0.58823430864065,optimal,9.838209527006256,45116,75101,252840
v0-bh50,Digex-r0,Digex,trajectory,B1,13,22.812958673025125,0.5703239668256281,optimal,11.809956386001431,45116,75101,252840
v0-bh50,Digex-r0,Digex,trajectory,B1,14,21.69747132395115,0.5424367830987787,optimal,10.973414899999625,45116,75101,252840
v0-bh50,Digex-r0,Digex,trajectory,B1,15,23.296593417160263,0.5824148354290066,optimal,11.282826784998178,45116,75101,252840
v0-bh50,Digex-r0,Digex,trajectory,B1,16,22.45464001484897,0.5613660003712242,optimal,8.996318614998017,45116,75101,252840
v0-bh50,Digex-r0,Digex,trajectory,B1,17,23.85851774941171,0.5964629437352927,optimal,12.050453017996915,45116,75101,252840
v0-bh50,Digex-r0,Digex,trajectory,B1,18,22.73632510457575,0.5684081276143937,optimal,9.559749084000941,45116,75101,252840
v0-bh50,Digex-r0,Digex,trajectory,B1,19,22.623735723360927,0.5655933930840231,optimal,9.38820249800483,45116,75101,252840
v0-bh50,Digex-r0,Digex,trajectory,B1,20,22.672402477698736,0.5668100619424684,optimal,10.306044866003504,45116,75101,252840
v0-bh50,Digex-r0,Digex,trajectory,B1,21,22.360375263701346,0.5590093815925337,optimal,8.85074503299984,45116,75101,252840
v0-bh50,Digex-r0,Digex,trajectory,B1,22,22.999647978776984,0.5749911994694246,optimal,12.428554288999294,45116,75101,252840
v0-bh50,Digex-r0,Digex,trajectory,B1,23,22.11032134778118,0.5527580336945295,optimal,10.270702071000414,45116,75101,252840
v0-bh50,Digex-r0,Digex,trajectory,B1,24,22.41772901860886,0.5604432254652215,optimal,14.53331867900124,45116,75101,252840
v0-bh50,Digex-r0,Digex,trajectory,B1,25,23.554917605655707,0.5888729401413927,optimal,11.325466870002856,45116,75101,252840
v0-bh50,Digex-r0,Digex,trajectory,B1,26,22.928618692994018,0.5732154673248504,optimal,9.97053867700015,45116,75101,252840
v0-bh50,Digex-r0,Digex,trajectory,B1,27,22.837082276673627,0.5709270569168406,optimal,11.232545834995108,45116,75101,252840
v0-bh50,Digex-r0,Digex,trajectory,B1,28,23.593022194553384,0.5898255548638346,optimal,11.844087488003424,45116,75101,252840
v0-bh50,Digex-r0,Digex,trajectory,B1,29,22.92201669344701,0.5730504173361752,optimal,8.246391658001812,45116,75101,252840
v0-bh50,Easynet-r0,Easynet,trajectory,B1,0,12.915389323268943,0.3228847330817236,optimal,2.528528388000268,32214,56024,211223
v0-bh50,Easynet-r0,Easynet,trajectory,B1,1,11.581836736370276,0.2895459184092569,optimal,2.576391930997488,32214,56024,211223
v0-bh50,Easynet-r0,Easynet,trajectory,B1,2,10.758367946375584,0.2689591986593896,optimal,2.4094292739973753,32214,56024,211223
v0-bh50,Easynet-r0,Easynet,trajectory,B1,3,12.229951261278247,0.30574878153195617,optimal,2.7763580989994807,32214,56024,211223
v0-bh50,Easynet-r0,Easynet,trajectory,B1,4,10.882709833511884,0.2720677458377971,optimal,2.574012719000166,32214,56024,211223
v0-bh50,Easynet-r0,Easynet,trajectory,B1,5,11.971816121080543,0.2992954030270136,optimal,2.4243114569981117,32214,56024,211223
v0-bh50,Easynet-r0,Easynet,trajectory,B1,6,12.642214408832597,0.31605536022081493,optimal,2.579444175004028,32214,56024,211223
v0-bh50,Easynet-r0,Easynet,trajectory,B1,7,13.621141414715055,0.34052853536787636,optimal,2.621457126995665,32214,56024,211223
v0-bh50,Easynet-r0,Easynet,trajectory,B1,8,12.527432571166905,0.31318581427917264,optimal,2.698618720001832,32214,56024,211223
v0-bh50,Easynet-r0,Easynet,trajectory,B1,9,11.3628030294639,0.2840700757365975,optimal,2.5586657149979146,32214,56024,211223
v0-bh50,Easynet-r0,Easynet,trajectory,B1,10,12.315366098728814,0.3078841524682204,optimal,3.400759342999663,32214,56024,211223
v0-bh50,Easynet-r0,Easynet,trajectory,B1,11,11.838944633081022,0.2959736158270255,optimal,2.5948962250040495,32214,56024,211223
v0-bh50,Easynet-r0,Easynet,trajectory,B1,12,12.301260412128524,0.30753151030321313,optimal,2.6876988009971683,32214,56024,211223
v0-bh50,Easynet-r0,Easynet,trajectory,B1,13,11.262226958691896,0.2815556739672974,optimal,2.6096829710004386,32214,56024,211223
v0-bh50,Easynet-r0,Easynet,trajectory,B1,14,13.771010812541476,0.3442752703135369,optimal,3.2096280330006266,32214,56024,211223
v0-bh50,Easynet-r0,Easynet,trajectory,B1,15,12.626701082923816,0.3156675270730954,optimal,2.6751608890044736,32214,56024,211223
v0-bh50,Easynet-r0,Easynet,trajectory,B1,16,11.645019703638376,0.2911254925909594,optimal,2.5681573120018584,32214,56024,211223
v0-bh50,Easynet-r0,Easynet,trajectory,B1,17,12.789394334566802,0.31973485836417004,optimal,2.851327163996757,32214,56024,211223
v0-bh50,Easynet-r0,Easynet,trajectory,B1,18,12.83752965793832,0.320938241448458,optimal,2.560437002000981,32214,56024,211223
v0-bh50,Easynet-r0,Easynet,trajectory,B1,19,12.150163651211749,0.30375409128029374,optimal,2.8545544860025984,32214,56024,211223
v0-bh50,Easynet-r0,Easynet,trajectory,B1,20,13.18541504176528,0.329635376044132,optimal,2.6657329380032024,32214,56024,211223
v0-bh50,Easynet-r0,Easynet,trajectory,B1,21,11.252932434614275,0.2813233108653569,optimal,2.567281509996974,32214,56024,211223
v0-bh50,Easynet-r0,Easynet,trajectory,B1,22,11.342931413268712,0.2835732853317178,optimal,2.4561687460009125,32214,56024,211223
v0-bh50,Easynet-r0,Easynet,trajectory,B1,23,11.951863918617615,0.2987965979654404,optimal,3.055905952001922,32214,56024,211223
v0-bh50,Easynet-r0,Easynet,trajectory,B1,24,12.348345288205628,0.3087086322051407,optimal,2.6182495469984133,32214,56024,211223
v0-bh50,Easynet-r0,Easynet,trajectory,B1,25,11.659943131137208,0.2914985782784302,optimal,2.5484306440048385,32214,56024,211223
v0-bh50,Easynet-r0,Easynet,trajectory,B1,26,11.446679131662258,0.28616697829155646,optimal,2.352346277999459,32214,56024,211223
v0-bh50,Easynet-r0,Easynet,trajectory,B1,27,11.849840600302237,0.29624601500755593,optimal,2.544922241002496,32214,56024,211223
v0-bh50,Easynet-r0,Easynet,trajectory,B1,28,12.336418239829683,0.30841045599574207,optimal,2.6361871710032574,32214,56024,211223
v0-bh50,Easynet-r0,Easynet,trajectory,B1,29,11.058573596088143,0.2764643399022036,optimal,2.6900438840020797,32214,56024,211223
v0-bh50,Garr200112-r0,Garr200112,trajectory,B1,0,25.11542455613108,0.627885613903277,optimal,2.8589040859951638,26131,53374,177436
v0-bh50,Garr200112-r0,Garr200112,trajectory,B1,1,25.09833821866051,0.6274584554665127,optimal,2.688807040998654,26131,53374,177436
v0-bh50,Garr200112-r0,Garr200112,trajectory,B1,2,23.276106359705206,0.5819026589926302,optimal,2.7876552419984364,26131,53374,177436
v0-bh50,Garr200112-r0,Garr200112,trajectory,B1,3,26.464153526415632,0.6616038381603908,optimal,2.7261650919972453,26131,53374,177436
v0-bh50,Garr200112-r0,Garr200112,trajectory,B1,4,25.89531476374303,0.6473828690935758,optimal,3.4584831230022246,26131,53374,177436
v0-bh50,Garr200112-r0,Garr200112,trajectory,B1,5,25.425021056942185,0.6356255264235546,optimal,2.742142891002004,26131,53374,177436
v0-bh50,Garr200112-r0,Garr200112,trajectory,B1,6,24.854842770938482,0.6213710692734621,optimal,2.8670151959959185,26131,53374,177436
v0-bh50,Garr200112-r0,Garr200112,trajectory,B1,7,25.44888449385165,0.6362221123462912,optimal,3.5400208130013198,26131,53374,177436
v0-bh50,Garr200112-r0,Garr200112,trajectory,B1,8,25.420826223255283,0.635520655581382,optimal,3.0857829390006373,26131,53374,177436
v0-bh50,Garr200112-r0,Garr200112,trajectory,B1,9,24.946092117627835,0.6236523029406958,optimal,2.874290749001375,26131,53374,177436
v0-bh50,Garr200112-r0,Garr200112,trajectory,B1,10,25.68348310198475,0.6420870775496187,optimal,3.748609241003578,26131,53374,177436
v0-bh50,Garr200112-r0,Garr200112,trajectory,B1,11,24.881656876505474,0.6220414219126369,optimal,2.798251693006023,26131,53374,177436
v0-bh50,Garr200112-r0,Garr200112,trajectory,B1,12,24.05581832340491,0.6013954580851227,optimal,3.473874777002493,26131,53374,177436
v0-bh50,Garr200112-r0,Garr200112,trajectory,B1,13,24.59825805612418,0.6149564514031045,optimal,2.625972811001702,26131,53374,177436
v0-bh50,Garr200112-r0,Garr200112,trajectory,B1,14,24.92186865389671,0.6230467163474177,optimal,3.4389442129977397,26131,53374,177436
v0-bh50,Garr200112-r0,Garr200112,trajectory,B1,15,25.574289715847407,0.6393572428961851,optimal,2.8015711049956735,26131,53374,177436
v0-bh50,Garr200112-r0,Garr200112,trajectory,B1,16,24.182540760738117,0.604563519018453,optimal,2.7153576470009284,26131,53374,177436
v0-bh50,Garr200112-r0,Garr200112,trajectory,B1,17,25.98566919104825,0.6496417297762063,optimal,2.9581387509970227,26131,53374,177436
v0-bh50,Garr200112-r0,Garr200112,trajectory,B1,18,25.804616729350183,0.6451154182337546,optimal,3.3155499170024996,26131,53374,177436
v0-bh50,Garr200112-r0,Garr200112,trajectory,B1,19,24.60880993835838,0.6152202484589595,optimal,2.351455039002758,26131,53374,177436
v0-bh50,Garr200112-r0,Garr200112,trajectory,B1,20,24.741724648631465,0.6185431162157866,optimal,2.730128576004063,26131,53374,177436
v0-bh50,Garr200112-r0,Garr200112,trajectory,B1,21,26.028457707865,0.6507114426966251,optimal,3.0874682559951907,26131,53374,177436
v0-bh50,Garr200112-r0,Garr200112,trajectory,B1,22,24.792136498757078,0.6198034124689269,optimal,3.508912773002521,26131,53374,177436
v0-bh50,Garr200112-r0,Garr200112,trajectory,B1,23,24.30986991501803,0.6077467478754508,optimal,2.8596127580021857,26131,53374,177436
v0-bh50,Garr200112-r0,Garr200112,trajectory,B1,24,24.599234922990657,0.6149808730747665,optimal,2.5690116039986606,26131,53374,177436
v0-bh50,Garr200112-r0,Garr200112,trajectory,B1,25,25.454730333735775,0.6363682583433944,optimal,2.845096316996205,26131,53374,177436
v0-bh50,Garr200112-r0,Garr200112,trajectory,B1,26,26.209916203873085,0.6552479050968272,optimal,3.0790305609989446,26131,53374,177436
v0-bh50,Garr200112-r0,Garr200112,trajectory,B1,27,25.004631690995566,0.6251157922748891,optimal,2.58475256300153,26131,53374,177436
v0-bh50,Garr200112-r0,Garr200112,trajectory,B1,28,25.586479698907894,0.6396619924726974,optimal,2.6133487350016367,26131,53374,177436
v0-bh50,Garr200112-r0,Garr200112,trajectory,B1,29,25.082324856675946,0.6270581214168987,optimal,2.7882538019985077,26131,53374,177436
v0-bh50,Garr200404-r0,Garr200404,trajectory,B1,0,30.169282893594684,0.7542320723398671,optimal,1.9544000220048474,27550,56278,189139
v0-bh50,Garr200404-r0,Garr200404,trajectory,B1,1,29.274261602555157,0.7318565400638789,optimal,2.036435073001485,27550,56278,189139
v0-bh50,Garr200404-r0,Garr200404,trajectory,B1,2,30.668793887676582,0.7667198471919145,optimal,2.047317741002189,27550,56278,189139
v0-bh50,Garr200404-r0,Garr200404,trajectory,B1,3,29.07933449406161,0.7269833623515403,optimal,2.067644754999492,27550,56278,189139
v0-bh50,Garr200404-r0,Garr200404,trajectory,B1,4,29.175484381759414,0.7293871095439853,optimal,2.018271778993949,27550,56278,189139
v0-bh50,Garr200404-r0,Garr200404,trajectory,B1,5,29.859784707009336,0.7464946176752334,optimal,2.065171542002645,27550,56278,189139
v0-bh50,Garr200404-r0,Garr200404,trajectory,B1,6,30.617382002909185,0.7654345500727296,optimal,2.162119373002497,27550,56278,189139
v0-bh50,Garr200404-r0,Garr200404,trajectory,B1,7,30.3285397256463,0.7582134931411575,optimal,1.8449995539995143,27550,56278,189139
v0-bh50,Garr200404-r0,Garr200404,trajectory,B1,8,30.603903758254486,0.7650975939563621,optimal,1.9993144449981628,27550,56278,189139
v0-bh50,Garr200404-r0,Garr200404,trajectory,B1,9,30.396250517570767,0.7599062629392692,optimal,2.1040912269963883,27550,56278,189139
v0-bh50,Garr200404-r0,Garr200404,trajectory,B1,10,29.22387960255315,0.7305969900638287,optimal,1.8217077880035504,27550,56278,189139
v0-bh50,Garr200404-r0,Garr200404,trajectory,B1,11,30.684937931830703,0.7671234482957676,optimal,2.2174633929971606,27550,56278,189139
v0-bh50,Garr200404-r0,Garr200404,trajectory,B1,12,29.74873826967862,0.7437184567419655,optimal,1.996642927006178,27550,56278,189139
v0-bh50,Garr200404-r0,Garr200404,trajectory,B1,13,29.960191513086347,0.7490047878271586,optimal,1.8367213200035621,27550,56278,189139
v0-bh50,Garr200404-r0,Garr200404,trajectory,B1,14,30.461345923925755,0.7615336480981438,optimal,1.8497356939988094,27550,56278,189139
v0-bh50,Garr200404-r0,Garr200404,trajectory,B1,15,29.03642292055888,0.725910573013972,optimal,1.765712717999122,27550,56278,189139
v0-bh50,Garr200404-r0,Garr200404,trajectory,B1,16,30.402599242099043,0.7600649810524761,optimal,2.0816858730031527,27550,56278,189139
v0-bh50,Garr200404-r0,Garr200404,trajectory,B1,17,30.40137097368894,0.7600342743422235,optimal,2.1742618729986134,27550,56278,189139
v0-bh50,Garr200404-r0,Garr200404,trajectory,B1,18,29.99668626918856,0.749917156729714,optimal,1.977978085000359,27550,56278,189139
v0-bh50,Garr200404-r0,Garr200404,trajectory,B1,19,30.622857525853668,0.7655714381463417,optimal,2.1448672440019436,27550,56278,189139
v0-bh50,Garr200404-r0,Garr200404,trajectory,B1,20,29.67969576171193,0.7419923940427983,optimal,2.0991975580036524,27550,56278,189139
v0-bh50,Garr200404-r0,Garr200404,trajectory,B1,21,30.232397098000977,0.7558099274500244,optimal,1.9449352329975227,27550,56278,189139
v0-bh50,Garr200404-r0,Garr200404,trajectory,B1,22,30.679212486040782,0.7669803121510196,optimal,1.9907780659996206,27550,56278,189139
v0-bh50,Garr200404-r0,Garr200404,trajectory,B1,23,29.580176658914134,0.7395044164728534,optimal,1.9021227880002698,27550,56278,189139
v0-bh50,Garr200404-r0,Garr200404,trajectory,B1,24,29.64266481724979,0.7410666204312448,optimal,2.0519813999999315,27550,56278,189139
v0-bh50,Garr200404-r0,Garr200404,trajectory,B1,25,30.218247642484947,0.7554561910621237,optimal,1.8995645129980403,27550,56278,189139
v0-bh50,Garr200404-r0,Garr200404,trajectory,B1,26,30.23277040531267,0.7558192601328168,optimal,2.1270184770037304,27550,56278,189139
v0-bh50,Garr200404-r0,Garr200404,trajectory,B1,27,30.011072071813015,0.7502768017953254,optimal,1.880429031996755,27550,56278,189139
v0-bh50,Garr200404-r0,Garr200404,trajectory,B1,28,29.885328843716838,0.7471332210929209,optimal,1.8293459310007165,27550,56278,189139
v0-bh50,Garr200404-r0,Garr200404,trajectory,B1,29,30.801254496825894,0.7700313624206474,optimal,1.9936868299992057,27550,56278,189139
v0-bh50,Marwan-r0,Marwan,trajectory,B1,0,20.620855470326624,0.5155213867581656,optimal,7.264180667007167,33164,55154,209751
v0-bh50,Marwan-r0,Marwan,trajectory,B1,1,22.464914928589597,0.5616228732147399,optimal,7.655139758993755,33164,55154,209751
v0-bh50,Marwan-r0,Marwan,trajectory,B1,2,21.23674726742556,0.530918681685639,optimal,11.986166989001504,33164,55154,209751
v0-bh50,Marwan-r0,Marwan,trajectory,B1,3,20.474085145955776,0.5118521286488944,optimal,6.463747907997458,33164,55154,209751
v0-bh50,Marwan-r0,Marwan,trajectory,B1,4,21.66017008838129,0.5415042522095322,optimal,5.726023536997673,33164,55154,209751
v0-bh50,Marwan-r0,Marwan,trajectory,B1,5,21.745525746894522,0.5436381436723631,optimal,10.163764938995882,33164,55154,209751
v0-bh50,Marwan-r0,Marwan,trajectory,B1,6,20.173888885767127,0.5043472221441782,optimal,7.057658867997816,33164,55154,209751
v0-bh50,Marwan-r0,Marwan,trajectory,B1,7,21.272064375682785,0.5318016093920697,optimal,10.262162379003712,33164,55154,209751
v0-bh50,Marwan-r0,Marwan,trajectory,B1,8,21.42986931667412,0.535746732916853,optimal,11.131846195996332,33164,55154,209751
v0-bh50,Marwan-r0,Marwan,trajectory,B1,9,21.804757279382713,0.5451189319845678,optimal,8.885577879002085,33164,55154,209751
v0-bh50,Marwan-r0,Marwan,trajectory,B1,10,22.889141215167964,0.5722285303791991,optimal,10.594910863001132,33164,55154,209751
v0-bh50,Marwan-r0,Marwan,trajectory,B1,11,21.164262037692897,0.5291065509423224,optimal,7.3040624630011735,33164,55154,209751
v0-bh50,Marwan-r0,Marwan,trajectory,B1,12,22.51632927755548,0.5629082319388871,optimal,7.834341132998816,33164,55154,209751
v0-bh50,Marwan-r0,Marwan,trajectory,B1,13,22.786714267583246,0.5696678566895812,optimal,7.159289165996597,33164,55154,209751
v0-bh50,Marwan-r0,Marwan,trajectory,B1,14,20.595974320422062,0.5148993580105515,optimal,10.037484997003048,33164,55154,209751
v0-bh50,Marwan-r0,Marwan,trajectory,B1,15,20.61533306097482,0.5153833265243705,optimal,6.6940863269992406,33164,55154,209751
v0-bh50,Marwan-r0,Marwan,trajectory,B1,16,22.22056961784335,0.5555142404460838,optimal,8.557336306999787,33164,55154,209751
v0-bh50,Marwan-r0,Marwan,trajectory,B1,17,22.203356750170904,0.5550839187542727,optimal,10.286355243995786,33164,55154,209751
v0-bh50,Marwan-r0,Marwan,trajectory,B1,18,23.051994832293797,0.5762998708073449,optimal,5.988506674999371,33164,55154,209751
v0-bh50,Marwan-r0,Marwan,trajectory,B1,19,22.50882275703957,0.5627205689259893,optimal,9.420010188005108,33164,55154,209751
v0-bh50,Marwan-r0,Marwan,trajectory,B1,20,20.990867666633335,0.5247716916658334,optimal,8.868980467996153,33164,55154,209751
v0-bh50,Marwan-r0,Marwan,trajectory,B1,21,21.99297559977197,0.5498243899942993,optimal,11.170041179000691,33164,55154,209751
v0-bh50,Marwan-r0,Marwan,trajectory,B1,22,20.94464440513357,0.5236161101283392,optimal,6.8514017119960045,33164,55154,209751
v0-bh50,Marwan-r0,Marwan,trajectory,B1,23,21.55317741044076,0.538829435261019,optimal,6.98484330100473,33164,55154,209751
v0-bh50,Marwan-r0,Marwan,trajectory,B1,24,21.486127462102708,0.5371531865525677,optimal,6.642407995001122,33164,55154,209751
v0-bh50,Marwan-r0,Marwan,trajectory,B1,25,21.21653075309822,0.5304132688274554,optimal,5.651854038995225,33164,55154,209751
v0-bh50,Marwan-r0,Marwan,trajectory,B1,26,21.282357273224832,0.5320589318306208,optimal,7.782712908003305,33164,55154,209751
v0-bh50,Marwan-r0,Marwan,trajectory,B1,27,21.95779986081967,0.5489449965204918,optimal,7.216616402998625,33164,55154,209751
v0-bh50,Marwan-r0,Marwan,trajectory,B1,28,22.268398837526416,0.5567099709381604,optimal,13.694260809003026,33164,55154,209751
v0-bh50,Marwan-r0,Marwan,trajectory,B1,29,22.501865299882198,0.5625466324970549,optimal,6.503872239001794,33164,55154,209751
