set_id,scenario_id,topology_id,variant,trajectory_method,realization_id,value,ratio,status,runtime_s,variables,rows,nonzeros
v0,Agis-r0,Agis,ground_only,,0,16.881662450066614,0.42204156125166536,optimal,0.2469611829983478,8297,15645,45143
v0,Agis-r0,Agis,ground_only,,1,16.881662450066614,0.42204156125166536,optimal,0.25548418200196465,8297,15645,45143
v0,Agis-r0,Agis,ground_only,,2,16.881662450066614,0.42204156125166536,optimal,0.34102084199912497,8297,15645,45143
v0,Agis-r0,Agis,ground_only,,3,16.881662450066614,0.42204156125166536,optimal,0.2573595209978521,8297,15645,45143
v0,Agis-r0,Agis,ground_only,,4,16.881662450066614,0.42204156125166536,optimal,0.2428567290007777,8297,15645,45143
v0,Agis-r0,Agis,ground_only,,5,16.881662450066614,0.42204156125166536,optimal,0.2556613209999341,8297,15645,45143
v0,Agis-r0,Agis,ground_only,,6,16.881662450066614,0.42204156125166536,optimal,0.3695788660006656,8297,15645,45143
v0,Agis-r0,Agis,ground_only,,7,16.881662450066614,0.42204156125166536,optimal,0.2575232290000713,8297,15645,45143
v0,Agis-r0,Agis,ground_only,,8,16.881662450066614,0.42204156125166536,optimal,0.27063124000051175,8297,15645,45143
v0,Agis-r0,Agis,ground_only,,9,16.881662450066614,0.42204156125166536,optimal,0.23499607099802233,8297,15645,45143
v0,Agis-r0,Agis,ground_only,,10,16.881662450066614,0.42204156125166536,optimal,0.27025231800143956,8297,15645,45143
v0,Agis-r0,Agis,ground_only,,11,16.881662450066614,0.42204156125166536,optimal,0.30813626300005126,8297,15645,45143
v0,Agis-r0,Agis,ground_only,,12,16.881662450066614,0.42204156125166536,optimal,0.24771893299839576,8297,15645,45143
v0,Agis-r0,Agis,ground_only,,13,16.881662450066614,0.42204156125166536,optimal,0.24777117199846543,8297,15645,45143
v0,Agis-r0,Agis,ground_only,,14,16.881662450066614,0.42204156125166536,optimal,0.32188255499931984,8297,15645,45143
v0,Agis-r0,Agis,ground_only,,15,16.881662450066614,0.42204156125166536,optimal,0.25007638600072823,8297,15645,45143
v0,Agis-r0,Agis,ground_only,,16,16.881662450066614,0.42204156125166536,optimal,0.6722181799996179,8297,15645,45143
v0,Agis-r0,Agis,ground_only,,17,16.881662450066614,0.42204156125166536,optimal,0.25968933799958904,8297,15645,45143
v0,Agis-r0,Agis,ground_only,,18,16.881662450066614,0.42204156125166536,optimal,0.2422572149989719,8297,15645,45143
v0,Agis-r0,Agis,ground_only,,19,16.881662450066614,0.42204156125166536,optimal,0.2890274179990229,8297,15645,45143
v0,Agis-r0,Agis,ground_only,,20,16.881662450066614,0.42204156125166536,optimal,0.5068876750010531,8297,15645,45143
v0,Agis-r0,Agis,ground_only,,21,16.881662450066614,0.42204156125166536,optimal,0.2539320950018009,8297,15645,45143
v0,Agis-r0,Agis,ground_only,,22,16.881662450066614,0.42204156125166536,optimal,0.25543362100142986,8297,15645,45143
v0,Agis-r0,Agis,ground_only,,23,16.881662450066614,0.42204156125166536,optimal,0.24925764999716193,8297,15645,45143
v0,Agis-r0,Agis,ground_only,,24,16.881662450066614,0.42204156125166536,optimal,0.24857547099963995,8297,15645,45143
v0,Agis-r0,Agis,ground_only,,25,16.881662450066614,0.42204156125166536,optimal,0.6189667010003177,8297,15645,45143
v0,Agis-r0,Agis,ground_only,,26,16.881662450066614,0.42204156125166536,optimal,0.24598789000083343,8297,15645,45143
v0,Agis-r0,Agis,ground_only,,27,16.881662450066614,0.42204156125166536,optimal,0.2737386160006281,8297,15645,45143
v0,Agis-r0,Agis,ground_only,,28,16.881662450066614,0.42204156125166536,optimal,0.28078793099848554,8297,15645,45143
v0,Agis-r0,Agis,ground_only,,29,16.881662450066614,0.42204156125166536,optimal,0.24407202000293182,8297,15645,45143
v0,Agis-r0,Agis,trajectory,B1,0,23.105980938500966,0.5776495234625242,optimal,2.6987272379992646,32479,55987,207334
v0,Agis-r0,Agis,trajectory,B1,1,24.021493621381943,0.6005373405345485,optimal,1.671478643998853,32479,55987,207334
v0,Agis-r0,Agis,trajectory,B1,2,24.864712341968826,0.6216178085492207,optimal,1.744980603998556,32479,55987,207334
v0,Agis-r0,Agis,trajectory,B1,3,22.717903091268667,0.5679475772817166,optimal,1.605548108000221,32479,55987,207334
v0,Agis-r0,Agis,trajectory,B1,4,23.458778707111453,0.5864694676777863,optimal,2.3374742810010503,32479,55987,207334
v0,Agis-r0,Agis,trajectory,B1,5,23.165218547568013,0.5791304636892003,optimal,1.5725127250007063,32479,55987,207334
v0,Agis-r0,Agis,trajectory,B1,6,23.709346966121824,0.5927336741530456,optimal,1.6804063890012912,32479,55987,207334
v0,Agis-r0,Agis,trajectory,B1,7,23.43459062426613,0.5858647656066532,optimal,1.756601948000025,32479,55987,207334
v0,Agis-r0,Agis,trajectory,B1,8,23.8406568999984,0.59601642249996,optimal,1.653099265997298,32479,55987,207334
v0,Agis-r0,Agis,trajectory,B1,9,23.541532041140552,0.5885383010285138,optimal,2.496224775000883,32479,55987,207334
v0,Agis-r0,Agis,trajectory,B1,10,23.918843721195636,0.5979710930298909,optimal,1.745644793001702,32479,55987,207334
v0,Agis-r0,Agis,trajectory,B1,11,23.646822005595276,0.5911705501398818,optimal,2.416020179000043,32479,55987,207334
v0,Agis-r0,Agis,trajectory,B1,12,23.769422746540023,0.5942355686635006,optimal,1.613462156998139,32479,55987,207334
v0,Agis-r0,Agis,trajectory,B1,13,22.801870982994124,0.5700467745748531,optimal,1.874664645001758,32479,55987,207334
v0,Agis-r0,Agis,trajectory,B1,14,23.303217422414548,0.5825804355603637,optimal,1.9160988650000945,32479,55987,207334
v0,Agis-r0,Agis,trajectory,B1,15,23.77027988307148,0.594256997076787,optimal,1.9980157719983254,32479,55987,207334
v0,Agis-r0,Agis,trajectory,B1,16,23.82696620687393,0.5956741551718483,optimal,1.7700110980003956,32479,55987,207334
v0,Agis-r0,Agis,trajectory,B1,17,23.013807533721533,0.5753451883430383,optimal,1.7763123349977832,32479,55987,207334
v0,Agis-r0,Agis,trajectory,B1,18,23.273780486393466,0.5818445121598367,optimal,1.7517859190011222,32479,55987,207334
v0,Agis-r0,Agis,trajectory,B1,19,22.99822226227469,0.5749555565568673,optimal,1.732971115001419,32479,55987,207334
v0,Agis-r0,Agis,trajectory,B1,20,23.314721623423186,0.5828680405855796,optimal,1.7632273299968801,32479,55987,207334
v0,Agis-r0,Agis,trajectory,B1,21,23.887130364715635,0.5971782591178909,optimal,2.7639516839990392,32479,55987,207334
v0,Agis-r0,Agis,trajectory,B1,22,24.44957514861014,0.6112393787152535,optimal,4.075148927000555,32479,55987,207334
v0,Agis-r0,Agis,trajectory,B1,23,23.522228001710893,0.5880557000427723,optimal,4.12534296299782,32479,55987,207334
v0,Agis-r0,Agis,trajectory,B1,24,24.104876858025577,0.6026219214506394,optimal,1.8277053019992309,32479,55987,207334
v0,Agis-r0,Agis,trajectory,B1,25,22.6324178426658,0.565810446066645,optimal,1.8143670509998628,32479,55987,207334
v0,Agis-r0,Agis,trajectory,B1,26,22.668517391201068,0.5667129347800267,optimal,1.8910267489991384,32479,55987,207334
v0,Agis-r0,Agis,trajectory,B1,27,24.13421655703498,0.6033554139258744,optimal,1.852892080998572,32479,55987,207334
v0,Agis-r0,Agis,trajectory,B1,28,22.775940090808696,0.5693985022702174,optimal,1.7824139420008578,32479,55987,207334
v0,Agis-r0,Agis,trajectory,B1,29,23.063979964038626,0.5765994991009656,optimal,2.5392922879982507,32479,55987,207334
v0,Agis-r1,Agis,ground_only,,0,13.071240120074556,0.3267810030018639,optimal,0.16589963000296848,5161,10805,28851
v0,Agis-r1,Agis,ground_only,,1,13.071240120074556,0.3267810030018639,optimal,0.1633335160004208,5161,10805,28851
v0,Agis-r1,Agis,ground_only,,2,13.071240120074556,0.3267810030018639,optimal,0.4466408419975778,5161,10805,28851
v0,Agis-r1,Agis,ground_only,,3,13.071240120074556,0.3267810030018639,optimal,0.15884559099868056,5161,10805,28851
v0,Agis-r1,Agis,ground_only,,4,13.071240120074556,0.3267810030018639,optimal,0.49065377300212276,5161,10805,28851
v0,Agis-r1,Agis,ground_only,,5,13.071240120074556,0.3267810030018639,optimal,0.47039602100267075,5161,10805,28851
v0,Agis-r1,Agis,ground_only,,6,13.071240120074556,0.3267810030018639,optimal,0.18745760499950848,5161,10805,28851
v0,Agis-r1,Agis,ground_only,,7,13.071240120074556,0.3267810030018639,optimal,0.17688963600085117,5161,10805,28851
v0,Agis-r1,Agis,ground_only,,8,13.071240120074556,0.3267810030018639,optimal,0.16849109800023143,5161,10805,28851
v0,Agis-r1,Agis,ground_only,,9,13.071240120074556,0.3267810030018639,optimal,0.16942069300057483,5161,10805,28851
v0,Agis-r1,Agis,ground_only,,10,13.071240120074556,0.3267810030018639,optimal,0.361532396000257,5161,10805,28851
v0,Agis-r1,Agis,ground_only,,11,13.071240120074556,0.3267810030018639,optimal,0.1601044479975826,5161,10805,28851
v0,Agis-r1,Agis,ground_only,,12,13.071240120074556,0.3267810030018639,optimal,0.16745327500029816,5161,10805,28851
v0,Agis-r1,Agis,ground_only,,13,13.071240120074556,0.3267810030018639,optimal,0.15808132999882218,5161,10805,28851
v0,Agis-r1,Agis,ground_only,,14,13.071240120074556,0.3267810030018639,optimal,0.16127632799907587,5161,10805,28851
v0,Agis-r1,Agis,ground_only,,15,13.071240120074556,0.3267810030018639,optimal,0.1574170240019157,5161,10805,28851
v0,Agis-r1,Agis,ground_only,,16,13.071240120074556,0.3267810030018639,optimal,0.1668076270034362,5161,10805,28851
v0,Agis-r1,Agis,ground_only,,17,13.071240120074556,0.3267810030018639,optimal,0.16245025299940608,5161,10805,28851
v0,Agis-r1,Agis,ground_only,,18,13.071240120074556,0.3267810030018639,optimal,0.17223360799835064,5161,10805,28851
v0,Agis-r1,Agis,ground_only,,19,13.071240120074556,0.3267810030018639,optimal,0.16674127399892313,5161,10805,28851
v0,Agis-r1,Agis,ground_only,,20,13.071240120074556,0.3267810030018639,optimal,0.16617503900124575,5161,10805,28851
v0,Agis-r1,Agis,ground_only,,21,13.071240120074556,0.3267810030018639,optimal,0.37985033899894916,5161,10805,28851
v0,Agis-r1,Agis,ground_only,,22,13.071240120074556,0.3267810030018639,optimal,0.1749693470010243,5161,10805,28851
v0,Agis-r1,Agis,ground_only,,23,13.071240120074556,0.3267810030018639,optimal,0.1684788650018163,5161,10805,28851
v0,Agis-r1,Agis,ground_only,,24,13.071240120074556,0.3267810030018639,optimal,0.1797548579997965,5161,10805,28851
v0,Agis-r1,Agis,ground_only,,25,13.071240120074556,0.3267810030018639,optimal,0.19515095200040378,5161,10805,28851
v0,Agis-r1,Agis,ground_only,,26,13.071240120074556,0.3267810030018639,optimal,0.17067212099937024,5161,10805,28851
v0,Agis-r1,Agis,ground_only,,27,13.071240120074556,0.3267810030018639,optimal,0.1732025950004754,5161,10805,28851
v0,Agis-r1,Agis,ground_only,,28,13.071240120074556,0.3267810030018639,optimal,0.16821500700098113,5161,10805,28851
v0,Agis-r1,Agis,ground_only,,29,13.071240120074556,0.3267810030018639,optimal,0.5063159709970932,5161,10805,28851
v0,Agis-r1,Agis,trajectory,B1,0,25.583888653938757,0.6395972163484689,optimal,3.5298786559978907,43094,68477,252195
v0,Agis-r1,Agis,trajectory,B1,1,25.405479418870097,0.6351369854717525,optimal,3.282194735998928,43094,68477,252195
v0,Agis-r1,Agis,trajectory,B1,2,27.310752948482655,0.6827688237120664,optimal,3.1878363889991306,43094,68477,252195
v0,Agis-r1,Agis,trajectory,B1,3,25.21351631881608,0.630337907970402,optimal,3.1888290269998834,43094,68477,252195
v0,Agis-r1,Agis,trajectory,B1,4,24.912870538475143,0.6228217634618786,optimal,3.177256448998378,43094,68477,252195
v0,Agis-r1,Agis,trajectory,B1,5,25.28064369651544,0.632016092412886,optimal,5.2839062079983705,43094,68477,252195
v0,Agis-r1,Agis,trajectory,B1,6,25.915460658697942,0.6478865164674485,optimal,4.778214474001288,43094,68477,252195
v0,Agis-r1,Agis,trajectory,B1,7,24.89661730491099,0.6224154326227748,optimal,4.215685677001602,43094,68477,252195
v0,Agis-r1,Agis,trajectory,B1,8,24.701959901823432,0.6175489975455858,optimal,3.4596127859986154,43094,68477,252195
v0,Agis-r1,Agis,trajectory,B1,9,25.136823518324515,0.6284205879581128,optimal,4.818649884000479,43094,68477,252195
v0,Agis-r1,Agis,trajectory,B1,10,25.43666071503741,0.6359165178759352,optimal,5.2657400440002675,43094,68477,252195
v0,Agis-r1,Agis,trajectory,B1,11,24.447292009236097,0.6111823002309025,optimal,3.071351594000589,43094,68477,252195
v0,Agis-r1,Agis,trajectory,B1,12,26.980347390312364,0.6745086847578091,optimal,3.811140928999521,43094,68477,252195
v0,Agis-r1,Agis,trajectory,B1,13,24.388937516786783,0.6097234379196695,optimal,2.954575288000342,43094,68477,252195
v0,Agis-r1,Agis,trajectory,B1,14,25.92775429062808,0.648193857265702,optimal,3.2387062620000506,43094,68477,252195
v0,Agis-r1,Agis,trajectory,B1,15,27.48040954139865,0.6870102385349662,optimal,3.17135251199943,43094,68477,252195
v0,Agis-r1,Agis,trajectory,B1,16,25.83985294574981,0.6459963236437453,optimal,3.5868897910004307,43094,68477,252195
v0,Agis-r1,Agis,trajectory,B1,17,24.2794755649178,0.606986889122945,optimal,4.178824389000511,43094,68477,252195
v0,Agis-r1,Agis,trajectory,B1,18,20.843592878559935,0.5210898219639983,optimal,2.8177662400012196,43094,68477,252195
v0,Agis-r1,Agis,trajectory,B1,19,26.979949462739274,0.6744987365684818,optimal,5.11358550300065,43094,68477,252195
v0,Agis-r1,Agis,trajectory,B1,20,26.3720733709866,0.659301834274665,optimal,3.5884699870002805,43094,68477,252195
v0,Agis-r1,Agis,trajectory,B1,21,27.43376103277047,0.6858440258192617,optimal,4.353855658999237,43094,68477,252195
v0,Agis-r1,Agis,trajectory,B1,22,25.248762045414395,0.6312190511353599,optimal,3.602167715998803,43094,68477,252195
v0,Agis-r1,Agis,trajectory,B1,23,23.66037016023449,0.5915092540058622,optimal,3.879824687999644,43094,68477,252195
v0,Agis-r1,Agis,trajectory,B1,24,25.71103849707399,0.6427759624268498,optimal,3.2482249409986252,43094,68477,252195
v0,Agis-r1,Agis,trajectory,B1,25,25.54588395629909,0.6386470989074773,optimal,4.0281215329996485,43094,68477,252195
v0,Agis-r1,Agis,trajectory,B1,26,27.200323335883294,0.6800080833970823,optimal,3.3624104779992194,43094,68477,252195
v0,Agis-r1,Agis,trajectory,B1,27,26.37508967103582,0.6593772417758955,optimal,3.3844728599979135,43094,68477,252195
v0,Agis-r1,Agis,trajectory,B1,28,25.07917903090917,0.6269794757727293,optimal,3.2555341810002574,43094,68477,252195
v0,Agis-r1,Agis,trajectory,B1,29,24.227430735678706,0.6056857683919676,optimal,3.6772686859985697,43094,68477,252195
v0,Agis-r2,Agis,ground_only,,0,38.50618939192367,0.9626547347980917,optimal,1.0800070180011971,21843,38181,113027
v0,Agis-r2,Agis,ground_only,,1,38.50618939192367,0.9626547347980917,optimal,1.116905033999501,21843,38181,113027
v0,Agis-r2,Agis,ground_only,,2,38.50618939192367,0.9626547347980917,optimal,1.1149861500016414,21843,38181,113027
v0,Agis-r2,Agis,ground_only,,3,38.50618939192367,0.9626547347980917,optimal,1.7568675830007123,21843,38181,113027
v0,Agis-r2,Agis,ground_only,,4,38.50618939192367,0.9626547347980917,optimal,1.0992431209997449,21843,38181,113027
v0,Agis-r2,Agis,ground_only,,5,38.50618939192367,0.9626547347980917,optimal,1.7734769880007661,21843,38181,113027
v0,Agis-r2,Agis,ground_only,,6,38.50618939192367,0.9626547347980917,optimal,1.0447344860003795,21843,38181,113027
v0,Agis-r2,Agis,ground_only,,7,38.50618939192367,0.9626547347980917,optimal,1.1997243229998276,21843,38181,113027
v0,Agis-r2,Agis,ground_only,,8,38.50618939192367,0.9626547347980917,optimal,0.9893330029990466,21843,38181,113027
v0,Agis-r2,Agis,ground_only,,9,38.50618939192367,0.9626547347980917,optimal,1.046822559001157,21843,38181,113027
v0,Agis-r2,Agis,ground_only,,10,38.50618939192367,0.9626547347980917,optimal,1.050764617000823,21843,38181,113027
v0,Agis-r2,Agis,ground_only,,11,38.50618939192367,0.9626547347980917,optimal,1.3825323529999878,21843,38181,113027
v0,Agis-r2,Agis,ground_only,,12,38.50618939192367,0.9626547347980917,optimal,1.0252591620010207,21843,38181,113027
v0,Agis-r2,Agis,ground_only,,13,38.50618939192367,0.9626547347980917,optimal,1.2182357749989023,21843,38181,113027
v0,Agis-r2,Agis,ground_only,,14,38.50618939192367,0.9626547347980917,optimal,0.9994022600003518,21843,38181,113027
v0,Agis-r2,Agis,ground_only,,15,38.50618939192367,0.9626547347980917,optimal,1.16695844700007,21843,38181,113027
v0,Agis-r2,Agis,ground_only,,16,38.50618939192367,0.9626547347980917,optimal,1.0460718340000312,21843,38181,113027
v0,Agis-r2,Agis,ground_only,,17,38.50618939192367,0.9626547347980917,optimal,1.0420744119983283,21843,38181,113027
v0,Agis-r2,Agis,ground_only,,18,38.50618939192367,0.9626547347980917,optimal,1.0796306310003274,21843,38181,113027
v0,Agis-r2,Agis,ground_only,,19,38.50618939192367,0.9626547347980917,optimal,1.1200726509996457,21843,38181,113027
v0,Agis-r2,Agis,ground_only,,20,38.50618939192367,0.9626547347980917,optimal,1.5599471069981519,21843,38181,113027
v0,Agis-r2,Agis,ground_only,,21,38.50618939192367,0.9626547347980917,optimal,1.9070686289996956,21843,38181,113027
v0,Agis-r2,Agis,ground_only,,22,38.50618939192367,0.9626547347980917,optimal,1.008881764999387,21843,38181,113027
v0,Agis-r2,Agis,ground_only,,23,38.50618939192367,0.9626547347980917,optimal,1.0179855759997736,21843,38181,113027
v0,Agis-r2,Agis,ground_only,,24,38.50618939192367,0.9626547347980917,optimal,2.2405017479977687,21843,38181,113027
v0,Agis-r2,Agis,ground_only,,25,38.50618939192367,0.9626547347980917,optimal,1.439015884003311,21843,38181,113027
v0,Agis-r2,Agis,ground_only,,26,38.50618939192367,0.9626547347980917,optimal,1.0388187509997806,21843,38181,113027
v0,Agis-r2,Agis,ground_only,,27,38.50618939192367,0.9626547347980917,optimal,1.0261317820004479,21843,38181,113027
v0,Agis-r2,Agis,ground_only,,28,38.50618939192367,0.9626547347980917,optimal,1.3250237629981712,21843,38181,113027
v0,Agis-r2,Agis,ground_only,,29,38.50618939192367,0.9626547347980917,optimal,1.0416885839986207,21843,38181,113027
v0,Agis-r2,Agis,trajectory,B1,0,39.507248833023944,0.9876812208255986,optimal,2.0564568049994705,39285,70295,220184
v0,Agis-r2,Agis,trajectory,B1,1,39.51652359981428,0.987913089995357,optimal,3.530966153000918,39285,70295,220184
v0,Agis-r2,Agis,trajectory,B1,2,39.506352257979394,0.9876588064494849,optimal,2.082954459998291,39285,70295,220184
v0,Agis-r2,Agis,trajectory,B1,3,39.50729919139533,0.9876824797848833,optimal,2.0821828580010333,39285,70295,220184
v0,Agis-r2,Agis,trajectory,B1,4,39.50705512717551,0.9876763781793878,optimal,3.0593712700028846,39285,70295,220184
v0,Agis-r2,Agis,trajectory,B1,5,39.507268098903005,0.9876817024725751,optimal,1.9184335450008803,39285,70295,220184
v0,Agis-r2,Agis,trajectory,B1,6,39.5066615184697,0.9876665379617424,optimal,2.447715997001069,39285,70295,220184
v0,Agis-r2,Agis,trajectory,B1,7,39.507238534994315,0.9876809633748579,optimal,2.1583522250002716,39285,70295,220184
v0,Agis-r2,Agis,trajectory,B1,8,39.507205397814886,0.9876801349453721,optimal,2.120650253000349,39285,70295,220184
v0,Agis-r2,Agis,trajectory,B1,9,39.50681592554669,0.9876703981386672,optimal,2.7618278590016416,39285,70295,220184
v0,Agis-r2,Agis,trajectory,B1,10,39.50595274501116,0.987648818625279,optimal,2.050487348002207,39285,70295,220184
v0,Agis-r2,Agis,trajectory,B1,11,39.506979174350825,0.9876744793587706,optimal,2.434948751000775,39285,70295,220184
v0,Agis-r2,Agis,trajectory,B1,12,39.515486444104255,0.9878871611026063,optimal,1.9800920420020702,39285,70295,220184
v0,Agis-r2,Agis,trajectory,B1,13,39.50733216813981,0.9876833042034953,optimal,2.229731200997776,39285,70295,220184
v0,Agis-r2,Agis,trajectory,B1,14,39.506703627226536,0.9876675906806633,optimal,2.2166427180018218,39285,70295,220184
v0,Agis-r2,Agis,trajectory,B1,15,39.51519135359847,0.9878797838399617,optimal,2.3038062429986894,39285,70295,220184
v0,Agis-r2,Agis,trajectory,B1,16,39.50731847564052,0.9876829618910129,optimal,3.0100714709988097,39285,70295,220184
v0,Agis-r2,Agis,trajectory,B1,17,39.50737365918839,0.9876843414797097,optimal,3.7242354349982634,39285,70295,220184
v0,Agis-r2,Agis,trajectory,B1,18,39.50716401036816,0.9876791002592039,optimal,2.4118158439996478,39285,70295,220184
v0,Agis-r2,Agis,trajectory,B1,19,39.50734618063643,0.9876836545159108,optimal,2.300625505999051,39285,70295,220184
v0,Agis-r2,Agis,trajectory,B1,20,39.515184610923306,0.9878796152730827,optimal,2.5729049840010703,39285,70295,220184
v0,Agis-r2,Agis,trajectory,B1,21,39.505763593002015,0.9876440898250504,optimal,2.1377101670004777,39285,70295,220184
v0,Agis-r2,Agis,trajectory,B1,22,39.507256051346545,0.9876814012836637,optimal,2.4821052580009564,39285,70295,220184
v0,Agis-r2,Agis,trajectory,B1,23,39.50671733467467,0.9876679333668668,optimal,2.309797081998113,39285,70295,220184
v0,Agis-r2,Agis,trajectory,B1,24,39.5073512803959,0.9876837820098976,optimal,2.4478931079975155,39285,70295,220184
v0,Agis-r2,Agis,trajectory,B1,25,39.5256325160916,0.9881408129022899,optimal,2.0386291079994407,39285,70295,220184
v0,Agis-r2,Agis,trajectory,B1,26,39.50662550202564,0.9876656375506411,optimal,3.790073599997413,39285,70295,220184
v0,Agis-r2,Agis,trajectory,B1,27,39.50727259420903,0.9876818148552257,optimal,2.1104076800002076,39285,70295,220184
v0,Agis-r2,Agis,trajectory,B1,28,39.506517892359966,0.9876629473089992,optimal,2.229975081001612,39285,70295,220184
v0,Agis-r2,Agis,trajectory,B1,29,39.507127760060285,0.9876781940015071,optimal,2.4640940179997415,39285,70295,220184
v0,Belnet2008-r0,Belnet2008,ground_only,,0,21.216986864991327,0.5304246716247831,optimal,0.4271806739998283,7625,17763,46791
v0,Belnet2008-r0,Belnet2008,ground_only,,1,21.216986864991327,0.5304246716247831,optimal,0.36971638099930715,7625,17763,46791
v0,Belnet2008-r0,Belnet2008,ground_only,,2,21.216986864991327,0.5304246716247831,optimal,0.36600479600019753,7625,17763,46791
v0,Belnet2008-r0,Belnet2008,ground_only,,3,21.216986864991327,0.5304246716247831,optimal,0.37682628800030216,7625,17763,46791
v0,Belnet2008-r0,Belnet2008,ground_only,,4,21.216986864991327,0.5304246716247831,optimal,0.6033434829987527,7625,17763,46791
v0,Belnet2008-r0,Belnet2008,ground_only,,5,21.216986864991327,0.5304246716247831,optimal,0.3607275190006476,7625,17763,46791
v0,Belnet2008-r0,Belnet2008,ground_only,,6,21.216986864991327,0.5304246716247831,optimal,0.41333175399995525,7625,17763,46791
v0,Belnet2008-r0,Belnet2008,ground_only,,7,21.216986864991327,0.5304246716247831,optimal,0.6203213330009021,7625,17763,46791
v0,Belnet2008-r0,Belnet2008,ground_only,,8,21.216986864991327,0.5304246716247831,optimal,0.357475508000789,7625,17763,46791
v0,Belnet2008-r0,Belnet2008,ground_only,,9,21.216986864991327,0.5304246716247831,optimal,0.36709544000041205,7625,17763,46791
v0,Belnet2008-r0,Belnet2008,ground_only,,10,21.216986864991327,0.5304246716247831,optimal,0.37060427100004745,7625,17763,46791
v0,Belnet2008-r0,Belnet2008,ground_only,,11,21.216986864991327,0.5304246716247831,optimal,0.37819270599720767,7625,17763,46791
v0,Belnet2008-r0,Belnet2008,ground_only,,12,21.216986864991327,0.5304246716247831,optimal,0.3692003840005782,7625,17763,46791
v0,Belnet2008-r0,Belnet2008,ground_only,,13,21.216986864991327,0.5304246716247831,optimal,0.37082343700240017,7625,17763,46791
v0,Belnet2008-r0,Belnet2008,ground_only,,14,21.216986864991327,0.5304246716247831,optimal,0.36444042199946125,7625,17763,46791
v0,Belnet2008-r0,Belnet2008,ground_only,,15,21.216986864991327,0.5304246716247831,optimal,0.39415392199953203,7625,17763,46791
v0,Belnet2008-r0,Belnet2008,ground_only,,16,21.216986864991327,0.5304246716247831,optimal,0.3679922150004131,7625,17763,46791
v0,Belnet2008-r0,Belnet2008,ground_only,,17,21.216986864991327,0.5304246716247831,optimal,0.8416818559999228,7625,17763,46791
v0,Belnet2008-r0,Belnet2008,ground_only,,18,21.216986864991327,0.5304246716247831,optimal,0.3557730200009246,7625,17763,46791
v0,Belnet2008-r0,Belnet2008,ground_only,,19,21.216986864991327,0.5304246716247831,optimal,0.8102314220013795,7625,17763,46791
v0,Belnet2008-r0,Belnet2008,ground_only,,20,21.216986864991327,0.5304246716247831,optimal,0.3607623319985578,7625,17763,46791
v0,Belnet2008-r0,Belnet2008,ground_only,,21,21.216986864991327,0.5304246716247831,optimal,0.35538252200058196,7625,17763,46791
v0,Belnet2008-r0,Belnet2008,ground_only,,22,21.216986864991327,0.5304246716247831,optimal,0.3703746149985818,7625,17763,46791
v0,Belnet2008-r0,Belnet2008,ground_only,,23,21.216986864991327,0.5304246716247831,optimal,0.3635407590008981,7625,17763,46791
v0,Belnet2008-r0,Belnet2008,ground_only,,24,21.216986864991327,0.5304246716247831,optimal,0.36663625100118225,7625,17763,46791
v0,Belnet2008-r0,Belnet2008,ground_only,,25,21.216986864991327,0.5304246716247831,optimal,0.3640335390009568,7625,17763,46791
v0,Belnet2008-r0,Belnet2008,ground_only,,26,21.216986864991327,0.5304246716247831,optimal,0.3631854459999886,7625,17763,46791
v0,Belnet2008-r0,Belnet2008,ground_only,,27,21.216986864991327,0.5304246716247831,optimal,0.3737404810017324,7625,17763,46791
v0,Belnet2008-r0,Belnet2008,ground_only,,28,21.216986864991327,0.5304246716247831,optimal,0.8551618760029669,7625,17763,46791
v0,Belnet2008-r0,Belnet2008,ground_only,,29,21.216986864991327,0.5304246716247831,optimal,0.3737611310025386,7625,17763,46791
v0,Belnet2008-r0,Belnet2008,trajectory,B1,0,29.901576378656383,0.7475394094664096,optimal,2.609145811002236,32073,61022,200759
v0,Belnet2008-r0,Belnet2008,trajectory,B1,1,27.99325235416537,0.6998313088541342,optimal,2.480075488998409,32073,61022,200759
v0,Belnet2008-r0,Belnet2008,trajectory,B1,2,28.864689231354564,0.7216172307838641,optimal,2.3683457859988266,32073,61022,200759
v0,Belnet2008-r0,Belnet2008,trajectory,B1,3,29.012110311669055,0.7253027577917264,optimal,2.7237466830010817,32073,61022,200759
v0,Belnet2008-r0,Belnet2008,trajectory,B1,4,28.620868276832446,0.7155217069208112,optimal,2.630311010998412,32073,61022,200759
v0,Belnet2008-r0,Belnet2008,trajectory,B1,5,29.087629156211698,0.7271907289052925,optimal,2.979300767001405,32073,61022,200759
v0,Belnet2008-r0,Belnet2008,trajectory,B1,6,28.797972704384335,0.7199493176096083,optimal,5.457907019997947,32073,61022,200759
v0,Belnet2008-r0,Belnet2008,trajectory,B1,7,28.384538064645884,0.7096134516161471,optimal,5.674609735000558,32073,61022,200759
v0,Belnet2008-r0,Belnet2008,trajectory,B1,8,29.175358234861616,0.7293839558715404,optimal,2.497462892999465,32073,61022,200759
v0,Belnet2008-r0,Belnet2008,trajectory,B1,9,29.40230332256118,0.7350575830640296,optimal,3.030261719999544,32073,61022,200759
v0,Belnet2008-r0,Belnet2008,trajectory,B1,10,29.84017284260764,0.746004321065191,optimal,6.341399193999678,32073,61022,200759
v0,Belnet2008-r0,Belnet2008,trajectory,B1,11,29.490550207038336,0.7372637551759584,optimal,2.9529763930004265,32073,61022,200759
v0,Belnet2008-r0,Belnet2008,trajectory,B1,12,29.94704972670246,0.7486762431675615,optimal,2.7490609679989575,32073,61022,200759
v0,Belnet2008-r0,Belnet2008,trajectory,B1,13,30.060459546585975,0.7515114886646493,optimal,2.69938155699856,32073,61022,200759
v0,Belnet2008-r0,Belnet2008,trajectory,B1,14,29.104767423810724,0.7276191855952681,optimal,2.5956517410013475,32073,61022,200759
v0,Belnet2008-r0,Belnet2008,trajectory,B1,15,29.265962814039902,0.7316490703509976,optimal,2.594791110001097,32073,61022,200759
v0,Belnet2008-r0,Belnet2008,trajectory,B1,16,30.256742131659035,0.7564185532914759,optimal,2.779054561000521,32073,61022,200759
v0,Belnet2008-r0,Belnet2008,trajectory,B1,17,28.65574540569467,0.7163936351423668,optimal,2.387019401998259,32073,61022,200759
v0,Belnet2008-r0,Belnet2008,trajectory,B1,18,29.31508762728384,0.732877190682096,optimal,3.4390936929994496,32073,61022,200759
v0,Belnet2008-r0,Belnet2008,trajectory,B1,19,29.412717838489364,0.7353179459622341,optimal,2.8144499480004015,32073,61022,200759
v0,Belnet2008-r0,Belnet2008,trajectory,B1,20,28.161690340355175,0.7040422585088794,optimal,3.804672900998412,32073,61022,200759
v0,Belnet2008-r0,Belnet2008,trajectory,B1,21,28.65579512441872,0.716394878110468,optimal,2.6383449629975075,32073,61022,200759
v0,Belnet2008-r0,Belnet2008,trajectory,B1,22,29.466667221869553,0.7366666805467388,optimal,2.443081130997598,32073,61022,200759
v0,Belnet2008-r0,Belnet2008,trajectory,B1,23,28.437888805646356,0.7109472201411589,optimal,3.535901053000998,32073,61022,200759
v0,Belnet2008-r0,Belnet2008,trajectory,B1,24,28.330714870458166,0.7082678717614541,optimal,2.8227450829981535,32073,61022,200759
v0,Belnet2008-r0,Belnet2008,trajectory,B1,25,30.014402856963574,0.7503600714240893,optimal,3.15272528299829,32073,61022,200759
v0,Belnet2008-r0,Belnet2008,trajectory,B1,26,29.216947197090743,0.7304236799272685,optimal,3.735239929999807,32073,61022,200759
v0,Belnet2008-r0,Belnet2008,trajectory,B1,27,28.84021034380251,0.7210052585950628,optimal,2.7823761370018474,32073,61022,200759
v0,Belnet2008-r0,Belnet2008,trajectory,B1,28,28.54766347316109,0.7136915868290272,optimal,3.304101450001326,32073,61022,200759
v0,Belnet2008-r0,Belnet2008,trajectory,B1,29,29.057055900096547,0.7264263975024137,optimal,2.725043402002484,32073,61022,200759
v0,Belnet2008-r1,Belnet2008,ground_only,,0,16.030957310631614,0.4007739327657903,optimal,0.2936307750023843,8019,16109,43995
v0,Belnet2008-r1,Belnet2008,ground_only,,1,16.030957310631614,0.4007739327657903,optimal,0.3869078460011224,8019,16109,43995
v0,Belnet2008-r1,Belnet2008,ground_only,,2,16.030957310631614,0.4007739327657903,optimal,0.3477941909986839,8019,16109,43995
v0,Belnet2008-r1,Belnet2008,ground_only,,3,16.030957310631614,0.4007739327657903,optimal,0.284317967001698,8019,16109,43995
v0,Belnet2008-r1,Belnet2008,ground_only,,4,16.030957310631614,0.4007739327657903,optimal,0.2787624890006555,8019,16109,43995
v0,Belnet2008-r1,Belnet2008,ground_only,,5,16.030957310631614,0.4007739327657903,optimal,0.2786021579995577,8019,16109,43995
v0,Belnet2008-r1,Belnet2008,ground_only,,6,16.030957310631614,0.4007739327657903,optimal,0.626439138999558,8019,16109,43995
v0,Belnet2008-r1,Belnet2008,ground_only,,7,16.030957310631614,0.4007739327657903,optimal,0.2775697710021632,8019,16109,43995
v0,Belnet2008-r1,Belnet2008,ground_only,,8,16.030957310631614,0.4007739327657903,optimal,0.2852078599971719,8019,16109,43995
v0,Belnet2008-r1,Belnet2008,ground_only,,9,16.030957310631614,0.4007739327657903,optimal,0.27364301700072247,8019,16109,43995
v0,Belnet2008-r1,Belnet2008,ground_only,,10,16.030957310631614,0.4007739327657903,optimal,0.2983439079980599,8019,16109,43995
v0,Belnet2008-r1,Belnet2008,ground_only,,11,16.030957310631614,0.4007739327657903,optimal,0.28720439500102657,8019,16109,43995
v0,Belnet2008-r1,Belnet2008,ground_only,,12,16.030957310631614,0.4007739327657903,optimal,0.28985391599780996,8019,16109,43995
v0,Belnet2008-r1,Belnet2008,ground_only,,13,16.030957310631614,0.4007739327657903,optimal,0.3290466100006597,8019,16109,43995
v0,Belnet2008-r1,Belnet2008,ground_only,,14,16.030957310631614,0.4007739327657903,optimal,0.28125971799818217,8019,16109,43995
v0,Belnet2008-r1,Belnet2008,ground_only,,15,16.030957310631614,0.4007739327657903,optimal,0.540370521001023,8019,16109,43995
v0,Belnet2008-r1,Belnet2008,ground_only,,16,16.030957310631614,0.4007739327657903,optimal,0.27617197599829524,8019,16109,43995
v0,Belnet2008-r1,Belnet2008,ground_only,,17,16.030957310631614,0.4007739327657903,optimal,0.2727148030026001,8019,16109,43995
v0,Belnet2008-r1,Belnet2008,ground_only,,18,16.030957310631614,0.4007739327657903,optimal,0.26263568800277426,8019,16109,43995
v0,Belnet2008-r1,Belnet2008,ground_only,,19,16.030957310631614,0.4007739327657903,optimal,0.7195602270003292,8019,16109,43995
v0,Belnet2008-r1,Belnet2008,ground_only,,20,16.030957310631614,0.4007739327657903,optimal,0.26087050599744543,8019,16109,43995
v0,Belnet2008-r1,Belnet2008,ground_only,,21,16.030957310631614,0.4007739327657903,optimal,0.2687364279991016,8019,16109,43995
v0,Belnet2008-r1,Belnet2008,ground_only,,22,16.030957310631614,0.4007739327657903,optimal,0.2678043960004288,8019,16109,43995
v0,Belnet2008-r1,Belnet2008,ground_only,,23,16.030957310631614,0.4007739327657903,optimal,0.2627040740007942,8019,16109,43995
v0,Belnet2008-r1,Belnet2008,ground_only,,24,16.030957310631614,0.4007739327657903,optimal,0.2726881050002703,8019,16109,43995
v0,Belnet2008-r1,Belnet2008,ground_only,,25,16.030957310631614,0.4007739327657903,optimal,0.5695106349994603,8019,16109,43995
v0,Belnet2008-r1,Belnet2008,ground_only,,26,16.030957310631614,0.4007739327657903,optimal,0.26230204100284027,8019,16109,43995
v0,Belnet2008-r1,Belnet2008,ground_only,,27,16.030957310631614,0.4007739327657903,optimal,0.27333877099954407,8019,16109,43995
v0,Belnet2008-r1,Belnet2008,ground_only,,28,16.030957310631614,0.4007739327657903,optimal,0.26922184499926516,8019,16109,43995
v0,Belnet2008-r1,Belnet2008,ground_only,,29,16.030957310631614,0.4007739327657903,optimal,0.26153167599841254,8019,16109,43995
v0,Belnet2008-r1,Belnet2008,trajectory,B1,0,21.472880560808445,0.5368220140202111,optimal,5.117902743997547,38197,63561,231913
v0,Belnet2008-r1,Belnet2008,trajectory,B1,1,21.319434631139785,0.5329858657784946,optimal,2.3797957120004867,38197,63561,231913
v0,Belnet2008-r1,Belnet2008,trajectory,B1,2,20.91652765052872,0.522913191263218,optimal,2.4146692600006645,38197,63561,231913
v0,Belnet2008-r1,Belnet2008,trajectory,B1,3,22.339453851750523,0.558486346293763,optimal,3.421906218998629,38197,63561,231913
v0,Belnet2008-r1,Belnet2008,trajectory,B1,4,20.223939247364076,0.5055984811841019,optimal,2.4152996560005704,38197,63561,231913
v0,Belnet2008-r1,Belnet2008,trajectory,B1,5,20.57497944796657,0.5143744861991643,optimal,2.4282485030016687,38197,63561,231913
v0,Belnet2008-r1,Belnet2008,trajectory,B1,6,21.2822050645668,0.53205512661417,optimal,2.4767033770003763,38197,63561,231913
v0,Belnet2008-r1,Belnet2008,trajectory,B1,7,20.30616551820197,0.5076541379550492,optimal,2.3981755999993766,38197,63561,231913
v0,Belnet2008-r1,Belnet2008,trajectory,B1,8,20.813433588400862,0.5203358397100215,optimal,2.384422283001186,38197,63561,231913
v0,Belnet2008-r1,Belnet2008,trajectory,B1,9,20.66853988086429,0.5167134970216073,optimal,2.462788945002103,38197,63561,231913
v0,Belnet2008-r1,Belnet2008,trajectory,B1,10,20.328788285677753,0.5082197071419439,optimal,4.544336694998492,38197,63561,231913
v0,Belnet2008-r1,Belnet2008,trajectory,B1,11,22.019439753197627,0.5504859938299407,optimal,5.098893572001543,38197,63561,231913
v0,Belnet2008-r1,Belnet2008,trajectory,B1,12,21.557126412417837,0.5389281603104459,optimal,2.404762693000521,38197,63561,231913
v0,Belnet2008-r1,Belnet2008,trajectory,B1,13,20.080154836595085,0.5020038709148771,optimal,2.356428782000876,38197,63561,231913
v0,Belnet2008-r1,Belnet2008,trajectory,B1,14,21.859518165227744,0.5464879541306936,optimal,2.4930128929991042,38197,63561,231913
v0,Belnet2008-r1,Belnet2008,trajectory,B1,15,20.16048631473097,0.5040121578682742,optimal,2.2831105750010465,38197,63561,231913
v0,Belnet2008-r1,Belnet2008,trajectory,B1,16,22.12051999810887,0.5530129999527217,optimal,2.4092725650007196,38197,63561,231913
v0,Belnet2008-r1,Belnet2008,trajectory,B1,17,21.73733911262019,0.5434334778155048,optimal,5.387717117002467,38197,63561,231913
v0,Belnet2008-r1,Belnet2008,trajectory,B1,18,19.69629360055686,0.4924073400139215,optimal,2.4381172260000312,38197,63561,231913
v0,Belnet2008-r1,Belnet2008,trajectory,B1,19,20.3508348174128,0.50877087043532,optimal,2.398325558999204,38197,63561,231913
v0,Belnet2008-r1,Belnet2008,trajectory,B1,20,21.336121496839706,0.5334030374209926,optimal,2.3748869670016575,38197,63561,231913
v0,Belnet2008-r1,Belnet2008,trajectory,B1,21,20.243808000800588,0.5060952000200147,optimal,2.3027333930003806,38197,63561,231913
v0,Belnet2008-r1,Belnet2008,trajectory,B1,22,20.68141993783093,0.5170354984457732,optimal,2.45855413100071,38197,63561,231913
v0,Belnet2008-r1,Belnet2008,trajectory,B1,23,21.31571745044929,0.5328929362612322,optimal,2.428807782001968,38197,63561,231913
v0,Belnet2008-r1,Belnet2008,trajectory,B1,24,21.395704819927012,0.5348926204981753,optimal,2.298458175999258,38197,63561,231913
v0,Belnet2008-r1,Belnet2008,trajectory,B1,25,20.079376855765926,0.5019844213941481,optimal,4.319866875001026,38197,63561,231913
v0,Belnet2008-r1,Belnet2008,trajectory,B1,26,20.121821895184627,0.5030455473796157,optimal,4.305139640997368,38197,63561,231913
v0,Belnet2008-r1,Belnet2008,trajectory,B1,27,21.07757047521576,0.5269392618803941,optimal,2.467948934998276,38197,63561,231913
v0,Belnet2008-r1,Belnet2008,trajectory,B1,28,21.59111728735716,0.539777932183929,optimal,2.4807447450002655,38197,63561,231913
v0,Belnet2008-r1,Belnet2008,trajectory,B1,29,21.479632780871043,0.5369908195217761,optimal,5.68508939199819,38197,63561,231913
v0,Belnet2008-r2,Belnet2008,ground_only,,0,34.701270736766936,0.8675317684191735,optimal,1.1387615740022738,19983,34821,103470
v0,Belnet2008-r2,Belnet2008,ground_only,,1,34.701270736766936,0.8675317684191735,optimal,1.1093284669987042,19983,34821,103470
v0,Belnet2008-r2,Belnet2008,ground_only,,2,34.701270736766936,0.8675317684191735,optimal,1.1812156650012184,19983,34821,103470
v0,Belnet2008-r2,Belnet2008,ground_only,,3,34.701270736766936,0.8675317684191735,optimal,1.1517510890007543,19983,34821,103470
v0,Belnet2008-r2,Belnet2008,ground_only,,4,34.701270736766936,0.8675317684191735,optimal,1.1353130559982674,19983,34821,103470
v0,Belnet2008-r2,Belnet2008,ground_only,,5,34.701270736766936,0.8675317684191735,optimal,1.2756304539980192,19983,34821,103470
v0,Belnet2008-r2,Belnet2008,ground_only,,6,34.701270736766936,0.8675317684191735,optimal,1.4515542779990938,19983,34821,103470
v0,Belnet2008-r2,Belnet2008,ground_only,,7,34.701270736766936,0.8675317684191735,optimal,1.8362759299998288,19983,34821,103470
v0,Belnet2008-r2,Belnet2008,ground_only,,8,34.701270736766936,0.8675317684191735,optimal,1.3663633899996057,19983,34821,103470
v0,Belnet2008-r2,Belnet2008,ground_only,,9,34.701270736766936,0.8675317684191735,optimal,2.1266417450024164,19983,34821,103470
v0,Belnet2008-r2,Belnet2008,ground_only,,10,34.701270736766936,0.8675317684191735,optimal,1.8476703480009746,19983,34821,103470
v0,Belnet2008-r2,Belnet2008,ground_only,,11,34.701270736766936,0.8675317684191735,optimal,1.1609196939971298,19983,34821,103470
v0,Belnet2008-r2,Belnet2008,ground_only,,12,34.701270736766936,0.8675317684191735,optimal,1.1380242199993518,19983,34821,103470
v0,Belnet2008-r2,Belnet2008,ground_only,,13,34.701270736766936,0.8675317684191735,optimal,1.0988085780008987,19983,34821,103470
v0,Belnet2008-r2,Belnet2008,ground_only,,14,34.701270736766936,0.8675317684191735,optimal,1.1042784500023117,19983,34821,103470
v0,Belnet2008-r2,Belnet2008,ground_only,,15,34.701270736766936,0.8675317684191735,optimal,1.1150624900001276,19983,34821,103470
v0,Belnet2008-r2,Belnet2008,ground_only,,16,34.701270736766936,0.8675317684191735,optimal,1.1197880330000771,19983,34821,103470
v0,Belnet2008-r2,Belnet2008,ground_only,,17,34.701270736766936,0.8675317684191735,optimal,1.1119356859999243,19983,34821,103470
v0,Belnet2008-r2,Belnet2008,ground_only,,18,34.701270736766936,0.8675317684191735,optimal,2.2574892079974234,19983,34821,103470
v0,Belnet2008-r2,Belnet2008,ground_only,,19,34.701270736766936,0.8675317684191735,optimal,1.0947063970015734,19983,34821,103470
v0,Belnet2008-r2,Belnet2008,ground_only,,20,34.701270736766936,0.8675317684191735,optimal,1.0941409160004696,19983,34821,103470
v0,Belnet2008-r2,Belnet2008,ground_only,,21,34.701270736766936,0.8675317684191735,optimal,1.112440572000196,19983,34821,103470
v0,Belnet2008-r2,Belnet2008,ground_only,,22,34.701270736766936,0.8675317684191735,optimal,1.136103168999398,19983,34821,103470
v0,Belnet2008-r2,Belnet2008,ground_only,,23,34.701270736766936,0.8675317684191735,optimal,1.0965836770010355,19983,34821,103470
v0,Belnet2008-r2,Belnet2008,ground_only,,24,34.701270736766936,0.8675317684191735,optimal,2.2532302729996445,19983,34821,103470
v0,Belnet2008-r2,Belnet2008,ground_only,,25,34.701270736766936,0.8675317684191735,optimal,1.1080256889981683,19983,34821,103470
v0,Belnet2008-r2,Belnet2008,ground_only,,26,34.701270736766936,0.8675317684191735,optimal,1.0875984910016996,19983,34821,103470
v0,Belnet2008-r2,Belnet2008,ground_only,,27,34.701270736766936,0.8675317684191735,optimal,2.4905691010026203,19983,34821,103470
v0,Belnet2008-r2,Belnet2008,ground_only,,28,34.701270736766936,0.8675317684191735,optimal,1.1034415399990394,19983,34821,103470
v0,Belnet2008-r2,Belnet2008,ground_only,,29,34.701270736766936,0.8675317684191735,optimal,1.0947481549992517,19983,34821,103470
v0,Belnet2008-r2,Belnet2008,trajectory,B1,0,36.19628687079321,0.9049071717698303,optimal,2.7651551400012977,42485,75307,237315
v0,Belnet2008-r2,Belnet2008,trajectory,B1,1,36.002362688526276,0.9000590672131569,optimal,2.7561856350002927,42485,75307,237315
v0,Belnet2008-r2,Belnet2008,trajectory,B1,2,36.00625562440094,0.9001563906100236,optimal,2.65956756399828,42485,75307,237315
v0,Belnet2008-r2,Belnet2008,trajectory,B1,3,35.7032062481462,0.892580156203655,optimal,2.801981918997626,42485,75307,237315
v0,Belnet2008-r2,Belnet2008,trajectory,B1,4,35.666704824364516,0.8916676206091129,optimal,5.940578556001128,42485,75307,237315
v0,Belnet2008-r2,Belnet2008,trajectory,B1,5,36.00790813622864,0.900197703405716,optimal,2.751356107000902,42485,75307,237315
v0,Belnet2008-r2,Belnet2008,trajectory,B1,6,36.13942140255781,0.9034855350639452,optimal,2.7820281720014464,42485,75307,237315
v0,Belnet2008-r2,Belnet2008,trajectory,B1,7,35.82454228230102,0.8956135570575254,optimal,2.974790225001925,42485,75307,237315
v0,Belnet2008-r2,Belnet2008,trajectory,B1,8,35.69863064245661,0.8924657660614151,optimal,2.7487567930002115,42485,75307,237315
v0,Belnet2008-r2,Belnet2008,trajectory,B1,9,35.78004751273394,0.8945011878183484,optimal,6.226013453000633,42485,75307,237315
v0,Belnet2008-r2,Belnet2008,trajectory,B1,10,36.22060170701527,0.9055150426753817,optimal,5.489778265000496,42485,75307,237315
v0,Belnet2008-r2,Belnet2008,trajectory,B1,11,36.186116150482675,0.9046529037620669,optimal,5.426349014000152,42485,75307,237315
v0,Belnet2008-r2,Belnet2008,trajectory,B1,12,35.664963548611745,0.8916240887152936,optimal,2.619896331001655,42485,75307,237315
v0,Belnet2008-r2,Belnet2008,trajectory,B1,13,36.02574289763032,0.9006435724407581,optimal,2.54071906000172,42485,75307,237315
v0,Belnet2008-r2,Belnet2008,trajectory,B1,14,35.520045572268224,0.8880011393067055,optimal,2.9134509659998002,42485,75307,237315
v0,Belnet2008-r2,Belnet2008,trajectory,B1,15,35.95315102312065,0.8988287755780162,optimal,2.880681127000571,42485,75307,237315
v0,Belnet2008-r2,Belnet2008,trajectory,B1,16,35.790607622473686,0.8947651905618421,optimal,2.7189343360005296,42485,75307,237315
v0,Belnet2008-r2,Belnet2008,trajectory,B1,17,36.05857744267675,0.9014644360669187,optimal,2.9130668830002833,42485,75307,237315
v0,Belnet2008-r2,Belnet2008,trajectory,B1,18,35.954904864926185,0.8988726216231546,optimal,2.7228938810003456,42485,75307,237315
v0,Belnet2008-r2,Belnet2008,trajectory,B1,19,35.99331354901352,0.899832838725338,optimal,2.757459252999979,42485,75307,237315
v0,Belnet2008-r2,Belnet2008,trajectory,B1,20,36.03396899778006,0.9008492249445015,optimal,3.160523970000213,42485,75307,237315
v0,Belnet2008-r2,Belnet2008,trajectory,B1,21,36.22241457310832,0.9055603643277079,optimal,3.064279792000889,42485,75307,237315
v0,Belnet2008-r2,Belnet2008,trajectory,B1,22,35.98542729468759,0.8996356823671897,optimal,2.793769424999482,42485,75307,237315
v0,Belnet2008-r2,Belnet2008,trajectory,B1,23,36.02883714111,0.9007209285277501,optimal,2.824311702999694,42485,75307,237315
v0,Belnet2008-r2,Belnet2008,trajectory,B1,24,36.07176459027637,0.9017941147569093,optimal,2.7128095289990597,42485,75307,237315
v0,Belnet2008-r2,Belnet2008,trajectory,B1,25,36.236595833238944,0.9059148958309736,optimal,5.986708282001928,42485,75307,237315
v0,Belnet2008-r2,Belnet2008,trajectory,B1,26,36.11156472099135,0.9027891180247838,optimal,2.66709712300144,42485,75307,237315
v0,Belnet2008-r2,Belnet2008,trajectory,B1,27,36.16254252418937,0.9040635631047342,optimal,2.9366802659969835,42485,75307,237315
v0,Belnet2008-r2,Belnet2008,trajectory,B1,28,36.30900472880303,0.9077251182200758,optimal,4.291069866001635,42485,75307,237315
v0,Belnet2008-r2,Belnet2008,trajectory,B1,29,36.1331229866149,0.9033280746653725,optimal,2.821070993999456,42485,75307,237315
v0,BsonetEurope-r0,BsonetEurope,ground_only,,0,21.14363403826331,0.5285908509565828,optimal,0.32426136300273356,6997,14109,38914
v0,BsonetEurope-r0,BsonetEurope,ground_only,,1,21.14363403826331,0.5285908509565828,optimal,0.32715621600073064,6997,14109,38914
v0,BsonetEurope-r0,BsonetEurope,ground_only,,2,21.14363403826331,0.5285908509565828,optimal,0.32282778400258394,6997,14109,38914
v0,BsonetEurope-r0,BsonetEurope,ground_only,,3,21.14363403826331,0.5285908509565828,optimal,0.3298242189994198,6997,14109,38914
v0,BsonetEurope-r0,BsonetEurope,ground_only,,4,21.14363403826331,0.5285908509565828,optimal,0.32366253299915115,6997,14109,38914
v0,BsonetEurope-r0,BsonetEurope,ground_only,,5,21.14363403826331,0.5285908509565828,optimal,0.33882979600093677,6997,14109,38914
v0,BsonetEurope-r0,BsonetEurope,ground_only,,6,21.14363403826331,0.5285908509565828,optimal,0.3252276709972648,6997,14109,38914
v0,BsonetEurope-r0,BsonetEurope,ground_only,,7,21.14363403826331,0.5285908509565828,optimal,0.3285338050009159,6997,14109,38914
v0,BsonetEurope-r0,BsonetEurope,ground_only,,8,21.14363403826331,0.5285908509565828,optimal,0.32214850400123396,6997,14109,38914
v0,BsonetEurope-r0,BsonetEurope,ground_only,,9,21.14363403826331,0.5285908509565828,optimal,0.33773650000148336,6997,14109,38914
v0,BsonetEurope-r0,BsonetEurope,ground_only,,10,21.14363403826331,0.5285908509565828,optimal,0.32362442999874474,6997,14109,38914
v0,BsonetEurope-r0,BsonetEurope,ground_only,,11,21.14363403826331,0.5285908509565828,optimal,0.3245906459997059,6997,14109,38914
v0,BsonetEurope-r0,BsonetEurope,ground_only,,12,21.14363403826331,0.5285908509565828,optimal,0.3196794499999669,6997,14109,38914
v0,BsonetEurope-r0,BsonetEurope,ground_only,,13,21.14363403826331,0.5285908509565828,optimal,0.31315612899925327,6997,14109,38914
v0,BsonetEurope-r0,BsonetEurope,ground_only,,14,21.14363403826331,0.5285908509565828,optimal,0.701562570000533,6997,14109,38914
v0,BsonetEurope-r0,BsonetEurope,ground_only,,15,21.14363403826331,0.5285908509565828,optimal,0.32991589899756946,6997,14109,38914
v0,BsonetEurope-r0,BsonetEurope,ground_only,,16,21.14363403826331,0.5285908509565828,optimal,0.3283035410022421,6997,14109,38914
v0,BsonetEurope-r0,BsonetEurope,ground_only,,17,21.14363403826331,0.5285908509565828,optimal,0.32668731800004025,6997,14109,38914
v0,BsonetEurope-r0,BsonetEurope,ground_only,,18,21.14363403826331,0.5285908509565828,optimal,0.321700537999277,6997,14109,38914
v0,BsonetEurope-r0,BsonetEurope,ground_only,,19,21.14363403826331,0.5285908509565828,optimal,0.32541625700105214,6997,14109,38914
v0,BsonetEurope-r0,BsonetEurope,ground_only,,20,21.14363403826331,0.5285908509565828,optimal,0.32634842799961916,6997,14109,38914
v0,BsonetEurope-r0,BsonetEurope,ground_only,,21,21.14363403826331,0.5285908509565828,optimal,0.33532016499884776,6997,14109,38914
v0,BsonetEurope-r0,BsonetEurope,ground_only,,22,21.14363403826331,0.5285908509565828,optimal,0.32152150200272445,6997,14109,38914
v0,BsonetEurope-r0,BsonetEurope,ground_only,,23,21.14363403826331,0.5285908509565828,optimal,0.3375351530012267,6997,14109,38914
v0,BsonetEurope-r0,BsonetEurope,ground_only,,24,21.14363403826331,0.5285908509565828,optimal,0.34078871400197386,6997,14109,38914
v0,BsonetEurope-r0,BsonetEurope,ground_only,,25,21.14363403826331,0.5285908509565828,optimal,0.3308725700007926,6997,14109,38914
v0,BsonetEurope-r0,BsonetEurope,ground_only,,26,21.14363403826331,0.5285908509565828,optimal,0.3234458259976236,6997,14109,38914
v0,BsonetEurope-r0,BsonetEurope,ground_only,,27,21.14363403826331,0.5285908509565828,optimal,0.3328640679974342,6997,14109,38914
v0,BsonetEurope-r0,BsonetEurope,ground_only,,28,21.14363403826331,0.5285908509565828,optimal,0.32741873399936594,6997,14109,38914
v0,BsonetEurope-r0,BsonetEurope,ground_only,,29,21.14363403826331,0.5285908509565828,optimal,0.32691500799774076,6997,14109,38914
v0,BsonetEurope-r0,BsonetEurope,trajectory,B1,0,29.38897081536961,0.7347242703842403,optimal,5.329650006999145,38907,63949,230858
v0,BsonetEurope-r0,BsonetEurope,trajectory,B1,1,28.34976483516971,0.7087441208792428,optimal,2.5800801890000002,38907,63949,230858
v0,BsonetEurope-r0,BsonetEurope,trajectory,B1,2,28.88980767320144,0.722245191830036,optimal,2.753067296001973,38907,63949,230858
v0,BsonetEurope-r0,BsonetEurope,trajectory,B1,3,28.721077404094522,0.718026935102363,optimal,4.827030679000018,38907,63949,230858
v0,BsonetEurope-r0,BsonetEurope,trajectory,B1,4,29.20922772575544,0.730230693143886,optimal,2.705919094001729,38907,63949,230858
v0,BsonetEurope-r0,BsonetEurope,trajectory,B1,5,28.865826602353764,0.7216456650588441,optimal,2.435561893002159,38907,63949,230858
v0,BsonetEurope-r0,BsonetEurope,trajectory,B1,6,28.35870829097058,0.7089677072742645,optimal,2.4807999540025776,38907,63949,230858
v0,BsonetEurope-r0,BsonetEurope,trajectory,B1,7,28.48355088302244,0.712088772075561,optimal,2.4036173679996864,38907,63949,230858
v0,BsonetEurope-r0,BsonetEurope,trajectory,B1,8,27.920068284599587,0.6980017071149897,optimal,2.586577612997644,38907,63949,230858
v0,BsonetEurope-r0,BsonetEurope,trajectory,B1,9,28.491783870385476,0.7122945967596369,optimal,2.641829215001053,38907,63949,230858
v0,BsonetEurope-r0,BsonetEurope,trajectory,B1,10,27.47508323865028,0.686877080966257,optimal,4.427617943001678,38907,63949,230858
v0,BsonetEurope-r0,BsonetEurope,trajectory,B1,11,28.43799224146185,0.7109498060365462,optimal,5.169358092000039,38907,63949,230858
v0,BsonetEurope-r0,BsonetEurope,trajectory,B1,12,28.481083229692324,0.7120270807423081,optimal,2.3695496670006833,38907,63949,230858
v0,BsonetEurope-r0,BsonetEurope,trajectory,B1,13,29.370450719064632,0.7342612679766158,optimal,2.5850640130011016,38907,63949,230858
v0,BsonetEurope-r0,BsonetEurope,trajectory,B1,14,29.00348717605387,0.7250871794013467,optimal,2.4987196319998475,38907,63949,230858
v0,BsonetEurope-r0,BsonetEurope,trajectory,B1,15,29.058530713039605,0.7264632678259901,optimal,2.920711663002294,38907,63949,230858
v0,BsonetEurope-r0,BsonetEurope,trajectory,B1,16,29.090193069686567,0.7272548267421641,optimal,2.6319546259983326,38907,63949,230858
v0,BsonetEurope-r0,BsonetEurope,trajectory,B1,17,29.44311033543389,0.7360777583858472,optimal,2.373763826002687,38907,63949,230858
v0,BsonetEurope-r0,BsonetEurope,trajectory,B1,18,29.32342837203238,0.7330857093008095,optimal,3.803980466000212,38907,63949,230858
v0,BsonetEurope-r0,BsonetEurope,trajectory,B1,19,29.24177745392575,0.7310444363481438,optimal,2.661344205000205,38907,63949,230858
v0,BsonetEurope-r0,BsonetEurope,trajectory,B1,20,28.94973060771765,0.7237432651929413,optimal,2.46543989699785,38907,63949,230858
v0,BsonetEurope-r0,BsonetEurope,trajectory,B1,21,28.647337982193537,0.7161834495548385,optimal,2.621163087998866,38907,63949,230858
v0,BsonetEurope-r0,BsonetEurope,trajectory,B1,22,29.188897752204316,0.7297224438051079,optimal,2.4404185589992267,38907,63949,230858
v0,BsonetEurope-r0,BsonetEurope,trajectory,B1,23,28.762289048281332,0.7190572262070333,optimal,2.4528270970004087,38907,63949,230858
v0,BsonetEurope-r0,BsonetEurope,trajectory,B1,24,27.672268171143585,0.6918067042785896,optimal,2.648973177998414,38907,63949,230858
v0,BsonetEurope-r0,BsonetEurope,trajectory,B1,25,28.334484947076902,0.7083621236769225,optimal,2.6358107439991727,38907,63949,230858
v0,BsonetEurope-r0,BsonetEurope,trajectory,B1,26,29.01261404118726,0.7253153510296815,optimal,4.329744083999685,38907,63949,230858
v0,BsonetEurope-r0,BsonetEurope,trajectory,B1,27,28.663316576264652,0.7165829144066163,optimal,2.4883095109980786,38907,63949,230858
v0,BsonetEurope-r0,BsonetEurope,trajectory,B1,28,29.300498647834655,0.7325124661958664,optimal,3.7166772989985475,38907,63949,230858
v0,BsonetEurope-r0,BsonetEurope,trajectory,B1,29,27.690999263510374,0.6922749815877594,optimal,2.674023166997358,38907,63949,230858
v0,BsonetEurope-r1,BsonetEurope,ground_only,,0,15.853616468077037,0.3963404117019259,optimal,0.3631124200001068,8700,18659,49375
v0,BsonetEurope-r1,BsonetEurope,ground_only,,1,15.853616468077037,0.3963404117019259,optimal,0.3204714830026205,8700,18659,49375
v0,BsonetEurope-r1,BsonetEurope,ground_only,,2,15.853616468077037,0.3963404117019259,optimal,0.4509457210006076,8700,18659,49375
v0,BsonetEurope-r1,BsonetEurope,ground_only,,3,15.853616468077037,0.3963404117019259,optimal,0.32338070100013283,8700,18659,49375
v0,BsonetEurope-r1,BsonetEurope,ground_only,,4,15.853616468077037,0.3963404117019259,optimal,0.29539543999999296,8700,18659,49375
v0,BsonetEurope-r1,BsonetEurope,ground_only,,5,15.853616468077037,0.3963404117019259,optimal,0.29554265499973553,8700,18659,49375
v0,BsonetEurope-r1,BsonetEurope,ground_only,,6,15.853616468077037,0.3963404117019259,optimal,0.705601949000993,8700,18659,49375
v0,BsonetEurope-r1,BsonetEurope,ground_only,,7,15.853616468077037,0.3963404117019259,optimal,0.6751085649993911,8700,18659,49375
v0,BsonetEurope-r1,BsonetEurope,ground_only,,8,15.853616468077037,0.3963404117019259,optimal,0.3234505180007545,8700,18659,49375
v0,BsonetEurope-r1,BsonetEurope,ground_only,,9,15.853616468077037,0.3963404117019259,optimal,0.6080114369979128,8700,18659,49375
v0,BsonetEurope-r1,BsonetEurope,ground_only,,10,15.853616468077037,0.3963404117019259,optimal,0.5116986299981363,8700,18659,49375
v0,BsonetEurope-r1,BsonetEurope,ground_only,,11,15.853616468077037,0.3963404117019259,optimal,0.37686257699897396,8700,18659,49375
v0,BsonetEurope-r1,BsonetEurope,ground_only,,12,15.853616468077037,0.3963404117019259,optimal,0.3560595529997954,8700,18659,49375
v0,BsonetEurope-r1,BsonetEurope,ground_only,,13,15.853616468077037,0.3963404117019259,optimal,0.33460522400127957,8700,18659,49375
v0,BsonetEurope-r1,BsonetEurope,ground_only,,14,15.853616468077037,0.3963404117019259,optimal,0.37043791099858936,8700,18659,49375
v0,BsonetEurope-r1,BsonetEurope,ground_only,,15,15.853616468077037,0.3963404117019259,optimal,0.3062571750015195,8700,18659,49375
v0,BsonetEurope-r1,BsonetEurope,ground_only,,16,15.853616468077037,0.3963404117019259,optimal,0.2955301380025048,8700,18659,49375
v0,BsonetEurope-r1,BsonetEurope,ground_only,,17,15.853616468077037,0.3963404117019259,optimal,0.29155837000143947,8700,18659,49375
v0,BsonetEurope-r1,BsonetEurope,ground_only,,18,15.853616468077037,0.3963404117019259,optimal,0.29934286199932103,8700,18659,49375
v0,BsonetEurope-r1,BsonetEurope,ground_only,,19,15.853616468077037,0.3963404117019259,optimal,0.28488089899838087,8700,18659,49375
v0,BsonetEurope-r1,BsonetEurope,ground_only,,20,15.853616468077037,0.3963404117019259,optimal,0.28270231500209775,8700,18659,49375
v0,BsonetEurope-r1,BsonetEurope,ground_only,,21,15.853616468077037,0.3963404117019259,optimal,0.6343702999984089,8700,18659,49375
v0,BsonetEurope-r1,BsonetEurope,ground_only,,22,15.853616468077037,0.3963404117019259,optimal,0.6663195750006707,8700,18659,49375
v0,BsonetEurope-r1,BsonetEurope,ground_only,,23,15.853616468077037,0.3963404117019259,optimal,0.2923243610021018,8700,18659,49375
v0,BsonetEurope-r1,BsonetEurope,ground_only,,24,15.853616468077037,0.3963404117019259,optimal,0.6165611519973027,8700,18659,49375
v0,BsonetEurope-r1,BsonetEurope,ground_only,,25,15.853616468077037,0.3963404117019259,optimal,0.286837027000729,8700,18659,49375
v0,BsonetEurope-r1,BsonetEurope,ground_only,,26,15.853616468077037,0.3963404117019259,optimal,0.2923802209988935,8700,18659,49375
v0,BsonetEurope-r1,BsonetEurope,ground_only,,27,15.853616468077037,0.3963404117019259,optimal,0.2954691919985635,8700,18659,49375
v0,BsonetEurope-r1,BsonetEurope,ground_only,,28,15.853616468077037,0.3963404117019259,optimal,0.2862280750014179,8700,18659,49375
v0,BsonetEurope-r1,BsonetEurope,ground_only,,29,15.853616468077037,0.3963404117019259,optimal,0.30303853799705394,8700,18659,49375
v0,BsonetEurope-r1,BsonetEurope,trajectory,B1,0,23.346325548498598,0.583658138712465,optimal,2.0100395560002653,34159,62821,212554
v0,BsonetEurope-r1,BsonetEurope,trajectory,B1,1,22.642843072629688,0.5660710768157422,optimal,1.8496603509993292,34159,62821,212554
v0,BsonetEurope-r1,BsonetEurope,trajectory,B1,2,23.74048908465509,0.5935122271163772,optimal,2.06835440299983,34159,62821,212554
v0,BsonetEurope-r1,BsonetEurope,trajectory,B1,3,23.515782090291435,0.5878945522572858,optimal,2.061997008000617,34159,62821,212554
v0,BsonetEurope-r1,BsonetEurope,trajectory,B1,4,24.693390134670913,0.6173347533667728,optimal,1.979134271001385,34159,62821,212554
v0,BsonetEurope-r1,BsonetEurope,trajectory,B1,5,22.724583163012888,0.5681145790753221,optimal,2.086685492999095,34159,62821,212554
v0,BsonetEurope-r1,BsonetEurope,trajectory,B1,6,22.659253629614806,0.5664813407403702,optimal,1.9974499460004154,34159,62821,212554
v0,BsonetEurope-r1,BsonetEurope,trajectory,B1,7,22.720956576743994,0.5680239144185999,optimal,3.6259264569998777,34159,62821,212554
v0,BsonetEurope-r1,BsonetEurope,trajectory,B1,8,23.46925662699325,0.5867314156748312,optimal,2.71559693999734,34159,62821,212554
v0,BsonetEurope-r1,BsonetEurope,trajectory,B1,9,22.845315165624147,0.5711328791406036,optimal,3.390853684999456,34159,62821,212554
v0,BsonetEurope-r1,BsonetEurope,trajectory,B1,10,23.29542500176573,0.5823856250441433,optimal,2.028337479001493,34159,62821,212554
v0,BsonetEurope-r1,BsonetEurope,trajectory,B1,11,22.891768169012938,0.5722942042253234,optimal,3.769346408000274,34159,62821,212554
v0,BsonetEurope-r1,BsonetEurope,trajectory,B1,12,23.50136172200246,0.5875340430500615,optimal,2.1458408559992677,34159,62821,212554
v0,BsonetEurope-r1,BsonetEurope,trajectory,B1,13,23.651393558288454,0.5912848389572114,optimal,1.9058929979983077,34159,62821,212554
v0,BsonetEurope-r1,BsonetEurope,trajectory,B1,14,22.83389520701539,0.5708473801753848,optimal,1.912107158001163,34159,62821,212554
v0,BsonetEurope-r1,BsonetEurope,trajectory,B1,15,24.015042693891296,0.6003760673472824,optimal,3.5941094850022637,34159,62821,212554
v0,BsonetEurope-r1,BsonetEurope,trajectory,B1,16,22.499668107936447,0.5624917026984112,optimal,1.912759400998766,34159,62821,212554
v0,BsonetEurope-r1,BsonetEurope,trajectory,B1,17,23.94468827397952,0.5986172068494879,optimal,2.039723806999973,34159,62821,212554
v0,BsonetEurope-r1,BsonetEurope,trajectory,B1,18,23.143687359314562,0.578592183982864,optimal,2.053533467998932,34159,62821,212554
v0,BsonetEurope-r1,BsonetEurope,trajectory,B1,19,23.695238753333218,0.5923809688333305,optimal,2.0213452169991797,34159,62821,212554
v0,BsonetEurope-r1,BsonetEurope,trajectory,B1,20,23.142658012201753,0.5785664503050438,optimal,1.8032609559995763,34159,62821,212554
v0,BsonetEurope-r1,BsonetEurope,trajectory,B1,21,23.17166366689269,0.5792915916723173,optimal,1.9060551059992576,34159,62821,212554
v0,BsonetEurope-r1,BsonetEurope,trajectory,B1,22,22.265540038587122,0.556638500964678,optimal,4.2578157169991755,34159,62821,212554
v0,BsonetEurope-r1,BsonetEurope,trajectory,B1,23,23.518687806344722,0.5879671951586181,optimal,1.9469888659987191,34159,62821,212554
v0,BsonetEurope-r1,BsonetEurope,trajectory,B1,24,22.59815984987493,0.5649539962468733,optimal,1.9296409840026172,34159,62821,212554
v0,BsonetEurope-r1,BsonetEurope,trajectory,B1,25,23.273967303061173,0.5818491825765293,optimal,1.8474125570028264,34159,62821,212554
v0,BsonetEurope-r1,BsonetEurope,trajectory,B1,26,23.859119828323816,0.5964779957080955,optimal,4.115214297999046,34159,62821,212554
v0,BsonetEurope-r1,BsonetEurope,trajectory,B1,27,23.860760524654616,0.5965190131163653,optimal,1.9581575990014244,34159,62821,212554
v0,BsonetEurope-r1,BsonetEurope,trajectory,B1,28,23.216048215723923,0.580401205393098,optimal,1.8805468540012953,34159,62821,212554
v0,BsonetEurope-r1,BsonetEurope,trajectory,B1,29,22.295552711062644,0.5573888177765661,optimal,4.2308000449993415,34159,62821,212554
v0,BsonetEurope-r2,BsonetEurope,ground_only,,0,19.0,0.475,optimal,0.16329088199927355,6530,15425,44471
v0,BsonetEurope-r2,BsonetEurope,ground_only,,1,19.0,0.475,optimal,0.16329384599885088,6530,15425,44471
v0,BsonetEurope-r2,BsonetEurope,ground_only,,2,19.0,0.475,optimal,0.19226052699741558,6530,15425,44471
v0,BsonetEurope-r2,BsonetEurope,ground_only,,3,19.0,0.475,optimal,0.17633140799807734,6530,15425,44471
v0,BsonetEurope-r2,BsonetEurope,ground_only,,4,19.0,0.475,optimal,0.5679795929972897,6530,15425,44471
v0,BsonetEurope-r2,BsonetEurope,ground_only,,5,19.0,0.475,optimal,0.18087535000086064,6530,15425,44471
v0,BsonetEurope-r2,BsonetEurope,ground_only,,6,19.0,0.475,optimal,0.193759638001211,6530,15425,44471
v0,BsonetEurope-r2,BsonetEurope,ground_only,,7,19.0,0.475,optimal,0.18355334000079893,6530,15425,44471
v0,BsonetEurope-r2,BsonetEurope,ground_only,,8,19.0,0.475,optimal,0.17288518599889358,6530,15425,44471
v0,BsonetEurope-r2,BsonetEurope,ground_only,,9,19.0,0.475,optimal,0.17673608100085403,6530,15425,44471
v0,BsonetEurope-r2,BsonetEurope,ground_only,,10,19.0,0.475,optimal,0.17074794599830057,6530,15425,44471
v0,BsonetEurope-r2,BsonetEurope,ground_only,,11,19.0,0.475,optimal,0.18358631099908962,6530,15425,44471
v0,BsonetEurope-r2,BsonetEurope,ground_only,,12,19.0,0.475,optimal,0.18979646899970248,6530,15425,44471
v0,BsonetEurope-r2,BsonetEurope,ground_only,,13,19.0,0.475,optimal,0.1803518270025961,6530,15425,44471
v0,BsonetEurope-r2,BsonetEurope,ground_only,,14,19.0,0.475,optimal,0.16272554700117325,6530,15425,44471
v0,BsonetEurope-r2,BsonetEurope,ground_only,,15,19.0,0.475,optimal,0.17007075600122334,6530,15425,44471
v0,BsonetEurope-r2,BsonetEurope,ground_only,,16,19.0,0.475,optimal,0.16435225999885006,6530,15425,44471
v0,BsonetEurope-r2,BsonetEurope,ground_only,,17,19.0,0.475,optimal,0.16534558000057586,6530,15425,44471
v0,BsonetEurope-r2,BsonetEurope,ground_only,,18,19.0,0.475,optimal,0.16586055000152555,6530,15425,44471
v0,BsonetEurope-r2,BsonetEurope,ground_only,,19,19.0,0.475,optimal,0.1650952089985367,6530,15425,44471
v0,BsonetEurope-r2,BsonetEurope,ground_only,,20,19.0,0.475,optimal,0.1739134559975355,6530,15425,44471
v0,BsonetEurope-r2,BsonetEurope,ground_only,,21,19.0,0.475,optimal,0.16561409800124238,6530,15425,44471
v0,BsonetEurope-r2,BsonetEurope,ground_only,,22,19.0,0.475,optimal,0.38358710299871746,6530,15425,44471
v0,BsonetEurope-r2,BsonetEurope,ground_only,,23,19.0,0.475,optimal,0.16026247300032992,6530,15425,44471
v0,BsonetEurope-r2,BsonetEurope,ground_only,,24,19.0,0.475,optimal,0.16385894300037762,6530,15425,44471
v0,BsonetEurope-r2,BsonetEurope,ground_only,,25,19.0,0.475,optimal,0.16549246300201048,6530,15425,44471
v0,BsonetEurope-r2,BsonetEurope,ground_only,,26,19.0,0.475,optimal,0.16691138600072009,6530,15425,44471
v0,BsonetEurope-r2,BsonetEurope,ground_only,,27,19.0,0.475,optimal,0.1695116679984494,6530,15425,44471
v0,BsonetEurope-r2,BsonetEurope,ground_only,,28,19.0,0.475,optimal,0.16712129399820697,6530,15425,44471
v0,BsonetEurope-r2,BsonetEurope,ground_only,,29,19.0,0.475,optimal,0.1632052230015688,6530,15425,44471
v0,BsonetEurope-r2,BsonetEurope,trajectory,B1,0,22.627028734117122,0.5656757183529281,optimal,1.2368861979994108,26296,48437,185077
v0,BsonetEurope-r2,BsonetEurope,trajectory,B1,1,24.028235995898914,0.6007058998974728,optimal,1.2549658110001474,26296,48437,185077
v0,BsonetEurope-r2,BsonetEurope,trajectory,B1,2,21.859771956683325,0.5464942989170831,optimal,1.2213366720025078,26296,48437,185077
v0,BsonetEurope-r2,BsonetEurope,trajectory,B1,3,22.97118255190727,0.5742795637976817,optimal,1.2144559840016882,26296,48437,185077
v0,BsonetEurope-r2,BsonetEurope,trajectory,B1,4,23.51386412494207,0.5878466031235517,optimal,1.1602520160013228,26296,48437,185077
v0,BsonetEurope-r2,BsonetEurope,trajectory,B1,5,22.42670153498871,0.5606675383747177,optimal,1.2596905770005833,26296,48437,185077
v0,BsonetEurope-r2,BsonetEurope,trajectory,B1,6,22.398301977323992,0.5599575494330998,optimal,1.1589789669997117,26296,48437,185077
v0,BsonetEurope-r2,BsonetEurope,trajectory,B1,7,22.902502620694726,0.5725625655173682,optimal,1.3809119840007043,26296,48437,185077
v0,BsonetEurope-r2,BsonetEurope,trajectory,B1,8,22.541399772329694,0.5635349943082424,optimal,2.514868395999656,26296,48437,185077
v0,BsonetEurope-r2,BsonetEurope,trajectory,B1,9,22.4768708302878,0.5619217707571951,optimal,1.2725316110008862,26296,48437,185077
v0,BsonetEurope-r2,BsonetEurope,trajectory,B1,10,22.469359947777136,0.5617339986944284,optimal,1.2694341979986348,26296,48437,185077
v0,BsonetEurope-r2,BsonetEurope,trajectory,B1,11,22.700389321768426,0.5675097330442107,optimal,1.1640505280010984,26296,48437,185077
v0,BsonetEurope-r2,BsonetEurope,trajectory,B1,12,22.449419709296244,0.5612354927324061,optimal,1.1741593270016892,26296,48437,185077
v0,BsonetEurope-r2,BsonetEurope,trajectory,B1,13,22.6467828115887,0.5661695702897175,optimal,1.1303749889993924,26296,48437,185077
v0,BsonetEurope-r2,BsonetEurope,trajectory,B1,14,23.72035941990652,0.593008985497663,optimal,1.3859790860005887,26296,48437,185077
v0,BsonetEurope-r2,BsonetEurope,trajectory,B1,15,22.492037509223344,0.5623009377305836,optimal,1.5344111630001862,26296,48437,185077
v0,BsonetEurope-r2,BsonetEurope,trajectory,B1,16,24.361272182858478,0.609031804571462,optimal,1.523170966996986,26296,48437,185077
v0,BsonetEurope-r2,BsonetEurope,trajectory,B1,17,22.25853332612462,0.5564633331531155,optimal,2.6281687260016042,26296,48437,185077
v0,BsonetEurope-r2,BsonetEurope,trajectory,B1,18,21.791430680960712,0.5447857670240178,optimal,1.3109687910000503,26296,48437,185077
v0,BsonetEurope-r2,BsonetEurope,trajectory,B1,19,21.616972316048724,0.5404243079012181,optimal,2.567026322998572,26296,48437,185077
v0,BsonetEurope-r2,BsonetEurope,trajectory,B1,20,21.90700573969962,0.5476751434924905,optimal,1.1996825450005417,26296,48437,185077
v0,BsonetEurope-r2,BsonetEurope,trajectory,B1,21,22.73888065147637,0.5684720162869092,optimal,1.2564723750001576,26296,48437,185077
v0,BsonetEurope-r2,BsonetEurope,trajectory,B1,22,22.561581299395193,0.5640395324848798,optimal,1.2485529219993623,26296,48437,185077
v0,BsonetEurope-r2,BsonetEurope,trajectory,B1,23,22.70356197016254,0.5675890492540635,optimal,1.2427433129996643,26296,48437,185077
v0,BsonetEurope-r2,BsonetEurope,trajectory,B1,24,21.680765432577513,0.5420191358144378,optimal,2.9003821360020083,26296,48437,185077
v0,BsonetEurope-r2,BsonetEurope,trajectory,B1,25,22.112292311688506,0.5528073077922127,optimal,1.1808929439976055,26296,48437,185077
v0,BsonetEurope-r2,BsonetEurope,trajectory,B1,26,22.04514309810978,0.5511285774527445,optimal,1.2194760679994943,26296,48437,185077
v0,BsonetEurope-r2,BsonetEurope,trajectory,B1,27,24.154122039014556,0.6038530509753639,optimal,2.6922548780021316,26296,48437,185077
v0,BsonetEurope-r2,BsonetEurope,trajectory,B1,28,23.45298382177335,0.5863245955443338,optimal,1.142526318999444,26296,48437,185077
v0,BsonetEurope-r2,BsonetEurope,trajectory,B1,29,21.757854304704235,0.5439463576176059,optimal,1.2215644490024715,26296,48437,185077
v0,BtNorthAmerica-r0,BtNorthAmerica,ground_only,,0,17.0,0.425,optimal,0.3156007299985504,8000,16265,47125
v0,BtNorthAmerica-r0,BtNorthAmerica,ground_only,,1,17.0,0.425,optimal,0.3073329249964445,8000,16265,47125
v0,BtNorthAmerica-r0,BtNorthAmerica,ground_only,,2,17.0,0.425,optimal,0.291587381001591,8000,16265,47125
v0,BtNorthAmerica-r0,BtNorthAmerica,ground_only,,3,17.0,0.425,optimal,0.28681710199816735,8000,16265,47125
v0,BtNorthAmerica-r0,BtNorthAmerica,ground_only,,4,17.0,0.425,optimal,0.2771709170010581,8000,16265,47125
v0,BtNorthAmerica-r0,BtNorthAmerica,ground_only,,5,17.0,0.425,optimal,0.2889197039985447,8000,16265,47125
v0,BtNorthAmerica-r0,BtNorthAmerica,ground_only,,6,17.0,0.425,optimal,0.2864502399970661,8000,16265,47125
v0,BtNorthAmerica-r0,BtNorthAmerica,ground_only,,7,17.0,0.425,optimal,0.2803661719990487,8000,16265,47125
v0,BtNorthAmerica-r0,BtNorthAmerica,ground_only,,8,17.0,0.425,optimal,0.7034561930013297,8000,16265,47125
v0,BtNorthAmerica-r0,BtNorthAmerica,ground_only,,9,17.0,0.425,optimal,0.3205410059999849,8000,16265,47125
v0,BtNorthAmerica-r0,BtNorthAmerica,ground_only,,10,17.0,0.425,optimal,0.28472692200011807,8000,16265,47125
v0,BtNorthAmerica-r0,BtNorthAmerica,ground_only,,11,17.0,0.425,optimal,0.2932031999989704,8000,16265,47125
v0,BtNorthAmerica-r0,BtNorthAmerica,ground_only,,12,17.0,0.425,optimal,0.2825511640003242,8000,16265,47125
v0,BtNorthAmerica-r0,BtNorthAmerica,ground_only,,13,17.0,0.425,optimal,0.27618697800062364,8000,16265,47125
v0,BtNorthAmerica-r0,BtNorthAmerica,ground_only,,14,17.0,0.425,optimal,0.29686186800245196,8000,16265,47125
v0,BtNorthAmerica-r0,BtNorthAmerica,ground_only,,15,17.0,0.425,optimal,0.29516144700028235,8000,16265,47125
v0,BtNorthAmerica-r0,BtNorthAmerica,ground_only,,16,17.0,0.425,optimal,0.28009690800172393,8000,16265,47125
v0,BtNorthAmerica-r0,BtNorthAmerica,ground_only,,17,17.0,0.425,optimal,0.27827324000099907,8000,16265,47125
v0,BtNorthAmerica-r0,BtNorthAmerica,ground_only,,18,17.0,0.425,optimal,0.2842210429989791,8000,16265,47125
v0,BtNorthAmerica-r0,BtNorthAmerica,ground_only,,19,17.0,0.425,optimal,0.29168897600175114,8000,16265,47125
v0,BtNorthAmerica-r0,BtNorthAmerica,ground_only,,20,17.0,0.425,optimal,0.28039186100068036,8000,16265,47125
v0,BtNorthAmerica-r0,BtNorthAmerica,ground_only,,21,17.0,0.425,optimal,0.3291904470024747,8000,16265,47125
v0,BtNorthAmerica-r0,BtNorthAmerica,ground_only,,22,17.0,0.425,optimal,0.7107505379972281,8000,16265,47125
v0,BtNorthAmerica-r0,BtNorthAmerica,ground_only,,23,17.0,0.425,optimal,0.2839281619999383,8000,16265,47125
v0,BtNorthAmerica-r0,BtNorthAmerica,ground_only,,24,17.0,0.425,optimal,0.2934600600019621,8000,16265,47125
v0,BtNorthAmerica-r0,BtNorthAmerica,ground_only,,25,17.0,0.425,optimal,0.30063082899869187,8000,16265,47125
v0,BtNorthAmerica-r0,BtNorthAmerica,ground_only,,26,17.0,0.425,optimal,0.30562180599736166,8000,16265,47125
v0,BtNorthAmerica-r0,BtNorthAmerica,ground_only,,27,17.0,0.425,optimal,0.2976313300023321,8000,16265,47125
v0,BtNorthAmerica-r0,BtNorthAmerica,ground_only,,28,17.0,0.425,optimal,0.2981885160006641,8000,16265,47125
v0,BtNorthAmerica-r0,BtNorthAmerica,ground_only,,29,17.0,0.425,optimal,0.3081727310018323,8000,16265,47125
v0,BtNorthAmerica-r0,BtNorthAmerica,trajectory,B1,0,21.87708519712576,0.546927129928144,optimal,2.567268672002683,37055,65225,228363
v0,BtNorthAmerica-r0,BtNorthAmerica,trajectory,B1,1,24.494956366805326,0.6123739091701331,optimal,2.55650889500248,37055,65225,228363
v0,BtNorthAmerica-r0,BtNorthAmerica,trajectory,B1,2,22.512598449813467,0.5628149612453367,optimal,2.5057623599968792,37055,65225,228363
v0,BtNorthAmerica-r0,BtNorthAmerica,trajectory,B1,3,23.226928513246197,0.5806732128311549,optimal,2.5802227960011805,37055,65225,228363
v0,BtNorthAmerica-r0,BtNorthAmerica,trajectory,B1,4,22.637295840950244,0.5659323960237561,optimal,2.754015886999696,37055,65225,228363
v0,BtNorthAmerica-r0,BtNorthAmerica,trajectory,B1,5,22.877972226599166,0.5719493056649791,optimal,2.7246217920001072,37055,65225,228363
v0,BtNorthAmerica-r0,BtNorthAmerica,trajectory,B1,6,23.155467809778624,0.5788866952444656,optimal,2.753040341001906,37055,65225,228363
v0,BtNorthAmerica-r0,BtNorthAmerica,trajectory,B1,7,22.025048356396084,0.5506262089099021,optimal,5.834456423002848,37055,65225,228363
v0,BtNorthAmerica-r0,BtNorthAmerica,trajectory,B1,8,23.427897182696046,0.5856974295674011,optimal,3.8483053630006907,37055,65225,228363
v0,BtNorthAmerica-r0,BtNorthAmerica,trajectory,B1,9,23.65741520338635,0.5914353800846588,optimal,2.569291575000534,37055,65225,228363
v0,BtNorthAmerica-r0,BtNorthAmerica,trajectory,B1,10,22.188204258957587,0.5547051064739397,optimal,6.008434936000413,37055,65225,228363
v0,BtNorthAmerica-r0,BtNorthAmerica,trajectory,B1,11,23.15256615903769,0.5788141539759423,optimal,6.309267908000038,37055,65225,228363
v0,BtNorthAmerica-r0,BtNorthAmerica,trajectory,B1,12,23.594031985502678,0.5898507996375669,optimal,2.6084954109974205,37055,65225,228363
v0,BtNorthAmerica-r0,BtNorthAmerica,trajectory,B1,13,23.092887660699937,0.5773221915174984,optimal,2.6116437609998684,37055,65225,228363
v0,BtNorthAmerica-r0,BtNorthAmerica,trajectory,B1,14,22.038355496015264,0.5509588874003816,optimal,2.627242415997898,37055,65225,228363
v0,BtNorthAmerica-r0,BtNorthAmerica,trajectory,B1,15,22.314098808346177,0.5578524702086545,optimal,2.784984429999895,37055,65225,228363
v0,BtNorthAmerica-r0,BtNorthAmerica,trajectory,B1,16,22.59368479519139,0.5648421198797847,optimal,2.6452174929981993,37055,65225,228363
v0,BtNorthAmerica-r0,BtNorthAmerica,trajectory,B1,17,22.42230864243236,0.560557716060809,optimal,2.5471805409979424,37055,65225,228363
v0,BtNorthAmerica-r0,BtNorthAmerica,trajectory,B1,18,21.759066281659436,0.5439766570414859,optimal,2.715397740001208,37055,65225,228363
v0,BtNorthAmerica-r0,BtNorthAmerica,trajectory,B1,19,22.40972823285271,0.5602432058213178,optimal,5.335103708002862,37055,65225,228363
v0,BtNorthAmerica-r0,BtNorthAmerica,trajectory,B1,20,23.62369493713005,0.5905923734282512,optimal,2.5150999459983723,37055,65225,228363
v0,BtNorthAmerica-r0,BtNorthAmerica,trajectory,B1,21,22.754626865379453,0.5688656716344863,optimal,2.5955357669990917,37055,65225,228363
v0,BtNorthAmerica-r0,BtNorthAmerica,trajectory,B1,22,22.395249905419984,0.5598812476354996,optimal,2.708033530998364,37055,65225,228363
v0,BtNorthAmerica-r0,BtNorthAmerica,trajectory,B1,23,24.542180089354904,0.6135545022338726,optimal,2.790968258999783,37055,65225,228363
v0,BtNorthAmerica-r0,BtNorthAmerica,trajectory,B1,24,23.146813197182883,0.5786703299295721,optimal,2.6418926359983743,37055,65225,228363
v0,BtNorthAmerica-r0,BtNorthAmerica,trajectory,B1,25,22.165307588530002,0.55413268971325,optimal,2.6257379290000245,37055,65225,228363
v0,BtNorthAmerica-r0,BtNorthAmerica,trajectory,B1,26,22.866332650430053,0.5716583162607514,optimal,2.6494486939991475,37055,65225,228363
v0,BtNorthAmerica-r0,BtNorthAmerica,trajectory,B1,27,22.70328021268849,0.5675820053172123,optimal,3.457616537998547,37055,65225,228363
v0,BtNorthAmerica-r0,BtNorthAmerica,trajectory,B1,28,21.41414734791631,0.5353536836979077,optimal,3.678969888998836,37055,65225,228363
v0,BtNorthAmerica-r0,BtNorthAmerica,trajectory,B1,29,22.75742051931477,0.5689355129828693,optimal,3.626235267998709,37055,65225,228363
v0,BtNorthAmerica-r1,BtNorthAmerica,ground_only,,0,38.13520634095671,0.9533801585239177,optimal,1.8390760910006065,18454,37037,108573
v0,BtNorthAmerica-r1,BtNorthAmerica,ground_only,,1,38.13520634095671,0.9533801585239177,optimal,1.8697362769999017,18454,37037,108573
v0,BtNorthAmerica-r1,BtNorthAmerica,ground_only,,2,38.13520634095671,0.9533801585239177,optimal,1.9791079400019953,18454,37037,108573
v0,BtNorthAmerica-r1,BtNorthAmerica,ground_only,,3,38.13520634095671,0.9533801585239177,optimal,2.368257267997251,18454,37037,108573
v0,BtNorthAmerica-r1,BtNorthAmerica,ground_only,,4,38.13520634095671,0.9533801585239177,optimal,1.9471271669972339,18454,37037,108573
v0,BtNorthAmerica-r1,BtNorthAmerica,ground_only,,5,38.13520634095671,0.9533801585239177,optimal,2.517248986998311,18454,37037,108573
v0,BtNorthAmerica-r1,BtNorthAmerica,ground_only,,6,38.13520634095671,0.9533801585239177,optimal,1.8013057189964456,18454,37037,108573
v0,BtNorthAmerica-r1,BtNorthAmerica,ground_only,,7,38.13520634095671,0.9533801585239177,optimal,3.56845818399961,18454,37037,108573
v0,BtNorthAmerica-r1,BtNorthAmerica,ground_only,,8,38.13520634095671,0.9533801585239177,optimal,1.8294035099970642,18454,37037,108573
v0,BtNorthAmerica-r1,BtNorthAmerica,ground_only,,9,38.13520634095671,0.9533801585239177,optimal,1.8067822470002284,18454,37037,108573
v0,BtNorthAmerica-r1,BtNorthAmerica,ground_only,,10,38.13520634095671,0.9533801585239177,optimal,3.640617500001099,18454,37037,108573
v0,BtNorthAmerica-r1,BtNorthAmerica,ground_only,,11,38.13520634095671,0.9533801585239177,optimal,1.7691319349978585,18454,37037,108573
v0,BtNorthAmerica-r1,BtNorthAmerica,ground_only,,12,38.13520634095671,0.9533801585239177,optimal,1.7786361479993502,18454,37037,108573
v0,BtNorthAmerica-r1,BtNorthAmerica,ground_only,,13,38.13520634095671,0.9533801585239177,optimal,2.8893352260020038,18454,37037,108573
v0,BtNorthAmerica-r1,BtNorthAmerica,ground_only,,14,38.13520634095671,0.9533801585239177,optimal,1.769652254999528,18454,37037,108573
v0,BtNorthAmerica-r1,BtNorthAmerica,ground_only,,15,38.13520634095671,0.9533801585239177,optimal,1.7472455679999257,18454,37037,108573
v0,BtNorthAmerica-r1,BtNorthAmerica,ground_only,,16,38.13520634095671,0.9533801585239177,optimal,1.8536187850004353,18454,37037,108573
v0,BtNorthAmerica-r1,BtNorthAmerica,ground_only,,17,38.13520634095671,0.9533801585239177,optimal,1.765345089002949,18454,37037,108573
v0,BtNorthAmerica-r1,BtNorthAmerica,ground_only,,18,38.13520634095671,0.9533801585239177,optimal,4.054163554999832,18454,37037,108573
v0,BtNorthAmerica-r1,BtNorthAmerica,ground_only,,19,38.13520634095671,0.9533801585239177,optimal,1.789213912001287,18454,37037,108573
v0,BtNorthAmerica-r1,BtNorthAmerica,ground_only,,20,38.13520634095671,0.9533801585239177,optimal,1.7717935090004175,18454,37037,108573
v0,BtNorthAmerica-r1,BtNorthAmerica,ground_only,,21,38.13520634095671,0.9533801585239177,optimal,1.7721526960012852,18454,37037,108573
v0,BtNorthAmerica-r1,BtNorthAmerica,ground_only,,22,38.13520634095671,0.9533801585239177,optimal,1.7706327160012734,18454,37037,108573
v0,BtNorthAmerica-r1,BtNorthAmerica,ground_only,,23,38.13520634095671,0.9533801585239177,optimal,1.996624013998371,18454,37037,108573
v0,BtNorthAmerica-r1,BtNorthAmerica,ground_only,,24,38.13520634095671,0.9533801585239177,optimal,2.8585452219995204,18454,37037,108573
v0,BtNorthAmerica-r1,BtNorthAmerica,ground_only,,25,38.13520634095671,0.9533801585239177,optimal,3.242538335998688,18454,37037,108573
v0,BtNorthAmerica-r1,BtNorthAmerica,ground_only,,26,38.13520634095671,0.9533801585239177,optimal,1.7616512590029743,18454,37037,108573
v0,BtNorthAmerica-r1,BtNorthAmerica,ground_only,,27,38.13520634095671,0.9533801585239177,optimal,1.7284523410016845,18454,37037,108573
v0,BtNorthAmerica-r1,BtNorthAmerica,ground_only,,28,38.13520634095671,0.9533801585239177,optimal,1.7900770680025744,18454,37037,108573
v0,BtNorthAmerica-r1,BtNorthAmerica,ground_only,,29,38.13520634095671,0.9533801585239177,optimal,1.8343614769983105,18454,37037,108573
v0,BtNorthAmerica-r1,BtNorthAmerica,trajectory,B1,0,39.664962072429596,0.9916240518107399,optimal,2.571849210999062,30371,63334,191718
v0,BtNorthAmerica-r1,BtNorthAmerica,trajectory,B1,1,39.665128051419174,0.9916282012854793,optimal,2.5372345369978575,30371,63334,191718
v0,BtNorthAmerica-r1,BtNorthAmerica,trajectory,B1,2,39.67024629183233,0.9917561572958082,optimal,2.656148405003478,30371,63334,191718
v0,BtNorthAmerica-r1,BtNorthAmerica,trajectory,B1,3,39.633335306691386,0.9908333826672846,optimal,3.3427205530024366,30371,63334,191718
v0,BtNorthAmerica-r1,BtNorthAmerica,trajectory,B1,4,39.6330114623523,0.9908252865588075,optimal,4.34173717199883,30371,63334,191718
v0,BtNorthAmerica-r1,BtNorthAmerica,trajectory,B1,5,39.66394630632888,0.9915986576582221,optimal,2.173548976999882,30371,63334,191718
v0,BtNorthAmerica-r1,BtNorthAmerica,trajectory,B1,6,39.66448933293087,0.9916122333232718,optimal,2.3384812049989705,30371,63334,191718
v0,BtNorthAmerica-r1,BtNorthAmerica,trajectory,B1,7,39.69736139698105,0.9924340349245263,optimal,4.345956429002399,30371,63334,191718
v0,BtNorthAmerica-r1,BtNorthAmerica,trajectory,B1,8,39.664251139570425,0.9916062784892606,optimal,2.6805821630005084,30371,63334,191718
v0,BtNorthAmerica-r1,BtNorthAmerica,trajectory,B1,9,39.69637333290479,0.9924093333226198,optimal,2.658409251998819,30371,63334,191718
v0,BtNorthAmerica-r1,BtNorthAmerica,trajectory,B1,10,39.76108222563673,0.9940270556409182,optimal,4.104450634000386,30371,63334,191718
v0,BtNorthAmerica-r1,BtNorthAmerica,trajectory,B1,11,39.66515459152534,0.9916288647881334,optimal,2.7016481359969475,30371,63334,191718
v0,BtNorthAmerica-r1,BtNorthAmerica,trajectory,B1,12,39.69744107577099,0.9924360268942747,optimal,2.2588314460008405,30371,63334,191718
v0,BtNorthAmerica-r1,BtNorthAmerica,trajectory,B1,13,39.697484834658994,0.9924371208664748,optimal,2.3523569050012156,30371,63334,191718
v0,BtNorthAmerica-r1,BtNorthAmerica,trajectory,B1,14,39.673708899494926,0.9918427224873732,optimal,2.713440472001821,30371,63334,191718
v0,BtNorthAmerica-r1,BtNorthAmerica,trajectory,B1,15,39.662422567158856,0.9915605641789714,optimal,2.8828346480004257,30371,63334,191718
v0,BtNorthAmerica-r1,BtNorthAmerica,trajectory,B1,16,39.668377376950446,0.9917094344237611,optimal,3.9355320100003155,30371,63334,191718
v0,BtNorthAmerica-r1,BtNorthAmerica,trajectory,B1,17,39.696481525356006,0.9924120381339001,optimal,3.6218524649993924,30371,63334,191718
v0,BtNorthAmerica-r1,BtNorthAmerica,trajectory,B1,18,39.69775842360233,0.9924439605900582,optimal,2.946614379001403,30371,63334,191718
v0,BtNorthAmerica-r1,BtNorthAmerica,trajectory,B1,19,39.66365143564478,0.9915912858911196,optimal,4.029533365999669,30371,63334,191718
v0,BtNorthAmerica-r1,BtNorthAmerica,trajectory,B1,20,39.633295129198615,0.9908323782299654,optimal,2.2531531249987893,30371,63334,191718
v0,BtNorthAmerica-r1,BtNorthAmerica,trajectory,B1,21,39.66585903892242,0.9916464759730605,optimal,2.6942793519992847,30371,63334,191718
v0,BtNorthAmerica-r1,BtNorthAmerica,trajectory,B1,22,39.63337002344845,0.9908342505862112,optimal,2.467170543000975,30371,63334,191718
v0,BtNorthAmerica-r1,BtNorthAmerica,trajectory,B1,23,39.69710296201747,0.9924275740504367,optimal,2.620372737001162,30371,63334,191718
v0,BtNorthAmerica-r1,BtNorthAmerica,trajectory,B1,24,39.66498170150841,0.9916245425377103,optimal,2.4915887260031013,30371,63334,191718
v0,BtNorthAmerica-r1,BtNorthAmerica,trajectory,B1,25,39.69689288216178,0.9924223220540445,optimal,5.132175734001066,30371,63334,191718
v0,BtNorthAmerica-r1,BtNorthAmerica,trajectory,B1,26,39.694241857751976,0.9923560464437994,optimal,2.626798367000447,30371,63334,191718
v0,BtNorthAmerica-r1,BtNorthAmerica,trajectory,B1,27,39.63255738985049,0.9908139347462622,optimal,2.4034061140009726,30371,63334,191718
v0,BtNorthAmerica-r1,BtNorthAmerica,trajectory,B1,28,39.670695203291984,0.9917673800822996,optimal,3.1744375999987824,30371,63334,191718
v0,BtNorthAmerica-r1,BtNorthAmerica,trajectory,B1,29,39.75843150923951,0.9939607877309877,optimal,4.6269530210011,30371,63334,191718
v0,BtNorthAmerica-r2,BtNorthAmerica,ground_only,,0,14.0,0.35,optimal,0.2453501989984943,9561,17034,48225
v0,BtNorthAmerica-r2,BtNorthAmerica,ground_only,,1,14.0,0.35,optimal,0.2561630839991267,9561,17034,48225
v0,BtNorthAmerica-r2,BtNorthAmerica,ground_only,,2,14.0,0.35,optimal,0.2520927629993821,9561,17034,48225
v0,BtNorthAmerica-r2,BtNorthAmerica,ground_only,,3,14.0,0.35,optimal,0.23376409600314219,9561,17034,48225
v0,BtNorthAmerica-r2,BtNorthAmerica,ground_only,,4,14.0,0.35,optimal,0.21958495600119932,9561,17034,48225
v0,BtNorthAmerica-r2,BtNorthAmerica,ground_only,,5,14.0,0.35,optimal,0.21831787399787572,9561,17034,48225
v0,BtNorthAmerica-r2,BtNorthAmerica,ground_only,,6,14.0,0.35,optimal,0.6701280989982479,9561,17034,48225
v0,BtNorthAmerica-r2,BtNorthAmerica,ground_only,,7,14.0,0.35,optimal,0.2243308840006648,9561,17034,48225
v0,BtNorthAmerica-r2,BtNorthAmerica,ground_only,,8,14.0,0.35,optimal,0.23942449700189172,9561,17034,48225
v0,BtNorthAmerica-r2,BtNorthAmerica,ground_only,,9,14.0,0.35,optimal,0.23295665600016946,9561,17034,48225
v0,BtNorthAmerica-r2,BtNorthAmerica,ground_only,,10,14.0,0.35,optimal,0.22515005999957793,9561,17034,48225
v0,BtNorthAmerica-r2,BtNorthAmerica,ground_only,,11,14.0,0.35,optimal,0.2234108289994765,9561,17034,48225
v0,BtNorthAmerica-r2,BtNorthAmerica,ground_only,,12,14.0,0.35,optimal,0.22555599300176254,9561,17034,48225
v0,BtNorthAmerica-r2,BtNorthAmerica,ground_only,,13,14.0,0.35,optimal,0.21930472199892392,9561,17034,48225
v0,BtNorthAmerica-r2,BtNorthAmerica,ground_only,,14,14.0,0.35,optimal,0.22546229900035542,9561,17034,48225
v0,BtNorthAmerica-r2,BtNorthAmerica,ground_only,,15,14.0,0.35,optimal,0.22277175600174814,9561,17034,48225
v0,BtNorthAmerica-r2,BtNorthAmerica,ground_only,,16,14.0,0.35,optimal,0.2233812949998537,9561,17034,48225
v0,BtNorthAmerica-r2,BtNorthAmerica,ground_only,,17,14.0,0.35,optimal,0.23720551500082365,9561,17034,48225
v0,BtNorthAmerica-r2,BtNorthAmerica,ground_only,,18,14.0,0.35,optimal,0.22579978599969763,9561,17034,48225
v0,BtNorthAmerica-r2,BtNorthAmerica,ground_only,,19,14.0,0.35,optimal,0.2381681890001346,9561,17034,48225
v0,BtNorthAmerica-r2,BtNorthAmerica,ground_only,,20,14.0,0.35,optimal,0.23075481300111278,9561,17034,48225
v0,BtNorthAmerica-r2,BtNorthAmerica,ground_only,,21,14.0,0.35,optimal,0.22809600099935778,9561,17034,48225
v0,BtNorthAmerica-r2,BtNorthAmerica,ground_only,,22,14.0,0.35,optimal,0.23017281099964748,9561,17034,48225
v0,BtNorthAmerica-r2,BtNorthAmerica,ground_only,,23,14.0,0.35,optimal,0.23222706000160542,9561,17034,48225
v0,BtNorthAmerica-r2,BtNorthAmerica,ground_only,,24,14.0,0.35,optimal,0.22925180200036266,9561,17034,48225
v0,BtNorthAmerica-r2,BtNorthAmerica,ground_only,,25,14.0,0.35,optimal,0.23055516199747217,9561,17034,48225
v0,BtNorthAmerica-r2,BtNorthAmerica,ground_only,,26,14.0,0.35,optimal,0.5061418929981301,9561,17034,48225
v0,BtNorthAmerica-r2,BtNorthAmerica,ground_only,,27,14.0,0.35,optimal,0.22904529300285503,9561,17034,48225
v0,BtNorthAmerica-r2,BtNorthAmerica,ground_only,,28,14.0,0.35,optimal,0.22565403299813624,9561,17034,48225
v0,BtNorthAmerica-r2,BtNorthAmerica,ground_only,,29,14.0,0.35,optimal,0.22171820999938063,9561,17034,48225
v0,BtNorthAmerica-r2,BtNorthAmerica,trajectory,B1,0,18.4922719097101,0.4623067977427525,optimal,1.9848885250030435,39185,64105,230775
v0,BtNorthAmerica-r2,BtNorthAmerica,trajectory,B1,1,18.877131920952166,0.47192829802380415,optimal,2.1279181919999246,39185,64105,230775
v0,BtNorthAmerica-r2,BtNorthAmerica,trajectory,B1,2,19.23332210217869,0.48083305255446723,optimal,2.189588682998874,39185,64105,230775
v0,BtNorthAmerica-r2,BtNorthAmerica,trajectory,B1,3,18.682722986264665,0.4670680746566166,optimal,2.0828761869997834,39185,64105,230775
v0,BtNorthAmerica-r2,BtNorthAmerica,trajectory,B1,4,17.89218051107476,0.447304512776869,optimal,2.057815683998342,39185,64105,230775
v0,BtNorthAmerica-r2,BtNorthAmerica,trajectory,B1,5,19.49601493613499,0.4874003734033748,optimal,3.2280936899987864,39185,64105,230775
v0,BtNorthAmerica-r2,BtNorthAmerica,trajectory,B1,6,18.514610164468355,0.46286525411170887,optimal,2.248489718000201,39185,64105,230775
v0,BtNorthAmerica-r2,BtNorthAmerica,trajectory,B1,7,17.654868914992647,0.4413717228748162,optimal,2.210691948999738,39185,64105,230775
v0,BtNorthAmerica-r2,BtNorthAmerica,trajectory,B1,8,18.115765004211053,0.4528941251052763,optimal,2.7184905640024226,39185,64105,230775
v0,BtNorthAmerica-r2,BtNorthAmerica,trajectory,B1,9,18.859891611335517,0.47149729028338794,optimal,3.261285049997241,39185,64105,230775
v0,BtNorthAmerica-r2,BtNorthAmerica,trajectory,B1,10,18.644061528895683,0.4661015382223921,optimal,3.1783868780003104,39185,64105,230775
v0,BtNorthAmerica-r2,BtNorthAmerica,trajectory,B1,11,17.100744544831187,0.4275186136207797,optimal,1.9169946649999474,39185,64105,230775
v0,BtNorthAmerica-r2,BtNorthAmerica,trajectory,B1,12,18.50673467355451,0.4626683668388628,optimal,1.978058983997471,39185,64105,230775
v0,BtNorthAmerica-r2,BtNorthAmerica,trajectory,B1,13,16.585418557715307,0.4146354639428827,optimal,2.064809799001523,39185,64105,230775
v0,BtNorthAmerica-r2,BtNorthAmerica,trajectory,B1,14,15.7564757139779,0.3939118928494475,optimal,1.9290433550013404,39185,64105,230775
v0,BtNorthAmerica-r2,BtNorthAmerica,trajectory,B1,15,19.12529252526898,0.47813231313172444,optimal,2.0766411690019595,39185,64105,230775
v0,BtNorthAmerica-r2,BtNorthAmerica,trajectory,B1,16,19.435375536347475,0.48588438840868686,optimal,2.0765719219998573,39185,64105,230775
v0,BtNorthAmerica-r2,BtNorthAmerica,trajectory,B1,17,17.386813942368953,0.4346703485592238,optimal,1.9935131169986562,39185,64105,230775
v0,BtNorthAmerica-r2,BtNorthAmerica,trajectory,B1,18,18.117265624238076,0.4529316406059519,optimal,3.783478579000075,39185,64105,230775
v0,BtNorthAmerica-r2,BtNorthAmerica,trajectory,B1,19,18.526017786883784,0.4631504446720946,optimal,2.5241910980003013,39185,64105,230775
v0,BtNorthAmerica-r2,BtNorthAmerica,trajectory,B1,20,17.971250986152093,0.4492812746538023,optimal,1.9532393740009866,39185,64105,230775
v0,BtNorthAmerica-r2,BtNorthAmerica,trajectory,B1,21,17.701720135134394,0.44254300337835983,optimal,2.1467082669987576,39185,64105,230775
v0,BtNorthAmerica-r2,BtNorthAmerica,trajectory,B1,22,18.068814075050692,0.4517203518762673,optimal,4.0048165430016525,39185,64105,230775
v0,BtNorthAmerica-r2,BtNorthAmerica,trajectory,B1,23,18.101656185169013,0.4525414046292253,optimal,2.1107800979989406,39185,64105,230775
v0,BtNorthAmerica-r2,BtNorthAmerica,trajectory,B1,24,16.716719714990077,0.41791799287475195,optimal,3.8338479189987993,39185,64105,230775
v0,BtNorthAmerica-r2,BtNorthAmerica,trajectory,B1,25,18.003913395637486,0.45009783489093713,optimal,2.244564534001256,39185,64105,230775
v0,BtNorthAmerica-r2,BtNorthAmerica,trajectory,B1,26,18.550127272986373,0.4637531818246593,optimal,3.5629888379990007,39185,64105,230775
v0,BtNorthAmerica-r2,BtNorthAmerica,trajectory,B1,27,18.209266094621817,0.4552316523655454,optimal,2.0435747770025046,39185,64105,230775
v0,BtNorthAmerica-r2,BtNorthAmerica,trajectory,B1,28,17.186102412879684,0.4296525603219921,optimal,2.0375315650017,39185,64105,230775
v0,BtNorthAmerica-r2,BtNorthAmerica,trajectory,B1,29,18.667455379564363,0.46668638448910904,optimal,2.0677692429999297,39185,64105,230775
v0,Cesnet200603-r0,Cesnet200603,ground_only,,0,18.0,0.45,optimal,0.25530668400097056,8758,16321,48082
v0,Cesnet200603-r0,Cesnet200603,ground_only,,1,18.0,0.45,optimal,0.2648931170006108,8758,16321,48082
v0,Cesnet200603-r0,Cesnet200603,ground_only,,2,18.0,0.45,optimal,0.2907420170013211,8758,16321,48082
v0,Cesnet200603-r0,Cesnet200603,ground_only,,3,18.0,0.45,optimal,0.26521751799737103,8758,16321,48082
v0,Cesnet200603-r0,Cesnet200603,ground_only,,4,18.0,0.45,optimal,0.4569522189995041,8758,16321,48082
v0,Cesnet200603-r0,Cesnet200603,ground_only,,5,18.0,0.45,optimal,0.2543067590013379,8758,16321,48082
v0,Cesnet200603-r0,Cesnet200603,ground_only,,6,18.0,0.45,optimal,0.2585198320011841,8758,16321,48082
v0,Cesnet200603-r0,Cesnet200603,ground_only,,7,18.0,0.45,optimal,0.2558182639986626,8758,16321,48082
v0,Cesnet200603-r0,Cesnet200603,ground_only,,8,18.0,0.45,optimal,0.5619106529993587,8758,16321,48082
v0,Cesnet200603-r0,Cesnet200603,ground_only,,9,18.0,0.45,optimal,0.26010678300008294,8758,16321,48082
v0,Cesnet200603-r0,Cesnet200603,ground_only,,10,18.0,0.45,optimal,0.259631693999836,8758,16321,48082
v0,Cesnet200603-r0,Cesnet200603,ground_only,,11,18.0,0.45,optimal,0.25867267600187915,8758,16321,48082
v0,Cesnet200603-r0,Cesnet200603,ground_only,,12,18.0,0.45,optimal,0.26509984899894334,8758,16321,48082
v0,Cesnet200603-r0,Cesnet200603,ground_only,,13,18.0,0.45,optimal,0.3151423609997437,8758,16321,48082
v0,Cesnet200603-r0,Cesnet200603,ground_only,,14,18.0,0.45,optimal,0.4553904150016024,8758,16321,48082
v0,Cesnet200603-r0,Cesnet200603,ground_only,,15,18.0,0.45,optimal,0.2984350250007992,8758,16321,48082
v0,Cesnet200603-r0,Cesnet200603,ground_only,,16,18.0,0.45,optimal,0.27223197700004675,8758,16321,48082
v0,Cesnet200603-r0,Cesnet200603,ground_only,,17,18.0,0.45,optimal,0.2682373089992325,8758,16321,48082
v0,Cesnet200603-r0,Cesnet200603,ground_only,,18,18.0,0.45,optimal,0.30541783399894484,8758,16321,48082
v0,Cesnet200603-r0,Cesnet200603,ground_only,,19,18.0,0.45,optimal,0.2638896749995183,8758,16321,48082
v0,Cesnet200603-r0,Cesnet200603,ground_only,,20,18.0,0.45,optimal,0.7010910940007307,8758,16321,48082
v0,Cesnet200603-r0,Cesnet200603,ground_only,,21,18.0,0.45,optimal,0.2761785000002419,8758,16321,48082
v0,Cesnet200603-r0,Cesnet200603,ground_only,,22,18.0,0.45,optimal,0.2580333910009358,8758,16321,48082
v0,Cesnet200603-r0,Cesnet200603,ground_only,,23,18.0,0.45,optimal,0.25736623400007375,8758,16321,48082
v0,Cesnet200603-r0,Cesnet200603,ground_only,,24,18.0,0.45,optimal,0.31271097399803693,8758,16321,48082
v0,Cesnet200603-r0,Cesnet200603,ground_only,,25,18.0,0.45,optimal,0.43739696700140485,8758,16321,48082
v0,Cesnet200603-r0,Cesnet200603,ground_only,,26,18.0,0.45,optimal,0.2696169690025272,8758,16321,48082
v0,Cesnet200603-r0,Cesnet200603,ground_only,,27,18.0,0.45,optimal,0.6549003079999238,8758,16321,48082
v0,Cesnet200603-r0,Cesnet200603,ground_only,,28,18.0,0.45,optimal,0.2683142140012933,8758,16321,48082
v0,Cesnet200603-r0,Cesnet200603,ground_only,,29,18.0,0.45,optimal,0.2658510990004288,8758,16321,48082
v0,Cesnet200603-r0,Cesnet200603,trajectory,B1,0,20.881416442984584,0.5220354110746146,optimal,2.1738381989998743,38905,69110,237082
v0,Cesnet200603-r0,Cesnet200603,trajectory,B1,1,22.535774406504256,0.5633943601626064,optimal,2.7447050099981425,38905,69110,237082
v0,Cesnet200603-r0,Cesnet200603,trajectory,B1,2,21.59670528602368,0.5399176321505921,optimal,2.283787382999435,38905,69110,237082
v0,Cesnet200603-r0,Cesnet200603,trajectory,B1,3,21.265933674958656,0.5316483418739664,optimal,2.0879329119998147,38905,69110,237082
v0,Cesnet200603-r0,Cesnet200603,trajectory,B1,4,21.659319344917506,0.5414829836229377,optimal,2.0098660430012387,38905,69110,237082
v0,Cesnet200603-r0,Cesnet200603,trajectory,B1,5,21.799826029352474,0.5449956507338118,optimal,2.141423837001639,38905,69110,237082
v0,Cesnet200603-r0,Cesnet200603,trajectory,B1,6,21.01414822595284,0.525353705648821,optimal,4.101033473998541,38905,69110,237082
v0,Cesnet200603-r0,Cesnet200603,trajectory,B1,7,21.90027701222438,0.5475069253056095,optimal,2.198454806999507,38905,69110,237082
v0,Cesnet200603-r0,Cesnet200603,trajectory,B1,8,21.374832477552292,0.5343708119388073,optimal,4.733491519000381,38905,69110,237082
v0,Cesnet200603-r0,Cesnet200603,trajectory,B1,9,21.290262948015183,0.5322565737003796,optimal,3.719951802999276,38905,69110,237082
v0,Cesnet200603-r0,Cesnet200603,trajectory,B1,10,22.31741074170369,0.5579352685425922,optimal,2.223686761000863,38905,69110,237082
v0,Cesnet200603-r0,Cesnet200603,trajectory,B1,11,21.325205956647512,0.5331301489161878,optimal,5.034880808001617,38905,69110,237082
v0,Cesnet200603-r0,Cesnet200603,trajectory,B1,12,21.74924978572875,0.5437312446432188,optimal,2.150484680001682,38905,69110,237082
v0,Cesnet200603-r0,Cesnet200603,trajectory,B1,13,22.450614008324692,0.5612653502081173,optimal,2.474005420001049,38905,69110,237082
v0,Cesnet200603-r0,Cesnet200603,trajectory,B1,14,21.73900976547316,0.543475244136829,optimal,2.2264705870002217,38905,69110,237082
v0,Cesnet200603-r0,Cesnet200603,trajectory,B1,15,21.028011041609858,0.5257002760402465,optimal,1.9661422000026505,38905,69110,237082
v0,Cesnet200603-r0,Cesnet200603,trajectory,B1,16,21.253336633006676,0.5313334158251669,optimal,2.176310585000465,38905,69110,237082
v0,Cesnet200603-r0,Cesnet200603,trajectory,B1,17,20.10065483999022,0.5025163709997555,optimal,3.855729072998656,38905,69110,237082
v0,Cesnet200603-r0,Cesnet200603,trajectory,B1,18,20.7018975035793,0.5175474375894825,optimal,2.1610360669983493,38905,69110,237082
v0,Cesnet200603-r0,Cesnet200603,trajectory,B1,19,21.894522820121608,0.5473630705030402,optimal,2.4307114920011372,38905,69110,237082
v0,Cesnet200603-r0,Cesnet200603,trajectory,B1,20,21.93529179888671,0.5483822949721677,optimal,5.072904692002339,38905,69110,237082
v0,Cesnet200603-r0,Cesnet200603,trajectory,B1,21,21.776269899081424,0.5444067474770355,optimal,2.1210331709989987,38905,69110,237082
v0,Cesnet200603-r0,Cesnet200603,trajectory,B1,22,21.423318451472323,0.535582961286808,optimal,2.014301097999123,38905,69110,237082
v0,Cesnet200603-r0,Cesnet200603,trajectory,B1,23,21.088067341178313,0.5272016835294578,optimal,2.089668308999535,38905,69110,237082
v0,Cesnet200603-r0,Cesnet200603,trajectory,B1,24,21.75103136923716,0.543775784230929,optimal,2.2930330140006845,38905,69110,237082
v0,Cesnet200603-r0,Cesnet200603,trajectory,B1,25,21.746302833418422,0.5436575708354605,optimal,2.2762561140007165,38905,69110,237082
v0,Cesnet200603-r0,Cesnet200603,trajectory,B1,26,21.54554148524845,0.5386385371312112,optimal,2.2727617700002156,38905,69110,237082
v0,Cesnet200603-r0,Cesnet200603,trajectory,B1,27,21.812406241034633,0.5453101560258659,optimal,2.5954146099975333,38905,69110,237082
v0,Cesnet200603-r0,Cesnet200603,trajectory,B1,28,22.528153773139323,0.563203844328483,optimal,4.5609288240011665,38905,69110,237082
v0,Cesnet200603-r0,Cesnet200603,trajectory,B1,29,20.985197409174408,0.5246299352293602,optimal,2.263298036999913,38905,69110,237082
v0,Cesnet200603-r1,Cesnet200603,ground_only,,0,21.972155548826002,0.5493038887206501,optimal,0.4071960030014452,11661,22268,63672
v0,Cesnet200603-r1,Cesnet200603,ground_only,,1,21.972155548826002,0.5493038887206501,optimal,0.4228381590000936,11661,22268,63672
v0,Cesnet200603-r1,Cesnet200603,ground_only,,2,21.972155548826002,0.5493038887206501,optimal,0.41192819899879396,11661,22268,63672
v0,Cesnet200603-r1,Cesnet200603,ground_only,,3,21.972155548826002,0.5493038887206501,optimal,0.40922717099965666,11661,22268,63672
v0,Cesnet200603-r1,Cesnet200603,ground_only,,4,21.972155548826002,0.5493038887206501,optimal,0.39415386900145677,11661,22268,63672
v0,Cesnet200603-r1,Cesnet200603,ground_only,,5,21.972155548826002,0.5493038887206501,optimal,0.3991781730001094,11661,22268,63672
v0,Cesnet200603-r1,Cesnet200603,ground_only,,6,21.972155548826002,0.5493038887206501,optimal,0.4044229840001208,11661,22268,63672
v0,Cesnet200603-r1,Cesnet200603,ground_only,,7,21.972155548826002,0.5493038887206501,optimal,0.40792954599965014,11661,22268,63672
v0,Cesnet200603-r1,Cesnet200603,ground_only,,8,21.972155548826002,0.5493038887206501,optimal,0.4272077329987951,11661,22268,63672
v0,Cesnet200603-r1,Cesnet200603,ground_only,,9,21.972155548826002,0.5493038887206501,optimal,0.41524163400026737,11661,22268,63672
v0,Cesnet200603-r1,Cesnet200603,ground_only,,10,21.972155548826002,0.5493038887206501,optimal,0.416126346000965,11661,22268,63672
v0,Cesnet200603-r1,Cesnet200603,ground_only,,11,21.972155548826002,0.5493038887206501,optimal,0.41092293999827234,11661,22268,63672
v0,Cesnet200603-r1,Cesnet200603,ground_only,,12,21.972155548826002,0.5493038887206501,optimal,0.4004354210010206,11661,22268,63672
v0,Cesnet200603-r1,Cesnet200603,ground_only,,13,21.972155548826002,0.5493038887206501,optimal,0.3998018670026795,11661,22268,63672
v0,Cesnet200603-r1,Cesnet200603,ground_only,,14,21.972155548826002,0.5493038887206501,optimal,0.4387759929995809,11661,22268,63672
v0,Cesnet200603-r1,Cesnet200603,ground_only,,15,21.972155548826002,0.5493038887206501,optimal,0.4406184180006676,11661,22268,63672
v0,Cesnet200603-r1,Cesnet200603,ground_only,,16,21.972155548826002,0.5493038887206501,optimal,0.9296797620008874,11661,22268,63672
v0,Cesnet200603-r1,Cesnet200603,ground_only,,17,21.972155548826002,0.5493038887206501,optimal,0.44149119699795847,11661,22268,63672
v0,Cesnet200603-r1,Cesnet200603,ground_only,,18,21.972155548826002,0.5493038887206501,optimal,0.4567794610011333,11661,22268,63672
v0,Cesnet200603-r1,Cesnet200603,ground_only,,19,21.972155548826002,0.5493038887206501,optimal,0.45578579699940747,11661,22268,63672
v0,Cesnet200603-r1,Cesnet200603,ground_only,,20,21.972155548826002,0.5493038887206501,optimal,0.46190433599986136,11661,22268,63672
v0,Cesnet200603-r1,Cesnet200603,ground_only,,21,21.972155548826002,0.5493038887206501,optimal,0.4296003349991224,11661,22268,63672
v0,Cesnet200603-r1,Cesnet200603,ground_only,,22,21.972155548826002,0.5493038887206501,optimal,0.3987966700005927,11661,22268,63672
v0,Cesnet200603-r1,Cesnet200603,ground_only,,23,21.972155548826002,0.5493038887206501,optimal,0.40256834300089395,11661,22268,63672
v0,Cesnet200603-r1,Cesnet200603,ground_only,,24,21.972155548826002,0.5493038887206501,optimal,0.4056433109981299,11661,22268,63672
v0,Cesnet200603-r1,Cesnet200603,ground_only,,25,21.972155548826002,0.5493038887206501,optimal,0.4189138619985897,11661,22268,63672
v0,Cesnet200603-r1,Cesnet200603,ground_only,,26,21.972155548826002,0.5493038887206501,optimal,0.40444125400244957,11661,22268,63672
v0,Cesnet200603-r1,Cesnet200603,ground_only,,27,21.972155548826002,0.5493038887206501,optimal,0.39500947700071265,11661,22268,63672
v0,Cesnet200603-r1,Cesnet200603,ground_only,,28,21.972155548826002,0.5493038887206501,optimal,0.4033588720012631,11661,22268,63672
v0,Cesnet200603-r1,Cesnet200603,ground_only,,29,21.972155548826002,0.5493038887206501,optimal,0.40041621400087024,11661,22268,63672
v0,Cesnet200603-r1,Cesnet200603,trajectory,B1,0,26.031941112491733,0.6507985278122933,optimal,2.4052644100011094,37950,65283,225824
v0,Cesnet200603-r1,Cesnet200603,trajectory,B1,1,26.100437824003524,0.6525109456000882,optimal,2.2886131669984024,37950,65283,225824
v0,Cesnet200603-r1,Cesnet200603,trajectory,B1,2,25.869597025989243,0.646739925649731,optimal,2.0298406049987534,37950,65283,225824
v0,Cesnet200603-r1,Cesnet200603,trajectory,B1,3,25.795034424713904,0.6448758606178476,optimal,2.2781011420011055,37950,65283,225824
v0,Cesnet200603-r1,Cesnet200603,trajectory,B1,4,25.836648717971663,0.6459162179492915,optimal,2.6186466149993066,37950,65283,225824
v0,Cesnet200603-r1,Cesnet200603,trajectory,B1,5,26.06980182507165,0.6517450456267913,optimal,2.0736677780005266,37950,65283,225824
v0,Cesnet200603-r1,Cesnet200603,trajectory,B1,6,25.33638320747754,0.6334095801869385,optimal,2.4557420630007982,37950,65283,225824
v0,Cesnet200603-r1,Cesnet200603,trajectory,B1,7,27.480569524712077,0.6870142381178019,optimal,2.494643329999235,37950,65283,225824
v0,Cesnet200603-r1,Cesnet200603,trajectory,B1,8,26.54378232172006,0.6635945580430015,optimal,2.3294559749992914,37950,65283,225824
v0,Cesnet200603-r1,Cesnet200603,trajectory,B1,9,26.979207110702493,0.6744801777675623,optimal,2.8010469379987626,37950,65283,225824
v0,Cesnet200603-r1,Cesnet200603,trajectory,B1,10,26.48957708337537,0.6622394270843842,optimal,4.196857811999507,37950,65283,225824
v0,Cesnet200603-r1,Cesnet200603,trajectory,B1,11,26.48154265367621,0.6620385663419053,optimal,4.358145933998458,37950,65283,225824
v0,Cesnet200603-r1,Cesnet200603,trajectory,B1,12,25.87227184025331,0.6468067960063327,optimal,2.025163188998704,37950,65283,225824
v0,Cesnet200603-r1,Cesnet200603,trajectory,B1,13,26.98054478821355,0.6745136197053387,optimal,2.2075156229984714,37950,65283,225824
v0,Cesnet200603-r1,Cesnet200603,trajectory,B1,14,25.37487043932995,0.6343717609832488,optimal,2.269784324998909,37950,65283,225824
v0,Cesnet200603-r1,Cesnet200603,trajectory,B1,15,26.586282051465297,0.6646570512866324,optimal,4.005561275000218,37950,65283,225824
v0,Cesnet200603-r1,Cesnet200603,trajectory,B1,16,26.873568983030125,0.6718392245757532,optimal,3.7466080839985807,37950,65283,225824
v0,Cesnet200603-r1,Cesnet200603,trajectory,B1,17,26.556382549454042,0.663909563736351,optimal,2.145227614997566,37950,65283,225824
v0,Cesnet200603-r1,Cesnet200603,trajectory,B1,18,27.047070019511892,0.6761767504877974,optimal,2.1455852309991315,37950,65283,225824
v0,Cesnet200603-r1,Cesnet200603,trajectory,B1,19,26.455240055789904,0.6613810013947476,optimal,2.2315293079991534,37950,65283,225824
v0,Cesnet200603-r1,Cesnet200603,trajectory,B1,20,26.70949204783193,0.6677373011957982,optimal,2.233354871001211,37950,65283,225824
v0,Cesnet200603-r1,Cesnet200603,trajectory,B1,21,26.110897527697514,0.6527724381924378,optimal,2.7354797449988837,37950,65283,225824
v0,Cesnet200603-r1,Cesnet200603,trajectory,B1,22,26.550195259353192,0.6637548814838298,optimal,2.2750274749996606,37950,65283,225824
v0,Cesnet200603-r1,Cesnet200603,trajectory,B1,23,27.282841193915527,0.6820710298478881,optimal,2.326241743998253,37950,65283,225824
v0,Cesnet200603-r1,Cesnet200603,trajectory,B1,24,26.764447496868456,0.6691111874217114,optimal,2.2637631640027394,37950,65283,225824
v0,Cesnet200603-r1,Cesnet200603,trajectory,B1,25,26.94493697440845,0.6736234243602113,optimal,2.2304141229978995,37950,65283,225824
v0,Cesnet200603-r1,Cesnet200603,trajectory,B1,26,25.843137664212318,0.6460784416053079,optimal,2.060079372000473,37950,65283,225824
v0,Cesnet200603-r1,Cesnet200603,trajectory,B1,27,25.088499977710654,0.6272124994427664,optimal,2.247681206001289,37950,65283,225824
v0,Cesnet200603-r1,Cesnet200603,trajectory,B1,28,25.328466844685522,0.633211671117138,optimal,2.4250210389982385,37950,65283,225824
v0,Cesnet200603-r1,Cesnet200603,trajectory,B1,29,27.25487536190433,0.6813718840476082,optimal,2.253837353000563,37950,65283,225824
v0,Cesnet200603-r2,Cesnet200603,ground_only,,0,21.57052821186206,0.5392632052965516,optimal,1.0704774090008868,11322,21883,60724
v0,Cesnet200603-r2,Cesnet200603,ground_only,,1,21.57052821186206,0.5392632052965516,optimal,0.5011050579996663,11322,21883,60724
v0,Cesnet200603-r2,Cesnet200603,ground_only,,2,21.57052821186206,0.5392632052965516,optimal,0.7638399679999566,11322,21883,60724
v0,Cesnet200603-r2,Cesnet200603,ground_only,,3,21.57052821186206,0.5392632052965516,optimal,0.4921321890033141,11322,21883,60724
v0,Cesnet200603-r2,Cesnet200603,ground_only,,4,21.57052821186206,0.5392632052965516,optimal,0.46349367299990263,11322,21883,60724
v0,Cesnet200603-r2,Cesnet200603,ground_only,,5,21.57052821186206,0.5392632052965516,optimal,0.48026879299868597,11322,21883,60724
v0,Cesnet200603-r2,Cesnet200603,ground_only,,6,21.57052821186206,0.5392632052965516,optimal,0.4597409810012323,11322,21883,60724
v0,Cesnet200603-r2,Cesnet200603,ground_only,,7,21.57052821186206,0.5392632052965516,optimal,0.4688863749979646,11322,21883,60724
v0,Cesnet200603-r2,Cesnet200603,ground_only,,8,21.57052821186206,0.5392632052965516,optimal,0.9862503719996312,11322,21883,60724
v0,Cesnet200603-r2,Cesnet200603,ground_only,,9,21.57052821186206,0.5392632052965516,optimal,0.4650436509982683,11322,21883,60724
v0,Cesnet200603-r2,Cesnet200603,ground_only,,10,21.57052821186206,0.5392632052965516,optimal,0.46551553000244894,11322,21883,60724
v0,Cesnet200603-r2,Cesnet200603,ground_only,,11,21.57052821186206,0.5392632052965516,optimal,0.46742404800170334,11322,21883,60724
v0,Cesnet200603-r2,Cesnet200603,ground_only,,12,21.57052821186206,0.5392632052965516,optimal,0.45748725600060425,11322,21883,60724
v0,Cesnet200603-r2,Cesnet200603,ground_only,,13,21.57052821186206,0.5392632052965516,optimal,0.46272193499680725,11322,21883,60724
v0,Cesnet200603-r2,Cesnet200603,ground_only,,14,21.57052821186206,0.5392632052965516,optimal,0.6914130080003815,11322,21883,60724
v0,Cesnet200603-r2,Cesnet200603,ground_only,,15,21.57052821186206,0.5392632052965516,optimal,0.4803114820024348,11322,21883,60724
v0,Cesnet200603-r2,Cesnet200603,ground_only,,16,21.57052821186206,0.5392632052965516,optimal,0.46889258900046116,11322,21883,60724
v0,Cesnet200603-r2,Cesnet200603,ground_only,,17,21.57052821186206,0.5392632052965516,optimal,0.46405308099929243,11322,21883,60724
v0,Cesnet200603-r2,Cesnet200603,ground_only,,18,21.57052821186206,0.5392632052965516,optimal,0.48802429200077313,11322,21883,60724
v0,Cesnet200603-r2,Cesnet200603,ground_only,,19,21.57052821186206,0.5392632052965516,optimal,0.47034390400222037,11322,21883,60724
v0,Cesnet200603-r2,Cesnet200603,ground_only,,20,21.57052821186206,0.5392632052965516,optimal,0.9573730599986447,11322,21883,60724
v0,Cesnet200603-r2,Cesnet200603,ground_only,,21,21.57052821186206,0.5392632052965516,optimal,1.0175774810013536,11322,21883,60724
v0,Cesnet200603-r2,Cesnet200603,ground_only,,22,21.57052821186206,0.5392632052965516,optimal,0.4671183149985154,11322,21883,60724
v0,Cesnet200603-r2,Cesnet200603,ground_only,,23,21.57052821186206,0.5392632052965516,optimal,0.510371642998507,11322,21883,60724
v0,Cesnet200603-r2,Cesnet200603,ground_only,,24,21.57052821186206,0.5392632052965516,optimal,0.9478587999983574,11322,21883,60724
v0,Cesnet200603-r2,Cesnet200603,ground_only,,25,21.57052821186206,0.5392632052965516,optimal,0.4875208570010727,11322,21883,60724
v0,Cesnet200603-r2,Cesnet200603,ground_only,,26,21.57052821186206,0.5392632052965516,optimal,0.48845634299868834,11322,21883,60724
v0,Cesnet200603-r2,Cesnet200603,ground_only,,27,21.57052821186206,0.5392632052965516,optimal,0.46992614999908255,11322,21883,60724
v0,Cesnet200603-r2,Cesnet200603,ground_only,,28,21.57052821186206,0.5392632052965516,optimal,1.0475350199994864,11322,21883,60724
v0,Cesnet200603-r2,Cesnet200603,ground_only,,29,21.57052821186206,0.5392632052965516,optimal,0.46162474599987036,11322,21883,60724
v0,Cesnet200603-r2,Cesnet200603,trajectory,B1,0,25.104218205997352,0.6276054551499338,optimal,2.30329684300159,39002,69283,232749
v0,Cesnet200603-r2,Cesnet200603,trajectory,B1,1,26.424699468428724,0.6606174867107181,optimal,2.158764264000638,39002,69283,232749
v0,Cesnet200603-r2,Cesnet200603,trajectory,B1,2,25.956041384831536,0.6489010346207884,optimal,2.171072347999143,39002,69283,232749
v0,Cesnet200603-r2,Cesnet200603,trajectory,B1,3,27.108114474268053,0.6777028618567014,optimal,2.417255121999915,39002,69283,232749
v0,Cesnet200603-r2,Cesnet200603,trajectory,B1,4,26.73304621711287,0.6683261554278218,optimal,2.242937922001147,39002,69283,232749
v0,Cesnet200603-r2,Cesnet200603,trajectory,B1,5,26.38242408267271,0.6595606020668178,optimal,2.1485615519995918,39002,69283,232749
v0,Cesnet200603-r2,Cesnet200603,trajectory,B1,6,25.87915633500823,0.6469789083752058,optimal,2.1199273279999034,39002,69283,232749
v0,Cesnet200603-r2,Cesnet200603,trajectory,B1,7,24.749928472359805,0.6187482118089951,optimal,2.2152928590003285,39002,69283,232749
v0,Cesnet200603-r2,Cesnet200603,trajectory,B1,8,27.297384401984242,0.682434610049606,optimal,4.849569298003189,39002,69283,232749
v0,Cesnet200603-r2,Cesnet200603,trajectory,B1,9,25.9562923092881,0.6489073077322025,optimal,3.898484502999054,39002,69283,232749
v0,Cesnet200603-r2,Cesnet200603,trajectory,B1,10,24.748039023449433,0.6187009755862358,optimal,5.062173951002478,39002,69283,232749
v0,Cesnet200603-r2,Cesnet200603,trajectory,B1,11,26.599063430387787,0.6649765857596946,optimal,4.821238038002775,39002,69283,232749
v0,Cesnet200603-r2,Cesnet200603,trajectory,B1,12,25.372686452855813,0.6343171613213954,optimal,2.316832754000643,39002,69283,232749
v0,Cesnet200603-r2,Cesnet200603,trajectory,B1,13,26.112426698433016,0.6528106674608254,optimal,2.36291477299892,39002,69283,232749
v0,Cesnet200603-r2,Cesnet200603,trajectory,B1,14,25.32637418929878,0.6331593547324694,optimal,2.3040944620006485,39002,69283,232749
v0,Cesnet200603-r2,Cesnet200603,trajectory,B1,15,25.7598626115264,0.6439965652881601,optimal,2.5912800439982675,39002,69283,232749
v0,Cesnet200603-r2,Cesnet200603,trajectory,B1,16,25.702806295428562,0.6425701573857141,optimal,2.3057628219976323,39002,69283,232749
v0,Cesnet200603-r2,Cesnet200603,trajectory,B1,17,25.314399452146258,0.6328599863036565,optimal,2.314532317999692,39002,69283,232749
v0,Cesnet200603-r2,Cesnet200603,trajectory,B1,18,26.635725577735403,0.6658931394433851,optimal,2.724884938001196,39002,69283,232749
v0,Cesnet200603-r2,Cesnet200603,trajectory,B1,19,25.01069653469496,0.625267413367374,optimal,2.5703593510006613,39002,69283,232749
v0,Cesnet200603-r2,Cesnet200603,trajectory,B1,20,26.31165504517763,0.6577913761294407,optimal,3.9748009469985845,39002,69283,232749
v0,Cesnet200603-r2,Cesnet200603,trajectory,B1,21,24.81899953780641,0.6204749884451602,optimal,2.3967741310007113,39002,69283,232749
v0,Cesnet200603-r2,Cesnet200603,trajectory,B1,22,24.440917739424147,0.6110229434856037,optimal,2.187995010001032,39002,69283,232749
v0,Cesnet200603-r2,Cesnet200603,trajectory,B1,23,27.258272226471636,0.6814568056617909,optimal,2.44083218599917,39002,69283,232749
v0,Cesnet200603-r2,Cesnet200603,trajectory,B1,24,25.647371160905756,0.6411842790226439,optimal,2.384541769999487,39002,69283,232749
v0,Cesnet200603-r2,Cesnet200603,trajectory,B1,25,24.911276684663438,0.6227819171165859,optimal,2.2722338480016333,39002,69283,232749
v0,Cesnet200603-r2,Cesnet200603,trajectory,B1,26,25.52771305602402,0.6381928264006005,optimal,3.840924524000002,39002,69283,232749
v0,Cesnet200603-r2,Cesnet200603,trajectory,B1,27,26.644609185858034,0.6661152296464509,optimal,2.4153917690018716,39002,69283,232749
v0,Cesnet200603-r2,Cesnet200603,trajectory,B1,28,26.18454604053821,0.6546136510134553,optimal,3.325135732997296,39002,69283,232749
v0,Cesnet200603-r2,Cesnet200603,trajectory,B1,29,24.552937559976073,0.6138234389994018,optimal,2.141183784999157,39002,69283,232749
v0,Digex-r0,Digex,ground_only,,0,19.51848108661844,0.487962027165461,optimal,1.3121691899978032,22336,34205,101173
v0,Digex-r0,Digex,ground_only,,1,19.51848108661844,0.487962027165461,optimal,0.9759975490014767,22336,34205,101173
v0,Digex-r0,Digex,ground_only,,2,19.51848108661844,0.487962027165461,optimal,1.0051953170004708,22336,34205,101173
v0,Digex-r0,Digex,ground_only,,3,19.51848108661844,0.487962027165461,optimal,1.3340229440000257,22336,34205,101173
v0,Digex-r0,Digex,ground_only,,4,19.51848108661844,0.487962027165461,optimal,1.0263708100028452,22336,34205,101173
v0,Digex-r0,Digex,ground_only,,5,19.51848108661844,0.487962027165461,optimal,1.0057525169977453,22336,34205,101173
v0,Digex-r0,Digex,ground_only,,6,19.51848108661844,0.487962027165461,optimal,1.0132705150026595,22336,34205,101173
v0,Digex-r0,Digex,ground_only,,7,19.51848108661844,0.487962027165461,optimal,1.0865491429976828,22336,34205,101173
v0,Digex-r0,Digex,ground_only,,8,19.51848108661844,0.487962027165461,optimal,1.0264831410022452,22336,34205,101173
v0,Digex-r0,Digex,ground_only,,9,19.51848108661844,0.487962027165461,optimal,1.571690173001116,22336,34205,101173
v0,Digex-r0,Digex,ground_only,,10,19.51848108661844,0.487962027165461,optimal,2.0680288529983955,22336,34205,101173
v0,Digex-r0,Digex,ground_only,,11,19.51848108661844,0.487962027165461,optimal,1.0081250270013697,22336,34205,101173
v0,Digex-r0,Digex,ground_only,,12,19.51848108661844,0.487962027165461,optimal,1.0163223130002734,22336,34205,101173
v0,Digex-r0,Digex,ground_only,,13,19.51848108661844,0.487962027165461,optimal,1.100948862000223,22336,34205,101173
v0,Digex-r0,Digex,ground_only,,14,19.51848108661844,0.487962027165461,optimal,2.1790351439994993,22336,34205,101173
v0,Digex-r0,Digex,ground_only,,15,19.51848108661844,0.487962027165461,optimal,2.0021916369987593,22336,34205,101173
v0,Digex-r0,Digex,ground_only,,16,19.51848108661844,0.487962027165461,optimal,1.0578298699983861,22336,34205,101173
v0,Digex-r0,Digex,ground_only,,17,19.51848108661844,0.487962027165461,optimal,1.0217177880003874,22336,34205,101173
v0,Digex-r0,Digex,ground_only,,18,19.51848108661844,0.487962027165461,optimal,1.0568481650007016,22336,34205,101173
v0,Digex-r0,Digex,ground_only,,19,19.51848108661844,0.487962027165461,optimal,0.999646545998985,22336,34205,101173
v0,Digex-r0,Digex,ground_only,,20,19.51848108661844,0.487962027165461,optimal,1.0088972070007003,22336,34205,101173
v0,Digex-r0,Digex,ground_only,,21,19.51848108661844,0.487962027165461,optimal,0.9945232380014204,22336,34205,101173
v0,Digex-r0,Digex,ground_only,,22,19.51848108661844,0.487962027165461,optimal,1.034572398999444,22336,34205,101173
v0,Digex-r0,Digex,ground_only,,23,19.51848108661844,0.487962027165461,optimal,1.0704851880000206,22336,34205,101173
v0,Digex-r0,Digex,ground_only,,24,19.51848108661844,0.487962027165461,optimal,1.7635732609996921,22336,34205,101173
v0,Digex-r0,Digex,ground_only,,25,19.51848108661844,0.487962027165461,optimal,0.9921265900011349,22336,34205,101173
v0,Digex-r0,Digex,ground_only,,26,19.51848108661844,0.487962027165461,optimal,0.9846334819994809,22336,34205,101173
v0,Digex-r0,Digex,ground_only,,27,19.51848108661844,0.487962027165461,optimal,0.9800761459991918,22336,34205,101173
v0,Digex-r0,Digex,ground_only,,28,19.51848108661844,0.487962027165461,optimal,0.9792138070006331,22336,34205,101173
v0,Digex-r0,Digex,ground_only,,29,19.51848108661844,0.487962027165461,optimal,0.9759837860001426,22336,34205,101173
v0,Digex-r0,Digex,trajectory,B1,0,23.733069480172006,0.5933267370043002,optimal,8.42981289599993,65780,99610,327354
v0,Digex-r0,Digex,trajectory,B1,1,24.875495260932798,0.6218873815233199,optimal,5.052553937002813,65780,99610,327354
v0,Digex-r0,Digex,trajectory,B1,2,24.89788294488839,0.6224470736222097,optimal,5.82151724600044,65780,99610,327354
v0,Digex-r0,Digex,trajectory,B1,3,24.450685790667972,0.6112671447666993,optimal,10.18361527000161,65780,99610,327354
v0,Digex-r0,Digex,trajectory,B1,4,25.344793195104934,0.6336198298776233,optimal,6.407835065001564,65780,99610,327354
v0,Digex-r0,Digex,trajectory,B1,5,24.147034698593355,0.6036758674648339,optimal,9.787435918999108,65780,99610,327354
v0,Digex-r0,Digex,trajectory,B1,6,24.815793691070812,0.6203948422767703,optimal,7.525131499998679,65780,99610,327354
v0,Digex-r0,Digex,trajectory,B1,7,24.16304413433232,0.604076103358308,optimal,5.3326457390030555,65780,99610,327354
v0,Digex-r0,Digex,trajectory,B1,8,24.79276561692276,0.6198191404230691,optimal,6.923009996000474,65780,99610,327354
v0,Digex-r0,Digex,trajectory,B1,9,24.56458441978912,0.614114610494728,optimal,5.467167245999008,65780,99610,327354
v0,Digex-r0,Digex,trajectory,B1,10,23.054642805918363,0.576366070147959,optimal,5.9042612980010745,65780,99610,327354
v0,Digex-r0,Digex,trajectory,B1,11,23.702535600104117,0.5925633900026029,optimal,5.158463069998106,65780,99610,327354
v0,Digex-r0,Digex,trajectory,B1,12,25.8792799773263,0.6469819994331575,optimal,5.50075811699935,65780,99610,327354
v0,Digex-r0,Digex,trajectory,B1,13,25.006662686771698,0.6251665671692924,optimal,5.527111543000501,65780,99610,327354
v0,Digex-r0,Digex,trajectory,B1,14,23.208741371267877,0.5802185342816969,optimal,5.0759101809999265,65780,99610,327354
v0,Digex-r0,Digex,trajectory,B1,15,24.742343369740233,0.6185585842435058,optimal,9.43101449200185,65780,99610,327354
v0,Digex-r0,Digex,trajectory,B1,16,24.457674178067982,0.6114418544516995,optimal,5.062254539003334,65780,99610,327354
v0,Digex-r0,Digex,trajectory,B1,17,25.590418424849403,0.639760460621235,optimal,10.99391600799936,65780,99610,327354
v0,Digex-r0,Digex,trajectory,B1,18,24.026203481455518,0.6006550870363879,optimal,4.966421993001859,65780,99610,327354
v0,Digex-r0,Digex,trajectory,B1,19,23.933667767346876,0.5983416941836719,optimal,5.355582298998343,65780,99610,327354
v0,Digex-r0,Digex,trajectory,B1,20,24.11229983381106,0.6028074958452765,optimal,5.617106577999948,65780,99610,327354
v0,Digex-r0,Digex,trajectory,B1,21,24.023934636118533,0.6005983659029633,optimal,6.498279231000197,65780,99610,327354
v0,Digex-r0,Digex,trajectory,B1,22,24.86470088323339,0.6216175220808348,optimal,11.336537273000431,65780,99610,327354
v0,Digex-r0,Digex,trajectory,B1,23,23.891912195308812,0.5972978048827203,optimal,6.271969430999889,65780,99610,327354
v0,Digex-r0,Digex,trajectory,B1,24,24.84383676654163,0.6210959191635408,optimal,5.149015580002015,65780,99610,327354
v0,Digex-r0,Digex,trajectory,B1,25,25.424065793549637,0.6356016448387409,optimal,5.149300274002599,65780,99610,327354
v0,Digex-r0,Digex,trajectory,B1,26,24.770472933139118,0.6192618233284779,optimal,7.759176622999803,65780,99610,327354
v0,Digex-r0,Digex,trajectory,B1,27,24.169587371718237,0.6042396842929559,optimal,5.457968851998885,65780,99610,327354
v0,Digex-r0,Digex,trajectory,B1,28,25.24284549275937,0.6310711373189842,optimal,5.6764793540023675,65780,99610,327354
v0,Digex-r0,Digex,trajectory,B1,29,24.42319703834238,0.6105799259585595,optimal,5.2616083809989505,65780,99610,327354
v0,Digex-r1,Digex,ground_only,,0,12.778669118964938,0.31946672797412345,optimal,0.18334692799908225,4496,12346,31622
v0,Digex-r1,Digex,ground_only,,1,12.778669118964938,0.31946672797412345,optimal,0.138859312999557,4496,12346,31622
v0,Digex-r1,Digex,ground_only,,2,12.778669118964938,0.31946672797412345,optimal,0.12638542300192057,4496,12346,31622
v0,Digex-r1,Digex,ground_only,,3,12.778669118964938,0.31946672797412345,optimal,0.26212687699808157,4496,12346,31622
v0,Digex-r1,Digex,ground_only,,4,12.778669118964938,0.31946672797412345,optimal,0.1277098059981654,4496,12346,31622
v0,Digex-r1,Digex,ground_only,,5,12.778669118964938,0.31946672797412345,optimal,0.142764675001672,4496,12346,31622
v0,Digex-r1,Digex,ground_only,,6,12.778669118964938,0.31946672797412345,optimal,0.3949222990013368,4496,12346,31622
v0,Digex-r1,Digex,ground_only,,7,12.778669118964938,0.31946672797412345,optimal,0.14565057900108513,4496,12346,31622
v0,Digex-r1,Digex,ground_only,,8,12.778669118964938,0.31946672797412345,optimal,0.14888728400183027,4496,12346,31622
v0,Digex-r1,Digex,ground_only,,9,12.778669118964938,0.31946672797412345,optimal,0.22012351399826002,4496,12346,31622
v0,Digex-r1,Digex,ground_only,,10,12.778669118964938,0.31946672797412345,optimal,0.16162543300015386,4496,12346,31622
v0,Digex-r1,Digex,ground_only,,11,12.778669118964938,0.31946672797412345,optimal,0.15460973500012187,4496,12346,31622
v0,Digex-r1,Digex,ground_only,,12,12.778669118964938,0.31946672797412345,optimal,0.13871163699877798,4496,12346,31622
v0,Digex-r1,Digex,ground_only,,13,12.778669118964938,0.31946672797412345,optimal,0.2590002689976245,4496,12346,31622
v0,Digex-r1,Digex,ground_only,,14,12.778669118964938,0.31946672797412345,optimal,0.2222045589987829,4496,12346,31622
v0,Digex-r1,Digex,ground_only,,15,12.778669118964938,0.31946672797412345,optimal,0.12682928099820856,4496,12346,31622
v0,Digex-r1,Digex,ground_only,,16,12.778669118964938,0.31946672797412345,optimal,0.27102654299960705,4496,12346,31622
v0,Digex-r1,Digex,ground_only,,17,12.778669118964938,0.31946672797412345,optimal,0.12991456099916832,4496,12346,31622
v0,Digex-r1,Digex,ground_only,,18,12.778669118964938,0.31946672797412345,optimal,0.14274020199809456,4496,12346,31622
v0,Digex-r1,Digex,ground_only,,19,12.778669118964938,0.31946672797412345,optimal,0.12877260599998408,4496,12346,31622
v0,Digex-r1,Digex,ground_only,,20,12.778669118964938,0.31946672797412345,optimal,0.32978302400078974,4496,12346,31622
v0,Digex-r1,Digex,ground_only,,21,12.778669118964938,0.31946672797412345,optimal,0.12522692499987897,4496,12346,31622
v0,Digex-r1,Digex,ground_only,,22,12.778669118964938,0.31946672797412345,optimal,0.12122673799967743,4496,12346,31622
v0,Digex-r1,Digex,ground_only,,23,12.778669118964938,0.31946672797412345,optimal,0.12150508500053547,4496,12346,31622
v0,Digex-r1,Digex,ground_only,,24,12.778669118964938,0.31946672797412345,optimal,0.1287759590013593,4496,12346,31622
v0,Digex-r1,Digex,ground_only,,25,12.778669118964938,0.31946672797412345,optimal,0.12653975200009882,4496,12346,31622
v0,Digex-r1,Digex,ground_only,,26,12.778669118964938,0.31946672797412345,optimal,0.12207701800070936,4496,12346,31622
v0,Digex-r1,Digex,ground_only,,27,12.778669118964938,0.31946672797412345,optimal,0.12135462299920619,4496,12346,31622
v0,Digex-r1,Digex,ground_only,,28,12.778669118964938,0.31946672797412345,optimal,0.1341316209982324,4496,12346,31622
v0,Digex-r1,Digex,ground_only,,29,12.778669118964938,0.31946672797412345,optimal,0.12462483499984955,4496,12346,31622
v0,Digex-r1,Digex,trajectory,B1,0,13.654705788374706,0.34136764470936765,optimal,1.0106257010011177,25730,47970,179409
v0,Digex-r1,Digex,trajectory,B1,1,15.30406419643486,0.3826016049108715,optimal,2.2781211790024827,25730,47970,179409
v0,Digex-r1,Digex,trajectory,B1,2,15.160828846801161,0.37902072117002905,optimal,1.0171004410003661,25730,47970,179409
v0,Digex-r1,Digex,trajectory,B1,3,14.264047539542545,0.35660118848856365,optimal,0.9600640300013765,25730,47970,179409
v0,Digex-r1,Digex,trajectory,B1,4,14.414201601054538,0.3603550400263634,optimal,1.0187431439990178,25730,47970,179409
v0,Digex-r1,Digex,trajectory,B1,5,14.6676519982395,0.3666912999559875,optimal,0.9790078690020891,25730,47970,179409
v0,Digex-r1,Digex,trajectory,B1,6,15.053831353091732,0.37634578382729333,optimal,1.0329295609990368,25730,47970,179409
v0,Digex-r1,Digex,trajectory,B1,7,15.719170652213663,0.3929792663053416,optimal,0.9957433020026656,25730,47970,179409
v0,Digex-r1,Digex,trajectory,B1,8,13.852087122306612,0.3463021780576653,optimal,1.0265795359991898,25730,47970,179409
v0,Digex-r1,Digex,trajectory,B1,9,14.831394400764463,0.3707848600191116,optimal,0.9758606670002337,25730,47970,179409
v0,Digex-r1,Digex,trajectory,B1,10,14.09617131155385,0.3524042827888462,optimal,0.984297394999885,25730,47970,179409
v0,Digex-r1,Digex,trajectory,B1,11,14.932579892523817,0.3733144973130954,optimal,1.0036625339998864,25730,47970,179409
v0,Digex-r1,Digex,trajectory,B1,12,14.712060299838802,0.36780150749597007,optimal,0.9778389679995598,25730,47970,179409
v0,Digex-r1,Digex,trajectory,B1,13,14.069216660024853,0.3517304165006213,optimal,0.9844620399999258,25730,47970,179409
v0,Digex-r1,Digex,trajectory,B1,14,14.468996836224818,0.3617249209056205,optimal,1.4657115529989824,25730,47970,179409
v0,Digex-r1,Digex,trajectory,B1,15,13.87004767874416,0.346751191968604,optimal,1.0399658189999172,25730,47970,179409
v0,Digex-r1,Digex,trajectory,B1,16,15.506357608002517,0.3876589402000629,optimal,1.6041242419996706,25730,47970,179409
v0,Digex-r1,Digex,trajectory,B1,17,14.750326267774817,0.3687581566943704,optimal,2.3199374480027473,25730,47970,179409
v0,Digex-r1,Digex,trajectory,B1,18,14.607165790324657,0.3651791447581164,optimal,1.0144138890027534,25730,47970,179409
v0,Digex-r1,Digex,trajectory,B1,19,14.170084770892888,0.3542521192723222,optimal,1.010415868000564,25730,47970,179409
v0,Digex-r1,Digex,trajectory,B1,20,14.98375968554091,0.37459399213852274,optimal,1.0062323060010385,25730,47970,179409
v0,Digex-r1,Digex,trajectory,B1,21,14.150125159458247,0.35375312898645617,optimal,1.0216539040011412,25730,47970,179409
v0,Digex-r1,Digex,trajectory,B1,22,14.546034547347698,0.3636508636836925,optimal,1.1628699309985677,25730,47970,179409
v0,Digex-r1,Digex,trajectory,B1,23,15.310658387894248,0.38276645969735623,optimal,1.088364040999295,25730,47970,179409
v0,Digex-r1,Digex,trajectory,B1,24,14.440234180591048,0.3610058545147762,optimal,1.89791201999833,25730,47970,179409
v0,Digex-r1,Digex,trajectory,B1,25,14.079037205037896,0.3519759301259474,optimal,1.0192025309988821,25730,47970,179409
v0,Digex-r1,Digex,trajectory,B1,26,13.999593780714052,0.3499898445178513,optimal,0.9779648219991941,25730,47970,179409
v0,Digex-r1,Digex,trajectory,B1,27,14.541315545188342,0.36353288862970856,optimal,2.242267704998085,25730,47970,179409
v0,Digex-r1,Digex,trajectory,B1,28,15.013077180308464,0.3753269295077116,optimal,0.9840732619995833,25730,47970,179409
v0,Digex-r1,Digex,trajectory,B1,29,15.145387447243818,0.37863468618109547,optimal,1.026896592000412,25730,47970,179409
v0,Digex-r2,Digex,ground_only,,0,3.0,0.075,optimal,0.07182931100032874,4442,8038,20058
v0,Digex-r2,Digex,ground_only,,1,3.0,0.075,optimal,0.07293775000289315,4442,8038,20058
v0,Digex-r2,Digex,ground_only,,2,3.0,0.075,optimal,0.0774404539988609,4442,8038,20058
v0,Digex-r2,Digex,ground_only,,3,3.0,0.075,optimal,0.0728817759991216,4442,8038,20058
v0,Digex-r2,Digex,ground_only,,4,3.0,0.075,optimal,0.07217365199903725,4442,8038,20058
v0,Digex-r2,Digex,ground_only,,5,3.0,0.075,optimal,0.07038193500193302,4442,8038,20058
v0,Digex-r2,Digex,ground_only,,6,3.0,0.075,optimal,0.07269091200214461,4442,8038,20058
v0,Digex-r2,Digex,ground_only,,7,3.0,0.075,optimal,0.07406845800142037,4442,8038,20058
v0,Digex-r2,Digex,ground_only,,8,3.0,0.075,optimal,0.07140549999894574,4442,8038,20058
v0,Digex-r2,Digex,ground_only,,9,3.0,0.075,optimal,0.07386017200042261,4442,8038,20058
v0,Digex-r2,Digex,ground_only,,10,3.0,0.075,optimal,0.07347856900014449,4442,8038,20058
v0,Digex-r2,Digex,ground_only,,11,3.0,0.075,optimal,0.07782421099909698,4442,8038,20058
v0,Digex-r2,Digex,ground_only,,12,3.0,0.075,optimal,0.0795116750014131,4442,8038,20058
v0,Digex-r2,Digex,ground_only,,13,3.0,0.075,optimal,0.0732829029984714,4442,8038,20058
v0,Digex-r2,Digex,ground_only,,14,3.0,0.075,optimal,0.07039632600208279,4442,8038,20058
v0,Digex-r2,Digex,ground_only,,15,3.0,0.075,optimal,0.07389436999801546,4442,8038,20058
v0,Digex-r2,Digex,ground_only,,16,3.0,0.075,optimal,0.07397459799904027,4442,8038,20058
v0,Digex-r2,Digex,ground_only,,17,3.0,0.075,optimal,0.07328955699995277,4442,8038,20058
v0,Digex-r2,Digex,ground_only,,18,3.0,0.075,optimal,0.0728506000014022,4442,8038,20058
v0,Digex-r2,Digex,ground_only,,19,3.0,0.075,optimal,0.07345243400050094,4442,8038,20058
v0,Digex-r2,Digex,ground_only,,20,3.0,0.075,optimal,0.07506300500244834,4442,8038,20058
v0,Digex-r2,Digex,ground_only,,21,3.0,0.075,optimal,0.08335572499709087,4442,8038,20058
v0,Digex-r2,Digex,ground_only,,22,3.0,0.075,optimal,0.0812922740005888,4442,8038,20058
v0,Digex-r2,Digex,ground_only,,23,3.0,0.075,optimal,0.08304902599775232,4442,8038,20058
v0,Digex-r2,Digex,ground_only,,24,3.0,0.075,optimal,0.08126208100293297,4442,8038,20058
v0,Digex-r2,Digex,ground_only,,25,3.0,0.075,optimal,0.07370317299864837,4442,8038,20058
v0,Digex-r2,Digex,ground_only,,26,3.0,0.075,optimal,0.08180147700113594,4442,8038,20058
v0,Digex-r2,Digex,ground_only,,27,3.0,0.075,optimal,0.07868867500292254,4442,8038,20058
v0,Digex-r2,Digex,ground_only,,28,3.0,0.075,optimal,0.07551496200176189,4442,8038,20058
v0,Digex-r2,Digex,ground_only,,29,3.0,0.075,optimal,0.075071407998621,4442,8038,20058
v0,Digex-r2,Digex,trajectory,B1,0,10.796596431719014,0.26991491079297536,optimal,7.365824060001614,74062,98328,360613
v0,Digex-r2,Digex,trajectory,B1,1,9.979445270924444,0.2494861317731111,optimal,6.602462696999282,74062,98328,360613
v0,Digex-r2,Digex,trajectory,B1,2,8.783457584253659,0.21958643960634147,optimal,6.0814164520015765,74062,98328,360613
v0,Digex-r2,Digex,trajectory,B1,3,10.552823835436074,0.26382059588590184,optimal,6.281823313998757,74062,98328,360613
v0,Digex-r2,Digex,trajectory,B1,4,9.381842545054479,0.23454606362636196,optimal,6.241706897999393,74062,98328,360613
v0,Digex-r2,Digex,trajectory,B1,5,9.117988853545624,0.2279497213386406,optimal,6.6863387410012365,74062,98328,360613
v0,Digex-r2,Digex,trajectory,B1,6,8.727077428416036,0.21817693571040092,optimal,5.928923334999126,74062,98328,360613
v0,Digex-r2,Digex,trajectory,B1,7,8.222577427570206,0.20556443568925514,optimal,12.18857289600055,74062,98328,360613
v0,Digex-r2,Digex,trajectory,B1,8,8.829476729008237,0.2207369182252059,optimal,6.490377570000419,74062,98328,360613
v0,Digex-r2,Digex,trajectory,B1,9,9.067768963761928,0.2266942240940482,optimal,13.459442162002233,74062,98328,360613
v0,Digex-r2,Digex,trajectory,B1,10,8.195066279965218,0.20487665699913044,optimal,8.4052044270029,74062,98328,360613
v0,Digex-r2,Digex,trajectory,B1,11,9.229984956766096,0.23074962391915238,optimal,8.037434085999848,74062,98328,360613
v0,Digex-r2,Digex,trajectory,B1,12,8.334432019431487,0.20836080048578717,optimal,6.062352261000342,74062,98328,360613
v0,Digex-r2,Digex,trajectory,B1,13,7.58568827796252,0.189642206949063,optimal,5.616867378997995,74062,98328,360613
v0,Digex-r2,Digex,trajectory,B1,14,7.731238322592679,0.193280958064817,optimal,6.0342196359997615,74062,98328,360613
v0,Digex-r2,Digex,trajectory,B1,15,9.527068564403907,0.23817671411009766,optimal,5.975611474001198,74062,98328,360613
v0,Digex-r2,Digex,trajectory,B1,16,10.184764753076921,0.254619118826923,optimal,5.967059329999756,74062,98328,360613
v0,Digex-r2,Digex,trajectory,B1,17,9.029851438213194,0.22574628595532986,optimal,9.436540992999653,74062,98328,360613
v0,Digex-r2,Digex,trajectory,B1,18,8.82764483981924,0.220691120995481,optimal,11.672747025000717,74062,98328,360613
v0,Digex-r2,Digex,trajectory,B1,19,8.789117067364167,0.21972792668410418,optimal,6.375018712999008,74062,98328,360613
v0,Digex-r2,Digex,trajectory,B1,20,9.74024004939565,0.24350600123489125,optimal,5.604913933999342,74062,98328,360613
v0,Digex-r2,Digex,trajectory,B1,21,8.554135483800847,0.21385338709502116,optimal,6.6343825699987065,74062,98328,360613
v0,Digex-r2,Digex,trajectory,B1,22,10.070721305996948,0.2517680326499237,optimal,6.02111377500114,74062,98328,360613
v0,Digex-r2,Digex,trajectory,B1,23,7.97015532247064,0.199253883061766,optimal,5.962762189999921,74062,98328,360613
v0,Digex-r2,Digex,trajectory,B1,24,8.901942048052085,0.22254855120130212,optimal,6.241758086998743,74062,98328,360613
v0,Digex-r2,Digex,trajectory,B1,25,8.260676018920524,0.2065169004730131,optimal,6.2582586470016395,74062,98328,360613
v0,Digex-r2,Digex,trajectory,B1,26,8.147111394858767,0.20367778487146918,optimal,11.921109887000057,74062,98328,360613
v0,Digex-r2,Digex,trajectory,B1,27,10.097608674852776,0.2524402168713194,optimal,7.15354662900063,74062,98328,360613
v0,Digex-r2,Digex,trajectory,B1,28,9.678281889258374,0.24195704723145933,optimal,11.137328291002632,74062,98328,360613
v0,Digex-r2,Digex,trajectory,B1,29,11.170223483997354,0.27925558709993387,optimal,6.109347451998474,74062,98328,360613
v0,Easynet-r0,Easynet,ground_only,,0,8.184301778811399,0.20460754447028498,optimal,0.2418866660009371,6420,9808,32031
v0,Easynet-r0,Easynet,ground_only,,1,8.184301778811399,0.20460754447028498,optimal,0.24217497200152138,6420,9808,32031
v0,Easynet-r0,Easynet,ground_only,,2,8.184301778811399,0.20460754447028498,optimal,0.25885665099849575,6420,9808,32031
v0,Easynet-r0,Easynet,ground_only,,3,8.184301778811399,0.20460754447028498,optimal,0.2561712609967799,6420,9808,32031
v0,Easynet-r0,Easynet,ground_only,,4,8.184301778811399,0.20460754447028498,optimal,0.52711332400213,6420,9808,32031
v0,Easynet-r0,Easynet,ground_only,,5,8.184301778811399,0.20460754447028498,optimal,0.2467123749993334,6420,9808,32031
v0,Easynet-r0,Easynet,ground_only,,6,8.184301778811399,0.20460754447028498,optimal,0.262487322997913,6420,9808,32031
v0,Easynet-r0,Easynet,ground_only,,7,8.184301778811399,0.20460754447028498,optimal,0.2469048439998005,6420,9808,32031
v0,Easynet-r0,Easynet,ground_only,,8,8.184301778811399,0.20460754447028498,optimal,0.2988050830026623,6420,9808,32031
v0,Easynet-r0,Easynet,ground_only,,9,8.184301778811399,0.20460754447028498,optimal,0.24046022400216316,6420,9808,32031
v0,Easynet-r0,Easynet,ground_only,,10,8.184301778811399,0.20460754447028498,optimal,0.5331217860002653,6420,9808,32031
v0,Easynet-r0,Easynet,ground_only,,11,8.184301778811399,0.20460754447028498,optimal,0.24842024800091167,6420,9808,32031
v0,Easynet-r0,Easynet,ground_only,,12,8.184301778811399,0.20460754447028498,optimal,0.2797607379980036,6420,9808,32031
v0,Easynet-r0,Easynet,ground_only,,13,8.184301778811399,0.20460754447028498,optimal,0.2639510799999698,6420,9808,32031
v0,Easynet-r0,Easynet,ground_only,,14,8.184301778811399,0.20460754447028498,optimal,0.2492109539998637,6420,9808,32031
v0,Easynet-r0,Easynet,ground_only,,15,8.184301778811399,0.20460754447028498,optimal,0.5695597470003122,6420,9808,32031
v0,Easynet-r0,Easynet,ground_only,,16,8.184301778811399,0.20460754447028498,optimal,0.27383135499985656,6420,9808,32031
v0,Easynet-r0,Easynet,ground_only,,17,8.184301778811399,0.20460754447028498,optimal,0.253003407997312,6420,9808,32031
v0,Easynet-r0,Easynet,ground_only,,18,8.184301778811399,0.20460754447028498,optimal,0.28648662799969316,6420,9808,32031
v0,Easynet-r0,Easynet,ground_only,,19,8.184301778811399,0.20460754447028498,optimal,0.25376111199875595,6420,9808,32031
v0,Easynet-r0,Easynet,ground_only,,20,8.184301778811399,0.20460754447028498,optimal,0.2480038510002487,6420,9808,32031
v0,Easynet-r0,Easynet,ground_only,,21,8.184301778811399,0.20460754447028498,optimal,0.2631723640006385,6420,9808,32031
v0,Easynet-r0,Easynet,ground_only,,22,8.184301778811399,0.20460754447028498,optimal,0.2868535349989543,6420,9808,32031
v0,Easynet-r0,Easynet,ground_only,,23,8.184301778811399,0.20460754447028498,optimal,0.2559441639969009,6420,9808,32031
v0,Easynet-r0,Easynet,ground_only,,24,8.184301778811399,0.20460754447028498,optimal,0.2526965949982696,6420,9808,32031
v0,Easynet-r0,Easynet,ground_only,,25,8.184301778811399,0.20460754447028498,optimal,0.25855476099968655,6420,9808,32031
v0,Easynet-r0,Easynet,ground_only,,26,8.184301778811399,0.20460754447028498,optimal,0.23484649999954854,6420,9808,32031
v0,Easynet-r0,Easynet,ground_only,,27,8.184301778811399,0.20460754447028498,optimal,0.23876122500223573,6420,9808,32031
v0,Easynet-r0,Easynet,ground_only,,28,8.184301778811399,0.20460754447028498,optimal,0.23100686500038137,6420,9808,32031
v0,Easynet-r0,Easynet,ground_only,,29,8.184301778811399,0.20460754447028498,optimal,0.23410539600081393,6420,9808,32031
v0,Easynet-r0,Easynet,trajectory,B1,0,12.375444641696621,0.3093861160424155,optimal,2.325638854999852,37597,61208,229684
v0,Easynet-r0,Easynet,trajectory,B1,1,12.02519970910769,0.30062999272769225,optimal,2.614068247999967,37597,61208,229684
v0,Easynet-r0,Easynet,trajectory,B1,2,10.572036369763103,0.26430090924407756,optimal,2.371641522000573,37597,61208,229684
v0,Easynet-r0,Easynet,trajectory,B1,3,11.865174133740268,0.2966293533435067,optimal,2.482321444997069,37597,61208,229684
v0,Easynet-r0,Easynet,trajectory,B1,4,11.619705341418822,0.29049263353547056,optimal,3.8003351769984874,37597,61208,229684
v0,Easynet-r0,Easynet,trajectory,B1,5,12.519843950077153,0.3129960987519288,optimal,2.4356940279976698,37597,61208,229684
v0,Easynet-r0,Easynet,trajectory,B1,6,12.201820710248798,0.30504551775621996,optimal,2.4413460020005004,37597,61208,229684
v0,Easynet-r0,Easynet,trajectory,B1,7,13.460964404828989,0.3365241101207247,optimal,2.4461182939994615,37597,61208,229684
v0,Easynet-r0,Easynet,trajectory,B1,8,12.986721802927853,0.32466804507319635,optimal,4.764745666001545,37597,61208,229684
v0,Easynet-r0,Easynet,trajectory,B1,9,11.84012910325543,0.29600322758138575,optimal,2.3850288840003486,37597,61208,229684
v0,Easynet-r0,Easynet,trajectory,B1,10,12.102388483408966,0.30255971208522414,optimal,2.3986887089995435,37597,61208,229684
v0,Easynet-r0,Easynet,trajectory,B1,11,11.926576301475349,0.2981644075368837,optimal,4.804104818002088,37597,61208,229684
v0,Easynet-r0,Easynet,trajectory,B1,12,12.60297666151274,0.3150744165378185,optimal,2.490190585998789,37597,61208,229684
v0,Easynet-r0,Easynet,trajectory,B1,13,11.138664470822748,0.2784666117705687,optimal,2.410184581000067,37597,61208,229684
v0,Easynet-r0,Easynet,trajectory,B1,14,13.829781184914127,0.3457445296228532,optimal,2.4421642540000903,37597,61208,229684
v0,Easynet-r0,Easynet,trajectory,B1,15,12.430644067805188,0.3107661016951297,optimal,2.3901597910007695,37597,61208,229684
v0,Easynet-r0,Easynet,trajectory,B1,16,11.20379389550418,0.2800948473876045,optimal,2.492846807002934,37597,61208,229684
v0,Easynet-r0,Easynet,trajectory,B1,17,12.764525503112068,0.3191131375778017,optimal,2.363903534998826,37597,61208,229684
v0,Easynet-r0,Easynet,trajectory,B1,18,12.300359343319885,0.3075089835829971,optimal,2.620239176998439,37597,61208,229684
v0,Easynet-r0,Easynet,trajectory,B1,19,12.097408758066587,0.3024352189516647,optimal,2.477859767001064,37597,61208,229684
v0,Easynet-r0,Easynet,trajectory,B1,20,12.527656950195048,0.3131914237548762,optimal,2.600923412999691,37597,61208,229684
v0,Easynet-r0,Easynet,trajectory,B1,21,11.099670349279036,0.2774917587319759,optimal,2.3838657319975027,37597,61208,229684
v0,Easynet-r0,Easynet,trajectory,B1,22,11.501869831412428,0.2875467457853107,optimal,2.649726373001613,37597,61208,229684
v0,Easynet-r0,Easynet,trajectory,B1,23,12.053263039465422,0.30133157598663557,optimal,2.4426296400015417,37597,61208,229684
v0,Easynet-r0,Easynet,trajectory,B1,24,11.910676764968517,0.29776691912421294,optimal,2.656878968999081,37597,61208,229684
v0,Easynet-r0,Easynet,trajectory,B1,25,11.823969373770304,0.2955992343442576,optimal,5.177182122999511,37597,61208,229684
v0,Easynet-r0,Easynet,trajectory,B1,26,11.436528488722688,0.2859132122180672,optimal,5.187638627001434,37597,61208,229684
v0,Easynet-r0,Easynet,trajectory,B1,27,12.23213634619315,0.30580340865482875,optimal,2.6867533970034856,37597,61208,229684
v0,Easynet-r0,Easynet,trajectory,B1,28,11.944712679109461,0.29861781697773654,optimal,5.238722574998974,37597,61208,229684
v0,Easynet-r0,Easynet,trajectory,B1,29,11.308406738434263,0.28271016846085656,optimal,2.591342445997725,37597,61208,229684
v0,Easynet-r1,Easynet,ground_only,,0,5.353924152154619,0.13384810380386547,optimal,0.10413328600043315,3066,6823,17711
v0,Easynet-r1,Easynet,ground_only,,1,5.353924152154619,0.13384810380386547,optimal,0.1061740289987938,3066,6823,17711
v0,Easynet-r1,Easynet,ground_only,,2,5.353924152154619,0.13384810380386547,optimal,0.09990555900003528,3066,6823,17711
v0,Easynet-r1,Easynet,ground_only,,3,5.353924152154619,0.13384810380386547,optimal,0.1041119740002614,3066,6823,17711
v0,Easynet-r1,Easynet,ground_only,,4,5.353924152154619,0.13384810380386547,optimal,0.09863000800032751,3066,6823,17711
v0,Easynet-r1,Easynet,ground_only,,5,5.353924152154619,0.13384810380386547,optimal,0.09858459499810124,3066,6823,17711
v0,Easynet-r1,Easynet,ground_only,,6,5.353924152154619,0.13384810380386547,optimal,0.09582994700031122,3066,6823,17711
v0,Easynet-r1,Easynet,ground_only,,7,5.353924152154619,0.13384810380386547,optimal,0.09569227599786245,3066,6823,17711
v0,Easynet-r1,Easynet,ground_only,,8,5.353924152154619,0.13384810380386547,optimal,0.09643494400006603,3066,6823,17711
v0,Easynet-r1,Easynet,ground_only,,9,5.353924152154619,0.13384810380386547,optimal,0.09563581600014004,3066,6823,17711
v0,Easynet-r1,Easynet,ground_only,,10,5.353924152154619,0.13384810380386547,optimal,0.0992740590008907,3066,6823,17711
v0,Easynet-r1,Easynet,ground_only,,11,5.353924152154619,0.13384810380386547,optimal,0.09898622599939699,3066,6823,17711
v0,Easynet-r1,Easynet,ground_only,,12,5.353924152154619,0.13384810380386547,optimal,0.09547482500056503,3066,6823,17711
v0,Easynet-r1,Easynet,ground_only,,13,5.353924152154619,0.13384810380386547,optimal,0.09747164600048563,3066,6823,17711
v0,Easynet-r1,Easynet,ground_only,,14,5.353924152154619,0.13384810380386547,optimal,0.35510118100137333,3066,6823,17711
v0,Easynet-r1,Easynet,ground_only,,15,5.353924152154619,0.13384810380386547,optimal,0.09685765000176616,3066,6823,17711
v0,Easynet-r1,Easynet,ground_only,,16,5.353924152154619,0.13384810380386547,optimal,0.09733342500112485,3066,6823,17711
v0,Easynet-r1,Easynet,ground_only,,17,5.353924152154619,0.13384810380386547,optimal,0.09549739199792384,3066,6823,17711
v0,Easynet-r1,Easynet,ground_only,,18,5.353924152154619,0.13384810380386547,optimal,0.09693987699938589,3066,6823,17711
v0,Easynet-r1,Easynet,ground_only,,19,5.353924152154619,0.13384810380386547,optimal,0.09493721099715913,3066,6823,17711
v0,Easynet-r1,Easynet,ground_only,,20,5.353924152154619,0.13384810380386547,optimal,0.09727935000046273,3066,6823,17711
v0,Easynet-r1,Easynet,ground_only,,21,5.353924152154619,0.13384810380386547,optimal,0.0985597439976118,3066,6823,17711
v0,Easynet-r1,Easynet,ground_only,,22,5.353924152154619,0.13384810380386547,optimal,0.09694777600088855,3066,6823,17711
v0,Easynet-r1,Easynet,ground_only,,23,5.353924152154619,0.13384810380386547,optimal,0.09774486400056048,3066,6823,17711
v0,Easynet-r1,Easynet,ground_only,,24,5.353924152154619,0.13384810380386547,optimal,0.1026371050029411,3066,6823,17711
v0,Easynet-r1,Easynet,ground_only,,25,5.353924152154619,0.13384810380386547,optimal,0.10101431400107685,3066,6823,17711
v0,Easynet-r1,Easynet,ground_only,,26,5.353924152154619,0.13384810380386547,optimal,0.09707222200086107,3066,6823,17711
v0,Easynet-r1,Easynet,ground_only,,27,5.353924152154619,0.13384810380386547,optimal,0.1059574060018349,3066,6823,17711
v0,Easynet-r1,Easynet,ground_only,,28,5.353924152154619,0.13384810380386547,optimal,0.10646717399868066,3066,6823,17711
v0,Easynet-r1,Easynet,ground_only,,29,5.353924152154619,0.13384810380386547,optimal,0.10654287999932421,3066,6823,17711
v0,Easynet-r1,Easynet,trajectory,B1,0,14.750848080202363,0.3687712020050591,optimal,2.801184171999921,35892,58974,225380
v0,Easynet-r1,Easynet,trajectory,B1,1,15.350226249919517,0.3837556562479879,optimal,2.8022818099998403,35892,58974,225380
v0,Easynet-r1,Easynet,trajectory,B1,2,14.36877236696086,0.3592193091740215,optimal,2.7574735620000865,35892,58974,225380
v0,Easynet-r1,Easynet,trajectory,B1,3,13.621648710208069,0.34054121775520174,optimal,2.6504596730010235,35892,58974,225380
v0,Easynet-r1,Easynet,trajectory,B1,4,12.167501759561873,0.3041875439890468,optimal,2.9394611770003394,35892,58974,225380
v0,Easynet-r1,Easynet,trajectory,B1,5,12.937119097576744,0.3234279774394186,optimal,2.527722262999305,35892,58974,225380
v0,Easynet-r1,Easynet,trajectory,B1,6,13.923618970378039,0.34809047425945094,optimal,2.8116952950003906,35892,58974,225380
v0,Easynet-r1,Easynet,trajectory,B1,7,12.110712326403105,0.30276780816007764,optimal,5.485284415000933,35892,58974,225380
v0,Easynet-r1,Easynet,trajectory,B1,8,12.47999972084623,0.3119999930211558,optimal,2.52283576100308,35892,58974,225380
v0,Easynet-r1,Easynet,trajectory,B1,9,12.950335214738562,0.32375838036846405,optimal,4.5209525700011,35892,58974,225380
v0,Easynet-r1,Easynet,trajectory,B1,10,12.332841013149062,0.3083210253287266,optimal,2.1943326229993545,35892,58974,225380
v0,Easynet-r1,Easynet,trajectory,B1,11,13.255457904915836,0.33138644762289593,optimal,2.417985714000679,35892,58974,225380
v0,Easynet-r1,Easynet,trajectory,B1,12,12.88822627994129,0.3222056569985322,optimal,2.382768739000312,35892,58974,225380
v0,Easynet-r1,Easynet,trajectory,B1,13,14.86747018869474,0.3716867547173685,optimal,2.335260465999454,35892,58974,225380
v0,Easynet-r1,Easynet,trajectory,B1,14,14.003588937270406,0.35008972343176015,optimal,2.642266427999857,35892,58974,225380
v0,Easynet-r1,Easynet,trajectory,B1,15,12.875358160024062,0.32188395400060155,optimal,3.5851689340015582,35892,58974,225380
v0,Easynet-r1,Easynet,trajectory,B1,16,12.561585250971918,0.31403963127429796,optimal,2.6092095599997265,35892,58974,225380
v0,Easynet-r1,Easynet,trajectory,B1,17,14.148037473571433,0.35370093683928583,optimal,2.3713893099993584,35892,58974,225380
v0,Easynet-r1,Easynet,trajectory,B1,18,12.175572920730692,0.3043893230182673,optimal,4.523208522001369,35892,58974,225380
v0,Easynet-r1,Easynet,trajectory,B1,19,12.450598634739775,0.3112649658684944,optimal,2.985025852001854,35892,58974,225380
v0,Easynet-r1,Easynet,trajectory,B1,20,11.85311069656787,0.29632776741419675,optimal,4.367199440999684,35892,58974,225380
v0,Easynet-r1,Easynet,trajectory,B1,21,13.794233420312048,0.3448558355078012,optimal,2.3306343849981204,35892,58974,225380
v0,Easynet-r1,Easynet,trajectory,B1,22,11.737603036470068,0.2934400759117517,optimal,2.503347321002366,35892,58974,225380
v0,Easynet-r1,Easynet,trajectory,B1,23,13.874909319144448,0.3468727329786112,optimal,2.301044108997303,35892,58974,225380
v0,Easynet-r1,Easynet,trajectory,B1,24,12.878855602922117,0.3219713900730529,optimal,2.417672849001974,35892,58974,225380
v0,Easynet-r1,Easynet,trajectory,B1,25,12.835308383596423,0.3208827095899106,optimal,2.707879737001349,35892,58974,225380
v0,Easynet-r1,Easynet,trajectory,B1,26,12.854494772311302,0.32136236930778256,optimal,2.4046180049990653,35892,58974,225380
v0,Easynet-r1,Easynet,trajectory,B1,27,14.672812525538726,0.36682031313846813,optimal,5.386955333000515,35892,58974,225380
v0,Easynet-r1,Easynet,trajectory,B1,28,13.386122101632392,0.3346530525408098,optimal,3.883305407001899,35892,58974,225380
v0,Easynet-r1,Easynet,trajectory,B1,29,14.45300358114768,0.361325089528692,optimal,4.212376792998839,35892,58974,225380
v0,Easynet-r2,Easynet,ground_only,,0,4.3116206237421615,0.10779051559355404,optimal,0.08811711399903288,2192,4306,12571
v0,Easynet-r2,Easynet,ground_only,,1,4.3116206237421615,0.10779051559355404,optimal,0.08356072500100709,2192,4306,12571
v0,Easynet-r2,Easynet,ground_only,,2,4.3116206237421615,0.10779051559355404,optimal,0.0798126100016816,2192,4306,12571
v0,Easynet-r2,Easynet,ground_only,,3,4.3116206237421615,0.10779051559355404,optimal,0.07685300700177322,2192,4306,12571
v0,Easynet-r2,Easynet,ground_only,,4,4.3116206237421615,0.10779051559355404,optimal,0.07019316900186823,2192,4306,12571
v0,Easynet-r2,Easynet,ground_only,,5,4.3116206237421615,0.10779051559355404,optimal,0.092056411998783,2192,4306,12571
v0,Easynet-r2,Easynet,ground_only,,6,4.3116206237421615,0.10779051559355404,optimal,0.08832937799888896,2192,4306,12571
v0,Easynet-r2,Easynet,ground_only,,7,4.3116206237421615,0.10779051559355404,optimal,0.0916579129989259,2192,4306,12571
v0,Easynet-r2,Easynet,ground_only,,8,4.3116206237421615,0.10779051559355404,optimal,0.07926774899897282,2192,4306,12571
v0,Easynet-r2,Easynet,ground_only,,9,4.3116206237421615,0.10779051559355404,optimal,0.07692261600095662,2192,4306,12571
v0,Easynet-r2,Easynet,ground_only,,10,4.3116206237421615,0.10779051559355404,optimal,0.07267982900157222,2192,4306,12571
v0,Easynet-r2,Easynet,ground_only,,11,4.3116206237421615,0.10779051559355404,optimal,0.0732542790028674,2192,4306,12571
v0,Easynet-r2,Easynet,ground_only,,12,4.3116206237421615,0.10779051559355404,optimal,0.07752963399980217,2192,4306,12571
v0,Easynet-r2,Easynet,ground_only,,13,4.3116206237421615,0.10779051559355404,optimal,0.07235129099717597,2192,4306,12571
v0,Easynet-r2,Easynet,ground_only,,14,4.3116206237421615,0.10779051559355404,optimal,0.07035139199797413,2192,4306,12571
v0,Easynet-r2,Easynet,ground_only,,15,4.3116206237421615,0.10779051559355404,optimal,0.07304156700047315,2192,4306,12571
v0,Easynet-r2,Easynet,ground_only,,16,4.3116206237421615,0.10779051559355404,optimal,0.06993861299997661,2192,4306,12571
v0,Easynet-r2,Easynet,ground_only,,17,4.3116206237421615,0.10779051559355404,optimal,0.07602833199780434,2192,4306,12571
v0,Easynet-r2,Easynet,ground_only,,18,4.3116206237421615,0.10779051559355404,optimal,0.06914720599888824,2192,4306,12571
v0,Easynet-r2,Easynet,ground_only,,19,4.3116206237421615,0.10779051559355404,optimal,0.07003592300316086,2192,4306,12571
v0,Easynet-r2,Easynet,ground_only,,20,4.3116206237421615,0.10779051559355404,optimal,0.07245119800063549,2192,4306,12571
v0,Easynet-r2,Easynet,ground_only,,21,4.3116206237421615,0.10779051559355404,optimal,0.06913903700115043,2192,4306,12571
v0,Easynet-r2,Easynet,ground_only,,22,4.3116206237421615,0.10779051559355404,optimal,0.0702582470003108,2192,4306,12571
v0,Easynet-r2,Easynet,ground_only,,23,4.3116206237421615,0.10779051559355404,optimal,0.06850400599796558,2192,4306,12571
v0,Easynet-r2,Easynet,ground_only,,24,4.3116206237421615,0.10779051559355404,optimal,0.06816312999944785,2192,4306,12571
v0,Easynet-r2,Easynet,ground_only,,25,4.3116206237421615,0.10779051559355404,optimal,0.06909166799960076,2192,4306,12571
v0,Easynet-r2,Easynet,ground_only,,26,4.3116206237421615,0.10779051559355404,optimal,0.07654301900038263,2192,4306,12571
v0,Easynet-r2,Easynet,ground_only,,27,4.3116206237421615,0.10779051559355404,optimal,0.0694240400007402,2192,4306,12571
v0,Easynet-r2,Easynet,ground_only,,28,4.3116206237421615,0.10779051559355404,optimal,0.06972186100028921,2192,4306,12571
v0,Easynet-r2,Easynet,ground_only,,29,4.3116206237421615,0.10779051559355404,optimal,0.06916028600244317,2192,4306,12571
v0,Easynet-r2,Easynet,trajectory,B1,0,6.6349896557288615,0.16587474139322153,optimal,1.7624491349997697,32049,53681,200030
v0,Easynet-r2,Easynet,trajectory,B1,1,7.286330140729213,0.1821582535182303,optimal,1.634443705999729,32049,53681,200030
v0,Easynet-r2,Easynet,trajectory,B1,2,6.599169634996652,0.1649792408749163,optimal,1.6490514109973446,32049,53681,200030
v0,Easynet-r2,Easynet,trajectory,B1,3,7.277533100341346,0.18193832750853364,optimal,1.6132454559992766,32049,53681,200030
v0,Easynet-r2,Easynet,trajectory,B1,4,7.25422212237199,0.18135555305929976,optimal,2.3318677700008266,32049,53681,200030
v0,Easynet-r2,Easynet,trajectory,B1,5,6.858619318219003,0.1714654829554751,optimal,1.605699010000535,32049,53681,200030
v0,Easynet-r2,Easynet,trajectory,B1,6,7.310689398693271,0.18276723496733177,optimal,1.705296902997361,32049,53681,200030
v0,Easynet-r2,Easynet,trajectory,B1,7,7.411783792822927,0.18529459482057317,optimal,1.6608264269998472,32049,53681,200030
v0,Easynet-r2,Easynet,trajectory,B1,8,6.954977703648902,0.17387444259122256,optimal,1.5728527610008314,32049,53681,200030
v0,Easynet-r2,Easynet,trajectory,B1,9,6.829159837659732,0.1707289959414933,optimal,1.6726457250006206,32049,53681,200030
v0,Easynet-r2,Easynet,trajectory,B1,10,7.6624283336356696,0.19156070834089173,optimal,1.9052574989982531,32049,53681,200030
v0,Easynet-r2,Easynet,trajectory,B1,11,6.391849163448879,0.15979622908622199,optimal,1.6454489639982057,32049,53681,200030
v0,Easynet-r2,Easynet,trajectory,B1,12,7.253949326270726,0.18134873315676817,optimal,1.9376319379989582,32049,53681,200030
v0,Easynet-r2,Easynet,trajectory,B1,13,6.6891708790232425,0.16722927197558107,optimal,1.9676848419985618,32049,53681,200030
v0,Easynet-r2,Easynet,trajectory,B1,14,7.19193520031278,0.1797983800078195,optimal,1.628181322997989,32049,53681,200030
v0,Easynet-r2,Easynet,trajectory,B1,15,7.377266599841072,0.18443166499602678,optimal,2.135475074999704,32049,53681,200030
v0,Easynet-r2,Easynet,trajectory,B1,16,6.993525198655021,0.17483812996637554,optimal,1.8951188399987586,32049,53681,200030
v0,Easynet-r2,Easynet,trajectory,B1,17,7.629342239941836,0.19073355599854588,optimal,2.4000871850003023,32049,53681,200030
v0,Easynet-r2,Easynet,trajectory,B1,18,7.6069774026204335,0.19017443506551085,optimal,1.5808718709995446,32049,53681,200030
v0,Easynet-r2,Easynet,trajectory,B1,19,6.755038090017221,0.16887595225043053,optimal,1.7058927190009854,32049,53681,200030
v0,Easynet-r2,Easynet,trajectory,B1,20,6.738275417641816,0.1684568854410454,optimal,2.7960016299985,32049,53681,200030
v0,Easynet-r2,Easynet,trajectory,B1,21,7.5717365178042035,0.1892934129451051,optimal,1.6658860470015497,32049,53681,200030
v0,Easynet-r2,Easynet,trajectory,B1,22,7.513206591222896,0.1878301647805724,optimal,1.5488758559986309,32049,53681,200030
v0,Easynet-r2,Easynet,trajectory,B1,23,7.087542691665915,0.17718856729164786,optimal,1.5471012500020151,32049,53681,200030
v0,Easynet-r2,Easynet,trajectory,B1,24,6.69399270173644,0.167349817543411,optimal,2.966110593999474,32049,53681,200030
v0,Easynet-r2,Easynet,trajectory,B1,25,7.119007659841789,0.17797519149604474,optimal,3.4696393529993657,32049,53681,200030
v0,Easynet-r2,Easynet,trajectory,B1,26,6.467225471903672,0.1616806367975918,optimal,1.6448218999976234,32049,53681,200030
v0,Easynet-r2,Easynet,trajectory,B1,27,6.733345352074556,0.1683336338018639,optimal,1.5722909670002991,32049,53681,200030
v0,Easynet-r2,Easynet,trajectory,B1,28,7.034669490526216,0.1758667372631554,optimal,1.5862749899970368,32049,53681,200030
v0,Easynet-r2,Easynet,trajectory,B1,29,7.1435622651426085,0.17858905662856522,optimal,1.6022642870011623,32049,53681,200030
v0,Garr200112-r0,Garr200112,ground_only,,0,20.48965405404381,0.5122413513510953,optimal,0.320728329999838,7910,17341,47695
v0,Garr200112-r0,Garr200112,ground_only,,1,20.48965405404381,0.5122413513510953,optimal,0.31868170899906545,7910,17341,47695
v0,Garr200112-r0,Garr200112,ground_only,,2,20.48965405404381,0.5122413513510953,optimal,0.33274508099930244,7910,17341,47695
v0,Garr200112-r0,Garr200112,ground_only,,3,20.48965405404381,0.5122413513510953,optimal,0.3204266879984061,7910,17341,47695
v0,Garr200112-r0,Garr200112,ground_only,,4,20.48965405404381,0.5122413513510953,optimal,0.32291871099732816,7910,17341,47695
v0,Garr200112-r0,Garr200112,ground_only,,5,20.48965405404381,0.5122413513510953,optimal,0.3232452230004128,7910,17341,47695
v0,Garr200112-r0,Garr200112,ground_only,,6,20.48965405404381,0.5122413513510953,optimal,0.32422721500188345,7910,17341,47695
v0,Garr200112-r0,Garr200112,ground_only,,7,20.48965405404381,0.5122413513510953,optimal,0.3350094099987473,7910,17341,47695
v0,Garr200112-r0,Garr200112,ground_only,,8,20.48965405404381,0.5122413513510953,optimal,0.3240859760007879,7910,17341,47695
v0,Garr200112-r0,Garr200112,ground_only,,9,20.48965405404381,0.5122413513510953,optimal,0.32421458099997835,7910,17341,47695
v0,Garr200112-r0,Garr200112,ground_only,,10,20.48965405404381,0.5122413513510953,optimal,0.32676881499719457,7910,17341,47695
v0,Garr200112-r0,Garr200112,ground_only,,11,20.48965405404381,0.5122413513510953,optimal,0.3285864440003934,7910,17341,47695
v0,Garr200112-r0,Garr200112,ground_only,,12,20.48965405404381,0.5122413513510953,optimal,0.32740523900065455,7910,17341,47695
v0,Garr200112-r0,Garr200112,ground_only,,13,20.48965405404381,0.5122413513510953,optimal,0.3157251410011668,7910,17341,47695
v0,Garr200112-r0,Garr200112,ground_only,,14,20.48965405404381,0.5122413513510953,optimal,0.34220198999901186,7910,17341,47695
v0,Garr200112-r0,Garr200112,ground_only,,15,20.48965405404381,0.5122413513510953,optimal,0.36227018299905467,7910,17341,47695
v0,Garr200112-r0,Garr200112,ground_only,,16,20.48965405404381,0.5122413513510953,optimal,0.42141573899789364,7910,17341,47695
v0,Garr200112-r0,Garr200112,ground_only,,17,20.48965405404381,0.5122413513510953,optimal,0.320076402000268,7910,17341,47695
v0,Garr200112-r0,Garr200112,ground_only,,18,20.48965405404381,0.5122413513510953,optimal,0.7224259479989996,7910,17341,47695
v0,Garr200112-r0,Garr200112,ground_only,,19,20.48965405404381,0.5122413513510953,optimal,0.3456916180002736,7910,17341,47695
v0,Garr200112-r0,Garr200112,ground_only,,20,20.48965405404381,0.5122413513510953,optimal,0.3366847359975509,7910,17341,47695
v0,Garr200112-r0,Garr200112,ground_only,,21,20.48965405404381,0.5122413513510953,optimal,0.3387964279972948,7910,17341,47695
v0,Garr200112-r0,Garr200112,ground_only,,22,20.48965405404381,0.5122413513510953,optimal,0.327229079000972,7910,17341,47695
v0,Garr200112-r0,Garr200112,ground_only,,23,20.48965405404381,0.5122413513510953,optimal,0.33167962100196746,7910,17341,47695
v0,Garr200112-r0,Garr200112,ground_only,,24,20.48965405404381,0.5122413513510953,optimal,0.3261235459976888,7910,17341,47695
v0,Garr200112-r0,Garr200112,ground_only,,25,20.48965405404381,0.5122413513510953,optimal,0.31920173699836596,7910,17341,47695
v0,Garr200112-r0,Garr200112,ground_only,,26,20.48965405404381,0.5122413513510953,optimal,0.3111234540010628,7910,17341,47695
v0,Garr200112-r0,Garr200112,ground_only,,27,20.48965405404381,0.5122413513510953,optimal,0.320059018999018,7910,17341,47695
v0,Garr200112-r0,Garr200112,ground_only,,28,20.48965405404381,0.5122413513510953,optimal,0.34270346999983303,7910,17341,47695
v0,Garr200112-r0,Garr200112,ground_only,,29,20.48965405404381,0.5122413513510953,optimal,0.32459023900082684,7910,17341,47695
v0,Garr200112-r0,Garr200112,trajectory,B1,0,26.558450084397894,0.6639612521099474,optimal,2.6020701939996798,29323,56299,188119
v0,Garr200112-r0,Garr200112,trajectory,B1,1,26.168215870795468,0.6542053967698866,optimal,1.9147328209983243,29323,56299,188119
v0,Garr200112-r0,Garr200112,trajectory,B1,2,24.181603576238,0.60454008940595,optimal,1.759648663999542,29323,56299,188119
v0,Garr200112-r0,Garr200112,trajectory,B1,3,27.29150670746204,0.682287667686551,optimal,2.141676313000062,29323,56299,188119
v0,Garr200112-r0,Garr200112,trajectory,B1,4,26.49708216165317,0.6624270540413293,optimal,1.8064535500016063,29323,56299,188119
v0,Garr200112-r0,Garr200112,trajectory,B1,5,26.210578783059788,0.6552644695764946,optimal,1.7623674339993158,29323,56299,188119
v0,Garr200112-r0,Garr200112,trajectory,B1,6,26.487099694203195,0.6621774923550798,optimal,3.528493467998487,29323,56299,188119
v0,Garr200112-r0,Garr200112,trajectory,B1,7,26.881533188758766,0.6720383297189692,optimal,1.850356416998693,29323,56299,188119
v0,Garr200112-r0,Garr200112,trajectory,B1,8,25.791314947507008,0.6447828736876752,optimal,1.8535632390012324,29323,56299,188119
v0,Garr200112-r0,Garr200112,trajectory,B1,9,25.334720220825854,0.6333680055206463,optimal,1.7162551830006123,29323,56299,188119
v0,Garr200112-r0,Garr200112,trajectory,B1,10,27.209688947341846,0.6802422236835461,optimal,3.8083595460011566,29323,56299,188119
v0,Garr200112-r0,Garr200112,trajectory,B1,11,26.435522419743727,0.6608880604935932,optimal,3.653449195000576,29323,56299,188119
v0,Garr200112-r0,Garr200112,trajectory,B1,12,24.95142630112806,0.6237856575282015,optimal,1.7663705659979314,29323,56299,188119
v0,Garr200112-r0,Garr200112,trajectory,B1,13,24.623196633692842,0.6155799158423211,optimal,1.6287407299969345,29323,56299,188119
v0,Garr200112-r0,Garr200112,trajectory,B1,14,26.161842877870562,0.654046071946764,optimal,1.7622317150016897,29323,56299,188119
v0,Garr200112-r0,Garr200112,trajectory,B1,15,26.807635694165572,0.6701908923541393,optimal,1.6662550850014668,29323,56299,188119
v0,Garr200112-r0,Garr200112,trajectory,B1,16,25.47054979747226,0.6367637449368064,optimal,1.64181407200158,29323,56299,188119
v0,Garr200112-r0,Garr200112,trajectory,B1,17,26.933622022299826,0.6733405505574956,optimal,1.7516347999990103,29323,56299,188119
v0,Garr200112-r0,Garr200112,trajectory,B1,18,26.42021759877361,0.6605054399693403,optimal,1.6903771129982488,29323,56299,188119
v0,Garr200112-r0,Garr200112,trajectory,B1,19,25.25237506357547,0.6313093765893868,optimal,1.6684474989997398,29323,56299,188119
v0,Garr200112-r0,Garr200112,trajectory,B1,20,25.424673455630124,0.6356168363907531,optimal,3.8481240709988924,29323,56299,188119
v0,Garr200112-r0,Garr200112,trajectory,B1,21,26.668053331039438,0.6667013332759859,optimal,1.7110397060023388,29323,56299,188119
v0,Garr200112-r0,Garr200112,trajectory,B1,22,25.16459694299094,0.6291149235747735,optimal,1.7212916979988222,29323,56299,188119
v0,Garr200112-r0,Garr200112,trajectory,B1,23,25.464175405086888,0.6366043851271722,optimal,3.5342905549987336,29323,56299,188119
v0,Garr200112-r0,Garr200112,trajectory,B1,24,24.949861742287993,0.6237465435571998,optimal,1.7040916650003055,29323,56299,188119
v0,Garr200112-r0,Garr200112,trajectory,B1,25,26.163209874610562,0.654080246865264,optimal,1.6798794259993883,29323,56299,188119
v0,Garr200112-r0,Garr200112,trajectory,B1,26,27.548066472048955,0.6887016618012238,optimal,3.614726135001547,29323,56299,188119
v0,Garr200112-r0,Garr200112,trajectory,B1,27,25.825162656524004,0.6456290664131001,optimal,1.611145573999238,29323,56299,188119
v0,Garr200112-r0,Garr200112,trajectory,B1,28,26.950504394569588,0.6737626098642397,optimal,1.7402672660027747,29323,56299,188119
v0,Garr200112-r0,Garr200112,trajectory,B1,29,25.99852959233206,0.6499632398083015,optimal,1.7701162590019521,29323,56299,188119
v0,Garr200112-r1,Garr200112,ground_only,,0,19.51943169149348,0.487985792287337,optimal,0.3137438900012057,7891,17754,48770
v0,Garr200112-r1,Garr200112,ground_only,,1,19.51943169149348,0.487985792287337,optimal,0.33452786799898604,7891,17754,48770
v0,Garr200112-r1,Garr200112,ground_only,,2,19.51943169149348,0.487985792287337,optimal,0.3281115839999984,7891,17754,48770
v0,Garr200112-r1,Garr200112,ground_only,,3,19.51943169149348,0.487985792287337,optimal,0.3351875350017508,7891,17754,48770
v0,Garr200112-r1,Garr200112,ground_only,,4,19.51943169149348,0.487985792287337,optimal,0.38192486300249584,7891,17754,48770
v0,Garr200112-r1,Garr200112,ground_only,,5,19.51943169149348,0.487985792287337,optimal,0.33574155699898256,7891,17754,48770
v0,Garr200112-r1,Garr200112,ground_only,,6,19.51943169149348,0.487985792287337,optimal,0.32703781300006085,7891,17754,48770
v0,Garr200112-r1,Garr200112,ground_only,,7,19.51943169149348,0.487985792287337,optimal,0.33238752399847726,7891,17754,48770
v0,Garr200112-r1,Garr200112,ground_only,,8,19.51943169149348,0.487985792287337,optimal,0.5291575759983971,7891,17754,48770
v0,Garr200112-r1,Garr200112,ground_only,,9,19.51943169149348,0.487985792287337,optimal,0.41432411300047534,7891,17754,48770
v0,Garr200112-r1,Garr200112,ground_only,,10,19.51943169149348,0.487985792287337,optimal,0.35458489899974666,7891,17754,48770
v0,Garr200112-r1,Garr200112,ground_only,,11,19.51943169149348,0.487985792287337,optimal,0.3571701880027831,7891,17754,48770
v0,Garr200112-r1,Garr200112,ground_only,,12,19.51943169149348,0.487985792287337,optimal,0.34706714899948565,7891,17754,48770
v0,Garr200112-r1,Garr200112,ground_only,,13,19.51943169149348,0.487985792287337,optimal,0.37260669299939764,7891,17754,48770
v0,Garr200112-r1,Garr200112,ground_only,,14,19.51943169149348,0.487985792287337,optimal,0.5105441739979142,7891,17754,48770
v0,Garr200112-r1,Garr200112,ground_only,,15,19.51943169149348,0.487985792287337,optimal,0.36588162800035207,7891,17754,48770
v0,Garr200112-r1,Garr200112,ground_only,,16,19.51943169149348,0.487985792287337,optimal,0.4263913009999669,7891,17754,48770
v0,Garr200112-r1,Garr200112,ground_only,,17,19.51943169149348,0.487985792287337,optimal,0.41982723199907923,7891,17754,48770
v0,Garr200112-r1,Garr200112,ground_only,,18,19.51943169149348,0.487985792287337,optimal,0.3543970120008453,7891,17754,48770
v0,Garr200112-r1,Garr200112,ground_only,,19,19.51943169149348,0.487985792287337,optimal,0.34832148699933896,7891,17754,48770
v0,Garr200112-r1,Garr200112,ground_only,,20,19.51943169149348,0.487985792287337,optimal,0.34693794999839156,7891,17754,48770
v0,Garr200112-r1,Garr200112,ground_only,,21,19.51943169149348,0.487985792287337,optimal,0.337587274996622,7891,17754,48770
v0,Garr200112-r1,Garr200112,ground_only,,22,19.51943169149348,0.487985792287337,optimal,0.385487744002603,7891,17754,48770
v0,Garr200112-r1,Garr200112,ground_only,,23,19.51943169149348,0.487985792287337,optimal,0.38499519400284044,7891,17754,48770
v0,Garr200112-r1,Garr200112,ground_only,,24,19.51943169149348,0.487985792287337,optimal,0.6979798969987314,7891,17754,48770
v0,Garr200112-r1,Garr200112,ground_only,,25,19.51943169149348,0.487985792287337,optimal,0.3357865190009761,7891,17754,48770
v0,Garr200112-r1,Garr200112,ground_only,,26,19.51943169149348,0.487985792287337,optimal,0.6983290920034051,7891,17754,48770
v0,Garr200112-r1,Garr200112,ground_only,,27,19.51943169149348,0.487985792287337,optimal,0.3330736600000819,7891,17754,48770
v0,Garr200112-r1,Garr200112,ground_only,,28,19.51943169149348,0.487985792287337,optimal,0.36841742300020996,7891,17754,48770
v0,Garr200112-r1,Garr200112,ground_only,,29,19.51943169149348,0.487985792287337,optimal,0.3318752270024561,7891,17754,48770
v0,Garr200112-r1,Garr200112,trajectory,B1,0,25.79657240366178,0.6449143100915445,optimal,1.8923614490013279,29492,55968,190080
v0,Garr200112-r1,Garr200112,trajectory,B1,1,31.894837681034986,0.7973709420258747,optimal,2.1374916700005997,29492,55968,190080
v0,Garr200112-r1,Garr200112,trajectory,B1,2,30.354311816281015,0.7588577954070254,optimal,2.0903299629972025,29492,55968,190080
v0,Garr200112-r1,Garr200112,trajectory,B1,3,30.203460032097837,0.7550865008024459,optimal,2.022585586000787,29492,55968,190080
v0,Garr200112-r1,Garr200112,trajectory,B1,4,31.290215830496432,0.7822553957624108,optimal,2.1080336530030763,29492,55968,190080
v0,Garr200112-r1,Garr200112,trajectory,B1,5,31.27001171491189,0.7817502928727973,optimal,2.1067636200023117,29492,55968,190080
v0,Garr200112-r1,Garr200112,trajectory,B1,6,31.45008750704893,0.7862521876762233,optimal,2.0338755220000166,29492,55968,190080
v0,Garr200112-r1,Garr200112,trajectory,B1,7,29.76867135875281,0.7442167839688202,optimal,2.09837433100256,29492,55968,190080
v0,Garr200112-r1,Garr200112,trajectory,B1,8,31.00373850845854,0.7750934627114635,optimal,4.704757257000892,29492,55968,190080
v0,Garr200112-r1,Garr200112,trajectory,B1,9,31.14412319180183,0.7786030797950458,optimal,4.60836422599823,29492,55968,190080
v0,Garr200112-r1,Garr200112,trajectory,B1,10,30.364871243129766,0.7591217810782441,optimal,4.347440896999615,29492,55968,190080
v0,Garr200112-r1,Garr200112,trajectory,B1,11,31.738896589656523,0.7934724147414131,optimal,4.178821797999262,29492,55968,190080
v0,Garr200112-r1,Garr200112,trajectory,B1,12,30.089038499610638,0.752225962490266,optimal,2.130103568000777,29492,55968,190080
v0,Garr200112-r1,Garr200112,trajectory,B1,13,30.439404316445085,0.7609851079111272,optimal,1.9776690020007663,29492,55968,190080
v0,Garr200112-r1,Garr200112,trajectory,B1,14,29.77366668928308,0.744341667232077,optimal,2.013894193998567,29492,55968,190080
v0,Garr200112-r1,Garr200112,trajectory,B1,15,30.179414777820586,0.7544853694455147,optimal,2.129602207998687,29492,55968,190080
v0,Garr200112-r1,Garr200112,trajectory,B1,16,31.0946777367455,0.7773669434186374,optimal,2.121983567998541,29492,55968,190080
v0,Garr200112-r1,Garr200112,trajectory,B1,17,31.63793121932158,0.7909482804830394,optimal,2.2550837579983636,29492,55968,190080
v0,Garr200112-r1,Garr200112,trajectory,B1,18,30.62879383656942,0.7657198459142356,optimal,2.1667754180016345,29492,55968,190080
v0,Garr200112-r1,Garr200112,trajectory,B1,19,27.72515587714397,0.6931288969285992,optimal,2.0937914379974245,29492,55968,190080
v0,Garr200112-r1,Garr200112,trajectory,B1,20,30.030966102662987,0.7507741525665746,optimal,2.057214706997911,29492,55968,190080
v0,Garr200112-r1,Garr200112,trajectory,B1,21,30.058282962048544,0.7514570740512136,optimal,2.1565615450017503,29492,55968,190080
v0,Garr200112-r1,Garr200112,trajectory,B1,22,30.98358204384173,0.7745895510960432,optimal,4.541729281998414,29492,55968,190080
v0,Garr200112-r1,Garr200112,trajectory,B1,23,30.99933859072534,0.7749834647681335,optimal,2.254970726000465,29492,55968,190080
v0,Garr200112-r1,Garr200112,trajectory,B1,24,30.730194875256032,0.7682548718814008,optimal,2.1123695530004625,29492,55968,190080
v0,Garr200112-r1,Garr200112,trajectory,B1,25,29.7893434098081,0.7447335852452025,optimal,2.042299181000999,29492,55968,190080
v0,Garr200112-r1,Garr200112,trajectory,B1,26,29.946976940957413,0.7486744235239353,optimal,2.0738032369990833,29492,55968,190080
v0,Garr200112-r1,Garr200112,trajectory,B1,27,30.629780520779196,0.7657445130194799,optimal,2.111547425000026,29492,55968,190080
v0,Garr200112-r1,Garr200112,trajectory,B1,28,31.79514548492504,0.794878637123126,optimal,4.6550789150023775,29492,55968,190080
v0,Garr200112-r1,Garr200112,trajectory,B1,29,29.457742670529786,0.7364435667632446,optimal,2.270646000000852,29492,55968,190080
v0,Garr200112-r2,Garr200112,ground_only,,0,33.0252640902562,0.825631602256405,optimal,0.614077237998572,11767,24614,70458
v0,Garr200112-r2,Garr200112,ground_only,,1,33.0252640902562,0.825631602256405,optimal,0.5945384359984018,11767,24614,70458
v0,Garr200112-r2,Garr200112,ground_only,,2,33.0252640902562,0.825631602256405,optimal,0.5739256979977654,11767,24614,70458
v0,Garr200112-r2,Garr200112,ground_only,,3,33.0252640902562,0.825631602256405,optimal,0.588467296998715,11767,24614,70458
v0,Garr200112-r2,Garr200112,ground_only,,4,33.0252640902562,0.825631602256405,optimal,0.5911387859996466,11767,24614,70458
v0,Garr200112-r2,Garr200112,ground_only,,5,33.0252640902562,0.825631602256405,optimal,0.5818963929996244,11767,24614,70458
v0,Garr200112-r2,Garr200112,ground_only,,6,33.0252640902562,0.825631602256405,optimal,0.5907317679993866,11767,24614,70458
v0,Garr200112-r2,Garr200112,ground_only,,7,33.0252640902562,0.825631602256405,optimal,0.5863185199996224,11767,24614,70458
v0,Garr200112-r2,Garr200112,ground_only,,8,33.0252640902562,0.825631602256405,optimal,0.5903446800002712,11767,24614,70458
v0,Garr200112-r2,Garr200112,ground_only,,9,33.0252640902562,0.825631602256405,optimal,0.5967788819980342,11767,24614,70458
v0,Garr200112-r2,Garr200112,ground_only,,10,33.0252640902562,0.825631602256405,optimal,0.6810532630006492,11767,24614,70458
v0,Garr200112-r2,Garr200112,ground_only,,11,33.0252640902562,0.825631602256405,optimal,0.5939573180003208,11767,24614,70458
v0,Garr200112-r2,Garr200112,ground_only,,12,33.0252640902562,0.825631602256405,optimal,0.5933280380013457,11767,24614,70458
v0,Garr200112-r2,Garr200112,ground_only,,13,33.0252640902562,0.825631602256405,optimal,0.5960726779994729,11767,24614,70458
v0,Garr200112-r2,Garr200112,ground_only,,14,33.0252640902562,0.825631602256405,optimal,0.5966382279984828,11767,24614,70458
v0,Garr200112-r2,Garr200112,ground_only,,15,33.0252640902562,0.825631602256405,optimal,0.592575170998316,11767,24614,70458
v0,Garr200112-r2,Garr200112,ground_only,,16,33.0252640902562,0.825631602256405,optimal,1.2686919670013594,11767,24614,70458
v0,Garr200112-r2,Garr200112,ground_only,,17,33.0252640902562,0.825631602256405,optimal,1.311896703002276,11767,24614,70458
v0,Garr200112-r2,Garr200112,ground_only,,18,33.0252640902562,0.825631602256405,optimal,0.5942990430012287,11767,24614,70458
v0,Garr200112-r2,Garr200112,ground_only,,19,33.0252640902562,0.825631602256405,optimal,0.5745255900001212,11767,24614,70458
v0,Garr200112-r2,Garr200112,ground_only,,20,33.0252640902562,0.825631602256405,optimal,0.5717827569969813,11767,24614,70458
v0,Garr200112-r2,Garr200112,ground_only,,21,33.0252640902562,0.825631602256405,optimal,0.6008245490011177,11767,24614,70458
v0,Garr200112-r2,Garr200112,ground_only,,22,33.0252640902562,0.825631602256405,optimal,0.5945191879982303,11767,24614,70458
v0,Garr200112-r2,Garr200112,ground_only,,23,33.0252640902562,0.825631602256405,optimal,0.5857975620019715,11767,24614,70458
v0,Garr200112-r2,Garr200112,ground_only,,24,33.0252640902562,0.825631602256405,optimal,0.5806981189998623,11767,24614,70458
v0,Garr200112-r2,Garr200112,ground_only,,25,33.0252640902562,0.825631602256405,optimal,0.5842137729996466,11767,24614,70458
v0,Garr200112-r2,Garr200112,ground_only,,26,33.0252640902562,0.825631602256405,optimal,0.5825411309997435,11767,24614,70458
v0,Garr200112-r2,Garr200112,ground_only,,27,33.0252640902562,0.825631602256405,optimal,0.5859633940017375,11767,24614,70458
v0,Garr200112-r2,Garr200112,ground_only,,28,33.0252640902562,0.825631602256405,optimal,0.579455737999524,11767,24614,70458
v0,Garr200112-r2,Garr200112,ground_only,,29,33.0252640902562,0.825631602256405,optimal,0.6039106259995606,11767,24614,70458
v0,Garr200112-r2,Garr200112,trajectory,B1,0,35.13818584874842,0.8784546462187105,optimal,2.280927853000321,31112,61287,200394
v0,Garr200112-r2,Garr200112,trajectory,B1,1,35.74640163214284,0.8936600408035711,optimal,2.3665707600011956,31112,61287,200394
v0,Garr200112-r2,Garr200112,trajectory,B1,2,35.20919024567759,0.8802297561419398,optimal,2.183933189997333,31112,61287,200394
v0,Garr200112-r2,Garr200112,trajectory,B1,3,34.831032951344426,0.8707758237836106,optimal,4.888128470000083,31112,61287,200394
v0,Garr200112-r2,Garr200112,trajectory,B1,4,35.56510429179958,0.8891276072949894,optimal,2.349260866001714,31112,61287,200394
v0,Garr200112-r2,Garr200112,trajectory,B1,5,34.94838799526072,0.8737096998815179,optimal,2.3412630620005075,31112,61287,200394
v0,Garr200112-r2,Garr200112,trajectory,B1,6,35.286894480497054,0.8821723620124263,optimal,4.739122426999529,31112,61287,200394
v0,Garr200112-r2,Garr200112,trajectory,B1,7,35.67413930171054,0.8918534825427635,optimal,3.1587647189990093,31112,61287,200394
v0,Garr200112-r2,Garr200112,trajectory,B1,8,35.08094053199985,0.8770235132999963,optimal,2.4177933399987523,31112,61287,200394
v0,Garr200112-r2,Garr200112,trajectory,B1,9,35.900785503567576,0.8975196375891894,optimal,5.104408499999408,31112,61287,200394
v0,Garr200112-r2,Garr200112,trajectory,B1,10,35.49721446097782,0.8874303615244455,optimal,2.8811193859983177,31112,61287,200394
v0,Garr200112-r2,Garr200112,trajectory,B1,11,35.31447744343398,0.8828619360858495,optimal,2.1805682080012048,31112,61287,200394
v0,Garr200112-r2,Garr200112,trajectory,B1,12,35.49429598200813,0.8873573995502033,optimal,2.245252142998652,31112,61287,200394
v0,Garr200112-r2,Garr200112,trajectory,B1,13,35.506340483012444,0.8876585120753111,optimal,2.3269280120002804,31112,61287,200394
v0,Garr200112-r2,Garr200112,trajectory,B1,14,35.39560417881964,0.884890104470491,optimal,2.25020688999939,31112,61287,200394
v0,Garr200112-r2,Garr200112,trajectory,B1,15,35.81735453511763,0.8954338633779407,optimal,2.187951345997135,31112,61287,200394
v0,Garr200112-r2,Garr200112,trajectory,B1,16,35.187466916705496,0.8796866729176374,optimal,2.1456573410032433,31112,61287,200394
v0,Garr200112-r2,Garr200112,trajectory,B1,17,35.31720886141146,0.8829302215352864,optimal,2.059540062000451,31112,61287,200394
v0,Garr200112-r2,Garr200112,trajectory,B1,18,34.732047004800464,0.8683011751200116,optimal,4.562519438000891,31112,61287,200394
v0,Garr200112-r2,Garr200112,trajectory,B1,19,35.8944539289635,0.8973613482240875,optimal,2.077904674999445,31112,61287,200394
v0,Garr200112-r2,Garr200112,trajectory,B1,20,35.60181757869384,0.890045439467346,optimal,1.997615364001831,31112,61287,200394
v0,Garr200112-r2,Garr200112,trajectory,B1,21,34.72457486102956,0.868114371525739,optimal,2.3354760220026947,31112,61287,200394
v0,Garr200112-r2,Garr200112,trajectory,B1,22,34.56790323606434,0.8641975809016085,optimal,2.1134551920004014,31112,61287,200394
v0,Garr200112-r2,Garr200112,trajectory,B1,23,35.6129578551824,0.89032394637956,optimal,2.0556230030015286,31112,61287,200394
v0,Garr200112-r2,Garr200112,trajectory,B1,24,34.89776830034975,0.8724442075087439,optimal,1.9993691009985923,31112,61287,200394
v0,Garr200112-r2,Garr200112,trajectory,B1,25,35.78918264854405,0.8947295662136012,optimal,2.047807531002036,31112,61287,200394
v0,Garr200112-r2,Garr200112,trajectory,B1,26,35.411048390191816,0.8852762097547954,optimal,1.9481266549992142,31112,61287,200394
v0,Garr200112-r2,Garr200112,trajectory,B1,27,35.57506626202353,0.8893766565505883,optimal,4.5753533670031175,31112,61287,200394
v0,Garr200112-r2,Garr200112,trajectory,B1,28,35.2469648730344,0.88117412182586,optimal,3.985153358997195,31112,61287,200394
v0,Garr200112-r2,Garr200112,trajectory,B1,29,35.365371250714475,0.8841342812678619,optimal,4.4021410290006315,31112,61287,200394
v0,Garr200404-r0,Garr200404,ground_only,,0,20.963670468246562,0.524091761706164,optimal,0.2522055370027374,6734,15699,42147
v0,Garr200404-r0,Garr200404,ground_only,,1,20.963670468246562,0.524091761706164,optimal,0.2611486879977747,6734,15699,42147
v0,Garr200404-r0,Garr200404,ground_only,,2,20.963670468246562,0.524091761706164,optimal,0.2588432369993825,6734,15699,42147
v0,Garr200404-r0,Garr200404,ground_only,,3,20.963670468246562,0.524091761706164,optimal,0.25494173200058867,6734,15699,42147
v0,Garr200404-r0,Garr200404,ground_only,,4,20.963670468246562,0.524091761706164,optimal,0.2519812009995803,6734,15699,42147
v0,Garr200404-r0,Garr200404,ground_only,,5,20.963670468246562,0.524091761706164,optimal,0.2538163280005392,6734,15699,42147
v0,Garr200404-r0,Garr200404,ground_only,,6,20.963670468246562,0.524091761706164,optimal,0.25326985200081253,6734,15699,42147
v0,Garr200404-r0,Garr200404,ground_only,,7,20.963670468246562,0.524091761706164,optimal,0.2479362839985697,6734,15699,42147
v0,Garr200404-r0,Garr200404,ground_only,,8,20.963670468246562,0.524091761706164,optimal,0.25028241900145076,6734,15699,42147
v0,Garr200404-r0,Garr200404,ground_only,,9,20.963670468246562,0.524091761706164,optimal,0.2544707829983963,6734,15699,42147
v0,Garr200404-r0,Garr200404,ground_only,,10,20.963670468246562,0.524091761706164,optimal,0.25508679899940034,6734,15699,42147
v0,Garr200404-r0,Garr200404,ground_only,,11,20.963670468246562,0.524091761706164,optimal,0.25021836000087205,6734,15699,42147
v0,Garr200404-r0,Garr200404,ground_only,,12,20.963670468246562,0.524091761706164,optimal,0.2536856280021311,6734,15699,42147
v0,Garr200404-r0,Garr200404,ground_only,,13,20.963670468246562,0.524091761706164,optimal,0.25608946100328467,6734,15699,42147
v0,Garr200404-r0,Garr200404,ground_only,,14,20.963670468246562,0.524091761706164,optimal,0.26951631600240944,6734,15699,42147
v0,Garr200404-r0,Garr200404,ground_only,,15,20.963670468246562,0.524091761706164,optimal,0.2519281499990029,6734,15699,42147
v0,Garr200404-r0,Garr200404,ground_only,,16,20.963670468246562,0.524091761706164,optimal,0.250309932998789,6734,15699,42147
v0,Garr200404-r0,Garr200404,ground_only,,17,20.963670468246562,0.524091761706164,optimal,0.263524754998798,6734,15699,42147
v0,Garr200404-r0,Garr200404,ground_only,,18,20.963670468246562,0.524091761706164,optimal,0.2545535760000348,6734,15699,42147
v0,Garr200404-r0,Garr200404,ground_only,,19,20.963670468246562,0.524091761706164,optimal,0.27484426500086556,6734,15699,42147
v0,Garr200404-r0,Garr200404,ground_only,,20,20.963670468246562,0.524091761706164,optimal,0.25523183600307675,6734,15699,42147
v0,Garr200404-r0,Garr200404,ground_only,,21,20.963670468246562,0.524091761706164,optimal,0.2526920179989247,6734,15699,42147
v0,Garr200404-r0,Garr200404,ground_only,,22,20.963670468246562,0.524091761706164,optimal,0.2568457179986581,6734,15699,42147
v0,Garr200404-r0,Garr200404,ground_only,,23,20.963670468246562,0.524091761706164,optimal,0.24627695500021218,6734,15699,42147
v0,Garr200404-r0,Garr200404,ground_only,,24,20.963670468246562,0.524091761706164,optimal,0.2477656159971957,6734,15699,42147
v0,Garr200404-r0,Garr200404,ground_only,,25,20.963670468246562,0.524091761706164,optimal,0.26086531699911575,6734,15699,42147
v0,Garr200404-r0,Garr200404,ground_only,,26,20.963670468246562,0.524091761706164,optimal,0.25139196700183675,6734,15699,42147
v0,Garr200404-r0,Garr200404,ground_only,,27,20.963670468246562,0.524091761706164,optimal,0.25499846700040507,6734,15699,42147
v0,Garr200404-r0,Garr200404,ground_only,,28,20.963670468246562,0.524091761706164,optimal,0.24664007400133414,6734,15699,42147
v0,Garr200404-r0,Garr200404,ground_only,,29,20.963670468246562,0.524091761706164,optimal,0.2529729070010944,6734,15699,42147
v0,Garr200404-r0,Garr200404,trajectory,B1,0,30.491502462178364,0.7622875615544591,optimal,1.5867841170002066,30153,58952,198035
v0,Garr200404-r0,Garr200404,trajectory,B1,1,29.33607305605347,0.7334018264013367,optimal,1.7147684359988489,30153,58952,198035
v0,Garr200404-r0,Garr200404,trajectory,B1,2,30.75840147681237,0.7689600369203092,optimal,1.758876739997504,30153,58952,198035
v0,Garr200404-r0,Garr200404,trajectory,B1,3,28.973967522969332,0.7243491880742333,optimal,1.7406903720002447,30153,58952,198035
v0,Garr200404-r0,Garr200404,trajectory,B1,4,29.152677188882258,0.7288169297220565,optimal,1.6662694819970056,30153,58952,198035
v0,Garr200404-r0,Garr200404,trajectory,B1,5,29.898611402999816,0.7474652850749954,optimal,1.6781014309999591,30153,58952,198035
v0,Garr200404-r0,Garr200404,trajectory,B1,6,30.66895007804804,0.766723751951201,optimal,1.7414336420006293,30153,58952,198035
v0,Garr200404-r0,Garr200404,trajectory,B1,7,30.381642473919918,0.759541061847998,optimal,1.6493516039990936,30153,58952,198035
v0,Garr200404-r0,Garr200404,trajectory,B1,8,30.67103998533605,0.7667759996334013,optimal,3.0205983619998733,30153,58952,198035
v0,Garr200404-r0,Garr200404,trajectory,B1,9,30.561280631414423,0.7640320157853606,optimal,3.1367200120002963,30153,58952,198035
v0,Garr200404-r0,Garr200404,trajectory,B1,10,29.485300162851853,0.7371325040712964,optimal,1.6325595620000968,30153,58952,198035
v0,Garr200404-r0,Garr200404,trajectory,B1,11,30.72044459316137,0.7680111148290343,optimal,1.762678524999501,30153,58952,198035
v0,Garr200404-r0,Garr200404,trajectory,B1,12,29.732970505184827,0.7433242626296207,optimal,1.847794540997711,30153,58952,198035
v0,Garr200404-r0,Garr200404,trajectory,B1,13,30.647924783939924,0.7661981195984982,optimal,1.6249412649995065,30153,58952,198035
v0,Garr200404-r0,Garr200404,trajectory,B1,14,30.7479084967756,0.76869771241939,optimal,1.7829544189989974,30153,58952,198035
v0,Garr200404-r0,Garr200404,trajectory,B1,15,29.170128479893073,0.7292532119973268,optimal,1.5786980019984185,30153,58952,198035
v0,Garr200404-r0,Garr200404,trajectory,B1,16,30.73019161406901,0.7682547903517253,optimal,1.6231069870009378,30153,58952,198035
v0,Garr200404-r0,Garr200404,trajectory,B1,17,30.874705962998743,0.7718676490749685,optimal,1.6742055020004045,30153,58952,198035
v0,Garr200404-r0,Garr200404,trajectory,B1,18,30.152934684316428,0.7538233671079106,optimal,3.2846597770003427,30153,58952,198035
v0,Garr200404-r0,Garr200404,trajectory,B1,19,31.062639674019387,0.7765659918504847,optimal,2.6690841630006616,30153,58952,198035
v0,Garr200404-r0,Garr200404,trajectory,B1,20,29.7523835221663,0.7438095880541575,optimal,2.843000470998959,30153,58952,198035
v0,Garr200404-r0,Garr200404,trajectory,B1,21,30.48876732803827,0.7622191832009568,optimal,1.8794097350000811,30153,58952,198035
v0,Garr200404-r0,Garr200404,trajectory,B1,22,31.00314308411946,0.7750785771029866,optimal,2.744201775996771,30153,58952,198035
v0,Garr200404-r0,Garr200404,trajectory,B1,23,29.70232819781627,0.7425582049454068,optimal,1.6771907170004852,30153,58952,198035
v0,Garr200404-r0,Garr200404,trajectory,B1,24,29.672955131311415,0.7418238782827854,optimal,1.7250258659987594,30153,58952,198035
v0,Garr200404-r0,Garr200404,trajectory,B1,25,30.333438119313293,0.7583359529828323,optimal,1.8084672910008521,30153,58952,198035
v0,Garr200404-r0,Garr200404,trajectory,B1,26,30.53954139524278,0.7634885348810695,optimal,2.1180797579982027,30153,58952,198035
v0,Garr200404-r0,Garr200404,trajectory,B1,27,30.004458995730197,0.7501114748932549,optimal,3.0343999710021308,30153,58952,198035
v0,Garr200404-r0,Garr200404,trajectory,B1,28,30.405572172082522,0.760139304302063,optimal,1.6057333049975568,30153,58952,198035
v0,Garr200404-r0,Garr200404,trajectory,B1,29,31.094857895271723,0.7773714473817931,optimal,2.1395192139971186,30153,58952,198035
v0,Garr200404-r1,Garr200404,ground_only,,0,22.912057522898557,0.572801438072464,optimal,0.3057614270001068,7801,15523,43763
v0,Garr200404-r1,Garr200404,ground_only,,1,22.912057522898557,0.572801438072464,optimal,0.3189222750006593,7801,15523,43763
v0,Garr200404-r1,Garr200404,ground_only,,2,22.912057522898557,0.572801438072464,optimal,0.4451993170005153,7801,15523,43763
v0,Garr200404-r1,Garr200404,ground_only,,3,22.912057522898557,0.572801438072464,optimal,0.3098263230021985,7801,15523,43763
v0,Garr200404-r1,Garr200404,ground_only,,4,22.912057522898557,0.572801438072464,optimal,0.3151551749979262,7801,15523,43763
v0,Garr200404-r1,Garr200404,ground_only,,5,22.912057522898557,0.572801438072464,optimal,0.3074836090017925,7801,15523,43763
v0,Garr200404-r1,Garr200404,ground_only,,6,22.912057522898557,0.572801438072464,optimal,0.3046481210003549,7801,15523,43763
v0,Garr200404-r1,Garr200404,ground_only,,7,22.912057522898557,0.572801438072464,optimal,0.4120567470017704,7801,15523,43763
v0,Garr200404-r1,Garr200404,ground_only,,8,22.912057522898557,0.572801438072464,optimal,0.3021436220005853,7801,15523,43763
v0,Garr200404-r1,Garr200404,ground_only,,9,22.912057522898557,0.572801438072464,optimal,0.2978564099976211,7801,15523,43763
v0,Garr200404-r1,Garr200404,ground_only,,10,22.912057522898557,0.572801438072464,optimal,0.3318010850016435,7801,15523,43763
v0,Garr200404-r1,Garr200404,ground_only,,11,22.912057522898557,0.572801438072464,optimal,0.7037723299981735,7801,15523,43763
v0,Garr200404-r1,Garr200404,ground_only,,12,22.912057522898557,0.572801438072464,optimal,0.29480913400038844,7801,15523,43763
v0,Garr200404-r1,Garr200404,ground_only,,13,22.912057522898557,0.572801438072464,optimal,0.3004727359984827,7801,15523,43763
v0,Garr200404-r1,Garr200404,ground_only,,14,22.912057522898557,0.572801438072464,optimal,0.29323072400075034,7801,15523,43763
v0,Garr200404-r1,Garr200404,ground_only,,15,22.912057522898557,0.572801438072464,optimal,0.29252163199998904,7801,15523,43763
v0,Garr200404-r1,Garr200404,ground_only,,16,22.912057522898557,0.572801438072464,optimal,0.6181595449997985,7801,15523,43763
v0,Garr200404-r1,Garr200404,ground_only,,17,22.912057522898557,0.572801438072464,optimal,0.29243546900033834,7801,15523,43763
v0,Garr200404-r1,Garr200404,ground_only,,18,22.912057522898557,0.572801438072464,optimal,0.6480140230014513,7801,15523,43763
v0,Garr200404-r1,Garr200404,ground_only,,19,22.912057522898557,0.572801438072464,optimal,0.2950766579997435,7801,15523,43763
v0,Garr200404-r1,Garr200404,ground_only,,20,22.912057522898557,0.572801438072464,optimal,0.29372012500243727,7801,15523,43763
v0,Garr200404-r1,Garr200404,ground_only,,21,22.912057522898557,0.572801438072464,optimal,0.30135844299729797,7801,15523,43763
v0,Garr200404-r1,Garr200404,ground_only,,22,22.912057522898557,0.572801438072464,optimal,0.30167953499767464,7801,15523,43763
v0,Garr200404-r1,Garr200404,ground_only,,23,22.912057522898557,0.572801438072464,optimal,0.3008271229991806,7801,15523,43763
v0,Garr200404-r1,Garr200404,ground_only,,24,22.912057522898557,0.572801438072464,optimal,0.2959534040019207,7801,15523,43763
v0,Garr200404-r1,Garr200404,ground_only,,25,22.912057522898557,0.572801438072464,optimal,0.3029571009974461,7801,15523,43763
v0,Garr200404-r1,Garr200404,ground_only,,26,22.912057522898557,0.572801438072464,optimal,0.3098225809990254,7801,15523,43763
v0,Garr200404-r1,Garr200404,ground_only,,27,22.912057522898557,0.572801438072464,optimal,0.29328111199720297,7801,15523,43763
v0,Garr200404-r1,Garr200404,ground_only,,28,22.912057522898557,0.572801438072464,optimal,0.2957113379998191,7801,15523,43763
v0,Garr200404-r1,Garr200404,ground_only,,29,22.912057522898557,0.572801438072464,optimal,0.7128463500012003,7801,15523,43763
v0,Garr200404-r1,Garr200404,trajectory,B1,0,32.00484824390131,0.8001212060975327,optimal,1.8356113730005745,34899,61202,213554
v0,Garr200404-r1,Garr200404,trajectory,B1,1,32.592543985197544,0.8148135996299386,optimal,4.644768439000472,34899,61202,213554
v0,Garr200404-r1,Garr200404,trajectory,B1,2,32.04647715067001,0.8011619287667502,optimal,2.0240237660000275,34899,61202,213554
v0,Garr200404-r1,Garr200404,trajectory,B1,3,32.764725371607994,0.8191181342901999,optimal,2.0304145109985257,34899,61202,213554
v0,Garr200404-r1,Garr200404,trajectory,B1,4,31.80875024382705,0.7952187560956763,optimal,1.8542322409994085,34899,61202,213554
v0,Garr200404-r1,Garr200404,trajectory,B1,5,32.22149923176015,0.8055374807940037,optimal,4.422067398001673,34899,61202,213554
v0,Garr200404-r1,Garr200404,trajectory,B1,6,31.350683408042897,0.7837670852010724,optimal,1.8591623569991498,34899,61202,213554
v0,Garr200404-r1,Garr200404,trajectory,B1,7,31.109245901658262,0.7777311475414566,optimal,1.8135002319977502,34899,61202,213554
v0,Garr200404-r1,Garr200404,trajectory,B1,8,32.01137580065157,0.8002843950162892,optimal,4.754819009001949,34899,61202,213554
v0,Garr200404-r1,Garr200404,trajectory,B1,9,31.104390128731545,0.7776097532182886,optimal,1.8915456700015056,34899,61202,213554
v0,Garr200404-r1,Garr200404,trajectory,B1,10,31.578263214320327,0.7894565803580081,optimal,2.1397997210005997,34899,61202,213554
v0,Garr200404-r1,Garr200404,trajectory,B1,11,31.351113833785146,0.7837778458446286,optimal,4.250347482000507,34899,61202,213554
v0,Garr200404-r1,Garr200404,trajectory,B1,12,32.80049986158125,0.8200124965395312,optimal,2.1266751139992266,34899,61202,213554
v0,Garr200404-r1,Garr200404,trajectory,B1,13,32.16640476861081,0.8041601192152703,optimal,2.2153999429974647,34899,61202,213554
v0,Garr200404-r1,Garr200404,trajectory,B1,14,32.05957377520406,0.8014893443801014,optimal,2.0782947930019873,34899,61202,213554
v0,Garr200404-r1,Garr200404,trajectory,B1,15,31.97815586501095,0.7994538966252738,optimal,2.159969854001247,34899,61202,213554
v0,Garr200404-r1,Garr200404,trajectory,B1,16,31.88434652247058,0.7971086630617645,optimal,1.9548170110028877,34899,61202,213554
v0,Garr200404-r1,Garr200404,trajectory,B1,17,32.44092653778272,0.811023163444568,optimal,2.3119307790002495,34899,61202,213554
v0,Garr200404-r1,Garr200404,trajectory,B1,18,31.766915720983306,0.7941728930245826,optimal,2.1435980729984294,34899,61202,213554
v0,Garr200404-r1,Garr200404,trajectory,B1,19,32.01884099363043,0.8004710248407607,optimal,2.0680242290000024,34899,61202,213554
v0,Garr200404-r1,Garr200404,trajectory,B1,20,30.3718923989945,0.7592973099748626,optimal,1.9756562239999766,34899,61202,213554
v0,Garr200404-r1,Garr200404,trajectory,B1,21,32.23038502549966,0.8057596256374915,optimal,2.10738407199824,34899,61202,213554
v0,Garr200404-r1,Garr200404,trajectory,B1,22,32.71004280431957,0.8177510701079893,optimal,2.086036870001408,34899,61202,213554
v0,Garr200404-r1,Garr200404,trajectory,B1,23,32.176714682422556,0.804417867060564,optimal,1.825112889000593,34899,61202,213554
v0,Garr200404-r1,Garr200404,trajectory,B1,24,31.849424060965987,0.7962356015241496,optimal,2.002335140001378,34899,61202,213554
v0,Garr200404-r1,Garr200404,trajectory,B1,25,30.326430201231727,0.7581607550307932,optimal,1.921879388999514,34899,61202,213554
v0,Garr200404-r1,Garr200404,trajectory,B1,26,31.73962361040339,0.7934905902600848,optimal,2.0532078629985335,34899,61202,213554
v0,Garr200404-r1,Garr200404,trajectory,B1,27,31.555241487663512,0.7888810371915878,optimal,2.244736438999098,34899,61202,213554
v0,Garr200404-r1,Garr200404,trajectory,B1,28,33.20453058990129,0.8301132647475322,optimal,2.5182513929976267,34899,61202,213554
v0,Garr200404-r1,Garr200404,trajectory,B1,29,31.698452438335657,0.7924613109583915,optimal,3.779956022997794,34899,61202,213554
v0,Garr200404-r2,Garr200404,ground_only,,0,26.831165956732136,0.6707791489183034,optimal,0.8020615880013793,16308,30794,87651
v0,Garr200404-r2,Garr200404,ground_only,,1,26.831165956732136,0.6707791489183034,optimal,0.8134101559990086,16308,30794,87651
v0,Garr200404-r2,Garr200404,ground_only,,2,26.831165956732136,0.6707791489183034,optimal,0.7938197270013916,16308,30794,87651
v0,Garr200404-r2,Garr200404,ground_only,,3,26.831165956732136,0.6707791489183034,optimal,0.7980617659995914,16308,30794,87651
v0,Garr200404-r2,Garr200404,ground_only,,4,26.831165956732136,0.6707791489183034,optimal,0.7893431849988701,16308,30794,87651
v0,Garr200404-r2,Garr200404,ground_only,,5,26.831165956732136,0.6707791489183034,optimal,0.7945767189994513,16308,30794,87651
v0,Garr200404-r2,Garr200404,ground_only,,6,26.831165956732136,0.6707791489183034,optimal,0.8061058700004651,16308,30794,87651
v0,Garr200404-r2,Garr200404,ground_only,,7,26.831165956732136,0.6707791489183034,optimal,1.7643384250004601,16308,30794,87651
v0,Garr200404-r2,Garr200404,ground_only,,8,26.831165956732136,0.6707791489183034,optimal,1.3276175780010817,16308,30794,87651
v0,Garr200404-r2,Garr200404,ground_only,,9,26.831165956732136,0.6707791489183034,optimal,1.6958754570005112,16308,30794,87651
v0,Garr200404-r2,Garr200404,ground_only,,10,26.831165956732136,0.6707791489183034,optimal,0.8199680999969132,16308,30794,87651
v0,Garr200404-r2,Garr200404,ground_only,,11,26.831165956732136,0.6707791489183034,optimal,0.7702220430001034,16308,30794,87651
v0,Garr200404-r2,Garr200404,ground_only,,12,26.831165956732136,0.6707791489183034,optimal,0.7979005809975206,16308,30794,87651
v0,Garr200404-r2,Garr200404,ground_only,,13,26.831165956732136,0.6707791489183034,optimal,1.0596842000013567,16308,30794,87651
v0,Garr200404-r2,Garr200404,ground_only,,14,26.831165956732136,0.6707791489183034,optimal,1.0575637340007233,16308,30794,87651
v0,Garr200404-r2,Garr200404,ground_only,,15,26.831165956732136,0.6707791489183034,optimal,0.8220337969978573,16308,30794,87651
v0,Garr200404-r2,Garr200404,ground_only,,16,26.831165956732136,0.6707791489183034,optimal,0.9231708820007043,16308,30794,87651
v0,Garr200404-r2,Garr200404,ground_only,,17,26.831165956732136,0.6707791489183034,optimal,0.9022717239968188,16308,30794,87651
v0,Garr200404-r2,Garr200404,ground_only,,18,26.831165956732136,0.6707791489183034,optimal,0.8462205840005481,16308,30794,87651
v0,Garr200404-r2,Garr200404,ground_only,,19,26.831165956732136,0.6707791489183034,optimal,1.0257633199980773,16308,30794,87651
v0,Garr200404-r2,Garr200404,ground_only,,20,26.831165956732136,0.6707791489183034,optimal,1.0903360439988319,16308,30794,87651
v0,Garr200404-r2,Garr200404,ground_only,,21,26.831165956732136,0.6707791489183034,optimal,0.9548504859994864,16308,30794,87651
v0,Garr200404-r2,Garr200404,ground_only,,22,26.831165956732136,0.6707791489183034,optimal,0.8559205359997577,16308,30794,87651
v0,Garr200404-r2,Garr200404,ground_only,,23,26.831165956732136,0.6707791489183034,optimal,0.8880951200007985,16308,30794,87651
v0,Garr200404-r2,Garr200404,ground_only,,24,26.831165956732136,0.6707791489183034,optimal,0.8517670649998763,16308,30794,87651
v0,Garr200404-r2,Garr200404,ground_only,,25,26.831165956732136,0.6707791489183034,optimal,0.8429542170015338,16308,30794,87651
v0,Garr200404-r2,Garr200404,ground_only,,26,26.831165956732136,0.6707791489183034,optimal,0.8329445640010817,16308,30794,87651
v0,Garr200404-r2,Garr200404,ground_only,,27,26.831165956732136,0.6707791489183034,optimal,1.6273797579997336,16308,30794,87651
v0,Garr200404-r2,Garr200404,ground_only,,28,26.831165956732136,0.6707791489183034,optimal,0.7839899150021665,16308,30794,87651
v0,Garr200404-r2,Garr200404,ground_only,,29,26.831165956732136,0.6707791489183034,optimal,1.8778202249995957,16308,30794,87651
v0,Garr200404-r2,Garr200404,trajectory,B1,0,31.420518620461653,0.7855129655115414,optimal,6.4622881510003936,38907,70669,228716
v0,Garr200404-r2,Garr200404,trajectory,B1,1,31.109671324246218,0.7777417831061555,optimal,2.5566915739982505,38907,70669,228716
v0,Garr200404-r2,Garr200404,trajectory,B1,2,32.123549640849156,0.8030887410212288,optimal,2.5437907880004786,38907,70669,228716
v0,Garr200404-r2,Garr200404,trajectory,B1,3,34.199003026864965,0.8549750756716241,optimal,2.6161901480008964,38907,70669,228716
v0,Garr200404-r2,Garr200404,trajectory,B1,4,32.72983126332147,0.8182457815830368,optimal,5.295861182999943,38907,70669,228716
v0,Garr200404-r2,Garr200404,trajectory,B1,5,31.80729173131001,0.7951822932827503,optimal,2.956614949998766,38907,70669,228716
v0,Garr200404-r2,Garr200404,trajectory,B1,6,32.60568875300282,0.8151422188250705,optimal,2.668508581002243,38907,70669,228716
v0,Garr200404-r2,Garr200404,trajectory,B1,7,33.54311622958673,0.8385779057396683,optimal,2.866998101999343,38907,70669,228716
v0,Garr200404-r2,Garr200404,trajectory,B1,8,32.9390603728212,0.8234765093205301,optimal,3.2904728399989835,38907,70669,228716
v0,Garr200404-r2,Garr200404,trajectory,B1,9,33.08859316674941,0.8272148291687353,optimal,2.8859221120001166,38907,70669,228716
v0,Garr200404-r2,Garr200404,trajectory,B1,10,32.14591566663578,0.8036478916658945,optimal,5.521148899002583,38907,70669,228716
v0,Garr200404-r2,Garr200404,trajectory,B1,11,32.90699250936606,0.8226748127341516,optimal,5.771190249000938,38907,70669,228716
v0,Garr200404-r2,Garr200404,trajectory,B1,12,30.963337205279863,0.7740834301319965,optimal,2.6549445759992523,38907,70669,228716
v0,Garr200404-r2,Garr200404,trajectory,B1,13,32.30582383231349,0.8076455958078373,optimal,2.5139640960005636,38907,70669,228716
v0,Garr200404-r2,Garr200404,trajectory,B1,14,32.18370050355835,0.8045925125889587,optimal,2.9457540219991643,38907,70669,228716
v0,Garr200404-r2,Garr200404,trajectory,B1,15,32.31672452224223,0.8079181130560558,optimal,2.7330799019982805,38907,70669,228716
v0,Garr200404-r2,Garr200404,trajectory,B1,16,30.417685803523998,0.7604421450880999,optimal,2.9191161449998617,38907,70669,228716
v0,Garr200404-r2,Garr200404,trajectory,B1,17,32.545718956389116,0.813642973909728,optimal,3.0553784430012456,38907,70669,228716
v0,Garr200404-r2,Garr200404,trajectory,B1,18,31.55533237249912,0.788883309312478,optimal,2.5240758740001183,38907,70669,228716
v0,Garr200404-r2,Garr200404,trajectory,B1,19,32.18920909556192,0.804730227389048,optimal,2.5292008920005173,38907,70669,228716
v0,Garr200404-r2,Garr200404,trajectory,B1,20,31.872442494555642,0.7968110623638911,optimal,2.566896042000735,38907,70669,228716
v0,Garr200404-r2,Garr200404,trajectory,B1,21,32.29934468961194,0.8074836172402986,optimal,5.442475857998943,38907,70669,228716
v0,Garr200404-r2,Garr200404,trajectory,B1,22,31.948908005606604,0.7987227001401651,optimal,2.5287391599995317,38907,70669,228716
v0,Garr200404-r2,Garr200404,trajectory,B1,23,31.716251931542345,0.7929062982885586,optimal,2.559235019998596,38907,70669,228716
v0,Garr200404-r2,Garr200404,trajectory,B1,24,33.67972065293925,0.8419930163234813,optimal,2.6911256780003896,38907,70669,228716
v0,Garr200404-r2,Garr200404,trajectory,B1,25,32.899739552994404,0.8224934888248601,optimal,2.8764591880026273,38907,70669,228716
v0,Garr200404-r2,Garr200404,trajectory,B1,26,32.75209035040852,0.8188022587602131,optimal,2.8021443170000566,38907,70669,228716
v0,Garr200404-r2,Garr200404,trajectory,B1,27,31.420529579407326,0.7855132394851831,optimal,2.5986647120007547,38907,70669,228716
v0,Garr200404-r2,Garr200404,trajectory,B1,28,32.7321343352608,0.81830335838152,optimal,2.5768012839980656,38907,70669,228716
v0,Garr200404-r2,Garr200404,trajectory,B1,29,31.474692601045717,0.7868673150261429,optimal,5.626575325000886,38907,70669,228716
v0,Marwan-r0,Marwan,ground_only,,0,12.196840480969358,0.30492101202423394,optimal,0.20271421800134704,5491,10609,29203
v0,Marwan-r0,Marwan,ground_only,,1,12.196840480969358,0.30492101202423394,optimal,0.20177347200296936,5491,10609,29203
v0,Marwan-r0,Marwan,ground_only,,2,12.196840480969358,0.30492101202423394,optimal,0.20095438900170848,5491,10609,29203
v0,Marwan-r0,Marwan,ground_only,,3,12.196840480969358,0.30492101202423394,optimal,0.19904662399858353,5491,10609,29203
v0,Marwan-r0,Marwan,ground_only,,4,12.196840480969358,0.30492101202423394,optimal,0.22013922599944635,5491,10609,29203
v0,Marwan-r0,Marwan,ground_only,,5,12.196840480969358,0.30492101202423394,optimal,0.21231624400024884,5491,10609,29203
v0,Marwan-r0,Marwan,ground_only,,6,12.196840480969358,0.30492101202423394,optimal,0.20412968700111378,5491,10609,29203
v0,Marwan-r0,Marwan,ground_only,,7,12.196840480969358,0.30492101202423394,optimal,0.19068031899951166,5491,10609,29203
v0,Marwan-r0,Marwan,ground_only,,8,12.196840480969358,0.30492101202423394,optimal,0.19649652500083903,5491,10609,29203
v0,Marwan-r0,Marwan,ground_only,,9,12.196840480969358,0.30492101202423394,optimal,0.20397989499906544,5491,10609,29203
v0,Marwan-r0,Marwan,ground_only,,10,12.196840480969358,0.30492101202423394,optimal,0.19666087999939919,5491,10609,29203
v0,Marwan-r0,Marwan,ground_only,,11,12.196840480969358,0.30492101202423394,optimal,0.19781096999940928,5491,10609,29203
v0,Marwan-r0,Marwan,ground_only,,12,12.196840480969358,0.30492101202423394,optimal,0.23623987999962992,5491,10609,29203
v0,Marwan-r0,Marwan,ground_only,,13,12.196840480969358,0.30492101202423394,optimal,0.408779074998165,5491,10609,29203
v0,Marwan-r0,Marwan,ground_only,,14,12.196840480969358,0.30492101202423394,optimal,0.20177422599954298,5491,10609,29203
v0,Marwan-r0,Marwan,ground_only,,15,12.196840480969358,0.30492101202423394,optimal,0.20009458200001973,5491,10609,29203
v0,Marwan-r0,Marwan,ground_only,,16,12.196840480969358,0.30492101202423394,optimal,0.19644456199966953,5491,10609,29203
v0,Marwan-r0,Marwan,ground_only,,17,12.196840480969358,0.30492101202423394,optimal,0.20201315599842928,5491,10609,29203
v0,Marwan-r0,Marwan,ground_only,,18,12.196840480969358,0.30492101202423394,optimal,0.3315102430024126,5491,10609,29203
v0,Marwan-r0,Marwan,ground_only,,19,12.196840480969358,0.30492101202423394,optimal,0.19066709300022922,5491,10609,29203
v0,Marwan-r0,Marwan,ground_only,,20,12.196840480969358,0.30492101202423394,optimal,0.20558656099819927,5491,10609,29203
v0,Marwan-r0,Marwan,ground_only,,21,12.196840480969358,0.30492101202423394,optimal,0.22434309600066626,5491,10609,29203
v0,Marwan-r0,Marwan,ground_only,,22,12.196840480969358,0.30492101202423394,optimal,0.1921129309994285,5491,10609,29203
v0,Marwan-r0,Marwan,ground_only,,23,12.196840480969358,0.30492101202423394,optimal,0.28904975099794683,5491,10609,29203
v0,Marwan-r0,Marwan,ground_only,,24,12.196840480969358,0.30492101202423394,optimal,0.1903481549998105,5491,10609,29203
v0,Marwan-r0,Marwan,ground_only,,25,12.196840480969358,0.30492101202423394,optimal,0.19988967099925503,5491,10609,29203
v0,Marwan-r0,Marwan,ground_only,,26,12.196840480969358,0.30492101202423394,optimal,0.22389627799930167,5491,10609,29203
v0,Marwan-r0,Marwan,ground_only,,27,12.196840480969358,0.30492101202423394,optimal,0.23113533400101005,5491,10609,29203
v0,Marwan-r0,Marwan,ground_only,,28,12.196840480969358,0.30492101202423394,optimal,0.2110550509969471,5491,10609,29203
v0,Marwan-r0,Marwan,ground_only,,29,12.196840480969358,0.30492101202423394,optimal,0.42740620499898796,5491,10609,29203
v0,Marwan-r0,Marwan,trajectory,B1,0,20.92666279103225,0.5231665697758062,optimal,3.361960596001154,41331,64555,238865
v0,Marwan-r0,Marwan,trajectory,B1,1,23.17340586824186,0.5793351467060466,optimal,5.355868990998715,41331,64555,238865
v0,Marwan-r0,Marwan,trajectory,B1,2,20.329779496607255,0.5082444874151814,optimal,2.9653370619998896,41331,64555,238865
v0,Marwan-r0,Marwan,trajectory,B1,3,20.813415649704535,0.5203353912426134,optimal,3.1298222900004475,41331,64555,238865
v0,Marwan-r0,Marwan,trajectory,B1,4,22.092733320889774,0.5523183330222443,optimal,3.0906248850005795,41331,64555,238865
v0,Marwan-r0,Marwan,trajectory,B1,5,21.8167289615334,0.545418224038335,optimal,3.1329417640008614,41331,64555,238865
v0,Marwan-r0,Marwan,trajectory,B1,6,21.212138354259306,0.5303034588564827,optimal,3.32640230099787,41331,64555,238865
v0,Marwan-r0,Marwan,trajectory,B1,7,21.124159975856383,0.5281039993964096,optimal,3.0273846490017604,41331,64555,238865
v0,Marwan-r0,Marwan,trajectory,B1,8,21.891758361433475,0.5472939590358369,optimal,6.531576749999658,41331,64555,238865
v0,Marwan-r0,Marwan,trajectory,B1,9,21.75862528427037,0.5439656321067592,optimal,6.879839247001655,41331,64555,238865
v0,Marwan-r0,Marwan,trajectory,B1,10,23.162630142915884,0.5790657535728971,optimal,4.70693340499929,41331,64555,238865
v0,Marwan-r0,Marwan,trajectory,B1,11,21.84826609510003,0.5462066523775008,optimal,5.638745519998338,41331,64555,238865
v0,Marwan-r0,Marwan,trajectory,B1,12,22.584426029003218,0.5646106507250804,optimal,3.147743077999621,41331,64555,238865
v0,Marwan-r0,Marwan,trajectory,B1,13,23.26117394948192,0.581529348737048,optimal,3.1997026409990212,41331,64555,238865
v0,Marwan-r0,Marwan,trajectory,B1,14,21.071831304524263,0.5267957826131066,optimal,3.419635387999733,41331,64555,238865
v0,Marwan-r0,Marwan,trajectory,B1,15,19.72575719090834,0.4931439297727085,optimal,3.140226066003379,41331,64555,238865
v0,Marwan-r0,Marwan,trajectory,B1,16,21.62877222567718,0.5407193056419295,optimal,3.176167699999496,41331,64555,238865
v0,Marwan-r0,Marwan,trajectory,B1,17,22.839833315210072,0.5709958328802518,optimal,3.4349837279987696,41331,64555,238865
v0,Marwan-r0,Marwan,trajectory,B1,18,23.22560122342386,0.5806400305855964,optimal,3.120092979999754,41331,64555,238865
v0,Marwan-r0,Marwan,trajectory,B1,19,22.433441497410886,0.5608360374352721,optimal,3.1335363680009323,41331,64555,238865
v0,Marwan-r0,Marwan,trajectory,B1,20,21.587094348933686,0.5396773587233421,optimal,7.205598042000929,41331,64555,238865
v0,Marwan-r0,Marwan,trajectory,B1,21,22.868516006950433,0.5717129001737609,optimal,3.585766150001291,41331,64555,238865
v0,Marwan-r0,Marwan,trajectory,B1,22,21.422754334934048,0.5355688583733512,optimal,3.132510382001783,41331,64555,238865
v0,Marwan-r0,Marwan,trajectory,B1,23,21.92168734765713,0.5480421836914282,optimal,5.726267062000261,41331,64555,238865
v0,Marwan-r0,Marwan,trajectory,B1,24,20.502340018371378,0.5125585004592844,optimal,3.133001147998584,41331,64555,238865
v0,Marwan-r0,Marwan,trajectory,B1,25,21.7062377736178,0.5426559443404451,optimal,2.90615616300056,41331,64555,238865
v0,Marwan-r0,Marwan,trajectory,B1,26,21.342088266529487,0.5335522066632372,optimal,3.3376837089999754,41331,64555,238865
v0,Marwan-r0,Marwan,trajectory,B1,27,22.312259613662604,0.5578064903415652,optimal,5.037718758001574,41331,64555,238865
v0,Marwan-r0,Marwan,trajectory,B1,28,21.495602984517944,0.5373900746129486,optimal,3.092427300998679,41331,64555,238865
v0,Marwan-r0,Marwan,trajectory,B1,29,21.1730512283019,0.5293262807075475,optimal,5.791106572996796,41331,64555,238865
v0,Marwan-r1,Marwan,ground_only,,0,19.351592308047675,0.48378980770119184,optimal,0.39690927200354054,9810,17601,50579
v0,Marwan-r1,Marwan,ground_only,,1,19.351592308047675,0.48378980770119184,optimal,0.449269444001402,9810,17601,50579
v0,Marwan-r1,Marwan,ground_only,,2,19.351592308047675,0.48378980770119184,optimal,0.41132543999992777,9810,17601,50579
v0,Marwan-r1,Marwan,ground_only,,3,19.351592308047675,0.48378980770119184,optimal,0.41712013600044884,9810,17601,50579
v0,Marwan-r1,Marwan,ground_only,,4,19.351592308047675,0.48378980770119184,optimal,0.4378175630008627,9810,17601,50579
v0,Marwan-r1,Marwan,ground_only,,5,19.351592308047675,0.48378980770119184,optimal,0.6554365949996281,9810,17601,50579
v0,Marwan-r1,Marwan,ground_only,,6,19.351592308047675,0.48378980770119184,optimal,0.4018849300009606,9810,17601,50579
v0,Marwan-r1,Marwan,ground_only,,7,19.351592308047675,0.48378980770119184,optimal,0.40892638199875364,9810,17601,50579
v0,Marwan-r1,Marwan,ground_only,,8,19.351592308047675,0.48378980770119184,optimal,0.4519183829979738,9810,17601,50579
v0,Marwan-r1,Marwan,ground_only,,9,19.351592308047675,0.48378980770119184,optimal,0.4484017180002411,9810,17601,50579
v0,Marwan-r1,Marwan,ground_only,,10,19.351592308047675,0.48378980770119184,optimal,0.4833190990029834,9810,17601,50579
v0,Marwan-r1,Marwan,ground_only,,11,19.351592308047675,0.48378980770119184,optimal,0.398395886997605,9810,17601,50579
v0,Marwan-r1,Marwan,ground_only,,12,19.351592308047675,0.48378980770119184,optimal,0.39717485700020916,9810,17601,50579
v0,Marwan-r1,Marwan,ground_only,,13,19.351592308047675,0.48378980770119184,optimal,0.5267130879983597,9810,17601,50579
v0,Marwan-r1,Marwan,ground_only,,14,19.351592308047675,0.48378980770119184,optimal,0.3926197399996454,9810,17601,50579
v0,Marwan-r1,Marwan,ground_only,,15,19.351592308047675,0.48378980770119184,optimal,0.42647640200084425,9810,17601,50579
v0,Marwan-r1,Marwan,ground_only,,16,19.351592308047675,0.48378980770119184,optimal,0.4785778029981884,9810,17601,50579
v0,Marwan-r1,Marwan,ground_only,,17,19.351592308047675,0.48378980770119184,optimal,0.43045099599839887,9810,17601,50579
v0,Marwan-r1,Marwan,ground_only,,18,19.351592308047675,0.48378980770119184,optimal,0.44293178700172575,9810,17601,50579
v0,Marwan-r1,Marwan,ground_only,,19,19.351592308047675,0.48378980770119184,optimal,0.4638303210012964,9810,17601,50579
v0,Marwan-r1,Marwan,ground_only,,20,19.351592308047675,0.48378980770119184,optimal,0.3884390470011567,9810,17601,50579
v0,Marwan-r1,Marwan,ground_only,,21,19.351592308047675,0.48378980770119184,optimal,0.43649659900256665,9810,17601,50579
v0,Marwan-r1,Marwan,ground_only,,22,19.351592308047675,0.48378980770119184,optimal,0.4105135950012482,9810,17601,50579
v0,Marwan-r1,Marwan,ground_only,,23,19.351592308047675,0.48378980770119184,optimal,0.40322775799722876,9810,17601,50579
v0,Marwan-r1,Marwan,ground_only,,24,19.351592308047675,0.48378980770119184,optimal,0.3794459579985414,9810,17601,50579
v0,Marwan-r1,Marwan,ground_only,,25,19.351592308047675,0.48378980770119184,optimal,0.3943574209988583,9810,17601,50579
v0,Marwan-r1,Marwan,ground_only,,26,19.351592308047675,0.48378980770119184,optimal,1.0109646419987257,9810,17601,50579
v0,Marwan-r1,Marwan,ground_only,,27,19.351592308047675,0.48378980770119184,optimal,0.3824744859994098,9810,17601,50579
v0,Marwan-r1,Marwan,ground_only,,28,19.351592308047675,0.48378980770119184,optimal,0.37479135200192104,9810,17601,50579
v0,Marwan-r1,Marwan,ground_only,,29,19.351592308047675,0.48378980770119184,optimal,0.39231413200104726,9810,17601,50579
v0,Marwan-r1,Marwan,trajectory,B1,0,26.424990245678284,0.6606247561419571,optimal,2.4365364459990815,36241,60066,216376
v0,Marwan-r1,Marwan,trajectory,B1,1,25.639330066591576,0.6409832516647894,optimal,2.3302900659982697,36241,60066,216376
v0,Marwan-r1,Marwan,trajectory,B1,2,26.13106564115118,0.6532766410287796,optimal,2.3960818409977946,36241,60066,216376
v0,Marwan-r1,Marwan,trajectory,B1,3,25.23439105581578,0.6308597763953945,optimal,2.293917186001636,36241,60066,216376
v0,Marwan-r1,Marwan,trajectory,B1,4,25.013116626043175,0.6253279156510794,optimal,2.2169726749998517,36241,60066,216376
v0,Marwan-r1,Marwan,trajectory,B1,5,26.289605649850948,0.6572401412462737,optimal,2.761326989999361,36241,60066,216376
v0,Marwan-r1,Marwan,trajectory,B1,6,27.39374388294633,0.6848435970736582,optimal,2.394525028998032,36241,60066,216376
v0,Marwan-r1,Marwan,trajectory,B1,7,25.89500913764178,0.6473752284410444,optimal,5.345736279999983,36241,60066,216376
v0,Marwan-r1,Marwan,trajectory,B1,8,26.91194782010481,0.6727986955026203,optimal,2.5627358430028835,36241,60066,216376
v0,Marwan-r1,Marwan,trajectory,B1,9,26.22019762395022,0.6555049405987555,optimal,5.326159757001733,36241,60066,216376
v0,Marwan-r1,Marwan,trajectory,B1,10,26.836820508399946,0.6709205127099986,optimal,5.684045098998467,36241,60066,216376
v0,Marwan-r1,Marwan,trajectory,B1,11,26.622365439760255,0.6655591359940064,optimal,2.95778861099825,36241,60066,216376
v0,Marwan-r1,Marwan,trajectory,B1,12,25.846017664377534,0.6461504416094384,optimal,2.2538474339999084,36241,60066,216376
v0,Marwan-r1,Marwan,trajectory,B1,13,25.633693514679315,0.6408423378669829,optimal,2.682915924000554,36241,60066,216376
v0,Marwan-r1,Marwan,trajectory,B1,14,27.434767823308615,0.6858691955827154,optimal,2.597922855999059,36241,60066,216376
v0,Marwan-r1,Marwan,trajectory,B1,15,25.342074136607824,0.6335518534151956,optimal,2.204216792000807,36241,60066,216376
v0,Marwan-r1,Marwan,trajectory,B1,16,26.1946531960519,0.6548663299012975,optimal,2.316019406000123,36241,60066,216376
v0,Marwan-r1,Marwan,trajectory,B1,17,27.303317310469986,0.6825829327617496,optimal,2.7570290449984896,36241,60066,216376
v0,Marwan-r1,Marwan,trajectory,B1,18,25.902028172224043,0.647550704305601,optimal,5.227035302999866,36241,60066,216376
v0,Marwan-r1,Marwan,trajectory,B1,19,26.829669130609474,0.6707417282652368,optimal,3.023605245998624,36241,60066,216376
v0,Marwan-r1,Marwan,trajectory,B1,20,26.563687765971434,0.6640921941492859,optimal,3.6875232519996644,36241,60066,216376
v0,Marwan-r1,Marwan,trajectory,B1,21,27.139493106787103,0.6784873276696776,optimal,2.559934341999906,36241,60066,216376
v0,Marwan-r1,Marwan,trajectory,B1,22,26.860510751050544,0.6715127687762636,optimal,2.3728320829977747,36241,60066,216376
v0,Marwan-r1,Marwan,trajectory,B1,23,25.603523223151626,0.6400880805787906,optimal,2.3728623959977995,36241,60066,216376
v0,Marwan-r1,Marwan,trajectory,B1,24,27.161237502053062,0.6790309375513266,optimal,2.603380708002078,36241,60066,216376
v0,Marwan-r1,Marwan,trajectory,B1,25,26.78174090243203,0.6695435225608007,optimal,2.334537566999643,36241,60066,216376
v0,Marwan-r1,Marwan,trajectory,B1,26,25.971426673640902,0.6492856668410225,optimal,2.303987122999388,36241,60066,216376
v0,Marwan-r1,Marwan,trajectory,B1,27,26.551909624578844,0.663797740614471,optimal,4.108543736998399,36241,60066,216376
v0,Marwan-r1,Marwan,trajectory,B1,28,25.620235339377388,0.6405058834844347,optimal,2.3282707350008423,36241,60066,216376
v0,Marwan-r1,Marwan,trajectory,B1,29,26.40383736800282,0.6600959342000705,optimal,2.386666194001009,36241,60066,216376
v0,Marwan-r2,Marwan,ground_only,,0,24.32228524080326,0.6080571310200815,optimal,0.6951322230015649,7768,14880,41924
v0,Marwan-r2,Marwan,ground_only,,1,24.32228524080326,0.6080571310200815,optimal,0.2971725549978146,7768,14880,41924
v0,Marwan-r2,Marwan,ground_only,,2,24.32228524080326,0.6080571310200815,optimal,0.2856468859972665,7768,14880,41924
v0,Marwan-r2,Marwan,ground_only,,3,24.32228524080326,0.6080571310200815,optimal,0.2938989109970862,7768,14880,41924
v0,Marwan-r2,Marwan,ground_only,,4,24.32228524080326,0.6080571310200815,optimal,0.28747706500143977,7768,14880,41924
v0,Marwan-r2,Marwan,ground_only,,5,24.32228524080326,0.6080571310200815,optimal,0.2857600030001777,7768,14880,41924
v0,Marwan-r2,Marwan,ground_only,,6,24.32228524080326,0.6080571310200815,optimal,0.2822637669996766,7768,14880,41924
v0,Marwan-r2,Marwan,ground_only,,7,24.32228524080326,0.6080571310200815,optimal,0.282733552998252,7768,14880,41924
v0,Marwan-r2,Marwan,ground_only,,8,24.32228524080326,0.6080571310200815,optimal,0.8521167489998334,7768,14880,41924
v0,Marwan-r2,Marwan,ground_only,,9,24.32228524080326,0.6080571310200815,optimal,0.29004005800015875,7768,14880,41924
v0,Marwan-r2,Marwan,ground_only,,10,24.32228524080326,0.6080571310200815,optimal,0.8030677839997225,7768,14880,41924
v0,Marwan-r2,Marwan,ground_only,,11,24.32228524080326,0.6080571310200815,optimal,0.28135105399996974,7768,14880,41924
v0,Marwan-r2,Marwan,ground_only,,12,24.32228524080326,0.6080571310200815,optimal,0.2853071950012236,7768,14880,41924
v0,Marwan-r2,Marwan,ground_only,,13,24.32228524080326,0.6080571310200815,optimal,0.3141004659992177,7768,14880,41924
v0,Marwan-r2,Marwan,ground_only,,14,24.32228524080326,0.6080571310200815,optimal,0.2979322829996818,7768,14880,41924
v0,Marwan-r2,Marwan,ground_only,,15,24.32228524080326,0.6080571310200815,optimal,0.7913598669983912,7768,14880,41924
v0,Marwan-r2,Marwan,ground_only,,16,24.32228524080326,0.6080571310200815,optimal,0.2892924519983353,7768,14880,41924
v0,Marwan-r2,Marwan,ground_only,,17,24.32228524080326,0.6080571310200815,optimal,0.2857810929999687,7768,14880,41924
v0,Marwan-r2,Marwan,ground_only,,18,24.32228524080326,0.6080571310200815,optimal,0.36959796199880657,7768,14880,41924
v0,Marwan-r2,Marwan,ground_only,,19,24.32228524080326,0.6080571310200815,optimal,0.2987318140003481,7768,14880,41924
v0,Marwan-r2,Marwan,ground_only,,20,24.32228524080326,0.6080571310200815,optimal,0.28989794900189736,7768,14880,41924
v0,Marwan-r2,Marwan,ground_only,,21,24.32228524080326,0.6080571310200815,optimal,0.417922313001327,7768,14880,41924
v0,Marwan-r2,Marwan,ground_only,,22,24.32228524080326,0.6080571310200815,optimal,0.3095008210002561,7768,14880,41924
v0,Marwan-r2,Marwan,ground_only,,23,24.32228524080326,0.6080571310200815,optimal,0.2852522899993346,7768,14880,41924
v0,Marwan-r2,Marwan,ground_only,,24,24.32228524080326,0.6080571310200815,optimal,0.2815608980017714,7768,14880,41924
v0,Marwan-r2,Marwan,ground_only,,25,24.32228524080326,0.6080571310200815,optimal,0.3482934919993568,7768,14880,41924
v0,Marwan-r2,Marwan,ground_only,,26,24.32228524080326,0.6080571310200815,optimal,0.3094045530015137,7768,14880,41924
v0,Marwan-r2,Marwan,ground_only,,27,24.32228524080326,0.6080571310200815,optimal,0.47232798600089154,7768,14880,41924
v0,Marwan-r2,Marwan,ground_only,,28,24.32228524080326,0.6080571310200815,optimal,0.3774849670007825,7768,14880,41924
v0,Marwan-r2,Marwan,ground_only,,29,24.32228524080326,0.6080571310200815,optimal,0.3123762879986316,7768,14880,41924
v0,Marwan-r2,Marwan,trajectory,B1,0,27.2267125856438,0.6806678146410949,optimal,4.146751525997388,36385,62554,221725
v0,Marwan-r2,Marwan,trajectory,B1,1,27.351578532904018,0.6837894633226005,optimal,1.8979704330013192,36385,62554,221725
v0,Marwan-r2,Marwan,trajectory,B1,2,27.447524240417,0.686188106010425,optimal,3.9588873329994385,36385,62554,221725
v0,Marwan-r2,Marwan,trajectory,B1,3,27.05161768464817,0.6762904421162043,optimal,1.9941800759988837,36385,62554,221725
v0,Marwan-r2,Marwan,trajectory,B1,4,27.250285691881928,0.6812571422970481,optimal,1.943923797000025,36385,62554,221725
v0,Marwan-r2,Marwan,trajectory,B1,5,26.998716399364962,0.674967909984124,optimal,2.1231138220027788,36385,62554,221725
v0,Marwan-r2,Marwan,trajectory,B1,6,26.2003639423183,0.6550090985579575,optimal,2.223103087999334,36385,62554,221725
v0,Marwan-r2,Marwan,trajectory,B1,7,27.059056488569368,0.6764764122142342,optimal,4.287803650000569,36385,62554,221725
v0,Marwan-r2,Marwan,trajectory,B1,8,27.415076666541047,0.6853769166635262,optimal,3.668852345999767,36385,62554,221725
v0,Marwan-r2,Marwan,trajectory,B1,9,27.271521970808074,0.6817880492702019,optimal,1.9305036719997588,36385,62554,221725
v0,Marwan-r2,Marwan,trajectory,B1,10,27.4985320437106,0.687463301092765,optimal,2.0278906019993883,36385,62554,221725
v0,Marwan-r2,Marwan,trajectory,B1,11,27.132924186588088,0.6783231046647022,optimal,1.9424030869995477,36385,62554,221725
v0,Marwan-r2,Marwan,trajectory,B1,12,27.599123276005738,0.6899780819001434,optimal,2.117168977998517,36385,62554,221725
v0,Marwan-r2,Marwan,trajectory,B1,13,27.264708907960934,0.6816177226990233,optimal,2.0937760189990513,36385,62554,221725
v0,Marwan-r2,Marwan,trajectory,B1,14,27.082354100621046,0.6770588525155261,optimal,1.962170253002114,36385,62554,221725
v0,Marwan-r2,Marwan,trajectory,B1,15,26.544609282967095,0.6636152320741774,optimal,1.9762451550013793,36385,62554,221725
v0,Marwan-r2,Marwan,trajectory,B1,16,27.856835679573717,0.6964208919893429,optimal,2.1704235789984523,36385,62554,221725
v0,Marwan-r2,Marwan,trajectory,B1,17,26.79156398967489,0.6697890997418723,optimal,1.8840075410007557,36385,62554,221725
v0,Marwan-r2,Marwan,trajectory,B1,18,27.719000746782648,0.6929750186695662,optimal,1.972295937997842,36385,62554,221725
v0,Marwan-r2,Marwan,trajectory,B1,19,26.634299074453445,0.6658574768613361,optimal,2.0276572149996355,36385,62554,221725
v0,Marwan-r2,Marwan,trajectory,B1,20,27.29501777586164,0.6823754443965411,optimal,1.956326685998647,36385,62554,221725
v0,Marwan-r2,Marwan,trajectory,B1,21,27.88066397561746,0.6970165993904365,optimal,4.272686632997647,36385,62554,221725
v0,Marwan-r2,Marwan,trajectory,B1,22,27.151221171057063,0.6787805292764266,optimal,3.9403283259998716,36385,62554,221725
v0,Marwan-r2,Marwan,trajectory,B1,23,26.848163309128438,0.671204082728211,optimal,4.143857081999158,36385,62554,221725
v0,Marwan-r2,Marwan,trajectory,B1,24,26.139392370494573,0.6534848092623643,optimal,2.0585285419983848,36385,62554,221725
v0,Marwan-r2,Marwan,trajectory,B1,25,26.41088036633236,0.660272009158309,optimal,2.0358161040021514,36385,62554,221725
v0,Marwan-r2,Marwan,trajectory,B1,26,27.066757194247725,0.6766689298561931,optimal,1.9022289430031378,36385,62554,221725
v0,Marwan-r2,Marwan,trajectory,B1,27,28.08852597952415,0.7022131494881038,optimal,4.984341005001625,36385,62554,221725
v0,Marwan-r2,Marwan,trajectory,B1,28,28.020432686997953,0.7005108171749488,optimal,1.9657008100002713,36385,62554,221725
v0,Marwan-r2,Marwan,trajectory,B1,29,27.19119405493084,0.679779851373271,optimal,1.9768527250016632,36385,62554,221725
v0-bh50,Agis-r0,Agis,ground_only,,0,16.881308800098566,0.42203272000246417,optimal,0.39267013800053974,8131,15864,44808
v0-bh50,Agis-r0,Agis,ground_only,,1,16.881308800098566,0.42203272000246417,optimal,0.41785021200121264,8131,15864,44808
v0-bh50,Agis-r0,Agis,ground_only,,2,16.881308800098566,0.42203272000246417,optimal,0.4110224849973747,8131,15864,44808
v0-bh50,Agis-r0,Agis,ground_only,,3,16.881308800098566,0.42203272000246417,optimal,0.38882572099828394,8131,15864,44808
v0-bh50,Agis-r0,Agis,ground_only,,4,16.881308800098566,0.42203272000246417,optimal,0.38858478299880517,8131,15864,44808
v0-bh50,Agis-r0,Agis,ground_only,,5,16.881308800098566,0.42203272000246417,optimal,0.3839714940004342,8131,15864,44808
v0-bh50,Agis-r0,Agis,ground_only,,6,16.881308800098566,0.42203272000246417,optimal,0.37966700499964645,8131,15864,44808
v0-bh50,Agis-r0,Agis,ground_only,,7,16.881308800098566,0.42203272000246417,optimal,0.3824869329982903,8131,15864,44808
v0-bh50,Agis-r0,Agis,ground_only,,8,16.881308800098566,0.42203272000246417,optimal,0.39314616600313457,8131,15864,44808
v0-bh50,Agis-r0,Agis,ground_only,,9,16.881308800098566,0.42203272000246417,optimal,0.3851745190004294,8131,15864,44808
v0-bh50,Agis-r0,Agis,ground_only,,10,16.881308800098566,0.42203272000246417,optimal,0.37591180299932603,8131,15864,44808
v0-bh50,Agis-r0,Agis,ground_only,,11,16.881308800098566,0.42203272000246417,optimal,0.37913757400019676,8131,15864,44808
v0-bh50,Agis-r0,Agis,ground_only,,12,16.881308800098566,0.42203272000246417,optimal,0.3753114140017715,8131,15864,44808
v0-bh50,Agis-r0,Agis,ground_only,,13,16.881308800098566,0.42203272000246417,optimal,0.3941286980007135,8131,15864,44808
v0-bh50,Agis-r0,Agis,ground_only,,14,16.881308800098566,0.42203272000246417,optimal,0.38206826700115926,8131,15864,44808
v0-bh50,Agis-r0,Agis,ground_only,,15,16.881308800098566,0.42203272000246417,optimal,0.6326706000036211,8131,15864,44808
v0-bh50,Agis-r0,Agis,ground_only,,16,16.881308800098566,0.42203272000246417,optimal,0.4366048989977571,8131,15864,44808
v0-bh50,Agis-r0,Agis,ground_only,,17,16.881308800098566,0.42203272000246417,optimal,0.3852154400010477,8131,15864,44808
v0-bh50,Agis-r0,Agis,ground_only,,18,16.881308800098566,0.42203272000246417,optimal,0.44122731600145926,8131,15864,44808
v0-bh50,Agis-r0,Agis,ground_only,,19,16.881308800098566,0.42203272000246417,optimal,0.37993393299984746,8131,15864,44808
v0-bh50,Agis-r0,Agis,ground_only,,20,16.881308800098566,0.42203272000246417,optimal,0.41845894499783753,8131,15864,44808
v0-bh50,Agis-r0,Agis,ground_only,,21,16.881308800098566,0.42203272000246417,optimal,0.3937632119996124,8131,15864,44808
v0-bh50,Agis-r0,Agis,ground_only,,22,16.881308800098566,0.42203272000246417,optimal,0.4093590779993974,8131,15864,44808
v0-bh50,Agis-r0,Agis,ground_only,,23,16.881308800098566,0.42203272000246417,optimal,0.4290495679997548,8131,15864,44808
v0-bh50,Agis-r0,Agis,ground_only,,24,16.881308800098566,0.42203272000246417,optimal,0.38402439299898106,8131,15864,44808
v0-bh50,Agis-r0,Agis,ground_only,,25,16.881308800098566,0.42203272000246417,optimal,0.44810097300069174,8131,15864,44808
v0-bh50,Agis-r0,Agis,ground_only,,26,16.881308800098566,0.42203272000246417,optimal,0.4569287109989091,8131,15864,44808
v0-bh50,Agis-r0,Agis,ground_only,,27,16.881308800098566,0.42203272000246417,optimal,0.3798898659988481,8131,15864,44808
v0-bh50,Agis-r0,Agis,ground_only,,28,16.881308800098566,0.42203272000246417,optimal,0.383499727002345,8131,15864,44808
v0-bh50,Agis-r0,Agis,ground_only,,29,16.881308800098566,0.42203272000246417,optimal,0.38726308200057247,8131,15864,44808
v0-bh50,Agis-r0,Agis,trajectory,B1,0,20.320957425200895,0.5080239356300223,optimal,3.963938845001394,29845,52807,197722
v0-bh50,Agis-r0,Agis,trajectory,B1,1,21.0858112407806,0.527145281019515,optimal,2.2855900390022725,29845,52807,197722
v0-bh50,Agis-r0,Agis,trajectory,B1,2,22.239404648101438,0.555985116202536,optimal,1.876995357000851,29845,52807,197722
v0-bh50,Agis-r0,Agis,trajectory,B1,3,20.5632417283545,0.5140810432088625,optimal,2.4004235270003846,29845,52807,197722
v0-bh50,Agis-r0,Agis,trajectory,B1,4,20.66697366243796,0.516674341560949,optimal,2.0441667740014964,29845,52807,197722
v0-bh50,Agis-r0,Agis,trajectory,B1,5,20.49842123657824,0.512460530914456,optimal,2.1115790590010874,29845,52807,197722
v0-bh50,Agis-r0,Agis,trajectory,B1,6,20.68986960480401,0.5172467401201002,optimal,2.370874260999699,29845,52807,197722
v0-bh50,Agis-r0,Agis,trajectory,B1,7,20.45899608280203,0.5114749020700508,optimal,1.831767357998615,29845,52807,197722
v0-bh50,Agis-r0,Agis,trajectory,B1,8,21.240280943655097,0.5310070235913774,optimal,2.0511551039999176,29845,52807,197722
v0-bh50,Agis-r0,Agis,trajectory,B1,9,20.6212698261247,0.5155317456531174,optimal,4.417118691999349,29845,52807,197722
v0-bh50,Agis-r0,Agis,trajectory,B1,10,21.0939143635053,0.5273478590876325,optimal,3.1925530319967947,29845,52807,197722
v0-bh50,Agis-r0,Agis,trajectory,B1,11,20.796767614866706,0.5199191903716677,optimal,4.083269669998117,29845,52807,197722
v0-bh50,Agis-r0,Agis,trajectory,B1,12,20.980931760229108,0.5245232940057277,optimal,2.128360831000464,29845,52807,197722
v0-bh50,Agis-r0,Agis,trajectory,B1,13,20.638129941445833,0.5159532485361458,optimal,2.256569094999577,29845,52807,197722
v0-bh50,Agis-r0,Agis,trajectory,B1,14,20.846809738740333,0.5211702434685084,optimal,2.2406476809992455,29845,52807,197722
v0-bh50,Agis-r0,Agis,trajectory,B1,15,21.19168462008322,0.5297921155020805,optimal,2.205875511001068,29845,52807,197722
v0-bh50,Agis-r0,Agis,trajectory,B1,16,21.00763013142232,0.525190753285558,optimal,2.2400267480006733,29845,52807,197722
v0-bh50,Agis-r0,Agis,trajectory,B1,17,20.094864236141436,0.5023716059035359,optimal,4.568130092997308,29845,52807,197722
v0-bh50,Agis-r0,Agis,trajectory,B1,18,20.773213986691346,0.5193303496672836,optimal,2.199624966000556,29845,52807,197722
v0-bh50,Agis-r0,Agis,trajectory,B1,19,20.7288595668477,0.5182214891711925,optimal,2.330413870000484,29845,52807,197722
v0-bh50,Agis-r0,Agis,trajectory,B1,20,20.825410014816992,0.5206352503704248,optimal,1.823589889001596,29845,52807,197722
v0-bh50,Agis-r0,Agis,trajectory,B1,21,20.647001432390027,0.5161750358097507,optimal,3.4846349360013846,29845,52807,197722
v0-bh50,Agis-r0,Agis,trajectory,B1,22,21.80156500936817,0.5450391252342042,optimal,2.396522458999243,29845,52807,197722
v0-bh50,Agis-r0,Agis,trajectory,B1,23,20.531271944044654,0.5132817986011163,optimal,2.1947266650022357,29845,52807,197722
v0-bh50,Agis-r0,Agis,trajectory,B1,24,21.572658925544577,0.5393164731386144,optimal,2.3118299130001105,29845,52807,197722
v0-bh50,Agis-r0,Agis,trajectory,B1,25,20.041735371151773,0.5010433842787944,optimal,2.260600883000734,29845,52807,197722
v0-bh50,Agis-r0,Agis,trajectory,B1,26,19.949088042420346,0.49872720106050866,optimal,2.961191147001955,29845,52807,197722
v0-bh50,Agis-r0,Agis,trajectory,B1,27,21.928263169051277,0.5482065792262819,optimal,2.966462265998416,29845,52807,197722
v0-bh50,Agis-r0,Agis,trajectory,B1,28,20.210873365809864,0.5052718341452466,optimal,3.473487406001368,29845,52807,197722
v0-bh50,Agis-r0,Agis,trajectory,B1,29,20.287174689492176,0.5071793672373044,optimal,3.790831441998307,29845,52807,197722
v0-bh50,Agis-r1,Agis,ground_only,,0,13.071246514567283,0.3267811628641821,optimal,0.40848843999992823,4765,10298,27477
v0-bh50,Agis-r1,Agis,ground_only,,1,13.071246514567283,0.3267811628641821,optimal,0.42910146199938026,4765,10298,27477
v0-bh50,Agis-r1,Agis,ground_only,,2,13.071246514567283,0.3267811628641821,optimal,0.33809735300019383,4765,10298,27477
v0-bh50,Agis-r1,Agis,ground_only,,3,13.071246514567283,0.3267811628641821,optimal,0.31555195300097694,4765,10298,27477
v0-bh50,Agis-r1,Agis,ground_only,,4,13.071246514567283,0.3267811628641821,optimal,0.3219349239989242,4765,10298,27477
v0-bh50,Agis-r1,Agis,ground_only,,5,13.071246514567283,0.3267811628641821,optimal,0.3126283710007556,4765,10298,27477
v0-bh50,Agis-r1,Agis,ground_only,,6,13.071246514567283,0.3267811628641821,optimal,0.3180039639992174,4765,10298,27477
v0-bh50,Agis-r1,Agis,ground_only,,7,13.071246514567283,0.3267811628641821,optimal,0.30800103100045817,4765,10298,27477
v0-bh50,Agis-r1,Agis,ground_only,,8,13.071246514567283,0.3267811628641821,optimal,0.3164815170021029,4765,10298,27477
v0-bh50,Agis-r1,Agis,ground_only,,9,13.071246514567283,0.3267811628641821,optimal,0.3260913519989117,4765,10298,27477
v0-bh50,Agis-r1,Agis,ground_only,,10,13.071246514567283,0.3267811628641821,optimal,0.324124540999037,4765,10298,27477
v0-bh50,Agis-r1,Agis,ground_only,,11,13.071246514567283,0.3267811628641821,optimal,0.3260632630008331,4765,10298,27477
v0-bh50,Agis-r1,Agis,ground_only,,12,13.071246514567283,0.3267811628641821,optimal,0.3218103660001361,4765,10298,27477
v0-bh50,Agis-r1,Agis,ground_only,,13,13.071246514567283,0.3267811628641821,optimal,0.358210649999819,4765,10298,27477
v0-bh50,Agis-r1,Agis,ground_only,,14,13.071246514567283,0.3267811628641821,optimal,0.316775894996681,4765,10298,27477
v0-bh50,Agis-r1,Agis,ground_only,,15,13.071246514567283,0.3267811628641821,optimal,0.3190644409987726,4765,10298,27477
v0-bh50,Agis-r1,Agis,ground_only,,16,13.071246514567283,0.3267811628641821,optimal,0.31625280099979136,4765,10298,27477
v0-bh50,Agis-r1,Agis,ground_only,,17,13.071246514567283,0.3267811628641821,optimal,0.3218363189989759,4765,10298,27477
v0-bh50,Agis-r1,Agis,ground_only,,18,13.071246514567283,0.3267811628641821,optimal,0.5781737090001116,4765,10298,27477
v0-bh50,Agis-r1,Agis,ground_only,,19,13.071246514567283,0.3267811628641821,optimal,0.3100134420019458,4765,10298,27477
v0-bh50,Agis-r1,Agis,ground_only,,20,13.071246514567283,0.3267811628641821,optimal,0.3120741620004992,4765,10298,27477
v0-bh50,Agis-r1,Agis,ground_only,,21,13.071246514567283,0.3267811628641821,optimal,0.31156438199832337,4765,10298,27477
v0-bh50,Agis-r1,Agis,ground_only,,22,13.071246514567283,0.3267811628641821,optimal,0.3616902449975896,4765,10298,27477
v0-bh50,Agis-r1,Agis,ground_only,,23,13.071246514567283,0.3267811628641821,optimal,0.682589698000811,4765,10298,27477
v0-bh50,Agis-r1,Agis,ground_only,,24,13.071246514567283,0.3267811628641821,optimal,0.3192774110029859,4765,10298,27477
v0-bh50,Agis-r1,Agis,ground_only,,25,13.071246514567283,0.3267811628641821,optimal,0.30497698500039405,4765,10298,27477
v0-bh50,Agis-r1,Agis,ground_only,,26,13.071246514567283,0.3267811628641821,optimal,0.3113899070012849,4765,10298,27477
v0-bh50,Agis-r1,Agis,ground_only,,27,13.071246514567283,0.3267811628641821,optimal,0.3078249640020658,4765,10298,27477
v0-bh50,Agis-r1,Agis,ground_only,,28,13.071246514567283,0.3267811628641821,optimal,0.31439036799929454,4765,10298,27477
v0-bh50,Agis-r1,Agis,ground_only,,29,13.071246514567283,0.3267811628641821,optimal,0.31430662799903075,4765,10298,27477
v0-bh50,Agis-r1,Agis,trajectory,B1,0,23.362992194171365,0.5840748048542841,optimal,3.4343641369996476,35288,58869,224013
v0-bh50,Agis-r1,Agis,trajectory,B1,1,23.378787099365834,0.5844696774841458,optimal,4.046364484998776,35288,58869,224013
v0-bh50,Agis-r1,Agis,trajectory,B1,2,24.979623464789313,0.6244905866197328,optimal,4.372172825002053,35288,58869,224013
v0-bh50,Agis-r1,Agis,trajectory,B1,3,24.06427211225459,0.6016068028063647,optimal,7.213165904002381,35288,58869,224013
v0-bh50,Agis-r1,Agis,trajectory,B1,4,22.620821681438144,0.5655205420359536,optimal,3.9637761789999786,35288,58869,224013
v0-bh50,Agis-r1,Agis,trajectory,B1,5,22.925356833333367,0.5731339208333341,optimal,3.9706707670011383,35288,58869,224013
v0-bh50,Agis-r1,Agis,trajectory,B1,6,24.484090062437787,0.6121022515609447,optimal,4.756879975000629,35288,58869,224013
v0-bh50,Agis-r1,Agis,trajectory,B1,7,24.063425434225067,0.6015856358556266,optimal,3.7849358589992335,35288,58869,224013
v0-bh50,Agis-r1,Agis,trajectory,B1,8,23.479163648412737,0.5869790912103184,optimal,3.8725792469995213,35288,58869,224013
v0-bh50,Agis-r1,Agis,trajectory,B1,9,21.72335686240249,0.5430839215600622,optimal,6.044073172000935,35288,58869,224013
v0-bh50,Agis-r1,Agis,trajectory,B1,10,23.25241599755533,0.5813103999388833,optimal,8.690873755997018,35288,58869,224013
v0-bh50,Agis-r1,Agis,trajectory,B1,11,21.8772121618108,0.54693030404527,optimal,6.4199348840011226,35288,58869,224013
v0-bh50,Agis-r1,Agis,trajectory,B1,12,25.289514154366632,0.6322378538591658,optimal,3.721341057000245,35288,58869,224013
v0-bh50,Agis-r1,Agis,trajectory,B1,13,23.237866290818154,0.5809466572704538,optimal,3.505644712000503,35288,58869,224013
v0-bh50,Agis-r1,Agis,trajectory,B1,14,23.129757011331005,0.5782439252832752,optimal,7.422710703998746,35288,58869,224013
v0-bh50,Agis-r1,Agis,trajectory,B1,15,25.09497431468471,0.6273743578671177,optimal,4.543458951000503,35288,58869,224013
v0-bh50,Agis-r1,Agis,trajectory,B1,16,24.304853826808102,0.6076213456702025,optimal,7.623690572996566,35288,58869,224013
v0-bh50,Agis-r1,Agis,trajectory,B1,17,21.48434532454086,0.5371086331135215,optimal,7.1679721159998735,35288,58869,224013
v0-bh50,Agis-r1,Agis,trajectory,B1,18,20.2414409757764,0.50603602439441,optimal,3.901797397000337,35288,58869,224013
v0-bh50,Agis-r1,Agis,trajectory,B1,19,24.445616637246232,0.6111404159311558,optimal,5.127293847999681,35288,58869,224013
v0-bh50,Agis-r1,Agis,trajectory,B1,20,23.31890379995058,0.5829725949987645,optimal,4.416356605001056,35288,58869,224013
v0-bh50,Agis-r1,Agis,trajectory,B1,21,25.26596290414052,0.631649072603513,optimal,4.9714794639985485,35288,58869,224013
v0-bh50,Agis-r1,Agis,trajectory,B1,22,21.657743924792623,0.5414435981198156,optimal,3.140417178001371,35288,58869,224013
v0-bh50,Agis-r1,Agis,trajectory,B1,23,22.54891363183503,0.5637228407958758,optimal,3.5912625689998094,35288,58869,224013
v0-bh50,Agis-r1,Agis,trajectory,B1,24,22.909243566142028,0.5727310891535506,optimal,3.953278175002197,35288,58869,224013
v0-bh50,Agis-r1,Agis,trajectory,B1,25,23.729947715816998,0.5932486928954249,optimal,4.072592415999679,35288,58869,224013
v0-bh50,Agis-r1,Agis,trajectory,B1,26,25.144745767912635,0.6286186441978159,optimal,3.9462830139964353,35288,58869,224013
v0-bh50,Agis-r1,Agis,trajectory,B1,27,23.28286941042268,0.582071735260567,optimal,6.587142850999953,35288,58869,224013
v0-bh50,Agis-r1,Agis,trajectory,B1,28,22.656083424948676,0.5664020856237169,optimal,3.162881324002228,35288,58869,224013
v0-bh50,Agis-r1,Agis,trajectory,B1,29,21.547414876667048,0.5386853719166762,optimal,6.141327219000232,35288,58869,224013
v0-bh50,Agis-r2,Agis,ground_only,,0,36.54334454995285,0.9135836137488212,optimal,14.10227163899981,21253,37488,110989
v0-bh50,Agis-r2,Agis,ground_only,,1,36.54334454995285,0.9135836137488212,optimal,9.856593686999986,21253,37488,110989
v0-bh50,Agis-r2,Agis,ground_only,,2,36.54334454995285,0.9135836137488212,optimal,7.6332949259995075,21253,37488,110989
v0-bh50,Agis-r2,Agis,ground_only,,3,36.54334454995285,0.9135836137488212,optimal,9.775547549001203,21253,37488,110989
v0-bh50,Agis-r2,Agis,ground_only,,4,36.54334454995285,0.9135836137488212,optimal,7.7000913640004,21253,37488,110989
v0-bh50,Agis-r2,Agis,ground_only,,5,36.54334454995285,0.9135836137488212,optimal,7.608316445999662,21253,37488,110989
v0-bh50,Agis-r2,Agis,ground_only,,6,36.54334454995285,0.9135836137488212,optimal,11.374014225999417,21253,37488,110989
v0-bh50,Agis-r2,Agis,ground_only,,7,36.54334454995285,0.9135836137488212,optimal,11.516059902998677,21253,37488,110989
v0-bh50,Agis-r2,Agis,ground_only,,8,36.54334454995285,0.9135836137488212,optimal,7.48637000799863,21253,37488,110989
v0-bh50,Agis-r2,Agis,ground_only,,9,36.54334454995285,0.9135836137488212,optimal,11.965847841998766,21253,37488,110989
v0-bh50,Agis-r2,Agis,ground_only,,10,36.54334454995285,0.9135836137488212,optimal,7.865229905997694,21253,37488,110989
v0-bh50,Agis-r2,Agis,ground_only,,11,36.54334454995285,0.9135836137488212,optimal,7.72176437500093,21253,37488,110989
v0-bh50,Agis-r2,Agis,ground_only,,12,36.54334454995285,0.9135836137488212,optimal,7.661535628998536,21253,37488,110989
v0-bh50,Agis-r2,Agis,ground_only,,13,36.54334454995285,0.9135836137488212,optimal,7.552032137999049,21253,37488,110989
v0-bh50,Agis-r2,Agis,ground_only,,14,36.54334454995285,0.9135836137488212,optimal,7.375133767000079,21253,37488,110989
v0-bh50,Agis-r2,Agis,ground_only,,15,36.54334454995285,0.9135836137488212,optimal,8.347054026999103,21253,37488,110989
v0-bh50,Agis-r2,Agis,ground_only,,16,36.54334454995285,0.9135836137488212,optimal,8.056010375003098,21253,37488,110989
v0-bh50,Agis-r2,Agis,ground_only,,17,36.54334454995285,0.9135836137488212,optimal,7.43128426399926,21253,37488,110989
v0-bh50,Agis-r2,Agis,ground_only,,18,36.54334454995285,0.9135836137488212,optimal,17.128905120000127,21253,37488,110989
v0-bh50,Agis-r2,Agis,ground_only,,19,36.54334454995285,0.9135836137488212,optimal,7.280446911001491,21253,37488,110989
v0-bh50,Agis-r2,Agis,ground_only,,20,36.54334454995285,0.9135836137488212,optimal,12.449135186001513,21253,37488,110989
v0-bh50,Agis-r2,Agis,ground_only,,21,36.54334454995285,0.9135836137488212,optimal,7.5057964690022345,21253,37488,110989
v0-bh50,Agis-r2,Agis,ground_only,,22,36.54334454995285,0.9135836137488212,optimal,13.201046917001804,21253,37488,110989
v0-bh50,Agis-r2,Agis,ground_only,,23,36.54334454995285,0.9135836137488212,optimal,9.714466632998665,21253,37488,110989
v0-bh50,Agis-r2,Agis,ground_only,,24,36.54334454995285,0.9135836137488212,optimal,8.629930948001856,21253,37488,110989
v0-bh50,Agis-r2,Agis,ground_only,,25,36.54334454995285,0.9135836137488212,optimal,7.282921671998338,21253,37488,110989
v0-bh50,Agis-r2,Agis,ground_only,,26,36.54334454995285,0.9135836137488212,optimal,7.33254404499894,21253,37488,110989
v0-bh50,Agis-r2,Agis,ground_only,,27,36.54334454995285,0.9135836137488212,optimal,16.844363283998973,21253,37488,110989
v0-bh50,Agis-r2,Agis,ground_only,,28,36.54334454995285,0.9135836137488212,optimal,7.354647621999902,21253,37488,110989
v0-bh50,Agis-r2,Agis,ground_only,,29,36.54334454995285,0.9135836137488212,optimal,7.325778263999382,21253,37488,110989
v0-bh50,Agis-r2,Agis,trajectory,B1,0,37.551906233802,0.93879765584505,optimal,12.30909801800226,34115,65003,202329
v0-bh50,Agis-r2,Agis,trajectory,B1,1,37.57898036117727,0.9394745090294319,optimal,12.056027794998954,34115,65003,202329
v0-bh50,Agis-r2,Agis,trajectory,B1,2,37.428360075238324,0.9357090018809581,optimal,14.509665574998508,34115,65003,202329
v0-bh50,Agis-r2,Agis,trajectory,B1,3,37.580943852723784,0.9395235963180946,optimal,14.093977394997637,34115,65003,202329
v0-bh50,Agis-r2,Agis,trajectory,B1,4,37.576297468166096,0.9394074367041524,optimal,14.413546267998754,34115,65003,202329
v0-bh50,Agis-r2,Agis,trajectory,B1,5,37.50941575050452,0.9377353937626131,optimal,26.14311851599996,34115,65003,202329
v0-bh50,Agis-r2,Agis,trajectory,B1,6,37.569858128791196,0.93924645321978,optimal,11.10323898900242,34115,65003,202329
v0-bh50,Agis-r2,Agis,trajectory,B1,7,37.54290239291914,0.9385725598229785,optimal,13.969575414001156,34115,65003,202329
v0-bh50,Agis-r2,Agis,trajectory,B1,8,37.58069335563036,0.939517333890759,optimal,18.26035425000009,34115,65003,202329
v0-bh50,Agis-r2,Agis,trajectory,B1,9,37.485626704452194,0.9371406676113049,optimal,10.87560128900077,34115,65003,202329
v0-bh50,Agis-r2,Agis,trajectory,B1,10,37.537301902595715,0.9384325475648929,optimal,22.24358025300171,34115,65003,202329
v0-bh50,Agis-r2,Agis,trajectory,B1,11,37.483921994954116,0.9370980498738529,optimal,13.277429899000708,34115,65003,202329
v0-bh50,Agis-r2,Agis,trajectory,B1,12,37.46584816436154,0.9366462041090384,optimal,15.85685522499989,34115,65003,202329
v0-bh50,Agis-r2,Agis,trajectory,B1,13,37.548013739074484,0.9387003434768622,optimal,18.053867882001214,34115,65003,202329
v0-bh50,Agis-r2,Agis,trajectory,B1,14,37.54755732208983,0.9386889330522458,optimal,14.55940903499868,34115,65003,202329
v0-bh50,Agis-r2,Agis,trajectory,B1,15,37.560221306462815,0.9390055326615704,optimal,30.881909741001436,34115,65003,202329
v0-bh50,Agis-r2,Agis,trajectory,B1,16,37.557221232394596,0.9389305308098649,optimal,12.395312022003054,34115,65003,202329
v0-bh50,Agis-r2,Agis,trajectory,B1,17,37.47793622703555,0.9369484056758888,optimal,16.06763718699949,34115,65003,202329
v0-bh50,Agis-r2,Agis,trajectory,B1,18,37.618263203750075,0.9404565800937519,optimal,25.823785356998997,34115,65003,202329
v0-bh50,Agis-r2,Agis,trajectory,B1,19,37.47728153049636,0.9369320382624091,optimal,14.57755207900118,34115,65003,202329
v0-bh50,Agis-r2,Agis,trajectory,B1,20,37.518850465893536,0.9379712616473384,optimal,20.36227371700079,34115,65003,202329
v0-bh50,Agis-r2,Agis,trajectory,B1,21,37.600098032432875,0.9400024508108219,optimal,18.997934876002546,34115,65003,202329
v0-bh50,Agis-r2,Agis,trajectory,B1,22,37.54542326369829,0.9386355815924572,optimal,17.00966856100058,34115,65003,202329
v0-bh50,Agis-r2,Agis,trajectory,B1,23,37.49656000076036,0.937414000019009,optimal,14.071184439999342,34115,65003,202329
v0-bh50,Agis-r2,Agis,trajectory,B1,24,37.57576352632152,0.939394088158038,optimal,19.96129615300015,34115,65003,202329
v0-bh50,Agis-r2,Agis,trajectory,B1,25,37.51136856338249,0.9377842140845623,optimal,13.514060358000279,34115,65003,202329
v0-bh50,Agis-r2,Agis,trajectory,B1,26,37.525728015605495,0.9381432003901373,optimal,16.8150731909991,34115,65003,202329
v0-bh50,Agis-r2,Agis,trajectory,B1,27,37.54664319410759,0.9386660798526897,optimal,16.1765129910018,34115,65003,202329
v0-bh50,Agis-r2,Agis,trajectory,B1,28,37.58595735684472,0.939648933921118,optimal,16.280224138998165,34115,65003,202329
v0-bh50,Agis-r2,Agis,trajectory,B1,29,37.58553131456999,0.9396382828642498,optimal,21.916792403997533,34115,65003,202329
v0-bh50,Belnet2008-r0,Belnet2008,ground_only,,0,21.215873181778818,0.5303968295444704,optimal,0.43550267899991013,7625,17763,46791
v0-bh50,Belnet2008-r0,Belnet2008,ground_only,,1,21.215873181778818,0.5303968295444704,optimal,0.44951147599931573,7625,17763,46791
v0-bh50,Belnet2008-r0,Belnet2008,ground_only,,2,21.215873181778818,0.5303968295444704,optimal,1.0480233909984236,7625,17763,46791
v0-bh50,Belnet2008-r0,Belnet2008,ground_only,,3,21.215873181778818,0.5303968295444704,optimal,0.4374167660025705,7625,17763,46791
v0-bh50,Belnet2008-r0,Belnet2008,ground_only,,4,21.215873181778818,0.5303968295444704,optimal,0.44749079100074596,7625,17763,46791
v0-bh50,Belnet2008-r0,Belnet2008,ground_only,,5,21.215873181778818,0.5303968295444704,optimal,0.4488070260013046,7625,17763,46791
v0-bh50,Belnet2008-r0,Belnet2008,ground_only,,6,21.215873181778818,0.5303968295444704,optimal,0.4411204390016792,7625,17763,46791
v0-bh50,Belnet2008-r0,Belnet2008,ground_only,,7,21.215873181778818,0.5303968295444704,optimal,0.45045584599938593,7625,17763,46791
v0-bh50,Belnet2008-r0,Belnet2008,ground_only,,8,21.215873181778818,0.5303968295444704,optimal,0.4476495779999823,7625,17763,46791
v0-bh50,Belnet2008-r0,Belnet2008,ground_only,,9,21.215873181778818,0.5303968295444704,optimal,0.4524247369990917,7625,17763,46791
v0-bh50,Belnet2008-r0,Belnet2008,ground_only,,10,21.215873181778818,0.5303968295444704,optimal,0.45487599199987017,7625,17763,46791
v0-bh50,Belnet2008-r0,Belnet2008,ground_only,,11,21.215873181778818,0.5303968295444704,optimal,0.9966864599991823,7625,17763,46791
v0-bh50,Belnet2008-r0,Belnet2008,ground_only,,12,21.215873181778818,0.5303968295444704,optimal,0.489178837997315,7625,17763,46791
v0-bh50,Belnet2008-r0,Belnet2008,ground_only,,13,21.215873181778818,0.5303968295444704,optimal,0.7038070710004831,7625,17763,46791
v0-bh50,Belnet2008-r0,Belnet2008,ground_only,,14,21.215873181778818,0.5303968295444704,optimal,0.45910541500052204,7625,17763,46791
v0-bh50,Belnet2008-r0,Belnet2008,ground_only,,15,21.215873181778818,0.5303968295444704,optimal,0.4867014330011443,7625,17763,46791
v0-bh50,Belnet2008-r0,Belnet2008,ground_only,,16,21.215873181778818,0.5303968295444704,optimal,0.45990408700163243,7625,17763,46791
v0-bh50,Belnet2008-r0,Belnet2008,ground_only,,17,21.215873181778818,0.5303968295444704,optimal,0.44170390399813186,7625,17763,46791
v0-bh50,Belnet2008-r0,Belnet2008,ground_only,,18,21.215873181778818,0.5303968295444704,optimal,0.44497071499790763,7625,17763,46791
v0-bh50,Belnet2008-r0,Belnet2008,ground_only,,19,21.215873181778818,0.5303968295444704,optimal,0.44156872099847533,7625,17763,46791
v0-bh50,Belnet2008-r0,Belnet2008,ground_only,,20,21.215873181778818,0.5303968295444704,optimal,0.4423973449993355,7625,17763,46791
v0-bh50,Belnet2008-r0,Belnet2008,ground_only,,21,21.215873181778818,0.5303968295444704,optimal,1.0369566619992838,7625,17763,46791
v0-bh50,Belnet2008-r0,Belnet2008,ground_only,,22,21.215873181778818,0.5303968295444704,optimal,0.4365053510009602,7625,17763,46791
v0-bh50,Belnet2008-r0,Belnet2008,ground_only,,23,21.215873181778818,0.5303968295444704,optimal,1.071625378997851,7625,17763,46791
v0-bh50,Belnet2008-r0,Belnet2008,ground_only,,24,21.215873181778818,0.5303968295444704,optimal,0.44381863699891255,7625,17763,46791
v0-bh50,Belnet2008-r0,Belnet2008,ground_only,,25,21.215873181778818,0.5303968295444704,optimal,0.4470623199995316,7625,17763,46791
v0-bh50,Belnet2008-r0,Belnet2008,ground_only,,26,21.215873181778818,0.5303968295444704,optimal,0.44483296899852576,7625,17763,46791
v0-bh50,Belnet2008-r0,Belnet2008,ground_only,,27,21.215873181778818,0.5303968295444704,optimal,0.5230449250011588,7625,17763,46791
v0-bh50,Belnet2008-r0,Belnet2008,ground_only,,28,21.215873181778818,0.5303968295444704,optimal,0.49587323000014294,7625,17763,46791
v0-bh50,Belnet2008-r0,Belnet2008,ground_only,,29,21.215873181778818,0.5303968295444704,optimal,0.46152735199939343,7625,17763,46791
v0-bh50,Belnet2008-r0,Belnet2008,trajectory,B1,0,28.434840942382813,0.7108710235595703,optimal,6.452449617001548,25820,52229,177144
v0-bh50,Belnet2008-r0,Belnet2008,trajectory,B1,1,26.311059052709986,0.6577764763177496,optimal,2.8877835249986674,25820,52229,177144
v0-bh50,Belnet2008-r0,Belnet2008,trajectory,B1,2,27.579958679478118,0.6894989669869529,optimal,2.90184903699992,25820,52229,177144
v0-bh50,Belnet2008-r0,Belnet2008,trajectory,B1,3,27.307089981964364,0.6826772495491091,optimal,4.030016526998224,25820,52229,177144
v0-bh50,Belnet2008-r0,Belnet2008,trajectory,B1,4,27.999337080556526,0.6999834270139131,optimal,3.504773736000061,25820,52229,177144
v0-bh50,Belnet2008-r0,Belnet2008,trajectory,B1,5,27.208326308939693,0.6802081577234923,optimal,4.440104525001516,25820,52229,177144
v0-bh50,Belnet2008-r0,Belnet2008,trajectory,B1,6,27.75298894889403,0.6938247237223507,optimal,6.735436178998498,25820,52229,177144
v0-bh50,Belnet2008-r0,Belnet2008,trajectory,B1,7,27.0105637530389,0.6752640938259724,optimal,3.4809456760012836,25820,52229,177144
v0-bh50,Belnet2008-r0,Belnet2008,trajectory,B1,8,28.212232035107547,0.7053058008776887,optimal,3.4787277940013155,25820,52229,177144
v0-bh50,Belnet2008-r0,Belnet2008,trajectory,B1,9,27.780020663590143,0.6945005165897535,optimal,7.878107930002443,25820,52229,177144
v0-bh50,Belnet2008-r0,Belnet2008,trajectory,B1,10,27.848328311519737,0.6962082077879934,optimal,5.685557327000424,25820,52229,177144
v0-bh50,Belnet2008-r0,Belnet2008,trajectory,B1,11,27.641215892619734,0.6910303973154933,optimal,7.975696356003027,25820,52229,177144
v0-bh50,Belnet2008-r0,Belnet2008,trajectory,B1,12,27.87641972793151,0.6969104931982877,optimal,3.5167726100007712,25820,52229,177144
v0-bh50,Belnet2008-r0,Belnet2008,trajectory,B1,13,27.725721163155733,0.6931430290788934,optimal,3.5506701470003463,25820,52229,177144
v0-bh50,Belnet2008-r0,Belnet2008,trajectory,B1,14,27.009669032178916,0.675241725804473,optimal,3.40442286400139,25820,52229,177144
v0-bh50,Belnet2008-r0,Belnet2008,trajectory,B1,15,27.374301404149783,0.6843575351037445,optimal,3.39154329899975,25820,52229,177144
v0-bh50,Belnet2008-r0,Belnet2008,trajectory,B1,16,28.256351377699467,0.7064087844424867,optimal,3.3125894910008356,25820,52229,177144
v0-bh50,Belnet2008-r0,Belnet2008,trajectory,B1,17,26.91898313501488,0.672974578375372,optimal,3.2723641180018603,25820,52229,177144
v0-bh50,Belnet2008-r0,Belnet2008,trajectory,B1,18,27.029981401738567,0.6757495350434641,optimal,3.2014327599972603,25820,52229,177144
v0-bh50,Belnet2008-r0,Belnet2008,trajectory,B1,19,27.14276037717046,0.6785690094292616,optimal,6.946071285001381,25820,52229,177144
v0-bh50,Belnet2008-r0,Belnet2008,trajectory,B1,20,26.48532102998543,0.6621330257496357,optimal,5.077472656001191,25820,52229,177144
v0-bh50,Belnet2008-r0,Belnet2008,trajectory,B1,21,27.52602459721991,0.6881506149304977,optimal,3.468803239000408,25820,52229,177144
v0-bh50,Belnet2008-r0,Belnet2008,trajectory,B1,22,27.803673199550243,0.6950918299887561,optimal,3.6157929840010183,25820,52229,177144
v0-bh50,Belnet2008-r0,Belnet2008,trajectory,B1,23,28.106920618854268,0.7026730154713567,optimal,3.481983699999546,25820,52229,177144
v0-bh50,Belnet2008-r0,Belnet2008,trajectory,B1,24,27.338768474371786,0.6834692118592947,optimal,5.560635981000814,25820,52229,177144
v0-bh50,Belnet2008-r0,Belnet2008,trajectory,B1,25,27.772370536019903,0.6943092634004976,optimal,3.631671216000541,25820,52229,177144
v0-bh50,Belnet2008-r0,Belnet2008,trajectory,B1,26,27.00965472155355,0.6752413680388387,optimal,4.570474847998412,25820,52229,177144
v0-bh50,Belnet2008-r0,Belnet2008,trajectory,B1,27,27.609623715233823,0.6902405928808456,optimal,3.4745537269991473,25820,52229,177144
v0-bh50,Belnet2008-r0,Belnet2008,trajectory,B1,28,26.915589850231033,0.6728897462557758,optimal,3.333761122998112,25820,52229,177144
v0-bh50,Belnet2008-r0,Belnet2008,trajectory,B1,29,27.640766260610143,0.6910191565152536,optimal,5.373168998001347,25820,52229,177144
v0-bh50,Belnet2008-r1,Belnet2008,ground_only,,0,16.0301297956062,0.400753244890155,optimal,0.3268556389994046,7877,15931,43504
v0-bh50,Belnet2008-r1,Belnet2008,ground_only,,1,16.0301297956062,0.400753244890155,optimal,0.3211272510015988,7877,15931,43504
v0-bh50,Belnet2008-r1,Belnet2008,ground_only,,2,16.0301297956062,0.400753244890155,optimal,0.3121763069975714,7877,15931,43504
v0-bh50,Belnet2008-r1,Belnet2008,ground_only,,3,16.0301297956062,0.400753244890155,optimal,0.3273777960021107,7877,15931,43504
v0-bh50,Belnet2008-r1,Belnet2008,ground_only,,4,16.0301297956062,0.400753244890155,optimal,0.32276028900014353,7877,15931,43504
v0-bh50,Belnet2008-r1,Belnet2008,ground_only,,5,16.0301297956062,0.400753244890155,optimal,0.3237400720026926,7877,15931,43504
v0-bh50,Belnet2008-r1,Belnet2008,ground_only,,6,16.0301297956062,0.400753244890155,optimal,0.3149202980021073,7877,15931,43504
v0-bh50,Belnet2008-r1,Belnet2008,ground_only,,7,16.0301297956062,0.400753244890155,optimal,0.3026631909997377,7877,15931,43504
v0-bh50,Belnet2008-r1,Belnet2008,ground_only,,8,16.0301297956062,0.400753244890155,optimal,0.6585299500002293,7877,15931,43504
v0-bh50,Belnet2008-r1,Belnet2008,ground_only,,9,16.0301297956062,0.400753244890155,optimal,0.316427992998797,7877,15931,43504
v0-bh50,Belnet2008-r1,Belnet2008,ground_only,,10,16.0301297956062,0.400753244890155,optimal,0.30756518300040625,7877,15931,43504
v0-bh50,Belnet2008-r1,Belnet2008,ground_only,,11,16.0301297956062,0.400753244890155,optimal,0.31956554600037634,7877,15931,43504
v0-bh50,Belnet2008-r1,Belnet2008,ground_only,,12,16.0301297956062,0.400753244890155,optimal,0.3055507019998913,7877,15931,43504
v0-bh50,Belnet2008-r1,Belnet2008,ground_only,,13,16.0301297956062,0.400753244890155,optimal,0.3217864809994353,7877,15931,43504
v0-bh50,Belnet2008-r1,Belnet2008,ground_only,,14,16.0301297956062,0.400753244890155,optimal,0.30621047699969495,7877,15931,43504
v0-bh50,Belnet2008-r1,Belnet2008,ground_only,,15,16.0301297956062,0.400753244890155,optimal,0.3131610609998461,7877,15931,43504
v0-bh50,Belnet2008-r1,Belnet2008,ground_only,,16,16.0301297956062,0.400753244890155,optimal,0.31146031400203356,7877,15931,43504
v0-bh50,Belnet2008-r1,Belnet2008,ground_only,,17,16.0301297956062,0.400753244890155,optimal,0.31044231299893,7877,15931,43504
v0-bh50,Belnet2008-r1,Belnet2008,ground_only,,18,16.0301297956062,0.400753244890155,optimal,0.3222480509975867,7877,15931,43504
v0-bh50,Belnet2008-r1,Belnet2008,ground_only,,19,16.0301297956062,0.400753244890155,optimal,0.30575628400038113,7877,15931,43504
v0-bh50,Belnet2008-r1,Belnet2008,ground_only,,20,16.0301297956062,0.400753244890155,optimal,0.7187598510026874,7877,15931,43504
v0-bh50,Belnet2008-r1,Belnet2008,ground_only,,21,16.0301297956062,0.400753244890155,optimal,0.3021712310001021,7877,15931,43504
v0-bh50,Belnet2008-r1,Belnet2008,ground_only,,22,16.0301297956062,0.400753244890155,optimal,0.3124802729980729,7877,15931,43504
v0-bh50,Belnet2008-r1,Belnet2008,ground_only,,23,16.0301297956062,0.400753244890155,optimal,0.31974938300118083,7877,15931,43504
v0-bh50,Belnet2008-r1,Belnet2008,ground_only,,24,16.0301297956062,0.400753244890155,optimal,0.3074565699971572,7877,15931,43504
v0-bh50,Belnet2008-r1,Belnet2008,ground_only,,25,16.0301297956062,0.400753244890155,optimal,0.7516263600009552,7877,15931,43504
v0-bh50,Belnet2008-r1,Belnet2008,ground_only,,26,16.0301297956062,0.400753244890155,optimal,0.30803170899889665,7877,15931,43504
v0-bh50,Belnet2008-r1,Belnet2008,ground_only,,27,16.0301297956062,0.400753244890155,optimal,0.35979532200144604,7877,15931,43504
v0-bh50,Belnet2008-r1,Belnet2008,ground_only,,28,16.0301297956062,0.400753244890155,optimal,0.3657469530007802,7877,15931,43504
v0-bh50,Belnet2008-r1,Belnet2008,ground_only,,29,16.0301297956062,0.400753244890155,optimal,0.35136533900003997,7877,15931,43504
v0-bh50,Belnet2008-r1,Belnet2008,trajectory,B1,0,18.791474606393397,0.4697868651598349,optimal,1.9845097399993392,30943,54667,205660
v0-bh50,Belnet2008-r1,Belnet2008,trajectory,B1,1,18.87602019397948,0.471900504849487,optimal,1.7977227620031044,30943,54667,205660
v0-bh50,Belnet2008-r1,Belnet2008,trajectory,B1,2,19.20812626341292,0.48020315658532303,optimal,1.8819056669999554,30943,54667,205660
v0-bh50,Belnet2008-r1,Belnet2008,trajectory,B1,3,20.092657672638087,0.5023164418159521,optimal,2.1577554430004966,30943,54667,205660
v0-bh50,Belnet2008-r1,Belnet2008,trajectory,B1,4,18.476961662024998,0.46192404155062494,optimal,2.5010194150017924,30943,54667,205660
v0-bh50,Belnet2008-r1,Belnet2008,trajectory,B1,5,18.479182373893025,0.4619795593473256,optimal,1.7445521189983992,30943,54667,205660
v0-bh50,Belnet2008-r1,Belnet2008,trajectory,B1,6,19.454293778530026,0.48635734446325063,optimal,1.978737290999561,30943,54667,205660
v0-bh50,Belnet2008-r1,Belnet2008,trajectory,B1,7,20.11366153083757,0.5028415382709392,optimal,3.937484736001352,30943,54667,205660
v0-bh50,Belnet2008-r1,Belnet2008,trajectory,B1,8,18.52365042271836,0.463091260567959,optimal,1.8310331899992889,30943,54667,205660
v0-bh50,Belnet2008-r1,Belnet2008,trajectory,B1,9,18.568046932723785,0.46420117331809463,optimal,3.552359820001584,30943,54667,205660
v0-bh50,Belnet2008-r1,Belnet2008,trajectory,B1,10,18.41869373445546,0.4604673433613865,optimal,2.330882048998319,30943,54667,205660
v0-bh50,Belnet2008-r1,Belnet2008,trajectory,B1,11,19.572849819955085,0.4893212454988771,optimal,1.9330098160025955,30943,54667,205660
v0-bh50,Belnet2008-r1,Belnet2008,trajectory,B1,12,19.49276530347158,0.4873191325867895,optimal,1.9919875980012876,30943,54667,205660
v0-bh50,Belnet2008-r1,Belnet2008,trajectory,B1,13,18.838835074030662,0.47097087685076655,optimal,3.0543891999986954,30943,54667,205660
v0-bh50,Belnet2008-r1,Belnet2008,trajectory,B1,14,20.12752610486438,0.5031881526216095,optimal,1.7805720130018017,30943,54667,205660
v0-bh50,Belnet2008-r1,Belnet2008,trajectory,B1,15,17.871502547888113,0.44678756369720285,optimal,1.8983884150002268,30943,54667,205660
v0-bh50,Belnet2008-r1,Belnet2008,trajectory,B1,16,20.268408490378317,0.5067102122594579,optimal,1.9127357449979172,30943,54667,205660
v0-bh50,Belnet2008-r1,Belnet2008,trajectory,B1,17,20.07333310230506,0.5018333275576266,optimal,1.7848189340002136,30943,54667,205660
v0-bh50,Belnet2008-r1,Belnet2008,trajectory,B1,18,18.290551221449558,0.45726378053623895,optimal,3.508123069997964,30943,54667,205660
v0-bh50,Belnet2008-r1,Belnet2008,trajectory,B1,19,18.83117194271461,0.47077929856786527,optimal,1.9297527679991617,30943,54667,205660
v0-bh50,Belnet2008-r1,Belnet2008,trajectory,B1,20,19.441211434802238,0.4860302858700559,optimal,1.8221274640018237,30943,54667,205660
v0-bh50,Belnet2008-r1,Belnet2008,trajectory,B1,21,19.337862318694928,0.4834465579673732,optimal,1.758265153002867,30943,54667,205660
v0-bh50,Belnet2008-r1,Belnet2008,trajectory,B1,22,19.322451713557125,0.4830612928389281,optimal,1.8762199240009068,30943,54667,205660
v0-bh50,Belnet2008-r1,Belnet2008,trajectory,B1,23,19.1272514377678,0.478181285944195,optimal,1.7553223720024107,30943,54667,205660
v0-bh50,Belnet2008-r1,Belnet2008,trajectory,B1,24,20.02013674826122,0.5005034187065305,optimal,3.9662512300019444,30943,54667,205660
v0-bh50,Belnet2008-r1,Belnet2008,trajectory,B1,25,17.58385868003249,0.43959646700081223,optimal,1.750808340999356,30943,54667,205660
v0-bh50,Belnet2008-r1,Belnet2008,trajectory,B1,26,17.964537426124387,0.4491134356531097,optimal,1.720290566998301,30943,54667,205660
v0-bh50,Belnet2008-r1,Belnet2008,trajectory,B1,27,19.304057867240004,0.48260144668100013,optimal,1.808769808998477,30943,54667,205660
v0-bh50,Belnet2008-r1,Belnet2008,trajectory,B1,28,19.705145517108743,0.4926286379277186,optimal,3.6916625920021033,30943,54667,205660
v0-bh50,Belnet2008-r1,Belnet2008,trajectory,B1,29,18.86672866436868,0.471668216609217,optimal,1.7553713339984824,30943,54667,205660
v0-bh50,Belnet2008-r2,Belnet2008,ground_only,,0,30.62974540144092,0.765743635036023,optimal,8.575121244997717,19983,34821,103470
v0-bh50,Belnet2008-r2,Belnet2008,ground_only,,1,30.62974540144092,0.765743635036023,optimal,8.559607719998894,19983,34821,103470
v0-bh50,Belnet2008-r2,Belnet2008,ground_only,,2,30.62974540144092,0.765743635036023,optimal,8.641955148999841,19983,34821,103470
v0-bh50,Belnet2008-r2,Belnet2008,ground_only,,3,30.62974540144092,0.765743635036023,optimal,12.359568846000911,19983,34821,103470
v0-bh50,Belnet2008-r2,Belnet2008,ground_only,,4,30.62974540144092,0.765743635036023,optimal,10.49366139400081,19983,34821,103470
v0-bh50,Belnet2008-r2,Belnet2008,ground_only,,5,30.62974540144092,0.765743635036023,optimal,8.55595442199774,19983,34821,103470
v0-bh50,Belnet2008-r2,Belnet2008,ground_only,,6,30.62974540144092,0.765743635036023,optimal,9.919022727000993,19983,34821,103470
v0-bh50,Belnet2008-r2,Belnet2008,ground_only,,7,30.62974540144092,0.765743635036023,optimal,8.600406116001977,19983,34821,103470
v0-bh50,Belnet2008-r2,Belnet2008,ground_only,,8,30.62974540144092,0.765743635036023,optimal,8.835249425002985,19983,34821,103470
v0-bh50,Belnet2008-r2,Belnet2008,ground_only,,9,30.62974540144092,0.765743635036023,optimal,14.81256206299804,19983,34821,103470
v0-bh50,Belnet2008-r2,Belnet2008,ground_only,,10,30.62974540144092,0.765743635036023,optimal,16.89258320600129,19983,34821,103470
v0-bh50,Belnet2008-r2,Belnet2008,ground_only,,11,30.62974540144092,0.765743635036023,optimal,12.269967367999925,19983,34821,103470
v0-bh50,Belnet2008-r2,Belnet2008,ground_only,,12,30.62974540144092,0.765743635036023,optimal,8.504520178001258,19983,34821,103470
v0-bh50,Belnet2008-r2,Belnet2008,ground_only,,13,30.62974540144092,0.765743635036023,optimal,8.65699677000157,19983,34821,103470
v0-bh50,Belnet2008-r2,Belnet2008,ground_only,,14,30.62974540144092,0.765743635036023,optimal,8.711774059000163,19983,34821,103470
v0-bh50,Belnet2008-r2,Belnet2008,ground_only,,15,30.62974540144092,0.765743635036023,optimal,12.503979746998084,19983,34821,103470
v0-bh50,Belnet2008-r2,Belnet2008,ground_only,,16,30.62974540144092,0.765743635036023,optimal,8.55177165600253,19983,34821,103470
v0-bh50,Belnet2008-r2,Belnet2008,ground_only,,17,30.62974540144092,0.765743635036023,optimal,8.627127865998773,19983,34821,103470
v0-bh50,Belnet2008-r2,Belnet2008,ground_only,,18,30.62974540144092,0.765743635036023,optimal,10.904256010002428,19983,34821,103470
v0-bh50,Belnet2008-r2,Belnet2008,ground_only,,19,30.62974540144092,0.765743635036023,optimal,18.20957514300244,19983,34821,103470
v0-bh50,Belnet2008-r2,Belnet2008,ground_only,,20,30.62974540144092,0.765743635036023,optimal,8.57901228999981,19983,34821,103470
v0-bh50,Belnet2008-r2,Belnet2008,ground_only,,21,30.62974540144092,0.765743635036023,optimal,9.216932380000799,19983,34821,103470
v0-bh50,Belnet2008-r2,Belnet2008,ground_only,,22,30.62974540144092,0.765743635036023,optimal,13.60811844699856,19983,34821,103470
v0-bh50,Belnet2008-r2,Belnet2008,ground_only,,23,30.62974540144092,0.765743635036023,optimal,13.10240114500266,19983,34821,103470
v0-bh50,Belnet2008-r2,Belnet2008,ground_only,,24,30.62974540144092,0.765743635036023,optimal,8.870403820998035,19983,34821,103470
v0-bh50,Belnet2008-r2,Belnet2008,ground_only,,25,30.62974540144092,0.765743635036023,optimal,15.074459407001996,19983,34821,103470
v0-bh50,Belnet2008-r2,Belnet2008,ground_only,,26,30.62974540144092,0.765743635036023,optimal,8.89698733700061,19983,34821,103470
v0-bh50,Belnet2008-r2,Belnet2008,ground_only,,27,30.62974540144092,0.765743635036023,optimal,9.200616833000822,19983,34821,103470
v0-bh50,Belnet2008-r2,Belnet2008,ground_only,,28,30.62974540144092,0.765743635036023,optimal,8.663211749000766,19983,34821,103470
v0-bh50,Belnet2008-r2,Belnet2008,ground_only,,29,30.62974540144092,0.765743635036023,optimal,8.597909034000622,19983,34821,103470
v0-bh50,Belnet2008-r2,Belnet2008,trajectory,B1,0,33.069912460080694,0.8267478115020174,optimal,27.828014170001552,36663,69438,217151
v0-bh50,Belnet2008-r2,Belnet2008,trajectory,B1,1,32.829842407918875,0.8207460601979719,optimal,30.3806408370001,36663,69438,217151
v0-bh50,Belnet2008-r2,Belnet2008,trajectory,B1,2,32.308684828821086,0.8077171207205271,optimal,30.45120281799973,36663,69438,217151
v0-bh50,Belnet2008-r2,Belnet2008,trajectory,B1,3,32.456938083951826,0.8114234520987956,optimal,23.40287735899983,36663,69438,217151
v0-bh50,Belnet2008-r2,Belnet2008,trajectory,B1,4,32.61110537591329,0.8152776343978323,optimal,31.00351652000245,36663,69438,217151
v0-bh50,Belnet2008-r2,Belnet2008,trajectory,B1,5,32.57721642707754,0.8144304106769384,optimal,27.39892261500063,36663,69438,217151
v0-bh50,Belnet2008-r2,Belnet2008,trajectory,B1,6,32.67283468053814,0.8168208670134535,optimal,24.03675116500017,36663,69438,217151
v0-bh50,Belnet2008-r2,Belnet2008,trajectory,B1,7,32.62455999222182,0.8156139998055455,optimal,34.9355874790017,36663,69438,217151
v0-bh50,Belnet2008-r2,Belnet2008,trajectory,B1,8,32.45470893553416,0.811367723388354,optimal,25.9190250870015,36663,69438,217151
v0-bh50,Belnet2008-r2,Belnet2008,trajectory,B1,9,32.44654855454913,0.8111637138637283,optimal,23.569830571999773,36663,69438,217151
v0-bh50,Belnet2008-r2,Belnet2008,trajectory,B1,10,32.84762490093311,0.8211906225233279,optimal,33.55790685199827,36663,69438,217151
v0-bh50,Belnet2008-r2,Belnet2008,trajectory,B1,11,32.88342977249228,0.822085744312307,optimal,27.234476664001704,36663,69438,217151
v0-bh50,Belnet2008-r2,Belnet2008,trajectory,B1,12,32.50585153311021,0.8126462883277552,optimal,32.62538070899973,36663,69438,217151
v0-bh50,Belnet2008-r2,Belnet2008,trajectory,B1,13,32.18847616046747,0.8047119040116867,optimal,22.39847557200119,36663,69438,217151
v0-bh50,Belnet2008-r2,Belnet2008,trajectory,B1,14,32.801896007659224,0.8200474001914806,optimal,30.407739043999754,36663,69438,217151
v0-bh50,Belnet2008-r2,Belnet2008,trajectory,B1,15,32.73489200392699,0.8183723000981746,optimal,34.47123099500095,36663,69438,217151
v0-bh50,Belnet2008-r2,Belnet2008,trajectory,B1,16,32.317963400787036,0.8079490850196759,optimal,25.205835878998187,36663,69438,217151
v0-bh50,Belnet2008-r2,Belnet2008,trajectory,B1,17,32.48411868470811,0.8121029671177027,optimal,44.35831544100074,36663,69438,217151
v0-bh50,Belnet2008-r2,Belnet2008,trajectory,B1,18,32.24879755084299,0.8062199387710747,optimal,22.552686519000417,36663,69438,217151
v0-bh50,Belnet2008-r2,Belnet2008,trajectory,B1,19,33.25791276315586,0.8314478190788964,optimal,28.684736177998275,36663,69438,217151
v0-bh50,Belnet2008-r2,Belnet2008,trajectory,B1,20,32.9239630049715,0.8230990751242875,optimal,31.909086900999682,36663,69438,217151
v0-bh50,Belnet2008-r2,Belnet2008,trajectory,B1,21,32.73951070360524,0.818487767590131,optimal,34.96470360400053,36663,69438,217151
v0-bh50,Belnet2008-r2,Belnet2008,trajectory,B1,22,32.26874095615995,0.8067185239039988,optimal,27.604951397999685,36663,69438,217151
v0-bh50,Belnet2008-r2,Belnet2008,trajectory,B1,23,32.89830898921567,0.8224577247303918,optimal,37.51339270400058,36663,69438,217151
v0-bh50,Belnet2008-r2,Belnet2008,trajectory,B1,24,32.982098706832694,0.8245524676708174,optimal,25.93984227400142,36663,69438,217151
v0-bh50,Belnet2008-r2,Belnet2008,trajectory,B1,25,32.7186471921857,0.8179661798046425,optimal,28.24510008100333,36663,69438,217151
v0-bh50,Belnet2008-r2,Belnet2008,trajectory,B1,26,32.40854961673786,0.8102137404184464,optimal,37.05864395200115,36663,69438,217151
v0-bh50,Belnet2008-r2,Belnet2008,trajectory,B1,27,33.21179041481695,0.8302947603704238,optimal,34.062577779001,36663,69438,217151
v0-bh50,Belnet2008-r2,Belnet2008,trajectory,B1,28,32.60705672531964,0.8151764181329909,optimal,25.054374077997636,36663,69438,217151
v0-bh50,Belnet2008-r2,Belnet2008,trajectory,B1,29,32.64492391380481,0.8161230978451203,optimal,24.82771791599953,36663,69438,217151
v0-bh50,BsonetEurope-r0,BsonetEurope,ground_only,,0,20.57710781969823,0.5144276954924558,optimal,0.7986751429998549,6997,14109,38914
v0-bh50,BsonetEurope-r0,BsonetEurope,ground_only,,1,20.57710781969823,0.5144276954924558,optimal,1.9203727099993557,6997,14109,38914
v0-bh50,BsonetEurope-r0,BsonetEurope,ground_only,,2,20.57710781969823,0.5144276954924558,optimal,0.7643914839973149,6997,14109,38914
v0-bh50,BsonetEurope-r0,BsonetEurope,ground_only,,3,20.57710781969823,0.5144276954924558,optimal,0.8139866669989715,6997,14109,38914
v0-bh50,BsonetEurope-r0,BsonetEurope,ground_only,,4,20.57710781969823,0.5144276954924558,optimal,0.7601171450005495,6997,14109,38914
v0-bh50,BsonetEurope-r0,BsonetEurope,ground_only,,5,20.57710781969823,0.5144276954924558,optimal,1.7661057820005226,6997,14109,38914
v0-bh50,BsonetEurope-r0,BsonetEurope,ground_only,,6,20.57710781969823,0.5144276954924558,optimal,0.7582082730004913,6997,14109,38914
v0-bh50,BsonetEurope-r0,BsonetEurope,ground_only,,7,20.57710781969823,0.5144276954924558,optimal,0.8151241169980494,6997,14109,38914
v0-bh50,BsonetEurope-r0,BsonetEurope,ground_only,,8,20.57710781969823,0.5144276954924558,optimal,0.7851861449998978,6997,14109,38914
v0-bh50,BsonetEurope-r0,BsonetEurope,ground_only,,9,20.57710781969823,0.5144276954924558,optimal,0.7558605120029824,6997,14109,38914
v0-bh50,BsonetEurope-r0,BsonetEurope,ground_only,,10,20.57710781969823,0.5144276954924558,optimal,1.8538542539972696,6997,14109,38914
v0-bh50,BsonetEurope-r0,BsonetEurope,ground_only,,11,20.57710781969823,0.5144276954924558,optimal,0.796427286000835,6997,14109,38914
v0-bh50,BsonetEurope-r0,BsonetEurope,ground_only,,12,20.57710781969823,0.5144276954924558,optimal,0.8120503819991427,6997,14109,38914
v0-bh50,BsonetEurope-r0,BsonetEurope,ground_only,,13,20.57710781969823,0.5144276954924558,optimal,0.7448464240005706,6997,14109,38914
v0-bh50,BsonetEurope-r0,BsonetEurope,ground_only,,14,20.57710781969823,0.5144276954924558,optimal,0.7640795339975739,6997,14109,38914
v0-bh50,BsonetEurope-r0,BsonetEurope,ground_only,,15,20.57710781969823,0.5144276954924558,optimal,0.764352334997966,6997,14109,38914
v0-bh50,BsonetEurope-r0,BsonetEurope,ground_only,,16,20.57710781969823,0.5144276954924558,optimal,0.790523101000872,6997,14109,38914
v0-bh50,BsonetEurope-r0,BsonetEurope,ground_only,,17,20.57710781969823,0.5144276954924558,optimal,1.2983937239987426,6997,14109,38914
v0-bh50,BsonetEurope-r0,BsonetEurope,ground_only,,18,20.57710781969823,0.5144276954924558,optimal,0.860406260999298,6997,14109,38914
v0-bh50,BsonetEurope-r0,BsonetEurope,ground_only,,19,20.57710781969823,0.5144276954924558,optimal,0.839275711998198,6997,14109,38914
v0-bh50,BsonetEurope-r0,BsonetEurope,ground_only,,20,20.57710781969823,0.5144276954924558,optimal,1.148490331001085,6997,14109,38914
v0-bh50,BsonetEurope-r0,BsonetEurope,ground_only,,21,20.57710781969823,0.5144276954924558,optimal,0.9379440429984243,6997,14109,38914
v0-bh50,BsonetEurope-r0,BsonetEurope,ground_only,,22,20.57710781969823,0.5144276954924558,optimal,0.8867951719985285,6997,14109,38914
v0-bh50,BsonetEurope-r0,BsonetEurope,ground_only,,23,20.57710781969823,0.5144276954924558,optimal,0.7665699329991185,6997,14109,38914
v0-bh50,BsonetEurope-r0,BsonetEurope,ground_only,,24,20.57710781969823,0.5144276954924558,optimal,0.9623924590014212,6997,14109,38914
v0-bh50,BsonetEurope-r0,BsonetEurope,ground_only,,25,20.57710781969823,0.5144276954924558,optimal,1.6527028519994929,6997,14109,38914
v0-bh50,BsonetEurope-r0,BsonetEurope,ground_only,,26,20.57710781969823,0.5144276954924558,optimal,0.7941533470002469,6997,14109,38914
v0-bh50,BsonetEurope-r0,BsonetEurope,ground_only,,27,20.57710781969823,0.5144276954924558,optimal,0.9010214219997579,6997,14109,38914
v0-bh50,BsonetEurope-r0,BsonetEurope,ground_only,,28,20.57710781969823,0.5144276954924558,optimal,1.023806668999896,6997,14109,38914
v0-bh50,BsonetEurope-r0,BsonetEurope,ground_only,,29,20.57710781969823,0.5144276954924558,optimal,1.3161076760006836,6997,14109,38914
v0-bh50,BsonetEurope-r0,BsonetEurope,trajectory,B1,0,26.738959877134356,0.6684739969283588,optimal,12.30085779500223,30070,55009,200233
v0-bh50,BsonetEurope-r0,BsonetEurope,trajectory,B1,1,25.607933560817518,0.640198339020438,optimal,9.862670530001196,30070,55009,200233
v0-bh50,BsonetEurope-r0,BsonetEurope,trajectory,B1,2,26.199159940288183,0.6549789985072045,optimal,9.836472992999916,30070,55009,200233
v0-bh50,BsonetEurope-r0,BsonetEurope,trajectory,B1,3,26.45019768063294,0.6612549420158235,optimal,8.11473933799789,30070,55009,200233
v0-bh50,BsonetEurope-r0,BsonetEurope,trajectory,B1,4,26.632495500939136,0.6658123875234784,optimal,20.390055144001963,30070,55009,200233
v0-bh50,BsonetEurope-r0,BsonetEurope,trajectory,B1,5,26.529878967889264,0.6632469741972316,optimal,23.332503007000923,30070,55009,200233
v0-bh50,BsonetEurope-r0,BsonetEurope,trajectory,B1,6,25.813042736048654,0.6453260684012163,optimal,9.86846420099755,30070,55009,200233
v0-bh50,BsonetEurope-r0,BsonetEurope,trajectory,B1,7,26.045344478389705,0.6511336119597426,optimal,8.154125236000255,30070,55009,200233
v0-bh50,BsonetEurope-r0,BsonetEurope,trajectory,B1,8,25.58280701303476,0.639570175325869,optimal,7.538326423000399,30070,55009,200233
v0-bh50,BsonetEurope-r0,BsonetEurope,trajectory,B1,9,25.637082109497506,0.6409270527374377,optimal,10.081443588002003,30070,55009,200233
v0-bh50,BsonetEurope-r0,BsonetEurope,trajectory,B1,10,25.254848679155288,0.6313712169788822,optimal,6.746100849999493,30070,55009,200233
v0-bh50,BsonetEurope-r0,BsonetEurope,trajectory,B1,11,26.482430607126716,0.6620607651781679,optimal,11.681820838999556,30070,55009,200233
v0-bh50,BsonetEurope-r0,BsonetEurope,trajectory,B1,12,26.378917985353542,0.6594729496338385,optimal,12.037152777000301,30070,55009,200233
v0-bh50,BsonetEurope-r0,BsonetEurope,trajectory,B1,13,26.553386866959205,0.6638346716739801,optimal,14.088753447998897,30070,55009,200233
v0-bh50,BsonetEurope-r0,BsonetEurope,trajectory,B1,14,26.58139824537118,0.6645349561342795,optimal,15.539791983002942,30070,55009,200233
v0-bh50,BsonetEurope-r0,BsonetEurope,trajectory,B1,15,26.65166360246536,0.666291590061634,optimal,9.004833068000153,30070,55009,200233
v0-bh50,BsonetEurope-r0,BsonetEurope,trajectory,B1,16,26.384938618226514,0.6596234654556629,optimal,14.611479369003064,30070,55009,200233
v0-bh50,BsonetEurope-r0,BsonetEurope,trajectory,B1,17,26.747203472775375,0.6686800868193844,optimal,9.43657284299843,30070,55009,200233
v0-bh50,BsonetEurope-r0,BsonetEurope,trajectory,B1,18,26.851188288361403,0.6712797072090351,optimal,10.631697173997964,30070,55009,200233
v0-bh50,BsonetEurope-r0,BsonetEurope,trajectory,B1,19,26.4969593911056,0.6624239847776401,optimal,8.215640193997388,30070,55009,200233
v0-bh50,BsonetEurope-r0,BsonetEurope,trajectory,B1,20,26.489899973433758,0.6622474993358439,optimal,8.896794702002808,30070,55009,200233
v0-bh50,BsonetEurope-r0,BsonetEurope,trajectory,B1,21,26.185450266300982,0.6546362566575246,optimal,8.605054536998068,30070,55009,200233
v0-bh50,BsonetEurope-r0,BsonetEurope,trajectory,B1,22,26.81295632077017,0.6703239080192542,optimal,12.255601013999694,30070,55009,200233
v0-bh50,BsonetEurope-r0,BsonetEurope,trajectory,B1,23,26.63887699536706,0.6659719248841764,optimal,7.823849252999935,30070,55009,200233
v0-bh50,BsonetEurope-r0,BsonetEurope,trajectory,B1,24,25.39073987841726,0.6347684969604315,optimal,10.521039885999926,30070,55009,200233
v0-bh50,BsonetEurope-r0,BsonetEurope,trajectory,B1,25,26.143918586401124,0.6535979646600281,optimal,9.536730435000209,30070,55009,200233
v0-bh50,BsonetEurope-r0,BsonetEurope,trajectory,B1,26,26.556518655226096,0.6639129663806524,optimal,14.371762779002893,30070,55009,200233
v0-bh50,BsonetEurope-r0,BsonetEurope,trajectory,B1,27,26.140465017950824,0.6535116254487706,optimal,16.993784189999133,30070,55009,200233
v0-bh50,BsonetEurope-r0,BsonetEurope,trajectory,B1,28,26.878489763561774,0.6719622440890444,optimal,10.306408035001368,30070,55009,200233
v0-bh50,BsonetEurope-r0,BsonetEurope,trajectory,B1,29,25.19046812960451,0.6297617032401128,optimal,9.816515394002636,30070,55009,200233
v0-bh50,BsonetEurope-r1,BsonetEurope,ground_only,,0,15.853312690067321,0.396332817251683,optimal,0.46089175100132707,8439,18639,48679
v0-bh50,BsonetEurope-r1,BsonetEurope,ground_only,,1,15.853312690067321,0.396332817251683,optimal,0.4722716050018789,8439,18639,48679
v0-bh50,BsonetEurope-r1,BsonetEurope,ground_only,,2,15.853312690067321,0.396332817251683,optimal,0.4604146880010376,8439,18639,48679
v0-bh50,BsonetEurope-r1,BsonetEurope,ground_only,,3,15.853312690067321,0.396332817251683,optimal,0.4431027409991657,8439,18639,48679
v0-bh50,BsonetEurope-r1,BsonetEurope,ground_only,,4,15.853312690067321,0.396332817251683,optimal,0.5079357080030604,8439,18639,48679
v0-bh50,BsonetEurope-r1,BsonetEurope,ground_only,,5,15.853312690067321,0.396332817251683,optimal,0.4566507269992144,8439,18639,48679
v0-bh50,BsonetEurope-r1,BsonetEurope,ground_only,,6,15.853312690067321,0.396332817251683,optimal,0.5187285450010677,8439,18639,48679
v0-bh50,BsonetEurope-r1,BsonetEurope,ground_only,,7,15.853312690067321,0.396332817251683,optimal,0.4955590099998517,8439,18639,48679
v0-bh50,BsonetEurope-r1,BsonetEurope,ground_only,,8,15.853312690067321,0.396332817251683,optimal,0.49267201499969815,8439,18639,48679
v0-bh50,BsonetEurope-r1,BsonetEurope,ground_only,,9,15.853312690067321,0.396332817251683,optimal,0.5104664680002315,8439,18639,48679
v0-bh50,BsonetEurope-r1,BsonetEurope,ground_only,,10,15.853312690067321,0.396332817251683,optimal,0.9179092910017062,8439,18639,48679
v0-bh50,BsonetEurope-r1,BsonetEurope,ground_only,,11,15.853312690067321,0.396332817251683,optimal,0.5005073450010968,8439,18639,48679
v0-bh50,BsonetEurope-r1,BsonetEurope,ground_only,,12,15.853312690067321,0.396332817251683,optimal,0.4719124160001229,8439,18639,48679
v0-bh50,BsonetEurope-r1,BsonetEurope,ground_only,,13,15.853312690067321,0.396332817251683,optimal,0.46481219899942516,8439,18639,48679
v0-bh50,BsonetEurope-r1,BsonetEurope,ground_only,,14,15.853312690067321,0.396332817251683,optimal,0.49992446300166193,8439,18639,48679
v0-bh50,BsonetEurope-r1,BsonetEurope,ground_only,,15,15.853312690067321,0.396332817251683,optimal,0.589281584998389,8439,18639,48679
v0-bh50,BsonetEurope-r1,BsonetEurope,ground_only,,16,15.853312690067321,0.396332817251683,optimal,0.5122304879987496,8439,18639,48679
v0-bh50,BsonetEurope-r1,BsonetEurope,ground_only,,17,15.853312690067321,0.396332817251683,optimal,0.5032407799990324,8439,18639,48679
v0-bh50,BsonetEurope-r1,BsonetEurope,ground_only,,18,15.853312690067321,0.396332817251683,optimal,0.5193539559986675,8439,18639,48679
v0-bh50,BsonetEurope-r1,BsonetEurope,ground_only,,19,15.853312690067321,0.396332817251683,optimal,0.7055312410011538,8439,18639,48679
v0-bh50,BsonetEurope-r1,BsonetEurope,ground_only,,20,15.853312690067321,0.396332817251683,optimal,0.44053370199981146,8439,18639,48679
v0-bh50,BsonetEurope-r1,BsonetEurope,ground_only,,21,15.853312690067321,0.396332817251683,optimal,0.45898227200086694,8439,18639,48679
v0-bh50,BsonetEurope-r1,BsonetEurope,ground_only,,22,15.853312690067321,0.396332817251683,optimal,0.4454053869994823,8439,18639,48679
v0-bh50,BsonetEurope-r1,BsonetEurope,ground_only,,23,15.853312690067321,0.396332817251683,optimal,0.4490120640002715,8439,18639,48679
v0-bh50,BsonetEurope-r1,BsonetEurope,ground_only,,24,15.853312690067321,0.396332817251683,optimal,1.205902290999802,8439,18639,48679
v0-bh50,BsonetEurope-r1,BsonetEurope,ground_only,,25,15.853312690067321,0.396332817251683,optimal,0.435014416998456,8439,18639,48679
v0-bh50,BsonetEurope-r1,BsonetEurope,ground_only,,26,15.853312690067321,0.396332817251683,optimal,0.4382220929983305,8439,18639,48679
v0-bh50,BsonetEurope-r1,BsonetEurope,ground_only,,27,15.853312690067321,0.396332817251683,optimal,1.1784377859985398,8439,18639,48679
v0-bh50,BsonetEurope-r1,BsonetEurope,ground_only,,28,15.853312690067321,0.396332817251683,optimal,0.43090786899847444,8439,18639,48679
v0-bh50,BsonetEurope-r1,BsonetEurope,ground_only,,29,15.853312690067321,0.396332817251683,optimal,0.42226556800233084,8439,18639,48679
v0-bh50,BsonetEurope-r1,BsonetEurope,trajectory,B1,0,23.011811582903825,0.5752952895725956,optimal,2.9575928379999823,28933,56165,193441
v0-bh50,BsonetEurope-r1,BsonetEurope,trajectory,B1,1,22.43580581798869,0.5608951454497173,optimal,2.7264108050003415,28933,56165,193441
v0-bh50,BsonetEurope-r1,BsonetEurope,trajectory,B1,2,23.43223622819291,0.5858059057048227,optimal,3.1903764519993274,28933,56165,193441
v0-bh50,BsonetEurope-r1,BsonetEurope,trajectory,B1,3,23.440769209763154,0.5860192302440789,optimal,4.155770235000091,28933,56165,193441
v0-bh50,BsonetEurope-r1,BsonetEurope,trajectory,B1,4,23.44889990650674,0.5862224976626684,optimal,2.372269089999463,28933,56165,193441
v0-bh50,BsonetEurope-r1,BsonetEurope,trajectory,B1,5,22.37862981838373,0.5594657454595933,optimal,5.4035744840002735,28933,56165,193441
v0-bh50,BsonetEurope-r1,BsonetEurope,trajectory,B1,6,22.191025650122572,0.5547756412530643,optimal,2.294661650001217,28933,56165,193441
v0-bh50,BsonetEurope-r1,BsonetEurope,trajectory,B1,7,22.66979682449806,0.5667449206124515,optimal,3.9466425649989105,28933,56165,193441
v0-bh50,BsonetEurope-r1,BsonetEurope,trajectory,B1,8,23.24204567046315,0.5810511417615787,optimal,2.5704961659976107,28933,56165,193441
v0-bh50,BsonetEurope-r1,BsonetEurope,trajectory,B1,9,22.58406162060535,0.5646015405151338,optimal,2.257050006999634,28933,56165,193441
v0-bh50,BsonetEurope-r1,BsonetEurope,trajectory,B1,10,22.447007213760216,0.5611751803440054,optimal,2.4950206040011835,28933,56165,193441
v0-bh50,BsonetEurope-r1,BsonetEurope,trajectory,B1,11,22.48571204257729,0.5621428010644323,optimal,2.23145518399906,28933,56165,193441
v0-bh50,BsonetEurope-r1,BsonetEurope,trajectory,B1,12,23.19113868332936,0.579778467083234,optimal,3.9252639890000864,28933,56165,193441
v0-bh50,BsonetEurope-r1,BsonetEurope,trajectory,B1,13,23.237082020709703,0.5809270505177426,optimal,2.9372127370006638,28933,56165,193441
v0-bh50,BsonetEurope-r1,BsonetEurope,trajectory,B1,14,22.346967760482634,0.5586741940120659,optimal,2.606609112001024,28933,56165,193441
v0-bh50,BsonetEurope-r1,BsonetEurope,trajectory,B1,15,23.815050203545013,0.5953762550886254,optimal,3.4738332599990827,28933,56165,193441
v0-bh50,BsonetEurope-r1,BsonetEurope,trajectory,B1,16,22.204360062962014,0.5551090015740503,optimal,2.0370422750020225,28933,56165,193441
v0-bh50,BsonetEurope-r1,BsonetEurope,trajectory,B1,17,23.70990441118212,0.592747610279553,optimal,3.366339460997551,28933,56165,193441
v0-bh50,BsonetEurope-r1,BsonetEurope,trajectory,B1,18,22.47622419968251,0.5619056049920628,optimal,2.2860292959994695,28933,56165,193441
v0-bh50,BsonetEurope-r1,BsonetEurope,trajectory,B1,19,23.39916623710536,0.5849791559276339,optimal,3.2348055629990995,28933,56165,193441
v0-bh50,BsonetEurope-r1,BsonetEurope,trajectory,B1,20,22.821201548507783,0.5705300387126946,optimal,2.5533530280008563,28933,56165,193441
v0-bh50,BsonetEurope-r1,BsonetEurope,trajectory,B1,21,22.8781935108708,0.57195483777177,optimal,8.894374543000595,28933,56165,193441
v0-bh50,BsonetEurope-r1,BsonetEurope,trajectory,B1,22,21.384739066326812,0.5346184766581703,optimal,4.083021361002466,28933,56165,193441
v0-bh50,BsonetEurope-r1,BsonetEurope,trajectory,B1,23,23.02534214379268,0.575633553594817,optimal,3.2943774160012254,28933,56165,193441
v0-bh50,BsonetEurope-r1,BsonetEurope,trajectory,B1,24,22.236220551863642,0.555905513796591,optimal,2.516170336999494,28933,56165,193441
v0-bh50,BsonetEurope-r1,BsonetEurope,trajectory,B1,25,22.82442342771009,0.5706105856927522,optimal,5.079752027999348,28933,56165,193441
v0-bh50,BsonetEurope-r1,BsonetEurope,trajectory,B1,26,23.78382124788266,0.5945955311970665,optimal,4.435600226999668,28933,56165,193441
v0-bh50,BsonetEurope-r1,BsonetEurope,trajectory,B1,27,23.335979276887496,0.5833994819221874,optimal,2.856515589999617,28933,56165,193441
v0-bh50,BsonetEurope-r1,BsonetEurope,trajectory,B1,28,22.690416142409447,0.5672604035602362,optimal,2.5440790619977633,28933,56165,193441
v0-bh50,BsonetEurope-r1,BsonetEurope,trajectory,B1,29,21.868930003477256,0.5467232500869315,optimal,3.38900514299894,28933,56165,193441
v0-bh50,BsonetEurope-r2,BsonetEurope,ground_only,,0,19.0,0.475,optimal,0.21706953099783277,6530,15425,44471
v0-bh50,BsonetEurope-r2,BsonetEurope,ground_only,,1,19.0,0.475,optimal,0.20995461900020018,6530,15425,44471
v0-bh50,BsonetEurope-r2,BsonetEurope,ground_only,,2,19.0,0.475,optimal,0.20401480100190383,6530,15425,44471
v0-bh50,BsonetEurope-r2,BsonetEurope,ground_only,,3,19.0,0.475,optimal,0.2074308609990112,6530,15425,44471
v0-bh50,BsonetEurope-r2,BsonetEurope,ground_only,,4,19.0,0.475,optimal,0.20108675200026482,6530,15425,44471
v0-bh50,BsonetEurope-r2,BsonetEurope,ground_only,,5,19.0,0.475,optimal,0.1975384289980866,6530,15425,44471
v0-bh50,BsonetEurope-r2,BsonetEurope,ground_only,,6,19.0,0.475,optimal,0.19924213299964322,6530,15425,44471
v0-bh50,BsonetEurope-r2,BsonetEurope,ground_only,,7,19.0,0.475,optimal,0.24190055599683546,6530,15425,44471
v0-bh50,BsonetEurope-r2,BsonetEurope,ground_only,,8,19.0,0.475,optimal,0.2900621990011132,6530,15425,44471
v0-bh50,BsonetEurope-r2,BsonetEurope,ground_only,,9,19.0,0.475,optimal,0.2614250250007899,6530,15425,44471
v0-bh50,BsonetEurope-r2,BsonetEurope,ground_only,,10,19.0,0.475,optimal,0.2694692730001407,6530,15425,44471
v0-bh50,BsonetEurope-r2,BsonetEurope,ground_only,,11,19.0,0.475,optimal,0.36245857600079034,6530,15425,44471
v0-bh50,BsonetEurope-r2,BsonetEurope,ground_only,,12,19.0,0.475,optimal,0.20536356199954753,6530,15425,44471
v0-bh50,BsonetEurope-r2,BsonetEurope,ground_only,,13,19.0,0.475,optimal,0.31870681699729175,6530,15425,44471
v0-bh50,BsonetEurope-r2,BsonetEurope,ground_only,,14,19.0,0.475,optimal,0.2072747870006424,6530,15425,44471
v0-bh50,BsonetEurope-r2,BsonetEurope,ground_only,,15,19.0,0.475,optimal,0.2108662610007741,6530,15425,44471
v0-bh50,BsonetEurope-r2,BsonetEurope,ground_only,,16,19.0,0.475,optimal,0.2121798839980329,6530,15425,44471
v0-bh50,BsonetEurope-r2,BsonetEurope,ground_only,,17,19.0,0.475,optimal,0.2613933790016745,6530,15425,44471
v0-bh50,BsonetEurope-r2,BsonetEurope,ground_only,,18,19.0,0.475,optimal,0.2547879279991321,6530,15425,44471
v0-bh50,BsonetEurope-r2,BsonetEurope,ground_only,,19,19.0,0.475,optimal,0.24900944299952243,6530,15425,44471
v0-bh50,BsonetEurope-r2,BsonetEurope,ground_only,,20,19.0,0.475,optimal,0.20462256600148976,6530,15425,44471
v0-bh50,BsonetEurope-r2,BsonetEurope,ground_only,,21,19.0,0.475,optimal,0.5662069959980727,6530,15425,44471
v0-bh50,BsonetEurope-r2,BsonetEurope,ground_only,,22,19.0,0.475,optimal,0.2074687050007924,6530,15425,44471
v0-bh50,BsonetEurope-r2,BsonetEurope,ground_only,,23,19.0,0.475,optimal,0.20393944900206407,6530,15425,44471
v0-bh50,BsonetEurope-r2,BsonetEurope,ground_only,,24,19.0,0.475,optimal,0.20620368300296832,6530,15425,44471
v0-bh50,BsonetEurope-r2,BsonetEurope,ground_only,,25,19.0,0.475,optimal,0.20878657999855932,6530,15425,44471
v0-bh50,BsonetEurope-r2,BsonetEurope,ground_only,,26,19.0,0.475,optimal,0.2042173499976343,6530,15425,44471
v0-bh50,BsonetEurope-r2,BsonetEurope,ground_only,,27,19.0,0.475,optimal,0.3174552019991097,6530,15425,44471
v0-bh50,BsonetEurope-r2,BsonetEurope,ground_only,,28,19.0,0.475,optimal,0.22495471599904704,6530,15425,44471
v0-bh50,BsonetEurope-r2,BsonetEurope,ground_only,,29,19.0,0.475,optimal,0.2174219879998418,6530,15425,44471
v0-bh50,BsonetEurope-r2,BsonetEurope,trajectory,B1,0,22.626984858793215,0.5656746214698304,optimal,2.21908398999949,25260,47401,181487
v0-bh50,BsonetEurope-r2,BsonetEurope,trajectory,B1,1,24.027549424376254,0.6006887356094064,optimal,3.398530144000688,25260,47401,181487
v0-bh50,BsonetEurope-r2,BsonetEurope,trajectory,B1,2,21.85965032506993,0.5464912581267483,optimal,1.5557466669997666,25260,47401,181487
v0-bh50,BsonetEurope-r2,BsonetEurope,trajectory,B1,3,22.970726069514395,0.5742681517378598,optimal,1.5052654610008176,25260,47401,181487
v0-bh50,BsonetEurope-r2,BsonetEurope,trajectory,B1,4,23.51328211279073,0.5878320528197682,optimal,1.5817010299979302,25260,47401,181487
v0-bh50,BsonetEurope-r2,BsonetEurope,trajectory,B1,5,22.426569581646515,0.5606642395411628,optimal,1.832696722001856,25260,47401,181487
v0-bh50,BsonetEurope-r2,BsonetEurope,trajectory,B1,6,22.398163453427916,0.5599540863356979,optimal,1.3817717330020969,25260,47401,181487
v0-bh50,BsonetEurope-r2,BsonetEurope,trajectory,B1,7,22.902116443198096,0.5725529110799524,optimal,3.6168847709996044,25260,47401,181487
v0-bh50,BsonetEurope-r2,BsonetEurope,trajectory,B1,8,22.54121756813129,0.5635304392032823,optimal,1.3881327290000627,25260,47401,181487
v0-bh50,BsonetEurope-r2,BsonetEurope,trajectory,B1,9,22.476902154862255,0.5619225538715564,optimal,3.5498701770011394,25260,47401,181487
v0-bh50,BsonetEurope-r2,BsonetEurope,trajectory,B1,10,22.469034970704442,0.561725874267611,optimal,1.3704194310012099,25260,47401,181487
v0-bh50,BsonetEurope-r2,BsonetEurope,trajectory,B1,11,22.700339380421624,0.5675084845105406,optimal,1.3317204249979113,25260,47401,181487
v0-bh50,BsonetEurope-r2,BsonetEurope,trajectory,B1,12,22.449371105218226,0.5612342776304556,optimal,1.314837982001336,25260,47401,181487
v0-bh50,BsonetEurope-r2,BsonetEurope,trajectory,B1,13,22.646695837490533,0.5661673959372633,optimal,1.3229917040007422,25260,47401,181487
v0-bh50,BsonetEurope-r2,BsonetEurope,trajectory,B1,14,23.720288153370426,0.5930072038342606,optimal,1.438888697000948,25260,47401,181487
v0-bh50,BsonetEurope-r2,BsonetEurope,trajectory,B1,15,22.491988169789366,0.5622997042447342,optimal,1.3877062460014713,25260,47401,181487
v0-bh50,BsonetEurope-r2,BsonetEurope,trajectory,B1,16,24.360856234340037,0.609021405858501,optimal,1.5592106900003273,25260,47401,181487
v0-bh50,BsonetEurope-r2,BsonetEurope,trajectory,B1,17,22.25835045106415,0.5564587612766038,optimal,1.5782757849992777,25260,47401,181487
v0-bh50,BsonetEurope-r2,BsonetEurope,trajectory,B1,18,21.79143184400827,0.5447857961002067,optimal,1.3613130899975658,25260,47401,181487
v0-bh50,BsonetEurope-r2,BsonetEurope,trajectory,B1,19,21.616930175707346,0.5404232543926837,optimal,1.396164449997741,25260,47401,181487
v0-bh50,BsonetEurope-r2,BsonetEurope,trajectory,B1,20,21.906941225693984,0.5476735306423496,optimal,1.3443738040004973,25260,47401,181487
v0-bh50,BsonetEurope-r2,BsonetEurope,trajectory,B1,21,22.73837718379178,0.5684594295947945,optimal,1.470251245998952,25260,47401,181487
v0-bh50,BsonetEurope-r2,BsonetEurope,trajectory,B1,22,22.561574981171095,0.5640393745292773,optimal,2.912356747998274,25260,47401,181487
v0-bh50,BsonetEurope-r2,BsonetEurope,trajectory,B1,23,22.703493251271347,0.5675873312817836,optimal,1.8801035369979218,25260,47401,181487
v0-bh50,BsonetEurope-r2,BsonetEurope,trajectory,B1,24,21.680790273660538,0.5420197568415135,optimal,1.374804803999723,25260,47401,181487
v0-bh50,BsonetEurope-r2,BsonetEurope,trajectory,B1,25,22.112297047968063,0.5528074261992015,optimal,2.979002011998091,25260,47401,181487
v0-bh50,BsonetEurope-r2,BsonetEurope,trajectory,B1,26,22.04513628646882,0.5511284071617205,optimal,1.2843062419997295,25260,47401,181487
v0-bh50,BsonetEurope-r2,BsonetEurope,trajectory,B1,27,24.153966203219714,0.6038491550804929,optimal,1.4514701980006066,25260,47401,181487
v0-bh50,BsonetEurope-r2,BsonetEurope,trajectory,B1,28,23.452848131657255,0.5863212032914313,optimal,2.891115885002364,25260,47401,181487
v0-bh50,BsonetEurope-r2,BsonetEurope,trajectory,B1,29,21.757708010799618,0.5439427002699905,optimal,1.366816800997185,25260,47401,181487
v0-bh50,BtNorthAmerica-r0,BtNorthAmerica,ground_only,,0,16.3583868315026,0.408959670787565,optimal,0.365817269001127,6446,14275,41740
v0-bh50,BtNorthAmerica-r0,BtNorthAmerica,ground_only,,1,16.3583868315026,0.408959670787565,optimal,0.36136390899991966,6446,14275,41740
v0-bh50,BtNorthAmerica-r0,BtNorthAmerica,ground_only,,2,16.3583868315026,0.408959670787565,optimal,0.37121974199908436,6446,14275,41740
v0-bh50,BtNorthAmerica-r0,BtNorthAmerica,ground_only,,3,16.3583868315026,0.408959670787565,optimal,0.372716889000003,6446,14275,41740
v0-bh50,BtNorthAmerica-r0,BtNorthAmerica,ground_only,,4,16.3583868315026,0.408959670787565,optimal,0.36908211999980267,6446,14275,41740
v0-bh50,BtNorthAmerica-r0,BtNorthAmerica,ground_only,,5,16.3583868315026,0.408959670787565,optimal,0.3669069600000512,6446,14275,41740
v0-bh50,BtNorthAmerica-r0,BtNorthAmerica,ground_only,,6,16.3583868315026,0.408959670787565,optimal,0.3583701520001341,6446,14275,41740
v0-bh50,BtNorthAmerica-r0,BtNorthAmerica,ground_only,,7,16.3583868315026,0.408959670787565,optimal,0.3601986219982791,6446,14275,41740
v0-bh50,BtNorthAmerica-r0,BtNorthAmerica,ground_only,,8,16.3583868315026,0.408959670787565,optimal,0.3725616900010209,6446,14275,41740
v0-bh50,BtNorthAmerica-r0,BtNorthAmerica,ground_only,,9,16.3583868315026,0.408959670787565,optimal,0.3673687519985833,6446,14275,41740
v0-bh50,BtNorthAmerica-r0,BtNorthAmerica,ground_only,,10,16.3583868315026,0.408959670787565,optimal,0.8882368660015345,6446,14275,41740
v0-bh50,BtNorthAmerica-r0,BtNorthAmerica,ground_only,,11,16.3583868315026,0.408959670787565,optimal,0.3752092909999192,6446,14275,41740
v0-bh50,BtNorthAmerica-r0,BtNorthAmerica,ground_only,,12,16.3583868315026,0.408959670787565,optimal,0.3626225589978276,6446,14275,41740
v0-bh50,BtNorthAmerica-r0,BtNorthAmerica,ground_only,,13,16.3583868315026,0.408959670787565,optimal,0.36924693800028763,6446,14275,41740
v0-bh50,BtNorthAmerica-r0,BtNorthAmerica,ground_only,,14,16.3583868315026,0.408959670787565,optimal,0.3625858679988596,6446,14275,41740
v0-bh50,BtNorthAmerica-r0,BtNorthAmerica,ground_only,,15,16.3583868315026,0.408959670787565,optimal,0.36261354299858795,6446,14275,41740
v0-bh50,BtNorthAmerica-r0,BtNorthAmerica,ground_only,,16,16.3583868315026,0.408959670787565,optimal,0.3681382130016573,6446,14275,41740
v0-bh50,BtNorthAmerica-r0,BtNorthAmerica,ground_only,,17,16.3583868315026,0.408959670787565,optimal,0.3810158010019222,6446,14275,41740
v0-bh50,BtNorthAmerica-r0,BtNorthAmerica,ground_only,,18,16.3583868315026,0.408959670787565,optimal,0.36627692200272577,6446,14275,41740
v0-bh50,BtNorthAmerica-r0,BtNorthAmerica,ground_only,,19,16.3583868315026,0.408959670787565,optimal,0.3646217639980023,6446,14275,41740
v0-bh50,BtNorthAmerica-r0,BtNorthAmerica,ground_only,,20,16.3583868315026,0.408959670787565,optimal,0.36336807399857207,6446,14275,41740
v0-bh50,BtNorthAmerica-r0,BtNorthAmerica,ground_only,,21,16.3583868315026,0.408959670787565,optimal,0.3728283390009892,6446,14275,41740
v0-bh50,BtNorthAmerica-r0,BtNorthAmerica,ground_only,,22,16.3583868315026,0.408959670787565,optimal,0.36785832500027027,6446,14275,41740
v0-bh50,BtNorthAmerica-r0,BtNorthAmerica,ground_only,,23,16.3583868315026,0.408959670787565,optimal,0.39906126799905906,6446,14275,41740
v0-bh50,BtNorthAmerica-r0,BtNorthAmerica,ground_only,,24,16.3583868315026,0.408959670787565,optimal,0.3752423820005788,6446,14275,41740
v0-bh50,BtNorthAmerica-r0,BtNorthAmerica,ground_only,,25,16.3583868315026,0.408959670787565,optimal,0.41263840600004187,6446,14275,41740
v0-bh50,BtNorthAmerica-r0,BtNorthAmerica,ground_only,,26,16.3583868315026,0.408959670787565,optimal,0.39314939399992,6446,14275,41740
v0-bh50,BtNorthAmerica-r0,BtNorthAmerica,ground_only,,27,16.3583868315026,0.408959670787565,optimal,0.37116624299960677,6446,14275,41740
v0-bh50,BtNorthAmerica-r0,BtNorthAmerica,ground_only,,28,16.3583868315026,0.408959670787565,optimal,0.37202650900144363,6446,14275,41740
v0-bh50,BtNorthAmerica-r0,BtNorthAmerica,ground_only,,29,16.3583868315026,0.408959670787565,optimal,0.8210486919997493,6446,14275,41740
v0-bh50,BtNorthAmerica-r0,BtNorthAmerica,trajectory,B1,0,21.12052337661853,0.5280130844154632,optimal,2.815702150001016,29819,57379,203076
v0-bh50,BtNorthAmerica-r0,BtNorthAmerica,trajectory,B1,1,23.42738007669179,0.5856845019172947,optimal,2.9875756279980124,29819,57379,203076
v0-bh50,BtNorthAmerica-r0,BtNorthAmerica,trajectory,B1,2,21.815800152056703,0.5453950038014176,optimal,4.035961982001027,29819,57379,203076
v0-bh50,BtNorthAmerica-r0,BtNorthAmerica,trajectory,B1,3,21.615391559742857,0.5403847889935715,optimal,2.8296879259978596,29819,57379,203076
v0-bh50,BtNorthAmerica-r0,BtNorthAmerica,trajectory,B1,4,21.287012721102233,0.5321753180275558,optimal,5.1034785640003975,29819,57379,203076
v0-bh50,BtNorthAmerica-r0,BtNorthAmerica,trajectory,B1,5,22.430861375951253,0.5607715343987814,optimal,3.146447322000313,29819,57379,203076
v0-bh50,BtNorthAmerica-r0,BtNorthAmerica,trajectory,B1,6,22.311163967029316,0.5577790991757329,optimal,3.152043361998949,29819,57379,203076
v0-bh50,BtNorthAmerica-r0,BtNorthAmerica,trajectory,B1,7,21.77790921358661,0.5444477303396653,optimal,2.6369152730003407,29819,57379,203076
v0-bh50,BtNorthAmerica-r0,BtNorthAmerica,trajectory,B1,8,22.726204460632463,0.5681551115158116,optimal,2.9979309990012553,29819,57379,203076
v0-bh50,BtNorthAmerica-r0,BtNorthAmerica,trajectory,B1,9,22.850522114566726,0.5712630528641681,optimal,7.528763369999069,29819,57379,203076
v0-bh50,BtNorthAmerica-r0,BtNorthAmerica,trajectory,B1,10,21.6168988736169,0.5404224718404225,optimal,6.1140328040019085,29819,57379,203076
v0-bh50,BtNorthAmerica-r0,BtNorthAmerica,trajectory,B1,11,22.60648190131548,0.565162047532887,optimal,3.45281870600229,29819,57379,203076
v0-bh50,BtNorthAmerica-r0,BtNorthAmerica,trajectory,B1,12,22.741974817428286,0.5685493704357072,optimal,2.9847099109974806,29819,57379,203076
v0-bh50,BtNorthAmerica-r0,BtNorthAmerica,trajectory,B1,13,21.969226899853048,0.5492306724963262,optimal,3.1070307820009475,29819,57379,203076
v0-bh50,BtNorthAmerica-r0,BtNorthAmerica,trajectory,B1,14,21.160533726147218,0.5290133431536804,optimal,4.470098181001958,29819,57379,203076
v0-bh50,BtNorthAmerica-r0,BtNorthAmerica,trajectory,B1,15,21.172657830696206,0.5293164457674051,optimal,2.9410039569993387,29819,57379,203076
v0-bh50,BtNorthAmerica-r0,BtNorthAmerica,trajectory,B1,16,21.32532986977177,0.5331332467442943,optimal,2.794540995000716,29819,57379,203076
v0-bh50,BtNorthAmerica-r0,BtNorthAmerica,trajectory,B1,17,21.545974304689278,0.538649357617232,optimal,3.3232562679986586,29819,57379,203076
v0-bh50,BtNorthAmerica-r0,BtNorthAmerica,trajectory,B1,18,20.38494485083644,0.509623621270911,optimal,2.9996316169999773,29819,57379,203076
v0-bh50,BtNorthAmerica-r0,BtNorthAmerica,trajectory,B1,19,21.40439650109383,0.5351099125273457,optimal,4.622382100998948,29819,57379,203076
v0-bh50,BtNorthAmerica-r0,BtNorthAmerica,trajectory,B1,20,22.63782806981542,0.5659457017453855,optimal,2.9426526249990275,29819,57379,203076
v0-bh50,BtNorthAmerica-r0,BtNorthAmerica,trajectory,B1,21,22.30686644433465,0.5576716611083662,optimal,2.9011448130004283,29819,57379,203076
v0-bh50,BtNorthAmerica-r0,BtNorthAmerica,trajectory,B1,22,21.93709801832556,0.548427450458139,optimal,2.853520903001481,29819,57379,203076
v0-bh50,BtNorthAmerica-r0,BtNorthAmerica,trajectory,B1,23,23.907609303676345,0.5976902325919087,optimal,3.103252414999588,29819,57379,203076
v0-bh50,BtNorthAmerica-r0,BtNorthAmerica,trajectory,B1,24,22.628864414551057,0.5657216103637764,optimal,3.055393811999238,29819,57379,203076
v0-bh50,BtNorthAmerica-r0,BtNorthAmerica,trajectory,B1,25,20.543470372646322,0.513586759316158,optimal,2.678795028998138,29819,57379,203076
v0-bh50,BtNorthAmerica-r0,BtNorthAmerica,trajectory,B1,26,21.47512645562185,0.5368781613905462,optimal,3.2874388189993624,29819,57379,203076
v0-bh50,BtNorthAmerica-r0,BtNorthAmerica,trajectory,B1,27,21.393860069075924,0.5348465017268981,optimal,6.58546314799969,29819,57379,203076
v0-bh50,BtNorthAmerica-r0,BtNorthAmerica,trajectory,B1,28,20.388632743996382,0.5097158185999096,optimal,2.8721981630005757,29819,57379,203076
v0-bh50,BtNorthAmerica-r0,BtNorthAmerica,trajectory,B1,29,22.027058130992618,0.5506764532748154,optimal,3.358126782000909,29819,57379,203076
v0-bh50,BtNorthAmerica-r1,BtNorthAmerica,ground_only,,0,36.459330902512,0.9114832725628,optimal,4.3114207919970795,17856,36395,106501
v0-bh50,BtNorthAmerica-r1,BtNorthAmerica,ground_only,,1,36.459330902512,0.9114832725628,optimal,9.324050323000847,17856,36395,106501
v0-bh50,BtNorthAmerica-r1,BtNorthAmerica,ground_only,,2,36.459330902512,0.9114832725628,optimal,4.3506138010016,17856,36395,106501
v0-bh50,BtNorthAmerica-r1,BtNorthAmerica,ground_only,,3,36.459330902512,0.9114832725628,optimal,5.6518490119997296,17856,36395,106501
v0-bh50,BtNorthAmerica-r1,BtNorthAmerica,ground_only,,4,36.459330902512,0.9114832725628,optimal,4.342303310000716,17856,36395,106501
v0-bh50,BtNorthAmerica-r1,BtNorthAmerica,ground_only,,5,36.459330902512,0.9114832725628,optimal,4.386830699000711,17856,36395,106501
v0-bh50,BtNorthAmerica-r1,BtNorthAmerica,ground_only,,6,36.459330902512,0.9114832725628,optimal,4.424978390001343,17856,36395,106501
v0-bh50,BtNorthAmerica-r1,BtNorthAmerica,ground_only,,7,36.459330902512,0.9114832725628,optimal,4.3982708570001705,17856,36395,106501
v0-bh50,BtNorthAmerica-r1,BtNorthAmerica,ground_only,,8,36.459330902512,0.9114832725628,optimal,5.548836858000868,17856,36395,106501
v0-bh50,BtNorthAmerica-r1,BtNorthAmerica,ground_only,,9,36.459330902512,0.9114832725628,optimal,9.334864898999513,17856,36395,106501
v0-bh50,BtNorthAmerica-r1,BtNorthAmerica,ground_only,,10,36.459330902512,0.9114832725628,optimal,4.369225883998297,17856,36395,106501
v0-bh50,BtNorthAmerica-r1,BtNorthAmerica,ground_only,,11,36.459330902512,0.9114832725628,optimal,4.675713920001726,17856,36395,106501
v0-bh50,BtNorthAmerica-r1,BtNorthAmerica,ground_only,,12,36.459330902512,0.9114832725628,optimal,4.4950510729977395,17856,36395,106501
v0-bh50,BtNorthAmerica-r1,BtNorthAmerica,ground_only,,13,36.459330902512,0.9114832725628,optimal,4.449438528998144,17856,36395,106501
v0-bh50,BtNorthAmerica-r1,BtNorthAmerica,ground_only,,14,36.459330902512,0.9114832725628,optimal,5.641208301000006,17856,36395,106501
v0-bh50,BtNorthAmerica-r1,BtNorthAmerica,ground_only,,15,36.459330902512,0.9114832725628,optimal,4.592465509002068,17856,36395,106501
v0-bh50,BtNorthAmerica-r1,BtNorthAmerica,ground_only,,16,36.459330902512,0.9114832725628,optimal,4.473512772001413,17856,36395,106501
v0-bh50,BtNorthAmerica-r1,BtNorthAmerica,ground_only,,17,36.459330902512,0.9114832725628,optimal,6.008616617997177,17856,36395,106501
v0-bh50,BtNorthAmerica-r1,BtNorthAmerica,ground_only,,18,36.459330902512,0.9114832725628,optimal,9.928998874998797,17856,36395,106501
v0-bh50,BtNorthAmerica-r1,BtNorthAmerica,ground_only,,19,36.459330902512,0.9114832725628,optimal,6.478473783998197,17856,36395,106501
v0-bh50,BtNorthAmerica-r1,BtNorthAmerica,ground_only,,20,36.459330902512,0.9114832725628,optimal,7.082536993999383,17856,36395,106501
v0-bh50,BtNorthAmerica-r1,BtNorthAmerica,ground_only,,21,36.459330902512,0.9114832725628,optimal,4.49099925200062,17856,36395,106501
v0-bh50,BtNorthAmerica-r1,BtNorthAmerica,ground_only,,22,36.459330902512,0.9114832725628,optimal,4.5874687649993575,17856,36395,106501
v0-bh50,BtNorthAmerica-r1,BtNorthAmerica,ground_only,,23,36.459330902512,0.9114832725628,optimal,4.477324294999562,17856,36395,106501
v0-bh50,BtNorthAmerica-r1,BtNorthAmerica,ground_only,,24,36.459330902512,0.9114832725628,optimal,4.509394411001267,17856,36395,106501
v0-bh50,BtNorthAmerica-r1,BtNorthAmerica,ground_only,,25,36.459330902512,0.9114832725628,optimal,4.428898332000244,17856,36395,106501
v0-bh50,BtNorthAmerica-r1,BtNorthAmerica,ground_only,,26,36.459330902512,0.9114832725628,optimal,4.535442341002636,17856,36395,106501
v0-bh50,BtNorthAmerica-r1,BtNorthAmerica,ground_only,,27,36.459330902512,0.9114832725628,optimal,4.427397606003069,17856,36395,106501
v0-bh50,BtNorthAmerica-r1,BtNorthAmerica,ground_only,,28,36.459330902512,0.9114832725628,optimal,7.217187857997487,17856,36395,106501
v0-bh50,BtNorthAmerica-r1,BtNorthAmerica,ground_only,,29,36.459330902512,0.9114832725628,optimal,9.688569882000593,17856,36395,106501
v0-bh50,BtNorthAmerica-r1,BtNorthAmerica,trajectory,B1,0,37.232332778868766,0.9308083194717192,optimal,9.920462451998901,27456,59055,180590
v0-bh50,BtNorthAmerica-r1,BtNorthAmerica,trajectory,B1,1,37.55439554380186,0.9388598885950465,optimal,9.491885915002058,27456,59055,180590
v0-bh50,BtNorthAmerica-r1,BtNorthAmerica,trajectory,B1,2,37.446211320627064,0.9361552830156766,optimal,7.662241483998514,27456,59055,180590
v0-bh50,BtNorthAmerica-r1,BtNorthAmerica,trajectory,B1,3,37.454569387764124,0.9363642346941031,optimal,6.6104636500022025,27456,59055,180590
v0-bh50,BtNorthAmerica-r1,BtNorthAmerica,trajectory,B1,4,37.71659021482151,0.9429147553705377,optimal,8.877201221999712,27456,59055,180590
v0-bh50,BtNorthAmerica-r1,BtNorthAmerica,trajectory,B1,5,37.29774772673023,0.9324436931682557,optimal,7.2912135680016945,27456,59055,180590
v0-bh50,BtNorthAmerica-r1,BtNorthAmerica,trajectory,B1,6,37.48631147336786,0.9371577868341966,optimal,7.576338986000337,27456,59055,180590
v0-bh50,BtNorthAmerica-r1,BtNorthAmerica,trajectory,B1,7,36.93357258749029,0.9233393146872573,optimal,6.033517326002766,27456,59055,180590
v0-bh50,BtNorthAmerica-r1,BtNorthAmerica,trajectory,B1,8,37.22952216006499,0.9307380540016247,optimal,11.617299336001452,27456,59055,180590
v0-bh50,BtNorthAmerica-r1,BtNorthAmerica,trajectory,B1,9,37.076827642384146,0.9269206910596036,optimal,7.356829602998914,27456,59055,180590
v0-bh50,BtNorthAmerica-r1,BtNorthAmerica,trajectory,B1,10,37.70697418072936,0.942674354518234,optimal,7.1518182849977165,27456,59055,180590
v0-bh50,BtNorthAmerica-r1,BtNorthAmerica,trajectory,B1,11,37.29127492883636,0.9322818732209089,optimal,5.700690838999435,27456,59055,180590
v0-bh50,BtNorthAmerica-r1,BtNorthAmerica,trajectory,B1,12,37.83158174081697,0.9457895435204243,optimal,8.661057431996596,27456,59055,180590
v0-bh50,BtNorthAmerica-r1,BtNorthAmerica,trajectory,B1,13,37.24337501086974,0.9310843752717435,optimal,13.475996945999213,27456,59055,180590
v0-bh50,BtNorthAmerica-r1,BtNorthAmerica,trajectory,B1,14,37.200500821271326,0.9300125205317832,optimal,6.516182994000701,27456,59055,180590
v0-bh50,BtNorthAmerica-r1,BtNorthAmerica,trajectory,B1,15,37.35420430690789,0.9338551076726972,optimal,7.441430622999178,27456,59055,180590
v0-bh50,BtNorthAmerica-r1,BtNorthAmerica,trajectory,B1,16,37.62732518454327,0.9406831296135817,optimal,7.525740177999978,27456,59055,180590
v0-bh50,BtNorthAmerica-r1,BtNorthAmerica,trajectory,B1,17,37.025183215028385,0.9256295803757096,optimal,7.88149997200162,27456,59055,180590
v0-bh50,BtNorthAmerica-r1,BtNorthAmerica,trajectory,B1,18,37.345735226223056,0.9336433806555764,optimal,12.87162705800074,27456,59055,180590
v0-bh50,BtNorthAmerica-r1,BtNorthAmerica,trajectory,B1,19,37.42862886263016,0.9357157215657541,optimal,9.153878313998575,27456,59055,180590
v0-bh50,BtNorthAmerica-r1,BtNorthAmerica,trajectory,B1,20,37.2030797395395,0.9300769934884874,optimal,9.239093715001218,27456,59055,180590
v0-bh50,BtNorthAmerica-r1,BtNorthAmerica,trajectory,B1,21,37.65800908152889,0.9414502270382222,optimal,7.087024552998628,27456,59055,180590
v0-bh50,BtNorthAmerica-r1,BtNorthAmerica,trajectory,B1,22,37.44684338809297,0.9361710847023244,optimal,7.313246744000935,27456,59055,180590
v0-bh50,BtNorthAmerica-r1,BtNorthAmerica,trajectory,B1,23,37.53775085424195,0.9384437713560487,optimal,9.421030243000132,27456,59055,180590
v0-bh50,BtNorthAmerica-r1,BtNorthAmerica,trajectory,B1,24,37.66981012277823,0.9417452530694558,optimal,12.240490078998846,27456,59055,180590
v0-bh50,BtNorthAmerica-r1,BtNorthAmerica,trajectory,B1,25,37.56481726528764,0.9391204316321909,optimal,6.8754746509985125,27456,59055,180590
v0-bh50,BtNorthAmerica-r1,BtNorthAmerica,trajectory,B1,26,37.483134463705525,0.9370783615926381,optimal,7.13025964299959,27456,59055,180590
v0-bh50,BtNorthAmerica-r1,BtNorthAmerica,trajectory,B1,27,37.191002573771755,0.9297750643442939,optimal,6.923055429997476,27456,59055,180590
v0-bh50,BtNorthAmerica-r1,BtNorthAmerica,trajectory,B1,28,37.57556262583804,0.9393890656459509,optimal,7.478083702000731,27456,59055,180590
v0-bh50,BtNorthAmerica-r1,BtNorthAmerica,trajectory,B1,29,37.78649326084329,0.9446623315210821,optimal,6.938771732002351,27456,59055,180590
v0-bh50,BtNorthAmerica-r2,BtNorthAmerica,ground_only,,0,13.273173,0.331829325,optimal,1.6725665439989825,9200,17482,47653
v0-bh50,BtNorthAmerica-r2,BtNorthAmerica,ground_only,,1,13.273173,0.331829325,optimal,0.8226180349993228,9200,17482,47653
v0-bh50,BtNorthAmerica-r2,BtNorthAmerica,ground_only,,2,13.273173,0.331829325,optimal,2.0058051880005223,9200,17482,47653
v0-bh50,BtNorthAmerica-r2,BtNorthAmerica,ground_only,,3,13.273173,0.331829325,optimal,1.9019974969996838,9200,17482,47653
v0-bh50,BtNorthAmerica-r2,BtNorthAmerica,ground_only,,4,13.273173,0.331829325,optimal,0.7967445990034321,9200,17482,47653
v0-bh50,BtNorthAmerica-r2,BtNorthAmerica,ground_only,,5,13.273173,0.331829325,optimal,1.9073264510006993,9200,17482,47653
v0-bh50,BtNorthAmerica-r2,BtNorthAmerica,ground_only,,6,13.273173,0.331829325,optimal,0.7780731439997908,9200,17482,47653
v0-bh50,BtNorthAmerica-r2,BtNorthAmerica,ground_only,,7,13.273173,0.331829325,optimal,0.7893700230015384,9200,17482,47653
v0-bh50,BtNorthAmerica-r2,BtNorthAmerica,ground_only,,8,13.273173,0.331829325,optimal,0.7883078770028078,9200,17482,47653
v0-bh50,BtNorthAmerica-r2,BtNorthAmerica,ground_only,,9,13.273173,0.331829325,optimal,0.764984984001785,9200,17482,47653
v0-bh50,BtNorthAmerica-r2,BtNorthAmerica,ground_only,,10,13.273173,0.331829325,optimal,0.7842636690002109,9200,17482,47653
v0-bh50,BtNorthAmerica-r2,BtNorthAmerica,ground_only,,11,13.273173,0.331829325,optimal,0.778920240001753,9200,17482,47653
v0-bh50,BtNorthAmerica-r2,BtNorthAmerica,ground_only,,12,13.273173,0.331829325,optimal,0.7517665020022832,9200,17482,47653
v0-bh50,BtNorthAmerica-r2,BtNorthAmerica,ground_only,,13,13.273173,0.331829325,optimal,0.7766329940022842,9200,17482,47653
v0-bh50,BtNorthAmerica-r2,BtNorthAmerica,ground_only,,14,13.273173,0.331829325,optimal,1.4250370619993191,9200,17482,47653
v0-bh50,BtNorthAmerica-r2,BtNorthAmerica,ground_only,,15,13.273173,0.331829325,optimal,0.757598912998219,9200,17482,47653
v0-bh50,BtNorthAmerica-r2,BtNorthAmerica,ground_only,,16,13.273173,0.331829325,optimal,1.7216478299997107,9200,17482,47653
v0-bh50,BtNorthAmerica-r2,BtNorthAmerica,ground_only,,17,13.273173,0.331829325,optimal,0.7923604660027195,9200,17482,47653
v0-bh50,BtNorthAmerica-r2,BtNorthAmerica,ground_only,,18,13.273173,0.331829325,optimal,0.78369066400046,9200,17482,47653
v0-bh50,BtNorthAmerica-r2,BtNorthAmerica,ground_only,,19,13.273173,0.331829325,optimal,1.6702586149986018,9200,17482,47653
v0-bh50,BtNorthAmerica-r2,BtNorthAmerica,ground_only,,20,13.273173,0.331829325,optimal,1.0078915470003267,9200,17482,47653
v0-bh50,BtNorthAmerica-r2,BtNorthAmerica,ground_only,,21,13.273173,0.331829325,optimal,0.784558905997983,9200,17482,47653
v0-bh50,BtNorthAmerica-r2,BtNorthAmerica,ground_only,,22,13.273173,0.331829325,optimal,0.7908428360024118,9200,17482,47653
v0-bh50,BtNorthAmerica-r2,BtNorthAmerica,ground_only,,23,13.273173,0.331829325,optimal,0.8061541559982288,9200,17482,47653
v0-bh50,BtNorthAmerica-r2,BtNorthAmerica,ground_only,,24,13.273173,0.331829325,optimal,0.8267108549989644,9200,17482,47653
v0-bh50,BtNorthAmerica-r2,BtNorthAmerica,ground_only,,25,13.273173,0.331829325,optimal,0.8019261109984654,9200,17482,47653
v0-bh50,BtNorthAmerica-r2,BtNorthAmerica,ground_only,,26,13.273173,0.331829325,optimal,0.7612858840002446,9200,17482,47653
v0-bh50,BtNorthAmerica-r2,BtNorthAmerica,ground_only,,27,13.273173,0.331829325,optimal,0.7905237570012105,9200,17482,47653
v0-bh50,BtNorthAmerica-r2,BtNorthAmerica,ground_only,,28,13.273173,0.331829325,optimal,0.7608450500010804,9200,17482,47653
v0-bh50,BtNorthAmerica-r2,BtNorthAmerica,ground_only,,29,13.273173,0.331829325,optimal,1.2442843459975848,9200,17482,47653
v0-bh50,BtNorthAmerica-r2,BtNorthAmerica,trajectory,B1,0,17.440357722361327,0.43600894305903315,optimal,4.111889603998861,33808,61246,214270
v0-bh50,BtNorthAmerica-r2,BtNorthAmerica,trajectory,B1,1,18.01536137975872,0.45038403449396797,optimal,2.750426257000072,33808,61246,214270
v0-bh50,BtNorthAmerica-r2,BtNorthAmerica,trajectory,B1,2,18.584874765293947,0.46462186913234865,optimal,3.32972195000184,33808,61246,214270
v0-bh50,BtNorthAmerica-r2,BtNorthAmerica,trajectory,B1,3,17.792456725726776,0.4448114181431694,optimal,6.082073562996811,33808,61246,214270
v0-bh50,BtNorthAmerica-r2,BtNorthAmerica,trajectory,B1,4,16.947087473104773,0.42367718682761935,optimal,2.6999072580001666,33808,61246,214270
v0-bh50,BtNorthAmerica-r2,BtNorthAmerica,trajectory,B1,5,18.250797591403504,0.4562699397850876,optimal,4.077201313000842,33808,61246,214270
v0-bh50,BtNorthAmerica-r2,BtNorthAmerica,trajectory,B1,6,17.532657755218125,0.4383164438804531,optimal,2.801944213999377,33808,61246,214270
v0-bh50,BtNorthAmerica-r2,BtNorthAmerica,trajectory,B1,7,17.04146562994883,0.4260366407487208,optimal,2.6744394930028648,33808,61246,214270
v0-bh50,BtNorthAmerica-r2,BtNorthAmerica,trajectory,B1,8,17.44278748722776,0.43606968718069405,optimal,5.8497916879969125,33808,61246,214270
v0-bh50,BtNorthAmerica-r2,BtNorthAmerica,trajectory,B1,9,17.9917653821158,0.449794134552895,optimal,4.952827707002143,33808,61246,214270
v0-bh50,BtNorthAmerica-r2,BtNorthAmerica,trajectory,B1,10,18.26047454562583,0.4565118636406457,optimal,2.9285837880015606,33808,61246,214270
v0-bh50,BtNorthAmerica-r2,BtNorthAmerica,trajectory,B1,11,16.454943338368942,0.41137358345922354,optimal,3.2789119000008213,33808,61246,214270
v0-bh50,BtNorthAmerica-r2,BtNorthAmerica,trajectory,B1,12,17.45556969678369,0.43638924241959226,optimal,2.780354274000274,33808,61246,214270
v0-bh50,BtNorthAmerica-r2,BtNorthAmerica,trajectory,B1,13,16.08751948330137,0.4021879870825343,optimal,2.8623833040001045,33808,61246,214270
v0-bh50,BtNorthAmerica-r2,BtNorthAmerica,trajectory,B1,14,15.25813823430809,0.38145345585770224,optimal,2.7769378749981115,33808,61246,214270
v0-bh50,BtNorthAmerica-r2,BtNorthAmerica,trajectory,B1,15,18.28599968754983,0.45714999218874575,optimal,2.972248383000988,33808,61246,214270
v0-bh50,BtNorthAmerica-r2,BtNorthAmerica,trajectory,B1,16,18.510577041125316,0.4627644260281329,optimal,2.8431469060014933,33808,61246,214270
v0-bh50,BtNorthAmerica-r2,BtNorthAmerica,trajectory,B1,17,15.920862091098034,0.39802155227745084,optimal,2.707193523998285,33808,61246,214270
v0-bh50,BtNorthAmerica-r2,BtNorthAmerica,trajectory,B1,18,17.27064502557298,0.4317661256393245,optimal,2.681108671000402,33808,61246,214270
v0-bh50,BtNorthAmerica-r2,BtNorthAmerica,trajectory,B1,19,17.517283037192186,0.43793207592980465,optimal,5.623207152999385,33808,61246,214270
v0-bh50,BtNorthAmerica-r2,BtNorthAmerica,trajectory,B1,20,17.420491489630976,0.4355122872407744,optimal,5.955648139999539,33808,61246,214270
v0-bh50,BtNorthAmerica-r2,BtNorthAmerica,trajectory,B1,21,17.00943235303879,0.42523580882596973,optimal,2.661506095999357,33808,61246,214270
v0-bh50,BtNorthAmerica-r2,BtNorthAmerica,trajectory,B1,22,17.21753458397213,0.4304383645993033,optimal,2.504929924998578,33808,61246,214270
v0-bh50,BtNorthAmerica-r2,BtNorthAmerica,trajectory,B1,23,17.498631712415396,0.4374657928103849,optimal,3.1936308779986575,33808,61246,214270
v0-bh50,BtNorthAmerica-r2,BtNorthAmerica,trajectory,B1,24,16.12425082900519,0.4031062707251298,optimal,3.085687045000668,33808,61246,214270
v0-bh50,BtNorthAmerica-r2,BtNorthAmerica,trajectory,B1,25,17.44889651407189,0.43622241285179725,optimal,5.566715454999212,33808,61246,214270
v0-bh50,BtNorthAmerica-r2,BtNorthAmerica,trajectory,B1,26,17.32890107451698,0.4332225268629245,optimal,3.292067804999533,33808,61246,214270
v0-bh50,BtNorthAmerica-r2,BtNorthAmerica,trajectory,B1,27,17.663487101781776,0.4415871775445444,optimal,2.5990518649996375,33808,61246,214270
v0-bh50,BtNorthAmerica-r2,BtNorthAmerica,trajectory,B1,28,16.45472522401489,0.41136813060037225,optimal,5.215736930000276,33808,61246,214270
v0-bh50,BtNorthAmerica-r2,BtNorthAmerica,trajectory,B1,29,17.457572835965237,0.43643932089913096,optimal,2.7923286040022504,33808,61246,214270
v0-bh50,Cesnet200603-r0,Cesnet200603,ground_only,,0,16.968904296231404,0.4242226074057851,optimal,0.7684176160000789,8196,15747,46136
v0-bh50,Cesnet200603-r0,Cesnet200603,ground_only,,1,16.968904296231404,0.4242226074057851,optimal,0.7624289499981387,8196,15747,46136
v0-bh50,Cesnet200603-r0,Cesnet200603,ground_only,,2,16.968904296231404,0.4242226074057851,optimal,0.7634149139994406,8196,15747,46136
v0-bh50,Cesnet200603-r0,Cesnet200603,ground_only,,3,16.968904296231404,0.4242226074057851,optimal,0.7712136859991006,8196,15747,46136
v0-bh50,Cesnet200603-r0,Cesnet200603,ground_only,,4,16.968904296231404,0.4242226074057851,optimal,0.75990652299879,8196,15747,46136
v0-bh50,Cesnet200603-r0,Cesnet200603,ground_only,,5,16.968904296231404,0.4242226074057851,optimal,0.7618352809986391,8196,15747,46136
v0-bh50,Cesnet200603-r0,Cesnet200603,ground_only,,6,16.968904296231404,0.4242226074057851,optimal,0.7475663020013599,8196,15747,46136
v0-bh50,Cesnet200603-r0,Cesnet200603,ground_only,,7,16.968904296231404,0.4242226074057851,optimal,1.1306825549982022,8196,15747,46136
v0-bh50,Cesnet200603-r0,Cesnet200603,ground_only,,8,16.968904296231404,0.4242226074057851,optimal,0.74772631399901,8196,15747,46136
v0-bh50,Cesnet200603-r0,Cesnet200603,ground_only,,9,16.968904296231404,0.4242226074057851,optimal,0.7914709950018732,8196,15747,46136
v0-bh50,Cesnet200603-r0,Cesnet200603,ground_only,,10,16.968904296231404,0.4242226074057851,optimal,1.55611055099871,8196,15747,46136
v0-bh50,Cesnet200603-r0,Cesnet200603,ground_only,,11,16.968904296231404,0.4242226074057851,optimal,0.7780971470019722,8196,15747,46136
v0-bh50,Cesnet200603-r0,Cesnet200603,ground_only,,12,16.968904296231404,0.4242226074057851,optimal,0.8653209389995027,8196,15747,46136
v0-bh50,Cesnet200603-r0,Cesnet200603,ground_only,,13,16.968904296231404,0.4242226074057851,optimal,0.9111391850019572,8196,15747,46136
v0-bh50,Cesnet200603-r0,Cesnet200603,ground_only,,14,16.968904296231404,0.4242226074057851,optimal,0.8104875970020657,8196,15747,46136
v0-bh50,Cesnet200603-r0,Cesnet200603,ground_only,,15,16.968904296231404,0.4242226074057851,optimal,0.780369371001143,8196,15747,46136
v0-bh50,Cesnet200603-r0,Cesnet200603,ground_only,,16,16.968904296231404,0.4242226074057851,optimal,0.8939724189986009,8196,15747,46136
v0-bh50,Cesnet200603-r0,Cesnet200603,ground_only,,17,16.968904296231404,0.4242226074057851,optimal,0.8253484810011287,8196,15747,46136
v0-bh50,Cesnet200603-r0,Cesnet200603,ground_only,,18,16.968904296231404,0.4242226074057851,optimal,1.0580635829974199,8196,15747,46136
v0-bh50,Cesnet200603-r0,Cesnet200603,ground_only,,19,16.968904296231404,0.4242226074057851,optimal,1.583577237001009,8196,15747,46136
v0-bh50,Cesnet200603-r0,Cesnet200603,ground_only,,20,16.968904296231404,0.4242226074057851,optimal,0.7621586870009196,8196,15747,46136
v0-bh50,Cesnet200603-r0,Cesnet200603,ground_only,,21,16.968904296231404,0.4242226074057851,optimal,0.797171909998724,8196,15747,46136
v0-bh50,Cesnet200603-r0,Cesnet200603,ground_only,,22,16.968904296231404,0.4242226074057851,optimal,0.8809602799992717,8196,15747,46136
v0-bh50,Cesnet200603-r0,Cesnet200603,ground_only,,23,16.968904296231404,0.4242226074057851,optimal,0.7646402419995866,8196,15747,46136
v0-bh50,Cesnet200603-r0,Cesnet200603,ground_only,,24,16.968904296231404,0.4242226074057851,optimal,0.8147468349998235,8196,15747,46136
v0-bh50,Cesnet200603-r0,Cesnet200603,ground_only,,25,16.968904296231404,0.4242226074057851,optimal,1.4286669290013378,8196,15747,46136
v0-bh50,Cesnet200603-r0,Cesnet200603,ground_only,,26,16.968904296231404,0.4242226074057851,optimal,0.7240387050005666,8196,15747,46136
v0-bh50,Cesnet200603-r0,Cesnet200603,ground_only,,27,16.968904296231404,0.4242226074057851,optimal,0.7327846309999586,8196,15747,46136
v0-bh50,Cesnet200603-r0,Cesnet200603,ground_only,,28,16.968904296231404,0.4242226074057851,optimal,0.7360915669996757,8196,15747,46136
v0-bh50,Cesnet200603-r0,Cesnet200603,ground_only,,29,16.968904296231404,0.4242226074057851,optimal,0.7140593070034811,8196,15747,46136
v0-bh50,Cesnet200603-r0,Cesnet200603,trajectory,B1,0,18.881584784613057,0.4720396196153264,optimal,3.7119309890003933,32932,63816,217105
v0-bh50,Cesnet200603-r0,Cesnet200603,trajectory,B1,1,20.429345543191154,0.5107336385797788,optimal,4.439088944996911,32932,63816,217105
v0-bh50,Cesnet200603-r0,Cesnet200603,trajectory,B1,2,19.01537252798762,0.4753843131996905,optimal,3.649311523000506,32932,63816,217105
v0-bh50,Cesnet200603-r0,Cesnet200603,trajectory,B1,3,19.4984986640628,0.48746246660157,optimal,3.182087446002697,32932,63816,217105
v0-bh50,Cesnet200603-r0,Cesnet200603,trajectory,B1,4,19.444410824104867,0.4861102706026217,optimal,7.725661202999618,32932,63816,217105
v0-bh50,Cesnet200603-r0,Cesnet200603,trajectory,B1,5,19.451682353289403,0.4862920588322351,optimal,3.6089343890016607,32932,63816,217105
v0-bh50,Cesnet200603-r0,Cesnet200603,trajectory,B1,6,18.871641130886392,0.4717910282721598,optimal,6.983450825999171,32932,63816,217105
v0-bh50,Cesnet200603-r0,Cesnet200603,trajectory,B1,7,19.47156487595271,0.48678912189881773,optimal,3.7746872089992394,32932,63816,217105
v0-bh50,Cesnet200603-r0,Cesnet200603,trajectory,B1,8,18.726439066992526,0.46816097667481316,optimal,7.198252019999927,32932,63816,217105
v0-bh50,Cesnet200603-r0,Cesnet200603,trajectory,B1,9,19.281017445237264,0.48202543613093163,optimal,3.9694557799994072,32932,63816,217105
v0-bh50,Cesnet200603-r0,Cesnet200603,trajectory,B1,10,19.603398664997997,0.49008496662494994,optimal,3.7805998410003667,32932,63816,217105
v0-bh50,Cesnet200603-r0,Cesnet200603,trajectory,B1,11,18.732783294428835,0.46831958236072085,optimal,4.752662454997335,32932,63816,217105
v0-bh50,Cesnet200603-r0,Cesnet200603,trajectory,B1,12,19.192157571426172,0.4798039392856543,optimal,6.545159003999288,32932,63816,217105
v0-bh50,Cesnet200603-r0,Cesnet200603,trajectory,B1,13,20.46529683945987,0.5116324209864967,optimal,3.1445730900013587,32932,63816,217105
v0-bh50,Cesnet200603-r0,Cesnet200603,trajectory,B1,14,19.541952669671296,0.4885488167417824,optimal,3.414708814001642,32932,63816,217105
v0-bh50,Cesnet200603-r0,Cesnet200603,trajectory,B1,15,18.863310811982853,0.4715827702995713,optimal,3.4025918129991624,32932,63816,217105
v0-bh50,Cesnet200603-r0,Cesnet200603,trajectory,B1,16,18.691071922785692,0.4672767980696423,optimal,3.1565358599982574,32932,63816,217105
v0-bh50,Cesnet200603-r0,Cesnet200603,trajectory,B1,17,18.14210035521276,0.45355250888031906,optimal,3.307430689998,32932,63816,217105
v0-bh50,Cesnet200603-r0,Cesnet200603,trajectory,B1,18,18.42976116249079,0.4607440290622698,optimal,3.4244400600000517,32932,63816,217105
v0-bh50,Cesnet200603-r0,Cesnet200603,trajectory,B1,19,18.932748236003146,0.47331870590007863,optimal,3.746252533997904,32932,63816,217105
v0-bh50,Cesnet200603-r0,Cesnet200603,trajectory,B1,20,19.258937041570842,0.48147342603927107,optimal,3.208368185998552,32932,63816,217105
v0-bh50,Cesnet200603-r0,Cesnet200603,trajectory,B1,21,19.269522282494115,0.4817380570623529,optimal,3.3726066249982978,32932,63816,217105
v0-bh50,Cesnet200603-r0,Cesnet200603,trajectory,B1,22,18.94540720522955,0.47363518013073874,optimal,3.5461726290013758,32932,63816,217105
v0-bh50,Cesnet200603-r0,Cesnet200603,trajectory,B1,23,18.699315729875376,0.4674828932468844,optimal,4.307422494999628,32932,63816,217105
v0-bh50,Cesnet200603-r0,Cesnet200603,trajectory,B1,24,19.356399761137194,0.4839099940284298,optimal,4.728614325998933,32932,63816,217105
v0-bh50,Cesnet200603-r0,Cesnet200603,trajectory,B1,25,19.899215760804168,0.4974803940201042,optimal,4.4293870120018255,32932,63816,217105
v0-bh50,Cesnet200603-r0,Cesnet200603,trajectory,B1,26,18.80035630129188,0.470008907532297,optimal,3.483699792999687,32932,63816,217105
v0-bh50,Cesnet200603-r0,Cesnet200603,trajectory,B1,27,19.742259774362484,0.4935564943590621,optimal,8.195653886999935,32932,63816,217105
v0-bh50,Cesnet200603-r0,Cesnet200603,trajectory,B1,28,19.874033417923506,0.49685083544808767,optimal,6.647982775000855,32932,63816,217105
v0-bh50,Cesnet200603-r0,Cesnet200603,trajectory,B1,29,18.62914933408024,0.465728733352006,optimal,7.467590340002062,32932,63816,217105
v0-bh50,Cesnet200603-r1,Cesnet200603,ground_only,,0,21.592387790596163,0.539809694764904,optimal,2.2074156579983537,11396,21637,62476
v0-bh50,Cesnet200603-r1,Cesnet200603,ground_only,,1,21.592387790596163,0.539809694764904,optimal,2.1555033170006936,11396,21637,62476
v0-bh50,Cesnet200603-r1,Cesnet200603,ground_only,,2,21.592387790596163,0.539809694764904,optimal,2.12623230600002,11396,21637,62476
v0-bh50,Cesnet200603-r1,Cesnet200603,ground_only,,3,21.592387790596163,0.539809694764904,optimal,2.7799859160004416,11396,21637,62476
v0-bh50,Cesnet200603-r1,Cesnet200603,ground_only,,4,21.592387790596163,0.539809694764904,optimal,2.1771999330012477,11396,21637,62476
v0-bh50,Cesnet200603-r1,Cesnet200603,ground_only,,5,21.592387790596163,0.539809694764904,optimal,2.12603445899731,11396,21637,62476
v0-bh50,Cesnet200603-r1,Cesnet200603,ground_only,,6,21.592387790596163,0.539809694764904,optimal,2.150459210999543,11396,21637,62476
v0-bh50,Cesnet200603-r1,Cesnet200603,ground_only,,7,21.592387790596163,0.539809694764904,optimal,2.06741828399754,11396,21637,62476
v0-bh50,Cesnet200603-r1,Cesnet200603,ground_only,,8,21.592387790596163,0.539809694764904,optimal,2.1558274750022974,11396,21637,62476
v0-bh50,Cesnet200603-r1,Cesnet200603,ground_only,,9,21.592387790596163,0.539809694764904,optimal,2.05543860400212,11396,21637,62476
v0-bh50,Cesnet200603-r1,Cesnet200603,ground_only,,10,21.592387790596163,0.539809694764904,optimal,2.064655357000447,11396,21637,62476
v0-bh50,Cesnet200603-r1,Cesnet200603,ground_only,,11,21.592387790596163,0.539809694764904,optimal,2.0855134619996534,11396,21637,62476
v0-bh50,Cesnet200603-r1,Cesnet200603,ground_only,,12,21.592387790596163,0.539809694764904,optimal,2.06880889400054,11396,21637,62476
v0-bh50,Cesnet200603-r1,Cesnet200603,ground_only,,13,21.592387790596163,0.539809694764904,optimal,3.4518502920000174,11396,21637,62476
v0-bh50,Cesnet200603-r1,Cesnet200603,ground_only,,14,21.592387790596163,0.539809694764904,optimal,2.0142217240027094,11396,21637,62476
v0-bh50,Cesnet200603-r1,Cesnet200603,ground_only,,15,21.592387790596163,0.539809694764904,optimal,2.0335691639993456,11396,21637,62476
v0-bh50,Cesnet200603-r1,Cesnet200603,ground_only,,16,21.592387790596163,0.539809694764904,optimal,2.0116229749983177,11396,21637,62476
v0-bh50,Cesnet200603-r1,Cesnet200603,ground_only,,17,21.592387790596163,0.539809694764904,optimal,2.046391097999731,11396,21637,62476
v0-bh50,Cesnet200603-r1,Cesnet200603,ground_only,,18,21.592387790596163,0.539809694764904,optimal,2.07028558300226,11396,21637,62476
v0-bh50,Cesnet200603-r1,Cesnet200603,ground_only,,19,21.592387790596163,0.539809694764904,optimal,4.748668151998572,11396,21637,62476
v0-bh50,Cesnet200603-r1,Cesnet200603,ground_only,,20,21.592387790596163,0.539809694764904,optimal,2.0951278440006718,11396,21637,62476
v0-bh50,Cesnet200603-r1,Cesnet200603,ground_only,,21,21.592387790596163,0.539809694764904,optimal,2.0500632590010355,11396,21637,62476
v0-bh50,Cesnet200603-r1,Cesnet200603,ground_only,,22,21.592387790596163,0.539809694764904,optimal,3.798847529997147,11396,21637,62476
v0-bh50,Cesnet200603-r1,Cesnet200603,ground_only,,23,21.592387790596163,0.539809694764904,optimal,2.0698534099974495,11396,21637,62476
v0-bh50,Cesnet200603-r1,Cesnet200603,ground_only,,24,21.592387790596163,0.539809694764904,optimal,1.9980948060001538,11396,21637,62476
v0-bh50,Cesnet200603-r1,Cesnet200603,ground_only,,25,21.592387790596163,0.539809694764904,optimal,4.486201075000281,11396,21637,62476
v0-bh50,Cesnet200603-r1,Cesnet200603,ground_only,,26,21.592387790596163,0.539809694764904,optimal,2.0121345670013397,11396,21637,62476
v0-bh50,Cesnet200603-r1,Cesnet200603,ground_only,,27,21.592387790596163,0.539809694764904,optimal,2.000450227998954,11396,21637,62476
v0-bh50,Cesnet200603-r1,Cesnet200603,ground_only,,28,21.592387790596163,0.539809694764904,optimal,4.417715805997432,11396,21637,62476
v0-bh50,Cesnet200603-r1,Cesnet200603,ground_only,,29,21.592387790596163,0.539809694764904,optimal,2.022394465999241,11396,21637,62476
v0-bh50,Cesnet200603-r1,Cesnet200603,trajectory,B1,0,25.806270369352124,0.6451567592338031,optimal,6.681100895002601,32834,61712,209400
v0-bh50,Cesnet200603-r1,Cesnet200603,trajectory,B1,1,25.868177397474735,0.6467044349368684,optimal,9.241018810000242,32834,61712,209400
v0-bh50,Cesnet200603-r1,Cesnet200603,trajectory,B1,2,25.436277479457697,0.6359069369864424,optimal,8.735733294000966,32834,61712,209400
v0-bh50,Cesnet200603-r1,Cesnet200603,trajectory,B1,3,25.625551190508926,0.6406387797627231,optimal,10.133622732999356,32834,61712,209400
v0-bh50,Cesnet200603-r1,Cesnet200603,trajectory,B1,4,25.770946443015834,0.6442736610753959,optimal,9.125244214999839,32834,61712,209400
v0-bh50,Cesnet200603-r1,Cesnet200603,trajectory,B1,5,25.95572176478928,0.648893044119732,optimal,10.497592174000602,32834,61712,209400
v0-bh50,Cesnet200603-r1,Cesnet200603,trajectory,B1,6,25.062235516905076,0.626555887922627,optimal,9.487149440999929,32834,61712,209400
v0-bh50,Cesnet200603-r1,Cesnet200603,trajectory,B1,7,27.4302831215279,0.6857570780381975,optimal,10.080196491999232,32834,61712,209400
v0-bh50,Cesnet200603-r1,Cesnet200603,trajectory,B1,8,26.247929238465222,0.6561982309616305,optimal,13.314425763001054,32834,61712,209400
v0-bh50,Cesnet200603-r1,Cesnet200603,trajectory,B1,9,26.78441303106544,0.669610325776636,optimal,15.227856941000937,32834,61712,209400
v0-bh50,Cesnet200603-r1,Cesnet200603,trajectory,B1,10,26.101459686847328,0.6525364921711831,optimal,18.718835029998445,32834,61712,209400
v0-bh50,Cesnet200603-r1,Cesnet200603,trajectory,B1,11,26.249526980897905,0.6562381745224476,optimal,18.772263230002864,32834,61712,209400
v0-bh50,Cesnet200603-r1,Cesnet200603,trajectory,B1,12,26.021989297956086,0.6505497324489021,optimal,13.338702102999378,32834,61712,209400
v0-bh50,Cesnet200603-r1,Cesnet200603,trajectory,B1,13,26.871073098907267,0.6717768274726816,optimal,9.531064463000803,32834,61712,209400
v0-bh50,Cesnet200603-r1,Cesnet200603,trajectory,B1,14,25.1327705346158,0.628319263365395,optimal,8.895894278000924,32834,61712,209400
v0-bh50,Cesnet200603-r1,Cesnet200603,trajectory,B1,15,26.329899936598693,0.6582474984149673,optimal,14.440960304000328,32834,61712,209400
v0-bh50,Cesnet200603-r1,Cesnet200603,trajectory,B1,16,26.51945911290787,0.6629864778226968,optimal,11.461057314001664,32834,61712,209400
v0-bh50,Cesnet200603-r1,Cesnet200603,trajectory,B1,17,26.313842690912075,0.6578460672728019,optimal,10.558852436999587,32834,61712,209400
v0-bh50,Cesnet200603-r1,Cesnet200603,trajectory,B1,18,26.66620488056513,0.6666551220141282,optimal,16.24236392199964,32834,61712,209400
v0-bh50,Cesnet200603-r1,Cesnet200603,trajectory,B1,19,26.318777855686484,0.6579694463921621,optimal,10.1995084079972,32834,61712,209400
v0-bh50,Cesnet200603-r1,Cesnet200603,trajectory,B1,20,26.42964647622198,0.6607411619055494,optimal,8.851517195998895,32834,61712,209400
v0-bh50,Cesnet200603-r1,Cesnet200603,trajectory,B1,21,25.652050239723515,0.6413012559930878,optimal,8.176680022002984,32834,61712,209400
v0-bh50,Cesnet200603-r1,Cesnet200603,trajectory,B1,22,26.067299219870204,0.6516824804967551,optimal,9.633458192001854,32834,61712,209400
v0-bh50,Cesnet200603-r1,Cesnet200603,trajectory,B1,23,27.249955525288325,0.6812488881322081,optimal,11.14138329799971,32834,61712,209400
v0-bh50,Cesnet200603-r1,Cesnet200603,trajectory,B1,24,26.481182410614476,0.6620295602653619,optimal,19.0601040909969,32834,61712,209400
v0-bh50,Cesnet200603-r1,Cesnet200603,trajectory,B1,25,26.369623353389827,0.6592405838347457,optimal,9.547309962999861,32834,61712,209400
v0-bh50,Cesnet200603-r1,Cesnet200603,trajectory,B1,26,25.594145419459544,0.6398536354864885,optimal,8.699814486000832,32834,61712,209400
v0-bh50,Cesnet200603-r1,Cesnet200603,trajectory,B1,27,24.868470611888085,0.6217117652972022,optimal,10.055858195002656,32834,61712,209400
v0-bh50,Cesnet200603-r1,Cesnet200603,trajectory,B1,28,25.051452560261186,0.6262863140065297,optimal,12.623198083001625,32834,61712,209400
v0-bh50,Cesnet200603-r1,Cesnet200603,trajectory,B1,29,27.10486018729265,0.6776215046823163,optimal,9.399645187997521,32834,61712,209400
v0-bh50,Cesnet200603-r2,Cesnet200603,ground_only,,0,21.326038191399384,0.5331509547849846,optimal,1.5620390379990567,10976,21849,59720
v0-bh50,Cesnet200603-r2,Cesnet200603,ground_only,,1,21.326038191399384,0.5331509547849846,optimal,1.0177601879986469,10976,21849,59720
v0-bh50,Cesnet200603-r2,Cesnet200603,ground_only,,2,21.326038191399384,0.5331509547849846,optimal,2.245035989999451,10976,21849,59720
v0-bh50,Cesnet200603-r2,Cesnet200603,ground_only,,3,21.326038191399384,0.5331509547849846,optimal,1.1791405320000194,10976,21849,59720
v0-bh50,Cesnet200603-r2,Cesnet200603,ground_only,,4,21.326038191399384,0.5331509547849846,optimal,1.0270325989986304,10976,21849,59720
v0-bh50,Cesnet200603-r2,Cesnet200603,ground_only,,5,21.326038191399384,0.5331509547849846,optimal,2.2085109400031797,10976,21849,59720
v0-bh50,Cesnet200603-r2,Cesnet200603,ground_only,,6,21.326038191399384,0.5331509547849846,optimal,0.9882138009998016,10976,21849,59720
v0-bh50,Cesnet200603-r2,Cesnet200603,ground_only,,7,21.326038191399384,0.5331509547849846,optimal,0.983022300999437,10976,21849,59720
v0-bh50,Cesnet200603-r2,Cesnet200603,ground_only,,8,21.326038191399384,0.5331509547849846,optimal,0.9912492939984077,10976,21849,59720
v0-bh50,Cesnet200603-r2,Cesnet200603,ground_only,,9,21.326038191399384,0.5331509547849846,optimal,1.0166705289993843,10976,21849,59720
v0-bh50,Cesnet200603-r2,Cesnet200603,ground_only,,10,21.326038191399384,0.5331509547849846,optimal,2.18077360299867,10976,21849,59720
v0-bh50,Cesnet200603-r2,Cesnet200603,ground_only,,11,21.326038191399384,0.5331509547849846,optimal,1.0167298870001105,10976,21849,59720
v0-bh50,Cesnet200603-r2,Cesnet200603,ground_only,,12,21.326038191399384,0.5331509547849846,optimal,1.0239183170015167,10976,21849,59720
v0-bh50,Cesnet200603-r2,Cesnet200603,ground_only,,13,21.326038191399384,0.5331509547849846,optimal,0.9644445989979431,10976,21849,59720
v0-bh50,Cesnet200603-r2,Cesnet200603,ground_only,,14,21.326038191399384,0.5331509547849846,optimal,0.9729906510001456,10976,21849,59720
v0-bh50,Cesnet200603-r2,Cesnet200603,ground_only,,15,21.326038191399384,0.5331509547849846,optimal,2.426776967000478,10976,21849,59720
v0-bh50,Cesnet200603-r2,Cesnet200603,ground_only,,16,21.326038191399384,0.5331509547849846,optimal,1.3104296300007263,10976,21849,59720
v0-bh50,Cesnet200603-r2,Cesnet200603,ground_only,,17,21.326038191399384,0.5331509547849846,optimal,0.960929982997186,10976,21849,59720
v0-bh50,Cesnet200603-r2,Cesnet200603,ground_only,,18,21.326038191399384,0.5331509547849846,optimal,0.9828089799993904,10976,21849,59720
v0-bh50,Cesnet200603-r2,Cesnet200603,ground_only,,19,21.326038191399384,0.5331509547849846,optimal,0.9936184369980765,10976,21849,59720
v0-bh50,Cesnet200603-r2,Cesnet200603,ground_only,,20,21.326038191399384,0.5331509547849846,optimal,0.9723694230015099,10976,21849,59720
v0-bh50,Cesnet200603-r2,Cesnet200603,ground_only,,21,21.326038191399384,0.5331509547849846,optimal,0.9744568870009971,10976,21849,59720
v0-bh50,Cesnet200603-r2,Cesnet200603,ground_only,,22,21.326038191399384,0.5331509547849846,optimal,0.9543420590016467,10976,21849,59720
v0-bh50,Cesnet200603-r2,Cesnet200603,ground_only,,23,21.326038191399384,0.5331509547849846,optimal,0.9628749540024728,10976,21849,59720
v0-bh50,Cesnet200603-r2,Cesnet200603,ground_only,,24,21.326038191399384,0.5331509547849846,optimal,0.9830774030015164,10976,21849,59720
v0-bh50,Cesnet200603-r2,Cesnet200603,ground_only,,25,21.326038191399384,0.5331509547849846,optimal,0.9608318430000509,10976,21849,59720
v0-bh50,Cesnet200603-r2,Cesnet200603,ground_only,,26,21.326038191399384,0.5331509547849846,optimal,1.9313646859991422,10976,21849,59720
v0-bh50,Cesnet200603-r2,Cesnet200603,ground_only,,27,21.326038191399384,0.5331509547849846,optimal,0.9572351499991782,10976,21849,59720
v0-bh50,Cesnet200603-r2,Cesnet200603,ground_only,,28,21.326038191399384,0.5331509547849846,optimal,0.9800096899998607,10976,21849,59720
v0-bh50,Cesnet200603-r2,Cesnet200603,ground_only,,29,21.326038191399384,0.5331509547849846,optimal,0.9626464480024879,10976,21849,59720
v0-bh50,Cesnet200603-r2,Cesnet200603,trajectory,B1,0,25.27069159758319,0.6317672899395798,optimal,3.0434043019995443,32804,63144,211284
v0-bh50,Cesnet200603-r2,Cesnet200603,trajectory,B1,1,26.37074659508345,0.6592686648770862,optimal,6.228196433999983,32804,63144,211284
v0-bh50,Cesnet200603-r2,Cesnet200603,trajectory,B1,2,26.390745701825175,0.6597686425456294,optimal,4.110780750997947,32804,63144,211284
v0-bh50,Cesnet200603-r2,Cesnet200603,trajectory,B1,3,26.10717788241146,0.6526794470602865,optimal,3.3937298089986143,32804,63144,211284
v0-bh50,Cesnet200603-r2,Cesnet200603,trajectory,B1,4,27.099261174020103,0.6774815293505025,optimal,2.9451213579995965,32804,63144,211284
v0-bh50,Cesnet200603-r2,Cesnet200603,trajectory,B1,5,26.11742783702083,0.6529356959255208,optimal,4.213441730997147,32804,63144,211284
v0-bh50,Cesnet200603-r2,Cesnet200603,trajectory,B1,6,26.784461304180446,0.6696115326045111,optimal,3.6465278169998783,32804,63144,211284
v0-bh50,Cesnet200603-r2,Cesnet200603,trajectory,B1,7,25.969306019527117,0.6492326504881779,optimal,3.6361709990014788,32804,63144,211284
v0-bh50,Cesnet200603-r2,Cesnet200603,trajectory,B1,8,27.19660256575091,0.6799150641437728,optimal,4.768078443001286,32804,63144,211284
v0-bh50,Cesnet200603-r2,Cesnet200603,trajectory,B1,9,26.216330074906942,0.6554082518726736,optimal,6.861944157997641,32804,63144,211284
v0-bh50,Cesnet200603-r2,Cesnet200603,trajectory,B1,10,24.776358588112203,0.619408964702805,optimal,6.848387843998353,32804,63144,211284
v0-bh50,Cesnet200603-r2,Cesnet200603,trajectory,B1,11,26.432585876793684,0.6608146469198422,optimal,4.338693973997579,32804,63144,211284
v0-bh50,Cesnet200603-r2,Cesnet200603,trajectory,B1,12,24.989637662473754,0.6247409415618439,optimal,3.5562992009981826,32804,63144,211284
v0-bh50,Cesnet200603-r2,Cesnet200603,trajectory,B1,13,26.301488178386464,0.6575372044596616,optimal,3.8050335209991317,32804,63144,211284
v0-bh50,Cesnet200603-r2,Cesnet200603,trajectory,B1,14,25.515992156768903,0.6378998039192225,optimal,4.126039753999066,32804,63144,211284
v0-bh50,Cesnet200603-r2,Cesnet200603,trajectory,B1,15,25.176915536510947,0.6294228884127737,optimal,3.3612296739993326,32804,63144,211284
v0-bh50,Cesnet200603-r2,Cesnet200603,trajectory,B1,16,25.939228859188102,0.6484807214797026,optimal,4.2880794429984235,32804,63144,211284
v0-bh50,Cesnet200603-r2,Cesnet200603,trajectory,B1,17,26.368914580275714,0.6592228645068928,optimal,3.847793549000926,32804,63144,211284
v0-bh50,Cesnet200603-r2,Cesnet200603,trajectory,B1,18,25.04185892695029,0.6260464731737573,optimal,2.8572661649996007,32804,63144,211284
v0-bh50,Cesnet200603-r2,Cesnet200603,trajectory,B1,19,25.684376521501598,0.64210941303754,optimal,3.229192372000398,32804,63144,211284
v0-bh50,Cesnet200603-r2,Cesnet200603,trajectory,B1,20,26.71886184930436,0.667971546232609,optimal,4.389373901001818,32804,63144,211284
v0-bh50,Cesnet200603-r2,Cesnet200603,trajectory,B1,21,24.3528182918026,0.608820457295065,optimal,2.695133336001163,32804,63144,211284
v0-bh50,Cesnet200603-r2,Cesnet200603,trajectory,B1,22,25.483848480733947,0.6370962120183487,optimal,3.3998704260011436,32804,63144,211284
v0-bh50,Cesnet200603-r2,Cesnet200603,trajectory,B1,23,26.636144671027854,0.6659036167756963,optimal,3.138116024001647,32804,63144,211284
v0-bh50,Cesnet200603-r2,Cesnet200603,trajectory,B1,24,25.56804374218928,0.639201093554732,optimal,4.000751111998397,32804,63144,211284
v0-bh50,Cesnet200603-r2,Cesnet200603,trajectory,B1,25,25.70289035025435,0.6425722587563587,optimal,3.709926932999224,32804,63144,211284
v0-bh50,Cesnet200603-r2,Cesnet200603,trajectory,B1,26,26.375796538013592,0.6593949134503398,optimal,6.413162204997207,32804,63144,211284
v0-bh50,Cesnet200603-r2,Cesnet200603,trajectory,B1,27,26.191255429785386,0.6547813857446346,optimal,5.609928245001356,32804,63144,211284
v0-bh50,Cesnet200603-r2,Cesnet200603,trajectory,B1,28,26.17781076011036,0.654445269002759,optimal,6.452247176999663,32804,63144,211284
v0-bh50,Cesnet200603-r2,Cesnet200603,trajectory,B1,29,25.979786461118728,0.6494946615279682,optimal,7.894265612001618,32804,63144,211284
v0-bh50,Digex-r0,Digex,ground_only,,0,19.441864760442552,0.48604661901106383,optimal,3.308565876999637,22288,34127,101008
v0-bh50,Digex-r0,Digex,ground_only,,1,19.441864760442552,0.48604661901106383,optimal,3.4167892469995422,22288,34127,101008
v0-bh50,Digex-r0,Digex,ground_only,,2,19.441864760442552,0.48604661901106383,optimal,3.3809028010000475,22288,34127,101008
v0-bh50,Digex-r0,Digex,ground_only,,3,19.441864760442552,0.48604661901106383,optimal,3.3823050819992204,22288,34127,101008
v0-bh50,Digex-r0,Digex,ground_only,,4,19.441864760442552,0.48604661901106383,optimal,3.4322841040011554,22288,34127,101008
v0-bh50,Digex-r0,Digex,ground_only,,5,19.441864760442552,0.48604661901106383,optimal,5.046542743999453,22288,34127,101008
v0-bh50,Digex-r0,Digex,ground_only,,6,19.441864760442552,0.48604661901106383,optimal,3.559311681001418,22288,34127,101008
v0-bh50,Digex-r0,Digex,ground_only,,7,19.441864760442552,0.48604661901106383,optimal,5.160978817999421,22288,34127,101008
v0-bh50,Digex-r0,Digex,ground_only,,8,19.441864760442552,0.48604661901106383,optimal,3.5307039140025154,22288,34127,101008
v0-bh50,Digex-r0,Digex,ground_only,,9,19.441864760442552,0.48604661901106383,optimal,4.83485994700095,22288,34127,101008
v0-bh50,Digex-r0,Digex,ground_only,,10,19.441864760442552,0.48604661901106383,optimal,3.8352407469974423,22288,34127,101008
v0-bh50,Digex-r0,Digex,ground_only,,11,19.441864760442552,0.48604661901106383,optimal,3.483613685999444,22288,34127,101008
v0-bh50,Digex-r0,Digex,ground_only,,12,19.441864760442552,0.48604661901106383,optimal,5.6679993559992,22288,34127,101008
v0-bh50,Digex-r0,Digex,ground_only,,13,19.441864760442552,0.48604661901106383,optimal,3.5265799989974767,22288,34127,101008
v0-bh50,Digex-r0,Digex,ground_only,,14,19.441864760442552,0.48604661901106383,optimal,3.6966280749984435,22288,34127,101008
v0-bh50,Digex-r0,Digex,ground_only,,15,19.441864760442552,0.48604661901106383,optimal,5.909310170001845,22288,34127,101008
v0-bh50,Digex-r0,Digex,ground_only,,16,19.441864760442552,0.48604661901106383,optimal,3.708016475997283,22288,34127,101008
v0-bh50,Digex-r0,Digex,ground_only,,17,19.441864760442552,0.48604661901106383,optimal,3.3656679169980634,22288,34127,101008
v0-bh50,Digex-r0,Digex,ground_only,,18,19.441864760442552,0.48604661901106383,optimal,3.3482967620002455,22288,34127,101008
v0-bh50,Digex-r0,Digex,ground_only,,19,19.441864760442552,0.48604661901106383,optimal,7.39956456699656,22288,34127,101008
v0-bh50,Digex-r0,Digex,ground_only,,20,19.441864760442552,0.48604661901106383,optimal,3.3433448880023207,22288,34127,101008
v0-bh50,Digex-r0,Digex,ground_only,,21,19.441864760442552,0.48604661901106383,optimal,4.495526275000884,22288,34127,101008
v0-bh50,Digex-r0,Digex,ground_only,,22,19.441864760442552,0.48604661901106383,optimal,3.392443368997192,22288,34127,101008
v0-bh50,Digex-r0,Digex,ground_only,,23,19.441864760442552,0.48604661901106383,optimal,3.3190361769993615,22288,34127,101008
v0-bh50,Digex-r0,Digex,ground_only,,24,19.441864760442552,0.48604661901106383,optimal,3.3829386529978365,22288,34127,101008
v0-bh50,Digex-r0,Digex,ground_only,,25,19.441864760442552,0.48604661901106383,optimal,3.7652540060007595,22288,34127,101008
v0-bh50,Digex-r0,Digex,ground_only,,26,19.441864760442552,0.48604661901106383,optimal,5.392100389002735,22288,34127,101008
v0-bh50,Digex-r0,Digex,ground_only,,27,19.441864760442552,0.48604661901106383,optimal,3.4136146860000736,22288,34127,101008
v0-bh50,Digex-r0,Digex,ground_only,,28,19.441864760442552,0.48604661901106383,optimal,7.052948304000893,22288,34127,101008
v0-bh50,Digex-r0,Digex,ground_only,,29,19.441864760442552,0.48604661901106383,optimal,3.2384042920020875,22288,34127,101008
v0-bh50,Digex-r0,Digex,trajectory,B1,0,22.63319327379113,0.5658298318447782,optimal,11.54797414800123,45116,75101,252840
v0-bh50,Digex-r0,Digex,trajectory,B1,1,22.98756610315785,0.5746891525789463,optimal,8.144440133000899,45116,75101,252840
v0-bh50,Digex-r0,Digex,trajectory,B1,2,22.79317354931616,0.569829338732904,optimal,11.033786015999794,45116,75101,252840
v0-bh50,Digex-r0,Digex,trajectory,B1,3,23.09725745873996,0.577431436468499,optimal,9.485865503000241,45116,75101,252840
v0-bh50,Digex-r0,Digex,trajectory,B1,4,23.728455837238606,0.5932113959309652,optimal,10.02644316399892,45116,75101,252840
v0-bh50,Digex-r0,Digex,trajectory,B1,5,22.917608684703428,0.5729402171175857,optimal,17.878994028000307,45116,75101,252840
v0-bh50,Digex-r0,Digex,trajectory,B1,6,23.10004804643161,0.5775012011607903,optimal,13.741515929999878,45116,75101,252840
v0-bh50,Digex-r0,Digex,trajectory,B1,7,23.125642595571684,0.5781410648892921,optimal,16.980353210998146,45116,75101,252840
v0-bh50,Digex-r0,Digex,trajectory,B1,8,23.084844236804535,0.5771211059201133,optimal,10.859078531000705,45116,75101,252840
v0-bh50,Digex-r0,Digex,trajectory,B1,9,22.829315779783087,0.5707328944945772,optimal,16.980076505002216,45116,75101,252840
v0-bh50,Digex-r0,Digex,trajectory,B1,10,21.931647852900788,0.5482911963225197,optimal,8.812267763998534,45116,75101,252840
v0-bh50,Digex-r0,Digex,trajectory,B1,11,22.392991355192255,0.5598247838798064,optimal,10.41883219599913,45116,75101,252840
v0-bh50,Digex-r0,Digex,trajectory,B1,12,23.529372345625998,0.58823430864065,optimal,14.57785732100092,45116,75101,252840
v0-bh50,Digex-r0,Digex,trajectory,B1,13,22.812958673025125,0.5703239668256281,optimal,8.87844982399838,45116,75101,252840
v0-bh50,Digex-r0,Digex,trajectory,B1,14,21.69747132395115,0.5424367830987787,optimal,13.344355640001595,45116,75101,252840
v0-bh50,Digex-r0,Digex,trajectory,B1,15,23.296593417160263,0.5824148354290066,optimal,11.39542217000053,45116,75101,252840
v0-bh50,Digex-r0,Digex,trajectory,B1,16,22.45464001484897,0.5613660003712242,optimal,8.31902461899881,45116,75101,252840
v0-bh50,Digex-r0,Digex,trajectory,B1,17,23.85851774941171,0.5964629437352927,optimal,16.620413879001717,45116,75101,252840
v0-bh50,Digex-r0,Digex,trajectory,B1,18,22.73632510457575,0.5684081276143937,optimal,9.277450436999061,45116,75101,252840
v0-bh50,Digex-r0,Digex,trajectory,B1,19,22.623735723360927,0.5655933930840231,optimal,9.313720423997438,45116,75101,252840
v0-bh50,Digex-r0,Digex,trajectory,B1,20,22.672402477698736,0.5668100619424684,optimal,10.111901619999117,45116,75101,252840
v0-bh50,Digex-r0,Digex,trajectory,B1,21,22.360375263701346,0.5590093815925337,optimal,8.24027756599753,45116,75101,252840
v0-bh50,Digex-r0,Digex,trajectory,B1,22,22.999647978776984,0.5749911994694246,optimal,11.97376578499825,45116,75101,252840
v0-bh50,Digex-r0,Digex,trajectory,B1,23,22.11032134778118,0.5527580336945295,optimal,15.828187037001044,45116,75101,252840
v0-bh50,Digex-r0,Digex,trajectory,B1,24,22.41772901860886,0.5604432254652215,optimal,13.662428177001857,45116,75101,252840
v0-bh50,Digex-r0,Digex,trajectory,B1,25,23.554917605655707,0.5888729401413927,optimal,18.82637063099901,45116,75101,252840
v0-bh50,Digex-r0,Digex,trajectory,B1,26,22.928618692994018,0.5732154673248504,optimal,9.051932384998508,45116,75101,252840
v0-bh50,Digex-r0,Digex,trajectory,B1,27,22.837082276673627,0.5709270569168406,optimal,10.58181445900118,45116,75101,252840
v0-bh50,Digex-r0,Digex,trajectory,B1,28,23.593022194553384,0.5898255548638346,optimal,11.9989418260011,45116,75101,252840
v0-bh50,Digex-r0,Digex,trajectory,B1,29,22.92201669344701,0.5730504173361752,optimal,9.030816482998489,45116,75101,252840
v0-bh50,Digex-r1,Digex,ground_only,,0,12.570045592799683,0.3142511398199921,optimal,0.12355844899866497,4182,11952,30541
v0-bh50,Digex-r1,Digex,ground_only,,1,12.570045592799683,0.3142511398199921,optimal,0.13920467999923858,4182,11952,30541
v0-bh50,Digex-r1,Digex,ground_only,,2,12.570045592799683,0.3142511398199921,optimal,0.14252783000119962,4182,11952,30541
v0-bh50,Digex-r1,Digex,ground_only,,3,12.570045592799683,0.3142511398199921,optimal,0.13131898100255057,4182,11952,30541
v0-bh50,Digex-r1,Digex,ground_only,,4,12.570045592799683,0.3142511398199921,optimal,0.12420676400142838,4182,11952,30541
v0-bh50,Digex-r1,Digex,ground_only,,5,12.570045592799683,0.3142511398199921,optimal,0.1666179439998814,4182,11952,30541
v0-bh50,Digex-r1,Digex,ground_only,,6,12.570045592799683,0.3142511398199921,optimal,0.1299063299993577,4182,11952,30541
v0-bh50,Digex-r1,Digex,ground_only,,7,12.570045592799683,0.3142511398199921,optimal,0.12878256399926613,4182,11952,30541
v0-bh50,Digex-r1,Digex,ground_only,,8,12.570045592799683,0.3142511398199921,optimal,0.184020420001616,4182,11952,30541
v0-bh50,Digex-r1,Digex,ground_only,,9,12.570045592799683,0.3142511398199921,optimal,0.12797901600060868,4182,11952,30541
v0-bh50,Digex-r1,Digex,ground_only,,10,12.570045592799683,0.3142511398199921,optimal,0.19492339199859998,4182,11952,30541
v0-bh50,Digex-r1,Digex,ground_only,,11,12.570045592799683,0.3142511398199921,optimal,0.14612229100021068,4182,11952,30541
v0-bh50,Digex-r1,Digex,ground_only,,12,12.570045592799683,0.3142511398199921,optimal,0.1379057689991896,4182,11952,30541
v0-bh50,Digex-r1,Digex,ground_only,,13,12.570045592799683,0.3142511398199921,optimal,0.1768426400012686,4182,11952,30541
v0-bh50,Digex-r1,Digex,ground_only,,14,12.570045592799683,0.3142511398199921,optimal,0.15408650300014415,4182,11952,30541
v0-bh50,Digex-r1,Digex,ground_only,,15,12.570045592799683,0.3142511398199921,optimal,0.12066628899992793,4182,11952,30541
v0-bh50,Digex-r1,Digex,ground_only,,16,12.570045592799683,0.3142511398199921,optimal,0.16403435800020816,4182,11952,30541
v0-bh50,Digex-r1,Digex,ground_only,,17,12.570045592799683,0.3142511398199921,optimal,0.2396844359973329,4182,11952,30541
v0-bh50,Digex-r1,Digex,ground_only,,18,12.570045592799683,0.3142511398199921,optimal,0.17984039799921447,4182,11952,30541
v0-bh50,Digex-r1,Digex,ground_only,,19,12.570045592799683,0.3142511398199921,optimal,0.19815180700243218,4182,11952,30541
v0-bh50,Digex-r1,Digex,ground_only,,20,12.570045592799683,0.3142511398199921,optimal,0.19356701099968632,4182,11952,30541
v0-bh50,Digex-r1,Digex,ground_only,,21,12.570045592799683,0.3142511398199921,optimal,0.15776245000233757,4182,11952,30541
v0-bh50,Digex-r1,Digex,ground_only,,22,12.570045592799683,0.3142511398199921,optimal,0.1292031750017486,4182,11952,30541
v0-bh50,Digex-r1,Digex,ground_only,,23,12.570045592799683,0.3142511398199921,optimal,0.14257596100287628,4182,11952,30541
v0-bh50,Digex-r1,Digex,ground_only,,24,12.570045592799683,0.3142511398199921,optimal,0.13180011099757394,4182,11952,30541
v0-bh50,Digex-r1,Digex,ground_only,,25,12.570045592799683,0.3142511398199921,optimal,0.12679225200190558,4182,11952,30541
v0-bh50,Digex-r1,Digex,ground_only,,26,12.570045592799683,0.3142511398199921,optimal,0.13318819000051008,4182,11952,30541
v0-bh50,Digex-r1,Digex,ground_only,,27,12.570045592799683,0.3142511398199921,optimal,0.1274361569994653,4182,11952,30541
v0-bh50,Digex-r1,Digex,ground_only,,28,12.570045592799683,0.3142511398199921,optimal,0.12483819699991727,4182,11952,30541
v0-bh50,Digex-r1,Digex,ground_only,,29,12.570045592799683,0.3142511398199921,optimal,0.12717817800148623,4182,11952,30541
v0-bh50,Digex-r1,Digex,trajectory,B1,0,13.555099875869196,0.3388774968967299,optimal,1.0110494939981436,24071,46720,174018
v0-bh50,Digex-r1,Digex,trajectory,B1,1,15.017379384636152,0.3754344846159038,optimal,1.0303111180000997,24071,46720,174018
v0-bh50,Digex-r1,Digex,trajectory,B1,2,15.228401948746372,0.3807100487186593,optimal,1.1529676129975996,24071,46720,174018
v0-bh50,Digex-r1,Digex,trajectory,B1,3,14.273925418274006,0.3568481354568501,optimal,2.4014326989999972,24071,46720,174018
v0-bh50,Digex-r1,Digex,trajectory,B1,4,14.443965806210832,0.3610991451552708,optimal,1.0518512729977374,24071,46720,174018
v0-bh50,Digex-r1,Digex,trajectory,B1,5,15.104088431315992,0.3776022107828998,optimal,1.0444477470009588,24071,46720,174018
v0-bh50,Digex-r1,Digex,trajectory,B1,6,14.793807421364585,0.3698451855341146,optimal,1.0807651659997646,24071,46720,174018
v0-bh50,Digex-r1,Digex,trajectory,B1,7,15.656531056691751,0.3914132764172938,optimal,1.017491995000455,24071,46720,174018
v0-bh50,Digex-r1,Digex,trajectory,B1,8,14.304288185950073,0.35760720464875184,optimal,1.0750873479992151,24071,46720,174018
v0-bh50,Digex-r1,Digex,trajectory,B1,9,14.947466376581009,0.3736866594145252,optimal,1.0451781279989518,24071,46720,174018
v0-bh50,Digex-r1,Digex,trajectory,B1,10,14.400510382629488,0.3600127595657372,optimal,0.9657184120005695,24071,46720,174018
v0-bh50,Digex-r1,Digex,trajectory,B1,11,14.884594762659027,0.3721148690664757,optimal,0.9570265849979478,24071,46720,174018
v0-bh50,Digex-r1,Digex,trajectory,B1,12,14.776260695772685,0.3694065173943171,optimal,2.1827277219999814,24071,46720,174018
v0-bh50,Digex-r1,Digex,trajectory,B1,13,14.140308520728642,0.35350771301821604,optimal,0.9769297439997899,24071,46720,174018
v0-bh50,Digex-r1,Digex,trajectory,B1,14,14.514489341241841,0.362862233531046,optimal,1.0220561159985664,24071,46720,174018
v0-bh50,Digex-r1,Digex,trajectory,B1,15,13.963508446366845,0.34908771115917114,optimal,1.8830596629995853,24071,46720,174018
v0-bh50,Digex-r1,Digex,trajectory,B1,16,15.424794245656408,0.3856198561414102,optimal,1.083087629001966,24071,46720,174018
v0-bh50,Digex-r1,Digex,trajectory,B1,17,14.942284148832869,0.37355710372082174,optimal,1.0640339070014306,24071,46720,174018
v0-bh50,Digex-r1,Digex,trajectory,B1,18,14.980250198711524,0.3745062549677881,optimal,0.9900263199997426,24071,46720,174018
v0-bh50,Digex-r1,Digex,trajectory,B1,19,14.490654478716566,0.3622663619679142,optimal,1.0341000869993877,24071,46720,174018
v0-bh50,Digex-r1,Digex,trajectory,B1,20,14.610013403630113,0.36525033509075283,optimal,1.109804157000326,24071,46720,174018
v0-bh50,Digex-r1,Digex,trajectory,B1,21,14.143449667182173,0.3535862416795543,optimal,1.020452426000702,24071,46720,174018
v0-bh50,Digex-r1,Digex,trajectory,B1,22,14.747987268872448,0.3686996817218112,optimal,1.0569365659976029,24071,46720,174018
v0-bh50,Digex-r1,Digex,trajectory,B1,23,15.11653795199334,0.3779134487998335,optimal,2.194494151000981,24071,46720,174018
v0-bh50,Digex-r1,Digex,trajectory,B1,24,14.467735507771014,0.36169338769427534,optimal,1.0239139549994434,24071,46720,174018
v0-bh50,Digex-r1,Digex,trajectory,B1,25,14.17727925252847,0.35443198131321174,optimal,1.0138010299997404,24071,46720,174018
v0-bh50,Digex-r1,Digex,trajectory,B1,26,14.110118606076727,0.3527529651519182,optimal,0.9797353029971418,24071,46720,174018
v0-bh50,Digex-r1,Digex,trajectory,B1,27,14.639973438870184,0.3659993359717546,optimal,1.010235798999929,24071,46720,174018
v0-bh50,Digex-r1,Digex,trajectory,B1,28,15.38805109895804,0.384701277473951,optimal,0.9762845379991631,24071,46720,174018
v0-bh50,Digex-r1,Digex,trajectory,B1,29,15.385307059020878,0.38463267647552196,optimal,2.097344145000534,24071,46720,174018
v0-bh50,Digex-r2,Digex,ground_only,,0,3.0,0.075,optimal,0.06858233800085145,4442,8038,20058
v0-bh50,Digex-r2,Digex,ground_only,,1,3.0,0.075,optimal,0.07331723099923693,4442,8038,20058
v0-bh50,Digex-r2,Digex,ground_only,,2,3.0,0.075,optimal,0.07891871699757758,4442,8038,20058
v0-bh50,Digex-r2,Digex,ground_only,,3,3.0,0.075,optimal,0.0704077900008997,4442,8038,20058
v0-bh50,Digex-r2,Digex,ground_only,,4,3.0,0.075,optimal,0.1593109160021413,4442,8038,20058
v0-bh50,Digex-r2,Digex,ground_only,,5,3.0,0.075,optimal,0.07114277899745503,4442,8038,20058
v0-bh50,Digex-r2,Digex,ground_only,,6,3.0,0.075,optimal,0.07958407100159093,4442,8038,20058
v0-bh50,Digex-r2,Digex,ground_only,,7,3.0,0.075,optimal,0.07427877400186844,4442,8038,20058
v0-bh50,Digex-r2,Digex,ground_only,,8,3.0,0.075,optimal,0.07900857700224151,4442,8038,20058
v0-bh50,Digex-r2,Digex,ground_only,,9,3.0,0.075,optimal,0.0730144150002161,4442,8038,20058
v0-bh50,Digex-r2,Digex,ground_only,,10,3.0,0.075,optimal,0.07586354600061895,4442,8038,20058
v0-bh50,Digex-r2,Digex,ground_only,,11,3.0,0.075,optimal,0.24178957600088324,4442,8038,20058
v0-bh50,Digex-r2,Digex,ground_only,,12,3.0,0.075,optimal,0.07195631799913826,4442,8038,20058
v0-bh50,Digex-r2,Digex,ground_only,,13,3.0,0.075,optimal,0.08259984499818529,4442,8038,20058
v0-bh50,Digex-r2,Digex,ground_only,,14,3.0,0.075,optimal,0.07932281399916974,4442,8038,20058
v0-bh50,Digex-r2,Digex,ground_only,,15,3.0,0.075,optimal,0.08268624500124133,4442,8038,20058
v0-bh50,Digex-r2,Digex,ground_only,,16,3.0,0.075,optimal,0.07819320599810453,4442,8038,20058
v0-bh50,Digex-r2,Digex,ground_only,,17,3.0,0.075,optimal,0.0784089139997377,4442,8038,20058
v0-bh50,Digex-r2,Digex,ground_only,,18,3.0,0.075,optimal,0.07588343899988104,4442,8038,20058
v0-bh50,Digex-r2,Digex,ground_only,,19,3.0,0.075,optimal,0.08131016400147928,4442,8038,20058
v0-bh50,Digex-r2,Digex,ground_only,,20,3.0,0.075,optimal,0.0751574059977429,4442,8038,20058
v0-bh50,Digex-r2,Digex,ground_only,,21,3.0,0.075,optimal,0.07391804199869512,4442,8038,20058
v0-bh50,Digex-r2,Digex,ground_only,,22,3.0,0.075,optimal,0.07373893600015435,4442,8038,20058
v0-bh50,Digex-r2,Digex,ground_only,,23,3.0,0.075,optimal,0.0746312859992031,4442,8038,20058
v0-bh50,Digex-r2,Digex,ground_only,,24,3.0,0.075,optimal,0.07415367199791945,4442,8038,20058
v0-bh50,Digex-r2,Digex,ground_only,,25,3.0,0.075,optimal,0.07858222000140813,4442,8038,20058
v0-bh50,Digex-r2,Digex,ground_only,,26,3.0,0.075,optimal,0.07821017699825461,4442,8038,20058
v0-bh50,Digex-r2,Digex,ground_only,,27,3.0,0.075,optimal,0.07426590699833469,4442,8038,20058
v0-bh50,Digex-r2,Digex,ground_only,,28,3.0,0.075,optimal,0.0754339049999544,4442,8038,20058
v0-bh50,Digex-r2,Digex,ground_only,,29,3.0,0.075,optimal,0.07498713500172016,4442,8038,20058
v0-bh50,Digex-r2,Digex,trajectory,B1,0,7.795386646759849,0.19488466616899622,optimal,1.8782749810015957,38646,62586,237983
v0-bh50,Digex-r2,Digex,trajectory,B1,1,7.0883297307305835,0.1772082432682646,optimal,1.8426434459979646,38646,62586,237983
v0-bh50,Digex-r2,Digex,trajectory,B1,2,7.108292494460274,0.17770731236150686,optimal,1.8146224629999779,38646,62586,237983
v0-bh50,Digex-r2,Digex,trajectory,B1,3,7.427174042809913,0.18567935107024783,optimal,2.0404196780000348,38646,62586,237983
v0-bh50,Digex-r2,Digex,trajectory,B1,4,7.085059303331373,0.1771264825832843,optimal,3.4687798420018225,38646,62586,237983
v0-bh50,Digex-r2,Digex,trajectory,B1,5,6.473880328731484,0.1618470082182871,optimal,1.9805355919997965,38646,62586,237983
v0-bh50,Digex-r2,Digex,trajectory,B1,6,6.919360407282438,0.17298401018206094,optimal,1.8936370659976092,38646,62586,237983
v0-bh50,Digex-r2,Digex,trajectory,B1,7,6.379948463607598,0.15949871159018997,optimal,1.8471255140029825,38646,62586,237983
v0-bh50,Digex-r2,Digex,trajectory,B1,8,6.797481739690527,0.16993704349226318,optimal,1.9567144259999623,38646,62586,237983
v0-bh50,Digex-r2,Digex,trajectory,B1,9,7.063150177036609,0.17657875442591522,optimal,3.794062036999094,38646,62586,237983
v0-bh50,Digex-r2,Digex,trajectory,B1,10,6.0849390631825555,0.15212347657956388,optimal,3.205180910001218,38646,62586,237983
v0-bh50,Digex-r2,Digex,trajectory,B1,11,6.422778554422929,0.16056946386057322,optimal,2.052322057003039,38646,62586,237983
v0-bh50,Digex-r2,Digex,trajectory,B1,12,6.557492967853988,0.1639373241963497,optimal,2.2313156399977743,38646,62586,237983
v0-bh50,Digex-r2,Digex,trajectory,B1,13,6.5007464341165315,0.16251866085291328,optimal,2.164598756000487,38646,62586,237983
v0-bh50,Digex-r2,Digex,trajectory,B1,14,6.525806675379569,0.16314516688448924,optimal,2.156017412999063,38646,62586,237983
v0-bh50,Digex-r2,Digex,trajectory,B1,15,6.399893793210677,0.15999734483026692,optimal,2.012624112001504,38646,62586,237983
v0-bh50,Digex-r2,Digex,trajectory,B1,16,8.211423652035071,0.20528559130087679,optimal,2.0209762470003625,38646,62586,237983
v0-bh50,Digex-r2,Digex,trajectory,B1,17,7.544792119065636,0.18861980297664088,optimal,2.05971679600043,38646,62586,237983
v0-bh50,Digex-r2,Digex,trajectory,B1,18,6.672056544764584,0.1668014136191146,optimal,1.9501603220014658,38646,62586,237983
v0-bh50,Digex-r2,Digex,trajectory,B1,19,6.486933944276457,0.1621733486069114,optimal,4.396379807003541,38646,62586,237983
v0-bh50,Digex-r2,Digex,trajectory,B1,20,5.72454962652854,0.1431137406632135,optimal,3.943535267000698,38646,62586,237983
v0-bh50,Digex-r2,Digex,trajectory,B1,21,5.923989245083808,0.1480997311270952,optimal,1.910118435996992,38646,62586,237983
v0-bh50,Digex-r2,Digex,trajectory,B1,22,7.443711251275357,0.18609278128188395,optimal,1.9349357560022327,38646,62586,237983
v0-bh50,Digex-r2,Digex,trajectory,B1,23,6.269371127917278,0.15673427819793195,optimal,1.8270456070022192,38646,62586,237983
v0-bh50,Digex-r2,Digex,trajectory,B1,24,6.3942210048042725,0.1598555251201068,optimal,1.8409205039970402,38646,62586,237983
v0-bh50,Digex-r2,Digex,trajectory,B1,25,6.350426739725763,0.15876066849314407,optimal,1.9045510249998188,38646,62586,237983
v0-bh50,Digex-r2,Digex,trajectory,B1,26,7.332744835634398,0.18331862089085996,optimal,1.999683008001739,38646,62586,237983
v0-bh50,Digex-r2,Digex,trajectory,B1,27,8.094801708496664,0.2023700427124166,optimal,1.9922794419981074,38646,62586,237983
v0-bh50,Digex-r2,Digex,trajectory,B1,28,7.528832201902135,0.1882208050475534,optimal,1.9233154880021175,38646,62586,237983
v0-bh50,Digex-r2,Digex,trajectory,B1,29,8.004928344060291,0.20012320860150729,optimal,4.547772499001439,38646,62586,237983
v0-bh50,Easynet-r0,Easynet,ground_only,,0,8.485443065807603,0.21213607664519007,optimal,0.32679005399768357,6244,10506,32027
v0-bh50,Easynet-r0,Easynet,ground_only,,1,8.485443065807603,0.21213607664519007,optimal,0.32510695699966163,6244,10506,32027
v0-bh50,Easynet-r0,Easynet,ground_only,,2,8.485443065807603,0.21213607664519007,optimal,0.31246494999868446,6244,10506,32027
v0-bh50,Easynet-r0,Easynet,ground_only,,3,8.485443065807603,0.21213607664519007,optimal,0.2981791059974057,6244,10506,32027
v0-bh50,Easynet-r0,Easynet,ground_only,,4,8.485443065807603,0.21213607664519007,optimal,0.31563182300305925,6244,10506,32027
v0-bh50,Easynet-r0,Easynet,ground_only,,5,8.485443065807603,0.21213607664519007,optimal,0.2997628489974886,6244,10506,32027
v0-bh50,Easynet-r0,Easynet,ground_only,,6,8.485443065807603,0.21213607664519007,optimal,0.3011187109987077,6244,10506,32027
v0-bh50,Easynet-r0,Easynet,ground_only,,7,8.485443065807603,0.21213607664519007,optimal,0.31113901599746896,6244,10506,32027
v0-bh50,Easynet-r0,Easynet,ground_only,,8,8.485443065807603,0.21213607664519007,optimal,0.29358213899831753,6244,10506,32027
v0-bh50,Easynet-r0,Easynet,ground_only,,9,8.485443065807603,0.21213607664519007,optimal,0.3054439769985038,6244,10506,32027
v0-bh50,Easynet-r0,Easynet,ground_only,,10,8.485443065807603,0.21213607664519007,optimal,0.30027779000010923,6244,10506,32027
v0-bh50,Easynet-r0,Easynet,ground_only,,11,8.485443065807603,0.21213607664519007,optimal,0.3085844809975242,6244,10506,32027
v0-bh50,Easynet-r0,Easynet,ground_only,,12,8.485443065807603,0.21213607664519007,optimal,0.32002415099850623,6244,10506,32027
v0-bh50,Easynet-r0,Easynet,ground_only,,13,8.485443065807603,0.21213607664519007,optimal,0.3033110979995399,6244,10506,32027
v0-bh50,Easynet-r0,Easynet,ground_only,,14,8.485443065807603,0.21213607664519007,optimal,0.3112101379992964,6244,10506,32027
v0-bh50,Easynet-r0,Easynet,ground_only,,15,8.485443065807603,0.21213607664519007,optimal,0.3075126579969947,6244,10506,32027
v0-bh50,Easynet-r0,Easynet,ground_only,,16,8.485443065807603,0.21213607664519007,optimal,0.3009211349999532,6244,10506,32027
v0-bh50,Easynet-r0,Easynet,ground_only,,17,8.485443065807603,0.21213607664519007,optimal,0.3039910699990287,6244,10506,32027
v0-bh50,Easynet-r0,Easynet,ground_only,,18,8.485443065807603,0.21213607664519007,optimal,0.3094556479991297,6244,10506,32027
v0-bh50,Easynet-r0,Easynet,ground_only,,19,8.485443065807603,0.21213607664519007,optimal,0.3052899219983374,6244,10506,32027
v0-bh50,Easynet-r0,Easynet,ground_only,,20,8.485443065807603,0.21213607664519007,optimal,0.3177323170020827,6244,10506,32027
v0-bh50,Easynet-r0,Easynet,ground_only,,21,8.485443065807603,0.21213607664519007,optimal,0.30786916299985023,6244,10506,32027
v0-bh50,Easynet-r0,Easynet,ground_only,,22,8.485443065807603,0.21213607664519007,optimal,0.301440098999592,6244,10506,32027
v0-bh50,Easynet-r0,Easynet,ground_only,,23,8.485443065807603,0.21213607664519007,optimal,0.30901037199873826,6244,10506,32027
v0-bh50,Easynet-r0,Easynet,ground_only,,24,8.485443065807603,0.21213607664519007,optimal,0.3047561929997755,6244,10506,32027
v0-bh50,Easynet-r0,Easynet,ground_only,,25,8.485443065807603,0.21213607664519007,optimal,0.29749834000176634,6244,10506,32027
v0-bh50,Easynet-r0,Easynet,ground_only,,26,8.485443065807603,0.21213607664519007,optimal,0.30700079500093125,6244,10506,32027
v0-bh50,Easynet-r0,Easynet,ground_only,,27,8.485443065807603,0.21213607664519007,optimal,0.33067031300015515,6244,10506,32027
v0-bh50,Easynet-r0,Easynet,ground_only,,28,8.485443065807603,0.21213607664519007,optimal,0.3328443819991662,6244,10506,32027
v0-bh50,Easynet-r0,Easynet,ground_only,,29,8.485443065807603,0.21213607664519007,optimal,0.3228043209965108,6244,10506,32027
v0-bh50,Easynet-r0,Easynet,trajectory,B1,0,12.915389323268943,0.3228847330817236,optimal,2.2293882710000616,32214,56024,211223
v0-bh50,Easynet-r0,Easynet,trajectory,B1,1,11.581836736370276,0.2895459184092569,optimal,2.2227285019980627,32214,56024,211223
v0-bh50,Easynet-r0,Easynet,trajectory,B1,2,10.758367946375584,0.2689591986593896,optimal,4.174456172997452,32214,56024,211223
v0-bh50,Easynet-r0,Easynet,trajectory,B1,3,12.229951261278247,0.30574878153195617,optimal,2.147755395999411,32214,56024,211223
v0-bh50,Easynet-r0,Easynet,trajectory,B1,4,10.882709833511884,0.2720677458377971,optimal,2.4340019439987373,32214,56024,211223
v0-bh50,Easynet-r0,Easynet,trajectory,B1,5,11.971816121080543,0.2992954030270136,optimal,2.106314164997457,32214,56024,211223
v0-bh50,Easynet-r0,Easynet,trajectory,B1,6,12.642214408832597,0.31605536022081493,optimal,2.2261156759996084,32214,56024,211223
v0-bh50,Easynet-r0,Easynet,trajectory,B1,7,13.621141414715055,0.34052853536787636,optimal,2.298167562003073,32214,56024,211223
v0-bh50,Easynet-r0,Easynet,trajectory,B1,8,12.527432571166905,0.31318581427917264,optimal,2.2941460750007536,32214,56024,211223
v0-bh50,Easynet-r0,Easynet,trajectory,B1,9,11.3628030294639,0.2840700757365975,optimal,4.349149426998338,32214,56024,211223
v0-bh50,Easynet-r0,Easynet,trajectory,B1,10,12.315366098728814,0.3078841524682204,optimal,2.732111156001338,32214,56024,211223
v0-bh50,Easynet-r0,Easynet,trajectory,B1,11,11.838944633081022,0.2959736158270255,optimal,4.052136393002002,32214,56024,211223
v0-bh50,Easynet-r0,Easynet,trajectory,B1,12,12.301260412128524,0.30753151030321313,optimal,2.2582335459992464,32214,56024,211223
v0-bh50,Easynet-r0,Easynet,trajectory,B1,13,11.262226958691896,0.2815556739672974,optimal,2.2717122430003656,32214,56024,211223
v0-bh50,Easynet-r0,Easynet,trajectory,B1,14,13.771010812541476,0.3442752703135369,optimal,2.9425110699994548,32214,56024,211223
v0-bh50,Easynet-r0,Easynet,trajectory,B1,15,12.626701082923816,0.3156675270730954,optimal,2.264157510999212,32214,56024,211223
v0-bh50,Easynet-r0,Easynet,trajectory,B1,16,11.645019703638376,0.2911254925909594,optimal,2.1528922260004038,32214,56024,211223
v0-bh50,Easynet-r0,Easynet,trajectory,B1,17,12.789394334566802,0.31973485836417004,optimal,4.643912544997875,32214,56024,211223
v0-bh50,Easynet-r0,Easynet,trajectory,B1,18,12.83752965793832,0.320938241448458,optimal,2.2114738000018406,32214,56024,211223
v0-bh50,Easynet-r0,Easynet,trajectory,B1,19,12.150163651211749,0.30375409128029374,optimal,2.238954346998071,32214,56024,211223
v0-bh50,Easynet-r0,Easynet,trajectory,B1,20,13.18541504176528,0.329635376044132,optimal,2.3382151879995945,32214,56024,211223
v0-bh50,Easynet-r0,Easynet,trajectory,B1,21,11.252932434614275,0.2813233108653569,optimal,3.12031559100069,32214,56024,211223
v0-bh50,Easynet-r0,Easynet,trajectory,B1,22,11.342931413268712,0.2835732853317178,optimal,2.267631323000387,32214,56024,211223
v0-bh50,Easynet-r0,Easynet,trajectory,B1,23,11.951863918617615,0.2987965979654404,optimal,4.09098940399781,32214,56024,211223
v0-bh50,Easynet-r0,Easynet,trajectory,B1,24,12.348345288205628,0.3087086322051407,optimal,2.327731240999128,32214,56024,211223
v0-bh50,Easynet-r0,Easynet,trajectory,B1,25,11.659943131137208,0.2914985782784302,optimal,2.2538461179974547,32214,56024,211223
v0-bh50,Easynet-r0,Easynet,trajectory,B1,26,11.446679131662258,0.28616697829155646,optimal,2.2695186589990044,32214,56024,211223
v0-bh50,Easynet-r0,Easynet,trajectory,B1,27,11.849840600302237,0.29624601500755593,optimal,2.497785264000413,32214,56024,211223
v0-bh50,Easynet-r0,Easynet,trajectory,B1,28,12.336418239829683,0.30841045599574207,optimal,4.584293302999868,32214,56024,211223
v0-bh50,Easynet-r0,Easynet,trajectory,B1,29,11.058573596088143,0.2764643399022036,optimal,2.7955263889998605,32214,56024,211223
v0-bh50,Easynet-r1,Easynet,ground_only,,0,5.353927883761813,0.13384819709404533,optimal,0.10158566500103916,3066,6823,17711
v0-bh50,Easynet-r1,Easynet,ground_only,,1,5.353927883761813,0.13384819709404533,optimal,0.09788619100072538,3066,6823,17711
v0-bh50,Easynet-r1,Easynet,ground_only,,2,5.353927883761813,0.13384819709404533,optimal,0.10267590500006918,3066,6823,17711
v0-bh50,Easynet-r1,Easynet,ground_only,,3,5.353927883761813,0.13384819709404533,optimal,0.10562772699995548,3066,6823,17711
v0-bh50,Easynet-r1,Easynet,ground_only,,4,5.353927883761813,0.13384819709404533,optimal,0.10113986800206476,3066,6823,17711
v0-bh50,Easynet-r1,Easynet,ground_only,,5,5.353927883761813,0.13384819709404533,optimal,0.09778960900075617,3066,6823,17711
v0-bh50,Easynet-r1,Easynet,ground_only,,6,5.353927883761813,0.13384819709404533,optimal,0.1006204240002262,3066,6823,17711
v0-bh50,Easynet-r1,Easynet,ground_only,,7,5.353927883761813,0.13384819709404533,optimal,0.10200802799954545,3066,6823,17711
v0-bh50,Easynet-r1,Easynet,ground_only,,8,5.353927883761813,0.13384819709404533,optimal,0.1015819529966393,3066,6823,17711
v0-bh50,Easynet-r1,Easynet,ground_only,,9,5.353927883761813,0.13384819709404533,optimal,0.09915327099952265,3066,6823,17711
v0-bh50,Easynet-r1,Easynet,ground_only,,10,5.353927883761813,0.13384819709404533,optimal,0.10250988700136077,3066,6823,17711
v0-bh50,Easynet-r1,Easynet,ground_only,,11,5.353927883761813,0.13384819709404533,optimal,0.09687929100255133,3066,6823,17711
v0-bh50,Easynet-r1,Easynet,ground_only,,12,5.353927883761813,0.13384819709404533,optimal,0.10326525700293132,3066,6823,17711
v0-bh50,Easynet-r1,Easynet,ground_only,,13,5.353927883761813,0.13384819709404533,optimal,0.09790558600070653,3066,6823,17711
v0-bh50,Easynet-r1,Easynet,ground_only,,14,5.353927883761813,0.13384819709404533,optimal,0.10573562100034906,3066,6823,17711
v0-bh50,Easynet-r1,Easynet,ground_only,,15,5.353927883761813,0.13384819709404533,optimal,0.10270792300070752,3066,6823,17711
v0-bh50,Easynet-r1,Easynet,ground_only,,16,5.353927883761813,0.13384819709404533,optimal,0.10706311600006302,3066,6823,17711
v0-bh50,Easynet-r1,Easynet,ground_only,,17,5.353927883761813,0.13384819709404533,optimal,0.11514563099990482,3066,6823,17711
v0-bh50,Easynet-r1,Easynet,ground_only,,18,5.353927883761813,0.13384819709404533,optimal,0.10307498199836118,3066,6823,17711
v0-bh50,Easynet-r1,Easynet,ground_only,,19,5.353927883761813,0.13384819709404533,optimal,0.10765733300286229,3066,6823,17711
v0-bh50,Easynet-r1,Easynet,ground_only,,20,5.353927883761813,0.13384819709404533,optimal,0.2529035249972367,3066,6823,17711
v0-bh50,Easynet-r1,Easynet,ground_only,,21,5.353927883761813,0.13384819709404533,optimal,0.09950545900210273,3066,6823,17711
v0-bh50,Easynet-r1,Easynet,ground_only,,22,5.353927883761813,0.13384819709404533,optimal,0.09946262999801547,3066,6823,17711
v0-bh50,Easynet-r1,Easynet,ground_only,,23,5.353927883761813,0.13384819709404533,optimal,0.09732373299993924,3066,6823,17711
v0-bh50,Easynet-r1,Easynet,ground_only,,24,5.353927883761813,0.13384819709404533,optimal,0.0956376710018958,3066,6823,17711
v0-bh50,Easynet-r1,Easynet,ground_only,,25,5.353927883761813,0.13384819709404533,optimal,0.0987930570008757,3066,6823,17711
v0-bh50,Easynet-r1,Easynet,ground_only,,26,5.353927883761813,0.13384819709404533,optimal,0.09758427999986452,3066,6823,17711
v0-bh50,Easynet-r1,Easynet,ground_only,,27,5.353927883761813,0.13384819709404533,optimal,0.18950804300038726,3066,6823,17711
v0-bh50,Easynet-r1,Easynet,ground_only,,28,5.353927883761813,0.13384819709404533,optimal,0.10009107800215133,3066,6823,17711
v0-bh50,Easynet-r1,Easynet,ground_only,,29,5.353927883761813,0.13384819709404533,optimal,0.09712373599904822,3066,6823,17711
v0-bh50,Easynet-r1,Easynet,trajectory,B1,0,12.923298900352517,0.32308247250881295,optimal,1.9359932090010261,30299,51786,204822
v0-bh50,Easynet-r1,Easynet,trajectory,B1,1,14.436652329061527,0.3609163082265382,optimal,2.019798905999778,30299,51786,204822
v0-bh50,Easynet-r1,Easynet,trajectory,B1,2,12.715713010749845,0.3178928252687461,optimal,1.8219418709995807,30299,51786,204822
v0-bh50,Easynet-r1,Easynet,trajectory,B1,3,11.363663264315235,0.2840915816078809,optimal,1.8881595189996006,30299,51786,204822
v0-bh50,Easynet-r1,Easynet,trajectory,B1,4,10.896665983294495,0.2724166495823624,optimal,2.6813198430027114,30299,51786,204822
v0-bh50,Easynet-r1,Easynet,trajectory,B1,5,11.792791134121165,0.29481977835302914,optimal,1.887222761000885,30299,51786,204822
v0-bh50,Easynet-r1,Easynet,trajectory,B1,6,12.043735609352252,0.3010933902338063,optimal,1.8897502410000016,30299,51786,204822
v0-bh50,Easynet-r1,Easynet,trajectory,B1,7,10.449053021784936,0.2612263255446234,optimal,2.0540209700011474,30299,51786,204822
v0-bh50,Easynet-r1,Easynet,trajectory,B1,8,11.685159248273768,0.2921289812068442,optimal,1.829438578002737,30299,51786,204822
v0-bh50,Easynet-r1,Easynet,trajectory,B1,9,11.522276061560422,0.28805690153901053,optimal,4.1375194619977265,30299,51786,204822
v0-bh50,Easynet-r1,Easynet,trajectory,B1,10,10.690702833988338,0.2672675708497084,optimal,3.6979079459997592,30299,51786,204822
v0-bh50,Easynet-r1,Easynet,trajectory,B1,11,12.17841307227219,0.3044603268068048,optimal,1.7598256950004725,30299,51786,204822
v0-bh50,Easynet-r1,Easynet,trajectory,B1,12,11.903640674152628,0.2975910168538157,optimal,1.5737842170019576,30299,51786,204822
v0-bh50,Easynet-r1,Easynet,trajectory,B1,13,12.95399910941526,0.3238499777353815,optimal,1.7309809299986227,30299,51786,204822
v0-bh50,Easynet-r1,Easynet,trajectory,B1,14,11.776249826488524,0.2944062456622131,optimal,1.942539741001383,30299,51786,204822
v0-bh50,Easynet-r1,Easynet,trajectory,B1,15,12.159525144127583,0.3039881286031896,optimal,1.9748614510026528,30299,51786,204822
v0-bh50,Easynet-r1,Easynet,trajectory,B1,16,10.914662958557438,0.27286657396393593,optimal,1.831677297999704,30299,51786,204822
v0-bh50,Easynet-r1,Easynet,trajectory,B1,17,13.062168027562047,0.32655420068905117,optimal,1.8133718069984752,30299,51786,204822
v0-bh50,Easynet-r1,Easynet,trajectory,B1,18,10.952310890446789,0.2738077722611697,optimal,2.70231707199855,30299,51786,204822
v0-bh50,Easynet-r1,Easynet,trajectory,B1,19,11.398965648108303,0.2849741412027076,optimal,3.4592562969992287,30299,51786,204822
v0-bh50,Easynet-r1,Easynet,trajectory,B1,20,10.048488410162713,0.2512122102540678,optimal,1.7372635980027553,30299,51786,204822
v0-bh50,Easynet-r1,Easynet,trajectory,B1,21,12.967888483856747,0.32419721209641866,optimal,2.052393606998521,30299,51786,204822
v0-bh50,Easynet-r1,Easynet,trajectory,B1,22,11.37633293953957,0.2844083234884892,optimal,1.7836684190006054,30299,51786,204822
v0-bh50,Easynet-r1,Easynet,trajectory,B1,23,11.802265917200232,0.2950566479300058,optimal,1.612159068001347,30299,51786,204822
v0-bh50,Easynet-r1,Easynet,trajectory,B1,24,11.37212021985796,0.284303005496449,optimal,1.7901528849979513,30299,51786,204822
v0-bh50,Easynet-r1,Easynet,trajectory,B1,25,12.207912062278528,0.3051978015569632,optimal,2.1082636050014116,30299,51786,204822
v0-bh50,Easynet-r1,Easynet,trajectory,B1,26,11.863582906502469,0.2965895726625617,optimal,1.8280146270008117,30299,51786,204822
v0-bh50,Easynet-r1,Easynet,trajectory,B1,27,13.283106455080187,0.3320776613770047,optimal,3.458252103002451,30299,51786,204822
v0-bh50,Easynet-r1,Easynet,trajectory,B1,28,11.33552061375606,0.2833880153439015,optimal,3.6552634090003266,30299,51786,204822
v0-bh50,Easynet-r1,Easynet,trajectory,B1,29,12.565609042911996,0.3141402260727999,optimal,3.43408471499788,30299,51786,204822
v0-bh50,Easynet-r2,Easynet,ground_only,,0,4.311620830122582,0.10779052075306454,optimal,0.07548152199888136,2192,4306,12571
v0-bh50,Easynet-r2,Easynet,ground_only,,1,4.311620830122582,0.10779052075306454,optimal,0.074037643000338,2192,4306,12571
v0-bh50,Easynet-r2,Easynet,ground_only,,2,4.311620830122582,0.10779052075306454,optimal,0.0749908849975327,2192,4306,12571
v0-bh50,Easynet-r2,Easynet,ground_only,,3,4.311620830122582,0.10779052075306454,optimal,0.07585975899928599,2192,4306,12571
v0-bh50,Easynet-r2,Easynet,ground_only,,4,4.311620830122582,0.10779052075306454,optimal,0.07866129000103683,2192,4306,12571
v0-bh50,Easynet-r2,Easynet,ground_only,,5,4.311620830122582,0.10779052075306454,optimal,0.08784417700007907,2192,4306,12571
v0-bh50,Easynet-r2,Easynet,ground_only,,6,4.311620830122582,0.10779052075306454,optimal,0.08480559399686172,2192,4306,12571
v0-bh50,Easynet-r2,Easynet,ground_only,,7,4.311620830122582,0.10779052075306454,optimal,0.07798569200167549,2192,4306,12571
v0-bh50,Easynet-r2,Easynet,ground_only,,8,4.311620830122582,0.10779052075306454,optimal,0.08064057199953822,2192,4306,12571
v0-bh50,Easynet-r2,Easynet,ground_only,,9,4.311620830122582,0.10779052075306454,optimal,0.07571038899914129,2192,4306,12571
v0-bh50,Easynet-r2,Easynet,ground_only,,10,4.311620830122582,0.10779052075306454,optimal,0.08186825299708289,2192,4306,12571
v0-bh50,Easynet-r2,Easynet,ground_only,,11,4.311620830122582,0.10779052075306454,optimal,0.07496393900146359,2192,4306,12571
v0-bh50,Easynet-r2,Easynet,ground_only,,12,4.311620830122582,0.10779052075306454,optimal,0.08061676799843553,2192,4306,12571
v0-bh50,Easynet-r2,Easynet,ground_only,,13,4.311620830122582,0.10779052075306454,optimal,0.07417226799952914,2192,4306,12571
v0-bh50,Easynet-r2,Easynet,ground_only,,14,4.311620830122582,0.10779052075306454,optimal,0.07514826599799562,2192,4306,12571
v0-bh50,Easynet-r2,Easynet,ground_only,,15,4.311620830122582,0.10779052075306454,optimal,0.07958545499786851,2192,4306,12571
v0-bh50,Easynet-r2,Easynet,ground_only,,16,4.311620830122582,0.10779052075306454,optimal,0.07546767399981036,2192,4306,12571
v0-bh50,Easynet-r2,Easynet,ground_only,,17,4.311620830122582,0.10779052075306454,optimal,0.08226379999905475,2192,4306,12571
v0-bh50,Easynet-r2,Easynet,ground_only,,18,4.311620830122582,0.10779052075306454,optimal,0.07485819599969545,2192,4306,12571
v0-bh50,Easynet-r2,Easynet,ground_only,,19,4.311620830122582,0.10779052075306454,optimal,0.07578929900046205,2192,4306,12571
v0-bh50,Easynet-r2,Easynet,ground_only,,20,4.311620830122582,0.10779052075306454,optimal,0.07657536399710807,2192,4306,12571
v0-bh50,Easynet-r2,Easynet,ground_only,,21,4.311620830122582,0.10779052075306454,optimal,0.08061059899773682,2192,4306,12571
v0-bh50,Easynet-r2,Easynet,ground_only,,22,4.311620830122582,0.10779052075306454,optimal,0.1462004409986548,2192,4306,12571
v0-bh50,Easynet-r2,Easynet,ground_only,,23,4.311620830122582,0.10779052075306454,optimal,0.07690315200306941,2192,4306,12571
v0-bh50,Easynet-r2,Easynet,ground_only,,24,4.311620830122582,0.10779052075306454,optimal,0.0798123040003702,2192,4306,12571
v0-bh50,Easynet-r2,Easynet,ground_only,,25,4.311620830122582,0.10779052075306454,optimal,0.07547353400150314,2192,4306,12571
v0-bh50,Easynet-r2,Easynet,ground_only,,26,4.311620830122582,0.10779052075306454,optimal,0.07627030100047705,2192,4306,12571
v0-bh50,Easynet-r2,Easynet,ground_only,,27,4.311620830122582,0.10779052075306454,optimal,0.07795927900224342,2192,4306,12571
v0-bh50,Easynet-r2,Easynet,ground_only,,28,4.311620830122582,0.10779052075306454,optimal,0.07916499000202748,2192,4306,12571
v0-bh50,Easynet-r2,Easynet,ground_only,,29,4.311620830122582,0.10779052075306454,optimal,0.07987872499870718,2192,4306,12571
v0-bh50,Easynet-r2,Easynet,trajectory,B1,0,6.171195876875729,0.15427989692189323,optimal,1.217436661998363,26241,46499,178943
v0-bh50,Easynet-r2,Easynet,trajectory,B1,1,6.96619130359462,0.1741547825898655,optimal,1.1437461659988912,26241,46499,178943
v0-bh50,Easynet-r2,Easynet,trajectory,B1,2,6.490785677775328,0.1622696419443832,optimal,1.1973180189997947,26241,46499,178943
v0-bh50,Easynet-r2,Easynet,trajectory,B1,3,6.818693925488099,0.1704673481372025,optimal,1.255531446000532,26241,46499,178943
v0-bh50,Easynet-r2,Easynet,trajectory,B1,4,7.134939827328699,0.17837349568321748,optimal,1.1671141519982484,26241,46499,178943
v0-bh50,Easynet-r2,Easynet,trajectory,B1,5,6.647932313057136,0.1661983078264284,optimal,1.1700685110008635,26241,46499,178943
v0-bh50,Easynet-r2,Easynet,trajectory,B1,6,6.882688058214181,0.17206720145535453,optimal,1.2233998130031978,26241,46499,178943
v0-bh50,Easynet-r2,Easynet,trajectory,B1,7,6.920050128027037,0.17300125320067591,optimal,2.5244340559984266,26241,46499,178943
v0-bh50,Easynet-r2,Easynet,trajectory,B1,8,6.743700376925093,0.16859250942312734,optimal,1.1514559770002961,26241,46499,178943
v0-bh50,Easynet-r2,Easynet,trajectory,B1,9,6.805604522840788,0.1701401130710197,optimal,1.255679025001882,26241,46499,178943
v0-bh50,Easynet-r2,Easynet,trajectory,B1,10,7.559115764486085,0.18897789411215213,optimal,1.2404378750034084,26241,46499,178943
v0-bh50,Easynet-r2,Easynet,trajectory,B1,11,6.454238650997535,0.16135596627493837,optimal,1.1737986970001657,26241,46499,178943
v0-bh50,Easynet-r2,Easynet,trajectory,B1,12,7.1197824612297635,0.17799456153074408,optimal,1.4721016639996378,26241,46499,178943
v0-bh50,Easynet-r2,Easynet,trajectory,B1,13,6.666034659388318,0.16665086648470795,optimal,1.7776103430005605,26241,46499,178943
v0-bh50,Easynet-r2,Easynet,trajectory,B1,14,6.929977854748193,0.17324944636870482,optimal,1.131057309001335,26241,46499,178943
v0-bh50,Easynet-r2,Easynet,trajectory,B1,15,7.298211975639851,0.18245529939099628,optimal,1.8501637120025407,26241,46499,178943
v0-bh50,Easynet-r2,Easynet,trajectory,B1,16,6.777523073646836,0.1694380768411709,optimal,1.1992688389982504,26241,46499,178943
v0-bh50,Easynet-r2,Easynet,trajectory,B1,17,7.323130529712652,0.1830782632428163,optimal,2.6313769290027267,26241,46499,178943
v0-bh50,Easynet-r2,Easynet,trajectory,B1,18,7.322545353398199,0.18306363383495497,optimal,1.1007867740008805,26241,46499,178943
v0-bh50,Easynet-r2,Easynet,trajectory,B1,19,6.379681965508914,0.15949204913772286,optimal,1.2200956260021485,26241,46499,178943
v0-bh50,Easynet-r2,Easynet,trajectory,B1,20,6.686323876642157,0.16715809691605393,optimal,1.1981665810017148,26241,46499,178943
v0-bh50,Easynet-r2,Easynet,trajectory,B1,21,7.303438560046615,0.1825859640011654,optimal,1.4742919829986931,26241,46499,178943
v0-bh50,Easynet-r2,Easynet,trajectory,B1,22,7.219903055880223,0.18049757639700556,optimal,1.3623956730007194,26241,46499,178943
v0-bh50,Easynet-r2,Easynet,trajectory,B1,23,6.960250833108626,0.17400627082771564,optimal,1.143229967001389,26241,46499,178943
v0-bh50,Easynet-r2,Easynet,trajectory,B1,24,6.955713168044217,0.17389282920110544,optimal,2.5821414590027416,26241,46499,178943
v0-bh50,Easynet-r2,Easynet,trajectory,B1,25,7.1173364963845955,0.17793341240961488,optimal,1.8328641209991474,26241,46499,178943
v0-bh50,Easynet-r2,Easynet,trajectory,B1,26,6.341741008783844,0.15854352521959608,optimal,1.324129720000201,26241,46499,178943
v0-bh50,Easynet-r2,Easynet,trajectory,B1,27,6.643205838122643,0.16608014595306608,optimal,1.2715388879987586,26241,46499,178943
v0-bh50,Easynet-r2,Easynet,trajectory,B1,28,6.992868113342679,0.17482170283356696,optimal,2.638996756002598,26241,46499,178943
v0-bh50,Easynet-r2,Easynet,trajectory,B1,29,6.633231071125134,0.16583077677812835,optimal,1.2364933249991736,26241,46499,178943
v0-bh50,Garr200112-r0,Garr200112,ground_only,,0,20.48783864045655,0.5121959660114137,optimal,0.7715635419990576,7708,17071,46997
v0-bh50,Garr200112-r0,Garr200112,ground_only,,1,20.48783864045655,0.5121959660114137,optimal,0.781197404001432,7708,17071,46997
v0-bh50,Garr200112-r0,Garr200112,ground_only,,2,20.48783864045655,0.5121959660114137,optimal,0.8090808970009675,7708,17071,46997
v0-bh50,Garr200112-r0,Garr200112,ground_only,,3,20.48783864045655,0.5121959660114137,optimal,0.7769452209977317,7708,17071,46997
v0-bh50,Garr200112-r0,Garr200112,ground_only,,4,20.48783864045655,0.5121959660114137,optimal,1.7190549389997614,7708,17071,46997
v0-bh50,Garr200112-r0,Garr200112,ground_only,,5,20.48783864045655,0.5121959660114137,optimal,0.7782895979980822,7708,17071,46997
v0-bh50,Garr200112-r0,Garr200112,ground_only,,6,20.48783864045655,0.5121959660114137,optimal,1.5437077110000246,7708,17071,46997
v0-bh50,Garr200112-r0,Garr200112,ground_only,,7,20.48783864045655,0.5121959660114137,optimal,0.7992271379989688,7708,17071,46997
v0-bh50,Garr200112-r0,Garr200112,ground_only,,8,20.48783864045655,0.5121959660114137,optimal,0.7874316529996577,7708,17071,46997
v0-bh50,Garr200112-r0,Garr200112,ground_only,,9,20.48783864045655,0.5121959660114137,optimal,0.7926202839989855,7708,17071,46997
v0-bh50,Garr200112-r0,Garr200112,ground_only,,10,20.48783864045655,0.5121959660114137,optimal,0.7885783940000692,7708,17071,46997
v0-bh50,Garr200112-r0,Garr200112,ground_only,,11,20.48783864045655,0.5121959660114137,optimal,0.8125677190000715,7708,17071,46997
v0-bh50,Garr200112-r0,Garr200112,ground_only,,12,20.48783864045655,0.5121959660114137,optimal,0.7963512130008894,7708,17071,46997
v0-bh50,Garr200112-r0,Garr200112,ground_only,,13,20.48783864045655,0.5121959660114137,optimal,0.8128944709969801,7708,17071,46997
v0-bh50,Garr200112-r0,Garr200112,ground_only,,14,20.48783864045655,0.5121959660114137,optimal,0.8317392630015092,7708,17071,46997
v0-bh50,Garr200112-r0,Garr200112,ground_only,,15,20.48783864045655,0.5121959660114137,optimal,0.8316914850001922,7708,17071,46997
v0-bh50,Garr200112-r0,Garr200112,ground_only,,16,20.48783864045655,0.5121959660114137,optimal,0.8374775439988298,7708,17071,46997
v0-bh50,Garr200112-r0,Garr200112,ground_only,,17,20.48783864045655,0.5121959660114137,optimal,0.8210546019981848,7708,17071,46997
v0-bh50,Garr200112-r0,Garr200112,ground_only,,18,20.48783864045655,0.5121959660114137,optimal,0.7968108499990194,7708,17071,46997
v0-bh50,Garr200112-r0,Garr200112,ground_only,,19,20.48783864045655,0.5121959660114137,optimal,1.9616462589983712,7708,17071,46997
v0-bh50,Garr200112-r0,Garr200112,ground_only,,20,20.48783864045655,0.5121959660114137,optimal,0.8279268320002302,7708,17071,46997
v0-bh50,Garr200112-r0,Garr200112,ground_only,,21,20.48783864045655,0.5121959660114137,optimal,0.8071102620015154,7708,17071,46997
v0-bh50,Garr200112-r0,Garr200112,ground_only,,22,20.48783864045655,0.5121959660114137,optimal,0.8076312640005199,7708,17071,46997
v0-bh50,Garr200112-r0,Garr200112,ground_only,,23,20.48783864045655,0.5121959660114137,optimal,1.9525492649991065,7708,17071,46997
v0-bh50,Garr200112-r0,Garr200112,ground_only,,24,20.48783864045655,0.5121959660114137,optimal,1.962503866001498,7708,17071,46997
v0-bh50,Garr200112-r0,Garr200112,ground_only,,25,20.48783864045655,0.5121959660114137,optimal,0.7760011270001996,7708,17071,46997
v0-bh50,Garr200112-r0,Garr200112,ground_only,,26,20.48783864045655,0.5121959660114137,optimal,1.9011206519971893,7708,17071,46997
v0-bh50,Garr200112-r0,Garr200112,ground_only,,27,20.48783864045655,0.5121959660114137,optimal,0.774955567001598,7708,17071,46997
v0-bh50,Garr200112-r0,Garr200112,ground_only,,28,20.48783864045655,0.5121959660114137,optimal,0.7610192290012492,7708,17071,46997
v0-bh50,Garr200112-r0,Garr200112,ground_only,,29,20.48783864045655,0.5121959660114137,optimal,0.7831287010012602,7708,17071,46997
v0-bh50,Garr200112-r0,Garr200112,trajectory,B1,0,25.11542455613108,0.627885613903277,optimal,2.2385842410003534,26131,53374,177436
v0-bh50,Garr200112-r0,Garr200112,trajectory,B1,1,25.09833821866051,0.6274584554665127,optimal,2.493868260000454,26131,53374,177436
v0-bh50,Garr200112-r0,Garr200112,trajectory,B1,2,23.276106359705206,0.5819026589926302,optimal,2.1197842579967983,26131,53374,177436
v0-bh50,Garr200112-r0,Garr200112,trajectory,B1,3,26.464153526415632,0.6616038381603908,optimal,2.532931269997789,26131,53374,177436
v0-bh50,Garr200112-r0,Garr200112,trajectory,B1,4,25.89531476374303,0.6473828690935758,optimal,2.612127870997938,26131,53374,177436
v0-bh50,Garr200112-r0,Garr200112,trajectory,B1,5,25.425021056942185,0.6356255264235546,optimal,2.551635281997733,26131,53374,177436
v0-bh50,Garr200112-r0,Garr200112,trajectory,B1,6,24.854842770938482,0.6213710692734621,optimal,2.3516526510029507,26131,53374,177436
v0-bh50,Garr200112-r0,Garr200112,trajectory,B1,7,25.44888449385165,0.6362221123462912,optimal,2.6934242290008115,26131,53374,177436
v0-bh50,Garr200112-r0,Garr200112,trajectory,B1,8,25.420826223255283,0.635520655581382,optimal,5.860715404000075,26131,53374,177436
v0-bh50,Garr200112-r0,Garr200112,trajectory,B1,9,24.946092117627835,0.6236523029406958,optimal,4.08039615600137,26131,53374,177436
v0-bh50,Garr200112-r0,Garr200112,trajectory,B1,10,25.68348310198475,0.6420870775496187,optimal,6.1992872139999236,26131,53374,177436
v0-bh50,Garr200112-r0,Garr200112,trajectory,B1,11,24.881656876505474,0.6220414219126369,optimal,5.505009190997953,26131,53374,177436
v0-bh50,Garr200112-r0,Garr200112,trajectory,B1,12,24.05581832340491,0.6013954580851227,optimal,2.6965410349985177,26131,53374,177436
v0-bh50,Garr200112-r0,Garr200112,trajectory,B1,13,24.59825805612418,0.6149564514031045,optimal,2.322945885000081,26131,53374,177436
v0-bh50,Garr200112-r0,Garr200112,trajectory,B1,14,24.92186865389671,0.6230467163474177,optimal,2.5782048639994173,26131,53374,177436
v0-bh50,Garr200112-r0,Garr200112,trajectory,B1,15,25.574289715847407,0.6393572428961851,optimal,2.1058768939983565,26131,53374,177436
v0-bh50,Garr200112-r0,Garr200112,trajectory,B1,16,24.182540760738117,0.604563519018453,optimal,2.3551433270004054,26131,53374,177436
v0-bh50,Garr200112-r0,Garr200112,trajectory,B1,17,25.98566919104825,0.6496417297762063,optimal,2.5712100349992397,26131,53374,177436
v0-bh50,Garr200112-r0,Garr200112,trajectory,B1,18,25.804616729350183,0.6451154182337546,optimal,2.9173586899996735,26131,53374,177436
v0-bh50,Garr200112-r0,Garr200112,trajectory,B1,19,24.60880993835838,0.6152202484589595,optimal,2.138650875996973,26131,53374,177436
v0-bh50,Garr200112-r0,Garr200112,trajectory,B1,20,24.741724648631465,0.6185431162157866,optimal,3.9500233640028455,26131,53374,177436
v0-bh50,Garr200112-r0,Garr200112,trajectory,B1,21,26.028457707865,0.6507114426966251,optimal,2.8581250550014374,26131,53374,177436
v0-bh50,Garr200112-r0,Garr200112,trajectory,B1,22,24.792136498757078,0.6198034124689269,optimal,2.831863996998436,26131,53374,177436
v0-bh50,Garr200112-r0,Garr200112,trajectory,B1,23,24.30986991501803,0.6077467478754508,optimal,2.6803640729995095,26131,53374,177436
v0-bh50,Garr200112-r0,Garr200112,trajectory,B1,24,24.599234922990657,0.6149808730747665,optimal,2.4085456569991948,26131,53374,177436
v0-bh50,Garr200112-r0,Garr200112,trajectory,B1,25,25.454730333735775,0.6363682583433944,optimal,2.8240461719979066,26131,53374,177436
v0-bh50,Garr200112-r0,Garr200112,trajectory,B1,26,26.209916203873085,0.6552479050968272,optimal,2.7029566370001703,26131,53374,177436
v0-bh50,Garr200112-r0,Garr200112,trajectory,B1,27,25.004631690995566,0.6251157922748891,optimal,2.3720012459998543,26131,53374,177436
v0-bh50,Garr200112-r0,Garr200112,trajectory,B1,28,25.586479698907894,0.6396619924726974,optimal,3.861297082999954,26131,53374,177436
v0-bh50,Garr200112-r0,Garr200112,trajectory,B1,29,25.082324856675946,0.6270581214168987,optimal,5.355873660002544,26131,53374,177436
v0-bh50,Garr200112-r1,Garr200112,ground_only,,0,19.51938457938053,0.4879846144845133,optimal,0.4068801289977273,7731,17628,48216
v0-bh50,Garr200112-r1,Garr200112,ground_only,,1,19.51938457938053,0.4879846144845133,optimal,0.41352159199959715,7731,17628,48216
v0-bh50,Garr200112-r1,Garr200112,ground_only,,2,19.51938457938053,0.4879846144845133,optimal,0.41980030800186796,7731,17628,48216
v0-bh50,Garr200112-r1,Garr200112,ground_only,,3,19.51938457938053,0.4879846144845133,optimal,0.4369698500013328,7731,17628,48216
v0-bh50,Garr200112-r1,Garr200112,ground_only,,4,19.51938457938053,0.4879846144845133,optimal,0.4155560230028641,7731,17628,48216
v0-bh50,Garr200112-r1,Garr200112,ground_only,,5,19.51938457938053,0.4879846144845133,optimal,0.526425094998558,7731,17628,48216
v0-bh50,Garr200112-r1,Garr200112,ground_only,,6,19.51938457938053,0.4879846144845133,optimal,0.4524617169990961,7731,17628,48216
v0-bh50,Garr200112-r1,Garr200112,ground_only,,7,19.51938457938053,0.4879846144845133,optimal,0.46660199600228225,7731,17628,48216
v0-bh50,Garr200112-r1,Garr200112,ground_only,,8,19.51938457938053,0.4879846144845133,optimal,0.4569632510028896,7731,17628,48216
v0-bh50,Garr200112-r1,Garr200112,ground_only,,9,19.51938457938053,0.4879846144845133,optimal,0.45129721500052256,7731,17628,48216
v0-bh50,Garr200112-r1,Garr200112,ground_only,,10,19.51938457938053,0.4879846144845133,optimal,0.4422383439996338,7731,17628,48216
v0-bh50,Garr200112-r1,Garr200112,ground_only,,11,19.51938457938053,0.4879846144845133,optimal,0.45134411500112037,7731,17628,48216
v0-bh50,Garr200112-r1,Garr200112,ground_only,,12,19.51938457938053,0.4879846144845133,optimal,0.4442353779995756,7731,17628,48216
v0-bh50,Garr200112-r1,Garr200112,ground_only,,13,19.51938457938053,0.4879846144845133,optimal,0.41402883200134966,7731,17628,48216
v0-bh50,Garr200112-r1,Garr200112,ground_only,,14,19.51938457938053,0.4879846144845133,optimal,0.3929298069997458,7731,17628,48216
v0-bh50,Garr200112-r1,Garr200112,ground_only,,15,19.51938457938053,0.4879846144845133,optimal,0.40197744199758745,7731,17628,48216
v0-bh50,Garr200112-r1,Garr200112,ground_only,,16,19.51938457938053,0.4879846144845133,optimal,0.41394697000214364,7731,17628,48216
v0-bh50,Garr200112-r1,Garr200112,ground_only,,17,19.51938457938053,0.4879846144845133,optimal,0.4107950809993781,7731,17628,48216
v0-bh50,Garr200112-r1,Garr200112,ground_only,,18,19.51938457938053,0.4879846144845133,optimal,0.428374098999484,7731,17628,48216
v0-bh50,Garr200112-r1,Garr200112,ground_only,,19,19.51938457938053,0.4879846144845133,optimal,0.7468706120016577,7731,17628,48216
v0-bh50,Garr200112-r1,Garr200112,ground_only,,20,19.51938457938053,0.4879846144845133,optimal,0.40321555999980774,7731,17628,48216
v0-bh50,Garr200112-r1,Garr200112,ground_only,,21,19.51938457938053,0.4879846144845133,optimal,0.4301219299995864,7731,17628,48216
v0-bh50,Garr200112-r1,Garr200112,ground_only,,22,19.51938457938053,0.4879846144845133,optimal,0.4157743620016845,7731,17628,48216
v0-bh50,Garr200112-r1,Garr200112,ground_only,,23,19.51938457938053,0.4879846144845133,optimal,0.40524630900108605,7731,17628,48216
v0-bh50,Garr200112-r1,Garr200112,ground_only,,24,19.51938457938053,0.4879846144845133,optimal,0.40568360799807124,7731,17628,48216
v0-bh50,Garr200112-r1,Garr200112,ground_only,,25,19.51938457938053,0.4879846144845133,optimal,0.41835990600156947,7731,17628,48216
v0-bh50,Garr200112-r1,Garr200112,ground_only,,26,19.51938457938053,0.4879846144845133,optimal,0.4079950179984735,7731,17628,48216
v0-bh50,Garr200112-r1,Garr200112,ground_only,,27,19.51938457938053,0.4879846144845133,optimal,0.4113991199992597,7731,17628,48216
v0-bh50,Garr200112-r1,Garr200112,ground_only,,28,19.51938457938053,0.4879846144845133,optimal,0.4222080409999762,7731,17628,48216
v0-bh50,Garr200112-r1,Garr200112,ground_only,,29,19.51938457938053,0.4879846144845133,optimal,0.41718663899882813,7731,17628,48216
v0-bh50,Garr200112-r1,Garr200112,trajectory,B1,0,25.189442663977346,0.6297360665994336,optimal,2.017350453999825,25169,49976,173781
v0-bh50,Garr200112-r1,Garr200112,trajectory,B1,1,29.301511378875833,0.7325377844718959,optimal,2.4165721680001297,25169,49976,173781
v0-bh50,Garr200112-r1,Garr200112,trajectory,B1,2,28.462715405706327,0.7115678851426581,optimal,2.661949776000256,25169,49976,173781
v0-bh50,Garr200112-r1,Garr200112,trajectory,B1,3,27.63812715826217,0.6909531789565542,optimal,2.3234586470025533,25169,49976,173781
v0-bh50,Garr200112-r1,Garr200112,trajectory,B1,4,29.412668822063058,0.7353167205515765,optimal,2.752721916000155,25169,49976,173781
v0-bh50,Garr200112-r1,Garr200112,trajectory,B1,5,29.505005572651058,0.7376251393162765,optimal,2.791857544998493,25169,49976,173781
v0-bh50,Garr200112-r1,Garr200112,trajectory,B1,6,28.62731076183328,0.715682769045832,optimal,5.307771143998252,25169,49976,173781
v0-bh50,Garr200112-r1,Garr200112,trajectory,B1,7,28.189925725995458,0.7047481431498864,optimal,5.961899689002166,25169,49976,173781
v0-bh50,Garr200112-r1,Garr200112,trajectory,B1,8,27.82451263834358,0.6956128159585895,optimal,2.6116704319974815,25169,49976,173781
v0-bh50,Garr200112-r1,Garr200112,trajectory,B1,9,29.36243905950913,0.7340609764877282,optimal,2.490898431002279,25169,49976,173781
v0-bh50,Garr200112-r1,Garr200112,trajectory,B1,10,26.970116468368047,0.6742529117092012,optimal,3.299071597000875,25169,49976,173781
v0-bh50,Garr200112-r1,Garr200112,trajectory,B1,11,28.578972077099937,0.7144743019274984,optimal,5.413755716999731,25169,49976,173781
v0-bh50,Garr200112-r1,Garr200112,trajectory,B1,12,28.46338529397343,0.7115846323493358,optimal,2.7572383520018775,25169,49976,173781
v0-bh50,Garr200112-r1,Garr200112,trajectory,B1,13,26.960157720353504,0.6740039430088376,optimal,2.5924671959983243,25169,49976,173781
v0-bh50,Garr200112-r1,Garr200112,trajectory,B1,14,27.468837829781904,0.6867209457445476,optimal,4.483585644000414,25169,49976,173781
v0-bh50,Garr200112-r1,Garr200112,trajectory,B1,15,28.697739594014028,0.7174434898503507,optimal,2.541256248001446,25169,49976,173781
v0-bh50,Garr200112-r1,Garr200112,trajectory,B1,16,29.622723440018326,0.7405680860004582,optimal,2.7334187279993785,25169,49976,173781
v0-bh50,Garr200112-r1,Garr200112,trajectory,B1,17,30.657081985877394,0.7664270496469349,optimal,3.3787089559991728,25169,49976,173781
v0-bh50,Garr200112-r1,Garr200112,trajectory,B1,18,28.194979527431297,0.7048744881857825,optimal,2.391906847999053,25169,49976,173781
v0-bh50,Garr200112-r1,Garr200112,trajectory,B1,19,26.86701343987047,0.6716753359967618,optimal,2.372675383998285,25169,49976,173781
v0-bh50,Garr200112-r1,Garr200112,trajectory,B1,20,28.94877686130516,0.723719421532629,optimal,2.5402825769997435,25169,49976,173781
v0-bh50,Garr200112-r1,Garr200112,trajectory,B1,21,27.765191259633692,0.6941297814908423,optimal,2.490964344000531,25169,49976,173781
v0-bh50,Garr200112-r1,Garr200112,trajectory,B1,22,28.069768347517453,0.7017442086879363,optimal,2.0888100340016535,25169,49976,173781
v0-bh50,Garr200112-r1,Garr200112,trajectory,B1,23,28.857315918779324,0.7214328979694831,optimal,3.377020416999585,25169,49976,173781
v0-bh50,Garr200112-r1,Garr200112,trajectory,B1,24,29.114128988463143,0.7278532247115785,optimal,3.0261677189992042,25169,49976,173781
v0-bh50,Garr200112-r1,Garr200112,trajectory,B1,25,27.29953230670783,0.6824883076676957,optimal,2.1952957089997653,25169,49976,173781
v0-bh50,Garr200112-r1,Garr200112,trajectory,B1,26,27.13961394765276,0.678490348691319,optimal,2.6599283770010516,25169,49976,173781
v0-bh50,Garr200112-r1,Garr200112,trajectory,B1,27,27.93816382161497,0.6984540955403743,optimal,3.538851819001138,25169,49976,173781
v0-bh50,Garr200112-r1,Garr200112,trajectory,B1,28,29.0696355195512,0.72674088798878,optimal,5.582877190001454,25169,49976,173781
v0-bh50,Garr200112-r1,Garr200112,trajectory,B1,29,26.576298643612834,0.6644074660903209,optimal,2.4827688980003586,25169,49976,173781
v0-bh50,Garr200112-r2,Garr200112,ground_only,,0,33.02448890190962,0.8256122225477405,optimal,4.700755601999845,11767,24614,70458
v0-bh50,Garr200112-r2,Garr200112,ground_only,,1,33.02448890190962,0.8256122225477405,optimal,4.835540695999953,11767,24614,70458
v0-bh50,Garr200112-r2,Garr200112,ground_only,,2,33.02448890190962,0.8256122225477405,optimal,2.2966385670006275,11767,24614,70458
v0-bh50,Garr200112-r2,Garr200112,ground_only,,3,33.02448890190962,0.8256122225477405,optimal,2.5393026730016572,11767,24614,70458
v0-bh50,Garr200112-r2,Garr200112,ground_only,,4,33.02448890190962,0.8256122225477405,optimal,2.2520778700018127,11767,24614,70458
v0-bh50,Garr200112-r2,Garr200112,ground_only,,5,33.02448890190962,0.8256122225477405,optimal,2.3346816650009714,11767,24614,70458
v0-bh50,Garr200112-r2,Garr200112,ground_only,,6,33.02448890190962,0.8256122225477405,optimal,2.3427905140015355,11767,24614,70458
v0-bh50,Garr200112-r2,Garr200112,ground_only,,7,33.02448890190962,0.8256122225477405,optimal,2.2699476400011918,11767,24614,70458
v0-bh50,Garr200112-r2,Garr200112,ground_only,,8,33.02448890190962,0.8256122225477405,optimal,4.606733104999876,11767,24614,70458
v0-bh50,Garr200112-r2,Garr200112,ground_only,,9,33.02448890190962,0.8256122225477405,optimal,2.296265150002,11767,24614,70458
v0-bh50,Garr200112-r2,Garr200112,ground_only,,10,33.02448890190962,0.8256122225477405,optimal,2.397967658002017,11767,24614,70458
v0-bh50,Garr200112-r2,Garr200112,ground_only,,11,33.02448890190962,0.8256122225477405,optimal,2.328732450001553,11767,24614,70458
v0-bh50,Garr200112-r2,Garr200112,ground_only,,12,33.02448890190962,0.8256122225477405,optimal,2.3026365370023996,11767,24614,70458
v0-bh50,Garr200112-r2,Garr200112,ground_only,,13,33.02448890190962,0.8256122225477405,optimal,2.338543983998534,11767,24614,70458
v0-bh50,Garr200112-r2,Garr200112,ground_only,,14,33.02448890190962,0.8256122225477405,optimal,2.2852036939984828,11767,24614,70458
v0-bh50,Garr200112-r2,Garr200112,ground_only,,15,33.02448890190962,0.8256122225477405,optimal,2.8277984790001938,11767,24614,70458
v0-bh50,Garr200112-r2,Garr200112,ground_only,,16,33.02448890190962,0.8256122225477405,optimal,3.0922457900014706,11767,24614,70458
v0-bh50,Garr200112-r2,Garr200112,ground_only,,17,33.02448890190962,0.8256122225477405,optimal,2.2417863070004387,11767,24614,70458
v0-bh50,Garr200112-r2,Garr200112,ground_only,,18,33.02448890190962,0.8256122225477405,optimal,2.280407243000809,11767,24614,70458
v0-bh50,Garr200112-r2,Garr200112,ground_only,,19,33.02448890190962,0.8256122225477405,optimal,4.745395718000509,11767,24614,70458
v0-bh50,Garr200112-r2,Garr200112,ground_only,,20,33.02448890190962,0.8256122225477405,optimal,2.2433759749983437,11767,24614,70458
v0-bh50,Garr200112-r2,Garr200112,ground_only,,21,33.02448890190962,0.8256122225477405,optimal,2.5516056550004578,11767,24614,70458
v0-bh50,Garr200112-r2,Garr200112,ground_only,,22,33.02448890190962,0.8256122225477405,optimal,2.2618617979969713,11767,24614,70458
v0-bh50,Garr200112-r2,Garr200112,ground_only,,23,33.02448890190962,0.8256122225477405,optimal,4.355896810000559,11767,24614,70458
v0-bh50,Garr200112-r2,Garr200112,ground_only,,24,33.02448890190962,0.8256122225477405,optimal,2.1999932669968985,11767,24614,70458
v0-bh50,Garr200112-r2,Garr200112,ground_only,,25,33.02448890190962,0.8256122225477405,optimal,2.2499957729996822,11767,24614,70458
v0-bh50,Garr200112-r2,Garr200112,ground_only,,26,33.02448890190962,0.8256122225477405,optimal,2.2381722900026944,11767,24614,70458
v0-bh50,Garr200112-r2,Garr200112,ground_only,,27,33.02448890190962,0.8256122225477405,optimal,2.1780756459993427,11767,24614,70458
v0-bh50,Garr200112-r2,Garr200112,ground_only,,28,33.02448890190962,0.8256122225477405,optimal,4.451017266001145,11767,24614,70458
v0-bh50,Garr200112-r2,Garr200112,ground_only,,29,33.02448890190962,0.8256122225477405,optimal,2.198815124000248,11767,24614,70458
v0-bh50,Garr200112-r2,Garr200112,trajectory,B1,0,34.96181896829604,0.8740454742074011,optimal,13.038048350997997,29550,60207,195425
v0-bh50,Garr200112-r2,Garr200112,trajectory,B1,1,35.19139672556362,0.8797849181390905,optimal,7.128398044002097,29550,60207,195425
v0-bh50,Garr200112-r2,Garr200112,trajectory,B1,2,34.940457042192534,0.8735114260548134,optimal,9.42331178799941,29550,60207,195425
v0-bh50,Garr200112-r2,Garr200112,trajectory,B1,3,34.72628716032018,0.8681571790080046,optimal,8.756986494001467,29550,60207,195425
v0-bh50,Garr200112-r2,Garr200112,trajectory,B1,4,35.117691396703165,0.8779422849175791,optimal,8.351603150000301,29550,60207,195425
v0-bh50,Garr200112-r2,Garr200112,trajectory,B1,5,34.72240003477518,0.8680600008693794,optimal,7.715224507999665,29550,60207,195425
v0-bh50,Garr200112-r2,Garr200112,trajectory,B1,6,34.985658159398504,0.8746414539849626,optimal,7.098547454999789,29550,60207,195425
v0-bh50,Garr200112-r2,Garr200112,trajectory,B1,7,35.28460215737808,0.882115053934452,optimal,6.92197879500236,29550,60207,195425
v0-bh50,Garr200112-r2,Garr200112,trajectory,B1,8,34.8122002718418,0.870305006796045,optimal,7.852600172998791,29550,60207,195425
v0-bh50,Garr200112-r2,Garr200112,trajectory,B1,9,35.3926450341205,0.8848161258530125,optimal,7.8983954089999315,29550,60207,195425
v0-bh50,Garr200112-r2,Garr200112,trajectory,B1,10,35.14812531727745,0.8787031329319361,optimal,9.087937743999646,29550,60207,195425
v0-bh50,Garr200112-r2,Garr200112,trajectory,B1,11,34.99186488860928,0.8747966222152319,optimal,9.856764355998166,29550,60207,195425
v0-bh50,Garr200112-r2,Garr200112,trajectory,B1,12,35.3043354751327,0.8826083868783176,optimal,6.1262247579979885,29550,60207,195425
v0-bh50,Garr200112-r2,Garr200112,trajectory,B1,13,35.27462365403542,0.8818655913508856,optimal,6.441010284997901,29550,60207,195425
v0-bh50,Garr200112-r2,Garr200112,trajectory,B1,14,35.24705151697543,0.8811762879243858,optimal,6.894791849001194,29550,60207,195425
v0-bh50,Garr200112-r2,Garr200112,trajectory,B1,15,35.45107569287528,0.886276892321882,optimal,10.950013712001237,29550,60207,195425
v0-bh50,Garr200112-r2,Garr200112,trajectory,B1,16,34.73403344372147,0.8683508360930368,optimal,12.929307425001753,29550,60207,195425
v0-bh50,Garr200112-r2,Garr200112,trajectory,B1,17,35.02569837140983,0.8756424592852458,optimal,7.43509572900075,29550,60207,195425
v0-bh50,Garr200112-r2,Garr200112,trajectory,B1,18,34.41683907432977,0.8604209768582443,optimal,5.474461650999729,29550,60207,195425
v0-bh50,Garr200112-r2,Garr200112,trajectory,B1,19,35.59883975830722,0.8899709939576805,optimal,9.539136688003055,29550,60207,195425
v0-bh50,Garr200112-r2,Garr200112,trajectory,B1,20,35.29692529885237,0.8824231324713093,optimal,6.7958033719987725,29550,60207,195425
v0-bh50,Garr200112-r2,Garr200112,trajectory,B1,21,34.37791448118816,0.8594478620297039,optimal,6.575413706999825,29550,60207,195425
v0-bh50,Garr200112-r2,Garr200112,trajectory,B1,22,34.295512138277765,0.8573878034569441,optimal,11.443780236000748,29550,60207,195425
v0-bh50,Garr200112-r2,Garr200112,trajectory,B1,23,35.34986281458888,0.883746570364722,optimal,7.146170378000534,29550,60207,195425
v0-bh50,Garr200112-r2,Garr200112,trajectory,B1,24,34.577850419458386,0.8644462604864597,optimal,7.387111164000089,29550,60207,195425
v0-bh50,Garr200112-r2,Garr200112,trajectory,B1,25,35.2312487304696,0.88078121826174,optimal,6.838629140002013,29550,60207,195425
v0-bh50,Garr200112-r2,Garr200112,trajectory,B1,26,34.94992249366202,0.8737480623415506,optimal,6.874232874000882,29550,60207,195425
v0-bh50,Garr200112-r2,Garr200112,trajectory,B1,27,35.27190924857193,0.8817977312142983,optimal,9.827581991998159,29550,60207,195425
v0-bh50,Garr200112-r2,Garr200112,trajectory,B1,28,34.90288760748067,0.8725721901870168,optimal,8.888953473000583,29550,60207,195425
v0-bh50,Garr200112-r2,Garr200112,trajectory,B1,29,35.06133207352599,0.8765333018381497,optimal,5.942812761000823,29550,60207,195425
v0-bh50,Garr200404-r0,Garr200404,ground_only,,0,20.963676131285162,0.5240919032821291,optimal,0.2864128889996209,6734,15699,42147
v0-bh50,Garr200404-r0,Garr200404,ground_only,,1,20.963676131285162,0.5240919032821291,optimal,0.29158488400207716,6734,15699,42147
v0-bh50,Garr200404-r0,Garr200404,ground_only,,2,20.963676131285162,0.5240919032821291,optimal,0.7244113480010128,6734,15699,42147
v0-bh50,Garr200404-r0,Garr200404,ground_only,,3,20.963676131285162,0.5240919032821291,optimal,0.2987670809998235,6734,15699,42147
v0-bh50,Garr200404-r0,Garr200404,ground_only,,4,20.963676131285162,0.5240919032821291,optimal,0.2822612680029124,6734,15699,42147
v0-bh50,Garr200404-r0,Garr200404,ground_only,,5,20.963676131285162,0.5240919032821291,optimal,0.2797418279988051,6734,15699,42147
v0-bh50,Garr200404-r0,Garr200404,ground_only,,6,20.963676131285162,0.5240919032821291,optimal,0.2815909249984543,6734,15699,42147
v0-bh50,Garr200404-r0,Garr200404,ground_only,,7,20.963676131285162,0.5240919032821291,optimal,0.2868727979985124,6734,15699,42147
v0-bh50,Garr200404-r0,Garr200404,ground_only,,8,20.963676131285162,0.5240919032821291,optimal,0.29519918500227504,6734,15699,42147
v0-bh50,Garr200404-r0,Garr200404,ground_only,,9,20.963676131285162,0.5240919032821291,optimal,0.7254564920003759,6734,15699,42147
v0-bh50,Garr200404-r0,Garr200404,ground_only,,10,20.963676131285162,0.5240919032821291,optimal,0.29088867799873697,6734,15699,42147
v0-bh50,Garr200404-r0,Garr200404,ground_only,,11,20.963676131285162,0.5240919032821291,optimal,0.285774844000116,6734,15699,42147
v0-bh50,Garr200404-r0,Garr200404,ground_only,,12,20.963676131285162,0.5240919032821291,optimal,0.29513210200093454,6734,15699,42147
v0-bh50,Garr200404-r0,Garr200404,ground_only,,13,20.963676131285162,0.5240919032821291,optimal,0.2884791899996344,6734,15699,42147
v0-bh50,Garr200404-r0,Garr200404,ground_only,,14,20.963676131285162,0.5240919032821291,optimal,0.2810820569975476,6734,15699,42147
v0-bh50,Garr200404-r0,Garr200404,ground_only,,15,20.963676131285162,0.5240919032821291,optimal,0.3008640930020192,6734,15699,42147
v0-bh50,Garr200404-r0,Garr200404,ground_only,,16,20.963676131285162,0.5240919032821291,optimal,0.28447598399725393,6734,15699,42147
v0-bh50,Garr200404-r0,Garr200404,ground_only,,17,20.963676131285162,0.5240919032821291,optimal,0.31635537699912675,6734,15699,42147
v0-bh50,Garr200404-r0,Garr200404,ground_only,,18,20.963676131285162,0.5240919032821291,optimal,0.28939002100014477,6734,15699,42147
v0-bh50,Garr200404-r0,Garr200404,ground_only,,19,20.963676131285162,0.5240919032821291,optimal,0.29817356200146605,6734,15699,42147
v0-bh50,Garr200404-r0,Garr200404,ground_only,,20,20.963676131285162,0.5240919032821291,optimal,0.29528367099919706,6734,15699,42147
v0-bh50,Garr200404-r0,Garr200404,ground_only,,21,20.963676131285162,0.5240919032821291,optimal,0.6118129889982811,6734,15699,42147
v0-bh50,Garr200404-r0,Garr200404,ground_only,,22,20.963676131285162,0.5240919032821291,optimal,0.3157708039980207,6734,15699,42147
v0-bh50,Garr200404-r0,Garr200404,ground_only,,23,20.963676131285162,0.5240919032821291,optimal,0.32691703300224617,6734,15699,42147
v0-bh50,Garr200404-r0,Garr200404,ground_only,,24,20.963676131285162,0.5240919032821291,optimal,0.32611124200047925,6734,15699,42147
v0-bh50,Garr200404-r0,Garr200404,ground_only,,25,20.963676131285162,0.5240919032821291,optimal,0.33428938499855576,6734,15699,42147
v0-bh50,Garr200404-r0,Garr200404,ground_only,,26,20.963676131285162,0.5240919032821291,optimal,0.31650435800111154,6734,15699,42147
v0-bh50,Garr200404-r0,Garr200404,ground_only,,27,20.963676131285162,0.5240919032821291,optimal,0.28563476399722276,6734,15699,42147
v0-bh50,Garr200404-r0,Garr200404,ground_only,,28,20.963676131285162,0.5240919032821291,optimal,0.27335309900081484,6734,15699,42147
v0-bh50,Garr200404-r0,Garr200404,ground_only,,29,20.963676131285162,0.5240919032821291,optimal,0.2745304540003417,6734,15699,42147
v0-bh50,Garr200404-r0,Garr200404,trajectory,B1,0,30.169282893594684,0.7542320723398671,optimal,1.9355349990000832,27550,56278,189139
v0-bh50,Garr200404-r0,Garr200404,trajectory,B1,1,29.274261602555157,0.7318565400638789,optimal,2.0070000880004955,27550,56278,189139
v0-bh50,Garr200404-r0,Garr200404,trajectory,B1,2,30.668793887676582,0.7667198471919145,optimal,1.9470835530009936,27550,56278,189139
v0-bh50,Garr200404-r0,Garr200404,trajectory,B1,3,29.07933449406161,0.7269833623515403,optimal,2.8637015179992886,27550,56278,189139
v0-bh50,Garr200404-r0,Garr200404,trajectory,B1,4,29.175484381759414,0.7293871095439853,optimal,2.0741695380020246,27550,56278,189139
v0-bh50,Garr200404-r0,Garr200404,trajectory,B1,5,29.859784707009336,0.7464946176752334,optimal,1.7384709870020743,27550,56278,189139
v0-bh50,Garr200404-r0,Garr200404,trajectory,B1,6,30.617382002909185,0.7654345500727296,optimal,3.528355136000755,27550,56278,189139
v0-bh50,Garr200404-r0,Garr200404,trajectory,B1,7,30.3285397256463,0.7582134931411575,optimal,1.944931505000568,27550,56278,189139
v0-bh50,Garr200404-r0,Garr200404,trajectory,B1,8,30.603903758254486,0.7650975939563621,optimal,1.689166395997745,27550,56278,189139
v0-bh50,Garr200404-r0,Garr200404,trajectory,B1,9,30.396250517570767,0.7599062629392692,optimal,1.7791298779993667,27550,56278,189139
v0-bh50,Garr200404-r0,Garr200404,trajectory,B1,10,29.22387960255315,0.7305969900638287,optimal,3.3848462019996077,27550,56278,189139
v0-bh50,Garr200404-r0,Garr200404,trajectory,B1,11,30.684937931830703,0.7671234482957676,optimal,2.0185757340004784,27550,56278,189139
v0-bh50,Garr200404-r0,Garr200404,trajectory,B1,12,29.74873826967862,0.7437184567419655,optimal,1.7327996150015679,27550,56278,189139
v0-bh50,Garr200404-r0,Garr200404,trajectory,B1,13,29.960191513086347,0.7490047878271586,optimal,1.590682272999402,27550,56278,189139
v0-bh50,Garr200404-r0,Garr200404,trajectory,B1,14,30.461345923925755,0.7615336480981438,optimal,1.5859517159988172,27550,56278,189139
v0-bh50,Garr200404-r0,Garr200404,trajectory,B1,15,29.03642292055888,0.725910573013972,optimal,3.511920837998332,27550,56278,189139
v0-bh50,Garr200404-r0,Garr200404,trajectory,B1,16,30.402599242099043,0.7600649810524761,optimal,1.808414585000719,27550,56278,189139
v0-bh50,Garr200404-r0,Garr200404,trajectory,B1,17,30.40137097368894,0.7600342743422235,optimal,1.872225831997639,27550,56278,189139
v0-bh50,Garr200404-r0,Garr200404,trajectory,B1,18,29.99668626918856,0.749917156729714,optimal,2.582642820998444,27550,56278,189139
v0-bh50,Garr200404-r0,Garr200404,trajectory,B1,19,30.622857525853668,0.7655714381463417,optimal,1.739697945999069,27550,56278,189139
v0-bh50,Garr200404-r0,Garr200404,trajectory,B1,20,29.67969576171193,0.7419923940427983,optimal,2.5820897609992244,27550,56278,189139
v0-bh50,Garr200404-r0,Garr200404,trajectory,B1,21,30.232397098000977,0.7558099274500244,optimal,2.2902411950017267,27550,56278,189139
v0-bh50,Garr200404-r0,Garr200404,trajectory,B1,22,30.679212486040782,0.7669803121510196,optimal,1.901852646999032,27550,56278,189139
v0-bh50,Garr200404-r0,Garr200404,trajectory,B1,23,29.580176658914134,0.7395044164728534,optimal,1.9038003250025213,27550,56278,189139
v0-bh50,Garr200404-r0,Garr200404,trajectory,B1,24,29.64266481724979,0.7410666204312448,optimal,2.745649926000624,27550,56278,189139
v0-bh50,Garr200404-r0,Garr200404,trajectory,B1,25,30.218247642484947,0.7554561910621237,optimal,1.8598148089986353,27550,56278,189139
v0-bh50,Garr200404-r0,Garr200404,trajectory,B1,26,30.23277040531267,0.7558192601328168,optimal,1.9914761399995768,27550,56278,189139
v0-bh50,Garr200404-r0,Garr200404,trajectory,B1,27,30.011072071813015,0.7502768017953254,optimal,1.9561227349986439,27550,56278,189139
v0-bh50,Garr200404-r0,Garr200404,trajectory,B1,28,29.885328843716838,0.7471332210929209,optimal,1.683541750000586,27550,56278,189139
v0-bh50,Garr200404-r0,Garr200404,trajectory,B1,29,30.801254496825894,0.7700313624206474,optimal,1.8414635219996853,27550,56278,189139
v0-bh50,Garr200404-r1,Garr200404,ground_only,,0,22.910941187855162,0.5727735296963791,optimal,1.4364086860005045,7801,15523,43763
v0-bh50,Garr200404-r1,Garr200404,ground_only,,1,22.910941187855162,0.5727735296963791,optimal,0.8143734519981081,7801,15523,43763
v0-bh50,Garr200404-r1,Garr200404,ground_only,,2,22.910941187855162,0.5727735296963791,optimal,0.8005184510002437,7801,15523,43763
v0-bh50,Garr200404-r1,Garr200404,ground_only,,3,22.910941187855162,0.5727735296963791,optimal,1.7450530390015047,7801,15523,43763
v0-bh50,Garr200404-r1,Garr200404,ground_only,,4,22.910941187855162,0.5727735296963791,optimal,0.9056833380018361,7801,15523,43763
v0-bh50,Garr200404-r1,Garr200404,ground_only,,5,22.910941187855162,0.5727735296963791,optimal,1.4974861810005677,7801,15523,43763
v0-bh50,Garr200404-r1,Garr200404,ground_only,,6,22.910941187855162,0.5727735296963791,optimal,0.7705715049996797,7801,15523,43763
v0-bh50,Garr200404-r1,Garr200404,ground_only,,7,22.910941187855162,0.5727735296963791,optimal,0.7671457929973258,7801,15523,43763
v0-bh50,Garr200404-r1,Garr200404,ground_only,,8,22.910941187855162,0.5727735296963791,optimal,1.3009044799982803,7801,15523,43763
v0-bh50,Garr200404-r1,Garr200404,ground_only,,9,22.910941187855162,0.5727735296963791,optimal,0.7708949009975186,7801,15523,43763
v0-bh50,Garr200404-r1,Garr200404,ground_only,,10,22.910941187855162,0.5727735296963791,optimal,0.763474925999617,7801,15523,43763
v0-bh50,Garr200404-r1,Garr200404,ground_only,,11,22.910941187855162,0.5727735296963791,optimal,0.7840167219983414,7801,15523,43763
v0-bh50,Garr200404-r1,Garr200404,ground_only,,12,22.910941187855162,0.5727735296963791,optimal,0.7549356299969077,7801,15523,43763
v0-bh50,Garr200404-r1,Garr200404,ground_only,,13,22.910941187855162,0.5727735296963791,optimal,1.7223658160000923,7801,15523,43763
v0-bh50,Garr200404-r1,Garr200404,ground_only,,14,22.910941187855162,0.5727735296963791,optimal,0.7559897239989368,7801,15523,43763
v0-bh50,Garr200404-r1,Garr200404,ground_only,,15,22.910941187855162,0.5727735296963791,optimal,0.7237753699992027,7801,15523,43763
v0-bh50,Garr200404-r1,Garr200404,ground_only,,16,22.910941187855162,0.5727735296963791,optimal,0.7284739599999739,7801,15523,43763
v0-bh50,Garr200404-r1,Garr200404,ground_only,,17,22.910941187855162,0.5727735296963791,optimal,0.7320350219997636,7801,15523,43763
v0-bh50,Garr200404-r1,Garr200404,ground_only,,18,22.910941187855162,0.5727735296963791,optimal,0.7280098709998128,7801,15523,43763
v0-bh50,Garr200404-r1,Garr200404,ground_only,,19,22.910941187855162,0.5727735296963791,optimal,0.7172407770012796,7801,15523,43763
v0-bh50,Garr200404-r1,Garr200404,ground_only,,20,22.910941187855162,0.5727735296963791,optimal,0.7285483729974658,7801,15523,43763
v0-bh50,Garr200404-r1,Garr200404,ground_only,,21,22.910941187855162,0.5727735296963791,optimal,0.7239171860019269,7801,15523,43763
v0-bh50,Garr200404-r1,Garr200404,ground_only,,22,22.910941187855162,0.5727735296963791,optimal,1.5948929580008553,7801,15523,43763
v0-bh50,Garr200404-r1,Garr200404,ground_only,,23,22.910941187855162,0.5727735296963791,optimal,1.5100959809969936,7801,15523,43763
v0-bh50,Garr200404-r1,Garr200404,ground_only,,24,22.910941187855162,0.5727735296963791,optimal,1.561758601001202,7801,15523,43763
v0-bh50,Garr200404-r1,Garr200404,ground_only,,25,22.910941187855162,0.5727735296963791,optimal,0.742954039000324,7801,15523,43763
v0-bh50,Garr200404-r1,Garr200404,ground_only,,26,22.910941187855162,0.5727735296963791,optimal,0.7477531980002823,7801,15523,43763
v0-bh50,Garr200404-r1,Garr200404,ground_only,,27,22.910941187855162,0.5727735296963791,optimal,0.7255016910021368,7801,15523,43763
v0-bh50,Garr200404-r1,Garr200404,ground_only,,28,22.910941187855162,0.5727735296963791,optimal,0.720596219998697,7801,15523,43763
v0-bh50,Garr200404-r1,Garr200404,ground_only,,29,22.910941187855162,0.5727735296963791,optimal,0.713929243000166,7801,15523,43763
v0-bh50,Garr200404-r1,Garr200404,trajectory,B1,0,31.028681507956378,0.7757170376989094,optimal,13.351655739999842,29827,54741,195088
v0-bh50,Garr200404-r1,Garr200404,trajectory,B1,1,31.529104853908102,0.7882276213477025,optimal,7.649143212001945,29827,54741,195088
v0-bh50,Garr200404-r1,Garr200404,trajectory,B1,2,30.88109107477666,0.7720272768694165,optimal,11.499718369999755,29827,54741,195088
v0-bh50,Garr200404-r1,Garr200404,trajectory,B1,3,31.35867904310382,0.7839669760775955,optimal,11.277184235001187,29827,54741,195088
v0-bh50,Garr200404-r1,Garr200404,trajectory,B1,4,30.929197694123093,0.7732299423530773,optimal,11.741209577998234,29827,54741,195088
v0-bh50,Garr200404-r1,Garr200404,trajectory,B1,5,31.405102935017933,0.7851275733754484,optimal,11.975520705000235,29827,54741,195088
v0-bh50,Garr200404-r1,Garr200404,trajectory,B1,6,30.48190202070352,0.762047550517588,optimal,13.132033713001874,29827,54741,195088
v0-bh50,Garr200404-r1,Garr200404,trajectory,B1,7,30.326724020610662,0.7581681005152665,optimal,12.65185089499937,29827,54741,195088
v0-bh50,Garr200404-r1,Garr200404,trajectory,B1,8,30.595432504591535,0.7648858126147884,optimal,14.026010878998932,29827,54741,195088
v0-bh50,Garr200404-r1,Garr200404,trajectory,B1,9,30.283946681303053,0.7570986670325763,optimal,9.754369543999928,29827,54741,195088
v0-bh50,Garr200404-r1,Garr200404,trajectory,B1,10,30.366058187647194,0.7591514546911798,optimal,22.80917563299954,29827,54741,195088
v0-bh50,Garr200404-r1,Garr200404,trajectory,B1,11,30.49330204106289,0.7623325510265723,optimal,14.4568385700004,29827,54741,195088
v0-bh50,Garr200404-r1,Garr200404,trajectory,B1,12,31.826815466292405,0.7956703866573102,optimal,10.724528185000963,29827,54741,195088
v0-bh50,Garr200404-r1,Garr200404,trajectory,B1,13,31.245082328209186,0.7811270582052297,optimal,9.614720587000193,29827,54741,195088
v0-bh50,Garr200404-r1,Garr200404,trajectory,B1,14,30.879338806526974,0.7719834701631744,optimal,19.796692719999555,29827,54741,195088
v0-bh50,Garr200404-r1,Garr200404,trajectory,B1,15,30.68396883264807,0.7670992208162017,optimal,20.217558701999224,29827,54741,195088
v0-bh50,Garr200404-r1,Garr200404,trajectory,B1,16,30.598646384794325,0.7649661596198581,optimal,9.460683764998976,29827,54741,195088
v0-bh50,Garr200404-r1,Garr200404,trajectory,B1,17,31.345515004672723,0.783637875116818,optimal,11.895795159001864,29827,54741,195088
v0-bh50,Garr200404-r1,Garr200404,trajectory,B1,18,31.088723005198137,0.7772180751299534,optimal,12.092459723000502,29827,54741,195088
v0-bh50,Garr200404-r1,Garr200404,trajectory,B1,19,30.995578307193302,0.7748894576798325,optimal,12.718127856998763,29827,54741,195088
v0-bh50,Garr200404-r1,Garr200404,trajectory,B1,20,29.749470106509335,0.7437367526627334,optimal,10.949679565001134,29827,54741,195088
v0-bh50,Garr200404-r1,Garr200404,trajectory,B1,21,31.052288694635894,0.7763072173658974,optimal,28.097154548999242,29827,54741,195088
v0-bh50,Garr200404-r1,Garr200404,trajectory,B1,22,31.337621641546896,0.7834405410386724,optimal,11.160269998999865,29827,54741,195088
v0-bh50,Garr200404-r1,Garr200404,trajectory,B1,23,31.165147295351417,0.7791286823837854,optimal,8.706860099999176,29827,54741,195088
v0-bh50,Garr200404-r1,Garr200404,trajectory,B1,24,30.871436296673945,0.7717859074168486,optimal,13.478072156001872,29827,54741,195088
v0-bh50,Garr200404-r1,Garr200404,trajectory,B1,25,29.731279069066414,0.7432819767266603,optimal,7.479877334000776,29827,54741,195088
v0-bh50,Garr200404-r1,Garr200404,trajectory,B1,26,31.06743607634859,0.7766859019087147,optimal,9.042996196003514,29827,54741,195088
v0-bh50,Garr200404-r1,Garr200404,trajectory,B1,27,30.19318970823428,0.754829742705857,optimal,22.808684514999186,29827,54741,195088
v0-bh50,Garr200404-r1,Garr200404,trajectory,B1,28,31.851825099169208,0.7962956274792302,optimal,10.885461312998814,29827,54741,195088
v0-bh50,Garr200404-r1,Garr200404,trajectory,B1,29,30.905519530142108,0.7726379882535527,optimal,12.824597081002139,29827,54741,195088
v0-bh50,Garr200404-r2,Garr200404,ground_only,,0,19.86355035147603,0.49658875878690073,optimal,3.7611258220022137,16308,30794,87651
v0-bh50,Garr200404-r2,Garr200404,ground_only,,1,19.86355035147603,0.49658875878690073,optimal,3.526122932002181,16308,30794,87651
v0-bh50,Garr200404-r2,Garr200404,ground_only,,2,19.86355035147603,0.49658875878690073,optimal,3.520633150001231,16308,30794,87651
v0-bh50,Garr200404-r2,Garr200404,ground_only,,3,19.86355035147603,0.49658875878690073,optimal,3.5617661039977975,16308,30794,87651
v0-bh50,Garr200404-r2,Garr200404,ground_only,,4,19.86355035147603,0.49658875878690073,optimal,3.4417935849996866,16308,30794,87651
v0-bh50,Garr200404-r2,Garr200404,ground_only,,5,19.86355035147603,0.49658875878690073,optimal,3.4308578620002663,16308,30794,87651
v0-bh50,Garr200404-r2,Garr200404,ground_only,,6,19.86355035147603,0.49658875878690073,optimal,3.4236845089981216,16308,30794,87651
v0-bh50,Garr200404-r2,Garr200404,ground_only,,7,19.86355035147603,0.49658875878690073,optimal,3.3737563109971234,16308,30794,87651
v0-bh50,Garr200404-r2,Garr200404,ground_only,,8,19.86355035147603,0.49658875878690073,optimal,5.668955466997431,16308,30794,87651
v0-bh50,Garr200404-r2,Garr200404,ground_only,,9,19.86355035147603,0.49658875878690073,optimal,3.3947105089973775,16308,30794,87651
v0-bh50,Garr200404-r2,Garr200404,ground_only,,10,19.86355035147603,0.49658875878690073,optimal,3.305655043997831,16308,30794,87651
v0-bh50,Garr200404-r2,Garr200404,ground_only,,11,19.86355035147603,0.49658875878690073,optimal,7.316314701001829,16308,30794,87651
v0-bh50,Garr200404-r2,Garr200404,ground_only,,12,19.86355035147603,0.49658875878690073,optimal,3.4315644429989334,16308,30794,87651
v0-bh50,Garr200404-r2,Garr200404,ground_only,,13,19.86355035147603,0.49658875878690073,optimal,3.4357701070002804,16308,30794,87651
v0-bh50,Garr200404-r2,Garr200404,ground_only,,14,19.86355035147603,0.49658875878690073,optimal,3.3952935239976796,16308,30794,87651
v0-bh50,Garr200404-r2,Garr200404,ground_only,,15,19.86355035147603,0.49658875878690073,optimal,5.709466635998979,16308,30794,87651
v0-bh50,Garr200404-r2,Garr200404,ground_only,,16,19.86355035147603,0.49658875878690073,optimal,3.3804738149992772,16308,30794,87651
v0-bh50,Garr200404-r2,Garr200404,ground_only,,17,19.86355035147603,0.49658875878690073,optimal,3.3697047010027745,16308,30794,87651
v0-bh50,Garr200404-r2,Garr200404,ground_only,,18,19.86355035147603,0.49658875878690073,optimal,3.313452337999479,16308,30794,87651
v0-bh50,Garr200404-r2,Garr200404,ground_only,,19,19.86355035147603,0.49658875878690073,optimal,3.3639658829997643,16308,30794,87651
v0-bh50,Garr200404-r2,Garr200404,ground_only,,20,19.86355035147603,0.49658875878690073,optimal,3.330751497000165,16308,30794,87651
v0-bh50,Garr200404-r2,Garr200404,ground_only,,21,19.86355035147603,0.49658875878690073,optimal,3.4392120230004366,16308,30794,87651
v0-bh50,Garr200404-r2,Garr200404,ground_only,,22,19.86355035147603,0.49658875878690073,optimal,3.444726775000163,16308,30794,87651
v0-bh50,Garr200404-r2,Garr200404,ground_only,,23,19.86355035147603,0.49658875878690073,optimal,3.436054724999849,16308,30794,87651
v0-bh50,Garr200404-r2,Garr200404,ground_only,,24,19.86355035147603,0.49658875878690073,optimal,3.4012937160005094,16308,30794,87651
v0-bh50,Garr200404-r2,Garr200404,ground_only,,25,19.86355035147603,0.49658875878690073,optimal,3.334878244997526,16308,30794,87651
v0-bh50,Garr200404-r2,Garr200404,ground_only,,26,19.86355035147603,0.49658875878690073,optimal,3.462370933000784,16308,30794,87651
v0-bh50,Garr200404-r2,Garr200404,ground_only,,27,19.86355035147603,0.49658875878690073,optimal,4.846372373998747,16308,30794,87651
v0-bh50,Garr200404-r2,Garr200404,ground_only,,28,19.86355035147603,0.49658875878690073,optimal,3.4776119369998924,16308,30794,87651
v0-bh50,Garr200404-r2,Garr200404,ground_only,,29,19.86355035147603,0.49658875878690073,optimal,6.656024432002596,16308,30794,87651
v0-bh50,Garr200404-r2,Garr200404,trajectory,B1,0,22.71025752422009,0.5677564381055022,optimal,17.963984956997592,33604,64588,209731
v0-bh50,Garr200404-r2,Garr200404,trajectory,B1,1,22.707218223646944,0.5676804555911736,optimal,9.883425367002928,33604,64588,209731
v0-bh50,Garr200404-r2,Garr200404,trajectory,B1,2,23.488835926995844,0.5872208981748961,optimal,18.551053947001492,33604,64588,209731
v0-bh50,Garr200404-r2,Garr200404,trajectory,B1,3,25.13667042129005,0.6284167605322513,optimal,14.417320216001826,33604,64588,209731
v0-bh50,Garr200404-r2,Garr200404,trajectory,B1,4,24.22746879451004,0.605686719862751,optimal,14.40684506499747,33604,64588,209731
v0-bh50,Garr200404-r2,Garr200404,trajectory,B1,5,23.570146219244723,0.5892536554811181,optimal,14.274337414997717,33604,64588,209731
v0-bh50,Garr200404-r2,Garr200404,trajectory,B1,6,23.93325524134631,0.5983313810336577,optimal,13.538230057001783,33604,64588,209731
v0-bh50,Garr200404-r2,Garr200404,trajectory,B1,7,24.223834922149916,0.6055958730537478,optimal,13.512063464997482,33604,64588,209731
v0-bh50,Garr200404-r2,Garr200404,trajectory,B1,8,24.395800685598644,0.6098950171399661,optimal,13.024289690001751,33604,64588,209731
v0-bh50,Garr200404-r2,Garr200404,trajectory,B1,9,24.570392221557487,0.6142598055389372,optimal,16.541233023999666,33604,64588,209731
v0-bh50,Garr200404-r2,Garr200404,trajectory,B1,10,24.010173033980777,0.6002543258495194,optimal,18.54062951600281,33604,64588,209731
v0-bh50,Garr200404-r2,Garr200404,trajectory,B1,11,24.041954127471776,0.6010488531867944,optimal,22.134463671998674,33604,64588,209731
v0-bh50,Garr200404-r2,Garr200404,trajectory,B1,12,22.576270525615353,0.5644067631403838,optimal,14.43029603299874,33604,64588,209731
v0-bh50,Garr200404-r2,Garr200404,trajectory,B1,13,23.889148620022755,0.5972287155005689,optimal,17.277553356998396,33604,64588,209731
v0-bh50,Garr200404-r2,Garr200404,trajectory,B1,14,23.507852055550195,0.5876963013887548,optimal,14.263113908000378,33604,64588,209731
v0-bh50,Garr200404-r2,Garr200404,trajectory,B1,15,24.152757496399342,0.6038189374099836,optimal,15.666205235000234,33604,64588,209731
v0-bh50,Garr200404-r2,Garr200404,trajectory,B1,16,22.197276942583876,0.5549319235645969,optimal,11.09946069599755,33604,64588,209731
v0-bh50,Garr200404-r2,Garr200404,trajectory,B1,17,23.600327408922585,0.5900081852230646,optimal,19.497879177997675,33604,64588,209731
v0-bh50,Garr200404-r2,Garr200404,trajectory,B1,18,23.203002790028883,0.5800750697507221,optimal,15.460843215998466,33604,64588,209731
v0-bh50,Garr200404-r2,Garr200404,trajectory,B1,19,23.38189016326997,0.5845472540817492,optimal,12.895151698001428,33604,64588,209731
v0-bh50,Garr200404-r2,Garr200404,trajectory,B1,20,23.0806801879686,0.577017004699215,optimal,13.668135961001099,33604,64588,209731
v0-bh50,Garr200404-r2,Garr200404,trajectory,B1,21,23.344493217228127,0.5836123304307032,optimal,11.043780094001704,33604,64588,209731
v0-bh50,Garr200404-r2,Garr200404,trajectory,B1,22,23.172824189775692,0.5793206047443923,optimal,12.483527672997297,33604,64588,209731
v0-bh50,Garr200404-r2,Garr200404,trajectory,B1,23,23.130179678635166,0.5782544919658792,optimal,12.40653966699756,33604,64588,209731
v0-bh50,Garr200404-r2,Garr200404,trajectory,B1,24,24.50965918547222,0.6127414796368055,optimal,13.667058833998453,33604,64588,209731
v0-bh50,Garr200404-r2,Garr200404,trajectory,B1,25,24.080297476515174,0.6020074369128794,optimal,22.49450944900309,33604,64588,209731
v0-bh50,Garr200404-r2,Garr200404,trajectory,B1,26,23.83692618811727,0.5959231547029318,optimal,14.044212497999979,33604,64588,209731
v0-bh50,Garr200404-r2,Garr200404,trajectory,B1,27,23.08026833370416,0.577006708342604,optimal,17.32808795299934,33604,64588,209731
v0-bh50,Garr200404-r2,Garr200404,trajectory,B1,28,23.731789835204005,0.5932947458801001,optimal,11.559926513000391,33604,64588,209731
v0-bh50,Garr200404-r2,Garr200404,trajectory,B1,29,23.092965022069514,0.5773241255517378,optimal,13.858257784999296,33604,64588,209731
v0-bh50,Marwan-r0,Marwan,ground_only,,0,12.196400037672198,0.304910000941805,optimal,0.3319516420015134,5491,10609,29203
v0-bh50,Marwan-r0,Marwan,ground_only,,1,12.196400037672198,0.304910000941805,optimal,0.355755174998194,5491,10609,29203
v0-bh50,Marwan-r0,Marwan,ground_only,,2,12.196400037672198,0.304910000941805,optimal,0.33564514000318013,5491,10609,29203
v0-bh50,Marwan-r0,Marwan,ground_only,,3,12.196400037672198,0.304910000941805,optimal,0.3302897679968737,5491,10609,29203
v0-bh50,Marwan-r0,Marwan,ground_only,,4,12.196400037672198,0.304910000941805,optimal,0.33678723000048194,5491,10609,29203
v0-bh50,Marwan-r0,Marwan,ground_only,,5,12.196400037672198,0.304910000941805,optimal,0.3313151719994494,5491,10609,29203
v0-bh50,Marwan-r0,Marwan,ground_only,,6,12.196400037672198,0.304910000941805,optimal,0.336655683000572,5491,10609,29203
v0-bh50,Marwan-r0,Marwan,ground_only,,7,12.196400037672198,0.304910000941805,optimal,0.33135125300032087,5491,10609,29203
v0-bh50,Marwan-r0,Marwan,ground_only,,8,12.196400037672198,0.304910000941805,optimal,0.33330856899920036,5491,10609,29203
v0-bh50,Marwan-r0,Marwan,ground_only,,9,12.196400037672198,0.304910000941805,optimal,0.32264912800019374,5491,10609,29203
v0-bh50,Marwan-r0,Marwan,ground_only,,10,12.196400037672198,0.304910000941805,optimal,0.34714290099873324,5491,10609,29203
v0-bh50,Marwan-r0,Marwan,ground_only,,11,12.196400037672198,0.304910000941805,optimal,0.5672726689990668,5491,10609,29203
v0-bh50,Marwan-r0,Marwan,ground_only,,12,12.196400037672198,0.304910000941805,optimal,0.3624004839984991,5491,10609,29203
v0-bh50,Marwan-r0,Marwan,ground_only,,13,12.196400037672198,0.304910000941805,optimal,0.3399841500031471,5491,10609,29203
v0-bh50,Marwan-r0,Marwan,ground_only,,14,12.196400037672198,0.304910000941805,optimal,0.33902156700060004,5491,10609,29203
v0-bh50,Marwan-r0,Marwan,ground_only,,15,12.196400037672198,0.304910000941805,optimal,0.5223721859983925,5491,10609,29203
v0-bh50,Marwan-r0,Marwan,ground_only,,16,12.196400037672198,0.304910000941805,optimal,0.3944356339998194,5491,10609,29203
v0-bh50,Marwan-r0,Marwan,ground_only,,17,12.196400037672198,0.304910000941805,optimal,0.39481611600058386,5491,10609,29203
v0-bh50,Marwan-r0,Marwan,ground_only,,18,12.196400037672198,0.304910000941805,optimal,0.41008362299908185,5491,10609,29203
v0-bh50,Marwan-r0,Marwan,ground_only,,19,12.196400037672198,0.304910000941805,optimal,0.3567743249986961,5491,10609,29203
v0-bh50,Marwan-r0,Marwan,ground_only,,20,12.196400037672198,0.304910000941805,optimal,0.40499307899881387,5491,10609,29203
v0-bh50,Marwan-r0,Marwan,ground_only,,21,12.196400037672198,0.304910000941805,optimal,0.6800661929992202,5491,10609,29203
v0-bh50,Marwan-r0,Marwan,ground_only,,22,12.196400037672198,0.304910000941805,optimal,0.35618913600046653,5491,10609,29203
v0-bh50,Marwan-r0,Marwan,ground_only,,23,12.196400037672198,0.304910000941805,optimal,0.3573808420005662,5491,10609,29203
v0-bh50,Marwan-r0,Marwan,ground_only,,24,12.196400037672198,0.304910000941805,optimal,0.3517623869993258,5491,10609,29203
v0-bh50,Marwan-r0,Marwan,ground_only,,25,12.196400037672198,0.304910000941805,optimal,0.3540173760011385,5491,10609,29203
v0-bh50,Marwan-r0,Marwan,ground_only,,26,12.196400037672198,0.304910000941805,optimal,0.3471034860012878,5491,10609,29203
v0-bh50,Marwan-r0,Marwan,ground_only,,27,12.196400037672198,0.304910000941805,optimal,0.3463598349990207,5491,10609,29203
v0-bh50,Marwan-r0,Marwan,ground_only,,28,12.196400037672198,0.304910000941805,optimal,0.8397423870010243,5491,10609,29203
v0-bh50,Marwan-r0,Marwan,ground_only,,29,12.196400037672198,0.304910000941805,optimal,0.3463775259988324,5491,10609,29203
v0-bh50,Marwan-r0,Marwan,trajectory,B1,0,20.620855470326624,0.5155213867581656,optimal,7.728719015998649,33164,55154,209751
v0-bh50,Marwan-r0,Marwan,trajectory,B1,1,22.464914928589597,0.5616228732147399,optimal,7.673719024998718,33164,55154,209751
v0-bh50,Marwan-r0,Marwan,trajectory,B1,2,21.23674726742556,0.530918681685639,optimal,11.51908813800037,33164,55154,209751
v0-bh50,Marwan-r0,Marwan,trajectory,B1,3,20.474085145955776,0.5118521286488944,optimal,6.118816892001632,33164,55154,209751
v0-bh50,Marwan-r0,Marwan,trajectory,B1,4,21.66017008838129,0.5415042522095322,optimal,12.199624819997553,33164,55154,209751
v0-bh50,Marwan-r0,Marwan,trajectory,B1,5,21.745525746894522,0.5436381436723631,optimal,13.743991302999348,33164,55154,209751
v0-bh50,Marwan-r0,Marwan,trajectory,B1,6,20.173888885767127,0.5043472221441782,optimal,7.592407592001109,33164,55154,209751
v0-bh50,Marwan-r0,Marwan,trajectory,B1,7,21.272064375682785,0.5318016093920697,optimal,9.351616203002777,33164,55154,209751
v0-bh50,Marwan-r0,Marwan,trajectory,B1,8,21.42986931667412,0.535746732916853,optimal,10.498736233999807,33164,55154,209751
v0-bh50,Marwan-r0,Marwan,trajectory,B1,9,21.804757279382713,0.5451189319845678,optimal,14.09445779899761,33164,55154,209751
v0-bh50,Marwan-r0,Marwan,trajectory,B1,10,22.889141215167964,0.5722285303791991,optimal,9.406825714999286,33164,55154,209751
v0-bh50,Marwan-r0,Marwan,trajectory,B1,11,21.164262037692897,0.5291065509423224,optimal,7.882046078000712,33164,55154,209751
v0-bh50,Marwan-r0,Marwan,trajectory,B1,12,22.51632927755548,0.5629082319388871,optimal,6.79869943200174,33164,55154,209751
v0-bh50,Marwan-r0,Marwan,trajectory,B1,13,22.786714267583246,0.5696678566895812,optimal,12.096068376999028,33164,55154,209751
v0-bh50,Marwan-r0,Marwan,trajectory,B1,14,20.595974320422062,0.5148993580105515,optimal,8.245952645000216,33164,55154,209751
v0-bh50,Marwan-r0,Marwan,trajectory,B1,15,20.61533306097482,0.5153833265243705,optimal,5.4287757230013085,33164,55154,209751
v0-bh50,Marwan-r0,Marwan,trajectory,B1,16,22.22056961784335,0.5555142404460838,optimal,14.770707594001578,33164,55154,209751
v0-bh50,Marwan-r0,Marwan,trajectory,B1,17,22.203356750170904,0.5550839187542727,optimal,13.788439373998699,33164,55154,209751
v0-bh50,Marwan-r0,Marwan,trajectory,B1,18,23.051994832293797,0.5762998708073449,optimal,9.197157203001552,33164,55154,209751
v0-bh50,Marwan-r0,Marwan,trajectory,B1,19,22.50882275703957,0.5627205689259893,optimal,9.460699079001643,33164,55154,209751
v0-bh50,Marwan-r0,Marwan,trajectory,B1,20,20.990867666633335,0.5247716916658334,optimal,8.31798797800002,33164,55154,209751
v0-bh50,Marwan-r0,Marwan,trajectory,B1,21,21.99297559977197,0.5498243899942993,optimal,20.448126182000124,33164,55154,209751
v0-bh50,Marwan-r0,Marwan,trajectory,B1,22,20.94464440513357,0.5236161101283392,optimal,7.138934235998022,33164,55154,209751
v0-bh50,Marwan-r0,Marwan,trajectory,B1,23,21.55317741044076,0.538829435261019,optimal,7.6797168660013995,33164,55154,209751
v0-bh50,Marwan-r0,Marwan,trajectory,B1,24,21.486127462102708,0.5371531865525677,optimal,6.850592322000011,33164,55154,209751
v0-bh50,Marwan-r0,Marwan,trajectory,B1,25,21.21653075309822,0.5304132688274554,optimal,5.3727745240030345,33164,55154,209751
v0-bh50,Marwan-r0,Marwan,trajectory,B1,26,21.282357273224832,0.5320589318306208,optimal,10.113990416997694,33164,55154,209751
v0-bh50,Marwan-r0,Marwan,trajectory,B1,27,21.95779986081967,0.5489449965204918,optimal,6.641769091002061,33164,55154,209751
v0-bh50,Marwan-r0,Marwan,trajectory,B1,28,22.268398837526416,0.5567099709381604,optimal,16.5051703570025,33164,55154,209751
v0-bh50,Marwan-r0,Marwan,trajectory,B1,29,22.501865299882198,0.5625466324970549,optimal,6.285104706999846,33164,55154,209751
v0-bh50,Marwan-r1,Marwan,ground_only,,0,19.34874823082549,0.48371870577063725,optimal,0.8432526659998985,9728,17519,50295
v0-bh50,Marwan-r1,Marwan,ground_only,,1,19.34874823082549,0.48371870577063725,optimal,0.8440159269994183,9728,17519,50295
v0-bh50,Marwan-r1,Marwan,ground_only,,2,19.34874823082549,0.48371870577063725,optimal,0.8487141850018816,9728,17519,50295
v0-bh50,Marwan-r1,Marwan,ground_only,,3,19.34874823082549,0.48371870577063725,optimal,0.8387789579974196,9728,17519,50295
v0-bh50,Marwan-r1,Marwan,ground_only,,4,19.34874823082549,0.48371870577063725,optimal,0.8553328149973822,9728,17519,50295
v0-bh50,Marwan-r1,Marwan,ground_only,,5,19.34874823082549,0.48371870577063725,optimal,0.8550869259997853,9728,17519,50295
v0-bh50,Marwan-r1,Marwan,ground_only,,6,19.34874823082549,0.48371870577063725,optimal,0.8631657020014245,9728,17519,50295
v0-bh50,Marwan-r1,Marwan,ground_only,,7,19.34874823082549,0.48371870577063725,optimal,0.8496462680013792,9728,17519,50295
v0-bh50,Marwan-r1,Marwan,ground_only,,8,19.34874823082549,0.48371870577063725,optimal,0.876458635997551,9728,17519,50295
v0-bh50,Marwan-r1,Marwan,ground_only,,9,19.34874823082549,0.48371870577063725,optimal,0.8639701780011819,9728,17519,50295
v0-bh50,Marwan-r1,Marwan,ground_only,,10,19.34874823082549,0.48371870577063725,optimal,0.8925145280009019,9728,17519,50295
v0-bh50,Marwan-r1,Marwan,ground_only,,11,19.34874823082549,0.48371870577063725,optimal,0.8826750120024371,9728,17519,50295
v0-bh50,Marwan-r1,Marwan,ground_only,,12,19.34874823082549,0.48371870577063725,optimal,0.8716708070023742,9728,17519,50295
v0-bh50,Marwan-r1,Marwan,ground_only,,13,19.34874823082549,0.48371870577063725,optimal,0.8603444159998617,9728,17519,50295
v0-bh50,Marwan-r1,Marwan,ground_only,,14,19.34874823082549,0.48371870577063725,optimal,0.8697371859998384,9728,17519,50295
v0-bh50,Marwan-r1,Marwan,ground_only,,15,19.34874823082549,0.48371870577063725,optimal,0.8359449750023487,9728,17519,50295
v0-bh50,Marwan-r1,Marwan,ground_only,,16,19.34874823082549,0.48371870577063725,optimal,0.8973567049979465,9728,17519,50295
v0-bh50,Marwan-r1,Marwan,ground_only,,17,19.34874823082549,0.48371870577063725,optimal,0.877641995997692,9728,17519,50295
v0-bh50,Marwan-r1,Marwan,ground_only,,18,19.34874823082549,0.48371870577063725,optimal,0.9363172079974902,9728,17519,50295
v0-bh50,Marwan-r1,Marwan,ground_only,,19,19.34874823082549,0.48371870577063725,optimal,1.913970822999545,9728,17519,50295
v0-bh50,Marwan-r1,Marwan,ground_only,,20,19.34874823082549,0.48371870577063725,optimal,1.6415267330012284,9728,17519,50295
v0-bh50,Marwan-r1,Marwan,ground_only,,21,19.34874823082549,0.48371870577063725,optimal,0.9740310559973295,9728,17519,50295
v0-bh50,Marwan-r1,Marwan,ground_only,,22,19.34874823082549,0.48371870577063725,optimal,0.865176674000395,9728,17519,50295
v0-bh50,Marwan-r1,Marwan,ground_only,,23,19.34874823082549,0.48371870577063725,optimal,0.8754442050012585,9728,17519,50295
v0-bh50,Marwan-r1,Marwan,ground_only,,24,19.34874823082549,0.48371870577063725,optimal,0.859314990000712,9728,17519,50295
v0-bh50,Marwan-r1,Marwan,ground_only,,25,19.34874823082549,0.48371870577063725,optimal,0.8860013279991108,9728,17519,50295
v0-bh50,Marwan-r1,Marwan,ground_only,,26,19.34874823082549,0.48371870577063725,optimal,0.9039484489985625,9728,17519,50295
v0-bh50,Marwan-r1,Marwan,ground_only,,27,19.34874823082549,0.48371870577063725,optimal,0.913606742000411,9728,17519,50295
v0-bh50,Marwan-r1,Marwan,ground_only,,28,19.34874823082549,0.48371870577063725,optimal,0.9071302980009932,9728,17519,50295
v0-bh50,Marwan-r1,Marwan,ground_only,,29,19.34874823082549,0.48371870577063725,optimal,0.8971747309988132,9728,17519,50295
v0-bh50,Marwan-r1,Marwan,trajectory,B1,0,25.498722020706854,0.6374680505176713,optimal,25.08033398399857,30980,54019,197538
v0-bh50,Marwan-r1,Marwan,trajectory,B1,1,24.98001623762537,0.6245004059406343,optimal,11.30552456100122,30980,54019,197538
v0-bh50,Marwan-r1,Marwan,trajectory,B1,2,25.32846339289059,0.6332115848222648,optimal,17.672664261997852,30980,54019,197538
v0-bh50,Marwan-r1,Marwan,trajectory,B1,3,24.501785719378013,0.6125446429844503,optimal,10.579712366001331,30980,54019,197538
v0-bh50,Marwan-r1,Marwan,trajectory,B1,4,24.393522467656,0.6098380616914,optimal,8.21231455599991,30980,54019,197538
v0-bh50,Marwan-r1,Marwan,trajectory,B1,5,24.76525628112371,0.6191314070280927,optimal,16.638466820000758,30980,54019,197538
v0-bh50,Marwan-r1,Marwan,trajectory,B1,6,25.95883242852344,0.648970810713086,optimal,11.289072764000593,30980,54019,197538
v0-bh50,Marwan-r1,Marwan,trajectory,B1,7,24.90934848158501,0.6227337120396252,optimal,11.067411735999485,30980,54019,197538
v0-bh50,Marwan-r1,Marwan,trajectory,B1,8,25.109034176238747,0.6277258544059687,optimal,10.64901800699954,30980,54019,197538
v0-bh50,Marwan-r1,Marwan,trajectory,B1,9,24.989764512312,0.6247441128078,optimal,12.477943822002999,30980,54019,197538
v0-bh50,Marwan-r1,Marwan,trajectory,B1,10,26.13167562385468,0.6532918905963669,optimal,18.972291202000633,30980,54019,197538
v0-bh50,Marwan-r1,Marwan,trajectory,B1,11,24.573041990876998,0.614326049771925,optimal,9.498890574999677,30980,54019,197538
v0-bh50,Marwan-r1,Marwan,trajectory,B1,12,24.87979437259643,0.6219948593149107,optimal,9.596147756998107,30980,54019,197538
v0-bh50,Marwan-r1,Marwan,trajectory,B1,13,24.730838750810822,0.6182709687702705,optimal,12.600500138996722,30980,54019,197538
v0-bh50,Marwan-r1,Marwan,trajectory,B1,14,26.507457016409067,0.6626864254102267,optimal,11.712794995997683,30980,54019,197538
v0-bh50,Marwan-r1,Marwan,trajectory,B1,15,24.707505316115316,0.6176876329028829,optimal,16.74323696400097,30980,54019,197538
v0-bh50,Marwan-r1,Marwan,trajectory,B1,16,25.11577060639206,0.6278942651598015,optimal,10.63639744000102,30980,54019,197538
v0-bh50,Marwan-r1,Marwan,trajectory,B1,17,25.664300012760016,0.6416075003190004,optimal,13.560250098002143,30980,54019,197538
v0-bh50,Marwan-r1,Marwan,trajectory,B1,18,25.096165587179485,0.6274041396794872,optimal,22.150991462000093,30980,54019,197538
v0-bh50,Marwan-r1,Marwan,trajectory,B1,19,25.732451639913123,0.643311290997828,optimal,14.411741440999322,30980,54019,197538
v0-bh50,Marwan-r1,Marwan,trajectory,B1,20,24.823163185073224,0.6205790796268306,optimal,10.653036787000019,30980,54019,197538
v0-bh50,Marwan-r1,Marwan,trajectory,B1,21,25.12414329950437,0.6281035824876093,optimal,10.612533123003232,30980,54019,197538
v0-bh50,Marwan-r1,Marwan,trajectory,B1,22,25.670181391814015,0.6417545347953504,optimal,9.520018177998281,30980,54019,197538
v0-bh50,Marwan-r1,Marwan,trajectory,B1,23,24.38552959108286,0.6096382397770715,optimal,13.966184449000139,30980,54019,197538
v0-bh50,Marwan-r1,Marwan,trajectory,B1,24,25.681011400517058,0.6420252850129264,optimal,8.393333371997869,30980,54019,197538
v0-bh50,Marwan-r1,Marwan,trajectory,B1,25,25.697153306295963,0.642428832657399,optimal,13.223877812000865,30980,54019,197538
v0-bh50,Marwan-r1,Marwan,trajectory,B1,26,24.868515241721152,0.6217128810430288,optimal,10.732696218001365,30980,54019,197538
v0-bh50,Marwan-r1,Marwan,trajectory,B1,27,24.747140710229417,0.6186785177557355,optimal,22.438756207997358,30980,54019,197538
v0-bh50,Marwan-r1,Marwan,trajectory,B1,28,24.74302563839994,0.6185756409599985,optimal,9.317901964001067,30980,54019,197538
v0-bh50,Marwan-r1,Marwan,trajectory,B1,29,25.428454145371617,0.6357113536342904,optimal,9.61755490699943,30980,54019,197538
v0-bh50,Marwan-r2,Marwan,ground_only,,0,24.042813136677736,0.6010703284169434,optimal,0.8733816890016897,7768,14880,41924
v0-bh50,Marwan-r2,Marwan,ground_only,,1,24.042813136677736,0.6010703284169434,optimal,0.8570747059966379,7768,14880,41924
v0-bh50,Marwan-r2,Marwan,ground_only,,2,24.042813136677736,0.6010703284169434,optimal,0.8713217959993926,7768,14880,41924
v0-bh50,Marwan-r2,Marwan,ground_only,,3,24.042813136677736,0.6010703284169434,optimal,0.8580243399992469,7768,14880,41924
v0-bh50,Marwan-r2,Marwan,ground_only,,4,24.042813136677736,0.6010703284169434,optimal,0.8647695270010445,7768,14880,41924
v0-bh50,Marwan-r2,Marwan,ground_only,,5,24.042813136677736,0.6010703284169434,optimal,0.8573755399993388,7768,14880,41924
v0-bh50,Marwan-r2,Marwan,ground_only,,6,24.042813136677736,0.6010703284169434,optimal,2.099149490997661,7768,14880,41924
v0-bh50,Marwan-r2,Marwan,ground_only,,7,24.042813136677736,0.6010703284169434,optimal,0.8407714959976147,7768,14880,41924
v0-bh50,Marwan-r2,Marwan,ground_only,,8,24.042813136677736,0.6010703284169434,optimal,0.8437551140013966,7768,14880,41924
v0-bh50,Marwan-r2,Marwan,ground_only,,9,24.042813136677736,0.6010703284169434,optimal,0.8433041009993758,7768,14880,41924
v0-bh50,Marwan-r2,Marwan,ground_only,,10,24.042813136677736,0.6010703284169434,optimal,0.8394934249990911,7768,14880,41924
v0-bh50,Marwan-r2,Marwan,ground_only,,11,24.042813136677736,0.6010703284169434,optimal,0.8455816509995202,7768,14880,41924
v0-bh50,Marwan-r2,Marwan,ground_only,,12,24.042813136677736,0.6010703284169434,optimal,0.8562090179984807,7768,14880,41924
v0-bh50,Marwan-r2,Marwan,ground_only,,13,24.042813136677736,0.6010703284169434,optimal,0.8608745720011939,7768,14880,41924
v0-bh50,Marwan-r2,Marwan,ground_only,,14,24.042813136677736,0.6010703284169434,optimal,0.8390312400006223,7768,14880,41924
v0-bh50,Marwan-r2,Marwan,ground_only,,15,24.042813136677736,0.6010703284169434,optimal,0.8772574300019187,7768,14880,41924
v0-bh50,Marwan-r2,Marwan,ground_only,,16,24.042813136677736,0.6010703284169434,optimal,0.8680125560022134,7768,14880,41924
v0-bh50,Marwan-r2,Marwan,ground_only,,17,24.042813136677736,0.6010703284169434,optimal,0.86416073899818,7768,14880,41924
v0-bh50,Marwan-r2,Marwan,ground_only,,18,24.042813136677736,0.6010703284169434,optimal,0.8687538960002712,7768,14880,41924
v0-bh50,Marwan-r2,Marwan,ground_only,,19,24.042813136677736,0.6010703284169434,optimal,1.781463954001083,7768,14880,41924
v0-bh50,Marwan-r2,Marwan,ground_only,,20,24.042813136677736,0.6010703284169434,optimal,0.8311950339993928,7768,14880,41924
v0-bh50,Marwan-r2,Marwan,ground_only,,21,24.042813136677736,0.6010703284169434,optimal,0.836153264001041,7768,14880,41924
v0-bh50,Marwan-r2,Marwan,ground_only,,22,24.042813136677736,0.6010703284169434,optimal,0.8482504030034761,7768,14880,41924
v0-bh50,Marwan-r2,Marwan,ground_only,,23,24.042813136677736,0.6010703284169434,optimal,0.841747860002215,7768,14880,41924
v0-bh50,Marwan-r2,Marwan,ground_only,,24,24.042813136677736,0.6010703284169434,optimal,0.8930209130012372,7768,14880,41924
v0-bh50,Marwan-r2,Marwan,ground_only,,25,24.042813136677736,0.6010703284169434,optimal,0.9980532330009737,7768,14880,41924
v0-bh50,Marwan-r2,Marwan,ground_only,,26,24.042813136677736,0.6010703284169434,optimal,0.9629339940001955,7768,14880,41924
v0-bh50,Marwan-r2,Marwan,ground_only,,27,24.042813136677736,0.6010703284169434,optimal,1.0168443789989396,7768,14880,41924
v0-bh50,Marwan-r2,Marwan,ground_only,,28,24.042813136677736,0.6010703284169434,optimal,0.8780586329994549,7768,14880,41924
v0-bh50,Marwan-r2,Marwan,ground_only,,29,24.042813136677736,0.6010703284169434,optimal,1.6425112290016841,7768,14880,41924
v0-bh50,Marwan-r2,Marwan,trajectory,B1,0,26.9949897060853,0.6748747426521324,optimal,4.594940054001199,32593,58376,208399
v0-bh50,Marwan-r2,Marwan,trajectory,B1,1,27.235546929582327,0.6808886732395582,optimal,3.282732859999669,32593,58376,208399
v0-bh50,Marwan-r2,Marwan,trajectory,B1,2,27.305459655621604,0.6826364913905401,optimal,5.272448504998465,32593,58376,208399
v0-bh50,Marwan-r2,Marwan,trajectory,B1,3,26.825075230408707,0.6706268807602177,optimal,3.95542153399947,32593,58376,208399
v0-bh50,Marwan-r2,Marwan,trajectory,B1,4,27.04442242300126,0.6761105605750315,optimal,3.098242908999964,32593,58376,208399
v0-bh50,Marwan-r2,Marwan,trajectory,B1,5,27.036228063104303,0.6759057015776075,optimal,4.264863246000459,32593,58376,208399
v0-bh50,Marwan-r2,Marwan,trajectory,B1,6,25.99649627982771,0.6499124069956927,optimal,6.0525195529990015,32593,58376,208399
v0-bh50,Marwan-r2,Marwan,trajectory,B1,7,26.842334547371646,0.6710583636842912,optimal,3.4859289550004178,32593,58376,208399
v0-bh50,Marwan-r2,Marwan,trajectory,B1,8,26.81332430265997,0.6703331075664993,optimal,4.9840549060027115,32593,58376,208399
v0-bh50,Marwan-r2,Marwan,trajectory,B1,9,27.116542862546265,0.6779135715636566,optimal,8.571382426001946,32593,58376,208399
v0-bh50,Marwan-r2,Marwan,trajectory,B1,10,27.291144540526155,0.6822786135131539,optimal,5.435585052000533,32593,58376,208399
v0-bh50,Marwan-r2,Marwan,trajectory,B1,11,26.75908712625384,0.6689771781563459,optimal,3.3081664580022334,32593,58376,208399
v0-bh50,Marwan-r2,Marwan,trajectory,B1,12,27.104058225789156,0.677601455644729,optimal,3.411970075998397,32593,58376,208399
v0-bh50,Marwan-r2,Marwan,trajectory,B1,13,27.08120651596084,0.677030162899021,optimal,3.4361520009988453,32593,58376,208399
v0-bh50,Marwan-r2,Marwan,trajectory,B1,14,26.867770057161533,0.6716942514290383,optimal,3.4577151179983048,32593,58376,208399
v0-bh50,Marwan-r2,Marwan,trajectory,B1,15,26.35199522918041,0.6587998807295102,optimal,3.024518572998204,32593,58376,208399
v0-bh50,Marwan-r2,Marwan,trajectory,B1,16,27.621238821340697,0.6905309705335174,optimal,3.357088920998649,32593,58376,208399
v0-bh50,Marwan-r2,Marwan,trajectory,B1,17,26.608263523301282,0.6652065880825321,optimal,3.346110167000006,32593,58376,208399
v0-bh50,Marwan-r2,Marwan,trajectory,B1,18,27.147310489402212,0.6786827622350553,optimal,3.382789519000653,32593,58376,208399
v0-bh50,Marwan-r2,Marwan,trajectory,B1,19,26.0556617064985,0.6513915426624626,optimal,6.857710177002446,32593,58376,208399
v0-bh50,Marwan-r2,Marwan,trajectory,B1,20,27.11657433914221,0.6779143584785553,optimal,3.968947315999685,32593,58376,208399
v0-bh50,Marwan-r2,Marwan,trajectory,B1,21,27.515655609579127,0.6878913902394782,optimal,4.173224431000563,32593,58376,208399
v0-bh50,Marwan-r2,Marwan,trajectory,B1,22,26.957293200585955,0.6739323300146489,optimal,5.672515777998342,32593,58376,208399
v0-bh50,Marwan-r2,Marwan,trajectory,B1,23,27.129065066923953,0.6782266266730989,optimal,4.314622518999386,32593,58376,208399
v0-bh50,Marwan-r2,Marwan,trajectory,B1,24,25.981491019801066,0.6495372754950266,optimal,3.1046005690004677,32593,58376,208399
v0-bh50,Marwan-r2,Marwan,trajectory,B1,25,26.105629191125303,0.6526407297781326,optimal,3.75446130400087,32593,58376,208399
v0-bh50,Marwan-r2,Marwan,trajectory,B1,26,26.882350175492473,0.6720587543873118,optimal,5.15858481900068,32593,58376,208399
v0-bh50,Marwan-r2,Marwan,trajectory,B1,27,28.093440822589233,0.7023360205647309,optimal,4.579811392999545,32593,58376,208399
v0-bh50,Marwan-r2,Marwan,trajectory,B1,28,27.74980452907999,0.6937451132269998,optimal,4.65961095899911,32593,58376,208399
v0-bh50,Marwan-r2,Marwan,trajectory,B1,29,26.991478750310584,0.6747869687577646,optimal,3.4439522770007898,32593,58376,208399
