set_id,scenario_id,topology_id,method,realization_id,alert_count,timely_count,timely_ratio,source_count,connected_count,conn_ratio,shortfall,planning_runtime_s,evaluation_runtime_s,evaluate_calls
v0,Agis-r0,Agis,B0,0,40,14,0.35,15,7,0.4666666666666667,23.755079309372892,0.0001331610037595965,0.02381374843316735,1
v0,Agis-r0,Agis,B0,1,40,14,0.35,15,7,0.4666666666666667,23.755079309372892,0.0001331610037595965,0.02381374843316735,1
v0,Agis-r0,Agis,B0,2,40,14,0.35,15,7,0.4666666666666667,23.755079309372892,0.0001331610037595965,0.02381374843316735,1
v0,Agis-r0,Agis,B0,3,40,14,0.35,15,7,0.4666666666666667,23.755079309372892,0.0001331610037595965,0.02381374843316735,1
v0,Agis-r0,Agis,B0,4,40,14,0.35,15,7,0.4666666666666667,23.755079309372892,0.0001331610037595965,0.02381374843316735,1
v0,Agis-r0,Agis,B0,5,40,14,0.35,15,7,0.4666666666666667,23.755079309372892,0.0001331610037595965,0.02381374843316735,1
v0,Agis-r0,Agis,B0,6,40,14,0.35,15,7,0.4666666666666667,23.755079309372892,0.0001331610037595965,0.02381374843316735,1
v0,Agis-r0,Agis,B0,7,40,14,0.35,15,7,0.4666666666666667,23.755079309372892,0.0001331610037595965,0.02381374843316735,1
v0,Agis-r0,Agis,B0,8,40,14,0.35,15,7,0.4666666666666667,23.755079309372892,0.0001331610037595965,0.02381374843316735,1
v0,Agis-r0,Agis,B0,9,40,14,0.35,15,7,0.4666666666666667,23.755079309372892,0.0001331610037595965,0.02381374843316735,1
v0,Agis-r0,Agis,B0,10,40,14,0.35,15,7,0.4666666666666667,23.755079309372892,0.0001331610037595965,0.02381374843316735,1
v0,Agis-r0,Agis,B0,11,40,14,0.35,15,7,0.4666666666666667,23.755079309372892,0.0001331610037595965,0.02381374843316735,1
v0,Agis-r0,Agis,B0,12,40,14,0.35,15,7,0.4666666666666667,23.755079309372892,0.0001331610037595965,0.02381374843316735,1
v0,Agis-r0,Agis,B0,13,40,14,0.35,15,7,0.4666666666666667,23.755079309372892,0.0001331610037595965,0.02381374843316735,1
v0,Agis-r0,Agis,B0,14,40,14,0.35,15,7,0.4666666666666667,23.755079309372892,0.0001331610037595965,0.02381374843316735,1
v0,Agis-r0,Agis,B0,15,40,14,0.35,15,7,0.4666666666666667,23.755079309372892,0.0001331610037595965,0.02381374843316735,1
v0,Agis-r0,Agis,B0,16,40,14,0.35,15,7,0.4666666666666667,23.755079309372892,0.0001331610037595965,0.02381374843316735,1
v0,Agis-r0,Agis,B0,17,40,14,0.35,15,7,0.4666666666666667,23.755079309372892,0.0001331610037595965,0.02381374843316735,1
v0,Agis-r0,Agis,B0,18,40,14,0.35,15,7,0.4666666666666667,23.755079309372892,0.0001331610037595965,0.02381374843316735,1
v0,Agis-r0,Agis,B0,19,40,14,0.35,15,7,0.4666666666666667,23.755079309372892,0.0001331610037595965,0.02381374843316735,1
v0,Agis-r0,Agis,B0,20,40,14,0.35,15,7,0.4666666666666667,23.755079309372892,0.0001331610037595965,0.02381374843316735,1
v0,Agis-r0,Agis,B0,21,40,14,0.35,15,7,0.4666666666666667,23.755079309372892,0.0001331610037595965,0.02381374843316735,1
v0,Agis-r0,Agis,B0,22,40,14,0.35,15,7,0.4666666666666667,23.755079309372892,0.0001331610037595965,0.02381374843316735,1
v0,Agis-r0,Agis,B0,23,40,14,0.35,15,7,0.4666666666666667,23.755079309372892,0.0001331610037595965,0.02381374843316735,1
v0,Agis-r0,Agis,B0,24,40,14,0.35,15,7,0.4666666666666667,23.755079309372892,0.0001331610037595965,0.02381374843316735,1
v0,Agis-r0,Agis,B0,25,40,14,0.35,15,7,0.4666666666666667,23.755079309372892,0.0001331610037595965,0.02381374843316735,1
v0,Agis-r0,Agis,B0,26,40,14,0.35,15,7,0.4666666666666667,23.755079309372892,0.0001331610037595965,0.02381374843316735,1
v0,Agis-r0,Agis,B0,27,40,14,0.35,15,7,0.4666666666666667,23.755079309372892,0.0001331610037595965,0.02381374843316735,1
v0,Agis-r0,Agis,B0,28,40,14,0.35,15,7,0.4666666666666667,23.755079309372892,0.0001331610037595965,0.02381374843316735,1
v0,Agis-r0,Agis,B0,29,40,14,0.35,15,7,0.4666666666666667,23.755079309372892,0.0001331610037595965,0.02381374843316735,1
v0,Agis-r0,Agis,B1,0,40,18,0.45,15,15,1.0,22.0,0.13957766000385163,0.025464674533335105,1
v0,Agis-r0,Agis,B1,1,40,18,0.45,15,15,1.0,22.0,0.13957766000385163,0.025464674533335105,1
v0,Agis-r0,Agis,B1,2,40,18,0.45,15,15,1.0,22.0,0.13957766000385163,0.025464674533335105,1
v0,Agis-r0,Agis,B1,3,40,18,0.45,15,15,1.0,22.0,0.13957766000385163,0.025464674533335105,1
v0,Agis-r0,Agis,B1,4,40,18,0.45,15,15,1.0,22.0,0.13957766000385163,0.025464674533335105,1
v0,Agis-r0,Agis,B1,5,40,18,0.45,15,15,1.0,22.0,0.13957766000385163,0.025464674533335105,1
v0,Agis-r0,Agis,B1,6,40,18,0.45,15,15,1.0,22.0,0.13957766000385163,0.025464674533335105,1
v0,Agis-r0,Agis,B1,7,40,18,0.45,15,15,1.0,22.0,0.13957766000385163,0.025464674533335105,1
v0,Agis-r0,Agis,B1,8,40,18,0.45,15,15,1.0,22.0,0.13957766000385163,0.025464674533335105,1
v0,Agis-r0,Agis,B1,9,40,18,0.45,15,15,1.0,22.0,0.13957766000385163,0.025464674533335105,1
v0,Agis-r0,Agis,B1,10,40,18,0.45,15,15,1.0,22.0,0.13957766000385163,0.025464674533335105,1
v0,Agis-r0,Agis,B1,11,40,18,0.45,15,15,1.0,22.0,0.13957766000385163,0.025464674533335105,1
v0,Agis-r0,Agis,B1,12,40,18,0.45,15,15,1.0,22.0,0.13957766000385163,0.025464674533335105,1
v0,Agis-r0,Agis,B1,13,40,18,0.45,15,15,1.0,22.0,0.13957766000385163,0.025464674533335105,1
v0,Agis-r0,Agis,B1,14,40,18,0.45,15,15,1.0,22.0,0.13957766000385163,0.025464674533335105,1
v0,Agis-r0,Agis,B1,15,40,18,0.45,15,15,1.0,22.0,0.13957766000385163,0.025464674533335105,1
v0,Agis-r0,Agis,B1,16,40,18,0.45,15,15,1.0,22.0,0.13957766000385163,0.025464674533335105,1
v0,Agis-r0,Agis,B1,17,40,18,0.45,15,15,1.0,22.0,0.13957766000385163,0.025464674533335105,1
v0,Agis-r0,Agis,B1,18,40,18,0.45,15,15,1.0,22.0,0.13957766000385163,0.025464674533335105,1
v0,Agis-r0,Agis,B1,19,40,18,0.45,15,15,1.0,22.0,0.13957766000385163,0.025464674533335105,1
v0,Agis-r0,Agis,B1,20,40,18,0.45,15,15,1.0,22.0,0.13957766000385163,0.025464674533335105,1
v0,Agis-r0,Agis,B1,21,40,18,0.45,15,15,1.0,22.0,0.13957766000385163,0.025464674533335105,1
v0,Agis-r0,Agis,B1,22,40,18,0.45,15,15,1.0,22.0,0.13957766000385163,0.025464674533335105,1
v0,Agis-r0,Agis,B1,23,40,18,0.45,15,15,1.0,22.0,0.13957766000385163,0.025464674533335105,1
v0,Agis-r0,Agis,B1,24,40,18,0.45,15,15,1.0,22.0,0.13957766000385163,0.025464674533335105,1
v0,Agis-r0,Agis,B1,25,40,18,0.45,15,15,1.0,22.0,0.13957766000385163,0.025464674533335105,1
v0,Agis-r0,Agis,B1,26,40,18,0.45,15,15,1.0,22.0,0.13957766000385163,0.025464674533335105,1
v0,Agis-r0,Agis,B1,27,40,18,0.45,15,15,1.0,22.0,0.13957766000385163,0.025464674533335105,1
v0,Agis-r0,Agis,B1,28,40,18,0.45,15,15,1.0,22.0,0.13957766000385163,0.025464674533335105,1
v0,Agis-r0,Agis,B1,29,40,18,0.45,15,15,1.0,22.0,0.13957766000385163,0.025464674533335105,1
v0,Agis-r1,Agis,B0,0,40,12,0.3,15,6,0.4,27.38418078175361,0.0005603079989668913,0.02104700716663501,1
v0,Agis-r1,Agis,B0,1,40,12,0.3,15,6,0.4,27.38418078175361,0.0005603079989668913,0.02104700716663501,1
v0,Agis-r1,Agis,B0,2,40,12,0.3,15,6,0.4,27.38418078175361,0.0005603079989668913,0.02104700716663501,1
v0,Agis-r1,Agis,B0,3,40,12,0.3,15,6,0.4,27.38418078175361,0.0005603079989668913,0.02104700716663501,1
v0,Agis-r1,Agis,B0,4,40,12,0.3,15,6,0.4,27.38418078175361,0.0005603079989668913,0.02104700716663501,1
v0,Agis-r1,Agis,B0,5,40,12,0.3,15,6,0.4,27.38418078175361,0.0005603079989668913,0.02104700716663501,1
v0,Agis-r1,Agis,B0,6,40,12,0.3,15,6,0.4,27.38418078175361,0.0005603079989668913,0.02104700716663501,1
v0,Agis-r1,Agis,B0,7,40,12,0.3,15,6,0.4,27.38418078175361,0.0005603079989668913,0.02104700716663501,1
v0,Agis-r1,Agis,B0,8,40,12,0.3,15,6,0.4,27.38418078175361,0.0005603079989668913,0.02104700716663501,1
v0,Agis-r1,Agis,B0,9,40,12,0.3,15,6,0.4,27.38418078175361,0.0005603079989668913,0.02104700716663501,1
v0,Agis-r1,Agis,B0,10,40,12,0.3,15,6,0.4,27.38418078175361,0.0005603079989668913,0.02104700716663501,1
v0,Agis-r1,Agis,B0,11,40,12,0.3,15,6,0.4,27.38418078175361,0.0005603079989668913,0.02104700716663501,1
v0,Agis-r1,Agis,B0,12,40,12,0.3,15,6,0.4,27.38418078175361,0.0005603079989668913,0.02104700716663501,1
v0,Agis-r1,Agis,B0,13,40,12,0.3,15,6,0.4,27.38418078175361,0.0005603079989668913,0.02104700716663501,1
v0,Agis-r1,Agis,B0,14,40,12,0.3,15,6,0.4,27.38418078175361,0.0005603079989668913,0.02104700716663501,1
v0,Agis-r1,Agis,B0,15,40,12,0.3,15,6,0.4,27.38418078175361,0.0005603079989668913,0.02104700716663501,1
v0,Agis-r1,Agis,B0,16,40,12,0.3,15,6,0.4,27.38418078175361,0.0005603079989668913,0.02104700716663501,1
v0,Agis-r1,Agis,B0,17,40,12,0.3,15,6,0.4,27.38418078175361,0.0005603079989668913,0.02104700716663501,1
v0,Agis-r1,Agis,B0,18,40,12,0.3,15,6,0.4,27.38418078175361,0.0005603079989668913,0.02104700716663501,1
v0,Agis-r1,Agis,B0,19,40,12,0.3,15,6,0.4,27.38418078175361,0.0005603079989668913,0.02104700716663501,1
v0,Agis-r1,Agis,B0,20,40,12,0.3,15,6,0.4,27.38418078175361,0.0005603079989668913,0.02104700716663501,1
v0,Agis-r1,Agis,B0,21,40,12,0.3,15,6,0.4,27.38418078175361,0.0005603079989668913,0.02104700716663501,1
v0,Agis-r1,Agis,B0,22,40,12,0.3,15,6,0.4,27.38418078175361,0.0005603079989668913,0.02104700716663501,1
v0,Agis-r1,Agis,B0,23,40,12,0.3,15,6,0.4,27.38418078175361,0.0005603079989668913,0.02104700716663501,1
v0,Agis-r1,Agis,B0,24,40,12,0.3,15,6,0.4,27.38418078175361,0.0005603079989668913,0.02104700716663501,1
v0,Agis-r1,Agis,B0,25,40,12,0.3,15,6,0.4,27.38418078175361,0.0005603079989668913,0.02104700716663501,1
v0,Agis-r1,Agis,B0,26,40,12,0.3,15,6,0.4,27.38418078175361,0.0005603079989668913,0.02104700716663501,1
v0,Agis-r1,Agis,B0,27,40,12,0.3,15,6,0.4,27.38418078175361,0.0005603079989668913,0.02104700716663501,1
v0,Agis-r1,Agis,B0,28,40,12,0.3,15,6,0.4,27.38418078175361,0.0005603079989668913,0.02104700716663501,1
v0,Agis-r1,Agis,B0,29,40,12,0.3,15,6,0.4,27.38418078175361,0.0005603079989668913,0.02104700716663501,1
v0,Agis-r1,Agis,B1,0,40,16,0.4,15,15,1.0,21.105712421088555,0.1494647130020894,0.03878164206665436,1
v0,Agis-r1,Agis,B1,1,40,17,0.425,15,15,1.0,20.603224455877353,0.1494647130020894,0.03878164206665436,1
v0,Agis-r1,Agis,B1,2,40,18,0.45,15,15,1.0,19.528329044118653,0.1494647130020894,0.03878164206665436,1
v0,Agis-r1,Agis,B1,3,40,16,0.4,15,15,1.0,21.45231979131026,0.1494647130020894,0.03878164206665436,1
v0,Agis-r1,Agis,B1,4,40,14,0.35,15,15,1.0,23.60437864400841,0.1494647130020894,0.03878164206665436,1
v0,Agis-r1,Agis,B1,5,40,17,0.425,15,15,1.0,20.874674537373895,0.1494647130020894,0.03878164206665436,1
v0,Agis-r1,Agis,B1,6,40,18,0.45,15,15,1.0,20.638293534404244,0.1494647130020894,0.03878164206665436,1
v0,Agis-r1,Agis,B1,7,40,16,0.4,15,15,1.0,22.825587527409933,0.1494647130020894,0.03878164206665436,1
v0,Agis-r1,Agis,B1,8,40,17,0.425,15,15,1.0,21.282812989118735,0.1494647130020894,0.03878164206665436,1
v0,Agis-r1,Agis,B1,9,40,15,0.375,15,15,1.0,22.727113381263187,0.1494647130020894,0.03878164206665436,1
v0,Agis-r1,Agis,B1,10,40,16,0.4,15,15,1.0,22.565416400801833,0.1494647130020894,0.03878164206665436,1
v0,Agis-r1,Agis,B1,11,40,14,0.35,15,15,1.0,22.978953218055366,0.1494647130020894,0.03878164206665436,1
v0,Agis-r1,Agis,B1,12,40,16,0.4,15,15,1.0,21.429946131236857,0.1494647130020894,0.03878164206665436,1
v0,Agis-r1,Agis,B1,13,40,16,0.4,15,15,1.0,21.439296543313418,0.1494647130020894,0.03878164206665436,1
v0,Agis-r1,Agis,B1,14,40,13,0.325,15,15,1.0,25.235909185430685,0.1494647130020894,0.03878164206665436,1
v0,Agis-r1,Agis,B1,15,40,16,0.4,15,15,1.0,22.275202985366825,0.1494647130020894,0.03878164206665436,1
v0,Agis-r1,Agis,B1,16,40,14,0.35,15,15,1.0,22.72754449573871,0.1494647130020894,0.03878164206665436,1
v0,Agis-r1,Agis,B1,17,40,13,0.325,15,15,1.0,23.74845395164242,0.1494647130020894,0.03878164206665436,1
v0,Agis-r1,Agis,B1,18,40,16,0.4,15,15,1.0,22.457082085920128,0.1494647130020894,0.03878164206665436,1
v0,Agis-r1,Agis,B1,19,40,18,0.45,15,15,1.0,20.60119948022228,0.1494647130020894,0.03878164206665436,1
v0,Agis-r1,Agis,B1,20,40,16,0.4,15,15,1.0,22.30111472322498,0.1494647130020894,0.03878164206665436,1
v0,Agis-r1,Agis,B1,21,40,19,0.475,15,15,1.0,19.28095787374829,0.1494647130020894,0.03878164206665436,1
v0,Agis-r1,Agis,B1,22,40,16,0.4,15,15,1.0,22.097574037818184,0.1494647130020894,0.03878164206665436,1
v0,Agis-r1,Agis,B1,23,40,12,0.3,15,15,1.0,24.65419671661401,0.1494647130020894,0.03878164206665436,1
v0,Agis-r1,Agis,B1,24,40,15,0.375,15,15,1.0,22.53162651886198,0.1494647130020894,0.03878164206665436,1
v0,Agis-r1,Agis,B1,25,40,18,0.45,15,15,1.0,20.854811742872283,0.1494647130020894,0.03878164206665436,1
v0,Agis-r1,Agis,B1,26,40,15,0.375,15,15,1.0,21.616276799221968,0.1494647130020894,0.03878164206665436,1
v0,Agis-r1,Agis,B1,27,40,13,0.325,15,15,1.0,22.917250451477205,0.1494647130020894,0.03878164206665436,1
v0,Agis-r1,Agis,B1,28,40,15,0.375,15,15,1.0,22.327802938909368,0.1494647130020894,0.03878164206665436,1
v0,Agis-r1,Agis,B1,29,40,17,0.425,15,15,1.0,21.532358619535362,0.1494647130020894,0.03878164206665436,1
v0,Agis-r2,Agis,B0,0,40,37,0.925,15,14,0.9333333333333333,1.8626249705001534,0.00010821899923030287,0.05012850733328378,1
v0,Agis-r2,Agis,B0,1,40,37,0.925,15,14,0.9333333333333333,1.8626249705001534,0.00010821899923030287,0.05012850733328378,1
v0,Agis-r2,Agis,B0,2,40,37,0.925,15,14,0.9333333333333333,1.8626249705001534,0.00010821899923030287,0.05012850733328378,1
v0,Agis-r2,Agis,B0,3,40,37,0.925,15,14,0.9333333333333333,1.8626249705001534,0.00010821899923030287,0.05012850733328378,1
v0,Agis-r2,Agis,B0,4,40,37,0.925,15,14,0.9333333333333333,1.8626249705001534,0.00010821899923030287,0.05012850733328378,1
v0,Agis-r2,Agis,B0,5,40,37,0.925,15,14,0.9333333333333333,1.8626249705001534,0.00010821899923030287,0.05012850733328378,1
v0,Agis-r2,Agis,B0,6,40,37,0.925,15,14,0.9333333333333333,1.8626249705001534,0.00010821899923030287,0.05012850733328378,1
v0,Agis-r2,Agis,B0,7,40,37,0.925,15,14,0.9333333333333333,1.8626249705001534,0.00010821899923030287,0.05012850733328378,1
v0,Agis-r2,Agis,B0,8,40,37,0.925,15,14,0.9333333333333333,1.8626249705001534,0.00010821899923030287,0.05012850733328378,1
v0,Agis-r2,Agis,B0,9,40,37,0.925,15,14,0.9333333333333333,1.8626249705001534,0.00010821899923030287,0.05012850733328378,1
v0,Agis-r2,Agis,B0,10,40,37,0.925,15,14,0.9333333333333333,1.8626249705001534,0.00010821899923030287,0.05012850733328378,1
v0,Agis-r2,Agis,B0,11,40,37,0.925,15,14,0.9333333333333333,1.8626249705001534,0.00010821899923030287,0.05012850733328378,1
v0,Agis-r2,Agis,B0,12,40,37,0.925,15,14,0.9333333333333333,1.8626249705001534,0.00010821899923030287,0.05012850733328378,1
v0,Agis-r2,Agis,B0,13,40,37,0.925,15,14,0.9333333333333333,1.8626249705001534,0.00010821899923030287,0.05012850733328378,1
v0,Agis-r2,Agis,B0,14,40,37,0.925,15,14,0.9333333333333333,1.8626249705001534,0.00010821899923030287,0.05012850733328378,1
v0,Agis-r2,Agis,B0,15,40,37,0.925,15,14,0.9333333333333333,1.8626249705001534,0.00010821899923030287,0.05012850733328378,1
v0,Agis-r2,Agis,B0,16,40,37,0.925,15,14,0.9333333333333333,1.8626249705001534,0.00010821899923030287,0.05012850733328378,1
v0,Agis-r2,Agis,B0,17,40,37,0.925,15,14,0.9333333333333333,1.8626249705001534,0.00010821899923030287,0.05012850733328378,1
v0,Agis-r2,Agis,B0,18,40,37,0.925,15,14,0.9333333333333333,1.8626249705001534,0.00010821899923030287,0.05012850733328378,1
v0,Agis-r2,Agis,B0,19,40,37,0.925,15,14,0.9333333333333333,1.8626249705001534,0.00010821899923030287,0.05012850733328378,1
v0,Agis-r2,Agis,B0,20,40,37,0.925,15,14,0.9333333333333333,1.8626249705001534,0.00010821899923030287,0.05012850733328378,1
v0,Agis-r2,Agis,B0,21,40,37,0.925,15,14,0.9333333333333333,1.8626249705001534,0.00010821899923030287,0.05012850733328378,1
v0,Agis-r2,Agis,B0,22,40,37,0.925,15,14,0.9333333333333333,1.8626249705001534,0.00010821899923030287,0.05012850733328378,1
v0,Agis-r2,Agis,B0,23,40,37,0.925,15,14,0.9333333333333333,1.8626249705001534,0.00010821899923030287,0.05012850733328378,1
v0,Agis-r2,Agis,B0,24,40,37,0.925,15,14,0.9333333333333333,1.8626249705001534,0.00010821899923030287,0.05012850733328378,1
v0,Agis-r2,Agis,B0,25,40,37,0.925,15,14,0.9333333333333333,1.8626249705001534,0.00010821899923030287,0.05012850733328378,1
v0,Agis-r2,Agis,B0,26,40,37,0.925,15,14,0.9333333333333333,1.8626249705001534,0.00010821899923030287,0.05012850733328378,1
v0,Agis-r2,Agis,B0,27,40,37,0.925,15,14,0.9333333333333333,1.8626249705001534,0.00010821899923030287,0.05012850733328378,1
v0,Agis-r2,Agis,B0,28,40,37,0.925,15,14,0.9333333333333333,1.8626249705001534,0.00010821899923030287,0.05012850733328378,1
v0,Agis-r2,Agis,B0,29,40,37,0.925,15,14,0.9333333333333333,1.8626249705001534,0.00010821899923030287,0.05012850733328378,1
v0,Agis-r2,Agis,B1,0,40,38,0.95,15,15,1.0,1.1452558358819938,0.13589058099751128,0.04241845586657291,1
v0,Agis-r2,Agis,B1,1,40,38,0.95,15,15,1.0,1.4004889775980782,0.13589058099751128,0.04241845586657291,1
v0,Agis-r2,Agis,B1,2,40,38,0.95,15,15,1.0,1.0847428974423565,0.13589058099751128,0.04241845586657291,1
v0,Agis-r2,Agis,B1,3,40,38,0.95,15,15,1.0,1.1335538622106154,0.13589058099751128,0.04241845586657291,1
v0,Agis-r2,Agis,B1,4,40,39,0.975,15,15,1.0,1.000000000000002,0.13589058099751128,0.04241845586657291,1
v0,Agis-r2,Agis,B1,5,40,39,0.975,15,15,1.0,1.0000000000000016,0.13589058099751128,0.04241845586657291,1
v0,Agis-r2,Agis,B1,6,40,39,0.975,15,15,1.0,1.000000000000002,0.13589058099751128,0.04241845586657291,1
v0,Agis-r2,Agis,B1,7,40,39,0.975,15,15,1.0,1.0000000000000018,0.13589058099751128,0.04241845586657291,1
v0,Agis-r2,Agis,B1,8,40,39,0.975,15,15,1.0,1.0000000000000016,0.13589058099751128,0.04241845586657291,1
v0,Agis-r2,Agis,B1,9,40,39,0.975,15,15,1.0,1.000000000000002,0.13589058099751128,0.04241845586657291,1
v0,Agis-r2,Agis,B1,10,40,38,0.95,15,15,1.0,1.0703251935058251,0.13589058099751128,0.04241845586657291,1
v0,Agis-r2,Agis,B1,11,40,39,0.975,15,15,1.0,1.0000000000000018,0.13589058099751128,0.04241845586657291,1
v0,Agis-r2,Agis,B1,12,40,39,0.975,15,15,1.0,1.0000000000000022,0.13589058099751128,0.04241845586657291,1
v0,Agis-r2,Agis,B1,13,40,39,0.975,15,15,1.0,1.0000000000000018,0.13589058099751128,0.04241845586657291,1
v0,Agis-r2,Agis,B1,14,40,39,0.975,15,15,1.0,1.0000000000000018,0.13589058099751128,0.04241845586657291,1
v0,Agis-r2,Agis,B1,15,40,38,0.95,15,15,1.0,1.5487013215969625,0.13589058099751128,0.04241845586657291,1
v0,Agis-r2,Agis,B1,16,40,39,0.975,15,15,1.0,1.0000000000000018,0.13589058099751128,0.04241845586657291,1
v0,Agis-r2,Agis,B1,17,40,38,0.95,15,15,1.0,1.4419816620669388,0.13589058099751128,0.04241845586657291,1
v0,Agis-r2,Agis,B1,18,40,39,0.975,15,15,1.0,1.000000000000002,0.13589058099751128,0.04241845586657291,1
v0,Agis-r2,Agis,B1,19,40,39,0.975,15,15,1.0,1.0000000000000016,0.13589058099751128,0.04241845586657291,1
v0,Agis-r2,Agis,B1,20,40,39,0.975,15,15,1.0,1.0000000000000018,0.13589058099751128,0.04241845586657291,1
v0,Agis-r2,Agis,B1,21,40,38,0.95,15,15,1.0,1.4108898257991338,0.13589058099751128,0.04241845586657291,1
v0,Agis-r2,Agis,B1,22,40,38,0.95,15,15,1.0,1.2970722604529135,0.13589058099751128,0.04241845586657291,1
v0,Agis-r2,Agis,B1,23,40,38,0.95,15,15,1.0,1.5717947354137989,0.13589058099751128,0.04241845586657291,1
v0,Agis-r2,Agis,B1,24,40,38,0.95,15,15,1.0,1.5397852979246398,0.13589058099751128,0.04241845586657291,1
v0,Agis-r2,Agis,B1,25,40,39,0.975,15,15,1.0,1.0000000000000018,0.13589058099751128,0.04241845586657291,1
v0,Agis-r2,Agis,B1,26,40,39,0.975,15,15,1.0,1.000000000000002,0.13589058099751128,0.04241845586657291,1
v0,Agis-r2,Agis,B1,27,40,38,0.95,15,15,1.0,1.1901512101794556,0.13589058099751128,0.04241845586657291,1
v0,Agis-r2,Agis,B1,28,40,38,0.95,15,15,1.0,1.2466371849813183,0.13589058099751128,0.04241845586657291,1
v0,Agis-r2,Agis,B1,29,40,39,0.975,15,15,1.0,1.000000000000002,0.13589058099751128,0.04241845586657291,1
v0,Belnet2008-r0,Belnet2008,B0,0,40,16,0.4,15,10,0.6666666666666666,19.09509202364431,0.00014449099398916587,0.034999899966836286,1
v0,Belnet2008-r0,Belnet2008,B0,1,40,16,0.4,15,10,0.6666666666666666,19.09509202364431,0.00014449099398916587,0.034999899966836286,1
v0,Belnet2008-r0,Belnet2008,B0,2,40,16,0.4,15,10,0.6666666666666666,19.09509202364431,0.00014449099398916587,0.034999899966836286,1
v0,Belnet2008-r0,Belnet2008,B0,3,40,16,0.4,15,10,0.6666666666666666,19.09509202364431,0.00014449099398916587,0.034999899966836286,1
v0,Belnet2008-r0,Belnet2008,B0,4,40,16,0.4,15,10,0.6666666666666666,19.09509202364431,0.00014449099398916587,0.034999899966836286,1
v0,Belnet2008-r0,Belnet2008,B0,5,40,16,0.4,15,10,0.6666666666666666,19.09509202364431,0.00014449099398916587,0.034999899966836286,1
v0,Belnet2008-r0,Belnet2008,B0,6,40,16,0.4,15,10,0.6666666666666666,19.09509202364431,0.00014449099398916587,0.034999899966836286,1
v0,Belnet2008-r0,Belnet2008,B0,7,40,16,0.4,15,10,0.6666666666666666,19.09509202364431,0.00014449099398916587,0.034999899966836286,1
v0,Belnet2008-r0,Belnet2008,B0,8,40,16,0.4,15,10,0.6666666666666666,19.09509202364431,0.00014449099398916587,0.034999899966836286,1
v0,Belnet2008-r0,Belnet2008,B0,9,40,16,0.4,15,10,0.6666666666666666,19.09509202364431,0.00014449099398916587,0.034999899966836286,1
v0,Belnet2008-r0,Belnet2008,B0,10,40,16,0.4,15,10,0.6666666666666666,19.09509202364431,0.00014449099398916587,0.034999899966836286,1
v0,Belnet2008-r0,Belnet2008,B0,11,40,16,0.4,15,10,0.6666666666666666,19.09509202364431,0.00014449099398916587,0.034999899966836286,1
v0,Belnet2008-r0,Belnet2008,B0,12,40,16,0.4,15,10,0.6666666666666666,19.09509202364431,0.00014449099398916587,0.034999899966836286,1
v0,Belnet2008-r0,Belnet2008,B0,13,40,16,0.4,15,10,0.6666666666666666,19.09509202364431,0.00014449099398916587,0.034999899966836286,1
v0,Belnet2008-r0,Belnet2008,B0,14,40,16,0.4,15,10,0.6666666666666666,19.09509202364431,0.00014449099398916587,0.034999899966836286,1
v0,Belnet2008-r0,Belnet2008,B0,15,40,16,0.4,15,10,0.6666666666666666,19.09509202364431,0.00014449099398916587,0.034999899966836286,1
v0,Belnet2008-r0,Belnet2008,B0,16,40,16,0.4,15,10,0.6666666666666666,19.09509202364431,0.00014449099398916587,0.034999899966836286,1
v0,Belnet2008-r0,Belnet2008,B0,17,40,16,0.4,15,10,0.6666666666666666,19.09509202364431,0.00014449099398916587,0.034999899966836286,1
v0,Belnet2008-r0,Belnet2008,B0,18,40,16,0.4,15,10,0.6666666666666666,19.09509202364431,0.00014449099398916587,0.034999899966836286,1
v0,Belnet2008-r0,Belnet2008,B0,19,40,16,0.4,15,10,0.6666666666666666,19.09509202364431,0.00014449099398916587,0.034999899966836286,1
v0,Belnet2008-r0,Belnet2008,B0,20,40,16,0.4,15,10,0.6666666666666666,19.09509202364431,0.00014449099398916587,0.034999899966836286,1
v0,Belnet2008-r0,Belnet2008,B0,21,40,16,0.4,15,10,0.6666666666666666,19.09509202364431,0.00014449099398916587,0.034999899966836286,1
v0,Belnet2008-r0,Belnet2008,B0,22,40,16,0.4,15,10,0.6666666666666666,19.09509202364431,0.00014449099398916587,0.034999899966836286,1
v0,Belnet2008-r0,Belnet2008,B0,23,40,16,0.4,15,10,0.6666666666666666,19.09509202364431,0.00014449099398916587,0.034999899966836286,1
v0,Belnet2008-r0,Belnet2008,B0,24,40,16,0.4,15,10,0.6666666666666666,19.09509202364431,0.00014449099398916587,0.034999899966836286,1
v0,Belnet2008-r0,Belnet2008,B0,25,40,16,0.4,15,10,0.6666666666666666,19.09509202364431,0.00014449099398916587,0.034999899966836286,1
v0,Belnet2008-r0,Belnet2008,B0,26,40,16,0.4,15,10,0.6666666666666666,19.09509202364431,0.00014449099398916587,0.034999899966836286,1
v0,Belnet2008-r0,Belnet2008,B0,27,40,16,0.4,15,10,0.6666666666666666,19.09509202364431,0.00014449099398916587,0.034999899966836286,1
v0,Belnet2008-r0,Belnet2008,B0,28,40,16,0.4,15,10,0.6666666666666666,19.09509202364431,0.00014449099398916587,0.034999899966836286,1
v0,Belnet2008-r0,Belnet2008,B0,29,40,16,0.4,15,10,0.6666666666666666,19.09509202364431,0.00014449099398916587,0.034999899966836286,1
v0,Belnet2008-r0,Belnet2008,B1,0,40,19,0.475,15,15,1.0,17.77836088424129,0.16404825499921571,0.029910510433304203,1
v0,Belnet2008-r0,Belnet2008,B1,1,40,21,0.525,15,15,1.0,18.04341410695346,0.16404825499921571,0.029910510433304203,1
v0,Belnet2008-r0,Belnet2008,B1,2,40,21,0.525,15,15,1.0,17.753617196394835,0.16404825499921571,0.029910510433304203,1
v0,Belnet2008-r0,Belnet2008,B1,3,40,22,0.55,15,15,1.0,17.484011644203857,0.16404825499921571,0.029910510433304203,1
v0,Belnet2008-r0,Belnet2008,B1,4,40,22,0.55,15,15,1.0,17.63755366902761,0.16404825499921571,0.029910510433304203,1
v0,Belnet2008-r0,Belnet2008,B1,5,40,20,0.5,15,15,1.0,17.883297471165193,0.16404825499921571,0.029910510433304203,1
v0,Belnet2008-r0,Belnet2008,B1,6,40,21,0.525,15,15,1.0,17.966572692781188,0.16404825499921571,0.029910510433304203,1
v0,Belnet2008-r0,Belnet2008,B1,7,40,22,0.55,15,15,1.0,17.424482139873117,0.16404825499921571,0.029910510433304203,1
v0,Belnet2008-r0,Belnet2008,B1,8,40,21,0.525,15,15,1.0,18.76075070964395,0.16404825499921571,0.029910510433304203,1
v0,Belnet2008-r0,Belnet2008,B1,9,40,22,0.55,15,15,1.0,17.348630468452434,0.16404825499921571,0.029910510433304203,1
v0,Belnet2008-r0,Belnet2008,B1,10,40,22,0.55,15,15,1.0,17.629933288148365,0.16404825499921571,0.029910510433304203,1
v0,Belnet2008-r0,Belnet2008,B1,11,40,21,0.525,15,15,1.0,17.546839915313015,0.16404825499921571,0.029910510433304203,1
v0,Belnet2008-r0,Belnet2008,B1,12,40,22,0.55,15,15,1.0,17.412331324694456,0.16404825499921571,0.029910510433304203,1
v0,Belnet2008-r0,Belnet2008,B1,13,40,21,0.525,15,15,1.0,17.160617893825012,0.16404825499921571,0.029910510433304203,1
v0,Belnet2008-r0,Belnet2008,B1,14,40,22,0.55,15,15,1.0,17.395077513414158,0.16404825499921571,0.029910510433304203,1
v0,Belnet2008-r0,Belnet2008,B1,15,40,21,0.525,15,15,1.0,17.53832226796038,0.16404825499921571,0.029910510433304203,1
v0,Belnet2008-r0,Belnet2008,B1,16,40,22,0.55,15,15,1.0,17.022801307515007,0.16404825499921571,0.029910510433304203,1
v0,Belnet2008-r0,Belnet2008,B1,17,40,21,0.525,15,15,1.0,17.291057671096127,0.16404825499921571,0.029910510433304203,1
v0,Belnet2008-r0,Belnet2008,B1,18,40,23,0.575,15,15,1.0,16.850481030516185,0.16404825499921571,0.029910510433304203,1
v0,Belnet2008-r0,Belnet2008,B1,19,40,23,0.575,15,15,1.0,16.690178205824736,0.16404825499921571,0.029910510433304203,1
v0,Belnet2008-r0,Belnet2008,B1,20,40,22,0.55,15,15,1.0,17.107694353637005,0.16404825499921571,0.029910510433304203,1
v0,Belnet2008-r0,Belnet2008,B1,21,40,22,0.55,15,15,1.0,17.67005638626168,0.16404825499921571,0.029910510433304203,1
v0,Belnet2008-r0,Belnet2008,B1,22,40,22,0.55,15,15,1.0,17.067866326380578,0.16404825499921571,0.029910510433304203,1
v0,Belnet2008-r0,Belnet2008,B1,23,40,20,0.5,15,15,1.0,18.438558754560415,0.16404825499921571,0.029910510433304203,1
v0,Belnet2008-r0,Belnet2008,B1,24,40,22,0.55,15,15,1.0,17.398601584559742,0.16404825499921571,0.029910510433304203,1
v0,Belnet2008-r0,Belnet2008,B1,25,40,22,0.55,15,15,1.0,17.29893661695632,0.16404825499921571,0.029910510433304203,1
v0,Belnet2008-r0,Belnet2008,B1,26,40,22,0.55,15,15,1.0,17.115026673869437,0.16404825499921571,0.029910510433304203,1
v0,Belnet2008-r0,Belnet2008,B1,27,40,19,0.475,15,15,1.0,19.18933329114384,0.16404825499921571,0.029910510433304203,1
v0,Belnet2008-r0,Belnet2008,B1,28,40,21,0.525,15,15,1.0,18.399980909356753,0.16404825499921571,0.029910510433304203,1
v0,Belnet2008-r0,Belnet2008,B1,29,40,21,0.525,15,15,1.0,17.984750566943912,0.16404825499921571,0.029910510433304203,1
v0,Belnet2008-r1,Belnet2008,B0,0,40,13,0.325,15,5,0.3333333333333333,24.538551262182104,0.00012889900244772434,0.04004560239991406,1
v0,Belnet2008-r1,Belnet2008,B0,1,40,13,0.325,15,5,0.3333333333333333,24.538551262182104,0.00012889900244772434,0.04004560239991406,1
v0,Belnet2008-r1,Belnet2008,B0,2,40,13,0.325,15,5,0.3333333333333333,24.538551262182104,0.00012889900244772434,0.04004560239991406,1
v0,Belnet2008-r1,Belnet2008,B0,3,40,13,0.325,15,5,0.3333333333333333,24.538551262182104,0.00012889900244772434,0.04004560239991406,1
v0,Belnet2008-r1,Belnet2008,B0,4,40,13,0.325,15,5,0.3333333333333333,24.538551262182104,0.00012889900244772434,0.04004560239991406,1
v0,Belnet2008-r1,Belnet2008,B0,5,40,13,0.325,15,5,0.3333333333333333,24.538551262182104,0.00012889900244772434,0.04004560239991406,1
v0,Belnet2008-r1,Belnet2008,B0,6,40,13,0.325,15,5,0.3333333333333333,24.538551262182104,0.00012889900244772434,0.04004560239991406,1
v0,Belnet2008-r1,Belnet2008,B0,7,40,13,0.325,15,5,0.3333333333333333,24.538551262182104,0.00012889900244772434,0.04004560239991406,1
v0,Belnet2008-r1,Belnet2008,B0,8,40,13,0.325,15,5,0.3333333333333333,24.538551262182104,0.00012889900244772434,0.04004560239991406,1
v0,Belnet2008-r1,Belnet2008,B0,9,40,13,0.325,15,5,0.3333333333333333,24.538551262182104,0.00012889900244772434,0.04004560239991406,1
v0,Belnet2008-r1,Belnet2008,B0,10,40,13,0.325,15,5,0.3333333333333333,24.538551262182104,0.00012889900244772434,0.04004560239991406,1
v0,Belnet2008-r1,Belnet2008,B0,11,40,13,0.325,15,5,0.3333333333333333,24.538551262182104,0.00012889900244772434,0.04004560239991406,1
v0,Belnet2008-r1,Belnet2008,B0,12,40,13,0.325,15,5,0.3333333333333333,24.538551262182104,0.00012889900244772434,0.04004560239991406,1
v0,Belnet2008-r1,Belnet2008,B0,13,40,13,0.325,15,5,0.3333333333333333,24.538551262182104,0.00012889900244772434,0.04004560239991406,1
v0,Belnet2008-r1,Belnet2008,B0,14,40,13,0.325,15,5,0.3333333333333333,24.538551262182104,0.00012889900244772434,0.04004560239991406,1
v0,Belnet2008-r1,Belnet2008,B0,15,40,13,0.325,15,5,0.3333333333333333,24.538551262182104,0.00012889900244772434,0.04004560239991406,1
v0,Belnet2008-r1,Belnet2008,B0,16,40,13,0.325,15,5,0.3333333333333333,24.538551262182104,0.00012889900244772434,0.04004560239991406,1
v0,Belnet2008-r1,Belnet2008,B0,17,40,13,0.325,15,5,0.3333333333333333,24.538551262182104,0.00012889900244772434,0.04004560239991406,1
v0,Belnet2008-r1,Belnet2008,B0,18,40,13,0.325,15,5,0.3333333333333333,24.538551262182104,0.00012889900244772434,0.04004560239991406,1
v0,Belnet2008-r1,Belnet2008,B0,19,40,13,0.325,15,5,0.3333333333333333,24.538551262182104,0.00012889900244772434,0.04004560239991406,1
v0,Belnet2008-r1,Belnet2008,B0,20,40,13,0.325,15,5,0.3333333333333333,24.538551262182104,0.00012889900244772434,0.04004560239991406,1
v0,Belnet2008-r1,Belnet2008,B0,21,40,13,0.325,15,5,0.3333333333333333,24.538551262182104,0.00012889900244772434,0.04004560239991406,1
v0,Belnet2008-r1,Belnet2008,B0,22,40,13,0.325,15,5,0.3333333333333333,24.538551262182104,0.00012889900244772434,0.04004560239991406,1
v0,Belnet2008-r1,Belnet2008,B0,23,40,13,0.325,15,5,0.3333333333333333,24.538551262182104,0.00012889900244772434,0.04004560239991406,1
v0,Belnet2008-r1,Belnet2008,B0,24,40,13,0.325,15,5,0.3333333333333333,24.538551262182104,0.00012889900244772434,0.04004560239991406,1
v0,Belnet2008-r1,Belnet2008,B0,25,40,13,0.325,15,5,0.3333333333333333,24.538551262182104,0.00012889900244772434,0.04004560239991406,1
v0,Belnet2008-r1,Belnet2008,B0,26,40,13,0.325,15,5,0.3333333333333333,24.538551262182104,0.00012889900244772434,0.04004560239991406,1
v0,Belnet2008-r1,Belnet2008,B0,27,40,13,0.325,15,5,0.3333333333333333,24.538551262182104,0.00012889900244772434,0.04004560239991406,1
v0,Belnet2008-r1,Belnet2008,B0,28,40,13,0.325,15,5,0.3333333333333333,24.538551262182104,0.00012889900244772434,0.04004560239991406,1
v0,Belnet2008-r1,Belnet2008,B0,29,40,13,0.325,15,5,0.3333333333333333,24.538551262182104,0.00012889900244772434,0.04004560239991406,1
v0,Belnet2008-r1,Belnet2008,B1,0,40,16,0.4,15,15,1.0,23.564687379593064,0.29282929100008914,0.040913388133291546,1
v0,Belnet2008-r1,Belnet2008,B1,1,40,16,0.4,15,15,1.0,23.564687379593064,0.29282929100008914,0.040913388133291546,1
v0,Belnet2008-r1,Belnet2008,B1,2,40,14,0.35,15,15,1.0,24.869669741519722,0.29282929100008914,0.040913388133291546,1
v0,Belnet2008-r1,Belnet2008,B1,3,40,15,0.375,15,15,1.0,24.422785606664846,0.29282929100008914,0.040913388133291546,1
v0,Belnet2008-r1,Belnet2008,B1,4,40,13,0.325,15,15,1.0,25.601141055900808,0.29282929100008914,0.040913388133291546,1
v0,Belnet2008-r1,Belnet2008,B1,5,40,15,0.375,15,15,1.0,24.27783483284574,0.29282929100008914,0.040913388133291546,1
v0,Belnet2008-r1,Belnet2008,B1,6,40,13,0.325,15,15,1.0,25.371985923672792,0.29282929100008914,0.040913388133291546,1
v0,Belnet2008-r1,Belnet2008,B1,7,40,13,0.325,15,15,1.0,26.561930850025878,0.29282929100008914,0.040913388133291546,1
v0,Belnet2008-r1,Belnet2008,B1,8,40,13,0.325,15,15,1.0,24.81434832520945,0.29282929100008914,0.040913388133291546,1
v0,Belnet2008-r1,Belnet2008,B1,9,40,14,0.35,15,15,1.0,24.617148486820987,0.29282929100008914,0.040913388133291546,1
v0,Belnet2008-r1,Belnet2008,B1,10,40,13,0.325,15,15,1.0,25.20024777154525,0.29282929100008914,0.040913388133291546,1
v0,Belnet2008-r1,Belnet2008,B1,11,40,16,0.4,15,15,1.0,23.564687379593064,0.29282929100008914,0.040913388133291546,1
v0,Belnet2008-r1,Belnet2008,B1,12,40,16,0.4,15,15,1.0,23.564687379593064,0.29282929100008914,0.040913388133291546,1
v0,Belnet2008-r1,Belnet2008,B1,13,40,14,0.35,15,15,1.0,25.127841717440294,0.29282929100008914,0.040913388133291546,1
v0,Belnet2008-r1,Belnet2008,B1,14,40,14,0.35,15,15,1.0,24.85644252386413,0.29282929100008914,0.040913388133291546,1
v0,Belnet2008-r1,Belnet2008,B1,15,40,15,0.375,15,15,1.0,23.820972853220216,0.29282929100008914,0.040913388133291546,1
v0,Belnet2008-r1,Belnet2008,B1,16,40,13,0.325,15,15,1.0,25.93439603778562,0.29282929100008914,0.040913388133291546,1
v0,Belnet2008-r1,Belnet2008,B1,17,40,14,0.35,15,15,1.0,24.884579945646976,0.29282929100008914,0.040913388133291546,1
v0,Belnet2008-r1,Belnet2008,B1,18,40,14,0.35,15,15,1.0,25.171642529172942,0.29282929100008914,0.040913388133291546,1
v0,Belnet2008-r1,Belnet2008,B1,19,40,13,0.325,15,15,1.0,25.636440105943418,0.29282929100008914,0.040913388133291546,1
v0,Belnet2008-r1,Belnet2008,B1,20,40,16,0.4,15,15,1.0,23.564687379593064,0.29282929100008914,0.040913388133291546,1
v0,Belnet2008-r1,Belnet2008,B1,21,40,13,0.325,15,15,1.0,26.299951709117295,0.29282929100008914,0.040913388133291546,1
v0,Belnet2008-r1,Belnet2008,B1,22,40,14,0.35,15,15,1.0,24.80923913725004,0.29282929100008914,0.040913388133291546,1
v0,Belnet2008-r1,Belnet2008,B1,23,40,15,0.375,15,15,1.0,23.954041274964815,0.29282929100008914,0.040913388133291546,1
v0,Belnet2008-r1,Belnet2008,B1,24,40,14,0.35,15,15,1.0,25.19776410366504,0.29282929100008914,0.040913388133291546,1
v0,Belnet2008-r1,Belnet2008,B1,25,40,16,0.4,15,15,1.0,23.564687379593064,0.29282929100008914,0.040913388133291546,1
v0,Belnet2008-r1,Belnet2008,B1,26,40,15,0.375,15,15,1.0,23.805529841579915,0.29282929100008914,0.040913388133291546,1
v0,Belnet2008-r1,Belnet2008,B1,27,40,13,0.325,15,15,1.0,25.408472903815316,0.29282929100008914,0.040913388133291546,1
v0,Belnet2008-r1,Belnet2008,B1,28,40,14,0.35,15,15,1.0,24.675438893181994,0.29282929100008914,0.040913388133291546,1
v0,Belnet2008-r1,Belnet2008,B1,29,40,16,0.4,15,15,1.0,23.564687379593064,0.29282929100008914,0.040913388133291546,1
v0,Belnet2008-r2,Belnet2008,B0,0,40,29,0.725,15,12,0.8,6.955165183596822,0.00011225499474676326,0.04852454753320975,1
v0,Belnet2008-r2,Belnet2008,B0,1,40,29,0.725,15,12,0.8,6.955165183596822,0.00011225499474676326,0.04852454753320975,1
v0,Belnet2008-r2,Belnet2008,B0,2,40,29,0.725,15,12,0.8,6.955165183596822,0.00011225499474676326,0.04852454753320975,1
v0,Belnet2008-r2,Belnet2008,B0,3,40,29,0.725,15,12,0.8,6.955165183596822,0.00011225499474676326,0.04852454753320975,1
v0,Belnet2008-r2,Belnet2008,B0,4,40,29,0.725,15,12,0.8,6.955165183596822,0.00011225499474676326,0.04852454753320975,1
v0,Belnet2008-r2,Belnet2008,B0,5,40,29,0.725,15,12,0.8,6.955165183596822,0.00011225499474676326,0.04852454753320975,1
v0,Belnet2008-r2,Belnet2008,B0,6,40,29,0.725,15,12,0.8,6.955165183596822,0.00011225499474676326,0.04852454753320975,1
v0,Belnet2008-r2,Belnet2008,B0,7,40,29,0.725,15,12,0.8,6.955165183596822,0.00011225499474676326,0.04852454753320975,1
v0,Belnet2008-r2,Belnet2008,B0,8,40,29,0.725,15,12,0.8,6.955165183596822,0.00011225499474676326,0.04852454753320975,1
v0,Belnet2008-r2,Belnet2008,B0,9,40,29,0.725,15,12,0.8,6.955165183596822,0.00011225499474676326,0.04852454753320975,1
v0,Belnet2008-r2,Belnet2008,B0,10,40,29,0.725,15,12,0.8,6.955165183596822,0.00011225499474676326,0.04852454753320975,1
v0,Belnet2008-r2,Belnet2008,B0,11,40,29,0.725,15,12,0.8,6.955165183596822,0.00011225499474676326,0.04852454753320975,1
v0,Belnet2008-r2,Belnet2008,B0,12,40,29,0.725,15,12,0.8,6.955165183596822,0.00011225499474676326,0.04852454753320975,1
v0,Belnet2008-r2,Belnet2008,B0,13,40,29,0.725,15,12,0.8,6.955165183596822,0.00011225499474676326,0.04852454753320975,1
v0,Belnet2008-r2,Belnet2008,B0,14,40,29,0.725,15,12,0.8,6.955165183596822,0.00011225499474676326,0.04852454753320975,1
v0,Belnet2008-r2,Belnet2008,B0,15,40,29,0.725,15,12,0.8,6.955165183596822,0.00011225499474676326,0.04852454753320975,1
v0,Belnet2008-r2,Belnet2008,B0,16,40,29,0.725,15,12,0.8,6.955165183596822,0.00011225499474676326,0.04852454753320975,1
v0,Belnet2008-r2,Belnet2008,B0,17,40,29,0.725,15,12,0.8,6.955165183596822,0.00011225499474676326,0.04852454753320975,1
v0,Belnet2008-r2,Belnet2008,B0,18,40,29,0.725,15,12,0.8,6.955165183596822,0.00011225499474676326,0.04852454753320975,1
v0,Belnet2008-r2,Belnet2008,B0,19,40,29,0.725,15,12,0.8,6.955165183596822,0.00011225499474676326,0.04852454753320975,1
v0,Belnet2008-r2,Belnet2008,B0,20,40,29,0.725,15,12,0.8,6.955165183596822,0.00011225499474676326,0.04852454753320975,1
v0,Belnet2008-r2,Belnet2008,B0,21,40,29,0.725,15,12,0.8,6.955165183596822,0.00011225499474676326,0.04852454753320975,1
v0,Belnet2008-r2,Belnet2008,B0,22,40,29,0.725,15,12,0.8,6.955165183596822,0.00011225499474676326,0.04852454753320975,1
v0,Belnet2008-r2,Belnet2008,B0,23,40,29,0.725,15,12,0.8,6.955165183596822,0.00011225499474676326,0.04852454753320975,1
v0,Belnet2008-r2,Belnet2008,B0,24,40,29,0.725,15,12,0.8,6.955165183596822,0.00011225499474676326,0.04852454753320975,1
v0,Belnet2008-r2,Belnet2008,B0,25,40,29,0.725,15,12,0.8,6.955165183596822,0.00011225499474676326,0.04852454753320975,1
v0,Belnet2008-r2,Belnet2008,B0,26,40,29,0.725,15,12,0.8,6.955165183596822,0.00011225499474676326,0.04852454753320975,1
v0,Belnet2008-r2,Belnet2008,B0,27,40,29,0.725,15,12,0.8,6.955165183596822,0.00011225499474676326,0.04852454753320975,1
v0,Belnet2008-r2,Belnet2008,B0,28,40,29,0.725,15,12,0.8,6.955165183596822,0.00011225499474676326,0.04852454753320975,1
v0,Belnet2008-r2,Belnet2008,B0,29,40,29,0.725,15,12,0.8,6.955165183596822,0.00011225499474676326,0.04852454753320975,1
v0,Belnet2008-r2,Belnet2008,B1,0,40,33,0.825,15,15,1.0,6.056534777101681,0.2988110369988135,0.07078863813342953,1
v0,Belnet2008-r2,Belnet2008,B1,1,40,33,0.825,15,15,1.0,6.0576257462564165,0.2988110369988135,0.07078863813342953,1
v0,Belnet2008-r2,Belnet2008,B1,2,40,32,0.8,15,15,1.0,6.151887297316857,0.2988110369988135,0.07078863813342953,1
v0,Belnet2008-r2,Belnet2008,B1,3,40,32,0.8,15,15,1.0,6.837546995771307,0.2988110369988135,0.07078863813342953,1
v0,Belnet2008-r2,Belnet2008,B1,4,40,32,0.8,15,15,1.0,6.485845337990424,0.2988110369988135,0.07078863813342953,1
v0,Belnet2008-r2,Belnet2008,B1,5,40,33,0.825,15,15,1.0,6.056534777101681,0.2988110369988135,0.07078863813342953,1
v0,Belnet2008-r2,Belnet2008,B1,6,40,33,0.825,15,15,1.0,6.0576257462564165,0.2988110369988135,0.07078863813342953,1
v0,Belnet2008-r2,Belnet2008,B1,7,40,32,0.8,15,15,1.0,6.868268911020179,0.2988110369988135,0.07078863813342953,1
v0,Belnet2008-r2,Belnet2008,B1,8,40,32,0.8,15,15,1.0,6.530676804171058,0.2988110369988135,0.07078863813342953,1
v0,Belnet2008-r2,Belnet2008,B1,9,40,32,0.8,15,15,1.0,6.682368012477647,0.2988110369988135,0.07078863813342953,1
v0,Belnet2008-r2,Belnet2008,B1,10,40,33,0.825,15,15,1.0,6.056534777101681,0.2988110369988135,0.07078863813342953,1
v0,Belnet2008-r2,Belnet2008,B1,11,40,33,0.825,15,15,1.0,6.056534777101681,0.2988110369988135,0.07078863813342953,1
v0,Belnet2008-r2,Belnet2008,B1,12,40,32,0.8,15,15,1.0,6.984279910091288,0.2988110369988135,0.07078863813342953,1
v0,Belnet2008-r2,Belnet2008,B1,13,40,32,0.8,15,15,1.0,6.196674364617625,0.2988110369988135,0.07078863813342953,1
v0,Belnet2008-r2,Belnet2008,B1,14,40,32,0.8,15,15,1.0,6.908447717903645,0.2988110369988135,0.07078863813342953,1
v0,Belnet2008-r2,Belnet2008,B1,15,40,32,0.8,15,15,1.0,6.457252695036887,0.2988110369988135,0.07078863813342953,1
v0,Belnet2008-r2,Belnet2008,B1,16,40,32,0.8,15,15,1.0,6.400787364893638,0.2988110369988135,0.07078863813342953,1
v0,Belnet2008-r2,Belnet2008,B1,17,40,33,0.825,15,15,1.0,6.056534777101681,0.2988110369988135,0.07078863813342953,1
v0,Belnet2008-r2,Belnet2008,B1,18,40,33,0.825,15,15,1.0,6.057625746256416,0.2988110369988135,0.07078863813342953,1
v0,Belnet2008-r2,Belnet2008,B1,19,40,33,0.825,15,15,1.0,6.056534777101681,0.2988110369988135,0.07078863813342953,1
v0,Belnet2008-r2,Belnet2008,B1,20,40,32,0.8,15,15,1.0,6.273227064284208,0.2988110369988135,0.07078863813342953,1
v0,Belnet2008-r2,Belnet2008,B1,21,40,32,0.8,15,15,1.0,6.45061882488299,0.2988110369988135,0.07078863813342953,1
v0,Belnet2008-r2,Belnet2008,B1,22,40,32,0.8,15,15,1.0,6.215602118428034,0.2988110369988135,0.07078863813342953,1
v0,Belnet2008-r2,Belnet2008,B1,23,40,33,0.825,15,15,1.0,6.056534777101681,0.2988110369988135,0.07078863813342953,1
v0,Belnet2008-r2,Belnet2008,B1,24,40,32,0.8,15,15,1.0,6.354902661350995,0.2988110369988135,0.07078863813342953,1
v0,Belnet2008-r2,Belnet2008,B1,25,40,32,0.8,15,15,1.0,6.625825649002012,0.2988110369988135,0.07078863813342953,1
v0,Belnet2008-r2,Belnet2008,B1,26,40,33,0.825,15,15,1.0,6.056534777101681,0.2988110369988135,0.07078863813342953,1
v0,Belnet2008-r2,Belnet2008,B1,27,40,33,0.825,15,15,1.0,6.056534777101681,0.2988110369988135,0.07078863813342953,1
v0,Belnet2008-r2,Belnet2008,B1,28,40,33,0.825,15,15,1.0,6.058716715411152,0.2988110369988135,0.07078863813342953,1
v0,Belnet2008-r2,Belnet2008,B1,29,40,32,0.8,15,15,1.0,6.191886638265537,0.2988110369988135,0.07078863813342953,1
v0,BsonetEurope-r0,BsonetEurope,B0,0,40,18,0.45,15,8,0.5333333333333333,19.6477236564775,0.00011761500354623422,0.04357475503323561,1
v0,BsonetEurope-r0,BsonetEurope,B0,1,40,18,0.45,15,8,0.5333333333333333,19.6477236564775,0.00011761500354623422,0.04357475503323561,1
v0,BsonetEurope-r0,BsonetEurope,B0,2,40,18,0.45,15,8,0.5333333333333333,19.6477236564775,0.00011761500354623422,0.04357475503323561,1
v0,BsonetEurope-r0,BsonetEurope,B0,3,40,18,0.45,15,8,0.5333333333333333,19.6477236564775,0.00011761500354623422,0.04357475503323561,1
v0,BsonetEurope-r0,BsonetEurope,B0,4,40,18,0.45,15,8,0.5333333333333333,19.6477236564775,0.00011761500354623422,0.04357475503323561,1
v0,BsonetEurope-r0,BsonetEurope,B0,5,40,18,0.45,15,8,0.5333333333333333,19.6477236564775,0.00011761500354623422,0.04357475503323561,1
v0,BsonetEurope-r0,BsonetEurope,B0,6,40,18,0.45,15,8,0.5333333333333333,19.6477236564775,0.00011761500354623422,0.04357475503323561,1
v0,BsonetEurope-r0,BsonetEurope,B0,7,40,18,0.45,15,8,0.5333333333333333,19.6477236564775,0.00011761500354623422,0.04357475503323561,1
v0,BsonetEurope-r0,BsonetEurope,B0,8,40,18,0.45,15,8,0.5333333333333333,19.6477236564775,0.00011761500354623422,0.04357475503323561,1
v0,BsonetEurope-r0,BsonetEurope,B0,9,40,18,0.45,15,8,0.5333333333333333,19.6477236564775,0.00011761500354623422,0.04357475503323561,1
v0,BsonetEurope-r0,BsonetEurope,B0,10,40,18,0.45,15,8,0.5333333333333333,19.6477236564775,0.00011761500354623422,0.04357475503323561,1
v0,BsonetEurope-r0,BsonetEurope,B0,11,40,18,0.45,15,8,0.5333333333333333,19.6477236564775,0.00011761500354623422,0.04357475503323561,1
v0,BsonetEurope-r0,BsonetEurope,B0,12,40,18,0.45,15,8,0.5333333333333333,19.6477236564775,0.00011761500354623422,0.04357475503323561,1
v0,BsonetEurope-r0,BsonetEurope,B0,13,40,18,0.45,15,8,0.5333333333333333,19.6477236564775,0.00011761500354623422,0.04357475503323561,1
v0,BsonetEurope-r0,BsonetEurope,B0,14,40,18,0.45,15,8,0.5333333333333333,19.6477236564775,0.00011761500354623422,0.04357475503323561,1
v0,BsonetEurope-r0,BsonetEurope,B0,15,40,18,0.45,15,8,0.5333333333333333,19.6477236564775,0.00011761500354623422,0.04357475503323561,1
v0,BsonetEurope-r0,BsonetEurope,B0,16,40,18,0.45,15,8,0.5333333333333333,19.6477236564775,0.00011761500354623422,0.04357475503323561,1
v0,BsonetEurope-r0,BsonetEurope,B0,17,40,18,0.45,15,8,0.5333333333333333,19.6477236564775,0.00011761500354623422,0.04357475503323561,1
v0,BsonetEurope-r0,BsonetEurope,B0,18,40,18,0.45,15,8,0.5333333333333333,19.6477236564775,0.00011761500354623422,0.04357475503323561,1
v0,BsonetEurope-r0,BsonetEurope,B0,19,40,18,0.45,15,8,0.5333333333333333,19.6477236564775,0.00011761500354623422,0.04357475503323561,1
v0,BsonetEurope-r0,BsonetEurope,B0,20,40,18,0.45,15,8,0.5333333333333333,19.6477236564775,0.00011761500354623422,0.04357475503323561,1
v0,BsonetEurope-r0,BsonetEurope,B0,21,40,18,0.45,15,8,0.5333333333333333,19.6477236564775,0.00011761500354623422,0.04357475503323561,1
v0,BsonetEurope-r0,BsonetEurope,B0,22,40,18,0.45,15,8,0.5333333333333333,19.6477236564775,0.00011761500354623422,0.04357475503323561,1
v0,BsonetEurope-r0,BsonetEurope,B0,23,40,18,0.45,15,8,0.5333333333333333,19.6477236564775,0.00011761500354623422,0.04357475503323561,1
v0,BsonetEurope-r0,BsonetEurope,B0,24,40,18,0.45,15,8,0.5333333333333333,19.6477236564775,0.00011761500354623422,0.04357475503323561,1
v0,BsonetEurope-r0,BsonetEurope,B0,25,40,18,0.45,15,8,0.5333333333333333,19.6477236564775,0.00011761500354623422,0.04357475503323561,1
v0,BsonetEurope-r0,BsonetEurope,B0,26,40,18,0.45,15,8,0.5333333333333333,19.6477236564775,0.00011761500354623422,0.04357475503323561,1
v0,BsonetEurope-r0,BsonetEurope,B0,27,40,18,0.45,15,8,0.5333333333333333,19.6477236564775,0.00011761500354623422,0.04357475503323561,1
v0,BsonetEurope-r0,BsonetEurope,B0,28,40,18,0.45,15,8,0.5333333333333333,19.6477236564775,0.00011761500354623422,0.04357475503323561,1
v0,BsonetEurope-r0,BsonetEurope,B0,29,40,18,0.45,15,8,0.5333333333333333,19.6477236564775,0.00011761500354623422,0.04357475503323561,1
v0,BsonetEurope-r0,BsonetEurope,B1,0,40,25,0.625,15,15,1.0,15.000000000000002,0.183851786001469,0.040549212366507464,1
v0,BsonetEurope-r0,BsonetEurope,B1,1,40,24,0.6,15,15,1.0,15.49497362532157,0.183851786001469,0.040549212366507464,1
v0,BsonetEurope-r0,BsonetEurope,B1,2,40,23,0.575,15,15,1.0,16.2053117993688,0.183851786001469,0.040549212366507464,1
v0,BsonetEurope-r0,BsonetEurope,B1,3,40,23,0.575,15,15,1.0,16.111420465272854,0.183851786001469,0.040549212366507464,1
v0,BsonetEurope-r0,BsonetEurope,B1,4,40,22,0.55,15,15,1.0,17.51436207457604,0.183851786001469,0.040549212366507464,1
v0,BsonetEurope-r0,BsonetEurope,B1,5,40,25,0.625,15,15,1.0,15.000000000000002,0.183851786001469,0.040549212366507464,1
v0,BsonetEurope-r0,BsonetEurope,B1,6,40,24,0.6,15,15,1.0,15.297843668349854,0.183851786001469,0.040549212366507464,1
v0,BsonetEurope-r0,BsonetEurope,B1,7,40,24,0.6,15,15,1.0,15.067357901243732,0.183851786001469,0.040549212366507464,1
v0,BsonetEurope-r0,BsonetEurope,B1,8,40,23,0.575,15,15,1.0,16.747446789054614,0.183851786001469,0.040549212366507464,1
v0,BsonetEurope-r0,BsonetEurope,B1,9,40,24,0.6,15,15,1.0,15.731956406512145,0.183851786001469,0.040549212366507464,1
v0,BsonetEurope-r0,BsonetEurope,B1,10,40,24,0.6,15,15,1.0,15.78492840955297,0.183851786001469,0.040549212366507464,1
v0,BsonetEurope-r0,BsonetEurope,B1,11,40,24,0.6,15,15,1.0,15.223843157192315,0.183851786001469,0.040549212366507464,1
v0,BsonetEurope-r0,BsonetEurope,B1,12,40,25,0.625,15,15,1.0,15.000000000000002,0.183851786001469,0.040549212366507464,1
v0,BsonetEurope-r0,BsonetEurope,B1,13,40,25,0.625,15,15,1.0,15.000000000000002,0.183851786001469,0.040549212366507464,1
v0,BsonetEurope-r0,BsonetEurope,B1,14,40,25,0.625,15,15,1.0,15.000000000000002,0.183851786001469,0.040549212366507464,1
v0,BsonetEurope-r0,BsonetEurope,B1,15,40,24,0.6,15,15,1.0,15.036482985047114,0.183851786001469,0.040549212366507464,1
v0,BsonetEurope-r0,BsonetEurope,B1,16,40,23,0.575,15,15,1.0,15.298254831879488,0.183851786001469,0.040549212366507464,1
v0,BsonetEurope-r0,BsonetEurope,B1,17,40,25,0.625,15,15,1.0,15.000000000000002,0.183851786001469,0.040549212366507464,1
v0,BsonetEurope-r0,BsonetEurope,B1,18,40,23,0.575,15,15,1.0,15.848748866165392,0.183851786001469,0.040549212366507464,1
v0,BsonetEurope-r0,BsonetEurope,B1,19,40,25,0.625,15,15,1.0,15.000000000000002,0.183851786001469,0.040549212366507464,1
v0,BsonetEurope-r0,BsonetEurope,B1,20,40,25,0.625,15,15,1.0,15.000000000000002,0.183851786001469,0.040549212366507464,1
v0,BsonetEurope-r0,BsonetEurope,B1,21,40,25,0.625,15,15,1.0,15.000000000000002,0.183851786001469,0.040549212366507464,1
v0,BsonetEurope-r0,BsonetEurope,B1,22,40,25,0.625,15,15,1.0,15.000000000000002,0.183851786001469,0.040549212366507464,1
v0,BsonetEurope-r0,BsonetEurope,B1,23,40,24,0.6,15,15,1.0,15.297843669611686,0.183851786001469,0.040549212366507464,1
v0,BsonetEurope-r0,BsonetEurope,B1,24,40,24,0.6,15,15,1.0,15.538874627430387,0.183851786001469,0.040549212366507464,1
v0,BsonetEurope-r0,BsonetEurope,B1,25,40,25,0.625,15,15,1.0,15.000000000000002,0.183851786001469,0.040549212366507464,1
v0,BsonetEurope-r0,BsonetEurope,B1,26,40,25,0.625,15,15,1.0,15.000000000000002,0.183851786001469,0.040549212366507464,1
v0,BsonetEurope-r0,BsonetEurope,B1,27,40,23,0.575,15,15,1.0,16.044273019687775,0.183851786001469,0.040549212366507464,1
v0,BsonetEurope-r0,BsonetEurope,B1,28,40,25,0.625,15,15,1.0,15.000000000000002,0.183851786001469,0.040549212366507464,1
v0,BsonetEurope-r0,BsonetEurope,B1,29,40,19,0.475,15,15,1.0,19.63656541075019,0.183851786001469,0.040549212366507464,1
v0,BsonetEurope-r1,BsonetEurope,B0,0,40,15,0.375,15,8,0.5333333333333333,24.14940008956097,0.00011274500138824806,0.026383117499790387,1
v0,BsonetEurope-r1,BsonetEurope,B0,1,40,15,0.375,15,8,0.5333333333333333,24.14940008956097,0.00011274500138824806,0.026383117499790387,1
v0,BsonetEurope-r1,BsonetEurope,B0,2,40,15,0.375,15,8,0.5333333333333333,24.14940008956097,0.00011274500138824806,0.026383117499790387,1
v0,BsonetEurope-r1,BsonetEurope,B0,3,40,15,0.375,15,8,0.5333333333333333,24.14940008956097,0.00011274500138824806,0.026383117499790387,1
v0,BsonetEurope-r1,BsonetEurope,B0,4,40,15,0.375,15,8,0.5333333333333333,24.14940008956097,0.00011274500138824806,0.026383117499790387,1
v0,BsonetEurope-r1,BsonetEurope,B0,5,40,15,0.375,15,8,0.5333333333333333,24.14940008956097,0.00011274500138824806,0.026383117499790387,1
v0,BsonetEurope-r1,BsonetEurope,B0,6,40,15,0.375,15,8,0.5333333333333333,24.14940008956097,0.00011274500138824806,0.026383117499790387,1
v0,BsonetEurope-r1,BsonetEurope,B0,7,40,15,0.375,15,8,0.5333333333333333,24.14940008956097,0.00011274500138824806,0.026383117499790387,1
v0,BsonetEurope-r1,BsonetEurope,B0,8,40,15,0.375,15,8,0.5333333333333333,24.14940008956097,0.00011274500138824806,0.026383117499790387,1
v0,BsonetEurope-r1,BsonetEurope,B0,9,40,15,0.375,15,8,0.5333333333333333,24.14940008956097,0.00011274500138824806,0.026383117499790387,1
v0,BsonetEurope-r1,BsonetEurope,B0,10,40,15,0.375,15,8,0.5333333333333333,24.14940008956097,0.00011274500138824806,0.026383117499790387,1
v0,BsonetEurope-r1,BsonetEurope,B0,11,40,15,0.375,15,8,0.5333333333333333,24.14940008956097,0.00011274500138824806,0.026383117499790387,1
v0,BsonetEurope-r1,BsonetEurope,B0,12,40,15,0.375,15,8,0.5333333333333333,24.14940008956097,0.00011274500138824806,0.026383117499790387,1
v0,BsonetEurope-r1,BsonetEurope,B0,13,40,15,0.375,15,8,0.5333333333333333,24.14940008956097,0.00011274500138824806,0.026383117499790387,1
v0,BsonetEurope-r1,BsonetEurope,B0,14,40,15,0.375,15,8,0.5333333333333333,24.14940008956097,0.00011274500138824806,0.026383117499790387,1
v0,BsonetEurope-r1,BsonetEurope,B0,15,40,15,0.375,15,8,0.5333333333333333,24.14940008956097,0.00011274500138824806,0.026383117499790387,1
v0,BsonetEurope-r1,BsonetEurope,B0,16,40,15,0.375,15,8,0.5333333333333333,24.14940008956097,0.00011274500138824806,0.026383117499790387,1
v0,BsonetEurope-r1,BsonetEurope,B0,17,40,15,0.375,15,8,0.5333333333333333,24.14940008956097,0.00011274500138824806,0.026383117499790387,1
v0,BsonetEurope-r1,BsonetEurope,B0,18,40,15,0.375,15,8,0.5333333333333333,24.14940008956097,0.00011274500138824806,0.026383117499790387,1
v0,BsonetEurope-r1,BsonetEurope,B0,19,40,15,0.375,15,8,0.5333333333333333,24.14940008956097,0.00011274500138824806,0.026383117499790387,1
v0,BsonetEurope-r1,BsonetEurope,B0,20,40,15,0.375,15,8,0.5333333333333333,24.14940008956097,0.00011274500138824806,0.026383117499790387,1
v0,BsonetEurope-r1,BsonetEurope,B0,21,40,15,0.375,15,8,0.5333333333333333,24.14940008956097,0.00011274500138824806,0.026383117499790387,1
v0,BsonetEurope-r1,BsonetEurope,B0,22,40,15,0.375,15,8,0.5333333333333333,24.14940008956097,0.00011274500138824806,0.026383117499790387,1
v0,BsonetEurope-r1,BsonetEurope,B0,23,40,15,0.375,15,8,0.5333333333333333,24.14940008956097,0.00011274500138824806,0.026383117499790387,1
v0,BsonetEurope-r1,BsonetEurope,B0,24,40,15,0.375,15,8,0.5333333333333333,24.14940008956097,0.00011274500138824806,0.026383117499790387,1
v0,BsonetEurope-r1,BsonetEurope,B0,25,40,15,0.375,15,8,0.5333333333333333,24.14940008956097,0.00011274500138824806,0.026383117499790387,1
v0,BsonetEurope-r1,BsonetEurope,B0,26,40,15,0.375,15,8,0.5333333333333333,24.14940008956097,0.00011274500138824806,0.026383117499790387,1
v0,BsonetEurope-r1,BsonetEurope,B0,27,40,15,0.375,15,8,0.5333333333333333,24.14940008956097,0.00011274500138824806,0.026383117499790387,1
v0,BsonetEurope-r1,BsonetEurope,B0,28,40,15,0.375,15,8,0.5333333333333333,24.14940008956097,0.00011274500138824806,0.026383117499790387,1
v0,BsonetEurope-r1,BsonetEurope,B0,29,40,15,0.375,15,8,0.5333333333333333,24.14940008956097,0.00011274500138824806,0.026383117499790387,1
v0,BsonetEurope-r1,BsonetEurope,B1,0,40,20,0.5,15,15,1.0,20.0,0.1404480400015018,0.028617159099909865,1
v0,BsonetEurope-r1,BsonetEurope,B1,1,40,20,0.5,15,15,1.0,20.0,0.1404480400015018,0.028617159099909865,1
v0,BsonetEurope-r1,BsonetEurope,B1,2,40,20,0.5,15,15,1.0,20.0,0.1404480400015018,0.028617159099909865,1
v0,BsonetEurope-r1,BsonetEurope,B1,3,40,20,0.5,15,15,1.0,20.0,0.1404480400015018,0.028617159099909865,1
v0,BsonetEurope-r1,BsonetEurope,B1,4,40,19,0.475,15,15,1.0,20.61186577782514,0.1404480400015018,0.028617159099909865,1
v0,BsonetEurope-r1,BsonetEurope,B1,5,40,16,0.4,15,15,1.0,22.21064742938428,0.1404480400015018,0.028617159099909865,1
v0,BsonetEurope-r1,BsonetEurope,B1,6,40,20,0.5,15,15,1.0,20.0,0.1404480400015018,0.028617159099909865,1
v0,BsonetEurope-r1,BsonetEurope,B1,7,40,20,0.5,15,15,1.0,20.0,0.1404480400015018,0.028617159099909865,1
v0,BsonetEurope-r1,BsonetEurope,B1,8,40,17,0.425,15,15,1.0,20.29793010213114,0.1404480400015018,0.028617159099909865,1
v0,BsonetEurope-r1,BsonetEurope,B1,9,40,20,0.5,15,15,1.0,20.0,0.1404480400015018,0.028617159099909865,1
v0,BsonetEurope-r1,BsonetEurope,B1,10,40,19,0.475,15,15,1.0,20.064064992910815,0.1404480400015018,0.028617159099909865,1
v0,BsonetEurope-r1,BsonetEurope,B1,11,40,20,0.5,15,15,1.0,20.0,0.1404480400015018,0.028617159099909865,1
v0,BsonetEurope-r1,BsonetEurope,B1,12,40,19,0.475,15,15,1.0,20.345556799417373,0.1404480400015018,0.028617159099909865,1
v0,BsonetEurope-r1,BsonetEurope,B1,13,40,20,0.5,15,15,1.0,20.0,0.1404480400015018,0.028617159099909865,1
v0,BsonetEurope-r1,BsonetEurope,B1,14,40,20,0.5,15,15,1.0,20.0,0.1404480400015018,0.028617159099909865,1
v0,BsonetEurope-r1,BsonetEurope,B1,15,40,20,0.5,15,15,1.0,20.0,0.1404480400015018,0.028617159099909865,1
v0,BsonetEurope-r1,BsonetEurope,B1,16,40,18,0.45,15,15,1.0,20.78755444964872,0.1404480400015018,0.028617159099909865,1
v0,BsonetEurope-r1,BsonetEurope,B1,17,40,19,0.475,15,15,1.0,20.386544022726532,0.1404480400015018,0.028617159099909865,1
v0,BsonetEurope-r1,BsonetEurope,B1,18,40,17,0.425,15,15,1.0,22.370251524946,0.1404480400015018,0.028617159099909865,1
v0,BsonetEurope-r1,BsonetEurope,B1,19,40,19,0.475,15,15,1.0,20.16545396215819,0.1404480400015018,0.028617159099909865,1
v0,BsonetEurope-r1,BsonetEurope,B1,20,40,19,0.475,15,15,1.0,20.685836799097675,0.1404480400015018,0.028617159099909865,1
v0,BsonetEurope-r1,BsonetEurope,B1,21,40,19,0.475,15,15,1.0,20.05169899263748,0.1404480400015018,0.028617159099909865,1
v0,BsonetEurope-r1,BsonetEurope,B1,22,40,19,0.475,15,15,1.0,20.145984266767226,0.1404480400015018,0.028617159099909865,1
v0,BsonetEurope-r1,BsonetEurope,B1,23,40,20,0.5,15,15,1.0,20.0,0.1404480400015018,0.028617159099909865,1
v0,BsonetEurope-r1,BsonetEurope,B1,24,40,16,0.4,15,15,1.0,21.676161801789075,0.1404480400015018,0.028617159099909865,1
v0,BsonetEurope-r1,BsonetEurope,B1,25,40,20,0.5,15,15,1.0,20.0,0.1404480400015018,0.028617159099909865,1
v0,BsonetEurope-r1,BsonetEurope,B1,26,40,20,0.5,15,15,1.0,20.0,0.1404480400015018,0.028617159099909865,1
v0,BsonetEurope-r1,BsonetEurope,B1,27,40,18,0.45,15,15,1.0,20.806669788418628,0.1404480400015018,0.028617159099909865,1
v0,BsonetEurope-r1,BsonetEurope,B1,28,40,20,0.5,15,15,1.0,20.0,0.1404480400015018,0.028617159099909865,1
v0,BsonetEurope-r1,BsonetEurope,B1,29,40,18,0.45,15,15,1.0,20.59803998108536,0.1404480400015018,0.028617159099909865,1
v0,BsonetEurope-r2,BsonetEurope,B0,0,40,19,0.475,15,5,0.3333333333333333,21.0,0.00010766399645945057,0.021134898066763223,1
v0,BsonetEurope-r2,BsonetEurope,B0,1,40,19,0.475,15,5,0.3333333333333333,21.0,0.00010766399645945057,0.021134898066763223,1
v0,BsonetEurope-r2,BsonetEurope,B0,2,40,19,0.475,15,5,0.3333333333333333,21.0,0.00010766399645945057,0.021134898066763223,1
v0,BsonetEurope-r2,BsonetEurope,B0,3,40,19,0.475,15,5,0.3333333333333333,21.0,0.00010766399645945057,0.021134898066763223,1
v0,BsonetEurope-r2,BsonetEurope,B0,4,40,19,0.475,15,5,0.3333333333333333,21.0,0.00010766399645945057,0.021134898066763223,1
v0,BsonetEurope-r2,BsonetEurope,B0,5,40,19,0.475,15,5,0.3333333333333333,21.0,0.00010766399645945057,0.021134898066763223,1
v0,BsonetEurope-r2,BsonetEurope,B0,6,40,19,0.475,15,5,0.3333333333333333,21.0,0.00010766399645945057,0.021134898066763223,1
v0,BsonetEurope-r2,BsonetEurope,B0,7,40,19,0.475,15,5,0.3333333333333333,21.0,0.00010766399645945057,0.021134898066763223,1
v0,BsonetEurope-r2,BsonetEurope,B0,8,40,19,0.475,15,5,0.3333333333333333,21.0,0.00010766399645945057,0.021134898066763223,1
v0,BsonetEurope-r2,BsonetEurope,B0,9,40,19,0.475,15,5,0.3333333333333333,21.0,0.00010766399645945057,0.021134898066763223,1
v0,BsonetEurope-r2,BsonetEurope,B0,10,40,19,0.475,15,5,0.3333333333333333,21.0,0.00010766399645945057,0.021134898066763223,1
v0,BsonetEurope-r2,BsonetEurope,B0,11,40,19,0.475,15,5,0.3333333333333333,21.0,0.00010766399645945057,0.021134898066763223,1
v0,BsonetEurope-r2,BsonetEurope,B0,12,40,19,0.475,15,5,0.3333333333333333,21.0,0.00010766399645945057,0.021134898066763223,1
v0,BsonetEurope-r2,BsonetEurope,B0,13,40,19,0.475,15,5,0.3333333333333333,21.0,0.00010766399645945057,0.021134898066763223,1
v0,BsonetEurope-r2,BsonetEurope,B0,14,40,19,0.475,15,5,0.3333333333333333,21.0,0.00010766399645945057,0.021134898066763223,1
v0,BsonetEurope-r2,BsonetEurope,B0,15,40,19,0.475,15,5,0.3333333333333333,21.0,0.00010766399645945057,0.021134898066763223,1
v0,BsonetEurope-r2,BsonetEurope,B0,16,40,19,0.475,15,5,0.3333333333333333,21.0,0.00010766399645945057,0.021134898066763223,1
v0,BsonetEurope-r2,BsonetEurope,B0,17,40,19,0.475,15,5,0.3333333333333333,21.0,0.00010766399645945057,0.021134898066763223,1
v0,BsonetEurope-r2,BsonetEurope,B0,18,40,19,0.475,15,5,0.3333333333333333,21.0,0.00010766399645945057,0.021134898066763223,1
v0,BsonetEurope-r2,BsonetEurope,B0,19,40,19,0.475,15,5,0.3333333333333333,21.0,0.00010766399645945057,0.021134898066763223,1
v0,BsonetEurope-r2,BsonetEurope,B0,20,40,19,0.475,15,5,0.3333333333333333,21.0,0.00010766399645945057,0.021134898066763223,1
v0,BsonetEurope-r2,BsonetEurope,B0,21,40,19,0.475,15,5,0.3333333333333333,21.0,0.00010766399645945057,0.021134898066763223,1
v0,BsonetEurope-r2,BsonetEurope,B0,22,40,19,0.475,15,5,0.3333333333333333,21.0,0.00010766399645945057,0.021134898066763223,1
v0,BsonetEurope-r2,BsonetEurope,B0,23,40,19,0.475,15,5,0.3333333333333333,21.0,0.00010766399645945057,0.021134898066763223,1
v0,BsonetEurope-r2,BsonetEurope,B0,24,40,19,0.475,15,5,0.3333333333333333,21.0,0.00010766399645945057,0.021134898066763223,1
v0,BsonetEurope-r2,BsonetEurope,B0,25,40,19,0.475,15,5,0.3333333333333333,21.0,0.00010766399645945057,0.021134898066763223,1
v0,BsonetEurope-r2,BsonetEurope,B0,26,40,19,0.475,15,5,0.3333333333333333,21.0,0.00010766399645945057,0.021134898066763223,1
v0,BsonetEurope-r2,BsonetEurope,B0,27,40,19,0.475,15,5,0.3333333333333333,21.0,0.00010766399645945057,0.021134898066763223,1
v0,BsonetEurope-r2,BsonetEurope,B0,28,40,19,0.475,15,5,0.3333333333333333,21.0,0.00010766399645945057,0.021134898066763223,1
v0,BsonetEurope-r2,BsonetEurope,B0,29,40,19,0.475,15,5,0.3333333333333333,21.0,0.00010766399645945057,0.021134898066763223,1
v0,BsonetEurope-r2,BsonetEurope,B1,0,40,20,0.5,15,15,1.0,20.0,0.13361735299986321,0.02381737293326296,1
v0,BsonetEurope-r2,BsonetEurope,B1,1,40,20,0.5,15,15,1.0,20.0,0.13361735299986321,0.02381737293326296,1
v0,BsonetEurope-r2,BsonetEurope,B1,2,40,20,0.5,15,15,1.0,20.0,0.13361735299986321,0.02381737293326296,1
v0,BsonetEurope-r2,BsonetEurope,B1,3,40,19,0.475,15,15,1.0,20.530553941423104,0.13361735299986321,0.02381737293326296,1
v0,BsonetEurope-r2,BsonetEurope,B1,4,40,19,0.475,15,15,1.0,20.53168745995902,0.13361735299986321,0.02381737293326296,1
v0,BsonetEurope-r2,BsonetEurope,B1,5,40,19,0.475,15,15,1.0,20.04904130510014,0.13361735299986321,0.02381737293326296,1
v0,BsonetEurope-r2,BsonetEurope,B1,6,40,19,0.475,15,15,1.0,20.04782003653911,0.13361735299986321,0.02381737293326296,1
v0,BsonetEurope-r2,BsonetEurope,B1,7,40,20,0.5,15,15,1.0,20.0,0.13361735299986321,0.02381737293326296,1
v0,BsonetEurope-r2,BsonetEurope,B1,8,40,19,0.475,15,15,1.0,20.18401294432215,0.13361735299986321,0.02381737293326296,1
v0,BsonetEurope-r2,BsonetEurope,B1,9,40,20,0.5,15,15,1.0,20.0,0.13361735299986321,0.02381737293326296,1
v0,BsonetEurope-r2,BsonetEurope,B1,10,40,19,0.475,15,15,1.0,20.059865571041893,0.13361735299986321,0.02381737293326296,1
v0,BsonetEurope-r2,BsonetEurope,B1,11,40,19,0.475,15,15,1.0,20.067738914466187,0.13361735299986321,0.02381737293326296,1
v0,BsonetEurope-r2,BsonetEurope,B1,12,40,20,0.5,15,15,1.0,20.0,0.13361735299986321,0.02381737293326296,1
v0,BsonetEurope-r2,BsonetEurope,B1,13,40,20,0.5,15,15,1.0,20.0,0.13361735299986321,0.02381737293326296,1
v0,BsonetEurope-r2,BsonetEurope,B1,14,40,19,0.475,15,15,1.0,20.05833748209479,0.13361735299986321,0.02381737293326296,1
v0,BsonetEurope-r2,BsonetEurope,B1,15,40,20,0.5,15,15,1.0,20.0,0.13361735299986321,0.02381737293326296,1
v0,BsonetEurope-r2,BsonetEurope,B1,16,40,20,0.5,15,15,1.0,20.0,0.13361735299986321,0.02381737293326296,1
v0,BsonetEurope-r2,BsonetEurope,B1,17,40,19,0.475,15,15,1.0,20.99682372533503,0.13361735299986321,0.02381737293326296,1
v0,BsonetEurope-r2,BsonetEurope,B1,18,40,20,0.5,15,15,1.0,20.0,0.13361735299986321,0.02381737293326296,1
v0,BsonetEurope-r2,BsonetEurope,B1,19,40,19,0.475,15,15,1.0,20.522932515217587,0.13361735299986321,0.02381737293326296,1
v0,BsonetEurope-r2,BsonetEurope,B1,20,40,20,0.5,15,15,1.0,20.0,0.13361735299986321,0.02381737293326296,1
v0,BsonetEurope-r2,BsonetEurope,B1,21,40,19,0.475,15,15,1.0,20.058293173658807,0.13361735299986321,0.02381737293326296,1
v0,BsonetEurope-r2,BsonetEurope,B1,22,40,20,0.5,15,15,1.0,20.0,0.13361735299986321,0.02381737293326296,1
v0,BsonetEurope-r2,BsonetEurope,B1,23,40,19,0.475,15,15,1.0,20.061959966386098,0.13361735299986321,0.02381737293326296,1
v0,BsonetEurope-r2,BsonetEurope,B1,24,40,19,0.475,15,15,1.0,20.99682372533503,0.13361735299986321,0.02381737293326296,1
v0,BsonetEurope-r2,BsonetEurope,B1,25,40,20,0.5,15,15,1.0,20.0,0.13361735299986321,0.02381737293326296,1
v0,BsonetEurope-r2,BsonetEurope,B1,26,40,20,0.5,15,15,1.0,20.0,0.13361735299986321,0.02381737293326296,1
v0,BsonetEurope-r2,BsonetEurope,B1,27,40,19,0.475,15,15,1.0,20.99573255171606,0.13361735299986321,0.02381737293326296,1
v0,BsonetEurope-r2,BsonetEurope,B1,28,40,20,0.5,15,15,1.0,20.0,0.13361735299986321,0.02381737293326296,1
v0,BsonetEurope-r2,BsonetEurope,B1,29,40,20,0.5,15,15,1.0,20.0,0.13361735299986321,0.02381737293326296,1
v0,BtNorthAmerica-r0,BtNorthAmerica,B0,0,40,14,0.35,15,5,0.3333333333333333,23.706857609901007,0.00012942199828103185,0.03760607196672936,1
v0,BtNorthAmerica-r0,BtNorthAmerica,B0,1,40,14,0.35,15,5,0.3333333333333333,23.706857609901007,0.00012942199828103185,0.03760607196672936,1
v0,BtNorthAmerica-r0,BtNorthAmerica,B0,2,40,14,0.35,15,5,0.3333333333333333,23.706857609901007,0.00012942199828103185,0.03760607196672936,1
v0,BtNorthAmerica-r0,BtNorthAmerica,B0,3,40,14,0.35,15,5,0.3333333333333333,23.706857609901007,0.00012942199828103185,0.03760607196672936,1
v0,BtNorthAmerica-r0,BtNorthAmerica,B0,4,40,14,0.35,15,5,0.3333333333333333,23.706857609901007,0.00012942199828103185,0.03760607196672936,1
v0,BtNorthAmerica-r0,BtNorthAmerica,B0,5,40,14,0.35,15,5,0.3333333333333333,23.706857609901007,0.00012942199828103185,0.03760607196672936,1
v0,BtNorthAmerica-r0,BtNorthAmerica,B0,6,40,14,0.35,15,5,0.3333333333333333,23.706857609901007,0.00012942199828103185,0.03760607196672936,1
v0,BtNorthAmerica-r0,BtNorthAmerica,B0,7,40,14,0.35,15,5,0.3333333333333333,23.706857609901007,0.00012942199828103185,0.03760607196672936,1
v0,BtNorthAmerica-r0,BtNorthAmerica,B0,8,40,14,0.35,15,5,0.3333333333333333,23.706857609901007,0.00012942199828103185,0.03760607196672936,1
v0,BtNorthAmerica-r0,BtNorthAmerica,B0,9,40,14,0.35,15,5,0.3333333333333333,23.706857609901007,0.00012942199828103185,0.03760607196672936,1
v0,BtNorthAmerica-r0,BtNorthAmerica,B0,10,40,14,0.35,15,5,0.3333333333333333,23.706857609901007,0.00012942199828103185,0.03760607196672936,1
v0,BtNorthAmerica-r0,BtNorthAmerica,B0,11,40,14,0.35,15,5,0.3333333333333333,23.706857609901007,0.00012942199828103185,0.03760607196672936,1
v0,BtNorthAmerica-r0,BtNorthAmerica,B0,12,40,14,0.35,15,5,0.3333333333333333,23.706857609901007,0.00012942199828103185,0.03760607196672936,1
v0,BtNorthAmerica-r0,BtNorthAmerica,B0,13,40,14,0.35,15,5,0.3333333333333333,23.706857609901007,0.00012942199828103185,0.03760607196672936,1
v0,BtNorthAmerica-r0,BtNorthAmerica,B0,14,40,14,0.35,15,5,0.3333333333333333,23.706857609901007,0.00012942199828103185,0.03760607196672936,1
v0,BtNorthAmerica-r0,BtNorthAmerica,B0,15,40,14,0.35,15,5,0.3333333333333333,23.706857609901007,0.00012942199828103185,0.03760607196672936,1
v0,BtNorthAmerica-r0,BtNorthAmerica,B0,16,40,14,0.35,15,5,0.3333333333333333,23.706857609901007,0.00012942199828103185,0.03760607196672936,1
v0,BtNorthAmerica-r0,BtNorthAmerica,B0,17,40,14,0.35,15,5,0.3333333333333333,23.706857609901007,0.00012942199828103185,0.03760607196672936,1
v0,BtNorthAmerica-r0,BtNorthAmerica,B0,18,40,14,0.35,15,5,0.3333333333333333,23.706857609901007,0.00012942199828103185,0.03760607196672936,1
v0,BtNorthAmerica-r0,BtNorthAmerica,B0,19,40,14,0.35,15,5,0.3333333333333333,23.706857609901007,0.00012942199828103185,0.03760607196672936,1
v0,BtNorthAmerica-r0,BtNorthAmerica,B0,20,40,14,0.35,15,5,0.3333333333333333,23.706857609901007,0.00012942199828103185,0.03760607196672936,1
v0,BtNorthAmerica-r0,BtNorthAmerica,B0,21,40,14,0.35,15,5,0.3333333333333333,23.706857609901007,0.00012942199828103185,0.03760607196672936,1
v0,BtNorthAmerica-r0,BtNorthAmerica,B0,22,40,14,0.35,15,5,0.3333333333333333,23.706857609901007,0.00012942199828103185,0.03760607196672936,1
v0,BtNorthAmerica-r0,BtNorthAmerica,B0,23,40,14,0.35,15,5,0.3333333333333333,23.706857609901007,0.00012942199828103185,0.03760607196672936,1
v0,BtNorthAmerica-r0,BtNorthAmerica,B0,24,40,14,0.35,15,5,0.3333333333333333,23.706857609901007,0.00012942199828103185,0.03760607196672936,1
v0,BtNorthAmerica-r0,BtNorthAmerica,B0,25,40,14,0.35,15,5,0.3333333333333333,23.706857609901007,0.00012942199828103185,0.03760607196672936,1
v0,BtNorthAmerica-r0,BtNorthAmerica,B0,26,40,14,0.35,15,5,0.3333333333333333,23.706857609901007,0.00012942199828103185,0.03760607196672936,1
v0,BtNorthAmerica-r0,BtNorthAmerica,B0,27,40,14,0.35,15,5,0.3333333333333333,23.706857609901007,0.00012942199828103185,0.03760607196672936,1
v0,BtNorthAmerica-r0,BtNorthAmerica,B0,28,40,14,0.35,15,5,0.3333333333333333,23.706857609901007,0.00012942199828103185,0.03760607196672936,1
v0,BtNorthAmerica-r0,BtNorthAmerica,B0,29,40,14,0.35,15,5,0.3333333333333333,23.706857609901007,0.00012942199828103185,0.03760607196672936,1
v0,BtNorthAmerica-r0,BtNorthAmerica,B1,0,40,16,0.4,15,15,1.0,24.0,0.20259936799993739,0.031301951633213324,1
v0,BtNorthAmerica-r0,BtNorthAmerica,B1,1,40,16,0.4,15,15,1.0,24.0,0.20259936799993739,0.031301951633213324,1
v0,BtNorthAmerica-r0,BtNorthAmerica,B1,2,40,16,0.4,15,15,1.0,24.0,0.20259936799993739,0.031301951633213324,1
v0,BtNorthAmerica-r0,BtNorthAmerica,B1,3,40,15,0.375,15,15,1.0,24.03849184930943,0.20259936799993739,0.031301951633213324,1
v0,BtNorthAmerica-r0,BtNorthAmerica,B1,4,40,16,0.4,15,15,1.0,24.0,0.20259936799993739,0.031301951633213324,1
v0,BtNorthAmerica-r0,BtNorthAmerica,B1,5,40,16,0.4,15,15,1.0,24.0,0.20259936799993739,0.031301951633213324,1
v0,BtNorthAmerica-r0,BtNorthAmerica,B1,6,40,15,0.375,15,15,1.0,24.198966599256416,0.20259936799993739,0.031301951633213324,1
v0,BtNorthAmerica-r0,BtNorthAmerica,B1,7,40,15,0.375,15,15,1.0,24.36310148691616,0.20259936799993739,0.031301951633213324,1
v0,BtNorthAmerica-r0,BtNorthAmerica,B1,8,40,16,0.4,15,15,1.0,24.0,0.20259936799993739,0.031301951633213324,1
v0,BtNorthAmerica-r0,BtNorthAmerica,B1,9,40,16,0.4,15,15,1.0,24.0,0.20259936799993739,0.031301951633213324,1
v0,BtNorthAmerica-r0,BtNorthAmerica,B1,10,40,16,0.4,15,15,1.0,24.0,0.20259936799993739,0.031301951633213324,1
v0,BtNorthAmerica-r0,BtNorthAmerica,B1,11,40,16,0.4,15,15,1.0,24.0,0.20259936799993739,0.031301951633213324,1
v0,BtNorthAmerica-r0,BtNorthAmerica,B1,12,40,16,0.4,15,15,1.0,24.0,0.20259936799993739,0.031301951633213324,1
v0,BtNorthAmerica-r0,BtNorthAmerica,B1,13,40,16,0.4,15,15,1.0,24.0,0.20259936799993739,0.031301951633213324,1
v0,BtNorthAmerica-r0,BtNorthAmerica,B1,14,40,16,0.4,15,15,1.0,24.0,0.20259936799993739,0.031301951633213324,1
v0,BtNorthAmerica-r0,BtNorthAmerica,B1,15,40,15,0.375,15,15,1.0,24.761348000117415,0.20259936799993739,0.031301951633213324,1
v0,BtNorthAmerica-r0,BtNorthAmerica,B1,16,40,16,0.4,15,15,1.0,24.0,0.20259936799993739,0.031301951633213324,1
v0,BtNorthAmerica-r0,BtNorthAmerica,B1,17,40,16,0.4,15,15,1.0,24.0,0.20259936799993739,0.031301951633213324,1
v0,BtNorthAmerica-r0,BtNorthAmerica,B1,18,40,16,0.4,15,15,1.0,24.0,0.20259936799993739,0.031301951633213324,1
v0,BtNorthAmerica-r0,BtNorthAmerica,B1,19,40,16,0.4,15,15,1.0,24.0,0.20259936799993739,0.031301951633213324,1
v0,BtNorthAmerica-r0,BtNorthAmerica,B1,20,40,16,0.4,15,15,1.0,24.0,0.20259936799993739,0.031301951633213324,1
v0,BtNorthAmerica-r0,BtNorthAmerica,B1,21,40,16,0.4,15,15,1.0,24.0,0.20259936799993739,0.031301951633213324,1
v0,BtNorthAmerica-r0,BtNorthAmerica,B1,22,40,15,0.375,15,15,1.0,24.205938788395294,0.20259936799993739,0.031301951633213324,1
v0,BtNorthAmerica-r0,BtNorthAmerica,B1,23,40,16,0.4,15,15,1.0,24.0,0.20259936799993739,0.031301951633213324,1
v0,BtNorthAmerica-r0,BtNorthAmerica,B1,24,40,16,0.4,15,15,1.0,24.0,0.20259936799993739,0.031301951633213324,1
v0,BtNorthAmerica-r0,BtNorthAmerica,B1,25,40,16,0.4,15,15,1.0,24.0,0.20259936799993739,0.031301951633213324,1
v0,BtNorthAmerica-r0,BtNorthAmerica,B1,26,40,16,0.4,15,15,1.0,24.0,0.20259936799993739,0.031301951633213324,1
v0,BtNorthAmerica-r0,BtNorthAmerica,B1,27,40,16,0.4,15,15,1.0,24.0,0.20259936799993739,0.031301951633213324,1
v0,BtNorthAmerica-r0,BtNorthAmerica,B1,28,40,15,0.375,15,15,1.0,24.52909371843852,0.20259936799993739,0.031301951633213324,1
v0,BtNorthAmerica-r0,BtNorthAmerica,B1,29,40,16,0.4,15,15,1.0,24.0,0.20259936799993739,0.031301951633213324,1
v0,BtNorthAmerica-r1,BtNorthAmerica,B0,0,40,28,0.7,15,15,1.0,4.836945308843908,0.00010588599980110303,0.05007751116669776,1
v0,BtNorthAmerica-r1,BtNorthAmerica,B0,1,40,28,0.7,15,15,1.0,4.836945308843908,0.00010588599980110303,0.05007751116669776,1
v0,BtNorthAmerica-r1,BtNorthAmerica,B0,2,40,28,0.7,15,15,1.0,4.836945308843908,0.00010588599980110303,0.05007751116669776,1
v0,BtNorthAmerica-r1,BtNorthAmerica,B0,3,40,28,0.7,15,15,1.0,4.836945308843908,0.00010588599980110303,0.05007751116669776,1
v0,BtNorthAmerica-r1,BtNorthAmerica,B0,4,40,28,0.7,15,15,1.0,4.836945308843908,0.00010588599980110303,0.05007751116669776,1
v0,BtNorthAmerica-r1,BtNorthAmerica,B0,5,40,28,0.7,15,15,1.0,4.836945308843908,0.00010588599980110303,0.05007751116669776,1
v0,BtNorthAmerica-r1,BtNorthAmerica,B0,6,40,28,0.7,15,15,1.0,4.836945308843908,0.00010588599980110303,0.05007751116669776,1
v0,BtNorthAmerica-r1,BtNorthAmerica,B0,7,40,28,0.7,15,15,1.0,4.836945308843908,0.00010588599980110303,0.05007751116669776,1
v0,BtNorthAmerica-r1,BtNorthAmerica,B0,8,40,28,0.7,15,15,1.0,4.836945308843908,0.00010588599980110303,0.05007751116669776,1
v0,BtNorthAmerica-r1,BtNorthAmerica,B0,9,40,28,0.7,15,15,1.0,4.836945308843908,0.00010588599980110303,0.05007751116669776,1
v0,BtNorthAmerica-r1,BtNorthAmerica,B0,10,40,28,0.7,15,15,1.0,4.836945308843908,0.00010588599980110303,0.05007751116669776,1
v0,BtNorthAmerica-r1,BtNorthAmerica,B0,11,40,28,0.7,15,15,1.0,4.836945308843908,0.00010588599980110303,0.05007751116669776,1
v0,BtNorthAmerica-r1,BtNorthAmerica,B0,12,40,28,0.7,15,15,1.0,4.836945308843908,0.00010588599980110303,0.05007751116669776,1
v0,BtNorthAmerica-r1,BtNorthAmerica,B0,13,40,28,0.7,15,15,1.0,4.836945308843908,0.00010588599980110303,0.05007751116669776,1
v0,BtNorthAmerica-r1,BtNorthAmerica,B0,14,40,28,0.7,15,15,1.0,4.836945308843908,0.00010588599980110303,0.05007751116669776,1
v0,BtNorthAmerica-r1,BtNorthAmerica,B0,15,40,28,0.7,15,15,1.0,4.836945308843908,0.00010588599980110303,0.05007751116669776,1
v0,BtNorthAmerica-r1,BtNorthAmerica,B0,16,40,28,0.7,15,15,1.0,4.836945308843908,0.00010588599980110303,0.05007751116669776,1
v0,BtNorthAmerica-r1,BtNorthAmerica,B0,17,40,28,0.7,15,15,1.0,4.836945308843908,0.00010588599980110303,0.05007751116669776,1
v0,BtNorthAmerica-r1,BtNorthAmerica,B0,18,40,28,0.7,15,15,1.0,4.836945308843908,0.00010588599980110303,0.05007751116669776,1
v0,BtNorthAmerica-r1,BtNorthAmerica,B0,19,40,28,0.7,15,15,1.0,4.836945308843908,0.00010588599980110303,0.05007751116669776,1
v0,BtNorthAmerica-r1,BtNorthAmerica,B0,20,40,28,0.7,15,15,1.0,4.836945308843908,0.00010588599980110303,0.05007751116669776,1
v0,BtNorthAmerica-r1,BtNorthAmerica,B0,21,40,28,0.7,15,15,1.0,4.836945308843908,0.00010588599980110303,0.05007751116669776,1
v0,BtNorthAmerica-r1,BtNorthAmerica,B0,22,40,28,0.7,15,15,1.0,4.836945308843908,0.00010588599980110303,0.05007751116669776,1
v0,BtNorthAmerica-r1,BtNorthAmerica,B0,23,40,28,0.7,15,15,1.0,4.836945308843908,0.00010588599980110303,0.05007751116669776,1
v0,BtNorthAmerica-r1,BtNorthAmerica,B0,24,40,28,0.7,15,15,1.0,4.836945308843908,0.00010588599980110303,0.05007751116669776,1
v0,BtNorthAmerica-r1,BtNorthAmerica,B0,25,40,28,0.7,15,15,1.0,4.836945308843908,0.00010588599980110303,0.05007751116669776,1
v0,BtNorthAmerica-r1,BtNorthAmerica,B0,26,40,28,0.7,15,15,1.0,4.836945308843908,0.00010588599980110303,0.05007751116669776,1
v0,BtNorthAmerica-r1,BtNorthAmerica,B0,27,40,28,0.7,15,15,1.0,4.836945308843908,0.00010588599980110303,0.05007751116669776,1
v0,BtNorthAmerica-r1,BtNorthAmerica,B0,28,40,28,0.7,15,15,1.0,4.836945308843908,0.00010588599980110303,0.05007751116669776,1
v0,BtNorthAmerica-r1,BtNorthAmerica,B0,29,40,28,0.7,15,15,1.0,4.836945308843908,0.00010588599980110303,0.05007751116669776,1
v0,BtNorthAmerica-r1,BtNorthAmerica,B1,0,40,35,0.875,15,15,1.0,3.423520517179247,0.12464379599987296,0.051635901900105335,1
v0,BtNorthAmerica-r1,BtNorthAmerica,B1,1,40,36,0.9,15,15,1.0,2.236874945104976,0.12464379599987296,0.051635901900105335,1
v0,BtNorthAmerica-r1,BtNorthAmerica,B1,2,40,35,0.875,15,15,1.0,3.048236030557089,0.12464379599987296,0.051635901900105335,1
v0,BtNorthAmerica-r1,BtNorthAmerica,B1,3,40,36,0.9,15,15,1.0,2.735164060417445,0.12464379599987296,0.051635901900105335,1
v0,BtNorthAmerica-r1,BtNorthAmerica,B1,4,40,36,0.9,15,15,1.0,2.146784876331418,0.12464379599987296,0.051635901900105335,1
v0,BtNorthAmerica-r1,BtNorthAmerica,B1,5,40,36,0.9,15,15,1.0,2.11421527917363,0.12464379599987296,0.051635901900105335,1
v0,BtNorthAmerica-r1,BtNorthAmerica,B1,6,40,36,0.9,15,15,1.0,2.1199006726941363,0.12464379599987296,0.051635901900105335,1
v0,BtNorthAmerica-r1,BtNorthAmerica,B1,7,40,34,0.85,15,15,1.0,3.093745209076066,0.12464379599987296,0.051635901900105335,1
v0,BtNorthAmerica-r1,BtNorthAmerica,B1,8,40,36,0.9,15,15,1.0,2.520142571921698,0.12464379599987296,0.051635901900105335,1
v0,BtNorthAmerica-r1,BtNorthAmerica,B1,9,40,37,0.925,15,15,1.0,2.02589414980551,0.12464379599987296,0.051635901900105335,1
v0,BtNorthAmerica-r1,BtNorthAmerica,B1,10,40,36,0.9,15,15,1.0,2.28088134109338,0.12464379599987296,0.051635901900105335,1
v0,BtNorthAmerica-r1,BtNorthAmerica,B1,11,40,36,0.9,15,15,1.0,2.0324230901532774,0.12464379599987296,0.051635901900105335,1
v0,BtNorthAmerica-r1,BtNorthAmerica,B1,12,40,36,0.9,15,15,1.0,2.290975091816697,0.12464379599987296,0.051635901900105335,1
v0,BtNorthAmerica-r1,BtNorthAmerica,B1,13,40,36,0.9,15,15,1.0,2.141827559790291,0.12464379599987296,0.051635901900105335,1
v0,BtNorthAmerica-r1,BtNorthAmerica,B1,14,40,36,0.9,15,15,1.0,2.12026160725967,0.12464379599987296,0.051635901900105335,1
v0,BtNorthAmerica-r1,BtNorthAmerica,B1,15,40,37,0.925,15,15,1.0,2.0221579948962485,0.12464379599987296,0.051635901900105335,1
v0,BtNorthAmerica-r1,BtNorthAmerica,B1,16,40,34,0.85,15,15,1.0,3.7979299723112474,0.12464379599987296,0.051635901900105335,1
v0,BtNorthAmerica-r1,BtNorthAmerica,B1,17,40,36,0.9,15,15,1.0,2.1928201431812773,0.12464379599987296,0.051635901900105335,1
v0,BtNorthAmerica-r1,BtNorthAmerica,B1,18,40,34,0.85,15,15,1.0,4.091289625409369,0.12464379599987296,0.051635901900105335,1
v0,BtNorthAmerica-r1,BtNorthAmerica,B1,19,40,36,0.9,15,15,1.0,2.0734109540398595,0.12464379599987296,0.051635901900105335,1
v0,BtNorthAmerica-r1,BtNorthAmerica,B1,20,40,37,0.925,15,15,1.0,2.0221579948962485,0.12464379599987296,0.051635901900105335,1
v0,BtNorthAmerica-r1,BtNorthAmerica,B1,21,40,36,0.9,15,15,1.0,2.4201468294874036,0.12464379599987296,0.051635901900105335,1
v0,BtNorthAmerica-r1,BtNorthAmerica,B1,22,40,36,0.9,15,15,1.0,2.320067575847295,0.12464379599987296,0.051635901900105335,1
v0,BtNorthAmerica-r1,BtNorthAmerica,B1,23,40,37,0.925,15,15,1.0,2.0221579948962485,0.12464379599987296,0.051635901900105335,1
v0,BtNorthAmerica-r1,BtNorthAmerica,B1,24,40,36,0.9,15,15,1.0,2.9489675569316702,0.12464379599987296,0.051635901900105335,1
v0,BtNorthAmerica-r1,BtNorthAmerica,B1,25,40,36,0.9,15,15,1.0,2.092391733470821,0.12464379599987296,0.051635901900105335,1
v0,BtNorthAmerica-r1,BtNorthAmerica,B1,26,40,36,0.9,15,15,1.0,2.27597099108148,0.12464379599987296,0.051635901900105335,1
v0,BtNorthAmerica-r1,BtNorthAmerica,B1,27,40,37,0.925,15,15,1.0,2.0221579948962485,0.12464379599987296,0.051635901900105335,1
v0,BtNorthAmerica-r1,BtNorthAmerica,B1,28,40,37,0.925,15,15,1.0,2.0234033798660023,0.12464379599987296,0.051635901900105335,1
v0,BtNorthAmerica-r1,BtNorthAmerica,B1,29,40,36,0.9,15,15,1.0,2.2199841242707157,0.12464379599987296,0.051635901900105335,1
v0,BtNorthAmerica-r2,BtNorthAmerica,B0,0,40,14,0.35,15,5,0.3333333333333333,26.0,0.00011256799916736782,0.03567818079997475,1
v0,BtNorthAmerica-r2,BtNorthAmerica,B0,1,40,14,0.35,15,5,0.3333333333333333,26.0,0.00011256799916736782,0.03567818079997475,1
v0,BtNorthAmerica-r2,BtNorthAmerica,B0,2,40,14,0.35,15,5,0.3333333333333333,26.0,0.00011256799916736782,0.03567818079997475,1
v0,BtNorthAmerica-r2,BtNorthAmerica,B0,3,40,14,0.35,15,5,0.3333333333333333,26.0,0.00011256799916736782,0.03567818079997475,1
v0,BtNorthAmerica-r2,BtNorthAmerica,B0,4,40,14,0.35,15,5,0.3333333333333333,26.0,0.00011256799916736782,0.03567818079997475,1
v0,BtNorthAmerica-r2,BtNorthAmerica,B0,5,40,14,0.35,15,5,0.3333333333333333,26.0,0.00011256799916736782,0.03567818079997475,1
v0,BtNorthAmerica-r2,BtNorthAmerica,B0,6,40,14,0.35,15,5,0.3333333333333333,26.0,0.00011256799916736782,0.03567818079997475,1
v0,BtNorthAmerica-r2,BtNorthAmerica,B0,7,40,14,0.35,15,5,0.3333333333333333,26.0,0.00011256799916736782,0.03567818079997475,1
v0,BtNorthAmerica-r2,BtNorthAmerica,B0,8,40,14,0.35,15,5,0.3333333333333333,26.0,0.00011256799916736782,0.03567818079997475,1
v0,BtNorthAmerica-r2,BtNorthAmerica,B0,9,40,14,0.35,15,5,0.3333333333333333,26.0,0.00011256799916736782,0.03567818079997475,1
v0,BtNorthAmerica-r2,BtNorthAmerica,B0,10,40,14,0.35,15,5,0.3333333333333333,26.0,0.00011256799916736782,0.03567818079997475,1
v0,BtNorthAmerica-r2,BtNorthAmerica,B0,11,40,14,0.35,15,5,0.3333333333333333,26.0,0.00011256799916736782,0.03567818079997475,1
v0,BtNorthAmerica-r2,BtNorthAmerica,B0,12,40,14,0.35,15,5,0.3333333333333333,26.0,0.00011256799916736782,0.03567818079997475,1
v0,BtNorthAmerica-r2,BtNorthAmerica,B0,13,40,14,0.35,15,5,0.3333333333333333,26.0,0.00011256799916736782,0.03567818079997475,1
v0,BtNorthAmerica-r2,BtNorthAmerica,B0,14,40,14,0.35,15,5,0.3333333333333333,26.0,0.00011256799916736782,0.03567818079997475,1
v0,BtNorthAmerica-r2,BtNorthAmerica,B0,15,40,14,0.35,15,5,0.3333333333333333,26.0,0.00011256799916736782,0.03567818079997475,1
v0,BtNorthAmerica-r2,BtNorthAmerica,B0,16,40,14,0.35,15,5,0.3333333333333333,26.0,0.00011256799916736782,0.03567818079997475,1
v0,BtNorthAmerica-r2,BtNorthAmerica,B0,17,40,14,0.35,15,5,0.3333333333333333,26.0,0.00011256799916736782,0.03567818079997475,1
v0,BtNorthAmerica-r2,BtNorthAmerica,B0,18,40,14,0.35,15,5,0.3333333333333333,26.0,0.00011256799916736782,0.03567818079997475,1
v0,BtNorthAmerica-r2,BtNorthAmerica,B0,19,40,14,0.35,15,5,0.3333333333333333,26.0,0.00011256799916736782,0.03567818079997475,1
v0,BtNorthAmerica-r2,BtNorthAmerica,B0,20,40,14,0.35,15,5,0.3333333333333333,26.0,0.00011256799916736782,0.03567818079997475,1
v0,BtNorthAmerica-r2,BtNorthAmerica,B0,21,40,14,0.35,15,5,0.3333333333333333,26.0,0.00011256799916736782,0.03567818079997475,1
v0,BtNorthAmerica-r2,BtNorthAmerica,B0,22,40,14,0.35,15,5,0.3333333333333333,26.0,0.00011256799916736782,0.03567818079997475,1
v0,BtNorthAmerica-r2,BtNorthAmerica,B0,23,40,14,0.35,15,5,0.3333333333333333,26.0,0.00011256799916736782,0.03567818079997475,1
v0,BtNorthAmerica-r2,BtNorthAmerica,B0,24,40,14,0.35,15,5,0.3333333333333333,26.0,0.00011256799916736782,0.03567818079997475,1
v0,BtNorthAmerica-r2,BtNorthAmerica,B0,25,40,14,0.35,15,5,0.3333333333333333,26.0,0.00011256799916736782,0.03567818079997475,1
v0,BtNorthAmerica-r2,BtNorthAmerica,B0,26,40,14,0.35,15,5,0.3333333333333333,26.0,0.00011256799916736782,0.03567818079997475,1
v0,BtNorthAmerica-r2,BtNorthAmerica,B0,27,40,14,0.35,15,5,0.3333333333333333,26.0,0.00011256799916736782,0.03567818079997475,1
v0,BtNorthAmerica-r2,BtNorthAmerica,B0,28,40,14,0.35,15,5,0.3333333333333333,26.0,0.00011256799916736782,0.03567818079997475,1
v0,BtNorthAmerica-r2,BtNorthAmerica,B0,29,40,14,0.35,15,5,0.3333333333333333,26.0,0.00011256799916736782,0.03567818079997475,1
v0,BtNorthAmerica-r2,BtNorthAmerica,B1,0,40,14,0.35,15,15,1.0,26.0,0.2608520790017792,0.03581770906651703,1
v0,BtNorthAmerica-r2,BtNorthAmerica,B1,1,40,14,0.35,15,15,1.0,26.0,0.2608520790017792,0.03581770906651703,1
v0,BtNorthAmerica-r2,BtNorthAmerica,B1,2,40,14,0.35,15,15,1.0,26.0,0.2608520790017792,0.03581770906651703,1
v0,BtNorthAmerica-r2,BtNorthAmerica,B1,3,40,14,0.35,15,15,1.0,26.0,0.2608520790017792,0.03581770906651703,1
v0,BtNorthAmerica-r2,BtNorthAmerica,B1,4,40,14,0.35,15,15,1.0,26.0,0.2608520790017792,0.03581770906651703,1
v0,BtNorthAmerica-r2,BtNorthAmerica,B1,5,40,14,0.35,15,15,1.0,26.0,0.2608520790017792,0.03581770906651703,1
v0,BtNorthAmerica-r2,BtNorthAmerica,B1,6,40,14,0.35,15,15,1.0,26.0,0.2608520790017792,0.03581770906651703,1
v0,BtNorthAmerica-r2,BtNorthAmerica,B1,7,40,14,0.35,15,15,1.0,26.0,0.2608520790017792,0.03581770906651703,1
v0,BtNorthAmerica-r2,BtNorthAmerica,B1,8,40,14,0.35,15,15,1.0,26.0,0.2608520790017792,0.03581770906651703,1
v0,BtNorthAmerica-r2,BtNorthAmerica,B1,9,40,14,0.35,15,15,1.0,26.0,0.2608520790017792,0.03581770906651703,1
v0,BtNorthAmerica-r2,BtNorthAmerica,B1,10,40,14,0.35,15,15,1.0,26.0,0.2608520790017792,0.03581770906651703,1
v0,BtNorthAmerica-r2,BtNorthAmerica,B1,11,40,14,0.35,15,15,1.0,26.0,0.2608520790017792,0.03581770906651703,1
v0,BtNorthAmerica-r2,BtNorthAmerica,B1,12,40,14,0.35,15,15,1.0,26.0,0.2608520790017792,0.03581770906651703,1
v0,BtNorthAmerica-r2,BtNorthAmerica,B1,13,40,14,0.35,15,15,1.0,26.0,0.2608520790017792,0.03581770906651703,1
v0,BtNorthAmerica-r2,BtNorthAmerica,B1,14,40,14,0.35,15,15,1.0,26.0,0.2608520790017792,0.03581770906651703,1
v0,BtNorthAmerica-r2,BtNorthAmerica,B1,15,40,14,0.35,15,15,1.0,26.0,0.2608520790017792,0.03581770906651703,1
v0,BtNorthAmerica-r2,BtNorthAmerica,B1,16,40,14,0.35,15,15,1.0,26.0,0.2608520790017792,0.03581770906651703,1
v0,BtNorthAmerica-r2,BtNorthAmerica,B1,17,40,14,0.35,15,15,1.0,26.0,0.2608520790017792,0.03581770906651703,1
v0,BtNorthAmerica-r2,BtNorthAmerica,B1,18,40,14,0.35,15,15,1.0,26.0,0.2608520790017792,0.03581770906651703,1
v0,BtNorthAmerica-r2,BtNorthAmerica,B1,19,40,14,0.35,15,15,1.0,26.0,0.2608520790017792,0.03581770906651703,1
v0,BtNorthAmerica-r2,BtNorthAmerica,B1,20,40,14,0.35,15,15,1.0,26.0,0.2608520790017792,0.03581770906651703,1
v0,BtNorthAmerica-r2,BtNorthAmerica,B1,21,40,14,0.35,15,15,1.0,26.0,0.2608520790017792,0.03581770906651703,1
v0,BtNorthAmerica-r2,BtNorthAmerica,B1,22,40,14,0.35,15,15,1.0,26.0,0.2608520790017792,0.03581770906651703,1
v0,BtNorthAmerica-r2,BtNorthAmerica,B1,23,40,14,0.35,15,15,1.0,26.0,0.2608520790017792,0.03581770906651703,1
v0,BtNorthAmerica-r2,BtNorthAmerica,B1,24,40,14,0.35,15,15,1.0,26.0,0.2608520790017792,0.03581770906651703,1
v0,BtNorthAmerica-r2,BtNorthAmerica,B1,25,40,14,0.35,15,15,1.0,26.0,0.2608520790017792,0.03581770906651703,1
v0,BtNorthAmerica-r2,BtNorthAmerica,B1,26,40,14,0.35,15,15,1.0,26.0,0.2608520790017792,0.03581770906651703,1
v0,BtNorthAmerica-r2,BtNorthAmerica,B1,27,40,14,0.35,15,15,1.0,26.0,0.2608520790017792,0.03581770906651703,1
v0,BtNorthAmerica-r2,BtNorthAmerica,B1,28,40,14,0.35,15,15,1.0,26.0,0.2608520790017792,0.03581770906651703,1
v0,BtNorthAmerica-r2,BtNorthAmerica,B1,29,40,14,0.35,15,15,1.0,26.0,0.2608520790017792,0.03581770906651703,1
v0,Cesnet200603-r0,Cesnet200603,B0,0,40,18,0.45,15,6,0.4,22.0,0.00010122400271939114,0.03419798893325302,1
v0,Cesnet200603-r0,Cesnet200603,B0,1,40,18,0.45,15,6,0.4,22.0,0.00010122400271939114,0.03419798893325302,1
v0,Cesnet200603-r0,Cesnet200603,B0,2,40,18,0.45,15,6,0.4,22.0,0.00010122400271939114,0.03419798893325302,1
v0,Cesnet200603-r0,Cesnet200603,B0,3,40,18,0.45,15,6,0.4,22.0,0.00010122400271939114,0.03419798893325302,1
v0,Cesnet200603-r0,Cesnet200603,B0,4,40,18,0.45,15,6,0.4,22.0,0.00010122400271939114,0.03419798893325302,1
v0,Cesnet200603-r0,Cesnet200603,B0,5,40,18,0.45,15,6,0.4,22.0,0.00010122400271939114,0.03419798893325302,1
v0,Cesnet200603-r0,Cesnet200603,B0,6,40,18,0.45,15,6,0.4,22.0,0.00010122400271939114,0.03419798893325302,1
v0,Cesnet200603-r0,Cesnet200603,B0,7,40,18,0.45,15,6,0.4,22.0,0.00010122400271939114,0.03419798893325302,1
v0,Cesnet200603-r0,Cesnet200603,B0,8,40,18,0.45,15,6,0.4,22.0,0.00010122400271939114,0.03419798893325302,1
v0,Cesnet200603-r0,Cesnet200603,B0,9,40,18,0.45,15,6,0.4,22.0,0.00010122400271939114,0.03419798893325302,1
v0,Cesnet200603-r0,Cesnet200603,B0,10,40,18,0.45,15,6,0.4,22.0,0.00010122400271939114,0.03419798893325302,1
v0,Cesnet200603-r0,Cesnet200603,B0,11,40,18,0.45,15,6,0.4,22.0,0.00010122400271939114,0.03419798893325302,1
v0,Cesnet200603-r0,Cesnet200603,B0,12,40,18,0.45,15,6,0.4,22.0,0.00010122400271939114,0.03419798893325302,1
v0,Cesnet200603-r0,Cesnet200603,B0,13,40,18,0.45,15,6,0.4,22.0,0.00010122400271939114,0.03419798893325302,1
v0,Cesnet200603-r0,Cesnet200603,B0,14,40,18,0.45,15,6,0.4,22.0,0.00010122400271939114,0.03419798893325302,1
v0,Cesnet200603-r0,Cesnet200603,B0,15,40,18,0.45,15,6,0.4,22.0,0.00010122400271939114,0.03419798893325302,1
v0,Cesnet200603-r0,Cesnet200603,B0,16,40,18,0.45,15,6,0.4,22.0,0.00010122400271939114,0.03419798893325302,1
v0,Cesnet200603-r0,Cesnet200603,B0,17,40,18,0.45,15,6,0.4,22.0,0.00010122400271939114,0.03419798893325302,1
v0,Cesnet200603-r0,Cesnet200603,B0,18,40,18,0.45,15,6,0.4,22.0,0.00010122400271939114,0.03419798893325302,1
v0,Cesnet200603-r0,Cesnet200603,B0,19,40,18,0.45,15,6,0.4,22.0,0.00010122400271939114,0.03419798893325302,1
v0,Cesnet200603-r0,Cesnet200603,B0,20,40,18,0.45,15,6,0.4,22.0,0.00010122400271939114,0.03419798893325302,1
v0,Cesnet200603-r0,Cesnet200603,B0,21,40,18,0.45,15,6,0.4,22.0,0.00010122400271939114,0.03419798893325302,1
v0,Cesnet200603-r0,Cesnet200603,B0,22,40,18,0.45,15,6,0.4,22.0,0.00010122400271939114,0.03419798893325302,1
v0,Cesnet200603-r0,Cesnet200603,B0,23,40,18,0.45,15,6,0.4,22.0,0.00010122400271939114,0.03419798893325302,1
v0,Cesnet200603-r0,Cesnet200603,B0,24,40,18,0.45,15,6,0.4,22.0,0.00010122400271939114,0.03419798893325302,1
v0,Cesnet200603-r0,Cesnet200603,B0,25,40,18,0.45,15,6,0.4,22.0,0.00010122400271939114,0.03419798893325302,1
v0,Cesnet200603-r0,Cesnet200603,B0,26,40,18,0.45,15,6,0.4,22.0,0.00010122400271939114,0.03419798893325302,1
v0,Cesnet200603-r0,Cesnet200603,B0,27,40,18,0.45,15,6,0.4,22.0,0.00010122400271939114,0.03419798893325302,1
v0,Cesnet200603-r0,Cesnet200603,B0,28,40,18,0.45,15,6,0.4,22.0,0.00010122400271939114,0.03419798893325302,1
v0,Cesnet200603-r0,Cesnet200603,B0,29,40,18,0.45,15,6,0.4,22.0,0.00010122400271939114,0.03419798893325302,1
v0,Cesnet200603-r0,Cesnet200603,B1,0,40,19,0.475,15,15,1.0,21.0,0.28472674999648007,0.041162512833155536,1
v0,Cesnet200603-r0,Cesnet200603,B1,1,40,19,0.475,15,15,1.0,21.0,0.28472674999648007,0.041162512833155536,1
v0,Cesnet200603-r0,Cesnet200603,B1,2,40,19,0.475,15,15,1.0,21.0,0.28472674999648007,0.041162512833155536,1
v0,Cesnet200603-r0,Cesnet200603,B1,3,40,18,0.45,15,15,1.0,21.816983243455212,0.28472674999648007,0.041162512833155536,1
v0,Cesnet200603-r0,Cesnet200603,B1,4,40,19,0.475,15,15,1.0,21.0,0.28472674999648007,0.041162512833155536,1
v0,Cesnet200603-r0,Cesnet200603,B1,5,40,19,0.475,15,15,1.0,21.0,0.28472674999648007,0.041162512833155536,1
v0,Cesnet200603-r0,Cesnet200603,B1,6,40,19,0.475,15,15,1.0,21.0,0.28472674999648007,0.041162512833155536,1
v0,Cesnet200603-r0,Cesnet200603,B1,7,40,19,0.475,15,15,1.0,21.0,0.28472674999648007,0.041162512833155536,1
v0,Cesnet200603-r0,Cesnet200603,B1,8,40,19,0.475,15,15,1.0,21.0,0.28472674999648007,0.041162512833155536,1
v0,Cesnet200603-r0,Cesnet200603,B1,9,40,19,0.475,15,15,1.0,21.0,0.28472674999648007,0.041162512833155536,1
v0,Cesnet200603-r0,Cesnet200603,B1,10,40,19,0.475,15,15,1.0,21.0,0.28472674999648007,0.041162512833155536,1
v0,Cesnet200603-r0,Cesnet200603,B1,11,40,19,0.475,15,15,1.0,21.0,0.28472674999648007,0.041162512833155536,1
v0,Cesnet200603-r0,Cesnet200603,B1,12,40,19,0.475,15,15,1.0,21.0,0.28472674999648007,0.041162512833155536,1
v0,Cesnet200603-r0,Cesnet200603,B1,13,40,19,0.475,15,15,1.0,21.0,0.28472674999648007,0.041162512833155536,1
v0,Cesnet200603-r0,Cesnet200603,B1,14,40,19,0.475,15,15,1.0,21.0,0.28472674999648007,0.041162512833155536,1
v0,Cesnet200603-r0,Cesnet200603,B1,15,40,19,0.475,15,15,1.0,21.0,0.28472674999648007,0.041162512833155536,1
v0,Cesnet200603-r0,Cesnet200603,B1,16,40,19,0.475,15,15,1.0,21.0,0.28472674999648007,0.041162512833155536,1
v0,Cesnet200603-r0,Cesnet200603,B1,17,40,19,0.475,15,15,1.0,21.0,0.28472674999648007,0.041162512833155536,1
v0,Cesnet200603-r0,Cesnet200603,B1,18,40,19,0.475,15,15,1.0,21.0,0.28472674999648007,0.041162512833155536,1
v0,Cesnet200603-r0,Cesnet200603,B1,19,40,19,0.475,15,15,1.0,21.0,0.28472674999648007,0.041162512833155536,1
v0,Cesnet200603-r0,Cesnet200603,B1,20,40,19,0.475,15,15,1.0,21.0,0.28472674999648007,0.041162512833155536,1
v0,Cesnet200603-r0,Cesnet200603,B1,21,40,19,0.475,15,15,1.0,21.0,0.28472674999648007,0.041162512833155536,1
v0,Cesnet200603-r0,Cesnet200603,B1,22,40,19,0.475,15,15,1.0,21.0,0.28472674999648007,0.041162512833155536,1
v0,Cesnet200603-r0,Cesnet200603,B1,23,40,19,0.475,15,15,1.0,21.0,0.28472674999648007,0.041162512833155536,1
v0,Cesnet200603-r0,Cesnet200603,B1,24,40,19,0.475,15,15,1.0,21.0,0.28472674999648007,0.041162512833155536,1
v0,Cesnet200603-r0,Cesnet200603,B1,25,40,19,0.475,15,15,1.0,21.0,0.28472674999648007,0.041162512833155536,1
v0,Cesnet200603-r0,Cesnet200603,B1,26,40,19,0.475,15,15,1.0,21.0,0.28472674999648007,0.041162512833155536,1
v0,Cesnet200603-r0,Cesnet200603,B1,27,40,19,0.475,15,15,1.0,21.0,0.28472674999648007,0.041162512833155536,1
v0,Cesnet200603-r0,Cesnet200603,B1,28,40,19,0.475,15,15,1.0,21.0,0.28472674999648007,0.041162512833155536,1
v0,Cesnet200603-r0,Cesnet200603,B1,29,40,19,0.475,15,15,1.0,21.0,0.28472674999648007,0.041162512833155536,1
v0,Cesnet200603-r1,Cesnet200603,B0,0,40,20,0.5,15,10,0.6666666666666666,18.834682308074044,0.00013931500143371522,0.04279417283347963,1
v0,Cesnet200603-r1,Cesnet200603,B0,1,40,20,0.5,15,10,0.6666666666666666,18.834682308074044,0.00013931500143371522,0.04279417283347963,1
v0,Cesnet200603-r1,Cesnet200603,B0,2,40,20,0.5,15,10,0.6666666666666666,18.834682308074044,0.00013931500143371522,0.04279417283347963,1
v0,Cesnet200603-r1,Cesnet200603,B0,3,40,20,0.5,15,10,0.6666666666666666,18.834682308074044,0.00013931500143371522,0.04279417283347963,1
v0,Cesnet200603-r1,Cesnet200603,B0,4,40,20,0.5,15,10,0.6666666666666666,18.834682308074044,0.00013931500143371522,0.04279417283347963,1
v0,Cesnet200603-r1,Cesnet200603,B0,5,40,20,0.5,15,10,0.6666666666666666,18.834682308074044,0.00013931500143371522,0.04279417283347963,1
v0,Cesnet200603-r1,Cesnet200603,B0,6,40,20,0.5,15,10,0.6666666666666666,18.834682308074044,0.00013931500143371522,0.04279417283347963,1
v0,Cesnet200603-r1,Cesnet200603,B0,7,40,20,0.5,15,10,0.6666666666666666,18.834682308074044,0.00013931500143371522,0.04279417283347963,1
v0,Cesnet200603-r1,Cesnet200603,B0,8,40,20,0.5,15,10,0.6666666666666666,18.834682308074044,0.00013931500143371522,0.04279417283347963,1
v0,Cesnet200603-r1,Cesnet200603,B0,9,40,20,0.5,15,10,0.6666666666666666,18.834682308074044,0.00013931500143371522,0.04279417283347963,1
v0,Cesnet200603-r1,Cesnet200603,B0,10,40,20,0.5,15,10,0.6666666666666666,18.834682308074044,0.00013931500143371522,0.04279417283347963,1
v0,Cesnet200603-r1,Cesnet200603,B0,11,40,20,0.5,15,10,0.6666666666666666,18.834682308074044,0.00013931500143371522,0.04279417283347963,1
v0,Cesnet200603-r1,Cesnet200603,B0,12,40,20,0.5,15,10,0.6666666666666666,18.834682308074044,0.00013931500143371522,0.04279417283347963,1
v0,Cesnet200603-r1,Cesnet200603,B0,13,40,20,0.5,15,10,0.6666666666666666,18.834682308074044,0.00013931500143371522,0.04279417283347963,1
v0,Cesnet200603-r1,Cesnet200603,B0,14,40,20,0.5,15,10,0.6666666666666666,18.834682308074044,0.00013931500143371522,0.04279417283347963,1
v0,Cesnet200603-r1,Cesnet200603,B0,15,40,20,0.5,15,10,0.6666666666666666,18.834682308074044,0.00013931500143371522,0.04279417283347963,1
v0,Cesnet200603-r1,Cesnet200603,B0,16,40,20,0.5,15,10,0.6666666666666666,18.834682308074044,0.00013931500143371522,0.04279417283347963,1
v0,Cesnet200603-r1,Cesnet200603,B0,17,40,20,0.5,15,10,0.6666666666666666,18.834682308074044,0.00013931500143371522,0.04279417283347963,1
v0,Cesnet200603-r1,Cesnet200603,B0,18,40,20,0.5,15,10,0.6666666666666666,18.834682308074044,0.00013931500143371522,0.04279417283347963,1
v0,Cesnet200603-r1,Cesnet200603,B0,19,40,20,0.5,15,10,0.6666666666666666,18.834682308074044,0.00013931500143371522,0.04279417283347963,1
v0,Cesnet200603-r1,Cesnet200603,B0,20,40,20,0.5,15,10,0.6666666666666666,18.834682308074044,0.00013931500143371522,0.04279417283347963,1
v0,Cesnet200603-r1,Cesnet200603,B0,21,40,20,0.5,15,10,0.6666666666666666,18.834682308074044,0.00013931500143371522,0.04279417283347963,1
v0,Cesnet200603-r1,Cesnet200603,B0,22,40,20,0.5,15,10,0.6666666666666666,18.834682308074044,0.00013931500143371522,0.04279417283347963,1
v0,Cesnet200603-r1,Cesnet200603,B0,23,40,20,0.5,15,10,0.6666666666666666,18.834682308074044,0.00013931500143371522,0.04279417283347963,1
v0,Cesnet200603-r1,Cesnet200603,B0,24,40,20,0.5,15,10,0.6666666666666666,18.834682308074044,0.00013931500143371522,0.04279417283347963,1
v0,Cesnet200603-r1,Cesnet200603,B0,25,40,20,0.5,15,10,0.6666666666666666,18.834682308074044,0.00013931500143371522,0.04279417283347963,1
v0,Cesnet200603-r1,Cesnet200603,B0,26,40,20,0.5,15,10,0.6666666666666666,18.834682308074044,0.00013931500143371522,0.04279417283347963,1
v0,Cesnet200603-r1,Cesnet200603,B0,27,40,20,0.5,15,10,0.6666666666666666,18.834682308074044,0.00013931500143371522,0.04279417283347963,1
v0,Cesnet200603-r1,Cesnet200603,B0,28,40,20,0.5,15,10,0.6666666666666666,18.834682308074044,0.00013931500143371522,0.04279417283347963,1
v0,Cesnet200603-r1,Cesnet200603,B0,29,40,20,0.5,15,10,0.6666666666666666,18.834682308074044,0.00013931500143371522,0.04279417283347963,1
v0,Cesnet200603-r1,Cesnet200603,B1,0,40,21,0.525,15,15,1.0,17.256187352584224,0.2975151810023817,0.05957773930009959,1
v0,Cesnet200603-r1,Cesnet200603,B1,1,40,22,0.55,15,15,1.0,16.903052391244646,0.2975151810023817,0.05957773930009959,1
v0,Cesnet200603-r1,Cesnet200603,B1,2,40,22,0.55,15,15,1.0,17.07741173531359,0.2975151810023817,0.05957773930009959,1
v0,Cesnet200603-r1,Cesnet200603,B1,3,40,23,0.575,15,15,1.0,16.799447158587107,0.2975151810023817,0.05957773930009959,1
v0,Cesnet200603-r1,Cesnet200603,B1,4,40,21,0.525,15,15,1.0,17.510938400233652,0.2975151810023817,0.05957773930009959,1
v0,Cesnet200603-r1,Cesnet200603,B1,5,40,23,0.575,15,15,1.0,16.35816913439215,0.2975151810023817,0.05957773930009959,1
v0,Cesnet200603-r1,Cesnet200603,B1,6,40,22,0.55,15,15,1.0,17.219258651156082,0.2975151810023817,0.05957773930009959,1
v0,Cesnet200603-r1,Cesnet200603,B1,7,40,23,0.575,15,15,1.0,16.043388683066713,0.2975151810023817,0.05957773930009959,1
v0,Cesnet200603-r1,Cesnet200603,B1,8,40,24,0.6,15,15,1.0,16.0,0.2975151810023817,0.05957773930009959,1
v0,Cesnet200603-r1,Cesnet200603,B1,9,40,24,0.6,15,15,1.0,16.0,0.2975151810023817,0.05957773930009959,1
v0,Cesnet200603-r1,Cesnet200603,B1,10,40,23,0.575,15,15,1.0,16.46138609445758,0.2975151810023817,0.05957773930009959,1
v0,Cesnet200603-r1,Cesnet200603,B1,11,40,24,0.6,15,15,1.0,16.000000000000004,0.2975151810023817,0.05957773930009959,1
v0,Cesnet200603-r1,Cesnet200603,B1,12,40,23,0.575,15,15,1.0,16.997763282044108,0.2975151810023817,0.05957773930009959,1
v0,Cesnet200603-r1,Cesnet200603,B1,13,40,23,0.575,15,15,1.0,16.146943724993257,0.2975151810023817,0.05957773930009959,1
v0,Cesnet200603-r1,Cesnet200603,B1,14,40,23,0.575,15,15,1.0,16.78121294570999,0.2975151810023817,0.05957773930009959,1
v0,Cesnet200603-r1,Cesnet200603,B1,15,40,24,0.6,15,15,1.0,16.0,0.2975151810023817,0.05957773930009959,1
v0,Cesnet200603-r1,Cesnet200603,B1,16,40,24,0.6,15,15,1.0,16.0,0.2975151810023817,0.05957773930009959,1
v0,Cesnet200603-r1,Cesnet200603,B1,17,40,23,0.575,15,15,1.0,16.232430586475637,0.2975151810023817,0.05957773930009959,1
v0,Cesnet200603-r1,Cesnet200603,B1,18,40,24,0.6,15,15,1.0,16.0,0.2975151810023817,0.05957773930009959,1
v0,Cesnet200603-r1,Cesnet200603,B1,19,40,21,0.525,15,15,1.0,16.773234294453097,0.2975151810023817,0.05957773930009959,1
v0,Cesnet200603-r1,Cesnet200603,B1,20,40,22,0.55,15,15,1.0,16.3088267832803,0.2975151810023817,0.05957773930009959,1
v0,Cesnet200603-r1,Cesnet200603,B1,21,40,22,0.55,15,15,1.0,17.566704155910454,0.2975151810023817,0.05957773930009959,1
v0,Cesnet200603-r1,Cesnet200603,B1,22,40,24,0.6,15,15,1.0,16.0,0.2975151810023817,0.05957773930009959,1
v0,Cesnet200603-r1,Cesnet200603,B1,23,40,24,0.6,15,15,1.0,16.0,0.2975151810023817,0.05957773930009959,1
v0,Cesnet200603-r1,Cesnet200603,B1,24,40,24,0.6,15,15,1.0,16.0,0.2975151810023817,0.05957773930009959,1
v0,Cesnet200603-r1,Cesnet200603,B1,25,40,24,0.6,15,15,1.0,16.0,0.2975151810023817,0.05957773930009959,1
v0,Cesnet200603-r1,Cesnet200603,B1,26,40,22,0.55,15,15,1.0,16.931283250400185,0.2975151810023817,0.05957773930009959,1
v0,Cesnet200603-r1,Cesnet200603,B1,27,40,22,0.55,15,15,1.0,17.529249586222303,0.2975151810023817,0.05957773930009959,1
v0,Cesnet200603-r1,Cesnet200603,B1,28,40,22,0.55,15,15,1.0,17.47799186916631,0.2975151810023817,0.05957773930009959,1
v0,Cesnet200603-r1,Cesnet200603,B1,29,40,24,0.6,15,15,1.0,16.0,0.2975151810023817,0.05957773930009959,1
v0,Cesnet200603-r2,Cesnet200603,B0,0,40,19,0.475,15,10,0.6666666666666666,19.850037090435627,0.00011928599997190759,0.04069923090016043,1
v0,Cesnet200603-r2,Cesnet200603,B0,1,40,19,0.475,15,10,0.6666666666666666,19.850037090435627,0.00011928599997190759,0.04069923090016043,1
v0,Cesnet200603-r2,Cesnet200603,B0,2,40,19,0.475,15,10,0.6666666666666666,19.850037090435627,0.00011928599997190759,0.04069923090016043,1
v0,Cesnet200603-r2,Cesnet200603,B0,3,40,19,0.475,15,10,0.6666666666666666,19.850037090435627,0.00011928599997190759,0.04069923090016043,1
v0,Cesnet200603-r2,Cesnet200603,B0,4,40,19,0.475,15,10,0.6666666666666666,19.850037090435627,0.00011928599997190759,0.04069923090016043,1
v0,Cesnet200603-r2,Cesnet200603,B0,5,40,19,0.475,15,10,0.6666666666666666,19.850037090435627,0.00011928599997190759,0.04069923090016043,1
v0,Cesnet200603-r2,Cesnet200603,B0,6,40,19,0.475,15,10,0.6666666666666666,19.850037090435627,0.00011928599997190759,0.04069923090016043,1
v0,Cesnet200603-r2,Cesnet200603,B0,7,40,19,0.475,15,10,0.6666666666666666,19.850037090435627,0.00011928599997190759,0.04069923090016043,1
v0,Cesnet200603-r2,Cesnet200603,B0,8,40,19,0.475,15,10,0.6666666666666666,19.850037090435627,0.00011928599997190759,0.04069923090016043,1
v0,Cesnet200603-r2,Cesnet200603,B0,9,40,19,0.475,15,10,0.6666666666666666,19.850037090435627,0.00011928599997190759,0.04069923090016043,1
v0,Cesnet200603-r2,Cesnet200603,B0,10,40,19,0.475,15,10,0.6666666666666666,19.850037090435627,0.00011928599997190759,0.04069923090016043,1
v0,Cesnet200603-r2,Cesnet200603,B0,11,40,19,0.475,15,10,0.6666666666666666,19.850037090435627,0.00011928599997190759,0.04069923090016043,1
v0,Cesnet200603-r2,Cesnet200603,B0,12,40,19,0.475,15,10,0.6666666666666666,19.850037090435627,0.00011928599997190759,0.04069923090016043,1
v0,Cesnet200603-r2,Cesnet200603,B0,13,40,19,0.475,15,10,0.6666666666666666,19.850037090435627,0.00011928599997190759,0.04069923090016043,1
v0,Cesnet200603-r2,Cesnet200603,B0,14,40,19,0.475,15,10,0.6666666666666666,19.850037090435627,0.00011928599997190759,0.04069923090016043,1
v0,Cesnet200603-r2,Cesnet200603,B0,15,40,19,0.475,15,10,0.6666666666666666,19.850037090435627,0.00011928599997190759,0.04069923090016043,1
v0,Cesnet200603-r2,Cesnet200603,B0,16,40,19,0.475,15,10,0.6666666666666666,19.850037090435627,0.00011928599997190759,0.04069923090016043,1
v0,Cesnet200603-r2,Cesnet200603,B0,17,40,19,0.475,15,10,0.6666666666666666,19.850037090435627,0.00011928599997190759,0.04069923090016043,1
v0,Cesnet200603-r2,Cesnet200603,B0,18,40,19,0.475,15,10,0.6666666666666666,19.850037090435627,0.00011928599997190759,0.04069923090016043,1
v0,Cesnet200603-r2,Cesnet200603,B0,19,40,19,0.475,15,10,0.6666666666666666,19.850037090435627,0.00011928599997190759,0.04069923090016043,1
v0,Cesnet200603-r2,Cesnet200603,B0,20,40,19,0.475,15,10,0.6666666666666666,19.850037090435627,0.00011928599997190759,0.04069923090016043,1
v0,Cesnet200603-r2,Cesnet200603,B0,21,40,19,0.475,15,10,0.6666666666666666,19.850037090435627,0.00011928599997190759,0.04069923090016043,1
v0,Cesnet200603-r2,Cesnet200603,B0,22,40,19,0.475,15,10,0.6666666666666666,19.850037090435627,0.00011928599997190759,0.04069923090016043,1
v0,Cesnet200603-r2,Cesnet200603,B0,23,40,19,0.475,15,10,0.6666666666666666,19.850037090435627,0.00011928599997190759,0.04069923090016043,1
v0,Cesnet200603-r2,Cesnet200603,B0,24,40,19,0.475,15,10,0.6666666666666666,19.850037090435627,0.00011928599997190759,0.04069923090016043,1
v0,Cesnet200603-r2,Cesnet200603,B0,25,40,19,0.475,15,10,0.6666666666666666,19.850037090435627,0.00011928599997190759,0.04069923090016043,1
v0,Cesnet200603-r2,Cesnet200603,B0,26,40,19,0.475,15,10,0.6666666666666666,19.850037090435627,0.00011928599997190759,0.04069923090016043,1
v0,Cesnet200603-r2,Cesnet200603,B0,27,40,19,0.475,15,10,0.6666666666666666,19.850037090435627,0.00011928599997190759,0.04069923090016043,1
v0,Cesnet200603-r2,Cesnet200603,B0,28,40,19,0.475,15,10,0.6666666666666666,19.850037090435627,0.00011928599997190759,0.04069923090016043,1
v0,Cesnet200603-r2,Cesnet200603,B0,29,40,19,0.475,15,10,0.6666666666666666,19.850037090435627,0.00011928599997190759,0.04069923090016043,1
v0,Cesnet200603-r2,Cesnet200603,B1,0,40,19,0.475,15,15,1.0,21.0,0.17171393600438023,0.03287439326668391,1
v0,Cesnet200603-r2,Cesnet200603,B1,1,40,19,0.475,15,15,1.0,21.0,0.17171393600438023,0.03287439326668391,1
v0,Cesnet200603-r2,Cesnet200603,B1,2,40,18,0.45,15,15,1.0,21.061825059915904,0.17171393600438023,0.03287439326668391,1
v0,Cesnet200603-r2,Cesnet200603,B1,3,40,19,0.475,15,15,1.0,21.0,0.17171393600438023,0.03287439326668391,1
v0,Cesnet200603-r2,Cesnet200603,B1,4,40,19,0.475,15,15,1.0,21.0,0.17171393600438023,0.03287439326668391,1
v0,Cesnet200603-r2,Cesnet200603,B1,5,40,19,0.475,15,15,1.0,21.0,0.17171393600438023,0.03287439326668391,1
v0,Cesnet200603-r2,Cesnet200603,B1,6,40,19,0.475,15,15,1.0,21.0,0.17171393600438023,0.03287439326668391,1
v0,Cesnet200603-r2,Cesnet200603,B1,7,40,19,0.475,15,15,1.0,21.0,0.17171393600438023,0.03287439326668391,1
v0,Cesnet200603-r2,Cesnet200603,B1,8,40,19,0.475,15,15,1.0,21.0,0.17171393600438023,0.03287439326668391,1
v0,Cesnet200603-r2,Cesnet200603,B1,9,40,19,0.475,15,15,1.0,21.0,0.17171393600438023,0.03287439326668391,1
v0,Cesnet200603-r2,Cesnet200603,B1,10,40,19,0.475,15,15,1.0,21.0,0.17171393600438023,0.03287439326668391,1
v0,Cesnet200603-r2,Cesnet200603,B1,11,40,19,0.475,15,15,1.0,21.0,0.17171393600438023,0.03287439326668391,1
v0,Cesnet200603-r2,Cesnet200603,B1,12,40,19,0.475,15,15,1.0,21.0,0.17171393600438023,0.03287439326668391,1
v0,Cesnet200603-r2,Cesnet200603,B1,13,40,19,0.475,15,15,1.0,21.0,0.17171393600438023,0.03287439326668391,1
v0,Cesnet200603-r2,Cesnet200603,B1,14,40,19,0.475,15,15,1.0,21.0,0.17171393600438023,0.03287439326668391,1
v0,Cesnet200603-r2,Cesnet200603,B1,15,40,19,0.475,15,15,1.0,21.0,0.17171393600438023,0.03287439326668391,1
v0,Cesnet200603-r2,Cesnet200603,B1,16,40,19,0.475,15,15,1.0,21.0,0.17171393600438023,0.03287439326668391,1
v0,Cesnet200603-r2,Cesnet200603,B1,17,40,19,0.475,15,15,1.0,21.0,0.17171393600438023,0.03287439326668391,1
v0,Cesnet200603-r2,Cesnet200603,B1,18,40,19,0.475,15,15,1.0,21.0,0.17171393600438023,0.03287439326668391,1
v0,Cesnet200603-r2,Cesnet200603,B1,19,40,19,0.475,15,15,1.0,21.0,0.17171393600438023,0.03287439326668391,1
v0,Cesnet200603-r2,Cesnet200603,B1,20,40,19,0.475,15,15,1.0,21.0,0.17171393600438023,0.03287439326668391,1
v0,Cesnet200603-r2,Cesnet200603,B1,21,40,19,0.475,15,15,1.0,21.0,0.17171393600438023,0.03287439326668391,1
v0,Cesnet200603-r2,Cesnet200603,B1,22,40,19,0.475,15,15,1.0,21.0,0.17171393600438023,0.03287439326668391,1
v0,Cesnet200603-r2,Cesnet200603,B1,23,40,19,0.475,15,15,1.0,21.0,0.17171393600438023,0.03287439326668391,1
v0,Cesnet200603-r2,Cesnet200603,B1,24,40,19,0.475,15,15,1.0,21.0,0.17171393600438023,0.03287439326668391,1
v0,Cesnet200603-r2,Cesnet200603,B1,25,40,19,0.475,15,15,1.0,21.0,0.17171393600438023,0.03287439326668391,1
v0,Cesnet200603-r2,Cesnet200603,B1,26,40,19,0.475,15,15,1.0,21.0,0.17171393600438023,0.03287439326668391,1
v0,Cesnet200603-r2,Cesnet200603,B1,27,40,19,0.475,15,15,1.0,21.0,0.17171393600438023,0.03287439326668391,1
v0,Cesnet200603-r2,Cesnet200603,B1,28,40,19,0.475,15,15,1.0,21.0,0.17171393600438023,0.03287439326668391,1
v0,Cesnet200603-r2,Cesnet200603,B1,29,40,19,0.475,15,15,1.0,21.0,0.17171393600438023,0.03287439326668391,1
v0,Digex-r0,Digex,B0,0,40,16,0.4,15,8,0.5333333333333333,21.9591670011856,0.00013039400073466823,0.06457652896666938,1
v0,Digex-r0,Digex,B0,1,40,16,0.4,15,8,0.5333333333333333,21.9591670011856,0.00013039400073466823,0.06457652896666938,1
v0,Digex-r0,Digex,B0,2,40,16,0.4,15,8,0.5333333333333333,21.9591670011856,0.00013039400073466823,0.06457652896666938,1
v0,Digex-r0,Digex,B0,3,40,16,0.4,15,8,0.5333333333333333,21.9591670011856,0.00013039400073466823,0.06457652896666938,1
v0,Digex-r0,Digex,B0,4,40,16,0.4,15,8,0.5333333333333333,21.9591670011856,0.00013039400073466823,0.06457652896666938,1
v0,Digex-r0,Digex,B0,5,40,16,0.4,15,8,0.5333333333333333,21.9591670011856,0.00013039400073466823,0.06457652896666938,1
v0,Digex-r0,Digex,B0,6,40,16,0.4,15,8,0.5333333333333333,21.9591670011856,0.00013039400073466823,0.06457652896666938,1
v0,Digex-r0,Digex,B0,7,40,16,0.4,15,8,0.5333333333333333,21.9591670011856,0.00013039400073466823,0.06457652896666938,1
v0,Digex-r0,Digex,B0,8,40,16,0.4,15,8,0.5333333333333333,21.9591670011856,0.00013039400073466823,0.06457652896666938,1
v0,Digex-r0,Digex,B0,9,40,16,0.4,15,8,0.5333333333333333,21.9591670011856,0.00013039400073466823,0.06457652896666938,1
v0,Digex-r0,Digex,B0,10,40,16,0.4,15,8,0.5333333333333333,21.9591670011856,0.00013039400073466823,0.06457652896666938,1
v0,Digex-r0,Digex,B0,11,40,16,0.4,15,8,0.5333333333333333,21.9591670011856,0.00013039400073466823,0.06457652896666938,1
v0,Digex-r0,Digex,B0,12,40,16,0.4,15,8,0.5333333333333333,21.9591670011856,0.00013039400073466823,0.06457652896666938,1
v0,Digex-r0,Digex,B0,13,40,16,0.4,15,8,0.5333333333333333,21.9591670011856,0.00013039400073466823,0.06457652896666938,1
v0,Digex-r0,Digex,B0,14,40,16,0.4,15,8,0.5333333333333333,21.9591670011856,0.00013039400073466823,0.06457652896666938,1
v0,Digex-r0,Digex,B0,15,40,16,0.4,15,8,0.5333333333333333,21.9591670011856,0.00013039400073466823,0.06457652896666938,1
v0,Digex-r0,Digex,B0,16,40,16,0.4,15,8,0.5333333333333333,21.9591670011856,0.00013039400073466823,0.06457652896666938,1
v0,Digex-r0,Digex,B0,17,40,16,0.4,15,8,0.5333333333333333,21.9591670011856,0.00013039400073466823,0.06457652896666938,1
v0,Digex-r0,Digex,B0,18,40,16,0.4,15,8,0.5333333333333333,21.9591670011856,0.00013039400073466823,0.06457652896666938,1
v0,Digex-r0,Digex,B0,19,40,16,0.4,15,8,0.5333333333333333,21.9591670011856,0.00013039400073466823,0.06457652896666938,1
v0,Digex-r0,Digex,B0,20,40,16,0.4,15,8,0.5333333333333333,21.9591670011856,0.00013039400073466823,0.06457652896666938,1
v0,Digex-r0,Digex,B0,21,40,16,0.4,15,8,0.5333333333333333,21.9591670011856,0.00013039400073466823,0.06457652896666938,1
v0,Digex-r0,Digex,B0,22,40,16,0.4,15,8,0.5333333333333333,21.9591670011856,0.00013039400073466823,0.06457652896666938,1
v0,Digex-r0,Digex,B0,23,40,16,0.4,15,8,0.5333333333333333,21.9591670011856,0.00013039400073466823,0.06457652896666938,1
v0,Digex-r0,Digex,B0,24,40,16,0.4,15,8,0.5333333333333333,21.9591670011856,0.00013039400073466823,0.06457652896666938,1
v0,Digex-r0,Digex,B0,25,40,16,0.4,15,8,0.5333333333333333,21.9591670011856,0.00013039400073466823,0.06457652896666938,1
v0,Digex-r0,Digex,B0,26,40,16,0.4,15,8,0.5333333333333333,21.9591670011856,0.00013039400073466823,0.06457652896666938,1
v0,Digex-r0,Digex,B0,27,40,16,0.4,15,8,0.5333333333333333,21.9591670011856,0.00013039400073466823,0.06457652896666938,1
v0,Digex-r0,Digex,B0,28,40,16,0.4,15,8,0.5333333333333333,21.9591670011856,0.00013039400073466823,0.06457652896666938,1
v0,Digex-r0,Digex,B0,29,40,16,0.4,15,8,0.5333333333333333,21.9591670011856,0.00013039400073466823,0.06457652896666938,1
v0,Digex-r0,Digex,B1,0,40,14,0.35,15,15,1.0,24.442656362778088,0.2607602440039045,0.05978297586674065,1
v0,Digex-r0,Digex,B1,1,40,17,0.425,15,15,1.0,20.740674069822983,0.2607602440039045,0.05978297586674065,1
v0,Digex-r0,Digex,B1,2,40,18,0.45,15,15,1.0,21.99082122227818,0.2607602440039045,0.05978297586674065,1
v0,Digex-r0,Digex,B1,3,40,19,0.475,15,15,1.0,20.58979404702685,0.2607602440039045,0.05978297586674065,1
v0,Digex-r0,Digex,B1,4,40,20,0.5,15,15,1.0,20.000000000000004,0.2607602440039045,0.05978297586674065,1
v0,Digex-r0,Digex,B1,5,40,18,0.45,15,15,1.0,20.230790245433433,0.2607602440039045,0.05978297586674065,1
v0,Digex-r0,Digex,B1,6,40,17,0.425,15,15,1.0,20.44120881494511,0.2607602440039045,0.05978297586674065,1
v0,Digex-r0,Digex,B1,7,40,17,0.425,15,15,1.0,21.17727512398662,0.2607602440039045,0.05978297586674065,1
v0,Digex-r0,Digex,B1,8,40,14,0.35,15,15,1.0,24.132917951862378,0.2607602440039045,0.05978297586674065,1
v0,Digex-r0,Digex,B1,9,40,19,0.475,15,15,1.0,20.465520053893513,0.2607602440039045,0.05978297586674065,1
v0,Digex-r0,Digex,B1,10,40,15,0.375,15,15,1.0,24.430343971049098,0.2607602440039045,0.05978297586674065,1
v0,Digex-r0,Digex,B1,11,40,17,0.425,15,15,1.0,21.21766384024142,0.2607602440039045,0.05978297586674065,1
v0,Digex-r0,Digex,B1,12,40,19,0.475,15,15,1.0,20.159048728904686,0.2607602440039045,0.05978297586674065,1
v0,Digex-r0,Digex,B1,13,40,18,0.45,15,15,1.0,21.48791104664203,0.2607602440039045,0.05978297586674065,1
v0,Digex-r0,Digex,B1,14,40,18,0.45,15,15,1.0,21.37895590770938,0.2607602440039045,0.05978297586674065,1
v0,Digex-r0,Digex,B1,15,40,18,0.45,15,15,1.0,20.473631502390276,0.2607602440039045,0.05978297586674065,1
v0,Digex-r0,Digex,B1,16,40,19,0.475,15,15,1.0,20.394826471027493,0.2607602440039045,0.05978297586674065,1
v0,Digex-r0,Digex,B1,17,40,19,0.475,15,15,1.0,20.32153181625056,0.2607602440039045,0.05978297586674065,1
v0,Digex-r0,Digex,B1,18,40,15,0.375,15,15,1.0,24.118361341237545,0.2607602440039045,0.05978297586674065,1
v0,Digex-r0,Digex,B1,19,40,14,0.35,15,15,1.0,24.023591264493277,0.2607602440039045,0.05978297586674065,1
v0,Digex-r0,Digex,B1,20,40,18,0.45,15,15,1.0,20.92495089688633,0.2607602440039045,0.05978297586674065,1
v0,Digex-r0,Digex,B1,21,40,16,0.4,15,15,1.0,22.78732046689127,0.2607602440039045,0.05978297586674065,1
v0,Digex-r0,Digex,B1,22,40,19,0.475,15,15,1.0,20.173615395576928,0.2607602440039045,0.05978297586674065,1
v0,Digex-r0,Digex,B1,23,40,15,0.375,15,15,1.0,23.49137429560452,0.2607602440039045,0.05978297586674065,1
v0,Digex-r0,Digex,B1,24,40,18,0.45,15,15,1.0,20.604204614424745,0.2607602440039045,0.05978297586674065,1
v0,Digex-r0,Digex,B1,25,40,20,0.5,15,15,1.0,20.0,0.2607602440039045,0.05978297586674065,1
v0,Digex-r0,Digex,B1,26,40,19,0.475,15,15,1.0,20.219351216811873,0.2607602440039045,0.05978297586674065,1
v0,Digex-r0,Digex,B1,27,40,18,0.45,15,15,1.0,20.582573084757584,0.2607602440039045,0.05978297586674065,1
v0,Digex-r0,Digex,B1,28,40,18,0.45,15,15,1.0,20.2561358529753,0.2607602440039045,0.05978297586674065,1
v0,Digex-r0,Digex,B1,29,40,19,0.475,15,15,1.0,20.7992279069656,0.2607602440039045,0.05978297586674065,1
v0,Digex-r1,Digex,B0,0,40,12,0.3,15,5,0.3333333333333333,27.578826377876037,0.00012526600039564073,0.03509293136667111,1
v0,Digex-r1,Digex,B0,1,40,12,0.3,15,5,0.3333333333333333,27.578826377876037,0.00012526600039564073,0.03509293136667111,1
v0,Digex-r1,Digex,B0,2,40,12,0.3,15,5,0.3333333333333333,27.578826377876037,0.00012526600039564073,0.03509293136667111,1
v0,Digex-r1,Digex,B0,3,40,12,0.3,15,5,0.3333333333333333,27.578826377876037,0.00012526600039564073,0.03509293136667111,1
v0,Digex-r1,Digex,B0,4,40,12,0.3,15,5,0.3333333333333333,27.578826377876037,0.00012526600039564073,0.03509293136667111,1
v0,Digex-r1,Digex,B0,5,40,12,0.3,15,5,0.3333333333333333,27.578826377876037,0.00012526600039564073,0.03509293136667111,1
v0,Digex-r1,Digex,B0,6,40,12,0.3,15,5,0.3333333333333333,27.578826377876037,0.00012526600039564073,0.03509293136667111,1
v0,Digex-r1,Digex,B0,7,40,12,0.3,15,5,0.3333333333333333,27.578826377876037,0.00012526600039564073,0.03509293136667111,1
v0,Digex-r1,Digex,B0,8,40,12,0.3,15,5,0.3333333333333333,27.578826377876037,0.00012526600039564073,0.03509293136667111,1
v0,Digex-r1,Digex,B0,9,40,12,0.3,15,5,0.3333333333333333,27.578826377876037,0.00012526600039564073,0.03509293136667111,1
v0,Digex-r1,Digex,B0,10,40,12,0.3,15,5,0.3333333333333333,27.578826377876037,0.00012526600039564073,0.03509293136667111,1
v0,Digex-r1,Digex,B0,11,40,12,0.3,15,5,0.3333333333333333,27.578826377876037,0.00012526600039564073,0.03509293136667111,1
v0,Digex-r1,Digex,B0,12,40,12,0.3,15,5,0.3333333333333333,27.578826377876037,0.00012526600039564073,0.03509293136667111,1
v0,Digex-r1,Digex,B0,13,40,12,0.3,15,5,0.3333333333333333,27.578826377876037,0.00012526600039564073,0.03509293136667111,1
v0,Digex-r1,Digex,B0,14,40,12,0.3,15,5,0.3333333333333333,27.578826377876037,0.00012526600039564073,0.03509293136667111,1
v0,Digex-r1,Digex,B0,15,40,12,0.3,15,5,0.3333333333333333,27.578826377876037,0.00012526600039564073,0.03509293136667111,1
v0,Digex-r1,Digex,B0,16,40,12,0.3,15,5,0.3333333333333333,27.578826377876037,0.00012526600039564073,0.03509293136667111,1
v0,Digex-r1,Digex,B0,17,40,12,0.3,15,5,0.3333333333333333,27.578826377876037,0.00012526600039564073,0.03509293136667111,1
v0,Digex-r1,Digex,B0,18,40,12,0.3,15,5,0.3333333333333333,27.578826377876037,0.00012526600039564073,0.03509293136667111,1
v0,Digex-r1,Digex,B0,19,40,12,0.3,15,5,0.3333333333333333,27.578826377876037,0.00012526600039564073,0.03509293136667111,1
v0,Digex-r1,Digex,B0,20,40,12,0.3,15,5,0.3333333333333333,27.578826377876037,0.00012526600039564073,0.03509293136667111,1
v0,Digex-r1,Digex,B0,21,40,12,0.3,15,5,0.3333333333333333,27.578826377876037,0.00012526600039564073,0.03509293136667111,1
v0,Digex-r1,Digex,B0,22,40,12,0.3,15,5,0.3333333333333333,27.578826377876037,0.00012526600039564073,0.03509293136667111,1
v0,Digex-r1,Digex,B0,23,40,12,0.3,15,5,0.3333333333333333,27.578826377876037,0.00012526600039564073,0.03509293136667111,1
v0,Digex-r1,Digex,B0,24,40,12,0.3,15,5,0.3333333333333333,27.578826377876037,0.00012526600039564073,0.03509293136667111,1
v0,Digex-r1,Digex,B0,25,40,12,0.3,15,5,0.3333333333333333,27.578826377876037,0.00012526600039564073,0.03509293136667111,1
v0,Digex-r1,Digex,B0,26,40,12,0.3,15,5,0.3333333333333333,27.578826377876037,0.00012526600039564073,0.03509293136667111,1
v0,Digex-r1,Digex,B0,27,40,12,0.3,15,5,0.3333333333333333,27.578826377876037,0.00012526600039564073,0.03509293136667111,1
v0,Digex-r1,Digex,B0,28,40,12,0.3,15,5,0.3333333333333333,27.578826377876037,0.00012526600039564073,0.03509293136667111,1
v0,Digex-r1,Digex,B0,29,40,12,0.3,15,5,0.3333333333333333,27.578826377876037,0.00012526600039564073,0.03509293136667111,1
v0,Digex-r1,Digex,B1,0,40,12,0.3,15,15,1.0,28.0,0.22548699299659347,0.026549550466491687,1
v0,Digex-r1,Digex,B1,1,40,12,0.3,15,15,1.0,28.0,0.22548699299659347,0.026549550466491687,1
v0,Digex-r1,Digex,B1,2,40,12,0.3,15,15,1.0,28.0,0.22548699299659347,0.026549550466491687,1
v0,Digex-r1,Digex,B1,3,40,12,0.3,15,15,1.0,28.0,0.22548699299659347,0.026549550466491687,1
v0,Digex-r1,Digex,B1,4,40,12,0.3,15,15,1.0,28.0,0.22548699299659347,0.026549550466491687,1
v0,Digex-r1,Digex,B1,5,40,12,0.3,15,15,1.0,28.0,0.22548699299659347,0.026549550466491687,1
v0,Digex-r1,Digex,B1,6,40,12,0.3,15,15,1.0,28.0,0.22548699299659347,0.026549550466491687,1
v0,Digex-r1,Digex,B1,7,40,12,0.3,15,15,1.0,28.0,0.22548699299659347,0.026549550466491687,1
v0,Digex-r1,Digex,B1,8,40,12,0.3,15,15,1.0,28.0,0.22548699299659347,0.026549550466491687,1
v0,Digex-r1,Digex,B1,9,40,12,0.3,15,15,1.0,28.0,0.22548699299659347,0.026549550466491687,1
v0,Digex-r1,Digex,B1,10,40,12,0.3,15,15,1.0,28.0,0.22548699299659347,0.026549550466491687,1
v0,Digex-r1,Digex,B1,11,40,12,0.3,15,15,1.0,28.0,0.22548699299659347,0.026549550466491687,1
v0,Digex-r1,Digex,B1,12,40,12,0.3,15,15,1.0,28.0,0.22548699299659347,0.026549550466491687,1
v0,Digex-r1,Digex,B1,13,40,12,0.3,15,15,1.0,28.0,0.22548699299659347,0.026549550466491687,1
v0,Digex-r1,Digex,B1,14,40,12,0.3,15,15,1.0,28.0,0.22548699299659347,0.026549550466491687,1
v0,Digex-r1,Digex,B1,15,40,12,0.3,15,15,1.0,28.0,0.22548699299659347,0.026549550466491687,1
v0,Digex-r1,Digex,B1,16,40,12,0.3,15,15,1.0,28.0,0.22548699299659347,0.026549550466491687,1
v0,Digex-r1,Digex,B1,17,40,12,0.3,15,15,1.0,28.0,0.22548699299659347,0.026549550466491687,1
v0,Digex-r1,Digex,B1,18,40,12,0.3,15,15,1.0,28.0,0.22548699299659347,0.026549550466491687,1
v0,Digex-r1,Digex,B1,19,40,12,0.3,15,15,1.0,28.0,0.22548699299659347,0.026549550466491687,1
v0,Digex-r1,Digex,B1,20,40,12,0.3,15,15,1.0,28.0,0.22548699299659347,0.026549550466491687,1
v0,Digex-r1,Digex,B1,21,40,12,0.3,15,15,1.0,28.0,0.22548699299659347,0.026549550466491687,1
v0,Digex-r1,Digex,B1,22,40,12,0.3,15,15,1.0,28.0,0.22548699299659347,0.026549550466491687,1
v0,Digex-r1,Digex,B1,23,40,12,0.3,15,15,1.0,28.0,0.22548699299659347,0.026549550466491687,1
v0,Digex-r1,Digex,B1,24,40,12,0.3,15,15,1.0,28.0,0.22548699299659347,0.026549550466491687,1
v0,Digex-r1,Digex,B1,25,40,12,0.3,15,15,1.0,28.0,0.22548699299659347,0.026549550466491687,1
v0,Digex-r1,Digex,B1,26,40,12,0.3,15,15,1.0,28.0,0.22548699299659347,0.026549550466491687,1
v0,Digex-r1,Digex,B1,27,40,12,0.3,15,15,1.0,28.0,0.22548699299659347,0.026549550466491687,1
v0,Digex-r1,Digex,B1,28,40,12,0.3,15,15,1.0,28.0,0.22548699299659347,0.026549550466491687,1
v0,Digex-r1,Digex,B1,29,40,12,0.3,15,15,1.0,28.0,0.22548699299659347,0.026549550466491687,1
v0,Digex-r2,Digex,B0,0,40,3,0.075,15,2,0.13333333333333333,37.0,0.00015082799654919654,0.02213808130012088,1
v0,Digex-r2,Digex,B0,1,40,3,0.075,15,2,0.13333333333333333,37.0,0.00015082799654919654,0.02213808130012088,1
v0,Digex-r2,Digex,B0,2,40,3,0.075,15,2,0.13333333333333333,37.0,0.00015082799654919654,0.02213808130012088,1
v0,Digex-r2,Digex,B0,3,40,3,0.075,15,2,0.13333333333333333,37.0,0.00015082799654919654,0.02213808130012088,1
v0,Digex-r2,Digex,B0,4,40,3,0.075,15,2,0.13333333333333333,37.0,0.00015082799654919654,0.02213808130012088,1
v0,Digex-r2,Digex,B0,5,40,3,0.075,15,2,0.13333333333333333,37.0,0.00015082799654919654,0.02213808130012088,1
v0,Digex-r2,Digex,B0,6,40,3,0.075,15,2,0.13333333333333333,37.0,0.00015082799654919654,0.02213808130012088,1
v0,Digex-r2,Digex,B0,7,40,3,0.075,15,2,0.13333333333333333,37.0,0.00015082799654919654,0.02213808130012088,1
v0,Digex-r2,Digex,B0,8,40,3,0.075,15,2,0.13333333333333333,37.0,0.00015082799654919654,0.02213808130012088,1
v0,Digex-r2,Digex,B0,9,40,3,0.075,15,2,0.13333333333333333,37.0,0.00015082799654919654,0.02213808130012088,1
v0,Digex-r2,Digex,B0,10,40,3,0.075,15,2,0.13333333333333333,37.0,0.00015082799654919654,0.02213808130012088,1
v0,Digex-r2,Digex,B0,11,40,3,0.075,15,2,0.13333333333333333,37.0,0.00015082799654919654,0.02213808130012088,1
v0,Digex-r2,Digex,B0,12,40,3,0.075,15,2,0.13333333333333333,37.0,0.00015082799654919654,0.02213808130012088,1
v0,Digex-r2,Digex,B0,13,40,3,0.075,15,2,0.13333333333333333,37.0,0.00015082799654919654,0.02213808130012088,1
v0,Digex-r2,Digex,B0,14,40,3,0.075,15,2,0.13333333333333333,37.0,0.00015082799654919654,0.02213808130012088,1
v0,Digex-r2,Digex,B0,15,40,3,0.075,15,2,0.13333333333333333,37.0,0.00015082799654919654,0.02213808130012088,1
v0,Digex-r2,Digex,B0,16,40,3,0.075,15,2,0.13333333333333333,37.0,0.00015082799654919654,0.02213808130012088,1
v0,Digex-r2,Digex,B0,17,40,3,0.075,15,2,0.13333333333333333,37.0,0.00015082799654919654,0.02213808130012088,1
v0,Digex-r2,Digex,B0,18,40,3,0.075,15,2,0.13333333333333333,37.0,0.00015082799654919654,0.02213808130012088,1
v0,Digex-r2,Digex,B0,19,40,3,0.075,15,2,0.13333333333333333,37.0,0.00015082799654919654,0.02213808130012088,1
v0,Digex-r2,Digex,B0,20,40,3,0.075,15,2,0.13333333333333333,37.0,0.00015082799654919654,0.02213808130012088,1
v0,Digex-r2,Digex,B0,21,40,3,0.075,15,2,0.13333333333333333,37.0,0.00015082799654919654,0.02213808130012088,1
v0,Digex-r2,Digex,B0,22,40,3,0.075,15,2,0.13333333333333333,37.0,0.00015082799654919654,0.02213808130012088,1
v0,Digex-r2,Digex,B0,23,40,3,0.075,15,2,0.13333333333333333,37.0,0.00015082799654919654,0.02213808130012088,1
v0,Digex-r2,Digex,B0,24,40,3,0.075,15,2,0.13333333333333333,37.0,0.00015082799654919654,0.02213808130012088,1
v0,Digex-r2,Digex,B0,25,40,3,0.075,15,2,0.13333333333333333,37.0,0.00015082799654919654,0.02213808130012088,1
v0,Digex-r2,Digex,B0,26,40,3,0.075,15,2,0.13333333333333333,37.0,0.00015082799654919654,0.02213808130012088,1
v0,Digex-r2,Digex,B0,27,40,3,0.075,15,2,0.13333333333333333,37.0,0.00015082799654919654,0.02213808130012088,1
v0,Digex-r2,Digex,B0,28,40,3,0.075,15,2,0.13333333333333333,37.0,0.00015082799654919654,0.02213808130012088,1
v0,Digex-r2,Digex,B0,29,40,3,0.075,15,2,0.13333333333333333,37.0,0.00015082799654919654,0.02213808130012088,1
v0,Digex-r2,Digex,B1,0,40,4,0.1,15,15,1.0,35.19094468267112,0.32479950199922314,0.03171964656673178,1
v0,Digex-r2,Digex,B1,1,40,4,0.1,15,15,1.0,35.00335325906621,0.32479950199922314,0.03171964656673178,1
v0,Digex-r2,Digex,B1,2,40,3,0.075,15,15,1.0,36.228020877605545,0.32479950199922314,0.03171964656673178,1
v0,Digex-r2,Digex,B1,3,40,5,0.125,15,15,1.0,35.0,0.32479950199922314,0.03171964656673178,1
v0,Digex-r2,Digex,B1,4,40,3,0.075,15,15,1.0,35.951190229953056,0.32479950199922314,0.03171964656673178,1
v0,Digex-r2,Digex,B1,5,40,5,0.125,15,15,1.0,35.0,0.32479950199922314,0.03171964656673178,1
v0,Digex-r2,Digex,B1,6,40,5,0.125,15,15,1.0,35.0,0.32479950199922314,0.03171964656673178,1
v0,Digex-r2,Digex,B1,7,40,4,0.1,15,15,1.0,35.7981167910363,0.32479950199922314,0.03171964656673178,1
v0,Digex-r2,Digex,B1,8,40,3,0.075,15,15,1.0,35.53047835399828,0.32479950199922314,0.03171964656673178,1
v0,Digex-r2,Digex,B1,9,40,2,0.05,15,15,1.0,37.000444798294176,0.32479950199922314,0.03171964656673178,1
v0,Digex-r2,Digex,B1,10,40,4,0.1,15,15,1.0,35.68784706578643,0.32479950199922314,0.03171964656673178,1
v0,Digex-r2,Digex,B1,11,40,4,0.1,15,15,1.0,35.998914444431826,0.32479950199922314,0.03171964656673178,1
v0,Digex-r2,Digex,B1,12,40,4,0.1,15,15,1.0,35.1618902782731,0.32479950199922314,0.03171964656673178,1
v0,Digex-r2,Digex,B1,13,40,4,0.1,15,15,1.0,35.64366536971163,0.32479950199922314,0.03171964656673178,1
v0,Digex-r2,Digex,B1,14,40,4,0.1,15,15,1.0,35.36582895485985,0.32479950199922314,0.03171964656673178,1
v0,Digex-r2,Digex,B1,15,40,5,0.125,15,15,1.0,35.0,0.32479950199922314,0.03171964656673178,1
v0,Digex-r2,Digex,B1,16,40,4,0.1,15,15,1.0,35.744256001642,0.32479950199922314,0.03171964656673178,1
v0,Digex-r2,Digex,B1,17,40,3,0.075,15,15,1.0,35.90892734497198,0.32479950199922314,0.03171964656673178,1
v0,Digex-r2,Digex,B1,18,40,3,0.075,15,15,1.0,35.69773642290355,0.32479950199922314,0.03171964656673178,1
v0,Digex-r2,Digex,B1,19,40,4,0.1,15,15,1.0,35.56243391070769,0.32479950199922314,0.03171964656673178,1
v0,Digex-r2,Digex,B1,20,40,5,0.125,15,15,1.0,35.0,0.32479950199922314,0.03171964656673178,1
v0,Digex-r2,Digex,B1,21,40,4,0.1,15,15,1.0,35.3240882106711,0.32479950199922314,0.03171964656673178,1
v0,Digex-r2,Digex,B1,22,40,4,0.1,15,15,1.0,35.43260730970491,0.32479950199922314,0.03171964656673178,1
v0,Digex-r2,Digex,B1,23,40,4,0.1,15,15,1.0,35.99618101616453,0.32479950199922314,0.03171964656673178,1
v0,Digex-r2,Digex,B1,24,40,4,0.1,15,15,1.0,35.190622778790036,0.32479950199922314,0.03171964656673178,1
v0,Digex-r2,Digex,B1,25,40,3,0.075,15,15,1.0,36.42078463820335,0.32479950199922314,0.03171964656673178,1
v0,Digex-r2,Digex,B1,26,40,4,0.1,15,15,1.0,35.700195007253505,0.32479950199922314,0.03171964656673178,1
v0,Digex-r2,Digex,B1,27,40,4,0.1,15,15,1.0,35.225145305061936,0.32479950199922314,0.03171964656673178,1
v0,Digex-r2,Digex,B1,28,40,4,0.1,15,15,1.0,35.70209828088064,0.32479950199922314,0.03171964656673178,1
v0,Digex-r2,Digex,B1,29,40,3,0.075,15,15,1.0,36.387499334539385,0.32479950199922314,0.03171964656673178,1
v0,Easynet-r0,Easynet,B0,0,40,5,0.125,15,2,0.13333333333333333,32.87628338495221,0.00011567000183276832,0.026684442600041318,1
v0,Easynet-r0,Easynet,B0,1,40,5,0.125,15,2,0.13333333333333333,32.87628338495221,0.00011567000183276832,0.026684442600041318,1
v0,Easynet-r0,Easynet,B0,2,40,5,0.125,15,2,0.13333333333333333,32.87628338495221,0.00011567000183276832,0.026684442600041318,1
v0,Easynet-r0,Easynet,B0,3,40,5,0.125,15,2,0.13333333333333333,32.87628338495221,0.00011567000183276832,0.026684442600041318,1
v0,Easynet-r0,Easynet,B0,4,40,5,0.125,15,2,0.13333333333333333,32.87628338495221,0.00011567000183276832,0.026684442600041318,1
v0,Easynet-r0,Easynet,B0,5,40,5,0.125,15,2,0.13333333333333333,32.87628338495221,0.00011567000183276832,0.026684442600041318,1
v0,Easynet-r0,Easynet,B0,6,40,5,0.125,15,2,0.13333333333333333,32.87628338495221,0.00011567000183276832,0.026684442600041318,1
v0,Easynet-r0,Easynet,B0,7,40,5,0.125,15,2,0.13333333333333333,32.87628338495221,0.00011567000183276832,0.026684442600041318,1
v0,Easynet-r0,Easynet,B0,8,40,5,0.125,15,2,0.13333333333333333,32.87628338495221,0.00011567000183276832,0.026684442600041318,1
v0,Easynet-r0,Easynet,B0,9,40,5,0.125,15,2,0.13333333333333333,32.87628338495221,0.00011567000183276832,0.026684442600041318,1
v0,Easynet-r0,Easynet,B0,10,40,5,0.125,15,2,0.13333333333333333,32.87628338495221,0.00011567000183276832,0.026684442600041318,1
v0,Easynet-r0,Easynet,B0,11,40,5,0.125,15,2,0.13333333333333333,32.87628338495221,0.00011567000183276832,0.026684442600041318,1
v0,Easynet-r0,Easynet,B0,12,40,5,0.125,15,2,0.13333333333333333,32.87628338495221,0.00011567000183276832,0.026684442600041318,1
v0,Easynet-r0,Easynet,B0,13,40,5,0.125,15,2,0.13333333333333333,32.87628338495221,0.00011567000183276832,0.026684442600041318,1
v0,Easynet-r0,Easynet,B0,14,40,5,0.125,15,2,0.13333333333333333,32.87628338495221,0.00011567000183276832,0.026684442600041318,1
v0,Easynet-r0,Easynet,B0,15,40,5,0.125,15,2,0.13333333333333333,32.87628338495221,0.00011567000183276832,0.026684442600041318,1
v0,Easynet-r0,Easynet,B0,16,40,5,0.125,15,2,0.13333333333333333,32.87628338495221,0.00011567000183276832,0.026684442600041318,1
v0,Easynet-r0,Easynet,B0,17,40,5,0.125,15,2,0.13333333333333333,32.87628338495221,0.00011567000183276832,0.026684442600041318,1
v0,Easynet-r0,Easynet,B0,18,40,5,0.125,15,2,0.13333333333333333,32.87628338495221,0.00011567000183276832,0.026684442600041318,1
v0,Easynet-r0,Easynet,B0,19,40,5,0.125,15,2,0.13333333333333333,32.87628338495221,0.00011567000183276832,0.026684442600041318,1
v0,Easynet-r0,Easynet,B0,20,40,5,0.125,15,2,0.13333333333333333,32.87628338495221,0.00011567000183276832,0.026684442600041318,1
v0,Easynet-r0,Easynet,B0,21,40,5,0.125,15,2,0.13333333333333333,32.87628338495221,0.00011567000183276832,0.026684442600041318,1
v0,Easynet-r0,Easynet,B0,22,40,5,0.125,15,2,0.13333333333333333,32.87628338495221,0.00011567000183276832,0.026684442600041318,1
v0,Easynet-r0,Easynet,B0,23,40,5,0.125,15,2,0.13333333333333333,32.87628338495221,0.00011567000183276832,0.026684442600041318,1
v0,Easynet-r0,Easynet,B0,24,40,5,0.125,15,2,0.13333333333333333,32.87628338495221,0.00011567000183276832,0.026684442600041318,1
v0,Easynet-r0,Easynet,B0,25,40,5,0.125,15,2,0.13333333333333333,32.87628338495221,0.00011567000183276832,0.026684442600041318,1
v0,Easynet-r0,Easynet,B0,26,40,5,0.125,15,2,0.13333333333333333,32.87628338495221,0.00011567000183276832,0.026684442600041318,1
v0,Easynet-r0,Easynet,B0,27,40,5,0.125,15,2,0.13333333333333333,32.87628338495221,0.00011567000183276832,0.026684442600041318,1
v0,Easynet-r0,Easynet,B0,28,40,5,0.125,15,2,0.13333333333333333,32.87628338495221,0.00011567000183276832,0.026684442600041318,1
v0,Easynet-r0,Easynet,B0,29,40,5,0.125,15,2,0.13333333333333333,32.87628338495221,0.00011567000183276832,0.026684442600041318,1
v0,Easynet-r0,Easynet,B1,0,40,5,0.125,15,15,1.0,34.00268934429412,0.1732200320038828,0.018510502833426774,1
v0,Easynet-r0,Easynet,B1,1,40,5,0.125,15,15,1.0,34.00268934429412,0.1732200320038828,0.018510502833426774,1
v0,Easynet-r0,Easynet,B1,2,40,5,0.125,15,15,1.0,34.00268934429412,0.1732200320038828,0.018510502833426774,1
v0,Easynet-r0,Easynet,B1,3,40,5,0.125,15,15,1.0,34.00268934429412,0.1732200320038828,0.018510502833426774,1
v0,Easynet-r0,Easynet,B1,4,40,5,0.125,15,15,1.0,34.00268934429412,0.1732200320038828,0.018510502833426774,1
v0,Easynet-r0,Easynet,B1,5,40,5,0.125,15,15,1.0,34.00268934429412,0.1732200320038828,0.018510502833426774,1
v0,Easynet-r0,Easynet,B1,6,40,5,0.125,15,15,1.0,34.00268934429412,0.1732200320038828,0.018510502833426774,1
v0,Easynet-r0,Easynet,B1,7,40,5,0.125,15,15,1.0,34.00268934429412,0.1732200320038828,0.018510502833426774,1
v0,Easynet-r0,Easynet,B1,8,40,5,0.125,15,15,1.0,34.00268934429412,0.1732200320038828,0.018510502833426774,1
v0,Easynet-r0,Easynet,B1,9,40,5,0.125,15,15,1.0,34.00268934429412,0.1732200320038828,0.018510502833426774,1
v0,Easynet-r0,Easynet,B1,10,40,5,0.125,15,15,1.0,34.00268934429412,0.1732200320038828,0.018510502833426774,1
v0,Easynet-r0,Easynet,B1,11,40,5,0.125,15,15,1.0,34.00268934429412,0.1732200320038828,0.018510502833426774,1
v0,Easynet-r0,Easynet,B1,12,40,5,0.125,15,15,1.0,34.00268934429412,0.1732200320038828,0.018510502833426774,1
v0,Easynet-r0,Easynet,B1,13,40,5,0.125,15,15,1.0,34.00268934429412,0.1732200320038828,0.018510502833426774,1
v0,Easynet-r0,Easynet,B1,14,40,5,0.125,15,15,1.0,34.00268934429412,0.1732200320038828,0.018510502833426774,1
v0,Easynet-r0,Easynet,B1,15,40,5,0.125,15,15,1.0,34.00268934429412,0.1732200320038828,0.018510502833426774,1
v0,Easynet-r0,Easynet,B1,16,40,5,0.125,15,15,1.0,34.00268934429412,0.1732200320038828,0.018510502833426774,1
v0,Easynet-r0,Easynet,B1,17,40,5,0.125,15,15,1.0,34.00268934429412,0.1732200320038828,0.018510502833426774,1
v0,Easynet-r0,Easynet,B1,18,40,5,0.125,15,15,1.0,34.00268934429412,0.1732200320038828,0.018510502833426774,1
v0,Easynet-r0,Easynet,B1,19,40,5,0.125,15,15,1.0,34.00268934429412,0.1732200320038828,0.018510502833426774,1
v0,Easynet-r0,Easynet,B1,20,40,5,0.125,15,15,1.0,34.00268934429412,0.1732200320038828,0.018510502833426774,1
v0,Easynet-r0,Easynet,B1,21,40,5,0.125,15,15,1.0,34.00268934429412,0.1732200320038828,0.018510502833426774,1
v0,Easynet-r0,Easynet,B1,22,40,5,0.125,15,15,1.0,34.00268934429412,0.1732200320038828,0.018510502833426774,1
v0,Easynet-r0,Easynet,B1,23,40,5,0.125,15,15,1.0,34.00268934429412,0.1732200320038828,0.018510502833426774,1
v0,Easynet-r0,Easynet,B1,24,40,5,0.125,15,15,1.0,34.00268934429412,0.1732200320038828,0.018510502833426774,1
v0,Easynet-r0,Easynet,B1,25,40,5,0.125,15,15,1.0,34.00268934429412,0.1732200320038828,0.018510502833426774,1
v0,Easynet-r0,Easynet,B1,26,40,5,0.125,15,15,1.0,34.00268934429412,0.1732200320038828,0.018510502833426774,1
v0,Easynet-r0,Easynet,B1,27,40,5,0.125,15,15,1.0,34.00268934429412,0.1732200320038828,0.018510502833426774,1
v0,Easynet-r0,Easynet,B1,28,40,5,0.125,15,15,1.0,34.00268934429412,0.1732200320038828,0.018510502833426774,1
v0,Easynet-r0,Easynet,B1,29,40,5,0.125,15,15,1.0,34.00268934429412,0.1732200320038828,0.018510502833426774,1
v0,Easynet-r1,Easynet,B0,0,40,2,0.05,15,4,0.26666666666666666,35.66490114897578,0.00013814200065098703,0.021049242866865825,1
v0,Easynet-r1,Easynet,B0,1,40,2,0.05,15,4,0.26666666666666666,35.66490114897578,0.00013814200065098703,0.021049242866865825,1
v0,Easynet-r1,Easynet,B0,2,40,2,0.05,15,4,0.26666666666666666,35.66490114897578,0.00013814200065098703,0.021049242866865825,1
v0,Easynet-r1,Easynet,B0,3,40,2,0.05,15,4,0.26666666666666666,35.66490114897578,0.00013814200065098703,0.021049242866865825,1
v0,Easynet-r1,Easynet,B0,4,40,2,0.05,15,4,0.26666666666666666,35.66490114897578,0.00013814200065098703,0.021049242866865825,1
v0,Easynet-r1,Easynet,B0,5,40,2,0.05,15,4,0.26666666666666666,35.66490114897578,0.00013814200065098703,0.021049242866865825,1
v0,Easynet-r1,Easynet,B0,6,40,2,0.05,15,4,0.26666666666666666,35.66490114897578,0.00013814200065098703,0.021049242866865825,1
v0,Easynet-r1,Easynet,B0,7,40,2,0.05,15,4,0.26666666666666666,35.66490114897578,0.00013814200065098703,0.021049242866865825,1
v0,Easynet-r1,Easynet,B0,8,40,2,0.05,15,4,0.26666666666666666,35.66490114897578,0.00013814200065098703,0.021049242866865825,1
v0,Easynet-r1,Easynet,B0,9,40,2,0.05,15,4,0.26666666666666666,35.66490114897578,0.00013814200065098703,0.021049242866865825,1
v0,Easynet-r1,Easynet,B0,10,40,2,0.05,15,4,0.26666666666666666,35.66490114897578,0.00013814200065098703,0.021049242866865825,1
v0,Easynet-r1,Easynet,B0,11,40,2,0.05,15,4,0.26666666666666666,35.66490114897578,0.00013814200065098703,0.021049242866865825,1
v0,Easynet-r1,Easynet,B0,12,40,2,0.05,15,4,0.26666666666666666,35.66490114897578,0.00013814200065098703,0.021049242866865825,1
v0,Easynet-r1,Easynet,B0,13,40,2,0.05,15,4,0.26666666666666666,35.66490114897578,0.00013814200065098703,0.021049242866865825,1
v0,Easynet-r1,Easynet,B0,14,40,2,0.05,15,4,0.26666666666666666,35.66490114897578,0.00013814200065098703,0.021049242866865825,1
v0,Easynet-r1,Easynet,B0,15,40,2,0.05,15,4,0.26666666666666666,35.66490114897578,0.00013814200065098703,0.021049242866865825,1
v0,Easynet-r1,Easynet,B0,16,40,2,0.05,15,4,0.26666666666666666,35.66490114897578,0.00013814200065098703,0.021049242866865825,1
v0,Easynet-r1,Easynet,B0,17,40,2,0.05,15,4,0.26666666666666666,35.66490114897578,0.00013814200065098703,0.021049242866865825,1
v0,Easynet-r1,Easynet,B0,18,40,2,0.05,15,4,0.26666666666666666,35.66490114897578,0.00013814200065098703,0.021049242866865825,1
v0,Easynet-r1,Easynet,B0,19,40,2,0.05,15,4,0.26666666666666666,35.66490114897578,0.00013814200065098703,0.021049242866865825,1
v0,Easynet-r1,Easynet,B0,20,40,2,0.05,15,4,0.26666666666666666,35.66490114897578,0.00013814200065098703,0.021049242866865825,1
v0,Easynet-r1,Easynet,B0,21,40,2,0.05,15,4,0.26666666666666666,35.66490114897578,0.00013814200065098703,0.021049242866865825,1
v0,Easynet-r1,Easynet,B0,22,40,2,0.05,15,4,0.26666666666666666,35.66490114897578,0.00013814200065098703,0.021049242866865825,1
v0,Easynet-r1,Easynet,B0,23,40,2,0.05,15,4,0.26666666666666666,35.66490114897578,0.00013814200065098703,0.021049242866865825,1
v0,Easynet-r1,Easynet,B0,24,40,2,0.05,15,4,0.26666666666666666,35.66490114897578,0.00013814200065098703,0.021049242866865825,1
v0,Easynet-r1,Easynet,B0,25,40,2,0.05,15,4,0.26666666666666666,35.66490114897578,0.00013814200065098703,0.021049242866865825,1
v0,Easynet-r1,Easynet,B0,26,40,2,0.05,15,4,0.26666666666666666,35.66490114897578,0.00013814200065098703,0.021049242866865825,1
v0,Easynet-r1,Easynet,B0,27,40,2,0.05,15,4,0.26666666666666666,35.66490114897578,0.00013814200065098703,0.021049242866865825,1
v0,Easynet-r1,Easynet,B0,28,40,2,0.05,15,4,0.26666666666666666,35.66490114897578,0.00013814200065098703,0.021049242866865825,1
v0,Easynet-r1,Easynet,B0,29,40,2,0.05,15,4,0.26666666666666666,35.66490114897578,0.00013814200065098703,0.021049242866865825,1
v0,Easynet-r1,Easynet,B1,0,40,6,0.15,15,15,1.0,32.32093921139153,0.39266252299421467,0.04100782246678136,1
v0,Easynet-r1,Easynet,B1,1,40,8,0.2,15,15,1.0,30.580210680447845,0.39266252299421467,0.04100782246678136,1
v0,Easynet-r1,Easynet,B1,2,40,6,0.15,15,15,1.0,32.57715111732892,0.39266252299421467,0.04100782246678136,1
v0,Easynet-r1,Easynet,B1,3,40,5,0.125,15,15,1.0,33.94744297762321,0.39266252299421467,0.04100782246678136,1
v0,Easynet-r1,Easynet,B1,4,40,8,0.2,15,15,1.0,31.437347692837672,0.39266252299421467,0.04100782246678136,1
v0,Easynet-r1,Easynet,B1,5,40,7,0.175,15,15,1.0,32.32997303878129,0.39266252299421467,0.04100782246678136,1
v0,Easynet-r1,Easynet,B1,6,40,8,0.2,15,15,1.0,30.92314209613111,0.39266252299421467,0.04100782246678136,1
v0,Easynet-r1,Easynet,B1,7,40,6,0.15,15,15,1.0,33.6337529338684,0.39266252299421467,0.04100782246678136,1
v0,Easynet-r1,Easynet,B1,8,40,8,0.2,15,15,1.0,31.458217296982873,0.39266252299421467,0.04100782246678136,1
v0,Easynet-r1,Easynet,B1,9,40,7,0.175,15,15,1.0,31.898683428940494,0.39266252299421467,0.04100782246678136,1
v0,Easynet-r1,Easynet,B1,10,40,4,0.1,15,15,1.0,34.28132077021885,0.39266252299421467,0.04100782246678136,1
v0,Easynet-r1,Easynet,B1,11,40,7,0.175,15,15,1.0,32.268826111992404,0.39266252299421467,0.04100782246678136,1
v0,Easynet-r1,Easynet,B1,12,40,7,0.175,15,15,1.0,32.191544562265065,0.39266252299421467,0.04100782246678136,1
v0,Easynet-r1,Easynet,B1,13,40,7,0.175,15,15,1.0,32.13310819728832,0.39266252299421467,0.04100782246678136,1
v0,Easynet-r1,Easynet,B1,14,40,9,0.225,15,15,1.0,30.997785782022742,0.39266252299421467,0.04100782246678136,1
v0,Easynet-r1,Easynet,B1,15,40,7,0.175,15,15,1.0,31.684946633780662,0.39266252299421467,0.04100782246678136,1
v0,Easynet-r1,Easynet,B1,16,40,7,0.175,15,15,1.0,32.151291794988474,0.39266252299421467,0.04100782246678136,1
v0,Easynet-r1,Easynet,B1,17,40,8,0.2,15,15,1.0,30.706314554868804,0.39266252299421467,0.04100782246678136,1
v0,Easynet-r1,Easynet,B1,18,40,5,0.125,15,15,1.0,33.07295630146437,0.39266252299421467,0.04100782246678136,1
v0,Easynet-r1,Easynet,B1,19,40,6,0.15,15,15,1.0,32.39882694189503,0.39266252299421467,0.04100782246678136,1
v0,Easynet-r1,Easynet,B1,20,40,4,0.1,15,15,1.0,34.60137725728953,0.39266252299421467,0.04100782246678136,1
v0,Easynet-r1,Easynet,B1,21,40,7,0.175,15,15,1.0,30.575028163700406,0.39266252299421467,0.04100782246678136,1
v0,Easynet-r1,Easynet,B1,22,40,8,0.2,15,15,1.0,31.556843767610772,0.39266252299421467,0.04100782246678136,1
v0,Easynet-r1,Easynet,B1,23,40,4,0.1,15,15,1.0,33.60514579550061,0.39266252299421467,0.04100782246678136,1
v0,Easynet-r1,Easynet,B1,24,40,7,0.175,15,15,1.0,31.73339397122419,0.39266252299421467,0.04100782246678136,1
v0,Easynet-r1,Easynet,B1,25,40,8,0.2,15,15,1.0,30.9240797393485,0.39266252299421467,0.04100782246678136,1
v0,Easynet-r1,Easynet,B1,26,40,8,0.2,15,15,1.0,31.598000153877596,0.39266252299421467,0.04100782246678136,1
v0,Easynet-r1,Easynet,B1,27,40,5,0.125,15,15,1.0,32.387675798746585,0.39266252299421467,0.04100782246678136,1
v0,Easynet-r1,Easynet,B1,28,40,4,0.1,15,15,1.0,35.42228201633517,0.39266252299421467,0.04100782246678136,1
v0,Easynet-r1,Easynet,B1,29,40,7,0.175,15,15,1.0,31.925162361229255,0.39266252299421467,0.04100782246678136,1
v0,Easynet-r2,Easynet,B0,0,40,1,0.025,15,1,0.06666666666666667,38.07861451017065,0.00012617599713848904,0.02573963526665466,1
v0,Easynet-r2,Easynet,B0,1,40,1,0.025,15,1,0.06666666666666667,38.07861451017065,0.00012617599713848904,0.02573963526665466,1
v0,Easynet-r2,Easynet,B0,2,40,1,0.025,15,1,0.06666666666666667,38.07861451017065,0.00012617599713848904,0.02573963526665466,1
v0,Easynet-r2,Easynet,B0,3,40,1,0.025,15,1,0.06666666666666667,38.07861451017065,0.00012617599713848904,0.02573963526665466,1
v0,Easynet-r2,Easynet,B0,4,40,1,0.025,15,1,0.06666666666666667,38.07861451017065,0.00012617599713848904,0.02573963526665466,1
v0,Easynet-r2,Easynet,B0,5,40,1,0.025,15,1,0.06666666666666667,38.07861451017065,0.00012617599713848904,0.02573963526665466,1
v0,Easynet-r2,Easynet,B0,6,40,1,0.025,15,1,0.06666666666666667,38.07861451017065,0.00012617599713848904,0.02573963526665466,1
v0,Easynet-r2,Easynet,B0,7,40,1,0.025,15,1,0.06666666666666667,38.07861451017065,0.00012617599713848904,0.02573963526665466,1
v0,Easynet-r2,Easynet,B0,8,40,1,0.025,15,1,0.06666666666666667,38.07861451017065,0.00012617599713848904,0.02573963526665466,1
v0,Easynet-r2,Easynet,B0,9,40,1,0.025,15,1,0.06666666666666667,38.07861451017065,0.00012617599713848904,0.02573963526665466,1
v0,Easynet-r2,Easynet,B0,10,40,1,0.025,15,1,0.06666666666666667,38.07861451017065,0.00012617599713848904,0.02573963526665466,1
v0,Easynet-r2,Easynet,B0,11,40,1,0.025,15,1,0.06666666666666667,38.07861451017065,0.00012617599713848904,0.02573963526665466,1
v0,Easynet-r2,Easynet,B0,12,40,1,0.025,15,1,0.06666666666666667,38.07861451017065,0.00012617599713848904,0.02573963526665466,1
v0,Easynet-r2,Easynet,B0,13,40,1,0.025,15,1,0.06666666666666667,38.07861451017065,0.00012617599713848904,0.02573963526665466,1
v0,Easynet-r2,Easynet,B0,14,40,1,0.025,15,1,0.06666666666666667,38.07861451017065,0.00012617599713848904,0.02573963526665466,1
v0,Easynet-r2,Easynet,B0,15,40,1,0.025,15,1,0.06666666666666667,38.07861451017065,0.00012617599713848904,0.02573963526665466,1
v0,Easynet-r2,Easynet,B0,16,40,1,0.025,15,1,0.06666666666666667,38.07861451017065,0.00012617599713848904,0.02573963526665466,1
v0,Easynet-r2,Easynet,B0,17,40,1,0.025,15,1,0.06666666666666667,38.07861451017065,0.00012617599713848904,0.02573963526665466,1
v0,Easynet-r2,Easynet,B0,18,40,1,0.025,15,1,0.06666666666666667,38.07861451017065,0.00012617599713848904,0.02573963526665466,1
v0,Easynet-r2,Easynet,B0,19,40,1,0.025,15,1,0.06666666666666667,38.07861451017065,0.00012617599713848904,0.02573963526665466,1
v0,Easynet-r2,Easynet,B0,20,40,1,0.025,15,1,0.06666666666666667,38.07861451017065,0.00012617599713848904,0.02573963526665466,1
v0,Easynet-r2,Easynet,B0,21,40,1,0.025,15,1,0.06666666666666667,38.07861451017065,0.00012617599713848904,0.02573963526665466,1
v0,Easynet-r2,Easynet,B0,22,40,1,0.025,15,1,0.06666666666666667,38.07861451017065,0.00012617599713848904,0.02573963526665466,1
v0,Easynet-r2,Easynet,B0,23,40,1,0.025,15,1,0.06666666666666667,38.07861451017065,0.00012617599713848904,0.02573963526665466,1
v0,Easynet-r2,Easynet,B0,24,40,1,0.025,15,1,0.06666666666666667,38.07861451017065,0.00012617599713848904,0.02573963526665466,1
v0,Easynet-r2,Easynet,B0,25,40,1,0.025,15,1,0.06666666666666667,38.07861451017065,0.00012617599713848904,0.02573963526665466,1
v0,Easynet-r2,Easynet,B0,26,40,1,0.025,15,1,0.06666666666666667,38.07861451017065,0.00012617599713848904,0.02573963526665466,1
v0,Easynet-r2,Easynet,B0,27,40,1,0.025,15,1,0.06666666666666667,38.07861451017065,0.00012617599713848904,0.02573963526665466,1
v0,Easynet-r2,Easynet,B0,28,40,1,0.025,15,1,0.06666666666666667,38.07861451017065,0.00012617599713848904,0.02573963526665466,1
v0,Easynet-r2,Easynet,B0,29,40,1,0.025,15,1,0.06666666666666667,38.07861451017065,0.00012617599713848904,0.02573963526665466,1
v0,Easynet-r2,Easynet,B1,0,40,5,0.125,15,15,1.0,35.0,0.16735526000411483,0.02275119416663074,1
v0,Easynet-r2,Easynet,B1,1,40,5,0.125,15,15,1.0,35.0,0.16735526000411483,0.02275119416663074,1
v0,Easynet-r2,Easynet,B1,2,40,5,0.125,15,15,1.0,35.0,0.16735526000411483,0.02275119416663074,1
v0,Easynet-r2,Easynet,B1,3,40,5,0.125,15,15,1.0,35.0,0.16735526000411483,0.02275119416663074,1
v0,Easynet-r2,Easynet,B1,4,40,4,0.1,15,15,1.0,35.093573505095335,0.16735526000411483,0.02275119416663074,1
v0,Easynet-r2,Easynet,B1,5,40,4,0.1,15,15,1.0,35.20344120114889,0.16735526000411483,0.02275119416663074,1
v0,Easynet-r2,Easynet,B1,6,40,5,0.125,15,15,1.0,35.0,0.16735526000411483,0.02275119416663074,1
v0,Easynet-r2,Easynet,B1,7,40,4,0.1,15,15,1.0,35.03367769064994,0.16735526000411483,0.02275119416663074,1
v0,Easynet-r2,Easynet,B1,8,40,5,0.125,15,15,1.0,35.0,0.16735526000411483,0.02275119416663074,1
v0,Easynet-r2,Easynet,B1,9,40,5,0.125,15,15,1.0,35.0,0.16735526000411483,0.02275119416663074,1
v0,Easynet-r2,Easynet,B1,10,40,5,0.125,15,15,1.0,35.0,0.16735526000411483,0.02275119416663074,1
v0,Easynet-r2,Easynet,B1,11,40,4,0.1,15,15,1.0,35.997749285289586,0.16735526000411483,0.02275119416663074,1
v0,Easynet-r2,Easynet,B1,12,40,4,0.1,15,15,1.0,35.174848986896855,0.16735526000411483,0.02275119416663074,1
v0,Easynet-r2,Easynet,B1,13,40,5,0.125,15,15,1.0,35.0,0.16735526000411483,0.02275119416663074,1
v0,Easynet-r2,Easynet,B1,14,40,5,0.125,15,15,1.0,35.0,0.16735526000411483,0.02275119416663074,1
v0,Easynet-r2,Easynet,B1,15,40,3,0.075,15,15,1.0,35.76159529088011,0.16735526000411483,0.02275119416663074,1
v0,Easynet-r2,Easynet,B1,16,40,5,0.125,15,15,1.0,35.0,0.16735526000411483,0.02275119416663074,1
v0,Easynet-r2,Easynet,B1,17,40,5,0.125,15,15,1.0,35.0,0.16735526000411483,0.02275119416663074,1
v0,Easynet-r2,Easynet,B1,18,40,5,0.125,15,15,1.0,35.0,0.16735526000411483,0.02275119416663074,1
v0,Easynet-r2,Easynet,B1,19,40,5,0.125,15,15,1.0,35.0,0.16735526000411483,0.02275119416663074,1
v0,Easynet-r2,Easynet,B1,20,40,4,0.1,15,15,1.0,35.4484782139303,0.16735526000411483,0.02275119416663074,1
v0,Easynet-r2,Easynet,B1,21,40,4,0.1,15,15,1.0,35.49943578591634,0.16735526000411483,0.02275119416663074,1
v0,Easynet-r2,Easynet,B1,22,40,5,0.125,15,15,1.0,35.0,0.16735526000411483,0.02275119416663074,1
v0,Easynet-r2,Easynet,B1,23,40,5,0.125,15,15,1.0,35.0,0.16735526000411483,0.02275119416663074,1
v0,Easynet-r2,Easynet,B1,24,40,5,0.125,15,15,1.0,35.0,0.16735526000411483,0.02275119416663074,1
v0,Easynet-r2,Easynet,B1,25,40,4,0.1,15,15,1.0,35.4484782139303,0.16735526000411483,0.02275119416663074,1
v0,Easynet-r2,Easynet,B1,26,40,4,0.1,15,15,1.0,35.313852321961974,0.16735526000411483,0.02275119416663074,1
v0,Easynet-r2,Easynet,B1,27,40,4,0.1,15,15,1.0,35.46539324309844,0.16735526000411483,0.02275119416663074,1
v0,Easynet-r2,Easynet,B1,28,40,4,0.1,15,15,1.0,35.4484782139303,0.16735526000411483,0.02275119416663074,1
v0,Easynet-r2,Easynet,B1,29,40,5,0.125,15,15,1.0,35.0,0.16735526000411483,0.02275119416663074,1
v0,Garr200112-r0,Garr200112,B0,0,40,18,0.45,15,9,0.6,19.645663582190714,9.953200060408562e-05,0.033062943400000225,1
v0,Garr200112-r0,Garr200112,B0,1,40,18,0.45,15,9,0.6,19.645663582190714,9.953200060408562e-05,0.033062943400000225,1
v0,Garr200112-r0,Garr200112,B0,2,40,18,0.45,15,9,0.6,19.645663582190714,9.953200060408562e-05,0.033062943400000225,1
v0,Garr200112-r0,Garr200112,B0,3,40,18,0.45,15,9,0.6,19.645663582190714,9.953200060408562e-05,0.033062943400000225,1
v0,Garr200112-r0,Garr200112,B0,4,40,18,0.45,15,9,0.6,19.645663582190714,9.953200060408562e-05,0.033062943400000225,1
v0,Garr200112-r0,Garr200112,B0,5,40,18,0.45,15,9,0.6,19.645663582190714,9.953200060408562e-05,0.033062943400000225,1
v0,Garr200112-r0,Garr200112,B0,6,40,18,0.45,15,9,0.6,19.645663582190714,9.953200060408562e-05,0.033062943400000225,1
v0,Garr200112-r0,Garr200112,B0,7,40,18,0.45,15,9,0.6,19.645663582190714,9.953200060408562e-05,0.033062943400000225,1
v0,Garr200112-r0,Garr200112,B0,8,40,18,0.45,15,9,0.6,19.645663582190714,9.953200060408562e-05,0.033062943400000225,1
v0,Garr200112-r0,Garr200112,B0,9,40,18,0.45,15,9,0.6,19.645663582190714,9.953200060408562e-05,0.033062943400000225,1
v0,Garr200112-r0,Garr200112,B0,10,40,18,0.45,15,9,0.6,19.645663582190714,9.953200060408562e-05,0.033062943400000225,1
v0,Garr200112-r0,Garr200112,B0,11,40,18,0.45,15,9,0.6,19.645663582190714,9.953200060408562e-05,0.033062943400000225,1
v0,Garr200112-r0,Garr200112,B0,12,40,18,0.45,15,9,0.6,19.645663582190714,9.953200060408562e-05,0.033062943400000225,1
v0,Garr200112-r0,Garr200112,B0,13,40,18,0.45,15,9,0.6,19.645663582190714,9.953200060408562e-05,0.033062943400000225,1
v0,Garr200112-r0,Garr200112,B0,14,40,18,0.45,15,9,0.6,19.645663582190714,9.953200060408562e-05,0.033062943400000225,1
v0,Garr200112-r0,Garr200112,B0,15,40,18,0.45,15,9,0.6,19.645663582190714,9.953200060408562e-05,0.033062943400000225,1
v0,Garr200112-r0,Garr200112,B0,16,40,18,0.45,15,9,0.6,19.645663582190714,9.953200060408562e-05,0.033062943400000225,1
v0,Garr200112-r0,Garr200112,B0,17,40,18,0.45,15,9,0.6,19.645663582190714,9.953200060408562e-05,0.033062943400000225,1
v0,Garr200112-r0,Garr200112,B0,18,40,18,0.45,15,9,0.6,19.645663582190714,9.953200060408562e-05,0.033062943400000225,1
v0,Garr200112-r0,Garr200112,B0,19,40,18,0.45,15,9,0.6,19.645663582190714,9.953200060408562e-05,0.033062943400000225,1
v0,Garr200112-r0,Garr200112,B0,20,40,18,0.45,15,9,0.6,19.645663582190714,9.953200060408562e-05,0.033062943400000225,1
v0,Garr200112-r0,Garr200112,B0,21,40,18,0.45,15,9,0.6,19.645663582190714,9.953200060408562e-05,0.033062943400000225,1
v0,Garr200112-r0,Garr200112,B0,22,40,18,0.45,15,9,0.6,19.645663582190714,9.953200060408562e-05,0.033062943400000225,1
v0,Garr200112-r0,Garr200112,B0,23,40,18,0.45,15,9,0.6,19.645663582190714,9.953200060408562e-05,0.033062943400000225,1
v0,Garr200112-r0,Garr200112,B0,24,40,18,0.45,15,9,0.6,19.645663582190714,9.953200060408562e-05,0.033062943400000225,1
v0,Garr200112-r0,Garr200112,B0,25,40,18,0.45,15,9,0.6,19.645663582190714,9.953200060408562e-05,0.033062943400000225,1
v0,Garr200112-r0,Garr200112,B0,26,40,18,0.45,15,9,0.6,19.645663582190714,9.953200060408562e-05,0.033062943400000225,1
v0,Garr200112-r0,Garr200112,B0,27,40,18,0.45,15,9,0.6,19.645663582190714,9.953200060408562e-05,0.033062943400000225,1
v0,Garr200112-r0,Garr200112,B0,28,40,18,0.45,15,9,0.6,19.645663582190714,9.953200060408562e-05,0.033062943400000225,1
v0,Garr200112-r0,Garr200112,B0,29,40,18,0.45,15,9,0.6,19.645663582190714,9.953200060408562e-05,0.033062943400000225,1
v0,Garr200112-r0,Garr200112,B1,0,40,22,0.55,15,15,1.0,18.0,0.23745971499738516,0.036748454833286814,1
v0,Garr200112-r0,Garr200112,B1,1,40,21,0.525,15,15,1.0,18.21572912972408,0.23745971499738516,0.036748454833286814,1
v0,Garr200112-r0,Garr200112,B1,2,40,21,0.525,15,15,1.0,18.99765702859742,0.23745971499738516,0.036748454833286814,1
v0,Garr200112-r0,Garr200112,B1,3,40,22,0.55,15,15,1.0,18.0,0.23745971499738516,0.036748454833286814,1
v0,Garr200112-r0,Garr200112,B1,4,40,20,0.5,15,15,1.0,19.221303623518054,0.23745971499738516,0.036748454833286814,1
v0,Garr200112-r0,Garr200112,B1,5,40,21,0.525,15,15,1.0,18.997090998835564,0.23745971499738516,0.036748454833286814,1
v0,Garr200112-r0,Garr200112,B1,6,40,21,0.525,15,15,1.0,18.335608403184803,0.23745971499738516,0.036748454833286814,1
v0,Garr200112-r0,Garr200112,B1,7,40,20,0.5,15,15,1.0,19.2746620659013,0.23745971499738516,0.036748454833286814,1
v0,Garr200112-r0,Garr200112,B1,8,40,21,0.525,15,15,1.0,18.995859942638134,0.23745971499738516,0.036748454833286814,1
v0,Garr200112-r0,Garr200112,B1,9,40,21,0.525,15,15,1.0,18.63273604589143,0.23745971499738516,0.036748454833286814,1
v0,Garr200112-r0,Garr200112,B1,10,40,21,0.525,15,15,1.0,18.63835729685476,0.23745971499738516,0.036748454833286814,1
v0,Garr200112-r0,Garr200112,B1,11,40,21,0.525,15,15,1.0,18.03052114481857,0.23745971499738516,0.036748454833286814,1
v0,Garr200112-r0,Garr200112,B1,12,40,20,0.5,15,15,1.0,19.405667543848924,0.23745971499738516,0.036748454833286814,1
v0,Garr200112-r0,Garr200112,B1,13,40,21,0.525,15,15,1.0,18.284283783201683,0.23745971499738516,0.036748454833286814,1
v0,Garr200112-r0,Garr200112,B1,14,40,21,0.525,15,15,1.0,18.27905756480601,0.23745971499738516,0.036748454833286814,1
v0,Garr200112-r0,Garr200112,B1,15,40,21,0.525,15,15,1.0,18.00290955316997,0.23745971499738516,0.036748454833286814,1
v0,Garr200112-r0,Garr200112,B1,16,40,21,0.525,15,15,1.0,18.99765702859742,0.23745971499738516,0.036748454833286814,1
v0,Garr200112-r0,Garr200112,B1,17,40,20,0.5,15,15,1.0,18.43739728048683,0.23745971499738516,0.036748454833286814,1
v0,Garr200112-r0,Garr200112,B1,18,40,21,0.525,15,15,1.0,18.643489727790076,0.23745971499738516,0.036748454833286814,1
v0,Garr200112-r0,Garr200112,B1,19,40,21,0.525,15,15,1.0,18.643489727790076,0.23745971499738516,0.036748454833286814,1
v0,Garr200112-r0,Garr200112,B1,20,40,21,0.525,15,15,1.0,18.638357296854757,0.23745971499738516,0.036748454833286814,1
v0,Garr200112-r0,Garr200112,B1,21,40,21,0.525,15,15,1.0,18.997418190580877,0.23745971499738516,0.036748454833286814,1
v0,Garr200112-r0,Garr200112,B1,22,40,21,0.525,15,15,1.0,18.036623870697753,0.23745971499738516,0.036748454833286814,1
v0,Garr200112-r0,Garr200112,B1,23,40,20,0.5,15,15,1.0,19.100775874096147,0.23745971499738516,0.036748454833286814,1
v0,Garr200112-r0,Garr200112,B1,24,40,21,0.525,15,15,1.0,18.269107783347454,0.23745971499738516,0.036748454833286814,1
v0,Garr200112-r0,Garr200112,B1,25,40,21,0.525,15,15,1.0,18.216864864988768,0.23745971499738516,0.036748454833286814,1
v0,Garr200112-r0,Garr200112,B1,26,40,21,0.525,15,15,1.0,18.278835758144233,0.23745971499738516,0.036748454833286814,1
v0,Garr200112-r0,Garr200112,B1,27,40,21,0.525,15,15,1.0,18.996959637521417,0.23745971499738516,0.036748454833286814,1
v0,Garr200112-r0,Garr200112,B1,28,40,21,0.525,15,15,1.0,18.64372856580662,0.23745971499738516,0.036748454833286814,1
v0,Garr200112-r0,Garr200112,B1,29,40,21,0.525,15,15,1.0,18.621005122535337,0.23745971499738516,0.036748454833286814,1
v0,Garr200112-r1,Garr200112,B0,0,40,16,0.4,15,8,0.5333333333333333,22.21818789590132,0.0001083289971575141,0.025477690933378958,1
v0,Garr200112-r1,Garr200112,B0,1,40,16,0.4,15,8,0.5333333333333333,22.21818789590132,0.0001083289971575141,0.025477690933378958,1
v0,Garr200112-r1,Garr200112,B0,2,40,16,0.4,15,8,0.5333333333333333,22.21818789590132,0.0001083289971575141,0.025477690933378958,1
v0,Garr200112-r1,Garr200112,B0,3,40,16,0.4,15,8,0.5333333333333333,22.21818789590132,0.0001083289971575141,0.025477690933378958,1
v0,Garr200112-r1,Garr200112,B0,4,40,16,0.4,15,8,0.5333333333333333,22.21818789590132,0.0001083289971575141,0.025477690933378958,1
v0,Garr200112-r1,Garr200112,B0,5,40,16,0.4,15,8,0.5333333333333333,22.21818789590132,0.0001083289971575141,0.025477690933378958,1
v0,Garr200112-r1,Garr200112,B0,6,40,16,0.4,15,8,0.5333333333333333,22.21818789590132,0.0001083289971575141,0.025477690933378958,1
v0,Garr200112-r1,Garr200112,B0,7,40,16,0.4,15,8,0.5333333333333333,22.21818789590132,0.0001083289971575141,0.025477690933378958,1
v0,Garr200112-r1,Garr200112,B0,8,40,16,0.4,15,8,0.5333333333333333,22.21818789590132,0.0001083289971575141,0.025477690933378958,1
v0,Garr200112-r1,Garr200112,B0,9,40,16,0.4,15,8,0.5333333333333333,22.21818789590132,0.0001083289971575141,0.025477690933378958,1
v0,Garr200112-r1,Garr200112,B0,10,40,16,0.4,15,8,0.5333333333333333,22.21818789590132,0.0001083289971575141,0.025477690933378958,1
v0,Garr200112-r1,Garr200112,B0,11,40,16,0.4,15,8,0.5333333333333333,22.21818789590132,0.0001083289971575141,0.025477690933378958,1
v0,Garr200112-r1,Garr200112,B0,12,40,16,0.4,15,8,0.5333333333333333,22.21818789590132,0.0001083289971575141,0.025477690933378958,1
v0,Garr200112-r1,Garr200112,B0,13,40,16,0.4,15,8,0.5333333333333333,22.21818789590132,0.0001083289971575141,0.025477690933378958,1
v0,Garr200112-r1,Garr200112,B0,14,40,16,0.4,15,8,0.5333333333333333,22.21818789590132,0.0001083289971575141,0.025477690933378958,1
v0,Garr200112-r1,Garr200112,B0,15,40,16,0.4,15,8,0.5333333333333333,22.21818789590132,0.0001083289971575141,0.025477690933378958,1
v0,Garr200112-r1,Garr200112,B0,16,40,16,0.4,15,8,0.5333333333333333,22.21818789590132,0.0001083289971575141,0.025477690933378958,1
v0,Garr200112-r1,Garr200112,B0,17,40,16,0.4,15,8,0.5333333333333333,22.21818789590132,0.0001083289971575141,0.025477690933378958,1
v0,Garr200112-r1,Garr200112,B0,18,40,16,0.4,15,8,0.5333333333333333,22.21818789590132,0.0001083289971575141,0.025477690933378958,1
v0,Garr200112-r1,Garr200112,B0,19,40,16,0.4,15,8,0.5333333333333333,22.21818789590132,0.0001083289971575141,0.025477690933378958,1
v0,Garr200112-r1,Garr200112,B0,20,40,16,0.4,15,8,0.5333333333333333,22.21818789590132,0.0001083289971575141,0.025477690933378958,1
v0,Garr200112-r1,Garr200112,B0,21,40,16,0.4,15,8,0.5333333333333333,22.21818789590132,0.0001083289971575141,0.025477690933378958,1
v0,Garr200112-r1,Garr200112,B0,22,40,16,0.4,15,8,0.5333333333333333,22.21818789590132,0.0001083289971575141,0.025477690933378958,1
v0,Garr200112-r1,Garr200112,B0,23,40,16,0.4,15,8,0.5333333333333333,22.21818789590132,0.0001083289971575141,0.025477690933378958,1
v0,Garr200112-r1,Garr200112,B0,24,40,16,0.4,15,8,0.5333333333333333,22.21818789590132,0.0001083289971575141,0.025477690933378958,1
v0,Garr200112-r1,Garr200112,B0,25,40,16,0.4,15,8,0.5333333333333333,22.21818789590132,0.0001083289971575141,0.025477690933378958,1
v0,Garr200112-r1,Garr200112,B0,26,40,16,0.4,15,8,0.5333333333333333,22.21818789590132,0.0001083289971575141,0.025477690933378958,1
v0,Garr200112-r1,Garr200112,B0,27,40,16,0.4,15,8,0.5333333333333333,22.21818789590132,0.0001083289971575141,0.025477690933378958,1
v0,Garr200112-r1,Garr200112,B0,28,40,16,0.4,15,8,0.5333333333333333,22.21818789590132,0.0001083289971575141,0.025477690933378958,1
v0,Garr200112-r1,Garr200112,B0,29,40,16,0.4,15,8,0.5333333333333333,22.21818789590132,0.0001083289971575141,0.025477690933378958,1
v0,Garr200112-r1,Garr200112,B1,0,40,21,0.525,15,15,1.0,18.71589838671112,0.13633301500522066,0.03954914196656319,1
v0,Garr200112-r1,Garr200112,B1,1,40,23,0.575,15,15,1.0,14.722611279763905,0.13633301500522066,0.03954914196656319,1
v0,Garr200112-r1,Garr200112,B1,2,40,23,0.575,15,15,1.0,16.388027913219542,0.13633301500522066,0.03954914196656319,1
v0,Garr200112-r1,Garr200112,B1,3,40,23,0.575,15,15,1.0,15.754341750791497,0.13633301500522066,0.03954914196656319,1
v0,Garr200112-r1,Garr200112,B1,4,40,24,0.6,15,15,1.0,15.158203586644177,0.13633301500522066,0.03954914196656319,1
v0,Garr200112-r1,Garr200112,B1,5,40,23,0.575,15,15,1.0,15.582968835002902,0.13633301500522066,0.03954914196656319,1
v0,Garr200112-r1,Garr200112,B1,6,40,23,0.575,15,15,1.0,15.178807567308477,0.13633301500522066,0.03954914196656319,1
v0,Garr200112-r1,Garr200112,B1,7,40,21,0.525,15,15,1.0,17.235162787961688,0.13633301500522066,0.03954914196656319,1
v0,Garr200112-r1,Garr200112,B1,8,40,24,0.6,15,15,1.0,15.189655766636378,0.13633301500522066,0.03954914196656319,1
v0,Garr200112-r1,Garr200112,B1,9,40,24,0.6,15,15,1.0,15.539904515347375,0.13633301500522066,0.03954914196656319,1
v0,Garr200112-r1,Garr200112,B1,10,40,23,0.575,15,15,1.0,15.274621255925853,0.13633301500522066,0.03954914196656319,1
v0,Garr200112-r1,Garr200112,B1,11,40,26,0.65,15,15,1.0,13.823571510742248,0.13633301500522066,0.03954914196656319,1
v0,Garr200112-r1,Garr200112,B1,12,40,22,0.55,15,15,1.0,17.079515908517465,0.13633301500522066,0.03954914196656319,1
v0,Garr200112-r1,Garr200112,B1,13,40,23,0.575,15,15,1.0,14.850951750022473,0.13633301500522066,0.03954914196656319,1
v0,Garr200112-r1,Garr200112,B1,14,40,22,0.55,15,15,1.0,15.488808244780607,0.13633301500522066,0.03954914196656319,1
v0,Garr200112-r1,Garr200112,B1,15,40,22,0.55,15,15,1.0,17.448675708571685,0.13633301500522066,0.03954914196656319,1
v0,Garr200112-r1,Garr200112,B1,16,40,23,0.575,15,15,1.0,16.34430099125647,0.13633301500522066,0.03954914196656319,1
v0,Garr200112-r1,Garr200112,B1,17,40,22,0.55,15,15,1.0,16.689135956481685,0.13633301500522066,0.03954914196656319,1
v0,Garr200112-r1,Garr200112,B1,18,40,23,0.575,15,15,1.0,16.07114100525055,0.13633301500522066,0.03954914196656319,1
v0,Garr200112-r1,Garr200112,B1,19,40,21,0.525,15,15,1.0,17.8059238226931,0.13633301500522066,0.03954914196656319,1
v0,Garr200112-r1,Garr200112,B1,20,40,22,0.55,15,15,1.0,16.295019095605266,0.13633301500522066,0.03954914196656319,1
v0,Garr200112-r1,Garr200112,B1,21,40,23,0.575,15,15,1.0,16.247565201767774,0.13633301500522066,0.03954914196656319,1
v0,Garr200112-r1,Garr200112,B1,22,40,24,0.6,15,15,1.0,14.754495167838103,0.13633301500522066,0.03954914196656319,1
v0,Garr200112-r1,Garr200112,B1,23,40,24,0.6,15,15,1.0,14.812394783335494,0.13633301500522066,0.03954914196656319,1
v0,Garr200112-r1,Garr200112,B1,24,40,21,0.525,15,15,1.0,16.67676893683039,0.13633301500522066,0.03954914196656319,1
v0,Garr200112-r1,Garr200112,B1,25,40,23,0.575,15,15,1.0,16.073415924110957,0.13633301500522066,0.03954914196656319,1
v0,Garr200112-r1,Garr200112,B1,26,40,22,0.55,15,15,1.0,15.355739663991773,0.13633301500522066,0.03954914196656319,1
v0,Garr200112-r1,Garr200112,B1,27,40,24,0.6,15,15,1.0,15.749364134234133,0.13633301500522066,0.03954914196656319,1
v0,Garr200112-r1,Garr200112,B1,28,40,24,0.6,15,15,1.0,13.8138963471827,0.13633301500522066,0.03954914196656319,1
v0,Garr200112-r1,Garr200112,B1,29,40,22,0.55,15,15,1.0,15.856897862295638,0.13633301500522066,0.03954914196656319,1
v0,Garr200112-r2,Garr200112,B0,0,40,28,0.7,15,12,0.8,7.950282682666268,0.0001349099984508939,0.054389332233404274,1
v0,Garr200112-r2,Garr200112,B0,1,40,28,0.7,15,12,0.8,7.950282682666268,0.0001349099984508939,0.054389332233404274,1
v0,Garr200112-r2,Garr200112,B0,2,40,28,0.7,15,12,0.8,7.950282682666268,0.0001349099984508939,0.054389332233404274,1
v0,Garr200112-r2,Garr200112,B0,3,40,28,0.7,15,12,0.8,7.950282682666268,0.0001349099984508939,0.054389332233404274,1
v0,Garr200112-r2,Garr200112,B0,4,40,28,0.7,15,12,0.8,7.950282682666268,0.0001349099984508939,0.054389332233404274,1
v0,Garr200112-r2,Garr200112,B0,5,40,28,0.7,15,12,0.8,7.950282682666268,0.0001349099984508939,0.054389332233404274,1
v0,Garr200112-r2,Garr200112,B0,6,40,28,0.7,15,12,0.8,7.950282682666268,0.0001349099984508939,0.054389332233404274,1
v0,Garr200112-r2,Garr200112,B0,7,40,28,0.7,15,12,0.8,7.950282682666268,0.0001349099984508939,0.054389332233404274,1
v0,Garr200112-r2,Garr200112,B0,8,40,28,0.7,15,12,0.8,7.950282682666268,0.0001349099984508939,0.054389332233404274,1
v0,Garr200112-r2,Garr200112,B0,9,40,28,0.7,15,12,0.8,7.950282682666268,0.0001349099984508939,0.054389332233404274,1
v0,Garr200112-r2,Garr200112,B0,10,40,28,0.7,15,12,0.8,7.950282682666268,0.0001349099984508939,0.054389332233404274,1
v0,Garr200112-r2,Garr200112,B0,11,40,28,0.7,15,12,0.8,7.950282682666268,0.0001349099984508939,0.054389332233404274,1
v0,Garr200112-r2,Garr200112,B0,12,40,28,0.7,15,12,0.8,7.950282682666268,0.0001349099984508939,0.054389332233404274,1
v0,Garr200112-r2,Garr200112,B0,13,40,28,0.7,15,12,0.8,7.950282682666268,0.0001349099984508939,0.054389332233404274,1
v0,Garr200112-r2,Garr200112,B0,14,40,28,0.7,15,12,0.8,7.950282682666268,0.0001349099984508939,0.054389332233404274,1
v0,Garr200112-r2,Garr200112,B0,15,40,28,0.7,15,12,0.8,7.950282682666268,0.0001349099984508939,0.054389332233404274,1
v0,Garr200112-r2,Garr200112,B0,16,40,28,0.7,15,12,0.8,7.950282682666268,0.0001349099984508939,0.054389332233404274,1
v0,Garr200112-r2,Garr200112,B0,17,40,28,0.7,15,12,0.8,7.950282682666268,0.0001349099984508939,0.054389332233404274,1
v0,Garr200112-r2,Garr200112,B0,18,40,28,0.7,15,12,0.8,7.950282682666268,0.0001349099984508939,0.054389332233404274,1
v0,Garr200112-r2,Garr200112,B0,19,40,28,0.7,15,12,0.8,7.950282682666268,0.0001349099984508939,0.054389332233404274,1
v0,Garr200112-r2,Garr200112,B0,20,40,28,0.7,15,12,0.8,7.950282682666268,0.0001349099984508939,0.054389332233404274,1
v0,Garr200112-r2,Garr200112,B0,21,40,28,0.7,15,12,0.8,7.950282682666268,0.0001349099984508939,0.054389332233404274,1
v0,Garr200112-r2,Garr200112,B0,22,40,28,0.7,15,12,0.8,7.950282682666268,0.0001349099984508939,0.054389332233404274,1
v0,Garr200112-r2,Garr200112,B0,23,40,28,0.7,15,12,0.8,7.950282682666268,0.0001349099984508939,0.054389332233404274,1
v0,Garr200112-r2,Garr200112,B0,24,40,28,0.7,15,12,0.8,7.950282682666268,0.0001349099984508939,0.054389332233404274,1
v0,Garr200112-r2,Garr200112,B0,25,40,28,0.7,15,12,0.8,7.950282682666268,0.0001349099984508939,0.054389332233404274,1
v0,Garr200112-r2,Garr200112,B0,26,40,28,0.7,15,12,0.8,7.950282682666268,0.0001349099984508939,0.054389332233404274,1
v0,Garr200112-r2,Garr200112,B0,27,40,28,0.7,15,12,0.8,7.950282682666268,0.0001349099984508939,0.054389332233404274,1
v0,Garr200112-r2,Garr200112,B0,28,40,28,0.7,15,12,0.8,7.950282682666268,0.0001349099984508939,0.054389332233404274,1
v0,Garr200112-r2,Garr200112,B0,29,40,28,0.7,15,12,0.8,7.950282682666268,0.0001349099984508939,0.054389332233404274,1
v0,Garr200112-r2,Garr200112,B1,0,40,31,0.775,15,15,1.0,8.219301744247723,0.1902287580014672,0.04293195296680399,1
v0,Garr200112-r2,Garr200112,B1,1,40,31,0.775,15,15,1.0,8.220188692856713,0.1902287580014672,0.04293195296680399,1
v0,Garr200112-r2,Garr200112,B1,2,40,31,0.775,15,15,1.0,8.219956106445492,0.1902287580014672,0.04293195296680399,1
v0,Garr200112-r2,Garr200112,B1,3,40,30,0.75,15,15,1.0,8.773967950255678,0.1902287580014672,0.04293195296680399,1
v0,Garr200112-r2,Garr200112,B1,4,40,31,0.775,15,15,1.0,8.21973101272775,0.1902287580014672,0.04293195296680399,1
v0,Garr200112-r2,Garr200112,B1,5,40,31,0.775,15,15,1.0,8.219956106445492,0.1902287580014672,0.04293195296680399,1
v0,Garr200112-r2,Garr200112,B1,6,40,31,0.775,15,15,1.0,8.219301744247723,0.1902287580014672,0.04293195296680399,1
v0,Garr200112-r2,Garr200112,B1,7,40,31,0.775,15,15,1.0,8.219956106445492,0.1902287580014672,0.04293195296680399,1
v0,Garr200112-r2,Garr200112,B1,8,40,30,0.75,15,15,1.0,8.788433890923464,0.1902287580014672,0.04293195296680399,1
v0,Garr200112-r2,Garr200112,B1,9,40,31,0.775,15,15,1.0,8.219513014617595,0.1902287580014672,0.04293195296680399,1
v0,Garr200112-r2,Garr200112,B1,10,40,31,0.775,15,15,1.0,8.219956106445492,0.1902287580014672,0.04293195296680399,1
v0,Garr200112-r2,Garr200112,B1,11,40,31,0.775,15,15,1.0,8.219956106445492,0.1902287580014672,0.04293195296680399,1
v0,Garr200112-r2,Garr200112,B1,12,40,30,0.75,15,15,1.0,8.564680053420746,0.1902287580014672,0.04293195296680399,1
v0,Garr200112-r2,Garr200112,B1,13,40,31,0.775,15,15,1.0,8.21973101272775,0.1902287580014672,0.04293195296680399,1
v0,Garr200112-r2,Garr200112,B1,14,40,31,0.775,15,15,1.0,8.21973101272775,0.1902287580014672,0.04293195296680399,1
v0,Garr200112-r2,Garr200112,B1,15,40,31,0.775,15,15,1.0,8.220188692856713,0.1902287580014672,0.04293195296680399,1
v0,Garr200112-r2,Garr200112,B1,16,40,31,0.775,15,15,1.0,8.220188692856713,0.1902287580014672,0.04293195296680399,1
v0,Garr200112-r2,Garr200112,B1,17,40,31,0.775,15,15,1.0,8.219956106445492,0.1902287580014672,0.04293195296680399,1
v0,Garr200112-r2,Garr200112,B1,18,40,31,0.775,15,15,1.0,8.219956106445492,0.1902287580014672,0.04293195296680399,1
v0,Garr200112-r2,Garr200112,B1,19,40,31,0.775,15,15,1.0,8.21973101272775,0.1902287580014672,0.04293195296680399,1
v0,Garr200112-r2,Garr200112,B1,20,40,30,0.75,15,15,1.0,8.278428234631315,0.1902287580014672,0.04293195296680399,1
v0,Garr200112-r2,Garr200112,B1,21,40,30,0.75,15,15,1.0,8.676508268665494,0.1902287580014672,0.04293195296680399,1
v0,Garr200112-r2,Garr200112,B1,22,40,30,0.75,15,15,1.0,8.602961548092857,0.1902287580014672,0.04293195296680399,1
v0,Garr200112-r2,Garr200112,B1,23,40,31,0.775,15,15,1.0,8.219956106445492,0.1902287580014672,0.04293195296680399,1
v0,Garr200112-r2,Garr200112,B1,24,40,31,0.775,15,15,1.0,8.21973101272775,0.1902287580014672,0.04293195296680399,1
v0,Garr200112-r2,Garr200112,B1,25,40,31,0.775,15,15,1.0,8.219956106445492,0.1902287580014672,0.04293195296680399,1
v0,Garr200112-r2,Garr200112,B1,26,40,31,0.775,15,15,1.0,8.21973101272775,0.1902287580014672,0.04293195296680399,1
v0,Garr200112-r2,Garr200112,B1,27,40,31,0.775,15,15,1.0,8.21973101272775,0.1902287580014672,0.04293195296680399,1
v0,Garr200112-r2,Garr200112,B1,28,40,31,0.775,15,15,1.0,8.219513014617595,0.1902287580014672,0.04293195296680399,1
v0,Garr200112-r2,Garr200112,B1,29,40,31,0.775,15,15,1.0,8.219301744247723,0.1902287580014672,0.04293195296680399,1
v0,Garr200404-r0,Garr200404,B0,0,40,20,0.5,15,9,0.6,19.173065187707667,0.00010600799578242004,0.02637870313337771,1
v0,Garr200404-r0,Garr200404,B0,1,40,20,0.5,15,9,0.6,19.173065187707667,0.00010600799578242004,0.02637870313337771,1
v0,Garr200404-r0,Garr200404,B0,2,40,20,0.5,15,9,0.6,19.173065187707667,0.00010600799578242004,0.02637870313337771,1
v0,Garr200404-r0,Garr200404,B0,3,40,20,0.5,15,9,0.6,19.173065187707667,0.00010600799578242004,0.02637870313337771,1
v0,Garr200404-r0,Garr200404,B0,4,40,20,0.5,15,9,0.6,19.173065187707667,0.00010600799578242004,0.02637870313337771,1
v0,Garr200404-r0,Garr200404,B0,5,40,20,0.5,15,9,0.6,19.173065187707667,0.00010600799578242004,0.02637870313337771,1
v0,Garr200404-r0,Garr200404,B0,6,40,20,0.5,15,9,0.6,19.173065187707667,0.00010600799578242004,0.02637870313337771,1
v0,Garr200404-r0,Garr200404,B0,7,40,20,0.5,15,9,0.6,19.173065187707667,0.00010600799578242004,0.02637870313337771,1
v0,Garr200404-r0,Garr200404,B0,8,40,20,0.5,15,9,0.6,19.173065187707667,0.00010600799578242004,0.02637870313337771,1
v0,Garr200404-r0,Garr200404,B0,9,40,20,0.5,15,9,0.6,19.173065187707667,0.00010600799578242004,0.02637870313337771,1
v0,Garr200404-r0,Garr200404,B0,10,40,20,0.5,15,9,0.6,19.173065187707667,0.00010600799578242004,0.02637870313337771,1
v0,Garr200404-r0,Garr200404,B0,11,40,20,0.5,15,9,0.6,19.173065187707667,0.00010600799578242004,0.02637870313337771,1
v0,Garr200404-r0,Garr200404,B0,12,40,20,0.5,15,9,0.6,19.173065187707667,0.00010600799578242004,0.02637870313337771,1
v0,Garr200404-r0,Garr200404,B0,13,40,20,0.5,15,9,0.6,19.173065187707667,0.00010600799578242004,0.02637870313337771,1
v0,Garr200404-r0,Garr200404,B0,14,40,20,0.5,15,9,0.6,19.173065187707667,0.00010600799578242004,0.02637870313337771,1
v0,Garr200404-r0,Garr200404,B0,15,40,20,0.5,15,9,0.6,19.173065187707667,0.00010600799578242004,0.02637870313337771,1
v0,Garr200404-r0,Garr200404,B0,16,40,20,0.5,15,9,0.6,19.173065187707667,0.00010600799578242004,0.02637870313337771,1
v0,Garr200404-r0,Garr200404,B0,17,40,20,0.5,15,9,0.6,19.173065187707667,0.00010600799578242004,0.02637870313337771,1
v0,Garr200404-r0,Garr200404,B0,18,40,20,0.5,15,9,0.6,19.173065187707667,0.00010600799578242004,0.02637870313337771,1
v0,Garr200404-r0,Garr200404,B0,19,40,20,0.5,15,9,0.6,19.173065187707667,0.00010600799578242004,0.02637870313337771,1
v0,Garr200404-r0,Garr200404,B0,20,40,20,0.5,15,9,0.6,19.173065187707667,0.00010600799578242004,0.02637870313337771,1
v0,Garr200404-r0,Garr200404,B0,21,40,20,0.5,15,9,0.6,19.173065187707667,0.00010600799578242004,0.02637870313337771,1
v0,Garr200404-r0,Garr200404,B0,22,40,20,0.5,15,9,0.6,19.173065187707667,0.00010600799578242004,0.02637870313337771,1
v0,Garr200404-r0,Garr200404,B0,23,40,20,0.5,15,9,0.6,19.173065187707667,0.00010600799578242004,0.02637870313337771,1
v0,Garr200404-r0,Garr200404,B0,24,40,20,0.5,15,9,0.6,19.173065187707667,0.00010600799578242004,0.02637870313337771,1
v0,Garr200404-r0,Garr200404,B0,25,40,20,0.5,15,9,0.6,19.173065187707667,0.00010600799578242004,0.02637870313337771,1
v0,Garr200404-r0,Garr200404,B0,26,40,20,0.5,15,9,0.6,19.173065187707667,0.00010600799578242004,0.02637870313337771,1
v0,Garr200404-r0,Garr200404,B0,27,40,20,0.5,15,9,0.6,19.173065187707667,0.00010600799578242004,0.02637870313337771,1
v0,Garr200404-r0,Garr200404,B0,28,40,20,0.5,15,9,0.6,19.173065187707667,0.00010600799578242004,0.02637870313337771,1
v0,Garr200404-r0,Garr200404,B0,29,40,20,0.5,15,9,0.6,19.173065187707667,0.00010600799578242004,0.02637870313337771,1
v0,Garr200404-r0,Garr200404,B1,0,40,27,0.675,15,15,1.0,12.453385638069772,0.21293934300047113,0.03767194073322268,1
v0,Garr200404-r0,Garr200404,B1,1,40,25,0.625,15,15,1.0,13.883972046284537,0.21293934300047113,0.03767194073322268,1
v0,Garr200404-r0,Garr200404,B1,2,40,26,0.65,15,15,1.0,12.450488524998274,0.21293934300047113,0.03767194073322268,1
v0,Garr200404-r0,Garr200404,B1,3,40,24,0.6,15,15,1.0,15.229709249524833,0.21293934300047113,0.03767194073322268,1
v0,Garr200404-r0,Garr200404,B1,4,40,25,0.625,15,15,1.0,13.67578005971215,0.21293934300047113,0.03767194073322268,1
v0,Garr200404-r0,Garr200404,B1,5,40,26,0.65,15,15,1.0,13.242750176745139,0.21293934300047113,0.03767194073322268,1
v0,Garr200404-r0,Garr200404,B1,6,40,26,0.65,15,15,1.0,12.525730193332418,0.21293934300047113,0.03767194073322268,1
v0,Garr200404-r0,Garr200404,B1,7,40,26,0.65,15,15,1.0,12.643842853462328,0.21293934300047113,0.03767194073322268,1
v0,Garr200404-r0,Garr200404,B1,8,40,27,0.675,15,15,1.0,12.364302931818312,0.21293934300047113,0.03767194073322268,1
v0,Garr200404-r0,Garr200404,B1,9,40,26,0.65,15,15,1.0,12.637392744267292,0.21293934300047113,0.03767194073322268,1
v0,Garr200404-r0,Garr200404,B1,10,40,25,0.625,15,15,1.0,13.860945317349831,0.21293934300047113,0.03767194073322268,1
v0,Garr200404-r0,Garr200404,B1,11,40,26,0.65,15,15,1.0,12.523275157615537,0.21293934300047113,0.03767194073322268,1
v0,Garr200404-r0,Garr200404,B1,12,40,26,0.65,15,15,1.0,13.43029318566779,0.21293934300047113,0.03767194073322268,1
v0,Garr200404-r0,Garr200404,B1,13,40,27,0.675,15,15,1.0,11.332496856046026,0.21293934300047113,0.03767194073322268,1
v0,Garr200404-r0,Garr200404,B1,14,40,26,0.65,15,15,1.0,12.653556700092317,0.21293934300047113,0.03767194073322268,1
v0,Garr200404-r0,Garr200404,B1,15,40,25,0.625,15,15,1.0,13.871691168152328,0.21293934300047113,0.03767194073322268,1
v0,Garr200404-r0,Garr200404,B1,16,40,27,0.675,15,15,1.0,12.279596083349842,0.21293934300047113,0.03767194073322268,1
v0,Garr200404-r0,Garr200404,B1,17,40,26,0.65,15,15,1.0,12.753161225589709,0.21293934300047113,0.03767194073322268,1
v0,Garr200404-r0,Garr200404,B1,18,40,26,0.65,15,15,1.0,12.641114062594847,0.21293934300047113,0.03767194073322268,1
v0,Garr200404-r0,Garr200404,B1,19,40,27,0.675,15,15,1.0,11.378392706689535,0.21293934300047113,0.03767194073322268,1
v0,Garr200404-r0,Garr200404,B1,20,40,26,0.65,15,15,1.0,12.58289556966277,0.21293934300047113,0.03767194073322268,1
v0,Garr200404-r0,Garr200404,B1,21,40,26,0.65,15,15,1.0,12.302404773395823,0.21293934300047113,0.03767194073322268,1
v0,Garr200404-r0,Garr200404,B1,22,40,28,0.7,15,15,1.0,11.505247055622235,0.21293934300047113,0.03767194073322268,1
v0,Garr200404-r0,Garr200404,B1,23,40,25,0.625,15,15,1.0,13.537687860245873,0.21293934300047113,0.03767194073322268,1
v0,Garr200404-r0,Garr200404,B1,24,40,26,0.65,15,15,1.0,13.552303032266286,0.21293934300047113,0.03767194073322268,1
v0,Garr200404-r0,Garr200404,B1,25,40,26,0.65,15,15,1.0,12.88970359325568,0.21293934300047113,0.03767194073322268,1
v0,Garr200404-r0,Garr200404,B1,26,40,25,0.625,15,15,1.0,12.507769964757381,0.21293934300047113,0.03767194073322268,1
v0,Garr200404-r0,Garr200404,B1,27,40,26,0.65,15,15,1.0,12.86105233703079,0.21293934300047113,0.03767194073322268,1
v0,Garr200404-r0,Garr200404,B1,28,40,26,0.65,15,15,1.0,12.684267072043655,0.21293934300047113,0.03767194073322268,1
v0,Garr200404-r0,Garr200404,B1,29,40,26,0.65,15,15,1.0,12.022407982732926,0.21293934300047113,0.03767194073322268,1
v0,Garr200404-r1,Garr200404,B0,0,40,19,0.475,15,10,0.6666666666666666,18.255298645139153,0.00010634099453454837,0.030067750833404717,1
v0,Garr200404-r1,Garr200404,B0,1,40,19,0.475,15,10,0.6666666666666666,18.255298645139153,0.00010634099453454837,0.030067750833404717,1
v0,Garr200404-r1,Garr200404,B0,2,40,19,0.475,15,10,0.6666666666666666,18.255298645139153,0.00010634099453454837,0.030067750833404717,1
v0,Garr200404-r1,Garr200404,B0,3,40,19,0.475,15,10,0.6666666666666666,18.255298645139153,0.00010634099453454837,0.030067750833404717,1
v0,Garr200404-r1,Garr200404,B0,4,40,19,0.475,15,10,0.6666666666666666,18.255298645139153,0.00010634099453454837,0.030067750833404717,1
v0,Garr200404-r1,Garr200404,B0,5,40,19,0.475,15,10,0.6666666666666666,18.255298645139153,0.00010634099453454837,0.030067750833404717,1
v0,Garr200404-r1,Garr200404,B0,6,40,19,0.475,15,10,0.6666666666666666,18.255298645139153,0.00010634099453454837,0.030067750833404717,1
v0,Garr200404-r1,Garr200404,B0,7,40,19,0.475,15,10,0.6666666666666666,18.255298645139153,0.00010634099453454837,0.030067750833404717,1
v0,Garr200404-r1,Garr200404,B0,8,40,19,0.475,15,10,0.6666666666666666,18.255298645139153,0.00010634099453454837,0.030067750833404717,1
v0,Garr200404-r1,Garr200404,B0,9,40,19,0.475,15,10,0.6666666666666666,18.255298645139153,0.00010634099453454837,0.030067750833404717,1
v0,Garr200404-r1,Garr200404,B0,10,40,19,0.475,15,10,0.6666666666666666,18.255298645139153,0.00010634099453454837,0.030067750833404717,1
v0,Garr200404-r1,Garr200404,B0,11,40,19,0.475,15,10,0.6666666666666666,18.255298645139153,0.00010634099453454837,0.030067750833404717,1
v0,Garr200404-r1,Garr200404,B0,12,40,19,0.475,15,10,0.6666666666666666,18.255298645139153,0.00010634099453454837,0.030067750833404717,1
v0,Garr200404-r1,Garr200404,B0,13,40,19,0.475,15,10,0.6666666666666666,18.255298645139153,0.00010634099453454837,0.030067750833404717,1
v0,Garr200404-r1,Garr200404,B0,14,40,19,0.475,15,10,0.6666666666666666,18.255298645139153,0.00010634099453454837,0.030067750833404717,1
v0,Garr200404-r1,Garr200404,B0,15,40,19,0.475,15,10,0.6666666666666666,18.255298645139153,0.00010634099453454837,0.030067750833404717,1
v0,Garr200404-r1,Garr200404,B0,16,40,19,0.475,15,10,0.6666666666666666,18.255298645139153,0.00010634099453454837,0.030067750833404717,1
v0,Garr200404-r1,Garr200404,B0,17,40,19,0.475,15,10,0.6666666666666666,18.255298645139153,0.00010634099453454837,0.030067750833404717,1
v0,Garr200404-r1,Garr200404,B0,18,40,19,0.475,15,10,0.6666666666666666,18.255298645139153,0.00010634099453454837,0.030067750833404717,1
v0,Garr200404-r1,Garr200404,B0,19,40,19,0.475,15,10,0.6666666666666666,18.255298645139153,0.00010634099453454837,0.030067750833404717,1
v0,Garr200404-r1,Garr200404,B0,20,40,19,0.475,15,10,0.6666666666666666,18.255298645139153,0.00010634099453454837,0.030067750833404717,1
v0,Garr200404-r1,Garr200404,B0,21,40,19,0.475,15,10,0.6666666666666666,18.255298645139153,0.00010634099453454837,0.030067750833404717,1
v0,Garr200404-r1,Garr200404,B0,22,40,19,0.475,15,10,0.6666666666666666,18.255298645139153,0.00010634099453454837,0.030067750833404717,1
v0,Garr200404-r1,Garr200404,B0,23,40,19,0.475,15,10,0.6666666666666666,18.255298645139153,0.00010634099453454837,0.030067750833404717,1
v0,Garr200404-r1,Garr200404,B0,24,40,19,0.475,15,10,0.6666666666666666,18.255298645139153,0.00010634099453454837,0.030067750833404717,1
v0,Garr200404-r1,Garr200404,B0,25,40,19,0.475,15,10,0.6666666666666666,18.255298645139153,0.00010634099453454837,0.030067750833404717,1
v0,Garr200404-r1,Garr200404,B0,26,40,19,0.475,15,10,0.6666666666666666,18.255298645139153,0.00010634099453454837,0.030067750833404717,1
v0,Garr200404-r1,Garr200404,B0,27,40,19,0.475,15,10,0.6666666666666666,18.255298645139153,0.00010634099453454837,0.030067750833404717,1
v0,Garr200404-r1,Garr200404,B0,28,40,19,0.475,15,10,0.6666666666666666,18.255298645139153,0.00010634099453454837,0.030067750833404717,1
v0,Garr200404-r1,Garr200404,B0,29,40,19,0.475,15,10,0.6666666666666666,18.255298645139153,0.00010634099453454837,0.030067750833404717,1
v0,Garr200404-r1,Garr200404,B1,0,40,27,0.675,15,15,1.0,12.18442148202418,0.14451316600025166,0.031458032833324975,1
v0,Garr200404-r1,Garr200404,B1,1,40,28,0.7,15,15,1.0,12.0,0.14451316600025166,0.031458032833324975,1
v0,Garr200404-r1,Garr200404,B1,2,40,26,0.65,15,15,1.0,12.35035634617226,0.14451316600025166,0.031458032833324975,1
v0,Garr200404-r1,Garr200404,B1,3,40,28,0.7,15,15,1.0,12.000000000000002,0.14451316600025166,0.031458032833324975,1
v0,Garr200404-r1,Garr200404,B1,4,40,27,0.675,15,15,1.0,12.032536349362116,0.14451316600025166,0.031458032833324975,1
v0,Garr200404-r1,Garr200404,B1,5,40,28,0.7,15,15,1.0,12.0,0.14451316600025166,0.031458032833324975,1
v0,Garr200404-r1,Garr200404,B1,6,40,27,0.675,15,15,1.0,12.341603648568856,0.14451316600025166,0.031458032833324975,1
v0,Garr200404-r1,Garr200404,B1,7,40,27,0.675,15,15,1.0,12.149486205167324,0.14451316600025166,0.031458032833324975,1
v0,Garr200404-r1,Garr200404,B1,8,40,27,0.675,15,15,1.0,12.188971946680487,0.14451316600025166,0.031458032833324975,1
v0,Garr200404-r1,Garr200404,B1,9,40,25,0.625,15,15,1.0,13.350409617216602,0.14451316600025166,0.031458032833324975,1
v0,Garr200404-r1,Garr200404,B1,10,40,27,0.675,15,15,1.0,12.666820025453472,0.14451316600025166,0.031458032833324975,1
v0,Garr200404-r1,Garr200404,B1,11,40,26,0.65,15,15,1.0,13.030754675565031,0.14451316600025166,0.031458032833324975,1
v0,Garr200404-r1,Garr200404,B1,12,40,27,0.675,15,15,1.0,12.089394758441811,0.14451316600025166,0.031458032833324975,1
v0,Garr200404-r1,Garr200404,B1,13,40,26,0.65,15,15,1.0,12.642170004104738,0.14451316600025166,0.031458032833324975,1
v0,Garr200404-r1,Garr200404,B1,14,40,26,0.65,15,15,1.0,12.254166290979846,0.14451316600025166,0.031458032833324975,1
v0,Garr200404-r1,Garr200404,B1,15,40,26,0.65,15,15,1.0,12.566897892748182,0.14451316600025166,0.031458032833324975,1
v0,Garr200404-r1,Garr200404,B1,16,40,28,0.7,15,15,1.0,12.0,0.14451316600025166,0.031458032833324975,1
v0,Garr200404-r1,Garr200404,B1,17,40,26,0.65,15,15,1.0,12.598864850120885,0.14451316600025166,0.031458032833324975,1
v0,Garr200404-r1,Garr200404,B1,18,40,25,0.625,15,15,1.0,13.036616008340667,0.14451316600025166,0.031458032833324975,1
v0,Garr200404-r1,Garr200404,B1,19,40,28,0.7,15,15,1.0,12.0,0.14451316600025166,0.031458032833324975,1
v0,Garr200404-r1,Garr200404,B1,20,40,24,0.6,15,15,1.0,13.696185298879087,0.14451316600025166,0.031458032833324975,1
v0,Garr200404-r1,Garr200404,B1,21,40,27,0.675,15,15,1.0,12.12111174096584,0.14451316600025166,0.031458032833324975,1
v0,Garr200404-r1,Garr200404,B1,22,40,28,0.7,15,15,1.0,12.0,0.14451316600025166,0.031458032833324975,1
v0,Garr200404-r1,Garr200404,B1,23,40,27,0.675,15,15,1.0,12.019146061131591,0.14451316600025166,0.031458032833324975,1
v0,Garr200404-r1,Garr200404,B1,24,40,27,0.675,15,15,1.0,12.233637822812993,0.14451316600025166,0.031458032833324975,1
v0,Garr200404-r1,Garr200404,B1,25,40,25,0.625,15,15,1.0,13.458361221933107,0.14451316600025166,0.031458032833324975,1
v0,Garr200404-r1,Garr200404,B1,26,40,26,0.65,15,15,1.0,13.006635783000341,0.14451316600025166,0.031458032833324975,1
v0,Garr200404-r1,Garr200404,B1,27,40,26,0.65,15,15,1.0,12.857437777202813,0.14451316600025166,0.031458032833324975,1
v0,Garr200404-r1,Garr200404,B1,28,40,27,0.675,15,15,1.0,12.228899517314614,0.14451316600025166,0.031458032833324975,1
v0,Garr200404-r1,Garr200404,B1,29,40,26,0.65,15,15,1.0,13.32768541163651,0.14451316600025166,0.031458032833324975,1
v0,Garr200404-r2,Garr200404,B0,0,40,23,0.575,15,10,0.6666666666666666,14.098974224960136,0.000122211997222621,0.0397583938332294,1
v0,Garr200404-r2,Garr200404,B0,1,40,23,0.575,15,10,0.6666666666666666,14.098974224960136,0.000122211997222621,0.0397583938332294,1
v0,Garr200404-r2,Garr200404,B0,2,40,23,0.575,15,10,0.6666666666666666,14.098974224960136,0.000122211997222621,0.0397583938332294,1
v0,Garr200404-r2,Garr200404,B0,3,40,23,0.575,15,10,0.6666666666666666,14.098974224960136,0.000122211997222621,0.0397583938332294,1
v0,Garr200404-r2,Garr200404,B0,4,40,23,0.575,15,10,0.6666666666666666,14.098974224960136,0.000122211997222621,0.0397583938332294,1
v0,Garr200404-r2,Garr200404,B0,5,40,23,0.575,15,10,0.6666666666666666,14.098974224960136,0.000122211997222621,0.0397583938332294,1
v0,Garr200404-r2,Garr200404,B0,6,40,23,0.575,15,10,0.6666666666666666,14.098974224960136,0.000122211997222621,0.0397583938332294,1
v0,Garr200404-r2,Garr200404,B0,7,40,23,0.575,15,10,0.6666666666666666,14.098974224960136,0.000122211997222621,0.0397583938332294,1
v0,Garr200404-r2,Garr200404,B0,8,40,23,0.575,15,10,0.6666666666666666,14.098974224960136,0.000122211997222621,0.0397583938332294,1
v0,Garr200404-r2,Garr200404,B0,9,40,23,0.575,15,10,0.6666666666666666,14.098974224960136,0.000122211997222621,0.0397583938332294,1
v0,Garr200404-r2,Garr200404,B0,10,40,23,0.575,15,10,0.6666666666666666,14.098974224960136,0.000122211997222621,0.0397583938332294,1
v0,Garr200404-r2,Garr200404,B0,11,40,23,0.575,15,10,0.6666666666666666,14.098974224960136,0.000122211997222621,0.0397583938332294,1
v0,Garr200404-r2,Garr200404,B0,12,40,23,0.575,15,10,0.6666666666666666,14.098974224960136,0.000122211997222621,0.0397583938332294,1
v0,Garr200404-r2,Garr200404,B0,13,40,23,0.575,15,10,0.6666666666666666,14.098974224960136,0.000122211997222621,0.0397583938332294,1
v0,Garr200404-r2,Garr200404,B0,14,40,23,0.575,15,10,0.6666666666666666,14.098974224960136,0.000122211997222621,0.0397583938332294,1
v0,Garr200404-r2,Garr200404,B0,15,40,23,0.575,15,10,0.6666666666666666,14.098974224960136,0.000122211997222621,0.0397583938332294,1
v0,Garr200404-r2,Garr200404,B0,16,40,23,0.575,15,10,0.6666666666666666,14.098974224960136,0.000122211997222621,0.0397583938332294,1
v0,Garr200404-r2,Garr200404,B0,17,40,23,0.575,15,10,0.6666666666666666,14.098974224960136,0.000122211997222621,0.0397583938332294,1
v0,Garr200404-r2,Garr200404,B0,18,40,23,0.575,15,10,0.6666666666666666,14.098974224960136,0.000122211997222621,0.0397583938332294,1
v0,Garr200404-r2,Garr200404,B0,19,40,23,0.575,15,10,0.6666666666666666,14.098974224960136,0.000122211997222621,0.0397583938332294,1
v0,Garr200404-r2,Garr200404,B0,20,40,23,0.575,15,10,0.6666666666666666,14.098974224960136,0.000122211997222621,0.0397583938332294,1
v0,Garr200404-r2,Garr200404,B0,21,40,23,0.575,15,10,0.6666666666666666,14.098974224960136,0.000122211997222621,0.0397583938332294,1
v0,Garr200404-r2,Garr200404,B0,22,40,23,0.575,15,10,0.6666666666666666,14.098974224960136,0.000122211997222621,0.0397583938332294,1
v0,Garr200404-r2,Garr200404,B0,23,40,23,0.575,15,10,0.6666666666666666,14.098974224960136,0.000122211997222621,0.0397583938332294,1
v0,Garr200404-r2,Garr200404,B0,24,40,23,0.575,15,10,0.6666666666666666,14.098974224960136,0.000122211997222621,0.0397583938332294,1
v0,Garr200404-r2,Garr200404,B0,25,40,23,0.575,15,10,0.6666666666666666,14.098974224960136,0.000122211997222621,0.0397583938332294,1
v0,Garr200404-r2,Garr200404,B0,26,40,23,0.575,15,10,0.6666666666666666,14.098974224960136,0.000122211997222621,0.0397583938332294,1
v0,Garr200404-r2,Garr200404,B0,27,40,23,0.575,15,10,0.6666666666666666,14.098974224960136,0.000122211997222621,0.0397583938332294,1
v0,Garr200404-r2,Garr200404,B0,28,40,23,0.575,15,10,0.6666666666666666,14.098974224960136,0.000122211997222621,0.0397583938332294,1
v0,Garr200404-r2,Garr200404,B0,29,40,23,0.575,15,10,0.6666666666666666,14.098974224960136,0.000122211997222621,0.0397583938332294,1
v0,Garr200404-r2,Garr200404,B1,0,40,28,0.7,15,15,1.0,11.996038003387035,0.1577634269997361,0.038493709899921666,1
v0,Garr200404-r2,Garr200404,B1,1,40,29,0.725,15,15,1.0,10.279720998200096,0.1577634269997361,0.038493709899921666,1
v0,Garr200404-r2,Garr200404,B1,2,40,29,0.725,15,15,1.0,10.836154773255993,0.1577634269997361,0.038493709899921666,1
v0,Garr200404-r2,Garr200404,B1,3,40,30,0.75,15,15,1.0,10.0,0.1577634269997361,0.038493709899921666,1
v0,Garr200404-r2,Garr200404,B1,4,40,30,0.75,15,15,1.0,10.0,0.1577634269997361,0.038493709899921666,1
v0,Garr200404-r2,Garr200404,B1,5,40,30,0.75,15,15,1.0,10.0,0.1577634269997361,0.038493709899921666,1
v0,Garr200404-r2,Garr200404,B1,6,40,30,0.75,15,15,1.0,10.000000000000002,0.1577634269997361,0.038493709899921666,1
v0,Garr200404-r2,Garr200404,B1,7,40,30,0.75,15,15,1.0,10.0,0.1577634269997361,0.038493709899921666,1
v0,Garr200404-r2,Garr200404,B1,8,40,30,0.75,15,15,1.0,10.0,0.1577634269997361,0.038493709899921666,1
v0,Garr200404-r2,Garr200404,B1,9,40,28,0.7,15,15,1.0,10.669065522220667,0.1577634269997361,0.038493709899921666,1
v0,Garr200404-r2,Garr200404,B1,10,40,29,0.725,15,15,1.0,10.301504398754467,0.1577634269997361,0.038493709899921666,1
v0,Garr200404-r2,Garr200404,B1,11,40,30,0.75,15,15,1.0,10.0,0.1577634269997361,0.038493709899921666,1
v0,Garr200404-r2,Garr200404,B1,12,40,29,0.725,15,15,1.0,10.664934493858123,0.1577634269997361,0.038493709899921666,1
v0,Garr200404-r2,Garr200404,B1,13,40,28,0.7,15,15,1.0,10.567203196966341,0.1577634269997361,0.038493709899921666,1
v0,Garr200404-r2,Garr200404,B1,14,40,29,0.725,15,15,1.0,10.35289742417798,0.1577634269997361,0.038493709899921666,1
v0,Garr200404-r2,Garr200404,B1,15,40,30,0.75,15,15,1.0,10.0,0.1577634269997361,0.038493709899921666,1
v0,Garr200404-r2,Garr200404,B1,16,40,28,0.7,15,15,1.0,11.996038003370796,0.1577634269997361,0.038493709899921666,1
v0,Garr200404-r2,Garr200404,B1,17,40,30,0.75,15,15,1.0,10.000000000000002,0.1577634269997361,0.038493709899921666,1
v0,Garr200404-r2,Garr200404,B1,18,40,29,0.725,15,15,1.0,10.921913737438791,0.1577634269997361,0.038493709899921666,1
v0,Garr200404-r2,Garr200404,B1,19,40,30,0.75,15,15,1.0,10.0,0.1577634269997361,0.038493709899921666,1
v0,Garr200404-r2,Garr200404,B1,20,40,28,0.7,15,15,1.0,11.621725527584399,0.1577634269997361,0.038493709899921666,1
v0,Garr200404-r2,Garr200404,B1,21,40,29,0.725,15,15,1.0,10.249192747157345,0.1577634269997361,0.038493709899921666,1
v0,Garr200404-r2,Garr200404,B1,22,40,28,0.7,15,15,1.0,10.529629680606696,0.1577634269997361,0.038493709899921666,1
v0,Garr200404-r2,Garr200404,B1,23,40,29,0.725,15,15,1.0,10.803086287707638,0.1577634269997361,0.038493709899921666,1
v0,Garr200404-r2,Garr200404,B1,24,40,29,0.725,15,15,1.0,10.204591725703892,0.1577634269997361,0.038493709899921666,1
v0,Garr200404-r2,Garr200404,B1,25,40,30,0.75,15,15,1.0,10.0,0.1577634269997361,0.038493709899921666,1
v0,Garr200404-r2,Garr200404,B1,26,40,29,0.725,15,15,1.0,10.652221151082514,0.1577634269997361,0.038493709899921666,1
v0,Garr200404-r2,Garr200404,B1,27,40,29,0.725,15,15,1.0,10.96736027454129,0.1577634269997361,0.038493709899921666,1
v0,Garr200404-r2,Garr200404,B1,28,40,29,0.725,15,15,1.0,10.651759203135548,0.1577634269997361,0.038493709899921666,1
v0,Garr200404-r2,Garr200404,B1,29,40,29,0.725,15,15,1.0,10.866109358631398,0.1577634269997361,0.038493709899921666,1
v0,Marwan-r0,Marwan,B0,0,40,9,0.225,15,5,0.3333333333333333,28.618888522005296,0.00010283500159857795,0.02881405263324268,1
v0,Marwan-r0,Marwan,B0,1,40,9,0.225,15,5,0.3333333333333333,28.618888522005296,0.00010283500159857795,0.02881405263324268,1
v0,Marwan-r0,Marwan,B0,2,40,9,0.225,15,5,0.3333333333333333,28.618888522005296,0.00010283500159857795,0.02881405263324268,1
v0,Marwan-r0,Marwan,B0,3,40,9,0.225,15,5,0.3333333333333333,28.618888522005296,0.00010283500159857795,0.02881405263324268,1
v0,Marwan-r0,Marwan,B0,4,40,9,0.225,15,5,0.3333333333333333,28.618888522005296,0.00010283500159857795,0.02881405263324268,1
v0,Marwan-r0,Marwan,B0,5,40,9,0.225,15,5,0.3333333333333333,28.618888522005296,0.00010283500159857795,0.02881405263324268,1
v0,Marwan-r0,Marwan,B0,6,40,9,0.225,15,5,0.3333333333333333,28.618888522005296,0.00010283500159857795,0.02881405263324268,1
v0,Marwan-r0,Marwan,B0,7,40,9,0.225,15,5,0.3333333333333333,28.618888522005296,0.00010283500159857795,0.02881405263324268,1
v0,Marwan-r0,Marwan,B0,8,40,9,0.225,15,5,0.3333333333333333,28.618888522005296,0.00010283500159857795,0.02881405263324268,1
v0,Marwan-r0,Marwan,B0,9,40,9,0.225,15,5,0.3333333333333333,28.618888522005296,0.00010283500159857795,0.02881405263324268,1
v0,Marwan-r0,Marwan,B0,10,40,9,0.225,15,5,0.3333333333333333,28.618888522005296,0.00010283500159857795,0.02881405263324268,1
v0,Marwan-r0,Marwan,B0,11,40,9,0.225,15,5,0.3333333333333333,28.618888522005296,0.00010283500159857795,0.02881405263324268,1
v0,Marwan-r0,Marwan,B0,12,40,9,0.225,15,5,0.3333333333333333,28.618888522005296,0.00010283500159857795,0.02881405263324268,1
v0,Marwan-r0,Marwan,B0,13,40,9,0.225,15,5,0.3333333333333333,28.618888522005296,0.00010283500159857795,0.02881405263324268,1
v0,Marwan-r0,Marwan,B0,14,40,9,0.225,15,5,0.3333333333333333,28.618888522005296,0.00010283500159857795,0.02881405263324268,1
v0,Marwan-r0,Marwan,B0,15,40,9,0.225,15,5,0.3333333333333333,28.618888522005296,0.00010283500159857795,0.02881405263324268,1
v0,Marwan-r0,Marwan,B0,16,40,9,0.225,15,5,0.3333333333333333,28.618888522005296,0.00010283500159857795,0.02881405263324268,1
v0,Marwan-r0,Marwan,B0,17,40,9,0.225,15,5,0.3333333333333333,28.618888522005296,0.00010283500159857795,0.02881405263324268,1
v0,Marwan-r0,Marwan,B0,18,40,9,0.225,15,5,0.3333333333333333,28.618888522005296,0.00010283500159857795,0.02881405263324268,1
v0,Marwan-r0,Marwan,B0,19,40,9,0.225,15,5,0.3333333333333333,28.618888522005296,0.00010283500159857795,0.02881405263324268,1
v0,Marwan-r0,Marwan,B0,20,40,9,0.225,15,5,0.3333333333333333,28.618888522005296,0.00010283500159857795,0.02881405263324268,1
v0,Marwan-r0,Marwan,B0,21,40,9,0.225,15,5,0.3333333333333333,28.618888522005296,0.00010283500159857795,0.02881405263324268,1
v0,Marwan-r0,Marwan,B0,22,40,9,0.225,15,5,0.3333333333333333,28.618888522005296,0.00010283500159857795,0.02881405263324268,1
v0,Marwan-r0,Marwan,B0,23,40,9,0.225,15,5,0.3333333333333333,28.618888522005296,0.00010283500159857795,0.02881405263324268,1
v0,Marwan-r0,Marwan,B0,24,40,9,0.225,15,5,0.3333333333333333,28.618888522005296,0.00010283500159857795,0.02881405263324268,1
v0,Marwan-r0,Marwan,B0,25,40,9,0.225,15,5,0.3333333333333333,28.618888522005296,0.00010283500159857795,0.02881405263324268,1
v0,Marwan-r0,Marwan,B0,26,40,9,0.225,15,5,0.3333333333333333,28.618888522005296,0.00010283500159857795,0.02881405263324268,1
v0,Marwan-r0,Marwan,B0,27,40,9,0.225,15,5,0.3333333333333333,28.618888522005296,0.00010283500159857795,0.02881405263324268,1
v0,Marwan-r0,Marwan,B0,28,40,9,0.225,15,5,0.3333333333333333,28.618888522005296,0.00010283500159857795,0.02881405263324268,1
v0,Marwan-r0,Marwan,B0,29,40,9,0.225,15,5,0.3333333333333333,28.618888522005296,0.00010283500159857795,0.02881405263324268,1
v0,Marwan-r0,Marwan,B1,0,40,13,0.325,15,15,1.0,24.450436325816252,0.23111743800109252,0.03227453009991829,1
v0,Marwan-r0,Marwan,B1,1,40,15,0.375,15,15,1.0,23.527646024827803,0.23111743800109252,0.03227453009991829,1
v0,Marwan-r0,Marwan,B1,2,40,14,0.35,15,15,1.0,24.815601619051773,0.23111743800109252,0.03227453009991829,1
v0,Marwan-r0,Marwan,B1,3,40,14,0.35,15,15,1.0,23.712935422009988,0.23111743800109252,0.03227453009991829,1
v0,Marwan-r0,Marwan,B1,4,40,17,0.425,15,15,1.0,23.0,0.23111743800109252,0.03227453009991829,1
v0,Marwan-r0,Marwan,B1,5,40,16,0.4,15,15,1.0,23.56668424032939,0.23111743800109252,0.03227453009991829,1
v0,Marwan-r0,Marwan,B1,6,40,15,0.375,15,15,1.0,24.36620123791364,0.23111743800109252,0.03227453009991829,1
v0,Marwan-r0,Marwan,B1,7,40,13,0.325,15,15,1.0,24.215765842902385,0.23111743800109252,0.03227453009991829,1
v0,Marwan-r0,Marwan,B1,8,40,16,0.4,15,15,1.0,23.782295961478983,0.23111743800109252,0.03227453009991829,1
v0,Marwan-r0,Marwan,B1,9,40,16,0.4,15,15,1.0,23.101791870402785,0.23111743800109252,0.03227453009991829,1
v0,Marwan-r0,Marwan,B1,10,40,15,0.375,15,15,1.0,23.782820686085714,0.23111743800109252,0.03227453009991829,1
v0,Marwan-r0,Marwan,B1,11,40,14,0.35,15,15,1.0,24.31477417120489,0.23111743800109252,0.03227453009991829,1
v0,Marwan-r0,Marwan,B1,12,40,14,0.35,15,15,1.0,24.68472805666512,0.23111743800109252,0.03227453009991829,1
v0,Marwan-r0,Marwan,B1,13,40,15,0.375,15,15,1.0,23.501353861209946,0.23111743800109252,0.03227453009991829,1
v0,Marwan-r0,Marwan,B1,14,40,17,0.425,15,15,1.0,23.0,0.23111743800109252,0.03227453009991829,1
v0,Marwan-r0,Marwan,B1,15,40,11,0.275,15,15,1.0,27.710313549483374,0.23111743800109252,0.03227453009991829,1
v0,Marwan-r0,Marwan,B1,16,40,15,0.375,15,15,1.0,23.306064913086807,0.23111743800109252,0.03227453009991829,1
v0,Marwan-r0,Marwan,B1,17,40,14,0.35,15,15,1.0,24.295439622462276,0.23111743800109252,0.03227453009991829,1
v0,Marwan-r0,Marwan,B1,18,40,17,0.425,15,15,1.0,23.0,0.23111743800109252,0.03227453009991829,1
v0,Marwan-r0,Marwan,B1,19,40,16,0.4,15,15,1.0,23.32727402784919,0.23111743800109252,0.03227453009991829,1
v0,Marwan-r0,Marwan,B1,20,40,13,0.325,15,15,1.0,25.03952666341189,0.23111743800109252,0.03227453009991829,1
v0,Marwan-r0,Marwan,B1,21,40,15,0.375,15,15,1.0,23.362243472270908,0.23111743800109252,0.03227453009991829,1
v0,Marwan-r0,Marwan,B1,22,40,11,0.275,15,15,1.0,25.8330712355216,0.23111743800109252,0.03227453009991829,1
v0,Marwan-r0,Marwan,B1,23,40,14,0.35,15,15,1.0,24.613429061984373,0.23111743800109252,0.03227453009991829,1
v0,Marwan-r0,Marwan,B1,24,40,13,0.325,15,15,1.0,24.811143459212794,0.23111743800109252,0.03227453009991829,1
v0,Marwan-r0,Marwan,B1,25,40,13,0.325,15,15,1.0,24.83118101488271,0.23111743800109252,0.03227453009991829,1
v0,Marwan-r0,Marwan,B1,26,40,15,0.375,15,15,1.0,23.487600490665677,0.23111743800109252,0.03227453009991829,1
v0,Marwan-r0,Marwan,B1,27,40,16,0.4,15,15,1.0,23.43497728464195,0.23111743800109252,0.03227453009991829,1
v0,Marwan-r0,Marwan,B1,28,40,14,0.35,15,15,1.0,24.444695745938226,0.23111743800109252,0.03227453009991829,1
v0,Marwan-r0,Marwan,B1,29,40,15,0.375,15,15,1.0,24.4470498557326,0.23111743800109252,0.03227453009991829,1
v0,Marwan-r1,Marwan,B0,0,40,15,0.375,15,9,0.6,22.21506740564369,9.757299994817004e-05,0.04075135103315309,1
v0,Marwan-r1,Marwan,B0,1,40,15,0.375,15,9,0.6,22.21506740564369,9.757299994817004e-05,0.04075135103315309,1
v0,Marwan-r1,Marwan,B0,2,40,15,0.375,15,9,0.6,22.21506740564369,9.757299994817004e-05,0.04075135103315309,1
v0,Marwan-r1,Marwan,B0,3,40,15,0.375,15,9,0.6,22.21506740564369,9.757299994817004e-05,0.04075135103315309,1
v0,Marwan-r1,Marwan,B0,4,40,15,0.375,15,9,0.6,22.21506740564369,9.757299994817004e-05,0.04075135103315309,1
v0,Marwan-r1,Marwan,B0,5,40,15,0.375,15,9,0.6,22.21506740564369,9.757299994817004e-05,0.04075135103315309,1
v0,Marwan-r1,Marwan,B0,6,40,15,0.375,15,9,0.6,22.21506740564369,9.757299994817004e-05,0.04075135103315309,1
v0,Marwan-r1,Marwan,B0,7,40,15,0.375,15,9,0.6,22.21506740564369,9.757299994817004e-05,0.04075135103315309,1
v0,Marwan-r1,Marwan,B0,8,40,15,0.375,15,9,0.6,22.21506740564369,9.757299994817004e-05,0.04075135103315309,1
v0,Marwan-r1,Marwan,B0,9,40,15,0.375,15,9,0.6,22.21506740564369,9.757299994817004e-05,0.04075135103315309,1
v0,Marwan-r1,Marwan,B0,10,40,15,0.375,15,9,0.6,22.21506740564369,9.757299994817004e-05,0.04075135103315309,1
v0,Marwan-r1,Marwan,B0,11,40,15,0.375,15,9,0.6,22.21506740564369,9.757299994817004e-05,0.04075135103315309,1
v0,Marwan-r1,Marwan,B0,12,40,15,0.375,15,9,0.6,22.21506740564369,9.757299994817004e-05,0.04075135103315309,1
v0,Marwan-r1,Marwan,B0,13,40,15,0.375,15,9,0.6,22.21506740564369,9.757299994817004e-05,0.04075135103315309,1
v0,Marwan-r1,Marwan,B0,14,40,15,0.375,15,9,0.6,22.21506740564369,9.757299994817004e-05,0.04075135103315309,1
v0,Marwan-r1,Marwan,B0,15,40,15,0.375,15,9,0.6,22.21506740564369,9.757299994817004e-05,0.04075135103315309,1
v0,Marwan-r1,Marwan,B0,16,40,15,0.375,15,9,0.6,22.21506740564369,9.757299994817004e-05,0.04075135103315309,1
v0,Marwan-r1,Marwan,B0,17,40,15,0.375,15,9,0.6,22.21506740564369,9.757299994817004e-05,0.04075135103315309,1
v0,Marwan-r1,Marwan,B0,18,40,15,0.375,15,9,0.6,22.21506740564369,9.757299994817004e-05,0.04075135103315309,1
v0,Marwan-r1,Marwan,B0,19,40,15,0.375,15,9,0.6,22.21506740564369,9.757299994817004e-05,0.04075135103315309,1
v0,Marwan-r1,Marwan,B0,20,40,15,0.375,15,9,0.6,22.21506740564369,9.757299994817004e-05,0.04075135103315309,1
v0,Marwan-r1,Marwan,B0,21,40,15,0.375,15,9,0.6,22.21506740564369,9.757299994817004e-05,0.04075135103315309,1
v0,Marwan-r1,Marwan,B0,22,40,15,0.375,15,9,0.6,22.21506740564369,9.757299994817004e-05,0.04075135103315309,1
v0,Marwan-r1,Marwan,B0,23,40,15,0.375,15,9,0.6,22.21506740564369,9.757299994817004e-05,0.04075135103315309,1
v0,Marwan-r1,Marwan,B0,24,40,15,0.375,15,9,0.6,22.21506740564369,9.757299994817004e-05,0.04075135103315309,1
v0,Marwan-r1,Marwan,B0,25,40,15,0.375,15,9,0.6,22.21506740564369,9.757299994817004e-05,0.04075135103315309,1
v0,Marwan-r1,Marwan,B0,26,40,15,0.375,15,9,0.6,22.21506740564369,9.757299994817004e-05,0.04075135103315309,1
v0,Marwan-r1,Marwan,B0,27,40,15,0.375,15,9,0.6,22.21506740564369,9.757299994817004e-05,0.04075135103315309,1
v0,Marwan-r1,Marwan,B0,28,40,15,0.375,15,9,0.6,22.21506740564369,9.757299994817004e-05,0.04075135103315309,1
v0,Marwan-r1,Marwan,B0,29,40,15,0.375,15,9,0.6,22.21506740564369,9.757299994817004e-05,0.04075135103315309,1
v0,Marwan-r1,Marwan,B1,0,40,21,0.525,15,15,1.0,18.57149126269875,0.19425752200186253,0.041561947699907856,1
v0,Marwan-r1,Marwan,B1,1,40,20,0.5,15,15,1.0,19.26666185449235,0.19425752200186253,0.041561947699907856,1
v0,Marwan-r1,Marwan,B1,2,40,16,0.4,15,15,1.0,20.149321025030986,0.19425752200186253,0.041561947699907856,1
v0,Marwan-r1,Marwan,B1,3,40,19,0.475,15,15,1.0,19.34043553152987,0.19425752200186253,0.041561947699907856,1
v0,Marwan-r1,Marwan,B1,4,40,20,0.5,15,15,1.0,18.738654896955435,0.19425752200186253,0.041561947699907856,1
v0,Marwan-r1,Marwan,B1,5,40,20,0.5,15,15,1.0,18.681098109719166,0.19425752200186253,0.041561947699907856,1
v0,Marwan-r1,Marwan,B1,6,40,21,0.525,15,15,1.0,18.10644633168061,0.19425752200186253,0.041561947699907856,1
v0,Marwan-r1,Marwan,B1,7,40,20,0.5,15,15,1.0,19.353954832349633,0.19425752200186253,0.041561947699907856,1
v0,Marwan-r1,Marwan,B1,8,40,19,0.475,15,15,1.0,19.130186398927883,0.19425752200186253,0.041561947699907856,1
v0,Marwan-r1,Marwan,B1,9,40,19,0.475,15,15,1.0,19.812055126286054,0.19425752200186253,0.041561947699907856,1
v0,Marwan-r1,Marwan,B1,10,40,20,0.5,15,15,1.0,19.018709431325938,0.19425752200186253,0.041561947699907856,1
v0,Marwan-r1,Marwan,B1,11,40,20,0.5,15,15,1.0,19.53309161918018,0.19425752200186253,0.041561947699907856,1
v0,Marwan-r1,Marwan,B1,12,40,20,0.5,15,15,1.0,19.225890900325236,0.19425752200186253,0.041561947699907856,1
v0,Marwan-r1,Marwan,B1,13,40,18,0.45,15,15,1.0,21.46042315588495,0.19425752200186253,0.041561947699907856,1
v0,Marwan-r1,Marwan,B1,14,40,20,0.5,15,15,1.0,19.467074199149376,0.19425752200186253,0.041561947699907856,1
v0,Marwan-r1,Marwan,B1,15,40,21,0.525,15,15,1.0,18.768493262854467,0.19425752200186253,0.041561947699907856,1
v0,Marwan-r1,Marwan,B1,16,40,22,0.55,15,15,1.0,18.0,0.19425752200186253,0.041561947699907856,1
v0,Marwan-r1,Marwan,B1,17,40,19,0.475,15,15,1.0,19.698079777442352,0.19425752200186253,0.041561947699907856,1
v0,Marwan-r1,Marwan,B1,18,40,20,0.5,15,15,1.0,19.217414827956333,0.19425752200186253,0.041561947699907856,1
v0,Marwan-r1,Marwan,B1,19,40,18,0.45,15,15,1.0,20.351998337434885,0.19425752200186253,0.041561947699907856,1
v0,Marwan-r1,Marwan,B1,20,40,19,0.475,15,15,1.0,19.30766246914962,0.19425752200186253,0.041561947699907856,1
v0,Marwan-r1,Marwan,B1,21,40,20,0.5,15,15,1.0,19.468175311696154,0.19425752200186253,0.041561947699907856,1
v0,Marwan-r1,Marwan,B1,22,40,21,0.525,15,15,1.0,18.092112532385283,0.19425752200186253,0.041561947699907856,1
v0,Marwan-r1,Marwan,B1,23,40,21,0.525,15,15,1.0,18.2085493532901,0.19425752200186253,0.041561947699907856,1
v0,Marwan-r1,Marwan,B1,24,40,21,0.525,15,15,1.0,18.032246333138584,0.19425752200186253,0.041561947699907856,1
v0,Marwan-r1,Marwan,B1,25,40,22,0.55,15,15,1.0,18.0,0.19425752200186253,0.041561947699907856,1
v0,Marwan-r1,Marwan,B1,26,40,22,0.55,15,15,1.0,18.0,0.19425752200186253,0.041561947699907856,1
v0,Marwan-r1,Marwan,B1,27,40,22,0.55,15,15,1.0,18.0,0.19425752200186253,0.041561947699907856,1
v0,Marwan-r1,Marwan,B1,28,40,20,0.5,15,15,1.0,18.99973848141498,0.19425752200186253,0.041561947699907856,1
v0,Marwan-r1,Marwan,B1,29,40,20,0.5,15,15,1.0,19.347853890790756,0.19425752200186253,0.041561947699907856,1
v0,Marwan-r2,Marwan,B0,0,40,23,0.575,15,9,0.6,15.721820063267765,0.00011115899542346597,0.035243632366715856,1
v0,Marwan-r2,Marwan,B0,1,40,23,0.575,15,9,0.6,15.721820063267765,0.00011115899542346597,0.035243632366715856,1
v0,Marwan-r2,Marwan,B0,2,40,23,0.575,15,9,0.6,15.721820063267765,0.00011115899542346597,0.035243632366715856,1
v0,Marwan-r2,Marwan,B0,3,40,23,0.575,15,9,0.6,15.721820063267765,0.00011115899542346597,0.035243632366715856,1
v0,Marwan-r2,Marwan,B0,4,40,23,0.575,15,9,0.6,15.721820063267765,0.00011115899542346597,0.035243632366715856,1
v0,Marwan-r2,Marwan,B0,5,40,23,0.575,15,9,0.6,15.721820063267765,0.00011115899542346597,0.035243632366715856,1
v0,Marwan-r2,Marwan,B0,6,40,23,0.575,15,9,0.6,15.721820063267765,0.00011115899542346597,0.035243632366715856,1
v0,Marwan-r2,Marwan,B0,7,40,23,0.575,15,9,0.6,15.721820063267765,0.00011115899542346597,0.035243632366715856,1
v0,Marwan-r2,Marwan,B0,8,40,23,0.575,15,9,0.6,15.721820063267765,0.00011115899542346597,0.035243632366715856,1
v0,Marwan-r2,Marwan,B0,9,40,23,0.575,15,9,0.6,15.721820063267765,0.00011115899542346597,0.035243632366715856,1
v0,Marwan-r2,Marwan,B0,10,40,23,0.575,15,9,0.6,15.721820063267765,0.00011115899542346597,0.035243632366715856,1
v0,Marwan-r2,Marwan,B0,11,40,23,0.575,15,9,0.6,15.721820063267765,0.00011115899542346597,0.035243632366715856,1
v0,Marwan-r2,Marwan,B0,12,40,23,0.575,15,9,0.6,15.721820063267765,0.00011115899542346597,0.035243632366715856,1
v0,Marwan-r2,Marwan,B0,13,40,23,0.575,15,9,0.6,15.721820063267765,0.00011115899542346597,0.035243632366715856,1
v0,Marwan-r2,Marwan,B0,14,40,23,0.575,15,9,0.6,15.721820063267765,0.00011115899542346597,0.035243632366715856,1
v0,Marwan-r2,Marwan,B0,15,40,23,0.575,15,9,0.6,15.721820063267765,0.00011115899542346597,0.035243632366715856,1
v0,Marwan-r2,Marwan,B0,16,40,23,0.575,15,9,0.6,15.721820063267765,0.00011115899542346597,0.035243632366715856,1
v0,Marwan-r2,Marwan,B0,17,40,23,0.575,15,9,0.6,15.721820063267765,0.00011115899542346597,0.035243632366715856,1
v0,Marwan-r2,Marwan,B0,18,40,23,0.575,15,9,0.6,15.721820063267765,0.00011115899542346597,0.035243632366715856,1
v0,Marwan-r2,Marwan,B0,19,40,23,0.575,15,9,0.6,15.721820063267765,0.00011115899542346597,0.035243632366715856,1
v0,Marwan-r2,Marwan,B0,20,40,23,0.575,15,9,0.6,15.721820063267765,0.00011115899542346597,0.035243632366715856,1
v0,Marwan-r2,Marwan,B0,21,40,23,0.575,15,9,0.6,15.721820063267765,0.00011115899542346597,0.035243632366715856,1
v0,Marwan-r2,Marwan,B0,22,40,23,0.575,15,9,0.6,15.721820063267765,0.00011115899542346597,0.035243632366715856,1
v0,Marwan-r2,Marwan,B0,23,40,23,0.575,15,9,0.6,15.721820063267765,0.00011115899542346597,0.035243632366715856,1
v0,Marwan-r2,Marwan,B0,24,40,23,0.575,15,9,0.6,15.721820063267765,0.00011115899542346597,0.035243632366715856,1
v0,Marwan-r2,Marwan,B0,25,40,23,0.575,15,9,0.6,15.721820063267765,0.00011115899542346597,0.035243632366715856,1
v0,Marwan-r2,Marwan,B0,26,40,23,0.575,15,9,0.6,15.721820063267765,0.00011115899542346597,0.035243632366715856,1
v0,Marwan-r2,Marwan,B0,27,40,23,0.575,15,9,0.6,15.721820063267765,0.00011115899542346597,0.035243632366715856,1
v0,Marwan-r2,Marwan,B0,28,40,23,0.575,15,9,0.6,15.721820063267765,0.00011115899542346597,0.035243632366715856,1
v0,Marwan-r2,Marwan,B0,29,40,23,0.575,15,9,0.6,15.721820063267765,0.00011115899542346597,0.035243632366715856,1
v0,Marwan-r2,Marwan,B1,0,40,22,0.55,15,15,1.0,16.375455763538145,0.23545189499418484,0.049872612999994695,1
v0,Marwan-r2,Marwan,B1,1,40,23,0.575,15,15,1.0,16.211979454778128,0.23545189499418484,0.049872612999994695,1
v0,Marwan-r2,Marwan,B1,2,40,25,0.625,15,15,1.0,15.0,0.23545189499418484,0.049872612999994695,1
v0,Marwan-r2,Marwan,B1,3,40,23,0.575,15,15,1.0,15.865202055759406,0.23545189499418484,0.049872612999994695,1
v0,Marwan-r2,Marwan,B1,4,40,25,0.625,15,15,1.0,15.0,0.23545189499418484,0.049872612999994695,1
v0,Marwan-r2,Marwan,B1,5,40,22,0.55,15,15,1.0,17.14508017250366,0.23545189499418484,0.049872612999994695,1
v0,Marwan-r2,Marwan,B1,6,40,22,0.55,15,15,1.0,17.238824438114776,0.23545189499418484,0.049872612999994695,1
v0,Marwan-r2,Marwan,B1,7,40,22,0.55,15,15,1.0,16.234638666173197,0.23545189499418484,0.049872612999994695,1
v0,Marwan-r2,Marwan,B1,8,40,24,0.6,15,15,1.0,15.997317912931146,0.23545189499418484,0.049872612999994695,1
v0,Marwan-r2,Marwan,B1,9,40,25,0.625,15,15,1.0,15.0,0.23545189499418484,0.049872612999994695,1
v0,Marwan-r2,Marwan,B1,10,40,20,0.5,15,15,1.0,18.413311101703716,0.23545189499418484,0.049872612999994695,1
v0,Marwan-r2,Marwan,B1,11,40,25,0.625,15,15,1.0,15.0,0.23545189499418484,0.049872612999994695,1
v0,Marwan-r2,Marwan,B1,12,40,22,0.55,15,15,1.0,17.089711154597573,0.23545189499418484,0.049872612999994695,1
v0,Marwan-r2,Marwan,B1,13,40,24,0.6,15,15,1.0,15.410814271065403,0.23545189499418484,0.049872612999994695,1
v0,Marwan-r2,Marwan,B1,14,40,22,0.55,15,15,1.0,16.330986712202368,0.23545189499418484,0.049872612999994695,1
v0,Marwan-r2,Marwan,B1,15,40,21,0.525,15,15,1.0,17.84003459347671,0.23545189499418484,0.049872612999994695,1
v0,Marwan-r2,Marwan,B1,16,40,25,0.625,15,15,1.0,15.0,0.23545189499418484,0.049872612999994695,1
v0,Marwan-r2,Marwan,B1,17,40,24,0.6,15,15,1.0,15.998001257538883,0.23545189499418484,0.049872612999994695,1
v0,Marwan-r2,Marwan,B1,18,40,25,0.625,15,15,1.0,15.0,0.23545189499418484,0.049872612999994695,1
v0,Marwan-r2,Marwan,B1,19,40,23,0.575,15,15,1.0,16.851415071626406,0.23545189499418484,0.049872612999994695,1
v0,Marwan-r2,Marwan,B1,20,40,20,0.5,15,15,1.0,18.46038845516001,0.23545189499418484,0.049872612999994695,1
v0,Marwan-r2,Marwan,B1,21,40,25,0.625,15,15,1.0,15.0,0.23545189499418484,0.049872612999994695,1
v0,Marwan-r2,Marwan,B1,22,40,25,0.625,15,15,1.0,15.0,0.23545189499418484,0.049872612999994695,1
v0,Marwan-r2,Marwan,B1,23,40,24,0.6,15,15,1.0,15.998001259924564,0.23545189499418484,0.049872612999994695,1
v0,Marwan-r2,Marwan,B1,24,40,24,0.6,15,15,1.0,15.998001256102025,0.23545189499418484,0.049872612999994695,1
v0,Marwan-r2,Marwan,B1,25,40,23,0.575,15,15,1.0,16.129006785896927,0.23545189499418484,0.049872612999994695,1
v0,Marwan-r2,Marwan,B1,26,40,23,0.575,15,15,1.0,16.398959052869035,0.23545189499418484,0.049872612999994695,1
v0,Marwan-r2,Marwan,B1,27,40,22,0.55,15,15,1.0,17.24660260951426,0.23545189499418484,0.049872612999994695,1
v0,Marwan-r2,Marwan,B1,28,40,22,0.55,15,15,1.0,16.529125278039544,0.23545189499418484,0.049872612999994695,1
v0,Marwan-r2,Marwan,B1,29,40,24,0.6,15,15,1.0,15.492151821344166,0.23545189499418484,0.049872612999994695,1
v0-bh50,Agis-r0,Agis,B0,0,40,14,0.35,15,7,0.4666666666666667,23.755079309372892,0.00010062500223284587,0.026622675399994477,1
v0-bh50,Agis-r0,Agis,B0,1,40,14,0.35,15,7,0.4666666666666667,23.755079309372892,0.00010062500223284587,0.026622675399994477,1
v0-bh50,Agis-r0,Agis,B0,2,40,14,0.35,15,7,0.4666666666666667,23.755079309372892,0.00010062500223284587,0.026622675399994477,1
v0-bh50,Agis-r0,Agis,B0,3,40,14,0.35,15,7,0.4666666666666667,23.755079309372892,0.00010062500223284587,0.026622675399994477,1
v0-bh50,Agis-r0,Agis,B0,4,40,14,0.35,15,7,0.4666666666666667,23.755079309372892,0.00010062500223284587,0.026622675399994477,1
v0-bh50,Agis-r0,Agis,B0,5,40,14,0.35,15,7,0.4666666666666667,23.755079309372892,0.00010062500223284587,0.026622675399994477,1
v0-bh50,Agis-r0,Agis,B0,6,40,14,0.35,15,7,0.4666666666666667,23.755079309372892,0.00010062500223284587,0.026622675399994477,1
v0-bh50,Agis-r0,Agis,B0,7,40,14,0.35,15,7,0.4666666666666667,23.755079309372892,0.00010062500223284587,0.026622675399994477,1
v0-bh50,Agis-r0,Agis,B0,8,40,14,0.35,15,7,0.4666666666666667,23.755079309372892,0.00010062500223284587,0.026622675399994477,1
v0-bh50,Agis-r0,Agis,B0,9,40,14,0.35,15,7,0.4666666666666667,23.755079309372892,0.00010062500223284587,0.026622675399994477,1
v0-bh50,Agis-r0,Agis,B0,10,40,14,0.35,15,7,0.4666666666666667,23.755079309372892,0.00010062500223284587,0.026622675399994477,1
v0-bh50,Agis-r0,Agis,B0,11,40,14,0.35,15,7,0.4666666666666667,23.755079309372892,0.00010062500223284587,0.026622675399994477,1
v0-bh50,Agis-r0,Agis,B0,12,40,14,0.35,15,7,0.4666666666666667,23.755079309372892,0.00010062500223284587,0.026622675399994477,1
v0-bh50,Agis-r0,Agis,B0,13,40,14,0.35,15,7,0.4666666666666667,23.755079309372892,0.00010062500223284587,0.026622675399994477,1
v0-bh50,Agis-r0,Agis,B0,14,40,14,0.35,15,7,0.4666666666666667,23.755079309372892,0.00010062500223284587,0.026622675399994477,1
v0-bh50,Agis-r0,Agis,B0,15,40,14,0.35,15,7,0.4666666666666667,23.755079309372892,0.00010062500223284587,0.026622675399994477,1
v0-bh50,Agis-r0,Agis,B0,16,40,14,0.35,15,7,0.4666666666666667,23.755079309372892,0.00010062500223284587,0.026622675399994477,1
v0-bh50,Agis-r0,Agis,B0,17,40,14,0.35,15,7,0.4666666666666667,23.755079309372892,0.00010062500223284587,0.026622675399994477,1
v0-bh50,Agis-r0,Agis,B0,18,40,14,0.35,15,7,0.4666666666666667,23.755079309372892,0.00010062500223284587,0.026622675399994477,1
v0-bh50,Agis-r0,Agis,B0,19,40,14,0.35,15,7,0.4666666666666667,23.755079309372892,0.00010062500223284587,0.026622675399994477,1
v0-bh50,Agis-r0,Agis,B0,20,40,14,0.35,15,7,0.4666666666666667,23.755079309372892,0.00010062500223284587,0.026622675399994477,1
v0-bh50,Agis-r0,Agis,B0,21,40,14,0.35,15,7,0.4666666666666667,23.755079309372892,0.00010062500223284587,0.026622675399994477,1
v0-bh50,Agis-r0,Agis,B0,22,40,14,0.35,15,7,0.4666666666666667,23.755079309372892,0.00010062500223284587,0.026622675399994477,1
v0-bh50,Agis-r0,Agis,B0,23,40,14,0.35,15,7,0.4666666666666667,23.755079309372892,0.00010062500223284587,0.026622675399994477,1
v0-bh50,Agis-r0,Agis,B0,24,40,14,0.35,15,7,0.4666666666666667,23.755079309372892,0.00010062500223284587,0.026622675399994477,1
v0-bh50,Agis-r0,Agis,B0,25,40,14,0.35,15,7,0.4666666666666667,23.755079309372892,0.00010062500223284587,0.026622675399994477,1
v0-bh50,Agis-r0,Agis,B0,26,40,14,0.35,15,7,0.4666666666666667,23.755079309372892,0.00010062500223284587,0.026622675399994477,1
v0-bh50,Agis-r0,Agis,B0,27,40,14,0.35,15,7,0.4666666666666667,23.755079309372892,0.00010062500223284587,0.026622675399994477,1
v0-bh50,Agis-r0,Agis,B0,28,40,14,0.35,15,7,0.4666666666666667,23.755079309372892,0.00010062500223284587,0.026622675399994477,1
v0-bh50,Agis-r0,Agis,B0,29,40,14,0.35,15,7,0.4666666666666667,23.755079309372892,0.00010062500223284587,0.026622675399994477,1
v0-bh50,Agis-r0,Agis,B1,0,40,16,0.4,15,15,1.0,24.0,0.14359963400056586,0.02379424416673525,1
v0-bh50,Agis-r0,Agis,B1,1,40,16,0.4,15,15,1.0,24.0,0.14359963400056586,0.02379424416673525,1
v0-bh50,Agis-r0,Agis,B1,2,40,16,0.4,15,15,1.0,24.0,0.14359963400056586,0.02379424416673525,1
v0-bh50,Agis-r0,Agis,B1,3,40,16,0.4,15,15,1.0,24.0,0.14359963400056586,0.02379424416673525,1
v0-bh50,Agis-r0,Agis,B1,4,40,16,0.4,15,15,1.0,24.0,0.14359963400056586,0.02379424416673525,1
v0-bh50,Agis-r0,Agis,B1,5,40,16,0.4,15,15,1.0,24.0,0.14359963400056586,0.02379424416673525,1
v0-bh50,Agis-r0,Agis,B1,6,40,16,0.4,15,15,1.0,24.0,0.14359963400056586,0.02379424416673525,1
v0-bh50,Agis-r0,Agis,B1,7,40,16,0.4,15,15,1.0,24.0,0.14359963400056586,0.02379424416673525,1
v0-bh50,Agis-r0,Agis,B1,8,40,16,0.4,15,15,1.0,24.0,0.14359963400056586,0.02379424416673525,1
v0-bh50,Agis-r0,Agis,B1,9,40,16,0.4,15,15,1.0,24.0,0.14359963400056586,0.02379424416673525,1
v0-bh50,Agis-r0,Agis,B1,10,40,16,0.4,15,15,1.0,24.0,0.14359963400056586,0.02379424416673525,1
v0-bh50,Agis-r0,Agis,B1,11,40,16,0.4,15,15,1.0,24.0,0.14359963400056586,0.02379424416673525,1
v0-bh50,Agis-r0,Agis,B1,12,40,16,0.4,15,15,1.0,24.0,0.14359963400056586,0.02379424416673525,1
v0-bh50,Agis-r0,Agis,B1,13,40,16,0.4,15,15,1.0,24.0,0.14359963400056586,0.02379424416673525,1
v0-bh50,Agis-r0,Agis,B1,14,40,16,0.4,15,15,1.0,24.0,0.14359963400056586,0.02379424416673525,1
v0-bh50,Agis-r0,Agis,B1,15,40,16,0.4,15,15,1.0,24.0,0.14359963400056586,0.02379424416673525,1
v0-bh50,Agis-r0,Agis,B1,16,40,16,0.4,15,15,1.0,24.0,0.14359963400056586,0.02379424416673525,1
v0-bh50,Agis-r0,Agis,B1,17,40,16,0.4,15,15,1.0,24.0,0.14359963400056586,0.02379424416673525,1
v0-bh50,Agis-r0,Agis,B1,18,40,16,0.4,15,15,1.0,24.0,0.14359963400056586,0.02379424416673525,1
v0-bh50,Agis-r0,Agis,B1,19,40,16,0.4,15,15,1.0,24.0,0.14359963400056586,0.02379424416673525,1
v0-bh50,Agis-r0,Agis,B1,20,40,16,0.4,15,15,1.0,24.0,0.14359963400056586,0.02379424416673525,1
v0-bh50,Agis-r0,Agis,B1,21,40,16,0.4,15,15,1.0,24.0,0.14359963400056586,0.02379424416673525,1
v0-bh50,Agis-r0,Agis,B1,22,40,16,0.4,15,15,1.0,24.0,0.14359963400056586,0.02379424416673525,1
v0-bh50,Agis-r0,Agis,B1,23,40,16,0.4,15,15,1.0,24.0,0.14359963400056586,0.02379424416673525,1
v0-bh50,Agis-r0,Agis,B1,24,40,16,0.4,15,15,1.0,24.0,0.14359963400056586,0.02379424416673525,1
v0-bh50,Agis-r0,Agis,B1,25,40,16,0.4,15,15,1.0,24.0,0.14359963400056586,0.02379424416673525,1
v0-bh50,Agis-r0,Agis,B1,26,40,16,0.4,15,15,1.0,24.0,0.14359963400056586,0.02379424416673525,1
v0-bh50,Agis-r0,Agis,B1,27,40,16,0.4,15,15,1.0,24.0,0.14359963400056586,0.02379424416673525,1
v0-bh50,Agis-r0,Agis,B1,28,40,16,0.4,15,15,1.0,24.0,0.14359963400056586,0.02379424416673525,1
v0-bh50,Agis-r0,Agis,B1,29,40,16,0.4,15,15,1.0,24.0,0.14359963400056586,0.02379424416673525,1
v0-bh50,Agis-r1,Agis,B0,0,40,12,0.3,15,6,0.4,27.38529147113783,0.00010830599785549566,0.027882036833276894,1
v0-bh50,Agis-r1,Agis,B0,1,40,12,0.3,15,6,0.4,27.38529147113783,0.00010830599785549566,0.027882036833276894,1
v0-bh50,Agis-r1,Agis,B0,2,40,12,0.3,15,6,0.4,27.38529147113783,0.00010830599785549566,0.027882036833276894,1
v0-bh50,Agis-r1,Agis,B0,3,40,12,0.3,15,6,0.4,27.38529147113783,0.00010830599785549566,0.027882036833276894,1
v0-bh50,Agis-r1,Agis,B0,4,40,12,0.3,15,6,0.4,27.38529147113783,0.00010830599785549566,0.027882036833276894,1
v0-bh50,Agis-r1,Agis,B0,5,40,12,0.3,15,6,0.4,27.38529147113783,0.00010830599785549566,0.027882036833276894,1
v0-bh50,Agis-r1,Agis,B0,6,40,12,0.3,15,6,0.4,27.38529147113783,0.00010830599785549566,0.027882036833276894,1
v0-bh50,Agis-r1,Agis,B0,7,40,12,0.3,15,6,0.4,27.38529147113783,0.00010830599785549566,0.027882036833276894,1
v0-bh50,Agis-r1,Agis,B0,8,40,12,0.3,15,6,0.4,27.38529147113783,0.00010830599785549566,0.027882036833276894,1
v0-bh50,Agis-r1,Agis,B0,9,40,12,0.3,15,6,0.4,27.38529147113783,0.00010830599785549566,0.027882036833276894,1
v0-bh50,Agis-r1,Agis,B0,10,40,12,0.3,15,6,0.4,27.38529147113783,0.00010830599785549566,0.027882036833276894,1
v0-bh50,Agis-r1,Agis,B0,11,40,12,0.3,15,6,0.4,27.38529147113783,0.00010830599785549566,0.027882036833276894,1
v0-bh50,Agis-r1,Agis,B0,12,40,12,0.3,15,6,0.4,27.38529147113783,0.00010830599785549566,0.027882036833276894,1
v0-bh50,Agis-r1,Agis,B0,13,40,12,0.3,15,6,0.4,27.38529147113783,0.00010830599785549566,0.027882036833276894,1
v0-bh50,Agis-r1,Agis,B0,14,40,12,0.3,15,6,0.4,27.38529147113783,0.00010830599785549566,0.027882036833276894,1
v0-bh50,Agis-r1,Agis,B0,15,40,12,0.3,15,6,0.4,27.38529147113783,0.00010830599785549566,0.027882036833276894,1
v0-bh50,Agis-r1,Agis,B0,16,40,12,0.3,15,6,0.4,27.38529147113783,0.00010830599785549566,0.027882036833276894,1
v0-bh50,Agis-r1,Agis,B0,17,40,12,0.3,15,6,0.4,27.38529147113783,0.00010830599785549566,0.027882036833276894,1
v0-bh50,Agis-r1,Agis,B0,18,40,12,0.3,15,6,0.4,27.38529147113783,0.00010830599785549566,0.027882036833276894,1
v0-bh50,Agis-r1,Agis,B0,19,40,12,0.3,15,6,0.4,27.38529147113783,0.00010830599785549566,0.027882036833276894,1
v0-bh50,Agis-r1,Agis,B0,20,40,12,0.3,15,6,0.4,27.38529147113783,0.00010830599785549566,0.027882036833276894,1
v0-bh50,Agis-r1,Agis,B0,21,40,12,0.3,15,6,0.4,27.38529147113783,0.00010830599785549566,0.027882036833276894,1
v0-bh50,Agis-r1,Agis,B0,22,40,12,0.3,15,6,0.4,27.38529147113783,0.00010830599785549566,0.027882036833276894,1
v0-bh50,Agis-r1,Agis,B0,23,40,12,0.3,15,6,0.4,27.38529147113783,0.00010830599785549566,0.027882036833276894,1
v0-bh50,Agis-r1,Agis,B0,24,40,12,0.3,15,6,0.4,27.38529147113783,0.00010830599785549566,0.027882036833276894,1
v0-bh50,Agis-r1,Agis,B0,25,40,12,0.3,15,6,0.4,27.38529147113783,0.00010830599785549566,0.027882036833276894,1
v0-bh50,Agis-r1,Agis,B0,26,40,12,0.3,15,6,0.4,27.38529147113783,0.00010830599785549566,0.027882036833276894,1
v0-bh50,Agis-r1,Agis,B0,27,40,12,0.3,15,6,0.4,27.38529147113783,0.00010830599785549566,0.027882036833276894,1
v0-bh50,Agis-r1,Agis,B0,28,40,12,0.3,15,6,0.4,27.38529147113783,0.00010830599785549566,0.027882036833276894,1
v0-bh50,Agis-r1,Agis,B0,29,40,12,0.3,15,6,0.4,27.38529147113783,0.00010830599785549566,0.027882036833276894,1
v0-bh50,Agis-r1,Agis,B1,0,40,17,0.425,15,15,1.0,20.978163165022075,0.15140014999633422,0.04181130543341472,1
v0-bh50,Agis-r1,Agis,B1,1,40,17,0.425,15,15,1.0,21.306749844806593,0.15140014999633422,0.04181130543341472,1
v0-bh50,Agis-r1,Agis,B1,2,40,18,0.45,15,15,1.0,20.498195880044875,0.15140014999633422,0.04181130543341472,1
v0-bh50,Agis-r1,Agis,B1,3,40,17,0.425,15,15,1.0,20.375557682521368,0.15140014999633422,0.04181130543341472,1
v0-bh50,Agis-r1,Agis,B1,4,40,15,0.375,15,15,1.0,23.136903040420524,0.15140014999633422,0.04181130543341472,1
v0-bh50,Agis-r1,Agis,B1,5,40,18,0.45,15,15,1.0,20.656230002280868,0.15140014999633422,0.04181130543341472,1
v0-bh50,Agis-r1,Agis,B1,6,40,20,0.5,15,15,1.0,18.90654597798937,0.15140014999633422,0.04181130543341472,1
v0-bh50,Agis-r1,Agis,B1,7,40,19,0.475,15,15,1.0,20.090768101857787,0.15140014999633422,0.04181130543341472,1
v0-bh50,Agis-r1,Agis,B1,8,40,17,0.425,15,15,1.0,21.584220714951197,0.15140014999633422,0.04181130543341472,1
v0-bh50,Agis-r1,Agis,B1,9,40,18,0.45,15,15,1.0,21.212837090854403,0.15140014999633422,0.04181130543341472,1
v0-bh50,Agis-r1,Agis,B1,10,40,16,0.4,15,15,1.0,21.825270959665428,0.15140014999633422,0.04181130543341472,1
v0-bh50,Agis-r1,Agis,B1,11,40,15,0.375,15,15,1.0,22.403577932592917,0.15140014999633422,0.04181130543341472,1
v0-bh50,Agis-r1,Agis,B1,12,40,18,0.45,15,15,1.0,21.182041026516337,0.15140014999633422,0.04181130543341472,1
v0-bh50,Agis-r1,Agis,B1,13,40,17,0.425,15,15,1.0,20.864557084956065,0.15140014999633422,0.04181130543341472,1
v0-bh50,Agis-r1,Agis,B1,14,40,15,0.375,15,15,1.0,23.621502305208498,0.15140014999633422,0.04181130543341472,1
v0-bh50,Agis-r1,Agis,B1,15,40,16,0.4,15,15,1.0,22.126582887119913,0.15140014999633422,0.04181130543341472,1
v0-bh50,Agis-r1,Agis,B1,16,40,15,0.375,15,15,1.0,21.26605678518608,0.15140014999633422,0.04181130543341472,1
v0-bh50,Agis-r1,Agis,B1,17,40,15,0.375,15,15,1.0,22.284364715794915,0.15140014999633422,0.04181130543341472,1
v0-bh50,Agis-r1,Agis,B1,18,40,16,0.4,15,15,1.0,22.788159940616993,0.15140014999633422,0.04181130543341472,1
v0-bh50,Agis-r1,Agis,B1,19,40,19,0.475,15,15,1.0,19.223264540067404,0.15140014999633422,0.04181130543341472,1
v0-bh50,Agis-r1,Agis,B1,20,40,18,0.45,15,15,1.0,20.257612181549764,0.15140014999633422,0.04181130543341472,1
v0-bh50,Agis-r1,Agis,B1,21,40,17,0.425,15,15,1.0,20.98199898227482,0.15140014999633422,0.04181130543341472,1
v0-bh50,Agis-r1,Agis,B1,22,40,16,0.4,15,15,1.0,22.479242494056606,0.15140014999633422,0.04181130543341472,1
v0-bh50,Agis-r1,Agis,B1,23,40,16,0.4,15,15,1.0,22.46162316488525,0.15140014999633422,0.04181130543341472,1
v0-bh50,Agis-r1,Agis,B1,24,40,18,0.45,15,15,1.0,20.07205153577567,0.15140014999633422,0.04181130543341472,1
v0-bh50,Agis-r1,Agis,B1,25,40,18,0.45,15,15,1.0,19.9906464753216,0.15140014999633422,0.04181130543341472,1
v0-bh50,Agis-r1,Agis,B1,26,40,18,0.45,15,15,1.0,20.01897539510377,0.15140014999633422,0.04181130543341472,1
v0-bh50,Agis-r1,Agis,B1,27,40,16,0.4,15,15,1.0,20.780201268168423,0.15140014999633422,0.04181130543341472,1
v0-bh50,Agis-r1,Agis,B1,28,40,17,0.425,15,15,1.0,20.48985201746342,0.15140014999633422,0.04181130543341472,1
v0-bh50,Agis-r1,Agis,B1,29,40,17,0.425,15,15,1.0,21.572518829196145,0.15140014999633422,0.04181130543341472,1
v0-bh50,Agis-r2,Agis,B0,0,40,30,0.75,15,14,0.9333333333333333,5.446625546637033,0.00012959299783688039,0.050674937266740015,1
v0-bh50,Agis-r2,Agis,B0,1,40,30,0.75,15,14,0.9333333333333333,5.446625546637033,0.00012959299783688039,0.050674937266740015,1
v0-bh50,Agis-r2,Agis,B0,2,40,30,0.75,15,14,0.9333333333333333,5.446625546637033,0.00012959299783688039,0.050674937266740015,1
v0-bh50,Agis-r2,Agis,B0,3,40,30,0.75,15,14,0.9333333333333333,5.446625546637033,0.00012959299783688039,0.050674937266740015,1
v0-bh50,Agis-r2,Agis,B0,4,40,30,0.75,15,14,0.9333333333333333,5.446625546637033,0.00012959299783688039,0.050674937266740015,1
v0-bh50,Agis-r2,Agis,B0,5,40,30,0.75,15,14,0.9333333333333333,5.446625546637033,0.00012959299783688039,0.050674937266740015,1
v0-bh50,Agis-r2,Agis,B0,6,40,30,0.75,15,14,0.9333333333333333,5.446625546637033,0.00012959299783688039,0.050674937266740015,1
v0-bh50,Agis-r2,Agis,B0,7,40,30,0.75,15,14,0.9333333333333333,5.446625546637033,0.00012959299783688039,0.050674937266740015,1
v0-bh50,Agis-r2,Agis,B0,8,40,30,0.75,15,14,0.9333333333333333,5.446625546637033,0.00012959299783688039,0.050674937266740015,1
v0-bh50,Agis-r2,Agis,B0,9,40,30,0.75,15,14,0.9333333333333333,5.446625546637033,0.00012959299783688039,0.050674937266740015,1
v0-bh50,Agis-r2,Agis,B0,10,40,30,0.75,15,14,0.9333333333333333,5.446625546637033,0.00012959299783688039,0.050674937266740015,1
v0-bh50,Agis-r2,Agis,B0,11,40,30,0.75,15,14,0.9333333333333333,5.446625546637033,0.00012959299783688039,0.050674937266740015,1
v0-bh50,Agis-r2,Agis,B0,12,40,30,0.75,15,14,0.9333333333333333,5.446625546637033,0.00012959299783688039,0.050674937266740015,1
v0-bh50,Agis-r2,Agis,B0,13,40,30,0.75,15,14,0.9333333333333333,5.446625546637033,0.00012959299783688039,0.050674937266740015,1
v0-bh50,Agis-r2,Agis,B0,14,40,30,0.75,15,14,0.9333333333333333,5.446625546637033,0.00012959299783688039,0.050674937266740015,1
v0-bh50,Agis-r2,Agis,B0,15,40,30,0.75,15,14,0.9333333333333333,5.446625546637033,0.00012959299783688039,0.050674937266740015,1
v0-bh50,Agis-r2,Agis,B0,16,40,30,0.75,15,14,0.9333333333333333,5.446625546637033,0.00012959299783688039,0.050674937266740015,1
v0-bh50,Agis-r2,Agis,B0,17,40,30,0.75,15,14,0.9333333333333333,5.446625546637033,0.00012959299783688039,0.050674937266740015,1
v0-bh50,Agis-r2,Agis,B0,18,40,30,0.75,15,14,0.9333333333333333,5.446625546637033,0.00012959299783688039,0.050674937266740015,1
v0-bh50,Agis-r2,Agis,B0,19,40,30,0.75,15,14,0.9333333333333333,5.446625546637033,0.00012959299783688039,0.050674937266740015,1
v0-bh50,Agis-r2,Agis,B0,20,40,30,0.75,15,14,0.9333333333333333,5.446625546637033,0.00012959299783688039,0.050674937266740015,1
v0-bh50,Agis-r2,Agis,B0,21,40,30,0.75,15,14,0.9333333333333333,5.446625546637033,0.00012959299783688039,0.050674937266740015,1
v0-bh50,Agis-r2,Agis,B0,22,40,30,0.75,15,14,0.9333333333333333,5.446625546637033,0.00012959299783688039,0.050674937266740015,1
v0-bh50,Agis-r2,Agis,B0,23,40,30,0.75,15,14,0.9333333333333333,5.446625546637033,0.00012959299783688039,0.050674937266740015,1
v0-bh50,Agis-r2,Agis,B0,24,40,30,0.75,15,14,0.9333333333333333,5.446625546637033,0.00012959299783688039,0.050674937266740015,1
v0-bh50,Agis-r2,Agis,B0,25,40,30,0.75,15,14,0.9333333333333333,5.446625546637033,0.00012959299783688039,0.050674937266740015,1
v0-bh50,Agis-r2,Agis,B0,26,40,30,0.75,15,14,0.9333333333333333,5.446625546637033,0.00012959299783688039,0.050674937266740015,1
v0-bh50,Agis-r2,Agis,B0,27,40,30,0.75,15,14,0.9333333333333333,5.446625546637033,0.00012959299783688039,0.050674937266740015,1
v0-bh50,Agis-r2,Agis,B0,28,40,30,0.75,15,14,0.9333333333333333,5.446625546637033,0.00012959299783688039,0.050674937266740015,1
v0-bh50,Agis-r2,Agis,B0,29,40,30,0.75,15,14,0.9333333333333333,5.446625546637033,0.00012959299783688039,0.050674937266740015,1
v0-bh50,Agis-r2,Agis,B1,0,40,29,0.725,15,15,1.0,5.230610635751989,0.1594265650055604,0.046700587933446516,1
v0-bh50,Agis-r2,Agis,B1,1,40,29,0.725,15,15,1.0,5.230610635751989,0.1594265650055604,0.046700587933446516,1
v0-bh50,Agis-r2,Agis,B1,2,40,29,0.725,15,15,1.0,5.228302844474871,0.1594265650055604,0.046700587933446516,1
v0-bh50,Agis-r2,Agis,B1,3,40,29,0.725,15,15,1.0,5.228302844474871,0.1594265650055604,0.046700587933446516,1
v0-bh50,Agis-r2,Agis,B1,4,40,29,0.725,15,15,1.0,5.228302844474871,0.1594265650055604,0.046700587933446516,1
v0-bh50,Agis-r2,Agis,B1,5,40,29,0.725,15,15,1.0,5.230610635751989,0.1594265650055604,0.046700587933446516,1
v0-bh50,Agis-r2,Agis,B1,6,40,29,0.725,15,15,1.0,5.228302844474871,0.1594265650055604,0.046700587933446516,1
v0-bh50,Agis-r2,Agis,B1,7,40,29,0.725,15,15,1.0,5.22945674011343,0.1594265650055604,0.046700587933446516,1
v0-bh50,Agis-r2,Agis,B1,8,40,29,0.725,15,15,1.0,5.230610635751989,0.1594265650055604,0.046700587933446516,1
v0-bh50,Agis-r2,Agis,B1,9,40,29,0.725,15,15,1.0,5.22945674011343,0.1594265650055604,0.046700587933446516,1
v0-bh50,Agis-r2,Agis,B1,10,40,29,0.725,15,15,1.0,5.22945674011343,0.1594265650055604,0.046700587933446516,1
v0-bh50,Agis-r2,Agis,B1,11,40,29,0.725,15,15,1.0,5.228302844474871,0.1594265650055604,0.046700587933446516,1
v0-bh50,Agis-r2,Agis,B1,12,40,29,0.725,15,15,1.0,5.228302844474871,0.1594265650055604,0.046700587933446516,1
v0-bh50,Agis-r2,Agis,B1,13,40,29,0.725,15,15,1.0,5.230610635751989,0.1594265650055604,0.046700587933446516,1
v0-bh50,Agis-r2,Agis,B1,14,40,29,0.725,15,15,1.0,5.228302844474871,0.1594265650055604,0.046700587933446516,1
v0-bh50,Agis-r2,Agis,B1,15,40,29,0.725,15,15,1.0,5.22945674011343,0.1594265650055604,0.046700587933446516,1
v0-bh50,Agis-r2,Agis,B1,16,40,29,0.725,15,15,1.0,5.22945674011343,0.1594265650055604,0.046700587933446516,1
v0-bh50,Agis-r2,Agis,B1,17,40,29,0.725,15,15,1.0,5.230610635751989,0.1594265650055604,0.046700587933446516,1
v0-bh50,Agis-r2,Agis,B1,18,40,29,0.725,15,15,1.0,5.228302844474871,0.1594265650055604,0.046700587933446516,1
v0-bh50,Agis-r2,Agis,B1,19,40,29,0.725,15,15,1.0,5.230610635751989,0.1594265650055604,0.046700587933446516,1
v0-bh50,Agis-r2,Agis,B1,20,40,29,0.725,15,15,1.0,5.22945674011343,0.1594265650055604,0.046700587933446516,1
v0-bh50,Agis-r2,Agis,B1,21,40,29,0.725,15,15,1.0,5.228302844474871,0.1594265650055604,0.046700587933446516,1
v0-bh50,Agis-r2,Agis,B1,22,40,29,0.725,15,15,1.0,5.230610635751989,0.1594265650055604,0.046700587933446516,1
v0-bh50,Agis-r2,Agis,B1,23,40,29,0.725,15,15,1.0,5.228302844474871,0.1594265650055604,0.046700587933446516,1
v0-bh50,Agis-r2,Agis,B1,24,40,29,0.725,15,15,1.0,5.228302844474871,0.1594265650055604,0.046700587933446516,1
v0-bh50,Agis-r2,Agis,B1,25,40,29,0.725,15,15,1.0,5.230610635751989,0.1594265650055604,0.046700587933446516,1
v0-bh50,Agis-r2,Agis,B1,26,40,29,0.725,15,15,1.0,5.228302844474871,0.1594265650055604,0.046700587933446516,1
v0-bh50,Agis-r2,Agis,B1,27,40,29,0.725,15,15,1.0,5.230610635751989,0.1594265650055604,0.046700587933446516,1
v0-bh50,Agis-r2,Agis,B1,28,40,29,0.725,15,15,1.0,5.228302844474871,0.1594265650055604,0.046700587933446516,1
v0-bh50,Agis-r2,Agis,B1,29,40,29,0.725,15,15,1.0,5.22945674011343,0.1594265650055604,0.046700587933446516,1
v0-bh50,Belnet2008-r0,Belnet2008,B0,0,40,16,0.4,15,10,0.6666666666666666,19.100251056172727,0.00015249100397340953,0.03441567169987441,1
v0-bh50,Belnet2008-r0,Belnet2008,B0,1,40,16,0.4,15,10,0.6666666666666666,19.100251056172727,0.00015249100397340953,0.03441567169987441,1
v0-bh50,Belnet2008-r0,Belnet2008,B0,2,40,16,0.4,15,10,0.6666666666666666,19.100251056172727,0.00015249100397340953,0.03441567169987441,1
v0-bh50,Belnet2008-r0,Belnet2008,B0,3,40,16,0.4,15,10,0.6666666666666666,19.100251056172727,0.00015249100397340953,0.03441567169987441,1
v0-bh50,Belnet2008-r0,Belnet2008,B0,4,40,16,0.4,15,10,0.6666666666666666,19.100251056172727,0.00015249100397340953,0.03441567169987441,1
v0-bh50,Belnet2008-r0,Belnet2008,B0,5,40,16,0.4,15,10,0.6666666666666666,19.100251056172727,0.00015249100397340953,0.03441567169987441,1
v0-bh50,Belnet2008-r0,Belnet2008,B0,6,40,16,0.4,15,10,0.6666666666666666,19.100251056172727,0.00015249100397340953,0.03441567169987441,1
v0-bh50,Belnet2008-r0,Belnet2008,B0,7,40,16,0.4,15,10,0.6666666666666666,19.100251056172727,0.00015249100397340953,0.03441567169987441,1
v0-bh50,Belnet2008-r0,Belnet2008,B0,8,40,16,0.4,15,10,0.6666666666666666,19.100251056172727,0.00015249100397340953,0.03441567169987441,1
v0-bh50,Belnet2008-r0,Belnet2008,B0,9,40,16,0.4,15,10,0.6666666666666666,19.100251056172727,0.00015249100397340953,0.03441567169987441,1
v0-bh50,Belnet2008-r0,Belnet2008,B0,10,40,16,0.4,15,10,0.6666666666666666,19.100251056172727,0.00015249100397340953,0.03441567169987441,1
v0-bh50,Belnet2008-r0,Belnet2008,B0,11,40,16,0.4,15,10,0.6666666666666666,19.100251056172727,0.00015249100397340953,0.03441567169987441,1
v0-bh50,Belnet2008-r0,Belnet2008,B0,12,40,16,0.4,15,10,0.6666666666666666,19.100251056172727,0.00015249100397340953,0.03441567169987441,1
v0-bh50,Belnet2008-r0,Belnet2008,B0,13,40,16,0.4,15,10,0.6666666666666666,19.100251056172727,0.00015249100397340953,0.03441567169987441,1
v0-bh50,Belnet2008-r0,Belnet2008,B0,14,40,16,0.4,15,10,0.6666666666666666,19.100251056172727,0.00015249100397340953,0.03441567169987441,1
v0-bh50,Belnet2008-r0,Belnet2008,B0,15,40,16,0.4,15,10,0.6666666666666666,19.100251056172727,0.00015249100397340953,0.03441567169987441,1
v0-bh50,Belnet2008-r0,Belnet2008,B0,16,40,16,0.4,15,10,0.6666666666666666,19.100251056172727,0.00015249100397340953,0.03441567169987441,1
v0-bh50,Belnet2008-r0,Belnet2008,B0,17,40,16,0.4,15,10,0.6666666666666666,19.100251056172727,0.00015249100397340953,0.03441567169987441,1
v0-bh50,Belnet2008-r0,Belnet2008,B0,18,40,16,0.4,15,10,0.6666666666666666,19.100251056172727,0.00015249100397340953,0.03441567169987441,1
v0-bh50,Belnet2008-r0,Belnet2008,B0,19,40,16,0.4,15,10,0.6666666666666666,19.100251056172727,0.00015249100397340953,0.03441567169987441,1
v0-bh50,Belnet2008-r0,Belnet2008,B0,20,40,16,0.4,15,10,0.6666666666666666,19.100251056172727,0.00015249100397340953,0.03441567169987441,1
v0-bh50,Belnet2008-r0,Belnet2008,B0,21,40,16,0.4,15,10,0.6666666666666666,19.100251056172727,0.00015249100397340953,0.03441567169987441,1
v0-bh50,Belnet2008-r0,Belnet2008,B0,22,40,16,0.4,15,10,0.6666666666666666,19.100251056172727,0.00015249100397340953,0.03441567169987441,1
v0-bh50,Belnet2008-r0,Belnet2008,B0,23,40,16,0.4,15,10,0.6666666666666666,19.100251056172727,0.00015249100397340953,0.03441567169987441,1
v0-bh50,Belnet2008-r0,Belnet2008,B0,24,40,16,0.4,15,10,0.6666666666666666,19.100251056172727,0.00015249100397340953,0.03441567169987441,1
v0-bh50,Belnet2008-r0,Belnet2008,B0,25,40,16,0.4,15,10,0.6666666666666666,19.100251056172727,0.00015249100397340953,0.03441567169987441,1
v0-bh50,Belnet2008-r0,Belnet2008,B0,26,40,16,0.4,15,10,0.6666666666666666,19.100251056172727,0.00015249100397340953,0.03441567169987441,1
v0-bh50,Belnet2008-r0,Belnet2008,B0,27,40,16,0.4,15,10,0.6666666666666666,19.100251056172727,0.00015249100397340953,0.03441567169987441,1
v0-bh50,Belnet2008-r0,Belnet2008,B0,28,40,16,0.4,15,10,0.6666666666666666,19.100251056172727,0.00015249100397340953,0.03441567169987441,1
v0-bh50,Belnet2008-r0,Belnet2008,B0,29,40,16,0.4,15,10,0.6666666666666666,19.100251056172727,0.00015249100397340953,0.03441567169987441,1
v0-bh50,Belnet2008-r0,Belnet2008,B1,0,40,19,0.475,15,15,1.0,17.769813150556462,0.15276023399928818,0.027333742166714123,1
v0-bh50,Belnet2008-r0,Belnet2008,B1,1,40,20,0.5,15,15,1.0,17.775998486629458,0.15276023399928818,0.027333742166714123,1
v0-bh50,Belnet2008-r0,Belnet2008,B1,2,40,21,0.525,15,15,1.0,17.39363071713698,0.15276023399928818,0.027333742166714123,1
v0-bh50,Belnet2008-r0,Belnet2008,B1,3,40,22,0.55,15,15,1.0,17.156998292130865,0.15276023399928818,0.027333742166714123,1
v0-bh50,Belnet2008-r0,Belnet2008,B1,4,40,22,0.55,15,15,1.0,17.111371779793668,0.15276023399928818,0.027333742166714123,1
v0-bh50,Belnet2008-r0,Belnet2008,B1,5,40,20,0.5,15,15,1.0,17.851550325223826,0.15276023399928818,0.027333742166714123,1
v0-bh50,Belnet2008-r0,Belnet2008,B1,6,40,21,0.525,15,15,1.0,17.122766749694705,0.15276023399928818,0.027333742166714123,1
v0-bh50,Belnet2008-r0,Belnet2008,B1,7,40,21,0.525,15,15,1.0,17.73299194113952,0.15276023399928818,0.027333742166714123,1
v0-bh50,Belnet2008-r0,Belnet2008,B1,8,40,21,0.525,15,15,1.0,18.159448693802727,0.15276023399928818,0.027333742166714123,1
v0-bh50,Belnet2008-r0,Belnet2008,B1,9,40,22,0.55,15,15,1.0,17.14640519420638,0.15276023399928818,0.027333742166714123,1
v0-bh50,Belnet2008-r0,Belnet2008,B1,10,40,21,0.525,15,15,1.0,17.706918741326277,0.15276023399928818,0.027333742166714123,1
v0-bh50,Belnet2008-r0,Belnet2008,B1,11,40,21,0.525,15,15,1.0,17.680335900981767,0.15276023399928818,0.027333742166714123,1
v0-bh50,Belnet2008-r0,Belnet2008,B1,12,40,21,0.525,15,15,1.0,17.734097138897628,0.15276023399928818,0.027333742166714123,1
v0-bh50,Belnet2008-r0,Belnet2008,B1,13,40,21,0.525,15,15,1.0,17.235521649835707,0.15276023399928818,0.027333742166714123,1
v0-bh50,Belnet2008-r0,Belnet2008,B1,14,40,21,0.525,15,15,1.0,17.732991941139524,0.15276023399928818,0.027333742166714123,1
v0-bh50,Belnet2008-r0,Belnet2008,B1,15,40,20,0.5,15,15,1.0,17.777103684387562,0.15276023399928818,0.027333742166714123,1
v0-bh50,Belnet2008-r0,Belnet2008,B1,16,40,21,0.525,15,15,1.0,17.273696330649603,0.15276023399928818,0.027333742166714123,1
v0-bh50,Belnet2008-r0,Belnet2008,B1,17,40,19,0.475,15,15,1.0,17.401850650260425,0.15276023399928818,0.027333742166714123,1
v0-bh50,Belnet2008-r0,Belnet2008,B1,18,40,22,0.55,15,15,1.0,17.10077868132088,0.15276023399928818,0.027333742166714123,1
v0-bh50,Belnet2008-r0,Belnet2008,B1,19,40,22,0.55,15,15,1.0,17.021852261066606,0.15276023399928818,0.027333742166714123,1
v0-bh50,Belnet2008-r0,Belnet2008,B1,20,40,22,0.55,15,15,1.0,17.14177772849001,0.15276023399928818,0.027333742166714123,1
v0-bh50,Belnet2008-r0,Belnet2008,B1,21,40,21,0.525,15,15,1.0,17.252506182661094,0.15276023399928818,0.027333742166714123,1
v0-bh50,Belnet2008-r0,Belnet2008,B1,22,40,22,0.55,15,15,1.0,17.115085413970785,0.15276023399928818,0.027333742166714123,1
v0-bh50,Belnet2008-r0,Belnet2008,B1,23,40,21,0.525,15,15,1.0,17.111069748884905,0.15276023399928818,0.027333742166714123,1
v0-bh50,Belnet2008-r0,Belnet2008,B1,24,40,22,0.55,15,15,1.0,17.11789113226649,0.15276023399928818,0.027333742166714123,1
v0-bh50,Belnet2008-r0,Belnet2008,B1,25,40,19,0.475,15,15,1.0,17.511013652141717,0.15276023399928818,0.027333742166714123,1
v0-bh50,Belnet2008-r0,Belnet2008,B1,26,40,22,0.55,15,15,1.0,17.21118236622183,0.15276023399928818,0.027333742166714123,1
v0-bh50,Belnet2008-r0,Belnet2008,B1,27,40,21,0.525,15,15,1.0,17.67160346451369,0.15276023399928818,0.027333742166714123,1
v0-bh50,Belnet2008-r0,Belnet2008,B1,28,40,21,0.525,15,15,1.0,18.145558176804354,0.15276023399928818,0.027333742166714123,1
v0-bh50,Belnet2008-r0,Belnet2008,B1,29,40,19,0.475,15,15,1.0,17.88264465799796,0.15276023399928818,0.027333742166714123,1
v0-bh50,Belnet2008-r1,Belnet2008,B0,0,40,13,0.325,15,5,0.3333333333333333,24.538551262182104,0.000124372003483586,0.04886285706670605,1
v0-bh50,Belnet2008-r1,Belnet2008,B0,1,40,13,0.325,15,5,0.3333333333333333,24.538551262182104,0.000124372003483586,0.04886285706670605,1
v0-bh50,Belnet2008-r1,Belnet2008,B0,2,40,13,0.325,15,5,0.3333333333333333,24.538551262182104,0.000124372003483586,0.04886285706670605,1
v0-bh50,Belnet2008-r1,Belnet2008,B0,3,40,13,0.325,15,5,0.3333333333333333,24.538551262182104,0.000124372003483586,0.04886285706670605,1
v0-bh50,Belnet2008-r1,Belnet2008,B0,4,40,13,0.325,15,5,0.3333333333333333,24.538551262182104,0.000124372003483586,0.04886285706670605,1
v0-bh50,Belnet2008-r1,Belnet2008,B0,5,40,13,0.325,15,5,0.3333333333333333,24.538551262182104,0.000124372003483586,0.04886285706670605,1
v0-bh50,Belnet2008-r1,Belnet2008,B0,6,40,13,0.325,15,5,0.3333333333333333,24.538551262182104,0.000124372003483586,0.04886285706670605,1
v0-bh50,Belnet2008-r1,Belnet2008,B0,7,40,13,0.325,15,5,0.3333333333333333,24.538551262182104,0.000124372003483586,0.04886285706670605,1
v0-bh50,Belnet2008-r1,Belnet2008,B0,8,40,13,0.325,15,5,0.3333333333333333,24.538551262182104,0.000124372003483586,0.04886285706670605,1
v0-bh50,Belnet2008-r1,Belnet2008,B0,9,40,13,0.325,15,5,0.3333333333333333,24.538551262182104,0.000124372003483586,0.04886285706670605,1
v0-bh50,Belnet2008-r1,Belnet2008,B0,10,40,13,0.325,15,5,0.3333333333333333,24.538551262182104,0.000124372003483586,0.04886285706670605,1
v0-bh50,Belnet2008-r1,Belnet2008,B0,11,40,13,0.325,15,5,0.3333333333333333,24.538551262182104,0.000124372003483586,0.04886285706670605,1
v0-bh50,Belnet2008-r1,Belnet2008,B0,12,40,13,0.325,15,5,0.3333333333333333,24.538551262182104,0.000124372003483586,0.04886285706670605,1
v0-bh50,Belnet2008-r1,Belnet2008,B0,13,40,13,0.325,15,5,0.3333333333333333,24.538551262182104,0.000124372003483586,0.04886285706670605,1
v0-bh50,Belnet2008-r1,Belnet2008,B0,14,40,13,0.325,15,5,0.3333333333333333,24.538551262182104,0.000124372003483586,0.04886285706670605,1
v0-bh50,Belnet2008-r1,Belnet2008,B0,15,40,13,0.325,15,5,0.3333333333333333,24.538551262182104,0.000124372003483586,0.04886285706670605,1
v0-bh50,Belnet2008-r1,Belnet2008,B0,16,40,13,0.325,15,5,0.3333333333333333,24.538551262182104,0.000124372003483586,0.04886285706670605,1
v0-bh50,Belnet2008-r1,Belnet2008,B0,17,40,13,0.325,15,5,0.3333333333333333,24.538551262182104,0.000124372003483586,0.04886285706670605,1
v0-bh50,Belnet2008-r1,Belnet2008,B0,18,40,13,0.325,15,5,0.3333333333333333,24.538551262182104,0.000124372003483586,0.04886285706670605,1
v0-bh50,Belnet2008-r1,Belnet2008,B0,19,40,13,0.325,15,5,0.3333333333333333,24.538551262182104,0.000124372003483586,0.04886285706670605,1
v0-bh50,Belnet2008-r1,Belnet2008,B0,20,40,13,0.325,15,5,0.3333333333333333,24.538551262182104,0.000124372003483586,0.04886285706670605,1
v0-bh50,Belnet2008-r1,Belnet2008,B0,21,40,13,0.325,15,5,0.3333333333333333,24.538551262182104,0.000124372003483586,0.04886285706670605,1
v0-bh50,Belnet2008-r1,Belnet2008,B0,22,40,13,0.325,15,5,0.3333333333333333,24.538551262182104,0.000124372003483586,0.04886285706670605,1
v0-bh50,Belnet2008-r1,Belnet2008,B0,23,40,13,0.325,15,5,0.3333333333333333,24.538551262182104,0.000124372003483586,0.04886285706670605,1
v0-bh50,Belnet2008-r1,Belnet2008,B0,24,40,13,0.325,15,5,0.3333333333333333,24.538551262182104,0.000124372003483586,0.04886285706670605,1
v0-bh50,Belnet2008-r1,Belnet2008,B0,25,40,13,0.325,15,5,0.3333333333333333,24.538551262182104,0.000124372003483586,0.04886285706670605,1
v0-bh50,Belnet2008-r1,Belnet2008,B0,26,40,13,0.325,15,5,0.3333333333333333,24.538551262182104,0.000124372003483586,0.04886285706670605,1
v0-bh50,Belnet2008-r1,Belnet2008,B0,27,40,13,0.325,15,5,0.3333333333333333,24.538551262182104,0.000124372003483586,0.04886285706670605,1
v0-bh50,Belnet2008-r1,Belnet2008,B0,28,40,13,0.325,15,5,0.3333333333333333,24.538551262182104,0.000124372003483586,0.04886285706670605,1
v0-bh50,Belnet2008-r1,Belnet2008,B0,29,40,13,0.325,15,5,0.3333333333333333,24.538551262182104,0.000124372003483586,0.04886285706670605,1
v0-bh50,Belnet2008-r1,Belnet2008,B1,0,40,14,0.35,15,15,1.0,25.564687379593064,0.18825585000013234,0.02861392989992358,1
v0-bh50,Belnet2008-r1,Belnet2008,B1,1,40,14,0.35,15,15,1.0,25.564687379593064,0.18825585000013234,0.02861392989992358,1
v0-bh50,Belnet2008-r1,Belnet2008,B1,2,40,14,0.35,15,15,1.0,25.564687379593064,0.18825585000013234,0.02861392989992358,1
v0-bh50,Belnet2008-r1,Belnet2008,B1,3,40,14,0.35,15,15,1.0,25.564687379593064,0.18825585000013234,0.02861392989992358,1
v0-bh50,Belnet2008-r1,Belnet2008,B1,4,40,14,0.35,15,15,1.0,25.564687379593064,0.18825585000013234,0.02861392989992358,1
v0-bh50,Belnet2008-r1,Belnet2008,B1,5,40,14,0.35,15,15,1.0,25.564687379593064,0.18825585000013234,0.02861392989992358,1
v0-bh50,Belnet2008-r1,Belnet2008,B1,6,40,14,0.35,15,15,1.0,25.564687379593064,0.18825585000013234,0.02861392989992358,1
v0-bh50,Belnet2008-r1,Belnet2008,B1,7,40,13,0.325,15,15,1.0,26.55761370188984,0.18825585000013234,0.02861392989992358,1
v0-bh50,Belnet2008-r1,Belnet2008,B1,8,40,14,0.35,15,15,1.0,25.564687379593064,0.18825585000013234,0.02861392989992358,1
v0-bh50,Belnet2008-r1,Belnet2008,B1,9,40,14,0.35,15,15,1.0,25.564687379593064,0.18825585000013234,0.02861392989992358,1
v0-bh50,Belnet2008-r1,Belnet2008,B1,10,40,14,0.35,15,15,1.0,25.564687379593064,0.18825585000013234,0.02861392989992358,1
v0-bh50,Belnet2008-r1,Belnet2008,B1,11,40,14,0.35,15,15,1.0,25.564687379593064,0.18825585000013234,0.02861392989992358,1
v0-bh50,Belnet2008-r1,Belnet2008,B1,12,40,14,0.35,15,15,1.0,25.564687379593064,0.18825585000013234,0.02861392989992358,1
v0-bh50,Belnet2008-r1,Belnet2008,B1,13,40,14,0.35,15,15,1.0,25.564687379593064,0.18825585000013234,0.02861392989992358,1
v0-bh50,Belnet2008-r1,Belnet2008,B1,14,40,14,0.35,15,15,1.0,25.564687379593064,0.18825585000013234,0.02861392989992358,1
v0-bh50,Belnet2008-r1,Belnet2008,B1,15,40,14,0.35,15,15,1.0,25.564687379593064,0.18825585000013234,0.02861392989992358,1
v0-bh50,Belnet2008-r1,Belnet2008,B1,16,40,14,0.35,15,15,1.0,25.564687379593064,0.18825585000013234,0.02861392989992358,1
v0-bh50,Belnet2008-r1,Belnet2008,B1,17,40,14,0.35,15,15,1.0,25.564687379593064,0.18825585000013234,0.02861392989992358,1
v0-bh50,Belnet2008-r1,Belnet2008,B1,18,40,14,0.35,15,15,1.0,25.564687379593064,0.18825585000013234,0.02861392989992358,1
v0-bh50,Belnet2008-r1,Belnet2008,B1,19,40,14,0.35,15,15,1.0,25.564687379593064,0.18825585000013234,0.02861392989992358,1
v0-bh50,Belnet2008-r1,Belnet2008,B1,20,40,14,0.35,15,15,1.0,25.564687379593064,0.18825585000013234,0.02861392989992358,1
v0-bh50,Belnet2008-r1,Belnet2008,B1,21,40,14,0.35,15,15,1.0,25.564687379593064,0.18825585000013234,0.02861392989992358,1
v0-bh50,Belnet2008-r1,Belnet2008,B1,22,40,14,0.35,15,15,1.0,25.564687379593064,0.18825585000013234,0.02861392989992358,1
v0-bh50,Belnet2008-r1,Belnet2008,B1,23,40,14,0.35,15,15,1.0,25.564687379593064,0.18825585000013234,0.02861392989992358,1
v0-bh50,Belnet2008-r1,Belnet2008,B1,24,40,14,0.35,15,15,1.0,25.564687379593064,0.18825585000013234,0.02861392989992358,1
v0-bh50,Belnet2008-r1,Belnet2008,B1,25,40,14,0.35,15,15,1.0,25.564687379593064,0.18825585000013234,0.02861392989992358,1
v0-bh50,Belnet2008-r1,Belnet2008,B1,26,40,14,0.35,15,15,1.0,25.564687379593064,0.18825585000013234,0.02861392989992358,1
v0-bh50,Belnet2008-r1,Belnet2008,B1,27,40,14,0.35,15,15,1.0,25.564687379593064,0.18825585000013234,0.02861392989992358,1
v0-bh50,Belnet2008-r1,Belnet2008,B1,28,40,14,0.35,15,15,1.0,25.564687379593064,0.18825585000013234,0.02861392989992358,1
v0-bh50,Belnet2008-r1,Belnet2008,B1,29,40,14,0.35,15,15,1.0,25.564687379593064,0.18825585000013234,0.02861392989992358,1
v0-bh50,Belnet2008-r2,Belnet2008,B0,0,40,19,0.475,15,12,0.8,13.894246829998313,0.00010544099495746195,0.04848469443337914,1
v0-bh50,Belnet2008-r2,Belnet2008,B0,1,40,19,0.475,15,12,0.8,13.894246829998313,0.00010544099495746195,0.04848469443337914,1
v0-bh50,Belnet2008-r2,Belnet2008,B0,2,40,19,0.475,15,12,0.8,13.894246829998313,0.00010544099495746195,0.04848469443337914,1
v0-bh50,Belnet2008-r2,Belnet2008,B0,3,40,19,0.475,15,12,0.8,13.894246829998313,0.00010544099495746195,0.04848469443337914,1
v0-bh50,Belnet2008-r2,Belnet2008,B0,4,40,19,0.475,15,12,0.8,13.894246829998313,0.00010544099495746195,0.04848469443337914,1
v0-bh50,Belnet2008-r2,Belnet2008,B0,5,40,19,0.475,15,12,0.8,13.894246829998313,0.00010544099495746195,0.04848469443337914,1
v0-bh50,Belnet2008-r2,Belnet2008,B0,6,40,19,0.475,15,12,0.8,13.894246829998313,0.00010544099495746195,0.04848469443337914,1
v0-bh50,Belnet2008-r2,Belnet2008,B0,7,40,19,0.475,15,12,0.8,13.894246829998313,0.00010544099495746195,0.04848469443337914,1
v0-bh50,Belnet2008-r2,Belnet2008,B0,8,40,19,0.475,15,12,0.8,13.894246829998313,0.00010544099495746195,0.04848469443337914,1
v0-bh50,Belnet2008-r2,Belnet2008,B0,9,40,19,0.475,15,12,0.8,13.894246829998313,0.00010544099495746195,0.04848469443337914,1
v0-bh50,Belnet2008-r2,Belnet2008,B0,10,40,19,0.475,15,12,0.8,13.894246829998313,0.00010544099495746195,0.04848469443337914,1
v0-bh50,Belnet2008-r2,Belnet2008,B0,11,40,19,0.475,15,12,0.8,13.894246829998313,0.00010544099495746195,0.04848469443337914,1
v0-bh50,Belnet2008-r2,Belnet2008,B0,12,40,19,0.475,15,12,0.8,13.894246829998313,0.00010544099495746195,0.04848469443337914,1
v0-bh50,Belnet2008-r2,Belnet2008,B0,13,40,19,0.475,15,12,0.8,13.894246829998313,0.00010544099495746195,0.04848469443337914,1
v0-bh50,Belnet2008-r2,Belnet2008,B0,14,40,19,0.475,15,12,0.8,13.894246829998313,0.00010544099495746195,0.04848469443337914,1
v0-bh50,Belnet2008-r2,Belnet2008,B0,15,40,19,0.475,15,12,0.8,13.894246829998313,0.00010544099495746195,0.04848469443337914,1
v0-bh50,Belnet2008-r2,Belnet2008,B0,16,40,19,0.475,15,12,0.8,13.894246829998313,0.00010544099495746195,0.04848469443337914,1
v0-bh50,Belnet2008-r2,Belnet2008,B0,17,40,19,0.475,15,12,0.8,13.894246829998313,0.00010544099495746195,0.04848469443337914,1
v0-bh50,Belnet2008-r2,Belnet2008,B0,18,40,19,0.475,15,12,0.8,13.894246829998313,0.00010544099495746195,0.04848469443337914,1
v0-bh50,Belnet2008-r2,Belnet2008,B0,19,40,19,0.475,15,12,0.8,13.894246829998313,0.00010544099495746195,0.04848469443337914,1
v0-bh50,Belnet2008-r2,Belnet2008,B0,20,40,19,0.475,15,12,0.8,13.894246829998313,0.00010544099495746195,0.04848469443337914,1
v0-bh50,Belnet2008-r2,Belnet2008,B0,21,40,19,0.475,15,12,0.8,13.894246829998313,0.00010544099495746195,0.04848469443337914,1
v0-bh50,Belnet2008-r2,Belnet2008,B0,22,40,19,0.475,15,12,0.8,13.894246829998313,0.00010544099495746195,0.04848469443337914,1
v0-bh50,Belnet2008-r2,Belnet2008,B0,23,40,19,0.475,15,12,0.8,13.894246829998313,0.00010544099495746195,0.04848469443337914,1
v0-bh50,Belnet2008-r2,Belnet2008,B0,24,40,19,0.475,15,12,0.8,13.894246829998313,0.00010544099495746195,0.04848469443337914,1
v0-bh50,Belnet2008-r2,Belnet2008,B0,25,40,19,0.475,15,12,0.8,13.894246829998313,0.00010544099495746195,0.04848469443337914,1
v0-bh50,Belnet2008-r2,Belnet2008,B0,26,40,19,0.475,15,12,0.8,13.894246829998313,0.00010544099495746195,0.04848469443337914,1
v0-bh50,Belnet2008-r2,Belnet2008,B0,27,40,19,0.475,15,12,0.8,13.894246829998313,0.00010544099495746195,0.04848469443337914,1
v0-bh50,Belnet2008-r2,Belnet2008,B0,28,40,19,0.475,15,12,0.8,13.894246829998313,0.00010544099495746195,0.04848469443337914,1
v0-bh50,Belnet2008-r2,Belnet2008,B0,29,40,19,0.475,15,12,0.8,13.894246829998313,0.00010544099495746195,0.04848469443337914,1
v0-bh50,Belnet2008-r2,Belnet2008,B1,0,40,25,0.625,15,15,1.0,11.97526811599237,0.1579202759967302,0.04325876270013396,1
v0-bh50,Belnet2008-r2,Belnet2008,B1,1,40,25,0.625,15,15,1.0,11.97526811599237,0.1579202759967302,0.04325876270013396,1
v0-bh50,Belnet2008-r2,Belnet2008,B1,2,40,25,0.625,15,15,1.0,11.97526811599237,0.1579202759967302,0.04325876270013396,1
v0-bh50,Belnet2008-r2,Belnet2008,B1,3,40,25,0.625,15,15,1.0,11.97526811599237,0.1579202759967302,0.04325876270013396,1
v0-bh50,Belnet2008-r2,Belnet2008,B1,4,40,25,0.625,15,15,1.0,11.97526811599237,0.1579202759967302,0.04325876270013396,1
v0-bh50,Belnet2008-r2,Belnet2008,B1,5,40,25,0.625,15,15,1.0,11.97526811599237,0.1579202759967302,0.04325876270013396,1
v0-bh50,Belnet2008-r2,Belnet2008,B1,6,40,25,0.625,15,15,1.0,11.97526811599237,0.1579202759967302,0.04325876270013396,1
v0-bh50,Belnet2008-r2,Belnet2008,B1,7,40,25,0.625,15,15,1.0,11.97526811599237,0.1579202759967302,0.04325876270013396,1
v0-bh50,Belnet2008-r2,Belnet2008,B1,8,40,25,0.625,15,15,1.0,11.97526811599237,0.1579202759967302,0.04325876270013396,1
v0-bh50,Belnet2008-r2,Belnet2008,B1,9,40,25,0.625,15,15,1.0,11.97526811599237,0.1579202759967302,0.04325876270013396,1
v0-bh50,Belnet2008-r2,Belnet2008,B1,10,40,25,0.625,15,15,1.0,11.97526811599237,0.1579202759967302,0.04325876270013396,1
v0-bh50,Belnet2008-r2,Belnet2008,B1,11,40,25,0.625,15,15,1.0,11.97526811599237,0.1579202759967302,0.04325876270013396,1
v0-bh50,Belnet2008-r2,Belnet2008,B1,12,40,25,0.625,15,15,1.0,11.97526811599237,0.1579202759967302,0.04325876270013396,1
v0-bh50,Belnet2008-r2,Belnet2008,B1,13,40,25,0.625,15,15,1.0,11.97526811599237,0.1579202759967302,0.04325876270013396,1
v0-bh50,Belnet2008-r2,Belnet2008,B1,14,40,25,0.625,15,15,1.0,11.97526811599237,0.1579202759967302,0.04325876270013396,1
v0-bh50,Belnet2008-r2,Belnet2008,B1,15,40,25,0.625,15,15,1.0,11.97526811599237,0.1579202759967302,0.04325876270013396,1
v0-bh50,Belnet2008-r2,Belnet2008,B1,16,40,25,0.625,15,15,1.0,11.97526811599237,0.1579202759967302,0.04325876270013396,1
v0-bh50,Belnet2008-r2,Belnet2008,B1,17,40,25,0.625,15,15,1.0,11.97526811599237,0.1579202759967302,0.04325876270013396,1
v0-bh50,Belnet2008-r2,Belnet2008,B1,18,40,25,0.625,15,15,1.0,11.97526811599237,0.1579202759967302,0.04325876270013396,1
v0-bh50,Belnet2008-r2,Belnet2008,B1,19,40,25,0.625,15,15,1.0,11.97526811599237,0.1579202759967302,0.04325876270013396,1
v0-bh50,Belnet2008-r2,Belnet2008,B1,20,40,25,0.625,15,15,1.0,11.97526811599237,0.1579202759967302,0.04325876270013396,1
v0-bh50,Belnet2008-r2,Belnet2008,B1,21,40,25,0.625,15,15,1.0,11.97526811599237,0.1579202759967302,0.04325876270013396,1
v0-bh50,Belnet2008-r2,Belnet2008,B1,22,40,25,0.625,15,15,1.0,11.97526811599237,0.1579202759967302,0.04325876270013396,1
v0-bh50,Belnet2008-r2,Belnet2008,B1,23,40,25,0.625,15,15,1.0,11.97526811599237,0.1579202759967302,0.04325876270013396,1
v0-bh50,Belnet2008-r2,Belnet2008,B1,24,40,25,0.625,15,15,1.0,11.97526811599237,0.1579202759967302,0.04325876270013396,1
v0-bh50,Belnet2008-r2,Belnet2008,B1,25,40,25,0.625,15,15,1.0,11.97526811599237,0.1579202759967302,0.04325876270013396,1
v0-bh50,Belnet2008-r2,Belnet2008,B1,26,40,25,0.625,15,15,1.0,11.97526811599237,0.1579202759967302,0.04325876270013396,1
v0-bh50,Belnet2008-r2,Belnet2008,B1,27,40,25,0.625,15,15,1.0,11.97526811599237,0.1579202759967302,0.04325876270013396,1
v0-bh50,Belnet2008-r2,Belnet2008,B1,28,40,25,0.625,15,15,1.0,11.97526811599237,0.1579202759967302,0.04325876270013396,1
v0-bh50,Belnet2008-r2,Belnet2008,B1,29,40,25,0.625,15,15,1.0,11.97526811599237,0.1579202759967302,0.04325876270013396,1
v0-bh50,BsonetEurope-r0,BsonetEurope,B0,0,40,16,0.4,15,8,0.5333333333333333,21.04371473984486,0.00023594500089529902,0.03537905280002936,1
v0-bh50,BsonetEurope-r0,BsonetEurope,B0,1,40,16,0.4,15,8,0.5333333333333333,21.04371473984486,0.00023594500089529902,0.03537905280002936,1
v0-bh50,BsonetEurope-r0,BsonetEurope,B0,2,40,16,0.4,15,8,0.5333333333333333,21.04371473984486,0.00023594500089529902,0.03537905280002936,1
v0-bh50,BsonetEurope-r0,BsonetEurope,B0,3,40,16,0.4,15,8,0.5333333333333333,21.04371473984486,0.00023594500089529902,0.03537905280002936,1
v0-bh50,BsonetEurope-r0,BsonetEurope,B0,4,40,16,0.4,15,8,0.5333333333333333,21.04371473984486,0.00023594500089529902,0.03537905280002936,1
v0-bh50,BsonetEurope-r0,BsonetEurope,B0,5,40,16,0.4,15,8,0.5333333333333333,21.04371473984486,0.00023594500089529902,0.03537905280002936,1
v0-bh50,BsonetEurope-r0,BsonetEurope,B0,6,40,16,0.4,15,8,0.5333333333333333,21.04371473984486,0.00023594500089529902,0.03537905280002936,1
v0-bh50,BsonetEurope-r0,BsonetEurope,B0,7,40,16,0.4,15,8,0.5333333333333333,21.04371473984486,0.00023594500089529902,0.03537905280002936,1
v0-bh50,BsonetEurope-r0,BsonetEurope,B0,8,40,16,0.4,15,8,0.5333333333333333,21.04371473984486,0.00023594500089529902,0.03537905280002936,1
v0-bh50,BsonetEurope-r0,BsonetEurope,B0,9,40,16,0.4,15,8,0.5333333333333333,21.04371473984486,0.00023594500089529902,0.03537905280002936,1
v0-bh50,BsonetEurope-r0,BsonetEurope,B0,10,40,16,0.4,15,8,0.5333333333333333,21.04371473984486,0.00023594500089529902,0.03537905280002936,1
v0-bh50,BsonetEurope-r0,BsonetEurope,B0,11,40,16,0.4,15,8,0.5333333333333333,21.04371473984486,0.00023594500089529902,0.03537905280002936,1
v0-bh50,BsonetEurope-r0,BsonetEurope,B0,12,40,16,0.4,15,8,0.5333333333333333,21.04371473984486,0.00023594500089529902,0.03537905280002936,1
v0-bh50,BsonetEurope-r0,BsonetEurope,B0,13,40,16,0.4,15,8,0.5333333333333333,21.04371473984486,0.00023594500089529902,0.03537905280002936,1
v0-bh50,BsonetEurope-r0,BsonetEurope,B0,14,40,16,0.4,15,8,0.5333333333333333,21.04371473984486,0.00023594500089529902,0.03537905280002936,1
v0-bh50,BsonetEurope-r0,BsonetEurope,B0,15,40,16,0.4,15,8,0.5333333333333333,21.04371473984486,0.00023594500089529902,0.03537905280002936,1
v0-bh50,BsonetEurope-r0,BsonetEurope,B0,16,40,16,0.4,15,8,0.5333333333333333,21.04371473984486,0.00023594500089529902,0.03537905280002936,1
v0-bh50,BsonetEurope-r0,BsonetEurope,B0,17,40,16,0.4,15,8,0.5333333333333333,21.04371473984486,0.00023594500089529902,0.03537905280002936,1
v0-bh50,BsonetEurope-r0,BsonetEurope,B0,18,40,16,0.4,15,8,0.5333333333333333,21.04371473984486,0.00023594500089529902,0.03537905280002936,1
v0-bh50,BsonetEurope-r0,BsonetEurope,B0,19,40,16,0.4,15,8,0.5333333333333333,21.04371473984486,0.00023594500089529902,0.03537905280002936,1
v0-bh50,BsonetEurope-r0,BsonetEurope,B0,20,40,16,0.4,15,8,0.5333333333333333,21.04371473984486,0.00023594500089529902,0.03537905280002936,1
v0-bh50,BsonetEurope-r0,BsonetEurope,B0,21,40,16,0.4,15,8,0.5333333333333333,21.04371473984486,0.00023594500089529902,0.03537905280002936,1
v0-bh50,BsonetEurope-r0,BsonetEurope,B0,22,40,16,0.4,15,8,0.5333333333333333,21.04371473984486,0.00023594500089529902,0.03537905280002936,1
v0-bh50,BsonetEurope-r0,BsonetEurope,B0,23,40,16,0.4,15,8,0.5333333333333333,21.04371473984486,0.00023594500089529902,0.03537905280002936,1
v0-bh50,BsonetEurope-r0,BsonetEurope,B0,24,40,16,0.4,15,8,0.5333333333333333,21.04371473984486,0.00023594500089529902,0.03537905280002936,1
v0-bh50,BsonetEurope-r0,BsonetEurope,B0,25,40,16,0.4,15,8,0.5333333333333333,21.04371473984486,0.00023594500089529902,0.03537905280002936,1
v0-bh50,BsonetEurope-r0,BsonetEurope,B0,26,40,16,0.4,15,8,0.5333333333333333,21.04371473984486,0.00023594500089529902,0.03537905280002936,1
v0-bh50,BsonetEurope-r0,BsonetEurope,B0,27,40,16,0.4,15,8,0.5333333333333333,21.04371473984486,0.00023594500089529902,0.03537905280002936,1
v0-bh50,BsonetEurope-r0,BsonetEurope,B0,28,40,16,0.4,15,8,0.5333333333333333,21.04371473984486,0.00023594500089529902,0.03537905280002936,1
v0-bh50,BsonetEurope-r0,BsonetEurope,B0,29,40,16,0.4,15,8,0.5333333333333333,21.04371473984486,0.00023594500089529902,0.03537905280002936,1
v0-bh50,BsonetEurope-r0,BsonetEurope,B1,0,40,12,0.3,15,15,1.0,21.954513062230614,0.16275257199595217,0.04672118486681332,1
v0-bh50,BsonetEurope-r0,BsonetEurope,B1,1,40,12,0.3,15,15,1.0,23.464876352953226,0.16275257199595217,0.04672118486681332,1
v0-bh50,BsonetEurope-r0,BsonetEurope,B1,2,40,11,0.275,15,15,1.0,22.439793587913236,0.16275257199595217,0.04672118486681332,1
v0-bh50,BsonetEurope-r0,BsonetEurope,B1,3,40,11,0.275,15,15,1.0,21.815456901922857,0.16275257199595217,0.04672118486681332,1
v0-bh50,BsonetEurope-r0,BsonetEurope,B1,4,40,10,0.25,15,15,1.0,23.033307923122187,0.16275257199595217,0.04672118486681332,1
v0-bh50,BsonetEurope-r0,BsonetEurope,B1,5,40,11,0.275,15,15,1.0,23.092198235073727,0.16275257199595217,0.04672118486681332,1
v0-bh50,BsonetEurope-r0,BsonetEurope,B1,6,40,12,0.3,15,15,1.0,23.081026756665008,0.16275257199595217,0.04672118486681332,1
v0-bh50,BsonetEurope-r0,BsonetEurope,B1,7,40,11,0.275,15,15,1.0,23.41791058448864,0.16275257199595217,0.04672118486681332,1
v0-bh50,BsonetEurope-r0,BsonetEurope,B1,8,40,11,0.275,15,15,1.0,22.7228166044515,0.16275257199595217,0.04672118486681332,1
v0-bh50,BsonetEurope-r0,BsonetEurope,B1,9,40,13,0.325,15,15,1.0,22.313717537571684,0.16275257199595217,0.04672118486681332,1
v0-bh50,BsonetEurope-r0,BsonetEurope,B1,10,40,11,0.275,15,15,1.0,23.530033635916986,0.16275257199595217,0.04672118486681332,1
v0-bh50,BsonetEurope-r0,BsonetEurope,B1,11,40,11,0.275,15,15,1.0,23.708763523930198,0.16275257199595217,0.04672118486681332,1
v0-bh50,BsonetEurope-r0,BsonetEurope,B1,12,40,14,0.35,15,15,1.0,20.7856600359811,0.16275257199595217,0.04672118486681332,1
v0-bh50,BsonetEurope-r0,BsonetEurope,B1,13,40,12,0.3,15,15,1.0,22.587318214375916,0.16275257199595217,0.04672118486681332,1
v0-bh50,BsonetEurope-r0,BsonetEurope,B1,14,40,15,0.375,15,15,1.0,20.72647854263689,0.16275257199595217,0.04672118486681332,1
v0-bh50,BsonetEurope-r0,BsonetEurope,B1,15,40,12,0.3,15,15,1.0,22.783859891100228,0.16275257199595217,0.04672118486681332,1
v0-bh50,BsonetEurope-r0,BsonetEurope,B1,16,40,13,0.325,15,15,1.0,22.244873406180215,0.16275257199595217,0.04672118486681332,1
v0-bh50,BsonetEurope-r0,BsonetEurope,B1,17,40,14,0.35,15,15,1.0,21.536962848490337,0.16275257199595217,0.04672118486681332,1
v0-bh50,BsonetEurope-r0,BsonetEurope,B1,18,40,12,0.3,15,15,1.0,22.670262668288398,0.16275257199595217,0.04672118486681332,1
v0-bh50,BsonetEurope-r0,BsonetEurope,B1,19,40,14,0.35,15,15,1.0,21.6440632049297,0.16275257199595217,0.04672118486681332,1
v0-bh50,BsonetEurope-r0,BsonetEurope,B1,20,40,12,0.3,15,15,1.0,23.047034388143253,0.16275257199595217,0.04672118486681332,1
v0-bh50,BsonetEurope-r0,BsonetEurope,B1,21,40,12,0.3,15,15,1.0,22.344253094028687,0.16275257199595217,0.04672118486681332,1
v0-bh50,BsonetEurope-r0,BsonetEurope,B1,22,40,12,0.3,15,15,1.0,23.027469463249982,0.16275257199595217,0.04672118486681332,1
v0-bh50,BsonetEurope-r0,BsonetEurope,B1,23,40,11,0.275,15,15,1.0,22.352719509979984,0.16275257199595217,0.04672118486681332,1
v0-bh50,BsonetEurope-r0,BsonetEurope,B1,24,40,10,0.25,15,15,1.0,23.712041911193957,0.16275257199595217,0.04672118486681332,1
v0-bh50,BsonetEurope-r0,BsonetEurope,B1,25,40,14,0.35,15,15,1.0,20.736813664901398,0.16275257199595217,0.04672118486681332,1
v0-bh50,BsonetEurope-r0,BsonetEurope,B1,26,40,14,0.35,15,15,1.0,20.97102759201531,0.16275257199595217,0.04672118486681332,1
v0-bh50,BsonetEurope-r0,BsonetEurope,B1,27,40,10,0.25,15,15,1.0,22.836148300789358,0.16275257199595217,0.04672118486681332,1
v0-bh50,BsonetEurope-r0,BsonetEurope,B1,28,40,13,0.325,15,15,1.0,23.104309270227006,0.16275257199595217,0.04672118486681332,1
v0-bh50,BsonetEurope-r0,BsonetEurope,B1,29,40,11,0.275,15,15,1.0,23.57638087727682,0.16275257199595217,0.04672118486681332,1
v0-bh50,BsonetEurope-r1,BsonetEurope,B0,0,40,15,0.375,15,8,0.5333333333333333,24.15085904534908,0.00013895700249122456,0.026246622833180785,1
v0-bh50,BsonetEurope-r1,BsonetEurope,B0,1,40,15,0.375,15,8,0.5333333333333333,24.15085904534908,0.00013895700249122456,0.026246622833180785,1
v0-bh50,BsonetEurope-r1,BsonetEurope,B0,2,40,15,0.375,15,8,0.5333333333333333,24.15085904534908,0.00013895700249122456,0.026246622833180785,1
v0-bh50,BsonetEurope-r1,BsonetEurope,B0,3,40,15,0.375,15,8,0.5333333333333333,24.15085904534908,0.00013895700249122456,0.026246622833180785,1
v0-bh50,BsonetEurope-r1,BsonetEurope,B0,4,40,15,0.375,15,8,0.5333333333333333,24.15085904534908,0.00013895700249122456,0.026246622833180785,1
v0-bh50,BsonetEurope-r1,BsonetEurope,B0,5,40,15,0.375,15,8,0.5333333333333333,24.15085904534908,0.00013895700249122456,0.026246622833180785,1
v0-bh50,BsonetEurope-r1,BsonetEurope,B0,6,40,15,0.375,15,8,0.5333333333333333,24.15085904534908,0.00013895700249122456,0.026246622833180785,1
v0-bh50,BsonetEurope-r1,BsonetEurope,B0,7,40,15,0.375,15,8,0.5333333333333333,24.15085904534908,0.00013895700249122456,0.026246622833180785,1
v0-bh50,BsonetEurope-r1,BsonetEurope,B0,8,40,15,0.375,15,8,0.5333333333333333,24.15085904534908,0.00013895700249122456,0.026246622833180785,1
v0-bh50,BsonetEurope-r1,BsonetEurope,B0,9,40,15,0.375,15,8,0.5333333333333333,24.15085904534908,0.00013895700249122456,0.026246622833180785,1
v0-bh50,BsonetEurope-r1,BsonetEurope,B0,10,40,15,0.375,15,8,0.5333333333333333,24.15085904534908,0.00013895700249122456,0.026246622833180785,1
v0-bh50,BsonetEurope-r1,BsonetEurope,B0,11,40,15,0.375,15,8,0.5333333333333333,24.15085904534908,0.00013895700249122456,0.026246622833180785,1
v0-bh50,BsonetEurope-r1,BsonetEurope,B0,12,40,15,0.375,15,8,0.5333333333333333,24.15085904534908,0.00013895700249122456,0.026246622833180785,1
v0-bh50,BsonetEurope-r1,BsonetEurope,B0,13,40,15,0.375,15,8,0.5333333333333333,24.15085904534908,0.00013895700249122456,0.026246622833180785,1
v0-bh50,BsonetEurope-r1,BsonetEurope,B0,14,40,15,0.375,15,8,0.5333333333333333,24.15085904534908,0.00013895700249122456,0.026246622833180785,1
v0-bh50,BsonetEurope-r1,BsonetEurope,B0,15,40,15,0.375,15,8,0.5333333333333333,24.15085904534908,0.00013895700249122456,0.026246622833180785,1
v0-bh50,BsonetEurope-r1,BsonetEurope,B0,16,40,15,0.375,15,8,0.5333333333333333,24.15085904534908,0.00013895700249122456,0.026246622833180785,1
v0-bh50,BsonetEurope-r1,BsonetEurope,B0,17,40,15,0.375,15,8,0.5333333333333333,24.15085904534908,0.00013895700249122456,0.026246622833180785,1
v0-bh50,BsonetEurope-r1,BsonetEurope,B0,18,40,15,0.375,15,8,0.5333333333333333,24.15085904534908,0.00013895700249122456,0.026246622833180785,1
v0-bh50,BsonetEurope-r1,BsonetEurope,B0,19,40,15,0.375,15,8,0.5333333333333333,24.15085904534908,0.00013895700249122456,0.026246622833180785,1
v0-bh50,BsonetEurope-r1,BsonetEurope,B0,20,40,15,0.375,15,8,0.5333333333333333,24.15085904534908,0.00013895700249122456,0.026246622833180785,1
v0-bh50,BsonetEurope-r1,BsonetEurope,B0,21,40,15,0.375,15,8,0.5333333333333333,24.15085904534908,0.00013895700249122456,0.026246622833180785,1
v0-bh50,BsonetEurope-r1,BsonetEurope,B0,22,40,15,0.375,15,8,0.5333333333333333,24.15085904534908,0.00013895700249122456,0.026246622833180785,1
v0-bh50,BsonetEurope-r1,BsonetEurope,B0,23,40,15,0.375,15,8,0.5333333333333333,24.15085904534908,0.00013895700249122456,0.026246622833180785,1
v0-bh50,BsonetEurope-r1,BsonetEurope,B0,24,40,15,0.375,15,8,0.5333333333333333,24.15085904534908,0.00013895700249122456,0.026246622833180785,1
v0-bh50,BsonetEurope-r1,BsonetEurope,B0,25,40,15,0.375,15,8,0.5333333333333333,24.15085904534908,0.00013895700249122456,0.026246622833180785,1
v0-bh50,BsonetEurope-r1,BsonetEurope,B0,26,40,15,0.375,15,8,0.5333333333333333,24.15085904534908,0.00013895700249122456,0.026246622833180785,1
v0-bh50,BsonetEurope-r1,BsonetEurope,B0,27,40,15,0.375,15,8,0.5333333333333333,24.15085904534908,0.00013895700249122456,0.026246622833180785,1
v0-bh50,BsonetEurope-r1,BsonetEurope,B0,28,40,15,0.375,15,8,0.5333333333333333,24.15085904534908,0.00013895700249122456,0.026246622833180785,1
v0-bh50,BsonetEurope-r1,BsonetEurope,B0,29,40,15,0.375,15,8,0.5333333333333333,24.15085904534908,0.00013895700249122456,0.026246622833180785,1
v0-bh50,BsonetEurope-r1,BsonetEurope,B1,0,40,18,0.45,15,15,1.0,21.264394193876583,0.13522642300085863,0.02480950210010633,1
v0-bh50,BsonetEurope-r1,BsonetEurope,B1,1,40,19,0.475,15,15,1.0,21.0,0.13522642300085863,0.02480950210010633,1
v0-bh50,BsonetEurope-r1,BsonetEurope,B1,2,40,18,0.45,15,15,1.0,21.264394193876583,0.13522642300085863,0.02480950210010633,1
v0-bh50,BsonetEurope-r1,BsonetEurope,B1,3,40,18,0.45,15,15,1.0,21.264394193876587,0.13522642300085863,0.02480950210010633,1
v0-bh50,BsonetEurope-r1,BsonetEurope,B1,4,40,19,0.475,15,15,1.0,21.0,0.13522642300085863,0.02480950210010633,1
v0-bh50,BsonetEurope-r1,BsonetEurope,B1,5,40,15,0.375,15,15,1.0,23.717780347518396,0.13522642300085863,0.02480950210010633,1
v0-bh50,BsonetEurope-r1,BsonetEurope,B1,6,40,19,0.475,15,15,1.0,21.0,0.13522642300085863,0.02480950210010633,1
v0-bh50,BsonetEurope-r1,BsonetEurope,B1,7,40,19,0.475,15,15,1.0,21.0,0.13522642300085863,0.02480950210010633,1
v0-bh50,BsonetEurope-r1,BsonetEurope,B1,8,40,17,0.425,15,15,1.0,21.25569677677731,0.13522642300085863,0.02480950210010633,1
v0-bh50,BsonetEurope-r1,BsonetEurope,B1,9,40,19,0.475,15,15,1.0,21.0,0.13522642300085863,0.02480950210010633,1
v0-bh50,BsonetEurope-r1,BsonetEurope,B1,10,40,18,0.45,15,15,1.0,21.027271333457325,0.13522642300085863,0.02480950210010633,1
v0-bh50,BsonetEurope-r1,BsonetEurope,B1,11,40,19,0.475,15,15,1.0,21.0,0.13522642300085863,0.02480950210010633,1
v0-bh50,BsonetEurope-r1,BsonetEurope,B1,12,40,19,0.475,15,15,1.0,21.0,0.13522642300085863,0.02480950210010633,1
v0-bh50,BsonetEurope-r1,BsonetEurope,B1,13,40,19,0.475,15,15,1.0,21.0,0.13522642300085863,0.02480950210010633,1
v0-bh50,BsonetEurope-r1,BsonetEurope,B1,14,40,19,0.475,15,15,1.0,21.0,0.13522642300085863,0.02480950210010633,1
v0-bh50,BsonetEurope-r1,BsonetEurope,B1,15,40,19,0.475,15,15,1.0,21.0,0.13522642300085863,0.02480950210010633,1
v0-bh50,BsonetEurope-r1,BsonetEurope,B1,16,40,16,0.4,15,15,1.0,22.005657123906882,0.13522642300085863,0.02480950210010633,1
v0-bh50,BsonetEurope-r1,BsonetEurope,B1,17,40,18,0.45,15,15,1.0,21.302823899697035,0.13522642300085863,0.02480950210010633,1
v0-bh50,BsonetEurope-r1,BsonetEurope,B1,18,40,16,0.4,15,15,1.0,23.3457221415766,0.13522642300085863,0.02480950210010633,1
v0-bh50,BsonetEurope-r1,BsonetEurope,B1,19,40,19,0.475,15,15,1.0,21.0,0.13522642300085863,0.02480950210010633,1
v0-bh50,BsonetEurope-r1,BsonetEurope,B1,20,40,18,0.45,15,15,1.0,21.673572216900368,0.13522642300085863,0.02480950210010633,1
v0-bh50,BsonetEurope-r1,BsonetEurope,B1,21,40,19,0.475,15,15,1.0,21.0,0.13522642300085863,0.02480950210010633,1
v0-bh50,BsonetEurope-r1,BsonetEurope,B1,22,40,19,0.475,15,15,1.0,21.0,0.13522642300085863,0.02480950210010633,1
v0-bh50,BsonetEurope-r1,BsonetEurope,B1,23,40,19,0.475,15,15,1.0,21.0,0.13522642300085863,0.02480950210010633,1
v0-bh50,BsonetEurope-r1,BsonetEurope,B1,24,40,16,0.4,15,15,1.0,22.274505830000866,0.13522642300085863,0.02480950210010633,1
v0-bh50,BsonetEurope-r1,BsonetEurope,B1,25,40,19,0.475,15,15,1.0,21.0,0.13522642300085863,0.02480950210010633,1
v0-bh50,BsonetEurope-r1,BsonetEurope,B1,26,40,19,0.475,15,15,1.0,21.0,0.13522642300085863,0.02480950210010633,1
v0-bh50,BsonetEurope-r1,BsonetEurope,B1,27,40,18,0.45,15,15,1.0,21.077581741149586,0.13522642300085863,0.02480950210010633,1
v0-bh50,BsonetEurope-r1,BsonetEurope,B1,28,40,19,0.475,15,15,1.0,21.0,0.13522642300085863,0.02480950210010633,1
v0-bh50,BsonetEurope-r1,BsonetEurope,B1,29,40,17,0.425,15,15,1.0,21.516616600411677,0.13522642300085863,0.02480950210010633,1
v0-bh50,BsonetEurope-r2,BsonetEurope,B0,0,40,19,0.475,15,5,0.3333333333333333,21.0,0.00012496000272221863,0.028300259033373246,1
v0-bh50,BsonetEurope-r2,BsonetEurope,B0,1,40,19,0.475,15,5,0.3333333333333333,21.0,0.00012496000272221863,0.028300259033373246,1
v0-bh50,BsonetEurope-r2,BsonetEurope,B0,2,40,19,0.475,15,5,0.3333333333333333,21.0,0.00012496000272221863,0.028300259033373246,1
v0-bh50,BsonetEurope-r2,BsonetEurope,B0,3,40,19,0.475,15,5,0.3333333333333333,21.0,0.00012496000272221863,0.028300259033373246,1
v0-bh50,BsonetEurope-r2,BsonetEurope,B0,4,40,19,0.475,15,5,0.3333333333333333,21.0,0.00012496000272221863,0.028300259033373246,1
v0-bh50,BsonetEurope-r2,BsonetEurope,B0,5,40,19,0.475,15,5,0.3333333333333333,21.0,0.00012496000272221863,0.028300259033373246,1
v0-bh50,BsonetEurope-r2,BsonetEurope,B0,6,40,19,0.475,15,5,0.3333333333333333,21.0,0.00012496000272221863,0.028300259033373246,1
v0-bh50,BsonetEurope-r2,BsonetEurope,B0,7,40,19,0.475,15,5,0.3333333333333333,21.0,0.00012496000272221863,0.028300259033373246,1
v0-bh50,BsonetEurope-r2,BsonetEurope,B0,8,40,19,0.475,15,5,0.3333333333333333,21.0,0.00012496000272221863,0.028300259033373246,1
v0-bh50,BsonetEurope-r2,BsonetEurope,B0,9,40,19,0.475,15,5,0.3333333333333333,21.0,0.00012496000272221863,0.028300259033373246,1
v0-bh50,BsonetEurope-r2,BsonetEurope,B0,10,40,19,0.475,15,5,0.3333333333333333,21.0,0.00012496000272221863,0.028300259033373246,1
v0-bh50,BsonetEurope-r2,BsonetEurope,B0,11,40,19,0.475,15,5,0.3333333333333333,21.0,0.00012496000272221863,0.028300259033373246,1
v0-bh50,BsonetEurope-r2,BsonetEurope,B0,12,40,19,0.475,15,5,0.3333333333333333,21.0,0.00012496000272221863,0.028300259033373246,1
v0-bh50,BsonetEurope-r2,BsonetEurope,B0,13,40,19,0.475,15,5,0.3333333333333333,21.0,0.00012496000272221863,0.028300259033373246,1
v0-bh50,BsonetEurope-r2,BsonetEurope,B0,14,40,19,0.475,15,5,0.3333333333333333,21.0,0.00012496000272221863,0.028300259033373246,1
v0-bh50,BsonetEurope-r2,BsonetEurope,B0,15,40,19,0.475,15,5,0.3333333333333333,21.0,0.00012496000272221863,0.028300259033373246,1
v0-bh50,BsonetEurope-r2,BsonetEurope,B0,16,40,19,0.475,15,5,0.3333333333333333,21.0,0.00012496000272221863,0.028300259033373246,1
v0-bh50,BsonetEurope-r2,BsonetEurope,B0,17,40,19,0.475,15,5,0.3333333333333333,21.0,0.00012496000272221863,0.028300259033373246,1
v0-bh50,BsonetEurope-r2,BsonetEurope,B0,18,40,19,0.475,15,5,0.3333333333333333,21.0,0.00012496000272221863,0.028300259033373246,1
v0-bh50,BsonetEurope-r2,BsonetEurope,B0,19,40,19,0.475,15,5,0.3333333333333333,21.0,0.00012496000272221863,0.028300259033373246,1
v0-bh50,BsonetEurope-r2,BsonetEurope,B0,20,40,19,0.475,15,5,0.3333333333333333,21.0,0.00012496000272221863,0.028300259033373246,1
v0-bh50,BsonetEurope-r2,BsonetEurope,B0,21,40,19,0.475,15,5,0.3333333333333333,21.0,0.00012496000272221863,0.028300259033373246,1
v0-bh50,BsonetEurope-r2,BsonetEurope,B0,22,40,19,0.475,15,5,0.3333333333333333,21.0,0.00012496000272221863,0.028300259033373246,1
v0-bh50,BsonetEurope-r2,BsonetEurope,B0,23,40,19,0.475,15,5,0.3333333333333333,21.0,0.00012496000272221863,0.028300259033373246,1
v0-bh50,BsonetEurope-r2,BsonetEurope,B0,24,40,19,0.475,15,5,0.3333333333333333,21.0,0.00012496000272221863,0.028300259033373246,1
v0-bh50,BsonetEurope-r2,BsonetEurope,B0,25,40,19,0.475,15,5,0.3333333333333333,21.0,0.00012496000272221863,0.028300259033373246,1
v0-bh50,BsonetEurope-r2,BsonetEurope,B0,26,40,19,0.475,15,5,0.3333333333333333,21.0,0.00012496000272221863,0.028300259033373246,1
v0-bh50,BsonetEurope-r2,BsonetEurope,B0,27,40,19,0.475,15,5,0.3333333333333333,21.0,0.00012496000272221863,0.028300259033373246,1
v0-bh50,BsonetEurope-r2,BsonetEurope,B0,28,40,19,0.475,15,5,0.3333333333333333,21.0,0.00012496000272221863,0.028300259033373246,1
v0-bh50,BsonetEurope-r2,BsonetEurope,B0,29,40,19,0.475,15,5,0.3333333333333333,21.0,0.00012496000272221863,0.028300259033373246,1
v0-bh50,BsonetEurope-r2,BsonetEurope,B1,0,40,20,0.5,15,15,1.0,20.0,0.1467181139960303,0.020771361133180715,1
v0-bh50,BsonetEurope-r2,BsonetEurope,B1,1,40,20,0.5,15,15,1.0,20.0,0.1467181139960303,0.020771361133180715,1
v0-bh50,BsonetEurope-r2,BsonetEurope,B1,2,40,20,0.5,15,15,1.0,20.0,0.1467181139960303,0.020771361133180715,1
v0-bh50,BsonetEurope-r2,BsonetEurope,B1,3,40,19,0.475,15,15,1.0,20.530553976384663,0.1467181139960303,0.020771361133180715,1
v0-bh50,BsonetEurope-r2,BsonetEurope,B1,4,40,19,0.475,15,15,1.0,20.531687460453217,0.1467181139960303,0.020771361133180715,1
v0-bh50,BsonetEurope-r2,BsonetEurope,B1,5,40,19,0.475,15,15,1.0,20.04904131006137,0.1467181139960303,0.020771361133180715,1
v0-bh50,BsonetEurope-r2,BsonetEurope,B1,6,40,19,0.475,15,15,1.0,20.047820041006144,0.1467181139960303,0.020771361133180715,1
v0-bh50,BsonetEurope-r2,BsonetEurope,B1,7,40,20,0.5,15,15,1.0,20.0,0.1467181139960303,0.020771361133180715,1
v0-bh50,BsonetEurope-r2,BsonetEurope,B1,8,40,20,0.5,15,15,1.0,20.0,0.1467181139960303,0.020771361133180715,1
v0-bh50,BsonetEurope-r2,BsonetEurope,B1,9,40,20,0.5,15,15,1.0,20.0,0.1467181139960303,0.020771361133180715,1
v0-bh50,BsonetEurope-r2,BsonetEurope,B1,10,40,19,0.475,15,15,1.0,20.059865606003452,0.1467181139960303,0.020771361133180715,1
v0-bh50,BsonetEurope-r2,BsonetEurope,B1,11,40,19,0.475,15,15,1.0,20.06773891893322,0.1467181139960303,0.020771361133180715,1
v0-bh50,BsonetEurope-r2,BsonetEurope,B1,12,40,20,0.5,15,15,1.0,20.0,0.1467181139960303,0.020771361133180715,1
v0-bh50,BsonetEurope-r2,BsonetEurope,B1,13,40,20,0.5,15,15,1.0,20.0,0.1467181139960303,0.020771361133180715,1
v0-bh50,BsonetEurope-r2,BsonetEurope,B1,14,40,19,0.475,15,15,1.0,20.058337484722745,0.1467181139960303,0.020771361133180715,1
v0-bh50,BsonetEurope-r2,BsonetEurope,B1,15,40,20,0.5,15,15,1.0,20.0,0.1467181139960303,0.020771361133180715,1
v0-bh50,BsonetEurope-r2,BsonetEurope,B1,16,40,20,0.5,15,15,1.0,20.0,0.1467181139960303,0.020771361133180715,1
v0-bh50,BsonetEurope-r2,BsonetEurope,B1,17,40,19,0.475,15,15,1.0,20.996823730296263,0.1467181139960303,0.020771361133180715,1
v0-bh50,BsonetEurope-r2,BsonetEurope,B1,18,40,20,0.5,15,15,1.0,20.0,0.1467181139960303,0.020771361133180715,1
v0-bh50,BsonetEurope-r2,BsonetEurope,B1,19,40,19,0.475,15,15,1.0,20.522932520178816,0.1467181139960303,0.020771361133180715,1
v0-bh50,BsonetEurope-r2,BsonetEurope,B1,20,40,20,0.5,15,15,1.0,20.0,0.1467181139960303,0.020771361133180715,1
v0-bh50,BsonetEurope-r2,BsonetEurope,B1,21,40,19,0.475,15,15,1.0,20.058293182901796,0.1467181139960303,0.020771361133180715,1
v0-bh50,BsonetEurope-r2,BsonetEurope,B1,22,40,20,0.5,15,15,1.0,20.0,0.1467181139960303,0.020771361133180715,1
v0-bh50,BsonetEurope-r2,BsonetEurope,B1,23,40,19,0.475,15,15,1.0,20.061959970055284,0.1467181139960303,0.020771361133180715,1
v0-bh50,BsonetEurope-r2,BsonetEurope,B1,24,40,19,0.475,15,15,1.0,20.996823730296263,0.1467181139960303,0.020771361133180715,1
v0-bh50,BsonetEurope-r2,BsonetEurope,B1,25,40,20,0.5,15,15,1.0,20.0,0.1467181139960303,0.020771361133180715,1
v0-bh50,BsonetEurope-r2,BsonetEurope,B1,26,40,20,0.5,15,15,1.0,20.0,0.1467181139960303,0.020771361133180715,1
v0-bh50,BsonetEurope-r2,BsonetEurope,B1,27,40,19,0.475,15,15,1.0,20.99573255171606,0.1467181139960303,0.020771361133180715,1
v0-bh50,BsonetEurope-r2,BsonetEurope,B1,28,40,20,0.5,15,15,1.0,20.0,0.1467181139960303,0.020771361133180715,1
v0-bh50,BsonetEurope-r2,BsonetEurope,B1,29,40,20,0.5,15,15,1.0,20.0,0.1467181139960303,0.020771361133180715,1
v0-bh50,BtNorthAmerica-r0,BtNorthAmerica,B0,0,40,13,0.325,15,5,0.3333333333333333,25.296888832879365,0.00010075000318465754,0.03516114566664328,1
v0-bh50,BtNorthAmerica-r0,BtNorthAmerica,B0,1,40,13,0.325,15,5,0.3333333333333333,25.296888832879365,0.00010075000318465754,0.03516114566664328,1
v0-bh50,BtNorthAmerica-r0,BtNorthAmerica,B0,2,40,13,0.325,15,5,0.3333333333333333,25.296888832879365,0.00010075000318465754,0.03516114566664328,1
v0-bh50,BtNorthAmerica-r0,BtNorthAmerica,B0,3,40,13,0.325,15,5,0.3333333333333333,25.296888832879365,0.00010075000318465754,0.03516114566664328,1
v0-bh50,BtNorthAmerica-r0,BtNorthAmerica,B0,4,40,13,0.325,15,5,0.3333333333333333,25.296888832879365,0.00010075000318465754,0.03516114566664328,1
v0-bh50,BtNorthAmerica-r0,BtNorthAmerica,B0,5,40,13,0.325,15,5,0.3333333333333333,25.296888832879365,0.00010075000318465754,0.03516114566664328,1
v0-bh50,BtNorthAmerica-r0,BtNorthAmerica,B0,6,40,13,0.325,15,5,0.3333333333333333,25.296888832879365,0.00010075000318465754,0.03516114566664328,1
v0-bh50,BtNorthAmerica-r0,BtNorthAmerica,B0,7,40,13,0.325,15,5,0.3333333333333333,25.296888832879365,0.00010075000318465754,0.03516114566664328,1
v0-bh50,BtNorthAmerica-r0,BtNorthAmerica,B0,8,40,13,0.325,15,5,0.3333333333333333,25.296888832879365,0.00010075000318465754,0.03516114566664328,1
v0-bh50,BtNorthAmerica-r0,BtNorthAmerica,B0,9,40,13,0.325,15,5,0.3333333333333333,25.296888832879365,0.00010075000318465754,0.03516114566664328,1
v0-bh50,BtNorthAmerica-r0,BtNorthAmerica,B0,10,40,13,0.325,15,5,0.3333333333333333,25.296888832879365,0.00010075000318465754,0.03516114566664328,1
v0-bh50,BtNorthAmerica-r0,BtNorthAmerica,B0,11,40,13,0.325,15,5,0.3333333333333333,25.296888832879365,0.00010075000318465754,0.03516114566664328,1
v0-bh50,BtNorthAmerica-r0,BtNorthAmerica,B0,12,40,13,0.325,15,5,0.3333333333333333,25.296888832879365,0.00010075000318465754,0.03516114566664328,1
v0-bh50,BtNorthAmerica-r0,BtNorthAmerica,B0,13,40,13,0.325,15,5,0.3333333333333333,25.296888832879365,0.00010075000318465754,0.03516114566664328,1
v0-bh50,BtNorthAmerica-r0,BtNorthAmerica,B0,14,40,13,0.325,15,5,0.3333333333333333,25.296888832879365,0.00010075000318465754,0.03516114566664328,1
v0-bh50,BtNorthAmerica-r0,BtNorthAmerica,B0,15,40,13,0.325,15,5,0.3333333333333333,25.296888832879365,0.00010075000318465754,0.03516114566664328,1
v0-bh50,BtNorthAmerica-r0,BtNorthAmerica,B0,16,40,13,0.325,15,5,0.3333333333333333,25.296888832879365,0.00010075000318465754,0.03516114566664328,1
v0-bh50,BtNorthAmerica-r0,BtNorthAmerica,B0,17,40,13,0.325,15,5,0.3333333333333333,25.296888832879365,0.00010075000318465754,0.03516114566664328,1
v0-bh50,BtNorthAmerica-r0,BtNorthAmerica,B0,18,40,13,0.325,15,5,0.3333333333333333,25.296888832879365,0.00010075000318465754,0.03516114566664328,1
v0-bh50,BtNorthAmerica-r0,BtNorthAmerica,B0,19,40,13,0.325,15,5,0.3333333333333333,25.296888832879365,0.00010075000318465754,0.03516114566664328,1
v0-bh50,BtNorthAmerica-r0,BtNorthAmerica,B0,20,40,13,0.325,15,5,0.3333333333333333,25.296888832879365,0.00010075000318465754,0.03516114566664328,1
v0-bh50,BtNorthAmerica-r0,BtNorthAmerica,B0,21,40,13,0.325,15,5,0.3333333333333333,25.296888832879365,0.00010075000318465754,0.03516114566664328,1
v0-bh50,BtNorthAmerica-r0,BtNorthAmerica,B0,22,40,13,0.325,15,5,0.3333333333333333,25.296888832879365,0.00010075000318465754,0.03516114566664328,1
v0-bh50,BtNorthAmerica-r0,BtNorthAmerica,B0,23,40,13,0.325,15,5,0.3333333333333333,25.296888832879365,0.00010075000318465754,0.03516114566664328,1
v0-bh50,BtNorthAmerica-r0,BtNorthAmerica,B0,24,40,13,0.325,15,5,0.3333333333333333,25.296888832879365,0.00010075000318465754,0.03516114566664328,1
v0-bh50,BtNorthAmerica-r0,BtNorthAmerica,B0,25,40,13,0.325,15,5,0.3333333333333333,25.296888832879365,0.00010075000318465754,0.03516114566664328,1
v0-bh50,BtNorthAmerica-r0,BtNorthAmerica,B0,26,40,13,0.325,15,5,0.3333333333333333,25.296888832879365,0.00010075000318465754,0.03516114566664328,1
v0-bh50,BtNorthAmerica-r0,BtNorthAmerica,B0,27,40,13,0.325,15,5,0.3333333333333333,25.296888832879365,0.00010075000318465754,0.03516114566664328,1
v0-bh50,BtNorthAmerica-r0,BtNorthAmerica,B0,28,40,13,0.325,15,5,0.3333333333333333,25.296888832879365,0.00010075000318465754,0.03516114566664328,1
v0-bh50,BtNorthAmerica-r0,BtNorthAmerica,B0,29,40,13,0.325,15,5,0.3333333333333333,25.296888832879365,0.00010075000318465754,0.03516114566664328,1
v0-bh50,BtNorthAmerica-r0,BtNorthAmerica,B1,0,40,14,0.35,15,15,1.0,25.066065691096053,0.15290754900343018,0.025207828900117118,1
v0-bh50,BtNorthAmerica-r0,BtNorthAmerica,B1,1,40,14,0.35,15,15,1.0,25.334674545538117,0.15290754900343018,0.025207828900117118,1
v0-bh50,BtNorthAmerica-r0,BtNorthAmerica,B1,2,40,15,0.375,15,15,1.0,25.0,0.15290754900343018,0.025207828900117118,1
v0-bh50,BtNorthAmerica-r0,BtNorthAmerica,B1,3,40,14,0.35,15,15,1.0,25.674291140671524,0.15290754900343018,0.025207828900117118,1
v0-bh50,BtNorthAmerica-r0,BtNorthAmerica,B1,4,40,14,0.35,15,15,1.0,25.67448626950728,0.15290754900343018,0.025207828900117118,1
v0-bh50,BtNorthAmerica-r0,BtNorthAmerica,B1,5,40,15,0.375,15,15,1.0,25.0,0.15290754900343018,0.025207828900117118,1
v0-bh50,BtNorthAmerica-r0,BtNorthAmerica,B1,6,40,14,0.35,15,15,1.0,25.263202033223916,0.15290754900343018,0.025207828900117118,1
v0-bh50,BtNorthAmerica-r0,BtNorthAmerica,B1,7,40,14,0.35,15,15,1.0,25.55386641665465,0.15290754900343018,0.025207828900117118,1
v0-bh50,BtNorthAmerica-r0,BtNorthAmerica,B1,8,40,14,0.35,15,15,1.0,25.15557188695115,0.15290754900343018,0.025207828900117118,1
v0-bh50,BtNorthAmerica-r0,BtNorthAmerica,B1,9,40,15,0.375,15,15,1.0,25.0,0.15290754900343018,0.025207828900117118,1
v0-bh50,BtNorthAmerica-r0,BtNorthAmerica,B1,10,40,14,0.35,15,15,1.0,25.478496846587053,0.15290754900343018,0.025207828900117118,1
v0-bh50,BtNorthAmerica-r0,BtNorthAmerica,B1,11,40,15,0.375,15,15,1.0,25.0,0.15290754900343018,0.025207828900117118,1
v0-bh50,BtNorthAmerica-r0,BtNorthAmerica,B1,12,40,15,0.375,15,15,1.0,25.0,0.15290754900343018,0.025207828900117118,1
v0-bh50,BtNorthAmerica-r0,BtNorthAmerica,B1,13,40,15,0.375,15,15,1.0,25.0,0.15290754900343018,0.025207828900117118,1
v0-bh50,BtNorthAmerica-r0,BtNorthAmerica,B1,14,40,14,0.35,15,15,1.0,25.198708459354513,0.15290754900343018,0.025207828900117118,1
v0-bh50,BtNorthAmerica-r0,BtNorthAmerica,B1,15,40,14,0.35,15,15,1.0,25.67448626950728,0.15290754900343018,0.025207828900117118,1
v0-bh50,BtNorthAmerica-r0,BtNorthAmerica,B1,16,40,15,0.375,15,15,1.0,25.0,0.15290754900343018,0.025207828900117118,1
v0-bh50,BtNorthAmerica-r0,BtNorthAmerica,B1,17,40,14,0.35,15,15,1.0,25.28616267803578,0.15290754900343018,0.025207828900117118,1
v0-bh50,BtNorthAmerica-r0,BtNorthAmerica,B1,18,40,14,0.35,15,15,1.0,25.067539531708512,0.15290754900343018,0.025207828900117118,1
v0-bh50,BtNorthAmerica-r0,BtNorthAmerica,B1,19,40,14,0.35,15,15,1.0,25.655744125072626,0.15290754900343018,0.025207828900117118,1
v0-bh50,BtNorthAmerica-r0,BtNorthAmerica,B1,20,40,14,0.35,15,15,1.0,25.655744125072626,0.15290754900343018,0.025207828900117118,1
v0-bh50,BtNorthAmerica-r0,BtNorthAmerica,B1,21,40,14,0.35,15,15,1.0,25.08429192426339,0.15290754900343018,0.025207828900117118,1
v0-bh50,BtNorthAmerica-r0,BtNorthAmerica,B1,22,40,14,0.35,15,15,1.0,25.33208473238668,0.15290754900343018,0.025207828900117118,1
v0-bh50,BtNorthAmerica-r0,BtNorthAmerica,B1,23,40,14,0.35,15,15,1.0,25.02071802693759,0.15290754900343018,0.025207828900117118,1
v0-bh50,BtNorthAmerica-r0,BtNorthAmerica,B1,24,40,15,0.375,15,15,1.0,25.0,0.15290754900343018,0.025207828900117118,1
v0-bh50,BtNorthAmerica-r0,BtNorthAmerica,B1,25,40,14,0.35,15,15,1.0,25.43471340617874,0.15290754900343018,0.025207828900117118,1
v0-bh50,BtNorthAmerica-r0,BtNorthAmerica,B1,26,40,15,0.375,15,15,1.0,25.0,0.15290754900343018,0.025207828900117118,1
v0-bh50,BtNorthAmerica-r0,BtNorthAmerica,B1,27,40,15,0.375,15,15,1.0,25.0,0.15290754900343018,0.025207828900117118,1
v0-bh50,BtNorthAmerica-r0,BtNorthAmerica,B1,28,40,14,0.35,15,15,1.0,25.65569860915245,0.15290754900343018,0.025207828900117118,1
v0-bh50,BtNorthAmerica-r0,BtNorthAmerica,B1,29,40,14,0.35,15,15,1.0,25.033276645323284,0.15290754900343018,0.025207828900117118,1
v0-bh50,BtNorthAmerica-r1,BtNorthAmerica,B0,0,40,21,0.525,15,15,1.0,8.220404377971462,0.00011302599887130782,0.04461682156688766,1
v0-bh50,BtNorthAmerica-r1,BtNorthAmerica,B0,1,40,21,0.525,15,15,1.0,8.220404377971462,0.00011302599887130782,0.04461682156688766,1
v0-bh50,BtNorthAmerica-r1,BtNorthAmerica,B0,2,40,21,0.525,15,15,1.0,8.220404377971462,0.00011302599887130782,0.04461682156688766,1
v0-bh50,BtNorthAmerica-r1,BtNorthAmerica,B0,3,40,21,0.525,15,15,1.0,8.220404377971462,0.00011302599887130782,0.04461682156688766,1
v0-bh50,BtNorthAmerica-r1,BtNorthAmerica,B0,4,40,21,0.525,15,15,1.0,8.220404377971462,0.00011302599887130782,0.04461682156688766,1
v0-bh50,BtNorthAmerica-r1,BtNorthAmerica,B0,5,40,21,0.525,15,15,1.0,8.220404377971462,0.00011302599887130782,0.04461682156688766,1
v0-bh50,BtNorthAmerica-r1,BtNorthAmerica,B0,6,40,21,0.525,15,15,1.0,8.220404377971462,0.00011302599887130782,0.04461682156688766,1
v0-bh50,BtNorthAmerica-r1,BtNorthAmerica,B0,7,40,21,0.525,15,15,1.0,8.220404377971462,0.00011302599887130782,0.04461682156688766,1
v0-bh50,BtNorthAmerica-r1,BtNorthAmerica,B0,8,40,21,0.525,15,15,1.0,8.220404377971462,0.00011302599887130782,0.04461682156688766,1
v0-bh50,BtNorthAmerica-r1,BtNorthAmerica,B0,9,40,21,0.525,15,15,1.0,8.220404377971462,0.00011302599887130782,0.04461682156688766,1
v0-bh50,BtNorthAmerica-r1,BtNorthAmerica,B0,10,40,21,0.525,15,15,1.0,8.220404377971462,0.00011302599887130782,0.04461682156688766,1
v0-bh50,BtNorthAmerica-r1,BtNorthAmerica,B0,11,40,21,0.525,15,15,1.0,8.220404377971462,0.00011302599887130782,0.04461682156688766,1
v0-bh50,BtNorthAmerica-r1,BtNorthAmerica,B0,12,40,21,0.525,15,15,1.0,8.220404377971462,0.00011302599887130782,0.04461682156688766,1
v0-bh50,BtNorthAmerica-r1,BtNorthAmerica,B0,13,40,21,0.525,15,15,1.0,8.220404377971462,0.00011302599887130782,0.04461682156688766,1
v0-bh50,BtNorthAmerica-r1,BtNorthAmerica,B0,14,40,21,0.525,15,15,1.0,8.220404377971462,0.00011302599887130782,0.04461682156688766,1
v0-bh50,BtNorthAmerica-r1,BtNorthAmerica,B0,15,40,21,0.525,15,15,1.0,8.220404377971462,0.00011302599887130782,0.04461682156688766,1
v0-bh50,BtNorthAmerica-r1,BtNorthAmerica,B0,16,40,21,0.525,15,15,1.0,8.220404377971462,0.00011302599887130782,0.04461682156688766,1
v0-bh50,BtNorthAmerica-r1,BtNorthAmerica,B0,17,40,21,0.525,15,15,1.0,8.220404377971462,0.00011302599887130782,0.04461682156688766,1
v0-bh50,BtNorthAmerica-r1,BtNorthAmerica,B0,18,40,21,0.525,15,15,1.0,8.220404377971462,0.00011302599887130782,0.04461682156688766,1
v0-bh50,BtNorthAmerica-r1,BtNorthAmerica,B0,19,40,21,0.525,15,15,1.0,8.220404377971462,0.00011302599887130782,0.04461682156688766,1
v0-bh50,BtNorthAmerica-r1,BtNorthAmerica,B0,20,40,21,0.525,15,15,1.0,8.220404377971462,0.00011302599887130782,0.04461682156688766,1
v0-bh50,BtNorthAmerica-r1,BtNorthAmerica,B0,21,40,21,0.525,15,15,1.0,8.220404377971462,0.00011302599887130782,0.04461682156688766,1
v0-bh50,BtNorthAmerica-r1,BtNorthAmerica,B0,22,40,21,0.525,15,15,1.0,8.220404377971462,0.00011302599887130782,0.04461682156688766,1
v0-bh50,BtNorthAmerica-r1,BtNorthAmerica,B0,23,40,21,0.525,15,15,1.0,8.220404377971462,0.00011302599887130782,0.04461682156688766,1
v0-bh50,BtNorthAmerica-r1,BtNorthAmerica,B0,24,40,21,0.525,15,15,1.0,8.220404377971462,0.00011302599887130782,0.04461682156688766,1
v0-bh50,BtNorthAmerica-r1,BtNorthAmerica,B0,25,40,21,0.525,15,15,1.0,8.220404377971462,0.00011302599887130782,0.04461682156688766,1
v0-bh50,BtNorthAmerica-r1,BtNorthAmerica,B0,26,40,21,0.525,15,15,1.0,8.220404377971462,0.00011302599887130782,0.04461682156688766,1
v0-bh50,BtNorthAmerica-r1,BtNorthAmerica,B0,27,40,21,0.525,15,15,1.0,8.220404377971462,0.00011302599887130782,0.04461682156688766,1
v0-bh50,BtNorthAmerica-r1,BtNorthAmerica,B0,28,40,21,0.525,15,15,1.0,8.220404377971462,0.00011302599887130782,0.04461682156688766,1
v0-bh50,BtNorthAmerica-r1,BtNorthAmerica,B0,29,40,21,0.525,15,15,1.0,8.220404377971462,0.00011302599887130782,0.04461682156688766,1
v0-bh50,BtNorthAmerica-r1,BtNorthAmerica,B1,0,40,27,0.675,15,15,1.0,10.044150046407934,0.1083174829982454,0.07518198453326477,1
v0-bh50,BtNorthAmerica-r1,BtNorthAmerica,B1,1,40,27,0.675,15,15,1.0,10.044150046407934,0.1083174829982454,0.07518198453326477,1
v0-bh50,BtNorthAmerica-r1,BtNorthAmerica,B1,2,40,27,0.675,15,15,1.0,10.044150046407934,0.1083174829982454,0.07518198453326477,1
v0-bh50,BtNorthAmerica-r1,BtNorthAmerica,B1,3,40,27,0.675,15,15,1.0,10.044150046407934,0.1083174829982454,0.07518198453326477,1
v0-bh50,BtNorthAmerica-r1,BtNorthAmerica,B1,4,40,27,0.675,15,15,1.0,10.044150046407934,0.1083174829982454,0.07518198453326477,1
v0-bh50,BtNorthAmerica-r1,BtNorthAmerica,B1,5,40,27,0.675,15,15,1.0,10.044150046407934,0.1083174829982454,0.07518198453326477,1
v0-bh50,BtNorthAmerica-r1,BtNorthAmerica,B1,6,40,27,0.675,15,15,1.0,10.044150046407934,0.1083174829982454,0.07518198453326477,1
v0-bh50,BtNorthAmerica-r1,BtNorthAmerica,B1,7,40,27,0.675,15,15,1.0,10.044150046407934,0.1083174829982454,0.07518198453326477,1
v0-bh50,BtNorthAmerica-r1,BtNorthAmerica,B1,8,40,27,0.675,15,15,1.0,10.044150046407934,0.1083174829982454,0.07518198453326477,1
v0-bh50,BtNorthAmerica-r1,BtNorthAmerica,B1,9,40,27,0.675,15,15,1.0,10.044150046407934,0.1083174829982454,0.07518198453326477,1
v0-bh50,BtNorthAmerica-r1,BtNorthAmerica,B1,10,40,27,0.675,15,15,1.0,10.044150046407934,0.1083174829982454,0.07518198453326477,1
v0-bh50,BtNorthAmerica-r1,BtNorthAmerica,B1,11,40,27,0.675,15,15,1.0,10.044150046407934,0.1083174829982454,0.07518198453326477,1
v0-bh50,BtNorthAmerica-r1,BtNorthAmerica,B1,12,40,27,0.675,15,15,1.0,10.044150046407934,0.1083174829982454,0.07518198453326477,1
v0-bh50,BtNorthAmerica-r1,BtNorthAmerica,B1,13,40,27,0.675,15,15,1.0,10.044150046407934,0.1083174829982454,0.07518198453326477,1
v0-bh50,BtNorthAmerica-r1,BtNorthAmerica,B1,14,40,27,0.675,15,15,1.0,10.044150046407934,0.1083174829982454,0.07518198453326477,1
v0-bh50,BtNorthAmerica-r1,BtNorthAmerica,B1,15,40,27,0.675,15,15,1.0,10.044150046407934,0.1083174829982454,0.07518198453326477,1
v0-bh50,BtNorthAmerica-r1,BtNorthAmerica,B1,16,40,27,0.675,15,15,1.0,10.044150046407934,0.1083174829982454,0.07518198453326477,1
v0-bh50,BtNorthAmerica-r1,BtNorthAmerica,B1,17,40,27,0.675,15,15,1.0,10.044150046407934,0.1083174829982454,0.07518198453326477,1
v0-bh50,BtNorthAmerica-r1,BtNorthAmerica,B1,18,40,27,0.675,15,15,1.0,10.044150046407934,0.1083174829982454,0.07518198453326477,1
v0-bh50,BtNorthAmerica-r1,BtNorthAmerica,B1,19,40,27,0.675,15,15,1.0,10.044150046407934,0.1083174829982454,0.07518198453326477,1
v0-bh50,BtNorthAmerica-r1,BtNorthAmerica,B1,20,40,27,0.675,15,15,1.0,10.044150046407934,0.1083174829982454,0.07518198453326477,1
v0-bh50,BtNorthAmerica-r1,BtNorthAmerica,B1,21,40,27,0.675,15,15,1.0,10.044150046407934,0.1083174829982454,0.07518198453326477,1
v0-bh50,BtNorthAmerica-r1,BtNorthAmerica,B1,22,40,27,0.675,15,15,1.0,10.044150046407934,0.1083174829982454,0.07518198453326477,1
v0-bh50,BtNorthAmerica-r1,BtNorthAmerica,B1,23,40,27,0.675,15,15,1.0,10.044150046407934,0.1083174829982454,0.07518198453326477,1
v0-bh50,BtNorthAmerica-r1,BtNorthAmerica,B1,24,40,27,0.675,15,15,1.0,10.044150046407934,0.1083174829982454,0.07518198453326477,1
v0-bh50,BtNorthAmerica-r1,BtNorthAmerica,B1,25,40,27,0.675,15,15,1.0,10.044150046407934,0.1083174829982454,0.07518198453326477,1
v0-bh50,BtNorthAmerica-r1,BtNorthAmerica,B1,26,40,27,0.675,15,15,1.0,10.044150046407934,0.1083174829982454,0.07518198453326477,1
v0-bh50,BtNorthAmerica-r1,BtNorthAmerica,B1,27,40,27,0.675,15,15,1.0,10.044150046407934,0.1083174829982454,0.07518198453326477,1
v0-bh50,BtNorthAmerica-r1,BtNorthAmerica,B1,28,40,27,0.675,15,15,1.0,10.044150046407934,0.1083174829982454,0.07518198453326477,1
v0-bh50,BtNorthAmerica-r1,BtNorthAmerica,B1,29,40,27,0.675,15,15,1.0,10.044150046407934,0.1083174829982454,0.07518198453326477,1
v0-bh50,BtNorthAmerica-r2,BtNorthAmerica,B0,0,40,11,0.275,15,5,0.3333333333333333,27.530890755088464,0.00013407599908532575,0.027297385899873915,1
v0-bh50,BtNorthAmerica-r2,BtNorthAmerica,B0,1,40,11,0.275,15,5,0.3333333333333333,27.530890755088464,0.00013407599908532575,0.027297385899873915,1
v0-bh50,BtNorthAmerica-r2,BtNorthAmerica,B0,2,40,11,0.275,15,5,0.3333333333333333,27.530890755088464,0.00013407599908532575,0.027297385899873915,1
v0-bh50,BtNorthAmerica-r2,BtNorthAmerica,B0,3,40,11,0.275,15,5,0.3333333333333333,27.530890755088464,0.00013407599908532575,0.027297385899873915,1
v0-bh50,BtNorthAmerica-r2,BtNorthAmerica,B0,4,40,11,0.275,15,5,0.3333333333333333,27.530890755088464,0.00013407599908532575,0.027297385899873915,1
v0-bh50,BtNorthAmerica-r2,BtNorthAmerica,B0,5,40,11,0.275,15,5,0.3333333333333333,27.530890755088464,0.00013407599908532575,0.027297385899873915,1
v0-bh50,BtNorthAmerica-r2,BtNorthAmerica,B0,6,40,11,0.275,15,5,0.3333333333333333,27.530890755088464,0.00013407599908532575,0.027297385899873915,1
v0-bh50,BtNorthAmerica-r2,BtNorthAmerica,B0,7,40,11,0.275,15,5,0.3333333333333333,27.530890755088464,0.00013407599908532575,0.027297385899873915,1
v0-bh50,BtNorthAmerica-r2,BtNorthAmerica,B0,8,40,11,0.275,15,5,0.3333333333333333,27.530890755088464,0.00013407599908532575,0.027297385899873915,1
v0-bh50,BtNorthAmerica-r2,BtNorthAmerica,B0,9,40,11,0.275,15,5,0.3333333333333333,27.530890755088464,0.00013407599908532575,0.027297385899873915,1
v0-bh50,BtNorthAmerica-r2,BtNorthAmerica,B0,10,40,11,0.275,15,5,0.3333333333333333,27.530890755088464,0.00013407599908532575,0.027297385899873915,1
v0-bh50,BtNorthAmerica-r2,BtNorthAmerica,B0,11,40,11,0.275,15,5,0.3333333333333333,27.530890755088464,0.00013407599908532575,0.027297385899873915,1
v0-bh50,BtNorthAmerica-r2,BtNorthAmerica,B0,12,40,11,0.275,15,5,0.3333333333333333,27.530890755088464,0.00013407599908532575,0.027297385899873915,1
v0-bh50,BtNorthAmerica-r2,BtNorthAmerica,B0,13,40,11,0.275,15,5,0.3333333333333333,27.530890755088464,0.00013407599908532575,0.027297385899873915,1
v0-bh50,BtNorthAmerica-r2,BtNorthAmerica,B0,14,40,11,0.275,15,5,0.3333333333333333,27.530890755088464,0.00013407599908532575,0.027297385899873915,1
v0-bh50,BtNorthAmerica-r2,BtNorthAmerica,B0,15,40,11,0.275,15,5,0.3333333333333333,27.530890755088464,0.00013407599908532575,0.027297385899873915,1
v0-bh50,BtNorthAmerica-r2,BtNorthAmerica,B0,16,40,11,0.275,15,5,0.3333333333333333,27.530890755088464,0.00013407599908532575,0.027297385899873915,1
v0-bh50,BtNorthAmerica-r2,BtNorthAmerica,B0,17,40,11,0.275,15,5,0.3333333333333333,27.530890755088464,0.00013407599908532575,0.027297385899873915,1
v0-bh50,BtNorthAmerica-r2,BtNorthAmerica,B0,18,40,11,0.275,15,5,0.3333333333333333,27.530890755088464,0.00013407599908532575,0.027297385899873915,1
v0-bh50,BtNorthAmerica-r2,BtNorthAmerica,B0,19,40,11,0.275,15,5,0.3333333333333333,27.530890755088464,0.00013407599908532575,0.027297385899873915,1
v0-bh50,BtNorthAmerica-r2,BtNorthAmerica,B0,20,40,11,0.275,15,5,0.3333333333333333,27.530890755088464,0.00013407599908532575,0.027297385899873915,1
v0-bh50,BtNorthAmerica-r2,BtNorthAmerica,B0,21,40,11,0.275,15,5,0.3333333333333333,27.530890755088464,0.00013407599908532575,0.027297385899873915,1
v0-bh50,BtNorthAmerica-r2,BtNorthAmerica,B0,22,40,11,0.275,15,5,0.3333333333333333,27.530890755088464,0.00013407599908532575,0.027297385899873915,1
v0-bh50,BtNorthAmerica-r2,BtNorthAmerica,B0,23,40,11,0.275,15,5,0.3333333333333333,27.530890755088464,0.00013407599908532575,0.027297385899873915,1
v0-bh50,BtNorthAmerica-r2,BtNorthAmerica,B0,24,40,11,0.275,15,5,0.3333333333333333,27.530890755088464,0.00013407599908532575,0.027297385899873915,1
v0-bh50,BtNorthAmerica-r2,BtNorthAmerica,B0,25,40,11,0.275,15,5,0.3333333333333333,27.530890755088464,0.00013407599908532575,0.027297385899873915,1
v0-bh50,BtNorthAmerica-r2,BtNorthAmerica,B0,26,40,11,0.275,15,5,0.3333333333333333,27.530890755088464,0.00013407599908532575,0.027297385899873915,1
v0-bh50,BtNorthAmerica-r2,BtNorthAmerica,B0,27,40,11,0.275,15,5,0.3333333333333333,27.530890755088464,0.00013407599908532575,0.027297385899873915,1
v0-bh50,BtNorthAmerica-r2,BtNorthAmerica,B0,28,40,11,0.275,15,5,0.3333333333333333,27.530890755088464,0.00013407599908532575,0.027297385899873915,1
v0-bh50,BtNorthAmerica-r2,BtNorthAmerica,B0,29,40,11,0.275,15,5,0.3333333333333333,27.530890755088464,0.00013407599908532575,0.027297385899873915,1
v0-bh50,BtNorthAmerica-r2,BtNorthAmerica,B1,0,40,12,0.3,15,15,1.0,27.01911485977776,0.13431624700024258,0.030391884033209256,1
v0-bh50,BtNorthAmerica-r2,BtNorthAmerica,B1,1,40,12,0.3,15,15,1.0,27.01911485977776,0.13431624700024258,0.030391884033209256,1
v0-bh50,BtNorthAmerica-r2,BtNorthAmerica,B1,2,40,12,0.3,15,15,1.0,27.01911485977776,0.13431624700024258,0.030391884033209256,1
v0-bh50,BtNorthAmerica-r2,BtNorthAmerica,B1,3,40,12,0.3,15,15,1.0,27.01911485977776,0.13431624700024258,0.030391884033209256,1
v0-bh50,BtNorthAmerica-r2,BtNorthAmerica,B1,4,40,12,0.3,15,15,1.0,27.01911485977776,0.13431624700024258,0.030391884033209256,1
v0-bh50,BtNorthAmerica-r2,BtNorthAmerica,B1,5,40,12,0.3,15,15,1.0,27.01911485977776,0.13431624700024258,0.030391884033209256,1
v0-bh50,BtNorthAmerica-r2,BtNorthAmerica,B1,6,40,12,0.3,15,15,1.0,27.01911485977776,0.13431624700024258,0.030391884033209256,1
v0-bh50,BtNorthAmerica-r2,BtNorthAmerica,B1,7,40,12,0.3,15,15,1.0,27.01911485977776,0.13431624700024258,0.030391884033209256,1
v0-bh50,BtNorthAmerica-r2,BtNorthAmerica,B1,8,40,12,0.3,15,15,1.0,27.01911485977776,0.13431624700024258,0.030391884033209256,1
v0-bh50,BtNorthAmerica-r2,BtNorthAmerica,B1,9,40,12,0.3,15,15,1.0,27.01911485977776,0.13431624700024258,0.030391884033209256,1
v0-bh50,BtNorthAmerica-r2,BtNorthAmerica,B1,10,40,12,0.3,15,15,1.0,27.01911485977776,0.13431624700024258,0.030391884033209256,1
v0-bh50,BtNorthAmerica-r2,BtNorthAmerica,B1,11,40,12,0.3,15,15,1.0,27.01911485977776,0.13431624700024258,0.030391884033209256,1
v0-bh50,BtNorthAmerica-r2,BtNorthAmerica,B1,12,40,12,0.3,15,15,1.0,27.01911485977776,0.13431624700024258,0.030391884033209256,1
v0-bh50,BtNorthAmerica-r2,BtNorthAmerica,B1,13,40,12,0.3,15,15,1.0,27.01911485977776,0.13431624700024258,0.030391884033209256,1
v0-bh50,BtNorthAmerica-r2,BtNorthAmerica,B1,14,40,12,0.3,15,15,1.0,27.01911485977776,0.13431624700024258,0.030391884033209256,1
v0-bh50,BtNorthAmerica-r2,BtNorthAmerica,B1,15,40,12,0.3,15,15,1.0,27.01911485977776,0.13431624700024258,0.030391884033209256,1
v0-bh50,BtNorthAmerica-r2,BtNorthAmerica,B1,16,40,12,0.3,15,15,1.0,27.01911485977776,0.13431624700024258,0.030391884033209256,1
v0-bh50,BtNorthAmerica-r2,BtNorthAmerica,B1,17,40,12,0.3,15,15,1.0,27.01911485977776,0.13431624700024258,0.030391884033209256,1
v0-bh50,BtNorthAmerica-r2,BtNorthAmerica,B1,18,40,12,0.3,15,15,1.0,27.01911485977776,0.13431624700024258,0.030391884033209256,1
v0-bh50,BtNorthAmerica-r2,BtNorthAmerica,B1,19,40,12,0.3,15,15,1.0,27.01911485977776,0.13431624700024258,0.030391884033209256,1
v0-bh50,BtNorthAmerica-r2,BtNorthAmerica,B1,20,40,12,0.3,15,15,1.0,27.01911485977776,0.13431624700024258,0.030391884033209256,1
v0-bh50,BtNorthAmerica-r2,BtNorthAmerica,B1,21,40,12,0.3,15,15,1.0,27.01911485977776,0.13431624700024258,0.030391884033209256,1
v0-bh50,BtNorthAmerica-r2,BtNorthAmerica,B1,22,40,12,0.3,15,15,1.0,27.01911485977776,0.13431624700024258,0.030391884033209256,1
v0-bh50,BtNorthAmerica-r2,BtNorthAmerica,B1,23,40,12,0.3,15,15,1.0,27.01911485977776,0.13431624700024258,0.030391884033209256,1
v0-bh50,BtNorthAmerica-r2,BtNorthAmerica,B1,24,40,12,0.3,15,15,1.0,27.01911485977776,0.13431624700024258,0.030391884033209256,1
v0-bh50,BtNorthAmerica-r2,BtNorthAmerica,B1,25,40,12,0.3,15,15,1.0,27.01911485977776,0.13431624700024258,0.030391884033209256,1
v0-bh50,BtNorthAmerica-r2,BtNorthAmerica,B1,26,40,12,0.3,15,15,1.0,27.01911485977776,0.13431624700024258,0.030391884033209256,1
v0-bh50,BtNorthAmerica-r2,BtNorthAmerica,B1,27,40,12,0.3,15,15,1.0,27.01911485977776,0.13431624700024258,0.030391884033209256,1
v0-bh50,BtNorthAmerica-r2,BtNorthAmerica,B1,28,40,12,0.3,15,15,1.0,27.01911485977776,0.13431624700024258,0.030391884033209256,1
v0-bh50,BtNorthAmerica-r2,BtNorthAmerica,B1,29,40,12,0.3,15,15,1.0,27.01911485977776,0.13431624700024258,0.030391884033209256,1
v0-bh50,Cesnet200603-r0,Cesnet200603,B0,0,40,15,0.375,15,6,0.4,23.47765573925339,0.00010633200145093724,0.03417346056667157,1
v0-bh50,Cesnet200603-r0,Cesnet200603,B0,1,40,15,0.375,15,6,0.4,23.47765573925339,0.00010633200145093724,0.03417346056667157,1
v0-bh50,Cesnet200603-r0,Cesnet200603,B0,2,40,15,0.375,15,6,0.4,23.47765573925339,0.00010633200145093724,0.03417346056667157,1
v0-bh50,Cesnet200603-r0,Cesnet200603,B0,3,40,15,0.375,15,6,0.4,23.47765573925339,0.00010633200145093724,0.03417346056667157,1
v0-bh50,Cesnet200603-r0,Cesnet200603,B0,4,40,15,0.375,15,6,0.4,23.47765573925339,0.00010633200145093724,0.03417346056667157,1
v0-bh50,Cesnet200603-r0,Cesnet200603,B0,5,40,15,0.375,15,6,0.4,23.47765573925339,0.00010633200145093724,0.03417346056667157,1
v0-bh50,Cesnet200603-r0,Cesnet200603,B0,6,40,15,0.375,15,6,0.4,23.47765573925339,0.00010633200145093724,0.03417346056667157,1
v0-bh50,Cesnet200603-r0,Cesnet200603,B0,7,40,15,0.375,15,6,0.4,23.47765573925339,0.00010633200145093724,0.03417346056667157,1
v0-bh50,Cesnet200603-r0,Cesnet200603,B0,8,40,15,0.375,15,6,0.4,23.47765573925339,0.00010633200145093724,0.03417346056667157,1
v0-bh50,Cesnet200603-r0,Cesnet200603,B0,9,40,15,0.375,15,6,0.4,23.47765573925339,0.00010633200145093724,0.03417346056667157,1
v0-bh50,Cesnet200603-r0,Cesnet200603,B0,10,40,15,0.375,15,6,0.4,23.47765573925339,0.00010633200145093724,0.03417346056667157,1
v0-bh50,Cesnet200603-r0,Cesnet200603,B0,11,40,15,0.375,15,6,0.4,23.47765573925339,0.00010633200145093724,0.03417346056667157,1
v0-bh50,Cesnet200603-r0,Cesnet200603,B0,12,40,15,0.375,15,6,0.4,23.47765573925339,0.00010633200145093724,0.03417346056667157,1
v0-bh50,Cesnet200603-r0,Cesnet200603,B0,13,40,15,0.375,15,6,0.4,23.47765573925339,0.00010633200145093724,0.03417346056667157,1
v0-bh50,Cesnet200603-r0,Cesnet200603,B0,14,40,15,0.375,15,6,0.4,23.47765573925339,0.00010633200145093724,0.03417346056667157,1
v0-bh50,Cesnet200603-r0,Cesnet200603,B0,15,40,15,0.375,15,6,0.4,23.47765573925339,0.00010633200145093724,0.03417346056667157,1
v0-bh50,Cesnet200603-r0,Cesnet200603,B0,16,40,15,0.375,15,6,0.4,23.47765573925339,0.00010633200145093724,0.03417346056667157,1
v0-bh50,Cesnet200603-r0,Cesnet200603,B0,17,40,15,0.375,15,6,0.4,23.47765573925339,0.00010633200145093724,0.03417346056667157,1
v0-bh50,Cesnet200603-r0,Cesnet200603,B0,18,40,15,0.375,15,6,0.4,23.47765573925339,0.00010633200145093724,0.03417346056667157,1
v0-bh50,Cesnet200603-r0,Cesnet200603,B0,19,40,15,0.375,15,6,0.4,23.47765573925339,0.00010633200145093724,0.03417346056667157,1
v0-bh50,Cesnet200603-r0,Cesnet200603,B0,20,40,15,0.375,15,6,0.4,23.47765573925339,0.00010633200145093724,0.03417346056667157,1
v0-bh50,Cesnet200603-r0,Cesnet200603,B0,21,40,15,0.375,15,6,0.4,23.47765573925339,0.00010633200145093724,0.03417346056667157,1
v0-bh50,Cesnet200603-r0,Cesnet200603,B0,22,40,15,0.375,15,6,0.4,23.47765573925339,0.00010633200145093724,0.03417346056667157,1
v0-bh50,Cesnet200603-r0,Cesnet200603,B0,23,40,15,0.375,15,6,0.4,23.47765573925339,0.00010633200145093724,0.03417346056667157,1
v0-bh50,Cesnet200603-r0,Cesnet200603,B0,24,40,15,0.375,15,6,0.4,23.47765573925339,0.00010633200145093724,0.03417346056667157,1
v0-bh50,Cesnet200603-r0,Cesnet200603,B0,25,40,15,0.375,15,6,0.4,23.47765573925339,0.00010633200145093724,0.03417346056667157,1
v0-bh50,Cesnet200603-r0,Cesnet200603,B0,26,40,15,0.375,15,6,0.4,23.47765573925339,0.00010633200145093724,0.03417346056667157,1
v0-bh50,Cesnet200603-r0,Cesnet200603,B0,27,40,15,0.375,15,6,0.4,23.47765573925339,0.00010633200145093724,0.03417346056667157,1
v0-bh50,Cesnet200603-r0,Cesnet200603,B0,28,40,15,0.375,15,6,0.4,23.47765573925339,0.00010633200145093724,0.03417346056667157,1
v0-bh50,Cesnet200603-r0,Cesnet200603,B0,29,40,15,0.375,15,6,0.4,23.47765573925339,0.00010633200145093724,0.03417346056667157,1
v0-bh50,Cesnet200603-r0,Cesnet200603,B1,0,40,15,0.375,15,15,1.0,23.432204537194412,0.16060771900083637,0.03453048496667179,1
v0-bh50,Cesnet200603-r0,Cesnet200603,B1,1,40,15,0.375,15,15,1.0,23.446687932207674,0.16060771900083637,0.03453048496667179,1
v0-bh50,Cesnet200603-r0,Cesnet200603,B1,2,40,15,0.375,15,15,1.0,23.432204537194412,0.16060771900083637,0.03453048496667179,1
v0-bh50,Cesnet200603-r0,Cesnet200603,B1,3,40,14,0.35,15,15,1.0,24.188473586985538,0.16060771900083637,0.03453048496667179,1
v0-bh50,Cesnet200603-r0,Cesnet200603,B1,4,40,15,0.375,15,15,1.0,23.432204537194412,0.16060771900083637,0.03453048496667179,1
v0-bh50,Cesnet200603-r0,Cesnet200603,B1,5,40,15,0.375,15,15,1.0,23.446687932207674,0.16060771900083637,0.03453048496667179,1
v0-bh50,Cesnet200603-r0,Cesnet200603,B1,6,40,15,0.375,15,15,1.0,23.432204537194412,0.16060771900083637,0.03453048496667179,1
v0-bh50,Cesnet200603-r0,Cesnet200603,B1,7,40,15,0.375,15,15,1.0,23.432204537194412,0.16060771900083637,0.03453048496667179,1
v0-bh50,Cesnet200603-r0,Cesnet200603,B1,8,40,15,0.375,15,15,1.0,23.432204537194412,0.16060771900083637,0.03453048496667179,1
v0-bh50,Cesnet200603-r0,Cesnet200603,B1,9,40,15,0.375,15,15,1.0,23.432204537194412,0.16060771900083637,0.03453048496667179,1
v0-bh50,Cesnet200603-r0,Cesnet200603,B1,10,40,15,0.375,15,15,1.0,23.446687932207674,0.16060771900083637,0.03453048496667179,1
v0-bh50,Cesnet200603-r0,Cesnet200603,B1,11,40,15,0.375,15,15,1.0,23.432204537194412,0.16060771900083637,0.03453048496667179,1
v0-bh50,Cesnet200603-r0,Cesnet200603,B1,12,40,15,0.375,15,15,1.0,23.446687932207674,0.16060771900083637,0.03453048496667179,1
v0-bh50,Cesnet200603-r0,Cesnet200603,B1,13,40,15,0.375,15,15,1.0,23.432204537194412,0.16060771900083637,0.03453048496667179,1
v0-bh50,Cesnet200603-r0,Cesnet200603,B1,14,40,15,0.375,15,15,1.0,23.432204537194412,0.16060771900083637,0.03453048496667179,1
v0-bh50,Cesnet200603-r0,Cesnet200603,B1,15,40,15,0.375,15,15,1.0,23.432204537194412,0.16060771900083637,0.03453048496667179,1
v0-bh50,Cesnet200603-r0,Cesnet200603,B1,16,40,15,0.375,15,15,1.0,23.432204537194412,0.16060771900083637,0.03453048496667179,1
v0-bh50,Cesnet200603-r0,Cesnet200603,B1,17,40,15,0.375,15,15,1.0,23.446687932207674,0.16060771900083637,0.03453048496667179,1
v0-bh50,Cesnet200603-r0,Cesnet200603,B1,18,40,15,0.375,15,15,1.0,23.446687932207674,0.16060771900083637,0.03453048496667179,1
v0-bh50,Cesnet200603-r0,Cesnet200603,B1,19,40,15,0.375,15,15,1.0,23.432204537194412,0.16060771900083637,0.03453048496667179,1
v0-bh50,Cesnet200603-r0,Cesnet200603,B1,20,40,15,0.375,15,15,1.0,23.432204537194412,0.16060771900083637,0.03453048496667179,1
v0-bh50,Cesnet200603-r0,Cesnet200603,B1,21,40,15,0.375,15,15,1.0,23.432204537194412,0.16060771900083637,0.03453048496667179,1
v0-bh50,Cesnet200603-r0,Cesnet200603,B1,22,40,15,0.375,15,15,1.0,23.432204537194412,0.16060771900083637,0.03453048496667179,1
v0-bh50,Cesnet200603-r0,Cesnet200603,B1,23,40,15,0.375,15,15,1.0,23.432204537194412,0.16060771900083637,0.03453048496667179,1
v0-bh50,Cesnet200603-r0,Cesnet200603,B1,24,40,15,0.375,15,15,1.0,23.432204537194412,0.16060771900083637,0.03453048496667179,1
v0-bh50,Cesnet200603-r0,Cesnet200603,B1,25,40,15,0.375,15,15,1.0,23.432204537194412,0.16060771900083637,0.03453048496667179,1
v0-bh50,Cesnet200603-r0,Cesnet200603,B1,26,40,15,0.375,15,15,1.0,23.432204537194412,0.16060771900083637,0.03453048496667179,1
v0-bh50,Cesnet200603-r0,Cesnet200603,B1,27,40,15,0.375,15,15,1.0,23.432204537194412,0.16060771900083637,0.03453048496667179,1
v0-bh50,Cesnet200603-r0,Cesnet200603,B1,28,40,15,0.375,15,15,1.0,23.42595565011103,0.16060771900083637,0.03453048496667179,1
v0-bh50,Cesnet200603-r0,Cesnet200603,B1,29,40,15,0.375,15,15,1.0,23.446687932207674,0.16060771900083637,0.03453048496667179,1
v0-bh50,Cesnet200603-r1,Cesnet200603,B0,0,40,19,0.475,15,10,0.6666666666666666,19.9912317796608,0.00011784199887188151,0.03360533796682527,1
v0-bh50,Cesnet200603-r1,Cesnet200603,B0,1,40,19,0.475,15,10,0.6666666666666666,19.9912317796608,0.00011784199887188151,0.03360533796682527,1
v0-bh50,Cesnet200603-r1,Cesnet200603,B0,2,40,19,0.475,15,10,0.6666666666666666,19.9912317796608,0.00011784199887188151,0.03360533796682527,1
v0-bh50,Cesnet200603-r1,Cesnet200603,B0,3,40,19,0.475,15,10,0.6666666666666666,19.9912317796608,0.00011784199887188151,0.03360533796682527,1
v0-bh50,Cesnet200603-r1,Cesnet200603,B0,4,40,19,0.475,15,10,0.6666666666666666,19.9912317796608,0.00011784199887188151,0.03360533796682527,1
v0-bh50,Cesnet200603-r1,Cesnet200603,B0,5,40,19,0.475,15,10,0.6666666666666666,19.9912317796608,0.00011784199887188151,0.03360533796682527,1
v0-bh50,Cesnet200603-r1,Cesnet200603,B0,6,40,19,0.475,15,10,0.6666666666666666,19.9912317796608,0.00011784199887188151,0.03360533796682527,1
v0-bh50,Cesnet200603-r1,Cesnet200603,B0,7,40,19,0.475,15,10,0.6666666666666666,19.9912317796608,0.00011784199887188151,0.03360533796682527,1
v0-bh50,Cesnet200603-r1,Cesnet200603,B0,8,40,19,0.475,15,10,0.6666666666666666,19.9912317796608,0.00011784199887188151,0.03360533796682527,1
v0-bh50,Cesnet200603-r1,Cesnet200603,B0,9,40,19,0.475,15,10,0.6666666666666666,19.9912317796608,0.00011784199887188151,0.03360533796682527,1
v0-bh50,Cesnet200603-r1,Cesnet200603,B0,10,40,19,0.475,15,10,0.6666666666666666,19.9912317796608,0.00011784199887188151,0.03360533796682527,1
v0-bh50,Cesnet200603-r1,Cesnet200603,B0,11,40,19,0.475,15,10,0.6666666666666666,19.9912317796608,0.00011784199887188151,0.03360533796682527,1
v0-bh50,Cesnet200603-r1,Cesnet200603,B0,12,40,19,0.475,15,10,0.6666666666666666,19.9912317796608,0.00011784199887188151,0.03360533796682527,1
v0-bh50,Cesnet200603-r1,Cesnet200603,B0,13,40,19,0.475,15,10,0.6666666666666666,19.9912317796608,0.00011784199887188151,0.03360533796682527,1
v0-bh50,Cesnet200603-r1,Cesnet200603,B0,14,40,19,0.475,15,10,0.6666666666666666,19.9912317796608,0.00011784199887188151,0.03360533796682527,1
v0-bh50,Cesnet200603-r1,Cesnet200603,B0,15,40,19,0.475,15,10,0.6666666666666666,19.9912317796608,0.00011784199887188151,0.03360533796682527,1
v0-bh50,Cesnet200603-r1,Cesnet200603,B0,16,40,19,0.475,15,10,0.6666666666666666,19.9912317796608,0.00011784199887188151,0.03360533796682527,1
v0-bh50,Cesnet200603-r1,Cesnet200603,B0,17,40,19,0.475,15,10,0.6666666666666666,19.9912317796608,0.00011784199887188151,0.03360533796682527,1
v0-bh50,Cesnet200603-r1,Cesnet200603,B0,18,40,19,0.475,15,10,0.6666666666666666,19.9912317796608,0.00011784199887188151,0.03360533796682527,1
v0-bh50,Cesnet200603-r1,Cesnet200603,B0,19,40,19,0.475,15,10,0.6666666666666666,19.9912317796608,0.00011784199887188151,0.03360533796682527,1
v0-bh50,Cesnet200603-r1,Cesnet200603,B0,20,40,19,0.475,15,10,0.6666666666666666,19.9912317796608,0.00011784199887188151,0.03360533796682527,1
v0-bh50,Cesnet200603-r1,Cesnet200603,B0,21,40,19,0.475,15,10,0.6666666666666666,19.9912317796608,0.00011784199887188151,0.03360533796682527,1
v0-bh50,Cesnet200603-r1,Cesnet200603,B0,22,40,19,0.475,15,10,0.6666666666666666,19.9912317796608,0.00011784199887188151,0.03360533796682527,1
v0-bh50,Cesnet200603-r1,Cesnet200603,B0,23,40,19,0.475,15,10,0.6666666666666666,19.9912317796608,0.00011784199887188151,0.03360533796682527,1
v0-bh50,Cesnet200603-r1,Cesnet200603,B0,24,40,19,0.475,15,10,0.6666666666666666,19.9912317796608,0.00011784199887188151,0.03360533796682527,1
v0-bh50,Cesnet200603-r1,Cesnet200603,B0,25,40,19,0.475,15,10,0.6666666666666666,19.9912317796608,0.00011784199887188151,0.03360533796682527,1
v0-bh50,Cesnet200603-r1,Cesnet200603,B0,26,40,19,0.475,15,10,0.6666666666666666,19.9912317796608,0.00011784199887188151,0.03360533796682527,1
v0-bh50,Cesnet200603-r1,Cesnet200603,B0,27,40,19,0.475,15,10,0.6666666666666666,19.9912317796608,0.00011784199887188151,0.03360533796682527,1
v0-bh50,Cesnet200603-r1,Cesnet200603,B0,28,40,19,0.475,15,10,0.6666666666666666,19.9912317796608,0.00011784199887188151,0.03360533796682527,1
v0-bh50,Cesnet200603-r1,Cesnet200603,B0,29,40,19,0.475,15,10,0.6666666666666666,19.9912317796608,0.00011784199887188151,0.03360533796682527,1
v0-bh50,Cesnet200603-r1,Cesnet200603,B1,0,40,19,0.475,15,15,1.0,18.678685904220277,0.17697696999675827,0.05852712203316817,1
v0-bh50,Cesnet200603-r1,Cesnet200603,B1,1,40,21,0.525,15,15,1.0,17.9167716258003,0.17697696999675827,0.05852712203316817,1
v0-bh50,Cesnet200603-r1,Cesnet200603,B1,2,40,21,0.525,15,15,1.0,18.087416418727123,0.17697696999675827,0.05852712203316817,1
v0-bh50,Cesnet200603-r1,Cesnet200603,B1,3,40,22,0.55,15,15,1.0,17.799447169625946,0.17697696999675827,0.05852712203316817,1
v0-bh50,Cesnet200603-r1,Cesnet200603,B1,4,40,20,0.5,15,15,1.0,18.521497485680342,0.17697696999675827,0.05852712203316817,1
v0-bh50,Cesnet200603-r1,Cesnet200603,B1,5,40,22,0.55,15,15,1.0,17.35816914199867,0.17697696999675827,0.05852712203316817,1
v0-bh50,Cesnet200603-r1,Cesnet200603,B1,6,40,21,0.525,15,15,1.0,18.219258666393202,0.17697696999675827,0.05852712203316817,1
v0-bh50,Cesnet200603-r1,Cesnet200603,B1,7,40,22,0.55,15,15,1.0,17.043388683066713,0.17697696999675827,0.05852712203316817,1
v0-bh50,Cesnet200603-r1,Cesnet200603,B1,8,40,22,0.55,15,15,1.0,17.010432818075493,0.17697696999675827,0.05852712203316817,1
v0-bh50,Cesnet200603-r1,Cesnet200603,B1,9,40,23,0.575,15,15,1.0,17.0,0.17697696999675827,0.05852712203316817,1
v0-bh50,Cesnet200603-r1,Cesnet200603,B1,10,40,22,0.55,15,15,1.0,17.46138609445758,0.17697696999675827,0.05852712203316817,1
v0-bh50,Cesnet200603-r1,Cesnet200603,B1,11,40,22,0.55,15,15,1.0,17.087698851516617,0.17697696999675827,0.05852712203316817,1
v0-bh50,Cesnet200603-r1,Cesnet200603,B1,12,40,22,0.55,15,15,1.0,17.997763282044108,0.17697696999675827,0.05852712203316817,1
v0-bh50,Cesnet200603-r1,Cesnet200603,B1,13,40,22,0.55,15,15,1.0,17.158110793067976,0.17697696999675827,0.05852712203316817,1
v0-bh50,Cesnet200603-r1,Cesnet200603,B1,14,40,22,0.55,15,15,1.0,17.781212945709992,0.17697696999675827,0.05852712203316817,1
v0-bh50,Cesnet200603-r1,Cesnet200603,B1,15,40,22,0.55,15,15,1.0,17.1631569824856,0.17697696999675827,0.05852712203316817,1
v0-bh50,Cesnet200603-r1,Cesnet200603,B1,16,40,23,0.575,15,15,1.0,17.0,0.17697696999675827,0.05852712203316817,1
v0-bh50,Cesnet200603-r1,Cesnet200603,B1,17,40,22,0.55,15,15,1.0,17.232430586475637,0.17697696999675827,0.05852712203316817,1
v0-bh50,Cesnet200603-r1,Cesnet200603,B1,18,40,23,0.575,15,15,1.0,17.0,0.17697696999675827,0.05852712203316817,1
v0-bh50,Cesnet200603-r1,Cesnet200603,B1,19,40,20,0.5,15,15,1.0,17.7732342920252,0.17697696999675827,0.05852712203316817,1
v0-bh50,Cesnet200603-r1,Cesnet200603,B1,20,40,21,0.525,15,15,1.0,17.30882679691064,0.17697696999675827,0.05852712203316817,1
v0-bh50,Cesnet200603-r1,Cesnet200603,B1,21,40,20,0.5,15,15,1.0,19.099892722848782,0.17697696999675827,0.05852712203316817,1
v0-bh50,Cesnet200603-r1,Cesnet200603,B1,22,40,23,0.575,15,15,1.0,17.0,0.17697696999675827,0.05852712203316817,1
v0-bh50,Cesnet200603-r1,Cesnet200603,B1,23,40,23,0.575,15,15,1.0,17.0,0.17697696999675827,0.05852712203316817,1
v0-bh50,Cesnet200603-r1,Cesnet200603,B1,24,40,22,0.55,15,15,1.0,17.121965844836783,0.17697696999675827,0.05852712203316817,1
v0-bh50,Cesnet200603-r1,Cesnet200603,B1,25,40,23,0.575,15,15,1.0,17.0,0.17697696999675827,0.05852712203316817,1
v0-bh50,Cesnet200603-r1,Cesnet200603,B1,26,40,20,0.5,15,15,1.0,18.51154856229641,0.17697696999675827,0.05852712203316817,1
v0-bh50,Cesnet200603-r1,Cesnet200603,B1,27,40,21,0.525,15,15,1.0,18.529249635368554,0.17697696999675827,0.05852712203316817,1
v0-bh50,Cesnet200603-r1,Cesnet200603,B1,28,40,21,0.525,15,15,1.0,18.488550941793175,0.17697696999675827,0.05852712203316817,1
v0-bh50,Cesnet200603-r1,Cesnet200603,B1,29,40,23,0.575,15,15,1.0,17.0,0.17697696999675827,0.05852712203316817,1
v0-bh50,Cesnet200603-r2,Cesnet200603,B0,0,40,19,0.475,15,10,0.6666666666666666,19.85715709009582,0.00011441199603723362,0.03762210493320405,1
v0-bh50,Cesnet200603-r2,Cesnet200603,B0,1,40,19,0.475,15,10,0.6666666666666666,19.85715709009582,0.00011441199603723362,0.03762210493320405,1
v0-bh50,Cesnet200603-r2,Cesnet200603,B0,2,40,19,0.475,15,10,0.6666666666666666,19.85715709009582,0.00011441199603723362,0.03762210493320405,1
v0-bh50,Cesnet200603-r2,Cesnet200603,B0,3,40,19,0.475,15,10,0.6666666666666666,19.85715709009582,0.00011441199603723362,0.03762210493320405,1
v0-bh50,Cesnet200603-r2,Cesnet200603,B0,4,40,19,0.475,15,10,0.6666666666666666,19.85715709009582,0.00011441199603723362,0.03762210493320405,1
v0-bh50,Cesnet200603-r2,Cesnet200603,B0,5,40,19,0.475,15,10,0.6666666666666666,19.85715709009582,0.00011441199603723362,0.03762210493320405,1
v0-bh50,Cesnet200603-r2,Cesnet200603,B0,6,40,19,0.475,15,10,0.6666666666666666,19.85715709009582,0.00011441199603723362,0.03762210493320405,1
v0-bh50,Cesnet200603-r2,Cesnet200603,B0,7,40,19,0.475,15,10,0.6666666666666666,19.85715709009582,0.00011441199603723362,0.03762210493320405,1
v0-bh50,Cesnet200603-r2,Cesnet200603,B0,8,40,19,0.475,15,10,0.6666666666666666,19.85715709009582,0.00011441199603723362,0.03762210493320405,1
v0-bh50,Cesnet200603-r2,Cesnet200603,B0,9,40,19,0.475,15,10,0.6666666666666666,19.85715709009582,0.00011441199603723362,0.03762210493320405,1
v0-bh50,Cesnet200603-r2,Cesnet200603,B0,10,40,19,0.475,15,10,0.6666666666666666,19.85715709009582,0.00011441199603723362,0.03762210493320405,1
v0-bh50,Cesnet200603-r2,Cesnet200603,B0,11,40,19,0.475,15,10,0.6666666666666666,19.85715709009582,0.00011441199603723362,0.03762210493320405,1
v0-bh50,Cesnet200603-r2,Cesnet200603,B0,12,40,19,0.475,15,10,0.6666666666666666,19.85715709009582,0.00011441199603723362,0.03762210493320405,1
v0-bh50,Cesnet200603-r2,Cesnet200603,B0,13,40,19,0.475,15,10,0.6666666666666666,19.85715709009582,0.00011441199603723362,0.03762210493320405,1
v0-bh50,Cesnet200603-r2,Cesnet200603,B0,14,40,19,0.475,15,10,0.6666666666666666,19.85715709009582,0.00011441199603723362,0.03762210493320405,1
v0-bh50,Cesnet200603-r2,Cesnet200603,B0,15,40,19,0.475,15,10,0.6666666666666666,19.85715709009582,0.00011441199603723362,0.03762210493320405,1
v0-bh50,Cesnet200603-r2,Cesnet200603,B0,16,40,19,0.475,15,10,0.6666666666666666,19.85715709009582,0.00011441199603723362,0.03762210493320405,1
v0-bh50,Cesnet200603-r2,Cesnet200603,B0,17,40,19,0.475,15,10,0.6666666666666666,19.85715709009582,0.00011441199603723362,0.03762210493320405,1
v0-bh50,Cesnet200603-r2,Cesnet200603,B0,18,40,19,0.475,15,10,0.6666666666666666,19.85715709009582,0.00011441199603723362,0.03762210493320405,1
v0-bh50,Cesnet200603-r2,Cesnet200603,B0,19,40,19,0.475,15,10,0.6666666666666666,19.85715709009582,0.00011441199603723362,0.03762210493320405,1
v0-bh50,Cesnet200603-r2,Cesnet200603,B0,20,40,19,0.475,15,10,0.6666666666666666,19.85715709009582,0.00011441199603723362,0.03762210493320405,1
v0-bh50,Cesnet200603-r2,Cesnet200603,B0,21,40,19,0.475,15,10,0.6666666666666666,19.85715709009582,0.00011441199603723362,0.03762210493320405,1
v0-bh50,Cesnet200603-r2,Cesnet200603,B0,22,40,19,0.475,15,10,0.6666666666666666,19.85715709009582,0.00011441199603723362,0.03762210493320405,1
v0-bh50,Cesnet200603-r2,Cesnet200603,B0,23,40,19,0.475,15,10,0.6666666666666666,19.85715709009582,0.00011441199603723362,0.03762210493320405,1
v0-bh50,Cesnet200603-r2,Cesnet200603,B0,24,40,19,0.475,15,10,0.6666666666666666,19.85715709009582,0.00011441199603723362,0.03762210493320405,1
v0-bh50,Cesnet200603-r2,Cesnet200603,B0,25,40,19,0.475,15,10,0.6666666666666666,19.85715709009582,0.00011441199603723362,0.03762210493320405,1
v0-bh50,Cesnet200603-r2,Cesnet200603,B0,26,40,19,0.475,15,10,0.6666666666666666,19.85715709009582,0.00011441199603723362,0.03762210493320405,1
v0-bh50,Cesnet200603-r2,Cesnet200603,B0,27,40,19,0.475,15,10,0.6666666666666666,19.85715709009582,0.00011441199603723362,0.03762210493320405,1
v0-bh50,Cesnet200603-r2,Cesnet200603,B0,28,40,19,0.475,15,10,0.6666666666666666,19.85715709009582,0.00011441199603723362,0.03762210493320405,1
v0-bh50,Cesnet200603-r2,Cesnet200603,B0,29,40,19,0.475,15,10,0.6666666666666666,19.85715709009582,0.00011441199603723362,0.03762210493320405,1
v0-bh50,Cesnet200603-r2,Cesnet200603,B1,0,40,19,0.475,15,15,1.0,20.116071595709784,0.1365383290030877,0.03601991693334033,1
v0-bh50,Cesnet200603-r2,Cesnet200603,B1,1,40,21,0.525,15,15,1.0,19.0,0.1365383290030877,0.03601991693334033,1
v0-bh50,Cesnet200603-r2,Cesnet200603,B1,2,40,21,0.525,15,15,1.0,19.0,0.1365383290030877,0.03601991693334033,1
v0-bh50,Cesnet200603-r2,Cesnet200603,B1,3,40,21,0.525,15,15,1.0,19.0,0.1365383290030877,0.03601991693334033,1
v0-bh50,Cesnet200603-r2,Cesnet200603,B1,4,40,21,0.525,15,15,1.0,19.0,0.1365383290030877,0.03601991693334033,1
v0-bh50,Cesnet200603-r2,Cesnet200603,B1,5,40,21,0.525,15,15,1.0,19.0,0.1365383290030877,0.03601991693334033,1
v0-bh50,Cesnet200603-r2,Cesnet200603,B1,6,40,21,0.525,15,15,1.0,19.0,0.1365383290030877,0.03601991693334033,1
v0-bh50,Cesnet200603-r2,Cesnet200603,B1,7,40,21,0.525,15,15,1.0,19.0,0.1365383290030877,0.03601991693334033,1
v0-bh50,Cesnet200603-r2,Cesnet200603,B1,8,40,21,0.525,15,15,1.0,19.0,0.1365383290030877,0.03601991693334033,1
v0-bh50,Cesnet200603-r2,Cesnet200603,B1,9,40,21,0.525,15,15,1.0,19.0,0.1365383290030877,0.03601991693334033,1
v0-bh50,Cesnet200603-r2,Cesnet200603,B1,10,40,20,0.5,15,15,1.0,19.67367045197975,0.1365383290030877,0.03601991693334033,1
v0-bh50,Cesnet200603-r2,Cesnet200603,B1,11,40,21,0.525,15,15,1.0,19.0,0.1365383290030877,0.03601991693334033,1
v0-bh50,Cesnet200603-r2,Cesnet200603,B1,12,40,20,0.5,15,15,1.0,19.007640201850673,0.1365383290030877,0.03601991693334033,1
v0-bh50,Cesnet200603-r2,Cesnet200603,B1,13,40,21,0.525,15,15,1.0,19.0,0.1365383290030877,0.03601991693334033,1
v0-bh50,Cesnet200603-r2,Cesnet200603,B1,14,40,21,0.525,15,15,1.0,19.0,0.1365383290030877,0.03601991693334033,1
v0-bh50,Cesnet200603-r2,Cesnet200603,B1,15,40,20,0.5,15,15,1.0,19.797297541766813,0.1365383290030877,0.03601991693334033,1
v0-bh50,Cesnet200603-r2,Cesnet200603,B1,16,40,21,0.525,15,15,1.0,19.0,0.1365383290030877,0.03601991693334033,1
v0-bh50,Cesnet200603-r2,Cesnet200603,B1,17,40,20,0.5,15,15,1.0,19.186857432930516,0.1365383290030877,0.03601991693334033,1
v0-bh50,Cesnet200603-r2,Cesnet200603,B1,18,40,20,0.5,15,15,1.0,19.997589340352917,0.1365383290030877,0.03601991693334033,1
v0-bh50,Cesnet200603-r2,Cesnet200603,B1,19,40,20,0.5,15,15,1.0,19.24846452737039,0.1365383290030877,0.03601991693334033,1
v0-bh50,Cesnet200603-r2,Cesnet200603,B1,20,40,21,0.525,15,15,1.0,19.0,0.1365383290030877,0.03601991693334033,1
v0-bh50,Cesnet200603-r2,Cesnet200603,B1,21,40,20,0.5,15,15,1.0,19.997589340352917,0.1365383290030877,0.03601991693334033,1
v0-bh50,Cesnet200603-r2,Cesnet200603,B1,22,40,21,0.525,15,15,1.0,19.0,0.1365383290030877,0.03601991693334033,1
v0-bh50,Cesnet200603-r2,Cesnet200603,B1,23,40,21,0.525,15,15,1.0,19.0,0.1365383290030877,0.03601991693334033,1
v0-bh50,Cesnet200603-r2,Cesnet200603,B1,24,40,21,0.525,15,15,1.0,19.0,0.1365383290030877,0.03601991693334033,1
v0-bh50,Cesnet200603-r2,Cesnet200603,B1,25,40,20,0.5,15,15,1.0,19.048229480369503,0.1365383290030877,0.03601991693334033,1
v0-bh50,Cesnet200603-r2,Cesnet200603,B1,26,40,21,0.525,15,15,1.0,19.0,0.1365383290030877,0.03601991693334033,1
v0-bh50,Cesnet200603-r2,Cesnet200603,B1,27,40,19,0.475,15,15,1.0,19.249017335180792,0.1365383290030877,0.03601991693334033,1
v0-bh50,Cesnet200603-r2,Cesnet200603,B1,28,40,21,0.525,15,15,1.0,19.0,0.1365383290030877,0.03601991693334033,1
v0-bh50,Cesnet200603-r2,Cesnet200603,B1,29,40,21,0.525,15,15,1.0,19.0,0.1365383290030877,0.03601991693334033,1
v0-bh50,Digex-r0,Digex,B0,0,40,15,0.375,15,8,0.5333333333333333,22.209789644912366,0.0001481889994465746,0.06624092806644816,1
v0-bh50,Digex-r0,Digex,B0,1,40,15,0.375,15,8,0.5333333333333333,22.209789644912366,0.0001481889994465746,0.06624092806644816,1
v0-bh50,Digex-r0,Digex,B0,2,40,15,0.375,15,8,0.5333333333333333,22.209789644912366,0.0001481889994465746,0.06624092806644816,1
v0-bh50,Digex-r0,Digex,B0,3,40,15,0.375,15,8,0.5333333333333333,22.209789644912366,0.0001481889994465746,0.06624092806644816,1
v0-bh50,Digex-r0,Digex,B0,4,40,15,0.375,15,8,0.5333333333333333,22.209789644912366,0.0001481889994465746,0.06624092806644816,1
v0-bh50,Digex-r0,Digex,B0,5,40,15,0.375,15,8,0.5333333333333333,22.209789644912366,0.0001481889994465746,0.06624092806644816,1
v0-bh50,Digex-r0,Digex,B0,6,40,15,0.375,15,8,0.5333333333333333,22.209789644912366,0.0001481889994465746,0.06624092806644816,1
v0-bh50,Digex-r0,Digex,B0,7,40,15,0.375,15,8,0.5333333333333333,22.209789644912366,0.0001481889994465746,0.06624092806644816,1
v0-bh50,Digex-r0,Digex,B0,8,40,15,0.375,15,8,0.5333333333333333,22.209789644912366,0.0001481889994465746,0.06624092806644816,1
v0-bh50,Digex-r0,Digex,B0,9,40,15,0.375,15,8,0.5333333333333333,22.209789644912366,0.0001481889994465746,0.06624092806644816,1
v0-bh50,Digex-r0,Digex,B0,10,40,15,0.375,15,8,0.5333333333333333,22.209789644912366,0.0001481889994465746,0.06624092806644816,1
v0-bh50,Digex-r0,Digex,B0,11,40,15,0.375,15,8,0.5333333333333333,22.209789644912366,0.0001481889994465746,0.06624092806644816,1
v0-bh50,Digex-r0,Digex,B0,12,40,15,0.375,15,8,0.5333333333333333,22.209789644912366,0.0001481889994465746,0.06624092806644816,1
v0-bh50,Digex-r0,Digex,B0,13,40,15,0.375,15,8,0.5333333333333333,22.209789644912366,0.0001481889994465746,0.06624092806644816,1
v0-bh50,Digex-r0,Digex,B0,14,40,15,0.375,15,8,0.5333333333333333,22.209789644912366,0.0001481889994465746,0.06624092806644816,1
v0-bh50,Digex-r0,Digex,B0,15,40,15,0.375,15,8,0.5333333333333333,22.209789644912366,0.0001481889994465746,0.06624092806644816,1
v0-bh50,Digex-r0,Digex,B0,16,40,15,0.375,15,8,0.5333333333333333,22.209789644912366,0.0001481889994465746,0.06624092806644816,1
v0-bh50,Digex-r0,Digex,B0,17,40,15,0.375,15,8,0.5333333333333333,22.209789644912366,0.0001481889994465746,0.06624092806644816,1
v0-bh50,Digex-r0,Digex,B0,18,40,15,0.375,15,8,0.5333333333333333,22.209789644912366,0.0001481889994465746,0.06624092806644816,1
v0-bh50,Digex-r0,Digex,B0,19,40,15,0.375,15,8,0.5333333333333333,22.209789644912366,0.0001481889994465746,0.06624092806644816,1
v0-bh50,Digex-r0,Digex,B0,20,40,15,0.375,15,8,0.5333333333333333,22.209789644912366,0.0001481889994465746,0.06624092806644816,1
v0-bh50,Digex-r0,Digex,B0,21,40,15,0.375,15,8,0.5333333333333333,22.209789644912366,0.0001481889994465746,0.06624092806644816,1
v0-bh50,Digex-r0,Digex,B0,22,40,15,0.375,15,8,0.5333333333333333,22.209789644912366,0.0001481889994465746,0.06624092806644816,1
v0-bh50,Digex-r0,Digex,B0,23,40,15,0.375,15,8,0.5333333333333333,22.209789644912366,0.0001481889994465746,0.06624092806644816,1
v0-bh50,Digex-r0,Digex,B0,24,40,15,0.375,15,8,0.5333333333333333,22.209789644912366,0.0001481889994465746,0.06624092806644816,1
v0-bh50,Digex-r0,Digex,B0,25,40,15,0.375,15,8,0.5333333333333333,22.209789644912366,0.0001481889994465746,0.06624092806644816,1
v0-bh50,Digex-r0,Digex,B0,26,40,15,0.375,15,8,0.5333333333333333,22.209789644912366,0.0001481889994465746,0.06624092806644816,1
v0-bh50,Digex-r0,Digex,B0,27,40,15,0.375,15,8,0.5333333333333333,22.209789644912366,0.0001481889994465746,0.06624092806644816,1
v0-bh50,Digex-r0,Digex,B0,28,40,15,0.375,15,8,0.5333333333333333,22.209789644912366,0.0001481889994465746,0.06624092806644816,1
v0-bh50,Digex-r0,Digex,B0,29,40,15,0.375,15,8,0.5333333333333333,22.209789644912366,0.0001481889994465746,0.06624092806644816,1
v0-bh50,Digex-r0,Digex,B1,0,40,15,0.375,15,15,1.0,24.140628914054208,0.1804625139993732,0.051787051899979515,1
v0-bh50,Digex-r0,Digex,B1,1,40,15,0.375,15,15,1.0,23.39678888916409,0.1804625139993732,0.051787051899979515,1
v0-bh50,Digex-r0,Digex,B1,2,40,15,0.375,15,15,1.0,24.519762676101905,0.1804625139993732,0.051787051899979515,1
v0-bh50,Digex-r0,Digex,B1,3,40,17,0.425,15,15,1.0,23.000000000000004,0.1804625139993732,0.051787051899979515,1
v0-bh50,Digex-r0,Digex,B1,4,40,17,0.425,15,15,1.0,23.0,0.1804625139993732,0.051787051899979515,1
v0-bh50,Digex-r0,Digex,B1,5,40,16,0.4,15,15,1.0,23.123496137891497,0.1804625139993732,0.051787051899979515,1
v0-bh50,Digex-r0,Digex,B1,6,40,15,0.375,15,15,1.0,23.303562561136925,0.1804625139993732,0.051787051899979515,1
v0-bh50,Digex-r0,Digex,B1,7,40,16,0.4,15,15,1.0,23.337688220462905,0.1804625139993732,0.051787051899979515,1
v0-bh50,Digex-r0,Digex,B1,8,40,16,0.4,15,15,1.0,23.689244515069824,0.1804625139993732,0.051787051899979515,1
v0-bh50,Digex-r0,Digex,B1,9,40,17,0.425,15,15,1.0,23.0,0.1804625139993732,0.051787051899979515,1
v0-bh50,Digex-r0,Digex,B1,10,40,15,0.375,15,15,1.0,24.67487415889121,0.1804625139993732,0.051787051899979515,1
v0-bh50,Digex-r0,Digex,B1,11,40,15,0.375,15,15,1.0,23.854121769810135,0.1804625139993732,0.051787051899979515,1
v0-bh50,Digex-r0,Digex,B1,12,40,16,0.4,15,15,1.0,23.159048729003754,0.1804625139993732,0.051787051899979515,1
v0-bh50,Digex-r0,Digex,B1,13,40,16,0.4,15,15,1.0,23.573562052664972,0.1804625139993732,0.051787051899979515,1
v0-bh50,Digex-r0,Digex,B1,14,40,16,0.4,15,15,1.0,23.997608393283297,0.1804625139993732,0.051787051899979515,1
v0-bh50,Digex-r0,Digex,B1,15,40,16,0.4,15,15,1.0,23.291077941997735,0.1804625139993732,0.051787051899979515,1
v0-bh50,Digex-r0,Digex,B1,16,40,16,0.4,15,15,1.0,23.394826471119867,0.1804625139993732,0.051787051899979515,1
v0-bh50,Digex-r0,Digex,B1,17,40,15,0.375,15,15,1.0,23.711307008606695,0.1804625139993732,0.051787051899979515,1
v0-bh50,Digex-r0,Digex,B1,18,40,16,0.4,15,15,1.0,23.997350852308575,0.1804625139993732,0.051787051899979515,1
v0-bh50,Digex-r0,Digex,B1,19,40,16,0.4,15,15,1.0,23.365590988465375,0.1804625139993732,0.051787051899979515,1
v0-bh50,Digex-r0,Digex,B1,20,40,16,0.4,15,15,1.0,23.304925937197595,0.1804625139993732,0.051787051899979515,1
v0-bh50,Digex-r0,Digex,B1,21,40,16,0.4,15,15,1.0,23.81289918298092,0.1804625139993732,0.051787051899979515,1
v0-bh50,Digex-r0,Digex,B1,22,40,17,0.425,15,15,1.0,23.0,0.1804625139993732,0.051787051899979515,1
v0-bh50,Digex-r0,Digex,B1,23,40,16,0.4,15,15,1.0,23.232822603126934,0.1804625139993732,0.051787051899979515,1
v0-bh50,Digex-r0,Digex,B1,24,40,16,0.4,15,15,1.0,23.02384691849497,0.1804625139993732,0.051787051899979515,1
v0-bh50,Digex-r0,Digex,B1,25,40,17,0.425,15,15,1.0,23.000000000000004,0.1804625139993732,0.051787051899979515,1
v0-bh50,Digex-r0,Digex,B1,26,40,17,0.425,15,15,1.0,23.0,0.1804625139993732,0.051787051899979515,1
v0-bh50,Digex-r0,Digex,B1,27,40,17,0.425,15,15,1.0,23.0,0.1804625139993732,0.051787051899979515,1
v0-bh50,Digex-r0,Digex,B1,28,40,16,0.4,15,15,1.0,23.069389295392472,0.1804625139993732,0.051787051899979515,1
v0-bh50,Digex-r0,Digex,B1,29,40,17,0.425,15,15,1.0,23.0,0.1804625139993732,0.051787051899979515,1
v0-bh50,Digex-r1,Digex,B0,0,40,11,0.275,15,5,0.3333333333333333,28.021353709009315,0.00013150300219422206,0.02141153386667914,1
v0-bh50,Digex-r1,Digex,B0,1,40,11,0.275,15,5,0.3333333333333333,28.021353709009315,0.00013150300219422206,0.02141153386667914,1
v0-bh50,Digex-r1,Digex,B0,2,40,11,0.275,15,5,0.3333333333333333,28.021353709009315,0.00013150300219422206,0.02141153386667914,1
v0-bh50,Digex-r1,Digex,B0,3,40,11,0.275,15,5,0.3333333333333333,28.021353709009315,0.00013150300219422206,0.02141153386667914,1
v0-bh50,Digex-r1,Digex,B0,4,40,11,0.275,15,5,0.3333333333333333,28.021353709009315,0.00013150300219422206,0.02141153386667914,1
v0-bh50,Digex-r1,Digex,B0,5,40,11,0.275,15,5,0.3333333333333333,28.021353709009315,0.00013150300219422206,0.02141153386667914,1
v0-bh50,Digex-r1,Digex,B0,6,40,11,0.275,15,5,0.3333333333333333,28.021353709009315,0.00013150300219422206,0.02141153386667914,1
v0-bh50,Digex-r1,Digex,B0,7,40,11,0.275,15,5,0.3333333333333333,28.021353709009315,0.00013150300219422206,0.02141153386667914,1
v0-bh50,Digex-r1,Digex,B0,8,40,11,0.275,15,5,0.3333333333333333,28.021353709009315,0.00013150300219422206,0.02141153386667914,1
v0-bh50,Digex-r1,Digex,B0,9,40,11,0.275,15,5,0.3333333333333333,28.021353709009315,0.00013150300219422206,0.02141153386667914,1
v0-bh50,Digex-r1,Digex,B0,10,40,11,0.275,15,5,0.3333333333333333,28.021353709009315,0.00013150300219422206,0.02141153386667914,1
v0-bh50,Digex-r1,Digex,B0,11,40,11,0.275,15,5,0.3333333333333333,28.021353709009315,0.00013150300219422206,0.02141153386667914,1
v0-bh50,Digex-r1,Digex,B0,12,40,11,0.275,15,5,0.3333333333333333,28.021353709009315,0.00013150300219422206,0.02141153386667914,1
v0-bh50,Digex-r1,Digex,B0,13,40,11,0.275,15,5,0.3333333333333333,28.021353709009315,0.00013150300219422206,0.02141153386667914,1
v0-bh50,Digex-r1,Digex,B0,14,40,11,0.275,15,5,0.3333333333333333,28.021353709009315,0.00013150300219422206,0.02141153386667914,1
v0-bh50,Digex-r1,Digex,B0,15,40,11,0.275,15,5,0.3333333333333333,28.021353709009315,0.00013150300219422206,0.02141153386667914,1
v0-bh50,Digex-r1,Digex,B0,16,40,11,0.275,15,5,0.3333333333333333,28.021353709009315,0.00013150300219422206,0.02141153386667914,1
v0-bh50,Digex-r1,Digex,B0,17,40,11,0.275,15,5,0.3333333333333333,28.021353709009315,0.00013150300219422206,0.02141153386667914,1
v0-bh50,Digex-r1,Digex,B0,18,40,11,0.275,15,5,0.3333333333333333,28.021353709009315,0.00013150300219422206,0.02141153386667914,1
v0-bh50,Digex-r1,Digex,B0,19,40,11,0.275,15,5,0.3333333333333333,28.021353709009315,0.00013150300219422206,0.02141153386667914,1
v0-bh50,Digex-r1,Digex,B0,20,40,11,0.275,15,5,0.3333333333333333,28.021353709009315,0.00013150300219422206,0.02141153386667914,1
v0-bh50,Digex-r1,Digex,B0,21,40,11,0.275,15,5,0.3333333333333333,28.021353709009315,0.00013150300219422206,0.02141153386667914,1
v0-bh50,Digex-r1,Digex,B0,22,40,11,0.275,15,5,0.3333333333333333,28.021353709009315,0.00013150300219422206,0.02141153386667914,1
v0-bh50,Digex-r1,Digex,B0,23,40,11,0.275,15,5,0.3333333333333333,28.021353709009315,0.00013150300219422206,0.02141153386667914,1
v0-bh50,Digex-r1,Digex,B0,24,40,11,0.275,15,5,0.3333333333333333,28.021353709009315,0.00013150300219422206,0.02141153386667914,1
v0-bh50,Digex-r1,Digex,B0,25,40,11,0.275,15,5,0.3333333333333333,28.021353709009315,0.00013150300219422206,0.02141153386667914,1
v0-bh50,Digex-r1,Digex,B0,26,40,11,0.275,15,5,0.3333333333333333,28.021353709009315,0.00013150300219422206,0.02141153386667914,1
v0-bh50,Digex-r1,Digex,B0,27,40,11,0.275,15,5,0.3333333333333333,28.021353709009315,0.00013150300219422206,0.02141153386667914,1
v0-bh50,Digex-r1,Digex,B0,28,40,11,0.275,15,5,0.3333333333333333,28.021353709009315,0.00013150300219422206,0.02141153386667914,1
v0-bh50,Digex-r1,Digex,B0,29,40,11,0.275,15,5,0.3333333333333333,28.021353709009315,0.00013150300219422206,0.02141153386667914,1
v0-bh50,Digex-r1,Digex,B1,0,40,12,0.3,15,15,1.0,28.0,0.14351017199805938,0.023223294433410046,1
v0-bh50,Digex-r1,Digex,B1,1,40,12,0.3,15,15,1.0,28.0,0.14351017199805938,0.023223294433410046,1
v0-bh50,Digex-r1,Digex,B1,2,40,12,0.3,15,15,1.0,28.0,0.14351017199805938,0.023223294433410046,1
v0-bh50,Digex-r1,Digex,B1,3,40,12,0.3,15,15,1.0,28.0,0.14351017199805938,0.023223294433410046,1
v0-bh50,Digex-r1,Digex,B1,4,40,12,0.3,15,15,1.0,28.0,0.14351017199805938,0.023223294433410046,1
v0-bh50,Digex-r1,Digex,B1,5,40,12,0.3,15,15,1.0,28.0,0.14351017199805938,0.023223294433410046,1
v0-bh50,Digex-r1,Digex,B1,6,40,12,0.3,15,15,1.0,28.0,0.14351017199805938,0.023223294433410046,1
v0-bh50,Digex-r1,Digex,B1,7,40,12,0.3,15,15,1.0,28.0,0.14351017199805938,0.023223294433410046,1
v0-bh50,Digex-r1,Digex,B1,8,40,12,0.3,15,15,1.0,28.0,0.14351017199805938,0.023223294433410046,1
v0-bh50,Digex-r1,Digex,B1,9,40,12,0.3,15,15,1.0,28.0,0.14351017199805938,0.023223294433410046,1
v0-bh50,Digex-r1,Digex,B1,10,40,12,0.3,15,15,1.0,28.0,0.14351017199805938,0.023223294433410046,1
v0-bh50,Digex-r1,Digex,B1,11,40,12,0.3,15,15,1.0,28.0,0.14351017199805938,0.023223294433410046,1
v0-bh50,Digex-r1,Digex,B1,12,40,12,0.3,15,15,1.0,28.0,0.14351017199805938,0.023223294433410046,1
v0-bh50,Digex-r1,Digex,B1,13,40,12,0.3,15,15,1.0,28.0,0.14351017199805938,0.023223294433410046,1
v0-bh50,Digex-r1,Digex,B1,14,40,12,0.3,15,15,1.0,28.0,0.14351017199805938,0.023223294433410046,1
v0-bh50,Digex-r1,Digex,B1,15,40,12,0.3,15,15,1.0,28.0,0.14351017199805938,0.023223294433410046,1
v0-bh50,Digex-r1,Digex,B1,16,40,12,0.3,15,15,1.0,28.0,0.14351017199805938,0.023223294433410046,1
v0-bh50,Digex-r1,Digex,B1,17,40,12,0.3,15,15,1.0,28.0,0.14351017199805938,0.023223294433410046,1
v0-bh50,Digex-r1,Digex,B1,18,40,12,0.3,15,15,1.0,28.0,0.14351017199805938,0.023223294433410046,1
v0-bh50,Digex-r1,Digex,B1,19,40,12,0.3,15,15,1.0,28.0,0.14351017199805938,0.023223294433410046,1
v0-bh50,Digex-r1,Digex,B1,20,40,12,0.3,15,15,1.0,28.0,0.14351017199805938,0.023223294433410046,1
v0-bh50,Digex-r1,Digex,B1,21,40,12,0.3,15,15,1.0,28.0,0.14351017199805938,0.023223294433410046,1
v0-bh50,Digex-r1,Digex,B1,22,40,12,0.3,15,15,1.0,28.0,0.14351017199805938,0.023223294433410046,1
v0-bh50,Digex-r1,Digex,B1,23,40,12,0.3,15,15,1.0,28.0,0.14351017199805938,0.023223294433410046,1
v0-bh50,Digex-r1,Digex,B1,24,40,12,0.3,15,15,1.0,28.0,0.14351017199805938,0.023223294433410046,1
v0-bh50,Digex-r1,Digex,B1,25,40,12,0.3,15,15,1.0,28.0,0.14351017199805938,0.023223294433410046,1
v0-bh50,Digex-r1,Digex,B1,26,40,12,0.3,15,15,1.0,28.0,0.14351017199805938,0.023223294433410046,1
v0-bh50,Digex-r1,Digex,B1,27,40,12,0.3,15,15,1.0,28.0,0.14351017199805938,0.023223294433410046,1
v0-bh50,Digex-r1,Digex,B1,28,40,12,0.3,15,15,1.0,28.0,0.14351017199805938,0.023223294433410046,1
v0-bh50,Digex-r1,Digex,B1,29,40,12,0.3,15,15,1.0,28.0,0.14351017199805938,0.023223294433410046,1
v0-bh50,Digex-r2,Digex,B0,0,40,3,0.075,15,2,0.13333333333333333,37.0,0.0001180159961222671,0.0221043508000245,1
v0-bh50,Digex-r2,Digex,B0,1,40,3,0.075,15,2,0.13333333333333333,37.0,0.0001180159961222671,0.0221043508000245,1
v0-bh50,Digex-r2,Digex,B0,2,40,3,0.075,15,2,0.13333333333333333,37.0,0.0001180159961222671,0.0221043508000245,1
v0-bh50,Digex-r2,Digex,B0,3,40,3,0.075,15,2,0.13333333333333333,37.0,0.0001180159961222671,0.0221043508000245,1
v0-bh50,Digex-r2,Digex,B0,4,40,3,0.075,15,2,0.13333333333333333,37.0,0.0001180159961222671,0.0221043508000245,1
v0-bh50,Digex-r2,Digex,B0,5,40,3,0.075,15,2,0.13333333333333333,37.0,0.0001180159961222671,0.0221043508000245,1
v0-bh50,Digex-r2,Digex,B0,6,40,3,0.075,15,2,0.13333333333333333,37.0,0.0001180159961222671,0.0221043508000245,1
v0-bh50,Digex-r2,Digex,B0,7,40,3,0.075,15,2,0.13333333333333333,37.0,0.0001180159961222671,0.0221043508000245,1
v0-bh50,Digex-r2,Digex,B0,8,40,3,0.075,15,2,0.13333333333333333,37.0,0.0001180159961222671,0.0221043508000245,1
v0-bh50,Digex-r2,Digex,B0,9,40,3,0.075,15,2,0.13333333333333333,37.0,0.0001180159961222671,0.0221043508000245,1
v0-bh50,Digex-r2,Digex,B0,10,40,3,0.075,15,2,0.13333333333333333,37.0,0.0001180159961222671,0.0221043508000245,1
v0-bh50,Digex-r2,Digex,B0,11,40,3,0.075,15,2,0.13333333333333333,37.0,0.0001180159961222671,0.0221043508000245,1
v0-bh50,Digex-r2,Digex,B0,12,40,3,0.075,15,2,0.13333333333333333,37.0,0.0001180159961222671,0.0221043508000245,1
v0-bh50,Digex-r2,Digex,B0,13,40,3,0.075,15,2,0.13333333333333333,37.0,0.0001180159961222671,0.0221043508000245,1
v0-bh50,Digex-r2,Digex,B0,14,40,3,0.075,15,2,0.13333333333333333,37.0,0.0001180159961222671,0.0221043508000245,1
v0-bh50,Digex-r2,Digex,B0,15,40,3,0.075,15,2,0.13333333333333333,37.0,0.0001180159961222671,0.0221043508000245,1
v0-bh50,Digex-r2,Digex,B0,16,40,3,0.075,15,2,0.13333333333333333,37.0,0.0001180159961222671,0.0221043508000245,1
v0-bh50,Digex-r2,Digex,B0,17,40,3,0.075,15,2,0.13333333333333333,37.0,0.0001180159961222671,0.0221043508000245,1
v0-bh50,Digex-r2,Digex,B0,18,40,3,0.075,15,2,0.13333333333333333,37.0,0.0001180159961222671,0.0221043508000245,1
v0-bh50,Digex-r2,Digex,B0,19,40,3,0.075,15,2,0.13333333333333333,37.0,0.0001180159961222671,0.0221043508000245,1
v0-bh50,Digex-r2,Digex,B0,20,40,3,0.075,15,2,0.13333333333333333,37.0,0.0001180159961222671,0.0221043508000245,1
v0-bh50,Digex-r2,Digex,B0,21,40,3,0.075,15,2,0.13333333333333333,37.0,0.0001180159961222671,0.0221043508000245,1
v0-bh50,Digex-r2,Digex,B0,22,40,3,0.075,15,2,0.13333333333333333,37.0,0.0001180159961222671,0.0221043508000245,1
v0-bh50,Digex-r2,Digex,B0,23,40,3,0.075,15,2,0.13333333333333333,37.0,0.0001180159961222671,0.0221043508000245,1
v0-bh50,Digex-r2,Digex,B0,24,40,3,0.075,15,2,0.13333333333333333,37.0,0.0001180159961222671,0.0221043508000245,1
v0-bh50,Digex-r2,Digex,B0,25,40,3,0.075,15,2,0.13333333333333333,37.0,0.0001180159961222671,0.0221043508000245,1
v0-bh50,Digex-r2,Digex,B0,26,40,3,0.075,15,2,0.13333333333333333,37.0,0.0001180159961222671,0.0221043508000245,1
v0-bh50,Digex-r2,Digex,B0,27,40,3,0.075,15,2,0.13333333333333333,37.0,0.0001180159961222671,0.0221043508000245,1
v0-bh50,Digex-r2,Digex,B0,28,40,3,0.075,15,2,0.13333333333333333,37.0,0.0001180159961222671,0.0221043508000245,1
v0-bh50,Digex-r2,Digex,B0,29,40,3,0.075,15,2,0.13333333333333333,37.0,0.0001180159961222671,0.0221043508000245,1
v0-bh50,Digex-r2,Digex,B1,0,40,4,0.1,15,15,1.0,36.0,0.12965977099520387,0.017677870566452234,1
v0-bh50,Digex-r2,Digex,B1,1,40,4,0.1,15,15,1.0,36.0,0.12965977099520387,0.017677870566452234,1
v0-bh50,Digex-r2,Digex,B1,2,40,3,0.075,15,15,1.0,36.99608378542482,0.12965977099520387,0.017677870566452234,1
v0-bh50,Digex-r2,Digex,B1,3,40,4,0.1,15,15,1.0,36.0,0.12965977099520387,0.017677870566452234,1
v0-bh50,Digex-r2,Digex,B1,4,40,3,0.075,15,15,1.0,36.121753400303476,0.12965977099520387,0.017677870566452234,1
v0-bh50,Digex-r2,Digex,B1,5,40,3,0.075,15,15,1.0,36.13893331730027,0.12965977099520387,0.017677870566452234,1
v0-bh50,Digex-r2,Digex,B1,6,40,4,0.1,15,15,1.0,36.0,0.12965977099520387,0.017677870566452234,1
v0-bh50,Digex-r2,Digex,B1,7,40,4,0.1,15,15,1.0,36.0,0.12965977099520387,0.017677870566452234,1
v0-bh50,Digex-r2,Digex,B1,8,40,4,0.1,15,15,1.0,36.0,0.12965977099520387,0.017677870566452234,1
v0-bh50,Digex-r2,Digex,B1,9,40,2,0.05,15,15,1.0,37.63289214346787,0.12965977099520387,0.017677870566452234,1
v0-bh50,Digex-r2,Digex,B1,10,40,3,0.075,15,15,1.0,36.511279987098376,0.12965977099520387,0.017677870566452234,1
v0-bh50,Digex-r2,Digex,B1,11,40,4,0.1,15,15,1.0,36.0,0.12965977099520387,0.017677870566452234,1
v0-bh50,Digex-r2,Digex,B1,12,40,3,0.075,15,15,1.0,36.20696224155337,0.12965977099520387,0.017677870566452234,1
v0-bh50,Digex-r2,Digex,B1,13,40,3,0.075,15,15,1.0,36.99731670299598,0.12965977099520387,0.017677870566452234,1
v0-bh50,Digex-r2,Digex,B1,14,40,4,0.1,15,15,1.0,36.0,0.12965977099520387,0.017677870566452234,1
v0-bh50,Digex-r2,Digex,B1,15,40,3,0.075,15,15,1.0,36.01749200996838,0.12965977099520387,0.017677870566452234,1
v0-bh50,Digex-r2,Digex,B1,16,40,4,0.1,15,15,1.0,36.0,0.12965977099520387,0.017677870566452234,1
v0-bh50,Digex-r2,Digex,B1,17,40,3,0.075,15,15,1.0,36.99731670299598,0.12965977099520387,0.017677870566452234,1
v0-bh50,Digex-r2,Digex,B1,18,40,3,0.075,15,15,1.0,36.9973167022318,0.12965977099520387,0.017677870566452234,1
v0-bh50,Digex-r2,Digex,B1,19,40,4,0.1,15,15,1.0,36.0,0.12965977099520387,0.017677870566452234,1
v0-bh50,Digex-r2,Digex,B1,20,40,4,0.1,15,15,1.0,36.0,0.12965977099520387,0.017677870566452234,1
v0-bh50,Digex-r2,Digex,B1,21,40,3,0.075,15,15,1.0,36.99731670190415,0.12965977099520387,0.017677870566452234,1
v0-bh50,Digex-r2,Digex,B1,22,40,4,0.1,15,15,1.0,36.0,0.12965977099520387,0.017677870566452234,1
v0-bh50,Digex-r2,Digex,B1,23,40,4,0.1,15,15,1.0,36.0,0.12965977099520387,0.017677870566452234,1
v0-bh50,Digex-r2,Digex,B1,24,40,4,0.1,15,15,1.0,36.0,0.12965977099520387,0.017677870566452234,1
v0-bh50,Digex-r2,Digex,B1,25,40,3,0.075,15,15,1.0,36.511279990519,0.12965977099520387,0.017677870566452234,1
v0-bh50,Digex-r2,Digex,B1,26,40,3,0.075,15,15,1.0,36.44164707968909,0.12965977099520387,0.017677870566452234,1
v0-bh50,Digex-r2,Digex,B1,27,40,4,0.1,15,15,1.0,36.0,0.12965977099520387,0.017677870566452234,1
v0-bh50,Digex-r2,Digex,B1,28,40,4,0.1,15,15,1.0,36.0,0.12965977099520387,0.017677870566452234,1
v0-bh50,Digex-r2,Digex,B1,29,40,3,0.075,15,15,1.0,36.58640673194545,0.12965977099520387,0.017677870566452234,1
v0-bh50,Easynet-r0,Easynet,B0,0,40,2,0.05,15,2,0.13333333333333333,35.51888463785045,9.772599878488109e-05,0.02005996150013137,1
v0-bh50,Easynet-r0,Easynet,B0,1,40,2,0.05,15,2,0.13333333333333333,35.51888463785045,9.772599878488109e-05,0.02005996150013137,1
v0-bh50,Easynet-r0,Easynet,B0,2,40,2,0.05,15,2,0.13333333333333333,35.51888463785045,9.772599878488109e-05,0.02005996150013137,1
v0-bh50,Easynet-r0,Easynet,B0,3,40,2,0.05,15,2,0.13333333333333333,35.51888463785045,9.772599878488109e-05,0.02005996150013137,1
v0-bh50,Easynet-r0,Easynet,B0,4,40,2,0.05,15,2,0.13333333333333333,35.51888463785045,9.772599878488109e-05,0.02005996150013137,1
v0-bh50,Easynet-r0,Easynet,B0,5,40,2,0.05,15,2,0.13333333333333333,35.51888463785045,9.772599878488109e-05,0.02005996150013137,1
v0-bh50,Easynet-r0,Easynet,B0,6,40,2,0.05,15,2,0.13333333333333333,35.51888463785045,9.772599878488109e-05,0.02005996150013137,1
v0-bh50,Easynet-r0,Easynet,B0,7,40,2,0.05,15,2,0.13333333333333333,35.51888463785045,9.772599878488109e-05,0.02005996150013137,1
v0-bh50,Easynet-r0,Easynet,B0,8,40,2,0.05,15,2,0.13333333333333333,35.51888463785045,9.772599878488109e-05,0.02005996150013137,1
v0-bh50,Easynet-r0,Easynet,B0,9,40,2,0.05,15,2,0.13333333333333333,35.51888463785045,9.772599878488109e-05,0.02005996150013137,1
v0-bh50,Easynet-r0,Easynet,B0,10,40,2,0.05,15,2,0.13333333333333333,35.51888463785045,9.772599878488109e-05,0.02005996150013137,1
v0-bh50,Easynet-r0,Easynet,B0,11,40,2,0.05,15,2,0.13333333333333333,35.51888463785045,9.772599878488109e-05,0.02005996150013137,1
v0-bh50,Easynet-r0,Easynet,B0,12,40,2,0.05,15,2,0.13333333333333333,35.51888463785045,9.772599878488109e-05,0.02005996150013137,1
v0-bh50,Easynet-r0,Easynet,B0,13,40,2,0.05,15,2,0.13333333333333333,35.51888463785045,9.772599878488109e-05,0.02005996150013137,1
v0-bh50,Easynet-r0,Easynet,B0,14,40,2,0.05,15,2,0.13333333333333333,35.51888463785045,9.772599878488109e-05,0.02005996150013137,1
v0-bh50,Easynet-r0,Easynet,B0,15,40,2,0.05,15,2,0.13333333333333333,35.51888463785045,9.772599878488109e-05,0.02005996150013137,1
v0-bh50,Easynet-r0,Easynet,B0,16,40,2,0.05,15,2,0.13333333333333333,35.51888463785045,9.772599878488109e-05,0.02005996150013137,1
v0-bh50,Easynet-r0,Easynet,B0,17,40,2,0.05,15,2,0.13333333333333333,35.51888463785045,9.772599878488109e-05,0.02005996150013137,1
v0-bh50,Easynet-r0,Easynet,B0,18,40,2,0.05,15,2,0.13333333333333333,35.51888463785045,9.772599878488109e-05,0.02005996150013137,1
v0-bh50,Easynet-r0,Easynet,B0,19,40,2,0.05,15,2,0.13333333333333333,35.51888463785045,9.772599878488109e-05,0.02005996150013137,1
v0-bh50,Easynet-r0,Easynet,B0,20,40,2,0.05,15,2,0.13333333333333333,35.51888463785045,9.772599878488109e-05,0.02005996150013137,1
v0-bh50,Easynet-r0,Easynet,B0,21,40,2,0.05,15,2,0.13333333333333333,35.51888463785045,9.772599878488109e-05,0.02005996150013137,1
v0-bh50,Easynet-r0,Easynet,B0,22,40,2,0.05,15,2,0.13333333333333333,35.51888463785045,9.772599878488109e-05,0.02005996150013137,1
v0-bh50,Easynet-r0,Easynet,B0,23,40,2,0.05,15,2,0.13333333333333333,35.51888463785045,9.772599878488109e-05,0.02005996150013137,1
v0-bh50,Easynet-r0,Easynet,B0,24,40,2,0.05,15,2,0.13333333333333333,35.51888463785045,9.772599878488109e-05,0.02005996150013137,1
v0-bh50,Easynet-r0,Easynet,B0,25,40,2,0.05,15,2,0.13333333333333333,35.51888463785045,9.772599878488109e-05,0.02005996150013137,1
v0-bh50,Easynet-r0,Easynet,B0,26,40,2,0.05,15,2,0.13333333333333333,35.51888463785045,9.772599878488109e-05,0.02005996150013137,1
v0-bh50,Easynet-r0,Easynet,B0,27,40,2,0.05,15,2,0.13333333333333333,35.51888463785045,9.772599878488109e-05,0.02005996150013137,1
v0-bh50,Easynet-r0,Easynet,B0,28,40,2,0.05,15,2,0.13333333333333333,35.51888463785045,9.772599878488109e-05,0.02005996150013137,1
v0-bh50,Easynet-r0,Easynet,B0,29,40,2,0.05,15,2,0.13333333333333333,35.51888463785045,9.772599878488109e-05,0.02005996150013137,1
v0-bh50,Easynet-r0,Easynet,B1,0,40,5,0.125,15,15,1.0,34.00353527042612,0.11673214699840173,0.012626342633302557,1
v0-bh50,Easynet-r0,Easynet,B1,1,40,5,0.125,15,15,1.0,34.00353527042612,0.11673214699840173,0.012626342633302557,1
v0-bh50,Easynet-r0,Easynet,B1,2,40,5,0.125,15,15,1.0,34.00353527042612,0.11673214699840173,0.012626342633302557,1
v0-bh50,Easynet-r0,Easynet,B1,3,40,5,0.125,15,15,1.0,34.00353527042612,0.11673214699840173,0.012626342633302557,1
v0-bh50,Easynet-r0,Easynet,B1,4,40,5,0.125,15,15,1.0,34.00353527042612,0.11673214699840173,0.012626342633302557,1
v0-bh50,Easynet-r0,Easynet,B1,5,40,5,0.125,15,15,1.0,34.00353527042612,0.11673214699840173,0.012626342633302557,1
v0-bh50,Easynet-r0,Easynet,B1,6,40,5,0.125,15,15,1.0,34.00353527042612,0.11673214699840173,0.012626342633302557,1
v0-bh50,Easynet-r0,Easynet,B1,7,40,5,0.125,15,15,1.0,34.00353527042612,0.11673214699840173,0.012626342633302557,1
v0-bh50,Easynet-r0,Easynet,B1,8,40,5,0.125,15,15,1.0,34.00353527042612,0.11673214699840173,0.012626342633302557,1
v0-bh50,Easynet-r0,Easynet,B1,9,40,5,0.125,15,15,1.0,34.00353527042612,0.11673214699840173,0.012626342633302557,1
v0-bh50,Easynet-r0,Easynet,B1,10,40,5,0.125,15,15,1.0,34.00353527042612,0.11673214699840173,0.012626342633302557,1
v0-bh50,Easynet-r0,Easynet,B1,11,40,5,0.125,15,15,1.0,34.00353527042612,0.11673214699840173,0.012626342633302557,1
v0-bh50,Easynet-r0,Easynet,B1,12,40,5,0.125,15,15,1.0,34.00353527042612,0.11673214699840173,0.012626342633302557,1
v0-bh50,Easynet-r0,Easynet,B1,13,40,5,0.125,15,15,1.0,34.00353527042612,0.11673214699840173,0.012626342633302557,1
v0-bh50,Easynet-r0,Easynet,B1,14,40,5,0.125,15,15,1.0,34.00353527042612,0.11673214699840173,0.012626342633302557,1
v0-bh50,Easynet-r0,Easynet,B1,15,40,5,0.125,15,15,1.0,34.00353527042612,0.11673214699840173,0.012626342633302557,1
v0-bh50,Easynet-r0,Easynet,B1,16,40,5,0.125,15,15,1.0,34.00353527042612,0.11673214699840173,0.012626342633302557,1
v0-bh50,Easynet-r0,Easynet,B1,17,40,5,0.125,15,15,1.0,34.00353527042612,0.11673214699840173,0.012626342633302557,1
v0-bh50,Easynet-r0,Easynet,B1,18,40,5,0.125,15,15,1.0,34.00353527042612,0.11673214699840173,0.012626342633302557,1
v0-bh50,Easynet-r0,Easynet,B1,19,40,5,0.125,15,15,1.0,34.00353527042612,0.11673214699840173,0.012626342633302557,1
v0-bh50,Easynet-r0,Easynet,B1,20,40,5,0.125,15,15,1.0,34.00353527042612,0.11673214699840173,0.012626342633302557,1
v0-bh50,Easynet-r0,Easynet,B1,21,40,5,0.125,15,15,1.0,34.00353527042612,0.11673214699840173,0.012626342633302557,1
v0-bh50,Easynet-r0,Easynet,B1,22,40,5,0.125,15,15,1.0,34.00353527042612,0.11673214699840173,0.012626342633302557,1
v0-bh50,Easynet-r0,Easynet,B1,23,40,5,0.125,15,15,1.0,34.00353527042612,0.11673214699840173,0.012626342633302557,1
v0-bh50,Easynet-r0,Easynet,B1,24,40,5,0.125,15,15,1.0,34.00353527042612,0.11673214699840173,0.012626342633302557,1
v0-bh50,Easynet-r0,Easynet,B1,25,40,5,0.125,15,15,1.0,34.00353527042612,0.11673214699840173,0.012626342633302557,1
v0-bh50,Easynet-r0,Easynet,B1,26,40,5,0.125,15,15,1.0,34.00353527042612,0.11673214699840173,0.012626342633302557,1
v0-bh50,Easynet-r0,Easynet,B1,27,40,5,0.125,15,15,1.0,34.00353527042612,0.11673214699840173,0.012626342633302557,1
v0-bh50,Easynet-r0,Easynet,B1,28,40,5,0.125,15,15,1.0,34.00353527042612,0.11673214699840173,0.012626342633302557,1
v0-bh50,Easynet-r0,Easynet,B1,29,40,5,0.125,15,15,1.0,34.00353527042612,0.11673214699840173,0.012626342633302557,1
v0-bh50,Easynet-r1,Easynet,B0,0,40,2,0.05,15,4,0.26666666666666666,35.66490114897578,8.992299990495667e-05,0.012768035499902908,1
v0-bh50,Easynet-r1,Easynet,B0,1,40,2,0.05,15,4,0.26666666666666666,35.66490114897578,8.992299990495667e-05,0.012768035499902908,1
v0-bh50,Easynet-r1,Easynet,B0,2,40,2,0.05,15,4,0.26666666666666666,35.66490114897578,8.992299990495667e-05,0.012768035499902908,1
v0-bh50,Easynet-r1,Easynet,B0,3,40,2,0.05,15,4,0.26666666666666666,35.66490114897578,8.992299990495667e-05,0.012768035499902908,1
v0-bh50,Easynet-r1,Easynet,B0,4,40,2,0.05,15,4,0.26666666666666666,35.66490114897578,8.992299990495667e-05,0.012768035499902908,1
v0-bh50,Easynet-r1,Easynet,B0,5,40,2,0.05,15,4,0.26666666666666666,35.66490114897578,8.992299990495667e-05,0.012768035499902908,1
v0-bh50,Easynet-r1,Easynet,B0,6,40,2,0.05,15,4,0.26666666666666666,35.66490114897578,8.992299990495667e-05,0.012768035499902908,1
v0-bh50,Easynet-r1,Easynet,B0,7,40,2,0.05,15,4,0.26666666666666666,35.66490114897578,8.992299990495667e-05,0.012768035499902908,1
v0-bh50,Easynet-r1,Easynet,B0,8,40,2,0.05,15,4,0.26666666666666666,35.66490114897578,8.992299990495667e-05,0.012768035499902908,1
v0-bh50,Easynet-r1,Easynet,B0,9,40,2,0.05,15,4,0.26666666666666666,35.66490114897578,8.992299990495667e-05,0.012768035499902908,1
v0-bh50,Easynet-r1,Easynet,B0,10,40,2,0.05,15,4,0.26666666666666666,35.66490114897578,8.992299990495667e-05,0.012768035499902908,1
v0-bh50,Easynet-r1,Easynet,B0,11,40,2,0.05,15,4,0.26666666666666666,35.66490114897578,8.992299990495667e-05,0.012768035499902908,1
v0-bh50,Easynet-r1,Easynet,B0,12,40,2,0.05,15,4,0.26666666666666666,35.66490114897578,8.992299990495667e-05,0.012768035499902908,1
v0-bh50,Easynet-r1,Easynet,B0,13,40,2,0.05,15,4,0.26666666666666666,35.66490114897578,8.992299990495667e-05,0.012768035499902908,1
v0-bh50,Easynet-r1,Easynet,B0,14,40,2,0.05,15,4,0.26666666666666666,35.66490114897578,8.992299990495667e-05,0.012768035499902908,1
v0-bh50,Easynet-r1,Easynet,B0,15,40,2,0.05,15,4,0.26666666666666666,35.66490114897578,8.992299990495667e-05,0.012768035499902908,1
v0-bh50,Easynet-r1,Easynet,B0,16,40,2,0.05,15,4,0.26666666666666666,35.66490114897578,8.992299990495667e-05,0.012768035499902908,1
v0-bh50,Easynet-r1,Easynet,B0,17,40,2,0.05,15,4,0.26666666666666666,35.66490114897578,8.992299990495667e-05,0.012768035499902908,1
v0-bh50,Easynet-r1,Easynet,B0,18,40,2,0.05,15,4,0.26666666666666666,35.66490114897578,8.992299990495667e-05,0.012768035499902908,1
v0-bh50,Easynet-r1,Easynet,B0,19,40,2,0.05,15,4,0.26666666666666666,35.66490114897578,8.992299990495667e-05,0.012768035499902908,1
v0-bh50,Easynet-r1,Easynet,B0,20,40,2,0.05,15,4,0.26666666666666666,35.66490114897578,8.992299990495667e-05,0.012768035499902908,1
v0-bh50,Easynet-r1,Easynet,B0,21,40,2,0.05,15,4,0.26666666666666666,35.66490114897578,8.992299990495667e-05,0.012768035499902908,1
v0-bh50,Easynet-r1,Easynet,B0,22,40,2,0.05,15,4,0.26666666666666666,35.66490114897578,8.992299990495667e-05,0.012768035499902908,1
v0-bh50,Easynet-r1,Easynet,B0,23,40,2,0.05,15,4,0.26666666666666666,35.66490114897578,8.992299990495667e-05,0.012768035499902908,1
v0-bh50,Easynet-r1,Easynet,B0,24,40,2,0.05,15,4,0.26666666666666666,35.66490114897578,8.992299990495667e-05,0.012768035499902908,1
v0-bh50,Easynet-r1,Easynet,B0,25,40,2,0.05,15,4,0.26666666666666666,35.66490114897578,8.992299990495667e-05,0.012768035499902908,1
v0-bh50,Easynet-r1,Easynet,B0,26,40,2,0.05,15,4,0.26666666666666666,35.66490114897578,8.992299990495667e-05,0.012768035499902908,1
v0-bh50,Easynet-r1,Easynet,B0,27,40,2,0.05,15,4,0.26666666666666666,35.66490114897578,8.992299990495667e-05,0.012768035499902908,1
v0-bh50,Easynet-r1,Easynet,B0,28,40,2,0.05,15,4,0.26666666666666666,35.66490114897578,8.992299990495667e-05,0.012768035499902908,1
v0-bh50,Easynet-r1,Easynet,B0,29,40,2,0.05,15,4,0.26666666666666666,35.66490114897578,8.992299990495667e-05,0.012768035499902908,1
v0-bh50,Easynet-r1,Easynet,B1,0,40,5,0.125,15,15,1.0,32.85448256132078,0.1235679299934418,0.017500307766507225,1
v0-bh50,Easynet-r1,Easynet,B1,1,40,8,0.2,15,15,1.0,30.46869063430673,0.1235679299934418,0.017500307766507225,1
v0-bh50,Easynet-r1,Easynet,B1,2,40,6,0.15,15,15,1.0,33.049112586102034,0.1235679299934418,0.017500307766507225,1
v0-bh50,Easynet-r1,Easynet,B1,3,40,4,0.1,15,15,1.0,34.932292705579044,0.1235679299934418,0.017500307766507225,1
v0-bh50,Easynet-r1,Easynet,B1,4,40,7,0.175,15,15,1.0,32.4450076332778,0.1235679299934418,0.017500307766507225,1
v0-bh50,Easynet-r1,Easynet,B1,5,40,6,0.15,15,15,1.0,33.212305645632114,0.1235679299934418,0.017500307766507225,1
v0-bh50,Easynet-r1,Easynet,B1,6,40,7,0.175,15,15,1.0,31.899467567446948,0.1235679299934418,0.017500307766507225,1
v0-bh50,Easynet-r1,Easynet,B1,7,40,5,0.125,15,15,1.0,34.544348525258144,0.1235679299934418,0.017500307766507225,1
v0-bh50,Easynet-r1,Easynet,B1,8,40,7,0.175,15,15,1.0,32.12022722108498,0.1235679299934418,0.017500307766507225,1
v0-bh50,Easynet-r1,Easynet,B1,9,40,7,0.175,15,15,1.0,32.875216824234045,0.1235679299934418,0.017500307766507225,1
v0-bh50,Easynet-r1,Easynet,B1,10,40,4,0.1,15,15,1.0,34.77697735992125,0.1235679299934418,0.017500307766507225,1
v0-bh50,Easynet-r1,Easynet,B1,11,40,6,0.15,15,15,1.0,33.04216864189055,0.1235679299934418,0.017500307766507225,1
v0-bh50,Easynet-r1,Easynet,B1,12,40,6,0.15,15,15,1.0,33.092706871981946,0.1235679299934418,0.017500307766507225,1
v0-bh50,Easynet-r1,Easynet,B1,13,40,6,0.15,15,15,1.0,33.02020439985089,0.1235679299934418,0.017500307766507225,1
v0-bh50,Easynet-r1,Easynet,B1,14,40,8,0.2,15,15,1.0,31.64156129330002,0.1235679299934418,0.017500307766507225,1
v0-bh50,Easynet-r1,Easynet,B1,15,40,6,0.15,15,15,1.0,32.283105630773115,0.1235679299934418,0.017500307766507225,1
v0-bh50,Easynet-r1,Easynet,B1,16,40,6,0.15,15,15,1.0,33.09310414759067,0.1235679299934418,0.017500307766507225,1
v0-bh50,Easynet-r1,Easynet,B1,17,40,7,0.175,15,15,1.0,31.473841496175556,0.1235679299934418,0.017500307766507225,1
v0-bh50,Easynet-r1,Easynet,B1,18,40,4,0.1,15,15,1.0,33.74437722594337,0.1235679299934418,0.017500307766507225,1
v0-bh50,Easynet-r1,Easynet,B1,19,40,5,0.125,15,15,1.0,33.40014269400931,0.1235679299934418,0.017500307766507225,1
v0-bh50,Easynet-r1,Easynet,B1,20,40,3,0.075,15,15,1.0,35.302838988505535,0.1235679299934418,0.017500307766507225,1
v0-bh50,Easynet-r1,Easynet,B1,21,40,7,0.175,15,15,1.0,30.480956419907688,0.1235679299934418,0.017500307766507225,1
v0-bh50,Easynet-r1,Easynet,B1,22,40,7,0.175,15,15,1.0,31.82852430055362,0.1235679299934418,0.017500307766507225,1
v0-bh50,Easynet-r1,Easynet,B1,23,40,4,0.1,15,15,1.0,33.77553654771757,0.1235679299934418,0.017500307766507225,1
v0-bh50,Easynet-r1,Easynet,B1,24,40,7,0.175,15,15,1.0,32.258727279872836,0.1235679299934418,0.017500307766507225,1
v0-bh50,Easynet-r1,Easynet,B1,25,40,8,0.2,15,15,1.0,31.741841537397335,0.1235679299934418,0.017500307766507225,1
v0-bh50,Easynet-r1,Easynet,B1,26,40,7,0.175,15,15,1.0,31.9652369480204,0.1235679299934418,0.017500307766507225,1
v0-bh50,Easynet-r1,Easynet,B1,27,40,6,0.15,15,15,1.0,31.976531948782217,0.1235679299934418,0.017500307766507225,1
v0-bh50,Easynet-r1,Easynet,B1,28,40,4,0.1,15,15,1.0,35.942996866057584,0.1235679299934418,0.017500307766507225,1
v0-bh50,Easynet-r1,Easynet,B1,29,40,6,0.15,15,15,1.0,32.87144994457501,0.1235679299934418,0.017500307766507225,1
v0-bh50,Easynet-r2,Easynet,B0,0,40,1,0.025,15,1,0.06666666666666667,38.05014837116324,0.00014806899707764387,0.013005677166559811,1
v0-bh50,Easynet-r2,Easynet,B0,1,40,1,0.025,15,1,0.06666666666666667,38.05014837116324,0.00014806899707764387,0.013005677166559811,1
v0-bh50,Easynet-r2,Easynet,B0,2,40,1,0.025,15,1,0.06666666666666667,38.05014837116324,0.00014806899707764387,0.013005677166559811,1
v0-bh50,Easynet-r2,Easynet,B0,3,40,1,0.025,15,1,0.06666666666666667,38.05014837116324,0.00014806899707764387,0.013005677166559811,1
v0-bh50,Easynet-r2,Easynet,B0,4,40,1,0.025,15,1,0.06666666666666667,38.05014837116324,0.00014806899707764387,0.013005677166559811,1
v0-bh50,Easynet-r2,Easynet,B0,5,40,1,0.025,15,1,0.06666666666666667,38.05014837116324,0.00014806899707764387,0.013005677166559811,1
v0-bh50,Easynet-r2,Easynet,B0,6,40,1,0.025,15,1,0.06666666666666667,38.05014837116324,0.00014806899707764387,0.013005677166559811,1
v0-bh50,Easynet-r2,Easynet,B0,7,40,1,0.025,15,1,0.06666666666666667,38.05014837116324,0.00014806899707764387,0.013005677166559811,1
v0-bh50,Easynet-r2,Easynet,B0,8,40,1,0.025,15,1,0.06666666666666667,38.05014837116324,0.00014806899707764387,0.013005677166559811,1
v0-bh50,Easynet-r2,Easynet,B0,9,40,1,0.025,15,1,0.06666666666666667,38.05014837116324,0.00014806899707764387,0.013005677166559811,1
v0-bh50,Easynet-r2,Easynet,B0,10,40,1,0.025,15,1,0.06666666666666667,38.05014837116324,0.00014806899707764387,0.013005677166559811,1
v0-bh50,Easynet-r2,Easynet,B0,11,40,1,0.025,15,1,0.06666666666666667,38.05014837116324,0.00014806899707764387,0.013005677166559811,1
v0-bh50,Easynet-r2,Easynet,B0,12,40,1,0.025,15,1,0.06666666666666667,38.05014837116324,0.00014806899707764387,0.013005677166559811,1
v0-bh50,Easynet-r2,Easynet,B0,13,40,1,0.025,15,1,0.06666666666666667,38.05014837116324,0.00014806899707764387,0.013005677166559811,1
v0-bh50,Easynet-r2,Easynet,B0,14,40,1,0.025,15,1,0.06666666666666667,38.05014837116324,0.00014806899707764387,0.013005677166559811,1
v0-bh50,Easynet-r2,Easynet,B0,15,40,1,0.025,15,1,0.06666666666666667,38.05014837116324,0.00014806899707764387,0.013005677166559811,1
v0-bh50,Easynet-r2,Easynet,B0,16,40,1,0.025,15,1,0.06666666666666667,38.05014837116324,0.00014806899707764387,0.013005677166559811,1
v0-bh50,Easynet-r2,Easynet,B0,17,40,1,0.025,15,1,0.06666666666666667,38.05014837116324,0.00014806899707764387,0.013005677166559811,1
v0-bh50,Easynet-r2,Easynet,B0,18,40,1,0.025,15,1,0.06666666666666667,38.05014837116324,0.00014806899707764387,0.013005677166559811,1
v0-bh50,Easynet-r2,Easynet,B0,19,40,1,0.025,15,1,0.06666666666666667,38.05014837116324,0.00014806899707764387,0.013005677166559811,1
v0-bh50,Easynet-r2,Easynet,B0,20,40,1,0.025,15,1,0.06666666666666667,38.05014837116324,0.00014806899707764387,0.013005677166559811,1
v0-bh50,Easynet-r2,Easynet,B0,21,40,1,0.025,15,1,0.06666666666666667,38.05014837116324,0.00014806899707764387,0.013005677166559811,1
v0-bh50,Easynet-r2,Easynet,B0,22,40,1,0.025,15,1,0.06666666666666667,38.05014837116324,0.00014806899707764387,0.013005677166559811,1
v0-bh50,Easynet-r2,Easynet,B0,23,40,1,0.025,15,1,0.06666666666666667,38.05014837116324,0.00014806899707764387,0.013005677166559811,1
v0-bh50,Easynet-r2,Easynet,B0,24,40,1,0.025,15,1,0.06666666666666667,38.05014837116324,0.00014806899707764387,0.013005677166559811,1
v0-bh50,Easynet-r2,Easynet,B0,25,40,1,0.025,15,1,0.06666666666666667,38.05014837116324,0.00014806899707764387,0.013005677166559811,1
v0-bh50,Easynet-r2,Easynet,B0,26,40,1,0.025,15,1,0.06666666666666667,38.05014837116324,0.00014806899707764387,0.013005677166559811,1
v0-bh50,Easynet-r2,Easynet,B0,27,40,1,0.025,15,1,0.06666666666666667,38.05014837116324,0.00014806899707764387,0.013005677166559811,1
v0-bh50,Easynet-r2,Easynet,B0,28,40,1,0.025,15,1,0.06666666666666667,38.05014837116324,0.00014806899707764387,0.013005677166559811,1
v0-bh50,Easynet-r2,Easynet,B0,29,40,1,0.025,15,1,0.06666666666666667,38.05014837116324,0.00014806899707764387,0.013005677166559811,1
v0-bh50,Easynet-r2,Easynet,B1,0,40,4,0.1,15,15,1.0,36.0,0.1673490229950403,0.014591885833457734,1
v0-bh50,Easynet-r2,Easynet,B1,1,40,4,0.1,15,15,1.0,36.0,0.1673490229950403,0.014591885833457734,1
v0-bh50,Easynet-r2,Easynet,B1,2,40,4,0.1,15,15,1.0,36.0,0.1673490229950403,0.014591885833457734,1
v0-bh50,Easynet-r2,Easynet,B1,3,40,4,0.1,15,15,1.0,36.0,0.1673490229950403,0.014591885833457734,1
v0-bh50,Easynet-r2,Easynet,B1,4,40,4,0.1,15,15,1.0,36.0,0.1673490229950403,0.014591885833457734,1
v0-bh50,Easynet-r2,Easynet,B1,5,40,4,0.1,15,15,1.0,36.0,0.1673490229950403,0.014591885833457734,1
v0-bh50,Easynet-r2,Easynet,B1,6,40,4,0.1,15,15,1.0,36.0,0.1673490229950403,0.014591885833457734,1
v0-bh50,Easynet-r2,Easynet,B1,7,40,4,0.1,15,15,1.0,36.0,0.1673490229950403,0.014591885833457734,1
v0-bh50,Easynet-r2,Easynet,B1,8,40,4,0.1,15,15,1.0,36.0,0.1673490229950403,0.014591885833457734,1
v0-bh50,Easynet-r2,Easynet,B1,9,40,4,0.1,15,15,1.0,36.0,0.1673490229950403,0.014591885833457734,1
v0-bh50,Easynet-r2,Easynet,B1,10,40,4,0.1,15,15,1.0,36.0,0.1673490229950403,0.014591885833457734,1
v0-bh50,Easynet-r2,Easynet,B1,11,40,4,0.1,15,15,1.0,36.0,0.1673490229950403,0.014591885833457734,1
v0-bh50,Easynet-r2,Easynet,B1,12,40,4,0.1,15,15,1.0,36.0,0.1673490229950403,0.014591885833457734,1
v0-bh50,Easynet-r2,Easynet,B1,13,40,4,0.1,15,15,1.0,36.0,0.1673490229950403,0.014591885833457734,1
v0-bh50,Easynet-r2,Easynet,B1,14,40,4,0.1,15,15,1.0,36.0,0.1673490229950403,0.014591885833457734,1
v0-bh50,Easynet-r2,Easynet,B1,15,40,3,0.075,15,15,1.0,36.74176315393061,0.1673490229950403,0.014591885833457734,1
v0-bh50,Easynet-r2,Easynet,B1,16,40,4,0.1,15,15,1.0,36.0,0.1673490229950403,0.014591885833457734,1
v0-bh50,Easynet-r2,Easynet,B1,17,40,4,0.1,15,15,1.0,36.0,0.1673490229950403,0.014591885833457734,1
v0-bh50,Easynet-r2,Easynet,B1,18,40,4,0.1,15,15,1.0,36.0,0.1673490229950403,0.014591885833457734,1
v0-bh50,Easynet-r2,Easynet,B1,19,40,4,0.1,15,15,1.0,36.0,0.1673490229950403,0.014591885833457734,1
v0-bh50,Easynet-r2,Easynet,B1,20,40,4,0.1,15,15,1.0,36.0,0.1673490229950403,0.014591885833457734,1
v0-bh50,Easynet-r2,Easynet,B1,21,40,3,0.075,15,15,1.0,36.499435784278575,0.1673490229950403,0.014591885833457734,1
v0-bh50,Easynet-r2,Easynet,B1,22,40,4,0.1,15,15,1.0,36.0,0.1673490229950403,0.014591885833457734,1
v0-bh50,Easynet-r2,Easynet,B1,23,40,4,0.1,15,15,1.0,36.0,0.1673490229950403,0.014591885833457734,1
v0-bh50,Easynet-r2,Easynet,B1,24,40,4,0.1,15,15,1.0,36.0,0.1673490229950403,0.014591885833457734,1
v0-bh50,Easynet-r2,Easynet,B1,25,40,4,0.1,15,15,1.0,36.0,0.1673490229950403,0.014591885833457734,1
v0-bh50,Easynet-r2,Easynet,B1,26,40,4,0.1,15,15,1.0,36.0,0.1673490229950403,0.014591885833457734,1
v0-bh50,Easynet-r2,Easynet,B1,27,40,4,0.1,15,15,1.0,36.0,0.1673490229950403,0.014591885833457734,1
v0-bh50,Easynet-r2,Easynet,B1,28,40,4,0.1,15,15,1.0,36.0,0.1673490229950403,0.014591885833457734,1
v0-bh50,Easynet-r2,Easynet,B1,29,40,4,0.1,15,15,1.0,36.0,0.1673490229950403,0.014591885833457734,1
v0-bh50,Garr200112-r0,Garr200112,B0,0,40,16,0.4,15,9,0.6,19.974095597581865,0.00011528799950610846,0.03152199033332484,1
v0-bh50,Garr200112-r0,Garr200112,B0,1,40,16,0.4,15,9,0.6,19.974095597581865,0.00011528799950610846,0.03152199033332484,1
v0-bh50,Garr200112-r0,Garr200112,B0,2,40,16,0.4,15,9,0.6,19.974095597581865,0.00011528799950610846,0.03152199033332484,1
v0-bh50,Garr200112-r0,Garr200112,B0,3,40,16,0.4,15,9,0.6,19.974095597581865,0.00011528799950610846,0.03152199033332484,1
v0-bh50,Garr200112-r0,Garr200112,B0,4,40,16,0.4,15,9,0.6,19.974095597581865,0.00011528799950610846,0.03152199033332484,1
v0-bh50,Garr200112-r0,Garr200112,B0,5,40,16,0.4,15,9,0.6,19.974095597581865,0.00011528799950610846,0.03152199033332484,1
v0-bh50,Garr200112-r0,Garr200112,B0,6,40,16,0.4,15,9,0.6,19.974095597581865,0.00011528799950610846,0.03152199033332484,1
v0-bh50,Garr200112-r0,Garr200112,B0,7,40,16,0.4,15,9,0.6,19.974095597581865,0.00011528799950610846,0.03152199033332484,1
v0-bh50,Garr200112-r0,Garr200112,B0,8,40,16,0.4,15,9,0.6,19.974095597581865,0.00011528799950610846,0.03152199033332484,1
v0-bh50,Garr200112-r0,Garr200112,B0,9,40,16,0.4,15,9,0.6,19.974095597581865,0.00011528799950610846,0.03152199033332484,1
v0-bh50,Garr200112-r0,Garr200112,B0,10,40,16,0.4,15,9,0.6,19.974095597581865,0.00011528799950610846,0.03152199033332484,1
v0-bh50,Garr200112-r0,Garr200112,B0,11,40,16,0.4,15,9,0.6,19.974095597581865,0.00011528799950610846,0.03152199033332484,1
v0-bh50,Garr200112-r0,Garr200112,B0,12,40,16,0.4,15,9,0.6,19.974095597581865,0.00011528799950610846,0.03152199033332484,1
v0-bh50,Garr200112-r0,Garr200112,B0,13,40,16,0.4,15,9,0.6,19.974095597581865,0.00011528799950610846,0.03152199033332484,1
v0-bh50,Garr200112-r0,Garr200112,B0,14,40,16,0.4,15,9,0.6,19.974095597581865,0.00011528799950610846,0.03152199033332484,1
v0-bh50,Garr200112-r0,Garr200112,B0,15,40,16,0.4,15,9,0.6,19.974095597581865,0.00011528799950610846,0.03152199033332484,1
v0-bh50,Garr200112-r0,Garr200112,B0,16,40,16,0.4,15,9,0.6,19.974095597581865,0.00011528799950610846,0.03152199033332484,1
v0-bh50,Garr200112-r0,Garr200112,B0,17,40,16,0.4,15,9,0.6,19.974095597581865,0.00011528799950610846,0.03152199033332484,1
v0-bh50,Garr200112-r0,Garr200112,B0,18,40,16,0.4,15,9,0.6,19.974095597581865,0.00011528799950610846,0.03152199033332484,1
v0-bh50,Garr200112-r0,Garr200112,B0,19,40,16,0.4,15,9,0.6,19.974095597581865,0.00011528799950610846,0.03152199033332484,1
v0-bh50,Garr200112-r0,Garr200112,B0,20,40,16,0.4,15,9,0.6,19.974095597581865,0.00011528799950610846,0.03152199033332484,1
v0-bh50,Garr200112-r0,Garr200112,B0,21,40,16,0.4,15,9,0.6,19.974095597581865,0.00011528799950610846,0.03152199033332484,1
v0-bh50,Garr200112-r0,Garr200112,B0,22,40,16,0.4,15,9,0.6,19.974095597581865,0.00011528799950610846,0.03152199033332484,1
v0-bh50,Garr200112-r0,Garr200112,B0,23,40,16,0.4,15,9,0.6,19.974095597581865,0.00011528799950610846,0.03152199033332484,1
v0-bh50,Garr200112-r0,Garr200112,B0,24,40,16,0.4,15,9,0.6,19.974095597581865,0.00011528799950610846,0.03152199033332484,1
v0-bh50,Garr200112-r0,Garr200112,B0,25,40,16,0.4,15,9,0.6,19.974095597581865,0.00011528799950610846,0.03152199033332484,1
v0-bh50,Garr200112-r0,Garr200112,B0,26,40,16,0.4,15,9,0.6,19.974095597581865,0.00011528799950610846,0.03152199033332484,1
v0-bh50,Garr200112-r0,Garr200112,B0,27,40,16,0.4,15,9,0.6,19.974095597581865,0.00011528799950610846,0.03152199033332484,1
v0-bh50,Garr200112-r0,Garr200112,B0,28,40,16,0.4,15,9,0.6,19.974095597581865,0.00011528799950610846,0.03152199033332484,1
v0-bh50,Garr200112-r0,Garr200112,B0,29,40,16,0.4,15,9,0.6,19.974095597581865,0.00011528799950610846,0.03152199033332484,1
v0-bh50,Garr200112-r0,Garr200112,B1,0,40,19,0.475,15,15,1.0,18.52053648992205,0.11580071599746589,0.025741368466697168,1
v0-bh50,Garr200112-r0,Garr200112,B1,1,40,18,0.45,15,15,1.0,19.237355645559713,0.11580071599746589,0.025741368466697168,1
v0-bh50,Garr200112-r0,Garr200112,B1,2,40,17,0.425,15,15,1.0,20.297495047049257,0.11580071599746589,0.025741368466697168,1
v0-bh50,Garr200112-r0,Garr200112,B1,3,40,20,0.5,15,15,1.0,18.322497343490046,0.11580071599746589,0.025741368466697168,1
v0-bh50,Garr200112-r0,Garr200112,B1,4,40,17,0.425,15,15,1.0,20.393692861953124,0.11580071599746589,0.025741368466697168,1
v0-bh50,Garr200112-r0,Garr200112,B1,5,40,17,0.425,15,15,1.0,19.80251075499017,0.11580071599746589,0.025741368466697168,1
v0-bh50,Garr200112-r0,Garr200112,B1,6,40,17,0.425,15,15,1.0,18.96604239757245,0.11580071599746589,0.025741368466697168,1
v0-bh50,Garr200112-r0,Garr200112,B1,7,40,16,0.4,15,15,1.0,20.96763704970798,0.11580071599746589,0.025741368466697168,1
v0-bh50,Garr200112-r0,Garr200112,B1,8,40,17,0.425,15,15,1.0,19.933122216902394,0.11580071599746589,0.025741368466697168,1
v0-bh50,Garr200112-r0,Garr200112,B1,9,40,19,0.475,15,15,1.0,18.968383229256414,0.11580071599746589,0.025741368466697168,1
v0-bh50,Garr200112-r0,Garr200112,B1,10,40,17,0.425,15,15,1.0,20.211906891005647,0.11580071599746589,0.025741368466697168,1
v0-bh50,Garr200112-r0,Garr200112,B1,11,40,17,0.425,15,15,1.0,19.015878620979368,0.11580071599746589,0.025741368466697168,1
v0-bh50,Garr200112-r0,Garr200112,B1,12,40,16,0.4,15,15,1.0,20.262972236428787,0.11580071599746589,0.025741368466697168,1
v0-bh50,Garr200112-r0,Garr200112,B1,13,40,17,0.425,15,15,1.0,19.290297055175394,0.11580071599746589,0.025741368466697168,1
v0-bh50,Garr200112-r0,Garr200112,B1,14,40,17,0.425,15,15,1.0,19.609539090389724,0.11580071599746589,0.025741368466697168,1
v0-bh50,Garr200112-r0,Garr200112,B1,15,40,18,0.45,15,15,1.0,18.38154716521308,0.11580071599746589,0.025741368466697168,1
v0-bh50,Garr200112-r0,Garr200112,B1,16,40,17,0.425,15,15,1.0,20.30744479770578,0.11580071599746589,0.025741368466697168,1
v0-bh50,Garr200112-r0,Garr200112,B1,17,40,18,0.45,15,15,1.0,18.892444267615726,0.11580071599746589,0.025741368466697168,1
v0-bh50,Garr200112-r0,Garr200112,B1,18,40,18,0.45,15,15,1.0,19.520676747344133,0.11580071599746589,0.025741368466697168,1
v0-bh50,Garr200112-r0,Garr200112,B1,19,40,17,0.425,15,15,1.0,19.208447572345364,0.11580071599746589,0.025741368466697168,1
v0-bh50,Garr200112-r0,Garr200112,B1,20,40,17,0.425,15,15,1.0,19.83147570893708,0.11580071599746589,0.025741368466697168,1
v0-bh50,Garr200112-r0,Garr200112,B1,21,40,18,0.45,15,15,1.0,19.893958199156174,0.11580071599746589,0.025741368466697168,1
v0-bh50,Garr200112-r0,Garr200112,B1,22,40,19,0.475,15,15,1.0,18.361858625766402,0.11580071599746589,0.025741368466697168,1
v0-bh50,Garr200112-r0,Garr200112,B1,23,40,16,0.4,15,15,1.0,20.73587857745611,0.11580071599746589,0.025741368466697168,1
v0-bh50,Garr200112-r0,Garr200112,B1,24,40,17,0.425,15,15,1.0,19.377179475217215,0.11580071599746589,0.025741368466697168,1
v0-bh50,Garr200112-r0,Garr200112,B1,25,40,19,0.475,15,15,1.0,18.55954654972167,0.11580071599746589,0.025741368466697168,1
v0-bh50,Garr200112-r0,Garr200112,B1,26,40,18,0.45,15,15,1.0,18.730395547508852,0.11580071599746589,0.025741368466697168,1
v0-bh50,Garr200112-r0,Garr200112,B1,27,40,17,0.425,15,15,1.0,19.98925589161415,0.11580071599746589,0.025741368466697168,1
v0-bh50,Garr200112-r0,Garr200112,B1,28,40,18,0.45,15,15,1.0,19.154218448524084,0.11580071599746589,0.025741368466697168,1
v0-bh50,Garr200112-r0,Garr200112,B1,29,40,17,0.425,15,15,1.0,19.637004962205467,0.11580071599746589,0.025741368466697168,1
v0-bh50,Garr200112-r1,Garr200112,B0,0,40,15,0.375,15,8,0.5333333333333333,22.676756984606307,0.00011298800382064655,0.024228600066756676,1
v0-bh50,Garr200112-r1,Garr200112,B0,1,40,15,0.375,15,8,0.5333333333333333,22.676756984606307,0.00011298800382064655,0.024228600066756676,1
v0-bh50,Garr200112-r1,Garr200112,B0,2,40,15,0.375,15,8,0.5333333333333333,22.676756984606307,0.00011298800382064655,0.024228600066756676,1
v0-bh50,Garr200112-r1,Garr200112,B0,3,40,15,0.375,15,8,0.5333333333333333,22.676756984606307,0.00011298800382064655,0.024228600066756676,1
v0-bh50,Garr200112-r1,Garr200112,B0,4,40,15,0.375,15,8,0.5333333333333333,22.676756984606307,0.00011298800382064655,0.024228600066756676,1
v0-bh50,Garr200112-r1,Garr200112,B0,5,40,15,0.375,15,8,0.5333333333333333,22.676756984606307,0.00011298800382064655,0.024228600066756676,1
v0-bh50,Garr200112-r1,Garr200112,B0,6,40,15,0.375,15,8,0.5333333333333333,22.676756984606307,0.00011298800382064655,0.024228600066756676,1
v0-bh50,Garr200112-r1,Garr200112,B0,7,40,15,0.375,15,8,0.5333333333333333,22.676756984606307,0.00011298800382064655,0.024228600066756676,1
v0-bh50,Garr200112-r1,Garr200112,B0,8,40,15,0.375,15,8,0.5333333333333333,22.676756984606307,0.00011298800382064655,0.024228600066756676,1
v0-bh50,Garr200112-r1,Garr200112,B0,9,40,15,0.375,15,8,0.5333333333333333,22.676756984606307,0.00011298800382064655,0.024228600066756676,1
v0-bh50,Garr200112-r1,Garr200112,B0,10,40,15,0.375,15,8,0.5333333333333333,22.676756984606307,0.00011298800382064655,0.024228600066756676,1
v0-bh50,Garr200112-r1,Garr200112,B0,11,40,15,0.375,15,8,0.5333333333333333,22.676756984606307,0.00011298800382064655,0.024228600066756676,1
v0-bh50,Garr200112-r1,Garr200112,B0,12,40,15,0.375,15,8,0.5333333333333333,22.676756984606307,0.00011298800382064655,0.024228600066756676,1
v0-bh50,Garr200112-r1,Garr200112,B0,13,40,15,0.375,15,8,0.5333333333333333,22.676756984606307,0.00011298800382064655,0.024228600066756676,1
v0-bh50,Garr200112-r1,Garr200112,B0,14,40,15,0.375,15,8,0.5333333333333333,22.676756984606307,0.00011298800382064655,0.024228600066756676,1
v0-bh50,Garr200112-r1,Garr200112,B0,15,40,15,0.375,15,8,0.5333333333333333,22.676756984606307,0.00011298800382064655,0.024228600066756676,1
v0-bh50,Garr200112-r1,Garr200112,B0,16,40,15,0.375,15,8,0.5333333333333333,22.676756984606307,0.00011298800382064655,0.024228600066756676,1
v0-bh50,Garr200112-r1,Garr200112,B0,17,40,15,0.375,15,8,0.5333333333333333,22.676756984606307,0.00011298800382064655,0.024228600066756676,1
v0-bh50,Garr200112-r1,Garr200112,B0,18,40,15,0.375,15,8,0.5333333333333333,22.676756984606307,0.00011298800382064655,0.024228600066756676,1
v0-bh50,Garr200112-r1,Garr200112,B0,19,40,15,0.375,15,8,0.5333333333333333,22.676756984606307,0.00011298800382064655,0.024228600066756676,1
v0-bh50,Garr200112-r1,Garr200112,B0,20,40,15,0.375,15,8,0.5333333333333333,22.676756984606307,0.00011298800382064655,0.024228600066756676,1
v0-bh50,Garr200112-r1,Garr200112,B0,21,40,15,0.375,15,8,0.5333333333333333,22.676756984606307,0.00011298800382064655,0.024228600066756676,1
v0-bh50,Garr200112-r1,Garr200112,B0,22,40,15,0.375,15,8,0.5333333333333333,22.676756984606307,0.00011298800382064655,0.024228600066756676,1
v0-bh50,Garr200112-r1,Garr200112,B0,23,40,15,0.375,15,8,0.5333333333333333,22.676756984606307,0.00011298800382064655,0.024228600066756676,1
v0-bh50,Garr200112-r1,Garr200112,B0,24,40,15,0.375,15,8,0.5333333333333333,22.676756984606307,0.00011298800382064655,0.024228600066756676,1
v0-bh50,Garr200112-r1,Garr200112,B0,25,40,15,0.375,15,8,0.5333333333333333,22.676756984606307,0.00011298800382064655,0.024228600066756676,1
v0-bh50,Garr200112-r1,Garr200112,B0,26,40,15,0.375,15,8,0.5333333333333333,22.676756984606307,0.00011298800382064655,0.024228600066756676,1
v0-bh50,Garr200112-r1,Garr200112,B0,27,40,15,0.375,15,8,0.5333333333333333,22.676756984606307,0.00011298800382064655,0.024228600066756676,1
v0-bh50,Garr200112-r1,Garr200112,B0,28,40,15,0.375,15,8,0.5333333333333333,22.676756984606307,0.00011298800382064655,0.024228600066756676,1
v0-bh50,Garr200112-r1,Garr200112,B0,29,40,15,0.375,15,8,0.5333333333333333,22.676756984606307,0.00011298800382064655,0.024228600066756676,1
v0-bh50,Garr200112-r1,Garr200112,B1,0,40,20,0.5,15,15,1.0,19.600775867255756,0.11896747400169261,0.028771233100026924,1
v0-bh50,Garr200112-r1,Garr200112,B1,1,40,21,0.525,15,15,1.0,17.659853098627174,0.11896747400169261,0.028771233100026924,1
v0-bh50,Garr200112-r1,Garr200112,B1,2,40,22,0.55,15,15,1.0,17.809065854219124,0.11896747400169261,0.028771233100026924,1
v0-bh50,Garr200112-r1,Garr200112,B1,3,40,20,0.5,15,15,1.0,17.882219330726585,0.11896747400169261,0.028771233100026924,1
v0-bh50,Garr200112-r1,Garr200112,B1,4,40,21,0.525,15,15,1.0,17.44085580634639,0.11896747400169261,0.028771233100026924,1
v0-bh50,Garr200112-r1,Garr200112,B1,5,40,22,0.55,15,15,1.0,17.572984124328183,0.11896747400169261,0.028771233100026924,1
v0-bh50,Garr200112-r1,Garr200112,B1,6,40,22,0.55,15,15,1.0,16.76145945317929,0.11896747400169261,0.028771233100026924,1
v0-bh50,Garr200112-r1,Garr200112,B1,7,40,21,0.525,15,15,1.0,18.104034583653785,0.11896747400169261,0.028771233100026924,1
v0-bh50,Garr200112-r1,Garr200112,B1,8,40,21,0.525,15,15,1.0,17.99534474622035,0.11896747400169261,0.028771233100026924,1
v0-bh50,Garr200112-r1,Garr200112,B1,9,40,21,0.525,15,15,1.0,18.14179754516464,0.11896747400169261,0.028771233100026924,1
v0-bh50,Garr200112-r1,Garr200112,B1,10,40,20,0.5,15,15,1.0,19.13348811807797,0.11896747400169261,0.028771233100026924,1
v0-bh50,Garr200112-r1,Garr200112,B1,11,40,21,0.525,15,15,1.0,17.464695671602566,0.11896747400169261,0.028771233100026924,1
v0-bh50,Garr200112-r1,Garr200112,B1,12,40,21,0.525,15,15,1.0,17.254945935666356,0.11896747400169261,0.028771233100026924,1
v0-bh50,Garr200112-r1,Garr200112,B1,13,40,21,0.525,15,15,1.0,18.827799554258725,0.11896747400169261,0.028771233100026924,1
v0-bh50,Garr200112-r1,Garr200112,B1,14,40,21,0.525,15,15,1.0,18.871812120344217,0.11896747400169261,0.028771233100026924,1
v0-bh50,Garr200112-r1,Garr200112,B1,15,40,21,0.525,15,15,1.0,17.83733915036542,0.11896747400169261,0.028771233100026924,1
v0-bh50,Garr200112-r1,Garr200112,B1,16,40,22,0.55,15,15,1.0,16.740352614427476,0.11896747400169261,0.028771233100026924,1
v0-bh50,Garr200112-r1,Garr200112,B1,17,40,23,0.575,15,15,1.0,16.459875166059707,0.11896747400169261,0.028771233100026924,1
v0-bh50,Garr200112-r1,Garr200112,B1,18,40,21,0.525,15,15,1.0,18.369153006266238,0.11896747400169261,0.028771233100026924,1
v0-bh50,Garr200112-r1,Garr200112,B1,19,40,21,0.525,15,15,1.0,17.9850397846982,0.11896747400169261,0.028771233100026924,1
v0-bh50,Garr200112-r1,Garr200112,B1,20,40,21,0.525,15,15,1.0,17.86677107816372,0.11896747400169261,0.028771233100026924,1
v0-bh50,Garr200112-r1,Garr200112,B1,21,40,21,0.525,15,15,1.0,18.012944840591118,0.11896747400169261,0.028771233100026924,1
v0-bh50,Garr200112-r1,Garr200112,B1,22,40,21,0.525,15,15,1.0,18.034226843148517,0.11896747400169261,0.028771233100026924,1
v0-bh50,Garr200112-r1,Garr200112,B1,23,40,22,0.55,15,15,1.0,17.3068782218636,0.11896747400169261,0.028771233100026924,1
v0-bh50,Garr200112-r1,Garr200112,B1,24,40,20,0.5,15,15,1.0,17.49221258495862,0.11896747400169261,0.028771233100026924,1
v0-bh50,Garr200112-r1,Garr200112,B1,25,40,20,0.5,15,15,1.0,18.05886368343976,0.11896747400169261,0.028771233100026924,1
v0-bh50,Garr200112-r1,Garr200112,B1,26,40,20,0.5,15,15,1.0,18.266803879765217,0.11896747400169261,0.028771233100026924,1
v0-bh50,Garr200112-r1,Garr200112,B1,27,40,21,0.525,15,15,1.0,18.10850940115281,0.11896747400169261,0.028771233100026924,1
v0-bh50,Garr200112-r1,Garr200112,B1,28,40,22,0.55,15,15,1.0,17.48009053495402,0.11896747400169261,0.028771233100026924,1
v0-bh50,Garr200112-r1,Garr200112,B1,29,40,20,0.5,15,15,1.0,19.13834309976916,0.11896747400169261,0.028771233100026924,1
v0-bh50,Garr200112-r2,Garr200112,B0,0,40,28,0.7,15,12,0.8,7.950282682666269,0.00010804499470395967,0.03983548326674888,1
v0-bh50,Garr200112-r2,Garr200112,B0,1,40,28,0.7,15,12,0.8,7.950282682666269,0.00010804499470395967,0.03983548326674888,1
v0-bh50,Garr200112-r2,Garr200112,B0,2,40,28,0.7,15,12,0.8,7.950282682666269,0.00010804499470395967,0.03983548326674888,1
v0-bh50,Garr200112-r2,Garr200112,B0,3,40,28,0.7,15,12,0.8,7.950282682666269,0.00010804499470395967,0.03983548326674888,1
v0-bh50,Garr200112-r2,Garr200112,B0,4,40,28,0.7,15,12,0.8,7.950282682666269,0.00010804499470395967,0.03983548326674888,1
v0-bh50,Garr200112-r2,Garr200112,B0,5,40,28,0.7,15,12,0.8,7.950282682666269,0.00010804499470395967,0.03983548326674888,1
v0-bh50,Garr200112-r2,Garr200112,B0,6,40,28,0.7,15,12,0.8,7.950282682666269,0.00010804499470395967,0.03983548326674888,1
v0-bh50,Garr200112-r2,Garr200112,B0,7,40,28,0.7,15,12,0.8,7.950282682666269,0.00010804499470395967,0.03983548326674888,1
v0-bh50,Garr200112-r2,Garr200112,B0,8,40,28,0.7,15,12,0.8,7.950282682666269,0.00010804499470395967,0.03983548326674888,1
v0-bh50,Garr200112-r2,Garr200112,B0,9,40,28,0.7,15,12,0.8,7.950282682666269,0.00010804499470395967,0.03983548326674888,1
v0-bh50,Garr200112-r2,Garr200112,B0,10,40,28,0.7,15,12,0.8,7.950282682666269,0.00010804499470395967,0.03983548326674888,1
v0-bh50,Garr200112-r2,Garr200112,B0,11,40,28,0.7,15,12,0.8,7.950282682666269,0.00010804499470395967,0.03983548326674888,1
v0-bh50,Garr200112-r2,Garr200112,B0,12,40,28,0.7,15,12,0.8,7.950282682666269,0.00010804499470395967,0.03983548326674888,1
v0-bh50,Garr200112-r2,Garr200112,B0,13,40,28,0.7,15,12,0.8,7.950282682666269,0.00010804499470395967,0.03983548326674888,1
v0-bh50,Garr200112-r2,Garr200112,B0,14,40,28,0.7,15,12,0.8,7.950282682666269,0.00010804499470395967,0.03983548326674888,1
v0-bh50,Garr200112-r2,Garr200112,B0,15,40,28,0.7,15,12,0.8,7.950282682666269,0.00010804499470395967,0.03983548326674888,1
v0-bh50,Garr200112-r2,Garr200112,B0,16,40,28,0.7,15,12,0.8,7.950282682666269,0.00010804499470395967,0.03983548326674888,1
v0-bh50,Garr200112-r2,Garr200112,B0,17,40,28,0.7,15,12,0.8,7.950282682666269,0.00010804499470395967,0.03983548326674888,1
v0-bh50,Garr200112-r2,Garr200112,B0,18,40,28,0.7,15,12,0.8,7.950282682666269,0.00010804499470395967,0.03983548326674888,1
v0-bh50,Garr200112-r2,Garr200112,B0,19,40,28,0.7,15,12,0.8,7.950282682666269,0.00010804499470395967,0.03983548326674888,1
v0-bh50,Garr200112-r2,Garr200112,B0,20,40,28,0.7,15,12,0.8,7.950282682666269,0.00010804499470395967,0.03983548326674888,1
v0-bh50,Garr200112-r2,Garr200112,B0,21,40,28,0.7,15,12,0.8,7.950282682666269,0.00010804499470395967,0.03983548326674888,1
v0-bh50,Garr200112-r2,Garr200112,B0,22,40,28,0.7,15,12,0.8,7.950282682666269,0.00010804499470395967,0.03983548326674888,1
v0-bh50,Garr200112-r2,Garr200112,B0,23,40,28,0.7,15,12,0.8,7.950282682666269,0.00010804499470395967,0.03983548326674888,1
v0-bh50,Garr200112-r2,Garr200112,B0,24,40,28,0.7,15,12,0.8,7.950282682666269,0.00010804499470395967,0.03983548326674888,1
v0-bh50,Garr200112-r2,Garr200112,B0,25,40,28,0.7,15,12,0.8,7.950282682666269,0.00010804499470395967,0.03983548326674888,1
v0-bh50,Garr200112-r2,Garr200112,B0,26,40,28,0.7,15,12,0.8,7.950282682666269,0.00010804499470395967,0.03983548326674888,1
v0-bh50,Garr200112-r2,Garr200112,B0,27,40,28,0.7,15,12,0.8,7.950282682666269,0.00010804499470395967,0.03983548326674888,1
v0-bh50,Garr200112-r2,Garr200112,B0,28,40,28,0.7,15,12,0.8,7.950282682666269,0.00010804499470395967,0.03983548326674888,1
v0-bh50,Garr200112-r2,Garr200112,B0,29,40,28,0.7,15,12,0.8,7.950282682666269,0.00010804499470395967,0.03983548326674888,1
v0-bh50,Garr200112-r2,Garr200112,B1,0,40,31,0.775,15,15,1.0,8.219301744247723,0.13404769000044325,0.038504200200016686,1
v0-bh50,Garr200112-r2,Garr200112,B1,1,40,31,0.775,15,15,1.0,8.220188692856713,0.13404769000044325,0.038504200200016686,1
v0-bh50,Garr200112-r2,Garr200112,B1,2,40,31,0.775,15,15,1.0,8.219956106445492,0.13404769000044325,0.038504200200016686,1
v0-bh50,Garr200112-r2,Garr200112,B1,3,40,30,0.75,15,15,1.0,8.773967950255678,0.13404769000044325,0.038504200200016686,1
v0-bh50,Garr200112-r2,Garr200112,B1,4,40,31,0.775,15,15,1.0,8.219731012727753,0.13404769000044325,0.038504200200016686,1
v0-bh50,Garr200112-r2,Garr200112,B1,5,40,31,0.775,15,15,1.0,8.219956106445492,0.13404769000044325,0.038504200200016686,1
v0-bh50,Garr200112-r2,Garr200112,B1,6,40,31,0.775,15,15,1.0,8.219301744247723,0.13404769000044325,0.038504200200016686,1
v0-bh50,Garr200112-r2,Garr200112,B1,7,40,31,0.775,15,15,1.0,8.219956106445492,0.13404769000044325,0.038504200200016686,1
v0-bh50,Garr200112-r2,Garr200112,B1,8,40,30,0.75,15,15,1.0,8.788433890923464,0.13404769000044325,0.038504200200016686,1
v0-bh50,Garr200112-r2,Garr200112,B1,9,40,31,0.775,15,15,1.0,8.219513014617595,0.13404769000044325,0.038504200200016686,1
v0-bh50,Garr200112-r2,Garr200112,B1,10,40,31,0.775,15,15,1.0,8.219956106445492,0.13404769000044325,0.038504200200016686,1
v0-bh50,Garr200112-r2,Garr200112,B1,11,40,31,0.775,15,15,1.0,8.219956106445492,0.13404769000044325,0.038504200200016686,1
v0-bh50,Garr200112-r2,Garr200112,B1,12,40,30,0.75,15,15,1.0,8.564680053420746,0.13404769000044325,0.038504200200016686,1
v0-bh50,Garr200112-r2,Garr200112,B1,13,40,31,0.775,15,15,1.0,8.219731012727753,0.13404769000044325,0.038504200200016686,1
v0-bh50,Garr200112-r2,Garr200112,B1,14,40,31,0.775,15,15,1.0,8.219731012727753,0.13404769000044325,0.038504200200016686,1
v0-bh50,Garr200112-r2,Garr200112,B1,15,40,31,0.775,15,15,1.0,8.220188692856713,0.13404769000044325,0.038504200200016686,1
v0-bh50,Garr200112-r2,Garr200112,B1,16,40,31,0.775,15,15,1.0,8.220188692856713,0.13404769000044325,0.038504200200016686,1
v0-bh50,Garr200112-r2,Garr200112,B1,17,40,31,0.775,15,15,1.0,8.219956106445492,0.13404769000044325,0.038504200200016686,1
v0-bh50,Garr200112-r2,Garr200112,B1,18,40,31,0.775,15,15,1.0,8.219956106445492,0.13404769000044325,0.038504200200016686,1
v0-bh50,Garr200112-r2,Garr200112,B1,19,40,31,0.775,15,15,1.0,8.219731012727753,0.13404769000044325,0.038504200200016686,1
v0-bh50,Garr200112-r2,Garr200112,B1,20,40,30,0.75,15,15,1.0,8.278428234631315,0.13404769000044325,0.038504200200016686,1
v0-bh50,Garr200112-r2,Garr200112,B1,21,40,30,0.75,15,15,1.0,8.676508268665494,0.13404769000044325,0.038504200200016686,1
v0-bh50,Garr200112-r2,Garr200112,B1,22,40,30,0.75,15,15,1.0,8.602961548092857,0.13404769000044325,0.038504200200016686,1
v0-bh50,Garr200112-r2,Garr200112,B1,23,40,31,0.775,15,15,1.0,8.219956106445492,0.13404769000044325,0.038504200200016686,1
v0-bh50,Garr200112-r2,Garr200112,B1,24,40,31,0.775,15,15,1.0,8.219731012727753,0.13404769000044325,0.038504200200016686,1
v0-bh50,Garr200112-r2,Garr200112,B1,25,40,31,0.775,15,15,1.0,8.219956106445492,0.13404769000044325,0.038504200200016686,1
v0-bh50,Garr200112-r2,Garr200112,B1,26,40,31,0.775,15,15,1.0,8.219731012727753,0.13404769000044325,0.038504200200016686,1
v0-bh50,Garr200112-r2,Garr200112,B1,27,40,31,0.775,15,15,1.0,8.219731012727753,0.13404769000044325,0.038504200200016686,1
v0-bh50,Garr200112-r2,Garr200112,B1,28,40,31,0.775,15,15,1.0,8.219513014617595,0.13404769000044325,0.038504200200016686,1
v0-bh50,Garr200112-r2,Garr200112,B1,29,40,31,0.775,15,15,1.0,8.219301744247723,0.13404769000044325,0.038504200200016686,1
v0-bh50,Garr200404-r0,Garr200404,B0,0,40,20,0.5,15,9,0.6,19.17355163235867,0.0001516799966339022,0.04004710246663308,1
v0-bh50,Garr200404-r0,Garr200404,B0,1,40,20,0.5,15,9,0.6,19.17355163235867,0.0001516799966339022,0.04004710246663308,1
v0-bh50,Garr200404-r0,Garr200404,B0,2,40,20,0.5,15,9,0.6,19.17355163235867,0.0001516799966339022,0.04004710246663308,1
v0-bh50,Garr200404-r0,Garr200404,B0,3,40,20,0.5,15,9,0.6,19.17355163235867,0.0001516799966339022,0.04004710246663308,1
v0-bh50,Garr200404-r0,Garr200404,B0,4,40,20,0.5,15,9,0.6,19.17355163235867,0.0001516799966339022,0.04004710246663308,1
v0-bh50,Garr200404-r0,Garr200404,B0,5,40,20,0.5,15,9,0.6,19.17355163235867,0.0001516799966339022,0.04004710246663308,1
v0-bh50,Garr200404-r0,Garr200404,B0,6,40,20,0.5,15,9,0.6,19.17355163235867,0.0001516799966339022,0.04004710246663308,1
v0-bh50,Garr200404-r0,Garr200404,B0,7,40,20,0.5,15,9,0.6,19.17355163235867,0.0001516799966339022,0.04004710246663308,1
v0-bh50,Garr200404-r0,Garr200404,B0,8,40,20,0.5,15,9,0.6,19.17355163235867,0.0001516799966339022,0.04004710246663308,1
v0-bh50,Garr200404-r0,Garr200404,B0,9,40,20,0.5,15,9,0.6,19.17355163235867,0.0001516799966339022,0.04004710246663308,1
v0-bh50,Garr200404-r0,Garr200404,B0,10,40,20,0.5,15,9,0.6,19.17355163235867,0.0001516799966339022,0.04004710246663308,1
v0-bh50,Garr200404-r0,Garr200404,B0,11,40,20,0.5,15,9,0.6,19.17355163235867,0.0001516799966339022,0.04004710246663308,1
v0-bh50,Garr200404-r0,Garr200404,B0,12,40,20,0.5,15,9,0.6,19.17355163235867,0.0001516799966339022,0.04004710246663308,1
v0-bh50,Garr200404-r0,Garr200404,B0,13,40,20,0.5,15,9,0.6,19.17355163235867,0.0001516799966339022,0.04004710246663308,1
v0-bh50,Garr200404-r0,Garr200404,B0,14,40,20,0.5,15,9,0.6,19.17355163235867,0.0001516799966339022,0.04004710246663308,1
v0-bh50,Garr200404-r0,Garr200404,B0,15,40,20,0.5,15,9,0.6,19.17355163235867,0.0001516799966339022,0.04004710246663308,1
v0-bh50,Garr200404-r0,Garr200404,B0,16,40,20,0.5,15,9,0.6,19.17355163235867,0.0001516799966339022,0.04004710246663308,1
v0-bh50,Garr200404-r0,Garr200404,B0,17,40,20,0.5,15,9,0.6,19.17355163235867,0.0001516799966339022,0.04004710246663308,1
v0-bh50,Garr200404-r0,Garr200404,B0,18,40,20,0.5,15,9,0.6,19.17355163235867,0.0001516799966339022,0.04004710246663308,1
v0-bh50,Garr200404-r0,Garr200404,B0,19,40,20,0.5,15,9,0.6,19.17355163235867,0.0001516799966339022,0.04004710246663308,1
v0-bh50,Garr200404-r0,Garr200404,B0,20,40,20,0.5,15,9,0.6,19.17355163235867,0.0001516799966339022,0.04004710246663308,1
v0-bh50,Garr200404-r0,Garr200404,B0,21,40,20,0.5,15,9,0.6,19.17355163235867,0.0001516799966339022,0.04004710246663308,1
v0-bh50,Garr200404-r0,Garr200404,B0,22,40,20,0.5,15,9,0.6,19.17355163235867,0.0001516799966339022,0.04004710246663308,1
v0-bh50,Garr200404-r0,Garr200404,B0,23,40,20,0.5,15,9,0.6,19.17355163235867,0.0001516799966339022,0.04004710246663308,1
v0-bh50,Garr200404-r0,Garr200404,B0,24,40,20,0.5,15,9,0.6,19.17355163235867,0.0001516799966339022,0.04004710246663308,1
v0-bh50,Garr200404-r0,Garr200404,B0,25,40,20,0.5,15,9,0.6,19.17355163235867,0.0001516799966339022,0.04004710246663308,1
v0-bh50,Garr200404-r0,Garr200404,B0,26,40,20,0.5,15,9,0.6,19.17355163235867,0.0001516799966339022,0.04004710246663308,1
v0-bh50,Garr200404-r0,Garr200404,B0,27,40,20,0.5,15,9,0.6,19.17355163235867,0.0001516799966339022,0.04004710246663308,1
v0-bh50,Garr200404-r0,Garr200404,B0,28,40,20,0.5,15,9,0.6,19.17355163235867,0.0001516799966339022,0.04004710246663308,1
v0-bh50,Garr200404-r0,Garr200404,B0,29,40,20,0.5,15,9,0.6,19.17355163235867,0.0001516799966339022,0.04004710246663308,1
v0-bh50,Garr200404-r0,Garr200404,B1,0,40,26,0.65,15,15,1.0,12.712780848425934,0.16078536399436416,0.04058786520011684,1
v0-bh50,Garr200404-r0,Garr200404,B1,1,40,24,0.6,15,15,1.0,13.884642212300367,0.16078536399436416,0.04058786520011684,1
v0-bh50,Garr200404-r0,Garr200404,B1,2,40,26,0.65,15,15,1.0,12.634178516253103,0.16078536399436416,0.04058786520011684,1
v0-bh50,Garr200404-r0,Garr200404,B1,3,40,24,0.6,15,15,1.0,15.229709249524833,0.16078536399436416,0.04058786520011684,1
v0-bh50,Garr200404-r0,Garr200404,B1,4,40,25,0.625,15,15,1.0,13.67578005971215,0.16078536399436416,0.04058786520011684,1
v0-bh50,Garr200404-r0,Garr200404,B1,5,40,26,0.65,15,15,1.0,13.242750176745139,0.16078536399436416,0.04058786520011684,1
v0-bh50,Garr200404-r0,Garr200404,B1,6,40,24,0.6,15,15,1.0,12.614849998648692,0.16078536399436416,0.04058786520011684,1
v0-bh50,Garr200404-r0,Garr200404,B1,7,40,25,0.625,15,15,1.0,12.662933079064187,0.16078536399436416,0.04058786520011684,1
v0-bh50,Garr200404-r0,Garr200404,B1,8,40,25,0.625,15,15,1.0,12.642137346540302,0.16078536399436416,0.04058786520011684,1
v0-bh50,Garr200404-r0,Garr200404,B1,9,40,26,0.65,15,15,1.0,12.637392744267292,0.16078536399436416,0.04058786520011684,1
v0-bh50,Garr200404-r0,Garr200404,B1,10,40,25,0.625,15,15,1.0,13.860945317349831,0.16078536399436416,0.04058786520011684,1
v0-bh50,Garr200404-r0,Garr200404,B1,11,40,24,0.6,15,15,1.0,12.599805736732767,0.16078536399436416,0.04058786520011684,1
v0-bh50,Garr200404-r0,Garr200404,B1,12,40,25,0.625,15,15,1.0,13.58821130639838,0.16078536399436416,0.04058786520011684,1
v0-bh50,Garr200404-r0,Garr200404,B1,13,40,26,0.65,15,15,1.0,12.103073300320442,0.16078536399436416,0.04058786520011684,1
v0-bh50,Garr200404-r0,Garr200404,B1,14,40,24,0.6,15,15,1.0,12.897930625509902,0.16078536399436416,0.04058786520011684,1
v0-bh50,Garr200404-r0,Garr200404,B1,15,40,24,0.6,15,15,1.0,14.146365765786145,0.16078536399436416,0.04058786520011684,1
v0-bh50,Garr200404-r0,Garr200404,B1,16,40,26,0.65,15,15,1.0,12.576572562876851,0.16078536399436416,0.04058786520011684,1
v0-bh50,Garr200404-r0,Garr200404,B1,17,40,24,0.6,15,15,1.0,12.977971743334876,0.16078536399436416,0.04058786520011684,1
v0-bh50,Garr200404-r0,Garr200404,B1,18,40,26,0.65,15,15,1.0,12.728039191006033,0.16078536399436416,0.04058786520011684,1
v0-bh50,Garr200404-r0,Garr200404,B1,19,40,25,0.625,15,15,1.0,11.712456111389663,0.16078536399436416,0.04058786520011684,1
v0-bh50,Garr200404-r0,Garr200404,B1,20,40,24,0.6,15,15,1.0,12.752803418006417,0.16078536399436416,0.04058786520011684,1
v0-bh50,Garr200404-r0,Garr200404,B1,21,40,25,0.625,15,15,1.0,12.576747992361735,0.16078536399436416,0.04058786520011684,1
v0-bh50,Garr200404-r0,Garr200404,B1,22,40,26,0.65,15,15,1.0,11.764441076303001,0.16078536399436416,0.04058786520011684,1
v0-bh50,Garr200404-r0,Garr200404,B1,23,40,25,0.625,15,15,1.0,13.7213778515007,0.16078536399436416,0.04058786520011684,1
v0-bh50,Garr200404-r0,Garr200404,B1,24,40,24,0.6,15,15,1.0,13.717560059459945,0.16078536399436416,0.04058786520011684,1
v0-bh50,Garr200404-r0,Garr200404,B1,25,40,25,0.625,15,15,1.0,13.005944603492864,0.16078536399436416,0.04058786520011684,1
v0-bh50,Garr200404-r0,Garr200404,B1,26,40,24,0.6,15,15,1.0,12.823592965271484,0.16078536399436416,0.04058786520011684,1
v0-bh50,Garr200404-r0,Garr200404,B1,27,40,25,0.625,15,15,1.0,13.039063364791811,0.16078536399436416,0.04058786520011684,1
v0-bh50,Garr200404-r0,Garr200404,B1,28,40,25,0.625,15,15,1.0,13.085763930027806,0.16078536399436416,0.04058786520011684,1
v0-bh50,Garr200404-r0,Garr200404,B1,29,40,25,0.625,15,15,1.0,12.341916941431462,0.16078536399436416,0.04058786520011684,1
v0-bh50,Garr200404-r1,Garr200404,B0,0,40,19,0.475,15,10,0.6666666666666666,18.255298645139153,0.00013573800242738798,0.031203337066835958,1
v0-bh50,Garr200404-r1,Garr200404,B0,1,40,19,0.475,15,10,0.6666666666666666,18.255298645139153,0.00013573800242738798,0.031203337066835958,1
v0-bh50,Garr200404-r1,Garr200404,B0,2,40,19,0.475,15,10,0.6666666666666666,18.255298645139153,0.00013573800242738798,0.031203337066835958,1
v0-bh50,Garr200404-r1,Garr200404,B0,3,40,19,0.475,15,10,0.6666666666666666,18.255298645139153,0.00013573800242738798,0.031203337066835958,1
v0-bh50,Garr200404-r1,Garr200404,B0,4,40,19,0.475,15,10,0.6666666666666666,18.255298645139153,0.00013573800242738798,0.031203337066835958,1
v0-bh50,Garr200404-r1,Garr200404,B0,5,40,19,0.475,15,10,0.6666666666666666,18.255298645139153,0.00013573800242738798,0.031203337066835958,1
v0-bh50,Garr200404-r1,Garr200404,B0,6,40,19,0.475,15,10,0.6666666666666666,18.255298645139153,0.00013573800242738798,0.031203337066835958,1
v0-bh50,Garr200404-r1,Garr200404,B0,7,40,19,0.475,15,10,0.6666666666666666,18.255298645139153,0.00013573800242738798,0.031203337066835958,1
v0-bh50,Garr200404-r1,Garr200404,B0,8,40,19,0.475,15,10,0.6666666666666666,18.255298645139153,0.00013573800242738798,0.031203337066835958,1
v0-bh50,Garr200404-r1,Garr200404,B0,9,40,19,0.475,15,10,0.6666666666666666,18.255298645139153,0.00013573800242738798,0.031203337066835958,1
v0-bh50,Garr200404-r1,Garr200404,B0,10,40,19,0.475,15,10,0.6666666666666666,18.255298645139153,0.00013573800242738798,0.031203337066835958,1
v0-bh50,Garr200404-r1,Garr200404,B0,11,40,19,0.475,15,10,0.6666666666666666,18.255298645139153,0.00013573800242738798,0.031203337066835958,1
v0-bh50,Garr200404-r1,Garr200404,B0,12,40,19,0.475,15,10,0.6666666666666666,18.255298645139153,0.00013573800242738798,0.031203337066835958,1
v0-bh50,Garr200404-r1,Garr200404,B0,13,40,19,0.475,15,10,0.6666666666666666,18.255298645139153,0.00013573800242738798,0.031203337066835958,1
v0-bh50,Garr200404-r1,Garr200404,B0,14,40,19,0.475,15,10,0.6666666666666666,18.255298645139153,0.00013573800242738798,0.031203337066835958,1
v0-bh50,Garr200404-r1,Garr200404,B0,15,40,19,0.475,15,10,0.6666666666666666,18.255298645139153,0.00013573800242738798,0.031203337066835958,1
v0-bh50,Garr200404-r1,Garr200404,B0,16,40,19,0.475,15,10,0.6666666666666666,18.255298645139153,0.00013573800242738798,0.031203337066835958,1
v0-bh50,Garr200404-r1,Garr200404,B0,17,40,19,0.475,15,10,0.6666666666666666,18.255298645139153,0.00013573800242738798,0.031203337066835958,1
v0-bh50,Garr200404-r1,Garr200404,B0,18,40,19,0.475,15,10,0.6666666666666666,18.255298645139153,0.00013573800242738798,0.031203337066835958,1
v0-bh50,Garr200404-r1,Garr200404,B0,19,40,19,0.475,15,10,0.6666666666666666,18.255298645139153,0.00013573800242738798,0.031203337066835958,1
v0-bh50,Garr200404-r1,Garr200404,B0,20,40,19,0.475,15,10,0.6666666666666666,18.255298645139153,0.00013573800242738798,0.031203337066835958,1
v0-bh50,Garr200404-r1,Garr200404,B0,21,40,19,0.475,15,10,0.6666666666666666,18.255298645139153,0.00013573800242738798,0.031203337066835958,1
v0-bh50,Garr200404-r1,Garr200404,B0,22,40,19,0.475,15,10,0.6666666666666666,18.255298645139153,0.00013573800242738798,0.031203337066835958,1
v0-bh50,Garr200404-r1,Garr200404,B0,23,40,19,0.475,15,10,0.6666666666666666,18.255298645139153,0.00013573800242738798,0.031203337066835958,1
v0-bh50,Garr200404-r1,Garr200404,B0,24,40,19,0.475,15,10,0.6666666666666666,18.255298645139153,0.00013573800242738798,0.031203337066835958,1
v0-bh50,Garr200404-r1,Garr200404,B0,25,40,19,0.475,15,10,0.6666666666666666,18.255298645139153,0.00013573800242738798,0.031203337066835958,1
v0-bh50,Garr200404-r1,Garr200404,B0,26,40,19,0.475,15,10,0.6666666666666666,18.255298645139153,0.00013573800242738798,0.031203337066835958,1
v0-bh50,Garr200404-r1,Garr200404,B0,27,40,19,0.475,15,10,0.6666666666666666,18.255298645139153,0.00013573800242738798,0.031203337066835958,1
v0-bh50,Garr200404-r1,Garr200404,B0,28,40,19,0.475,15,10,0.6666666666666666,18.255298645139153,0.00013573800242738798,0.031203337066835958,1
v0-bh50,Garr200404-r1,Garr200404,B0,29,40,19,0.475,15,10,0.6666666666666666,18.255298645139153,0.00013573800242738798,0.031203337066835958,1
v0-bh50,Garr200404-r1,Garr200404,B1,0,40,22,0.55,15,15,1.0,15.377060860857535,0.1668662480005878,0.03620016803324688,1
v0-bh50,Garr200404-r1,Garr200404,B1,1,40,23,0.575,15,15,1.0,15.367231379173242,0.1668662480005878,0.03620016803324688,1
v0-bh50,Garr200404-r1,Garr200404,B1,2,40,22,0.55,15,15,1.0,15.544643399639925,0.1668662480005878,0.03620016803324688,1
v0-bh50,Garr200404-r1,Garr200404,B1,3,40,23,0.575,15,15,1.0,15.367551419293035,0.1668662480005878,0.03620016803324688,1
v0-bh50,Garr200404-r1,Garr200404,B1,4,40,23,0.575,15,15,1.0,15.366898439533133,0.1668662480005878,0.03620016803324688,1
v0-bh50,Garr200404-r1,Garr200404,B1,5,40,23,0.575,15,15,1.0,15.367551419293035,0.1668662480005878,0.03620016803324688,1
v0-bh50,Garr200404-r1,Garr200404,B1,6,40,23,0.575,15,15,1.0,15.36656549989302,0.1668662480005878,0.03620016803324688,1
v0-bh50,Garr200404-r1,Garr200404,B1,7,40,23,0.575,15,15,1.0,15.36656549989302,0.1668662480005878,0.03620016803324688,1
v0-bh50,Garr200404-r1,Garr200404,B1,8,40,23,0.575,15,15,1.0,15.36656549989302,0.1668662480005878,0.03620016803324688,1
v0-bh50,Garr200404-r1,Garr200404,B1,9,40,22,0.55,15,15,1.0,16.54264821694266,0.1668662480005878,0.03620016803324688,1
v0-bh50,Garr200404-r1,Garr200404,B1,10,40,22,0.55,15,15,1.0,16.03469148486062,0.1668662480005878,0.03620016803324688,1
v0-bh50,Garr200404-r1,Garr200404,B1,11,40,22,0.55,15,15,1.0,16.10414085650567,0.1668662480005878,0.03620016803324688,1
v0-bh50,Garr200404-r1,Garr200404,B1,12,40,23,0.575,15,15,1.0,15.367551419293035,0.1668662480005878,0.03620016803324688,1
v0-bh50,Garr200404-r1,Garr200404,B1,13,40,22,0.55,15,15,1.0,15.428713090443187,0.1668662480005878,0.03620016803324688,1
v0-bh50,Garr200404-r1,Garr200404,B1,14,40,22,0.55,15,15,1.0,15.389417119320731,0.1668662480005878,0.03620016803324688,1
v0-bh50,Garr200404-r1,Garr200404,B1,15,40,22,0.55,15,15,1.0,15.843332670803786,0.1668662480005878,0.03620016803324688,1
v0-bh50,Garr200404-r1,Garr200404,B1,16,40,23,0.575,15,15,1.0,15.366898439533133,0.1668662480005878,0.03620016803324688,1
v0-bh50,Garr200404-r1,Garr200404,B1,17,40,21,0.525,15,15,1.0,15.650800551713047,0.1668662480005878,0.03620016803324688,1
v0-bh50,Garr200404-r1,Garr200404,B1,18,40,22,0.55,15,15,1.0,15.834368604786793,0.1668662480005878,0.03620016803324688,1
v0-bh50,Garr200404-r1,Garr200404,B1,19,40,23,0.575,15,15,1.0,15.368499459755377,0.1668662480005878,0.03620016803324688,1
v0-bh50,Garr200404-r1,Garr200404,B1,20,40,22,0.55,15,15,1.0,16.68484367466963,0.1668662480005878,0.03620016803324688,1
v0-bh50,Garr200404-r1,Garr200404,B1,21,40,23,0.575,15,15,1.0,15.36656549989302,0.1668662480005878,0.03620016803324688,1
v0-bh50,Garr200404-r1,Garr200404,B1,22,40,23,0.575,15,15,1.0,15.367551419293035,0.1668662480005878,0.03620016803324688,1
v0-bh50,Garr200404-r1,Garr200404,B1,23,40,23,0.575,15,15,1.0,15.367551419293035,0.1668662480005878,0.03620016803324688,1
v0-bh50,Garr200404-r1,Garr200404,B1,24,40,22,0.55,15,15,1.0,15.601189242106027,0.1668662480005878,0.03620016803324688,1
v0-bh50,Garr200404-r1,Garr200404,B1,25,40,22,0.55,15,15,1.0,15.83626461765668,0.1668662480005878,0.03620016803324688,1
v0-bh50,Garr200404-r1,Garr200404,B1,26,40,23,0.575,15,15,1.0,15.367551419293035,0.1668662480005878,0.03620016803324688,1
v0-bh50,Garr200404-r1,Garr200404,B1,27,40,22,0.55,15,15,1.0,16.053582099948425,0.1668662480005878,0.03620016803324688,1
v0-bh50,Garr200404-r1,Garr200404,B1,28,40,22,0.55,15,15,1.0,15.596450936613193,0.1668662480005878,0.03620016803324688,1
v0-bh50,Garr200404-r1,Garr200404,B1,29,40,22,0.55,15,15,1.0,16.517686580931112,0.1668662480005878,0.03620016803324688,1
v0-bh50,Garr200404-r2,Garr200404,B0,0,40,14,0.35,15,10,0.6666666666666666,22.307310047562876,0.00013271700299810618,0.042190592200010237,1
v0-bh50,Garr200404-r2,Garr200404,B0,1,40,14,0.35,15,10,0.6666666666666666,22.307310047562876,0.00013271700299810618,0.042190592200010237,1
v0-bh50,Garr200404-r2,Garr200404,B0,2,40,14,0.35,15,10,0.6666666666666666,22.307310047562876,0.00013271700299810618,0.042190592200010237,1
v0-bh50,Garr200404-r2,Garr200404,B0,3,40,14,0.35,15,10,0.6666666666666666,22.307310047562876,0.00013271700299810618,0.042190592200010237,1
v0-bh50,Garr200404-r2,Garr200404,B0,4,40,14,0.35,15,10,0.6666666666666666,22.307310047562876,0.00013271700299810618,0.042190592200010237,1
v0-bh50,Garr200404-r2,Garr200404,B0,5,40,14,0.35,15,10,0.6666666666666666,22.307310047562876,0.00013271700299810618,0.042190592200010237,1
v0-bh50,Garr200404-r2,Garr200404,B0,6,40,14,0.35,15,10,0.6666666666666666,22.307310047562876,0.00013271700299810618,0.042190592200010237,1
v0-bh50,Garr200404-r2,Garr200404,B0,7,40,14,0.35,15,10,0.6666666666666666,22.307310047562876,0.00013271700299810618,0.042190592200010237,1
v0-bh50,Garr200404-r2,Garr200404,B0,8,40,14,0.35,15,10,0.6666666666666666,22.307310047562876,0.00013271700299810618,0.042190592200010237,1
v0-bh50,Garr200404-r2,Garr200404,B0,9,40,14,0.35,15,10,0.6666666666666666,22.307310047562876,0.00013271700299810618,0.042190592200010237,1
v0-bh50,Garr200404-r2,Garr200404,B0,10,40,14,0.35,15,10,0.6666666666666666,22.307310047562876,0.00013271700299810618,0.042190592200010237,1
v0-bh50,Garr200404-r2,Garr200404,B0,11,40,14,0.35,15,10,0.6666666666666666,22.307310047562876,0.00013271700299810618,0.042190592200010237,1
v0-bh50,Garr200404-r2,Garr200404,B0,12,40,14,0.35,15,10,0.6666666666666666,22.307310047562876,0.00013271700299810618,0.042190592200010237,1
v0-bh50,Garr200404-r2,Garr200404,B0,13,40,14,0.35,15,10,0.6666666666666666,22.307310047562876,0.00013271700299810618,0.042190592200010237,1
v0-bh50,Garr200404-r2,Garr200404,B0,14,40,14,0.35,15,10,0.6666666666666666,22.307310047562876,0.00013271700299810618,0.042190592200010237,1
v0-bh50,Garr200404-r2,Garr200404,B0,15,40,14,0.35,15,10,0.6666666666666666,22.307310047562876,0.00013271700299810618,0.042190592200010237,1
v0-bh50,Garr200404-r2,Garr200404,B0,16,40,14,0.35,15,10,0.6666666666666666,22.307310047562876,0.00013271700299810618,0.042190592200010237,1
v0-bh50,Garr200404-r2,Garr200404,B0,17,40,14,0.35,15,10,0.6666666666666666,22.307310047562876,0.00013271700299810618,0.042190592200010237,1
v0-bh50,Garr200404-r2,Garr200404,B0,18,40,14,0.35,15,10,0.6666666666666666,22.307310047562876,0.00013271700299810618,0.042190592200010237,1
v0-bh50,Garr200404-r2,Garr200404,B0,19,40,14,0.35,15,10,0.6666666666666666,22.307310047562876,0.00013271700299810618,0.042190592200010237,1
v0-bh50,Garr200404-r2,Garr200404,B0,20,40,14,0.35,15,10,0.6666666666666666,22.307310047562876,0.00013271700299810618,0.042190592200010237,1
v0-bh50,Garr200404-r2,Garr200404,B0,21,40,14,0.35,15,10,0.6666666666666666,22.307310047562876,0.00013271700299810618,0.042190592200010237,1
v0-bh50,Garr200404-r2,Garr200404,B0,22,40,14,0.35,15,10,0.6666666666666666,22.307310047562876,0.00013271700299810618,0.042190592200010237,1
v0-bh50,Garr200404-r2,Garr200404,B0,23,40,14,0.35,15,10,0.6666666666666666,22.307310047562876,0.00013271700299810618,0.042190592200010237,1
v0-bh50,Garr200404-r2,Garr200404,B0,24,40,14,0.35,15,10,0.6666666666666666,22.307310047562876,0.00013271700299810618,0.042190592200010237,1
v0-bh50,Garr200404-r2,Garr200404,B0,25,40,14,0.35,15,10,0.6666666666666666,22.307310047562876,0.00013271700299810618,0.042190592200010237,1
v0-bh50,Garr200404-r2,Garr200404,B0,26,40,14,0.35,15,10,0.6666666666666666,22.307310047562876,0.00013271700299810618,0.042190592200010237,1
v0-bh50,Garr200404-r2,Garr200404,B0,27,40,14,0.35,15,10,0.6666666666666666,22.307310047562876,0.00013271700299810618,0.042190592200010237,1
v0-bh50,Garr200404-r2,Garr200404,B0,28,40,14,0.35,15,10,0.6666666666666666,22.307310047562876,0.00013271700299810618,0.042190592200010237,1
v0-bh50,Garr200404-r2,Garr200404,B0,29,40,14,0.35,15,10,0.6666666666666666,22.307310047562876,0.00013271700299810618,0.042190592200010237,1
v0-bh50,Garr200404-r2,Garr200404,B1,0,40,14,0.35,15,15,1.0,22.593567146877167,0.13615938499424374,0.03626905123334533,1
v0-bh50,Garr200404-r2,Garr200404,B1,1,40,14,0.35,15,15,1.0,21.4843126223004,0.13615938499424374,0.03626905123334533,1
v0-bh50,Garr200404-r2,Garr200404,B1,2,40,14,0.35,15,15,1.0,21.816257526402538,0.13615938499424374,0.03626905123334533,1
v0-bh50,Garr200404-r2,Garr200404,B1,3,40,15,0.375,15,15,1.0,21.265134161599995,0.13615938499424374,0.03626905123334533,1
v0-bh50,Garr200404-r2,Garr200404,B1,4,40,15,0.375,15,15,1.0,21.265134161599992,0.13615938499424374,0.03626905123334533,1
v0-bh50,Garr200404-r2,Garr200404,B1,5,40,15,0.375,15,15,1.0,21.265134161599995,0.13615938499424374,0.03626905123334533,1
v0-bh50,Garr200404-r2,Garr200404,B1,6,40,14,0.35,15,15,1.0,21.270251283860652,0.13615938499424374,0.03626905123334533,1
v0-bh50,Garr200404-r2,Garr200404,B1,7,40,15,0.375,15,15,1.0,21.265134161599995,0.13615938499424374,0.03626905123334533,1
v0-bh50,Garr200404-r2,Garr200404,B1,8,40,15,0.375,15,15,1.0,21.265134161599995,0.13615938499424374,0.03626905123334533,1
v0-bh50,Garr200404-r2,Garr200404,B1,9,40,13,0.325,15,15,1.0,21.754174684652284,0.13615938499424374,0.03626905123334533,1
v0-bh50,Garr200404-r2,Garr200404,B1,10,40,13,0.325,15,15,1.0,21.463415054051683,0.13615938499424374,0.03626905123334533,1
v0-bh50,Garr200404-r2,Garr200404,B1,11,40,15,0.375,15,15,1.0,21.265134161599995,0.13615938499424374,0.03626905123334533,1
v0-bh50,Garr200404-r2,Garr200404,B1,12,40,14,0.35,15,15,1.0,21.78615089098554,0.13615938499424374,0.03626905123334533,1
v0-bh50,Garr200404-r2,Garr200404,B1,13,40,13,0.325,15,15,1.0,21.666504707974077,0.13615938499424374,0.03626905123334533,1
v0-bh50,Garr200404-r2,Garr200404,B1,14,40,13,0.325,15,15,1.0,21.51434263655923,0.13615938499424374,0.03626905123334533,1
v0-bh50,Garr200404-r2,Garr200404,B1,15,40,15,0.375,15,15,1.0,21.265134161599995,0.13615938499424374,0.03626905123334533,1
v0-bh50,Garr200404-r2,Garr200404,B1,16,40,14,0.35,15,15,1.0,22.593567146951326,0.13615938499424374,0.03626905123334533,1
v0-bh50,Garr200404-r2,Garr200404,B1,17,40,15,0.375,15,15,1.0,21.265134161599995,0.13615938499424374,0.03626905123334533,1
v0-bh50,Garr200404-r2,Garr200404,B1,18,40,14,0.35,15,15,1.0,21.914927505240456,0.13615938499424374,0.03626905123334533,1
v0-bh50,Garr200404-r2,Garr200404,B1,19,40,15,0.375,15,15,1.0,21.265134161599992,0.13615938499424374,0.03626905123334533,1
v0-bh50,Garr200404-r2,Garr200404,B1,20,40,13,0.325,15,15,1.0,22.438723936223113,0.13615938499424374,0.03626905123334533,1
v0-bh50,Garr200404-r2,Garr200404,B1,21,40,14,0.35,15,15,1.0,21.460391875637598,0.13615938499424374,0.03626905123334533,1
v0-bh50,Garr200404-r2,Garr200404,B1,22,40,13,0.325,15,15,1.0,21.625103192941484,0.13615938499424374,0.03626905123334533,1
v0-bh50,Garr200404-r2,Garr200404,B1,23,40,14,0.35,15,15,1.0,21.816257526328382,0.13615938499424374,0.03626905123334533,1
v0-bh50,Garr200404-r2,Garr200404,B1,24,40,14,0.35,15,15,1.0,21.40475788613372,0.13615938499424374,0.03626905123334533,1
v0-bh50,Garr200404-r2,Garr200404,B1,25,40,15,0.375,15,15,1.0,21.265134161599992,0.13615938499424374,0.03626905123334533,1
v0-bh50,Garr200404-r2,Garr200404,B1,26,40,14,0.35,15,15,1.0,21.77618920525269,0.13615938499424374,0.03626905123334533,1
v0-bh50,Garr200404-r2,Garr200404,B1,27,40,14,0.35,15,15,1.0,21.928991642763073,0.13615938499424374,0.03626905123334533,1
v0-bh50,Garr200404-r2,Garr200404,B1,28,40,14,0.35,15,15,1.0,21.775827236688322,0.13615938499424374,0.03626905123334533,1
v0-bh50,Garr200404-r2,Garr200404,B1,29,40,14,0.35,15,15,1.0,21.836814062660032,0.13615938499424374,0.03626905123334533,1
v0-bh50,Marwan-r0,Marwan,B0,0,40,9,0.225,15,5,0.3333333333333333,28.618888522005296,0.00011904400162165985,0.027591948099870933,1
v0-bh50,Marwan-r0,Marwan,B0,1,40,9,0.225,15,5,0.3333333333333333,28.618888522005296,0.00011904400162165985,0.027591948099870933,1
v0-bh50,Marwan-r0,Marwan,B0,2,40,9,0.225,15,5,0.3333333333333333,28.618888522005296,0.00011904400162165985,0.027591948099870933,1
v0-bh50,Marwan-r0,Marwan,B0,3,40,9,0.225,15,5,0.3333333333333333,28.618888522005296,0.00011904400162165985,0.027591948099870933,1
v0-bh50,Marwan-r0,Marwan,B0,4,40,9,0.225,15,5,0.3333333333333333,28.618888522005296,0.00011904400162165985,0.027591948099870933,1
v0-bh50,Marwan-r0,Marwan,B0,5,40,9,0.225,15,5,0.3333333333333333,28.618888522005296,0.00011904400162165985,0.027591948099870933,1
v0-bh50,Marwan-r0,Marwan,B0,6,40,9,0.225,15,5,0.3333333333333333,28.618888522005296,0.00011904400162165985,0.027591948099870933,1
v0-bh50,Marwan-r0,Marwan,B0,7,40,9,0.225,15,5,0.3333333333333333,28.618888522005296,0.00011904400162165985,0.027591948099870933,1
v0-bh50,Marwan-r0,Marwan,B0,8,40,9,0.225,15,5,0.3333333333333333,28.618888522005296,0.00011904400162165985,0.027591948099870933,1
v0-bh50,Marwan-r0,Marwan,B0,9,40,9,0.225,15,5,0.3333333333333333,28.618888522005296,0.00011904400162165985,0.027591948099870933,1
v0-bh50,Marwan-r0,Marwan,B0,10,40,9,0.225,15,5,0.3333333333333333,28.618888522005296,0.00011904400162165985,0.027591948099870933,1
v0-bh50,Marwan-r0,Marwan,B0,11,40,9,0.225,15,5,0.3333333333333333,28.618888522005296,0.00011904400162165985,0.027591948099870933,1
v0-bh50,Marwan-r0,Marwan,B0,12,40,9,0.225,15,5,0.3333333333333333,28.618888522005296,0.00011904400162165985,0.027591948099870933,1
v0-bh50,Marwan-r0,Marwan,B0,13,40,9,0.225,15,5,0.3333333333333333,28.618888522005296,0.00011904400162165985,0.027591948099870933,1
v0-bh50,Marwan-r0,Marwan,B0,14,40,9,0.225,15,5,0.3333333333333333,28.618888522005296,0.00011904400162165985,0.027591948099870933,1
v0-bh50,Marwan-r0,Marwan,B0,15,40,9,0.225,15,5,0.3333333333333333,28.618888522005296,0.00011904400162165985,0.027591948099870933,1
v0-bh50,Marwan-r0,Marwan,B0,16,40,9,0.225,15,5,0.3333333333333333,28.618888522005296,0.00011904400162165985,0.027591948099870933,1
v0-bh50,Marwan-r0,Marwan,B0,17,40,9,0.225,15,5,0.3333333333333333,28.618888522005296,0.00011904400162165985,0.027591948099870933,1
v0-bh50,Marwan-r0,Marwan,B0,18,40,9,0.225,15,5,0.3333333333333333,28.618888522005296,0.00011904400162165985,0.027591948099870933,1
v0-bh50,Marwan-r0,Marwan,B0,19,40,9,0.225,15,5,0.3333333333333333,28.618888522005296,0.00011904400162165985,0.027591948099870933,1
v0-bh50,Marwan-r0,Marwan,B0,20,40,9,0.225,15,5,0.3333333333333333,28.618888522005296,0.00011904400162165985,0.027591948099870933,1
v0-bh50,Marwan-r0,Marwan,B0,21,40,9,0.225,15,5,0.3333333333333333,28.618888522005296,0.00011904400162165985,0.027591948099870933,1
v0-bh50,Marwan-r0,Marwan,B0,22,40,9,0.225,15,5,0.3333333333333333,28.618888522005296,0.00011904400162165985,0.027591948099870933,1
v0-bh50,Marwan-r0,Marwan,B0,23,40,9,0.225,15,5,0.3333333333333333,28.618888522005296,0.00011904400162165985,0.027591948099870933,1
v0-bh50,Marwan-r0,Marwan,B0,24,40,9,0.225,15,5,0.3333333333333333,28.618888522005296,0.00011904400162165985,0.027591948099870933,1
v0-bh50,Marwan-r0,Marwan,B0,25,40,9,0.225,15,5,0.3333333333333333,28.618888522005296,0.00011904400162165985,0.027591948099870933,1
v0-bh50,Marwan-r0,Marwan,B0,26,40,9,0.225,15,5,0.3333333333333333,28.618888522005296,0.00011904400162165985,0.027591948099870933,1
v0-bh50,Marwan-r0,Marwan,B0,27,40,9,0.225,15,5,0.3333333333333333,28.618888522005296,0.00011904400162165985,0.027591948099870933,1
v0-bh50,Marwan-r0,Marwan,B0,28,40,9,0.225,15,5,0.3333333333333333,28.618888522005296,0.00011904400162165985,0.027591948099870933,1
v0-bh50,Marwan-r0,Marwan,B0,29,40,9,0.225,15,5,0.3333333333333333,28.618888522005296,0.00011904400162165985,0.027591948099870933,1
v0-bh50,Marwan-r0,Marwan,B1,0,40,12,0.3,15,15,1.0,25.46200885791483,0.1959391139971558,0.0478230244666823,1
v0-bh50,Marwan-r0,Marwan,B1,1,40,14,0.35,15,15,1.0,24.527646024827803,0.1959391139971558,0.0478230244666823,1
v0-bh50,Marwan-r0,Marwan,B1,2,40,14,0.35,15,15,1.0,25.349478994800695,0.1959391139971558,0.0478230244666823,1
v0-bh50,Marwan-r0,Marwan,B1,3,40,13,0.325,15,15,1.0,24.619068617172847,0.1959391139971558,0.0478230244666823,1
v0-bh50,Marwan-r0,Marwan,B1,4,40,16,0.4,15,15,1.0,24.0,0.1959391139971558,0.0478230244666823,1
v0-bh50,Marwan-r0,Marwan,B1,5,40,15,0.375,15,15,1.0,24.56668424032939,0.1959391139971558,0.0478230244666823,1
v0-bh50,Marwan-r0,Marwan,B1,6,40,14,0.35,15,15,1.0,25.366201274711624,0.1959391139971558,0.0478230244666823,1
v0-bh50,Marwan-r0,Marwan,B1,7,40,13,0.325,15,15,1.0,25.16854826220636,0.1959391139971558,0.0478230244666823,1
v0-bh50,Marwan-r0,Marwan,B1,8,40,15,0.375,15,15,1.0,24.782295961478983,0.1959391139971558,0.0478230244666823,1
v0-bh50,Marwan-r0,Marwan,B1,9,40,15,0.375,15,15,1.0,24.101791870402785,0.1959391139971558,0.0478230244666823,1
v0-bh50,Marwan-r0,Marwan,B1,10,40,15,0.375,15,15,1.0,24.035960550402706,0.1959391139971558,0.0478230244666823,1
v0-bh50,Marwan-r0,Marwan,B1,11,40,12,0.3,15,15,1.0,25.670131720573004,0.1959391139971558,0.0478230244666823,1
v0-bh50,Marwan-r0,Marwan,B1,12,40,14,0.35,15,15,1.0,24.739749902657085,0.1959391139971558,0.0478230244666823,1
v0-bh50,Marwan-r0,Marwan,B1,13,40,16,0.4,15,15,1.0,24.0,0.1959391139971558,0.0478230244666823,1
v0-bh50,Marwan-r0,Marwan,B1,14,40,16,0.4,15,15,1.0,24.0,0.1959391139971558,0.0478230244666823,1
v0-bh50,Marwan-r0,Marwan,B1,15,40,10,0.25,15,15,1.0,28.710313628794896,0.1959391139971558,0.0478230244666823,1
v0-bh50,Marwan-r0,Marwan,B1,16,40,14,0.35,15,15,1.0,24.306064913086807,0.1959391139971558,0.0478230244666823,1
v0-bh50,Marwan-r0,Marwan,B1,17,40,14,0.35,15,15,1.0,24.600087476238347,0.1959391139971558,0.0478230244666823,1
v0-bh50,Marwan-r0,Marwan,B1,18,40,16,0.4,15,15,1.0,24.0,0.1959391139971558,0.0478230244666823,1
v0-bh50,Marwan-r0,Marwan,B1,19,40,15,0.375,15,15,1.0,24.32727402784919,0.1959391139971558,0.0478230244666823,1
v0-bh50,Marwan-r0,Marwan,B1,20,40,12,0.3,15,15,1.0,26.039526678261467,0.1959391139971558,0.0478230244666823,1
v0-bh50,Marwan-r0,Marwan,B1,21,40,14,0.35,15,15,1.0,24.362243517642565,0.1959391139971558,0.0478230244666823,1
v0-bh50,Marwan-r0,Marwan,B1,22,40,13,0.325,15,15,1.0,25.648366674188075,0.1959391139971558,0.0478230244666823,1
v0-bh50,Marwan-r0,Marwan,B1,23,40,13,0.325,15,15,1.0,25.699646923366434,0.1959391139971558,0.0478230244666823,1
v0-bh50,Marwan-r0,Marwan,B1,24,40,12,0.3,15,15,1.0,25.59297903289115,0.1959391139971558,0.0478230244666823,1
v0-bh50,Marwan-r0,Marwan,B1,25,40,13,0.325,15,15,1.0,25.206527962753963,0.1959391139971558,0.0478230244666823,1
v0-bh50,Marwan-r0,Marwan,B1,26,40,14,0.35,15,15,1.0,24.665273550043043,0.1959391139971558,0.0478230244666823,1
v0-bh50,Marwan-r0,Marwan,B1,27,40,15,0.375,15,15,1.0,24.434977333759846,0.1959391139971558,0.0478230244666823,1
v0-bh50,Marwan-r0,Marwan,B1,28,40,13,0.325,15,15,1.0,25.53849805549807,0.1959391139971558,0.0478230244666823,1
v0-bh50,Marwan-r0,Marwan,B1,29,40,14,0.35,15,15,1.0,25.45646973141026,0.1959391139971558,0.0478230244666823,1
v0-bh50,Marwan-r1,Marwan,B0,0,40,15,0.375,15,9,0.6,22.21506740564369,0.00013836300058756024,0.053396607633233846,1
v0-bh50,Marwan-r1,Marwan,B0,1,40,15,0.375,15,9,0.6,22.21506740564369,0.00013836300058756024,0.053396607633233846,1
v0-bh50,Marwan-r1,Marwan,B0,2,40,15,0.375,15,9,0.6,22.21506740564369,0.00013836300058756024,0.053396607633233846,1
v0-bh50,Marwan-r1,Marwan,B0,3,40,15,0.375,15,9,0.6,22.21506740564369,0.00013836300058756024,0.053396607633233846,1
v0-bh50,Marwan-r1,Marwan,B0,4,40,15,0.375,15,9,0.6,22.21506740564369,0.00013836300058756024,0.053396607633233846,1
v0-bh50,Marwan-r1,Marwan,B0,5,40,15,0.375,15,9,0.6,22.21506740564369,0.00013836300058756024,0.053396607633233846,1
v0-bh50,Marwan-r1,Marwan,B0,6,40,15,0.375,15,9,0.6,22.21506740564369,0.00013836300058756024,0.053396607633233846,1
v0-bh50,Marwan-r1,Marwan,B0,7,40,15,0.375,15,9,0.6,22.21506740564369,0.00013836300058756024,0.053396607633233846,1
v0-bh50,Marwan-r1,Marwan,B0,8,40,15,0.375,15,9,0.6,22.21506740564369,0.00013836300058756024,0.053396607633233846,1
v0-bh50,Marwan-r1,Marwan,B0,9,40,15,0.375,15,9,0.6,22.21506740564369,0.00013836300058756024,0.053396607633233846,1
v0-bh50,Marwan-r1,Marwan,B0,10,40,15,0.375,15,9,0.6,22.21506740564369,0.00013836300058756024,0.053396607633233846,1
v0-bh50,Marwan-r1,Marwan,B0,11,40,15,0.375,15,9,0.6,22.21506740564369,0.00013836300058756024,0.053396607633233846,1
v0-bh50,Marwan-r1,Marwan,B0,12,40,15,0.375,15,9,0.6,22.21506740564369,0.00013836300058756024,0.053396607633233846,1
v0-bh50,Marwan-r1,Marwan,B0,13,40,15,0.375,15,9,0.6,22.21506740564369,0.00013836300058756024,0.053396607633233846,1
v0-bh50,Marwan-r1,Marwan,B0,14,40,15,0.375,15,9,0.6,22.21506740564369,0.00013836300058756024,0.053396607633233846,1
v0-bh50,Marwan-r1,Marwan,B0,15,40,15,0.375,15,9,0.6,22.21506740564369,0.00013836300058756024,0.053396607633233846,1
v0-bh50,Marwan-r1,Marwan,B0,16,40,15,0.375,15,9,0.6,22.21506740564369,0.00013836300058756024,0.053396607633233846,1
v0-bh50,Marwan-r1,Marwan,B0,17,40,15,0.375,15,9,0.6,22.21506740564369,0.00013836300058756024,0.053396607633233846,1
v0-bh50,Marwan-r1,Marwan,B0,18,40,15,0.375,15,9,0.6,22.21506740564369,0.00013836300058756024,0.053396607633233846,1
v0-bh50,Marwan-r1,Marwan,B0,19,40,15,0.375,15,9,0.6,22.21506740564369,0.00013836300058756024,0.053396607633233846,1
v0-bh50,Marwan-r1,Marwan,B0,20,40,15,0.375,15,9,0.6,22.21506740564369,0.00013836300058756024,0.053396607633233846,1
v0-bh50,Marwan-r1,Marwan,B0,21,40,15,0.375,15,9,0.6,22.21506740564369,0.00013836300058756024,0.053396607633233846,1
v0-bh50,Marwan-r1,Marwan,B0,22,40,15,0.375,15,9,0.6,22.21506740564369,0.00013836300058756024,0.053396607633233846,1
v0-bh50,Marwan-r1,Marwan,B0,23,40,15,0.375,15,9,0.6,22.21506740564369,0.00013836300058756024,0.053396607633233846,1
v0-bh50,Marwan-r1,Marwan,B0,24,40,15,0.375,15,9,0.6,22.21506740564369,0.00013836300058756024,0.053396607633233846,1
v0-bh50,Marwan-r1,Marwan,B0,25,40,15,0.375,15,9,0.6,22.21506740564369,0.00013836300058756024,0.053396607633233846,1
v0-bh50,Marwan-r1,Marwan,B0,26,40,15,0.375,15,9,0.6,22.21506740564369,0.00013836300058756024,0.053396607633233846,1
v0-bh50,Marwan-r1,Marwan,B0,27,40,15,0.375,15,9,0.6,22.21506740564369,0.00013836300058756024,0.053396607633233846,1
v0-bh50,Marwan-r1,Marwan,B0,28,40,15,0.375,15,9,0.6,22.21506740564369,0.00013836300058756024,0.053396607633233846,1
v0-bh50,Marwan-r1,Marwan,B0,29,40,15,0.375,15,9,0.6,22.21506740564369,0.00013836300058756024,0.053396607633233846,1
v0-bh50,Marwan-r1,Marwan,B1,0,40,21,0.525,15,15,1.0,19.000000000000004,0.17210457899636822,0.04003348489980756,1
v0-bh50,Marwan-r1,Marwan,B1,1,40,21,0.525,15,15,1.0,19.0,0.17210457899636822,0.04003348489980756,1
v0-bh50,Marwan-r1,Marwan,B1,2,40,19,0.475,15,15,1.0,19.458003364274195,0.17210457899636822,0.04003348489980756,1
v0-bh50,Marwan-r1,Marwan,B1,3,40,20,0.5,15,15,1.0,19.316104374573683,0.17210457899636822,0.04003348489980756,1
v0-bh50,Marwan-r1,Marwan,B1,4,40,20,0.5,15,15,1.0,19.423567533447006,0.17210457899636822,0.04003348489980756,1
v0-bh50,Marwan-r1,Marwan,B1,5,40,20,0.5,15,15,1.0,19.293029036482913,0.17210457899636822,0.04003348489980756,1
v0-bh50,Marwan-r1,Marwan,B1,6,40,20,0.5,15,15,1.0,19.106446326978997,0.17210457899636822,0.04003348489980756,1
v0-bh50,Marwan-r1,Marwan,B1,7,40,21,0.525,15,15,1.0,19.000000000000004,0.17210457899636822,0.04003348489980756,1
v0-bh50,Marwan-r1,Marwan,B1,8,40,20,0.5,15,15,1.0,19.175611274877365,0.17210457899636822,0.04003348489980756,1
v0-bh50,Marwan-r1,Marwan,B1,9,40,20,0.5,15,15,1.0,19.65273014295959,0.17210457899636822,0.04003348489980756,1
v0-bh50,Marwan-r1,Marwan,B1,10,40,21,0.525,15,15,1.0,19.0,0.17210457899636822,0.04003348489980756,1
v0-bh50,Marwan-r1,Marwan,B1,11,40,20,0.5,15,15,1.0,19.456428750038,0.17210457899636822,0.04003348489980756,1
v0-bh50,Marwan-r1,Marwan,B1,12,40,20,0.5,15,15,1.0,19.0462461738474,0.17210457899636822,0.04003348489980756,1
v0-bh50,Marwan-r1,Marwan,B1,13,40,20,0.5,15,15,1.0,19.52345282519497,0.17210457899636822,0.04003348489980756,1
v0-bh50,Marwan-r1,Marwan,B1,14,40,21,0.525,15,15,1.0,19.000000000000004,0.17210457899636822,0.04003348489980756,1
v0-bh50,Marwan-r1,Marwan,B1,15,40,20,0.5,15,15,1.0,19.046257087997613,0.17210457899636822,0.04003348489980756,1
v0-bh50,Marwan-r1,Marwan,B1,16,40,21,0.525,15,15,1.0,19.000000000000004,0.17210457899636822,0.04003348489980756,1
v0-bh50,Marwan-r1,Marwan,B1,17,40,20,0.5,15,15,1.0,19.112789117798535,0.17210457899636822,0.04003348489980756,1
v0-bh50,Marwan-r1,Marwan,B1,18,40,21,0.525,15,15,1.0,19.0,0.17210457899636822,0.04003348489980756,1
v0-bh50,Marwan-r1,Marwan,B1,19,40,20,0.5,15,15,1.0,19.30877485808242,0.17210457899636822,0.04003348489980756,1
v0-bh50,Marwan-r1,Marwan,B1,20,40,21,0.525,15,15,1.0,19.0,0.17210457899636822,0.04003348489980756,1
v0-bh50,Marwan-r1,Marwan,B1,21,40,21,0.525,15,15,1.0,19.0,0.17210457899636822,0.04003348489980756,1
v0-bh50,Marwan-r1,Marwan,B1,22,40,21,0.525,15,15,1.0,19.0,0.17210457899636822,0.04003348489980756,1
v0-bh50,Marwan-r1,Marwan,B1,23,40,20,0.5,15,15,1.0,19.20854935058201,0.17210457899636822,0.04003348489980756,1
v0-bh50,Marwan-r1,Marwan,B1,24,40,20,0.5,15,15,1.0,19.01767924257178,0.17210457899636822,0.04003348489980756,1
v0-bh50,Marwan-r1,Marwan,B1,25,40,21,0.525,15,15,1.0,19.0,0.17210457899636822,0.04003348489980756,1
v0-bh50,Marwan-r1,Marwan,B1,26,40,21,0.525,15,15,1.0,19.0,0.17210457899636822,0.04003348489980756,1
v0-bh50,Marwan-r1,Marwan,B1,27,40,21,0.525,15,15,1.0,19.0,0.17210457899636822,0.04003348489980756,1
v0-bh50,Marwan-r1,Marwan,B1,28,40,21,0.525,15,15,1.0,19.0,0.17210457899636822,0.04003348489980756,1
v0-bh50,Marwan-r1,Marwan,B1,29,40,20,0.5,15,15,1.0,19.119368863771093,0.17210457899636822,0.04003348489980756,1
v0-bh50,Marwan-r2,Marwan,B0,0,40,22,0.55,15,9,0.6,15.985634467954561,0.00018753100448520854,0.04760129509983623,1
v0-bh50,Marwan-r2,Marwan,B0,1,40,22,0.55,15,9,0.6,15.985634467954561,0.00018753100448520854,0.04760129509983623,1
v0-bh50,Marwan-r2,Marwan,B0,2,40,22,0.55,15,9,0.6,15.985634467954561,0.00018753100448520854,0.04760129509983623,1
v0-bh50,Marwan-r2,Marwan,B0,3,40,22,0.55,15,9,0.6,15.985634467954561,0.00018753100448520854,0.04760129509983623,1
v0-bh50,Marwan-r2,Marwan,B0,4,40,22,0.55,15,9,0.6,15.985634467954561,0.00018753100448520854,0.04760129509983623,1
v0-bh50,Marwan-r2,Marwan,B0,5,40,22,0.55,15,9,0.6,15.985634467954561,0.00018753100448520854,0.04760129509983623,1
v0-bh50,Marwan-r2,Marwan,B0,6,40,22,0.55,15,9,0.6,15.985634467954561,0.00018753100448520854,0.04760129509983623,1
v0-bh50,Marwan-r2,Marwan,B0,7,40,22,0.55,15,9,0.6,15.985634467954561,0.00018753100448520854,0.04760129509983623,1
v0-bh50,Marwan-r2,Marwan,B0,8,40,22,0.55,15,9,0.6,15.985634467954561,0.00018753100448520854,0.04760129509983623,1
v0-bh50,Marwan-r2,Marwan,B0,9,40,22,0.55,15,9,0.6,15.985634467954561,0.00018753100448520854,0.04760129509983623,1
v0-bh50,Marwan-r2,Marwan,B0,10,40,22,0.55,15,9,0.6,15.985634467954561,0.00018753100448520854,0.04760129509983623,1
v0-bh50,Marwan-r2,Marwan,B0,11,40,22,0.55,15,9,0.6,15.985634467954561,0.00018753100448520854,0.04760129509983623,1
v0-bh50,Marwan-r2,Marwan,B0,12,40,22,0.55,15,9,0.6,15.985634467954561,0.00018753100448520854,0.04760129509983623,1
v0-bh50,Marwan-r2,Marwan,B0,13,40,22,0.55,15,9,0.6,15.985634467954561,0.00018753100448520854,0.04760129509983623,1
v0-bh50,Marwan-r2,Marwan,B0,14,40,22,0.55,15,9,0.6,15.985634467954561,0.00018753100448520854,0.04760129509983623,1
v0-bh50,Marwan-r2,Marwan,B0,15,40,22,0.55,15,9,0.6,15.985634467954561,0.00018753100448520854,0.04760129509983623,1
v0-bh50,Marwan-r2,Marwan,B0,16,40,22,0.55,15,9,0.6,15.985634467954561,0.00018753100448520854,0.04760129509983623,1
v0-bh50,Marwan-r2,Marwan,B0,17,40,22,0.55,15,9,0.6,15.985634467954561,0.00018753100448520854,0.04760129509983623,1
v0-bh50,Marwan-r2,Marwan,B0,18,40,22,0.55,15,9,0.6,15.985634467954561,0.00018753100448520854,0.04760129509983623,1
v0-bh50,Marwan-r2,Marwan,B0,19,40,22,0.55,15,9,0.6,15.985634467954561,0.00018753100448520854,0.04760129509983623,1
v0-bh50,Marwan-r2,Marwan,B0,20,40,22,0.55,15,9,0.6,15.985634467954561,0.00018753100448520854,0.04760129509983623,1
v0-bh50,Marwan-r2,Marwan,B0,21,40,22,0.55,15,9,0.6,15.985634467954561,0.00018753100448520854,0.04760129509983623,1
v0-bh50,Marwan-r2,Marwan,B0,22,40,22,0.55,15,9,0.6,15.985634467954561,0.00018753100448520854,0.04760129509983623,1
v0-bh50,Marwan-r2,Marwan,B0,23,40,22,0.55,15,9,0.6,15.985634467954561,0.00018753100448520854,0.04760129509983623,1
v0-bh50,Marwan-r2,Marwan,B0,24,40,22,0.55,15,9,0.6,15.985634467954561,0.00018753100448520854,0.04760129509983623,1
v0-bh50,Marwan-r2,Marwan,B0,25,40,22,0.55,15,9,0.6,15.985634467954561,0.00018753100448520854,0.04760129509983623,1
v0-bh50,Marwan-r2,Marwan,B0,26,40,22,0.55,15,9,0.6,15.985634467954561,0.00018753100448520854,0.04760129509983623,1
v0-bh50,Marwan-r2,Marwan,B0,27,40,22,0.55,15,9,0.6,15.985634467954561,0.00018753100448520854,0.04760129509983623,1
v0-bh50,Marwan-r2,Marwan,B0,28,40,22,0.55,15,9,0.6,15.985634467954561,0.00018753100448520854,0.04760129509983623,1
v0-bh50,Marwan-r2,Marwan,B0,29,40,22,0.55,15,9,0.6,15.985634467954561,0.00018753100448520854,0.04760129509983623,1
v0-bh50,Marwan-r2,Marwan,B1,0,40,22,0.55,15,15,1.0,16.354567717487004,0.17719812300492777,0.04233754589998474,1
v0-bh50,Marwan-r2,Marwan,B1,1,40,23,0.575,15,15,1.0,16.120106530896265,0.17719812300492777,0.04233754589998474,1
v0-bh50,Marwan-r2,Marwan,B1,2,40,23,0.575,15,15,1.0,16.12085705728671,0.17719812300492777,0.04233754589998474,1
v0-bh50,Marwan-r2,Marwan,B1,3,40,21,0.525,15,15,1.0,16.047812619691793,0.17719812300492777,0.04233754589998474,1
v0-bh50,Marwan-r2,Marwan,B1,4,40,24,0.6,15,15,1.0,15.122105273945314,0.17719812300492777,0.04233754589998474,1
v0-bh50,Marwan-r2,Marwan,B1,5,40,22,0.55,15,15,1.0,16.376926295517613,0.17719812300492777,0.04233754589998474,1
v0-bh50,Marwan-r2,Marwan,B1,6,40,22,0.55,15,15,1.0,17.116695498398034,0.17719812300492777,0.04233754589998474,1
v0-bh50,Marwan-r2,Marwan,B1,7,40,21,0.525,15,15,1.0,16.774751303551103,0.17719812300492777,0.04233754589998474,1
v0-bh50,Marwan-r2,Marwan,B1,8,40,23,0.575,15,15,1.0,16.11942318687646,0.17719812300492777,0.04233754589998474,1
v0-bh50,Marwan-r2,Marwan,B1,9,40,24,0.6,15,15,1.0,15.122105273945314,0.17719812300492777,0.04233754589998474,1
v0-bh50,Marwan-r2,Marwan,B1,10,40,19,0.475,15,15,1.0,18.411887582473703,0.17719812300492777,0.04233754589998474,1
v0-bh50,Marwan-r2,Marwan,B1,11,40,24,0.6,15,15,1.0,15.122105273945314,0.17719812300492777,0.04233754589998474,1
v0-bh50,Marwan-r2,Marwan,B1,12,40,22,0.55,15,15,1.0,16.279177753528817,0.17719812300492777,0.04233754589998474,1
v0-bh50,Marwan-r2,Marwan,B1,13,40,23,0.575,15,15,1.0,15.532919545010717,0.17719812300492777,0.04233754589998474,1
v0-bh50,Marwan-r2,Marwan,B1,14,40,21,0.525,15,15,1.0,16.392936466861922,0.17719812300492777,0.04233754589998474,1
v0-bh50,Marwan-r2,Marwan,B1,15,40,21,0.525,15,15,1.0,16.98071252529327,0.17719812300492777,0.04233754589998474,1
v0-bh50,Marwan-r2,Marwan,B1,16,40,23,0.575,15,15,1.0,15.306068018612615,0.17719812300492777,0.04233754589998474,1
v0-bh50,Marwan-r2,Marwan,B1,17,40,22,0.55,15,15,1.0,16.679932028128913,0.17719812300492777,0.04233754589998474,1
v0-bh50,Marwan-r2,Marwan,B1,18,40,24,0.6,15,15,1.0,15.122105273945314,0.17719812300492777,0.04233754589998474,1
v0-bh50,Marwan-r2,Marwan,B1,19,40,22,0.55,15,15,1.0,16.973520345571718,0.17719812300492777,0.04233754589998474,1
v0-bh50,Marwan-r2,Marwan,B1,20,40,19,0.475,15,15,1.0,18.523487795563288,0.17719812300492777,0.04233754589998474,1
v0-bh50,Marwan-r2,Marwan,B1,21,40,24,0.6,15,15,1.0,15.122105273945314,0.17719812300492777,0.04233754589998474,1
v0-bh50,Marwan-r2,Marwan,B1,22,40,24,0.6,15,15,1.0,15.122105273945314,0.17719812300492777,0.04233754589998474,1
v0-bh50,Marwan-r2,Marwan,B1,23,40,23,0.575,15,15,1.0,16.12010653386988,0.17719812300492777,0.04233754589998474,1
v0-bh50,Marwan-r2,Marwan,B1,24,40,23,0.575,15,15,1.0,16.12010653004734,0.17719812300492777,0.04233754589998474,1
v0-bh50,Marwan-r2,Marwan,B1,25,40,23,0.575,15,15,1.0,16.120106531244993,0.17719812300492777,0.04233754589998474,1
v0-bh50,Marwan-r2,Marwan,B1,26,40,23,0.575,15,15,1.0,15.565210399547796,0.17719812300492777,0.04233754589998474,1
v0-bh50,Marwan-r2,Marwan,B1,27,40,22,0.55,15,15,1.0,16.379971411469995,0.17719812300492777,0.04233754589998474,1
v0-bh50,Marwan-r2,Marwan,B1,28,40,21,0.525,15,15,1.0,16.652358671425226,0.17719812300492777,0.04233754589998474,1
v0-bh50,Marwan-r2,Marwan,B1,29,40,23,0.575,15,15,1.0,15.61425709528948,0.17719812300492777,0.04233754589998474,1
