set_id,scenario_id,topology_id,method,realization_id,alert_count,timely_count,timely_ratio,source_count,connected_count,conn_ratio,shortfall,planning_runtime_s,evaluation_runtime_s,evaluate_calls
v0,Bbnplanet-r0,Bbnplanet,B1,0,40,13,0.325,15,15,1.0,27.0,0.1420173109981988,0.025255534499956413,1
v0,Bbnplanet-r0,Bbnplanet,B1,1,40,13,0.325,15,15,1.0,27.0,0.1420173109981988,0.025255534499956413,1
v0,Bbnplanet-r0,Bbnplanet,B1,2,40,12,0.3,15,15,1.0,27.326395888731287,0.1420173109981988,0.025255534499956413,1
v0,Bbnplanet-r0,Bbnplanet,B1,3,40,13,0.325,15,15,1.0,27.0,0.1420173109981988,0.025255534499956413,1
v0,Bbnplanet-r0,Bbnplanet,B1,4,40,13,0.325,15,15,1.0,27.0,0.1420173109981988,0.025255534499956413,1
v0,Bbnplanet-r0,Bbnplanet,B1,5,40,13,0.325,15,15,1.0,27.0,0.1420173109981988,0.025255534499956413,1
v0,Bbnplanet-r0,Bbnplanet,B1,6,40,13,0.325,15,15,1.0,27.0,0.1420173109981988,0.025255534499956413,1
v0,Bbnplanet-r0,Bbnplanet,B1,7,40,13,0.325,15,15,1.0,27.0,0.1420173109981988,0.025255534499956413,1
v0,Bbnplanet-r0,Bbnplanet,B1,8,40,12,0.3,15,15,1.0,27.364014938554945,0.1420173109981988,0.025255534499956413,1
v0,Bbnplanet-r0,Bbnplanet,B1,9,40,12,0.3,15,15,1.0,27.010045670231193,0.1420173109981988,0.025255534499956413,1
v0,Bbnplanet-r0,Bbnplanet,B1,10,40,13,0.325,15,15,1.0,27.0,0.1420173109981988,0.025255534499956413,1
v0,Bbnplanet-r0,Bbnplanet,B1,11,40,13,0.325,15,15,1.0,27.0,0.1420173109981988,0.025255534499956413,1
v0,Bbnplanet-r0,Bbnplanet,B1,12,40,13,0.325,15,15,1.0,27.0,0.1420173109981988,0.025255534499956413,1
v0,Bbnplanet-r0,Bbnplanet,B1,13,40,13,0.325,15,15,1.0,27.0,0.1420173109981988,0.025255534499956413,1
v0,Bbnplanet-r0,Bbnplanet,B1,14,40,12,0.3,15,15,1.0,27.05934744992863,0.1420173109981988,0.025255534499956413,1
v0,Bbnplanet-r0,Bbnplanet,B1,15,40,13,0.325,15,15,1.0,27.0,0.1420173109981988,0.025255534499956413,1
v0,Bbnplanet-r0,Bbnplanet,B1,16,40,13,0.325,15,15,1.0,27.0,0.1420173109981988,0.025255534499956413,1
v0,Bbnplanet-r0,Bbnplanet,B1,17,40,12,0.3,15,15,1.0,27.312814902192322,0.1420173109981988,0.025255534499956413,1
v0,Bbnplanet-r0,Bbnplanet,B1,18,40,13,0.325,15,15,1.0,27.0,0.1420173109981988,0.025255534499956413,1
v0,Bbnplanet-r0,Bbnplanet,B1,19,40,12,0.3,15,15,1.0,27.16421875885495,0.1420173109981988,0.025255534499956413,1
v0,Bbnplanet-r0,Bbnplanet,B1,20,40,13,0.325,15,15,1.0,27.0,0.1420173109981988,0.025255534499956413,1
v0,Bbnplanet-r0,Bbnplanet,B1,21,40,13,0.325,15,15,1.0,27.0,0.1420173109981988,0.025255534499956413,1
v0,Bbnplanet-r0,Bbnplanet,B1,22,40,13,0.325,15,15,1.0,27.0,0.1420173109981988,0.025255534499956413,1
v0,Bbnplanet-r0,Bbnplanet,B1,23,40,12,0.3,15,15,1.0,27.255607859973516,0.1420173109981988,0.025255534499956413,1
v0,Bbnplanet-r0,Bbnplanet,B1,24,40,13,0.325,15,15,1.0,27.0,0.1420173109981988,0.025255534499956413,1
v0,Bbnplanet-r0,Bbnplanet,B1,25,40,13,0.325,15,15,1.0,27.0,0.1420173109981988,0.025255534499956413,1
v0,Bbnplanet-r0,Bbnplanet,B1,26,40,13,0.325,15,15,1.0,27.0,0.1420173109981988,0.025255534499956413,1
v0,Bbnplanet-r0,Bbnplanet,B1,27,40,13,0.325,15,15,1.0,27.0,0.1420173109981988,0.025255534499956413,1
v0,Bbnplanet-r0,Bbnplanet,B1,28,40,12,0.3,15,15,1.0,27.090235113652376,0.1420173109981988,0.025255534499956413,1
v0,Bbnplanet-r0,Bbnplanet,B1,29,40,13,0.325,15,15,1.0,27.0,0.1420173109981988,0.025255534499956413,1
v0,Bbnplanet-r0,Bbnplanet,B2,0,40,14,0.35,15,15,1.0,23.372040984894067,201.48978354399878,0.04623248269999749,1985
v0,Bbnplanet-r0,Bbnplanet,B2,1,40,14,0.35,15,15,1.0,23.819696258403052,201.48978354399878,0.04623248269999749,1985
v0,Bbnplanet-r0,Bbnplanet,B2,2,40,14,0.35,15,15,1.0,23.83346516919963,201.48978354399878,0.04623248269999749,1985
v0,Bbnplanet-r0,Bbnplanet,B2,3,40,14,0.35,15,15,1.0,24.233452246590197,201.48978354399878,0.04623248269999749,1985
v0,Bbnplanet-r0,Bbnplanet,B2,4,40,14,0.35,15,15,1.0,24.65183951703658,201.48978354399878,0.04623248269999749,1985
v0,Bbnplanet-r0,Bbnplanet,B2,5,40,14,0.35,15,15,1.0,24.013477622036863,201.48978354399878,0.04623248269999749,1985
v0,Bbnplanet-r0,Bbnplanet,B2,6,40,14,0.35,15,15,1.0,24.22279476272189,201.48978354399878,0.04623248269999749,1985
v0,Bbnplanet-r0,Bbnplanet,B2,7,40,14,0.35,15,15,1.0,23.82399746897635,201.48978354399878,0.04623248269999749,1985
v0,Bbnplanet-r0,Bbnplanet,B2,8,40,14,0.35,15,15,1.0,24.969596843363444,201.48978354399878,0.04623248269999749,1985
v0,Bbnplanet-r0,Bbnplanet,B2,9,40,14,0.35,15,15,1.0,24.58733744964647,201.48978354399878,0.04623248269999749,1985
v0,Bbnplanet-r0,Bbnplanet,B2,10,40,14,0.35,15,15,1.0,24.359207546507886,201.48978354399878,0.04623248269999749,1985
v0,Bbnplanet-r0,Bbnplanet,B2,11,40,14,0.35,15,15,1.0,22.944915400675743,201.48978354399878,0.04623248269999749,1985
v0,Bbnplanet-r0,Bbnplanet,B2,12,40,14,0.35,15,15,1.0,24.22945019750141,201.48978354399878,0.04623248269999749,1985
v0,Bbnplanet-r0,Bbnplanet,B2,13,40,15,0.375,15,15,1.0,23.225681231952013,201.48978354399878,0.04623248269999749,1985
v0,Bbnplanet-r0,Bbnplanet,B2,14,40,14,0.35,15,15,1.0,24.528780086458543,201.48978354399878,0.04623248269999749,1985
v0,Bbnplanet-r0,Bbnplanet,B2,15,40,14,0.35,15,15,1.0,24.372462109134496,201.48978354399878,0.04623248269999749,1985
v0,Bbnplanet-r0,Bbnplanet,B2,16,40,14,0.35,15,15,1.0,24.85893723189558,201.48978354399878,0.04623248269999749,1985
v0,Bbnplanet-r0,Bbnplanet,B2,17,40,14,0.35,15,15,1.0,23.443697260713943,201.48978354399878,0.04623248269999749,1985
v0,Bbnplanet-r0,Bbnplanet,B2,18,40,14,0.35,15,15,1.0,23.836224543054524,201.48978354399878,0.04623248269999749,1985
v0,Bbnplanet-r0,Bbnplanet,B2,19,40,15,0.375,15,15,1.0,23.591219659143086,201.48978354399878,0.04623248269999749,1985
v0,Bbnplanet-r0,Bbnplanet,B2,20,40,14,0.35,15,15,1.0,24.352235479785097,201.48978354399878,0.04623248269999749,1985
v0,Bbnplanet-r0,Bbnplanet,B2,21,40,13,0.325,15,15,1.0,24.690522352000443,201.48978354399878,0.04623248269999749,1985
v0,Bbnplanet-r0,Bbnplanet,B2,22,40,14,0.35,15,15,1.0,23.946677869630314,201.48978354399878,0.04623248269999749,1985
v0,Bbnplanet-r0,Bbnplanet,B2,23,40,14,0.35,15,15,1.0,24.40481494464751,201.48978354399878,0.04623248269999749,1985
v0,Bbnplanet-r0,Bbnplanet,B2,24,40,14,0.35,15,15,1.0,23.734243569714412,201.48978354399878,0.04623248269999749,1985
v0,Bbnplanet-r0,Bbnplanet,B2,25,40,14,0.35,15,15,1.0,23.974816517314864,201.48978354399878,0.04623248269999749,1985
v0,Bbnplanet-r0,Bbnplanet,B2,26,40,14,0.35,15,15,1.0,24.42259887229153,201.48978354399878,0.04623248269999749,1985
v0,Bbnplanet-r0,Bbnplanet,B2,27,40,14,0.35,15,15,1.0,24.980154608777113,201.48978354399878,0.04623248269999749,1985
v0,Bbnplanet-r0,Bbnplanet,B2,28,40,14,0.35,15,15,1.0,23.573868712297166,201.48978354399878,0.04623248269999749,1985
v0,Bbnplanet-r0,Bbnplanet,B2,29,40,14,0.35,15,15,1.0,24.034928225005157,201.48978354399878,0.04623248269999749,1985
v0,Bbnplanet-r0,Bbnplanet,P,0,40,14,0.35,15,15,1.0,23.15398332660684,187.34591258,0.05584275179996136,2001
v0,Bbnplanet-r0,Bbnplanet,P,1,40,13,0.325,15,15,1.0,23.725198202956765,187.34591258,0.05584275179996136,2001
v0,Bbnplanet-r0,Bbnplanet,P,2,40,13,0.325,15,15,1.0,24.073052934764835,187.34591258,0.05584275179996136,2001
v0,Bbnplanet-r0,Bbnplanet,P,3,40,14,0.35,15,15,1.0,24.29417725676418,187.34591258,0.05584275179996136,2001
v0,Bbnplanet-r0,Bbnplanet,P,4,40,14,0.35,15,15,1.0,24.64766822777814,187.34591258,0.05584275179996136,2001
v0,Bbnplanet-r0,Bbnplanet,P,5,40,13,0.325,15,15,1.0,24.450215580992772,187.34591258,0.05584275179996136,2001
v0,Bbnplanet-r0,Bbnplanet,P,6,40,12,0.3,15,15,1.0,24.41101341177927,187.34591258,0.05584275179996136,2001
v0,Bbnplanet-r0,Bbnplanet,P,7,40,13,0.325,15,15,1.0,23.890193993950653,187.34591258,0.05584275179996136,2001
v0,Bbnplanet-r0,Bbnplanet,P,8,40,13,0.325,15,15,1.0,24.715815816463355,187.34591258,0.05584275179996136,2001
v0,Bbnplanet-r0,Bbnplanet,P,9,40,13,0.325,15,15,1.0,25.36619829261942,187.34591258,0.05584275179996136,2001
v0,Bbnplanet-r0,Bbnplanet,P,10,40,13,0.325,15,15,1.0,25.175595912651055,187.34591258,0.05584275179996136,2001
v0,Bbnplanet-r0,Bbnplanet,P,11,40,13,0.325,15,15,1.0,23.08591834718648,187.34591258,0.05584275179996136,2001
v0,Bbnplanet-r0,Bbnplanet,P,12,40,14,0.35,15,15,1.0,24.27242233489283,187.34591258,0.05584275179996136,2001
v0,Bbnplanet-r0,Bbnplanet,P,13,40,15,0.375,15,15,1.0,23.226940337331385,187.34591258,0.05584275179996136,2001
v0,Bbnplanet-r0,Bbnplanet,P,14,40,14,0.35,15,15,1.0,24.48813613277192,187.34591258,0.05584275179996136,2001
v0,Bbnplanet-r0,Bbnplanet,P,15,40,14,0.35,15,15,1.0,24.17133184509618,187.34591258,0.05584275179996136,2001
v0,Bbnplanet-r0,Bbnplanet,P,16,40,13,0.325,15,15,1.0,25.15718137109821,187.34591258,0.05584275179996136,2001
v0,Bbnplanet-r0,Bbnplanet,P,17,40,13,0.325,15,15,1.0,23.478460009646138,187.34591258,0.05584275179996136,2001
v0,Bbnplanet-r0,Bbnplanet,P,18,40,13,0.325,15,15,1.0,24.148098280005936,187.34591258,0.05584275179996136,2001
v0,Bbnplanet-r0,Bbnplanet,P,19,40,14,0.35,15,15,1.0,23.882862608789097,187.34591258,0.05584275179996136,2001
v0,Bbnplanet-r0,Bbnplanet,P,20,40,13,0.325,15,15,1.0,24.676452504084768,187.34591258,0.05584275179996136,2001
v0,Bbnplanet-r0,Bbnplanet,P,21,40,13,0.325,15,15,1.0,25.213674185157462,187.34591258,0.05584275179996136,2001
v0,Bbnplanet-r0,Bbnplanet,P,22,40,14,0.35,15,15,1.0,24.042683050217452,187.34591258,0.05584275179996136,2001
v0,Bbnplanet-r0,Bbnplanet,P,23,40,13,0.325,15,15,1.0,25.00955822736439,187.34591258,0.05584275179996136,2001
v0,Bbnplanet-r0,Bbnplanet,P,24,40,13,0.325,15,15,1.0,23.633364474946834,187.34591258,0.05584275179996136,2001
v0,Bbnplanet-r0,Bbnplanet,P,25,40,13,0.325,15,15,1.0,24.833586904572964,187.34591258,0.05584275179996136,2001
v0,Bbnplanet-r0,Bbnplanet,P,26,40,13,0.325,15,15,1.0,24.413809444489782,187.34591258,0.05584275179996136,2001
v0,Bbnplanet-r0,Bbnplanet,P,27,40,13,0.325,15,15,1.0,25.091705850776663,187.34591258,0.05584275179996136,2001
v0,Bbnplanet-r0,Bbnplanet,P,28,40,13,0.325,15,15,1.0,23.83290669878619,187.34591258,0.05584275179996136,2001
v0,Bbnplanet-r0,Bbnplanet,P,29,40,14,0.35,15,15,1.0,24.99913062349993,187.34591258,0.05584275179996136,2001
v0,Bbnplanet-r0,Bbnplanet,P_cat0,0,40,14,0.35,15,15,1.0,23.15398332660684,168.06359987799806,0.0829653466000309,2001
v0,Bbnplanet-r0,Bbnplanet,P_cat0,1,40,13,0.325,15,15,1.0,23.725198202956765,168.06359987799806,0.0829653466000309,2001
v0,Bbnplanet-r0,Bbnplanet,P_cat0,2,40,13,0.325,15,15,1.0,24.073052934764835,168.06359987799806,0.0829653466000309,2001
v0,Bbnplanet-r0,Bbnplanet,P_cat0,3,40,14,0.35,15,15,1.0,24.29417725676418,168.06359987799806,0.0829653466000309,2001
v0,Bbnplanet-r0,Bbnplanet,P_cat0,4,40,14,0.35,15,15,1.0,24.64766822777814,168.06359987799806,0.0829653466000309,2001
v0,Bbnplanet-r0,Bbnplanet,P_cat0,5,40,13,0.325,15,15,1.0,24.450215580992772,168.06359987799806,0.0829653466000309,2001
v0,Bbnplanet-r0,Bbnplanet,P_cat0,6,40,12,0.3,15,15,1.0,24.41101341177927,168.06359987799806,0.0829653466000309,2001
v0,Bbnplanet-r0,Bbnplanet,P_cat0,7,40,13,0.325,15,15,1.0,23.890193993950653,168.06359987799806,0.0829653466000309,2001
v0,Bbnplanet-r0,Bbnplanet,P_cat0,8,40,13,0.325,15,15,1.0,24.715815816463355,168.06359987799806,0.0829653466000309,2001
v0,Bbnplanet-r0,Bbnplanet,P_cat0,9,40,13,0.325,15,15,1.0,25.36619829261942,168.06359987799806,0.0829653466000309,2001
v0,Bbnplanet-r0,Bbnplanet,P_cat0,10,40,13,0.325,15,15,1.0,25.175595912651055,168.06359987799806,0.0829653466000309,2001
v0,Bbnplanet-r0,Bbnplanet,P_cat0,11,40,13,0.325,15,15,1.0,23.08591834718648,168.06359987799806,0.0829653466000309,2001
v0,Bbnplanet-r0,Bbnplanet,P_cat0,12,40,14,0.35,15,15,1.0,24.27242233489283,168.06359987799806,0.0829653466000309,2001
v0,Bbnplanet-r0,Bbnplanet,P_cat0,13,40,15,0.375,15,15,1.0,23.226940337331385,168.06359987799806,0.0829653466000309,2001
v0,Bbnplanet-r0,Bbnplanet,P_cat0,14,40,14,0.35,15,15,1.0,24.48813613277192,168.06359987799806,0.0829653466000309,2001
v0,Bbnplanet-r0,Bbnplanet,P_cat0,15,40,14,0.35,15,15,1.0,24.17133184509618,168.06359987799806,0.0829653466000309,2001
v0,Bbnplanet-r0,Bbnplanet,P_cat0,16,40,13,0.325,15,15,1.0,25.15718137109821,168.06359987799806,0.0829653466000309,2001
v0,Bbnplanet-r0,Bbnplanet,P_cat0,17,40,13,0.325,15,15,1.0,23.478460009646138,168.06359987799806,0.0829653466000309,2001
v0,Bbnplanet-r0,Bbnplanet,P_cat0,18,40,13,0.325,15,15,1.0,24.148098280005936,168.06359987799806,0.0829653466000309,2001
v0,Bbnplanet-r0,Bbnplanet,P_cat0,19,40,14,0.35,15,15,1.0,23.882862608789097,168.06359987799806,0.0829653466000309,2001
v0,Bbnplanet-r0,Bbnplanet,P_cat0,20,40,13,0.325,15,15,1.0,24.676452504084768,168.06359987799806,0.0829653466000309,2001
v0,Bbnplanet-r0,Bbnplanet,P_cat0,21,40,13,0.325,15,15,1.0,25.213674185157462,168.06359987799806,0.0829653466000309,2001
v0,Bbnplanet-r0,Bbnplanet,P_cat0,22,40,14,0.35,15,15,1.0,24.042683050217452,168.06359987799806,0.0829653466000309,2001
v0,Bbnplanet-r0,Bbnplanet,P_cat0,23,40,13,0.325,15,15,1.0,25.00955822736439,168.06359987799806,0.0829653466000309,2001
v0,Bbnplanet-r0,Bbnplanet,P_cat0,24,40,13,0.325,15,15,1.0,23.633364474946834,168.06359987799806,0.0829653466000309,2001
v0,Bbnplanet-r0,Bbnplanet,P_cat0,25,40,13,0.325,15,15,1.0,24.833586904572964,168.06359987799806,0.0829653466000309,2001
v0,Bbnplanet-r0,Bbnplanet,P_cat0,26,40,13,0.325,15,15,1.0,24.413809444489782,168.06359987799806,0.0829653466000309,2001
v0,Bbnplanet-r0,Bbnplanet,P_cat0,27,40,13,0.325,15,15,1.0,25.091705850776663,168.06359987799806,0.0829653466000309,2001
v0,Bbnplanet-r0,Bbnplanet,P_cat0,28,40,13,0.325,15,15,1.0,23.83290669878619,168.06359987799806,0.0829653466000309,2001
v0,Bbnplanet-r0,Bbnplanet,P_cat0,29,40,14,0.35,15,15,1.0,24.99913062349993,168.06359987799806,0.0829653466000309,2001
v0,Bbnplanet-r0,Bbnplanet,P_cat03,0,40,14,0.35,15,15,1.0,23.15398332660684,209.1476126339985,0.07066926560000866,2001
v0,Bbnplanet-r0,Bbnplanet,P_cat03,1,40,13,0.325,15,15,1.0,23.725198202956765,209.1476126339985,0.07066926560000866,2001
v0,Bbnplanet-r0,Bbnplanet,P_cat03,2,40,13,0.325,15,15,1.0,24.073052934764835,209.1476126339985,0.07066926560000866,2001
v0,Bbnplanet-r0,Bbnplanet,P_cat03,3,40,14,0.35,15,15,1.0,24.29417725676418,209.1476126339985,0.07066926560000866,2001
v0,Bbnplanet-r0,Bbnplanet,P_cat03,4,40,14,0.35,15,15,1.0,24.64766822777814,209.1476126339985,0.07066926560000866,2001
v0,Bbnplanet-r0,Bbnplanet,P_cat03,5,40,13,0.325,15,15,1.0,24.450215580992772,209.1476126339985,0.07066926560000866,2001
v0,Bbnplanet-r0,Bbnplanet,P_cat03,6,40,12,0.3,15,15,1.0,24.41101341177927,209.1476126339985,0.07066926560000866,2001
v0,Bbnplanet-r0,Bbnplanet,P_cat03,7,40,13,0.325,15,15,1.0,23.890193993950653,209.1476126339985,0.07066926560000866,2001
v0,Bbnplanet-r0,Bbnplanet,P_cat03,8,40,13,0.325,15,15,1.0,24.715815816463355,209.1476126339985,0.07066926560000866,2001
v0,Bbnplanet-r0,Bbnplanet,P_cat03,9,40,13,0.325,15,15,1.0,25.36619829261942,209.1476126339985,0.07066926560000866,2001
v0,Bbnplanet-r0,Bbnplanet,P_cat03,10,40,13,0.325,15,15,1.0,25.175595912651055,209.1476126339985,0.07066926560000866,2001
v0,Bbnplanet-r0,Bbnplanet,P_cat03,11,40,13,0.325,15,15,1.0,23.08591834718648,209.1476126339985,0.07066926560000866,2001
v0,Bbnplanet-r0,Bbnplanet,P_cat03,12,40,14,0.35,15,15,1.0,24.27242233489283,209.1476126339985,0.07066926560000866,2001
v0,Bbnplanet-r0,Bbnplanet,P_cat03,13,40,15,0.375,15,15,1.0,23.226940337331385,209.1476126339985,0.07066926560000866,2001
v0,Bbnplanet-r0,Bbnplanet,P_cat03,14,40,14,0.35,15,15,1.0,24.48813613277192,209.1476126339985,0.07066926560000866,2001
v0,Bbnplanet-r0,Bbnplanet,P_cat03,15,40,14,0.35,15,15,1.0,24.17133184509618,209.1476126339985,0.07066926560000866,2001
v0,Bbnplanet-r0,Bbnplanet,P_cat03,16,40,13,0.325,15,15,1.0,25.15718137109821,209.1476126339985,0.07066926560000866,2001
v0,Bbnplanet-r0,Bbnplanet,P_cat03,17,40,13,0.325,15,15,1.0,23.478460009646138,209.1476126339985,0.07066926560000866,2001
v0,Bbnplanet-r0,Bbnplanet,P_cat03,18,40,13,0.325,15,15,1.0,24.148098280005936,209.1476126339985,0.07066926560000866,2001
v0,Bbnplanet-r0,Bbnplanet,P_cat03,19,40,14,0.35,15,15,1.0,23.882862608789097,209.1476126339985,0.07066926560000866,2001
v0,Bbnplanet-r0,Bbnplanet,P_cat03,20,40,13,0.325,15,15,1.0,24.676452504084768,209.1476126339985,0.07066926560000866,2001
v0,Bbnplanet-r0,Bbnplanet,P_cat03,21,40,13,0.325,15,15,1.0,25.213674185157462,209.1476126339985,0.07066926560000866,2001
v0,Bbnplanet-r0,Bbnplanet,P_cat03,22,40,14,0.35,15,15,1.0,24.042683050217452,209.1476126339985,0.07066926560000866,2001
v0,Bbnplanet-r0,Bbnplanet,P_cat03,23,40,13,0.325,15,15,1.0,25.00955822736439,209.1476126339985,0.07066926560000866,2001
v0,Bbnplanet-r0,Bbnplanet,P_cat03,24,40,13,0.325,15,15,1.0,23.633364474946834,209.1476126339985,0.07066926560000866,2001
v0,Bbnplanet-r0,Bbnplanet,P_cat03,25,40,13,0.325,15,15,1.0,24.833586904572964,209.1476126339985,0.07066926560000866,2001
v0,Bbnplanet-r0,Bbnplanet,P_cat03,26,40,13,0.325,15,15,1.0,24.413809444489782,209.1476126339985,0.07066926560000866,2001
v0,Bbnplanet-r0,Bbnplanet,P_cat03,27,40,13,0.325,15,15,1.0,25.091705850776663,209.1476126339985,0.07066926560000866,2001
v0,Bbnplanet-r0,Bbnplanet,P_cat03,28,40,13,0.325,15,15,1.0,23.83290669878619,209.1476126339985,0.07066926560000866,2001
v0,Bbnplanet-r0,Bbnplanet,P_cat03,29,40,14,0.35,15,15,1.0,24.99913062349993,209.1476126339985,0.07066926560000866,2001
v0,Bbnplanet-r0,Bbnplanet,P_cat1,0,40,15,0.375,15,15,1.0,23.210429052388765,200.55998352299866,0.05015902686657985,2001
v0,Bbnplanet-r0,Bbnplanet,P_cat1,1,40,16,0.4,15,15,1.0,22.927917293059046,200.55998352299866,0.05015902686657985,2001
v0,Bbnplanet-r0,Bbnplanet,P_cat1,2,40,14,0.35,15,15,1.0,23.71868484621725,200.55998352299866,0.05015902686657985,2001
v0,Bbnplanet-r0,Bbnplanet,P_cat1,3,40,14,0.35,15,15,1.0,24.534134802707904,200.55998352299866,0.05015902686657985,2001
v0,Bbnplanet-r0,Bbnplanet,P_cat1,4,40,14,0.35,15,15,1.0,24.298197622904276,200.55998352299866,0.05015902686657985,2001
v0,Bbnplanet-r0,Bbnplanet,P_cat1,5,40,15,0.375,15,15,1.0,22.5057447005847,200.55998352299866,0.05015902686657985,2001
v0,Bbnplanet-r0,Bbnplanet,P_cat1,6,40,15,0.375,15,15,1.0,22.301118977327988,200.55998352299866,0.05015902686657985,2001
v0,Bbnplanet-r0,Bbnplanet,P_cat1,7,40,15,0.375,15,15,1.0,23.847701402280975,200.55998352299866,0.05015902686657985,2001
v0,Bbnplanet-r0,Bbnplanet,P_cat1,8,40,14,0.35,15,15,1.0,23.616512433659604,200.55998352299866,0.05015902686657985,2001
v0,Bbnplanet-r0,Bbnplanet,P_cat1,9,40,15,0.375,15,15,1.0,23.04564946386597,200.55998352299866,0.05015902686657985,2001
v0,Bbnplanet-r0,Bbnplanet,P_cat1,10,40,15,0.375,15,15,1.0,22.85598073277694,200.55998352299866,0.05015902686657985,2001
v0,Bbnplanet-r0,Bbnplanet,P_cat1,11,40,15,0.375,15,15,1.0,21.81527733295674,200.55998352299866,0.05015902686657985,2001
v0,Bbnplanet-r0,Bbnplanet,P_cat1,12,40,14,0.35,15,15,1.0,24.873676538308047,200.55998352299866,0.05015902686657985,2001
v0,Bbnplanet-r0,Bbnplanet,P_cat1,13,40,15,0.375,15,15,1.0,22.2139244670909,200.55998352299866,0.05015902686657985,2001
v0,Bbnplanet-r0,Bbnplanet,P_cat1,14,40,14,0.35,15,15,1.0,24.50915902373549,200.55998352299866,0.05015902686657985,2001
v0,Bbnplanet-r0,Bbnplanet,P_cat1,15,40,15,0.375,15,15,1.0,23.719875299323164,200.55998352299866,0.05015902686657985,2001
v0,Bbnplanet-r0,Bbnplanet,P_cat1,16,40,15,0.375,15,15,1.0,23.045784327172345,200.55998352299866,0.05015902686657985,2001
v0,Bbnplanet-r0,Bbnplanet,P_cat1,17,40,17,0.425,15,15,1.0,22.068378349134083,200.55998352299866,0.05015902686657985,2001
v0,Bbnplanet-r0,Bbnplanet,P_cat1,18,40,15,0.375,15,15,1.0,23.167701714221604,200.55998352299866,0.05015902686657985,2001
v0,Bbnplanet-r0,Bbnplanet,P_cat1,19,40,15,0.375,15,15,1.0,23.099061148230017,200.55998352299866,0.05015902686657985,2001
v0,Bbnplanet-r0,Bbnplanet,P_cat1,20,40,16,0.4,15,15,1.0,22.66255185084474,200.55998352299866,0.05015902686657985,2001
v0,Bbnplanet-r0,Bbnplanet,P_cat1,21,40,15,0.375,15,15,1.0,23.24658663324658,200.55998352299866,0.05015902686657985,2001
v0,Bbnplanet-r0,Bbnplanet,P_cat1,22,40,16,0.4,15,15,1.0,22.735659181017304,200.55998352299866,0.05015902686657985,2001
v0,Bbnplanet-r0,Bbnplanet,P_cat1,23,40,14,0.35,15,15,1.0,23.772055288028888,200.55998352299866,0.05015902686657985,2001
v0,Bbnplanet-r0,Bbnplanet,P_cat1,24,40,14,0.35,15,15,1.0,22.189369655225597,200.55998352299866,0.05015902686657985,2001
v0,Bbnplanet-r0,Bbnplanet,P_cat1,25,40,16,0.4,15,15,1.0,22.925520286909848,200.55998352299866,0.05015902686657985,2001
v0,Bbnplanet-r0,Bbnplanet,P_cat1,26,40,14,0.35,15,15,1.0,24.65456652080731,200.55998352299866,0.05015902686657985,2001
v0,Bbnplanet-r0,Bbnplanet,P_cat1,27,40,15,0.375,15,15,1.0,23.502446362641823,200.55998352299866,0.05015902686657985,2001
v0,Bbnplanet-r0,Bbnplanet,P_cat1,28,40,16,0.4,15,15,1.0,22.726964151997556,200.55998352299866,0.05015902686657985,2001
v0,Bbnplanet-r0,Bbnplanet,P_cat1,29,40,15,0.375,15,15,1.0,24.362258625109348,200.55998352299866,0.05015902686657985,2001
v0,Bbnplanet-r0,Bbnplanet,P_catalog_trajectory,0,40,16,0.4,15,15,1.0,22.827556984956775,192.93798616799904,0.05350986939993163,2001
v0,Bbnplanet-r0,Bbnplanet,P_catalog_trajectory,1,40,16,0.4,15,15,1.0,22.554760291025435,192.93798616799904,0.05350986939993163,2001
v0,Bbnplanet-r0,Bbnplanet,P_catalog_trajectory,2,40,16,0.4,15,15,1.0,22.53420829522056,192.93798616799904,0.05350986939993163,2001
v0,Bbnplanet-r0,Bbnplanet,P_catalog_trajectory,3,40,16,0.4,15,15,1.0,22.715974730606728,192.93798616799904,0.05350986939993163,2001
v0,Bbnplanet-r0,Bbnplanet,P_catalog_trajectory,4,40,17,0.425,15,15,1.0,22.714736791386297,192.93798616799904,0.05350986939993163,2001
v0,Bbnplanet-r0,Bbnplanet,P_catalog_trajectory,5,40,16,0.4,15,15,1.0,23.712121185810425,192.93798616799904,0.05350986939993163,2001
v0,Bbnplanet-r0,Bbnplanet,P_catalog_trajectory,6,40,16,0.4,15,15,1.0,21.946389044955882,192.93798616799904,0.05350986939993163,2001
v0,Bbnplanet-r0,Bbnplanet,P_catalog_trajectory,7,40,16,0.4,15,15,1.0,23.398677971692624,192.93798616799904,0.05350986939993163,2001
v0,Bbnplanet-r0,Bbnplanet,P_catalog_trajectory,8,40,16,0.4,15,15,1.0,22.548479926501454,192.93798616799904,0.05350986939993163,2001
v0,Bbnplanet-r0,Bbnplanet,P_catalog_trajectory,9,40,16,0.4,15,15,1.0,22.244294635258544,192.93798616799904,0.05350986939993163,2001
v0,Bbnplanet-r0,Bbnplanet,P_catalog_trajectory,10,40,16,0.4,15,15,1.0,22.053872037867134,192.93798616799904,0.05350986939993163,2001
v0,Bbnplanet-r0,Bbnplanet,P_catalog_trajectory,11,40,15,0.375,15,15,1.0,22.582185535915368,192.93798616799904,0.05350986939993163,2001
v0,Bbnplanet-r0,Bbnplanet,P_catalog_trajectory,12,40,17,0.425,15,15,1.0,22.64932192184275,192.93798616799904,0.05350986939993163,2001
v0,Bbnplanet-r0,Bbnplanet,P_catalog_trajectory,13,40,16,0.4,15,15,1.0,23.428932781629946,192.93798616799904,0.05350986939993163,2001
v0,Bbnplanet-r0,Bbnplanet,P_catalog_trajectory,14,40,15,0.375,15,15,1.0,22.230823803408164,192.93798616799904,0.05350986939993163,2001
v0,Bbnplanet-r0,Bbnplanet,P_catalog_trajectory,15,40,16,0.4,15,15,1.0,23.10304318166673,192.93798616799904,0.05350986939993163,2001
v0,Bbnplanet-r0,Bbnplanet,P_catalog_trajectory,16,40,17,0.425,15,15,1.0,22.320018688801166,192.93798616799904,0.05350986939993163,2001
v0,Bbnplanet-r0,Bbnplanet,P_catalog_trajectory,17,40,15,0.375,15,15,1.0,22.997138662898188,192.93798616799904,0.05350986939993163,2001
v0,Bbnplanet-r0,Bbnplanet,P_catalog_trajectory,18,40,17,0.425,15,15,1.0,22.441846544432643,192.93798616799904,0.05350986939993163,2001
v0,Bbnplanet-r0,Bbnplanet,P_catalog_trajectory,19,40,16,0.4,15,15,1.0,23.086763743543937,192.93798616799904,0.05350986939993163,2001
v0,Bbnplanet-r0,Bbnplanet,P_catalog_trajectory,20,40,16,0.4,15,15,1.0,23.273144262798024,192.93798616799904,0.05350986939993163,2001
v0,Bbnplanet-r0,Bbnplanet,P_catalog_trajectory,21,40,15,0.375,15,15,1.0,22.77282180905441,192.93798616799904,0.05350986939993163,2001
v0,Bbnplanet-r0,Bbnplanet,P_catalog_trajectory,22,40,17,0.425,15,15,1.0,22.02905435863894,192.93798616799904,0.05350986939993163,2001
v0,Bbnplanet-r0,Bbnplanet,P_catalog_trajectory,23,40,16,0.4,15,15,1.0,22.515542538016575,192.93798616799904,0.05350986939993163,2001
v0,Bbnplanet-r0,Bbnplanet,P_catalog_trajectory,24,40,17,0.425,15,15,1.0,21.979296829722177,192.93798616799904,0.05350986939993163,2001
v0,Bbnplanet-r0,Bbnplanet,P_catalog_trajectory,25,40,16,0.4,15,15,1.0,21.719334933973887,192.93798616799904,0.05350986939993163,2001
v0,Bbnplanet-r0,Bbnplanet,P_catalog_trajectory,26,40,16,0.4,15,15,1.0,22.974672501954437,192.93798616799904,0.05350986939993163,2001
v0,Bbnplanet-r0,Bbnplanet,P_catalog_trajectory,27,40,16,0.4,15,15,1.0,22.004840795104926,192.93798616799904,0.05350986939993163,2001
v0,Bbnplanet-r0,Bbnplanet,P_catalog_trajectory,28,40,16,0.4,15,15,1.0,23.581554751789,192.93798616799904,0.05350986939993163,2001
v0,Bbnplanet-r0,Bbnplanet,P_catalog_trajectory,29,40,17,0.425,15,15,1.0,21.387889033190376,192.93798616799904,0.05350986939993163,2001
v0,Bbnplanet-r0,Bbnplanet,P_init,0,40,14,0.35,15,15,1.0,22.18781593619372,197.11795745700147,0.0545424257000074,2001
v0,Bbnplanet-r0,Bbnplanet,P_init,1,40,12,0.3,15,15,1.0,23.473030196420083,197.11795745700147,0.0545424257000074,2001
v0,Bbnplanet-r0,Bbnplanet,P_init,2,40,12,0.3,15,15,1.0,24.496377268735007,197.11795745700147,0.0545424257000074,2001
v0,Bbnplanet-r0,Bbnplanet,P_init,3,40,13,0.325,15,15,1.0,24.0737784222701,197.11795745700147,0.0545424257000074,2001
v0,Bbnplanet-r0,Bbnplanet,P_init,4,40,13,0.325,15,15,1.0,23.74479404669157,197.11795745700147,0.0545424257000074,2001
v0,Bbnplanet-r0,Bbnplanet,P_init,5,40,15,0.375,15,15,1.0,22.911263349067752,197.11795745700147,0.0545424257000074,2001
v0,Bbnplanet-r0,Bbnplanet,P_init,6,40,14,0.35,15,15,1.0,23.77986741545881,197.11795745700147,0.0545424257000074,2001
v0,Bbnplanet-r0,Bbnplanet,P_init,7,40,13,0.325,15,15,1.0,23.364120461863553,197.11795745700147,0.0545424257000074,2001
v0,Bbnplanet-r0,Bbnplanet,P_init,8,40,13,0.325,15,15,1.0,25.261173997662908,197.11795745700147,0.0545424257000074,2001
v0,Bbnplanet-r0,Bbnplanet,P_init,9,40,14,0.35,15,15,1.0,23.42320778272617,197.11795745700147,0.0545424257000074,2001
v0,Bbnplanet-r0,Bbnplanet,P_init,10,40,13,0.325,15,15,1.0,24.792083509447963,197.11795745700147,0.0545424257000074,2001
v0,Bbnplanet-r0,Bbnplanet,P_init,11,40,14,0.35,15,15,1.0,22.483146817019808,197.11795745700147,0.0545424257000074,2001
v0,Bbnplanet-r0,Bbnplanet,P_init,12,40,12,0.3,15,15,1.0,24.088091050718436,197.11795745700147,0.0545424257000074,2001
v0,Bbnplanet-r0,Bbnplanet,P_init,13,40,14,0.35,15,15,1.0,22.950212642997034,197.11795745700147,0.0545424257000074,2001
v0,Bbnplanet-r0,Bbnplanet,P_init,14,40,13,0.325,15,15,1.0,23.942923409015112,197.11795745700147,0.0545424257000074,2001
v0,Bbnplanet-r0,Bbnplanet,P_init,15,40,13,0.325,15,15,1.0,23.604876754389387,197.11795745700147,0.0545424257000074,2001
v0,Bbnplanet-r0,Bbnplanet,P_init,16,40,13,0.325,15,15,1.0,23.967740285593585,197.11795745700147,0.0545424257000074,2001
v0,Bbnplanet-r0,Bbnplanet,P_init,17,40,14,0.35,15,15,1.0,22.750756175702364,197.11795745700147,0.0545424257000074,2001
v0,Bbnplanet-r0,Bbnplanet,P_init,18,40,14,0.35,15,15,1.0,22.887745012035904,197.11795745700147,0.0545424257000074,2001
v0,Bbnplanet-r0,Bbnplanet,P_init,19,40,14,0.35,15,15,1.0,23.340252527545537,197.11795745700147,0.0545424257000074,2001
v0,Bbnplanet-r0,Bbnplanet,P_init,20,40,15,0.375,15,15,1.0,22.468878950031453,197.11795745700147,0.0545424257000074,2001
v0,Bbnplanet-r0,Bbnplanet,P_init,21,40,14,0.35,15,15,1.0,23.779016449466507,197.11795745700147,0.0545424257000074,2001
v0,Bbnplanet-r0,Bbnplanet,P_init,22,40,13,0.325,15,15,1.0,24.2134041268683,197.11795745700147,0.0545424257000074,2001
v0,Bbnplanet-r0,Bbnplanet,P_init,23,40,12,0.3,15,15,1.0,24.08515137889878,197.11795745700147,0.0545424257000074,2001
v0,Bbnplanet-r0,Bbnplanet,P_init,24,40,14,0.35,15,15,1.0,24.516705241674217,197.11795745700147,0.0545424257000074,2001
v0,Bbnplanet-r0,Bbnplanet,P_init,25,40,13,0.325,15,15,1.0,22.78336713925028,197.11795745700147,0.0545424257000074,2001
v0,Bbnplanet-r0,Bbnplanet,P_init,26,40,14,0.35,15,15,1.0,24.18993302274463,197.11795745700147,0.0545424257000074,2001
v0,Bbnplanet-r0,Bbnplanet,P_init,27,40,13,0.325,15,15,1.0,23.99177452297367,197.11795745700147,0.0545424257000074,2001
v0,Bbnplanet-r0,Bbnplanet,P_init,28,40,13,0.325,15,15,1.0,23.14422596084072,197.11795745700147,0.0545424257000074,2001
v0,Bbnplanet-r0,Bbnplanet,P_init,29,40,13,0.325,15,15,1.0,24.5876116972022,197.11795745700147,0.0545424257000074,2001
v0,Bbnplanet-r0,Bbnplanet,P_init_w10,0,40,16,0.4,15,15,1.0,22.08844337534384,198.8184610319986,0.053316853933332214,2001
v0,Bbnplanet-r0,Bbnplanet,P_init_w10,1,40,14,0.35,15,15,1.0,23.425791411096245,198.8184610319986,0.053316853933332214,2001
v0,Bbnplanet-r0,Bbnplanet,P_init_w10,2,40,12,0.3,15,15,1.0,24.07435500473612,198.8184610319986,0.053316853933332214,2001
v0,Bbnplanet-r0,Bbnplanet,P_init_w10,3,40,14,0.35,15,15,1.0,24.15706100919126,198.8184610319986,0.053316853933332214,2001
v0,Bbnplanet-r0,Bbnplanet,P_init_w10,4,40,14,0.35,15,15,1.0,23.165254497198617,198.8184610319986,0.053316853933332214,2001
v0,Bbnplanet-r0,Bbnplanet,P_init_w10,5,40,14,0.35,15,15,1.0,23.220333949695878,198.8184610319986,0.053316853933332214,2001
v0,Bbnplanet-r0,Bbnplanet,P_init_w10,6,40,14,0.35,15,15,1.0,22.69872040466311,198.8184610319986,0.053316853933332214,2001
v0,Bbnplanet-r0,Bbnplanet,P_init_w10,7,40,14,0.35,15,15,1.0,23.725651744193435,198.8184610319986,0.053316853933332214,2001
v0,Bbnplanet-r0,Bbnplanet,P_init_w10,8,40,13,0.325,15,15,1.0,23.865589126224677,198.8184610319986,0.053316853933332214,2001
v0,Bbnplanet-r0,Bbnplanet,P_init_w10,9,40,14,0.35,15,15,1.0,23.367527536030483,198.8184610319986,0.053316853933332214,2001
v0,Bbnplanet-r0,Bbnplanet,P_init_w10,10,40,13,0.325,15,15,1.0,24.22541780909233,198.8184610319986,0.053316853933332214,2001
v0,Bbnplanet-r0,Bbnplanet,P_init_w10,11,40,14,0.35,15,15,1.0,22.277193021974362,198.8184610319986,0.053316853933332214,2001
v0,Bbnplanet-r0,Bbnplanet,P_init_w10,12,40,13,0.325,15,15,1.0,24.068700784411895,198.8184610319986,0.053316853933332214,2001
v0,Bbnplanet-r0,Bbnplanet,P_init_w10,13,40,16,0.4,15,15,1.0,22.614685856724055,198.8184610319986,0.053316853933332214,2001
v0,Bbnplanet-r0,Bbnplanet,P_init_w10,14,40,14,0.35,15,15,1.0,23.543864000342882,198.8184610319986,0.053316853933332214,2001
v0,Bbnplanet-r0,Bbnplanet,P_init_w10,15,40,13,0.325,15,15,1.0,23.863747930435004,198.8184610319986,0.053316853933332214,2001
v0,Bbnplanet-r0,Bbnplanet,P_init_w10,16,40,13,0.325,15,15,1.0,24.083398983453524,198.8184610319986,0.053316853933332214,2001
v0,Bbnplanet-r0,Bbnplanet,P_init_w10,17,40,14,0.35,15,15,1.0,22.671788859485506,198.8184610319986,0.053316853933332214,2001
v0,Bbnplanet-r0,Bbnplanet,P_init_w10,18,40,15,0.375,15,15,1.0,23.33088857576134,198.8184610319986,0.053316853933332214,2001
v0,Bbnplanet-r0,Bbnplanet,P_init_w10,19,40,15,0.375,15,15,1.0,23.644299713122923,198.8184610319986,0.053316853933332214,2001
v0,Bbnplanet-r0,Bbnplanet,P_init_w10,20,40,14,0.35,15,15,1.0,22.591129890222373,198.8184610319986,0.053316853933332214,2001
v0,Bbnplanet-r0,Bbnplanet,P_init_w10,21,40,13,0.325,15,15,1.0,23.76697983473005,198.8184610319986,0.053316853933332214,2001
v0,Bbnplanet-r0,Bbnplanet,P_init_w10,22,40,17,0.425,15,15,1.0,22.57301380002561,198.8184610319986,0.053316853933332214,2001
v0,Bbnplanet-r0,Bbnplanet,P_init_w10,23,40,14,0.35,15,15,1.0,22.98629215795743,198.8184610319986,0.053316853933332214,2001
v0,Bbnplanet-r0,Bbnplanet,P_init_w10,24,40,14,0.35,15,15,1.0,23.76879505000288,198.8184610319986,0.053316853933332214,2001
v0,Bbnplanet-r0,Bbnplanet,P_init_w10,25,40,13,0.325,15,15,1.0,23.095842832749476,198.8184610319986,0.053316853933332214,2001
v0,Bbnplanet-r0,Bbnplanet,P_init_w10,26,40,14,0.35,15,15,1.0,24.077470556159895,198.8184610319986,0.053316853933332214,2001
v0,Bbnplanet-r0,Bbnplanet,P_init_w10,27,40,13,0.325,15,15,1.0,24.11909762111226,198.8184610319986,0.053316853933332214,2001
v0,Bbnplanet-r0,Bbnplanet,P_init_w10,28,40,15,0.375,15,15,1.0,23.21899547045817,198.8184610319986,0.053316853933332214,2001
v0,Bbnplanet-r0,Bbnplanet,P_init_w10,29,40,13,0.325,15,15,1.0,24.531135520167258,198.8184610319986,0.053316853933332214,2001
v0,Bbnplanet-r0,Bbnplanet,P_m2,0,40,14,0.35,15,15,1.0,24.38665830771972,178.84936949799885,0.05417078503329928,2001
v0,Bbnplanet-r0,Bbnplanet,P_m2,1,40,13,0.325,15,15,1.0,24.05561065046982,178.84936949799885,0.05417078503329928,2001
v0,Bbnplanet-r0,Bbnplanet,P_m2,2,40,13,0.325,15,15,1.0,23.980855561762656,178.84936949799885,0.05417078503329928,2001
v0,Bbnplanet-r0,Bbnplanet,P_m2,3,40,13,0.325,15,15,1.0,25.312249966208785,178.84936949799885,0.05417078503329928,2001
v0,Bbnplanet-r0,Bbnplanet,P_m2,4,40,13,0.325,15,15,1.0,25.73119805017443,178.84936949799885,0.05417078503329928,2001
v0,Bbnplanet-r0,Bbnplanet,P_m2,5,40,13,0.325,15,15,1.0,24.3341782386999,178.84936949799885,0.05417078503329928,2001
v0,Bbnplanet-r0,Bbnplanet,P_m2,6,40,13,0.325,15,15,1.0,25.387142384691458,178.84936949799885,0.05417078503329928,2001
v0,Bbnplanet-r0,Bbnplanet,P_m2,7,40,13,0.325,15,15,1.0,23.806493780840775,178.84936949799885,0.05417078503329928,2001
v0,Bbnplanet-r0,Bbnplanet,P_m2,8,40,13,0.325,15,15,1.0,25.228160417770855,178.84936949799885,0.05417078503329928,2001
v0,Bbnplanet-r0,Bbnplanet,P_m2,9,40,13,0.325,15,15,1.0,23.769104615152532,178.84936949799885,0.05417078503329928,2001
v0,Bbnplanet-r0,Bbnplanet,P_m2,10,40,13,0.325,15,15,1.0,25.798003336352863,178.84936949799885,0.05417078503329928,2001
v0,Bbnplanet-r0,Bbnplanet,P_m2,11,40,13,0.325,15,15,1.0,24.468975815645543,178.84936949799885,0.05417078503329928,2001
v0,Bbnplanet-r0,Bbnplanet,P_m2,12,40,14,0.35,15,15,1.0,23.408170415926882,178.84936949799885,0.05417078503329928,2001
v0,Bbnplanet-r0,Bbnplanet,P_m2,13,40,14,0.35,15,15,1.0,24.423968783997843,178.84936949799885,0.05417078503329928,2001
v0,Bbnplanet-r0,Bbnplanet,P_m2,14,40,13,0.325,15,15,1.0,24.109510822762527,178.84936949799885,0.05417078503329928,2001
v0,Bbnplanet-r0,Bbnplanet,P_m2,15,40,13,0.325,15,15,1.0,25.337011610351006,178.84936949799885,0.05417078503329928,2001
v0,Bbnplanet-r0,Bbnplanet,P_m2,16,40,13,0.325,15,15,1.0,25.811356443628675,178.84936949799885,0.05417078503329928,2001
v0,Bbnplanet-r0,Bbnplanet,P_m2,17,40,13,0.325,15,15,1.0,23.90658306403379,178.84936949799885,0.05417078503329928,2001
v0,Bbnplanet-r0,Bbnplanet,P_m2,18,40,13,0.325,15,15,1.0,23.531327597846147,178.84936949799885,0.05417078503329928,2001
v0,Bbnplanet-r0,Bbnplanet,P_m2,19,40,14,0.35,15,15,1.0,23.812148247177856,178.84936949799885,0.05417078503329928,2001
v0,Bbnplanet-r0,Bbnplanet,P_m2,20,40,13,0.325,15,15,1.0,25.017764577293,178.84936949799885,0.05417078503329928,2001
v0,Bbnplanet-r0,Bbnplanet,P_m2,21,40,13,0.325,15,15,1.0,25.13193881956446,178.84936949799885,0.05417078503329928,2001
v0,Bbnplanet-r0,Bbnplanet,P_m2,22,40,13,0.325,15,15,1.0,25.120481741239363,178.84936949799885,0.05417078503329928,2001
v0,Bbnplanet-r0,Bbnplanet,P_m2,23,40,13,0.325,15,15,1.0,23.89541102692305,178.84936949799885,0.05417078503329928,2001
v0,Bbnplanet-r0,Bbnplanet,P_m2,24,40,12,0.3,15,15,1.0,25.003479937774408,178.84936949799885,0.05417078503329928,2001
v0,Bbnplanet-r0,Bbnplanet,P_m2,25,40,13,0.325,15,15,1.0,24.492662343082838,178.84936949799885,0.05417078503329928,2001
v0,Bbnplanet-r0,Bbnplanet,P_m2,26,40,13,0.325,15,15,1.0,25.733112640302128,178.84936949799885,0.05417078503329928,2001
v0,Bbnplanet-r0,Bbnplanet,P_m2,27,40,13,0.325,15,15,1.0,25.645770848693136,178.84936949799885,0.05417078503329928,2001
v0,Bbnplanet-r0,Bbnplanet,P_m2,28,40,13,0.325,15,15,1.0,24.657937059632896,178.84936949799885,0.05417078503329928,2001
v0,Bbnplanet-r0,Bbnplanet,P_m2,29,40,13,0.325,15,15,1.0,25.35079182791389,178.84936949799885,0.05417078503329928,2001
v0,Bbnplanet-r0,Bbnplanet,P_m5,0,40,14,0.35,15,15,1.0,23.417533087312105,182.37716656300108,0.050136780166697766,2001
v0,Bbnplanet-r0,Bbnplanet,P_m5,1,40,13,0.325,15,15,1.0,23.93685022629255,182.37716656300108,0.050136780166697766,2001
v0,Bbnplanet-r0,Bbnplanet,P_m5,2,40,14,0.35,15,15,1.0,23.731245296192256,182.37716656300108,0.050136780166697766,2001
v0,Bbnplanet-r0,Bbnplanet,P_m5,3,40,13,0.325,15,15,1.0,24.46134088776564,182.37716656300108,0.050136780166697766,2001
v0,Bbnplanet-r0,Bbnplanet,P_m5,4,40,13,0.325,15,15,1.0,24.83939070925907,182.37716656300108,0.050136780166697766,2001
v0,Bbnplanet-r0,Bbnplanet,P_m5,5,40,13,0.325,15,15,1.0,24.508734557481255,182.37716656300108,0.050136780166697766,2001
v0,Bbnplanet-r0,Bbnplanet,P_m5,6,40,14,0.35,15,15,1.0,24.148502284076415,182.37716656300108,0.050136780166697766,2001
v0,Bbnplanet-r0,Bbnplanet,P_m5,7,40,13,0.325,15,15,1.0,24.00973774231136,182.37716656300108,0.050136780166697766,2001
v0,Bbnplanet-r0,Bbnplanet,P_m5,8,40,13,0.325,15,15,1.0,24.951714066364083,182.37716656300108,0.050136780166697766,2001
v0,Bbnplanet-r0,Bbnplanet,P_m5,9,40,12,0.3,15,15,1.0,24.865397813758126,182.37716656300108,0.050136780166697766,2001
v0,Bbnplanet-r0,Bbnplanet,P_m5,10,40,13,0.325,15,15,1.0,24.700432265033612,182.37716656300108,0.050136780166697766,2001
v0,Bbnplanet-r0,Bbnplanet,P_m5,11,40,13,0.325,15,15,1.0,23.309274015646317,182.37716656300108,0.050136780166697766,2001
v0,Bbnplanet-r0,Bbnplanet,P_m5,12,40,14,0.35,15,15,1.0,24.289750764799386,182.37716656300108,0.050136780166697766,2001
v0,Bbnplanet-r0,Bbnplanet,P_m5,13,40,14,0.35,15,15,1.0,23.43516806578831,182.37716656300108,0.050136780166697766,2001
v0,Bbnplanet-r0,Bbnplanet,P_m5,14,40,13,0.325,15,15,1.0,25.36987041165074,182.37716656300108,0.050136780166697766,2001
v0,Bbnplanet-r0,Bbnplanet,P_m5,15,40,14,0.35,15,15,1.0,24.3018624927401,182.37716656300108,0.050136780166697766,2001
v0,Bbnplanet-r0,Bbnplanet,P_m5,16,40,14,0.35,15,15,1.0,24.968857954244005,182.37716656300108,0.050136780166697766,2001
v0,Bbnplanet-r0,Bbnplanet,P_m5,17,40,13,0.325,15,15,1.0,23.57357292195944,182.37716656300108,0.050136780166697766,2001
v0,Bbnplanet-r0,Bbnplanet,P_m5,18,40,14,0.35,15,15,1.0,23.900524358218,182.37716656300108,0.050136780166697766,2001
v0,Bbnplanet-r0,Bbnplanet,P_m5,19,40,14,0.35,15,15,1.0,23.62912015032476,182.37716656300108,0.050136780166697766,2001
v0,Bbnplanet-r0,Bbnplanet,P_m5,20,40,13,0.325,15,15,1.0,24.791452656336872,182.37716656300108,0.050136780166697766,2001
v0,Bbnplanet-r0,Bbnplanet,P_m5,21,40,14,0.35,15,15,1.0,24.602473320771097,182.37716656300108,0.050136780166697766,2001
v0,Bbnplanet-r0,Bbnplanet,P_m5,22,40,13,0.325,15,15,1.0,24.231468020465766,182.37716656300108,0.050136780166697766,2001
v0,Bbnplanet-r0,Bbnplanet,P_m5,23,40,14,0.35,15,15,1.0,24.51653215705184,182.37716656300108,0.050136780166697766,2001
v0,Bbnplanet-r0,Bbnplanet,P_m5,24,40,14,0.35,15,15,1.0,23.513501266590982,182.37716656300108,0.050136780166697766,2001
v0,Bbnplanet-r0,Bbnplanet,P_m5,25,40,13,0.325,15,15,1.0,24.558724480699205,182.37716656300108,0.050136780166697766,2001
v0,Bbnplanet-r0,Bbnplanet,P_m5,26,40,13,0.325,15,15,1.0,25.059998650682495,182.37716656300108,0.050136780166697766,2001
v0,Bbnplanet-r0,Bbnplanet,P_m5,27,40,14,0.35,15,15,1.0,24.899744610065373,182.37716656300108,0.050136780166697766,2001
v0,Bbnplanet-r0,Bbnplanet,P_m5,28,40,13,0.325,15,15,1.0,23.802332051822795,182.37716656300108,0.050136780166697766,2001
v0,Bbnplanet-r0,Bbnplanet,P_m5,29,40,14,0.35,15,15,1.0,24.24119256896121,182.37716656300108,0.050136780166697766,2001
v0,Bbnplanet-r0,Bbnplanet,P_seed1,0,40,14,0.35,15,15,1.0,24.003542021656145,214.87062192499798,0.05165647403324935,2001
v0,Bbnplanet-r0,Bbnplanet,P_seed1,1,40,13,0.325,15,15,1.0,23.581906211668976,214.87062192499798,0.05165647403324935,2001
v0,Bbnplanet-r0,Bbnplanet,P_seed1,2,40,13,0.325,15,15,1.0,23.467748201466897,214.87062192499798,0.05165647403324935,2001
v0,Bbnplanet-r0,Bbnplanet,P_seed1,3,40,13,0.325,15,15,1.0,25.12741029602763,214.87062192499798,0.05165647403324935,2001
v0,Bbnplanet-r0,Bbnplanet,P_seed1,4,40,13,0.325,15,15,1.0,24.96983532783659,214.87062192499798,0.05165647403324935,2001
v0,Bbnplanet-r0,Bbnplanet,P_seed1,5,40,13,0.325,15,15,1.0,24.74059096837398,214.87062192499798,0.05165647403324935,2001
v0,Bbnplanet-r0,Bbnplanet,P_seed1,6,40,12,0.3,15,15,1.0,25.207397252689454,214.87062192499798,0.05165647403324935,2001
v0,Bbnplanet-r0,Bbnplanet,P_seed1,7,40,14,0.35,15,15,1.0,24.160896115946205,214.87062192499798,0.05165647403324935,2001
v0,Bbnplanet-r0,Bbnplanet,P_seed1,8,40,12,0.3,15,15,1.0,26.08961553925568,214.87062192499798,0.05165647403324935,2001
v0,Bbnplanet-r0,Bbnplanet,P_seed1,9,40,12,0.3,15,15,1.0,25.103991177689043,214.87062192499798,0.05165647403324935,2001
v0,Bbnplanet-r0,Bbnplanet,P_seed1,10,40,12,0.3,15,15,1.0,25.30050989193536,214.87062192499798,0.05165647403324935,2001
v0,Bbnplanet-r0,Bbnplanet,P_seed1,11,40,13,0.325,15,15,1.0,24.489068102687057,214.87062192499798,0.05165647403324935,2001
v0,Bbnplanet-r0,Bbnplanet,P_seed1,12,40,14,0.35,15,15,1.0,24.933911227337806,214.87062192499798,0.05165647403324935,2001
v0,Bbnplanet-r0,Bbnplanet,P_seed1,13,40,13,0.325,15,15,1.0,24.466383927309828,214.87062192499798,0.05165647403324935,2001
v0,Bbnplanet-r0,Bbnplanet,P_seed1,14,40,14,0.35,15,15,1.0,25.21937126289623,214.87062192499798,0.05165647403324935,2001
v0,Bbnplanet-r0,Bbnplanet,P_seed1,15,40,12,0.3,15,15,1.0,25.375465653619113,214.87062192499798,0.05165647403324935,2001
v0,Bbnplanet-r0,Bbnplanet,P_seed1,16,40,13,0.325,15,15,1.0,25.104907834898484,214.87062192499798,0.05165647403324935,2001
v0,Bbnplanet-r0,Bbnplanet,P_seed1,17,40,13,0.325,15,15,1.0,23.900039638006096,214.87062192499798,0.05165647403324935,2001
v0,Bbnplanet-r0,Bbnplanet,P_seed1,18,40,13,0.325,15,15,1.0,24.61680555509213,214.87062192499798,0.05165647403324935,2001
v0,Bbnplanet-r0,Bbnplanet,P_seed1,19,40,13,0.325,15,15,1.0,24.60585797661911,214.87062192499798,0.05165647403324935,2001
v0,Bbnplanet-r0,Bbnplanet,P_seed1,20,40,13,0.325,15,15,1.0,24.657390458208198,214.87062192499798,0.05165647403324935,2001
v0,Bbnplanet-r0,Bbnplanet,P_seed1,21,40,13,0.325,15,15,1.0,25.028347886882173,214.87062192499798,0.05165647403324935,2001
v0,Bbnplanet-r0,Bbnplanet,P_seed1,22,40,13,0.325,15,15,1.0,25.527615742135833,214.87062192499798,0.05165647403324935,2001
v0,Bbnplanet-r0,Bbnplanet,P_seed1,23,40,13,0.325,15,15,1.0,24.962920857993094,214.87062192499798,0.05165647403324935,2001
v0,Bbnplanet-r0,Bbnplanet,P_seed1,24,40,13,0.325,15,15,1.0,26.216382510618658,214.87062192499798,0.05165647403324935,2001
v0,Bbnplanet-r0,Bbnplanet,P_seed1,25,40,14,0.35,15,15,1.0,24.2278217958851,214.87062192499798,0.05165647403324935,2001
v0,Bbnplanet-r0,Bbnplanet,P_seed1,26,40,13,0.325,15,15,1.0,24.96056946045548,214.87062192499798,0.05165647403324935,2001
v0,Bbnplanet-r0,Bbnplanet,P_seed1,27,40,12,0.3,15,15,1.0,24.6716773758033,214.87062192499798,0.05165647403324935,2001
v0,Bbnplanet-r0,Bbnplanet,P_seed1,28,40,13,0.325,15,15,1.0,24.67398653230911,214.87062192499798,0.05165647403324935,2001
v0,Bbnplanet-r0,Bbnplanet,P_seed1,29,40,13,0.325,15,15,1.0,24.342277479612306,214.87062192499798,0.05165647403324935,2001
v0,Bbnplanet-r0,Bbnplanet,P_seed2,0,40,14,0.35,15,15,1.0,23.68719913169901,180.31303491100334,0.05453141683331827,2001
v0,Bbnplanet-r0,Bbnplanet,P_seed2,1,40,13,0.325,15,15,1.0,24.638673979896183,180.31303491100334,0.05453141683331827,2001
v0,Bbnplanet-r0,Bbnplanet,P_seed2,2,40,13,0.325,15,15,1.0,24.230319047604812,180.31303491100334,0.05453141683331827,2001
v0,Bbnplanet-r0,Bbnplanet,P_seed2,3,40,14,0.35,15,15,1.0,23.90632330654416,180.31303491100334,0.05453141683331827,2001
v0,Bbnplanet-r0,Bbnplanet,P_seed2,4,40,14,0.35,15,15,1.0,24.715019848121074,180.31303491100334,0.05453141683331827,2001
v0,Bbnplanet-r0,Bbnplanet,P_seed2,5,40,14,0.35,15,15,1.0,23.98255310837795,180.31303491100334,0.05453141683331827,2001
v0,Bbnplanet-r0,Bbnplanet,P_seed2,6,40,14,0.35,15,15,1.0,24.26110947792703,180.31303491100334,0.05453141683331827,2001
v0,Bbnplanet-r0,Bbnplanet,P_seed2,7,40,14,0.35,15,15,1.0,23.755140479559778,180.31303491100334,0.05453141683331827,2001
v0,Bbnplanet-r0,Bbnplanet,P_seed2,8,40,14,0.35,15,15,1.0,24.71397516521533,180.31303491100334,0.05453141683331827,2001
v0,Bbnplanet-r0,Bbnplanet,P_seed2,9,40,14,0.35,15,15,1.0,24.337687263929695,180.31303491100334,0.05453141683331827,2001
v0,Bbnplanet-r0,Bbnplanet,P_seed2,10,40,14,0.35,15,15,1.0,24.693664159861047,180.31303491100334,0.05453141683331827,2001
v0,Bbnplanet-r0,Bbnplanet,P_seed2,11,40,14,0.35,15,15,1.0,22.943011440044582,180.31303491100334,0.05453141683331827,2001
v0,Bbnplanet-r0,Bbnplanet,P_seed2,12,40,14,0.35,15,15,1.0,24.315129508044603,180.31303491100334,0.05453141683331827,2001
v0,Bbnplanet-r0,Bbnplanet,P_seed2,13,40,16,0.4,15,15,1.0,22.869508447499346,180.31303491100334,0.05453141683331827,2001
v0,Bbnplanet-r0,Bbnplanet,P_seed2,14,40,14,0.35,15,15,1.0,24.34684075474508,180.31303491100334,0.05453141683331827,2001
v0,Bbnplanet-r0,Bbnplanet,P_seed2,15,40,14,0.35,15,15,1.0,24.302714192578023,180.31303491100334,0.05453141683331827,2001
v0,Bbnplanet-r0,Bbnplanet,P_seed2,16,40,14,0.35,15,15,1.0,25.126054806460147,180.31303491100334,0.05453141683331827,2001
v0,Bbnplanet-r0,Bbnplanet,P_seed2,17,40,14,0.35,15,15,1.0,22.922356495123378,180.31303491100334,0.05453141683331827,2001
v0,Bbnplanet-r0,Bbnplanet,P_seed2,18,40,14,0.35,15,15,1.0,24.07309381190792,180.31303491100334,0.05453141683331827,2001
v0,Bbnplanet-r0,Bbnplanet,P_seed2,19,40,15,0.375,15,15,1.0,23.419616578138278,180.31303491100334,0.05453141683331827,2001
v0,Bbnplanet-r0,Bbnplanet,P_seed2,20,40,14,0.35,15,15,1.0,24.103956510012452,180.31303491100334,0.05453141683331827,2001
v0,Bbnplanet-r0,Bbnplanet,P_seed2,21,40,13,0.325,15,15,1.0,24.776405212393982,180.31303491100334,0.05453141683331827,2001
v0,Bbnplanet-r0,Bbnplanet,P_seed2,22,40,14,0.35,15,15,1.0,24.23694694815769,180.31303491100334,0.05453141683331827,2001
v0,Bbnplanet-r0,Bbnplanet,P_seed2,23,40,14,0.35,15,15,1.0,24.311297590356542,180.31303491100334,0.05453141683331827,2001
v0,Bbnplanet-r0,Bbnplanet,P_seed2,24,40,14,0.35,15,15,1.0,23.867590813092814,180.31303491100334,0.05453141683331827,2001
v0,Bbnplanet-r0,Bbnplanet,P_seed2,25,40,14,0.35,15,15,1.0,23.85612082459092,180.31303491100334,0.05453141683331827,2001
v0,Bbnplanet-r0,Bbnplanet,P_seed2,26,40,14,0.35,15,15,1.0,24.330525795982336,180.31303491100334,0.05453141683331827,2001
v0,Bbnplanet-r0,Bbnplanet,P_seed2,27,40,14,0.35,15,15,1.0,24.990041856775232,180.31303491100334,0.05453141683331827,2001
v0,Bbnplanet-r0,Bbnplanet,P_seed2,28,40,14,0.35,15,15,1.0,23.46310792453551,180.31303491100334,0.05453141683331827,2001
v0,Bbnplanet-r0,Bbnplanet,P_seed2,29,40,14,0.35,15,15,1.0,24.27118428867822,180.31303491100334,0.05453141683331827,2001
v0,Bbnplanet-r0,Bbnplanet,P_w10,0,40,16,0.4,15,15,1.0,23.02894065265989,218.36853104700276,0.05033801306659977,2001
v0,Bbnplanet-r0,Bbnplanet,P_w10,1,40,13,0.325,15,15,1.0,23.416559662306145,218.36853104700276,0.05033801306659977,2001
v0,Bbnplanet-r0,Bbnplanet,P_w10,2,40,13,0.325,15,15,1.0,23.74777967828243,218.36853104700276,0.05033801306659977,2001
v0,Bbnplanet-r0,Bbnplanet,P_w10,3,40,14,0.35,15,15,1.0,23.811459083661223,218.36853104700276,0.05033801306659977,2001
v0,Bbnplanet-r0,Bbnplanet,P_w10,4,40,13,0.325,15,15,1.0,24.13701326221806,218.36853104700276,0.05033801306659977,2001
v0,Bbnplanet-r0,Bbnplanet,P_w10,5,40,15,0.375,15,15,1.0,23.056391577352723,218.36853104700276,0.05033801306659977,2001
v0,Bbnplanet-r0,Bbnplanet,P_w10,6,40,13,0.325,15,15,1.0,24.13734313081998,218.36853104700276,0.05033801306659977,2001
v0,Bbnplanet-r0,Bbnplanet,P_w10,7,40,14,0.35,15,15,1.0,23.721973025637016,218.36853104700276,0.05033801306659977,2001
v0,Bbnplanet-r0,Bbnplanet,P_w10,8,40,13,0.325,15,15,1.0,24.28641267453873,218.36853104700276,0.05033801306659977,2001
v0,Bbnplanet-r0,Bbnplanet,P_w10,9,40,14,0.35,15,15,1.0,24.04561050410539,218.36853104700276,0.05033801306659977,2001
v0,Bbnplanet-r0,Bbnplanet,P_w10,10,40,14,0.35,15,15,1.0,24.735529423991583,218.36853104700276,0.05033801306659977,2001
v0,Bbnplanet-r0,Bbnplanet,P_w10,11,40,14,0.35,15,15,1.0,22.42199838080077,218.36853104700276,0.05033801306659977,2001
v0,Bbnplanet-r0,Bbnplanet,P_w10,12,40,15,0.375,15,15,1.0,23.734471718061904,218.36853104700276,0.05033801306659977,2001
v0,Bbnplanet-r0,Bbnplanet,P_w10,13,40,15,0.375,15,15,1.0,22.925147287561618,218.36853104700276,0.05033801306659977,2001
v0,Bbnplanet-r0,Bbnplanet,P_w10,14,40,15,0.375,15,15,1.0,23.78165951218636,218.36853104700276,0.05033801306659977,2001
v0,Bbnplanet-r0,Bbnplanet,P_w10,15,40,12,0.3,15,15,1.0,23.82365682002256,218.36853104700276,0.05033801306659977,2001
v0,Bbnplanet-r0,Bbnplanet,P_w10,16,40,12,0.3,15,15,1.0,25.378786958237946,218.36853104700276,0.05033801306659977,2001
v0,Bbnplanet-r0,Bbnplanet,P_w10,17,40,14,0.35,15,15,1.0,23.241270281668218,218.36853104700276,0.05033801306659977,2001
v0,Bbnplanet-r0,Bbnplanet,P_w10,18,40,15,0.375,15,15,1.0,23.614379826656688,218.36853104700276,0.05033801306659977,2001
v0,Bbnplanet-r0,Bbnplanet,P_w10,19,40,15,0.375,15,15,1.0,23.199827368098667,218.36853104700276,0.05033801306659977,2001
v0,Bbnplanet-r0,Bbnplanet,P_w10,20,40,13,0.325,15,15,1.0,23.778242876824116,218.36853104700276,0.05033801306659977,2001
v0,Bbnplanet-r0,Bbnplanet,P_w10,21,40,14,0.35,15,15,1.0,23.70686571627247,218.36853104700276,0.05033801306659977,2001
v0,Bbnplanet-r0,Bbnplanet,P_w10,22,40,14,0.35,15,15,1.0,23.85285805009606,218.36853104700276,0.05033801306659977,2001
v0,Bbnplanet-r0,Bbnplanet,P_w10,23,40,14,0.35,15,15,1.0,23.834170844504964,218.36853104700276,0.05033801306659977,2001
v0,Bbnplanet-r0,Bbnplanet,P_w10,24,40,14,0.35,15,15,1.0,22.92912094610537,218.36853104700276,0.05033801306659977,2001
v0,Bbnplanet-r0,Bbnplanet,P_w10,25,40,14,0.35,15,15,1.0,23.782797790157165,218.36853104700276,0.05033801306659977,2001
v0,Bbnplanet-r0,Bbnplanet,P_w10,26,40,13,0.325,15,15,1.0,24.602322690166563,218.36853104700276,0.05033801306659977,2001
v0,Bbnplanet-r0,Bbnplanet,P_w10,27,40,13,0.325,15,15,1.0,24.416304225121284,218.36853104700276,0.05033801306659977,2001
v0,Bbnplanet-r0,Bbnplanet,P_w10,28,40,15,0.375,15,15,1.0,23.10467705475059,218.36853104700276,0.05033801306659977,2001
v0,Bbnplanet-r0,Bbnplanet,P_w10,29,40,13,0.325,15,15,1.0,24.17800303792125,218.36853104700276,0.05033801306659977,2001
v0,Bbnplanet-r0,Bbnplanet,P_w3,0,40,14,0.35,15,15,1.0,23.58881310834085,158.75881129200206,0.052754947699941115,2001
v0,Bbnplanet-r0,Bbnplanet,P_w3,1,40,13,0.325,15,15,1.0,24.247190198655414,158.75881129200206,0.052754947699941115,2001
v0,Bbnplanet-r0,Bbnplanet,P_w3,2,40,13,0.325,15,15,1.0,24.22351464783709,158.75881129200206,0.052754947699941115,2001
v0,Bbnplanet-r0,Bbnplanet,P_w3,3,40,14,0.35,15,15,1.0,24.500461922593008,158.75881129200206,0.052754947699941115,2001
v0,Bbnplanet-r0,Bbnplanet,P_w3,4,40,13,0.325,15,15,1.0,25.554894614524105,158.75881129200206,0.052754947699941115,2001
v0,Bbnplanet-r0,Bbnplanet,P_w3,5,40,14,0.35,15,15,1.0,24.3948654815962,158.75881129200206,0.052754947699941115,2001
v0,Bbnplanet-r0,Bbnplanet,P_w3,6,40,14,0.35,15,15,1.0,24.816889183560527,158.75881129200206,0.052754947699941115,2001
v0,Bbnplanet-r0,Bbnplanet,P_w3,7,40,14,0.35,15,15,1.0,23.846268196427136,158.75881129200206,0.052754947699941115,2001
v0,Bbnplanet-r0,Bbnplanet,P_w3,8,40,14,0.35,15,15,1.0,25.22120087943163,158.75881129200206,0.052754947699941115,2001
v0,Bbnplanet-r0,Bbnplanet,P_w3,9,40,13,0.325,15,15,1.0,25.54655447556991,158.75881129200206,0.052754947699941115,2001
v0,Bbnplanet-r0,Bbnplanet,P_w3,10,40,14,0.35,15,15,1.0,24.600054568661953,158.75881129200206,0.052754947699941115,2001
v0,Bbnplanet-r0,Bbnplanet,P_w3,11,40,13,0.325,15,15,1.0,23.966021055381145,158.75881129200206,0.052754947699941115,2001
v0,Bbnplanet-r0,Bbnplanet,P_w3,12,40,14,0.35,15,15,1.0,24.679765317216336,158.75881129200206,0.052754947699941115,2001
v0,Bbnplanet-r0,Bbnplanet,P_w3,13,40,14,0.35,15,15,1.0,24.457248563545956,158.75881129200206,0.052754947699941115,2001
v0,Bbnplanet-r0,Bbnplanet,P_w3,14,40,14,0.35,15,15,1.0,24.84209163335139,158.75881129200206,0.052754947699941115,2001
v0,Bbnplanet-r0,Bbnplanet,P_w3,15,40,14,0.35,15,15,1.0,24.117787822894332,158.75881129200206,0.052754947699941115,2001
v0,Bbnplanet-r0,Bbnplanet,P_w3,16,40,14,0.35,15,15,1.0,24.870905761859202,158.75881129200206,0.052754947699941115,2001
v0,Bbnplanet-r0,Bbnplanet,P_w3,17,40,14,0.35,15,15,1.0,23.70113216652935,158.75881129200206,0.052754947699941115,2001
v0,Bbnplanet-r0,Bbnplanet,P_w3,18,40,14,0.35,15,15,1.0,24.535129188498875,158.75881129200206,0.052754947699941115,2001
v0,Bbnplanet-r0,Bbnplanet,P_w3,19,40,13,0.325,15,15,1.0,24.38967892816866,158.75881129200206,0.052754947699941115,2001
v0,Bbnplanet-r0,Bbnplanet,P_w3,20,40,14,0.35,15,15,1.0,24.658594736605142,158.75881129200206,0.052754947699941115,2001
v0,Bbnplanet-r0,Bbnplanet,P_w3,21,40,14,0.35,15,15,1.0,24.634008018882422,158.75881129200206,0.052754947699941115,2001
v0,Bbnplanet-r0,Bbnplanet,P_w3,22,40,14,0.35,15,15,1.0,24.747430080259456,158.75881129200206,0.052754947699941115,2001
v0,Bbnplanet-r0,Bbnplanet,P_w3,23,40,13,0.325,15,15,1.0,25.027879320386855,158.75881129200206,0.052754947699941115,2001
v0,Bbnplanet-r0,Bbnplanet,P_w3,24,40,13,0.325,15,15,1.0,24.282344096923126,158.75881129200206,0.052754947699941115,2001
v0,Bbnplanet-r0,Bbnplanet,P_w3,25,40,13,0.325,15,15,1.0,23.863159658249916,158.75881129200206,0.052754947699941115,2001
v0,Bbnplanet-r0,Bbnplanet,P_w3,26,40,14,0.35,15,15,1.0,24.703660942142008,158.75881129200206,0.052754947699941115,2001
v0,Bbnplanet-r0,Bbnplanet,P_w3,27,40,14,0.35,15,15,1.0,24.774615605892194,158.75881129200206,0.052754947699941115,2001
v0,Bbnplanet-r0,Bbnplanet,P_w3,28,40,14,0.35,15,15,1.0,25.300694030416015,158.75881129200206,0.052754947699941115,2001
v0,Bbnplanet-r0,Bbnplanet,P_w3,29,40,14,0.35,15,15,1.0,24.336823857574327,158.75881129200206,0.052754947699941115,2001
v0,Bbnplanet-r1,Bbnplanet,B1,0,40,26,0.65,15,15,1.0,11.20878028491569,0.11554658900058712,0.0341198746333248,1
v0,Bbnplanet-r1,Bbnplanet,B1,1,40,27,0.675,15,15,1.0,10.975649279004625,0.11554658900058712,0.0341198746333248,1
v0,Bbnplanet-r1,Bbnplanet,B1,2,40,28,0.7,15,15,1.0,10.192812988481446,0.11554658900058712,0.0341198746333248,1
v0,Bbnplanet-r1,Bbnplanet,B1,3,40,27,0.675,15,15,1.0,10.549094593201954,0.11554658900058712,0.0341198746333248,1
v0,Bbnplanet-r1,Bbnplanet,B1,4,40,26,0.65,15,15,1.0,10.942679792284418,0.11554658900058712,0.0341198746333248,1
v0,Bbnplanet-r1,Bbnplanet,B1,5,40,26,0.65,15,15,1.0,11.232519465821724,0.11554658900058712,0.0341198746333248,1
v0,Bbnplanet-r1,Bbnplanet,B1,6,40,26,0.65,15,15,1.0,10.697509564449595,0.11554658900058712,0.0341198746333248,1
v0,Bbnplanet-r1,Bbnplanet,B1,7,40,27,0.675,15,15,1.0,10.452601026095985,0.11554658900058712,0.0341198746333248,1
v0,Bbnplanet-r1,Bbnplanet,B1,8,40,28,0.7,15,15,1.0,10.049666769277433,0.11554658900058712,0.0341198746333248,1
v0,Bbnplanet-r1,Bbnplanet,B1,9,40,26,0.65,15,15,1.0,11.462118755265124,0.11554658900058712,0.0341198746333248,1
v0,Bbnplanet-r1,Bbnplanet,B1,10,40,26,0.65,15,15,1.0,10.718538148425129,0.11554658900058712,0.0341198746333248,1
v0,Bbnplanet-r1,Bbnplanet,B1,11,40,27,0.675,15,15,1.0,10.575235970658609,0.11554658900058712,0.0341198746333248,1
v0,Bbnplanet-r1,Bbnplanet,B1,12,40,27,0.675,15,15,1.0,10.432038700525531,0.11554658900058712,0.0341198746333248,1
v0,Bbnplanet-r1,Bbnplanet,B1,13,40,26,0.65,15,15,1.0,11.504898468959007,0.11554658900058712,0.0341198746333248,1
v0,Bbnplanet-r1,Bbnplanet,B1,14,40,28,0.7,15,15,1.0,10.61291308055644,0.11554658900058712,0.0341198746333248,1
v0,Bbnplanet-r1,Bbnplanet,B1,15,40,27,0.675,15,15,1.0,11.14933116627399,0.11554658900058712,0.0341198746333248,1
v0,Bbnplanet-r1,Bbnplanet,B1,16,40,27,0.675,15,15,1.0,10.452375366612454,0.11554658900058712,0.0341198746333248,1
v0,Bbnplanet-r1,Bbnplanet,B1,17,40,26,0.65,15,15,1.0,11.35115459875959,0.11554658900058712,0.0341198746333248,1
v0,Bbnplanet-r1,Bbnplanet,B1,18,40,29,0.725,15,15,1.0,10.00947184627717,0.11554658900058712,0.0341198746333248,1
v0,Bbnplanet-r1,Bbnplanet,B1,19,40,28,0.7,15,15,1.0,10.336392018244776,0.11554658900058712,0.0341198746333248,1
v0,Bbnplanet-r1,Bbnplanet,B1,20,40,26,0.65,15,15,1.0,11.455691411778599,0.11554658900058712,0.0341198746333248,1
v0,Bbnplanet-r1,Bbnplanet,B1,21,40,29,0.725,15,15,1.0,10.00947184627717,0.11554658900058712,0.0341198746333248,1
v0,Bbnplanet-r1,Bbnplanet,B1,22,40,27,0.675,15,15,1.0,10.569232304978343,0.11554658900058712,0.0341198746333248,1
v0,Bbnplanet-r1,Bbnplanet,B1,23,40,29,0.725,15,15,1.0,10.00947184627717,0.11554658900058712,0.0341198746333248,1
v0,Bbnplanet-r1,Bbnplanet,B1,24,40,29,0.725,15,15,1.0,10.00947184627717,0.11554658900058712,0.0341198746333248,1
v0,Bbnplanet-r1,Bbnplanet,B1,25,40,27,0.675,15,15,1.0,10.739486973001323,0.11554658900058712,0.0341198746333248,1
v0,Bbnplanet-r1,Bbnplanet,B1,26,40,26,0.65,15,15,1.0,11.119413885763958,0.11554658900058712,0.0341198746333248,1
v0,Bbnplanet-r1,Bbnplanet,B1,27,40,27,0.675,15,15,1.0,10.919290879933014,0.11554658900058712,0.0341198746333248,1
v0,Bbnplanet-r1,Bbnplanet,B1,28,40,26,0.65,15,15,1.0,11.215143232666604,0.11554658900058712,0.0341198746333248,1
v0,Bbnplanet-r1,Bbnplanet,B1,29,40,26,0.65,15,15,1.0,11.232709324617018,0.11554658900058712,0.0341198746333248,1
v0,Bbnplanet-r1,Bbnplanet,B2,0,40,29,0.725,15,15,1.0,7.486197724811121,167.7473072469984,0.048505312266691664,2001
v0,Bbnplanet-r1,Bbnplanet,B2,1,40,29,0.725,15,15,1.0,7.638327382569064,167.7473072469984,0.048505312266691664,2001
v0,Bbnplanet-r1,Bbnplanet,B2,2,40,29,0.725,15,15,1.0,7.728379898008469,167.7473072469984,0.048505312266691664,2001
v0,Bbnplanet-r1,Bbnplanet,B2,3,40,25,0.625,15,15,1.0,8.364615907247815,167.7473072469984,0.048505312266691664,2001
v0,Bbnplanet-r1,Bbnplanet,B2,4,40,29,0.725,15,15,1.0,8.224093617296537,167.7473072469984,0.048505312266691664,2001
v0,Bbnplanet-r1,Bbnplanet,B2,5,40,29,0.725,15,15,1.0,7.963008710445878,167.7473072469984,0.048505312266691664,2001
v0,Bbnplanet-r1,Bbnplanet,B2,6,40,29,0.725,15,15,1.0,7.891830303223673,167.7473072469984,0.048505312266691664,2001
v0,Bbnplanet-r1,Bbnplanet,B2,7,40,29,0.725,15,15,1.0,8.196957864976318,167.7473072469984,0.048505312266691664,2001
v0,Bbnplanet-r1,Bbnplanet,B2,8,40,29,0.725,15,15,1.0,8.359517961872431,167.7473072469984,0.048505312266691664,2001
v0,Bbnplanet-r1,Bbnplanet,B2,9,40,29,0.725,15,15,1.0,7.50843953470718,167.7473072469984,0.048505312266691664,2001
v0,Bbnplanet-r1,Bbnplanet,B2,10,40,29,0.725,15,15,1.0,8.349874342902705,167.7473072469984,0.048505312266691664,2001
v0,Bbnplanet-r1,Bbnplanet,B2,11,40,29,0.725,15,15,1.0,8.564784980949113,167.7473072469984,0.048505312266691664,2001
v0,Bbnplanet-r1,Bbnplanet,B2,12,40,30,0.75,15,15,1.0,7.447377242675105,167.7473072469984,0.048505312266691664,2001
v0,Bbnplanet-r1,Bbnplanet,B2,13,40,29,0.725,15,15,1.0,7.510300041610273,167.7473072469984,0.048505312266691664,2001
v0,Bbnplanet-r1,Bbnplanet,B2,14,40,29,0.725,15,15,1.0,8.424189047669328,167.7473072469984,0.048505312266691664,2001
v0,Bbnplanet-r1,Bbnplanet,B2,15,40,29,0.725,15,15,1.0,7.194792701291524,167.7473072469984,0.048505312266691664,2001
v0,Bbnplanet-r1,Bbnplanet,B2,16,40,29,0.725,15,15,1.0,8.426131929959523,167.7473072469984,0.048505312266691664,2001
v0,Bbnplanet-r1,Bbnplanet,B2,17,40,30,0.75,15,15,1.0,7.882163313429024,167.7473072469984,0.048505312266691664,2001
v0,Bbnplanet-r1,Bbnplanet,B2,18,40,29,0.725,15,15,1.0,7.681440198884966,167.7473072469984,0.048505312266691664,2001
v0,Bbnplanet-r1,Bbnplanet,B2,19,40,29,0.725,15,15,1.0,7.375193411609283,167.7473072469984,0.048505312266691664,2001
v0,Bbnplanet-r1,Bbnplanet,B2,20,40,29,0.725,15,15,1.0,7.944448044168875,167.7473072469984,0.048505312266691664,2001
v0,Bbnplanet-r1,Bbnplanet,B2,21,40,29,0.725,15,15,1.0,7.750741754850794,167.7473072469984,0.048505312266691664,2001
v0,Bbnplanet-r1,Bbnplanet,B2,22,40,29,0.725,15,15,1.0,8.44882663196429,167.7473072469984,0.048505312266691664,2001
v0,Bbnplanet-r1,Bbnplanet,B2,23,40,29,0.725,15,15,1.0,8.306228213421448,167.7473072469984,0.048505312266691664,2001
v0,Bbnplanet-r1,Bbnplanet,B2,24,40,30,0.75,15,15,1.0,7.48263342841684,167.7473072469984,0.048505312266691664,2001
v0,Bbnplanet-r1,Bbnplanet,B2,25,40,30,0.75,15,15,1.0,7.90472632230043,167.7473072469984,0.048505312266691664,2001
v0,Bbnplanet-r1,Bbnplanet,B2,26,40,28,0.7,15,15,1.0,8.386340309367355,167.7473072469984,0.048505312266691664,2001
v0,Bbnplanet-r1,Bbnplanet,B2,27,40,29,0.725,15,15,1.0,8.989898963369216,167.7473072469984,0.048505312266691664,2001
v0,Bbnplanet-r1,Bbnplanet,B2,28,40,29,0.725,15,15,1.0,6.609756574140409,167.7473072469984,0.048505312266691664,2001
v0,Bbnplanet-r1,Bbnplanet,B2,29,40,30,0.75,15,15,1.0,7.772082036801213,167.7473072469984,0.048505312266691664,2001
v0,Bbnplanet-r1,Bbnplanet,P,0,40,29,0.725,15,15,1.0,7.42142337318409,176.28818250800032,0.046508119400095894,2001
v0,Bbnplanet-r1,Bbnplanet,P,1,40,29,0.725,15,15,1.0,7.5653102930853855,176.28818250800032,0.046508119400095894,2001
v0,Bbnplanet-r1,Bbnplanet,P,2,40,30,0.75,15,15,1.0,7.930758338937555,176.28818250800032,0.046508119400095894,2001
v0,Bbnplanet-r1,Bbnplanet,P,3,40,28,0.7,15,15,1.0,8.447002463408067,176.28818250800032,0.046508119400095894,2001
v0,Bbnplanet-r1,Bbnplanet,P,4,40,30,0.75,15,15,1.0,8.388766578906907,176.28818250800032,0.046508119400095894,2001
v0,Bbnplanet-r1,Bbnplanet,P,5,40,30,0.75,15,15,1.0,7.981019531280081,176.28818250800032,0.046508119400095894,2001
v0,Bbnplanet-r1,Bbnplanet,P,6,40,30,0.75,15,15,1.0,7.974900842496342,176.28818250800032,0.046508119400095894,2001
v0,Bbnplanet-r1,Bbnplanet,P,7,40,29,0.725,15,15,1.0,8.943602340706171,176.28818250800032,0.046508119400095894,2001
v0,Bbnplanet-r1,Bbnplanet,P,8,40,30,0.75,15,15,1.0,8.201332500357594,176.28818250800032,0.046508119400095894,2001
v0,Bbnplanet-r1,Bbnplanet,P,9,40,31,0.775,15,15,1.0,7.44544337225703,176.28818250800032,0.046508119400095894,2001
v0,Bbnplanet-r1,Bbnplanet,P,10,40,30,0.75,15,15,1.0,7.8455266704296,176.28818250800032,0.046508119400095894,2001
v0,Bbnplanet-r1,Bbnplanet,P,11,40,30,0.75,15,15,1.0,8.29537990233629,176.28818250800032,0.046508119400095894,2001
v0,Bbnplanet-r1,Bbnplanet,P,12,40,31,0.775,15,15,1.0,7.67479431437558,176.28818250800032,0.046508119400095894,2001
v0,Bbnplanet-r1,Bbnplanet,P,13,40,30,0.75,15,15,1.0,8.318697273457355,176.28818250800032,0.046508119400095894,2001
v0,Bbnplanet-r1,Bbnplanet,P,14,40,30,0.75,15,15,1.0,8.155930949520311,176.28818250800032,0.046508119400095894,2001
v0,Bbnplanet-r1,Bbnplanet,P,15,40,30,0.75,15,15,1.0,7.283893445108512,176.28818250800032,0.046508119400095894,2001
v0,Bbnplanet-r1,Bbnplanet,P,16,40,30,0.75,15,15,1.0,8.474222279377576,176.28818250800032,0.046508119400095894,2001
v0,Bbnplanet-r1,Bbnplanet,P,17,40,30,0.75,15,15,1.0,8.71559819807298,176.28818250800032,0.046508119400095894,2001
v0,Bbnplanet-r1,Bbnplanet,P,18,40,30,0.75,15,15,1.0,7.6263923441495685,176.28818250800032,0.046508119400095894,2001
v0,Bbnplanet-r1,Bbnplanet,P,19,40,29,0.725,15,15,1.0,8.064632111518751,176.28818250800032,0.046508119400095894,2001
v0,Bbnplanet-r1,Bbnplanet,P,20,40,29,0.725,15,15,1.0,8.24491537223558,176.28818250800032,0.046508119400095894,2001
v0,Bbnplanet-r1,Bbnplanet,P,21,40,30,0.75,15,15,1.0,7.942460170658641,176.28818250800032,0.046508119400095894,2001
v0,Bbnplanet-r1,Bbnplanet,P,22,40,29,0.725,15,15,1.0,8.706769214788256,176.28818250800032,0.046508119400095894,2001
v0,Bbnplanet-r1,Bbnplanet,P,23,40,30,0.75,15,15,1.0,7.9439207918805606,176.28818250800032,0.046508119400095894,2001
v0,Bbnplanet-r1,Bbnplanet,P,24,40,30,0.75,15,15,1.0,7.928482684604006,176.28818250800032,0.046508119400095894,2001
v0,Bbnplanet-r1,Bbnplanet,P,25,40,30,0.75,15,15,1.0,6.672081214849031,176.28818250800032,0.046508119400095894,2001
v0,Bbnplanet-r1,Bbnplanet,P,26,40,28,0.7,15,15,1.0,8.54177387477335,176.28818250800032,0.046508119400095894,2001
v0,Bbnplanet-r1,Bbnplanet,P,27,40,30,0.75,15,15,1.0,8.604242166778732,176.28818250800032,0.046508119400095894,2001
v0,Bbnplanet-r1,Bbnplanet,P,28,40,29,0.725,15,15,1.0,7.974868459855758,176.28818250800032,0.046508119400095894,2001
v0,Bbnplanet-r1,Bbnplanet,P,29,40,30,0.75,15,15,1.0,7.5033388719722645,176.28818250800032,0.046508119400095894,2001
v0,Bbnplanet-r1,Bbnplanet,P_cat0,0,40,28,0.7,15,15,1.0,8.372762633632407,172.2524170109973,0.04708235783339963,2001
v0,Bbnplanet-r1,Bbnplanet,P_cat0,1,40,30,0.75,15,15,1.0,8.72960441016903,172.2524170109973,0.04708235783339963,2001
v0,Bbnplanet-r1,Bbnplanet,P_cat0,2,40,30,0.75,15,15,1.0,8.395809074769867,172.2524170109973,0.04708235783339963,2001
v0,Bbnplanet-r1,Bbnplanet,P_cat0,3,40,28,0.7,15,15,1.0,9.408006382156364,172.2524170109973,0.04708235783339963,2001
v0,Bbnplanet-r1,Bbnplanet,P_cat0,4,40,30,0.75,15,15,1.0,8.364478701824,172.2524170109973,0.04708235783339963,2001
v0,Bbnplanet-r1,Bbnplanet,P_cat0,5,40,29,0.725,15,15,1.0,8.934300712000834,172.2524170109973,0.04708235783339963,2001
v0,Bbnplanet-r1,Bbnplanet,P_cat0,6,40,29,0.725,15,15,1.0,8.733698248350295,172.2524170109973,0.04708235783339963,2001
v0,Bbnplanet-r1,Bbnplanet,P_cat0,7,40,30,0.75,15,15,1.0,8.667458144121357,172.2524170109973,0.04708235783339963,2001
v0,Bbnplanet-r1,Bbnplanet,P_cat0,8,40,30,0.75,15,15,1.0,8.637253799109402,172.2524170109973,0.04708235783339963,2001
v0,Bbnplanet-r1,Bbnplanet,P_cat0,9,40,28,0.7,15,15,1.0,8.94926597088401,172.2524170109973,0.04708235783339963,2001
v0,Bbnplanet-r1,Bbnplanet,P_cat0,10,40,30,0.75,15,15,1.0,8.462897332402841,172.2524170109973,0.04708235783339963,2001
v0,Bbnplanet-r1,Bbnplanet,P_cat0,11,40,30,0.75,15,15,1.0,8.849399124158012,172.2524170109973,0.04708235783339963,2001
v0,Bbnplanet-r1,Bbnplanet,P_cat0,12,40,30,0.75,15,15,1.0,7.763393818728759,172.2524170109973,0.04708235783339963,2001
v0,Bbnplanet-r1,Bbnplanet,P_cat0,13,40,29,0.725,15,15,1.0,8.99027964003989,172.2524170109973,0.04708235783339963,2001
v0,Bbnplanet-r1,Bbnplanet,P_cat0,14,40,30,0.75,15,15,1.0,9.241561704998968,172.2524170109973,0.04708235783339963,2001
v0,Bbnplanet-r1,Bbnplanet,P_cat0,15,40,30,0.75,15,15,1.0,8.44995732874669,172.2524170109973,0.04708235783339963,2001
v0,Bbnplanet-r1,Bbnplanet,P_cat0,16,40,29,0.725,15,15,1.0,9.257598822467068,172.2524170109973,0.04708235783339963,2001
v0,Bbnplanet-r1,Bbnplanet,P_cat0,17,40,29,0.725,15,15,1.0,8.486981179760283,172.2524170109973,0.04708235783339963,2001
v0,Bbnplanet-r1,Bbnplanet,P_cat0,18,40,31,0.775,15,15,1.0,7.744994225328098,172.2524170109973,0.04708235783339963,2001
v0,Bbnplanet-r1,Bbnplanet,P_cat0,19,40,31,0.775,15,15,1.0,7.949445109987498,172.2524170109973,0.04708235783339963,2001
v0,Bbnplanet-r1,Bbnplanet,P_cat0,20,40,28,0.7,15,15,1.0,9.506755858746898,172.2524170109973,0.04708235783339963,2001
v0,Bbnplanet-r1,Bbnplanet,P_cat0,21,40,30,0.75,15,15,1.0,8.55110262954705,172.2524170109973,0.04708235783339963,2001
v0,Bbnplanet-r1,Bbnplanet,P_cat0,22,40,27,0.675,15,15,1.0,9.818925673673599,172.2524170109973,0.04708235783339963,2001
v0,Bbnplanet-r1,Bbnplanet,P_cat0,23,40,30,0.75,15,15,1.0,8.297881994234036,172.2524170109973,0.04708235783339963,2001
v0,Bbnplanet-r1,Bbnplanet,P_cat0,24,40,30,0.75,15,15,1.0,8.274259384191245,172.2524170109973,0.04708235783339963,2001
v0,Bbnplanet-r1,Bbnplanet,P_cat0,25,40,30,0.75,15,15,1.0,9.53213809642299,172.2524170109973,0.04708235783339963,2001
v0,Bbnplanet-r1,Bbnplanet,P_cat0,26,40,28,0.7,15,15,1.0,9.965440927679515,172.2524170109973,0.04708235783339963,2001
v0,Bbnplanet-r1,Bbnplanet,P_cat0,27,40,30,0.75,15,15,1.0,9.293393170556218,172.2524170109973,0.04708235783339963,2001
v0,Bbnplanet-r1,Bbnplanet,P_cat0,28,40,30,0.75,15,15,1.0,8.125912927503103,172.2524170109973,0.04708235783339963,2001
v0,Bbnplanet-r1,Bbnplanet,P_cat0,29,40,28,0.7,15,15,1.0,9.664162116574463,172.2524170109973,0.04708235783339963,2001
v0,Bbnplanet-r1,Bbnplanet,P_cat03,0,40,29,0.725,15,15,1.0,7.42142337318409,175.47282612199706,0.09038176046657706,2001
v0,Bbnplanet-r1,Bbnplanet,P_cat03,1,40,29,0.725,15,15,1.0,7.5653102930853855,175.47282612199706,0.09038176046657706,2001
v0,Bbnplanet-r1,Bbnplanet,P_cat03,2,40,30,0.75,15,15,1.0,7.930758338937555,175.47282612199706,0.09038176046657706,2001
v0,Bbnplanet-r1,Bbnplanet,P_cat03,3,40,28,0.7,15,15,1.0,8.447002463408067,175.47282612199706,0.09038176046657706,2001
v0,Bbnplanet-r1,Bbnplanet,P_cat03,4,40,30,0.75,15,15,1.0,8.388766578906907,175.47282612199706,0.09038176046657706,2001
v0,Bbnplanet-r1,Bbnplanet,P_cat03,5,40,30,0.75,15,15,1.0,7.981019531280081,175.47282612199706,0.09038176046657706,2001
v0,Bbnplanet-r1,Bbnplanet,P_cat03,6,40,30,0.75,15,15,1.0,7.974900842496342,175.47282612199706,0.09038176046657706,2001
v0,Bbnplanet-r1,Bbnplanet,P_cat03,7,40,29,0.725,15,15,1.0,8.943602340706171,175.47282612199706,0.09038176046657706,2001
v0,Bbnplanet-r1,Bbnplanet,P_cat03,8,40,30,0.75,15,15,1.0,8.201332500357594,175.47282612199706,0.09038176046657706,2001
v0,Bbnplanet-r1,Bbnplanet,P_cat03,9,40,31,0.775,15,15,1.0,7.44544337225703,175.47282612199706,0.09038176046657706,2001
v0,Bbnplanet-r1,Bbnplanet,P_cat03,10,40,30,0.75,15,15,1.0,7.8455266704296,175.47282612199706,0.09038176046657706,2001
v0,Bbnplanet-r1,Bbnplanet,P_cat03,11,40,30,0.75,15,15,1.0,8.29537990233629,175.47282612199706,0.09038176046657706,2001
v0,Bbnplanet-r1,Bbnplanet,P_cat03,12,40,31,0.775,15,15,1.0,7.67479431437558,175.47282612199706,0.09038176046657706,2001
v0,Bbnplanet-r1,Bbnplanet,P_cat03,13,40,30,0.75,15,15,1.0,8.318697273457355,175.47282612199706,0.09038176046657706,2001
v0,Bbnplanet-r1,Bbnplanet,P_cat03,14,40,30,0.75,15,15,1.0,8.155930949520311,175.47282612199706,0.09038176046657706,2001
v0,Bbnplanet-r1,Bbnplanet,P_cat03,15,40,30,0.75,15,15,1.0,7.283893445108512,175.47282612199706,0.09038176046657706,2001
v0,Bbnplanet-r1,Bbnplanet,P_cat03,16,40,30,0.75,15,15,1.0,8.474222279377576,175.47282612199706,0.09038176046657706,2001
v0,Bbnplanet-r1,Bbnplanet,P_cat03,17,40,30,0.75,15,15,1.0,8.71559819807298,175.47282612199706,0.09038176046657706,2001
v0,Bbnplanet-r1,Bbnplanet,P_cat03,18,40,30,0.75,15,15,1.0,7.6263923441495685,175.47282612199706,0.09038176046657706,2001
v0,Bbnplanet-r1,Bbnplanet,P_cat03,19,40,29,0.725,15,15,1.0,8.064632111518751,175.47282612199706,0.09038176046657706,2001
v0,Bbnplanet-r1,Bbnplanet,P_cat03,20,40,29,0.725,15,15,1.0,8.24491537223558,175.47282612199706,0.09038176046657706,2001
v0,Bbnplanet-r1,Bbnplanet,P_cat03,21,40,30,0.75,15,15,1.0,7.942460170658641,175.47282612199706,0.09038176046657706,2001
v0,Bbnplanet-r1,Bbnplanet,P_cat03,22,40,29,0.725,15,15,1.0,8.706769214788256,175.47282612199706,0.09038176046657706,2001
v0,Bbnplanet-r1,Bbnplanet,P_cat03,23,40,30,0.75,15,15,1.0,7.9439207918805606,175.47282612199706,0.09038176046657706,2001
v0,Bbnplanet-r1,Bbnplanet,P_cat03,24,40,30,0.75,15,15,1.0,7.928482684604006,175.47282612199706,0.09038176046657706,2001
v0,Bbnplanet-r1,Bbnplanet,P_cat03,25,40,30,0.75,15,15,1.0,6.672081214849031,175.47282612199706,0.09038176046657706,2001
v0,Bbnplanet-r1,Bbnplanet,P_cat03,26,40,28,0.7,15,15,1.0,8.54177387477335,175.47282612199706,0.09038176046657706,2001
v0,Bbnplanet-r1,Bbnplanet,P_cat03,27,40,30,0.75,15,15,1.0,8.604242166778732,175.47282612199706,0.09038176046657706,2001
v0,Bbnplanet-r1,Bbnplanet,P_cat03,28,40,29,0.725,15,15,1.0,7.974868459855758,175.47282612199706,0.09038176046657706,2001
v0,Bbnplanet-r1,Bbnplanet,P_cat03,29,40,30,0.75,15,15,1.0,7.5033388719722645,175.47282612199706,0.09038176046657706,2001
v0,Bbnplanet-r1,Bbnplanet,P_cat1,0,40,31,0.775,15,15,1.0,6.831947432588133,177.9601780539997,0.04859507386669672,2001
v0,Bbnplanet-r1,Bbnplanet,P_cat1,1,40,31,0.775,15,15,1.0,6.533823492833946,177.9601780539997,0.04859507386669672,2001
v0,Bbnplanet-r1,Bbnplanet,P_cat1,2,40,30,0.75,15,15,1.0,8.23757058908809,177.9601780539997,0.04859507386669672,2001
v0,Bbnplanet-r1,Bbnplanet,P_cat1,3,40,28,0.7,15,15,1.0,7.3400808899940415,177.9601780539997,0.04859507386669672,2001
v0,Bbnplanet-r1,Bbnplanet,P_cat1,4,40,30,0.75,15,15,1.0,7.268576523809594,177.9601780539997,0.04859507386669672,2001
v0,Bbnplanet-r1,Bbnplanet,P_cat1,5,40,31,0.775,15,15,1.0,6.935521522197339,177.9601780539997,0.04859507386669672,2001
v0,Bbnplanet-r1,Bbnplanet,P_cat1,6,40,30,0.75,15,15,1.0,6.812490942339499,177.9601780539997,0.04859507386669672,2001
v0,Bbnplanet-r1,Bbnplanet,P_cat1,7,40,30,0.75,15,15,1.0,7.241974057372529,177.9601780539997,0.04859507386669672,2001
v0,Bbnplanet-r1,Bbnplanet,P_cat1,8,40,30,0.75,15,15,1.0,7.752439703768395,177.9601780539997,0.04859507386669672,2001
v0,Bbnplanet-r1,Bbnplanet,P_cat1,9,40,30,0.75,15,15,1.0,7.462588044279128,177.9601780539997,0.04859507386669672,2001
v0,Bbnplanet-r1,Bbnplanet,P_cat1,10,40,30,0.75,15,15,1.0,7.378199592368405,177.9601780539997,0.04859507386669672,2001
v0,Bbnplanet-r1,Bbnplanet,P_cat1,11,40,30,0.75,15,15,1.0,7.7928593062658935,177.9601780539997,0.04859507386669672,2001
v0,Bbnplanet-r1,Bbnplanet,P_cat1,12,40,31,0.775,15,15,1.0,7.41615345388437,177.9601780539997,0.04859507386669672,2001
v0,Bbnplanet-r1,Bbnplanet,P_cat1,13,40,30,0.75,15,15,1.0,6.909076800171596,177.9601780539997,0.04859507386669672,2001
v0,Bbnplanet-r1,Bbnplanet,P_cat1,14,40,30,0.75,15,15,1.0,7.963237684520426,177.9601780539997,0.04859507386669672,2001
v0,Bbnplanet-r1,Bbnplanet,P_cat1,15,40,30,0.75,15,15,1.0,6.8042523106821715,177.9601780539997,0.04859507386669672,2001
v0,Bbnplanet-r1,Bbnplanet,P_cat1,16,40,29,0.725,15,15,1.0,6.706115122846844,177.9601780539997,0.04859507386669672,2001
v0,Bbnplanet-r1,Bbnplanet,P_cat1,17,40,30,0.75,15,15,1.0,8.535194286803458,177.9601780539997,0.04859507386669672,2001
v0,Bbnplanet-r1,Bbnplanet,P_cat1,18,40,30,0.75,15,15,1.0,7.161123878487822,177.9601780539997,0.04859507386669672,2001
v0,Bbnplanet-r1,Bbnplanet,P_cat1,19,40,31,0.775,15,15,1.0,7.189950197756022,177.9601780539997,0.04859507386669672,2001
v0,Bbnplanet-r1,Bbnplanet,P_cat1,20,40,31,0.775,15,15,1.0,7.467796730932344,177.9601780539997,0.04859507386669672,2001
v0,Bbnplanet-r1,Bbnplanet,P_cat1,21,40,30,0.75,15,15,1.0,8.157018544350025,177.9601780539997,0.04859507386669672,2001
v0,Bbnplanet-r1,Bbnplanet,P_cat1,22,40,30,0.75,15,15,1.0,7.017398958937461,177.9601780539997,0.04859507386669672,2001
v0,Bbnplanet-r1,Bbnplanet,P_cat1,23,40,31,0.775,15,15,1.0,7.016772213468897,177.9601780539997,0.04859507386669672,2001
v0,Bbnplanet-r1,Bbnplanet,P_cat1,24,40,31,0.775,15,15,1.0,6.968263512729925,177.9601780539997,0.04859507386669672,2001
v0,Bbnplanet-r1,Bbnplanet,P_cat1,25,40,29,0.725,15,15,1.0,7.284491580603692,177.9601780539997,0.04859507386669672,2001
v0,Bbnplanet-r1,Bbnplanet,P_cat1,26,40,30,0.75,15,15,1.0,7.124741286983691,177.9601780539997,0.04859507386669672,2001
v0,Bbnplanet-r1,Bbnplanet,P_cat1,27,40,31,0.775,15,15,1.0,6.977889732805998,177.9601780539997,0.04859507386669672,2001
v0,Bbnplanet-r1,Bbnplanet,P_cat1,28,40,30,0.75,15,15,1.0,7.470072000862998,177.9601780539997,0.04859507386669672,2001
v0,Bbnplanet-r1,Bbnplanet,P_cat1,29,40,30,0.75,15,15,1.0,7.1959136885774875,177.9601780539997,0.04859507386669672,2001
v0,Bbnplanet-r1,Bbnplanet,P_catalog_trajectory,0,40,32,0.8,15,15,1.0,6.826181639573667,146.57391587899838,0.047708216899991385,2001
v0,Bbnplanet-r1,Bbnplanet,P_catalog_trajectory,1,40,33,0.825,15,15,1.0,6.421143318108066,146.57391587899838,0.047708216899991385,2001
v0,Bbnplanet-r1,Bbnplanet,P_catalog_trajectory,2,40,32,0.8,15,15,1.0,7.74137281114357,146.57391587899838,0.047708216899991385,2001
v0,Bbnplanet-r1,Bbnplanet,P_catalog_trajectory,3,40,32,0.8,15,15,1.0,6.577346059320686,146.57391587899838,0.047708216899991385,2001
v0,Bbnplanet-r1,Bbnplanet,P_catalog_trajectory,4,40,32,0.8,15,15,1.0,7.421868676183582,146.57391587899838,0.047708216899991385,2001
v0,Bbnplanet-r1,Bbnplanet,P_catalog_trajectory,5,40,33,0.825,15,15,1.0,6.792087477578132,146.57391587899838,0.047708216899991385,2001
v0,Bbnplanet-r1,Bbnplanet,P_catalog_trajectory,6,40,32,0.8,15,15,1.0,7.594762976160721,146.57391587899838,0.047708216899991385,2001
v0,Bbnplanet-r1,Bbnplanet,P_catalog_trajectory,7,40,32,0.8,15,15,1.0,7.2755351901711105,146.57391587899838,0.047708216899991385,2001
v0,Bbnplanet-r1,Bbnplanet,P_catalog_trajectory,8,40,32,0.8,15,15,1.0,6.909258386393228,146.57391587899838,0.047708216899991385,2001
v0,Bbnplanet-r1,Bbnplanet,P_catalog_trajectory,9,40,32,0.8,15,15,1.0,7.043524930797387,146.57391587899838,0.047708216899991385,2001
v0,Bbnplanet-r1,Bbnplanet,P_catalog_trajectory,10,40,32,0.8,15,15,1.0,7.130927100432773,146.57391587899838,0.047708216899991385,2001
v0,Bbnplanet-r1,Bbnplanet,P_catalog_trajectory,11,40,33,0.825,15,15,1.0,6.751770858251679,146.57391587899838,0.047708216899991385,2001
v0,Bbnplanet-r1,Bbnplanet,P_catalog_trajectory,12,40,32,0.8,15,15,1.0,7.157401354104941,146.57391587899838,0.047708216899991385,2001
v0,Bbnplanet-r1,Bbnplanet,P_catalog_trajectory,13,40,32,0.8,15,15,1.0,7.515375279866716,146.57391587899838,0.047708216899991385,2001
v0,Bbnplanet-r1,Bbnplanet,P_catalog_trajectory,14,40,32,0.8,15,15,1.0,7.331125239381953,146.57391587899838,0.047708216899991385,2001
v0,Bbnplanet-r1,Bbnplanet,P_catalog_trajectory,15,40,32,0.8,15,15,1.0,6.535938270759187,146.57391587899838,0.047708216899991385,2001
v0,Bbnplanet-r1,Bbnplanet,P_catalog_trajectory,16,40,32,0.8,15,15,1.0,7.379180591372877,146.57391587899838,0.047708216899991385,2001
v0,Bbnplanet-r1,Bbnplanet,P_catalog_trajectory,17,40,32,0.8,15,15,1.0,7.814954501427108,146.57391587899838,0.047708216899991385,2001
v0,Bbnplanet-r1,Bbnplanet,P_catalog_trajectory,18,40,32,0.8,15,15,1.0,7.147207911258645,146.57391587899838,0.047708216899991385,2001
v0,Bbnplanet-r1,Bbnplanet,P_catalog_trajectory,19,40,32,0.8,15,15,1.0,7.894975413794826,146.57391587899838,0.047708216899991385,2001
v0,Bbnplanet-r1,Bbnplanet,P_catalog_trajectory,20,40,33,0.825,15,15,1.0,6.668381966493778,146.57391587899838,0.047708216899991385,2001
v0,Bbnplanet-r1,Bbnplanet,P_catalog_trajectory,21,40,32,0.8,15,15,1.0,7.766571017451643,146.57391587899838,0.047708216899991385,2001
v0,Bbnplanet-r1,Bbnplanet,P_catalog_trajectory,22,40,32,0.8,15,15,1.0,7.350135935410408,146.57391587899838,0.047708216899991385,2001
v0,Bbnplanet-r1,Bbnplanet,P_catalog_trajectory,23,40,32,0.8,15,15,1.0,7.299423001776656,146.57391587899838,0.047708216899991385,2001
v0,Bbnplanet-r1,Bbnplanet,P_catalog_trajectory,24,40,33,0.825,15,15,1.0,6.6757141345244495,146.57391587899838,0.047708216899991385,2001
v0,Bbnplanet-r1,Bbnplanet,P_catalog_trajectory,25,40,32,0.8,15,15,1.0,7.062817616682372,146.57391587899838,0.047708216899991385,2001
v0,Bbnplanet-r1,Bbnplanet,P_catalog_trajectory,26,40,33,0.825,15,15,1.0,6.519709500196068,146.57391587899838,0.047708216899991385,2001
v0,Bbnplanet-r1,Bbnplanet,P_catalog_trajectory,27,40,32,0.8,15,15,1.0,7.6582224344768735,146.57391587899838,0.047708216899991385,2001
v0,Bbnplanet-r1,Bbnplanet,P_catalog_trajectory,28,40,33,0.825,15,15,1.0,6.436495214093479,146.57391587899838,0.047708216899991385,2001
v0,Bbnplanet-r1,Bbnplanet,P_catalog_trajectory,29,40,32,0.8,15,15,1.0,6.676833580729392,146.57391587899838,0.047708216899991385,2001
v0,Bbnplanet-r1,Bbnplanet,P_init,0,40,29,0.725,15,15,1.0,7.992094970368528,153.24950565399922,0.04764938746666303,2001
v0,Bbnplanet-r1,Bbnplanet,P_init,1,40,29,0.725,15,15,1.0,8.274431087762123,153.24950565399922,0.04764938746666303,2001
v0,Bbnplanet-r1,Bbnplanet,P_init,2,40,29,0.725,15,15,1.0,8.823538163596414,153.24950565399922,0.04764938746666303,2001
v0,Bbnplanet-r1,Bbnplanet,P_init,3,40,29,0.725,15,15,1.0,8.240344762689162,153.24950565399922,0.04764938746666303,2001
v0,Bbnplanet-r1,Bbnplanet,P_init,4,40,28,0.7,15,15,1.0,8.78338691879432,153.24950565399922,0.04764938746666303,2001
v0,Bbnplanet-r1,Bbnplanet,P_init,5,40,29,0.725,15,15,1.0,8.347595971794496,153.24950565399922,0.04764938746666303,2001
v0,Bbnplanet-r1,Bbnplanet,P_init,6,40,29,0.725,15,15,1.0,7.993843464479208,153.24950565399922,0.04764938746666303,2001
v0,Bbnplanet-r1,Bbnplanet,P_init,7,40,27,0.675,15,15,1.0,9.914539681659633,153.24950565399922,0.04764938746666303,2001
v0,Bbnplanet-r1,Bbnplanet,P_init,8,40,28,0.7,15,15,1.0,8.913435505263694,153.24950565399922,0.04764938746666303,2001
v0,Bbnplanet-r1,Bbnplanet,P_init,9,40,28,0.7,15,15,1.0,7.930158112746314,153.24950565399922,0.04764938746666303,2001
v0,Bbnplanet-r1,Bbnplanet,P_init,10,40,29,0.725,15,15,1.0,7.861919897239001,153.24950565399922,0.04764938746666303,2001
v0,Bbnplanet-r1,Bbnplanet,P_init,11,40,29,0.725,15,15,1.0,8.71041789202498,153.24950565399922,0.04764938746666303,2001
v0,Bbnplanet-r1,Bbnplanet,P_init,12,40,27,0.675,15,15,1.0,8.57972535314389,153.24950565399922,0.04764938746666303,2001
v0,Bbnplanet-r1,Bbnplanet,P_init,13,40,26,0.65,15,15,1.0,8.643040300211197,153.24950565399922,0.04764938746666303,2001
v0,Bbnplanet-r1,Bbnplanet,P_init,14,40,28,0.7,15,15,1.0,8.748769096008004,153.24950565399922,0.04764938746666303,2001
v0,Bbnplanet-r1,Bbnplanet,P_init,15,40,29,0.725,15,15,1.0,7.564110864156346,153.24950565399922,0.04764938746666303,2001
v0,Bbnplanet-r1,Bbnplanet,P_init,16,40,28,0.7,15,15,1.0,8.576518648203423,153.24950565399922,0.04764938746666303,2001
v0,Bbnplanet-r1,Bbnplanet,P_init,17,40,29,0.725,15,15,1.0,8.719812576329398,153.24950565399922,0.04764938746666303,2001
v0,Bbnplanet-r1,Bbnplanet,P_init,18,40,29,0.725,15,15,1.0,8.47191106521914,153.24950565399922,0.04764938746666303,2001
v0,Bbnplanet-r1,Bbnplanet,P_init,19,40,29,0.725,15,15,1.0,8.614283246279753,153.24950565399922,0.04764938746666303,2001
v0,Bbnplanet-r1,Bbnplanet,P_init,20,40,28,0.7,15,15,1.0,9.138267001056445,153.24950565399922,0.04764938746666303,2001
v0,Bbnplanet-r1,Bbnplanet,P_init,21,40,29,0.725,15,15,1.0,8.407483550044486,153.24950565399922,0.04764938746666303,2001
v0,Bbnplanet-r1,Bbnplanet,P_init,22,40,26,0.65,15,15,1.0,9.193166123704605,153.24950565399922,0.04764938746666303,2001
v0,Bbnplanet-r1,Bbnplanet,P_init,23,40,29,0.725,15,15,1.0,8.850048828689513,153.24950565399922,0.04764938746666303,2001
v0,Bbnplanet-r1,Bbnplanet,P_init,24,40,29,0.725,15,15,1.0,8.366607750830939,153.24950565399922,0.04764938746666303,2001
v0,Bbnplanet-r1,Bbnplanet,P_init,25,40,29,0.725,15,15,1.0,8.515481654464118,153.24950565399922,0.04764938746666303,2001
v0,Bbnplanet-r1,Bbnplanet,P_init,26,40,28,0.7,15,15,1.0,8.82276152928443,153.24950565399922,0.04764938746666303,2001
v0,Bbnplanet-r1,Bbnplanet,P_init,27,40,28,0.7,15,15,1.0,9.030768075670148,153.24950565399922,0.04764938746666303,2001
v0,Bbnplanet-r1,Bbnplanet,P_init,28,40,25,0.625,15,15,1.0,9.774453283492525,153.24950565399922,0.04764938746666303,2001
v0,Bbnplanet-r1,Bbnplanet,P_init,29,40,29,0.725,15,15,1.0,8.119800912187195,153.24950565399922,0.04764938746666303,2001
v0,Bbnplanet-r1,Bbnplanet,P_init_w10,0,40,30,0.75,15,15,1.0,7.201638456859433,202.69125932399766,0.060824318499968895,2001
v0,Bbnplanet-r1,Bbnplanet,P_init_w10,1,40,31,0.775,15,15,1.0,6.554337048069179,202.69125932399766,0.060824318499968895,2001
v0,Bbnplanet-r1,Bbnplanet,P_init_w10,2,40,30,0.75,15,15,1.0,7.810143308262718,202.69125932399766,0.060824318499968895,2001
v0,Bbnplanet-r1,Bbnplanet,P_init_w10,3,40,30,0.75,15,15,1.0,6.769860032009743,202.69125932399766,0.060824318499968895,2001
v0,Bbnplanet-r1,Bbnplanet,P_init_w10,4,40,31,0.775,15,15,1.0,7.032287222608423,202.69125932399766,0.060824318499968895,2001
v0,Bbnplanet-r1,Bbnplanet,P_init_w10,5,40,31,0.775,15,15,1.0,6.860349441271173,202.69125932399766,0.060824318499968895,2001
v0,Bbnplanet-r1,Bbnplanet,P_init_w10,6,40,31,0.775,15,15,1.0,7.1212926413211,202.69125932399766,0.060824318499968895,2001
v0,Bbnplanet-r1,Bbnplanet,P_init_w10,7,40,32,0.8,15,15,1.0,6.7569517737360405,202.69125932399766,0.060824318499968895,2001
v0,Bbnplanet-r1,Bbnplanet,P_init_w10,8,40,30,0.75,15,15,1.0,7.689789419033889,202.69125932399766,0.060824318499968895,2001
v0,Bbnplanet-r1,Bbnplanet,P_init_w10,9,40,30,0.75,15,15,1.0,7.318621590141943,202.69125932399766,0.060824318499968895,2001
v0,Bbnplanet-r1,Bbnplanet,P_init_w10,10,40,29,0.725,15,15,1.0,7.413462597624918,202.69125932399766,0.060824318499968895,2001
v0,Bbnplanet-r1,Bbnplanet,P_init_w10,11,40,29,0.725,15,15,1.0,7.741589958013784,202.69125932399766,0.060824318499968895,2001
v0,Bbnplanet-r1,Bbnplanet,P_init_w10,12,40,30,0.75,15,15,1.0,7.503866495970932,202.69125932399766,0.060824318499968895,2001
v0,Bbnplanet-r1,Bbnplanet,P_init_w10,13,40,30,0.75,15,15,1.0,7.6832639498833855,202.69125932399766,0.060824318499968895,2001
v0,Bbnplanet-r1,Bbnplanet,P_init_w10,14,40,31,0.775,15,15,1.0,7.396926781628158,202.69125932399766,0.060824318499968895,2001
v0,Bbnplanet-r1,Bbnplanet,P_init_w10,15,40,32,0.8,15,15,1.0,5.872469615805502,202.69125932399766,0.060824318499968895,2001
v0,Bbnplanet-r1,Bbnplanet,P_init_w10,16,40,30,0.75,15,15,1.0,7.018631003740285,202.69125932399766,0.060824318499968895,2001
v0,Bbnplanet-r1,Bbnplanet,P_init_w10,17,40,31,0.775,15,15,1.0,7.746502123124136,202.69125932399766,0.060824318499968895,2001
v0,Bbnplanet-r1,Bbnplanet,P_init_w10,18,40,32,0.8,15,15,1.0,6.506407062872249,202.69125932399766,0.060824318499968895,2001
v0,Bbnplanet-r1,Bbnplanet,P_init_w10,19,40,31,0.775,15,15,1.0,7.259171764984386,202.69125932399766,0.060824318499968895,2001
v0,Bbnplanet-r1,Bbnplanet,P_init_w10,20,40,30,0.75,15,15,1.0,7.433513310470641,202.69125932399766,0.060824318499968895,2001
v0,Bbnplanet-r1,Bbnplanet,P_init_w10,21,40,31,0.775,15,15,1.0,7.3049591207234945,202.69125932399766,0.060824318499968895,2001
v0,Bbnplanet-r1,Bbnplanet,P_init_w10,22,40,29,0.725,15,15,1.0,7.933717832474707,202.69125932399766,0.060824318499968895,2001
v0,Bbnplanet-r1,Bbnplanet,P_init_w10,23,40,30,0.75,15,15,1.0,7.483521406413963,202.69125932399766,0.060824318499968895,2001
v0,Bbnplanet-r1,Bbnplanet,P_init_w10,24,40,32,0.8,15,15,1.0,6.589316937552277,202.69125932399766,0.060824318499968895,2001
v0,Bbnplanet-r1,Bbnplanet,P_init_w10,25,40,31,0.775,15,15,1.0,6.444770483368185,202.69125932399766,0.060824318499968895,2001
v0,Bbnplanet-r1,Bbnplanet,P_init_w10,26,40,29,0.725,15,15,1.0,7.526832683595871,202.69125932399766,0.060824318499968895,2001
v0,Bbnplanet-r1,Bbnplanet,P_init_w10,27,40,31,0.775,15,15,1.0,7.662954409608655,202.69125932399766,0.060824318499968895,2001
v0,Bbnplanet-r1,Bbnplanet,P_init_w10,28,40,30,0.75,15,15,1.0,7.636619992965046,202.69125932399766,0.060824318499968895,2001
v0,Bbnplanet-r1,Bbnplanet,P_init_w10,29,40,30,0.75,15,15,1.0,7.28744500942165,202.69125932399766,0.060824318499968895,2001
v0,Bbnplanet-r1,Bbnplanet,P_m2,0,40,30,0.75,15,15,1.0,7.46198463044392,175.15989400500257,0.054351925599985404,2001
v0,Bbnplanet-r1,Bbnplanet,P_m2,1,40,31,0.775,15,15,1.0,7.244890739753364,175.15989400500257,0.054351925599985404,2001
v0,Bbnplanet-r1,Bbnplanet,P_m2,2,40,31,0.775,15,15,1.0,7.783381359395617,175.15989400500257,0.054351925599985404,2001
v0,Bbnplanet-r1,Bbnplanet,P_m2,3,40,31,0.775,15,15,1.0,7.745671084187134,175.15989400500257,0.054351925599985404,2001
v0,Bbnplanet-r1,Bbnplanet,P_m2,4,40,32,0.8,15,15,1.0,7.247051829087557,175.15989400500257,0.054351925599985404,2001
v0,Bbnplanet-r1,Bbnplanet,P_m2,5,40,31,0.775,15,15,1.0,7.4246472608872045,175.15989400500257,0.054351925599985404,2001
v0,Bbnplanet-r1,Bbnplanet,P_m2,6,40,30,0.75,15,15,1.0,7.094695493412717,175.15989400500257,0.054351925599985404,2001
v0,Bbnplanet-r1,Bbnplanet,P_m2,7,40,31,0.775,15,15,1.0,8.374326256996838,175.15989400500257,0.054351925599985404,2001
v0,Bbnplanet-r1,Bbnplanet,P_m2,8,40,32,0.8,15,15,1.0,7.266921567148828,175.15989400500257,0.054351925599985404,2001
v0,Bbnplanet-r1,Bbnplanet,P_m2,9,40,31,0.775,15,15,1.0,7.0317075563839495,175.15989400500257,0.054351925599985404,2001
v0,Bbnplanet-r1,Bbnplanet,P_m2,10,40,30,0.75,15,15,1.0,7.8024523455414485,175.15989400500257,0.054351925599985404,2001
v0,Bbnplanet-r1,Bbnplanet,P_m2,11,40,30,0.75,15,15,1.0,8.245826646276445,175.15989400500257,0.054351925599985404,2001
v0,Bbnplanet-r1,Bbnplanet,P_m2,12,40,31,0.775,15,15,1.0,7.7971518715975305,175.15989400500257,0.054351925599985404,2001
v0,Bbnplanet-r1,Bbnplanet,P_m2,13,40,29,0.725,15,15,1.0,7.9621666178740975,175.15989400500257,0.054351925599985404,2001
v0,Bbnplanet-r1,Bbnplanet,P_m2,14,40,32,0.8,15,15,1.0,7.336540508208045,175.15989400500257,0.054351925599985404,2001
v0,Bbnplanet-r1,Bbnplanet,P_m2,15,40,31,0.775,15,15,1.0,7.499987138724348,175.15989400500257,0.054351925599985404,2001
v0,Bbnplanet-r1,Bbnplanet,P_m2,16,40,32,0.8,15,15,1.0,7.580205722240669,175.15989400500257,0.054351925599985404,2001
v0,Bbnplanet-r1,Bbnplanet,P_m2,17,40,30,0.75,15,15,1.0,8.864487111119884,175.15989400500257,0.054351925599985404,2001
v0,Bbnplanet-r1,Bbnplanet,P_m2,18,40,31,0.775,15,15,1.0,6.6283537538896615,175.15989400500257,0.054351925599985404,2001
v0,Bbnplanet-r1,Bbnplanet,P_m2,19,40,30,0.75,15,15,1.0,7.9142278577071865,175.15989400500257,0.054351925599985404,2001
v0,Bbnplanet-r1,Bbnplanet,P_m2,20,40,32,0.8,15,15,1.0,6.99444426548878,175.15989400500257,0.054351925599985404,2001
v0,Bbnplanet-r1,Bbnplanet,P_m2,21,40,31,0.775,15,15,1.0,7.900771446496639,175.15989400500257,0.054351925599985404,2001
v0,Bbnplanet-r1,Bbnplanet,P_m2,22,40,31,0.775,15,15,1.0,7.651062875714625,175.15989400500257,0.054351925599985404,2001
v0,Bbnplanet-r1,Bbnplanet,P_m2,23,40,31,0.775,15,15,1.0,7.31724933580497,175.15989400500257,0.054351925599985404,2001
v0,Bbnplanet-r1,Bbnplanet,P_m2,24,40,31,0.775,15,15,1.0,8.04672638602274,175.15989400500257,0.054351925599985404,2001
v0,Bbnplanet-r1,Bbnplanet,P_m2,25,40,31,0.775,15,15,1.0,7.531800930597263,175.15989400500257,0.054351925599985404,2001
v0,Bbnplanet-r1,Bbnplanet,P_m2,26,40,32,0.8,15,15,1.0,7.333201873833008,175.15989400500257,0.054351925599985404,2001
v0,Bbnplanet-r1,Bbnplanet,P_m2,27,40,32,0.8,15,15,1.0,7.584127466480702,175.15989400500257,0.054351925599985404,2001
v0,Bbnplanet-r1,Bbnplanet,P_m2,28,40,30,0.75,15,15,1.0,8.357266379949486,175.15989400500257,0.054351925599985404,2001
v0,Bbnplanet-r1,Bbnplanet,P_m2,29,40,31,0.775,15,15,1.0,7.377385479186245,175.15989400500257,0.054351925599985404,2001
v0,Bbnplanet-r1,Bbnplanet,P_m5,0,40,29,0.725,15,15,1.0,8.768996114857213,196.7232859279975,0.0490551994999502,2001
v0,Bbnplanet-r1,Bbnplanet,P_m5,1,40,30,0.75,15,15,1.0,8.584980242255089,196.7232859279975,0.0490551994999502,2001
v0,Bbnplanet-r1,Bbnplanet,P_m5,2,40,30,0.75,15,15,1.0,9.503230124465322,196.7232859279975,0.0490551994999502,2001
v0,Bbnplanet-r1,Bbnplanet,P_m5,3,40,26,0.65,15,15,1.0,9.67148534414223,196.7232859279975,0.0490551994999502,2001
v0,Bbnplanet-r1,Bbnplanet,P_m5,4,40,30,0.75,15,15,1.0,9.077658769955441,196.7232859279975,0.0490551994999502,2001
v0,Bbnplanet-r1,Bbnplanet,P_m5,5,40,28,0.7,15,15,1.0,9.115379431616576,196.7232859279975,0.0490551994999502,2001
v0,Bbnplanet-r1,Bbnplanet,P_m5,6,40,28,0.7,15,15,1.0,9.366472051158377,196.7232859279975,0.0490551994999502,2001
v0,Bbnplanet-r1,Bbnplanet,P_m5,7,40,30,0.75,15,15,1.0,9.383031438040515,196.7232859279975,0.0490551994999502,2001
v0,Bbnplanet-r1,Bbnplanet,P_m5,8,40,30,0.75,15,15,1.0,8.8931612453466,196.7232859279975,0.0490551994999502,2001
v0,Bbnplanet-r1,Bbnplanet,P_m5,9,40,28,0.7,15,15,1.0,9.803756228018244,196.7232859279975,0.0490551994999502,2001
v0,Bbnplanet-r1,Bbnplanet,P_m5,10,40,29,0.725,15,15,1.0,9.234654357197787,196.7232859279975,0.0490551994999502,2001
v0,Bbnplanet-r1,Bbnplanet,P_m5,11,40,30,0.75,15,15,1.0,8.879692985022903,196.7232859279975,0.0490551994999502,2001
v0,Bbnplanet-r1,Bbnplanet,P_m5,12,40,29,0.725,15,15,1.0,8.987902989497014,196.7232859279975,0.0490551994999502,2001
v0,Bbnplanet-r1,Bbnplanet,P_m5,13,40,28,0.7,15,15,1.0,9.811554650911848,196.7232859279975,0.0490551994999502,2001
v0,Bbnplanet-r1,Bbnplanet,P_m5,14,40,30,0.75,15,15,1.0,8.777394864080513,196.7232859279975,0.0490551994999502,2001
v0,Bbnplanet-r1,Bbnplanet,P_m5,15,40,29,0.725,15,15,1.0,8.429246270751374,196.7232859279975,0.0490551994999502,2001
v0,Bbnplanet-r1,Bbnplanet,P_m5,16,40,29,0.725,15,15,1.0,9.51157698547337,196.7232859279975,0.0490551994999502,2001
v0,Bbnplanet-r1,Bbnplanet,P_m5,17,40,26,0.65,15,15,1.0,9.937227677584481,196.7232859279975,0.0490551994999502,2001
v0,Bbnplanet-r1,Bbnplanet,P_m5,18,40,31,0.775,15,15,1.0,8.789027632904345,196.7232859279975,0.0490551994999502,2001
v0,Bbnplanet-r1,Bbnplanet,P_m5,19,40,30,0.75,15,15,1.0,8.829147606722758,196.7232859279975,0.0490551994999502,2001
v0,Bbnplanet-r1,Bbnplanet,P_m5,20,40,28,0.7,15,15,1.0,9.573594111230914,196.7232859279975,0.0490551994999502,2001
v0,Bbnplanet-r1,Bbnplanet,P_m5,21,40,30,0.75,15,15,1.0,9.418543075644031,196.7232859279975,0.0490551994999502,2001
v0,Bbnplanet-r1,Bbnplanet,P_m5,22,40,27,0.675,15,15,1.0,10.08982938606679,196.7232859279975,0.0490551994999502,2001
v0,Bbnplanet-r1,Bbnplanet,P_m5,23,40,31,0.775,15,15,1.0,8.644378110911518,196.7232859279975,0.0490551994999502,2001
v0,Bbnplanet-r1,Bbnplanet,P_m5,24,40,31,0.775,15,15,1.0,8.393770222543065,196.7232859279975,0.0490551994999502,2001
v0,Bbnplanet-r1,Bbnplanet,P_m5,25,40,27,0.675,15,15,1.0,8.492495011001571,196.7232859279975,0.0490551994999502,2001
v0,Bbnplanet-r1,Bbnplanet,P_m5,26,40,27,0.675,15,15,1.0,9.932487000710754,196.7232859279975,0.0490551994999502,2001
v0,Bbnplanet-r1,Bbnplanet,P_m5,27,40,29,0.725,15,15,1.0,8.839523582179266,196.7232859279975,0.0490551994999502,2001
v0,Bbnplanet-r1,Bbnplanet,P_m5,28,40,28,0.7,15,15,1.0,9.18192713959128,196.7232859279975,0.0490551994999502,2001
v0,Bbnplanet-r1,Bbnplanet,P_m5,29,40,26,0.65,15,15,1.0,10.509634676744808,196.7232859279975,0.0490551994999502,2001
v0,Bbnplanet-r1,Bbnplanet,P_seed1,0,40,27,0.675,15,15,1.0,9.47040921714481,183.7700988400029,0.04578866496667615,2001
v0,Bbnplanet-r1,Bbnplanet,P_seed1,1,40,29,0.725,15,15,1.0,8.481606088127156,183.7700988400029,0.04578866496667615,2001
v0,Bbnplanet-r1,Bbnplanet,P_seed1,2,40,31,0.775,15,15,1.0,8.101087755716017,183.7700988400029,0.04578866496667615,2001
v0,Bbnplanet-r1,Bbnplanet,P_seed1,3,40,27,0.675,15,15,1.0,9.627187456511894,183.7700988400029,0.04578866496667615,2001
v0,Bbnplanet-r1,Bbnplanet,P_seed1,4,40,28,0.7,15,15,1.0,10.276979713941293,183.7700988400029,0.04578866496667615,2001
v0,Bbnplanet-r1,Bbnplanet,P_seed1,5,40,29,0.725,15,15,1.0,8.786484737737794,183.7700988400029,0.04578866496667615,2001
v0,Bbnplanet-r1,Bbnplanet,P_seed1,6,40,28,0.7,15,15,1.0,9.888443531241208,183.7700988400029,0.04578866496667615,2001
v0,Bbnplanet-r1,Bbnplanet,P_seed1,7,40,30,0.75,15,15,1.0,8.771217331592725,183.7700988400029,0.04578866496667615,2001
v0,Bbnplanet-r1,Bbnplanet,P_seed1,8,40,30,0.75,15,15,1.0,8.413316361903178,183.7700988400029,0.04578866496667615,2001
v0,Bbnplanet-r1,Bbnplanet,P_seed1,9,40,27,0.675,15,15,1.0,9.593352652642693,183.7700988400029,0.04578866496667615,2001
v0,Bbnplanet-r1,Bbnplanet,P_seed1,10,40,30,0.75,15,15,1.0,8.286007880908103,183.7700988400029,0.04578866496667615,2001
v0,Bbnplanet-r1,Bbnplanet,P_seed1,11,40,30,0.75,15,15,1.0,8.8497280204442,183.7700988400029,0.04578866496667615,2001
v0,Bbnplanet-r1,Bbnplanet,P_seed1,12,40,29,0.725,15,15,1.0,8.181970674807086,183.7700988400029,0.04578866496667615,2001
v0,Bbnplanet-r1,Bbnplanet,P_seed1,13,40,30,0.75,15,15,1.0,8.778478154707482,183.7700988400029,0.04578866496667615,2001
v0,Bbnplanet-r1,Bbnplanet,P_seed1,14,40,30,0.75,15,15,1.0,8.128317425706394,183.7700988400029,0.04578866496667615,2001
v0,Bbnplanet-r1,Bbnplanet,P_seed1,15,40,31,0.775,15,15,1.0,7.390799433747626,183.7700988400029,0.04578866496667615,2001
v0,Bbnplanet-r1,Bbnplanet,P_seed1,16,40,29,0.725,15,15,1.0,9.163973886594308,183.7700988400029,0.04578866496667615,2001
v0,Bbnplanet-r1,Bbnplanet,P_seed1,17,40,27,0.675,15,15,1.0,10.18637039877994,183.7700988400029,0.04578866496667615,2001
v0,Bbnplanet-r1,Bbnplanet,P_seed1,18,40,31,0.775,15,15,1.0,8.27736505080387,183.7700988400029,0.04578866496667615,2001
v0,Bbnplanet-r1,Bbnplanet,P_seed1,19,40,32,0.8,15,15,1.0,7.987136856262783,183.7700988400029,0.04578866496667615,2001
v0,Bbnplanet-r1,Bbnplanet,P_seed1,20,40,30,0.75,15,15,1.0,8.87139677102348,183.7700988400029,0.04578866496667615,2001
v0,Bbnplanet-r1,Bbnplanet,P_seed1,21,40,30,0.75,15,15,1.0,8.747812407879511,183.7700988400029,0.04578866496667615,2001
v0,Bbnplanet-r1,Bbnplanet,P_seed1,22,40,26,0.65,15,15,1.0,10.845812176456727,183.7700988400029,0.04578866496667615,2001
v0,Bbnplanet-r1,Bbnplanet,P_seed1,23,40,31,0.775,15,15,1.0,8.114180594316734,183.7700988400029,0.04578866496667615,2001
v0,Bbnplanet-r1,Bbnplanet,P_seed1,24,40,32,0.8,15,15,1.0,7.985389700117902,183.7700988400029,0.04578866496667615,2001
v0,Bbnplanet-r1,Bbnplanet,P_seed1,25,40,30,0.75,15,15,1.0,8.026099044169621,183.7700988400029,0.04578866496667615,2001
v0,Bbnplanet-r1,Bbnplanet,P_seed1,26,40,29,0.725,15,15,1.0,8.823526995158522,183.7700988400029,0.04578866496667615,2001
v0,Bbnplanet-r1,Bbnplanet,P_seed1,27,40,30,0.75,15,15,1.0,8.981420819992346,183.7700988400029,0.04578866496667615,2001
v0,Bbnplanet-r1,Bbnplanet,P_seed1,28,40,31,0.775,15,15,1.0,7.922487721579327,183.7700988400029,0.04578866496667615,2001
v0,Bbnplanet-r1,Bbnplanet,P_seed1,29,40,26,0.65,15,15,1.0,10.287110231796058,183.7700988400029,0.04578866496667615,2001
v0,Bbnplanet-r1,Bbnplanet,P_seed2,0,40,31,0.775,15,15,1.0,7.121199170846768,187.34145903899844,0.07256995743337029,2001
v0,Bbnplanet-r1,Bbnplanet,P_seed2,1,40,33,0.825,15,15,1.0,6.384845774011896,187.34145903899844,0.07256995743337029,2001
v0,Bbnplanet-r1,Bbnplanet,P_seed2,2,40,32,0.8,15,15,1.0,7.758684214347846,187.34145903899844,0.07256995743337029,2001
v0,Bbnplanet-r1,Bbnplanet,P_seed2,3,40,30,0.75,15,15,1.0,7.642703065070185,187.34145903899844,0.07256995743337029,2001
v0,Bbnplanet-r1,Bbnplanet,P_seed2,4,40,32,0.8,15,15,1.0,7.226532007504856,187.34145903899844,0.07256995743337029,2001
v0,Bbnplanet-r1,Bbnplanet,P_seed2,5,40,32,0.8,15,15,1.0,7.194056761266344,187.34145903899844,0.07256995743337029,2001
v0,Bbnplanet-r1,Bbnplanet,P_seed2,6,40,33,0.825,15,15,1.0,6.696063582580174,187.34145903899844,0.07256995743337029,2001
v0,Bbnplanet-r1,Bbnplanet,P_seed2,7,40,32,0.8,15,15,1.0,7.125502486485462,187.34145903899844,0.07256995743337029,2001
v0,Bbnplanet-r1,Bbnplanet,P_seed2,8,40,32,0.8,15,15,1.0,6.75172861535387,187.34145903899844,0.07256995743337029,2001
v0,Bbnplanet-r1,Bbnplanet,P_seed2,9,40,32,0.8,15,15,1.0,7.030313545850275,187.34145903899844,0.07256995743337029,2001
v0,Bbnplanet-r1,Bbnplanet,P_seed2,10,40,31,0.775,15,15,1.0,7.956732534199397,187.34145903899844,0.07256995743337029,2001
v0,Bbnplanet-r1,Bbnplanet,P_seed2,11,40,32,0.8,15,15,1.0,6.8158222595873905,187.34145903899844,0.07256995743337029,2001
v0,Bbnplanet-r1,Bbnplanet,P_seed2,12,40,32,0.8,15,15,1.0,7.120515032763718,187.34145903899844,0.07256995743337029,2001
v0,Bbnplanet-r1,Bbnplanet,P_seed2,13,40,32,0.8,15,15,1.0,7.4936621377055115,187.34145903899844,0.07256995743337029,2001
v0,Bbnplanet-r1,Bbnplanet,P_seed2,14,40,32,0.8,15,15,1.0,7.251163676516234,187.34145903899844,0.07256995743337029,2001
v0,Bbnplanet-r1,Bbnplanet,P_seed2,15,40,32,0.8,15,15,1.0,6.366240793179536,187.34145903899844,0.07256995743337029,2001
v0,Bbnplanet-r1,Bbnplanet,P_seed2,16,40,31,0.775,15,15,1.0,7.847016589741902,187.34145903899844,0.07256995743337029,2001
v0,Bbnplanet-r1,Bbnplanet,P_seed2,17,40,32,0.8,15,15,1.0,7.632765926188783,187.34145903899844,0.07256995743337029,2001
v0,Bbnplanet-r1,Bbnplanet,P_seed2,18,40,32,0.8,15,15,1.0,7.108039878891981,187.34145903899844,0.07256995743337029,2001
v0,Bbnplanet-r1,Bbnplanet,P_seed2,19,40,32,0.8,15,15,1.0,7.579709969877492,187.34145903899844,0.07256995743337029,2001
v0,Bbnplanet-r1,Bbnplanet,P_seed2,20,40,32,0.8,15,15,1.0,7.389738165212506,187.34145903899844,0.07256995743337029,2001
v0,Bbnplanet-r1,Bbnplanet,P_seed2,21,40,32,0.8,15,15,1.0,7.8861965586324425,187.34145903899844,0.07256995743337029,2001
v0,Bbnplanet-r1,Bbnplanet,P_seed2,22,40,32,0.8,15,15,1.0,7.267852323996581,187.34145903899844,0.07256995743337029,2001
v0,Bbnplanet-r1,Bbnplanet,P_seed2,23,40,32,0.8,15,15,1.0,7.247031503988523,187.34145903899844,0.07256995743337029,2001
v0,Bbnplanet-r1,Bbnplanet,P_seed2,24,40,33,0.825,15,15,1.0,6.649637276463206,187.34145903899844,0.07256995743337029,2001
v0,Bbnplanet-r1,Bbnplanet,P_seed2,25,40,32,0.8,15,15,1.0,6.329127453689888,187.34145903899844,0.07256995743337029,2001
v0,Bbnplanet-r1,Bbnplanet,P_seed2,26,40,33,0.825,15,15,1.0,6.467491242855005,187.34145903899844,0.07256995743337029,2001
v0,Bbnplanet-r1,Bbnplanet,P_seed2,27,40,32,0.8,15,15,1.0,7.641214858541888,187.34145903899844,0.07256995743337029,2001
v0,Bbnplanet-r1,Bbnplanet,P_seed2,28,40,32,0.8,15,15,1.0,6.955888652729236,187.34145903899844,0.07256995743337029,2001
v0,Bbnplanet-r1,Bbnplanet,P_seed2,29,40,32,0.8,15,15,1.0,6.578678635840606,187.34145903899844,0.07256995743337029,2001
v0,Bbnplanet-r1,Bbnplanet,P_w10,0,40,29,0.725,15,15,1.0,7.606753562471374,195.08083984900077,0.068789553266591,2001
v0,Bbnplanet-r1,Bbnplanet,P_w10,1,40,30,0.75,15,15,1.0,8.15267562937512,195.08083984900077,0.068789553266591,2001
v0,Bbnplanet-r1,Bbnplanet,P_w10,2,40,31,0.775,15,15,1.0,7.454018169608675,195.08083984900077,0.068789553266591,2001
v0,Bbnplanet-r1,Bbnplanet,P_w10,3,40,28,0.7,15,15,1.0,8.218637913181583,195.08083984900077,0.068789553266591,2001
v0,Bbnplanet-r1,Bbnplanet,P_w10,4,40,30,0.75,15,15,1.0,8.018267745593231,195.08083984900077,0.068789553266591,2001
v0,Bbnplanet-r1,Bbnplanet,P_w10,5,40,29,0.725,15,15,1.0,7.803519472516959,195.08083984900077,0.068789553266591,2001
v0,Bbnplanet-r1,Bbnplanet,P_w10,6,40,31,0.775,15,15,1.0,7.288213748404179,195.08083984900077,0.068789553266591,2001
v0,Bbnplanet-r1,Bbnplanet,P_w10,7,40,30,0.75,15,15,1.0,7.609361560398595,195.08083984900077,0.068789553266591,2001
v0,Bbnplanet-r1,Bbnplanet,P_w10,8,40,31,0.775,15,15,1.0,7.641377426765632,195.08083984900077,0.068789553266591,2001
v0,Bbnplanet-r1,Bbnplanet,P_w10,9,40,27,0.675,15,15,1.0,9.503716110498369,195.08083984900077,0.068789553266591,2001
v0,Bbnplanet-r1,Bbnplanet,P_w10,10,40,29,0.725,15,15,1.0,7.624104801432219,195.08083984900077,0.068789553266591,2001
v0,Bbnplanet-r1,Bbnplanet,P_w10,11,40,30,0.75,15,15,1.0,7.911778011311212,195.08083984900077,0.068789553266591,2001
v0,Bbnplanet-r1,Bbnplanet,P_w10,12,40,29,0.725,15,15,1.0,7.772641675193332,195.08083984900077,0.068789553266591,2001
v0,Bbnplanet-r1,Bbnplanet,P_w10,13,40,29,0.725,15,15,1.0,7.660914354042721,195.08083984900077,0.068789553266591,2001
v0,Bbnplanet-r1,Bbnplanet,P_w10,14,40,31,0.775,15,15,1.0,7.419857814564187,195.08083984900077,0.068789553266591,2001
v0,Bbnplanet-r1,Bbnplanet,P_w10,15,40,31,0.775,15,15,1.0,7.597322566522664,195.08083984900077,0.068789553266591,2001
v0,Bbnplanet-r1,Bbnplanet,P_w10,16,40,30,0.75,15,15,1.0,7.470247877123139,195.08083984900077,0.068789553266591,2001
v0,Bbnplanet-r1,Bbnplanet,P_w10,17,40,29,0.725,15,15,1.0,8.250890626775512,195.08083984900077,0.068789553266591,2001
v0,Bbnplanet-r1,Bbnplanet,P_w10,18,40,31,0.775,15,15,1.0,7.632245905937564,195.08083984900077,0.068789553266591,2001
v0,Bbnplanet-r1,Bbnplanet,P_w10,19,40,31,0.775,15,15,1.0,7.412381777648016,195.08083984900077,0.068789553266591,2001
v0,Bbnplanet-r1,Bbnplanet,P_w10,20,40,29,0.725,15,15,1.0,7.781918410600433,195.08083984900077,0.068789553266591,2001
v0,Bbnplanet-r1,Bbnplanet,P_w10,21,40,30,0.75,15,15,1.0,7.927542149223417,195.08083984900077,0.068789553266591,2001
v0,Bbnplanet-r1,Bbnplanet,P_w10,22,40,27,0.675,15,15,1.0,8.96617764566819,195.08083984900077,0.068789553266591,2001
v0,Bbnplanet-r1,Bbnplanet,P_w10,23,40,30,0.75,15,15,1.0,7.6470199447573,195.08083984900077,0.068789553266591,2001
v0,Bbnplanet-r1,Bbnplanet,P_w10,24,40,31,0.775,15,15,1.0,7.390030567251627,195.08083984900077,0.068789553266591,2001
v0,Bbnplanet-r1,Bbnplanet,P_w10,25,40,30,0.75,15,15,1.0,7.709083365757466,195.08083984900077,0.068789553266591,2001
v0,Bbnplanet-r1,Bbnplanet,P_w10,26,40,28,0.7,15,15,1.0,8.505900354825293,195.08083984900077,0.068789553266591,2001
v0,Bbnplanet-r1,Bbnplanet,P_w10,27,40,31,0.775,15,15,1.0,7.5084597667140045,195.08083984900077,0.068789553266591,2001
v0,Bbnplanet-r1,Bbnplanet,P_w10,28,40,31,0.775,15,15,1.0,7.62472153320442,195.08083984900077,0.068789553266591,2001
v0,Bbnplanet-r1,Bbnplanet,P_w10,29,40,27,0.675,15,15,1.0,8.766807518866317,195.08083984900077,0.068789553266591,2001
v0,Bbnplanet-r1,Bbnplanet,P_w3,0,40,27,0.675,15,15,1.0,9.228135800315291,171.54109984300158,0.04962490033334082,2001
v0,Bbnplanet-r1,Bbnplanet,P_w3,1,40,28,0.7,15,15,1.0,8.681986962732436,171.54109984300158,0.04962490033334082,2001
v0,Bbnplanet-r1,Bbnplanet,P_w3,2,40,29,0.725,15,15,1.0,8.946374983993787,171.54109984300158,0.04962490033334082,2001
v0,Bbnplanet-r1,Bbnplanet,P_w3,3,40,26,0.65,15,15,1.0,9.719564677631165,171.54109984300158,0.04962490033334082,2001
v0,Bbnplanet-r1,Bbnplanet,P_w3,4,40,28,0.7,15,15,1.0,9.324179726917038,171.54109984300158,0.04962490033334082,2001
v0,Bbnplanet-r1,Bbnplanet,P_w3,5,40,27,0.675,15,15,1.0,9.533264637511206,171.54109984300158,0.04962490033334082,2001
v0,Bbnplanet-r1,Bbnplanet,P_w3,6,40,26,0.65,15,15,1.0,9.318741872338823,171.54109984300158,0.04962490033334082,2001
v0,Bbnplanet-r1,Bbnplanet,P_w3,7,40,29,0.725,15,15,1.0,8.846013380755773,171.54109984300158,0.04962490033334082,2001
v0,Bbnplanet-r1,Bbnplanet,P_w3,8,40,29,0.725,15,15,1.0,9.083317159600558,171.54109984300158,0.04962490033334082,2001
v0,Bbnplanet-r1,Bbnplanet,P_w3,9,40,26,0.65,15,15,1.0,9.426008950356058,171.54109984300158,0.04962490033334082,2001
v0,Bbnplanet-r1,Bbnplanet,P_w3,10,40,30,0.75,15,15,1.0,8.401696582845522,171.54109984300158,0.04962490033334082,2001
v0,Bbnplanet-r1,Bbnplanet,P_w3,11,40,28,0.7,15,15,1.0,9.78421405711457,171.54109984300158,0.04962490033334082,2001
v0,Bbnplanet-r1,Bbnplanet,P_w3,12,40,30,0.75,15,15,1.0,8.467925611679565,171.54109984300158,0.04962490033334082,2001
v0,Bbnplanet-r1,Bbnplanet,P_w3,13,40,27,0.675,15,15,1.0,9.591403668540641,171.54109984300158,0.04962490033334082,2001
v0,Bbnplanet-r1,Bbnplanet,P_w3,14,40,29,0.725,15,15,1.0,9.723807641326436,171.54109984300158,0.04962490033334082,2001
v0,Bbnplanet-r1,Bbnplanet,P_w3,15,40,29,0.725,15,15,1.0,8.87815311944471,171.54109984300158,0.04962490033334082,2001
v0,Bbnplanet-r1,Bbnplanet,P_w3,16,40,25,0.625,15,15,1.0,9.96132996363901,171.54109984300158,0.04962490033334082,2001
v0,Bbnplanet-r1,Bbnplanet,P_w3,17,40,25,0.625,15,15,1.0,9.981244343825765,171.54109984300158,0.04962490033334082,2001
v0,Bbnplanet-r1,Bbnplanet,P_w3,18,40,29,0.725,15,15,1.0,8.232469303212088,171.54109984300158,0.04962490033334082,2001
v0,Bbnplanet-r1,Bbnplanet,P_w3,19,40,30,0.75,15,15,1.0,8.186667540432094,171.54109984300158,0.04962490033334082,2001
v0,Bbnplanet-r1,Bbnplanet,P_w3,20,40,28,0.7,15,15,1.0,9.501061014634097,171.54109984300158,0.04962490033334082,2001
v0,Bbnplanet-r1,Bbnplanet,P_w3,21,40,29,0.725,15,15,1.0,8.798352833849947,171.54109984300158,0.04962490033334082,2001
v0,Bbnplanet-r1,Bbnplanet,P_w3,22,40,25,0.625,15,15,1.0,10.361717776090522,171.54109984300158,0.04962490033334082,2001
v0,Bbnplanet-r1,Bbnplanet,P_w3,23,40,29,0.725,15,15,1.0,8.71422384743456,171.54109984300158,0.04962490033334082,2001
v0,Bbnplanet-r1,Bbnplanet,P_w3,24,40,30,0.75,15,15,1.0,8.541104235898402,171.54109984300158,0.04962490033334082,2001
v0,Bbnplanet-r1,Bbnplanet,P_w3,25,40,29,0.725,15,15,1.0,9.723358082274931,171.54109984300158,0.04962490033334082,2001
v0,Bbnplanet-r1,Bbnplanet,P_w3,26,40,27,0.675,15,15,1.0,9.891534002780064,171.54109984300158,0.04962490033334082,2001
v0,Bbnplanet-r1,Bbnplanet,P_w3,27,40,26,0.65,15,15,1.0,9.78132950086704,171.54109984300158,0.04962490033334082,2001
v0,Bbnplanet-r1,Bbnplanet,P_w3,28,40,27,0.675,15,15,1.0,8.185259246100122,171.54109984300158,0.04962490033334082,2001
v0,Bbnplanet-r1,Bbnplanet,P_w3,29,40,26,0.65,15,15,1.0,10.19802993080926,171.54109984300158,0.04962490033334082,2001
v0,Canerie-r0,Canerie,B1,0,40,20,0.5,15,15,1.0,20.0,0.1382499450010073,0.02804511953339291,1
v0,Canerie-r0,Canerie,B1,1,40,19,0.475,15,15,1.0,20.997353303060876,0.1382499450010073,0.02804511953339291,1
v0,Canerie-r0,Canerie,B1,2,40,20,0.5,15,15,1.0,20.0,0.1382499450010073,0.02804511953339291,1
v0,Canerie-r0,Canerie,B1,3,40,20,0.5,15,15,1.0,20.0,0.1382499450010073,0.02804511953339291,1
v0,Canerie-r0,Canerie,B1,4,40,19,0.475,15,15,1.0,20.531719907265384,0.1382499450010073,0.02804511953339291,1
v0,Canerie-r0,Canerie,B1,5,40,20,0.5,15,15,1.0,20.0,0.1382499450010073,0.02804511953339291,1
v0,Canerie-r0,Canerie,B1,6,40,20,0.5,15,15,1.0,20.0,0.1382499450010073,0.02804511953339291,1
v0,Canerie-r0,Canerie,B1,7,40,19,0.475,15,15,1.0,20.531625434195515,0.1382499450010073,0.02804511953339291,1
v0,Canerie-r0,Canerie,B1,8,40,19,0.475,15,15,1.0,20.044256491721917,0.1382499450010073,0.02804511953339291,1
v0,Canerie-r0,Canerie,B1,9,40,19,0.475,15,15,1.0,20.42403362470353,0.1382499450010073,0.02804511953339291,1
v0,Canerie-r0,Canerie,B1,10,40,19,0.475,15,15,1.0,20.996669220917006,0.1382499450010073,0.02804511953339291,1
v0,Canerie-r0,Canerie,B1,11,40,19,0.475,15,15,1.0,20.530416185233616,0.1382499450010073,0.02804511953339291,1
v0,Canerie-r0,Canerie,B1,12,40,20,0.5,15,15,1.0,20.0,0.1382499450010073,0.02804511953339291,1
v0,Canerie-r0,Canerie,B1,13,40,19,0.475,15,15,1.0,20.424033624703533,0.1382499450010073,0.02804511953339291,1
v0,Canerie-r0,Canerie,B1,14,40,18,0.45,15,15,1.0,21.25903593689352,0.1382499450010073,0.02804511953339291,1
v0,Canerie-r0,Canerie,B1,15,40,19,0.475,15,15,1.0,20.42997063475557,0.1382499450010073,0.02804511953339291,1
v0,Canerie-r0,Canerie,B1,16,40,20,0.5,15,15,1.0,20.0,0.1382499450010073,0.02804511953339291,1
v0,Canerie-r0,Canerie,B1,17,40,20,0.5,15,15,1.0,20.0,0.1382499450010073,0.02804511953339291,1
v0,Canerie-r0,Canerie,B1,18,40,20,0.5,15,15,1.0,20.0,0.1382499450010073,0.02804511953339291,1
v0,Canerie-r0,Canerie,B1,19,40,19,0.475,15,15,1.0,20.531719907265384,0.1382499450010073,0.02804511953339291,1
v0,Canerie-r0,Canerie,B1,20,40,19,0.475,15,15,1.0,20.425460753263703,0.1382499450010073,0.02804511953339291,1
v0,Canerie-r0,Canerie,B1,21,40,19,0.475,15,15,1.0,20.615201523553697,0.1382499450010073,0.02804511953339291,1
v0,Canerie-r0,Canerie,B1,22,40,19,0.475,15,15,1.0,20.5450118347662,0.1382499450010073,0.02804511953339291,1
v0,Canerie-r0,Canerie,B1,23,40,20,0.5,15,15,1.0,20.0,0.1382499450010073,0.02804511953339291,1
v0,Canerie-r0,Canerie,B1,24,40,20,0.5,15,15,1.0,20.0,0.1382499450010073,0.02804511953339291,1
v0,Canerie-r0,Canerie,B1,25,40,20,0.5,15,15,1.0,20.0,0.1382499450010073,0.02804511953339291,1
v0,Canerie-r0,Canerie,B1,26,40,19,0.475,15,15,1.0,20.026414903944175,0.1382499450010073,0.02804511953339291,1
v0,Canerie-r0,Canerie,B1,27,40,19,0.475,15,15,1.0,20.531719907265384,0.1382499450010073,0.02804511953339291,1
v0,Canerie-r0,Canerie,B1,28,40,19,0.475,15,15,1.0,20.32752737728611,0.1382499450010073,0.02804511953339291,1
v0,Canerie-r0,Canerie,B1,29,40,19,0.475,15,15,1.0,20.54470269625475,0.1382499450010073,0.02804511953339291,1
v0,Canerie-r0,Canerie,B2,0,40,27,0.675,15,15,1.0,9.140625753878691,235.56505025500155,0.08888793063330619,2001
v0,Canerie-r0,Canerie,B2,1,40,25,0.625,15,15,1.0,11.280607689910873,235.56505025500155,0.08888793063330619,2001
v0,Canerie-r0,Canerie,B2,2,40,28,0.7,15,15,1.0,8.552898124308243,235.56505025500155,0.08888793063330619,2001
v0,Canerie-r0,Canerie,B2,3,40,26,0.65,15,15,1.0,9.68208927828604,235.56505025500155,0.08888793063330619,2001
v0,Canerie-r0,Canerie,B2,4,40,26,0.65,15,15,1.0,10.188466020233237,235.56505025500155,0.08888793063330619,2001
v0,Canerie-r0,Canerie,B2,5,40,27,0.675,15,15,1.0,9.095560688985543,235.56505025500155,0.08888793063330619,2001
v0,Canerie-r0,Canerie,B2,6,40,28,0.7,15,15,1.0,9.252693227990095,235.56505025500155,0.08888793063330619,2001
v0,Canerie-r0,Canerie,B2,7,40,27,0.675,15,15,1.0,9.594834189904528,235.56505025500155,0.08888793063330619,2001
v0,Canerie-r0,Canerie,B2,8,40,28,0.7,15,15,1.0,8.587203642154716,235.56505025500155,0.08888793063330619,2001
v0,Canerie-r0,Canerie,B2,9,40,25,0.625,15,15,1.0,8.752060368012632,235.56505025500155,0.08888793063330619,2001
v0,Canerie-r0,Canerie,B2,10,40,27,0.675,15,15,1.0,10.663024688684413,235.56505025500155,0.08888793063330619,2001
v0,Canerie-r0,Canerie,B2,11,40,26,0.65,15,15,1.0,11.10140830748518,235.56505025500155,0.08888793063330619,2001
v0,Canerie-r0,Canerie,B2,12,40,28,0.7,15,15,1.0,8.932290054793528,235.56505025500155,0.08888793063330619,2001
v0,Canerie-r0,Canerie,B2,13,40,26,0.65,15,15,1.0,10.733770380869103,235.56505025500155,0.08888793063330619,2001
v0,Canerie-r0,Canerie,B2,14,40,25,0.625,15,15,1.0,10.630810627735597,235.56505025500155,0.08888793063330619,2001
v0,Canerie-r0,Canerie,B2,15,40,26,0.65,15,15,1.0,10.892674856708725,235.56505025500155,0.08888793063330619,2001
v0,Canerie-r0,Canerie,B2,16,40,25,0.625,15,15,1.0,11.030001915047238,235.56505025500155,0.08888793063330619,2001
v0,Canerie-r0,Canerie,B2,17,40,28,0.7,15,15,1.0,9.152745716200743,235.56505025500155,0.08888793063330619,2001
v0,Canerie-r0,Canerie,B2,18,40,25,0.625,15,15,1.0,10.694967237234412,235.56505025500155,0.08888793063330619,2001
v0,Canerie-r0,Canerie,B2,19,40,25,0.625,15,15,1.0,10.482078577208505,235.56505025500155,0.08888793063330619,2001
v0,Canerie-r0,Canerie,B2,20,40,26,0.65,15,15,1.0,10.462731558193108,235.56505025500155,0.08888793063330619,2001
v0,Canerie-r0,Canerie,B2,21,40,26,0.65,15,15,1.0,10.901913449031072,235.56505025500155,0.08888793063330619,2001
v0,Canerie-r0,Canerie,B2,22,40,27,0.675,15,15,1.0,9.781190329885872,235.56505025500155,0.08888793063330619,2001
v0,Canerie-r0,Canerie,B2,23,40,28,0.7,15,15,1.0,9.220833602167948,235.56505025500155,0.08888793063330619,2001
v0,Canerie-r0,Canerie,B2,24,40,27,0.675,15,15,1.0,8.57732021775577,235.56505025500155,0.08888793063330619,2001
v0,Canerie-r0,Canerie,B2,25,40,26,0.65,15,15,1.0,8.629337763419992,235.56505025500155,0.08888793063330619,2001
v0,Canerie-r0,Canerie,B2,26,40,26,0.65,15,15,1.0,11.151043826827278,235.56505025500155,0.08888793063330619,2001
v0,Canerie-r0,Canerie,B2,27,40,27,0.675,15,15,1.0,9.579406215597155,235.56505025500155,0.08888793063330619,2001
v0,Canerie-r0,Canerie,B2,28,40,27,0.675,15,15,1.0,10.36543037896299,235.56505025500155,0.08888793063330619,2001
v0,Canerie-r0,Canerie,B2,29,40,25,0.625,15,15,1.0,10.415381899816769,235.56505025500155,0.08888793063330619,2001
v0,Canerie-r0,Canerie,P,0,40,28,0.7,15,15,1.0,8.577797639975428,192.24633052699937,0.048271879033321356,2001
v0,Canerie-r0,Canerie,P,1,40,26,0.65,15,15,1.0,9.840230131547901,192.24633052699937,0.048271879033321356,2001
v0,Canerie-r0,Canerie,P,2,40,27,0.675,15,15,1.0,8.979762224173509,192.24633052699937,0.048271879033321356,2001
v0,Canerie-r0,Canerie,P,3,40,29,0.725,15,15,1.0,8.194200168893902,192.24633052699937,0.048271879033321356,2001
v0,Canerie-r0,Canerie,P,4,40,26,0.65,15,15,1.0,9.53745844376851,192.24633052699937,0.048271879033321356,2001
v0,Canerie-r0,Canerie,P,5,40,28,0.7,15,15,1.0,8.550152932931214,192.24633052699937,0.048271879033321356,2001
v0,Canerie-r0,Canerie,P,6,40,27,0.675,15,15,1.0,8.16421927469909,192.24633052699937,0.048271879033321356,2001
v0,Canerie-r0,Canerie,P,7,40,26,0.65,15,15,1.0,8.671455947202142,192.24633052699937,0.048271879033321356,2001
v0,Canerie-r0,Canerie,P,8,40,28,0.7,15,15,1.0,8.344545626976876,192.24633052699937,0.048271879033321356,2001
v0,Canerie-r0,Canerie,P,9,40,26,0.65,15,15,1.0,8.74032504511816,192.24633052699937,0.048271879033321356,2001
v0,Canerie-r0,Canerie,P,10,40,28,0.7,15,15,1.0,9.16694701754166,192.24633052699937,0.048271879033321356,2001
v0,Canerie-r0,Canerie,P,11,40,27,0.675,15,15,1.0,9.896901685209595,192.24633052699937,0.048271879033321356,2001
v0,Canerie-r0,Canerie,P,12,40,29,0.725,15,15,1.0,8.264118345631159,192.24633052699937,0.048271879033321356,2001
v0,Canerie-r0,Canerie,P,13,40,27,0.675,15,15,1.0,9.196578132198196,192.24633052699937,0.048271879033321356,2001
v0,Canerie-r0,Canerie,P,14,40,26,0.65,15,15,1.0,9.328890241991349,192.24633052699937,0.048271879033321356,2001
v0,Canerie-r0,Canerie,P,15,40,27,0.675,15,15,1.0,9.423854833728962,192.24633052699937,0.048271879033321356,2001
v0,Canerie-r0,Canerie,P,16,40,28,0.7,15,15,1.0,8.221264733926219,192.24633052699937,0.048271879033321356,2001
v0,Canerie-r0,Canerie,P,17,40,30,0.75,15,15,1.0,7.3640445012494755,192.24633052699937,0.048271879033321356,2001
v0,Canerie-r0,Canerie,P,18,40,26,0.65,15,15,1.0,9.520625408854798,192.24633052699937,0.048271879033321356,2001
v0,Canerie-r0,Canerie,P,19,40,25,0.625,15,15,1.0,10.271341250535196,192.24633052699937,0.048271879033321356,2001
v0,Canerie-r0,Canerie,P,20,40,27,0.675,15,15,1.0,10.112210197600453,192.24633052699937,0.048271879033321356,2001
v0,Canerie-r0,Canerie,P,21,40,27,0.675,15,15,1.0,9.250267933025594,192.24633052699937,0.048271879033321356,2001
v0,Canerie-r0,Canerie,P,22,40,27,0.675,15,15,1.0,8.968805820660945,192.24633052699937,0.048271879033321356,2001
v0,Canerie-r0,Canerie,P,23,40,29,0.725,15,15,1.0,8.901021483672743,192.24633052699937,0.048271879033321356,2001
v0,Canerie-r0,Canerie,P,24,40,28,0.7,15,15,1.0,7.769171072970291,192.24633052699937,0.048271879033321356,2001
v0,Canerie-r0,Canerie,P,25,40,26,0.65,15,15,1.0,8.51611824481622,192.24633052699937,0.048271879033321356,2001
v0,Canerie-r0,Canerie,P,26,40,28,0.7,15,15,1.0,9.433434882283413,192.24633052699937,0.048271879033321356,2001
v0,Canerie-r0,Canerie,P,27,40,25,0.625,15,15,1.0,8.784632668521988,192.24633052699937,0.048271879033321356,2001
v0,Canerie-r0,Canerie,P,28,40,28,0.7,15,15,1.0,8.890068645723334,192.24633052699937,0.048271879033321356,2001
v0,Canerie-r0,Canerie,P,29,40,27,0.675,15,15,1.0,9.631921309198727,192.24633052699937,0.048271879033321356,2001
v0,Canerie-r0,Canerie,P_cat0,0,40,28,0.7,15,15,1.0,8.577797639975428,185.01904674300022,0.050397632600045955,2001
v0,Canerie-r0,Canerie,P_cat0,1,40,26,0.65,15,15,1.0,9.840230131547901,185.01904674300022,0.050397632600045955,2001
v0,Canerie-r0,Canerie,P_cat0,2,40,27,0.675,15,15,1.0,8.979762224173509,185.01904674300022,0.050397632600045955,2001
v0,Canerie-r0,Canerie,P_cat0,3,40,29,0.725,15,15,1.0,8.194200168893902,185.01904674300022,0.050397632600045955,2001
v0,Canerie-r0,Canerie,P_cat0,4,40,26,0.65,15,15,1.0,9.53745844376851,185.01904674300022,0.050397632600045955,2001
v0,Canerie-r0,Canerie,P_cat0,5,40,28,0.7,15,15,1.0,8.550152932931214,185.01904674300022,0.050397632600045955,2001
v0,Canerie-r0,Canerie,P_cat0,6,40,27,0.675,15,15,1.0,8.16421927469909,185.01904674300022,0.050397632600045955,2001
v0,Canerie-r0,Canerie,P_cat0,7,40,26,0.65,15,15,1.0,8.671455947202142,185.01904674300022,0.050397632600045955,2001
v0,Canerie-r0,Canerie,P_cat0,8,40,28,0.7,15,15,1.0,8.344545626976876,185.01904674300022,0.050397632600045955,2001
v0,Canerie-r0,Canerie,P_cat0,9,40,26,0.65,15,15,1.0,8.74032504511816,185.01904674300022,0.050397632600045955,2001
v0,Canerie-r0,Canerie,P_cat0,10,40,28,0.7,15,15,1.0,9.16694701754166,185.01904674300022,0.050397632600045955,2001
v0,Canerie-r0,Canerie,P_cat0,11,40,27,0.675,15,15,1.0,9.896901685209595,185.01904674300022,0.050397632600045955,2001
v0,Canerie-r0,Canerie,P_cat0,12,40,29,0.725,15,15,1.0,8.264118345631159,185.01904674300022,0.050397632600045955,2001
v0,Canerie-r0,Canerie,P_cat0,13,40,27,0.675,15,15,1.0,9.196578132198196,185.01904674300022,0.050397632600045955,2001
v0,Canerie-r0,Canerie,P_cat0,14,40,26,0.65,15,15,1.0,9.328890241991349,185.01904674300022,0.050397632600045955,2001
v0,Canerie-r0,Canerie,P_cat0,15,40,27,0.675,15,15,1.0,9.423854833728962,185.01904674300022,0.050397632600045955,2001
v0,Canerie-r0,Canerie,P_cat0,16,40,28,0.7,15,15,1.0,8.221264733926219,185.01904674300022,0.050397632600045955,2001
v0,Canerie-r0,Canerie,P_cat0,17,40,30,0.75,15,15,1.0,7.3640445012494755,185.01904674300022,0.050397632600045955,2001
v0,Canerie-r0,Canerie,P_cat0,18,40,26,0.65,15,15,1.0,9.520625408854798,185.01904674300022,0.050397632600045955,2001
v0,Canerie-r0,Canerie,P_cat0,19,40,25,0.625,15,15,1.0,10.271341250535196,185.01904674300022,0.050397632600045955,2001
v0,Canerie-r0,Canerie,P_cat0,20,40,27,0.675,15,15,1.0,10.112210197600453,185.01904674300022,0.050397632600045955,2001
v0,Canerie-r0,Canerie,P_cat0,21,40,27,0.675,15,15,1.0,9.250267933025594,185.01904674300022,0.050397632600045955,2001
v0,Canerie-r0,Canerie,P_cat0,22,40,27,0.675,15,15,1.0,8.968805820660945,185.01904674300022,0.050397632600045955,2001
v0,Canerie-r0,Canerie,P_cat0,23,40,29,0.725,15,15,1.0,8.901021483672743,185.01904674300022,0.050397632600045955,2001
v0,Canerie-r0,Canerie,P_cat0,24,40,28,0.7,15,15,1.0,7.769171072970291,185.01904674300022,0.050397632600045955,2001
v0,Canerie-r0,Canerie,P_cat0,25,40,26,0.65,15,15,1.0,8.51611824481622,185.01904674300022,0.050397632600045955,2001
v0,Canerie-r0,Canerie,P_cat0,26,40,28,0.7,15,15,1.0,9.433434882283413,185.01904674300022,0.050397632600045955,2001
v0,Canerie-r0,Canerie,P_cat0,27,40,25,0.625,15,15,1.0,8.784632668521988,185.01904674300022,0.050397632600045955,2001
v0,Canerie-r0,Canerie,P_cat0,28,40,28,0.7,15,15,1.0,8.890068645723334,185.01904674300022,0.050397632600045955,2001
v0,Canerie-r0,Canerie,P_cat0,29,40,27,0.675,15,15,1.0,9.631921309198727,185.01904674300022,0.050397632600045955,2001
v0,Canerie-r0,Canerie,P_cat03,0,40,28,0.7,15,15,1.0,8.576348543481862,196.32948354199834,0.04701355033333433,2001
v0,Canerie-r0,Canerie,P_cat03,1,40,26,0.65,15,15,1.0,9.83081288379963,196.32948354199834,0.04701355033333433,2001
v0,Canerie-r0,Canerie,P_cat03,2,40,28,0.7,15,15,1.0,8.71385566576404,196.32948354199834,0.04701355033333433,2001
v0,Canerie-r0,Canerie,P_cat03,3,40,29,0.725,15,15,1.0,8.190789846084037,196.32948354199834,0.04701355033333433,2001
v0,Canerie-r0,Canerie,P_cat03,4,40,26,0.65,15,15,1.0,9.538848268825745,196.32948354199834,0.04701355033333433,2001
v0,Canerie-r0,Canerie,P_cat03,5,40,28,0.7,15,15,1.0,8.559172629989142,196.32948354199834,0.04701355033333433,2001
v0,Canerie-r0,Canerie,P_cat03,6,40,27,0.675,15,15,1.0,8.162348422741994,196.32948354199834,0.04701355033333433,2001
v0,Canerie-r0,Canerie,P_cat03,7,40,26,0.65,15,15,1.0,8.680095553554128,196.32948354199834,0.04701355033333433,2001
v0,Canerie-r0,Canerie,P_cat03,8,40,28,0.7,15,15,1.0,8.342781169851758,196.32948354199834,0.04701355033333433,2001
v0,Canerie-r0,Canerie,P_cat03,9,40,25,0.625,15,15,1.0,8.983033149852105,196.32948354199834,0.04701355033333433,2001
v0,Canerie-r0,Canerie,P_cat03,10,40,28,0.7,15,15,1.0,9.166983008105051,196.32948354199834,0.04701355033333433,2001
v0,Canerie-r0,Canerie,P_cat03,11,40,27,0.675,15,15,1.0,9.89708012219141,196.32948354199834,0.04701355033333433,2001
v0,Canerie-r0,Canerie,P_cat03,12,40,29,0.725,15,15,1.0,8.269344320993794,196.32948354199834,0.04701355033333433,2001
v0,Canerie-r0,Canerie,P_cat03,13,40,27,0.675,15,15,1.0,9.268927707796248,196.32948354199834,0.04701355033333433,2001
v0,Canerie-r0,Canerie,P_cat03,14,40,26,0.65,15,15,1.0,9.321384817808614,196.32948354199834,0.04701355033333433,2001
v0,Canerie-r0,Canerie,P_cat03,15,40,27,0.675,15,15,1.0,9.421461345594352,196.32948354199834,0.04701355033333433,2001
v0,Canerie-r0,Canerie,P_cat03,16,40,28,0.7,15,15,1.0,8.222697008761921,196.32948354199834,0.04701355033333433,2001
v0,Canerie-r0,Canerie,P_cat03,17,40,30,0.75,15,15,1.0,7.369229035760938,196.32948354199834,0.04701355033333433,2001
v0,Canerie-r0,Canerie,P_cat03,18,40,26,0.65,15,15,1.0,9.514553611632472,196.32948354199834,0.04701355033333433,2001
v0,Canerie-r0,Canerie,P_cat03,19,40,25,0.625,15,15,1.0,10.270771722485968,196.32948354199834,0.04701355033333433,2001
v0,Canerie-r0,Canerie,P_cat03,20,40,27,0.675,15,15,1.0,10.26345695710749,196.32948354199834,0.04701355033333433,2001
v0,Canerie-r0,Canerie,P_cat03,21,40,27,0.675,15,15,1.0,9.251982482899345,196.32948354199834,0.04701355033333433,2001
v0,Canerie-r0,Canerie,P_cat03,22,40,27,0.675,15,15,1.0,8.97877230760837,196.32948354199834,0.04701355033333433,2001
v0,Canerie-r0,Canerie,P_cat03,23,40,29,0.725,15,15,1.0,8.896371506047313,196.32948354199834,0.04701355033333433,2001
v0,Canerie-r0,Canerie,P_cat03,24,40,28,0.7,15,15,1.0,7.769976503487063,196.32948354199834,0.04701355033333433,2001
v0,Canerie-r0,Canerie,P_cat03,25,40,26,0.65,15,15,1.0,8.519616579458251,196.32948354199834,0.04701355033333433,2001
v0,Canerie-r0,Canerie,P_cat03,26,40,28,0.7,15,15,1.0,9.42682736244285,196.32948354199834,0.04701355033333433,2001
v0,Canerie-r0,Canerie,P_cat03,27,40,25,0.625,15,15,1.0,8.712559493238476,196.32948354199834,0.04701355033333433,2001
v0,Canerie-r0,Canerie,P_cat03,28,40,28,0.7,15,15,1.0,8.890633709030514,196.32948354199834,0.04701355033333433,2001
v0,Canerie-r0,Canerie,P_cat03,29,40,27,0.675,15,15,1.0,9.643427314506246,196.32948354199834,0.04701355033333433,2001
v0,Canerie-r0,Canerie,P_cat1,0,40,28,0.7,15,15,1.0,8.7395325210579,192.9248387359985,0.053822698266715936,2001
v0,Canerie-r0,Canerie,P_cat1,1,40,26,0.65,15,15,1.0,9.818157558050364,192.9248387359985,0.053822698266715936,2001
v0,Canerie-r0,Canerie,P_cat1,2,40,29,0.725,15,15,1.0,7.849393868005194,192.9248387359985,0.053822698266715936,2001
v0,Canerie-r0,Canerie,P_cat1,3,40,27,0.675,15,15,1.0,8.828265401580456,192.9248387359985,0.053822698266715936,2001
v0,Canerie-r0,Canerie,P_cat1,4,40,26,0.65,15,15,1.0,9.012283354065685,192.9248387359985,0.053822698266715936,2001
v0,Canerie-r0,Canerie,P_cat1,5,40,28,0.7,15,15,1.0,7.992957617040009,192.9248387359985,0.053822698266715936,2001
v0,Canerie-r0,Canerie,P_cat1,6,40,28,0.7,15,15,1.0,8.04060498866015,192.9248387359985,0.053822698266715936,2001
v0,Canerie-r0,Canerie,P_cat1,7,40,27,0.675,15,15,1.0,8.7364392172665,192.9248387359985,0.053822698266715936,2001
v0,Canerie-r0,Canerie,P_cat1,8,40,28,0.7,15,15,1.0,7.399363543024141,192.9248387359985,0.053822698266715936,2001
v0,Canerie-r0,Canerie,P_cat1,9,40,26,0.65,15,15,1.0,7.935695853685136,192.9248387359985,0.053822698266715936,2001
v0,Canerie-r0,Canerie,P_cat1,10,40,27,0.675,15,15,1.0,9.385334858290477,192.9248387359985,0.053822698266715936,2001
v0,Canerie-r0,Canerie,P_cat1,11,40,27,0.675,15,15,1.0,9.828011936652704,192.9248387359985,0.053822698266715936,2001
v0,Canerie-r0,Canerie,P_cat1,12,40,29,0.725,15,15,1.0,7.644084979436136,192.9248387359985,0.053822698266715936,2001
v0,Canerie-r0,Canerie,P_cat1,13,40,27,0.675,15,15,1.0,9.160816113253723,192.9248387359985,0.053822698266715936,2001
v0,Canerie-r0,Canerie,P_cat1,14,40,27,0.675,15,15,1.0,9.138628854200757,192.9248387359985,0.053822698266715936,2001
v0,Canerie-r0,Canerie,P_cat1,15,40,27,0.675,15,15,1.0,9.425347579207486,192.9248387359985,0.053822698266715936,2001
v0,Canerie-r0,Canerie,P_cat1,16,40,26,0.65,15,15,1.0,9.39290339655652,192.9248387359985,0.053822698266715936,2001
v0,Canerie-r0,Canerie,P_cat1,17,40,29,0.725,15,15,1.0,7.720302540073428,192.9248387359985,0.053822698266715936,2001
v0,Canerie-r0,Canerie,P_cat1,18,40,28,0.7,15,15,1.0,8.828647811058417,192.9248387359985,0.053822698266715936,2001
v0,Canerie-r0,Canerie,P_cat1,19,40,27,0.675,15,15,1.0,8.827603986528947,192.9248387359985,0.053822698266715936,2001
v0,Canerie-r0,Canerie,P_cat1,20,40,27,0.675,15,15,1.0,10.1788090032811,192.9248387359985,0.053822698266715936,2001
v0,Canerie-r0,Canerie,P_cat1,21,40,27,0.675,15,15,1.0,9.492810658874532,192.9248387359985,0.053822698266715936,2001
v0,Canerie-r0,Canerie,P_cat1,22,40,27,0.675,15,15,1.0,8.730348350479005,192.9248387359985,0.053822698266715936,2001
v0,Canerie-r0,Canerie,P_cat1,23,40,29,0.725,15,15,1.0,8.623730384479378,192.9248387359985,0.053822698266715936,2001
v0,Canerie-r0,Canerie,P_cat1,24,40,28,0.7,15,15,1.0,7.538921968156896,192.9248387359985,0.053822698266715936,2001
v0,Canerie-r0,Canerie,P_cat1,25,40,26,0.65,15,15,1.0,8.116111852643527,192.9248387359985,0.053822698266715936,2001
v0,Canerie-r0,Canerie,P_cat1,26,40,28,0.7,15,15,1.0,8.551891552286836,192.9248387359985,0.053822698266715936,2001
v0,Canerie-r0,Canerie,P_cat1,27,40,26,0.65,15,15,1.0,8.88153139229868,192.9248387359985,0.053822698266715936,2001
v0,Canerie-r0,Canerie,P_cat1,28,40,28,0.7,15,15,1.0,9.12560505530922,192.9248387359985,0.053822698266715936,2001
v0,Canerie-r0,Canerie,P_cat1,29,40,26,0.65,15,15,1.0,9.783158384391907,192.9248387359985,0.053822698266715936,2001
v0,Canerie-r0,Canerie,P_catalog_trajectory,0,40,23,0.575,15,15,1.0,11.581456934078192,197.0278690060004,0.056052251800065275,2001
v0,Canerie-r0,Canerie,P_catalog_trajectory,1,40,27,0.675,15,15,1.0,9.11076914886609,197.0278690060004,0.056052251800065275,2001
v0,Canerie-r0,Canerie,P_catalog_trajectory,2,40,26,0.65,15,15,1.0,9.925025998696647,197.0278690060004,0.056052251800065275,2001
v0,Canerie-r0,Canerie,P_catalog_trajectory,3,40,27,0.675,15,15,1.0,7.547369373163441,197.0278690060004,0.056052251800065275,2001
v0,Canerie-r0,Canerie,P_catalog_trajectory,4,40,29,0.725,15,15,1.0,7.499020059647739,197.0278690060004,0.056052251800065275,2001
v0,Canerie-r0,Canerie,P_catalog_trajectory,5,40,29,0.725,15,15,1.0,7.7251088601767055,197.0278690060004,0.056052251800065275,2001
v0,Canerie-r0,Canerie,P_catalog_trajectory,6,40,26,0.65,15,15,1.0,9.371009894327091,197.0278690060004,0.056052251800065275,2001
v0,Canerie-r0,Canerie,P_catalog_trajectory,7,40,28,0.7,15,15,1.0,8.712481773668305,197.0278690060004,0.056052251800065275,2001
v0,Canerie-r0,Canerie,P_catalog_trajectory,8,40,23,0.575,15,15,1.0,11.44846024144313,197.0278690060004,0.056052251800065275,2001
v0,Canerie-r0,Canerie,P_catalog_trajectory,9,40,28,0.7,15,15,1.0,8.534233407967166,197.0278690060004,0.056052251800065275,2001
v0,Canerie-r0,Canerie,P_catalog_trajectory,10,40,29,0.725,15,15,1.0,6.680482332133921,197.0278690060004,0.056052251800065275,2001
v0,Canerie-r0,Canerie,P_catalog_trajectory,11,40,28,0.7,15,15,1.0,7.642976082754293,197.0278690060004,0.056052251800065275,2001
v0,Canerie-r0,Canerie,P_catalog_trajectory,12,40,26,0.65,15,15,1.0,9.825253538223546,197.0278690060004,0.056052251800065275,2001
v0,Canerie-r0,Canerie,P_catalog_trajectory,13,40,25,0.625,15,15,1.0,10.339973840892602,197.0278690060004,0.056052251800065275,2001
v0,Canerie-r0,Canerie,P_catalog_trajectory,14,40,25,0.625,15,15,1.0,9.604490435145731,197.0278690060004,0.056052251800065275,2001
v0,Canerie-r0,Canerie,P_catalog_trajectory,15,40,28,0.7,15,15,1.0,7.563850046927555,197.0278690060004,0.056052251800065275,2001
v0,Canerie-r0,Canerie,P_catalog_trajectory,16,40,27,0.675,15,15,1.0,8.613169178790525,197.0278690060004,0.056052251800065275,2001
v0,Canerie-r0,Canerie,P_catalog_trajectory,17,40,27,0.675,15,15,1.0,8.716061525073679,197.0278690060004,0.056052251800065275,2001
v0,Canerie-r0,Canerie,P_catalog_trajectory,18,40,29,0.725,15,15,1.0,8.216128700260777,197.0278690060004,0.056052251800065275,2001
v0,Canerie-r0,Canerie,P_catalog_trajectory,19,40,28,0.7,15,15,1.0,7.5789361190866975,197.0278690060004,0.056052251800065275,2001
v0,Canerie-r0,Canerie,P_catalog_trajectory,20,40,27,0.675,15,15,1.0,9.71944436410237,197.0278690060004,0.056052251800065275,2001
v0,Canerie-r0,Canerie,P_catalog_trajectory,21,40,28,0.7,15,15,1.0,7.546762988144124,197.0278690060004,0.056052251800065275,2001
v0,Canerie-r0,Canerie,P_catalog_trajectory,22,40,24,0.6,15,15,1.0,11.197033425793201,197.0278690060004,0.056052251800065275,2001
v0,Canerie-r0,Canerie,P_catalog_trajectory,23,40,30,0.75,15,15,1.0,6.869871113302195,197.0278690060004,0.056052251800065275,2001
v0,Canerie-r0,Canerie,P_catalog_trajectory,24,40,25,0.625,15,15,1.0,10.186401931774341,197.0278690060004,0.056052251800065275,2001
v0,Canerie-r0,Canerie,P_catalog_trajectory,25,40,28,0.7,15,15,1.0,8.925455413124173,197.0278690060004,0.056052251800065275,2001
v0,Canerie-r0,Canerie,P_catalog_trajectory,26,40,27,0.675,15,15,1.0,9.482637343254952,197.0278690060004,0.056052251800065275,2001
v0,Canerie-r0,Canerie,P_catalog_trajectory,27,40,27,0.675,15,15,1.0,8.44466103243814,197.0278690060004,0.056052251800065275,2001
v0,Canerie-r0,Canerie,P_catalog_trajectory,28,40,29,0.725,15,15,1.0,8.000603952551044,197.0278690060004,0.056052251800065275,2001
v0,Canerie-r0,Canerie,P_catalog_trajectory,29,40,28,0.7,15,15,1.0,8.193637887821563,197.0278690060004,0.056052251800065275,2001
v0,Canerie-r0,Canerie,P_init,0,40,26,0.65,15,15,1.0,10.957508109298153,168.6827447020005,0.05249412229992837,2001
v0,Canerie-r0,Canerie,P_init,1,40,22,0.55,15,15,1.0,14.785156973519856,168.6827447020005,0.05249412229992837,2001
v0,Canerie-r0,Canerie,P_init,2,40,25,0.625,15,15,1.0,11.547950752246946,168.6827447020005,0.05249412229992837,2001
v0,Canerie-r0,Canerie,P_init,3,40,24,0.6,15,15,1.0,12.14121587779014,168.6827447020005,0.05249412229992837,2001
v0,Canerie-r0,Canerie,P_init,4,40,24,0.6,15,15,1.0,11.974349614617989,168.6827447020005,0.05249412229992837,2001
v0,Canerie-r0,Canerie,P_init,5,40,25,0.625,15,15,1.0,12.19827755396032,168.6827447020005,0.05249412229992837,2001
v0,Canerie-r0,Canerie,P_init,6,40,25,0.625,15,15,1.0,11.769336238369391,168.6827447020005,0.05249412229992837,2001
v0,Canerie-r0,Canerie,P_init,7,40,26,0.65,15,15,1.0,11.669394154504674,168.6827447020005,0.05249412229992837,2001
v0,Canerie-r0,Canerie,P_init,8,40,28,0.7,15,15,1.0,10.10244087365385,168.6827447020005,0.05249412229992837,2001
v0,Canerie-r0,Canerie,P_init,9,40,24,0.6,15,15,1.0,13.47712597677743,168.6827447020005,0.05249412229992837,2001
v0,Canerie-r0,Canerie,P_init,10,40,29,0.725,15,15,1.0,9.053178789044525,168.6827447020005,0.05249412229992837,2001
v0,Canerie-r0,Canerie,P_init,11,40,26,0.65,15,15,1.0,11.690149426216822,168.6827447020005,0.05249412229992837,2001
v0,Canerie-r0,Canerie,P_init,12,40,24,0.6,15,15,1.0,11.30068126195674,168.6827447020005,0.05249412229992837,2001
v0,Canerie-r0,Canerie,P_init,13,40,23,0.575,15,15,1.0,12.824444776493495,168.6827447020005,0.05249412229992837,2001
v0,Canerie-r0,Canerie,P_init,14,40,23,0.575,15,15,1.0,14.484690334457273,168.6827447020005,0.05249412229992837,2001
v0,Canerie-r0,Canerie,P_init,15,40,28,0.7,15,15,1.0,9.164451801988548,168.6827447020005,0.05249412229992837,2001
v0,Canerie-r0,Canerie,P_init,16,40,27,0.675,15,15,1.0,10.41852929551739,168.6827447020005,0.05249412229992837,2001
v0,Canerie-r0,Canerie,P_init,17,40,29,0.725,15,15,1.0,9.57739815763887,168.6827447020005,0.05249412229992837,2001
v0,Canerie-r0,Canerie,P_init,18,40,28,0.7,15,15,1.0,10.546335562795578,168.6827447020005,0.05249412229992837,2001
v0,Canerie-r0,Canerie,P_init,19,40,22,0.55,15,15,1.0,13.059046878914923,168.6827447020005,0.05249412229992837,2001
v0,Canerie-r0,Canerie,P_init,20,40,28,0.7,15,15,1.0,9.736816291739292,168.6827447020005,0.05249412229992837,2001
v0,Canerie-r0,Canerie,P_init,21,40,27,0.675,15,15,1.0,11.066625028994334,168.6827447020005,0.05249412229992837,2001
v0,Canerie-r0,Canerie,P_init,22,40,24,0.6,15,15,1.0,13.656846234697372,168.6827447020005,0.05249412229992837,2001
v0,Canerie-r0,Canerie,P_init,23,40,28,0.7,15,15,1.0,9.31458456176613,168.6827447020005,0.05249412229992837,2001
v0,Canerie-r0,Canerie,P_init,24,40,28,0.7,15,15,1.0,9.177002910343255,168.6827447020005,0.05249412229992837,2001
v0,Canerie-r0,Canerie,P_init,25,40,28,0.7,15,15,1.0,10.845871448330719,168.6827447020005,0.05249412229992837,2001
v0,Canerie-r0,Canerie,P_init,26,40,24,0.6,15,15,1.0,13.873944654707158,168.6827447020005,0.05249412229992837,2001
v0,Canerie-r0,Canerie,P_init,27,40,27,0.675,15,15,1.0,10.660416082911713,168.6827447020005,0.05249412229992837,2001
v0,Canerie-r0,Canerie,P_init,28,40,25,0.625,15,15,1.0,12.35715451009942,168.6827447020005,0.05249412229992837,2001
v0,Canerie-r0,Canerie,P_init,29,40,28,0.7,15,15,1.0,10.319579112980898,168.6827447020005,0.05249412229992837,2001
v0,Canerie-r0,Canerie,P_init_w10,0,40,25,0.625,15,15,1.0,11.043455443146419,173.59995394900034,0.06487641083331255,2001
v0,Canerie-r0,Canerie,P_init_w10,1,40,27,0.675,15,15,1.0,11.134034344978001,173.59995394900034,0.06487641083331255,2001
v0,Canerie-r0,Canerie,P_init_w10,2,40,29,0.725,15,15,1.0,9.43564588422029,173.59995394900034,0.06487641083331255,2001
v0,Canerie-r0,Canerie,P_init_w10,3,40,28,0.7,15,15,1.0,9.873951293546948,173.59995394900034,0.06487641083331255,2001
v0,Canerie-r0,Canerie,P_init_w10,4,40,28,0.7,15,15,1.0,10.783372894204948,173.59995394900034,0.06487641083331255,2001
v0,Canerie-r0,Canerie,P_init_w10,5,40,26,0.65,15,15,1.0,11.60279396148378,173.59995394900034,0.06487641083331255,2001
v0,Canerie-r0,Canerie,P_init_w10,6,40,29,0.725,15,15,1.0,9.512971066202404,173.59995394900034,0.06487641083331255,2001
v0,Canerie-r0,Canerie,P_init_w10,7,40,26,0.65,15,15,1.0,12.370673493657584,173.59995394900034,0.06487641083331255,2001
v0,Canerie-r0,Canerie,P_init_w10,8,40,27,0.675,15,15,1.0,10.19928836641158,173.59995394900034,0.06487641083331255,2001
v0,Canerie-r0,Canerie,P_init_w10,9,40,28,0.7,15,15,1.0,11.447173655213497,173.59995394900034,0.06487641083331255,2001
v0,Canerie-r0,Canerie,P_init_w10,10,40,27,0.675,15,15,1.0,9.4348559730658,173.59995394900034,0.06487641083331255,2001
v0,Canerie-r0,Canerie,P_init_w10,11,40,26,0.65,15,15,1.0,10.864742767985511,173.59995394900034,0.06487641083331255,2001
v0,Canerie-r0,Canerie,P_init_w10,12,40,26,0.65,15,15,1.0,10.23916770051046,173.59995394900034,0.06487641083331255,2001
v0,Canerie-r0,Canerie,P_init_w10,13,40,26,0.65,15,15,1.0,11.169294031292544,173.59995394900034,0.06487641083331255,2001
v0,Canerie-r0,Canerie,P_init_w10,14,40,25,0.625,15,15,1.0,11.970336698783742,173.59995394900034,0.06487641083331255,2001
v0,Canerie-r0,Canerie,P_init_w10,15,40,29,0.725,15,15,1.0,9.163586518109673,173.59995394900034,0.06487641083331255,2001
v0,Canerie-r0,Canerie,P_init_w10,16,40,29,0.725,15,15,1.0,10.397319673191502,173.59995394900034,0.06487641083331255,2001
v0,Canerie-r0,Canerie,P_init_w10,17,40,29,0.725,15,15,1.0,10.072812229611756,173.59995394900034,0.06487641083331255,2001
v0,Canerie-r0,Canerie,P_init_w10,18,40,28,0.7,15,15,1.0,10.505763358094324,173.59995394900034,0.06487641083331255,2001
v0,Canerie-r0,Canerie,P_init_w10,19,40,25,0.625,15,15,1.0,11.297184330363004,173.59995394900034,0.06487641083331255,2001
v0,Canerie-r0,Canerie,P_init_w10,20,40,27,0.675,15,15,1.0,10.090441221876778,173.59995394900034,0.06487641083331255,2001
v0,Canerie-r0,Canerie,P_init_w10,21,40,27,0.675,15,15,1.0,10.960790558855901,173.59995394900034,0.06487641083331255,2001
v0,Canerie-r0,Canerie,P_init_w10,22,40,26,0.65,15,15,1.0,11.388738756682416,173.59995394900034,0.06487641083331255,2001
v0,Canerie-r0,Canerie,P_init_w10,23,40,29,0.725,15,15,1.0,8.956750421767028,173.59995394900034,0.06487641083331255,2001
v0,Canerie-r0,Canerie,P_init_w10,24,40,29,0.725,15,15,1.0,9.527278240399967,173.59995394900034,0.06487641083331255,2001
v0,Canerie-r0,Canerie,P_init_w10,25,40,28,0.7,15,15,1.0,10.914239768340817,173.59995394900034,0.06487641083331255,2001
v0,Canerie-r0,Canerie,P_init_w10,26,40,25,0.625,15,15,1.0,12.839207888257278,173.59995394900034,0.06487641083331255,2001
v0,Canerie-r0,Canerie,P_init_w10,27,40,27,0.675,15,15,1.0,10.717622149967143,173.59995394900034,0.06487641083331255,2001
v0,Canerie-r0,Canerie,P_init_w10,28,40,27,0.675,15,15,1.0,10.168962535364033,173.59995394900034,0.06487641083331255,2001
v0,Canerie-r0,Canerie,P_init_w10,29,40,27,0.675,15,15,1.0,10.704567832981715,173.59995394900034,0.06487641083331255,2001
v0,Canerie-r0,Canerie,P_m2,0,40,26,0.65,15,15,1.0,9.82748721892753,221.14828411499911,0.06582852093330681,2001
v0,Canerie-r0,Canerie,P_m2,1,40,27,0.675,15,15,1.0,8.803093121104999,221.14828411499911,0.06582852093330681,2001
v0,Canerie-r0,Canerie,P_m2,2,40,29,0.725,15,15,1.0,7.753576815864331,221.14828411499911,0.06582852093330681,2001
v0,Canerie-r0,Canerie,P_m2,3,40,27,0.675,15,15,1.0,8.448799373354126,221.14828411499911,0.06582852093330681,2001
v0,Canerie-r0,Canerie,P_m2,4,40,28,0.7,15,15,1.0,8.237869922031775,221.14828411499911,0.06582852093330681,2001
v0,Canerie-r0,Canerie,P_m2,5,40,29,0.725,15,15,1.0,7.495390838820254,221.14828411499911,0.06582852093330681,2001
v0,Canerie-r0,Canerie,P_m2,6,40,26,0.65,15,15,1.0,8.919843110517439,221.14828411499911,0.06582852093330681,2001
v0,Canerie-r0,Canerie,P_m2,7,40,28,0.7,15,15,1.0,8.657715291286738,221.14828411499911,0.06582852093330681,2001
v0,Canerie-r0,Canerie,P_m2,8,40,30,0.75,15,15,1.0,7.0530532423218775,221.14828411499911,0.06582852093330681,2001
v0,Canerie-r0,Canerie,P_m2,9,40,28,0.7,15,15,1.0,7.471331300881415,221.14828411499911,0.06582852093330681,2001
v0,Canerie-r0,Canerie,P_m2,10,40,27,0.675,15,15,1.0,8.942777922427632,221.14828411499911,0.06582852093330681,2001
v0,Canerie-r0,Canerie,P_m2,11,40,27,0.675,15,15,1.0,8.73832037437044,221.14828411499911,0.06582852093330681,2001
v0,Canerie-r0,Canerie,P_m2,12,40,27,0.675,15,15,1.0,7.894261130875719,221.14828411499911,0.06582852093330681,2001
v0,Canerie-r0,Canerie,P_m2,13,40,27,0.675,15,15,1.0,7.986669205222199,221.14828411499911,0.06582852093330681,2001
v0,Canerie-r0,Canerie,P_m2,14,40,27,0.675,15,15,1.0,8.461576970606167,221.14828411499911,0.06582852093330681,2001
v0,Canerie-r0,Canerie,P_m2,15,40,28,0.7,15,15,1.0,7.891096772395786,221.14828411499911,0.06582852093330681,2001
v0,Canerie-r0,Canerie,P_m2,16,40,28,0.7,15,15,1.0,8.327913106243441,221.14828411499911,0.06582852093330681,2001
v0,Canerie-r0,Canerie,P_m2,17,40,30,0.75,15,15,1.0,6.683656444616147,221.14828411499911,0.06582852093330681,2001
v0,Canerie-r0,Canerie,P_m2,18,40,27,0.675,15,15,1.0,8.43374084465828,221.14828411499911,0.06582852093330681,2001
v0,Canerie-r0,Canerie,P_m2,19,40,27,0.675,15,15,1.0,8.435265650548045,221.14828411499911,0.06582852093330681,2001
v0,Canerie-r0,Canerie,P_m2,20,40,27,0.675,15,15,1.0,9.508297629744979,221.14828411499911,0.06582852093330681,2001
v0,Canerie-r0,Canerie,P_m2,21,40,27,0.675,15,15,1.0,8.3901201278106,221.14828411499911,0.06582852093330681,2001
v0,Canerie-r0,Canerie,P_m2,22,40,27,0.675,15,15,1.0,9.149312624562754,221.14828411499911,0.06582852093330681,2001
v0,Canerie-r0,Canerie,P_m2,23,40,29,0.725,15,15,1.0,8.101755881890035,221.14828411499911,0.06582852093330681,2001
v0,Canerie-r0,Canerie,P_m2,24,40,27,0.675,15,15,1.0,8.114650048703394,221.14828411499911,0.06582852093330681,2001
v0,Canerie-r0,Canerie,P_m2,25,40,28,0.7,15,15,1.0,7.731253234390729,221.14828411499911,0.06582852093330681,2001
v0,Canerie-r0,Canerie,P_m2,26,40,27,0.675,15,15,1.0,8.708262958582543,221.14828411499911,0.06582852093330681,2001
v0,Canerie-r0,Canerie,P_m2,27,40,28,0.7,15,15,1.0,8.479411073874417,221.14828411499911,0.06582852093330681,2001
v0,Canerie-r0,Canerie,P_m2,28,40,29,0.725,15,15,1.0,8.012002469625253,221.14828411499911,0.06582852093330681,2001
v0,Canerie-r0,Canerie,P_m2,29,40,27,0.675,15,15,1.0,9.041391536125406,221.14828411499911,0.06582852093330681,2001
v0,Canerie-r0,Canerie,P_m5,0,40,25,0.625,15,15,1.0,11.592012762395258,186.52060394799992,0.05108427056669219,2001
v0,Canerie-r0,Canerie,P_m5,1,40,25,0.625,15,15,1.0,11.097193880240539,186.52060394799992,0.05108427056669219,2001
v0,Canerie-r0,Canerie,P_m5,2,40,28,0.7,15,15,1.0,9.437557727305359,186.52060394799992,0.05108427056669219,2001
v0,Canerie-r0,Canerie,P_m5,3,40,27,0.675,15,15,1.0,9.817159709766884,186.52060394799992,0.05108427056669219,2001
v0,Canerie-r0,Canerie,P_m5,4,40,28,0.7,15,15,1.0,9.10040962378071,186.52060394799992,0.05108427056669219,2001
v0,Canerie-r0,Canerie,P_m5,5,40,26,0.65,15,15,1.0,9.603826631274302,186.52060394799992,0.05108427056669219,2001
v0,Canerie-r0,Canerie,P_m5,6,40,24,0.6,15,15,1.0,10.684638559484801,186.52060394799992,0.05108427056669219,2001
v0,Canerie-r0,Canerie,P_m5,7,40,25,0.625,15,15,1.0,9.820373652593616,186.52060394799992,0.05108427056669219,2001
v0,Canerie-r0,Canerie,P_m5,8,40,28,0.7,15,15,1.0,8.807155965658934,186.52060394799992,0.05108427056669219,2001
v0,Canerie-r0,Canerie,P_m5,9,40,25,0.625,15,15,1.0,9.988833210280012,186.52060394799992,0.05108427056669219,2001
v0,Canerie-r0,Canerie,P_m5,10,40,25,0.625,15,15,1.0,11.33772678688709,186.52060394799992,0.05108427056669219,2001
v0,Canerie-r0,Canerie,P_m5,11,40,26,0.65,15,15,1.0,10.835783594712124,186.52060394799992,0.05108427056669219,2001
v0,Canerie-r0,Canerie,P_m5,12,40,27,0.675,15,15,1.0,8.525247031702788,186.52060394799992,0.05108427056669219,2001
v0,Canerie-r0,Canerie,P_m5,13,40,26,0.65,15,15,1.0,10.059548526338453,186.52060394799992,0.05108427056669219,2001
v0,Canerie-r0,Canerie,P_m5,14,40,24,0.6,15,15,1.0,11.373337486042328,186.52060394799992,0.05108427056669219,2001
v0,Canerie-r0,Canerie,P_m5,15,40,27,0.675,15,15,1.0,10.11702523481973,186.52060394799992,0.05108427056669219,2001
v0,Canerie-r0,Canerie,P_m5,16,40,27,0.675,15,15,1.0,9.5102324649278,186.52060394799992,0.05108427056669219,2001
v0,Canerie-r0,Canerie,P_m5,17,40,27,0.675,15,15,1.0,7.927851383561458,186.52060394799992,0.05108427056669219,2001
v0,Canerie-r0,Canerie,P_m5,18,40,27,0.675,15,15,1.0,9.333542545077135,186.52060394799992,0.05108427056669219,2001
v0,Canerie-r0,Canerie,P_m5,19,40,24,0.6,15,15,1.0,11.450393935161324,186.52060394799992,0.05108427056669219,2001
v0,Canerie-r0,Canerie,P_m5,20,40,25,0.625,15,15,1.0,11.343446107299657,186.52060394799992,0.05108427056669219,2001
v0,Canerie-r0,Canerie,P_m5,21,40,25,0.625,15,15,1.0,10.820161891534626,186.52060394799992,0.05108427056669219,2001
v0,Canerie-r0,Canerie,P_m5,22,40,25,0.625,15,15,1.0,11.71263859971522,186.52060394799992,0.05108427056669219,2001
v0,Canerie-r0,Canerie,P_m5,23,40,27,0.675,15,15,1.0,10.724303936451047,186.52060394799992,0.05108427056669219,2001
v0,Canerie-r0,Canerie,P_m5,24,40,27,0.675,15,15,1.0,8.707270598186383,186.52060394799992,0.05108427056669219,2001
v0,Canerie-r0,Canerie,P_m5,25,40,25,0.625,15,15,1.0,10.337933504760851,186.52060394799992,0.05108427056669219,2001
v0,Canerie-r0,Canerie,P_m5,26,40,26,0.65,15,15,1.0,11.584010726613025,186.52060394799992,0.05108427056669219,2001
v0,Canerie-r0,Canerie,P_m5,27,40,25,0.625,15,15,1.0,10.277256769154771,186.52060394799992,0.05108427056669219,2001
v0,Canerie-r0,Canerie,P_m5,28,40,27,0.675,15,15,1.0,9.935947085762962,186.52060394799992,0.05108427056669219,2001
v0,Canerie-r0,Canerie,P_m5,29,40,25,0.625,15,15,1.0,10.303951944625801,186.52060394799992,0.05108427056669219,2001
v0,Canerie-r0,Canerie,P_seed1,0,40,25,0.625,15,15,1.0,10.321804563032746,175.46978097399915,0.09601914116671348,2001
v0,Canerie-r0,Canerie,P_seed1,1,40,25,0.625,15,15,1.0,10.563804053919744,175.46978097399915,0.09601914116671348,2001
v0,Canerie-r0,Canerie,P_seed1,2,40,28,0.7,15,15,1.0,9.059276367877933,175.46978097399915,0.09601914116671348,2001
v0,Canerie-r0,Canerie,P_seed1,3,40,27,0.675,15,15,1.0,9.391283356735405,175.46978097399915,0.09601914116671348,2001
v0,Canerie-r0,Canerie,P_seed1,4,40,28,0.7,15,15,1.0,9.344805877406905,175.46978097399915,0.09601914116671348,2001
v0,Canerie-r0,Canerie,P_seed1,5,40,27,0.675,15,15,1.0,9.941080024008063,175.46978097399915,0.09601914116671348,2001
v0,Canerie-r0,Canerie,P_seed1,6,40,25,0.625,15,15,1.0,10.735216636727523,175.46978097399915,0.09601914116671348,2001
v0,Canerie-r0,Canerie,P_seed1,7,40,27,0.675,15,15,1.0,9.723772256320068,175.46978097399915,0.09601914116671348,2001
v0,Canerie-r0,Canerie,P_seed1,8,40,28,0.7,15,15,1.0,8.909321192759704,175.46978097399915,0.09601914116671348,2001
v0,Canerie-r0,Canerie,P_seed1,9,40,26,0.65,15,15,1.0,10.526170628081958,175.46978097399915,0.09601914116671348,2001
v0,Canerie-r0,Canerie,P_seed1,10,40,28,0.7,15,15,1.0,9.483613127149287,175.46978097399915,0.09601914116671348,2001
v0,Canerie-r0,Canerie,P_seed1,11,40,26,0.65,15,15,1.0,9.69226568968982,175.46978097399915,0.09601914116671348,2001
v0,Canerie-r0,Canerie,P_seed1,12,40,28,0.7,15,15,1.0,9.32972529363612,175.46978097399915,0.09601914116671348,2001
v0,Canerie-r0,Canerie,P_seed1,13,40,26,0.65,15,15,1.0,10.25756212325713,175.46978097399915,0.09601914116671348,2001
v0,Canerie-r0,Canerie,P_seed1,14,40,24,0.6,15,15,1.0,12.102548953323044,175.46978097399915,0.09601914116671348,2001
v0,Canerie-r0,Canerie,P_seed1,15,40,29,0.725,15,15,1.0,9.10656350988558,175.46978097399915,0.09601914116671348,2001
v0,Canerie-r0,Canerie,P_seed1,16,40,24,0.6,15,15,1.0,11.675395771924162,175.46978097399915,0.09601914116671348,2001
v0,Canerie-r0,Canerie,P_seed1,17,40,28,0.7,15,15,1.0,8.69912832768347,175.46978097399915,0.09601914116671348,2001
v0,Canerie-r0,Canerie,P_seed1,18,40,27,0.675,15,15,1.0,9.796496240215058,175.46978097399915,0.09601914116671348,2001
v0,Canerie-r0,Canerie,P_seed1,19,40,26,0.65,15,15,1.0,10.10799609859512,175.46978097399915,0.09601914116671348,2001
v0,Canerie-r0,Canerie,P_seed1,20,40,25,0.625,15,15,1.0,10.764885189725794,175.46978097399915,0.09601914116671348,2001
v0,Canerie-r0,Canerie,P_seed1,21,40,26,0.65,15,15,1.0,10.768932735857863,175.46978097399915,0.09601914116671348,2001
v0,Canerie-r0,Canerie,P_seed1,22,40,26,0.65,15,15,1.0,11.352364847494735,175.46978097399915,0.09601914116671348,2001
v0,Canerie-r0,Canerie,P_seed1,23,40,27,0.675,15,15,1.0,9.940922509285897,175.46978097399915,0.09601914116671348,2001
v0,Canerie-r0,Canerie,P_seed1,24,40,27,0.675,15,15,1.0,9.603804745361293,175.46978097399915,0.09601914116671348,2001
v0,Canerie-r0,Canerie,P_seed1,25,40,25,0.625,15,15,1.0,10.765493317712437,175.46978097399915,0.09601914116671348,2001
v0,Canerie-r0,Canerie,P_seed1,26,40,23,0.575,15,15,1.0,13.257952201308786,175.46978097399915,0.09601914116671348,2001
v0,Canerie-r0,Canerie,P_seed1,27,40,27,0.675,15,15,1.0,10.41292979279087,175.46978097399915,0.09601914116671348,2001
v0,Canerie-r0,Canerie,P_seed1,28,40,27,0.675,15,15,1.0,9.844097422818864,175.46978097399915,0.09601914116671348,2001
v0,Canerie-r0,Canerie,P_seed1,29,40,27,0.675,15,15,1.0,10.46621949363344,175.46978097399915,0.09601914116671348,2001
v0,Canerie-r0,Canerie,P_seed2,0,40,25,0.625,15,15,1.0,11.445751034651092,200.04074768200007,0.07364305453326475,2001
v0,Canerie-r0,Canerie,P_seed2,1,40,25,0.625,15,15,1.0,11.107072480786956,200.04074768200007,0.07364305453326475,2001
v0,Canerie-r0,Canerie,P_seed2,2,40,28,0.7,15,15,1.0,8.702227932290574,200.04074768200007,0.07364305453326475,2001
v0,Canerie-r0,Canerie,P_seed2,3,40,25,0.625,15,15,1.0,10.17323141505895,200.04074768200007,0.07364305453326475,2001
v0,Canerie-r0,Canerie,P_seed2,4,40,27,0.675,15,15,1.0,8.788348018871757,200.04074768200007,0.07364305453326475,2001
v0,Canerie-r0,Canerie,P_seed2,5,40,27,0.675,15,15,1.0,9.707756243947967,200.04074768200007,0.07364305453326475,2001
v0,Canerie-r0,Canerie,P_seed2,6,40,27,0.675,15,15,1.0,9.742752022621907,200.04074768200007,0.07364305453326475,2001
v0,Canerie-r0,Canerie,P_seed2,7,40,27,0.675,15,15,1.0,8.952360229084647,200.04074768200007,0.07364305453326475,2001
v0,Canerie-r0,Canerie,P_seed2,8,40,26,0.65,15,15,1.0,8.730912404174205,200.04074768200007,0.07364305453326475,2001
v0,Canerie-r0,Canerie,P_seed2,9,40,26,0.65,15,15,1.0,9.686333666303131,200.04074768200007,0.07364305453326475,2001
v0,Canerie-r0,Canerie,P_seed2,10,40,27,0.675,15,15,1.0,9.485769665112645,200.04074768200007,0.07364305453326475,2001
v0,Canerie-r0,Canerie,P_seed2,11,40,24,0.6,15,15,1.0,10.32525436027892,200.04074768200007,0.07364305453326475,2001
v0,Canerie-r0,Canerie,P_seed2,12,40,27,0.675,15,15,1.0,10.091243645334918,200.04074768200007,0.07364305453326475,2001
v0,Canerie-r0,Canerie,P_seed2,13,40,25,0.625,15,15,1.0,9.484956055540378,200.04074768200007,0.07364305453326475,2001
v0,Canerie-r0,Canerie,P_seed2,14,40,25,0.625,15,15,1.0,10.931657880136106,200.04074768200007,0.07364305453326475,2001
v0,Canerie-r0,Canerie,P_seed2,15,40,25,0.625,15,15,1.0,9.50146637663761,200.04074768200007,0.07364305453326475,2001
v0,Canerie-r0,Canerie,P_seed2,16,40,26,0.65,15,15,1.0,8.574093185041134,200.04074768200007,0.07364305453326475,2001
v0,Canerie-r0,Canerie,P_seed2,17,40,26,0.65,15,15,1.0,9.676302242260553,200.04074768200007,0.07364305453326475,2001
v0,Canerie-r0,Canerie,P_seed2,18,40,27,0.675,15,15,1.0,8.931906281564089,200.04074768200007,0.07364305453326475,2001
v0,Canerie-r0,Canerie,P_seed2,19,40,25,0.625,15,15,1.0,10.683376114437298,200.04074768200007,0.07364305453326475,2001
v0,Canerie-r0,Canerie,P_seed2,20,40,25,0.625,15,15,1.0,11.48563331166995,200.04074768200007,0.07364305453326475,2001
v0,Canerie-r0,Canerie,P_seed2,21,40,25,0.625,15,15,1.0,9.940965849181927,200.04074768200007,0.07364305453326475,2001
v0,Canerie-r0,Canerie,P_seed2,22,40,24,0.6,15,15,1.0,10.938169442688341,200.04074768200007,0.07364305453326475,2001
v0,Canerie-r0,Canerie,P_seed2,23,40,28,0.7,15,15,1.0,8.929710630085248,200.04074768200007,0.07364305453326475,2001
v0,Canerie-r0,Canerie,P_seed2,24,40,27,0.675,15,15,1.0,9.585007209933838,200.04074768200007,0.07364305453326475,2001
v0,Canerie-r0,Canerie,P_seed2,25,40,26,0.65,15,15,1.0,10.345560715333246,200.04074768200007,0.07364305453326475,2001
v0,Canerie-r0,Canerie,P_seed2,26,40,26,0.65,15,15,1.0,10.492638985754141,200.04074768200007,0.07364305453326475,2001
v0,Canerie-r0,Canerie,P_seed2,27,40,23,0.575,15,15,1.0,11.66624229858768,200.04074768200007,0.07364305453326475,2001
v0,Canerie-r0,Canerie,P_seed2,28,40,26,0.65,15,15,1.0,9.858934915903589,200.04074768200007,0.07364305453326475,2001
v0,Canerie-r0,Canerie,P_seed2,29,40,25,0.625,15,15,1.0,11.716854600347421,200.04074768200007,0.07364305453326475,2001
v0,Canerie-r0,Canerie,P_w10,0,40,26,0.65,15,15,1.0,9.65999771338289,185.4202278349985,0.05158369836669105,2001
v0,Canerie-r0,Canerie,P_w10,1,40,26,0.65,15,15,1.0,10.498451253437365,185.4202278349985,0.05158369836669105,2001
v0,Canerie-r0,Canerie,P_w10,2,40,27,0.675,15,15,1.0,9.154187979113528,185.4202278349985,0.05158369836669105,2001
v0,Canerie-r0,Canerie,P_w10,3,40,28,0.7,15,15,1.0,9.271286442205698,185.4202278349985,0.05158369836669105,2001
v0,Canerie-r0,Canerie,P_w10,4,40,25,0.625,15,15,1.0,9.479541394849548,185.4202278349985,0.05158369836669105,2001
v0,Canerie-r0,Canerie,P_w10,5,40,26,0.65,15,15,1.0,10.146233886582078,185.4202278349985,0.05158369836669105,2001
v0,Canerie-r0,Canerie,P_w10,6,40,24,0.6,15,15,1.0,11.157384051352334,185.4202278349985,0.05158369836669105,2001
v0,Canerie-r0,Canerie,P_w10,7,40,24,0.6,15,15,1.0,10.688882324942508,185.4202278349985,0.05158369836669105,2001
v0,Canerie-r0,Canerie,P_w10,8,40,27,0.675,15,15,1.0,9.678774267320842,185.4202278349985,0.05158369836669105,2001
v0,Canerie-r0,Canerie,P_w10,9,40,26,0.65,15,15,1.0,9.858219805889878,185.4202278349985,0.05158369836669105,2001
v0,Canerie-r0,Canerie,P_w10,10,40,27,0.675,15,15,1.0,9.581148544371935,185.4202278349985,0.05158369836669105,2001
v0,Canerie-r0,Canerie,P_w10,11,40,26,0.65,15,15,1.0,9.164987364545755,185.4202278349985,0.05158369836669105,2001
v0,Canerie-r0,Canerie,P_w10,12,40,27,0.675,15,15,1.0,9.170090547076525,185.4202278349985,0.05158369836669105,2001
v0,Canerie-r0,Canerie,P_w10,13,40,27,0.675,15,15,1.0,10.022107867613785,185.4202278349985,0.05158369836669105,2001
v0,Canerie-r0,Canerie,P_w10,14,40,24,0.6,15,15,1.0,11.151749523357173,185.4202278349985,0.05158369836669105,2001
v0,Canerie-r0,Canerie,P_w10,15,40,26,0.65,15,15,1.0,10.020210751029362,185.4202278349985,0.05158369836669105,2001
v0,Canerie-r0,Canerie,P_w10,16,40,26,0.65,15,15,1.0,9.149059108282994,185.4202278349985,0.05158369836669105,2001
v0,Canerie-r0,Canerie,P_w10,17,40,28,0.7,15,15,1.0,8.859562414450087,185.4202278349985,0.05158369836669105,2001
v0,Canerie-r0,Canerie,P_w10,18,40,25,0.625,15,15,1.0,10.867289572438503,185.4202278349985,0.05158369836669105,2001
v0,Canerie-r0,Canerie,P_w10,19,40,27,0.675,15,15,1.0,9.305705791617644,185.4202278349985,0.05158369836669105,2001
v0,Canerie-r0,Canerie,P_w10,20,40,25,0.625,15,15,1.0,10.95784881165709,185.4202278349985,0.05158369836669105,2001
v0,Canerie-r0,Canerie,P_w10,21,40,26,0.65,15,15,1.0,9.73987845595412,185.4202278349985,0.05158369836669105,2001
v0,Canerie-r0,Canerie,P_w10,22,40,28,0.7,15,15,1.0,9.655750807380242,185.4202278349985,0.05158369836669105,2001
v0,Canerie-r0,Canerie,P_w10,23,40,27,0.675,15,15,1.0,9.999286888422665,185.4202278349985,0.05158369836669105,2001
v0,Canerie-r0,Canerie,P_w10,24,40,26,0.65,15,15,1.0,9.366714435823493,185.4202278349985,0.05158369836669105,2001
v0,Canerie-r0,Canerie,P_w10,25,40,26,0.65,15,15,1.0,10.064967723670991,185.4202278349985,0.05158369836669105,2001
v0,Canerie-r0,Canerie,P_w10,26,40,26,0.65,15,15,1.0,8.660872721834066,185.4202278349985,0.05158369836669105,2001
v0,Canerie-r0,Canerie,P_w10,27,40,27,0.675,15,15,1.0,10.083753952559407,185.4202278349985,0.05158369836669105,2001
v0,Canerie-r0,Canerie,P_w10,28,40,27,0.675,15,15,1.0,9.096587050190221,185.4202278349985,0.05158369836669105,2001
v0,Canerie-r0,Canerie,P_w10,29,40,27,0.675,15,15,1.0,8.637941017588064,185.4202278349985,0.05158369836669105,2001
v0,Canerie-r0,Canerie,P_w3,0,40,26,0.65,15,15,1.0,10.461727778883283,155.19199014900005,0.04691232019989305,2001
v0,Canerie-r0,Canerie,P_w3,1,40,27,0.675,15,15,1.0,9.53096739558309,155.19199014900005,0.04691232019989305,2001
v0,Canerie-r0,Canerie,P_w3,2,40,28,0.7,15,15,1.0,8.865273163349016,155.19199014900005,0.04691232019989305,2001
v0,Canerie-r0,Canerie,P_w3,3,40,26,0.65,15,15,1.0,10.258531119862768,155.19199014900005,0.04691232019989305,2001
v0,Canerie-r0,Canerie,P_w3,4,40,28,0.7,15,15,1.0,9.064801313708294,155.19199014900005,0.04691232019989305,2001
v0,Canerie-r0,Canerie,P_w3,5,40,27,0.675,15,15,1.0,9.334775260494688,155.19199014900005,0.04691232019989305,2001
v0,Canerie-r0,Canerie,P_w3,6,40,26,0.65,15,15,1.0,8.899370493800086,155.19199014900005,0.04691232019989305,2001
v0,Canerie-r0,Canerie,P_w3,7,40,28,0.7,15,15,1.0,9.20410999449537,155.19199014900005,0.04691232019989305,2001
v0,Canerie-r0,Canerie,P_w3,8,40,28,0.7,15,15,1.0,8.866987110208497,155.19199014900005,0.04691232019989305,2001
v0,Canerie-r0,Canerie,P_w3,9,40,26,0.65,15,15,1.0,8.732508109539646,155.19199014900005,0.04691232019989305,2001
v0,Canerie-r0,Canerie,P_w3,10,40,26,0.65,15,15,1.0,11.045024384636207,155.19199014900005,0.04691232019989305,2001
v0,Canerie-r0,Canerie,P_w3,11,40,26,0.65,15,15,1.0,9.751291688099922,155.19199014900005,0.04691232019989305,2001
v0,Canerie-r0,Canerie,P_w3,12,40,27,0.675,15,15,1.0,8.977481920384468,155.19199014900005,0.04691232019989305,2001
v0,Canerie-r0,Canerie,P_w3,13,40,26,0.65,15,15,1.0,10.001973057587966,155.19199014900005,0.04691232019989305,2001
v0,Canerie-r0,Canerie,P_w3,14,40,26,0.65,15,15,1.0,10.273415922779819,155.19199014900005,0.04691232019989305,2001
v0,Canerie-r0,Canerie,P_w3,15,40,27,0.675,15,15,1.0,9.27105079244269,155.19199014900005,0.04691232019989305,2001
v0,Canerie-r0,Canerie,P_w3,16,40,25,0.625,15,15,1.0,10.61899661527494,155.19199014900005,0.04691232019989305,2001
v0,Canerie-r0,Canerie,P_w3,17,40,29,0.725,15,15,1.0,8.557427822951905,155.19199014900005,0.04691232019989305,2001
v0,Canerie-r0,Canerie,P_w3,18,40,24,0.6,15,15,1.0,10.626525074802046,155.19199014900005,0.04691232019989305,2001
v0,Canerie-r0,Canerie,P_w3,19,40,26,0.65,15,15,1.0,10.89345653603159,155.19199014900005,0.04691232019989305,2001
v0,Canerie-r0,Canerie,P_w3,20,40,26,0.65,15,15,1.0,11.189766595078558,155.19199014900005,0.04691232019989305,2001
v0,Canerie-r0,Canerie,P_w3,21,40,25,0.625,15,15,1.0,11.101122015575593,155.19199014900005,0.04691232019989305,2001
v0,Canerie-r0,Canerie,P_w3,22,40,27,0.675,15,15,1.0,10.18512151380612,155.19199014900005,0.04691232019989305,2001
v0,Canerie-r0,Canerie,P_w3,23,40,27,0.675,15,15,1.0,9.702088079679697,155.19199014900005,0.04691232019989305,2001
v0,Canerie-r0,Canerie,P_w3,24,40,26,0.65,15,15,1.0,8.845427005566542,155.19199014900005,0.04691232019989305,2001
v0,Canerie-r0,Canerie,P_w3,25,40,28,0.7,15,15,1.0,9.181718481466959,155.19199014900005,0.04691232019989305,2001
v0,Canerie-r0,Canerie,P_w3,26,40,24,0.6,15,15,1.0,10.63195735625838,155.19199014900005,0.04691232019989305,2001
v0,Canerie-r0,Canerie,P_w3,27,40,27,0.675,15,15,1.0,9.315559983756087,155.19199014900005,0.04691232019989305,2001
v0,Canerie-r0,Canerie,P_w3,28,40,28,0.7,15,15,1.0,9.122471869639531,155.19199014900005,0.04691232019989305,2001
v0,Canerie-r0,Canerie,P_w3,29,40,27,0.675,15,15,1.0,9.850852136218528,155.19199014900005,0.04691232019989305,2001
v0,Canerie-r1,Canerie,B1,0,40,34,0.85,15,15,1.0,6.000000000000001,0.134401635001268,0.04206170420002309,1
v0,Canerie-r1,Canerie,B1,1,40,33,0.825,15,15,1.0,6.213749138242553,0.134401635001268,0.04206170420002309,1
v0,Canerie-r1,Canerie,B1,2,40,34,0.85,15,15,1.0,6.000000000000001,0.134401635001268,0.04206170420002309,1
v0,Canerie-r1,Canerie,B1,3,40,34,0.85,15,15,1.0,6.000000000000001,0.134401635001268,0.04206170420002309,1
v0,Canerie-r1,Canerie,B1,4,40,34,0.85,15,15,1.0,6.000000000000001,0.134401635001268,0.04206170420002309,1
v0,Canerie-r1,Canerie,B1,5,40,34,0.85,15,15,1.0,6.000000000000001,0.134401635001268,0.04206170420002309,1
v0,Canerie-r1,Canerie,B1,6,40,34,0.85,15,15,1.0,6.000000000000001,0.134401635001268,0.04206170420002309,1
v0,Canerie-r1,Canerie,B1,7,40,34,0.85,15,15,1.0,6.000000000000001,0.134401635001268,0.04206170420002309,1
v0,Canerie-r1,Canerie,B1,8,40,34,0.85,15,15,1.0,6.000000000000001,0.134401635001268,0.04206170420002309,1
v0,Canerie-r1,Canerie,B1,9,40,34,0.85,15,15,1.0,6.000000000000002,0.134401635001268,0.04206170420002309,1
v0,Canerie-r1,Canerie,B1,10,40,34,0.85,15,15,1.0,6.000000000000001,0.134401635001268,0.04206170420002309,1
v0,Canerie-r1,Canerie,B1,11,40,33,0.825,15,15,1.0,6.214808447934285,0.134401635001268,0.04206170420002309,1
v0,Canerie-r1,Canerie,B1,12,40,34,0.85,15,15,1.0,6.000000000000001,0.134401635001268,0.04206170420002309,1
v0,Canerie-r1,Canerie,B1,13,40,34,0.85,15,15,1.0,6.000000000000001,0.134401635001268,0.04206170420002309,1
v0,Canerie-r1,Canerie,B1,14,40,34,0.85,15,15,1.0,6.000000000000001,0.134401635001268,0.04206170420002309,1
v0,Canerie-r1,Canerie,B1,15,40,34,0.85,15,15,1.0,6.000000000000001,0.134401635001268,0.04206170420002309,1
v0,Canerie-r1,Canerie,B1,16,40,34,0.85,15,15,1.0,6.000000000000001,0.134401635001268,0.04206170420002309,1
v0,Canerie-r1,Canerie,B1,17,40,34,0.85,15,15,1.0,6.000000000000001,0.134401635001268,0.04206170420002309,1
v0,Canerie-r1,Canerie,B1,18,40,34,0.85,15,15,1.0,6.000000000000001,0.134401635001268,0.04206170420002309,1
v0,Canerie-r1,Canerie,B1,19,40,34,0.85,15,15,1.0,6.000000000000002,0.134401635001268,0.04206170420002309,1
v0,Canerie-r1,Canerie,B1,20,40,34,0.85,15,15,1.0,6.000000000000001,0.134401635001268,0.04206170420002309,1
v0,Canerie-r1,Canerie,B1,21,40,34,0.85,15,15,1.0,6.000000000000001,0.134401635001268,0.04206170420002309,1
v0,Canerie-r1,Canerie,B1,22,40,32,0.8,15,15,1.0,6.9024775753786365,0.134401635001268,0.04206170420002309,1
v0,Canerie-r1,Canerie,B1,23,40,34,0.85,15,15,1.0,6.000000000000001,0.134401635001268,0.04206170420002309,1
v0,Canerie-r1,Canerie,B1,24,40,34,0.85,15,15,1.0,6.000000000000001,0.134401635001268,0.04206170420002309,1
v0,Canerie-r1,Canerie,B1,25,40,34,0.85,15,15,1.0,6.000000000000001,0.134401635001268,0.04206170420002309,1
v0,Canerie-r1,Canerie,B1,26,40,34,0.85,15,15,1.0,6.000000000000001,0.134401635001268,0.04206170420002309,1
v0,Canerie-r1,Canerie,B1,27,40,34,0.85,15,15,1.0,6.000000000000001,0.134401635001268,0.04206170420002309,1
v0,Canerie-r1,Canerie,B1,28,40,34,0.85,15,15,1.0,6.000000000000001,0.134401635001268,0.04206170420002309,1
v0,Canerie-r1,Canerie,B1,29,40,34,0.85,15,15,1.0,6.000000000000001,0.134401635001268,0.04206170420002309,1
v0,Canerie-r1,Canerie,B2,0,40,34,0.85,15,15,1.0,3.6696207228201554,178.24807051899916,0.06407674986658093,2001
v0,Canerie-r1,Canerie,B2,1,40,33,0.825,15,15,1.0,3.8744274786798063,178.24807051899916,0.06407674986658093,2001
v0,Canerie-r1,Canerie,B2,2,40,34,0.85,15,15,1.0,3.674822865526328,178.24807051899916,0.06407674986658093,2001
v0,Canerie-r1,Canerie,B2,3,40,33,0.825,15,15,1.0,3.2170707727763066,178.24807051899916,0.06407674986658093,2001
v0,Canerie-r1,Canerie,B2,4,40,34,0.85,15,15,1.0,3.7028966542966826,178.24807051899916,0.06407674986658093,2001
v0,Canerie-r1,Canerie,B2,5,40,34,0.85,15,15,1.0,3.0593460966280075,178.24807051899916,0.06407674986658093,2001
v0,Canerie-r1,Canerie,B2,6,40,34,0.85,15,15,1.0,3.7071880027144406,178.24807051899916,0.06407674986658093,2001
v0,Canerie-r1,Canerie,B2,7,40,34,0.85,15,15,1.0,3.7343740955577656,178.24807051899916,0.06407674986658093,2001
v0,Canerie-r1,Canerie,B2,8,40,33,0.825,15,15,1.0,4.417492695793574,178.24807051899916,0.06407674986658093,2001
v0,Canerie-r1,Canerie,B2,9,40,34,0.85,15,15,1.0,3.649659925749133,178.24807051899916,0.06407674986658093,2001
v0,Canerie-r1,Canerie,B2,10,40,34,0.85,15,15,1.0,3.7343653746785885,178.24807051899916,0.06407674986658093,2001
v0,Canerie-r1,Canerie,B2,11,40,34,0.85,15,15,1.0,3.2218250367014023,178.24807051899916,0.06407674986658093,2001
v0,Canerie-r1,Canerie,B2,12,40,31,0.775,15,15,1.0,4.677455723590899,178.24807051899916,0.06407674986658093,2001
v0,Canerie-r1,Canerie,B2,13,40,32,0.8,15,15,1.0,3.875229439182255,178.24807051899916,0.06407674986658093,2001
v0,Canerie-r1,Canerie,B2,14,40,33,0.825,15,15,1.0,4.188292952512403,178.24807051899916,0.06407674986658093,2001
v0,Canerie-r1,Canerie,B2,15,40,31,0.775,15,15,1.0,4.785887085781046,178.24807051899916,0.06407674986658093,2001
v0,Canerie-r1,Canerie,B2,16,40,34,0.85,15,15,1.0,3.647594721974816,178.24807051899916,0.06407674986658093,2001
v0,Canerie-r1,Canerie,B2,17,40,33,0.825,15,15,1.0,4.430981941998499,178.24807051899916,0.06407674986658093,2001
v0,Canerie-r1,Canerie,B2,18,40,34,0.85,15,15,1.0,3.5204480286529383,178.24807051899916,0.06407674986658093,2001
v0,Canerie-r1,Canerie,B2,19,40,33,0.825,15,15,1.0,3.8291202180129935,178.24807051899916,0.06407674986658093,2001
v0,Canerie-r1,Canerie,B2,20,40,33,0.825,15,15,1.0,3.87127012999058,178.24807051899916,0.06407674986658093,2001
v0,Canerie-r1,Canerie,B2,21,40,34,0.85,15,15,1.0,3.485054029279931,178.24807051899916,0.06407674986658093,2001
v0,Canerie-r1,Canerie,B2,22,40,33,0.825,15,15,1.0,4.403254790292356,178.24807051899916,0.06407674986658093,2001
v0,Canerie-r1,Canerie,B2,23,40,34,0.85,15,15,1.0,3.2024069769205843,178.24807051899916,0.06407674986658093,2001
v0,Canerie-r1,Canerie,B2,24,40,34,0.85,15,15,1.0,3.569883081118237,178.24807051899916,0.06407674986658093,2001
v0,Canerie-r1,Canerie,B2,25,40,32,0.8,15,15,1.0,3.5221947902457766,178.24807051899916,0.06407674986658093,2001
v0,Canerie-r1,Canerie,B2,26,40,34,0.85,15,15,1.0,3.5760048692246356,178.24807051899916,0.06407674986658093,2001
v0,Canerie-r1,Canerie,B2,27,40,34,0.85,15,15,1.0,3.4029144731262,178.24807051899916,0.06407674986658093,2001
v0,Canerie-r1,Canerie,B2,28,40,33,0.825,15,15,1.0,4.066471075885462,178.24807051899916,0.06407674986658093,2001
v0,Canerie-r1,Canerie,B2,29,40,34,0.85,15,15,1.0,3.6639079280936278,178.24807051899916,0.06407674986658093,2001
v0,Canerie-r1,Canerie,P,0,40,34,0.85,15,15,1.0,3.670809967129921,206.97254468900064,0.06524610606660038,2001
v0,Canerie-r1,Canerie,P,1,40,33,0.825,15,15,1.0,3.8699785627125856,206.97254468900064,0.06524610606660038,2001
v0,Canerie-r1,Canerie,P,2,40,34,0.85,15,15,1.0,3.6751702861226376,206.97254468900064,0.06524610606660038,2001
v0,Canerie-r1,Canerie,P,3,40,33,0.825,15,15,1.0,3.6607579898612674,206.97254468900064,0.06524610606660038,2001
v0,Canerie-r1,Canerie,P,4,40,34,0.85,15,15,1.0,3.700223067519622,206.97254468900064,0.06524610606660038,2001
v0,Canerie-r1,Canerie,P,5,40,34,0.85,15,15,1.0,3.336123507438006,206.97254468900064,0.06524610606660038,2001
v0,Canerie-r1,Canerie,P,6,40,32,0.8,15,15,1.0,4.594753948317563,206.97254468900064,0.06524610606660038,2001
v0,Canerie-r1,Canerie,P,7,40,34,0.85,15,15,1.0,3.7299227868745377,206.97254468900064,0.06524610606660038,2001
v0,Canerie-r1,Canerie,P,8,40,33,0.825,15,15,1.0,4.577313636181984,206.97254468900064,0.06524610606660038,2001
v0,Canerie-r1,Canerie,P,9,40,34,0.85,15,15,1.0,3.653413531887362,206.97254468900064,0.06524610606660038,2001
v0,Canerie-r1,Canerie,P,10,40,34,0.85,15,15,1.0,3.72972968465629,206.97254468900064,0.06524610606660038,2001
v0,Canerie-r1,Canerie,P,11,40,34,0.85,15,15,1.0,3.5556353383346266,206.97254468900064,0.06524610606660038,2001
v0,Canerie-r1,Canerie,P,12,40,30,0.75,15,15,1.0,6.0143574678390355,206.97254468900064,0.06524610606660038,2001
v0,Canerie-r1,Canerie,P,13,40,34,0.85,15,15,1.0,3.3234073017376287,206.97254468900064,0.06524610606660038,2001
v0,Canerie-r1,Canerie,P,14,40,31,0.775,15,15,1.0,6.248827770252821,206.97254468900064,0.06524610606660038,2001
v0,Canerie-r1,Canerie,P,15,40,32,0.8,15,15,1.0,4.749795935138885,206.97254468900064,0.06524610606660038,2001
v0,Canerie-r1,Canerie,P,16,40,32,0.8,15,15,1.0,4.927163634874719,206.97254468900064,0.06524610606660038,2001
v0,Canerie-r1,Canerie,P,17,40,34,0.85,15,15,1.0,3.7297302992244243,206.97254468900064,0.06524610606660038,2001
v0,Canerie-r1,Canerie,P,18,40,34,0.85,15,15,1.0,3.5617550788132357,206.97254468900064,0.06524610606660038,2001
v0,Canerie-r1,Canerie,P,19,40,33,0.825,15,15,1.0,3.931170505060446,206.97254468900064,0.06524610606660038,2001
v0,Canerie-r1,Canerie,P,20,40,34,0.85,15,15,1.0,3.691720479804239,206.97254468900064,0.06524610606660038,2001
v0,Canerie-r1,Canerie,P,21,40,34,0.85,15,15,1.0,3.5584436988411,206.97254468900064,0.06524610606660038,2001
v0,Canerie-r1,Canerie,P,22,40,31,0.775,15,15,1.0,5.722218948637267,206.97254468900064,0.06524610606660038,2001
v0,Canerie-r1,Canerie,P,23,40,32,0.8,15,15,1.0,3.982388998602603,206.97254468900064,0.06524610606660038,2001
v0,Canerie-r1,Canerie,P,24,40,31,0.775,15,15,1.0,4.832885348066209,206.97254468900064,0.06524610606660038,2001
v0,Canerie-r1,Canerie,P,25,40,34,0.85,15,15,1.0,3.7297340450958787,206.97254468900064,0.06524610606660038,2001
v0,Canerie-r1,Canerie,P,26,40,34,0.85,15,15,1.0,3.586666016913708,206.97254468900064,0.06524610606660038,2001
v0,Canerie-r1,Canerie,P,27,40,34,0.85,15,15,1.0,3.4503361385552784,206.97254468900064,0.06524610606660038,2001
v0,Canerie-r1,Canerie,P,28,40,31,0.775,15,15,1.0,5.494444018187748,206.97254468900064,0.06524610606660038,2001
v0,Canerie-r1,Canerie,P,29,40,34,0.85,15,15,1.0,3.6655153407163015,206.97254468900064,0.06524610606660038,2001
v0,Canerie-r1,Canerie,P_cat0,0,40,34,0.85,15,15,1.0,3.670892563097582,231.40288757099916,0.06240413523337338,2001
v0,Canerie-r1,Canerie,P_cat0,1,40,33,0.825,15,15,1.0,3.869955775225113,231.40288757099916,0.06240413523337338,2001
v0,Canerie-r1,Canerie,P_cat0,2,40,34,0.85,15,15,1.0,3.674989223709556,231.40288757099916,0.06240413523337338,2001
v0,Canerie-r1,Canerie,P_cat0,3,40,33,0.825,15,15,1.0,3.5920076897446873,231.40288757099916,0.06240413523337338,2001
v0,Canerie-r1,Canerie,P_cat0,4,40,34,0.85,15,15,1.0,3.7002367427071285,231.40288757099916,0.06240413523337338,2001
v0,Canerie-r1,Canerie,P_cat0,5,40,34,0.85,15,15,1.0,3.361936468956778,231.40288757099916,0.06240413523337338,2001
v0,Canerie-r1,Canerie,P_cat0,6,40,33,0.825,15,15,1.0,3.7867149734618226,231.40288757099916,0.06240413523337338,2001
v0,Canerie-r1,Canerie,P_cat0,7,40,34,0.85,15,15,1.0,3.729900005106917,231.40288757099916,0.06240413523337338,2001
v0,Canerie-r1,Canerie,P_cat0,8,40,33,0.825,15,15,1.0,4.575352568718857,231.40288757099916,0.06240413523337338,2001
v0,Canerie-r1,Canerie,P_cat0,9,40,34,0.85,15,15,1.0,3.653547525337031,231.40288757099916,0.06240413523337338,2001
v0,Canerie-r1,Canerie,P_cat0,10,40,34,0.85,15,15,1.0,3.7297068971688185,231.40288757099916,0.06240413523337338,2001
v0,Canerie-r1,Canerie,P_cat0,11,40,34,0.85,15,15,1.0,3.5716985061436737,231.40288757099916,0.06240413523337338,2001
v0,Canerie-r1,Canerie,P_cat0,12,40,32,0.8,15,15,1.0,4.762336030682167,231.40288757099916,0.06240413523337338,2001
v0,Canerie-r1,Canerie,P_cat0,13,40,33,0.825,15,15,1.0,3.878819898309337,231.40288757099916,0.06240413523337338,2001
v0,Canerie-r1,Canerie,P_cat0,14,40,33,0.825,15,15,1.0,4.3221868274366075,231.40288757099916,0.06240413523337338,2001
v0,Canerie-r1,Canerie,P_cat0,15,40,32,0.8,15,15,1.0,4.749634028780278,231.40288757099916,0.06240413523337338,2001
v0,Canerie-r1,Canerie,P_cat0,16,40,34,0.85,15,15,1.0,3.6497512872507154,231.40288757099916,0.06240413523337338,2001
v0,Canerie-r1,Canerie,P_cat0,17,40,33,0.825,15,15,1.0,4.365982635643704,231.40288757099916,0.06240413523337338,2001
v0,Canerie-r1,Canerie,P_cat0,18,40,34,0.85,15,15,1.0,3.57807957327039,231.40288757099916,0.06240413523337338,2001
v0,Canerie-r1,Canerie,P_cat0,19,40,33,0.825,15,15,1.0,4.058374846086767,231.40288757099916,0.06240413523337338,2001
v0,Canerie-r1,Canerie,P_cat0,20,40,34,0.85,15,15,1.0,3.6917510048859725,231.40288757099916,0.06240413523337338,2001
v0,Canerie-r1,Canerie,P_cat0,21,40,34,0.85,15,15,1.0,3.547077779082627,231.40288757099916,0.06240413523337338,2001
v0,Canerie-r1,Canerie,P_cat0,22,40,33,0.825,15,15,1.0,4.4249962873036965,231.40288757099916,0.06240413523337338,2001
v0,Canerie-r1,Canerie,P_cat0,23,40,33,0.825,15,15,1.0,3.8196961464939316,231.40288757099916,0.06240413523337338,2001
v0,Canerie-r1,Canerie,P_cat0,24,40,33,0.825,15,15,1.0,3.640831780335055,231.40288757099916,0.06240413523337338,2001
v0,Canerie-r1,Canerie,P_cat0,25,40,33,0.825,15,15,1.0,3.78410529741958,231.40288757099916,0.06240413523337338,2001
v0,Canerie-r1,Canerie,P_cat0,26,40,34,0.85,15,15,1.0,3.5907851325022757,231.40288757099916,0.06240413523337338,2001
v0,Canerie-r1,Canerie,P_cat0,27,40,34,0.85,15,15,1.0,3.4780906127264,231.40288757099916,0.06240413523337338,2001
v0,Canerie-r1,Canerie,P_cat0,28,40,33,0.825,15,15,1.0,4.2357927537359075,231.40288757099916,0.06240413523337338,2001
v0,Canerie-r1,Canerie,P_cat0,29,40,34,0.85,15,15,1.0,3.6656113202798366,231.40288757099916,0.06240413523337338,2001
v0,Canerie-r1,Canerie,P_cat03,0,40,34,0.85,15,15,1.0,3.6572168932381737,219.3038493439999,0.0876933586000329,2001
v0,Canerie-r1,Canerie,P_cat03,1,40,33,0.825,15,15,1.0,3.8747155095612738,219.3038493439999,0.0876933586000329,2001
v0,Canerie-r1,Canerie,P_cat03,2,40,34,0.85,15,15,1.0,3.6330387292053286,219.3038493439999,0.0876933586000329,2001
v0,Canerie-r1,Canerie,P_cat03,3,40,33,0.825,15,15,1.0,3.1337150387283583,219.3038493439999,0.0876933586000329,2001
v0,Canerie-r1,Canerie,P_cat03,4,40,34,0.85,15,15,1.0,3.6986844078096173,219.3038493439999,0.0876933586000329,2001
v0,Canerie-r1,Canerie,P_cat03,5,40,34,0.85,15,15,1.0,2.9407362447920318,219.3038493439999,0.0876933586000329,2001
v0,Canerie-r1,Canerie,P_cat03,6,40,33,0.825,15,15,1.0,3.7531971416700673,219.3038493439999,0.0876933586000329,2001
v0,Canerie-r1,Canerie,P_cat03,7,40,34,0.85,15,15,1.0,3.7346594839069107,219.3038493439999,0.0876933586000329,2001
v0,Canerie-r1,Canerie,P_cat03,8,40,33,0.825,15,15,1.0,4.5434158914583325,219.3038493439999,0.0876933586000329,2001
v0,Canerie-r1,Canerie,P_cat03,9,40,34,0.85,15,15,1.0,3.6307257876434385,219.3038493439999,0.0876933586000329,2001
v0,Canerie-r1,Canerie,P_cat03,10,40,34,0.85,15,15,1.0,3.734466330198274,219.3038493439999,0.0876933586000329,2001
v0,Canerie-r1,Canerie,P_cat03,11,40,34,0.85,15,15,1.0,3.1348624498369593,219.3038493439999,0.0876933586000329,2001
v0,Canerie-r1,Canerie,P_cat03,12,40,32,0.8,15,15,1.0,4.28997914378062,219.3038493439999,0.0876933586000329,2001
v0,Canerie-r1,Canerie,P_cat03,13,40,33,0.825,15,15,1.0,3.489727229715678,219.3038493439999,0.0876933586000329,2001
v0,Canerie-r1,Canerie,P_cat03,14,40,33,0.825,15,15,1.0,4.295244807845437,219.3038493439999,0.0876933586000329,2001
v0,Canerie-r1,Canerie,P_cat03,15,40,32,0.8,15,15,1.0,4.339011479403461,219.3038493439999,0.0876933586000329,2001
v0,Canerie-r1,Canerie,P_cat03,16,40,34,0.85,15,15,1.0,3.6332097907123737,219.3038493439999,0.0876933586000329,2001
v0,Canerie-r1,Canerie,P_cat03,17,40,33,0.825,15,15,1.0,4.085084270276389,219.3038493439999,0.0876933586000329,2001
v0,Canerie-r1,Canerie,P_cat03,18,40,34,0.85,15,15,1.0,3.488925582318425,219.3038493439999,0.0876933586000329,2001
v0,Canerie-r1,Canerie,P_cat03,19,40,33,0.825,15,15,1.0,4.058369601524329,219.3038493439999,0.0876933586000329,2001
v0,Canerie-r1,Canerie,P_cat03,20,40,34,0.85,15,15,1.0,3.687209897506397,219.3038493439999,0.0876933586000329,2001
v0,Canerie-r1,Canerie,P_cat03,21,40,34,0.85,15,15,1.0,3.4420817537407027,219.3038493439999,0.0876933586000329,2001
v0,Canerie-r1,Canerie,P_cat03,22,40,33,0.825,15,15,1.0,4.390947069955027,219.3038493439999,0.0876933586000329,2001
v0,Canerie-r1,Canerie,P_cat03,23,40,33,0.825,15,15,1.0,3.49367069852075,219.3038493439999,0.0876933586000329,2001
v0,Canerie-r1,Canerie,P_cat03,24,40,34,0.85,15,15,1.0,3.533247937002048,219.3038493439999,0.0876933586000329,2001
v0,Canerie-r1,Canerie,P_cat03,25,40,34,0.85,15,15,1.0,3.096524852722979,219.3038493439999,0.0876933586000329,2001
v0,Canerie-r1,Canerie,P_cat03,26,40,34,0.85,15,15,1.0,3.541344229020879,219.3038493439999,0.0876933586000329,2001
v0,Canerie-r1,Canerie,P_cat03,27,40,34,0.85,15,15,1.0,3.3421998720403305,219.3038493439999,0.0876933586000329,2001
v0,Canerie-r1,Canerie,P_cat03,28,40,33,0.825,15,15,1.0,4.0059879696657505,219.3038493439999,0.0876933586000329,2001
v0,Canerie-r1,Canerie,P_cat03,29,40,34,0.85,15,15,1.0,3.6493981717518356,219.3038493439999,0.0876933586000329,2001
v0,Canerie-r1,Canerie,P_cat1,0,40,34,0.85,15,15,1.0,3.6708600436531293,203.82670944399797,0.07428652319989244,2001
v0,Canerie-r1,Canerie,P_cat1,1,40,33,0.825,15,15,1.0,3.8699593223070634,203.82670944399797,0.07428652319989244,2001
v0,Canerie-r1,Canerie,P_cat1,2,40,34,0.85,15,15,1.0,3.67521326053794,203.82670944399797,0.07428652319989244,2001
v0,Canerie-r1,Canerie,P_cat1,3,40,33,0.825,15,15,1.0,3.3356792545767275,203.82670944399797,0.07428652319989244,2001
v0,Canerie-r1,Canerie,P_cat1,4,40,34,0.85,15,15,1.0,3.700230626239483,203.82670944399797,0.07428652319989244,2001
v0,Canerie-r1,Canerie,P_cat1,5,40,34,0.85,15,15,1.0,3.32499758466823,203.82670944399797,0.07428652319989244,2001
v0,Canerie-r1,Canerie,P_cat1,6,40,33,0.825,15,15,1.0,3.7867110429739843,203.82670944399797,0.07428652319989244,2001
v0,Canerie-r1,Canerie,P_cat1,7,40,34,0.85,15,15,1.0,3.7299035521888673,203.82670944399797,0.07428652319989244,2001
v0,Canerie-r1,Canerie,P_cat1,8,40,33,0.825,15,15,1.0,4.575344178923643,203.82670944399797,0.07428652319989244,2001
v0,Canerie-r1,Canerie,P_cat1,9,40,34,0.85,15,15,1.0,3.653492221459424,203.82670944399797,0.07428652319989244,2001
v0,Canerie-r1,Canerie,P_cat1,10,40,34,0.85,15,15,1.0,3.729710444250769,203.82670944399797,0.07428652319989244,2001
v0,Canerie-r1,Canerie,P_cat1,11,40,34,0.85,15,15,1.0,3.3140489204815746,203.82670944399797,0.07428652319989244,2001
v0,Canerie-r1,Canerie,P_cat1,12,40,32,0.8,15,15,1.0,4.762340355383739,203.82670944399797,0.07428652319989244,2001
v0,Canerie-r1,Canerie,P_cat1,13,40,33,0.825,15,15,1.0,3.6602554098274647,203.82670944399797,0.07428652319989244,2001
v0,Canerie-r1,Canerie,P_cat1,14,40,33,0.825,15,15,1.0,4.322188099137905,203.82670944399797,0.07428652319989244,2001
v0,Canerie-r1,Canerie,P_cat1,15,40,32,0.8,15,15,1.0,4.749636425369116,203.82670944399797,0.07428652319989244,2001
v0,Canerie-r1,Canerie,P_cat1,16,40,34,0.85,15,15,1.0,3.6497164095357473,203.82670944399797,0.07428652319989244,2001
v0,Canerie-r1,Canerie,P_cat1,17,40,33,0.825,15,15,1.0,4.365983907345001,203.82670944399797,0.07428652319989244,2001
v0,Canerie-r1,Canerie,P_cat1,18,40,34,0.85,15,15,1.0,3.561541019218928,203.82670944399797,0.07428652319989244,2001
v0,Canerie-r1,Canerie,P_cat1,19,40,33,0.825,15,15,1.0,4.066345318868097,203.82670944399797,0.07428652319989244,2001
v0,Canerie-r1,Canerie,P_cat1,20,40,34,0.85,15,15,1.0,3.6917389379803747,203.82670944399797,0.07428652319989244,2001
v0,Canerie-r1,Canerie,P_cat1,21,40,34,0.85,15,15,1.0,3.520150674460248,203.82670944399797,0.07428652319989244,2001
v0,Canerie-r1,Canerie,P_cat1,22,40,33,0.825,15,15,1.0,4.424981945017445,203.82670944399797,0.07428652319989244,2001
v0,Canerie-r1,Canerie,P_cat1,23,40,33,0.825,15,15,1.0,3.6340276488765495,203.82670944399797,0.07428652319989244,2001
v0,Canerie-r1,Canerie,P_cat1,24,40,33,0.825,15,15,1.0,3.626318440450859,203.82670944399797,0.07428652319989244,2001
v0,Canerie-r1,Canerie,P_cat1,25,40,33,0.825,15,15,1.0,3.78417010814851,203.82670944399797,0.07428652319989244,2001
v0,Canerie-r1,Canerie,P_cat1,26,40,34,0.85,15,15,1.0,3.586826835599968,203.82670944399797,0.07428652319989244,2001
v0,Canerie-r1,Canerie,P_cat1,27,40,34,0.85,15,15,1.0,3.4507242225074783,203.82670944399797,0.07428652319989244,2001
v0,Canerie-r1,Canerie,P_cat1,28,40,33,0.825,15,15,1.0,4.235857564464838,203.82670944399797,0.07428652319989244,2001
v0,Canerie-r1,Canerie,P_cat1,29,40,34,0.85,15,15,1.0,3.665572663089292,203.82670944399797,0.07428652319989244,2001
v0,Canerie-r1,Canerie,P_catalog_trajectory,0,40,34,0.85,15,15,1.0,3.672273325512819,248.73983940700055,0.062077096566645194,2001
v0,Canerie-r1,Canerie,P_catalog_trajectory,1,40,34,0.85,15,15,1.0,3.7349033626809267,248.73983940700055,0.062077096566645194,2001
v0,Canerie-r1,Canerie,P_catalog_trajectory,2,40,34,0.85,15,15,1.0,3.677193347480617,248.73983940700055,0.062077096566645194,2001
v0,Canerie-r1,Canerie,P_catalog_trajectory,3,40,33,0.825,15,15,1.0,3.1992607284007106,248.73983940700055,0.062077096566645194,2001
v0,Canerie-r1,Canerie,P_catalog_trajectory,4,40,34,0.85,15,15,1.0,3.7039855447557843,248.73983940700055,0.062077096566645194,2001
v0,Canerie-r1,Canerie,P_catalog_trajectory,5,40,32,0.8,15,15,1.0,3.7616421290938438,248.73983940700055,0.062077096566645194,2001
v0,Canerie-r1,Canerie,P_catalog_trajectory,6,40,34,0.85,15,15,1.0,3.7144201213789896,248.73983940700055,0.062077096566645194,2001
v0,Canerie-r1,Canerie,P_catalog_trajectory,7,40,34,0.85,15,15,1.0,3.7349033626809267,248.73983940700055,0.062077096566645194,2001
v0,Canerie-r1,Canerie,P_catalog_trajectory,8,40,34,0.85,15,15,1.0,3.7039559348848488,248.73983940700055,0.062077096566645194,2001
v0,Canerie-r1,Canerie,P_catalog_trajectory,9,40,34,0.85,15,15,1.0,3.653549183722694,248.73983940700055,0.062077096566645194,2001
v0,Canerie-r1,Canerie,P_catalog_trajectory,10,40,34,0.85,15,15,1.0,3.734874085033091,248.73983940700055,0.062077096566645194,2001
v0,Canerie-r1,Canerie,P_catalog_trajectory,11,40,34,0.85,15,15,1.0,3.214640901092388,248.73983940700055,0.062077096566645194,2001
v0,Canerie-r1,Canerie,P_catalog_trajectory,12,40,33,0.825,15,15,1.0,4.316136412826982,248.73983940700055,0.062077096566645194,2001
v0,Canerie-r1,Canerie,P_catalog_trajectory,13,40,34,0.85,15,15,1.0,3.111767148358093,248.73983940700055,0.062077096566645194,2001
v0,Canerie-r1,Canerie,P_catalog_trajectory,14,40,32,0.8,15,15,1.0,4.312614924442069,248.73983940700055,0.062077096566645194,2001
v0,Canerie-r1,Canerie,P_catalog_trajectory,15,40,33,0.825,15,15,1.0,4.728854818072533,248.73983940700055,0.062077096566645194,2001
v0,Canerie-r1,Canerie,P_catalog_trajectory,16,40,34,0.85,15,15,1.0,3.6538540178074803,248.73983940700055,0.062077096566645194,2001
v0,Canerie-r1,Canerie,P_catalog_trajectory,17,40,33,0.825,15,15,1.0,3.921150836035413,248.73983940700055,0.062077096566645194,2001
v0,Canerie-r1,Canerie,P_catalog_trajectory,18,40,34,0.85,15,15,1.0,3.53956276457947,248.73983940700055,0.062077096566645194,2001
v0,Canerie-r1,Canerie,P_catalog_trajectory,19,40,34,0.85,15,15,1.0,3.535220691948516,248.73983940700055,0.062077096566645194,2001
v0,Canerie-r1,Canerie,P_catalog_trajectory,20,40,34,0.85,15,15,1.0,3.6949307220081002,248.73983940700055,0.062077096566645194,2001
v0,Canerie-r1,Canerie,P_catalog_trajectory,21,40,34,0.85,15,15,1.0,3.467992227773139,248.73983940700055,0.062077096566645194,2001
v0,Canerie-r1,Canerie,P_catalog_trajectory,22,40,32,0.8,15,15,1.0,4.412611921646094,248.73983940700055,0.062077096566645194,2001
v0,Canerie-r1,Canerie,P_catalog_trajectory,23,40,34,0.85,15,15,1.0,3.190272297337406,248.73983940700055,0.062077096566645194,2001
v0,Canerie-r1,Canerie,P_catalog_trajectory,24,40,31,0.775,15,15,1.0,5.605164852157636,248.73983940700055,0.062077096566645194,2001
v0,Canerie-r1,Canerie,P_catalog_trajectory,25,40,34,0.85,15,15,1.0,3.155441306891645,248.73983940700055,0.062077096566645194,2001
v0,Canerie-r1,Canerie,P_catalog_trajectory,26,40,34,0.85,15,15,1.0,3.5826958039530945,248.73983940700055,0.062077096566645194,2001
v0,Canerie-r1,Canerie,P_catalog_trajectory,27,40,31,0.775,15,15,1.0,4.8772219103062815,248.73983940700055,0.062077096566645194,2001
v0,Canerie-r1,Canerie,P_catalog_trajectory,28,40,32,0.8,15,15,1.0,4.112260422755997,248.73983940700055,0.062077096566645194,2001
v0,Canerie-r1,Canerie,P_catalog_trajectory,29,40,34,0.85,15,15,1.0,3.6667511772113945,248.73983940700055,0.062077096566645194,2001
v0,Canerie-r1,Canerie,P_init,0,40,34,0.85,15,15,1.0,2.9561910152104818,202.497230424,0.06465653533341538,2001
v0,Canerie-r1,Canerie,P_init,1,40,34,0.85,15,15,1.0,3.7440367009387496,202.497230424,0.06465653533341538,2001
v0,Canerie-r1,Canerie,P_init,2,40,34,0.85,15,15,1.0,3.632051894760085,202.497230424,0.06465653533341538,2001
v0,Canerie-r1,Canerie,P_init,3,40,35,0.875,15,15,1.0,2.742540517159224,202.497230424,0.06465653533341538,2001
v0,Canerie-r1,Canerie,P_init,4,40,34,0.85,15,15,1.0,3.7031184634933045,202.497230424,0.06465653533341538,2001
v0,Canerie-r1,Canerie,P_init,5,40,34,0.85,15,15,1.0,2.89385580424074,202.497230424,0.06465653533341538,2001
v0,Canerie-r1,Canerie,P_init,6,40,34,0.85,15,15,1.0,3.156542009599627,202.497230424,0.06465653533341538,2001
v0,Canerie-r1,Canerie,P_init,7,40,34,0.85,15,15,1.0,3.7440752955724657,202.497230424,0.06465653533341538,2001
v0,Canerie-r1,Canerie,P_init,8,40,34,0.85,15,15,1.0,3.70373633869609,202.497230424,0.06465653533341538,2001
v0,Canerie-r1,Canerie,P_init,9,40,34,0.85,15,15,1.0,3.6184155796950486,202.497230424,0.06465653533341538,2001
v0,Canerie-r1,Canerie,P_init,10,40,34,0.85,15,15,1.0,3.7433901492245214,202.497230424,0.06465653533341538,2001
v0,Canerie-r1,Canerie,P_init,11,40,34,0.85,15,15,1.0,2.8141986076687235,202.497230424,0.06465653533341538,2001
v0,Canerie-r1,Canerie,P_init,12,40,34,0.85,15,15,1.0,3.7336659227508004,202.497230424,0.06465653533341538,2001
v0,Canerie-r1,Canerie,P_init,13,40,35,0.875,15,15,1.0,2.7431870688734517,202.497230424,0.06465653533341538,2001
v0,Canerie-r1,Canerie,P_init,14,40,34,0.85,15,15,1.0,3.7434194268723573,202.497230424,0.06465653533341538,2001
v0,Canerie-r1,Canerie,P_init,15,40,33,0.825,15,15,1.0,4.040086770755236,202.497230424,0.06465653533341538,2001
v0,Canerie-r1,Canerie,P_init,16,40,34,0.85,15,15,1.0,3.6313493593769888,202.497230424,0.06465653533341538,2001
v0,Canerie-r1,Canerie,P_init,17,40,33,0.825,15,15,1.0,3.7017371444671876,202.497230424,0.06465653533341538,2001
v0,Canerie-r1,Canerie,P_init,18,40,34,0.85,15,15,1.0,3.3946637303241816,202.497230424,0.06465653533341538,2001
v0,Canerie-r1,Canerie,P_init,19,40,34,0.85,15,15,1.0,3.3922222256421155,202.497230424,0.06465653533341538,2001
v0,Canerie-r1,Canerie,P_init,20,40,34,0.85,15,15,1.0,2.994493915204676,202.497230424,0.06465653533341538,2001
v0,Canerie-r1,Canerie,P_init,21,40,34,0.85,15,15,1.0,3.2835249493271728,202.497230424,0.06465653533341538,2001
v0,Canerie-r1,Canerie,P_init,22,40,33,0.825,15,15,1.0,3.202638726290922,202.497230424,0.06465653533341538,2001
v0,Canerie-r1,Canerie,P_init,23,40,35,0.875,15,15,1.0,2.7431191965918993,202.497230424,0.06465653533341538,2001
v0,Canerie-r1,Canerie,P_init,24,40,34,0.85,15,15,1.0,3.3560073516760913,202.497230424,0.06465653533341538,2001
v0,Canerie-r1,Canerie,P_init,25,40,35,0.875,15,15,1.0,2.742549210424563,202.497230424,0.06465653533341538,2001
v0,Canerie-r1,Canerie,P_init,26,40,34,0.85,15,15,1.0,3.51326900355326,202.497230424,0.06465653533341538,2001
v0,Canerie-r1,Canerie,P_init,27,40,34,0.85,15,15,1.0,3.207816225270255,202.497230424,0.06465653533341538,2001
v0,Canerie-r1,Canerie,P_init,28,40,33,0.825,15,15,1.0,3.6195847427063867,202.497230424,0.06465653533341538,2001
v0,Canerie-r1,Canerie,P_init,29,40,34,0.85,15,15,1.0,3.6430786901161336,202.497230424,0.06465653533341538,2001
v0,Canerie-r1,Canerie,P_init_w10,0,40,35,0.875,15,15,1.0,2.7432783461742782,227.60553317299855,0.0652014658000553,2001
v0,Canerie-r1,Canerie,P_init_w10,1,40,34,0.85,15,15,1.0,3.4122728267505598,227.60553317299855,0.0652014658000553,2001
v0,Canerie-r1,Canerie,P_init_w10,2,40,35,0.875,15,15,1.0,2.7420628751739597,227.60553317299855,0.0652014658000553,2001
v0,Canerie-r1,Canerie,P_init_w10,3,40,34,0.85,15,15,1.0,2.810694533224532,227.60553317299855,0.0652014658000553,2001
v0,Canerie-r1,Canerie,P_init_w10,4,40,34,0.85,15,15,1.0,3.621082855902893,227.60553317299855,0.0652014658000553,2001
v0,Canerie-r1,Canerie,P_init_w10,5,40,34,0.85,15,15,1.0,2.8933027651415584,227.60553317299855,0.0652014658000553,2001
v0,Canerie-r1,Canerie,P_init_w10,6,40,35,0.875,15,15,1.0,2.742706112893923,227.60553317299855,0.0652014658000553,2001
v0,Canerie-r1,Canerie,P_init_w10,7,40,34,0.85,15,15,1.0,3.741715751649079,227.60553317299855,0.0652014658000553,2001
v0,Canerie-r1,Canerie,P_init_w10,8,40,34,0.85,15,15,1.0,3.6920652072325564,227.60553317299855,0.0652014658000553,2001
v0,Canerie-r1,Canerie,P_init_w10,9,40,34,0.85,15,15,1.0,3.1680757812944513,227.60553317299855,0.0652014658000553,2001
v0,Canerie-r1,Canerie,P_init_w10,10,40,34,0.85,15,15,1.0,3.741647898183746,227.60553317299855,0.0652014658000553,2001
v0,Canerie-r1,Canerie,P_init_w10,11,40,35,0.875,15,15,1.0,2.7401875539907015,227.60553317299855,0.0652014658000553,2001
v0,Canerie-r1,Canerie,P_init_w10,12,40,34,0.85,15,15,1.0,3.7341462348849603,227.60553317299855,0.0652014658000553,2001
v0,Canerie-r1,Canerie,P_init_w10,13,40,35,0.875,15,15,1.0,2.7433380862308225,227.60553317299855,0.0652014658000553,2001
v0,Canerie-r1,Canerie,P_init_w10,14,40,34,0.85,15,15,1.0,2.9437884138602457,227.60553317299855,0.0652014658000553,2001
v0,Canerie-r1,Canerie,P_init_w10,15,40,33,0.825,15,15,1.0,4.732493633923619,227.60553317299855,0.0652014658000553,2001
v0,Canerie-r1,Canerie,P_init_w10,16,40,34,0.85,15,15,1.0,2.877315988850998,227.60553317299855,0.0652014658000553,2001
v0,Canerie-r1,Canerie,P_init_w10,17,40,33,0.825,15,15,1.0,3.3682646671013927,227.60553317299855,0.0652014658000553,2001
v0,Canerie-r1,Canerie,P_init_w10,18,40,34,0.85,15,15,1.0,3.13062483733335,227.60553317299855,0.0652014658000553,2001
v0,Canerie-r1,Canerie,P_init_w10,19,40,33,0.825,15,15,1.0,3.1913013353858153,227.60553317299855,0.0652014658000553,2001
v0,Canerie-r1,Canerie,P_init_w10,20,40,33,0.825,15,15,1.0,3.6338942175519233,227.60553317299855,0.0652014658000553,2001
v0,Canerie-r1,Canerie,P_init_w10,21,40,34,0.85,15,15,1.0,2.9450059960642707,227.60553317299855,0.0652014658000553,2001
v0,Canerie-r1,Canerie,P_init_w10,22,40,34,0.85,15,15,1.0,3.04488579991779,227.60553317299855,0.0652014658000553,2001
v0,Canerie-r1,Canerie,P_init_w10,23,40,35,0.875,15,15,1.0,2.7413743321239603,227.60553317299855,0.0652014658000553,2001
v0,Canerie-r1,Canerie,P_init_w10,24,40,34,0.85,15,15,1.0,3.10948638655929,227.60553317299855,0.0652014658000553,2001
v0,Canerie-r1,Canerie,P_init_w10,25,40,35,0.875,15,15,1.0,2.7420417109349127,227.60553317299855,0.0652014658000553,2001
v0,Canerie-r1,Canerie,P_init_w10,26,40,35,0.875,15,15,1.0,2.7426382368444426,227.60553317299855,0.0652014658000553,2001
v0,Canerie-r1,Canerie,P_init_w10,27,40,34,0.85,15,15,1.0,2.8265160287851807,227.60553317299855,0.0652014658000553,2001
v0,Canerie-r1,Canerie,P_init_w10,28,40,33,0.825,15,15,1.0,3.421177119086567,227.60553317299855,0.0652014658000553,2001
v0,Canerie-r1,Canerie,P_init_w10,29,40,33,0.825,15,15,1.0,3.661641846679146,227.60553317299855,0.0652014658000553,2001
v0,Canerie-r1,Canerie,P_m2,0,40,34,0.85,15,15,1.0,3.667964921890057,210.2815836789996,0.10823899410000498,2001
v0,Canerie-r1,Canerie,P_m2,1,40,33,0.825,15,15,1.0,3.8699235885186085,210.2815836789996,0.10823899410000498,2001
v0,Canerie-r1,Canerie,P_m2,2,40,34,0.85,15,15,1.0,3.6724304160459744,210.2815836789996,0.10823899410000498,2001
v0,Canerie-r1,Canerie,P_m2,3,40,34,0.85,15,15,1.0,3.5149002634125663,210.2815836789996,0.10823899410000498,2001
v0,Canerie-r1,Canerie,P_m2,4,40,34,0.85,15,15,1.0,3.6991529822337332,210.2815836789996,0.10823899410000498,2001
v0,Canerie-r1,Canerie,P_m2,5,40,34,0.85,15,15,1.0,3.152795633120345,210.2815836789996,0.10823899410000498,2001
v0,Canerie-r1,Canerie,P_m2,6,40,32,0.8,15,15,1.0,4.64662448951834,210.2815836789996,0.10823899410000498,2001
v0,Canerie-r1,Canerie,P_m2,7,40,34,0.85,15,15,1.0,3.7298678126805607,210.2815836789996,0.10823899410000498,2001
v0,Canerie-r1,Canerie,P_m2,8,40,33,0.825,15,15,1.0,4.576393785473324,210.2815836789996,0.10823899410000498,2001
v0,Canerie-r1,Canerie,P_m2,9,40,34,0.85,15,15,1.0,3.649299904709593,210.2815836789996,0.10823899410000498,2001
v0,Canerie-r1,Canerie,P_m2,10,40,34,0.85,15,15,1.0,3.7296747104623136,210.2815836789996,0.10823899410000498,2001
v0,Canerie-r1,Canerie,P_m2,11,40,34,0.85,15,15,1.0,3.5490688176163245,210.2815836789996,0.10823899410000498,2001
v0,Canerie-r1,Canerie,P_m2,12,40,30,0.75,15,15,1.0,5.675350187670471,210.2815836789996,0.10823899410000498,2001
v0,Canerie-r1,Canerie,P_m2,13,40,34,0.85,15,15,1.0,3.2713792379261166,210.2815836789996,0.10823899410000498,2001
v0,Canerie-r1,Canerie,P_m2,14,40,31,0.775,15,15,1.0,5.654180632593564,210.2815836789996,0.10823899410000498,2001
v0,Canerie-r1,Canerie,P_m2,15,40,32,0.8,15,15,1.0,4.74975351637614,210.2815836789996,0.10823899410000498,2001
v0,Canerie-r1,Canerie,P_m2,16,40,32,0.8,15,15,1.0,4.793805756472784,210.2815836789996,0.10823899410000498,2001
v0,Canerie-r1,Canerie,P_m2,17,40,33,0.825,15,15,1.0,4.030649937002862,210.2815836789996,0.10823899410000498,2001
v0,Canerie-r1,Canerie,P_m2,18,40,34,0.85,15,15,1.0,3.5550127952858195,210.2815836789996,0.10823899410000498,2001
v0,Canerie-r1,Canerie,P_m2,19,40,33,0.825,15,15,1.0,4.042065395044795,210.2815836789996,0.10823899410000498,2001
v0,Canerie-r1,Canerie,P_m2,20,40,34,0.85,15,15,1.0,3.690197420910114,210.2815836789996,0.10823899410000498,2001
v0,Canerie-r1,Canerie,P_m2,21,40,34,0.85,15,15,1.0,3.5390072290358643,210.2815836789996,0.10823899410000498,2001
v0,Canerie-r1,Canerie,P_m2,22,40,31,0.775,15,15,1.0,5.625327091083524,210.2815836789996,0.10823899410000498,2001
v0,Canerie-r1,Canerie,P_m2,23,40,33,0.825,15,15,1.0,3.635104072958429,210.2815836789996,0.10823899410000498,2001
v0,Canerie-r1,Canerie,P_m2,24,40,32,0.8,15,15,1.0,4.439078497528888,210.2815836789996,0.10823899410000498,2001
v0,Canerie-r1,Canerie,P_m2,25,40,34,0.85,15,15,1.0,3.729679070901901,210.2815836789996,0.10823899410000498,2001
v0,Canerie-r1,Canerie,P_m2,26,40,34,0.85,15,15,1.0,3.579177197788614,210.2815836789996,0.10823899410000498,2001
v0,Canerie-r1,Canerie,P_m2,27,40,34,0.85,15,15,1.0,3.437673764087467,210.2815836789996,0.10823899410000498,2001
v0,Canerie-r1,Canerie,P_m2,28,40,34,0.85,15,15,1.0,3.7296834313414897,210.2815836789996,0.10823899410000498,2001
v0,Canerie-r1,Canerie,P_m2,29,40,34,0.85,15,15,1.0,3.662313363823999,210.2815836789996,0.10823899410000498,2001
v0,Canerie-r1,Canerie,P_m5,0,40,34,0.85,15,15,1.0,3.6700179075041754,192.8525865119991,0.06279957796674959,2001
v0,Canerie-r1,Canerie,P_m5,1,40,33,0.825,15,15,1.0,3.923842859737736,192.8525865119991,0.06279957796674959,2001
v0,Canerie-r1,Canerie,P_m5,2,40,34,0.85,15,15,1.0,3.6752071686816565,192.8525865119991,0.06279957796674959,2001
v0,Canerie-r1,Canerie,P_m5,3,40,34,0.85,15,15,1.0,3.210637285780239,192.8525865119991,0.06279957796674959,2001
v0,Canerie-r1,Canerie,P_m5,4,40,34,0.85,15,15,1.0,3.703280980963481,192.8525865119991,0.06279957796674959,2001
v0,Canerie-r1,Canerie,P_m5,5,40,34,0.85,15,15,1.0,3.0834554218600205,192.8525865119991,0.06279957796674959,2001
v0,Canerie-r1,Canerie,P_m5,6,40,33,0.825,15,15,1.0,3.7988314649041164,192.8525865119991,0.06279957796674959,2001
v0,Canerie-r1,Canerie,P_m5,7,40,34,0.85,15,15,1.0,3.7347528715952185,192.8525865119991,0.06279957796674959,2001
v0,Canerie-r1,Canerie,P_m5,8,40,33,0.825,15,15,1.0,4.612630944329865,192.8525865119991,0.06279957796674959,2001
v0,Canerie-r1,Canerie,P_m5,9,40,34,0.85,15,15,1.0,3.649906291476058,192.8525865119991,0.06279957796674959,2001
v0,Canerie-r1,Canerie,P_m5,10,40,34,0.85,15,15,1.0,3.734744150716042,192.8525865119991,0.06279957796674959,2001
v0,Canerie-r1,Canerie,P_m5,11,40,34,0.85,15,15,1.0,3.245574093221782,192.8525865119991,0.06279957796674959,2001
v0,Canerie-r1,Canerie,P_m5,12,40,33,0.825,15,15,1.0,4.312764615637303,192.8525865119991,0.06279957796674959,2001
v0,Canerie-r1,Canerie,P_m5,13,40,34,0.85,15,15,1.0,3.1479422188456416,192.8525865119991,0.06279957796674959,2001
v0,Canerie-r1,Canerie,P_m5,14,40,33,0.825,15,15,1.0,4.358929899916114,192.8525865119991,0.06279957796674959,2001
v0,Canerie-r1,Canerie,P_m5,15,40,32,0.8,15,15,1.0,4.758616310369807,192.8525865119991,0.06279957796674959,2001
v0,Canerie-r1,Canerie,P_m5,16,40,34,0.85,15,15,1.0,3.647995996827568,192.8525865119991,0.06279957796674959,2001
v0,Canerie-r1,Canerie,P_m5,17,40,34,0.85,15,15,1.0,3.734744150716043,192.8525865119991,0.06279957796674959,2001
v0,Canerie-r1,Canerie,P_m5,18,40,34,0.85,15,15,1.0,3.5430438455803985,192.8525865119991,0.06279957796674959,2001
v0,Canerie-r1,Canerie,P_m5,19,40,33,0.825,15,15,1.0,3.9915914392945204,192.8525865119991,0.06279957796674959,2001
v0,Canerie-r1,Canerie,P_m5,20,40,34,0.85,15,15,1.0,3.6938760437291163,192.8525865119991,0.06279957796674959,2001
v0,Canerie-r1,Canerie,P_m5,21,40,34,0.85,15,15,1.0,3.485443021181966,192.8525865119991,0.06279957796674959,2001
v0,Canerie-r1,Canerie,P_m5,22,40,33,0.825,15,15,1.0,3.853592773742381,192.8525865119991,0.06279957796674959,2001
v0,Canerie-r1,Canerie,P_m5,23,40,33,0.825,15,15,1.0,3.66163807461209,192.8525865119991,0.06279957796674959,2001
v0,Canerie-r1,Canerie,P_m5,24,40,33,0.825,15,15,1.0,3.613259284275938,192.8525865119991,0.06279957796674959,2001
v0,Canerie-r1,Canerie,P_m5,25,40,34,0.85,15,15,1.0,3.4432538246490685,192.8525865119991,0.06279957796674959,2001
v0,Canerie-r1,Canerie,P_m5,26,40,34,0.85,15,15,1.0,3.5764458997106776,192.8525865119991,0.06279957796674959,2001
v0,Canerie-r1,Canerie,P_m5,27,40,34,0.85,15,15,1.0,3.416478350477314,192.8525865119991,0.06279957796674959,2001
v0,Canerie-r1,Canerie,P_m5,28,40,34,0.85,15,15,1.0,3.7347485111556304,192.8525865119991,0.06279957796674959,2001
v0,Canerie-r1,Canerie,P_m5,29,40,33,0.825,15,15,1.0,3.673990945153019,192.8525865119991,0.06279957796674959,2001
v0,Canerie-r1,Canerie,P_seed1,0,40,34,0.85,15,15,1.0,3.6703859156602694,213.69973698000103,0.06161231793339539,2001
v0,Canerie-r1,Canerie,P_seed1,1,40,34,0.85,15,15,1.0,3.729500096623679,213.69973698000103,0.06161231793339539,2001
v0,Canerie-r1,Canerie,P_seed1,2,40,34,0.85,15,15,1.0,3.674683368981656,213.69973698000103,0.06161231793339539,2001
v0,Canerie-r1,Canerie,P_seed1,3,40,34,0.85,15,15,1.0,3.522477637934678,213.69973698000103,0.06161231793339539,2001
v0,Canerie-r1,Canerie,P_seed1,4,40,34,0.85,15,15,1.0,3.6999849571658974,213.69973698000103,0.06161231793339539,2001
v0,Canerie-r1,Canerie,P_seed1,5,40,34,0.85,15,15,1.0,3.335839135751026,213.69973698000103,0.06161231793339539,2001
v0,Canerie-r1,Canerie,P_seed1,6,40,33,0.825,15,15,1.0,4.442625406839875,213.69973698000103,0.06161231793339539,2001
v0,Canerie-r1,Canerie,P_seed1,7,40,34,0.85,15,15,1.0,3.729500096623679,213.69973698000103,0.06161231793339539,2001
v0,Canerie-r1,Canerie,P_seed1,8,40,33,0.825,15,15,1.0,4.439047594047341,213.69973698000103,0.06161231793339539,2001
v0,Canerie-r1,Canerie,P_seed1,9,40,34,0.85,15,15,1.0,3.653163876039241,213.69973698000103,0.06161231793339539,2001
v0,Canerie-r1,Canerie,P_seed1,10,40,34,0.85,15,15,1.0,3.729491370707464,213.69973698000103,0.06161231793339539,2001
v0,Canerie-r1,Canerie,P_seed1,11,40,34,0.85,15,15,1.0,3.5553793481885245,213.69973698000103,0.06161231793339539,2001
v0,Canerie-r1,Canerie,P_seed1,12,40,32,0.8,15,15,1.0,4.752799667154123,213.69973698000103,0.06161231793339539,2001
v0,Canerie-r1,Canerie,P_seed1,13,40,33,0.825,15,15,1.0,3.5059487104091733,213.69973698000103,0.06161231793339539,2001
v0,Canerie-r1,Canerie,P_seed1,14,40,33,0.825,15,15,1.0,4.212825617607713,213.69973698000103,0.06161231793339539,2001
v0,Canerie-r1,Canerie,P_seed1,15,40,32,0.8,15,15,1.0,4.741568136257954,213.69973698000103,0.06161231793339539,2001
v0,Canerie-r1,Canerie,P_seed1,16,40,34,0.85,15,15,1.0,3.6492233743092592,213.69973698000103,0.06161231793339539,2001
v0,Canerie-r1,Canerie,P_seed1,17,40,33,0.825,15,15,1.0,4.281029392681686,213.69973698000103,0.06161231793339539,2001
v0,Canerie-r1,Canerie,P_seed1,18,40,34,0.85,15,15,1.0,3.56130860261913,213.69973698000103,0.06161231793339539,2001
v0,Canerie-r1,Canerie,P_seed1,19,40,33,0.825,15,15,1.0,3.938122918987243,213.69973698000103,0.06161231793339539,2001
v0,Canerie-r1,Canerie,P_seed1,20,40,34,0.85,15,15,1.0,3.691486048362579,213.69973698000103,0.06161231793339539,2001
v0,Canerie-r1,Canerie,P_seed1,21,40,34,0.85,15,15,1.0,3.546495431296788,213.69973698000103,0.06161231793339539,2001
v0,Canerie-r1,Canerie,P_seed1,22,40,33,0.825,15,15,1.0,4.322592102738611,213.69973698000103,0.06161231793339539,2001
v0,Canerie-r1,Canerie,P_seed1,23,40,33,0.825,15,15,1.0,4.0528682119217905,213.69973698000103,0.06161231793339539,2001
v0,Canerie-r1,Canerie,P_seed1,24,40,34,0.85,15,15,1.0,3.5950912530207852,213.69973698000103,0.06161231793339539,2001
v0,Canerie-r1,Canerie,P_seed1,25,40,34,0.85,15,15,1.0,3.7294957336655714,213.69973698000103,0.06161231793339539,2001
v0,Canerie-r1,Canerie,P_seed1,26,40,34,0.85,15,15,1.0,3.5864217607070152,213.69973698000103,0.06161231793339539,2001
v0,Canerie-r1,Canerie,P_seed1,27,40,33,0.825,15,15,1.0,3.868943474785728,213.69973698000103,0.06161231793339539,2001
v0,Canerie-r1,Canerie,P_seed1,28,40,33,0.825,15,15,1.0,4.098562747782567,213.69973698000103,0.06161231793339539,2001
v0,Canerie-r1,Canerie,P_seed1,29,40,34,0.85,15,15,1.0,3.6653618440195808,213.69973698000103,0.06161231793339539,2001
v0,Canerie-r1,Canerie,P_seed2,0,40,34,0.85,15,15,1.0,3.659689083100375,205.9133976330013,0.058771917766716794,2001
v0,Canerie-r1,Canerie,P_seed2,1,40,33,0.825,15,15,1.0,3.896910690852165,205.9133976330013,0.058771917766716794,2001
v0,Canerie-r1,Canerie,P_seed2,2,40,34,0.85,15,15,1.0,3.6355949398993737,205.9133976330013,0.058771917766716794,2001
v0,Canerie-r1,Canerie,P_seed2,3,40,34,0.85,15,15,1.0,3.0412175025597885,205.9133976330013,0.058771917766716794,2001
v0,Canerie-r1,Canerie,P_seed2,4,40,34,0.85,15,15,1.0,3.699886071017532,205.9133976330013,0.058771917766716794,2001
v0,Canerie-r1,Canerie,P_seed2,5,40,34,0.85,15,15,1.0,2.8295805832962553,205.9133976330013,0.058771917766716794,2001
v0,Canerie-r1,Canerie,P_seed2,6,40,34,0.85,15,15,1.0,3.7047585585743246,205.9133976330013,0.058771917766716794,2001
v0,Canerie-r1,Canerie,P_seed2,7,40,34,0.85,15,15,1.0,3.7354859210781783,205.9133976330013,0.058771917766716794,2001
v0,Canerie-r1,Canerie,P_seed2,8,40,34,0.85,15,15,1.0,3.699907116934544,205.9133976330013,0.058771917766716794,2001
v0,Canerie-r1,Canerie,P_seed2,9,40,34,0.85,15,15,1.0,3.6342494327514667,205.9133976330013,0.058771917766716794,2001
v0,Canerie-r1,Canerie,P_seed2,10,40,34,0.85,15,15,1.0,3.735468501921048,205.9133976330013,0.058771917766716794,2001
v0,Canerie-r1,Canerie,P_seed2,11,40,34,0.85,15,15,1.0,3.0597382395484205,205.9133976330013,0.058771917766716794,2001
v0,Canerie-r1,Canerie,P_seed2,12,40,32,0.8,15,15,1.0,3.3582796929680097,205.9133976330013,0.058771917766716794,2001
v0,Canerie-r1,Canerie,P_seed2,13,40,33,0.825,15,15,1.0,2.9277616914901876,205.9133976330013,0.058771917766716794,2001
v0,Canerie-r1,Canerie,P_seed2,14,40,34,0.85,15,15,1.0,3.7351268157571136,205.9133976330013,0.058771917766716794,2001
v0,Canerie-r1,Canerie,P_seed2,15,40,34,0.85,15,15,1.0,3.256767413940397,205.9133976330013,0.058771917766716794,2001
v0,Canerie-r1,Canerie,P_seed2,16,40,34,0.85,15,15,1.0,3.635893552373431,205.9133976330013,0.058771917766716794,2001
v0,Canerie-r1,Canerie,P_seed2,17,40,34,0.85,15,15,1.0,3.42915408656048,205.9133976330013,0.058771917766716794,2001
v0,Canerie-r1,Canerie,P_seed2,18,40,34,0.85,15,15,1.0,3.4639697274119077,205.9133976330013,0.058771917766716794,2001
v0,Canerie-r1,Canerie,P_seed2,19,40,34,0.85,15,15,1.0,3.4532647451329574,205.9133976330013,0.058771917766716794,2001
v0,Canerie-r1,Canerie,P_seed2,20,40,34,0.85,15,15,1.0,3.688717203569289,205.9133976330013,0.058771917766716794,2001
v0,Canerie-r1,Canerie,P_seed2,21,40,34,0.85,15,15,1.0,3.4031934815665386,205.9133976330013,0.058771917766716794,2001
v0,Canerie-r1,Canerie,P_seed2,22,40,34,0.85,15,15,1.0,3.688661799472221,205.9133976330013,0.058771917766716794,2001
v0,Canerie-r1,Canerie,P_seed2,23,40,34,0.85,15,15,1.0,3.0151989567642503,205.9133976330013,0.058771917766716794,2001
v0,Canerie-r1,Canerie,P_seed2,24,40,34,0.85,15,15,1.0,3.5261941329398687,205.9133976330013,0.058771917766716794,2001
v0,Canerie-r1,Canerie,P_seed2,25,40,34,0.85,15,15,1.0,3.00670101492484,205.9133976330013,0.058771917766716794,2001
v0,Canerie-r1,Canerie,P_seed2,26,40,34,0.85,15,15,1.0,3.5465542206115424,205.9133976330013,0.058771917766716794,2001
v0,Canerie-r1,Canerie,P_seed2,27,40,34,0.85,15,15,1.0,3.2969410284963248,205.9133976330013,0.058771917766716794,2001
v0,Canerie-r1,Canerie,P_seed2,28,40,34,0.85,15,15,1.0,3.5262028538214962,205.9133976330013,0.058771917766716794,2001
v0,Canerie-r1,Canerie,P_seed2,29,40,34,0.85,15,15,1.0,3.652043702766668,205.9133976330013,0.058771917766716794,2001
v0,Canerie-r1,Canerie,P_w10,0,40,34,0.85,15,15,1.0,3.6657345397203613,219.47860103199855,0.1196122357333176,2001
v0,Canerie-r1,Canerie,P_w10,1,40,33,0.825,15,15,1.0,3.869972053841533,219.47860103199855,0.1196122357333176,2001
v0,Canerie-r1,Canerie,P_w10,2,40,34,0.85,15,15,1.0,3.6704101979549475,219.47860103199855,0.1196122357333176,2001
v0,Canerie-r1,Canerie,P_w10,3,40,34,0.85,15,15,1.0,3.5177926982687477,219.47860103199855,0.1196122357333176,2001
v0,Canerie-r1,Canerie,P_w10,4,40,34,0.85,15,15,1.0,3.6983854441061177,219.47860103199855,0.1196122357333176,2001
v0,Canerie-r1,Canerie,P_w10,5,40,34,0.85,15,15,1.0,3.3301000187831744,219.47860103199855,0.1196122357333176,2001
v0,Canerie-r1,Canerie,P_w10,6,40,33,0.825,15,15,1.0,3.8121856848325404,219.47860103199855,0.1196122357333176,2001
v0,Canerie-r1,Canerie,P_w10,7,40,34,0.85,15,15,1.0,3.7299079076084065,219.47860103199855,0.1196122357333176,2001
v0,Canerie-r1,Canerie,P_w10,8,40,33,0.825,15,15,1.0,4.599671590384488,219.47860103199855,0.1196122357333176,2001
v0,Canerie-r1,Canerie,P_w10,9,40,34,0.85,15,15,1.0,3.646019434506437,219.47860103199855,0.1196122357333176,2001
v0,Canerie-r1,Canerie,P_w10,10,40,34,0.85,15,15,1.0,3.7297231757852387,219.47860103199855,0.1196122357333176,2001
v0,Canerie-r1,Canerie,P_w10,11,40,34,0.85,15,15,1.0,3.553866819798797,219.47860103199855,0.1196122357333176,2001
v0,Canerie-r1,Canerie,P_w10,12,40,31,0.775,15,15,1.0,5.267587926417881,219.47860103199855,0.1196122357333176,2001
v0,Canerie-r1,Canerie,P_w10,13,40,34,0.85,15,15,1.0,3.289943587959328,219.47860103199855,0.1196122357333176,2001
v0,Canerie-r1,Canerie,P_w10,14,40,31,0.775,15,15,1.0,4.99394809962062,219.47860103199855,0.1196122357333176,2001
v0,Canerie-r1,Canerie,P_w10,15,40,32,0.8,15,15,1.0,4.7504335433940685,219.47860103199855,0.1196122357333176,2001
v0,Canerie-r1,Canerie,P_w10,16,40,34,0.85,15,15,1.0,3.643561012982869,219.47860103199855,0.1196122357333176,2001
v0,Canerie-r1,Canerie,P_w10,17,40,33,0.825,15,15,1.0,4.081415061423497,219.47860103199855,0.1196122357333176,2001
v0,Canerie-r1,Canerie,P_w10,18,40,34,0.85,15,15,1.0,3.5600504066388408,219.47860103199855,0.1196122357333176,2001
v0,Canerie-r1,Canerie,P_w10,19,40,33,0.825,15,15,1.0,4.045024807430059,219.47860103199855,0.1196122357333176,2001
v0,Canerie-r1,Canerie,P_w10,20,40,34,0.85,15,15,1.0,3.68906087828592,219.47860103199855,0.1196122357333176,2001
v0,Canerie-r1,Canerie,P_w10,21,40,34,0.85,15,15,1.0,3.547093542914403,219.47860103199855,0.1196122357333176,2001
v0,Canerie-r1,Canerie,P_w10,22,40,33,0.825,15,15,1.0,4.300877352938781,219.47860103199855,0.1196122357333176,2001
v0,Canerie-r1,Canerie,P_w10,23,40,33,0.825,15,15,1.0,3.655064151855815,219.47860103199855,0.1196122357333176,2001
v0,Canerie-r1,Canerie,P_w10,24,40,32,0.8,15,15,1.0,4.37538294253155,219.47860103199855,0.1196122357333176,2001
v0,Canerie-r1,Canerie,P_w10,25,40,34,0.85,15,15,1.0,3.729727536224827,219.47860103199855,0.1196122357333176,2001
v0,Canerie-r1,Canerie,P_w10,26,40,34,0.85,15,15,1.0,3.5731481875707463,219.47860103199855,0.1196122357333176,2001
v0,Canerie-r1,Canerie,P_w10,27,40,34,0.85,15,15,1.0,3.4393383178911106,219.47860103199855,0.1196122357333176,2001
v0,Canerie-r1,Canerie,P_w10,28,40,33,0.825,15,15,1.0,4.448942130028814,219.47860103199855,0.1196122357333176,2001
v0,Canerie-r1,Canerie,P_w10,29,40,34,0.85,15,15,1.0,3.659796599337045,219.47860103199855,0.1196122357333176,2001
v0,Canerie-r1,Canerie,P_w3,0,40,34,0.85,15,15,1.0,3.6773927506690036,230.63695865999762,0.06410421146659549,2001
v0,Canerie-r1,Canerie,P_w3,1,40,33,0.825,15,15,1.0,3.8758175767819303,230.63695865999762,0.06410421146659549,2001
v0,Canerie-r1,Canerie,P_w3,2,40,34,0.85,15,15,1.0,3.6807574978879667,230.63695865999762,0.06410421146659549,2001
v0,Canerie-r1,Canerie,P_w3,3,40,34,0.85,15,15,1.0,3.564166639413786,230.63695865999762,0.06410421146659549,2001
v0,Canerie-r1,Canerie,P_w3,4,40,34,0.85,15,15,1.0,3.7009788092643436,230.63695865999762,0.06410421146659549,2001
v0,Canerie-r1,Canerie,P_w3,5,40,34,0.85,15,15,1.0,3.414298237735301,230.63695865999762,0.06410421146659549,2001
v0,Canerie-r1,Canerie,P_w3,6,40,33,0.825,15,15,1.0,3.7870638170213313,230.63695865999762,0.06410421146659549,2001
v0,Canerie-r1,Canerie,P_w3,7,40,34,0.85,15,15,1.0,3.727232020670063,230.63695865999762,0.06410421146659549,2001
v0,Canerie-r1,Canerie,P_w3,8,40,33,0.825,15,15,1.0,4.576429281939748,230.63695865999762,0.06410421146659549,2001
v0,Canerie-r1,Canerie,P_w3,9,40,34,0.85,15,15,1.0,3.664178056618345,230.63695865999762,0.06410421146659549,2001
v0,Canerie-r1,Canerie,P_w3,10,40,34,0.85,15,15,1.0,3.7270388845226217,230.63695865999762,0.06410421146659549,2001
v0,Canerie-r1,Canerie,P_w3,11,40,34,0.85,15,15,1.0,3.5889762038266713,230.63695865999762,0.06410421146659549,2001
v0,Canerie-r1,Canerie,P_w3,12,40,32,0.8,15,15,1.0,4.761315497717123,230.63695865999762,0.06410421146659549,2001
v0,Canerie-r1,Canerie,P_w3,13,40,33,0.825,15,15,1.0,3.9146623423201308,230.63695865999762,0.06410421146659549,2001
v0,Canerie-r1,Canerie,P_w3,14,40,33,0.825,15,15,1.0,4.339282815605982,230.63695865999762,0.06410421146659549,2001
v0,Canerie-r1,Canerie,P_w3,15,40,32,0.8,15,15,1.0,4.7504857769905895,230.63695865999762,0.06410421146659549,2001
v0,Canerie-r1,Canerie,P_w3,16,40,34,0.85,15,15,1.0,3.6579480967496174,230.63695865999762,0.06410421146659549,2001
v0,Canerie-r1,Canerie,P_w3,17,40,33,0.825,15,15,1.0,4.420334487709126,230.63695865999762,0.06410421146659549,2001
v0,Canerie-r1,Canerie,P_w3,18,40,34,0.85,15,15,1.0,3.59421513796441,230.63695865999762,0.06410421146659549,2001
v0,Canerie-r1,Canerie,P_w3,19,40,33,0.825,15,15,1.0,4.0643782631583925,230.63695865999762,0.06410421146659549,2001
v0,Canerie-r1,Canerie,P_w3,20,40,34,0.85,15,15,1.0,3.6939787668439443,230.63695865999762,0.06410421146659549,2001
v0,Canerie-r1,Canerie,P_w3,21,40,34,0.85,15,15,1.0,3.572226060777796,230.63695865999762,0.06410421146659549,2001
v0,Canerie-r1,Canerie,P_w3,22,40,33,0.825,15,15,1.0,4.474418901762982,230.63695865999762,0.06410421146659549,2001
v0,Canerie-r1,Canerie,P_w3,23,40,33,0.825,15,15,1.0,3.7827080986192745,230.63695865999762,0.06410421146659549,2001
v0,Canerie-r1,Canerie,P_w3,24,40,33,0.825,15,15,1.0,3.6562624926872647,230.63695865999762,0.06410421146659549,2001
v0,Canerie-r1,Canerie,P_w3,25,40,33,0.825,15,15,1.0,3.82433871541813,230.63695865999762,0.06410421146659549,2001
v0,Canerie-r1,Canerie,P_w3,26,40,34,0.85,15,15,1.0,3.677203974961151,230.63695865999762,0.06410421146659549,2001
v0,Canerie-r1,Canerie,P_w3,27,40,34,0.85,15,15,1.0,3.581084681187567,230.63695865999762,0.06410421146659549,2001
v0,Canerie-r1,Canerie,P_w3,28,40,33,0.825,15,15,1.0,4.225109239898749,230.63695865999762,0.06410421146659549,2001
v0,Canerie-r1,Canerie,P_w3,29,40,34,0.85,15,15,1.0,3.6732531667208246,230.63695865999762,0.06410421146659549,2001
v0,Fccn-r0,Fccn,B1,0,40,4,0.1,15,15,1.0,35.034460249965115,0.14709867100100382,0.01652108596669374,1
v0,Fccn-r0,Fccn,B1,1,40,5,0.125,15,15,1.0,35.0,0.14709867100100382,0.01652108596669374,1
v0,Fccn-r0,Fccn,B1,2,40,5,0.125,15,15,1.0,35.0,0.14709867100100382,0.01652108596669374,1
v0,Fccn-r0,Fccn,B1,3,40,4,0.1,15,15,1.0,35.14135274700505,0.14709867100100382,0.01652108596669374,1
v0,Fccn-r0,Fccn,B1,4,40,3,0.075,15,15,1.0,36.37138592995339,0.14709867100100382,0.01652108596669374,1
v0,Fccn-r0,Fccn,B1,5,40,5,0.125,15,15,1.0,35.0,0.14709867100100382,0.01652108596669374,1
v0,Fccn-r0,Fccn,B1,6,40,3,0.075,15,15,1.0,36.690218985599394,0.14709867100100382,0.01652108596669374,1
v0,Fccn-r0,Fccn,B1,7,40,2,0.05,15,15,1.0,36.571299536680996,0.14709867100100382,0.01652108596669374,1
v0,Fccn-r0,Fccn,B1,8,40,4,0.1,15,15,1.0,35.60730271863333,0.14709867100100382,0.01652108596669374,1
v0,Fccn-r0,Fccn,B1,9,40,3,0.075,15,15,1.0,36.86333517058874,0.14709867100100382,0.01652108596669374,1
v0,Fccn-r0,Fccn,B1,10,40,5,0.125,15,15,1.0,35.0,0.14709867100100382,0.01652108596669374,1
v0,Fccn-r0,Fccn,B1,11,40,3,0.075,15,15,1.0,36.8602132630115,0.14709867100100382,0.01652108596669374,1
v0,Fccn-r0,Fccn,B1,12,40,5,0.125,15,15,1.0,35.0,0.14709867100100382,0.01652108596669374,1
v0,Fccn-r0,Fccn,B1,13,40,4,0.1,15,15,1.0,35.345355217626945,0.14709867100100382,0.01652108596669374,1
v0,Fccn-r0,Fccn,B1,14,40,4,0.1,15,15,1.0,35.31779668486369,0.14709867100100382,0.01652108596669374,1
v0,Fccn-r0,Fccn,B1,15,40,4,0.1,15,15,1.0,35.467197174030815,0.14709867100100382,0.01652108596669374,1
v0,Fccn-r0,Fccn,B1,16,40,1,0.025,15,15,1.0,38.16848299167946,0.14709867100100382,0.01652108596669374,1
v0,Fccn-r0,Fccn,B1,17,40,5,0.125,15,15,1.0,35.0,0.14709867100100382,0.01652108596669374,1
v0,Fccn-r0,Fccn,B1,18,40,1,0.025,15,15,1.0,37.602565551591475,0.14709867100100382,0.01652108596669374,1
v0,Fccn-r0,Fccn,B1,19,40,4,0.1,15,15,1.0,35.01695649835101,0.14709867100100382,0.01652108596669374,1
v0,Fccn-r0,Fccn,B1,20,40,5,0.125,15,15,1.0,35.0,0.14709867100100382,0.01652108596669374,1
v0,Fccn-r0,Fccn,B1,21,40,0,0.0,15,15,1.0,38.93100653616031,0.14709867100100382,0.01652108596669374,1
v0,Fccn-r0,Fccn,B1,22,40,4,0.1,15,15,1.0,35.4095139840935,0.14709867100100382,0.01652108596669374,1
v0,Fccn-r0,Fccn,B1,23,40,4,0.1,15,15,1.0,35.95925668223248,0.14709867100100382,0.01652108596669374,1
v0,Fccn-r0,Fccn,B1,24,40,4,0.1,15,15,1.0,35.60732556591529,0.14709867100100382,0.01652108596669374,1
v0,Fccn-r0,Fccn,B1,25,40,5,0.125,15,15,1.0,35.0,0.14709867100100382,0.01652108596669374,1
v0,Fccn-r0,Fccn,B1,26,40,3,0.075,15,15,1.0,36.201823617238205,0.14709867100100382,0.01652108596669374,1
v0,Fccn-r0,Fccn,B1,27,40,5,0.125,15,15,1.0,35.0,0.14709867100100382,0.01652108596669374,1
v0,Fccn-r0,Fccn,B1,28,40,3,0.075,15,15,1.0,36.2929253115131,0.14709867100100382,0.01652108596669374,1
v0,Fccn-r0,Fccn,B1,29,40,5,0.125,15,15,1.0,35.0,0.14709867100100382,0.01652108596669374,1
v0,Fccn-r0,Fccn,B2,0,40,8,0.2,15,15,1.0,29.12566690835542,155.66751740100153,0.046998502666610875,1749
v0,Fccn-r0,Fccn,B2,1,40,8,0.2,15,15,1.0,30.65725734658218,155.66751740100153,0.046998502666610875,1749
v0,Fccn-r0,Fccn,B2,2,40,8,0.2,15,15,1.0,31.192835295686773,155.66751740100153,0.046998502666610875,1749
v0,Fccn-r0,Fccn,B2,3,40,8,0.2,15,15,1.0,30.79206810041479,155.66751740100153,0.046998502666610875,1749
v0,Fccn-r0,Fccn,B2,4,40,7,0.175,15,15,1.0,30.77540275730874,155.66751740100153,0.046998502666610875,1749
v0,Fccn-r0,Fccn,B2,5,40,9,0.225,15,15,1.0,29.733148672363807,155.66751740100153,0.046998502666610875,1749
v0,Fccn-r0,Fccn,B2,6,40,7,0.175,15,15,1.0,30.959906742044797,155.66751740100153,0.046998502666610875,1749
v0,Fccn-r0,Fccn,B2,7,40,7,0.175,15,15,1.0,30.625348144891056,155.66751740100153,0.046998502666610875,1749
v0,Fccn-r0,Fccn,B2,8,40,7,0.175,15,15,1.0,32.00422034091371,155.66751740100153,0.046998502666610875,1749
v0,Fccn-r0,Fccn,B2,9,40,7,0.175,15,15,1.0,30.817613741671924,155.66751740100153,0.046998502666610875,1749
v0,Fccn-r0,Fccn,B2,10,40,7,0.175,15,15,1.0,31.111320976644986,155.66751740100153,0.046998502666610875,1749
v0,Fccn-r0,Fccn,B2,11,40,6,0.15,15,15,1.0,30.574555082181497,155.66751740100153,0.046998502666610875,1749
v0,Fccn-r0,Fccn,B2,12,40,8,0.2,15,15,1.0,29.92059363958873,155.66751740100153,0.046998502666610875,1749
v0,Fccn-r0,Fccn,B2,13,40,8,0.2,15,15,1.0,30.226781649063373,155.66751740100153,0.046998502666610875,1749
v0,Fccn-r0,Fccn,B2,14,40,8,0.2,15,15,1.0,30.713936882385116,155.66751740100153,0.046998502666610875,1749
v0,Fccn-r0,Fccn,B2,15,40,7,0.175,15,15,1.0,29.764253872797642,155.66751740100153,0.046998502666610875,1749
v0,Fccn-r0,Fccn,B2,16,40,6,0.15,15,15,1.0,30.835191782347835,155.66751740100153,0.046998502666610875,1749
v0,Fccn-r0,Fccn,B2,17,40,8,0.2,15,15,1.0,30.16098650032474,155.66751740100153,0.046998502666610875,1749
v0,Fccn-r0,Fccn,B2,18,40,5,0.125,15,15,1.0,32.59288702088152,155.66751740100153,0.046998502666610875,1749
v0,Fccn-r0,Fccn,B2,19,40,6,0.15,15,15,1.0,31.503053092278805,155.66751740100153,0.046998502666610875,1749
v0,Fccn-r0,Fccn,B2,20,40,8,0.2,15,15,1.0,30.59876812633338,155.66751740100153,0.046998502666610875,1749
v0,Fccn-r0,Fccn,B2,21,40,7,0.175,15,15,1.0,31.074431671817837,155.66751740100153,0.046998502666610875,1749
v0,Fccn-r0,Fccn,B2,22,40,7,0.175,15,15,1.0,30.116416625327854,155.66751740100153,0.046998502666610875,1749
v0,Fccn-r0,Fccn,B2,23,40,6,0.15,15,15,1.0,30.36449726173646,155.66751740100153,0.046998502666610875,1749
v0,Fccn-r0,Fccn,B2,24,40,8,0.2,15,15,1.0,29.953163857369795,155.66751740100153,0.046998502666610875,1749
v0,Fccn-r0,Fccn,B2,25,40,7,0.175,15,15,1.0,30.546201203475654,155.66751740100153,0.046998502666610875,1749
v0,Fccn-r0,Fccn,B2,26,40,7,0.175,15,15,1.0,29.8099971204759,155.66751740100153,0.046998502666610875,1749
v0,Fccn-r0,Fccn,B2,27,40,7,0.175,15,15,1.0,30.90888619270826,155.66751740100153,0.046998502666610875,1749
v0,Fccn-r0,Fccn,B2,28,40,7,0.175,15,15,1.0,31.07746877343669,155.66751740100153,0.046998502666610875,1749
v0,Fccn-r0,Fccn,B2,29,40,7,0.175,15,15,1.0,30.436008843416655,155.66751740100153,0.046998502666610875,1749
v0,Fccn-r0,Fccn,P,0,40,7,0.175,15,15,1.0,30.976317683324574,146.87049411299813,0.040272414666590824,2001
v0,Fccn-r0,Fccn,P,1,40,6,0.15,15,15,1.0,32.42147335676359,146.87049411299813,0.040272414666590824,2001
v0,Fccn-r0,Fccn,P,2,40,7,0.175,15,15,1.0,32.26238486966909,146.87049411299813,0.040272414666590824,2001
v0,Fccn-r0,Fccn,P,3,40,8,0.2,15,15,1.0,31.110482954398066,146.87049411299813,0.040272414666590824,2001
v0,Fccn-r0,Fccn,P,4,40,7,0.175,15,15,1.0,31.428458353583597,146.87049411299813,0.040272414666590824,2001
v0,Fccn-r0,Fccn,P,5,40,8,0.2,15,15,1.0,30.913697433937568,146.87049411299813,0.040272414666590824,2001
v0,Fccn-r0,Fccn,P,6,40,6,0.15,15,15,1.0,31.755591943166987,146.87049411299813,0.040272414666590824,2001
v0,Fccn-r0,Fccn,P,7,40,7,0.175,15,15,1.0,31.084532157073593,146.87049411299813,0.040272414666590824,2001
v0,Fccn-r0,Fccn,P,8,40,7,0.175,15,15,1.0,32.24334900044244,146.87049411299813,0.040272414666590824,2001
v0,Fccn-r0,Fccn,P,9,40,7,0.175,15,15,1.0,30.993493593728758,146.87049411299813,0.040272414666590824,2001
v0,Fccn-r0,Fccn,P,10,40,6,0.15,15,15,1.0,31.922228182292006,146.87049411299813,0.040272414666590824,2001
v0,Fccn-r0,Fccn,P,11,40,5,0.125,15,15,1.0,32.90961187807123,146.87049411299813,0.040272414666590824,2001
v0,Fccn-r0,Fccn,P,12,40,7,0.175,15,15,1.0,31.54333886607864,146.87049411299813,0.040272414666590824,2001
v0,Fccn-r0,Fccn,P,13,40,8,0.2,15,15,1.0,30.62433040328206,146.87049411299813,0.040272414666590824,2001
v0,Fccn-r0,Fccn,P,14,40,7,0.175,15,15,1.0,31.97972432720102,146.87049411299813,0.040272414666590824,2001
v0,Fccn-r0,Fccn,P,15,40,5,0.125,15,15,1.0,32.21658721025667,146.87049411299813,0.040272414666590824,2001
v0,Fccn-r0,Fccn,P,16,40,5,0.125,15,15,1.0,32.403681243921426,146.87049411299813,0.040272414666590824,2001
v0,Fccn-r0,Fccn,P,17,40,7,0.175,15,15,1.0,31.02914463458615,146.87049411299813,0.040272414666590824,2001
v0,Fccn-r0,Fccn,P,18,40,5,0.125,15,15,1.0,33.701616210789304,146.87049411299813,0.040272414666590824,2001
v0,Fccn-r0,Fccn,P,19,40,6,0.15,15,15,1.0,31.89997298387825,146.87049411299813,0.040272414666590824,2001
v0,Fccn-r0,Fccn,P,20,40,7,0.175,15,15,1.0,31.0914055004724,146.87049411299813,0.040272414666590824,2001
v0,Fccn-r0,Fccn,P,21,40,4,0.1,15,15,1.0,33.10533530671186,146.87049411299813,0.040272414666590824,2001
v0,Fccn-r0,Fccn,P,22,40,7,0.175,15,15,1.0,31.198262211535976,146.87049411299813,0.040272414666590824,2001
v0,Fccn-r0,Fccn,P,23,40,5,0.125,15,15,1.0,32.39851613991008,146.87049411299813,0.040272414666590824,2001
v0,Fccn-r0,Fccn,P,24,40,8,0.2,15,15,1.0,30.351586678625967,146.87049411299813,0.040272414666590824,2001
v0,Fccn-r0,Fccn,P,25,40,7,0.175,15,15,1.0,30.945917071896492,146.87049411299813,0.040272414666590824,2001
v0,Fccn-r0,Fccn,P,26,40,7,0.175,15,15,1.0,30.47973880943199,146.87049411299813,0.040272414666590824,2001
v0,Fccn-r0,Fccn,P,27,40,6,0.15,15,15,1.0,32.384241795396356,146.87049411299813,0.040272414666590824,2001
v0,Fccn-r0,Fccn,P,28,40,6,0.15,15,15,1.0,32.123764749351736,146.87049411299813,0.040272414666590824,2001
v0,Fccn-r0,Fccn,P,29,40,7,0.175,15,15,1.0,30.6793712649504,146.87049411299813,0.040272414666590824,2001
v0,Fccn-r0,Fccn,P_cat0,0,40,7,0.175,15,15,1.0,30.976317683324574,142.59229408700048,0.03845216233324512,2001
v0,Fccn-r0,Fccn,P_cat0,1,40,6,0.15,15,15,1.0,32.42147335676359,142.59229408700048,0.03845216233324512,2001
v0,Fccn-r0,Fccn,P_cat0,2,40,7,0.175,15,15,1.0,32.26238486966909,142.59229408700048,0.03845216233324512,2001
v0,Fccn-r0,Fccn,P_cat0,3,40,8,0.2,15,15,1.0,31.110482954398066,142.59229408700048,0.03845216233324512,2001
v0,Fccn-r0,Fccn,P_cat0,4,40,7,0.175,15,15,1.0,31.428458353583597,142.59229408700048,0.03845216233324512,2001
v0,Fccn-r0,Fccn,P_cat0,5,40,8,0.2,15,15,1.0,30.913697433937568,142.59229408700048,0.03845216233324512,2001
v0,Fccn-r0,Fccn,P_cat0,6,40,6,0.15,15,15,1.0,31.755591943166987,142.59229408700048,0.03845216233324512,2001
v0,Fccn-r0,Fccn,P_cat0,7,40,7,0.175,15,15,1.0,31.084532157073593,142.59229408700048,0.03845216233324512,2001
v0,Fccn-r0,Fccn,P_cat0,8,40,7,0.175,15,15,1.0,32.24334900044244,142.59229408700048,0.03845216233324512,2001
v0,Fccn-r0,Fccn,P_cat0,9,40,7,0.175,15,15,1.0,30.993493593728758,142.59229408700048,0.03845216233324512,2001
v0,Fccn-r0,Fccn,P_cat0,10,40,6,0.15,15,15,1.0,31.922228182292006,142.59229408700048,0.03845216233324512,2001
v0,Fccn-r0,Fccn,P_cat0,11,40,5,0.125,15,15,1.0,32.90961187807123,142.59229408700048,0.03845216233324512,2001
v0,Fccn-r0,Fccn,P_cat0,12,40,7,0.175,15,15,1.0,31.54333886607864,142.59229408700048,0.03845216233324512,2001
v0,Fccn-r0,Fccn,P_cat0,13,40,8,0.2,15,15,1.0,30.62433040328206,142.59229408700048,0.03845216233324512,2001
v0,Fccn-r0,Fccn,P_cat0,14,40,7,0.175,15,15,1.0,31.97972432720102,142.59229408700048,0.03845216233324512,2001
v0,Fccn-r0,Fccn,P_cat0,15,40,5,0.125,15,15,1.0,32.21658721025667,142.59229408700048,0.03845216233324512,2001
v0,Fccn-r0,Fccn,P_cat0,16,40,5,0.125,15,15,1.0,32.403681243921426,142.59229408700048,0.03845216233324512,2001
v0,Fccn-r0,Fccn,P_cat0,17,40,7,0.175,15,15,1.0,31.02914463458615,142.59229408700048,0.03845216233324512,2001
v0,Fccn-r0,Fccn,P_cat0,18,40,5,0.125,15,15,1.0,33.701616210789304,142.59229408700048,0.03845216233324512,2001
v0,Fccn-r0,Fccn,P_cat0,19,40,6,0.15,15,15,1.0,31.89997298387825,142.59229408700048,0.03845216233324512,2001
v0,Fccn-r0,Fccn,P_cat0,20,40,7,0.175,15,15,1.0,31.0914055004724,142.59229408700048,0.03845216233324512,2001
v0,Fccn-r0,Fccn,P_cat0,21,40,4,0.1,15,15,1.0,33.10533530671186,142.59229408700048,0.03845216233324512,2001
v0,Fccn-r0,Fccn,P_cat0,22,40,7,0.175,15,15,1.0,31.198262211535976,142.59229408700048,0.03845216233324512,2001
v0,Fccn-r0,Fccn,P_cat0,23,40,5,0.125,15,15,1.0,32.39851613991008,142.59229408700048,0.03845216233324512,2001
v0,Fccn-r0,Fccn,P_cat0,24,40,8,0.2,15,15,1.0,30.351586678625967,142.59229408700048,0.03845216233324512,2001
v0,Fccn-r0,Fccn,P_cat0,25,40,7,0.175,15,15,1.0,30.945917071896492,142.59229408700048,0.03845216233324512,2001
v0,Fccn-r0,Fccn,P_cat0,26,40,7,0.175,15,15,1.0,30.47973880943199,142.59229408700048,0.03845216233324512,2001
v0,Fccn-r0,Fccn,P_cat0,27,40,6,0.15,15,15,1.0,32.384241795396356,142.59229408700048,0.03845216233324512,2001
v0,Fccn-r0,Fccn,P_cat0,28,40,6,0.15,15,15,1.0,32.123764749351736,142.59229408700048,0.03845216233324512,2001
v0,Fccn-r0,Fccn,P_cat0,29,40,7,0.175,15,15,1.0,30.6793712649504,142.59229408700048,0.03845216233324512,2001
v0,Fccn-r0,Fccn,P_cat03,0,40,7,0.175,15,15,1.0,30.976317683324574,173.44191447400226,0.04041339466663582,2001
v0,Fccn-r0,Fccn,P_cat03,1,40,6,0.15,15,15,1.0,32.42147335676359,173.44191447400226,0.04041339466663582,2001
v0,Fccn-r0,Fccn,P_cat03,2,40,7,0.175,15,15,1.0,32.26238486966909,173.44191447400226,0.04041339466663582,2001
v0,Fccn-r0,Fccn,P_cat03,3,40,8,0.2,15,15,1.0,31.110482954398066,173.44191447400226,0.04041339466663582,2001
v0,Fccn-r0,Fccn,P_cat03,4,40,7,0.175,15,15,1.0,31.428458353583597,173.44191447400226,0.04041339466663582,2001
v0,Fccn-r0,Fccn,P_cat03,5,40,8,0.2,15,15,1.0,30.913697433937568,173.44191447400226,0.04041339466663582,2001
v0,Fccn-r0,Fccn,P_cat03,6,40,6,0.15,15,15,1.0,31.755591943166987,173.44191447400226,0.04041339466663582,2001
v0,Fccn-r0,Fccn,P_cat03,7,40,7,0.175,15,15,1.0,31.084532157073593,173.44191447400226,0.04041339466663582,2001
v0,Fccn-r0,Fccn,P_cat03,8,40,7,0.175,15,15,1.0,32.24334900044244,173.44191447400226,0.04041339466663582,2001
v0,Fccn-r0,Fccn,P_cat03,9,40,7,0.175,15,15,1.0,30.993493593728758,173.44191447400226,0.04041339466663582,2001
v0,Fccn-r0,Fccn,P_cat03,10,40,6,0.15,15,15,1.0,31.922228182292006,173.44191447400226,0.04041339466663582,2001
v0,Fccn-r0,Fccn,P_cat03,11,40,5,0.125,15,15,1.0,32.90961187807123,173.44191447400226,0.04041339466663582,2001
v0,Fccn-r0,Fccn,P_cat03,12,40,7,0.175,15,15,1.0,31.54333886607864,173.44191447400226,0.04041339466663582,2001
v0,Fccn-r0,Fccn,P_cat03,13,40,8,0.2,15,15,1.0,30.62433040328206,173.44191447400226,0.04041339466663582,2001
v0,Fccn-r0,Fccn,P_cat03,14,40,7,0.175,15,15,1.0,31.97972432720102,173.44191447400226,0.04041339466663582,2001
v0,Fccn-r0,Fccn,P_cat03,15,40,5,0.125,15,15,1.0,32.21658721025667,173.44191447400226,0.04041339466663582,2001
v0,Fccn-r0,Fccn,P_cat03,16,40,5,0.125,15,15,1.0,32.403681243921426,173.44191447400226,0.04041339466663582,2001
v0,Fccn-r0,Fccn,P_cat03,17,40,7,0.175,15,15,1.0,31.02914463458615,173.44191447400226,0.04041339466663582,2001
v0,Fccn-r0,Fccn,P_cat03,18,40,5,0.125,15,15,1.0,33.701616210789304,173.44191447400226,0.04041339466663582,2001
v0,Fccn-r0,Fccn,P_cat03,19,40,6,0.15,15,15,1.0,31.89997298387825,173.44191447400226,0.04041339466663582,2001
v0,Fccn-r0,Fccn,P_cat03,20,40,7,0.175,15,15,1.0,31.0914055004724,173.44191447400226,0.04041339466663582,2001
v0,Fccn-r0,Fccn,P_cat03,21,40,4,0.1,15,15,1.0,33.10533530671186,173.44191447400226,0.04041339466663582,2001
v0,Fccn-r0,Fccn,P_cat03,22,40,7,0.175,15,15,1.0,31.198262211535976,173.44191447400226,0.04041339466663582,2001
v0,Fccn-r0,Fccn,P_cat03,23,40,5,0.125,15,15,1.0,32.39851613991008,173.44191447400226,0.04041339466663582,2001
v0,Fccn-r0,Fccn,P_cat03,24,40,8,0.2,15,15,1.0,30.351586678625967,173.44191447400226,0.04041339466663582,2001
v0,Fccn-r0,Fccn,P_cat03,25,40,7,0.175,15,15,1.0,30.945917071896492,173.44191447400226,0.04041339466663582,2001
v0,Fccn-r0,Fccn,P_cat03,26,40,7,0.175,15,15,1.0,30.47973880943199,173.44191447400226,0.04041339466663582,2001
v0,Fccn-r0,Fccn,P_cat03,27,40,6,0.15,15,15,1.0,32.384241795396356,173.44191447400226,0.04041339466663582,2001
v0,Fccn-r0,Fccn,P_cat03,28,40,6,0.15,15,15,1.0,32.123764749351736,173.44191447400226,0.04041339466663582,2001
v0,Fccn-r0,Fccn,P_cat03,29,40,7,0.175,15,15,1.0,30.6793712649504,173.44191447400226,0.04041339466663582,2001
v0,Fccn-r0,Fccn,P_cat1,0,40,8,0.2,15,15,1.0,30.355315711549167,154.1541571179987,0.035203778333379884,2001
v0,Fccn-r0,Fccn,P_cat1,1,40,7,0.175,15,15,1.0,30.7791207939367,154.1541571179987,0.035203778333379884,2001
v0,Fccn-r0,Fccn,P_cat1,2,40,6,0.15,15,15,1.0,31.470559225611453,154.1541571179987,0.035203778333379884,2001
v0,Fccn-r0,Fccn,P_cat1,3,40,8,0.2,15,15,1.0,31.075383984980256,154.1541571179987,0.035203778333379884,2001
v0,Fccn-r0,Fccn,P_cat1,4,40,5,0.125,15,15,1.0,31.76466363841541,154.1541571179987,0.035203778333379884,2001
v0,Fccn-r0,Fccn,P_cat1,5,40,7,0.175,15,15,1.0,30.210415053998116,154.1541571179987,0.035203778333379884,2001
v0,Fccn-r0,Fccn,P_cat1,6,40,7,0.175,15,15,1.0,30.95981315072952,154.1541571179987,0.035203778333379884,2001
v0,Fccn-r0,Fccn,P_cat1,7,40,7,0.175,15,15,1.0,30.040376585322026,154.1541571179987,0.035203778333379884,2001
v0,Fccn-r0,Fccn,P_cat1,8,40,6,0.15,15,15,1.0,31.65060090697677,154.1541571179987,0.035203778333379884,2001
v0,Fccn-r0,Fccn,P_cat1,9,40,7,0.175,15,15,1.0,31.230087135158016,154.1541571179987,0.035203778333379884,2001
v0,Fccn-r0,Fccn,P_cat1,10,40,5,0.125,15,15,1.0,32.13688102770688,154.1541571179987,0.035203778333379884,2001
v0,Fccn-r0,Fccn,P_cat1,11,40,4,0.1,15,15,1.0,32.9073728693711,154.1541571179987,0.035203778333379884,2001
v0,Fccn-r0,Fccn,P_cat1,12,40,8,0.2,15,15,1.0,29.70119426287384,154.1541571179987,0.035203778333379884,2001
v0,Fccn-r0,Fccn,P_cat1,13,40,8,0.2,15,15,1.0,30.33884246869542,154.1541571179987,0.035203778333379884,2001
v0,Fccn-r0,Fccn,P_cat1,14,40,7,0.175,15,15,1.0,30.67605464224544,154.1541571179987,0.035203778333379884,2001
v0,Fccn-r0,Fccn,P_cat1,15,40,6,0.15,15,15,1.0,31.45810203161438,154.1541571179987,0.035203778333379884,2001
v0,Fccn-r0,Fccn,P_cat1,16,40,6,0.15,15,15,1.0,31.65081593343903,154.1541571179987,0.035203778333379884,2001
v0,Fccn-r0,Fccn,P_cat1,17,40,6,0.15,15,15,1.0,30.559734000521676,154.1541571179987,0.035203778333379884,2001
v0,Fccn-r0,Fccn,P_cat1,18,40,4,0.1,15,15,1.0,34.24321762467185,154.1541571179987,0.035203778333379884,2001
v0,Fccn-r0,Fccn,P_cat1,19,40,6,0.15,15,15,1.0,31.17315527597045,154.1541571179987,0.035203778333379884,2001
v0,Fccn-r0,Fccn,P_cat1,20,40,6,0.15,15,15,1.0,31.616679091534053,154.1541571179987,0.035203778333379884,2001
v0,Fccn-r0,Fccn,P_cat1,21,40,5,0.125,15,15,1.0,32.9708267681721,154.1541571179987,0.035203778333379884,2001
v0,Fccn-r0,Fccn,P_cat1,22,40,7,0.175,15,15,1.0,30.512710839867633,154.1541571179987,0.035203778333379884,2001
v0,Fccn-r0,Fccn,P_cat1,23,40,6,0.15,15,15,1.0,32.1700923958657,154.1541571179987,0.035203778333379884,2001
v0,Fccn-r0,Fccn,P_cat1,24,40,8,0.2,15,15,1.0,30.14421807550352,154.1541571179987,0.035203778333379884,2001
v0,Fccn-r0,Fccn,P_cat1,25,40,8,0.2,15,15,1.0,30.498531606983722,154.1541571179987,0.035203778333379884,2001
v0,Fccn-r0,Fccn,P_cat1,26,40,7,0.175,15,15,1.0,29.907162320320722,154.1541571179987,0.035203778333379884,2001
v0,Fccn-r0,Fccn,P_cat1,27,40,7,0.175,15,15,1.0,31.042379583891798,154.1541571179987,0.035203778333379884,2001
v0,Fccn-r0,Fccn,P_cat1,28,40,7,0.175,15,15,1.0,30.89023859037633,154.1541571179987,0.035203778333379884,2001
v0,Fccn-r0,Fccn,P_cat1,29,40,7,0.175,15,15,1.0,30.64386877581388,154.1541571179987,0.035203778333379884,2001
v0,Fccn-r0,Fccn,P_catalog_trajectory,0,40,6,0.15,15,15,1.0,29.23885588257584,163.3834111110009,0.035414178766707965,1942
v0,Fccn-r0,Fccn,P_catalog_trajectory,1,40,9,0.225,15,15,1.0,28.937669817930317,163.3834111110009,0.035414178766707965,1942
v0,Fccn-r0,Fccn,P_catalog_trajectory,2,40,8,0.2,15,15,1.0,28.701881775024546,163.3834111110009,0.035414178766707965,1942
v0,Fccn-r0,Fccn,P_catalog_trajectory,3,40,6,0.15,15,15,1.0,30.117401177538692,163.3834111110009,0.035414178766707965,1942
v0,Fccn-r0,Fccn,P_catalog_trajectory,4,40,8,0.2,15,15,1.0,28.108358908879776,163.3834111110009,0.035414178766707965,1942
v0,Fccn-r0,Fccn,P_catalog_trajectory,5,40,8,0.2,15,15,1.0,29.54494761747234,163.3834111110009,0.035414178766707965,1942
v0,Fccn-r0,Fccn,P_catalog_trajectory,6,40,3,0.075,15,15,1.0,30.955273945371882,163.3834111110009,0.035414178766707965,1942
v0,Fccn-r0,Fccn,P_catalog_trajectory,7,40,7,0.175,15,15,1.0,29.271374045668683,163.3834111110009,0.035414178766707965,1942
v0,Fccn-r0,Fccn,P_catalog_trajectory,8,40,6,0.15,15,15,1.0,30.846784263954618,163.3834111110009,0.035414178766707965,1942
v0,Fccn-r0,Fccn,P_catalog_trajectory,9,40,6,0.15,15,15,1.0,31.007902387531665,163.3834111110009,0.035414178766707965,1942
v0,Fccn-r0,Fccn,P_catalog_trajectory,10,40,6,0.15,15,15,1.0,31.19172337626354,163.3834111110009,0.035414178766707965,1942
v0,Fccn-r0,Fccn,P_catalog_trajectory,11,40,7,0.175,15,15,1.0,29.522738486795003,163.3834111110009,0.035414178766707965,1942
v0,Fccn-r0,Fccn,P_catalog_trajectory,12,40,8,0.2,15,15,1.0,28.550214082400814,163.3834111110009,0.035414178766707965,1942
v0,Fccn-r0,Fccn,P_catalog_trajectory,13,40,8,0.2,15,15,1.0,26.770091733701555,163.3834111110009,0.035414178766707965,1942
v0,Fccn-r0,Fccn,P_catalog_trajectory,14,40,7,0.175,15,15,1.0,29.236124074839935,163.3834111110009,0.035414178766707965,1942
v0,Fccn-r0,Fccn,P_catalog_trajectory,15,40,8,0.2,15,15,1.0,28.73473408508832,163.3834111110009,0.035414178766707965,1942
v0,Fccn-r0,Fccn,P_catalog_trajectory,16,40,3,0.075,15,15,1.0,29.567795932523513,163.3834111110009,0.035414178766707965,1942
v0,Fccn-r0,Fccn,P_catalog_trajectory,17,40,7,0.175,15,15,1.0,28.85953231263735,163.3834111110009,0.035414178766707965,1942
v0,Fccn-r0,Fccn,P_catalog_trajectory,18,40,2,0.05,15,15,1.0,32.06973398770106,163.3834111110009,0.035414178766707965,1942
v0,Fccn-r0,Fccn,P_catalog_trajectory,19,40,6,0.15,15,15,1.0,29.58902766262475,163.3834111110009,0.035414178766707965,1942
v0,Fccn-r0,Fccn,P_catalog_trajectory,20,40,5,0.125,15,15,1.0,30.37327909202397,163.3834111110009,0.035414178766707965,1942
v0,Fccn-r0,Fccn,P_catalog_trajectory,21,40,4,0.1,15,15,1.0,30.98557548264579,163.3834111110009,0.035414178766707965,1942
v0,Fccn-r0,Fccn,P_catalog_trajectory,22,40,8,0.2,15,15,1.0,28.15903104363014,163.3834111110009,0.035414178766707965,1942
v0,Fccn-r0,Fccn,P_catalog_trajectory,23,40,6,0.15,15,15,1.0,30.84601196418686,163.3834111110009,0.035414178766707965,1942
v0,Fccn-r0,Fccn,P_catalog_trajectory,24,40,6,0.15,15,15,1.0,29.76329491007065,163.3834111110009,0.035414178766707965,1942
v0,Fccn-r0,Fccn,P_catalog_trajectory,25,40,8,0.2,15,15,1.0,28.42819073681065,163.3834111110009,0.035414178766707965,1942
v0,Fccn-r0,Fccn,P_catalog_trajectory,26,40,8,0.2,15,15,1.0,28.23924021293262,163.3834111110009,0.035414178766707965,1942
v0,Fccn-r0,Fccn,P_catalog_trajectory,27,40,7,0.175,15,15,1.0,28.65859738602696,163.3834111110009,0.035414178766707965,1942
v0,Fccn-r0,Fccn,P_catalog_trajectory,28,40,7,0.175,15,15,1.0,29.05971105574154,163.3834111110009,0.035414178766707965,1942
v0,Fccn-r0,Fccn,P_catalog_trajectory,29,40,9,0.225,15,15,1.0,29.025053995025406,163.3834111110009,0.035414178766707965,1942
v0,Fccn-r0,Fccn,P_init,0,40,11,0.275,15,15,1.0,26.33591831835495,139.75395186399692,0.0379850195000472,2001
v0,Fccn-r0,Fccn,P_init,1,40,10,0.25,15,15,1.0,26.380063034138796,139.75395186399692,0.0379850195000472,2001
v0,Fccn-r0,Fccn,P_init,2,40,8,0.2,15,15,1.0,26.904302511467172,139.75395186399692,0.0379850195000472,2001
v0,Fccn-r0,Fccn,P_init,3,40,9,0.225,15,15,1.0,28.059396308112344,139.75395186399692,0.0379850195000472,2001
v0,Fccn-r0,Fccn,P_init,4,40,10,0.25,15,15,1.0,26.69111220012875,139.75395186399692,0.0379850195000472,2001
v0,Fccn-r0,Fccn,P_init,5,40,10,0.25,15,15,1.0,28.038253191855514,139.75395186399692,0.0379850195000472,2001
v0,Fccn-r0,Fccn,P_init,6,40,7,0.175,15,15,1.0,28.000200954365535,139.75395186399692,0.0379850195000472,2001
v0,Fccn-r0,Fccn,P_init,7,40,9,0.225,15,15,1.0,27.083983518928687,139.75395186399692,0.0379850195000472,2001
v0,Fccn-r0,Fccn,P_init,8,40,8,0.2,15,15,1.0,28.619391433055217,139.75395186399692,0.0379850195000472,2001
v0,Fccn-r0,Fccn,P_init,9,40,9,0.225,15,15,1.0,28.76228596095695,139.75395186399692,0.0379850195000472,2001
v0,Fccn-r0,Fccn,P_init,10,40,9,0.225,15,15,1.0,27.819048835566974,139.75395186399692,0.0379850195000472,2001
v0,Fccn-r0,Fccn,P_init,11,40,9,0.225,15,15,1.0,27.74553038014315,139.75395186399692,0.0379850195000472,2001
v0,Fccn-r0,Fccn,P_init,12,40,10,0.25,15,15,1.0,26.453388488813623,139.75395186399692,0.0379850195000472,2001
v0,Fccn-r0,Fccn,P_init,13,40,10,0.25,15,15,1.0,26.775322677681576,139.75395186399692,0.0379850195000472,2001
v0,Fccn-r0,Fccn,P_init,14,40,11,0.275,15,15,1.0,26.14099964567371,139.75395186399692,0.0379850195000472,2001
v0,Fccn-r0,Fccn,P_init,15,40,9,0.225,15,15,1.0,26.58154226101711,139.75395186399692,0.0379850195000472,2001
v0,Fccn-r0,Fccn,P_init,16,40,8,0.2,15,15,1.0,28.423185030828456,139.75395186399692,0.0379850195000472,2001
v0,Fccn-r0,Fccn,P_init,17,40,9,0.225,15,15,1.0,28.561214387215966,139.75395186399692,0.0379850195000472,2001
v0,Fccn-r0,Fccn,P_init,18,40,6,0.15,15,15,1.0,30.991078319944904,139.75395186399692,0.0379850195000472,2001
v0,Fccn-r0,Fccn,P_init,19,40,10,0.25,15,15,1.0,27.346168046886582,139.75395186399692,0.0379850195000472,2001
v0,Fccn-r0,Fccn,P_init,20,40,10,0.25,15,15,1.0,27.9633501496849,139.75395186399692,0.0379850195000472,2001
v0,Fccn-r0,Fccn,P_init,21,40,8,0.2,15,15,1.0,28.23952957029266,139.75395186399692,0.0379850195000472,2001
v0,Fccn-r0,Fccn,P_init,22,40,9,0.225,15,15,1.0,26.714978048682983,139.75395186399692,0.0379850195000472,2001
v0,Fccn-r0,Fccn,P_init,23,40,7,0.175,15,15,1.0,29.088765950853407,139.75395186399692,0.0379850195000472,2001
v0,Fccn-r0,Fccn,P_init,24,40,10,0.25,15,15,1.0,27.55863146711656,139.75395186399692,0.0379850195000472,2001
v0,Fccn-r0,Fccn,P_init,25,40,12,0.3,15,15,1.0,26.44663315819615,139.75395186399692,0.0379850195000472,2001
v0,Fccn-r0,Fccn,P_init,26,40,10,0.25,15,15,1.0,26.95561893788666,139.75395186399692,0.0379850195000472,2001
v0,Fccn-r0,Fccn,P_init,27,40,8,0.2,15,15,1.0,27.172097433466206,139.75395186399692,0.0379850195000472,2001
v0,Fccn-r0,Fccn,P_init,28,40,9,0.225,15,15,1.0,27.44904168069053,139.75395186399692,0.0379850195000472,2001
v0,Fccn-r0,Fccn,P_init,29,40,7,0.175,15,15,1.0,28.056196279865897,139.75395186399692,0.0379850195000472,2001
v0,Fccn-r0,Fccn,P_init_w10,0,40,9,0.225,15,15,1.0,28.135591272591675,169.99520787800066,0.038838261933293934,2001
v0,Fccn-r0,Fccn,P_init_w10,1,40,8,0.2,15,15,1.0,28.915302336704542,169.99520787800066,0.038838261933293934,2001
v0,Fccn-r0,Fccn,P_init_w10,2,40,10,0.25,15,15,1.0,28.41066950836987,169.99520787800066,0.038838261933293934,2001
v0,Fccn-r0,Fccn,P_init_w10,3,40,8,0.2,15,15,1.0,29.24286389046423,169.99520787800066,0.038838261933293934,2001
v0,Fccn-r0,Fccn,P_init_w10,4,40,8,0.2,15,15,1.0,28.155068667032424,169.99520787800066,0.038838261933293934,2001
v0,Fccn-r0,Fccn,P_init_w10,5,40,6,0.15,15,15,1.0,30.300364866828755,169.99520787800066,0.038838261933293934,2001
v0,Fccn-r0,Fccn,P_init_w10,6,40,7,0.175,15,15,1.0,29.655484570380523,169.99520787800066,0.038838261933293934,2001
v0,Fccn-r0,Fccn,P_init_w10,7,40,8,0.2,15,15,1.0,28.97939861576094,169.99520787800066,0.038838261933293934,2001
v0,Fccn-r0,Fccn,P_init_w10,8,40,8,0.2,15,15,1.0,30.1099125763857,169.99520787800066,0.038838261933293934,2001
v0,Fccn-r0,Fccn,P_init_w10,9,40,9,0.225,15,15,1.0,30.158080749713147,169.99520787800066,0.038838261933293934,2001
v0,Fccn-r0,Fccn,P_init_w10,10,40,9,0.225,15,15,1.0,28.602832146073514,169.99520787800066,0.038838261933293934,2001
v0,Fccn-r0,Fccn,P_init_w10,11,40,5,0.125,15,15,1.0,31.867231015810294,169.99520787800066,0.038838261933293934,2001
v0,Fccn-r0,Fccn,P_init_w10,12,40,8,0.2,15,15,1.0,28.345123027758884,169.99520787800066,0.038838261933293934,2001
v0,Fccn-r0,Fccn,P_init_w10,13,40,8,0.2,15,15,1.0,27.661650254652418,169.99520787800066,0.038838261933293934,2001
v0,Fccn-r0,Fccn,P_init_w10,14,40,10,0.25,15,15,1.0,27.836553502007696,169.99520787800066,0.038838261933293934,2001
v0,Fccn-r0,Fccn,P_init_w10,15,40,7,0.175,15,15,1.0,29.483848235006782,169.99520787800066,0.038838261933293934,2001
v0,Fccn-r0,Fccn,P_init_w10,16,40,8,0.2,15,15,1.0,30.027911171041055,169.99520787800066,0.038838261933293934,2001
v0,Fccn-r0,Fccn,P_init_w10,17,40,8,0.2,15,15,1.0,29.663483174601865,169.99520787800066,0.038838261933293934,2001
v0,Fccn-r0,Fccn,P_init_w10,18,40,6,0.15,15,15,1.0,31.792625867826477,169.99520787800066,0.038838261933293934,2001
v0,Fccn-r0,Fccn,P_init_w10,19,40,8,0.2,15,15,1.0,28.815944667517183,169.99520787800066,0.038838261933293934,2001
v0,Fccn-r0,Fccn,P_init_w10,20,40,9,0.225,15,15,1.0,28.723638629616907,169.99520787800066,0.038838261933293934,2001
v0,Fccn-r0,Fccn,P_init_w10,21,40,8,0.2,15,15,1.0,29.408387881526487,169.99520787800066,0.038838261933293934,2001
v0,Fccn-r0,Fccn,P_init_w10,22,40,7,0.175,15,15,1.0,28.73548924055848,169.99520787800066,0.038838261933293934,2001
v0,Fccn-r0,Fccn,P_init_w10,23,40,7,0.175,15,15,1.0,29.85987706170222,169.99520787800066,0.038838261933293934,2001
v0,Fccn-r0,Fccn,P_init_w10,24,40,8,0.2,15,15,1.0,29.450746012119872,169.99520787800066,0.038838261933293934,2001
v0,Fccn-r0,Fccn,P_init_w10,25,40,10,0.25,15,15,1.0,27.321141984857793,169.99520787800066,0.038838261933293934,2001
v0,Fccn-r0,Fccn,P_init_w10,26,40,8,0.2,15,15,1.0,28.247473106236658,169.99520787800066,0.038838261933293934,2001
v0,Fccn-r0,Fccn,P_init_w10,27,40,9,0.225,15,15,1.0,28.678532518881404,169.99520787800066,0.038838261933293934,2001
v0,Fccn-r0,Fccn,P_init_w10,28,40,8,0.2,15,15,1.0,29.872601046230105,169.99520787800066,0.038838261933293934,2001
v0,Fccn-r0,Fccn,P_init_w10,29,40,7,0.175,15,15,1.0,29.529001203938847,169.99520787800066,0.038838261933293934,2001
v0,Fccn-r0,Fccn,P_m2,0,40,7,0.175,15,15,1.0,30.29606373416882,143.6488630599997,0.041356185433323846,1937
v0,Fccn-r0,Fccn,P_m2,1,40,8,0.2,15,15,1.0,30.893201776919433,143.6488630599997,0.041356185433323846,1937
v0,Fccn-r0,Fccn,P_m2,2,40,5,0.125,15,15,1.0,32.96468394763147,143.6488630599997,0.041356185433323846,1937
v0,Fccn-r0,Fccn,P_m2,3,40,8,0.2,15,15,1.0,30.806527049251418,143.6488630599997,0.041356185433323846,1937
v0,Fccn-r0,Fccn,P_m2,4,40,7,0.175,15,15,1.0,30.916216287376127,143.6488630599997,0.041356185433323846,1937
v0,Fccn-r0,Fccn,P_m2,5,40,5,0.125,15,15,1.0,32.315582860070876,143.6488630599997,0.041356185433323846,1937
v0,Fccn-r0,Fccn,P_m2,6,40,7,0.175,15,15,1.0,31.391736976249977,143.6488630599997,0.041356185433323846,1937
v0,Fccn-r0,Fccn,P_m2,7,40,6,0.15,15,15,1.0,30.649818489675333,143.6488630599997,0.041356185433323846,1937
v0,Fccn-r0,Fccn,P_m2,8,40,7,0.175,15,15,1.0,31.99375864762856,143.6488630599997,0.041356185433323846,1937
v0,Fccn-r0,Fccn,P_m2,9,40,7,0.175,15,15,1.0,31.15450211242134,143.6488630599997,0.041356185433323846,1937
v0,Fccn-r0,Fccn,P_m2,10,40,7,0.175,15,15,1.0,31.30866529754705,143.6488630599997,0.041356185433323846,1937
v0,Fccn-r0,Fccn,P_m2,11,40,3,0.075,15,15,1.0,33.6327317239264,143.6488630599997,0.041356185433323846,1937
v0,Fccn-r0,Fccn,P_m2,12,40,7,0.175,15,15,1.0,30.21412400656029,143.6488630599997,0.041356185433323846,1937
v0,Fccn-r0,Fccn,P_m2,13,40,6,0.15,15,15,1.0,31.565364523091105,143.6488630599997,0.041356185433323846,1937
v0,Fccn-r0,Fccn,P_m2,14,40,4,0.1,15,15,1.0,32.85103063379313,143.6488630599997,0.041356185433323846,1937
v0,Fccn-r0,Fccn,P_m2,15,40,5,0.125,15,15,1.0,32.09875451796116,143.6488630599997,0.041356185433323846,1937
v0,Fccn-r0,Fccn,P_m2,16,40,6,0.15,15,15,1.0,31.321334716826364,143.6488630599997,0.041356185433323846,1937
v0,Fccn-r0,Fccn,P_m2,17,40,6,0.15,15,15,1.0,31.25719893183246,143.6488630599997,0.041356185433323846,1937
v0,Fccn-r0,Fccn,P_m2,18,40,4,0.1,15,15,1.0,33.827882221356234,143.6488630599997,0.041356185433323846,1937
v0,Fccn-r0,Fccn,P_m2,19,40,5,0.125,15,15,1.0,33.16360127210725,143.6488630599997,0.041356185433323846,1937
v0,Fccn-r0,Fccn,P_m2,20,40,7,0.175,15,15,1.0,30.950865224054866,143.6488630599997,0.041356185433323846,1937
v0,Fccn-r0,Fccn,P_m2,21,40,3,0.075,15,15,1.0,34.59677366707937,143.6488630599997,0.041356185433323846,1937
v0,Fccn-r0,Fccn,P_m2,22,40,7,0.175,15,15,1.0,30.603143597308907,143.6488630599997,0.041356185433323846,1937
v0,Fccn-r0,Fccn,P_m2,23,40,6,0.15,15,15,1.0,31.155123237499687,143.6488630599997,0.041356185433323846,1937
v0,Fccn-r0,Fccn,P_m2,24,40,7,0.175,15,15,1.0,31.105276353123884,143.6488630599997,0.041356185433323846,1937
v0,Fccn-r0,Fccn,P_m2,25,40,7,0.175,15,15,1.0,30.778690205919794,143.6488630599997,0.041356185433323846,1937
v0,Fccn-r0,Fccn,P_m2,26,40,6,0.15,15,15,1.0,30.80608937507593,143.6488630599997,0.041356185433323846,1937
v0,Fccn-r0,Fccn,P_m2,27,40,8,0.2,15,15,1.0,31.281018847346733,143.6488630599997,0.041356185433323846,1937
v0,Fccn-r0,Fccn,P_m2,28,40,5,0.125,15,15,1.0,32.504683008962736,143.6488630599997,0.041356185433323846,1937
v0,Fccn-r0,Fccn,P_m2,29,40,7,0.175,15,15,1.0,31.059671186135812,143.6488630599997,0.041356185433323846,1937
v0,Fccn-r0,Fccn,P_m5,0,40,6,0.15,15,15,1.0,31.17232705904556,148.84786126200197,0.14147744183331573,2001
v0,Fccn-r0,Fccn,P_m5,1,40,7,0.175,15,15,1.0,30.62169240137044,148.84786126200197,0.14147744183331573,2001
v0,Fccn-r0,Fccn,P_m5,2,40,8,0.2,15,15,1.0,30.77705448050871,148.84786126200197,0.14147744183331573,2001
v0,Fccn-r0,Fccn,P_m5,3,40,7,0.175,15,15,1.0,30.941750498078836,148.84786126200197,0.14147744183331573,2001
v0,Fccn-r0,Fccn,P_m5,4,40,5,0.125,15,15,1.0,32.2698857148135,148.84786126200197,0.14147744183331573,2001
v0,Fccn-r0,Fccn,P_m5,5,40,9,0.225,15,15,1.0,30.040880424031922,148.84786126200197,0.14147744183331573,2001
v0,Fccn-r0,Fccn,P_m5,6,40,6,0.15,15,15,1.0,31.31386680888324,148.84786126200197,0.14147744183331573,2001
v0,Fccn-r0,Fccn,P_m5,7,40,8,0.2,15,15,1.0,30.033215968852904,148.84786126200197,0.14147744183331573,2001
v0,Fccn-r0,Fccn,P_m5,8,40,7,0.175,15,15,1.0,31.672935896502395,148.84786126200197,0.14147744183331573,2001
v0,Fccn-r0,Fccn,P_m5,9,40,8,0.2,15,15,1.0,30.607027313786865,148.84786126200197,0.14147744183331573,2001
v0,Fccn-r0,Fccn,P_m5,10,40,6,0.15,15,15,1.0,30.935022881697815,148.84786126200197,0.14147744183331573,2001
v0,Fccn-r0,Fccn,P_m5,11,40,5,0.125,15,15,1.0,32.81560723621769,148.84786126200197,0.14147744183331573,2001
v0,Fccn-r0,Fccn,P_m5,12,40,8,0.2,15,15,1.0,29.290653519596113,148.84786126200197,0.14147744183331573,2001
v0,Fccn-r0,Fccn,P_m5,13,40,8,0.2,15,15,1.0,29.806340248368187,148.84786126200197,0.14147744183331573,2001
v0,Fccn-r0,Fccn,P_m5,14,40,6,0.15,15,15,1.0,31.188892395554006,148.84786126200197,0.14147744183331573,2001
v0,Fccn-r0,Fccn,P_m5,15,40,7,0.175,15,15,1.0,30.85260071961563,148.84786126200197,0.14147744183331573,2001
v0,Fccn-r0,Fccn,P_m5,16,40,7,0.175,15,15,1.0,31.498840539788524,148.84786126200197,0.14147744183331573,2001
v0,Fccn-r0,Fccn,P_m5,17,40,8,0.2,15,15,1.0,30.219785220864132,148.84786126200197,0.14147744183331573,2001
v0,Fccn-r0,Fccn,P_m5,18,40,4,0.1,15,15,1.0,34.621686202856324,148.84786126200197,0.14147744183331573,2001
v0,Fccn-r0,Fccn,P_m5,19,40,6,0.15,15,15,1.0,31.583679039941803,148.84786126200197,0.14147744183331573,2001
v0,Fccn-r0,Fccn,P_m5,20,40,8,0.2,15,15,1.0,30.71986049918015,148.84786126200197,0.14147744183331573,2001
v0,Fccn-r0,Fccn,P_m5,21,40,5,0.125,15,15,1.0,32.61356712809138,148.84786126200197,0.14147744183331573,2001
v0,Fccn-r0,Fccn,P_m5,22,40,7,0.175,15,15,1.0,30.566335570102503,148.84786126200197,0.14147744183331573,2001
v0,Fccn-r0,Fccn,P_m5,23,40,5,0.125,15,15,1.0,32.14531678328769,148.84786126200197,0.14147744183331573,2001
v0,Fccn-r0,Fccn,P_m5,24,40,5,0.125,15,15,1.0,31.121969654316146,148.84786126200197,0.14147744183331573,2001
v0,Fccn-r0,Fccn,P_m5,25,40,7,0.175,15,15,1.0,31.200419200708755,148.84786126200197,0.14147744183331573,2001
v0,Fccn-r0,Fccn,P_m5,26,40,6,0.15,15,15,1.0,30.95979203592444,148.84786126200197,0.14147744183331573,2001
v0,Fccn-r0,Fccn,P_m5,27,40,7,0.175,15,15,1.0,30.600650669705537,148.84786126200197,0.14147744183331573,2001
v0,Fccn-r0,Fccn,P_m5,28,40,7,0.175,15,15,1.0,30.649806336020006,148.84786126200197,0.14147744183331573,2001
v0,Fccn-r0,Fccn,P_m5,29,40,7,0.175,15,15,1.0,30.637775970708407,148.84786126200197,0.14147744183331573,2001
v0,Fccn-r0,Fccn,P_seed1,0,40,8,0.2,15,15,1.0,29.51902285520893,152.98840241400103,0.03813912160003383,2001
v0,Fccn-r0,Fccn,P_seed1,1,40,7,0.175,15,15,1.0,30.169013030879903,152.98840241400103,0.03813912160003383,2001
v0,Fccn-r0,Fccn,P_seed1,2,40,9,0.225,15,15,1.0,29.986067160274164,152.98840241400103,0.03813912160003383,2001
v0,Fccn-r0,Fccn,P_seed1,3,40,7,0.175,15,15,1.0,30.0381196462361,152.98840241400103,0.03813912160003383,2001
v0,Fccn-r0,Fccn,P_seed1,4,40,8,0.2,15,15,1.0,29.178355449779485,152.98840241400103,0.03813912160003383,2001
v0,Fccn-r0,Fccn,P_seed1,5,40,8,0.2,15,15,1.0,30.05005504640244,152.98840241400103,0.03813912160003383,2001
v0,Fccn-r0,Fccn,P_seed1,6,40,7,0.175,15,15,1.0,30.809452068163818,152.98840241400103,0.03813912160003383,2001
v0,Fccn-r0,Fccn,P_seed1,7,40,8,0.2,15,15,1.0,29.30673462659505,152.98840241400103,0.03813912160003383,2001
v0,Fccn-r0,Fccn,P_seed1,8,40,9,0.225,15,15,1.0,30.12647981665055,152.98840241400103,0.03813912160003383,2001
v0,Fccn-r0,Fccn,P_seed1,9,40,7,0.175,15,15,1.0,31.242037548527986,152.98840241400103,0.03813912160003383,2001
v0,Fccn-r0,Fccn,P_seed1,10,40,6,0.15,15,15,1.0,31.91053612772732,152.98840241400103,0.03813912160003383,2001
v0,Fccn-r0,Fccn,P_seed1,11,40,6,0.15,15,15,1.0,30.737818218269748,152.98840241400103,0.03813912160003383,2001
v0,Fccn-r0,Fccn,P_seed1,12,40,9,0.225,15,15,1.0,28.828346481292837,152.98840241400103,0.03813912160003383,2001
v0,Fccn-r0,Fccn,P_seed1,13,40,10,0.25,15,15,1.0,27.92936611583223,152.98840241400103,0.03813912160003383,2001
v0,Fccn-r0,Fccn,P_seed1,14,40,6,0.15,15,15,1.0,31.173446482325712,152.98840241400103,0.03813912160003383,2001
v0,Fccn-r0,Fccn,P_seed1,15,40,9,0.225,15,15,1.0,29.885976476280234,152.98840241400103,0.03813912160003383,2001
v0,Fccn-r0,Fccn,P_seed1,16,40,9,0.225,15,15,1.0,29.842025401443024,152.98840241400103,0.03813912160003383,2001
v0,Fccn-r0,Fccn,P_seed1,17,40,8,0.2,15,15,1.0,29.667479036542105,152.98840241400103,0.03813912160003383,2001
v0,Fccn-r0,Fccn,P_seed1,18,40,4,0.1,15,15,1.0,32.27869320693364,152.98840241400103,0.03813912160003383,2001
v0,Fccn-r0,Fccn,P_seed1,19,40,5,0.125,15,15,1.0,31.482670923007003,152.98840241400103,0.03813912160003383,2001
v0,Fccn-r0,Fccn,P_seed1,20,40,10,0.25,15,15,1.0,29.1179949982109,152.98840241400103,0.03813912160003383,2001
v0,Fccn-r0,Fccn,P_seed1,21,40,6,0.15,15,15,1.0,31.37354551207032,152.98840241400103,0.03813912160003383,2001
v0,Fccn-r0,Fccn,P_seed1,22,40,8,0.2,15,15,1.0,29.5002956705901,152.98840241400103,0.03813912160003383,2001
v0,Fccn-r0,Fccn,P_seed1,23,40,6,0.15,15,15,1.0,30.198404501431693,152.98840241400103,0.03813912160003383,2001
v0,Fccn-r0,Fccn,P_seed1,24,40,10,0.25,15,15,1.0,28.891371942534565,152.98840241400103,0.03813912160003383,2001
v0,Fccn-r0,Fccn,P_seed1,25,40,7,0.175,15,15,1.0,29.918171098083672,152.98840241400103,0.03813912160003383,2001
v0,Fccn-r0,Fccn,P_seed1,26,40,7,0.175,15,15,1.0,30.765791868909016,152.98840241400103,0.03813912160003383,2001
v0,Fccn-r0,Fccn,P_seed1,27,40,10,0.25,15,15,1.0,28.628473654225402,152.98840241400103,0.03813912160003383,2001
v0,Fccn-r0,Fccn,P_seed1,28,40,8,0.2,15,15,1.0,29.931234240409093,152.98840241400103,0.03813912160003383,2001
v0,Fccn-r0,Fccn,P_seed1,29,40,7,0.175,15,15,1.0,30.06980191960185,152.98840241400103,0.03813912160003383,2001
v0,Fccn-r0,Fccn,P_seed2,0,40,8,0.2,15,15,1.0,28.775311890138894,184.66605110100136,0.06827466816660793,2001
v0,Fccn-r0,Fccn,P_seed2,1,40,7,0.175,15,15,1.0,30.339011734965304,184.66605110100136,0.06827466816660793,2001
v0,Fccn-r0,Fccn,P_seed2,2,40,7,0.175,15,15,1.0,31.139704955216896,184.66605110100136,0.06827466816660793,2001
v0,Fccn-r0,Fccn,P_seed2,3,40,8,0.2,15,15,1.0,30.6365793184641,184.66605110100136,0.06827466816660793,2001
v0,Fccn-r0,Fccn,P_seed2,4,40,7,0.175,15,15,1.0,30.218600792728594,184.66605110100136,0.06827466816660793,2001
v0,Fccn-r0,Fccn,P_seed2,5,40,8,0.2,15,15,1.0,29.920330871688396,184.66605110100136,0.06827466816660793,2001
v0,Fccn-r0,Fccn,P_seed2,6,40,7,0.175,15,15,1.0,30.94788371030564,184.66605110100136,0.06827466816660793,2001
v0,Fccn-r0,Fccn,P_seed2,7,40,7,0.175,15,15,1.0,30.239629978741167,184.66605110100136,0.06827466816660793,2001
v0,Fccn-r0,Fccn,P_seed2,8,40,8,0.2,15,15,1.0,30.88878705862394,184.66605110100136,0.06827466816660793,2001
v0,Fccn-r0,Fccn,P_seed2,9,40,6,0.15,15,15,1.0,30.960976373397823,184.66605110100136,0.06827466816660793,2001
v0,Fccn-r0,Fccn,P_seed2,10,40,7,0.175,15,15,1.0,30.62909962690162,184.66605110100136,0.06827466816660793,2001
v0,Fccn-r0,Fccn,P_seed2,11,40,5,0.125,15,15,1.0,30.535992734796515,184.66605110100136,0.06827466816660793,2001
v0,Fccn-r0,Fccn,P_seed2,12,40,8,0.2,15,15,1.0,29.06706135936576,184.66605110100136,0.06827466816660793,2001
v0,Fccn-r0,Fccn,P_seed2,13,40,9,0.225,15,15,1.0,29.463869007184183,184.66605110100136,0.06827466816660793,2001
v0,Fccn-r0,Fccn,P_seed2,14,40,7,0.175,15,15,1.0,31.067366884761622,184.66605110100136,0.06827466816660793,2001
v0,Fccn-r0,Fccn,P_seed2,15,40,8,0.2,15,15,1.0,30.32935262235811,184.66605110100136,0.06827466816660793,2001
v0,Fccn-r0,Fccn,P_seed2,16,40,8,0.2,15,15,1.0,29.654476034625365,184.66605110100136,0.06827466816660793,2001
v0,Fccn-r0,Fccn,P_seed2,17,40,6,0.15,15,15,1.0,30.440874011216117,184.66605110100136,0.06827466816660793,2001
v0,Fccn-r0,Fccn,P_seed2,18,40,4,0.1,15,15,1.0,33.18463099157428,184.66605110100136,0.06827466816660793,2001
v0,Fccn-r0,Fccn,P_seed2,19,40,7,0.175,15,15,1.0,29.962657599925443,184.66605110100136,0.06827466816660793,2001
v0,Fccn-r0,Fccn,P_seed2,20,40,8,0.2,15,15,1.0,29.491610639969917,184.66605110100136,0.06827466816660793,2001
v0,Fccn-r0,Fccn,P_seed2,21,40,3,0.075,15,15,1.0,31.925416122906917,184.66605110100136,0.06827466816660793,2001
v0,Fccn-r0,Fccn,P_seed2,22,40,7,0.175,15,15,1.0,29.707521706194484,184.66605110100136,0.06827466816660793,2001
v0,Fccn-r0,Fccn,P_seed2,23,40,7,0.175,15,15,1.0,29.377468610212702,184.66605110100136,0.06827466816660793,2001
v0,Fccn-r0,Fccn,P_seed2,24,40,7,0.175,15,15,1.0,30.309929547690047,184.66605110100136,0.06827466816660793,2001
v0,Fccn-r0,Fccn,P_seed2,25,40,7,0.175,15,15,1.0,30.341191202088762,184.66605110100136,0.06827466816660793,2001
v0,Fccn-r0,Fccn,P_seed2,26,40,7,0.175,15,15,1.0,29.752937343228183,184.66605110100136,0.06827466816660793,2001
v0,Fccn-r0,Fccn,P_seed2,27,40,8,0.2,15,15,1.0,29.789038842427214,184.66605110100136,0.06827466816660793,2001
v0,Fccn-r0,Fccn,P_seed2,28,40,8,0.2,15,15,1.0,30.195467035694417,184.66605110100136,0.06827466816660793,2001
v0,Fccn-r0,Fccn,P_seed2,29,40,8,0.2,15,15,1.0,29.972841378156943,184.66605110100136,0.06827466816660793,2001
v0,Fccn-r0,Fccn,P_w10,0,40,6,0.15,15,15,1.0,29.20928923443392,182.72121929199784,0.041005004433342644,2001
v0,Fccn-r0,Fccn,P_w10,1,40,6,0.15,15,15,1.0,31.478534578914005,182.72121929199784,0.041005004433342644,2001
v0,Fccn-r0,Fccn,P_w10,2,40,7,0.175,15,15,1.0,30.84884130388813,182.72121929199784,0.041005004433342644,2001
v0,Fccn-r0,Fccn,P_w10,3,40,7,0.175,15,15,1.0,30.578283350714113,182.72121929199784,0.041005004433342644,2001
v0,Fccn-r0,Fccn,P_w10,4,40,6,0.15,15,15,1.0,31.0917398998243,182.72121929199784,0.041005004433342644,2001
v0,Fccn-r0,Fccn,P_w10,5,40,7,0.175,15,15,1.0,30.479003146464294,182.72121929199784,0.041005004433342644,2001
v0,Fccn-r0,Fccn,P_w10,6,40,6,0.15,15,15,1.0,31.055416153469682,182.72121929199784,0.041005004433342644,2001
v0,Fccn-r0,Fccn,P_w10,7,40,6,0.15,15,15,1.0,30.556827083087967,182.72121929199784,0.041005004433342644,2001
v0,Fccn-r0,Fccn,P_w10,8,40,6,0.15,15,15,1.0,30.962150413779607,182.72121929199784,0.041005004433342644,2001
v0,Fccn-r0,Fccn,P_w10,9,40,6,0.15,15,15,1.0,31.248881170488794,182.72121929199784,0.041005004433342644,2001
v0,Fccn-r0,Fccn,P_w10,10,40,7,0.175,15,15,1.0,31.275141167361024,182.72121929199784,0.041005004433342644,2001
v0,Fccn-r0,Fccn,P_w10,11,40,6,0.15,15,15,1.0,31.702322327181253,182.72121929199784,0.041005004433342644,2001
v0,Fccn-r0,Fccn,P_w10,12,40,6,0.15,15,15,1.0,31.56365556730186,182.72121929199784,0.041005004433342644,2001
v0,Fccn-r0,Fccn,P_w10,13,40,7,0.175,15,15,1.0,30.471560600410356,182.72121929199784,0.041005004433342644,2001
v0,Fccn-r0,Fccn,P_w10,14,40,6,0.15,15,15,1.0,31.506793899818106,182.72121929199784,0.041005004433342644,2001
v0,Fccn-r0,Fccn,P_w10,15,40,5,0.125,15,15,1.0,30.46792096000492,182.72121929199784,0.041005004433342644,2001
v0,Fccn-r0,Fccn,P_w10,16,40,6,0.15,15,15,1.0,30.795339771602222,182.72121929199784,0.041005004433342644,2001
v0,Fccn-r0,Fccn,P_w10,17,40,6,0.15,15,15,1.0,32.218939299899525,182.72121929199784,0.041005004433342644,2001
v0,Fccn-r0,Fccn,P_w10,18,40,6,0.15,15,15,1.0,32.24680449373506,182.72121929199784,0.041005004433342644,2001
v0,Fccn-r0,Fccn,P_w10,19,40,6,0.15,15,15,1.0,31.147951153913453,182.72121929199784,0.041005004433342644,2001
v0,Fccn-r0,Fccn,P_w10,20,40,7,0.175,15,15,1.0,31.570400072108956,182.72121929199784,0.041005004433342644,2001
v0,Fccn-r0,Fccn,P_w10,21,40,7,0.175,15,15,1.0,30.891319712927377,182.72121929199784,0.041005004433342644,2001
v0,Fccn-r0,Fccn,P_w10,22,40,6,0.15,15,15,1.0,30.666296179898577,182.72121929199784,0.041005004433342644,2001
v0,Fccn-r0,Fccn,P_w10,23,40,5,0.125,15,15,1.0,30.70963398800207,182.72121929199784,0.041005004433342644,2001
v0,Fccn-r0,Fccn,P_w10,24,40,7,0.175,15,15,1.0,30.704764039783075,182.72121929199784,0.041005004433342644,2001
v0,Fccn-r0,Fccn,P_w10,25,40,6,0.15,15,15,1.0,31.318908980401616,182.72121929199784,0.041005004433342644,2001
v0,Fccn-r0,Fccn,P_w10,26,40,6,0.15,15,15,1.0,30.968736929983883,182.72121929199784,0.041005004433342644,2001
v0,Fccn-r0,Fccn,P_w10,27,40,7,0.175,15,15,1.0,30.00340345871204,182.72121929199784,0.041005004433342644,2001
v0,Fccn-r0,Fccn,P_w10,28,40,6,0.15,15,15,1.0,32.14138235987109,182.72121929199784,0.041005004433342644,2001
v0,Fccn-r0,Fccn,P_w10,29,40,6,0.15,15,15,1.0,30.054215480403812,182.72121929199784,0.041005004433342644,2001
v0,Fccn-r0,Fccn,P_w3,0,40,8,0.2,15,15,1.0,29.982562283304382,134.03168918099982,0.03334701189996849,2001
v0,Fccn-r0,Fccn,P_w3,1,40,8,0.2,15,15,1.0,30.90839187207847,134.03168918099982,0.03334701189996849,2001
v0,Fccn-r0,Fccn,P_w3,2,40,8,0.2,15,15,1.0,31.1996048552602,134.03168918099982,0.03334701189996849,2001
v0,Fccn-r0,Fccn,P_w3,3,40,8,0.2,15,15,1.0,31.22712365469819,134.03168918099982,0.03334701189996849,2001
v0,Fccn-r0,Fccn,P_w3,4,40,7,0.175,15,15,1.0,31.299159703412368,134.03168918099982,0.03334701189996849,2001
v0,Fccn-r0,Fccn,P_w3,5,40,8,0.2,15,15,1.0,30.741718322480313,134.03168918099982,0.03334701189996849,2001
v0,Fccn-r0,Fccn,P_w3,6,40,7,0.175,15,15,1.0,31.482402970056285,134.03168918099982,0.03334701189996849,2001
v0,Fccn-r0,Fccn,P_w3,7,40,7,0.175,15,15,1.0,30.719626861053023,134.03168918099982,0.03334701189996849,2001
v0,Fccn-r0,Fccn,P_w3,8,40,7,0.175,15,15,1.0,32.03314057619723,134.03168918099982,0.03334701189996849,2001
v0,Fccn-r0,Fccn,P_w3,9,40,8,0.2,15,15,1.0,31.101259593269255,134.03168918099982,0.03334701189996849,2001
v0,Fccn-r0,Fccn,P_w3,10,40,7,0.175,15,15,1.0,31.41513191560104,134.03168918099982,0.03334701189996849,2001
v0,Fccn-r0,Fccn,P_w3,11,40,4,0.1,15,15,1.0,33.00540706026986,134.03168918099982,0.03334701189996849,2001
v0,Fccn-r0,Fccn,P_w3,12,40,8,0.2,15,15,1.0,30.460165800939247,134.03168918099982,0.03334701189996849,2001
v0,Fccn-r0,Fccn,P_w3,13,40,8,0.2,15,15,1.0,31.008800125224674,134.03168918099982,0.03334701189996849,2001
v0,Fccn-r0,Fccn,P_w3,14,40,7,0.175,15,15,1.0,31.08405961943635,134.03168918099982,0.03334701189996849,2001
v0,Fccn-r0,Fccn,P_w3,15,40,6,0.15,15,15,1.0,31.598022577674758,134.03168918099982,0.03334701189996849,2001
v0,Fccn-r0,Fccn,P_w3,16,40,6,0.15,15,15,1.0,31.483281933717656,134.03168918099982,0.03334701189996849,2001
v0,Fccn-r0,Fccn,P_w3,17,40,6,0.15,15,15,1.0,31.628225044729724,134.03168918099982,0.03334701189996849,2001
v0,Fccn-r0,Fccn,P_w3,18,40,4,0.1,15,15,1.0,34.64347703761292,134.03168918099982,0.03334701189996849,2001
v0,Fccn-r0,Fccn,P_w3,19,40,7,0.175,15,15,1.0,31.821553312142157,134.03168918099982,0.03334701189996849,2001
v0,Fccn-r0,Fccn,P_w3,20,40,8,0.2,15,15,1.0,30.718127743633694,134.03168918099982,0.03334701189996849,2001
v0,Fccn-r0,Fccn,P_w3,21,40,5,0.125,15,15,1.0,32.67109192806033,134.03168918099982,0.03334701189996849,2001
v0,Fccn-r0,Fccn,P_w3,22,40,7,0.175,15,15,1.0,30.509131618251352,134.03168918099982,0.03334701189996849,2001
v0,Fccn-r0,Fccn,P_w3,23,40,6,0.15,15,15,1.0,32.7228536536733,134.03168918099982,0.03334701189996849,2001
v0,Fccn-r0,Fccn,P_w3,24,40,7,0.175,15,15,1.0,31.92651647435961,134.03168918099982,0.03334701189996849,2001
v0,Fccn-r0,Fccn,P_w3,25,40,8,0.2,15,15,1.0,30.88103828273349,134.03168918099982,0.03334701189996849,2001
v0,Fccn-r0,Fccn,P_w3,26,40,7,0.175,15,15,1.0,30.47723372395033,134.03168918099982,0.03334701189996849,2001
v0,Fccn-r0,Fccn,P_w3,27,40,8,0.2,15,15,1.0,31.2678281867761,134.03168918099982,0.03334701189996849,2001
v0,Fccn-r0,Fccn,P_w3,28,40,7,0.175,15,15,1.0,31.163668984181257,134.03168918099982,0.03334701189996849,2001
v0,Fccn-r0,Fccn,P_w3,29,40,7,0.175,15,15,1.0,31.097503806707326,134.03168918099982,0.03334701189996849,2001
v0,Fccn-r1,Fccn,B1,0,40,14,0.35,15,15,1.0,24.526768937402995,0.15857703399888123,0.03508853986665296,1
v0,Fccn-r1,Fccn,B1,1,40,13,0.325,15,15,1.0,23.416978137265367,0.15857703399888123,0.03508853986665296,1
v0,Fccn-r1,Fccn,B1,2,40,13,0.325,15,15,1.0,23.658690849888497,0.15857703399888123,0.03508853986665296,1
v0,Fccn-r1,Fccn,B1,3,40,14,0.35,15,15,1.0,23.575580351315267,0.15857703399888123,0.03508853986665296,1
v0,Fccn-r1,Fccn,B1,4,40,15,0.375,15,15,1.0,22.726683443957967,0.15857703399888123,0.03508853986665296,1
v0,Fccn-r1,Fccn,B1,5,40,15,0.375,15,15,1.0,22.28890299987985,0.15857703399888123,0.03508853986665296,1
v0,Fccn-r1,Fccn,B1,6,40,18,0.45,15,15,1.0,21.03861210126851,0.15857703399888123,0.03508853986665296,1
v0,Fccn-r1,Fccn,B1,7,40,12,0.3,15,15,1.0,23.723885582449324,0.15857703399888123,0.03508853986665296,1
v0,Fccn-r1,Fccn,B1,8,40,13,0.325,15,15,1.0,23.913361106624908,0.15857703399888123,0.03508853986665296,1
v0,Fccn-r1,Fccn,B1,9,40,13,0.325,15,15,1.0,23.96148705957678,0.15857703399888123,0.03508853986665296,1
v0,Fccn-r1,Fccn,B1,10,40,15,0.375,15,15,1.0,23.438909483953715,0.15857703399888123,0.03508853986665296,1
v0,Fccn-r1,Fccn,B1,11,40,13,0.325,15,15,1.0,24.458782184584248,0.15857703399888123,0.03508853986665296,1
v0,Fccn-r1,Fccn,B1,12,40,14,0.35,15,15,1.0,23.550106938881278,0.15857703399888123,0.03508853986665296,1
v0,Fccn-r1,Fccn,B1,13,40,12,0.3,15,15,1.0,25.436100009080377,0.15857703399888123,0.03508853986665296,1
v0,Fccn-r1,Fccn,B1,14,40,12,0.3,15,15,1.0,24.89974697182408,0.15857703399888123,0.03508853986665296,1
v0,Fccn-r1,Fccn,B1,15,40,14,0.35,15,15,1.0,23.189703233929524,0.15857703399888123,0.03508853986665296,1
v0,Fccn-r1,Fccn,B1,16,40,14,0.35,15,15,1.0,24.22674571570085,0.15857703399888123,0.03508853986665296,1
v0,Fccn-r1,Fccn,B1,17,40,14,0.35,15,15,1.0,23.32999053344874,0.15857703399888123,0.03508853986665296,1
v0,Fccn-r1,Fccn,B1,18,40,15,0.375,15,15,1.0,23.09802447441691,0.15857703399888123,0.03508853986665296,1
v0,Fccn-r1,Fccn,B1,19,40,12,0.3,15,15,1.0,24.757569847079456,0.15857703399888123,0.03508853986665296,1
v0,Fccn-r1,Fccn,B1,20,40,14,0.35,15,15,1.0,23.974033685145276,0.15857703399888123,0.03508853986665296,1
v0,Fccn-r1,Fccn,B1,21,40,13,0.325,15,15,1.0,24.520057717122487,0.15857703399888123,0.03508853986665296,1
v0,Fccn-r1,Fccn,B1,22,40,12,0.3,15,15,1.0,24.599515317599273,0.15857703399888123,0.03508853986665296,1
v0,Fccn-r1,Fccn,B1,23,40,14,0.35,15,15,1.0,23.950020021816115,0.15857703399888123,0.03508853986665296,1
v0,Fccn-r1,Fccn,B1,24,40,14,0.35,15,15,1.0,22.869813385582805,0.15857703399888123,0.03508853986665296,1
v0,Fccn-r1,Fccn,B1,25,40,14,0.35,15,15,1.0,23.691784882793794,0.15857703399888123,0.03508853986665296,1
v0,Fccn-r1,Fccn,B1,26,40,16,0.4,15,15,1.0,22.055081890413096,0.15857703399888123,0.03508853986665296,1
v0,Fccn-r1,Fccn,B1,27,40,15,0.375,15,15,1.0,21.711852300435226,0.15857703399888123,0.03508853986665296,1
v0,Fccn-r1,Fccn,B1,28,40,16,0.4,15,15,1.0,22.54735597184757,0.15857703399888123,0.03508853986665296,1
v0,Fccn-r1,Fccn,B1,29,40,16,0.4,15,15,1.0,21.791759215696796,0.15857703399888123,0.03508853986665296,1
v0,Fccn-r1,Fccn,B2,0,40,20,0.5,15,15,1.0,15.628397400258985,231.95387228300024,0.09116782303329576,1942
v0,Fccn-r1,Fccn,B2,1,40,19,0.475,15,15,1.0,15.569328907202932,231.95387228300024,0.09116782303329576,1942
v0,Fccn-r1,Fccn,B2,2,40,22,0.55,15,15,1.0,13.75164841607307,231.95387228300024,0.09116782303329576,1942
v0,Fccn-r1,Fccn,B2,3,40,21,0.525,15,15,1.0,14.221446645217137,231.95387228300024,0.09116782303329576,1942
v0,Fccn-r1,Fccn,B2,4,40,21,0.525,15,15,1.0,15.685041082949766,231.95387228300024,0.09116782303329576,1942
v0,Fccn-r1,Fccn,B2,5,40,21,0.525,15,15,1.0,15.9397861097448,231.95387228300024,0.09116782303329576,1942
v0,Fccn-r1,Fccn,B2,6,40,21,0.525,15,15,1.0,15.132070011964801,231.95387228300024,0.09116782303329576,1942
v0,Fccn-r1,Fccn,B2,7,40,19,0.475,15,15,1.0,16.268622612748434,231.95387228300024,0.09116782303329576,1942
v0,Fccn-r1,Fccn,B2,8,40,17,0.425,15,15,1.0,17.67696059749457,231.95387228300024,0.09116782303329576,1942
v0,Fccn-r1,Fccn,B2,9,40,23,0.575,15,15,1.0,14.254722920311547,231.95387228300024,0.09116782303329576,1942
v0,Fccn-r1,Fccn,B2,10,40,20,0.5,15,15,1.0,16.200445443206686,231.95387228300024,0.09116782303329576,1942
v0,Fccn-r1,Fccn,B2,11,40,20,0.5,15,15,1.0,15.98663387509747,231.95387228300024,0.09116782303329576,1942
v0,Fccn-r1,Fccn,B2,12,40,21,0.525,15,15,1.0,15.04509424989296,231.95387228300024,0.09116782303329576,1942
v0,Fccn-r1,Fccn,B2,13,40,19,0.475,15,15,1.0,15.829936696489414,231.95387228300024,0.09116782303329576,1942
v0,Fccn-r1,Fccn,B2,14,40,21,0.525,15,15,1.0,15.371696706099163,231.95387228300024,0.09116782303329576,1942
v0,Fccn-r1,Fccn,B2,15,40,19,0.475,15,15,1.0,14.911752796886915,231.95387228300024,0.09116782303329576,1942
v0,Fccn-r1,Fccn,B2,16,40,21,0.525,15,15,1.0,15.268605968554596,231.95387228300024,0.09116782303329576,1942
v0,Fccn-r1,Fccn,B2,17,40,20,0.5,15,15,1.0,16.451678002298017,231.95387228300024,0.09116782303329576,1942
v0,Fccn-r1,Fccn,B2,18,40,22,0.55,15,15,1.0,14.35773673156369,231.95387228300024,0.09116782303329576,1942
v0,Fccn-r1,Fccn,B2,19,40,20,0.5,15,15,1.0,15.907023566879532,231.95387228300024,0.09116782303329576,1942
v0,Fccn-r1,Fccn,B2,20,40,20,0.5,15,15,1.0,16.74882398148932,231.95387228300024,0.09116782303329576,1942
v0,Fccn-r1,Fccn,B2,21,40,21,0.525,15,15,1.0,15.076043486071775,231.95387228300024,0.09116782303329576,1942
v0,Fccn-r1,Fccn,B2,22,40,20,0.5,15,15,1.0,15.854467625652884,231.95387228300024,0.09116782303329576,1942
v0,Fccn-r1,Fccn,B2,23,40,21,0.525,15,15,1.0,15.65850636466628,231.95387228300024,0.09116782303329576,1942
v0,Fccn-r1,Fccn,B2,24,40,21,0.525,15,15,1.0,15.580873181092784,231.95387228300024,0.09116782303329576,1942
v0,Fccn-r1,Fccn,B2,25,40,22,0.55,15,15,1.0,14.744859076751576,231.95387228300024,0.09116782303329576,1942
v0,Fccn-r1,Fccn,B2,26,40,20,0.5,15,15,1.0,15.307380721912418,231.95387228300024,0.09116782303329576,1942
v0,Fccn-r1,Fccn,B2,27,40,20,0.5,15,15,1.0,15.79055719198207,231.95387228300024,0.09116782303329576,1942
v0,Fccn-r1,Fccn,B2,28,40,21,0.525,15,15,1.0,15.372517628345255,231.95387228300024,0.09116782303329576,1942
v0,Fccn-r1,Fccn,B2,29,40,20,0.5,15,15,1.0,15.621876866660479,231.95387228300024,0.09116782303329576,1942
v0,Fccn-r1,Fccn,P,0,40,21,0.525,15,15,1.0,14.144847700633672,258.37796183500177,0.054851850866665094,2001
v0,Fccn-r1,Fccn,P,1,40,22,0.55,15,15,1.0,13.312743046361733,258.37796183500177,0.054851850866665094,2001
v0,Fccn-r1,Fccn,P,2,40,23,0.575,15,15,1.0,12.316959858845443,258.37796183500177,0.054851850866665094,2001
v0,Fccn-r1,Fccn,P,3,40,22,0.55,15,15,1.0,12.912323393706666,258.37796183500177,0.054851850866665094,2001
v0,Fccn-r1,Fccn,P,4,40,22,0.55,15,15,1.0,14.682509660235787,258.37796183500177,0.054851850866665094,2001
v0,Fccn-r1,Fccn,P,5,40,22,0.55,15,15,1.0,15.277603754491867,258.37796183500177,0.054851850866665094,2001
v0,Fccn-r1,Fccn,P,6,40,22,0.55,15,15,1.0,13.554186826421354,258.37796183500177,0.054851850866665094,2001
v0,Fccn-r1,Fccn,P,7,40,21,0.525,15,15,1.0,15.094044867119665,258.37796183500177,0.054851850866665094,2001
v0,Fccn-r1,Fccn,P,8,40,20,0.5,15,15,1.0,15.184543056919424,258.37796183500177,0.054851850866665094,2001
v0,Fccn-r1,Fccn,P,9,40,22,0.55,15,15,1.0,14.932219094112048,258.37796183500177,0.054851850866665094,2001
v0,Fccn-r1,Fccn,P,10,40,20,0.5,15,15,1.0,15.048038228105947,258.37796183500177,0.054851850866665094,2001
v0,Fccn-r1,Fccn,P,11,40,23,0.575,15,15,1.0,13.236820001581876,258.37796183500177,0.054851850866665094,2001
v0,Fccn-r1,Fccn,P,12,40,23,0.575,15,15,1.0,13.749835290919057,258.37796183500177,0.054851850866665094,2001
v0,Fccn-r1,Fccn,P,13,40,20,0.5,15,15,1.0,15.068574394123846,258.37796183500177,0.054851850866665094,2001
v0,Fccn-r1,Fccn,P,14,40,22,0.55,15,15,1.0,14.24392447494257,258.37796183500177,0.054851850866665094,2001
v0,Fccn-r1,Fccn,P,15,40,20,0.5,15,15,1.0,14.463512418141866,258.37796183500177,0.054851850866665094,2001
v0,Fccn-r1,Fccn,P,16,40,23,0.575,15,15,1.0,13.77202021325777,258.37796183500177,0.054851850866665094,2001
v0,Fccn-r1,Fccn,P,17,40,21,0.525,15,15,1.0,15.300100511864732,258.37796183500177,0.054851850866665094,2001
v0,Fccn-r1,Fccn,P,18,40,22,0.55,15,15,1.0,13.52286603239662,258.37796183500177,0.054851850866665094,2001
v0,Fccn-r1,Fccn,P,19,40,21,0.525,15,15,1.0,14.43291273535372,258.37796183500177,0.054851850866665094,2001
v0,Fccn-r1,Fccn,P,20,40,21,0.525,15,15,1.0,16.095934710061403,258.37796183500177,0.054851850866665094,2001
v0,Fccn-r1,Fccn,P,21,40,23,0.575,15,15,1.0,13.42727204325811,258.37796183500177,0.054851850866665094,2001
v0,Fccn-r1,Fccn,P,22,40,22,0.55,15,15,1.0,13.708762491430209,258.37796183500177,0.054851850866665094,2001
v0,Fccn-r1,Fccn,P,23,40,22,0.55,15,15,1.0,14.498326370712784,258.37796183500177,0.054851850866665094,2001
v0,Fccn-r1,Fccn,P,24,40,22,0.55,15,15,1.0,14.266853784696155,258.37796183500177,0.054851850866665094,2001
v0,Fccn-r1,Fccn,P,25,40,22,0.55,15,15,1.0,13.867900205017415,258.37796183500177,0.054851850866665094,2001
v0,Fccn-r1,Fccn,P,26,40,23,0.575,15,15,1.0,14.188059729987108,258.37796183500177,0.054851850866665094,2001
v0,Fccn-r1,Fccn,P,27,40,22,0.55,15,15,1.0,14.984165395333838,258.37796183500177,0.054851850866665094,2001
v0,Fccn-r1,Fccn,P,28,40,21,0.525,15,15,1.0,14.628700807604337,258.37796183500177,0.054851850866665094,2001
v0,Fccn-r1,Fccn,P,29,40,22,0.55,15,15,1.0,13.43129702886001,258.37796183500177,0.054851850866665094,2001
v0,Fccn-r1,Fccn,P_cat0,0,40,21,0.525,15,15,1.0,14.144847700633672,233.23174251800083,0.04809684103335409,2001
v0,Fccn-r1,Fccn,P_cat0,1,40,22,0.55,15,15,1.0,13.312743046361733,233.23174251800083,0.04809684103335409,2001
v0,Fccn-r1,Fccn,P_cat0,2,40,23,0.575,15,15,1.0,12.316959858845443,233.23174251800083,0.04809684103335409,2001
v0,Fccn-r1,Fccn,P_cat0,3,40,22,0.55,15,15,1.0,12.912323393706666,233.23174251800083,0.04809684103335409,2001
v0,Fccn-r1,Fccn,P_cat0,4,40,22,0.55,15,15,1.0,14.682509660235787,233.23174251800083,0.04809684103335409,2001
v0,Fccn-r1,Fccn,P_cat0,5,40,22,0.55,15,15,1.0,15.277603754491867,233.23174251800083,0.04809684103335409,2001
v0,Fccn-r1,Fccn,P_cat0,6,40,22,0.55,15,15,1.0,13.554186826421354,233.23174251800083,0.04809684103335409,2001
v0,Fccn-r1,Fccn,P_cat0,7,40,21,0.525,15,15,1.0,15.094044867119665,233.23174251800083,0.04809684103335409,2001
v0,Fccn-r1,Fccn,P_cat0,8,40,20,0.5,15,15,1.0,15.184543056919424,233.23174251800083,0.04809684103335409,2001
v0,Fccn-r1,Fccn,P_cat0,9,40,22,0.55,15,15,1.0,14.932219094112048,233.23174251800083,0.04809684103335409,2001
v0,Fccn-r1,Fccn,P_cat0,10,40,20,0.5,15,15,1.0,15.048038228105947,233.23174251800083,0.04809684103335409,2001
v0,Fccn-r1,Fccn,P_cat0,11,40,23,0.575,15,15,1.0,13.236820001581876,233.23174251800083,0.04809684103335409,2001
v0,Fccn-r1,Fccn,P_cat0,12,40,23,0.575,15,15,1.0,13.749835290919057,233.23174251800083,0.04809684103335409,2001
v0,Fccn-r1,Fccn,P_cat0,13,40,20,0.5,15,15,1.0,15.068574394123846,233.23174251800083,0.04809684103335409,2001
v0,Fccn-r1,Fccn,P_cat0,14,40,22,0.55,15,15,1.0,14.24392447494257,233.23174251800083,0.04809684103335409,2001
v0,Fccn-r1,Fccn,P_cat0,15,40,20,0.5,15,15,1.0,14.463512418141866,233.23174251800083,0.04809684103335409,2001
v0,Fccn-r1,Fccn,P_cat0,16,40,23,0.575,15,15,1.0,13.77202021325777,233.23174251800083,0.04809684103335409,2001
v0,Fccn-r1,Fccn,P_cat0,17,40,21,0.525,15,15,1.0,15.300100511864732,233.23174251800083,0.04809684103335409,2001
v0,Fccn-r1,Fccn,P_cat0,18,40,22,0.55,15,15,1.0,13.52286603239662,233.23174251800083,0.04809684103335409,2001
v0,Fccn-r1,Fccn,P_cat0,19,40,21,0.525,15,15,1.0,14.43291273535372,233.23174251800083,0.04809684103335409,2001
v0,Fccn-r1,Fccn,P_cat0,20,40,21,0.525,15,15,1.0,16.095934710061403,233.23174251800083,0.04809684103335409,2001
v0,Fccn-r1,Fccn,P_cat0,21,40,23,0.575,15,15,1.0,13.42727204325811,233.23174251800083,0.04809684103335409,2001
v0,Fccn-r1,Fccn,P_cat0,22,40,22,0.55,15,15,1.0,13.708762491430209,233.23174251800083,0.04809684103335409,2001
v0,Fccn-r1,Fccn,P_cat0,23,40,22,0.55,15,15,1.0,14.498326370712784,233.23174251800083,0.04809684103335409,2001
v0,Fccn-r1,Fccn,P_cat0,24,40,22,0.55,15,15,1.0,14.266853784696155,233.23174251800083,0.04809684103335409,2001
v0,Fccn-r1,Fccn,P_cat0,25,40,22,0.55,15,15,1.0,13.867900205017415,233.23174251800083,0.04809684103335409,2001
v0,Fccn-r1,Fccn,P_cat0,26,40,23,0.575,15,15,1.0,14.188059729987108,233.23174251800083,0.04809684103335409,2001
v0,Fccn-r1,Fccn,P_cat0,27,40,22,0.55,15,15,1.0,14.984165395333838,233.23174251800083,0.04809684103335409,2001
v0,Fccn-r1,Fccn,P_cat0,28,40,21,0.525,15,15,1.0,14.628700807604337,233.23174251800083,0.04809684103335409,2001
v0,Fccn-r1,Fccn,P_cat0,29,40,22,0.55,15,15,1.0,13.43129702886001,233.23174251800083,0.04809684103335409,2001
v0,Fccn-r1,Fccn,P_cat03,0,40,21,0.525,15,15,1.0,14.144847700633672,227.14110551699923,0.042005849166647145,2001
v0,Fccn-r1,Fccn,P_cat03,1,40,22,0.55,15,15,1.0,13.312743046361733,227.14110551699923,0.042005849166647145,2001
v0,Fccn-r1,Fccn,P_cat03,2,40,23,0.575,15,15,1.0,12.316959858845443,227.14110551699923,0.042005849166647145,2001
v0,Fccn-r1,Fccn,P_cat03,3,40,22,0.55,15,15,1.0,12.912323393706666,227.14110551699923,0.042005849166647145,2001
v0,Fccn-r1,Fccn,P_cat03,4,40,22,0.55,15,15,1.0,14.682509660235787,227.14110551699923,0.042005849166647145,2001
v0,Fccn-r1,Fccn,P_cat03,5,40,22,0.55,15,15,1.0,15.277603754491867,227.14110551699923,0.042005849166647145,2001
v0,Fccn-r1,Fccn,P_cat03,6,40,22,0.55,15,15,1.0,13.554186826421354,227.14110551699923,0.042005849166647145,2001
v0,Fccn-r1,Fccn,P_cat03,7,40,21,0.525,15,15,1.0,15.094044867119665,227.14110551699923,0.042005849166647145,2001
v0,Fccn-r1,Fccn,P_cat03,8,40,20,0.5,15,15,1.0,15.184543056919424,227.14110551699923,0.042005849166647145,2001
v0,Fccn-r1,Fccn,P_cat03,9,40,22,0.55,15,15,1.0,14.932219094112048,227.14110551699923,0.042005849166647145,2001
v0,Fccn-r1,Fccn,P_cat03,10,40,20,0.5,15,15,1.0,15.048038228105947,227.14110551699923,0.042005849166647145,2001
v0,Fccn-r1,Fccn,P_cat03,11,40,23,0.575,15,15,1.0,13.236820001581876,227.14110551699923,0.042005849166647145,2001
v0,Fccn-r1,Fccn,P_cat03,12,40,23,0.575,15,15,1.0,13.749835290919057,227.14110551699923,0.042005849166647145,2001
v0,Fccn-r1,Fccn,P_cat03,13,40,20,0.5,15,15,1.0,15.068574394123846,227.14110551699923,0.042005849166647145,2001
v0,Fccn-r1,Fccn,P_cat03,14,40,22,0.55,15,15,1.0,14.24392447494257,227.14110551699923,0.042005849166647145,2001
v0,Fccn-r1,Fccn,P_cat03,15,40,20,0.5,15,15,1.0,14.463512418141866,227.14110551699923,0.042005849166647145,2001
v0,Fccn-r1,Fccn,P_cat03,16,40,23,0.575,15,15,1.0,13.77202021325777,227.14110551699923,0.042005849166647145,2001
v0,Fccn-r1,Fccn,P_cat03,17,40,21,0.525,15,15,1.0,15.300100511864732,227.14110551699923,0.042005849166647145,2001
v0,Fccn-r1,Fccn,P_cat03,18,40,22,0.55,15,15,1.0,13.52286603239662,227.14110551699923,0.042005849166647145,2001
v0,Fccn-r1,Fccn,P_cat03,19,40,21,0.525,15,15,1.0,14.43291273535372,227.14110551699923,0.042005849166647145,2001
v0,Fccn-r1,Fccn,P_cat03,20,40,21,0.525,15,15,1.0,16.095934710061403,227.14110551699923,0.042005849166647145,2001
v0,Fccn-r1,Fccn,P_cat03,21,40,23,0.575,15,15,1.0,13.42727204325811,227.14110551699923,0.042005849166647145,2001
v0,Fccn-r1,Fccn,P_cat03,22,40,22,0.55,15,15,1.0,13.708762491430209,227.14110551699923,0.042005849166647145,2001
v0,Fccn-r1,Fccn,P_cat03,23,40,22,0.55,15,15,1.0,14.498326370712784,227.14110551699923,0.042005849166647145,2001
v0,Fccn-r1,Fccn,P_cat03,24,40,22,0.55,15,15,1.0,14.266853784696155,227.14110551699923,0.042005849166647145,2001
v0,Fccn-r1,Fccn,P_cat03,25,40,22,0.55,15,15,1.0,13.867900205017415,227.14110551699923,0.042005849166647145,2001
v0,Fccn-r1,Fccn,P_cat03,26,40,23,0.575,15,15,1.0,14.188059729987108,227.14110551699923,0.042005849166647145,2001
v0,Fccn-r1,Fccn,P_cat03,27,40,22,0.55,15,15,1.0,14.984165395333838,227.14110551699923,0.042005849166647145,2001
v0,Fccn-r1,Fccn,P_cat03,28,40,21,0.525,15,15,1.0,14.628700807604337,227.14110551699923,0.042005849166647145,2001
v0,Fccn-r1,Fccn,P_cat03,29,40,22,0.55,15,15,1.0,13.43129702886001,227.14110551699923,0.042005849166647145,2001
v0,Fccn-r1,Fccn,P_cat1,0,40,21,0.525,15,15,1.0,14.07731078097217,222.04255991199898,0.04266050103336359,2001
v0,Fccn-r1,Fccn,P_cat1,1,40,22,0.55,15,15,1.0,13.630409004645287,222.04255991199898,0.04266050103336359,2001
v0,Fccn-r1,Fccn,P_cat1,2,40,22,0.55,15,15,1.0,13.283860823169062,222.04255991199898,0.04266050103336359,2001
v0,Fccn-r1,Fccn,P_cat1,3,40,23,0.575,15,15,1.0,13.27823869263603,222.04255991199898,0.04266050103336359,2001
v0,Fccn-r1,Fccn,P_cat1,4,40,22,0.55,15,15,1.0,14.508551488501928,222.04255991199898,0.04266050103336359,2001
v0,Fccn-r1,Fccn,P_cat1,5,40,22,0.55,15,15,1.0,14.570688497719102,222.04255991199898,0.04266050103336359,2001
v0,Fccn-r1,Fccn,P_cat1,6,40,20,0.5,15,15,1.0,15.454956129405486,222.04255991199898,0.04266050103336359,2001
v0,Fccn-r1,Fccn,P_cat1,7,40,21,0.525,15,15,1.0,14.70185253742802,222.04255991199898,0.04266050103336359,2001
v0,Fccn-r1,Fccn,P_cat1,8,40,20,0.5,15,15,1.0,15.191696450799947,222.04255991199898,0.04266050103336359,2001
v0,Fccn-r1,Fccn,P_cat1,9,40,21,0.525,15,15,1.0,14.890790702355458,222.04255991199898,0.04266050103336359,2001
v0,Fccn-r1,Fccn,P_cat1,10,40,20,0.5,15,15,1.0,14.84131542624425,222.04255991199898,0.04266050103336359,2001
v0,Fccn-r1,Fccn,P_cat1,11,40,23,0.575,15,15,1.0,13.028305706966387,222.04255991199898,0.04266050103336359,2001
v0,Fccn-r1,Fccn,P_cat1,12,40,23,0.575,15,15,1.0,14.07886454740451,222.04255991199898,0.04266050103336359,2001
v0,Fccn-r1,Fccn,P_cat1,13,40,21,0.525,15,15,1.0,13.957649788031485,222.04255991199898,0.04266050103336359,2001
v0,Fccn-r1,Fccn,P_cat1,14,40,22,0.55,15,15,1.0,13.776294978838083,222.04255991199898,0.04266050103336359,2001
v0,Fccn-r1,Fccn,P_cat1,15,40,19,0.475,15,15,1.0,14.226277361841555,222.04255991199898,0.04266050103336359,2001
v0,Fccn-r1,Fccn,P_cat1,16,40,22,0.55,15,15,1.0,14.326252903509078,222.04255991199898,0.04266050103336359,2001
v0,Fccn-r1,Fccn,P_cat1,17,40,18,0.45,15,15,1.0,14.374258377859254,222.04255991199898,0.04266050103336359,2001
v0,Fccn-r1,Fccn,P_cat1,18,40,22,0.55,15,15,1.0,14.482192937015599,222.04255991199898,0.04266050103336359,2001
v0,Fccn-r1,Fccn,P_cat1,19,40,22,0.55,15,15,1.0,14.021635722475175,222.04255991199898,0.04266050103336359,2001
v0,Fccn-r1,Fccn,P_cat1,20,40,21,0.525,15,15,1.0,16.272585902298637,222.04255991199898,0.04266050103336359,2001
v0,Fccn-r1,Fccn,P_cat1,21,40,24,0.6,15,15,1.0,13.08336158056662,222.04255991199898,0.04266050103336359,2001
v0,Fccn-r1,Fccn,P_cat1,22,40,22,0.55,15,15,1.0,13.74682126258505,222.04255991199898,0.04266050103336359,2001
v0,Fccn-r1,Fccn,P_cat1,23,40,22,0.55,15,15,1.0,14.666108545977593,222.04255991199898,0.04266050103336359,2001
v0,Fccn-r1,Fccn,P_cat1,24,40,22,0.55,15,15,1.0,14.386536504682534,222.04255991199898,0.04266050103336359,2001
v0,Fccn-r1,Fccn,P_cat1,25,40,22,0.55,15,15,1.0,14.020130685128724,222.04255991199898,0.04266050103336359,2001
v0,Fccn-r1,Fccn,P_cat1,26,40,21,0.525,15,15,1.0,14.684709028439675,222.04255991199898,0.04266050103336359,2001
v0,Fccn-r1,Fccn,P_cat1,27,40,23,0.575,15,15,1.0,14.849996959432683,222.04255991199898,0.04266050103336359,2001
v0,Fccn-r1,Fccn,P_cat1,28,40,21,0.525,15,15,1.0,14.19792849377293,222.04255991199898,0.04266050103336359,2001
v0,Fccn-r1,Fccn,P_cat1,29,40,22,0.55,15,15,1.0,13.693498730003231,222.04255991199898,0.04266050103336359,2001
v0,Fccn-r1,Fccn,P_catalog_trajectory,0,40,19,0.475,15,15,1.0,15.975548658740063,138.30636869900263,0.02058178453335131,2001
v0,Fccn-r1,Fccn,P_catalog_trajectory,1,40,18,0.45,15,15,1.0,16.65141301504602,138.30636869900263,0.02058178453335131,2001
v0,Fccn-r1,Fccn,P_catalog_trajectory,2,40,20,0.5,15,15,1.0,15.996777344707224,138.30636869900263,0.02058178453335131,2001
v0,Fccn-r1,Fccn,P_catalog_trajectory,3,40,19,0.475,15,15,1.0,15.569131935305393,138.30636869900263,0.02058178453335131,2001
v0,Fccn-r1,Fccn,P_catalog_trajectory,4,40,19,0.475,15,15,1.0,16.40574013604955,138.30636869900263,0.02058178453335131,2001
v0,Fccn-r1,Fccn,P_catalog_trajectory,5,40,19,0.475,15,15,1.0,17.678910135319235,138.30636869900263,0.02058178453335131,2001
v0,Fccn-r1,Fccn,P_catalog_trajectory,6,40,20,0.5,15,15,1.0,15.303859547939052,138.30636869900263,0.02058178453335131,2001
v0,Fccn-r1,Fccn,P_catalog_trajectory,7,40,19,0.475,15,15,1.0,16.316957321519087,138.30636869900263,0.02058178453335131,2001
v0,Fccn-r1,Fccn,P_catalog_trajectory,8,40,18,0.45,15,15,1.0,17.268632103247203,138.30636869900263,0.02058178453335131,2001
v0,Fccn-r1,Fccn,P_catalog_trajectory,9,40,20,0.5,15,15,1.0,15.614156849138695,138.30636869900263,0.02058178453335131,2001
v0,Fccn-r1,Fccn,P_catalog_trajectory,10,40,19,0.475,15,15,1.0,16.009854463616158,138.30636869900263,0.02058178453335131,2001
v0,Fccn-r1,Fccn,P_catalog_trajectory,11,40,18,0.45,15,15,1.0,15.241894700977547,138.30636869900263,0.02058178453335131,2001
v0,Fccn-r1,Fccn,P_catalog_trajectory,12,40,20,0.5,15,15,1.0,15.53027570682094,138.30636869900263,0.02058178453335131,2001
v0,Fccn-r1,Fccn,P_catalog_trajectory,13,40,19,0.475,15,15,1.0,16.89277324350789,138.30636869900263,0.02058178453335131,2001
v0,Fccn-r1,Fccn,P_catalog_trajectory,14,40,19,0.475,15,15,1.0,16.334104218773334,138.30636869900263,0.02058178453335131,2001
v0,Fccn-r1,Fccn,P_catalog_trajectory,15,40,18,0.45,15,15,1.0,18.191005159126764,138.30636869900263,0.02058178453335131,2001
v0,Fccn-r1,Fccn,P_catalog_trajectory,16,40,18,0.45,15,15,1.0,16.442083972360155,138.30636869900263,0.02058178453335131,2001
v0,Fccn-r1,Fccn,P_catalog_trajectory,17,40,18,0.45,15,15,1.0,17.333220064703916,138.30636869900263,0.02058178453335131,2001
v0,Fccn-r1,Fccn,P_catalog_trajectory,18,40,20,0.5,15,15,1.0,15.600065619034142,138.30636869900263,0.02058178453335131,2001
v0,Fccn-r1,Fccn,P_catalog_trajectory,19,40,18,0.45,15,15,1.0,16.980324126811446,138.30636869900263,0.02058178453335131,2001
v0,Fccn-r1,Fccn,P_catalog_trajectory,20,40,19,0.475,15,15,1.0,17.269615643321156,138.30636869900263,0.02058178453335131,2001
v0,Fccn-r1,Fccn,P_catalog_trajectory,21,40,21,0.525,15,15,1.0,15.26245290995607,138.30636869900263,0.02058178453335131,2001
v0,Fccn-r1,Fccn,P_catalog_trajectory,22,40,20,0.5,15,15,1.0,16.34426155596088,138.30636869900263,0.02058178453335131,2001
v0,Fccn-r1,Fccn,P_catalog_trajectory,23,40,17,0.425,15,15,1.0,17.027577825707247,138.30636869900263,0.02058178453335131,2001
v0,Fccn-r1,Fccn,P_catalog_trajectory,24,40,20,0.5,15,15,1.0,16.729853271993626,138.30636869900263,0.02058178453335131,2001
v0,Fccn-r1,Fccn,P_catalog_trajectory,25,40,17,0.425,15,15,1.0,18.642275528994286,138.30636869900263,0.02058178453335131,2001
v0,Fccn-r1,Fccn,P_catalog_trajectory,26,40,18,0.45,15,15,1.0,16.28259624119496,138.30636869900263,0.02058178453335131,2001
v0,Fccn-r1,Fccn,P_catalog_trajectory,27,40,21,0.525,15,15,1.0,15.855472847636445,138.30636869900263,0.02058178453335131,2001
v0,Fccn-r1,Fccn,P_catalog_trajectory,28,40,19,0.475,15,15,1.0,17.933321922737377,138.30636869900263,0.02058178453335131,2001
v0,Fccn-r1,Fccn,P_catalog_trajectory,29,40,18,0.45,15,15,1.0,17.314536003089984,138.30636869900263,0.02058178453335131,2001
v0,Fccn-r1,Fccn,P_init,0,40,21,0.525,15,15,1.0,14.002494435391876,200.4894623020009,0.03062772620008521,1660
v0,Fccn-r1,Fccn,P_init,1,40,19,0.475,15,15,1.0,14.870228136845625,200.4894623020009,0.03062772620008521,1660
v0,Fccn-r1,Fccn,P_init,2,40,23,0.575,15,15,1.0,13.55490801920261,200.4894623020009,0.03062772620008521,1660
v0,Fccn-r1,Fccn,P_init,3,40,23,0.575,15,15,1.0,12.305947153270038,200.4894623020009,0.03062772620008521,1660
v0,Fccn-r1,Fccn,P_init,4,40,22,0.55,15,15,1.0,14.416851313824921,200.4894623020009,0.03062772620008521,1660
v0,Fccn-r1,Fccn,P_init,5,40,20,0.5,15,15,1.0,15.274725123053893,200.4894623020009,0.03062772620008521,1660
v0,Fccn-r1,Fccn,P_init,6,40,21,0.525,15,15,1.0,15.613419877762194,200.4894623020009,0.03062772620008521,1660
v0,Fccn-r1,Fccn,P_init,7,40,21,0.525,15,15,1.0,14.039691126136606,200.4894623020009,0.03062772620008521,1660
v0,Fccn-r1,Fccn,P_init,8,40,22,0.55,15,15,1.0,13.454769177576505,200.4894623020009,0.03062772620008521,1660
v0,Fccn-r1,Fccn,P_init,9,40,22,0.55,15,15,1.0,13.906275456479191,200.4894623020009,0.03062772620008521,1660
v0,Fccn-r1,Fccn,P_init,10,40,22,0.55,15,15,1.0,14.13827432514571,200.4894623020009,0.03062772620008521,1660
v0,Fccn-r1,Fccn,P_init,11,40,23,0.575,15,15,1.0,13.793016690591442,200.4894623020009,0.03062772620008521,1660
v0,Fccn-r1,Fccn,P_init,12,40,22,0.55,15,15,1.0,13.55099961365511,200.4894623020009,0.03062772620008521,1660
v0,Fccn-r1,Fccn,P_init,13,40,21,0.525,15,15,1.0,14.222990321958369,200.4894623020009,0.03062772620008521,1660
v0,Fccn-r1,Fccn,P_init,14,40,22,0.55,15,15,1.0,13.881578474993349,200.4894623020009,0.03062772620008521,1660
v0,Fccn-r1,Fccn,P_init,15,40,20,0.5,15,15,1.0,14.503552147805138,200.4894623020009,0.03062772620008521,1660
v0,Fccn-r1,Fccn,P_init,16,40,19,0.475,15,15,1.0,15.067713357193423,200.4894623020009,0.03062772620008521,1660
v0,Fccn-r1,Fccn,P_init,17,40,22,0.55,15,15,1.0,13.527742573772956,200.4894623020009,0.03062772620008521,1660
v0,Fccn-r1,Fccn,P_init,18,40,22,0.55,15,15,1.0,14.425522910905709,200.4894623020009,0.03062772620008521,1660
v0,Fccn-r1,Fccn,P_init,19,40,22,0.55,15,15,1.0,13.764155179023419,200.4894623020009,0.03062772620008521,1660
v0,Fccn-r1,Fccn,P_init,20,40,22,0.55,15,15,1.0,15.34488802647052,200.4894623020009,0.03062772620008521,1660
v0,Fccn-r1,Fccn,P_init,21,40,22,0.55,15,15,1.0,14.73314965344637,200.4894623020009,0.03062772620008521,1660
v0,Fccn-r1,Fccn,P_init,22,40,23,0.575,15,15,1.0,13.713376553543476,200.4894623020009,0.03062772620008521,1660
v0,Fccn-r1,Fccn,P_init,23,40,22,0.55,15,15,1.0,14.53627881792906,200.4894623020009,0.03062772620008521,1660
v0,Fccn-r1,Fccn,P_init,24,40,22,0.55,15,15,1.0,14.004842304661816,200.4894623020009,0.03062772620008521,1660
v0,Fccn-r1,Fccn,P_init,25,40,22,0.55,15,15,1.0,14.01979019668,200.4894623020009,0.03062772620008521,1660
v0,Fccn-r1,Fccn,P_init,26,40,21,0.525,15,15,1.0,14.288124457312463,200.4894623020009,0.03062772620008521,1660
v0,Fccn-r1,Fccn,P_init,27,40,20,0.5,15,15,1.0,15.975841624695416,200.4894623020009,0.03062772620008521,1660
v0,Fccn-r1,Fccn,P_init,28,40,22,0.55,15,15,1.0,13.88127557534741,200.4894623020009,0.03062772620008521,1660
v0,Fccn-r1,Fccn,P_init,29,40,21,0.525,15,15,1.0,15.133865712115004,200.4894623020009,0.03062772620008521,1660
v0,Fccn-r1,Fccn,P_init_w10,0,40,22,0.55,15,15,1.0,14.096224172998818,149.3927652520033,0.021115903100023085,2001
v0,Fccn-r1,Fccn,P_init_w10,1,40,19,0.475,15,15,1.0,16.046221119729548,149.3927652520033,0.021115903100023085,2001
v0,Fccn-r1,Fccn,P_init_w10,2,40,23,0.575,15,15,1.0,13.454598564739362,149.3927652520033,0.021115903100023085,2001
v0,Fccn-r1,Fccn,P_init_w10,3,40,23,0.575,15,15,1.0,13.360896073407025,149.3927652520033,0.021115903100023085,2001
v0,Fccn-r1,Fccn,P_init_w10,4,40,20,0.5,15,15,1.0,15.82712121959886,149.3927652520033,0.021115903100023085,2001
v0,Fccn-r1,Fccn,P_init_w10,5,40,20,0.5,15,15,1.0,16.084770386451062,149.3927652520033,0.021115903100023085,2001
v0,Fccn-r1,Fccn,P_init_w10,6,40,21,0.525,15,15,1.0,16.05093108913292,149.3927652520033,0.021115903100023085,2001
v0,Fccn-r1,Fccn,P_init_w10,7,40,20,0.5,15,15,1.0,14.880314948280583,149.3927652520033,0.021115903100023085,2001
v0,Fccn-r1,Fccn,P_init_w10,8,40,22,0.55,15,15,1.0,13.238504649520703,149.3927652520033,0.021115903100023085,2001
v0,Fccn-r1,Fccn,P_init_w10,9,40,21,0.525,15,15,1.0,13.909867778758834,149.3927652520033,0.021115903100023085,2001
v0,Fccn-r1,Fccn,P_init_w10,10,40,21,0.525,15,15,1.0,14.52180213280743,149.3927652520033,0.021115903100023085,2001
v0,Fccn-r1,Fccn,P_init_w10,11,40,21,0.525,15,15,1.0,14.480389635391624,149.3927652520033,0.021115903100023085,2001
v0,Fccn-r1,Fccn,P_init_w10,12,40,21,0.525,15,15,1.0,14.73935595383366,149.3927652520033,0.021115903100023085,2001
v0,Fccn-r1,Fccn,P_init_w10,13,40,20,0.5,15,15,1.0,14.814581279950318,149.3927652520033,0.021115903100023085,2001
v0,Fccn-r1,Fccn,P_init_w10,14,40,23,0.575,15,15,1.0,13.398494562532257,149.3927652520033,0.021115903100023085,2001
v0,Fccn-r1,Fccn,P_init_w10,15,40,20,0.5,15,15,1.0,14.879942033091572,149.3927652520033,0.021115903100023085,2001
v0,Fccn-r1,Fccn,P_init_w10,16,40,18,0.45,15,15,1.0,17.039769326520137,149.3927652520033,0.021115903100023085,2001
v0,Fccn-r1,Fccn,P_init_w10,17,40,20,0.5,15,15,1.0,15.270607870437738,149.3927652520033,0.021115903100023085,2001
v0,Fccn-r1,Fccn,P_init_w10,18,40,21,0.525,15,15,1.0,15.083166216014037,149.3927652520033,0.021115903100023085,2001
v0,Fccn-r1,Fccn,P_init_w10,19,40,22,0.55,15,15,1.0,14.07880651048299,149.3927652520033,0.021115903100023085,2001
v0,Fccn-r1,Fccn,P_init_w10,20,40,20,0.5,15,15,1.0,17.05585390275101,149.3927652520033,0.021115903100023085,2001
v0,Fccn-r1,Fccn,P_init_w10,21,40,22,0.55,15,15,1.0,14.57274448414073,149.3927652520033,0.021115903100023085,2001
v0,Fccn-r1,Fccn,P_init_w10,22,40,21,0.525,15,15,1.0,14.436005204514501,149.3927652520033,0.021115903100023085,2001
v0,Fccn-r1,Fccn,P_init_w10,23,40,20,0.5,15,15,1.0,15.126901525663737,149.3927652520033,0.021115903100023085,2001
v0,Fccn-r1,Fccn,P_init_w10,24,40,22,0.55,15,15,1.0,14.050532040039618,149.3927652520033,0.021115903100023085,2001
v0,Fccn-r1,Fccn,P_init_w10,25,40,20,0.5,15,15,1.0,14.925706544091238,149.3927652520033,0.021115903100023085,2001
v0,Fccn-r1,Fccn,P_init_w10,26,40,21,0.525,15,15,1.0,13.665749451626517,149.3927652520033,0.021115903100023085,2001
v0,Fccn-r1,Fccn,P_init_w10,27,40,20,0.5,15,15,1.0,16.174523121332623,149.3927652520033,0.021115903100023085,2001
v0,Fccn-r1,Fccn,P_init_w10,28,40,22,0.55,15,15,1.0,14.62856573216257,149.3927652520033,0.021115903100023085,2001
v0,Fccn-r1,Fccn,P_init_w10,29,40,20,0.5,15,15,1.0,15.334458824731161,149.3927652520033,0.021115903100023085,2001
v0,Fccn-r1,Fccn,P_m2,0,40,20,0.5,15,15,1.0,15.340296831212761,199.54578765000042,0.05334665340002782,2001
v0,Fccn-r1,Fccn,P_m2,1,40,19,0.475,15,15,1.0,16.26075110635769,199.54578765000042,0.05334665340002782,2001
v0,Fccn-r1,Fccn,P_m2,2,40,21,0.525,15,15,1.0,14.553311818578456,199.54578765000042,0.05334665340002782,2001
v0,Fccn-r1,Fccn,P_m2,3,40,23,0.575,15,15,1.0,14.40135485751696,199.54578765000042,0.05334665340002782,2001
v0,Fccn-r1,Fccn,P_m2,4,40,20,0.5,15,15,1.0,15.966843867338765,199.54578765000042,0.05334665340002782,2001
v0,Fccn-r1,Fccn,P_m2,5,40,21,0.525,15,15,1.0,16.405132711507356,199.54578765000042,0.05334665340002782,2001
v0,Fccn-r1,Fccn,P_m2,6,40,21,0.525,15,15,1.0,15.607770142012043,199.54578765000042,0.05334665340002782,2001
v0,Fccn-r1,Fccn,P_m2,7,40,20,0.5,15,15,1.0,17.286498184729027,199.54578765000042,0.05334665340002782,2001
v0,Fccn-r1,Fccn,P_m2,8,40,19,0.475,15,15,1.0,16.811676392019187,199.54578765000042,0.05334665340002782,2001
v0,Fccn-r1,Fccn,P_m2,9,40,19,0.475,15,15,1.0,16.41764633495568,199.54578765000042,0.05334665340002782,2001
v0,Fccn-r1,Fccn,P_m2,10,40,19,0.475,15,15,1.0,17.03730598096907,199.54578765000042,0.05334665340002782,2001
v0,Fccn-r1,Fccn,P_m2,11,40,22,0.55,15,15,1.0,15.049939663525274,199.54578765000042,0.05334665340002782,2001
v0,Fccn-r1,Fccn,P_m2,12,40,22,0.55,15,15,1.0,14.953411227317407,199.54578765000042,0.05334665340002782,2001
v0,Fccn-r1,Fccn,P_m2,13,40,20,0.5,15,15,1.0,15.636847843060965,199.54578765000042,0.05334665340002782,2001
v0,Fccn-r1,Fccn,P_m2,14,40,21,0.525,15,15,1.0,15.431180828839603,199.54578765000042,0.05334665340002782,2001
v0,Fccn-r1,Fccn,P_m2,15,40,19,0.475,15,15,1.0,15.085290218403916,199.54578765000042,0.05334665340002782,2001
v0,Fccn-r1,Fccn,P_m2,16,40,20,0.5,15,15,1.0,16.31704264843235,199.54578765000042,0.05334665340002782,2001
v0,Fccn-r1,Fccn,P_m2,17,40,21,0.525,15,15,1.0,16.157161962243826,199.54578765000042,0.05334665340002782,2001
v0,Fccn-r1,Fccn,P_m2,18,40,21,0.525,15,15,1.0,15.777964460222586,199.54578765000042,0.05334665340002782,2001
v0,Fccn-r1,Fccn,P_m2,19,40,21,0.525,15,15,1.0,15.655121562311757,199.54578765000042,0.05334665340002782,2001
v0,Fccn-r1,Fccn,P_m2,20,40,19,0.475,15,15,1.0,16.576930352213367,199.54578765000042,0.05334665340002782,2001
v0,Fccn-r1,Fccn,P_m2,21,40,20,0.5,15,15,1.0,15.391429510239147,199.54578765000042,0.05334665340002782,2001
v0,Fccn-r1,Fccn,P_m2,22,40,19,0.475,15,15,1.0,16.488517284919308,199.54578765000042,0.05334665340002782,2001
v0,Fccn-r1,Fccn,P_m2,23,40,21,0.525,15,15,1.0,15.631588199538406,199.54578765000042,0.05334665340002782,2001
v0,Fccn-r1,Fccn,P_m2,24,40,20,0.5,15,15,1.0,15.833915352369518,199.54578765000042,0.05334665340002782,2001
v0,Fccn-r1,Fccn,P_m2,25,40,20,0.5,15,15,1.0,15.507357951010684,199.54578765000042,0.05334665340002782,2001
v0,Fccn-r1,Fccn,P_m2,26,40,21,0.525,15,15,1.0,15.737431486283977,199.54578765000042,0.05334665340002782,2001
v0,Fccn-r1,Fccn,P_m2,27,40,21,0.525,15,15,1.0,16.020086731452903,199.54578765000042,0.05334665340002782,2001
v0,Fccn-r1,Fccn,P_m2,28,40,21,0.525,15,15,1.0,15.663580826677153,199.54578765000042,0.05334665340002782,2001
v0,Fccn-r1,Fccn,P_m2,29,40,20,0.5,15,15,1.0,15.342074298419814,199.54578765000042,0.05334665340002782,2001
v0,Fccn-r1,Fccn,P_m5,0,40,20,0.5,15,15,1.0,15.591584891157236,197.14386979199844,0.05289932206663555,2001
v0,Fccn-r1,Fccn,P_m5,1,40,20,0.5,15,15,1.0,15.451055447915737,197.14386979199844,0.05289932206663555,2001
v0,Fccn-r1,Fccn,P_m5,2,40,22,0.55,15,15,1.0,13.953485347439084,197.14386979199844,0.05289932206663555,2001
v0,Fccn-r1,Fccn,P_m5,3,40,22,0.55,15,15,1.0,14.386891895526626,197.14386979199844,0.05289932206663555,2001
v0,Fccn-r1,Fccn,P_m5,4,40,21,0.525,15,15,1.0,15.802712478971335,197.14386979199844,0.05289932206663555,2001
v0,Fccn-r1,Fccn,P_m5,5,40,19,0.475,15,15,1.0,17.66523608063125,197.14386979199844,0.05289932206663555,2001
v0,Fccn-r1,Fccn,P_m5,6,40,22,0.55,15,15,1.0,15.043273290180483,197.14386979199844,0.05289932206663555,2001
v0,Fccn-r1,Fccn,P_m5,7,40,19,0.475,15,15,1.0,16.834949688534543,197.14386979199844,0.05289932206663555,2001
v0,Fccn-r1,Fccn,P_m5,8,40,16,0.4,15,15,1.0,18.816802393208274,197.14386979199844,0.05289932206663555,2001
v0,Fccn-r1,Fccn,P_m5,9,40,20,0.5,15,15,1.0,15.527165552539532,197.14386979199844,0.05289932206663555,2001
v0,Fccn-r1,Fccn,P_m5,10,40,21,0.525,15,15,1.0,15.701368634406931,197.14386979199844,0.05289932206663555,2001
v0,Fccn-r1,Fccn,P_m5,11,40,22,0.55,15,15,1.0,15.248939091806205,197.14386979199844,0.05289932206663555,2001
v0,Fccn-r1,Fccn,P_m5,12,40,22,0.55,15,15,1.0,14.805328859629617,197.14386979199844,0.05289932206663555,2001
v0,Fccn-r1,Fccn,P_m5,13,40,19,0.475,15,15,1.0,15.736001188300113,197.14386979199844,0.05289932206663555,2001
v0,Fccn-r1,Fccn,P_m5,14,40,20,0.5,15,15,1.0,15.020498488140122,197.14386979199844,0.05289932206663555,2001
v0,Fccn-r1,Fccn,P_m5,15,40,19,0.475,15,15,1.0,14.996363153798132,197.14386979199844,0.05289932206663555,2001
v0,Fccn-r1,Fccn,P_m5,16,40,21,0.525,15,15,1.0,15.237130768618853,197.14386979199844,0.05289932206663555,2001
v0,Fccn-r1,Fccn,P_m5,17,40,20,0.5,15,15,1.0,16.121196205704333,197.14386979199844,0.05289932206663555,2001
v0,Fccn-r1,Fccn,P_m5,18,40,22,0.55,15,15,1.0,14.96717610403906,197.14386979199844,0.05289932206663555,2001
v0,Fccn-r1,Fccn,P_m5,19,40,21,0.525,15,15,1.0,15.413516843429715,197.14386979199844,0.05289932206663555,2001
v0,Fccn-r1,Fccn,P_m5,20,40,19,0.475,15,15,1.0,17.060547536178856,197.14386979199844,0.05289932206663555,2001
v0,Fccn-r1,Fccn,P_m5,21,40,20,0.5,15,15,1.0,14.723007111681081,197.14386979199844,0.05289932206663555,2001
v0,Fccn-r1,Fccn,P_m5,22,40,18,0.45,15,15,1.0,16.669655383241263,197.14386979199844,0.05289932206663555,2001
v0,Fccn-r1,Fccn,P_m5,23,40,21,0.525,15,15,1.0,15.51535043526057,197.14386979199844,0.05289932206663555,2001
v0,Fccn-r1,Fccn,P_m5,24,40,21,0.525,15,15,1.0,15.452208172931135,197.14386979199844,0.05289932206663555,2001
v0,Fccn-r1,Fccn,P_m5,25,40,21,0.525,15,15,1.0,14.950277774170118,197.14386979199844,0.05289932206663555,2001
v0,Fccn-r1,Fccn,P_m5,26,40,21,0.525,15,15,1.0,15.610982367010894,197.14386979199844,0.05289932206663555,2001
v0,Fccn-r1,Fccn,P_m5,27,40,21,0.525,15,15,1.0,14.811022578864149,197.14386979199844,0.05289932206663555,2001
v0,Fccn-r1,Fccn,P_m5,28,40,20,0.5,15,15,1.0,15.785518966215703,197.14386979199844,0.05289932206663555,2001
v0,Fccn-r1,Fccn,P_m5,29,40,22,0.55,15,15,1.0,14.524507928203175,197.14386979199844,0.05289932206663555,2001
v0,Fccn-r1,Fccn,P_seed1,0,40,21,0.525,15,15,1.0,14.546836187635243,196.14068143500117,0.037146629133349054,2001
v0,Fccn-r1,Fccn,P_seed1,1,40,22,0.55,15,15,1.0,14.038746332524159,196.14068143500117,0.037146629133349054,2001
v0,Fccn-r1,Fccn,P_seed1,2,40,22,0.55,15,15,1.0,13.712878100028481,196.14068143500117,0.037146629133349054,2001
v0,Fccn-r1,Fccn,P_seed1,3,40,22,0.55,15,15,1.0,13.404692663581416,196.14068143500117,0.037146629133349054,2001
v0,Fccn-r1,Fccn,P_seed1,4,40,21,0.525,15,15,1.0,14.406802195250933,196.14068143500117,0.037146629133349054,2001
v0,Fccn-r1,Fccn,P_seed1,5,40,20,0.5,15,15,1.0,16.124961720456216,196.14068143500117,0.037146629133349054,2001
v0,Fccn-r1,Fccn,P_seed1,6,40,21,0.525,15,15,1.0,14.588484583836532,196.14068143500117,0.037146629133349054,2001
v0,Fccn-r1,Fccn,P_seed1,7,40,20,0.5,15,15,1.0,14.803010107741585,196.14068143500117,0.037146629133349054,2001
v0,Fccn-r1,Fccn,P_seed1,8,40,18,0.45,15,15,1.0,16.14009230410055,196.14068143500117,0.037146629133349054,2001
v0,Fccn-r1,Fccn,P_seed1,9,40,21,0.525,15,15,1.0,13.4624484909787,196.14068143500117,0.037146629133349054,2001
v0,Fccn-r1,Fccn,P_seed1,10,40,21,0.525,15,15,1.0,15.100787062604441,196.14068143500117,0.037146629133349054,2001
v0,Fccn-r1,Fccn,P_seed1,11,40,22,0.55,15,15,1.0,13.76883736352568,196.14068143500117,0.037146629133349054,2001
v0,Fccn-r1,Fccn,P_seed1,12,40,23,0.575,15,15,1.0,13.922715454422042,196.14068143500117,0.037146629133349054,2001
v0,Fccn-r1,Fccn,P_seed1,13,40,20,0.5,15,15,1.0,14.64286889912529,196.14068143500117,0.037146629133349054,2001
v0,Fccn-r1,Fccn,P_seed1,14,40,19,0.475,15,15,1.0,14.525287807870678,196.14068143500117,0.037146629133349054,2001
v0,Fccn-r1,Fccn,P_seed1,15,40,20,0.5,15,15,1.0,13.680644189409325,196.14068143500117,0.037146629133349054,2001
v0,Fccn-r1,Fccn,P_seed1,16,40,24,0.6,15,15,1.0,13.913550476175804,196.14068143500117,0.037146629133349054,2001
v0,Fccn-r1,Fccn,P_seed1,17,40,20,0.5,15,15,1.0,15.425244912671962,196.14068143500117,0.037146629133349054,2001
v0,Fccn-r1,Fccn,P_seed1,18,40,22,0.55,15,15,1.0,14.360585865021047,196.14068143500117,0.037146629133349054,2001
v0,Fccn-r1,Fccn,P_seed1,19,40,21,0.525,15,15,1.0,14.908499538092592,196.14068143500117,0.037146629133349054,2001
v0,Fccn-r1,Fccn,P_seed1,20,40,22,0.55,15,15,1.0,15.079685127272283,196.14068143500117,0.037146629133349054,2001
v0,Fccn-r1,Fccn,P_seed1,21,40,22,0.55,15,15,1.0,13.361053844685246,196.14068143500117,0.037146629133349054,2001
v0,Fccn-r1,Fccn,P_seed1,22,40,20,0.5,15,15,1.0,15.049140399189868,196.14068143500117,0.037146629133349054,2001
v0,Fccn-r1,Fccn,P_seed1,23,40,23,0.575,15,15,1.0,14.215683532230075,196.14068143500117,0.037146629133349054,2001
v0,Fccn-r1,Fccn,P_seed1,24,40,21,0.525,15,15,1.0,14.517175253229132,196.14068143500117,0.037146629133349054,2001
v0,Fccn-r1,Fccn,P_seed1,25,40,23,0.575,15,15,1.0,13.482378221487883,196.14068143500117,0.037146629133349054,2001
v0,Fccn-r1,Fccn,P_seed1,26,40,22,0.55,15,15,1.0,13.804441721508473,196.14068143500117,0.037146629133349054,2001
v0,Fccn-r1,Fccn,P_seed1,27,40,21,0.525,15,15,1.0,15.031809953467343,196.14068143500117,0.037146629133349054,2001
v0,Fccn-r1,Fccn,P_seed1,28,40,21,0.525,15,15,1.0,14.780732378176204,196.14068143500117,0.037146629133349054,2001
v0,Fccn-r1,Fccn,P_seed1,29,40,22,0.55,15,15,1.0,13.873457187208784,196.14068143500117,0.037146629133349054,2001
v0,Fccn-r1,Fccn,P_seed2,0,40,20,0.5,15,15,1.0,15.558073674569188,201.04447914299817,0.033713441466655544,2001
v0,Fccn-r1,Fccn,P_seed2,1,40,19,0.475,15,15,1.0,16.048112047365898,201.04447914299817,0.033713441466655544,2001
v0,Fccn-r1,Fccn,P_seed2,2,40,22,0.55,15,15,1.0,13.544499801822344,201.04447914299817,0.033713441466655544,2001
v0,Fccn-r1,Fccn,P_seed2,3,40,22,0.55,15,15,1.0,14.136695025722975,201.04447914299817,0.033713441466655544,2001
v0,Fccn-r1,Fccn,P_seed2,4,40,19,0.475,15,15,1.0,16.003911898456774,201.04447914299817,0.033713441466655544,2001
v0,Fccn-r1,Fccn,P_seed2,5,40,20,0.5,15,15,1.0,16.77470409621766,201.04447914299817,0.033713441466655544,2001
v0,Fccn-r1,Fccn,P_seed2,6,40,20,0.5,15,15,1.0,14.300386491663023,201.04447914299817,0.033713441466655544,2001
v0,Fccn-r1,Fccn,P_seed2,7,40,18,0.45,15,15,1.0,17.066778715035305,201.04447914299817,0.033713441466655544,2001
v0,Fccn-r1,Fccn,P_seed2,8,40,18,0.45,15,15,1.0,16.94262163345975,201.04447914299817,0.033713441466655544,2001
v0,Fccn-r1,Fccn,P_seed2,9,40,18,0.45,15,15,1.0,16.42136415900296,201.04447914299817,0.033713441466655544,2001
v0,Fccn-r1,Fccn,P_seed2,10,40,19,0.475,15,15,1.0,16.410239249229022,201.04447914299817,0.033713441466655544,2001
v0,Fccn-r1,Fccn,P_seed2,11,40,21,0.525,15,15,1.0,15.732625879413522,201.04447914299817,0.033713441466655544,2001
v0,Fccn-r1,Fccn,P_seed2,12,40,21,0.525,15,15,1.0,15.030592433054904,201.04447914299817,0.033713441466655544,2001
v0,Fccn-r1,Fccn,P_seed2,13,40,19,0.475,15,15,1.0,15.576951478972767,201.04447914299817,0.033713441466655544,2001
v0,Fccn-r1,Fccn,P_seed2,14,40,19,0.475,15,15,1.0,15.905928734500186,201.04447914299817,0.033713441466655544,2001
v0,Fccn-r1,Fccn,P_seed2,15,40,18,0.45,15,15,1.0,15.353619862726276,201.04447914299817,0.033713441466655544,2001
v0,Fccn-r1,Fccn,P_seed2,16,40,22,0.55,15,15,1.0,15.05955504024379,201.04447914299817,0.033713441466655544,2001
v0,Fccn-r1,Fccn,P_seed2,17,40,20,0.5,15,15,1.0,16.240397170138525,201.04447914299817,0.033713441466655544,2001
v0,Fccn-r1,Fccn,P_seed2,18,40,22,0.55,15,15,1.0,15.14381905298438,201.04447914299817,0.033713441466655544,2001
v0,Fccn-r1,Fccn,P_seed2,19,40,21,0.525,15,15,1.0,15.74228967473249,201.04447914299817,0.033713441466655544,2001
v0,Fccn-r1,Fccn,P_seed2,20,40,19,0.475,15,15,1.0,16.918414681460277,201.04447914299817,0.033713441466655544,2001
v0,Fccn-r1,Fccn,P_seed2,21,40,21,0.525,15,15,1.0,14.437004953818729,201.04447914299817,0.033713441466655544,2001
v0,Fccn-r1,Fccn,P_seed2,22,40,18,0.45,15,15,1.0,16.107893080091454,201.04447914299817,0.033713441466655544,2001
v0,Fccn-r1,Fccn,P_seed2,23,40,21,0.525,15,15,1.0,15.697472654979189,201.04447914299817,0.033713441466655544,2001
v0,Fccn-r1,Fccn,P_seed2,24,40,21,0.525,15,15,1.0,15.873466994391428,201.04447914299817,0.033713441466655544,2001
v0,Fccn-r1,Fccn,P_seed2,25,40,20,0.5,15,15,1.0,15.075434744468433,201.04447914299817,0.033713441466655544,2001
v0,Fccn-r1,Fccn,P_seed2,26,40,21,0.525,15,15,1.0,15.877225646934065,201.04447914299817,0.033713441466655544,2001
v0,Fccn-r1,Fccn,P_seed2,27,40,20,0.5,15,15,1.0,15.840787939544732,201.04447914299817,0.033713441466655544,2001
v0,Fccn-r1,Fccn,P_seed2,28,40,20,0.5,15,15,1.0,15.937339707076253,201.04447914299817,0.033713441466655544,2001
v0,Fccn-r1,Fccn,P_seed2,29,40,21,0.525,15,15,1.0,14.679145031371489,201.04447914299817,0.033713441466655544,2001
v0,Fccn-r1,Fccn,P_w10,0,40,20,0.5,15,15,1.0,15.886999954898462,209.0034899300008,0.10253440493324888,2001
v0,Fccn-r1,Fccn,P_w10,1,40,20,0.5,15,15,1.0,15.117730623543155,209.0034899300008,0.10253440493324888,2001
v0,Fccn-r1,Fccn,P_w10,2,40,23,0.575,15,15,1.0,13.82562300765533,209.0034899300008,0.10253440493324888,2001
v0,Fccn-r1,Fccn,P_w10,3,40,23,0.575,15,15,1.0,13.559758311486487,209.0034899300008,0.10253440493324888,2001
v0,Fccn-r1,Fccn,P_w10,4,40,23,0.575,15,15,1.0,13.990055964866722,209.0034899300008,0.10253440493324888,2001
v0,Fccn-r1,Fccn,P_w10,5,40,21,0.525,15,15,1.0,15.998211003081035,209.0034899300008,0.10253440493324888,2001
v0,Fccn-r1,Fccn,P_w10,6,40,21,0.525,15,15,1.0,14.937641712697488,209.0034899300008,0.10253440493324888,2001
v0,Fccn-r1,Fccn,P_w10,7,40,20,0.5,15,15,1.0,15.004961146298825,209.0034899300008,0.10253440493324888,2001
v0,Fccn-r1,Fccn,P_w10,8,40,20,0.5,15,15,1.0,16.293506395538348,209.0034899300008,0.10253440493324888,2001
v0,Fccn-r1,Fccn,P_w10,9,40,19,0.475,15,15,1.0,15.49159008174277,209.0034899300008,0.10253440493324888,2001
v0,Fccn-r1,Fccn,P_w10,10,40,20,0.5,15,15,1.0,15.758633190530947,209.0034899300008,0.10253440493324888,2001
v0,Fccn-r1,Fccn,P_w10,11,40,24,0.6,15,15,1.0,13.560283398628327,209.0034899300008,0.10253440493324888,2001
v0,Fccn-r1,Fccn,P_w10,12,40,22,0.55,15,15,1.0,14.411122127915819,209.0034899300008,0.10253440493324888,2001
v0,Fccn-r1,Fccn,P_w10,13,40,20,0.5,15,15,1.0,15.42711581686883,209.0034899300008,0.10253440493324888,2001
v0,Fccn-r1,Fccn,P_w10,14,40,21,0.525,15,15,1.0,15.617124371381083,209.0034899300008,0.10253440493324888,2001
v0,Fccn-r1,Fccn,P_w10,15,40,19,0.475,15,15,1.0,15.174452927927998,209.0034899300008,0.10253440493324888,2001
v0,Fccn-r1,Fccn,P_w10,16,40,23,0.575,15,15,1.0,14.73576460267453,209.0034899300008,0.10253440493324888,2001
v0,Fccn-r1,Fccn,P_w10,17,40,19,0.475,15,15,1.0,16.24622863541115,209.0034899300008,0.10253440493324888,2001
v0,Fccn-r1,Fccn,P_w10,18,40,22,0.55,15,15,1.0,14.36761439895939,209.0034899300008,0.10253440493324888,2001
v0,Fccn-r1,Fccn,P_w10,19,40,20,0.5,15,15,1.0,15.452281742601983,209.0034899300008,0.10253440493324888,2001
v0,Fccn-r1,Fccn,P_w10,20,40,21,0.525,15,15,1.0,15.849367857465495,209.0034899300008,0.10253440493324888,2001
v0,Fccn-r1,Fccn,P_w10,21,40,21,0.525,15,15,1.0,13.633748577948044,209.0034899300008,0.10253440493324888,2001
v0,Fccn-r1,Fccn,P_w10,22,40,20,0.5,15,15,1.0,14.335628486939749,209.0034899300008,0.10253440493324888,2001
v0,Fccn-r1,Fccn,P_w10,23,40,22,0.55,15,15,1.0,15.203186312512413,209.0034899300008,0.10253440493324888,2001
v0,Fccn-r1,Fccn,P_w10,24,40,21,0.525,15,15,1.0,15.634791245247277,209.0034899300008,0.10253440493324888,2001
v0,Fccn-r1,Fccn,P_w10,25,40,20,0.5,15,15,1.0,14.531871082645127,209.0034899300008,0.10253440493324888,2001
v0,Fccn-r1,Fccn,P_w10,26,40,21,0.525,15,15,1.0,15.27612419802486,209.0034899300008,0.10253440493324888,2001
v0,Fccn-r1,Fccn,P_w10,27,40,22,0.55,15,15,1.0,15.13676679743033,209.0034899300008,0.10253440493324888,2001
v0,Fccn-r1,Fccn,P_w10,28,40,19,0.475,15,15,1.0,15.627094160764157,209.0034899300008,0.10253440493324888,2001
v0,Fccn-r1,Fccn,P_w10,29,40,21,0.525,15,15,1.0,14.967686727239233,209.0034899300008,0.10253440493324888,2001
v0,Fccn-r1,Fccn,P_w3,0,40,22,0.55,15,15,1.0,14.211263026446652,195.956723624,0.05933084446672486,2001
v0,Fccn-r1,Fccn,P_w3,1,40,22,0.55,15,15,1.0,13.743439664695718,195.956723624,0.05933084446672486,2001
v0,Fccn-r1,Fccn,P_w3,2,40,22,0.55,15,15,1.0,12.813104924197336,195.956723624,0.05933084446672486,2001
v0,Fccn-r1,Fccn,P_w3,3,40,22,0.55,15,15,1.0,13.304341128373515,195.956723624,0.05933084446672486,2001
v0,Fccn-r1,Fccn,P_w3,4,40,22,0.55,15,15,1.0,14.411746173363847,195.956723624,0.05933084446672486,2001
v0,Fccn-r1,Fccn,P_w3,5,40,20,0.5,15,15,1.0,15.714555370134908,195.956723624,0.05933084446672486,2001
v0,Fccn-r1,Fccn,P_w3,6,40,22,0.55,15,15,1.0,14.098738964483799,195.956723624,0.05933084446672486,2001
v0,Fccn-r1,Fccn,P_w3,7,40,19,0.475,15,15,1.0,15.226402570195031,195.956723624,0.05933084446672486,2001
v0,Fccn-r1,Fccn,P_w3,8,40,20,0.5,15,15,1.0,16.038900477087935,195.956723624,0.05933084446672486,2001
v0,Fccn-r1,Fccn,P_w3,9,40,20,0.5,15,15,1.0,14.922558499992421,195.956723624,0.05933084446672486,2001
v0,Fccn-r1,Fccn,P_w3,10,40,21,0.525,15,15,1.0,15.003521308675806,195.956723624,0.05933084446672486,2001
v0,Fccn-r1,Fccn,P_w3,11,40,24,0.6,15,15,1.0,12.577454162590083,195.956723624,0.05933084446672486,2001
v0,Fccn-r1,Fccn,P_w3,12,40,23,0.575,15,15,1.0,13.719067459519367,195.956723624,0.05933084446672486,2001
v0,Fccn-r1,Fccn,P_w3,13,40,20,0.5,15,15,1.0,14.945001000071512,195.956723624,0.05933084446672486,2001
v0,Fccn-r1,Fccn,P_w3,14,40,20,0.5,15,15,1.0,14.870492508007667,195.956723624,0.05933084446672486,2001
v0,Fccn-r1,Fccn,P_w3,15,40,19,0.475,15,15,1.0,14.588356098540954,195.956723624,0.05933084446672486,2001
v0,Fccn-r1,Fccn,P_w3,16,40,24,0.6,15,15,1.0,13.562633930749826,195.956723624,0.05933084446672486,2001
v0,Fccn-r1,Fccn,P_w3,17,40,20,0.5,15,15,1.0,15.610083133638867,195.956723624,0.05933084446672486,2001
v0,Fccn-r1,Fccn,P_w3,18,40,22,0.55,15,15,1.0,14.276158633125116,195.956723624,0.05933084446672486,2001
v0,Fccn-r1,Fccn,P_w3,19,40,21,0.525,15,15,1.0,14.731146780576083,195.956723624,0.05933084446672486,2001
v0,Fccn-r1,Fccn,P_w3,20,40,21,0.525,15,15,1.0,15.948016956210813,195.956723624,0.05933084446672486,2001
v0,Fccn-r1,Fccn,P_w3,21,40,19,0.475,15,15,1.0,13.822100211743747,195.956723624,0.05933084446672486,2001
v0,Fccn-r1,Fccn,P_w3,22,40,19,0.475,15,15,1.0,14.1828656363849,195.956723624,0.05933084446672486,2001
v0,Fccn-r1,Fccn,P_w3,23,40,22,0.55,15,15,1.0,14.525102948183664,195.956723624,0.05933084446672486,2001
v0,Fccn-r1,Fccn,P_w3,24,40,22,0.55,15,15,1.0,14.566856112965592,195.956723624,0.05933084446672486,2001
v0,Fccn-r1,Fccn,P_w3,25,40,20,0.5,15,15,1.0,13.505537325386754,195.956723624,0.05933084446672486,2001
v0,Fccn-r1,Fccn,P_w3,26,40,22,0.55,15,15,1.0,13.776108556919286,195.956723624,0.05933084446672486,2001
v0,Fccn-r1,Fccn,P_w3,27,40,21,0.525,15,15,1.0,13.8607033773042,195.956723624,0.05933084446672486,2001
v0,Fccn-r1,Fccn,P_w3,28,40,20,0.5,15,15,1.0,14.938771277289417,195.956723624,0.05933084446672486,2001
v0,Fccn-r1,Fccn,P_w3,29,40,22,0.55,15,15,1.0,13.769526818535985,195.956723624,0.05933084446672486,2001
