set_id,scenario_id,topology_id,variant,trajectory_method,realization_id,value,ratio,status,runtime_s,variables,rows,nonzeros
rescuenet,Agis-r0,Agis,ground_only,,0,17.408595175501432,0.4352148793875358,optimal,0.2765015119948657,7486,15518,40849
rescuenet,Agis-r0,Agis,ground_only,,1,17.408595175501432,0.4352148793875358,optimal,0.2888902650011005,7486,15518,40849
rescuenet,Agis-r0,Agis,ground_only,,2,17.408595175501432,0.4352148793875358,optimal,0.26894661400001496,7486,15518,40849
rescuenet,Agis-r0,Agis,ground_only,,3,17.408595175501432,0.4352148793875358,optimal,0.2437603250000393,7486,15518,40849
rescuenet,Agis-r0,Agis,ground_only,,4,17.408595175501432,0.4352148793875358,optimal,0.31542426600208273,7486,15518,40849
rescuenet,Agis-r0,Agis,ground_only,,5,17.408595175501432,0.4352148793875358,optimal,0.3938266519980971,7486,15518,40849
rescuenet,Agis-r0,Agis,ground_only,,6,17.408595175501432,0.4352148793875358,optimal,0.3059573439968517,7486,15518,40849
rescuenet,Agis-r0,Agis,ground_only,,7,17.408595175501432,0.4352148793875358,optimal,0.3197614210002939,7486,15518,40849
rescuenet,Agis-r0,Agis,ground_only,,8,17.408595175501432,0.4352148793875358,optimal,0.2640373419999378,7486,15518,40849
rescuenet,Agis-r0,Agis,ground_only,,9,17.408595175501432,0.4352148793875358,optimal,0.2353285830031382,7486,15518,40849
rescuenet,Agis-r0,Agis,ground_only,,10,17.408595175501432,0.4352148793875358,optimal,0.23626031599997077,7486,15518,40849
rescuenet,Agis-r0,Agis,ground_only,,11,17.408595175501432,0.4352148793875358,optimal,0.24647373300103936,7486,15518,40849
rescuenet,Agis-r0,Agis,ground_only,,12,17.408595175501432,0.4352148793875358,optimal,0.25946381699759513,7486,15518,40849
rescuenet,Agis-r0,Agis,ground_only,,13,17.408595175501432,0.4352148793875358,optimal,0.2848453970000264,7486,15518,40849
rescuenet,Agis-r0,Agis,ground_only,,14,17.408595175501432,0.4352148793875358,optimal,0.23501946100441273,7486,15518,40849
rescuenet,Agis-r0,Agis,ground_only,,15,17.408595175501432,0.4352148793875358,optimal,0.2637049230033881,7486,15518,40849
rescuenet,Agis-r0,Agis,ground_only,,16,17.408595175501432,0.4352148793875358,optimal,0.235081150996848,7486,15518,40849
rescuenet,Agis-r0,Agis,ground_only,,17,17.408595175501432,0.4352148793875358,optimal,0.23990408000099706,7486,15518,40849
rescuenet,Agis-r0,Agis,ground_only,,18,17.408595175501432,0.4352148793875358,optimal,0.24660127099923557,7486,15518,40849
rescuenet,Agis-r0,Agis,ground_only,,19,17.408595175501432,0.4352148793875358,optimal,0.23338625999895157,7486,15518,40849
rescuenet,Agis-r0,Agis,ground_only,,20,17.408595175501432,0.4352148793875358,optimal,0.23064465800416656,7486,15518,40849
rescuenet,Agis-r0,Agis,ground_only,,21,17.408595175501432,0.4352148793875358,optimal,0.2720106519991532,7486,15518,40849
rescuenet,Agis-r0,Agis,ground_only,,22,17.408595175501432,0.4352148793875358,optimal,0.23309899200103246,7486,15518,40849
rescuenet,Agis-r0,Agis,ground_only,,23,17.408595175501432,0.4352148793875358,optimal,0.2794311949983239,7486,15518,40849
rescuenet,Agis-r0,Agis,ground_only,,24,17.408595175501432,0.4352148793875358,optimal,0.23694383000110975,7486,15518,40849
rescuenet,Agis-r0,Agis,ground_only,,25,17.408595175501432,0.4352148793875358,optimal,0.24833592499635415,7486,15518,40849
rescuenet,Agis-r0,Agis,ground_only,,26,17.408595175501432,0.4352148793875358,optimal,0.23658778100070776,7486,15518,40849
rescuenet,Agis-r0,Agis,ground_only,,27,17.408595175501432,0.4352148793875358,optimal,0.23714566700073192,7486,15518,40849
rescuenet,Agis-r0,Agis,ground_only,,28,17.408595175501432,0.4352148793875358,optimal,0.23646953699790174,7486,15518,40849
rescuenet,Agis-r0,Agis,ground_only,,29,17.408595175501432,0.4352148793875358,optimal,0.2490393900006893,7486,15518,40849
rescuenet,Agis-r0,Agis,trajectory,B1,0,23.86658096386579,0.5966645240966447,optimal,1.570529381999222,32829,61157,214625
rescuenet,Agis-r0,Agis,trajectory,B1,1,22.193676494643444,0.5548419123660862,optimal,1.6083766509982524,32829,61157,214625
rescuenet,Agis-r0,Agis,trajectory,B1,2,23.231654360093163,0.580791359002329,optimal,1.8632982980052475,32829,61157,214625
rescuenet,Agis-r0,Agis,trajectory,B1,3,23.521429298287728,0.5880357324571932,optimal,1.9412520929981838,32829,61157,214625
rescuenet,Agis-r0,Agis,trajectory,B1,4,23.098044061365805,0.5774511015341451,optimal,1.8091764999990119,32829,61157,214625
rescuenet,Agis-r0,Agis,trajectory,B1,5,23.902544285138962,0.597563607128474,optimal,1.5528380710020429,32829,61157,214625
rescuenet,Agis-r0,Agis,trajectory,B1,6,22.887122831227888,0.5721780707806972,optimal,1.6224920859967824,32829,61157,214625
rescuenet,Agis-r0,Agis,trajectory,B1,7,23.738014936855947,0.5934503734213987,optimal,1.5934533269974054,32829,61157,214625
rescuenet,Agis-r0,Agis,trajectory,B1,8,22.3496811281966,0.558742028204915,optimal,1.5908731340023223,32829,61157,214625
rescuenet,Agis-r0,Agis,trajectory,B1,9,23.36531787994558,0.5841329469986395,optimal,1.4912667230018997,32829,61157,214625
rescuenet,Agis-r0,Agis,trajectory,B1,10,20.91180708059412,0.522795177014853,optimal,1.5078124450010364,32829,61157,214625
rescuenet,Agis-r0,Agis,trajectory,B1,11,22.681590425892892,0.5670397606473223,optimal,1.4589964210026665,32829,61157,214625
rescuenet,Agis-r0,Agis,trajectory,B1,12,22.713570695643963,0.567839267391099,optimal,1.5074250300021959,32829,61157,214625
rescuenet,Agis-r0,Agis,trajectory,B1,13,23.296334173309273,0.5824083543327319,optimal,1.5111134780017892,32829,61157,214625
rescuenet,Agis-r0,Agis,trajectory,B1,14,22.54045573784057,0.5635113934460143,optimal,1.7693227489944547,32829,61157,214625
rescuenet,Agis-r0,Agis,trajectory,B1,15,22.9811502461925,0.5745287561548125,optimal,1.565865433003637,32829,61157,214625
rescuenet,Agis-r0,Agis,trajectory,B1,16,22.68877494868154,0.5672193737170386,optimal,1.7195884699976887,32829,61157,214625
rescuenet,Agis-r0,Agis,trajectory,B1,17,21.025535741701873,0.5256383935425468,optimal,1.7343004990034387,32829,61157,214625
rescuenet,Agis-r0,Agis,trajectory,B1,18,22.97432737986248,0.574358184496562,optimal,1.6649698030014406,32829,61157,214625
rescuenet,Agis-r0,Agis,trajectory,B1,19,23.879146107195062,0.5969786526798766,optimal,1.5093582740009879,32829,61157,214625
rescuenet,Agis-r0,Agis,trajectory,B1,20,22.783989625723294,0.5695997406430824,optimal,1.4788757030037232,32829,61157,214625
rescuenet,Agis-r0,Agis,trajectory,B1,21,23.303836367976658,0.5825959091994164,optimal,1.4916771620046347,32829,61157,214625
rescuenet,Agis-r0,Agis,trajectory,B1,22,22.043770324338446,0.5510942581084611,optimal,1.4783342299997457,32829,61157,214625
rescuenet,Agis-r0,Agis,trajectory,B1,23,22.659376929971433,0.5664844232492858,optimal,1.6838708680006675,32829,61157,214625
rescuenet,Agis-r0,Agis,trajectory,B1,24,23.382471780602817,0.5845617945150704,optimal,1.8476951569973608,32829,61157,214625
rescuenet,Agis-r0,Agis,trajectory,B1,25,23.414016097712683,0.5853504024428171,optimal,1.9152231469997787,32829,61157,214625
rescuenet,Agis-r0,Agis,trajectory,B1,26,23.989226273165787,0.5997306568291447,optimal,1.9381439589997171,32829,61157,214625
rescuenet,Agis-r0,Agis,trajectory,B1,27,23.614427793311656,0.5903606948327914,optimal,1.4944141209998634,32829,61157,214625
rescuenet,Agis-r0,Agis,trajectory,B1,28,23.979415696117055,0.5994853924029264,optimal,1.5748120700009167,32829,61157,214625
rescuenet,Agis-r0,Agis,trajectory,B1,29,23.85158865607633,0.5962897164019083,optimal,1.5483604570035823,32829,61157,214625
rescuenet,Agis-r0,Agis,trajectory,B2,0,28.716672597696498,0.7179168149424124,optimal,2.435243036998145,32829,61157,214625
rescuenet,Agis-r0,Agis,trajectory,B2,1,26.917751380914336,0.6729437845228584,optimal,2.222601470995869,32829,61157,214625
rescuenet,Agis-r0,Agis,trajectory,B2,2,26.604526490344714,0.6651131622586178,optimal,2.4055595000027097,32829,61157,214625
rescuenet,Agis-r0,Agis,trajectory,B2,3,27.407841658087914,0.6851960414521978,optimal,2.205974727003195,32829,61157,214625
rescuenet,Agis-r0,Agis,trajectory,B2,4,27.2824215402696,0.68206053850674,optimal,2.245110461000877,32829,61157,214625
rescuenet,Agis-r0,Agis,trajectory,B2,5,28.229589171458212,0.7057397292864553,optimal,2.0633998470002552,32829,61157,214625
rescuenet,Agis-r0,Agis,trajectory,B2,6,27.50626432318638,0.6876566080796594,optimal,2.3528570540001965,32829,61157,214625
rescuenet,Agis-r0,Agis,trajectory,B2,7,29.37322595443421,0.7343306488608553,optimal,2.4488626820020727,32829,61157,214625
rescuenet,Agis-r0,Agis,trajectory,B2,8,25.087693031824795,0.6271923257956199,optimal,2.07943919099489,32829,61157,214625
rescuenet,Agis-r0,Agis,trajectory,B2,9,29.916311532302835,0.7479077883075709,optimal,2.546542814998247,32829,61157,214625
rescuenet,Agis-r0,Agis,trajectory,B2,10,26.19170506036343,0.6547926265090858,optimal,2.2249234370028717,32829,61157,214625
rescuenet,Agis-r0,Agis,trajectory,B2,11,26.52648445895859,0.6631621114739648,optimal,2.339162629999919,32829,61157,214625
rescuenet,Agis-r0,Agis,trajectory,B2,12,28.779796538546055,0.7194949134636514,optimal,2.214607027999591,32829,61157,214625
rescuenet,Agis-r0,Agis,trajectory,B2,13,29.055355787772545,0.7263838946943136,optimal,2.6377038650025497,32829,61157,214625
rescuenet,Agis-r0,Agis,trajectory,B2,14,27.534473891044733,0.6883618472761184,optimal,2.6402299480032525,32829,61157,214625
rescuenet,Agis-r0,Agis,trajectory,B2,15,27.995273418118718,0.6998818354529679,optimal,2.9049162349983817,32829,61157,214625
rescuenet,Agis-r0,Agis,trajectory,B2,16,27.639587069538447,0.6909896767384611,optimal,2.967956360000244,32829,61157,214625
rescuenet,Agis-r0,Agis,trajectory,B2,17,27.18026396350071,0.6795065990875178,optimal,2.6804175969955395,32829,61157,214625
rescuenet,Agis-r0,Agis,trajectory,B2,18,28.80883797032443,0.7202209492581108,optimal,2.6640331739981775,32829,61157,214625
rescuenet,Agis-r0,Agis,trajectory,B2,19,28.71640225945839,0.7179100564864598,optimal,2.2493485950035392,32829,61157,214625
rescuenet,Agis-r0,Agis,trajectory,B2,20,28.891238445899415,0.7222809611474854,optimal,2.416327918996103,32829,61157,214625
rescuenet,Agis-r0,Agis,trajectory,B2,21,27.978938381879697,0.6994734595469925,optimal,2.2266986789982184,32829,61157,214625
rescuenet,Agis-r0,Agis,trajectory,B2,22,27.277265331809097,0.6819316332952274,optimal,2.1961906110009295,32829,61157,214625
rescuenet,Agis-r0,Agis,trajectory,B2,23,27.521143615570832,0.6880285903892708,optimal,2.5273870780001744,32829,61157,214625
rescuenet,Agis-r0,Agis,trajectory,B2,24,27.54295908721993,0.6885739771804983,optimal,2.315924074006034,32829,61157,214625
rescuenet,Agis-r0,Agis,trajectory,B2,25,26.71757052529454,0.6679392631323635,optimal,2.270282243996917,32829,61157,214625
rescuenet,Agis-r0,Agis,trajectory,B2,26,28.54504501020862,0.7136261252552155,optimal,2.823746032998315,32829,61157,214625
rescuenet,Agis-r0,Agis,trajectory,B2,27,27.566185269046468,0.6891546317261616,optimal,2.444324197997048,32829,61157,214625
rescuenet,Agis-r0,Agis,trajectory,B2,28,29.200955487221677,0.7300238871805419,optimal,2.6833318680000957,32829,61157,214625
rescuenet,Agis-r0,Agis,trajectory,B2,29,28.915249902905067,0.7228812475726267,optimal,2.5838976220038603,32829,61157,214625
rescuenet,Agis-r0,Agis,trajectory,P,0,28.937564590044527,0.7234391147511132,optimal,3.0953360600033193,32829,61157,214625
rescuenet,Agis-r0,Agis,trajectory,P,1,27.871808326332264,0.6967952081583066,optimal,2.717915090994211,32829,61157,214625
rescuenet,Agis-r0,Agis,trajectory,P,2,26.739092078162756,0.6684773019540688,optimal,2.8408772309994674,32829,61157,214625
rescuenet,Agis-r0,Agis,trajectory,P,3,27.4817566434453,0.6870439160861326,optimal,2.34648633699544,32829,61157,214625
rescuenet,Agis-r0,Agis,trajectory,P,4,26.89897879445375,0.6724744698613437,optimal,2.2221360399998957,32829,61157,214625
rescuenet,Agis-r0,Agis,trajectory,P,5,29.40062970776372,0.735015742694093,optimal,2.1835917420030455,32829,61157,214625
rescuenet,Agis-r0,Agis,trajectory,P,6,28.500680907208736,0.7125170226802184,optimal,2.1233103630002006,32829,61157,214625
rescuenet,Agis-r0,Agis,trajectory,P,7,29.635535550394156,0.7408883887598539,optimal,2.3937410270009423,32829,61157,214625
rescuenet,Agis-r0,Agis,trajectory,P,8,26.541364548479077,0.6635341137119769,optimal,2.1345150790002663,32829,61157,214625
rescuenet,Agis-r0,Agis,trajectory,P,9,29.47556506225328,0.736889126556332,optimal,2.4477270459974534,32829,61157,214625
rescuenet,Agis-r0,Agis,trajectory,P,10,27.039386336335642,0.6759846584083911,optimal,2.322702452998783,32829,61157,214625
rescuenet,Agis-r0,Agis,trajectory,P,11,25.853554991208483,0.6463388747802121,optimal,2.568662724006572,32829,61157,214625
rescuenet,Agis-r0,Agis,trajectory,P,12,29.446631121443783,0.7361657780360946,optimal,2.279351631004829,32829,61157,214625
rescuenet,Agis-r0,Agis,trajectory,P,13,28.689865500588517,0.717246637514713,optimal,2.712608754998655,32829,61157,214625
rescuenet,Agis-r0,Agis,trajectory,P,14,28.86109368833605,0.7215273422084013,optimal,2.44424273599725,32829,61157,214625
rescuenet,Agis-r0,Agis,trajectory,P,15,27.75085072112688,0.693771268028172,optimal,2.681061591996695,32829,61157,214625
rescuenet,Agis-r0,Agis,trajectory,P,16,27.417191953085048,0.6854297988271262,optimal,2.202129920995503,32829,61157,214625
rescuenet,Agis-r0,Agis,trajectory,P,17,27.50107504049441,0.6875268760123603,optimal,2.130379931993957,32829,61157,214625
rescuenet,Agis-r0,Agis,trajectory,P,18,28.80427870958509,0.7201069677396272,optimal,2.3238615570007823,32829,61157,214625
rescuenet,Agis-r0,Agis,trajectory,P,19,28.729086050715388,0.7182271512678847,optimal,2.4250221039983444,32829,61157,214625
rescuenet,Agis-r0,Agis,trajectory,P,20,29.3359293469499,0.7333982336737475,optimal,2.4290931159994216,32829,61157,214625
rescuenet,Agis-r0,Agis,trajectory,P,21,28.320065294060978,0.7080016323515245,optimal,2.533696175996738,32829,61157,214625
rescuenet,Agis-r0,Agis,trajectory,P,22,28.33582838094448,0.708395709523612,optimal,2.68373503699695,32829,61157,214625
rescuenet,Agis-r0,Agis,trajectory,P,23,27.32546536291164,0.683136634072791,optimal,3.012450186004571,32829,61157,214625
rescuenet,Agis-r0,Agis,trajectory,P,24,27.623753719755683,0.690593842993892,optimal,2.6087131530002807,32829,61157,214625
rescuenet,Agis-r0,Agis,trajectory,P,25,27.72974516639675,0.6932436291599188,optimal,2.419368052003847,32829,61157,214625
rescuenet,Agis-r0,Agis,trajectory,P,26,28.5127216258169,0.7128180406454225,optimal,2.3734922490039025,32829,61157,214625
rescuenet,Agis-r0,Agis,trajectory,P,27,27.514897841145846,0.6878724460286462,optimal,2.7923308969984646,32829,61157,214625
rescuenet,Agis-r0,Agis,trajectory,P,28,29.285420417669897,0.7321355104417474,optimal,2.707653237004706,32829,61157,214625
rescuenet,Agis-r0,Agis,trajectory,P,29,28.002259054611798,0.700056476365295,optimal,2.326775372996053,32829,61157,214625
rescuenet,Agis-r0,Agis,trajectory,TRAN,0,36.18701935330619,0.9046754838326547,optimal,2.3589556320002885,32829,61157,214625
rescuenet,Agis-r0,Agis,trajectory,TRAN,1,36.87670238352583,0.9219175595881458,optimal,2.2375422619952587,32829,61157,214625
rescuenet,Agis-r0,Agis,trajectory,TRAN,2,35.436228535460245,0.8859057133865061,optimal,2.488743424000859,32829,61157,214625
rescuenet,Agis-r0,Agis,trajectory,TRAN,3,36.67743650814146,0.9169359127035366,optimal,2.2240173350000987,32829,61157,214625
rescuenet,Agis-r0,Agis,trajectory,TRAN,4,35.97392980184998,0.8993482450462494,optimal,2.2271600399981253,32829,61157,214625
rescuenet,Agis-r0,Agis,trajectory,TRAN,5,37.59923250988745,0.9399808127471863,optimal,2.243332869002188,32829,61157,214625
rescuenet,Agis-r0,Agis,trajectory,TRAN,6,36.677205135831755,0.9169301283957939,optimal,2.7333819920022506,32829,61157,214625
rescuenet,Agis-r0,Agis,trajectory,TRAN,7,36.52154295331553,0.9130385738328883,optimal,2.797098429000471,32829,61157,214625
rescuenet,Agis-r0,Agis,trajectory,TRAN,8,36.513973410325484,0.912849335258137,optimal,2.1462677539966535,32829,61157,214625
rescuenet,Agis-r0,Agis,trajectory,TRAN,9,37.81096907115434,0.9452742267788585,optimal,2.7185122880036943,32829,61157,214625
rescuenet,Agis-r0,Agis,trajectory,TRAN,10,35.98984332496165,0.8997460831240411,optimal,2.3844206720023067,32829,61157,214625
rescuenet,Agis-r0,Agis,trajectory,TRAN,11,35.66623896271442,0.8916559740678605,optimal,2.6485273579964996,32829,61157,214625
rescuenet,Agis-r0,Agis,trajectory,TRAN,12,37.79447337090291,0.9448618342725726,optimal,2.3811326130016823,32829,61157,214625
rescuenet,Agis-r0,Agis,trajectory,TRAN,13,37.24434275624995,0.9311085689062487,optimal,2.862519260001136,32829,61157,214625
rescuenet,Agis-r0,Agis,trajectory,TRAN,14,36.34021145824298,0.9085052864560745,optimal,2.655071594999754,32829,61157,214625
rescuenet,Agis-r0,Agis,trajectory,TRAN,15,36.519714389358114,0.9129928597339528,optimal,2.9314450539968675,32829,61157,214625
rescuenet,Agis-r0,Agis,trajectory,TRAN,16,37.53471559971922,0.9383678899929805,optimal,2.6055240579953534,32829,61157,214625
rescuenet,Agis-r0,Agis,trajectory,TRAN,17,36.880437806866006,0.9220109451716502,optimal,2.5628339179966133,32829,61157,214625
rescuenet,Agis-r0,Agis,trajectory,TRAN,18,36.84766409596418,0.9211916023991045,optimal,2.380332401000487,32829,61157,214625
rescuenet,Agis-r0,Agis,trajectory,TRAN,19,36.41583306526823,0.9103958266317058,optimal,2.4735205070028314,32829,61157,214625
rescuenet,Agis-r0,Agis,trajectory,TRAN,20,36.99671591103655,0.9249178977759138,optimal,2.254555324005196,32829,61157,214625
rescuenet,Agis-r0,Agis,trajectory,TRAN,21,37.044987126358386,0.9261246781589596,optimal,2.4801533779973397,32829,61157,214625
rescuenet,Agis-r0,Agis,trajectory,TRAN,22,37.41836050261128,0.935459012565282,optimal,2.327549875997647,32829,61157,214625
rescuenet,Agis-r0,Agis,trajectory,TRAN,23,36.096376402223164,0.9024094100555791,optimal,2.134880025005259,32829,61157,214625
rescuenet,Agis-r0,Agis,trajectory,TRAN,24,36.98709455124716,0.924677363781179,optimal,2.17527604100178,32829,61157,214625
rescuenet,Agis-r0,Agis,trajectory,TRAN,25,37.11924720341616,0.927981180085404,optimal,2.1757283299957635,32829,61157,214625
rescuenet,Agis-r0,Agis,trajectory,TRAN,26,36.61296207396607,0.9153240518491517,optimal,2.3678053929979797,32829,61157,214625
rescuenet,Agis-r0,Agis,trajectory,TRAN,27,36.658849688260254,0.9164712422065063,optimal,2.079487105998851,32829,61157,214625
rescuenet,Agis-r0,Agis,trajectory,TRAN,28,36.54081069105501,0.9135202672763751,optimal,2.5398615380036063,32829,61157,214625
rescuenet,Agis-r0,Agis,trajectory,TRAN,29,37.23235265799366,0.9308088164498415,optimal,2.6313272379993577,32829,61157,214625
rescuenet,Agis-r1,Agis,ground_only,,0,5.0,0.125,optimal,0.02652586500335019,1089,3050,7048
rescuenet,Agis-r1,Agis,ground_only,,1,5.0,0.125,optimal,0.02506502199685201,1089,3050,7048
rescuenet,Agis-r1,Agis,ground_only,,2,5.0,0.125,optimal,0.025412850998691283,1089,3050,7048
rescuenet,Agis-r1,Agis,ground_only,,3,5.0,0.125,optimal,0.0239751300032367,1089,3050,7048
rescuenet,Agis-r1,Agis,ground_only,,4,5.0,0.125,optimal,0.024628427003335673,1089,3050,7048
rescuenet,Agis-r1,Agis,ground_only,,5,5.0,0.125,optimal,0.0249771199960378,1089,3050,7048
rescuenet,Agis-r1,Agis,ground_only,,6,5.0,0.125,optimal,0.023742219993437175,1089,3050,7048
rescuenet,Agis-r1,Agis,ground_only,,7,5.0,0.125,optimal,0.023208103004435543,1089,3050,7048
rescuenet,Agis-r1,Agis,ground_only,,8,5.0,0.125,optimal,0.022778286998800468,1089,3050,7048
rescuenet,Agis-r1,Agis,ground_only,,9,5.0,0.125,optimal,0.02383088799979305,1089,3050,7048
rescuenet,Agis-r1,Agis,ground_only,,10,5.0,0.125,optimal,0.0237934580000001,1089,3050,7048
rescuenet,Agis-r1,Agis,ground_only,,11,5.0,0.125,optimal,0.022542181999597233,1089,3050,7048
rescuenet,Agis-r1,Agis,ground_only,,12,5.0,0.125,optimal,0.022334831999614835,1089,3050,7048
rescuenet,Agis-r1,Agis,ground_only,,13,5.0,0.125,optimal,0.022824026993475854,1089,3050,7048
rescuenet,Agis-r1,Agis,ground_only,,14,5.0,0.125,optimal,0.01888620400131913,1089,3050,7048
rescuenet,Agis-r1,Agis,ground_only,,15,5.0,0.125,optimal,0.02303004600253189,1089,3050,7048
rescuenet,Agis-r1,Agis,ground_only,,16,5.0,0.125,optimal,0.0193060739984503,1089,3050,7048
rescuenet,Agis-r1,Agis,ground_only,,17,5.0,0.125,optimal,0.023301296998397447,1089,3050,7048
rescuenet,Agis-r1,Agis,ground_only,,18,5.0,0.125,optimal,0.020168395996734034,1089,3050,7048
rescuenet,Agis-r1,Agis,ground_only,,19,5.0,0.125,optimal,0.023698674005572684,1089,3050,7048
rescuenet,Agis-r1,Agis,ground_only,,20,5.0,0.125,optimal,0.026208021998172626,1089,3050,7048
rescuenet,Agis-r1,Agis,ground_only,,21,5.0,0.125,optimal,0.01969747599650873,1089,3050,7048
rescuenet,Agis-r1,Agis,ground_only,,22,5.0,0.125,optimal,0.02421747699554544,1089,3050,7048
rescuenet,Agis-r1,Agis,ground_only,,23,5.0,0.125,optimal,0.02404110199859133,1089,3050,7048
rescuenet,Agis-r1,Agis,ground_only,,24,5.0,0.125,optimal,0.020100464003917295,1089,3050,7048
rescuenet,Agis-r1,Agis,ground_only,,25,5.0,0.125,optimal,0.025080491999688093,1089,3050,7048
rescuenet,Agis-r1,Agis,ground_only,,26,5.0,0.125,optimal,0.023636436999368016,1089,3050,7048
rescuenet,Agis-r1,Agis,ground_only,,27,5.0,0.125,optimal,0.020117768995987717,1089,3050,7048
rescuenet,Agis-r1,Agis,ground_only,,28,5.0,0.125,optimal,0.02281707400106825,1089,3050,7048
rescuenet,Agis-r1,Agis,ground_only,,29,5.0,0.125,optimal,0.023381330000120215,1089,3050,7048
rescuenet,Agis-r1,Agis,trajectory,B1,0,15.625717278500893,0.3906429319625223,optimal,1.689734491003037,31656,54292,215828
rescuenet,Agis-r1,Agis,trajectory,B1,1,17.023038823264574,0.42557597058161434,optimal,2.025272072001826,31656,54292,215828
rescuenet,Agis-r1,Agis,trajectory,B1,2,13.687810033345652,0.34219525083364133,optimal,1.8212944460028666,31656,54292,215828
rescuenet,Agis-r1,Agis,trajectory,B1,3,16.85433759303452,0.42135843982586296,optimal,1.6545760680019157,31656,54292,215828
rescuenet,Agis-r1,Agis,trajectory,B1,4,15.745956201368896,0.3936489050342224,optimal,1.7383466710016364,31656,54292,215828
rescuenet,Agis-r1,Agis,trajectory,B1,5,14.651603028246495,0.36629007570616234,optimal,1.7442136379977455,31656,54292,215828
rescuenet,Agis-r1,Agis,trajectory,B1,6,14.871408929172706,0.3717852232293176,optimal,1.7727072199995746,31656,54292,215828
rescuenet,Agis-r1,Agis,trajectory,B1,7,14.93255288822542,0.37331382220563547,optimal,1.976568757003406,31656,54292,215828
rescuenet,Agis-r1,Agis,trajectory,B1,8,14.338777657161172,0.3584694414290293,optimal,1.7589721819967963,31656,54292,215828
rescuenet,Agis-r1,Agis,trajectory,B1,9,15.07881140949778,0.37697028523744447,optimal,1.6320012319993111,31656,54292,215828
rescuenet,Agis-r1,Agis,trajectory,B1,10,14.03273437641681,0.3508183594104203,optimal,1.7550689600029727,31656,54292,215828
rescuenet,Agis-r1,Agis,trajectory,B1,11,15.470159859846904,0.3867539964961726,optimal,1.801998722999997,31656,54292,215828
rescuenet,Agis-r1,Agis,trajectory,B1,12,14.331878566779256,0.3582969641694814,optimal,2.040354862998356,31656,54292,215828
rescuenet,Agis-r1,Agis,trajectory,B1,13,13.882554332978339,0.34706385832445846,optimal,1.7972650059964508,31656,54292,215828
rescuenet,Agis-r1,Agis,trajectory,B1,14,14.356201820509781,0.35890504551274455,optimal,1.6264525029982906,31656,54292,215828
rescuenet,Agis-r1,Agis,trajectory,B1,15,15.335971449741306,0.38339928624353264,optimal,2.069694775993412,31656,54292,215828
rescuenet,Agis-r1,Agis,trajectory,B1,16,17.464169571784108,0.4366042392946027,optimal,2.231895841003279,31656,54292,215828
rescuenet,Agis-r1,Agis,trajectory,B1,17,14.323222785151467,0.35808056962878665,optimal,1.8953243430005386,31656,54292,215828
rescuenet,Agis-r1,Agis,trajectory,B1,18,16.97581388689524,0.424395347172381,optimal,2.118428451998625,31656,54292,215828
rescuenet,Agis-r1,Agis,trajectory,B1,19,14.069570754576246,0.35173926886440615,optimal,2.540924355998868,31656,54292,215828
rescuenet,Agis-r1,Agis,trajectory,B1,20,13.870223525171442,0.34675558812928603,optimal,2.4650052410070202,31656,54292,215828
rescuenet,Agis-r1,Agis,trajectory,B1,21,16.24655293318844,0.406163823329711,optimal,2.005312897999829,31656,54292,215828
rescuenet,Agis-r1,Agis,trajectory,B1,22,16.503283887221553,0.41258209718053884,optimal,2.6269951750000473,31656,54292,215828
rescuenet,Agis-r1,Agis,trajectory,B1,23,14.821401304216842,0.37053503260542103,optimal,2.5148090599977877,31656,54292,215828
rescuenet,Agis-r1,Agis,trajectory,B1,24,15.939904759869734,0.39849761899674335,optimal,2.11039236200304,31656,54292,215828
rescuenet,Agis-r1,Agis,trajectory,B1,25,15.246776498602998,0.38116941246507496,optimal,2.1352494270031457,31656,54292,215828
rescuenet,Agis-r1,Agis,trajectory,B1,26,15.039365247273041,0.37598413118182605,optimal,2.0348675080022076,31656,54292,215828
rescuenet,Agis-r1,Agis,trajectory,B1,27,13.72674545331882,0.3431686363329705,optimal,2.4683839690042078,31656,54292,215828
rescuenet,Agis-r1,Agis,trajectory,B1,28,15.199133777912571,0.3799783444478143,optimal,2.4462611970011494,31656,54292,215828
rescuenet,Agis-r1,Agis,trajectory,B1,29,14.227166006643888,0.3556791501660972,optimal,2.5499534680056968,31656,54292,215828
rescuenet,Agis-r1,Agis,trajectory,B2,0,19.258984623669477,0.48147461559173693,optimal,2.885687152003811,31656,54292,215828
rescuenet,Agis-r1,Agis,trajectory,B2,1,20.981236931856014,0.5245309232964004,optimal,3.4078674709962797,31656,54292,215828
rescuenet,Agis-r1,Agis,trajectory,B2,2,16.98834012173856,0.42470850304346397,optimal,2.8228936870000325,31656,54292,215828
rescuenet,Agis-r1,Agis,trajectory,B2,3,20.770448822456746,0.5192612205614187,optimal,3.188202696997905,31656,54292,215828
rescuenet,Agis-r1,Agis,trajectory,B2,4,19.56709183697441,0.4891772959243602,optimal,2.267712737004331,31656,54292,215828
rescuenet,Agis-r1,Agis,trajectory,B2,5,17.65510931790801,0.4413777329477003,optimal,2.6477986390018486,31656,54292,215828
rescuenet,Agis-r1,Agis,trajectory,B2,6,17.946463649698476,0.4486615912424619,optimal,2.538367000001017,31656,54292,215828
rescuenet,Agis-r1,Agis,trajectory,B2,7,19.49985434574593,0.48749635864364826,optimal,3.112196672002028,31656,54292,215828
rescuenet,Agis-r1,Agis,trajectory,B2,8,16.71324329109533,0.4178310822773833,optimal,2.7336436699988553,31656,54292,215828
rescuenet,Agis-r1,Agis,trajectory,B2,9,18.7205796403645,0.4680144910091125,optimal,2.68001186499896,31656,54292,215828
rescuenet,Agis-r1,Agis,trajectory,B2,10,18.75159875057933,0.46878996876448326,optimal,2.4950296730021364,31656,54292,215828
rescuenet,Agis-r1,Agis,trajectory,B2,11,19.612505599163825,0.49031263997909563,optimal,3.155000362996361,31656,54292,215828
rescuenet,Agis-r1,Agis,trajectory,B2,12,17.77918762998067,0.4444796907495167,optimal,2.8729342080041533,31656,54292,215828
rescuenet,Agis-r1,Agis,trajectory,B2,13,17.663263141005253,0.4415815785251313,optimal,2.9147743599969544,31656,54292,215828
rescuenet,Agis-r1,Agis,trajectory,B2,14,18.56725636423364,0.464181409105841,optimal,2.5395211760042002,31656,54292,215828
rescuenet,Agis-r1,Agis,trajectory,B2,15,18.833273360476504,0.4708318340119126,optimal,2.496517589999712,31656,54292,215828
rescuenet,Agis-r1,Agis,trajectory,B2,16,20.756344330182962,0.5189086082545741,optimal,3.0309464809979545,31656,54292,215828
rescuenet,Agis-r1,Agis,trajectory,B2,17,18.556425822769505,0.4639106455692376,optimal,2.340507398999762,31656,54292,215828
rescuenet,Agis-r1,Agis,trajectory,B2,18,19.078989615894283,0.4769747403973571,optimal,3.3949330519972136,31656,54292,215828
rescuenet,Agis-r1,Agis,trajectory,B2,19,19.71922224405925,0.4929805561014812,optimal,2.90888714799803,31656,54292,215828
rescuenet,Agis-r1,Agis,trajectory,B2,20,18.14390097798519,0.45359752444962975,optimal,2.4861493860007613,31656,54292,215828
rescuenet,Agis-r1,Agis,trajectory,B2,21,20.275642275628304,0.5068910568907076,optimal,2.9437667840029462,31656,54292,215828
rescuenet,Agis-r1,Agis,trajectory,B2,22,20.227234092171464,0.5056808523042866,optimal,2.560103618998255,31656,54292,215828
rescuenet,Agis-r1,Agis,trajectory,B2,23,19.530355143538493,0.48825887858846234,optimal,2.7349661819971516,31656,54292,215828
rescuenet,Agis-r1,Agis,trajectory,B2,24,18.61692560069255,0.4654231400173138,optimal,2.5752433620000375,31656,54292,215828
rescuenet,Agis-r1,Agis,trajectory,B2,25,17.280137743165707,0.43200344357914267,optimal,2.575159227999393,31656,54292,215828
rescuenet,Agis-r1,Agis,trajectory,B2,26,17.678293418217187,0.4419573354554297,optimal,2.8984907280027983,31656,54292,215828
rescuenet,Agis-r1,Agis,trajectory,B2,27,16.766261777617984,0.4191565444404496,optimal,2.7600390860025072,31656,54292,215828
rescuenet,Agis-r1,Agis,trajectory,B2,28,19.124055917543654,0.47810139793859135,optimal,3.2549517360021127,31656,54292,215828
rescuenet,Agis-r1,Agis,trajectory,B2,29,18.565861665784208,0.4641465416446052,optimal,2.5814287570028682,31656,54292,215828
rescuenet,Agis-r1,Agis,trajectory,P,0,19.197541021270638,0.47993852553176597,optimal,2.6021223759962595,31656,54292,215828
rescuenet,Agis-r1,Agis,trajectory,P,1,20.568553245725795,0.5142138311431449,optimal,3.4676489739940735,31656,54292,215828
rescuenet,Agis-r1,Agis,trajectory,P,2,16.348239346181273,0.4087059836545318,optimal,2.0399907550017815,31656,54292,215828
rescuenet,Agis-r1,Agis,trajectory,P,3,20.49113579407601,0.5122783948519002,optimal,3.084393322998949,31656,54292,215828
rescuenet,Agis-r1,Agis,trajectory,P,4,19.365426678683622,0.48413566696709054,optimal,2.8053969009997672,31656,54292,215828
rescuenet,Agis-r1,Agis,trajectory,P,5,17.732758128306585,0.4433189532076646,optimal,2.890416123002069,31656,54292,215828
rescuenet,Agis-r1,Agis,trajectory,P,6,18.30491077788765,0.4576227694471912,optimal,2.8365269919959246,31656,54292,215828
rescuenet,Agis-r1,Agis,trajectory,P,7,19.997896479651857,0.49994741199129644,optimal,2.472258867994242,31656,54292,215828
rescuenet,Agis-r1,Agis,trajectory,P,8,16.63831196308312,0.41595779907707797,optimal,2.3232990499964217,31656,54292,215828
rescuenet,Agis-r1,Agis,trajectory,P,9,18.243332400502982,0.45608331001257457,optimal,2.1869790620039566,31656,54292,215828
rescuenet,Agis-r1,Agis,trajectory,P,10,18.14640245374242,0.4536600613435605,optimal,2.5325708689997555,31656,54292,215828
rescuenet,Agis-r1,Agis,trajectory,P,11,19.174167265336216,0.4793541816334054,optimal,2.9581408859958174,31656,54292,215828
rescuenet,Agis-r1,Agis,trajectory,P,12,17.25611461873826,0.43140286546845646,optimal,2.640399792995595,31656,54292,215828
rescuenet,Agis-r1,Agis,trajectory,P,13,17.327255102365143,0.43318137755912856,optimal,2.3725369359963224,31656,54292,215828
rescuenet,Agis-r1,Agis,trajectory,P,14,18.06792790991644,0.451698197747911,optimal,2.4589262420049636,31656,54292,215828
rescuenet,Agis-r1,Agis,trajectory,P,15,18.958470092437555,0.47396175231093884,optimal,2.454984215000877,31656,54292,215828
rescuenet,Agis-r1,Agis,trajectory,P,16,19.845307373642488,0.49613268434106217,optimal,2.7365286819986068,31656,54292,215828
rescuenet,Agis-r1,Agis,trajectory,P,17,18.04781122720891,0.45119528068022274,optimal,2.3173700379993534,31656,54292,215828
rescuenet,Agis-r1,Agis,trajectory,P,18,18.94180003881439,0.47354500097035973,optimal,2.9721111339968047,31656,54292,215828
rescuenet,Agis-r1,Agis,trajectory,P,19,18.15231595888366,0.45380789897209145,optimal,3.082490782995592,31656,54292,215828
rescuenet,Agis-r1,Agis,trajectory,P,20,18.576052983975266,0.46440132459938166,optimal,2.332462978003605,31656,54292,215828
rescuenet,Agis-r1,Agis,trajectory,P,21,19.36962066925333,0.4842405167313332,optimal,2.562128040997777,31656,54292,215828
rescuenet,Agis-r1,Agis,trajectory,P,22,19.6843524925318,0.492108812313295,optimal,2.564241473999573,31656,54292,215828
rescuenet,Agis-r1,Agis,trajectory,P,23,18.645709364788424,0.4661427341197106,optimal,2.587473013998533,31656,54292,215828
rescuenet,Agis-r1,Agis,trajectory,P,24,17.735279558905095,0.44338198897262737,optimal,2.50434483600111,31656,54292,215828
rescuenet,Agis-r1,Agis,trajectory,P,25,17.529502749355,0.438237568733875,optimal,2.2971007519954583,31656,54292,215828
rescuenet,Agis-r1,Agis,trajectory,P,26,17.172976034646098,0.4293244008661524,optimal,2.3247281169969938,31656,54292,215828
rescuenet,Agis-r1,Agis,trajectory,P,27,17.295351830444325,0.43238379576110814,optimal,2.2401194749982096,31656,54292,215828
rescuenet,Agis-r1,Agis,trajectory,P,28,18.974765244777313,0.4743691311194328,optimal,2.6199211420025676,31656,54292,215828
rescuenet,Agis-r1,Agis,trajectory,P,29,17.12056741330318,0.4280141853325795,optimal,2.417283745999157,31656,54292,215828
rescuenet,Agis-r1,Agis,trajectory,TRAN,0,27.9541813539035,0.6988545338475876,optimal,2.591775565997523,31656,54292,215828
rescuenet,Agis-r1,Agis,trajectory,TRAN,1,28.104314242464522,0.702607856061613,optimal,2.4133003189999727,31656,54292,215828
rescuenet,Agis-r1,Agis,trajectory,TRAN,2,25.294647589130445,0.6323661897282611,optimal,2.480414475001453,31656,54292,215828
rescuenet,Agis-r1,Agis,trajectory,TRAN,3,25.811687603726607,0.6452921900931652,optimal,3.8144003209963557,31656,54292,215828
rescuenet,Agis-r1,Agis,trajectory,TRAN,4,27.866422867321617,0.6966605716830404,optimal,2.606088941996859,31656,54292,215828
rescuenet,Agis-r1,Agis,trajectory,TRAN,5,24.606787056788924,0.6151696764197231,optimal,2.25460910199763,31656,54292,215828
rescuenet,Agis-r1,Agis,trajectory,TRAN,6,26.006301995178212,0.6501575498794553,optimal,2.4586138949962333,31656,54292,215828
rescuenet,Agis-r1,Agis,trajectory,TRAN,7,27.32380063991424,0.6830950159978559,optimal,2.5836889800048084,31656,54292,215828
rescuenet,Agis-r1,Agis,trajectory,TRAN,8,26.473304596593724,0.6618326149148431,optimal,2.925552537002659,31656,54292,215828
rescuenet,Agis-r1,Agis,trajectory,TRAN,9,27.249668822318807,0.6812417205579702,optimal,3.0392984169957344,31656,54292,215828
rescuenet,Agis-r1,Agis,trajectory,TRAN,10,27.92867488181314,0.6982168720453286,optimal,2.1395781289975275,31656,54292,215828
rescuenet,Agis-r1,Agis,trajectory,TRAN,11,26.78157314678729,0.6695393286696822,optimal,2.0920125339980586,31656,54292,215828
rescuenet,Agis-r1,Agis,trajectory,TRAN,12,25.295829811885852,0.6323957452971463,optimal,2.1632393980034976,31656,54292,215828
rescuenet,Agis-r1,Agis,trajectory,TRAN,13,25.953641512029407,0.6488410378007352,optimal,2.1679595159948803,31656,54292,215828
rescuenet,Agis-r1,Agis,trajectory,TRAN,14,27.437908892560085,0.6859477223140021,optimal,2.252473466003721,31656,54292,215828
rescuenet,Agis-r1,Agis,trajectory,TRAN,15,26.440602146117254,0.6610150536529313,optimal,2.1738949219943606,31656,54292,215828
rescuenet,Agis-r1,Agis,trajectory,TRAN,16,27.931695749357615,0.6982923937339404,optimal,2.192700176005019,31656,54292,215828
rescuenet,Agis-r1,Agis,trajectory,TRAN,17,26.70828919336658,0.6677072298341644,optimal,2.3022917050038814,31656,54292,215828
rescuenet,Agis-r1,Agis,trajectory,TRAN,18,26.826196853320944,0.6706549213330236,optimal,2.669107602996519,31656,54292,215828
rescuenet,Agis-r1,Agis,trajectory,TRAN,19,26.726813791138603,0.668170344778465,optimal,2.273296870997001,31656,54292,215828
rescuenet,Agis-r1,Agis,trajectory,TRAN,20,25.843942642152136,0.6460985660538034,optimal,2.2303402199977427,31656,54292,215828
rescuenet,Agis-r1,Agis,trajectory,TRAN,21,27.440306920786444,0.6860076730196611,optimal,2.547022268001456,31656,54292,215828
rescuenet,Agis-r1,Agis,trajectory,TRAN,22,26.408704363783023,0.6602176090945756,optimal,2.642461850999098,31656,54292,215828
rescuenet,Agis-r1,Agis,trajectory,TRAN,23,25.90955057441576,0.647738764360394,optimal,2.6618922800043947,31656,54292,215828
rescuenet,Agis-r1,Agis,trajectory,TRAN,24,26.51764514767392,0.6629411286918481,optimal,3.1528667810052866,31656,54292,215828
rescuenet,Agis-r1,Agis,trajectory,TRAN,25,27.17760356766259,0.6794400891915647,optimal,2.941444413001591,31656,54292,215828
rescuenet,Agis-r1,Agis,trajectory,TRAN,26,27.058320963624258,0.6764580240906064,optimal,2.557783679003478,31656,54292,215828
rescuenet,Agis-r1,Agis,trajectory,TRAN,27,26.671325002354152,0.6667831250588538,optimal,2.964674060996913,31656,54292,215828
rescuenet,Agis-r1,Agis,trajectory,TRAN,28,25.51044883964194,0.6377612209910485,optimal,2.5560058129995014,31656,54292,215828
rescuenet,Agis-r1,Agis,trajectory,TRAN,29,28.09574542056263,0.7023936355140658,optimal,3.1895356720051495,31656,54292,215828
rescuenet,Agis-r2,Agis,ground_only,,0,11.0,0.275,optimal,0.1900257369998144,6034,12740,33057
rescuenet,Agis-r2,Agis,ground_only,,1,11.0,0.275,optimal,0.1899916469992604,6034,12740,33057
rescuenet,Agis-r2,Agis,ground_only,,2,11.0,0.275,optimal,0.19364894500176888,6034,12740,33057
rescuenet,Agis-r2,Agis,ground_only,,3,11.0,0.275,optimal,0.15615325399994617,6034,12740,33057
rescuenet,Agis-r2,Agis,ground_only,,4,11.0,0.275,optimal,0.19101107700407738,6034,12740,33057
rescuenet,Agis-r2,Agis,ground_only,,5,11.0,0.275,optimal,0.19207131899747765,6034,12740,33057
rescuenet,Agis-r2,Agis,ground_only,,6,11.0,0.275,optimal,0.15622677899955306,6034,12740,33057
rescuenet,Agis-r2,Agis,ground_only,,7,11.0,0.275,optimal,0.17584748700028285,6034,12740,33057
rescuenet,Agis-r2,Agis,ground_only,,8,11.0,0.275,optimal,0.20013884799845982,6034,12740,33057
rescuenet,Agis-r2,Agis,ground_only,,9,11.0,0.275,optimal,0.15692796399525832,6034,12740,33057
rescuenet,Agis-r2,Agis,ground_only,,10,11.0,0.275,optimal,0.1595109159970889,6034,12740,33057
rescuenet,Agis-r2,Agis,ground_only,,11,11.0,0.275,optimal,0.15838534499926027,6034,12740,33057
rescuenet,Agis-r2,Agis,ground_only,,12,11.0,0.275,optimal,0.18235705199913355,6034,12740,33057
rescuenet,Agis-r2,Agis,ground_only,,13,11.0,0.275,optimal,0.15357015799963847,6034,12740,33057
rescuenet,Agis-r2,Agis,ground_only,,14,11.0,0.275,optimal,0.1582598200038774,6034,12740,33057
rescuenet,Agis-r2,Agis,ground_only,,15,11.0,0.275,optimal,0.19620287999714492,6034,12740,33057
rescuenet,Agis-r2,Agis,ground_only,,16,11.0,0.275,optimal,0.15775733399641467,6034,12740,33057
rescuenet,Agis-r2,Agis,ground_only,,17,11.0,0.275,optimal,0.15389359300024807,6034,12740,33057
rescuenet,Agis-r2,Agis,ground_only,,18,11.0,0.275,optimal,0.18415265099611133,6034,12740,33057
rescuenet,Agis-r2,Agis,ground_only,,19,11.0,0.275,optimal,0.1510910459983279,6034,12740,33057
rescuenet,Agis-r2,Agis,ground_only,,20,11.0,0.275,optimal,0.16003958499641158,6034,12740,33057
rescuenet,Agis-r2,Agis,ground_only,,21,11.0,0.275,optimal,0.15358356799697503,6034,12740,33057
rescuenet,Agis-r2,Agis,ground_only,,22,11.0,0.275,optimal,0.31745411900192266,6034,12740,33057
rescuenet,Agis-r2,Agis,ground_only,,23,11.0,0.275,optimal,0.1552027919969987,6034,12740,33057
rescuenet,Agis-r2,Agis,ground_only,,24,11.0,0.275,optimal,0.2499952599973767,6034,12740,33057
rescuenet,Agis-r2,Agis,ground_only,,25,11.0,0.275,optimal,0.16017524900235003,6034,12740,33057
rescuenet,Agis-r2,Agis,ground_only,,26,11.0,0.275,optimal,0.2100785939983325,6034,12740,33057
rescuenet,Agis-r2,Agis,ground_only,,27,11.0,0.275,optimal,0.20520901499548927,6034,12740,33057
rescuenet,Agis-r2,Agis,ground_only,,28,11.0,0.275,optimal,0.2029743330058409,6034,12740,33057
rescuenet,Agis-r2,Agis,ground_only,,29,11.0,0.275,optimal,0.2605401670007268,6034,12740,33057
rescuenet,Agis-r2,Agis,trajectory,B1,0,16.75106479681597,0.4187766199203993,optimal,1.594517523997638,31325,57932,207291
rescuenet,Agis-r2,Agis,trajectory,B1,1,16.99330328642176,0.424832582160544,optimal,1.5454279450059403,31325,57932,207291
rescuenet,Agis-r2,Agis,trajectory,B1,2,15.882300944218743,0.3970575236054686,optimal,1.5374234749979223,31325,57932,207291
rescuenet,Agis-r2,Agis,trajectory,B1,3,16.153143729481247,0.4038285932370312,optimal,1.810496742000396,31325,57932,207291
rescuenet,Agis-r2,Agis,trajectory,B1,4,15.693134303005465,0.3923283575751366,optimal,1.723934638001083,31325,57932,207291
rescuenet,Agis-r2,Agis,trajectory,B1,5,15.341475481247361,0.38353688703118405,optimal,1.7769888859984349,31325,57932,207291
rescuenet,Agis-r2,Agis,trajectory,B1,6,17.14676676252268,0.428669169063067,optimal,1.9058158010011539,31325,57932,207291
rescuenet,Agis-r2,Agis,trajectory,B1,7,17.18012755799103,0.4295031889497758,optimal,1.6218473100016126,31325,57932,207291
rescuenet,Agis-r2,Agis,trajectory,B1,8,17.791414602933973,0.4447853650733493,optimal,1.9144217840002966,31325,57932,207291
rescuenet,Agis-r2,Agis,trajectory,B1,9,17.74357799409128,0.443589449852282,optimal,1.7122388130010222,31325,57932,207291
rescuenet,Agis-r2,Agis,trajectory,B1,10,16.756395018503476,0.4189098754625869,optimal,1.8085489410004811,31325,57932,207291
rescuenet,Agis-r2,Agis,trajectory,B1,11,17.88085682069588,0.44702142051739696,optimal,2.304418749998149,31325,57932,207291
rescuenet,Agis-r2,Agis,trajectory,B1,12,16.556574175309414,0.4139143543827354,optimal,1.7474378350016195,31325,57932,207291
rescuenet,Agis-r2,Agis,trajectory,B1,13,18.34691435446754,0.4586728588616885,optimal,1.6406289060032577,31325,57932,207291
rescuenet,Agis-r2,Agis,trajectory,B1,14,15.697537560846577,0.39243843902116443,optimal,1.7063841599956504,31325,57932,207291
rescuenet,Agis-r2,Agis,trajectory,B1,15,13.279553104231482,0.3319888276057871,optimal,1.764104647001659,31325,57932,207291
rescuenet,Agis-r2,Agis,trajectory,B1,16,15.45002078040433,0.38625051951010825,optimal,1.7994870969996555,31325,57932,207291
rescuenet,Agis-r2,Agis,trajectory,B1,17,16.90101847495382,0.4225254618738455,optimal,1.9080642859989894,31325,57932,207291
rescuenet,Agis-r2,Agis,trajectory,B1,18,15.14589058523141,0.37864726463078524,optimal,1.5154278039990459,31325,57932,207291
rescuenet,Agis-r2,Agis,trajectory,B1,19,15.683155898583898,0.39207889746459745,optimal,1.5271664079991751,31325,57932,207291
rescuenet,Agis-r2,Agis,trajectory,B1,20,15.336573786914096,0.3834143446728524,optimal,1.7594982359951246,31325,57932,207291
rescuenet,Agis-r2,Agis,trajectory,B1,21,15.792833787233425,0.3948208446808356,optimal,1.5827418909975677,31325,57932,207291
rescuenet,Agis-r2,Agis,trajectory,B1,22,17.839441550857455,0.4459860387714364,optimal,1.5370590029997402,31325,57932,207291
rescuenet,Agis-r2,Agis,trajectory,B1,23,15.947132587400416,0.3986783146850104,optimal,1.7834877890054486,31325,57932,207291
rescuenet,Agis-r2,Agis,trajectory,B1,24,18.983479745143732,0.4745869936285933,optimal,1.859207225999853,31325,57932,207291
rescuenet,Agis-r2,Agis,trajectory,B1,25,16.57053467896496,0.414263366974124,optimal,1.5207862020033645,31325,57932,207291
rescuenet,Agis-r2,Agis,trajectory,B1,26,15.255203609944076,0.38138009024860187,optimal,1.6467963539980701,31325,57932,207291
rescuenet,Agis-r2,Agis,trajectory,B1,27,16.747052138230423,0.41867630345576057,optimal,1.7166429780045291,31325,57932,207291
rescuenet,Agis-r2,Agis,trajectory,B1,28,15.121331033846172,0.3780332758461543,optimal,1.687227050002548,31325,57932,207291
rescuenet,Agis-r2,Agis,trajectory,B1,29,17.652996320580794,0.44132490801451985,optimal,1.6600969830033137,31325,57932,207291
rescuenet,Agis-r2,Agis,trajectory,B2,0,18.471296121020455,0.4617824030255114,optimal,1.9148503559990786,31325,57932,207291
rescuenet,Agis-r2,Agis,trajectory,B2,1,18.789250707602328,0.4697312676900582,optimal,1.8073555800001486,31325,57932,207291
rescuenet,Agis-r2,Agis,trajectory,B2,2,17.15394359362329,0.4288485898405822,optimal,1.8473265520005953,31325,57932,207291
rescuenet,Agis-r2,Agis,trajectory,B2,3,18.000096152126712,0.4500024038031678,optimal,1.8509796370053664,31325,57932,207291
rescuenet,Agis-r2,Agis,trajectory,B2,4,17.508481672639554,0.4377120418159889,optimal,1.8567402940025204,31325,57932,207291
rescuenet,Agis-r2,Agis,trajectory,B2,5,17.39904008437089,0.43497600210927223,optimal,1.669037528001354,31325,57932,207291
rescuenet,Agis-r2,Agis,trajectory,B2,6,18.544248833353564,0.46360622083383907,optimal,1.9267174130000058,31325,57932,207291
rescuenet,Agis-r2,Agis,trajectory,B2,7,18.41505695161131,0.4603764237902827,optimal,1.8270188770038658,31325,57932,207291
rescuenet,Agis-r2,Agis,trajectory,B2,8,19.25972372397334,0.4814930930993335,optimal,2.2266703540008166,31325,57932,207291
rescuenet,Agis-r2,Agis,trajectory,B2,9,18.878126534960643,0.47195316337401605,optimal,2.163134631999128,31325,57932,207291
rescuenet,Agis-r2,Agis,trajectory,B2,10,17.717210295215043,0.44293025738037606,optimal,2.059101336999447,31325,57932,207291
rescuenet,Agis-r2,Agis,trajectory,B2,11,18.454606598650606,0.4613651649662652,optimal,2.1912554890004685,31325,57932,207291
rescuenet,Agis-r2,Agis,trajectory,B2,12,18.41067200516722,0.46026680012918053,optimal,2.0090850140040857,31325,57932,207291
rescuenet,Agis-r2,Agis,trajectory,B2,13,19.4620306862928,0.48655076715732,optimal,1.7368822680000449,31325,57932,207291
rescuenet,Agis-r2,Agis,trajectory,B2,14,18.411611864689633,0.4602902966172408,optimal,1.7456903490019613,31325,57932,207291
rescuenet,Agis-r2,Agis,trajectory,B2,15,14.184278610213829,0.35460696525534574,optimal,1.6050634150014957,31325,57932,207291
rescuenet,Agis-r2,Agis,trajectory,B2,16,16.777507016479962,0.41943767541199906,optimal,1.8915025550013524,31325,57932,207291
rescuenet,Agis-r2,Agis,trajectory,B2,17,18.47533893581274,0.4618834733953185,optimal,2.0837642190017505,31325,57932,207291
rescuenet,Agis-r2,Agis,trajectory,B2,18,17.200403422530595,0.43001008556326487,optimal,2.046881891998055,31325,57932,207291
rescuenet,Agis-r2,Agis,trajectory,B2,19,16.851683810278153,0.4212920952569538,optimal,2.0176341550031793,31325,57932,207291
rescuenet,Agis-r2,Agis,trajectory,B2,20,17.6311148432453,0.4407778710811325,optimal,1.761254913006269,31325,57932,207291
rescuenet,Agis-r2,Agis,trajectory,B2,21,17.178068789940557,0.4294517197485139,optimal,1.9873518259992125,31325,57932,207291
rescuenet,Agis-r2,Agis,trajectory,B2,22,19.072844882823944,0.47682112207059857,optimal,2.088662133006437,31325,57932,207291
rescuenet,Agis-r2,Agis,trajectory,B2,23,16.840001827153706,0.42100004567884264,optimal,1.970605930997408,31325,57932,207291
rescuenet,Agis-r2,Agis,trajectory,B2,24,20.431324052192668,0.5107831013048167,optimal,2.0118802700017113,31325,57932,207291
rescuenet,Agis-r2,Agis,trajectory,B2,25,16.672124484845156,0.4168031121211289,optimal,1.7292370609939098,31325,57932,207291
rescuenet,Agis-r2,Agis,trajectory,B2,26,18.12650641910533,0.4531626604776332,optimal,1.871557461003249,31325,57932,207291
rescuenet,Agis-r2,Agis,trajectory,B2,27,18.69117550989116,0.467279387747279,optimal,2.304164002998732,31325,57932,207291
rescuenet,Agis-r2,Agis,trajectory,B2,28,16.9855711483754,0.424639278709385,optimal,1.7847803929980728,31325,57932,207291
rescuenet,Agis-r2,Agis,trajectory,B2,29,19.352911478978676,0.4838227869744669,optimal,1.8696928819990717,31325,57932,207291
rescuenet,Agis-r2,Agis,trajectory,P,0,18.49764752973005,0.4624411882432512,optimal,2.299507846997585,31325,57932,207291
rescuenet,Agis-r2,Agis,trajectory,P,1,19.14554376227204,0.47863859405680104,optimal,1.7851096309968852,31325,57932,207291
rescuenet,Agis-r2,Agis,trajectory,P,2,17.37692595393243,0.4344231488483108,optimal,2.430010388001392,31325,57932,207291
rescuenet,Agis-r2,Agis,trajectory,P,3,19.327659989827453,0.4831914997456863,optimal,2.1511040269979276,31325,57932,207291
rescuenet,Agis-r2,Agis,trajectory,P,4,18.926611968028766,0.47316529920071915,optimal,2.136804570000095,31325,57932,207291
rescuenet,Agis-r2,Agis,trajectory,P,5,18.06847831087951,0.45171195777198775,optimal,1.908389337004337,31325,57932,207291
rescuenet,Agis-r2,Agis,trajectory,P,6,19.27644413957956,0.481911103489489,optimal,2.2271781119998195,31325,57932,207291
rescuenet,Agis-r2,Agis,trajectory,P,7,18.649546945547613,0.4662386736386903,optimal,1.974542249001388,31325,57932,207291
rescuenet,Agis-r2,Agis,trajectory,P,8,19.49334796453197,0.48733369911329927,optimal,2.1960621380058,31325,57932,207291
rescuenet,Agis-r2,Agis,trajectory,P,9,19.081427663476152,0.4770356915869038,optimal,1.90282620099606,31325,57932,207291
rescuenet,Agis-r2,Agis,trajectory,P,10,18.678354488172097,0.46695886220430244,optimal,1.9327435060040443,31325,57932,207291
rescuenet,Agis-r2,Agis,trajectory,P,11,18.707505880814164,0.4676876470203541,optimal,1.8960324589934316,31325,57932,207291
rescuenet,Agis-r2,Agis,trajectory,P,12,18.511476281740197,0.46278690704350495,optimal,1.8823416749946773,31325,57932,207291
rescuenet,Agis-r2,Agis,trajectory,P,13,20.003313234798483,0.5000828308699621,optimal,2.0132300650002435,31325,57932,207291
rescuenet,Agis-r2,Agis,trajectory,P,14,18.057038196318658,0.45142595490796644,optimal,1.8090068040037295,31325,57932,207291
rescuenet,Agis-r2,Agis,trajectory,P,15,14.14207713403575,0.3535519283508938,optimal,1.620840246003354,31325,57932,207291
rescuenet,Agis-r2,Agis,trajectory,P,16,17.175343719329927,0.4293835929832482,optimal,1.7730483699997421,31325,57932,207291
rescuenet,Agis-r2,Agis,trajectory,P,17,18.943563096101897,0.4735890774025474,optimal,2.1158364759976394,31325,57932,207291
rescuenet,Agis-r2,Agis,trajectory,P,18,17.51189789666906,0.43779744741672644,optimal,2.07357355899876,31325,57932,207291
rescuenet,Agis-r2,Agis,trajectory,P,19,17.30338526273936,0.43258463156848403,optimal,1.9812782529988908,31325,57932,207291
rescuenet,Agis-r2,Agis,trajectory,P,20,17.91495130159992,0.447873782539998,optimal,1.9718263769973419,31325,57932,207291
rescuenet,Agis-r2,Agis,trajectory,P,21,18.40788950445616,0.460197237611404,optimal,2.0082102839951403,31325,57932,207291
rescuenet,Agis-r2,Agis,trajectory,P,22,18.703986218900432,0.4675996554725108,optimal,2.050411834003171,31325,57932,207291
rescuenet,Agis-r2,Agis,trajectory,P,23,17.728569732217053,0.44321424330542636,optimal,1.9669726549982443,31325,57932,207291
rescuenet,Agis-r2,Agis,trajectory,P,24,20.686565375230455,0.5171641343807614,optimal,1.8966187889964203,31325,57932,207291
rescuenet,Agis-r2,Agis,trajectory,P,25,17.856830592491804,0.4464207648122951,optimal,1.937784345005639,31325,57932,207291
rescuenet,Agis-r2,Agis,trajectory,P,26,18.37061409300266,0.45926535232506654,optimal,1.8442403369990643,31325,57932,207291
rescuenet,Agis-r2,Agis,trajectory,P,27,18.475116017029794,0.46187790042574484,optimal,1.8001677329957602,31325,57932,207291
rescuenet,Agis-r2,Agis,trajectory,P,28,17.805419412395075,0.4451354853098769,optimal,1.7773590259967023,31325,57932,207291
rescuenet,Agis-r2,Agis,trajectory,P,29,19.527672341244173,0.48819180853110433,optimal,2.0453248350022477,31325,57932,207291
rescuenet,Agis-r2,Agis,trajectory,TRAN,0,29.508359643844123,0.7377089910961031,optimal,2.261915378003323,31325,57932,207291
rescuenet,Agis-r2,Agis,trajectory,TRAN,1,29.743350890417723,0.743583772260443,optimal,2.0973634440015303,31325,57932,207291
rescuenet,Agis-r2,Agis,trajectory,TRAN,2,30.018915830433258,0.7504728957608314,optimal,2.29298449500493,31325,57932,207291
rescuenet,Agis-r2,Agis,trajectory,TRAN,3,29.944768522660468,0.7486192130665117,optimal,2.16327829099464,31325,57932,207291
rescuenet,Agis-r2,Agis,trajectory,TRAN,4,30.59468950003595,0.7648672375008988,optimal,2.2292258759989636,31325,57932,207291
rescuenet,Agis-r2,Agis,trajectory,TRAN,5,29.454867476747587,0.7363716869186897,optimal,2.312801125997794,31325,57932,207291
rescuenet,Agis-r2,Agis,trajectory,TRAN,6,28.814248675100647,0.7203562168775162,optimal,2.681312707005418,31325,57932,207291
rescuenet,Agis-r2,Agis,trajectory,TRAN,7,30.804047812809,0.770101195320225,optimal,2.4013601160040707,31325,57932,207291
rescuenet,Agis-r2,Agis,trajectory,TRAN,8,29.425952141364554,0.7356488035341139,optimal,2.351005349002662,31325,57932,207291
rescuenet,Agis-r2,Agis,trajectory,TRAN,9,29.829432102245473,0.7457358025561368,optimal,1.9963758180019795,31325,57932,207291
rescuenet,Agis-r2,Agis,trajectory,TRAN,10,28.938149106201443,0.7234537276550361,optimal,2.0278456500018365,31325,57932,207291
rescuenet,Agis-r2,Agis,trajectory,TRAN,11,29.177025798681647,0.7294256449670412,optimal,2.057602337998105,31325,57932,207291
rescuenet,Agis-r2,Agis,trajectory,TRAN,12,29.0751515085718,0.726878787714295,optimal,2.1518482899991795,31325,57932,207291
rescuenet,Agis-r2,Agis,trajectory,TRAN,13,30.024998500286184,0.7506249625071546,optimal,1.9291035240021301,31325,57932,207291
rescuenet,Agis-r2,Agis,trajectory,TRAN,14,29.54679359560129,0.7386698398900322,optimal,2.0674294979980914,31325,57932,207291
rescuenet,Agis-r2,Agis,trajectory,TRAN,15,28.918405678237818,0.7229601419559455,optimal,1.8054791989998193,31325,57932,207291
rescuenet,Agis-r2,Agis,trajectory,TRAN,16,30.26294550796174,0.7565736376990435,optimal,1.9577675219989032,31325,57932,207291
rescuenet,Agis-r2,Agis,trajectory,TRAN,17,30.0966984405656,0.75241746101414,optimal,2.1810518380007125,31325,57932,207291
rescuenet,Agis-r2,Agis,trajectory,TRAN,18,29.9477711351008,0.74869427837752,optimal,2.3678852379962336,31325,57932,207291
rescuenet,Agis-r2,Agis,trajectory,TRAN,19,28.678920266393177,0.7169730066598294,optimal,2.239174161994015,31325,57932,207291
rescuenet,Agis-r2,Agis,trajectory,TRAN,20,29.960887965535676,0.7490221991383919,optimal,2.3608316690006177,31325,57932,207291
rescuenet,Agis-r2,Agis,trajectory,TRAN,21,28.32556528253711,0.7081391320634277,optimal,2.1102162140014116,31325,57932,207291
rescuenet,Agis-r2,Agis,trajectory,TRAN,22,28.39747984124191,0.7099369960310478,optimal,2.3817155260039726,31325,57932,207291
rescuenet,Agis-r2,Agis,trajectory,TRAN,23,28.892081009976398,0.7223020252494099,optimal,2.6627756279995083,31325,57932,207291
rescuenet,Agis-r2,Agis,trajectory,TRAN,24,30.814702845214164,0.7703675711303541,optimal,2.3036752069965587,31325,57932,207291
rescuenet,Agis-r2,Agis,trajectory,TRAN,25,29.63707423291363,0.7409268558228408,optimal,2.6323376250002184,31325,57932,207291
rescuenet,Agis-r2,Agis,trajectory,TRAN,26,29.530410674172987,0.7382602668543247,optimal,2.2836321750000934,31325,57932,207291
rescuenet,Agis-r2,Agis,trajectory,TRAN,27,29.79133707400847,0.7447834268502118,optimal,1.9075309159961762,31325,57932,207291
rescuenet,Agis-r2,Agis,trajectory,TRAN,28,30.070589697461934,0.7517647424365483,optimal,1.965705746995809,31325,57932,207291
rescuenet,Agis-r2,Agis,trajectory,TRAN,29,30.09117769398775,0.7522794423496937,optimal,2.0214919650024967,31325,57932,207291
rescuenet,Belnet2008-r0,Belnet2008,ground_only,,0,26.477823560475333,0.6619455890118833,optimal,0.4851466190011706,12155,26159,65588
rescuenet,Belnet2008-r0,Belnet2008,ground_only,,1,26.477823560475333,0.6619455890118833,optimal,0.6828724149963818,12155,26159,65588
rescuenet,Belnet2008-r0,Belnet2008,ground_only,,2,26.477823560475333,0.6619455890118833,optimal,0.5486950970007456,12155,26159,65588
rescuenet,Belnet2008-r0,Belnet2008,ground_only,,3,26.477823560475333,0.6619455890118833,optimal,0.5521605890025967,12155,26159,65588
rescuenet,Belnet2008-r0,Belnet2008,ground_only,,4,26.477823560475333,0.6619455890118833,optimal,0.5738910979998764,12155,26159,65588
rescuenet,Belnet2008-r0,Belnet2008,ground_only,,5,26.477823560475333,0.6619455890118833,optimal,0.6079309210035717,12155,26159,65588
rescuenet,Belnet2008-r0,Belnet2008,ground_only,,6,26.477823560475333,0.6619455890118833,optimal,0.6264165199972922,12155,26159,65588
rescuenet,Belnet2008-r0,Belnet2008,ground_only,,7,26.477823560475333,0.6619455890118833,optimal,0.6023175200025435,12155,26159,65588
rescuenet,Belnet2008-r0,Belnet2008,ground_only,,8,26.477823560475333,0.6619455890118833,optimal,0.5195195240012254,12155,26159,65588
rescuenet,Belnet2008-r0,Belnet2008,ground_only,,9,26.477823560475333,0.6619455890118833,optimal,0.45036609200178646,12155,26159,65588
rescuenet,Belnet2008-r0,Belnet2008,ground_only,,10,26.477823560475333,0.6619455890118833,optimal,0.48227076499460964,12155,26159,65588
rescuenet,Belnet2008-r0,Belnet2008,ground_only,,11,26.477823560475333,0.6619455890118833,optimal,0.47596348100341856,12155,26159,65588
rescuenet,Belnet2008-r0,Belnet2008,ground_only,,12,26.477823560475333,0.6619455890118833,optimal,0.4621515129983891,12155,26159,65588
rescuenet,Belnet2008-r0,Belnet2008,ground_only,,13,26.477823560475333,0.6619455890118833,optimal,0.5896314109995728,12155,26159,65588
rescuenet,Belnet2008-r0,Belnet2008,ground_only,,14,26.477823560475333,0.6619455890118833,optimal,0.5302616420012782,12155,26159,65588
rescuenet,Belnet2008-r0,Belnet2008,ground_only,,15,26.477823560475333,0.6619455890118833,optimal,0.48829753100289963,12155,26159,65588
rescuenet,Belnet2008-r0,Belnet2008,ground_only,,16,26.477823560475333,0.6619455890118833,optimal,0.5585912109963829,12155,26159,65588
rescuenet,Belnet2008-r0,Belnet2008,ground_only,,17,26.477823560475333,0.6619455890118833,optimal,0.6364415619973443,12155,26159,65588
rescuenet,Belnet2008-r0,Belnet2008,ground_only,,18,26.477823560475333,0.6619455890118833,optimal,0.46300920200155815,12155,26159,65588
rescuenet,Belnet2008-r0,Belnet2008,ground_only,,19,26.477823560475333,0.6619455890118833,optimal,0.570802874994115,12155,26159,65588
rescuenet,Belnet2008-r0,Belnet2008,ground_only,,20,26.477823560475333,0.6619455890118833,optimal,0.567160929000238,12155,26159,65588
rescuenet,Belnet2008-r0,Belnet2008,ground_only,,21,26.477823560475333,0.6619455890118833,optimal,0.4623322330007795,12155,26159,65588
rescuenet,Belnet2008-r0,Belnet2008,ground_only,,22,26.477823560475333,0.6619455890118833,optimal,0.5222561390037299,12155,26159,65588
rescuenet,Belnet2008-r0,Belnet2008,ground_only,,23,26.477823560475333,0.6619455890118833,optimal,0.4892919530029758,12155,26159,65588
rescuenet,Belnet2008-r0,Belnet2008,ground_only,,24,26.477823560475333,0.6619455890118833,optimal,0.5967938649991993,12155,26159,65588
rescuenet,Belnet2008-r0,Belnet2008,ground_only,,25,26.477823560475333,0.6619455890118833,optimal,0.5232382999965921,12155,26159,65588
rescuenet,Belnet2008-r0,Belnet2008,ground_only,,26,26.477823560475333,0.6619455890118833,optimal,0.4909761660019285,12155,26159,65588
rescuenet,Belnet2008-r0,Belnet2008,ground_only,,27,26.477823560475333,0.6619455890118833,optimal,0.588993842000491,12155,26159,65588
rescuenet,Belnet2008-r0,Belnet2008,ground_only,,28,26.477823560475333,0.6619455890118833,optimal,0.569741075996717,12155,26159,65588
rescuenet,Belnet2008-r0,Belnet2008,ground_only,,29,26.477823560475333,0.6619455890118833,optimal,0.4579083429998718,12155,26159,65588
rescuenet,Belnet2008-r0,Belnet2008,trajectory,B1,0,31.160826230830512,0.7790206557707628,optimal,3.2735633639968,38818,74514,229483
rescuenet,Belnet2008-r0,Belnet2008,trajectory,B1,1,31.101901016606305,0.7775475254151576,optimal,2.77048144100263,38818,74514,229483
rescuenet,Belnet2008-r0,Belnet2008,trajectory,B1,2,32.138841446394764,0.8034710361598691,optimal,2.454901596000127,38818,74514,229483
rescuenet,Belnet2008-r0,Belnet2008,trajectory,B1,3,31.486836141910537,0.7871709035477634,optimal,2.1276884370017797,38818,74514,229483
rescuenet,Belnet2008-r0,Belnet2008,trajectory,B1,4,32.439970631938316,0.8109992657984579,optimal,2.790283967005962,38818,74514,229483
rescuenet,Belnet2008-r0,Belnet2008,trajectory,B1,5,31.952312034925264,0.7988078008731316,optimal,2.9675726409986964,38818,74514,229483
rescuenet,Belnet2008-r0,Belnet2008,trajectory,B1,6,32.06112526816578,0.8015281317041445,optimal,2.254100958998606,38818,74514,229483
rescuenet,Belnet2008-r0,Belnet2008,trajectory,B1,7,31.96321212687969,0.7990803031719922,optimal,3.0606085660037934,38818,74514,229483
rescuenet,Belnet2008-r0,Belnet2008,trajectory,B1,8,32.47577384932757,0.8118943462331891,optimal,2.8997256319998996,38818,74514,229483
rescuenet,Belnet2008-r0,Belnet2008,trajectory,B1,9,32.84623054928883,0.8211557637322209,optimal,2.439595242998621,38818,74514,229483
rescuenet,Belnet2008-r0,Belnet2008,trajectory,B1,10,31.304133861772588,0.7826033465443147,optimal,2.4899585910025053,38818,74514,229483
rescuenet,Belnet2008-r0,Belnet2008,trajectory,B1,11,31.724072747420777,0.7931018186855194,optimal,2.5572608659931575,38818,74514,229483
rescuenet,Belnet2008-r0,Belnet2008,trajectory,B1,12,32.569470796841884,0.8142367699210471,optimal,2.8548439370060805,38818,74514,229483
rescuenet,Belnet2008-r0,Belnet2008,trajectory,B1,13,31.3809541206677,0.7845238530166925,optimal,2.3877537959997426,38818,74514,229483
rescuenet,Belnet2008-r0,Belnet2008,trajectory,B1,14,31.58083089876746,0.7895207724691865,optimal,2.254471136002394,38818,74514,229483
rescuenet,Belnet2008-r0,Belnet2008,trajectory,B1,15,31.551134908680762,0.788778372717019,optimal,2.356674989001476,38818,74514,229483
rescuenet,Belnet2008-r0,Belnet2008,trajectory,B1,16,32.49355063643164,0.812338765910791,optimal,2.778628858002776,38818,74514,229483
rescuenet,Belnet2008-r0,Belnet2008,trajectory,B1,17,32.29825100681611,0.8074562751704027,optimal,2.175457407000067,38818,74514,229483
rescuenet,Belnet2008-r0,Belnet2008,trajectory,B1,18,31.5312635783039,0.7882815894575975,optimal,2.2729015109944157,38818,74514,229483
rescuenet,Belnet2008-r0,Belnet2008,trajectory,B1,19,32.87511277159351,0.8218778192898377,optimal,2.418867794003745,38818,74514,229483
rescuenet,Belnet2008-r0,Belnet2008,trajectory,B1,20,31.631555324970346,0.7907888831242587,optimal,2.7025869310018606,38818,74514,229483
rescuenet,Belnet2008-r0,Belnet2008,trajectory,B1,21,31.497116514288233,0.7874279128572058,optimal,2.6241490649990737,38818,74514,229483
rescuenet,Belnet2008-r0,Belnet2008,trajectory,B1,22,31.401154697130426,0.7850288674282606,optimal,2.1885776269991766,38818,74514,229483
rescuenet,Belnet2008-r0,Belnet2008,trajectory,B1,23,32.08304653408383,0.8020761633520956,optimal,2.401477523999347,38818,74514,229483
rescuenet,Belnet2008-r0,Belnet2008,trajectory,B1,24,31.27656993686212,0.781914248421553,optimal,2.2163514030035003,38818,74514,229483
rescuenet,Belnet2008-r0,Belnet2008,trajectory,B1,25,31.755186975150362,0.7938796743787591,optimal,2.6018931750004413,38818,74514,229483
rescuenet,Belnet2008-r0,Belnet2008,trajectory,B1,26,31.93790489916453,0.7984476224791133,optimal,2.380936801993812,38818,74514,229483
rescuenet,Belnet2008-r0,Belnet2008,trajectory,B1,27,31.48773787647694,0.7871934469119235,optimal,2.137181789999886,38818,74514,229483
rescuenet,Belnet2008-r0,Belnet2008,trajectory,B1,28,31.256364612413194,0.7814091153103299,optimal,2.3792088920017704,38818,74514,229483
rescuenet,Belnet2008-r0,Belnet2008,trajectory,B1,29,30.853043826777505,0.7713260956694377,optimal,2.507301818994165,38818,74514,229483
rescuenet,Belnet2008-r0,Belnet2008,trajectory,B2,0,31.784541083244388,0.7946135270811097,optimal,2.2848090550032794,38818,74514,229483
rescuenet,Belnet2008-r0,Belnet2008,trajectory,B2,1,31.629560670826823,0.7907390167706706,optimal,2.263569260998338,38818,74514,229483
rescuenet,Belnet2008-r0,Belnet2008,trajectory,B2,2,32.35215217928754,0.8088038044821886,optimal,2.4027068959985627,38818,74514,229483
rescuenet,Belnet2008-r0,Belnet2008,trajectory,B2,3,32.07468979161143,0.8018672447902858,optimal,2.5162750130039058,38818,74514,229483
rescuenet,Belnet2008-r0,Belnet2008,trajectory,B2,4,33.42715578596947,0.8356788946492367,optimal,2.1891977160048555,38818,74514,229483
rescuenet,Belnet2008-r0,Belnet2008,trajectory,B2,5,31.480273980008892,0.7870068495002223,optimal,2.2579567229986424,38818,74514,229483
rescuenet,Belnet2008-r0,Belnet2008,trajectory,B2,6,33.031494369591265,0.8257873592397816,optimal,2.413683245998982,38818,74514,229483
rescuenet,Belnet2008-r0,Belnet2008,trajectory,B2,7,32.83402233659625,0.8208505584149062,optimal,2.348964928998612,38818,74514,229483
rescuenet,Belnet2008-r0,Belnet2008,trajectory,B2,8,33.1083972574363,0.8277099314359075,optimal,2.2870442060011555,38818,74514,229483
rescuenet,Belnet2008-r0,Belnet2008,trajectory,B2,9,33.65223537346847,0.8413058843367118,optimal,2.094217664998723,38818,74514,229483
rescuenet,Belnet2008-r0,Belnet2008,trajectory,B2,10,31.460036408280178,0.7865009102070044,optimal,2.314787052993779,38818,74514,229483
rescuenet,Belnet2008-r0,Belnet2008,trajectory,B2,11,32.700390661508635,0.8175097665377159,optimal,2.145813759001612,38818,74514,229483
rescuenet,Belnet2008-r0,Belnet2008,trajectory,B2,12,32.82181458928466,0.8205453647321164,optimal,2.3327717820066027,38818,74514,229483
rescuenet,Belnet2008-r0,Belnet2008,trajectory,B2,13,32.49473062358478,0.8123682655896195,optimal,2.26602515400009,38818,74514,229483
rescuenet,Belnet2008-r0,Belnet2008,trajectory,B2,14,32.265437759911386,0.8066359439977846,optimal,2.3585017540026456,38818,74514,229483
rescuenet,Belnet2008-r0,Belnet2008,trajectory,B2,15,32.419197413956404,0.81047993534891,optimal,2.3845547680029995,38818,74514,229483
rescuenet,Belnet2008-r0,Belnet2008,trajectory,B2,16,32.79253163340639,0.8198132908351597,optimal,2.1288226660035434,38818,74514,229483
rescuenet,Belnet2008-r0,Belnet2008,trajectory,B2,17,33.08187253039111,0.8270468132597777,optimal,2.244892962000449,38818,74514,229483
rescuenet,Belnet2008-r0,Belnet2008,trajectory,B2,18,32.56060291890705,0.8140150729726763,optimal,2.1762107649992686,38818,74514,229483
rescuenet,Belnet2008-r0,Belnet2008,trajectory,B2,19,32.87015316871013,0.8217538292177533,optimal,2.7100195129969507,38818,74514,229483
rescuenet,Belnet2008-r0,Belnet2008,trajectory,B2,20,32.73077299919538,0.8182693249798845,optimal,2.205323550995672,38818,74514,229483
rescuenet,Belnet2008-r0,Belnet2008,trajectory,B2,21,31.546467939273402,0.7886616984818351,optimal,2.3471261910017347,38818,74514,229483
rescuenet,Belnet2008-r0,Belnet2008,trajectory,B2,22,32.44468698497538,0.8111171746243844,optimal,2.4993223339988617,38818,74514,229483
rescuenet,Belnet2008-r0,Belnet2008,trajectory,B2,23,32.536041727086456,0.8134010431771614,optimal,2.432159731994034,38818,74514,229483
rescuenet,Belnet2008-r0,Belnet2008,trajectory,B2,24,32.32677105027489,0.8081692762568723,optimal,2.7360599399980856,38818,74514,229483
rescuenet,Belnet2008-r0,Belnet2008,trajectory,B2,25,32.90911069406632,0.822727767351658,optimal,2.5597140160025447,38818,74514,229483
rescuenet,Belnet2008-r0,Belnet2008,trajectory,B2,26,32.58366344869229,0.8145915862173073,optimal,2.7497529209940694,38818,74514,229483
rescuenet,Belnet2008-r0,Belnet2008,trajectory,B2,27,31.220966059892636,0.7805241514973159,optimal,2.5652118180005345,38818,74514,229483
rescuenet,Belnet2008-r0,Belnet2008,trajectory,B2,28,33.26395364841319,0.8315988412103298,optimal,3.1205993510011467,38818,74514,229483
rescuenet,Belnet2008-r0,Belnet2008,trajectory,B2,29,31.548307433766404,0.7887076858441601,optimal,2.89042880100169,38818,74514,229483
rescuenet,Belnet2008-r0,Belnet2008,trajectory,P,0,32.20778270135834,0.8051945675339585,optimal,2.305505133001134,38818,74514,229483
rescuenet,Belnet2008-r0,Belnet2008,trajectory,P,1,31.716461798950725,0.7929115449737681,optimal,2.1391467099965666,38818,74514,229483
rescuenet,Belnet2008-r0,Belnet2008,trajectory,P,2,32.373505961557626,0.8093376490389407,optimal,2.1939141020047828,38818,74514,229483
rescuenet,Belnet2008-r0,Belnet2008,trajectory,P,3,32.09366159698071,0.8023415399245177,optimal,2.270190276998619,38818,74514,229483
rescuenet,Belnet2008-r0,Belnet2008,trajectory,P,4,33.34631547801518,0.8336578869503795,optimal,2.0993747449974762,38818,74514,229483
rescuenet,Belnet2008-r0,Belnet2008,trajectory,P,5,31.473377955452648,0.7868344488863162,optimal,2.179394714999944,38818,74514,229483
rescuenet,Belnet2008-r0,Belnet2008,trajectory,P,6,33.072892012694744,0.8268223003173686,optimal,2.269057531004364,38818,74514,229483
rescuenet,Belnet2008-r0,Belnet2008,trajectory,P,7,32.66103510825446,0.8165258777063615,optimal,2.604570422001416,38818,74514,229483
rescuenet,Belnet2008-r0,Belnet2008,trajectory,P,8,33.12175916864552,0.8280439792161379,optimal,2.510164828003326,38818,74514,229483
rescuenet,Belnet2008-r0,Belnet2008,trajectory,P,9,33.62467078138687,0.8406167695346717,optimal,2.224921347005875,38818,74514,229483
rescuenet,Belnet2008-r0,Belnet2008,trajectory,P,10,32.055342395699,0.801383559892475,optimal,2.958313431998249,38818,74514,229483
rescuenet,Belnet2008-r0,Belnet2008,trajectory,P,11,32.66010866195582,0.8165027165488954,optimal,2.4131637969985604,38818,74514,229483
rescuenet,Belnet2008-r0,Belnet2008,trajectory,P,12,32.84903793556073,0.8212259483890183,optimal,2.3600008319990593,38818,74514,229483
rescuenet,Belnet2008-r0,Belnet2008,trajectory,P,13,32.45077714408258,0.8112694286020645,optimal,2.377077274999465,38818,74514,229483
rescuenet,Belnet2008-r0,Belnet2008,trajectory,P,14,32.07040925401212,0.8017602313503029,optimal,2.4158942400026717,38818,74514,229483
rescuenet,Belnet2008-r0,Belnet2008,trajectory,P,15,32.410171550107435,0.8102542887526859,optimal,2.364302627996949,38818,74514,229483
rescuenet,Belnet2008-r0,Belnet2008,trajectory,P,16,32.8405051181054,0.821012627952635,optimal,2.225275621000037,38818,74514,229483
rescuenet,Belnet2008-r0,Belnet2008,trajectory,P,17,33.0981451463619,0.8274536286590475,optimal,2.240623327001231,38818,74514,229483
rescuenet,Belnet2008-r0,Belnet2008,trajectory,P,18,32.49069172675979,0.8122672931689948,optimal,2.1357378059983603,38818,74514,229483
rescuenet,Belnet2008-r0,Belnet2008,trajectory,P,19,32.39422059624832,0.8098555149062079,optimal,2.3984075709959143,38818,74514,229483
rescuenet,Belnet2008-r0,Belnet2008,trajectory,P,20,32.46268669388304,0.8115671673470761,optimal,2.417592052996042,38818,74514,229483
rescuenet,Belnet2008-r0,Belnet2008,trajectory,P,21,31.63882472730353,0.7909706181825882,optimal,2.33700955400127,38818,74514,229483
rescuenet,Belnet2008-r0,Belnet2008,trajectory,P,22,32.44424980205257,0.8111062450513142,optimal,2.982687085001089,38818,74514,229483
rescuenet,Belnet2008-r0,Belnet2008,trajectory,P,23,32.57822796504589,0.8144556991261472,optimal,2.639504594000755,38818,74514,229483
rescuenet,Belnet2008-r0,Belnet2008,trajectory,P,24,32.30327148820159,0.8075817872050397,optimal,2.4620643470043433,38818,74514,229483
rescuenet,Belnet2008-r0,Belnet2008,trajectory,P,25,32.89748839554942,0.8224372098887356,optimal,2.1965490080037853,38818,74514,229483
rescuenet,Belnet2008-r0,Belnet2008,trajectory,P,26,32.68772679754366,0.8171931699385915,optimal,2.356482221002807,38818,74514,229483
rescuenet,Belnet2008-r0,Belnet2008,trajectory,P,27,31.233874871713393,0.7808468717928349,optimal,2.325424145994475,38818,74514,229483
rescuenet,Belnet2008-r0,Belnet2008,trajectory,P,28,33.21113190820057,0.8302782977050143,optimal,2.263034768999205,38818,74514,229483
rescuenet,Belnet2008-r0,Belnet2008,trajectory,P,29,31.55090905087645,0.7887727262719112,optimal,2.3432691540001542,38818,74514,229483
rescuenet,Belnet2008-r0,Belnet2008,trajectory,TRAN,0,32.13843980706541,0.8034609951766353,optimal,2.121455339998647,38818,74514,229483
rescuenet,Belnet2008-r0,Belnet2008,trajectory,TRAN,1,32.32730537711219,0.8081826344278047,optimal,2.1388847080015694,38818,74514,229483
rescuenet,Belnet2008-r0,Belnet2008,trajectory,TRAN,2,32.19129780748779,0.8047824451871948,optimal,2.1784865529989474,38818,74514,229483
rescuenet,Belnet2008-r0,Belnet2008,trajectory,TRAN,3,32.04200790380091,0.8010501975950227,optimal,2.093102705999627,38818,74514,229483
rescuenet,Belnet2008-r0,Belnet2008,trajectory,TRAN,4,33.54619985175473,0.8386549962938682,optimal,1.9937051779998,38818,74514,229483
rescuenet,Belnet2008-r0,Belnet2008,trajectory,TRAN,5,32.626942738018315,0.8156735684504579,optimal,2.1883806600017124,38818,74514,229483
rescuenet,Belnet2008-r0,Belnet2008,trajectory,TRAN,6,32.67863768612685,0.8169659421531712,optimal,2.068805117996817,38818,74514,229483
rescuenet,Belnet2008-r0,Belnet2008,trajectory,TRAN,7,33.16089252212257,0.8290223130530643,optimal,2.1932915119978134,38818,74514,229483
rescuenet,Belnet2008-r0,Belnet2008,trajectory,TRAN,8,33.01334541493856,0.825333635373464,optimal,2.027949338000326,38818,74514,229483
rescuenet,Belnet2008-r0,Belnet2008,trajectory,TRAN,9,31.905868659229935,0.7976467164807484,optimal,2.192799110998749,38818,74514,229483
rescuenet,Belnet2008-r0,Belnet2008,trajectory,TRAN,10,32.47271752873888,0.811817938218472,optimal,2.215681106004922,38818,74514,229483
rescuenet,Belnet2008-r0,Belnet2008,trajectory,TRAN,11,31.98183207947409,0.7995458019868522,optimal,2.1557775790060987,38818,74514,229483
rescuenet,Belnet2008-r0,Belnet2008,trajectory,TRAN,12,31.85668687168888,0.7964171717922219,optimal,2.0965724579946254,38818,74514,229483
rescuenet,Belnet2008-r0,Belnet2008,trajectory,TRAN,13,32.32578757370399,0.8081446893425998,optimal,2.4023543129951577,38818,74514,229483
rescuenet,Belnet2008-r0,Belnet2008,trajectory,TRAN,14,32.24409769341919,0.8061024423354798,optimal,2.0948023759992793,38818,74514,229483
rescuenet,Belnet2008-r0,Belnet2008,trajectory,TRAN,15,32.247576639966,0.80618941599915,optimal,2.1378212420022464,38818,74514,229483
rescuenet,Belnet2008-r0,Belnet2008,trajectory,TRAN,16,33.646593430388094,0.8411648357597024,optimal,2.3965216819997295,38818,74514,229483
rescuenet,Belnet2008-r0,Belnet2008,trajectory,TRAN,17,32.945384633054815,0.8236346158263703,optimal,2.242896018004103,38818,74514,229483
rescuenet,Belnet2008-r0,Belnet2008,trajectory,TRAN,18,32.47915433501351,0.8119788583753378,optimal,2.1240125039985287,38818,74514,229483
rescuenet,Belnet2008-r0,Belnet2008,trajectory,TRAN,19,33.389079834883304,0.8347269958720827,optimal,2.6234953490056796,38818,74514,229483
rescuenet,Belnet2008-r0,Belnet2008,trajectory,TRAN,20,32.744759403711484,0.8186189850927871,optimal,2.6493177930024103,38818,74514,229483
rescuenet,Belnet2008-r0,Belnet2008,trajectory,TRAN,21,32.68447688319971,0.8171119220799927,optimal,2.5974047650015564,38818,74514,229483
rescuenet,Belnet2008-r0,Belnet2008,trajectory,TRAN,22,32.988554650282026,0.8247138662570507,optimal,2.4471116200002143,38818,74514,229483
rescuenet,Belnet2008-r0,Belnet2008,trajectory,TRAN,23,32.18120878103815,0.8045302195259538,optimal,2.5266466360044433,38818,74514,229483
rescuenet,Belnet2008-r0,Belnet2008,trajectory,TRAN,24,32.159289298823566,0.8039822324705892,optimal,3.0509798790008062,38818,74514,229483
rescuenet,Belnet2008-r0,Belnet2008,trajectory,TRAN,25,32.44216866341226,0.8110542165853065,optimal,2.5222754220012575,38818,74514,229483
rescuenet,Belnet2008-r0,Belnet2008,trajectory,TRAN,26,32.141659994674264,0.8035414998668566,optimal,2.6431599169955007,38818,74514,229483
rescuenet,Belnet2008-r0,Belnet2008,trajectory,TRAN,27,32.54657396098611,0.8136643490246527,optimal,2.651169636003033,38818,74514,229483
rescuenet,Belnet2008-r0,Belnet2008,trajectory,TRAN,28,32.86500006540326,0.8216250016350815,optimal,2.7670226160043967,38818,74514,229483
rescuenet,Belnet2008-r0,Belnet2008,trajectory,TRAN,29,32.394440556728355,0.8098610139182089,optimal,2.539946269003849,38818,74514,229483
rescuenet,Belnet2008-r1,Belnet2008,ground_only,,0,13.821986750635219,0.34554966876588045,optimal,0.30556494199845474,6341,16071,39028
rescuenet,Belnet2008-r1,Belnet2008,ground_only,,1,13.821986750635219,0.34554966876588045,optimal,0.2806371320039034,6341,16071,39028
rescuenet,Belnet2008-r1,Belnet2008,ground_only,,2,13.821986750635219,0.34554966876588045,optimal,0.3338398869964294,6341,16071,39028
rescuenet,Belnet2008-r1,Belnet2008,ground_only,,3,13.821986750635219,0.34554966876588045,optimal,0.3324055870034499,6341,16071,39028
rescuenet,Belnet2008-r1,Belnet2008,ground_only,,4,13.821986750635219,0.34554966876588045,optimal,0.2787804910039995,6341,16071,39028
rescuenet,Belnet2008-r1,Belnet2008,ground_only,,5,13.821986750635219,0.34554966876588045,optimal,0.31486051099636825,6341,16071,39028
rescuenet,Belnet2008-r1,Belnet2008,ground_only,,6,13.821986750635219,0.34554966876588045,optimal,0.3288588319992414,6341,16071,39028
rescuenet,Belnet2008-r1,Belnet2008,ground_only,,7,13.821986750635219,0.34554966876588045,optimal,0.26661777700064704,6341,16071,39028
rescuenet,Belnet2008-r1,Belnet2008,ground_only,,8,13.821986750635219,0.34554966876588045,optimal,0.28594237699871883,6341,16071,39028
rescuenet,Belnet2008-r1,Belnet2008,ground_only,,9,13.821986750635219,0.34554966876588045,optimal,0.3077521719969809,6341,16071,39028
rescuenet,Belnet2008-r1,Belnet2008,ground_only,,10,13.821986750635219,0.34554966876588045,optimal,0.30839294400357176,6341,16071,39028
rescuenet,Belnet2008-r1,Belnet2008,ground_only,,11,13.821986750635219,0.34554966876588045,optimal,0.25646647500252584,6341,16071,39028
rescuenet,Belnet2008-r1,Belnet2008,ground_only,,12,13.821986750635219,0.34554966876588045,optimal,0.3774755810009083,6341,16071,39028
rescuenet,Belnet2008-r1,Belnet2008,ground_only,,13,13.821986750635219,0.34554966876588045,optimal,0.3642661109988694,6341,16071,39028
rescuenet,Belnet2008-r1,Belnet2008,ground_only,,14,13.821986750635219,0.34554966876588045,optimal,0.2509692349995021,6341,16071,39028
rescuenet,Belnet2008-r1,Belnet2008,ground_only,,15,13.821986750635219,0.34554966876588045,optimal,0.3080534530017758,6341,16071,39028
rescuenet,Belnet2008-r1,Belnet2008,ground_only,,16,13.821986750635219,0.34554966876588045,optimal,0.31604627500200877,6341,16071,39028
rescuenet,Belnet2008-r1,Belnet2008,ground_only,,17,13.821986750635219,0.34554966876588045,optimal,0.244658976997016,6341,16071,39028
rescuenet,Belnet2008-r1,Belnet2008,ground_only,,18,13.821986750635219,0.34554966876588045,optimal,0.25899075499910396,6341,16071,39028
rescuenet,Belnet2008-r1,Belnet2008,ground_only,,19,13.821986750635219,0.34554966876588045,optimal,0.32115808699745685,6341,16071,39028
rescuenet,Belnet2008-r1,Belnet2008,ground_only,,20,13.821986750635219,0.34554966876588045,optimal,0.25635154899646295,6341,16071,39028
rescuenet,Belnet2008-r1,Belnet2008,ground_only,,21,13.821986750635219,0.34554966876588045,optimal,0.32395238400204107,6341,16071,39028
rescuenet,Belnet2008-r1,Belnet2008,ground_only,,22,13.821986750635219,0.34554966876588045,optimal,0.299665960999846,6341,16071,39028
rescuenet,Belnet2008-r1,Belnet2008,ground_only,,23,13.821986750635219,0.34554966876588045,optimal,0.3166995100036729,6341,16071,39028
rescuenet,Belnet2008-r1,Belnet2008,ground_only,,24,13.821986750635219,0.34554966876588045,optimal,0.3078975070020533,6341,16071,39028
rescuenet,Belnet2008-r1,Belnet2008,ground_only,,25,13.821986750635219,0.34554966876588045,optimal,0.26818120600364637,6341,16071,39028
rescuenet,Belnet2008-r1,Belnet2008,ground_only,,26,13.821986750635219,0.34554966876588045,optimal,0.3242461789996014,6341,16071,39028
rescuenet,Belnet2008-r1,Belnet2008,ground_only,,27,13.821986750635219,0.34554966876588045,optimal,0.26281388600182254,6341,16071,39028
rescuenet,Belnet2008-r1,Belnet2008,ground_only,,28,13.821986750635219,0.34554966876588045,optimal,0.2599027229953208,6341,16071,39028
rescuenet,Belnet2008-r1,Belnet2008,ground_only,,29,13.821986750635219,0.34554966876588045,optimal,0.33160688699717866,6341,16071,39028
rescuenet,Belnet2008-r1,Belnet2008,trajectory,B1,0,21.629889845564616,0.5407472461391154,optimal,3.6453241030030767,45043,75012,260260
rescuenet,Belnet2008-r1,Belnet2008,trajectory,B1,1,18.989707729484405,0.4747426932371101,optimal,3.472940187995846,45043,75012,260260
rescuenet,Belnet2008-r1,Belnet2008,trajectory,B1,2,20.94826174430625,0.5237065436076562,optimal,3.835171396000078,45043,75012,260260
rescuenet,Belnet2008-r1,Belnet2008,trajectory,B1,3,20.212138589803267,0.5053034647450817,optimal,4.082399778999388,45043,75012,260260
rescuenet,Belnet2008-r1,Belnet2008,trajectory,B1,4,22.588211092901435,0.5647052773225358,optimal,3.684555788997386,45043,75012,260260
rescuenet,Belnet2008-r1,Belnet2008,trajectory,B1,5,22.256293910683883,0.5564073477670971,optimal,3.743071275006514,45043,75012,260260
rescuenet,Belnet2008-r1,Belnet2008,trajectory,B1,6,20.133681853759427,0.5033420463439857,optimal,3.474697162004304,45043,75012,260260
rescuenet,Belnet2008-r1,Belnet2008,trajectory,B1,7,21.38286411907793,0.5345716029769483,optimal,4.116356694001297,45043,75012,260260
rescuenet,Belnet2008-r1,Belnet2008,trajectory,B1,8,22.795169887278604,0.5698792471819651,optimal,3.4732958959939424,45043,75012,260260
rescuenet,Belnet2008-r1,Belnet2008,trajectory,B1,9,21.74272945293913,0.5435682363234783,optimal,4.2089108120053424,45043,75012,260260
rescuenet,Belnet2008-r1,Belnet2008,trajectory,B1,10,24.052431871093443,0.6013107967773361,optimal,3.759634283997002,45043,75012,260260
rescuenet,Belnet2008-r1,Belnet2008,trajectory,B1,11,22.400654351830134,0.5600163587957534,optimal,4.114644936998957,45043,75012,260260
rescuenet,Belnet2008-r1,Belnet2008,trajectory,B1,12,22.743583071718344,0.5685895767929586,optimal,3.445383304999268,45043,75012,260260
rescuenet,Belnet2008-r1,Belnet2008,trajectory,B1,13,20.835550893213618,0.5208887723303405,optimal,3.4840693900041515,45043,75012,260260
rescuenet,Belnet2008-r1,Belnet2008,trajectory,B1,14,21.31457118033213,0.5328642795083033,optimal,4.280667831997562,45043,75012,260260
rescuenet,Belnet2008-r1,Belnet2008,trajectory,B1,15,20.78996566177874,0.5197491415444685,optimal,3.4181603060060297,45043,75012,260260
rescuenet,Belnet2008-r1,Belnet2008,trajectory,B1,16,20.916281418081812,0.5229070354520453,optimal,3.81204278000223,45043,75012,260260
rescuenet,Belnet2008-r1,Belnet2008,trajectory,B1,17,22.11116676269028,0.552779169067257,optimal,3.494819952000398,45043,75012,260260
rescuenet,Belnet2008-r1,Belnet2008,trajectory,B1,18,22.23890732113038,0.5559726830282595,optimal,3.911656092001067,45043,75012,260260
rescuenet,Belnet2008-r1,Belnet2008,trajectory,B1,19,21.749923773891858,0.5437480943472964,optimal,4.368009451005491,45043,75012,260260
rescuenet,Belnet2008-r1,Belnet2008,trajectory,B1,20,21.921336382134353,0.5480334095533588,optimal,3.8624001040006988,45043,75012,260260
rescuenet,Belnet2008-r1,Belnet2008,trajectory,B1,21,21.120633936203767,0.5280158484050942,optimal,3.955508020000707,45043,75012,260260
rescuenet,Belnet2008-r1,Belnet2008,trajectory,B1,22,24.181557949290333,0.6045389487322583,optimal,5.12063033299637,45043,75012,260260
rescuenet,Belnet2008-r1,Belnet2008,trajectory,B1,23,22.828911293199596,0.5707227823299899,optimal,3.6833681269999943,45043,75012,260260
rescuenet,Belnet2008-r1,Belnet2008,trajectory,B1,24,21.858817465964876,0.5464704366491219,optimal,4.178382320998935,45043,75012,260260
rescuenet,Belnet2008-r1,Belnet2008,trajectory,B1,25,21.285578792482212,0.5321394698120553,optimal,4.047551284995279,45043,75012,260260
rescuenet,Belnet2008-r1,Belnet2008,trajectory,B1,26,21.745752265837577,0.5436438066459395,optimal,3.705433647999598,45043,75012,260260
rescuenet,Belnet2008-r1,Belnet2008,trajectory,B1,27,21.767828561404187,0.5441957140351047,optimal,4.135124197004188,45043,75012,260260
rescuenet,Belnet2008-r1,Belnet2008,trajectory,B1,28,19.799790874641158,0.4949947718660289,optimal,4.07690157199977,45043,75012,260260
rescuenet,Belnet2008-r1,Belnet2008,trajectory,B1,29,22.929602222899753,0.5732400555724938,optimal,4.3689871649985434,45043,75012,260260
rescuenet,Belnet2008-r1,Belnet2008,trajectory,B2,0,21.358377287986706,0.5339594321996677,optimal,3.086783551996632,45043,75012,260260
rescuenet,Belnet2008-r1,Belnet2008,trajectory,B2,1,20.26639951022966,0.5066599877557415,optimal,3.3179851669992786,45043,75012,260260
rescuenet,Belnet2008-r1,Belnet2008,trajectory,B2,2,21.600256541348138,0.5400064135337035,optimal,3.6173370469987276,45043,75012,260260
rescuenet,Belnet2008-r1,Belnet2008,trajectory,B2,3,21.482993513451333,0.5370748378362833,optimal,3.2758660510007758,45043,75012,260260
rescuenet,Belnet2008-r1,Belnet2008,trajectory,B2,4,22.62208689275276,0.5655521723188189,optimal,3.9357954440056346,45043,75012,260260
rescuenet,Belnet2008-r1,Belnet2008,trajectory,B2,5,22.24058335315209,0.5560145838288022,optimal,4.263561462998041,45043,75012,260260
rescuenet,Belnet2008-r1,Belnet2008,trajectory,B2,6,20.353041633901118,0.5088260408475279,optimal,4.159496037995268,45043,75012,260260
rescuenet,Belnet2008-r1,Belnet2008,trajectory,B2,7,22.201793831691795,0.5550448457922948,optimal,3.218403736995242,45043,75012,260260
rescuenet,Belnet2008-r1,Belnet2008,trajectory,B2,8,22.50444560138826,0.5626111400347065,optimal,3.466532571997959,45043,75012,260260
rescuenet,Belnet2008-r1,Belnet2008,trajectory,B2,9,21.46769531699722,0.5366923829249305,optimal,3.38104733399814,45043,75012,260260
rescuenet,Belnet2008-r1,Belnet2008,trajectory,B2,10,23.49798123156738,0.5874495307891845,optimal,3.38348358800431,45043,75012,260260
rescuenet,Belnet2008-r1,Belnet2008,trajectory,B2,11,22.250665155779785,0.5562666288944946,optimal,3.2361617189963,45043,75012,260260
rescuenet,Belnet2008-r1,Belnet2008,trajectory,B2,12,22.90869991850607,0.5727174979626517,optimal,3.944107624993194,45043,75012,260260
rescuenet,Belnet2008-r1,Belnet2008,trajectory,B2,13,21.04231732283963,0.5260579330709907,optimal,3.583434504995239,45043,75012,260260
rescuenet,Belnet2008-r1,Belnet2008,trajectory,B2,14,21.30488463350413,0.5326221158376032,optimal,3.8127632860050653,45043,75012,260260
rescuenet,Belnet2008-r1,Belnet2008,trajectory,B2,15,20.971126520162265,0.5242781630040566,optimal,3.8400177619987517,45043,75012,260260
rescuenet,Belnet2008-r1,Belnet2008,trajectory,B2,16,21.511711081618163,0.537792777040454,optimal,3.442924447997939,45043,75012,260260
rescuenet,Belnet2008-r1,Belnet2008,trajectory,B2,17,22.281740360209625,0.5570435090052406,optimal,3.5497083459995338,45043,75012,260260
rescuenet,Belnet2008-r1,Belnet2008,trajectory,B2,18,22.640348883283842,0.5660087220820961,optimal,3.827700088004349,45043,75012,260260
rescuenet,Belnet2008-r1,Belnet2008,trajectory,B2,19,22.05874907211548,0.5514687268028869,optimal,4.214509988996724,45043,75012,260260
rescuenet,Belnet2008-r1,Belnet2008,trajectory,B2,20,22.602888837226267,0.5650722209306567,optimal,4.153262540996366,45043,75012,260260
rescuenet,Belnet2008-r1,Belnet2008,trajectory,B2,21,21.65483997466651,0.5413709993666627,optimal,4.958636974006367,45043,75012,260260
rescuenet,Belnet2008-r1,Belnet2008,trajectory,B2,22,24.58065547756652,0.614516386939163,optimal,4.375473255000543,45043,75012,260260
rescuenet,Belnet2008-r1,Belnet2008,trajectory,B2,23,23.10225785822059,0.5775564464555147,optimal,4.091819605004275,45043,75012,260260
rescuenet,Belnet2008-r1,Belnet2008,trajectory,B2,24,22.080875387455876,0.5520218846863969,optimal,4.029959188999783,45043,75012,260260
rescuenet,Belnet2008-r1,Belnet2008,trajectory,B2,25,22.031919914335422,0.5507979978583856,optimal,4.2934027390001575,45043,75012,260260
rescuenet,Belnet2008-r1,Belnet2008,trajectory,B2,26,22.502455237151196,0.5625613809287799,optimal,3.3729907810047735,45043,75012,260260
rescuenet,Belnet2008-r1,Belnet2008,trajectory,B2,27,22.677236529641316,0.566930913241033,optimal,3.357796355994651,45043,75012,260260
rescuenet,Belnet2008-r1,Belnet2008,trajectory,B2,28,20.215236928969528,0.5053809232242382,optimal,3.6113301689983928,45043,75012,260260
rescuenet,Belnet2008-r1,Belnet2008,trajectory,B2,29,23.006977944160095,0.5751744486040024,optimal,3.2314425360018504,45043,75012,260260
rescuenet,Belnet2008-r1,Belnet2008,trajectory,P,0,21.073279976916652,0.5268319994229163,optimal,3.8878932270017685,45043,75012,260260
rescuenet,Belnet2008-r1,Belnet2008,trajectory,P,1,21.292106297628294,0.5323026574407074,optimal,4.016807478998089,45043,75012,260260
rescuenet,Belnet2008-r1,Belnet2008,trajectory,P,2,21.860365596554175,0.5465091399138544,optimal,3.9035749300019233,45043,75012,260260
rescuenet,Belnet2008-r1,Belnet2008,trajectory,P,3,20.94616428875875,0.5236541072189688,optimal,3.6915098879981088,45043,75012,260260
rescuenet,Belnet2008-r1,Belnet2008,trajectory,P,4,22.720457126078053,0.5680114281519513,optimal,4.170655975001864,45043,75012,260260
rescuenet,Belnet2008-r1,Belnet2008,trajectory,P,5,21.657863018820436,0.5414465754705109,optimal,3.8763059890043223,45043,75012,260260
rescuenet,Belnet2008-r1,Belnet2008,trajectory,P,6,20.627099183780334,0.5156774795945084,optimal,4.046249918996182,45043,75012,260260
rescuenet,Belnet2008-r1,Belnet2008,trajectory,P,7,21.84050119208771,0.5460125298021927,optimal,3.8362027399998624,45043,75012,260260
rescuenet,Belnet2008-r1,Belnet2008,trajectory,P,8,22.479576242339668,0.5619894060584917,optimal,3.646560731998761,45043,75012,260260
rescuenet,Belnet2008-r1,Belnet2008,trajectory,P,9,21.525176894756267,0.5381294223689067,optimal,3.9099357950035483,45043,75012,260260
rescuenet,Belnet2008-r1,Belnet2008,trajectory,P,10,23.678192511312318,0.5919548127828079,optimal,3.5173218290001387,45043,75012,260260
rescuenet,Belnet2008-r1,Belnet2008,trajectory,P,11,22.172493395579057,0.5543123348894764,optimal,2.996266212001501,45043,75012,260260
rescuenet,Belnet2008-r1,Belnet2008,trajectory,P,12,23.213923777456905,0.5803480944364227,optimal,2.9768119169966667,45043,75012,260260
rescuenet,Belnet2008-r1,Belnet2008,trajectory,P,13,21.44698099503384,0.536174524875846,optimal,3.6151924829973723,45043,75012,260260
rescuenet,Belnet2008-r1,Belnet2008,trajectory,P,14,22.058928500277204,0.5514732125069302,optimal,3.2165122219957993,45043,75012,260260
rescuenet,Belnet2008-r1,Belnet2008,trajectory,P,15,21.2379284047322,0.5309482101183051,optimal,3.5752877939958125,45043,75012,260260
rescuenet,Belnet2008-r1,Belnet2008,trajectory,P,16,21.919265898876834,0.5479816474719208,optimal,3.6148300749991904,45043,75012,260260
rescuenet,Belnet2008-r1,Belnet2008,trajectory,P,17,22.267171701932227,0.5566792925483057,optimal,3.1185338770010276,45043,75012,260260
rescuenet,Belnet2008-r1,Belnet2008,trajectory,P,18,21.986700642342623,0.5496675160585656,optimal,3.033356410000124,45043,75012,260260
rescuenet,Belnet2008-r1,Belnet2008,trajectory,P,19,22.087635891975424,0.5521908972993856,optimal,3.307894978999684,45043,75012,260260
rescuenet,Belnet2008-r1,Belnet2008,trajectory,P,20,23.013833404042842,0.5753458351010711,optimal,3.5438227400009055,45043,75012,260260
rescuenet,Belnet2008-r1,Belnet2008,trajectory,P,21,22.395599221707226,0.5598899805426807,optimal,2.8280064549981034,45043,75012,260260
rescuenet,Belnet2008-r1,Belnet2008,trajectory,P,22,25.386294657656947,0.6346573664414237,optimal,3.326020493004762,45043,75012,260260
rescuenet,Belnet2008-r1,Belnet2008,trajectory,P,23,23.62830518733965,0.5907076296834912,optimal,3.297832771000685,45043,75012,260260
rescuenet,Belnet2008-r1,Belnet2008,trajectory,P,24,22.125581868542337,0.5531395467135585,optimal,3.206079007999506,45043,75012,260260
rescuenet,Belnet2008-r1,Belnet2008,trajectory,P,25,22.539407260492194,0.5634851815123049,optimal,3.4392712059998303,45043,75012,260260
rescuenet,Belnet2008-r1,Belnet2008,trajectory,P,26,22.632235387746803,0.5658058846936701,optimal,3.2036405300023034,45043,75012,260260
rescuenet,Belnet2008-r1,Belnet2008,trajectory,P,27,22.494283832817146,0.5623570958204287,optimal,2.99888128600287,45043,75012,260260
rescuenet,Belnet2008-r1,Belnet2008,trajectory,P,28,20.02641725819666,0.5006604314549165,optimal,3.8216147700004512,45043,75012,260260
rescuenet,Belnet2008-r1,Belnet2008,trajectory,P,29,23.385970290860797,0.58464925727152,optimal,5.442671832002816,45043,75012,260260
rescuenet,Belnet2008-r1,Belnet2008,trajectory,TRAN,0,26.54954381673656,0.663738595418414,optimal,3.6373538289990393,45043,75012,260260
rescuenet,Belnet2008-r1,Belnet2008,trajectory,TRAN,1,27.038217267551463,0.6759554316887866,optimal,3.345760035997955,45043,75012,260260
rescuenet,Belnet2008-r1,Belnet2008,trajectory,TRAN,2,27.233185953093344,0.6808296488273335,optimal,3.860032020995277,45043,75012,260260
rescuenet,Belnet2008-r1,Belnet2008,trajectory,TRAN,3,24.66699284035603,0.6166748210089008,optimal,3.4007673040032387,45043,75012,260260
rescuenet,Belnet2008-r1,Belnet2008,trajectory,TRAN,4,27.4221610970031,0.6855540274250775,optimal,3.5741029560012976,45043,75012,260260
rescuenet,Belnet2008-r1,Belnet2008,trajectory,TRAN,5,25.645565957470286,0.6411391489367572,optimal,3.628329487000883,45043,75012,260260
rescuenet,Belnet2008-r1,Belnet2008,trajectory,TRAN,6,25.28735737863256,0.632183934465814,optimal,3.8213688229952822,45043,75012,260260
rescuenet,Belnet2008-r1,Belnet2008,trajectory,TRAN,7,27.407155868175533,0.6851788967043884,optimal,3.6916702360031195,45043,75012,260260
rescuenet,Belnet2008-r1,Belnet2008,trajectory,TRAN,8,25.58768439903283,0.6396921099758208,optimal,3.218162366996694,45043,75012,260260
rescuenet,Belnet2008-r1,Belnet2008,trajectory,TRAN,9,26.13621958128855,0.6534054895322138,optimal,3.088763564999681,45043,75012,260260
rescuenet,Belnet2008-r1,Belnet2008,trajectory,TRAN,10,27.32538736664823,0.6831346841662057,optimal,3.594146905001253,45043,75012,260260
rescuenet,Belnet2008-r1,Belnet2008,trajectory,TRAN,11,26.33971578812557,0.6584928947031392,optimal,3.4236859860029654,45043,75012,260260
rescuenet,Belnet2008-r1,Belnet2008,trajectory,TRAN,12,26.85517683457925,0.6713794208644812,optimal,3.275111659000686,45043,75012,260260
rescuenet,Belnet2008-r1,Belnet2008,trajectory,TRAN,13,27.175088954664904,0.6793772238666226,optimal,3.910109445998387,45043,75012,260260
rescuenet,Belnet2008-r1,Belnet2008,trajectory,TRAN,14,26.178216716864906,0.6544554179216227,optimal,3.8201864340007887,45043,75012,260260
rescuenet,Belnet2008-r1,Belnet2008,trajectory,TRAN,15,25.692926402027243,0.6423231600506811,optimal,3.8614918620005483,45043,75012,260260
rescuenet,Belnet2008-r1,Belnet2008,trajectory,TRAN,16,26.176141646204748,0.6544035411551187,optimal,4.764321654001833,45043,75012,260260
rescuenet,Belnet2008-r1,Belnet2008,trajectory,TRAN,17,27.48554570829086,0.6871386427072715,optimal,3.647495784003695,45043,75012,260260
rescuenet,Belnet2008-r1,Belnet2008,trajectory,TRAN,18,26.36834167003585,0.6592085417508963,optimal,3.1311968070003786,45043,75012,260260
rescuenet,Belnet2008-r1,Belnet2008,trajectory,TRAN,19,25.54694409279467,0.6386736023198668,optimal,3.4780922409991035,45043,75012,260260
rescuenet,Belnet2008-r1,Belnet2008,trajectory,TRAN,20,27.301590539229604,0.6825397634807401,optimal,3.882970940998348,45043,75012,260260
rescuenet,Belnet2008-r1,Belnet2008,trajectory,TRAN,21,26.75306512373432,0.668826628093358,optimal,3.5159858870028984,45043,75012,260260
rescuenet,Belnet2008-r1,Belnet2008,trajectory,TRAN,22,26.421605151479014,0.6605401287869753,optimal,3.659265793998202,45043,75012,260260
rescuenet,Belnet2008-r1,Belnet2008,trajectory,TRAN,23,27.001115652150133,0.6750278913037533,optimal,3.4058814080053708,45043,75012,260260
rescuenet,Belnet2008-r1,Belnet2008,trajectory,TRAN,24,26.30605714436073,0.6576514286090183,optimal,3.9350112009997247,45043,75012,260260
rescuenet,Belnet2008-r1,Belnet2008,trajectory,TRAN,25,28.82643462238665,0.7206608655596662,optimal,3.4136937790026423,45043,75012,260260
rescuenet,Belnet2008-r1,Belnet2008,trajectory,TRAN,26,27.017365450584084,0.6754341362646021,optimal,3.3098467009986052,45043,75012,260260
rescuenet,Belnet2008-r1,Belnet2008,trajectory,TRAN,27,26.739778818226586,0.6684944704556647,optimal,4.041747689996555,45043,75012,260260
rescuenet,Belnet2008-r1,Belnet2008,trajectory,TRAN,28,25.578925693541954,0.6394731423385489,optimal,3.1737567180025508,45043,75012,260260
rescuenet,Belnet2008-r1,Belnet2008,trajectory,TRAN,29,26.640794792757827,0.6660198698189457,optimal,3.368127423003898,45043,75012,260260
rescuenet,Belnet2008-r2,Belnet2008,ground_only,,0,33.70183239506566,0.8425458098766414,optimal,1.1974692110015894,19779,38112,101405
rescuenet,Belnet2008-r2,Belnet2008,ground_only,,1,33.70183239506566,0.8425458098766414,optimal,1.4980834680027328,19779,38112,101405
rescuenet,Belnet2008-r2,Belnet2008,ground_only,,2,33.70183239506566,0.8425458098766414,optimal,1.5249126799972146,19779,38112,101405
rescuenet,Belnet2008-r2,Belnet2008,ground_only,,3,33.70183239506566,0.8425458098766414,optimal,1.2633277679997263,19779,38112,101405
rescuenet,Belnet2008-r2,Belnet2008,ground_only,,4,33.70183239506566,0.8425458098766414,optimal,1.177876778994687,19779,38112,101405
rescuenet,Belnet2008-r2,Belnet2008,ground_only,,5,33.70183239506566,0.8425458098766414,optimal,1.4705045419977978,19779,38112,101405
rescuenet,Belnet2008-r2,Belnet2008,ground_only,,6,33.70183239506566,0.8425458098766414,optimal,1.3738676120046875,19779,38112,101405
rescuenet,Belnet2008-r2,Belnet2008,ground_only,,7,33.70183239506566,0.8425458098766414,optimal,1.1681833870025002,19779,38112,101405
rescuenet,Belnet2008-r2,Belnet2008,ground_only,,8,33.70183239506566,0.8425458098766414,optimal,1.4972557490036706,19779,38112,101405
rescuenet,Belnet2008-r2,Belnet2008,ground_only,,9,33.70183239506566,0.8425458098766414,optimal,1.5467760649989941,19779,38112,101405
rescuenet,Belnet2008-r2,Belnet2008,ground_only,,10,33.70183239506566,0.8425458098766414,optimal,1.133753740999964,19779,38112,101405
rescuenet,Belnet2008-r2,Belnet2008,ground_only,,11,33.70183239506566,0.8425458098766414,optimal,1.4523597680017701,19779,38112,101405
rescuenet,Belnet2008-r2,Belnet2008,ground_only,,12,33.70183239506566,0.8425458098766414,optimal,1.2017053669987945,19779,38112,101405
rescuenet,Belnet2008-r2,Belnet2008,ground_only,,13,33.70183239506566,0.8425458098766414,optimal,1.1481794560022536,19779,38112,101405
rescuenet,Belnet2008-r2,Belnet2008,ground_only,,14,33.70183239506566,0.8425458098766414,optimal,1.3469924060045741,19779,38112,101405
rescuenet,Belnet2008-r2,Belnet2008,ground_only,,15,33.70183239506566,0.8425458098766414,optimal,1.1264010490049259,19779,38112,101405
rescuenet,Belnet2008-r2,Belnet2008,ground_only,,16,33.70183239506566,0.8425458098766414,optimal,1.0981694760048413,19779,38112,101405
rescuenet,Belnet2008-r2,Belnet2008,ground_only,,17,33.70183239506566,0.8425458098766414,optimal,1.1346480840002187,19779,38112,101405
rescuenet,Belnet2008-r2,Belnet2008,ground_only,,18,33.70183239506566,0.8425458098766414,optimal,1.1278559290003614,19779,38112,101405
rescuenet,Belnet2008-r2,Belnet2008,ground_only,,19,33.70183239506566,0.8425458098766414,optimal,1.4243154389987467,19779,38112,101405
rescuenet,Belnet2008-r2,Belnet2008,ground_only,,20,33.70183239506566,0.8425458098766414,optimal,1.2846984170028009,19779,38112,101405
rescuenet,Belnet2008-r2,Belnet2008,ground_only,,21,33.70183239506566,0.8425458098766414,optimal,1.2239692220027791,19779,38112,101405
rescuenet,Belnet2008-r2,Belnet2008,ground_only,,22,33.70183239506566,0.8425458098766414,optimal,1.3801091659988742,19779,38112,101405
rescuenet,Belnet2008-r2,Belnet2008,ground_only,,23,33.70183239506566,0.8425458098766414,optimal,1.173688126000343,19779,38112,101405
rescuenet,Belnet2008-r2,Belnet2008,ground_only,,24,33.70183239506566,0.8425458098766414,optimal,1.218231144004676,19779,38112,101405
rescuenet,Belnet2008-r2,Belnet2008,ground_only,,25,33.70183239506566,0.8425458098766414,optimal,1.468236255001102,19779,38112,101405
rescuenet,Belnet2008-r2,Belnet2008,ground_only,,26,33.70183239506566,0.8425458098766414,optimal,1.1656449870060897,19779,38112,101405
rescuenet,Belnet2008-r2,Belnet2008,ground_only,,27,33.70183239506566,0.8425458098766414,optimal,1.4386168900018674,19779,38112,101405
rescuenet,Belnet2008-r2,Belnet2008,ground_only,,28,33.70183239506566,0.8425458098766414,optimal,1.2095844819996273,19779,38112,101405
rescuenet,Belnet2008-r2,Belnet2008,ground_only,,29,33.70183239506566,0.8425458098766414,optimal,1.1469794570002705,19779,38112,101405
rescuenet,Belnet2008-r2,Belnet2008,trajectory,B1,0,34.92792518390217,0.8731981295975542,optimal,3.832974621996982,44732,82673,253158
rescuenet,Belnet2008-r2,Belnet2008,trajectory,B1,1,35.77173691646739,0.8942934229116848,optimal,4.107822876998398,44732,82673,253158
rescuenet,Belnet2008-r2,Belnet2008,trajectory,B1,2,35.68983862941264,0.892245965735316,optimal,3.37618449999718,44732,82673,253158
rescuenet,Belnet2008-r2,Belnet2008,trajectory,B1,3,35.46598527487576,0.886649631871894,optimal,3.598512769996887,44732,82673,253158
rescuenet,Belnet2008-r2,Belnet2008,trajectory,B1,4,35.71518421890931,0.8928796054727327,optimal,3.060275828000158,44732,82673,253158
rescuenet,Belnet2008-r2,Belnet2008,trajectory,B1,5,35.85679977914034,0.8964199944785085,optimal,3.3938663429944427,44732,82673,253158
rescuenet,Belnet2008-r2,Belnet2008,trajectory,B1,6,35.19928724456826,0.8799821811142066,optimal,3.651719430999947,44732,82673,253158
rescuenet,Belnet2008-r2,Belnet2008,trajectory,B1,7,34.99368827169132,0.874842206792283,optimal,3.6029286779958056,44732,82673,253158
rescuenet,Belnet2008-r2,Belnet2008,trajectory,B1,8,35.76485750971618,0.8941214377429045,optimal,3.883958282000094,44732,82673,253158
rescuenet,Belnet2008-r2,Belnet2008,trajectory,B1,9,35.84990380864617,0.8962475952161542,optimal,3.244066983999801,44732,82673,253158
rescuenet,Belnet2008-r2,Belnet2008,trajectory,B1,10,35.68225596781558,0.8920563991953895,optimal,4.007842632003303,44732,82673,253158
rescuenet,Belnet2008-r2,Belnet2008,trajectory,B1,11,35.80075766277533,0.8950189415693833,optimal,3.781507291998423,44732,82673,253158
rescuenet,Belnet2008-r2,Belnet2008,trajectory,B1,12,35.05611093674868,0.876402773418717,optimal,3.3208478359956644,44732,82673,253158
rescuenet,Belnet2008-r2,Belnet2008,trajectory,B1,13,35.03820892419963,0.8759552231049907,optimal,3.6533987630027696,44732,82673,253158
rescuenet,Belnet2008-r2,Belnet2008,trajectory,B1,14,35.69789596916574,0.8924473992291435,optimal,3.885097978003614,44732,82673,253158
rescuenet,Belnet2008-r2,Belnet2008,trajectory,B1,15,34.95334378647852,0.873833594661963,optimal,3.4643187620022218,44732,82673,253158
rescuenet,Belnet2008-r2,Belnet2008,trajectory,B1,16,35.415280458298085,0.8853820114574521,optimal,3.1336313010033336,44732,82673,253158
rescuenet,Belnet2008-r2,Belnet2008,trajectory,B1,17,35.88967465309051,0.8972418663272628,optimal,3.289452804994653,44732,82673,253158
rescuenet,Belnet2008-r2,Belnet2008,trajectory,B1,18,35.252205136274355,0.8813051284068589,optimal,2.81432130200119,44732,82673,253158
rescuenet,Belnet2008-r2,Belnet2008,trajectory,B1,19,35.67614979356139,0.8919037448390348,optimal,3.00322027799848,44732,82673,253158
rescuenet,Belnet2008-r2,Belnet2008,trajectory,B1,20,34.74693431666604,0.868673357916651,optimal,3.0276634990004823,44732,82673,253158
rescuenet,Belnet2008-r2,Belnet2008,trajectory,B1,21,34.85211011176668,0.8713027527941669,optimal,3.162453501005075,44732,82673,253158
rescuenet,Belnet2008-r2,Belnet2008,trajectory,B1,22,35.61301370225089,0.8903253425562723,optimal,3.5095816460016067,44732,82673,253158
rescuenet,Belnet2008-r2,Belnet2008,trajectory,B1,23,35.81952421071962,0.8954881052679905,optimal,3.2101587700017262,44732,82673,253158
rescuenet,Belnet2008-r2,Belnet2008,trajectory,B1,24,35.95214586315086,0.8988036465787715,optimal,3.6143647849967238,44732,82673,253158
rescuenet,Belnet2008-r2,Belnet2008,trajectory,B1,25,35.756025818983034,0.8939006454745758,optimal,3.1296747809974477,44732,82673,253158
rescuenet,Belnet2008-r2,Belnet2008,trajectory,B1,26,35.77094776831592,0.894273694207898,optimal,3.8233258059990476,44732,82673,253158
rescuenet,Belnet2008-r2,Belnet2008,trajectory,B1,27,35.75519426008955,0.8938798565022388,optimal,3.469776912002999,44732,82673,253158
rescuenet,Belnet2008-r2,Belnet2008,trajectory,B1,28,34.91545898480102,0.8728864746200256,optimal,3.3677178419966367,44732,82673,253158
rescuenet,Belnet2008-r2,Belnet2008,trajectory,B1,29,34.889461477029776,0.8722365369257444,optimal,2.8810263690029387,44732,82673,253158
rescuenet,Belnet2008-r2,Belnet2008,trajectory,B2,0,35.90562758474378,0.8976406896185946,optimal,3.5782986970007187,44732,82673,253158
rescuenet,Belnet2008-r2,Belnet2008,trajectory,B2,1,35.91021824457791,0.8977554561144478,optimal,3.5011581809958443,44732,82673,253158
rescuenet,Belnet2008-r2,Belnet2008,trajectory,B2,2,36.253753142704355,0.9063438285676089,optimal,3.459672690005391,44732,82673,253158
rescuenet,Belnet2008-r2,Belnet2008,trajectory,B2,3,36.073479505018426,0.9018369876254606,optimal,3.689140326998313,44732,82673,253158
rescuenet,Belnet2008-r2,Belnet2008,trajectory,B2,4,36.03477581744826,0.9008693954362066,optimal,3.677443496999331,44732,82673,253158
rescuenet,Belnet2008-r2,Belnet2008,trajectory,B2,5,35.9308871411478,0.898272178528695,optimal,3.187906319995818,44732,82673,253158
rescuenet,Belnet2008-r2,Belnet2008,trajectory,B2,6,36.000322998638126,0.9000080749659531,optimal,3.4591218049972667,44732,82673,253158
rescuenet,Belnet2008-r2,Belnet2008,trajectory,B2,7,36.12103129766775,0.9030257824416937,optimal,4.311050657997839,44732,82673,253158
rescuenet,Belnet2008-r2,Belnet2008,trajectory,B2,8,35.80188425561067,0.8950471063902669,optimal,3.1521811070051626,44732,82673,253158
rescuenet,Belnet2008-r2,Belnet2008,trajectory,B2,9,36.16422414930781,0.9041056037326953,optimal,3.341098483004316,44732,82673,253158
rescuenet,Belnet2008-r2,Belnet2008,trajectory,B2,10,35.8622066151747,0.8965551653793675,optimal,3.3664744580019033,44732,82673,253158
rescuenet,Belnet2008-r2,Belnet2008,trajectory,B2,11,36.10240907498788,0.9025602268746971,optimal,3.235061081002641,44732,82673,253158
rescuenet,Belnet2008-r2,Belnet2008,trajectory,B2,12,35.9299157393389,0.8982478934834726,optimal,3.4325465590009117,44732,82673,253158
rescuenet,Belnet2008-r2,Belnet2008,trajectory,B2,13,36.07223856037392,0.901805964009348,optimal,3.176081271994917,44732,82673,253158
rescuenet,Belnet2008-r2,Belnet2008,trajectory,B2,14,36.08672011535006,0.9021680028837515,optimal,3.5078243060052046,44732,82673,253158
rescuenet,Belnet2008-r2,Belnet2008,trajectory,B2,15,35.94492246550391,0.8986230616375976,optimal,4.686316161001741,44732,82673,253158
rescuenet,Belnet2008-r2,Belnet2008,trajectory,B2,16,35.567259467475075,0.8891814866868769,optimal,4.392339648999041,44732,82673,253158
rescuenet,Belnet2008-r2,Belnet2008,trajectory,B2,17,36.179900017616205,0.9044975004404051,optimal,3.573139991000062,44732,82673,253158
rescuenet,Belnet2008-r2,Belnet2008,trajectory,B2,18,36.02397010640088,0.900599252660022,optimal,3.644151567001245,44732,82673,253158
rescuenet,Belnet2008-r2,Belnet2008,trajectory,B2,19,36.030156843174524,0.9007539210793631,optimal,2.9982010919993627,44732,82673,253158
rescuenet,Belnet2008-r2,Belnet2008,trajectory,B2,20,35.98307627064495,0.8995769067661238,optimal,3.126855340000475,44732,82673,253158
rescuenet,Belnet2008-r2,Belnet2008,trajectory,B2,21,35.86869319878724,0.896717329969681,optimal,2.815616076004517,44732,82673,253158
rescuenet,Belnet2008-r2,Belnet2008,trajectory,B2,22,36.03876714625163,0.9009691786562908,optimal,2.9027099939994514,44732,82673,253158
rescuenet,Belnet2008-r2,Belnet2008,trajectory,B2,23,36.00066575207382,0.9000166438018455,optimal,2.9280802990033408,44732,82673,253158
rescuenet,Belnet2008-r2,Belnet2008,trajectory,B2,24,35.96838124423405,0.8992095311058513,optimal,2.8840423689980526,44732,82673,253158
rescuenet,Belnet2008-r2,Belnet2008,trajectory,B2,25,36.388504064654434,0.9097126016163608,optimal,2.94167663299595,44732,82673,253158
rescuenet,Belnet2008-r2,Belnet2008,trajectory,B2,26,36.054301661697615,0.9013575415424404,optimal,2.874112410005182,44732,82673,253158
rescuenet,Belnet2008-r2,Belnet2008,trajectory,B2,27,36.02304577668198,0.9005761444170496,optimal,2.8899884170023142,44732,82673,253158
rescuenet,Belnet2008-r2,Belnet2008,trajectory,B2,28,35.96503680031016,0.8991259200077539,optimal,2.735470970001188,44732,82673,253158
rescuenet,Belnet2008-r2,Belnet2008,trajectory,B2,29,35.94737273973486,0.8986843184933715,optimal,2.700205098000879,44732,82673,253158
rescuenet,Belnet2008-r2,Belnet2008,trajectory,P,0,35.84333543032404,0.896083385758101,optimal,3.0173406559988507,44732,82673,253158
rescuenet,Belnet2008-r2,Belnet2008,trajectory,P,1,35.90629303785087,0.8976573259462718,optimal,2.967655417996866,44732,82673,253158
rescuenet,Belnet2008-r2,Belnet2008,trajectory,P,2,36.251617023283984,0.9062904255820996,optimal,2.8741884069968364,44732,82673,253158
rescuenet,Belnet2008-r2,Belnet2008,trajectory,P,3,36.21621440691741,0.9054053601729353,optimal,2.81777664800029,44732,82673,253158
rescuenet,Belnet2008-r2,Belnet2008,trajectory,P,4,36.040589715993576,0.9010147428998394,optimal,3.0140751190047013,44732,82673,253158
rescuenet,Belnet2008-r2,Belnet2008,trajectory,P,5,36.05105673372322,0.9012764183430806,optimal,2.683169579002424,44732,82673,253158
rescuenet,Belnet2008-r2,Belnet2008,trajectory,P,6,36.000112490690135,0.9000028122672534,optimal,2.547777275998669,44732,82673,253158
rescuenet,Belnet2008-r2,Belnet2008,trajectory,P,7,36.09889026836052,0.902472256709013,optimal,3.0249928569974145,44732,82673,253158
rescuenet,Belnet2008-r2,Belnet2008,trajectory,P,8,35.80139362457367,0.8950348406143418,optimal,2.8285790259978967,44732,82673,253158
rescuenet,Belnet2008-r2,Belnet2008,trajectory,P,9,36.185980753511394,0.9046495188377849,optimal,2.8508433919996605,44732,82673,253158
rescuenet,Belnet2008-r2,Belnet2008,trajectory,P,10,35.85529403514409,0.8963823508786023,optimal,2.5416355120032676,44732,82673,253158
rescuenet,Belnet2008-r2,Belnet2008,trajectory,P,11,36.111649779005894,0.9027912444751474,optimal,2.788484281001729,44732,82673,253158
rescuenet,Belnet2008-r2,Belnet2008,trajectory,P,12,35.791974844627546,0.8947993711156886,optimal,2.867091593994701,44732,82673,253158
rescuenet,Belnet2008-r2,Belnet2008,trajectory,P,13,36.08161559281245,0.9020403898203112,optimal,2.8743348059942946,44732,82673,253158
rescuenet,Belnet2008-r2,Belnet2008,trajectory,P,14,36.05027131905323,0.9012567829763307,optimal,3.205198287003441,44732,82673,253158
rescuenet,Belnet2008-r2,Belnet2008,trajectory,P,15,35.97766200819846,0.8994415502049614,optimal,3.1429765700013377,44732,82673,253158
rescuenet,Belnet2008-r2,Belnet2008,trajectory,P,16,35.55500028813028,0.888875007203257,optimal,2.772562514997844,44732,82673,253158
rescuenet,Belnet2008-r2,Belnet2008,trajectory,P,17,36.190937733678545,0.9047734433419636,optimal,3.083759626999381,44732,82673,253158
rescuenet,Belnet2008-r2,Belnet2008,trajectory,P,18,36.03086866408548,0.9007717166021371,optimal,3.3873557050028467,44732,82673,253158
rescuenet,Belnet2008-r2,Belnet2008,trajectory,P,19,36.04425843044003,0.9011064607610008,optimal,4.415097370001604,44732,82673,253158
rescuenet,Belnet2008-r2,Belnet2008,trajectory,P,20,35.938455236032105,0.8984613809008026,optimal,3.6209804300015094,44732,82673,253158
rescuenet,Belnet2008-r2,Belnet2008,trajectory,P,21,35.866528976598175,0.8966632244149544,optimal,3.903370066000207,44732,82673,253158
rescuenet,Belnet2008-r2,Belnet2008,trajectory,P,22,36.060336839953884,0.9015084209988471,optimal,3.583444440999301,44732,82673,253158
rescuenet,Belnet2008-r2,Belnet2008,trajectory,P,23,35.979704362166764,0.8994926090541691,optimal,3.0287851419998333,44732,82673,253158
rescuenet,Belnet2008-r2,Belnet2008,trajectory,P,24,36.07752215269198,0.9019380538172994,optimal,2.8710451260049012,44732,82673,253158
rescuenet,Belnet2008-r2,Belnet2008,trajectory,P,25,36.38604908692968,0.909651227173242,optimal,3.1225331440000446,44732,82673,253158
rescuenet,Belnet2008-r2,Belnet2008,trajectory,P,26,36.0010634340904,0.9000265858522599,optimal,2.8912431849967106,44732,82673,253158
rescuenet,Belnet2008-r2,Belnet2008,trajectory,P,27,36.1221762368175,0.9030544059204375,optimal,3.1133994730043923,44732,82673,253158
rescuenet,Belnet2008-r2,Belnet2008,trajectory,P,28,35.975531613121106,0.8993882903280277,optimal,2.7233839019972947,44732,82673,253158
rescuenet,Belnet2008-r2,Belnet2008,trajectory,P,29,35.94413994144801,0.8986034985362001,optimal,3.0951184389996342,44732,82673,253158
rescuenet,Belnet2008-r2,Belnet2008,trajectory,TRAN,0,36.68466462670057,0.9171166156675141,optimal,2.7308149119999143,44732,82673,253158
rescuenet,Belnet2008-r2,Belnet2008,trajectory,TRAN,1,36.71359821109738,0.9178399552774344,optimal,3.5676680559990928,44732,82673,253158
rescuenet,Belnet2008-r2,Belnet2008,trajectory,TRAN,2,37.43604912416551,0.9359012281041377,optimal,2.8523605240043253,44732,82673,253158
rescuenet,Belnet2008-r2,Belnet2008,trajectory,TRAN,3,36.76259992180761,0.9190649980451904,optimal,3.0937101359959343,44732,82673,253158
rescuenet,Belnet2008-r2,Belnet2008,trajectory,TRAN,4,36.60267382068984,0.9150668455172459,optimal,3.095257570996182,44732,82673,253158
rescuenet,Belnet2008-r2,Belnet2008,trajectory,TRAN,5,36.63676984662907,0.9159192461657268,optimal,2.5342365190008422,44732,82673,253158
rescuenet,Belnet2008-r2,Belnet2008,trajectory,TRAN,6,37.61218553756643,0.9403046384391608,optimal,2.803492434999498,44732,82673,253158
rescuenet,Belnet2008-r2,Belnet2008,trajectory,TRAN,7,36.66979000368719,0.9167447500921797,optimal,2.844554886003607,44732,82673,253158
rescuenet,Belnet2008-r2,Belnet2008,trajectory,TRAN,8,36.41093447577986,0.9102733618944965,optimal,2.658802343001298,44732,82673,253158
rescuenet,Belnet2008-r2,Belnet2008,trajectory,TRAN,9,37.0442325850449,0.9261058146261225,optimal,3.121463292001863,44732,82673,253158
rescuenet,Belnet2008-r2,Belnet2008,trajectory,TRAN,10,36.49137757352698,0.9122844393381746,optimal,2.867413025996939,44732,82673,253158
rescuenet,Belnet2008-r2,Belnet2008,trajectory,TRAN,11,36.73273798181453,0.9183184495453632,optimal,2.9782019179983763,44732,82673,253158
rescuenet,Belnet2008-r2,Belnet2008,trajectory,TRAN,12,37.59544601152537,0.9398861502881342,optimal,2.5910904109987314,44732,82673,253158
rescuenet,Belnet2008-r2,Belnet2008,trajectory,TRAN,13,36.67340663330427,0.9168351658326067,optimal,2.7063590649995604,44732,82673,253158
rescuenet,Belnet2008-r2,Belnet2008,trajectory,TRAN,14,37.37150488326451,0.9342876220816126,optimal,3.3493722149942187,44732,82673,253158
rescuenet,Belnet2008-r2,Belnet2008,trajectory,TRAN,15,36.94532369724175,0.9236330924310436,optimal,3.461963759000355,44732,82673,253158
rescuenet,Belnet2008-r2,Belnet2008,trajectory,TRAN,16,36.216473378816985,0.9054118344704246,optimal,3.510323256996344,44732,82673,253158
rescuenet,Belnet2008-r2,Belnet2008,trajectory,TRAN,17,36.66515272928919,0.9166288182322297,optimal,3.703366207999352,44732,82673,253158
rescuenet,Belnet2008-r2,Belnet2008,trajectory,TRAN,18,36.69169644903033,0.9172924112257583,optimal,3.733672807000403,44732,82673,253158
rescuenet,Belnet2008-r2,Belnet2008,trajectory,TRAN,19,36.187144610066994,0.9046786152516748,optimal,3.33641822100617,44732,82673,253158
rescuenet,Belnet2008-r2,Belnet2008,trajectory,TRAN,20,36.903235775490025,0.9225808943872507,optimal,3.475662366996403,44732,82673,253158
rescuenet,Belnet2008-r2,Belnet2008,trajectory,TRAN,21,36.64929220923912,0.916232305230978,optimal,3.173156684002606,44732,82673,253158
rescuenet,Belnet2008-r2,Belnet2008,trajectory,TRAN,22,36.25079919083975,0.9062699797709938,optimal,3.3137981009931536,44732,82673,253158
rescuenet,Belnet2008-r2,Belnet2008,trajectory,TRAN,23,37.12307969901711,0.9280769924754277,optimal,3.6940302699949825,44732,82673,253158
rescuenet,Belnet2008-r2,Belnet2008,trajectory,TRAN,24,36.94926498477819,0.9237316246194547,optimal,3.310940352996113,44732,82673,253158
rescuenet,Belnet2008-r2,Belnet2008,trajectory,TRAN,25,37.8821423686953,0.9470535592173824,optimal,3.1643440690022544,44732,82673,253158
rescuenet,Belnet2008-r2,Belnet2008,trajectory,TRAN,26,36.48089772154069,0.9120224430385173,optimal,3.2886668350038235,44732,82673,253158
rescuenet,Belnet2008-r2,Belnet2008,trajectory,TRAN,27,36.554427741640566,0.9138606935410142,optimal,2.7009358770010294,44732,82673,253158
rescuenet,Belnet2008-r2,Belnet2008,trajectory,TRAN,28,36.83733330195358,0.9209333325488395,optimal,2.420793974000844,44732,82673,253158
rescuenet,Belnet2008-r2,Belnet2008,trajectory,TRAN,29,36.79172623349298,0.9197931558373245,optimal,2.4239330149939633,44732,82673,253158
rescuenet,BsonetEurope-r0,BsonetEurope,ground_only,,0,12.930980267553338,0.32327450668883345,optimal,0.29964278399711475,6637,14237,35362
rescuenet,BsonetEurope-r0,BsonetEurope,ground_only,,1,12.930980267553338,0.32327450668883345,optimal,0.29296039899782045,6637,14237,35362
rescuenet,BsonetEurope-r0,BsonetEurope,ground_only,,2,12.930980267553338,0.32327450668883345,optimal,0.2502419660013402,6637,14237,35362
rescuenet,BsonetEurope-r0,BsonetEurope,ground_only,,3,12.930980267553338,0.32327450668883345,optimal,0.22529891999874962,6637,14237,35362
rescuenet,BsonetEurope-r0,BsonetEurope,ground_only,,4,12.930980267553338,0.32327450668883345,optimal,0.2634874490031507,6637,14237,35362
rescuenet,BsonetEurope-r0,BsonetEurope,ground_only,,5,12.930980267553338,0.32327450668883345,optimal,0.2904329930024687,6637,14237,35362
rescuenet,BsonetEurope-r0,BsonetEurope,ground_only,,6,12.930980267553338,0.32327450668883345,optimal,0.2874463330008439,6637,14237,35362
rescuenet,BsonetEurope-r0,BsonetEurope,ground_only,,7,12.930980267553338,0.32327450668883345,optimal,0.302512084999762,6637,14237,35362
rescuenet,BsonetEurope-r0,BsonetEurope,ground_only,,8,12.930980267553338,0.32327450668883345,optimal,0.28855008100072155,6637,14237,35362
rescuenet,BsonetEurope-r0,BsonetEurope,ground_only,,9,12.930980267553338,0.32327450668883345,optimal,0.2869645769969793,6637,14237,35362
rescuenet,BsonetEurope-r0,BsonetEurope,ground_only,,10,12.930980267553338,0.32327450668883345,optimal,0.2739966280059889,6637,14237,35362
rescuenet,BsonetEurope-r0,BsonetEurope,ground_only,,11,12.930980267553338,0.32327450668883345,optimal,0.27255798799888,6637,14237,35362
rescuenet,BsonetEurope-r0,BsonetEurope,ground_only,,12,12.930980267553338,0.32327450668883345,optimal,0.277985130000161,6637,14237,35362
rescuenet,BsonetEurope-r0,BsonetEurope,ground_only,,13,12.930980267553338,0.32327450668883345,optimal,0.28871644000173546,6637,14237,35362
rescuenet,BsonetEurope-r0,BsonetEurope,ground_only,,14,12.930980267553338,0.32327450668883345,optimal,0.2740105439952458,6637,14237,35362
rescuenet,BsonetEurope-r0,BsonetEurope,ground_only,,15,12.930980267553338,0.32327450668883345,optimal,0.27074414899834665,6637,14237,35362
rescuenet,BsonetEurope-r0,BsonetEurope,ground_only,,16,12.930980267553338,0.32327450668883345,optimal,0.2265971789965988,6637,14237,35362
rescuenet,BsonetEurope-r0,BsonetEurope,ground_only,,17,12.930980267553338,0.32327450668883345,optimal,0.22507853699789848,6637,14237,35362
rescuenet,BsonetEurope-r0,BsonetEurope,ground_only,,18,12.930980267553338,0.32327450668883345,optimal,0.24420927600294817,6637,14237,35362
rescuenet,BsonetEurope-r0,BsonetEurope,ground_only,,19,12.930980267553338,0.32327450668883345,optimal,0.3293736119958339,6637,14237,35362
rescuenet,BsonetEurope-r0,BsonetEurope,ground_only,,20,12.930980267553338,0.32327450668883345,optimal,0.26159245100279804,6637,14237,35362
rescuenet,BsonetEurope-r0,BsonetEurope,ground_only,,21,12.930980267553338,0.32327450668883345,optimal,0.2612481729956926,6637,14237,35362
rescuenet,BsonetEurope-r0,BsonetEurope,ground_only,,22,12.930980267553338,0.32327450668883345,optimal,0.2709710150011233,6637,14237,35362
rescuenet,BsonetEurope-r0,BsonetEurope,ground_only,,23,12.930980267553338,0.32327450668883345,optimal,0.2704556560056517,6637,14237,35362
rescuenet,BsonetEurope-r0,BsonetEurope,ground_only,,24,12.930980267553338,0.32327450668883345,optimal,0.27682150899636326,6637,14237,35362
rescuenet,BsonetEurope-r0,BsonetEurope,ground_only,,25,12.930980267553338,0.32327450668883345,optimal,0.2776848349967622,6637,14237,35362
rescuenet,BsonetEurope-r0,BsonetEurope,ground_only,,26,12.930980267553338,0.32327450668883345,optimal,0.2900045520000276,6637,14237,35362
rescuenet,BsonetEurope-r0,BsonetEurope,ground_only,,27,12.930980267553338,0.32327450668883345,optimal,0.292404448002344,6637,14237,35362
rescuenet,BsonetEurope-r0,BsonetEurope,ground_only,,28,12.930980267553338,0.32327450668883345,optimal,0.28385485299804714,6637,14237,35362
rescuenet,BsonetEurope-r0,BsonetEurope,ground_only,,29,12.930980267553338,0.32327450668883345,optimal,0.28510193600232014,6637,14237,35362
rescuenet,BsonetEurope-r0,BsonetEurope,trajectory,B1,0,20.137499359596198,0.503437483989905,optimal,3.922979172995838,42314,75426,251601
rescuenet,BsonetEurope-r0,BsonetEurope,trajectory,B1,1,20.440781063303362,0.5110195265825841,optimal,3.1892998539988184,42314,75426,251601
rescuenet,BsonetEurope-r0,BsonetEurope,trajectory,B1,2,20.774924004086778,0.5193731001021694,optimal,3.442530501000874,42314,75426,251601
rescuenet,BsonetEurope-r0,BsonetEurope,trajectory,B1,3,20.28905288870542,0.5072263222176355,optimal,3.414993204001803,42314,75426,251601
rescuenet,BsonetEurope-r0,BsonetEurope,trajectory,B1,4,18.953169884240218,0.47382924710600544,optimal,3.954412057995796,42314,75426,251601
rescuenet,BsonetEurope-r0,BsonetEurope,trajectory,B1,5,18.944258206331337,0.4736064551582834,optimal,3.8281406649985,42314,75426,251601
rescuenet,BsonetEurope-r0,BsonetEurope,trajectory,B1,6,20.342408978350928,0.5085602244587732,optimal,3.001693672995316,42314,75426,251601
rescuenet,BsonetEurope-r0,BsonetEurope,trajectory,B1,7,20.7291947820709,0.5182298695517724,optimal,2.966735565001727,42314,75426,251601
rescuenet,BsonetEurope-r0,BsonetEurope,trajectory,B1,8,19.82601005036497,0.49565025125912426,optimal,3.180747610000253,42314,75426,251601
rescuenet,BsonetEurope-r0,BsonetEurope,trajectory,B1,9,18.36763494044599,0.45919087351114973,optimal,3.1170635060043423,42314,75426,251601
rescuenet,BsonetEurope-r0,BsonetEurope,trajectory,B1,10,19.003608877115024,0.4750902219278756,optimal,3.6781480260033277,42314,75426,251601
rescuenet,BsonetEurope-r0,BsonetEurope,trajectory,B1,11,19.71042412175393,0.4927606030438483,optimal,2.8885304860014003,42314,75426,251601
rescuenet,BsonetEurope-r0,BsonetEurope,trajectory,B1,12,20.22205433474899,0.5055513583687248,optimal,3.5224127389956266,42314,75426,251601
rescuenet,BsonetEurope-r0,BsonetEurope,trajectory,B1,13,20.018900278670877,0.5004725069667719,optimal,3.229268283001147,42314,75426,251601
rescuenet,BsonetEurope-r0,BsonetEurope,trajectory,B1,14,21.182508632212667,0.5295627158053167,optimal,3.9233334849996027,42314,75426,251601
rescuenet,BsonetEurope-r0,BsonetEurope,trajectory,B1,15,20.43611032404126,0.5109027581010315,optimal,3.4747372569981962,42314,75426,251601
rescuenet,BsonetEurope-r0,BsonetEurope,trajectory,B1,16,19.714706657104166,0.49286766642760416,optimal,3.7430544270027895,42314,75426,251601
rescuenet,BsonetEurope-r0,BsonetEurope,trajectory,B1,17,19.325398421748687,0.4831349605437172,optimal,3.840886149999278,42314,75426,251601
rescuenet,BsonetEurope-r0,BsonetEurope,trajectory,B1,18,19.88758467196588,0.49718961679914697,optimal,3.8439088640006958,42314,75426,251601
rescuenet,BsonetEurope-r0,BsonetEurope,trajectory,B1,19,20.934199158482024,0.5233549789620506,optimal,4.317729207999946,42314,75426,251601
rescuenet,BsonetEurope-r0,BsonetEurope,trajectory,B1,20,20.440920903853833,0.5110230225963458,optimal,3.6127056699988316,42314,75426,251601
rescuenet,BsonetEurope-r0,BsonetEurope,trajectory,B1,21,20.32812096311529,0.5082030240778822,optimal,4.067767907996313,42314,75426,251601
rescuenet,BsonetEurope-r0,BsonetEurope,trajectory,B1,22,20.269676392983367,0.5067419098245842,optimal,3.2649433390033664,42314,75426,251601
rescuenet,BsonetEurope-r0,BsonetEurope,trajectory,B1,23,19.999046283167885,0.4999761570791971,optimal,3.6362803329975577,42314,75426,251601
rescuenet,BsonetEurope-r0,BsonetEurope,trajectory,B1,24,20.279139486076836,0.506978487151921,optimal,3.38299960000586,42314,75426,251601
rescuenet,BsonetEurope-r0,BsonetEurope,trajectory,B1,25,19.89891202926076,0.497472800731519,optimal,4.205942840999342,42314,75426,251601
rescuenet,BsonetEurope-r0,BsonetEurope,trajectory,B1,26,19.733427757713084,0.4933356939428271,optimal,3.530221900997276,42314,75426,251601
rescuenet,BsonetEurope-r0,BsonetEurope,trajectory,B1,27,20.358886550118427,0.5089721637529607,optimal,3.5090046250043088,42314,75426,251601
rescuenet,BsonetEurope-r0,BsonetEurope,trajectory,B1,28,19.769174307082036,0.4942293576770509,optimal,3.5345640360028483,42314,75426,251601
rescuenet,BsonetEurope-r0,BsonetEurope,trajectory,B1,29,19.882088307398906,0.49705220768497266,optimal,3.527159424003912,42314,75426,251601
rescuenet,BsonetEurope-r0,BsonetEurope,trajectory,B2,0,21.4092499527421,0.5352312488185526,optimal,4.698195329001464,42314,75426,251601
rescuenet,BsonetEurope-r0,BsonetEurope,trajectory,B2,1,21.324919643401085,0.5331229910850271,optimal,2.9050025769975036,42314,75426,251601
rescuenet,BsonetEurope-r0,BsonetEurope,trajectory,B2,2,21.452149380627667,0.5363037345156917,optimal,3.0334520249962225,42314,75426,251601
rescuenet,BsonetEurope-r0,BsonetEurope,trajectory,B2,3,21.63784038712383,0.5409460096780958,optimal,3.289915650995681,42314,75426,251601
rescuenet,BsonetEurope-r0,BsonetEurope,trajectory,B2,4,20.91140053951193,0.5227850134877983,optimal,3.054582743003266,42314,75426,251601
rescuenet,BsonetEurope-r0,BsonetEurope,trajectory,B2,5,21.146530033556953,0.5286632508389238,optimal,3.0380839639983606,42314,75426,251601
rescuenet,BsonetEurope-r0,BsonetEurope,trajectory,B2,6,20.697547763398724,0.5174386940849681,optimal,3.2423161859987886,42314,75426,251601
rescuenet,BsonetEurope-r0,BsonetEurope,trajectory,B2,7,21.96619659305538,0.5491549148263845,optimal,3.4461679110027035,42314,75426,251601
rescuenet,BsonetEurope-r0,BsonetEurope,trajectory,B2,8,20.48085674312727,0.5120214185781817,optimal,3.5069639239954995,42314,75426,251601
rescuenet,BsonetEurope-r0,BsonetEurope,trajectory,B2,9,20.051396908811284,0.5012849227202821,optimal,3.390971519998857,42314,75426,251601
rescuenet,BsonetEurope-r0,BsonetEurope,trajectory,B2,10,20.55355757389697,0.5138389393474243,optimal,3.566972327993426,42314,75426,251601
rescuenet,BsonetEurope-r0,BsonetEurope,trajectory,B2,11,21.108469585961725,0.5277117396490432,optimal,2.850226806003775,42314,75426,251601
rescuenet,BsonetEurope-r0,BsonetEurope,trajectory,B2,12,20.966857617811357,0.524171440445284,optimal,3.8801046590015176,42314,75426,251601
rescuenet,BsonetEurope-r0,BsonetEurope,trajectory,B2,13,20.548463502030188,0.5137115875507547,optimal,3.589907336005126,42314,75426,251601
rescuenet,BsonetEurope-r0,BsonetEurope,trajectory,B2,14,21.33259403151877,0.5333148507879693,optimal,3.793773441000667,42314,75426,251601
rescuenet,BsonetEurope-r0,BsonetEurope,trajectory,B2,15,21.592153462163974,0.5398038365540994,optimal,3.276761084001919,42314,75426,251601
rescuenet,BsonetEurope-r0,BsonetEurope,trajectory,B2,16,20.963367704600927,0.5240841926150231,optimal,3.655743748000532,42314,75426,251601
rescuenet,BsonetEurope-r0,BsonetEurope,trajectory,B2,17,20.775037697970507,0.5193759424492627,optimal,3.537533655995503,42314,75426,251601
rescuenet,BsonetEurope-r0,BsonetEurope,trajectory,B2,18,20.367924882221438,0.5091981220555359,optimal,2.9205029150034534,42314,75426,251601
rescuenet,BsonetEurope-r0,BsonetEurope,trajectory,B2,19,21.87981145541596,0.5469952863853991,optimal,3.203405305997876,42314,75426,251601
rescuenet,BsonetEurope-r0,BsonetEurope,trajectory,B2,20,21.218541863665937,0.5304635465916484,optimal,4.270685952003987,42314,75426,251601
rescuenet,BsonetEurope-r0,BsonetEurope,trajectory,B2,21,21.319243506583042,0.5329810876645761,optimal,3.6308942579998984,42314,75426,251601
rescuenet,BsonetEurope-r0,BsonetEurope,trajectory,B2,22,22.124378799168113,0.5531094699792029,optimal,3.6626499560006778,42314,75426,251601
rescuenet,BsonetEurope-r0,BsonetEurope,trajectory,B2,23,21.755711321088018,0.5438927830272005,optimal,3.9532124409961398,42314,75426,251601
rescuenet,BsonetEurope-r0,BsonetEurope,trajectory,B2,24,21.178420112432185,0.5294605028108046,optimal,3.7726987860005465,42314,75426,251601
rescuenet,BsonetEurope-r0,BsonetEurope,trajectory,B2,25,20.78616275202684,0.519654068800671,optimal,3.5205706999986432,42314,75426,251601
rescuenet,BsonetEurope-r0,BsonetEurope,trajectory,B2,26,20.82969230626941,0.5207423076567352,optimal,3.417784739001945,42314,75426,251601
rescuenet,BsonetEurope-r0,BsonetEurope,trajectory,B2,27,21.482874627093448,0.5370718656773362,optimal,3.262328732002061,42314,75426,251601
rescuenet,BsonetEurope-r0,BsonetEurope,trajectory,B2,28,21.798886300475253,0.5449721575118813,optimal,3.1378526170010446,42314,75426,251601
rescuenet,BsonetEurope-r0,BsonetEurope,trajectory,B2,29,20.175016948081755,0.5043754237020439,optimal,3.0749807720058016,42314,75426,251601
rescuenet,BsonetEurope-r0,BsonetEurope,trajectory,P,0,21.370570678205798,0.534264266955145,optimal,4.35396872000274,42314,75426,251601
rescuenet,BsonetEurope-r0,BsonetEurope,trajectory,P,1,21.367945811593227,0.5341986452898306,optimal,3.849406576002366,42314,75426,251601
rescuenet,BsonetEurope-r0,BsonetEurope,trajectory,P,2,21.520320736854107,0.5380080184213527,optimal,3.6998310030030552,42314,75426,251601
rescuenet,BsonetEurope-r0,BsonetEurope,trajectory,P,3,21.884672906566017,0.5471168226641504,optimal,3.7234849619999295,42314,75426,251601
rescuenet,BsonetEurope-r0,BsonetEurope,trajectory,P,4,21.383386630573757,0.5345846657643439,optimal,3.803332905001298,42314,75426,251601
rescuenet,BsonetEurope-r0,BsonetEurope,trajectory,P,5,21.132183355100004,0.5283045838775001,optimal,3.767263214002014,42314,75426,251601
rescuenet,BsonetEurope-r0,BsonetEurope,trajectory,P,6,20.983790829657153,0.5245947707414288,optimal,3.452793221003958,42314,75426,251601
rescuenet,BsonetEurope-r0,BsonetEurope,trajectory,P,7,22.21863758255573,0.5554659395638932,optimal,3.2438983809988713,42314,75426,251601
rescuenet,BsonetEurope-r0,BsonetEurope,trajectory,P,8,20.378989762706187,0.5094747440676547,optimal,3.139671848002763,42314,75426,251601
rescuenet,BsonetEurope-r0,BsonetEurope,trajectory,P,9,20.443381969664145,0.5110845492416036,optimal,2.94487917299557,42314,75426,251601
rescuenet,BsonetEurope-r0,BsonetEurope,trajectory,P,10,20.92975621310972,0.523243905327743,optimal,2.9934778129972983,42314,75426,251601
rescuenet,BsonetEurope-r0,BsonetEurope,trajectory,P,11,21.253014258041983,0.5313253564510496,optimal,3.2609165489993757,42314,75426,251601
rescuenet,BsonetEurope-r0,BsonetEurope,trajectory,P,12,21.267147571461898,0.5316786892865475,optimal,2.876665124000283,42314,75426,251601
rescuenet,BsonetEurope-r0,BsonetEurope,trajectory,P,13,20.714290962340066,0.5178572740585017,optimal,3.245996126999671,42314,75426,251601
rescuenet,BsonetEurope-r0,BsonetEurope,trajectory,P,14,21.395772295466323,0.5348943073866581,optimal,3.474155834002886,42314,75426,251601
rescuenet,BsonetEurope-r0,BsonetEurope,trajectory,P,15,20.691952649037958,0.517298816225949,optimal,3.00492901999678,42314,75426,251601
rescuenet,BsonetEurope-r0,BsonetEurope,trajectory,P,16,21.8254119136626,0.545635297841565,optimal,3.043800816005387,42314,75426,251601
rescuenet,BsonetEurope-r0,BsonetEurope,trajectory,P,17,21.425312626949435,0.5356328156737359,optimal,3.086726216999523,42314,75426,251601
rescuenet,BsonetEurope-r0,BsonetEurope,trajectory,P,18,20.409757231011042,0.5102439307752761,optimal,3.2142394749971572,42314,75426,251601
rescuenet,BsonetEurope-r0,BsonetEurope,trajectory,P,19,21.85979183102373,0.5464947957755932,optimal,3.0819375869978103,42314,75426,251601
rescuenet,BsonetEurope-r0,BsonetEurope,trajectory,P,20,21.407298880342726,0.5351824720085682,optimal,4.007400373004202,42314,75426,251601
rescuenet,BsonetEurope-r0,BsonetEurope,trajectory,P,21,21.589884774213232,0.5397471193553308,optimal,3.2022403790033422,42314,75426,251601
rescuenet,BsonetEurope-r0,BsonetEurope,trajectory,P,22,22.23077546498151,0.5557693866245377,optimal,3.474327279996942,42314,75426,251601
rescuenet,BsonetEurope-r0,BsonetEurope,trajectory,P,23,21.521475993610238,0.5380368998402559,optimal,3.6820784879964776,42314,75426,251601
rescuenet,BsonetEurope-r0,BsonetEurope,trajectory,P,24,21.146656790426352,0.5286664197606588,optimal,3.4855578090064228,42314,75426,251601
rescuenet,BsonetEurope-r0,BsonetEurope,trajectory,P,25,20.927008211663974,0.5231752052915993,optimal,3.355190041998867,42314,75426,251601
rescuenet,BsonetEurope-r0,BsonetEurope,trajectory,P,26,21.32710271438922,0.5331775678597305,optimal,3.6432635090022814,42314,75426,251601
rescuenet,BsonetEurope-r0,BsonetEurope,trajectory,P,27,21.71649854513426,0.5429124636283565,optimal,3.2222534700049437,42314,75426,251601
rescuenet,BsonetEurope-r0,BsonetEurope,trajectory,P,28,21.353235950843636,0.5338308987710909,optimal,3.3993753629983985,42314,75426,251601
rescuenet,BsonetEurope-r0,BsonetEurope,trajectory,P,29,20.962191845146673,0.5240547961286668,optimal,3.6596023450038047,42314,75426,251601
rescuenet,BsonetEurope-r0,BsonetEurope,trajectory,TRAN,0,24.463766358944405,0.6115941589736101,optimal,3.6969126609983505,42314,75426,251601
rescuenet,BsonetEurope-r0,BsonetEurope,trajectory,TRAN,1,26.357152765796066,0.6589288191449016,optimal,3.8802484499974526,42314,75426,251601
rescuenet,BsonetEurope-r0,BsonetEurope,trajectory,TRAN,2,26.596712979940722,0.6649178244985181,optimal,4.26109537800221,42314,75426,251601
rescuenet,BsonetEurope-r0,BsonetEurope,trajectory,TRAN,3,26.924613950620195,0.6731153487655048,optimal,4.502235155996459,42314,75426,251601
rescuenet,BsonetEurope-r0,BsonetEurope,trajectory,TRAN,4,25.499408824744656,0.6374852206186163,optimal,3.799268333998043,42314,75426,251601
rescuenet,BsonetEurope-r0,BsonetEurope,trajectory,TRAN,5,27.501440923077354,0.6875360230769338,optimal,3.7685712419988704,42314,75426,251601
rescuenet,BsonetEurope-r0,BsonetEurope,trajectory,TRAN,6,25.790157703631948,0.6447539425907987,optimal,3.5360500259994296,42314,75426,251601
rescuenet,BsonetEurope-r0,BsonetEurope,trajectory,TRAN,7,24.640228372911604,0.6160057093227901,optimal,3.826200837997021,42314,75426,251601
rescuenet,BsonetEurope-r0,BsonetEurope,trajectory,TRAN,8,24.693200540803577,0.6173300135200894,optimal,3.276265325002896,42314,75426,251601
rescuenet,BsonetEurope-r0,BsonetEurope,trajectory,TRAN,9,25.99444383430292,0.649861095857573,optimal,3.2351194669972756,42314,75426,251601
rescuenet,BsonetEurope-r0,BsonetEurope,trajectory,TRAN,10,25.06565007935488,0.626641251983872,optimal,3.247977581995656,42314,75426,251601
rescuenet,BsonetEurope-r0,BsonetEurope,trajectory,TRAN,11,24.851908272181777,0.6212977068045444,optimal,3.0652421090053394,42314,75426,251601
rescuenet,BsonetEurope-r0,BsonetEurope,trajectory,TRAN,12,24.967267341535234,0.6241816835383809,optimal,4.238560697005596,42314,75426,251601
rescuenet,BsonetEurope-r0,BsonetEurope,trajectory,TRAN,13,24.774023962449945,0.6193505990612487,optimal,4.223071710999648,42314,75426,251601
rescuenet,BsonetEurope-r0,BsonetEurope,trajectory,TRAN,14,26.21238948863763,0.6553097372159408,optimal,3.758481775999826,42314,75426,251601
rescuenet,BsonetEurope-r0,BsonetEurope,trajectory,TRAN,15,25.833099290278557,0.645827482256964,optimal,4.15580827499798,42314,75426,251601
rescuenet,BsonetEurope-r0,BsonetEurope,trajectory,TRAN,16,26.90460127753431,0.6726150319383578,optimal,3.593802417999541,42314,75426,251601
rescuenet,BsonetEurope-r0,BsonetEurope,trajectory,TRAN,17,24.707176629379145,0.6176794157344786,optimal,3.1856970389999333,42314,75426,251601
rescuenet,BsonetEurope-r0,BsonetEurope,trajectory,TRAN,18,25.397787650689892,0.6349446912672473,optimal,3.3394270650023827,42314,75426,251601
rescuenet,BsonetEurope-r0,BsonetEurope,trajectory,TRAN,19,25.58976959226844,0.639744239806711,optimal,3.456104967997817,42314,75426,251601
rescuenet,BsonetEurope-r0,BsonetEurope,trajectory,TRAN,20,25.298200389881472,0.6324550097470368,optimal,3.3969690000012633,42314,75426,251601
rescuenet,BsonetEurope-r0,BsonetEurope,trajectory,TRAN,21,26.000466679218096,0.6500116669804524,optimal,3.5694809859996894,42314,75426,251601
rescuenet,BsonetEurope-r0,BsonetEurope,trajectory,TRAN,22,27.913109237088655,0.6978277309272164,optimal,3.67552944199997,42314,75426,251601
rescuenet,BsonetEurope-r0,BsonetEurope,trajectory,TRAN,23,26.684352802061635,0.6671088200515409,optimal,3.8925904679999803,42314,75426,251601
rescuenet,BsonetEurope-r0,BsonetEurope,trajectory,TRAN,24,27.222570333732563,0.680564258343314,optimal,4.35449200799485,42314,75426,251601
rescuenet,BsonetEurope-r0,BsonetEurope,trajectory,TRAN,25,27.880071870280364,0.6970017967570091,optimal,4.263540177998948,42314,75426,251601
rescuenet,BsonetEurope-r0,BsonetEurope,trajectory,TRAN,26,24.65179785322585,0.6162949463306463,optimal,3.3264627200042014,42314,75426,251601
rescuenet,BsonetEurope-r0,BsonetEurope,trajectory,TRAN,27,24.852195288441134,0.6213048822110283,optimal,3.9531235249960446,42314,75426,251601
rescuenet,BsonetEurope-r0,BsonetEurope,trajectory,TRAN,28,26.496929674877638,0.6624232418719409,optimal,3.8336905840042164,42314,75426,251601
rescuenet,BsonetEurope-r0,BsonetEurope,trajectory,TRAN,29,23.88855890266659,0.5972139725666648,optimal,3.9600224730020273,42314,75426,251601
rescuenet,BsonetEurope-r1,BsonetEurope,ground_only,,0,15.037381590973432,0.3759345397743358,optimal,0.24475700299808523,7287,15495,40363
rescuenet,BsonetEurope-r1,BsonetEurope,ground_only,,1,15.037381590973432,0.3759345397743358,optimal,0.23090059700189158,7287,15495,40363
rescuenet,BsonetEurope-r1,BsonetEurope,ground_only,,2,15.037381590973432,0.3759345397743358,optimal,0.25003446199843893,7287,15495,40363
rescuenet,BsonetEurope-r1,BsonetEurope,ground_only,,3,15.037381590973432,0.3759345397743358,optimal,0.2268760330043733,7287,15495,40363
rescuenet,BsonetEurope-r1,BsonetEurope,ground_only,,4,15.037381590973432,0.3759345397743358,optimal,0.4081804800007376,7287,15495,40363
rescuenet,BsonetEurope-r1,BsonetEurope,ground_only,,5,15.037381590973432,0.3759345397743358,optimal,0.23968763999437215,7287,15495,40363
rescuenet,BsonetEurope-r1,BsonetEurope,ground_only,,6,15.037381590973432,0.3759345397743358,optimal,0.23532206600066274,7287,15495,40363
rescuenet,BsonetEurope-r1,BsonetEurope,ground_only,,7,15.037381590973432,0.3759345397743358,optimal,0.37859884399949806,7287,15495,40363
rescuenet,BsonetEurope-r1,BsonetEurope,ground_only,,8,15.037381590973432,0.3759345397743358,optimal,0.2380178329985938,7287,15495,40363
rescuenet,BsonetEurope-r1,BsonetEurope,ground_only,,9,15.037381590973432,0.3759345397743358,optimal,0.2371695109977736,7287,15495,40363
rescuenet,BsonetEurope-r1,BsonetEurope,ground_only,,10,15.037381590973432,0.3759345397743358,optimal,0.2956747259959229,7287,15495,40363
rescuenet,BsonetEurope-r1,BsonetEurope,ground_only,,11,15.037381590973432,0.3759345397743358,optimal,0.25660141900152666,7287,15495,40363
rescuenet,BsonetEurope-r1,BsonetEurope,ground_only,,12,15.037381590973432,0.3759345397743358,optimal,0.27452755400008755,7287,15495,40363
rescuenet,BsonetEurope-r1,BsonetEurope,ground_only,,13,15.037381590973432,0.3759345397743358,optimal,0.23813090100156842,7287,15495,40363
rescuenet,BsonetEurope-r1,BsonetEurope,ground_only,,14,15.037381590973432,0.3759345397743358,optimal,0.2690416340046795,7287,15495,40363
rescuenet,BsonetEurope-r1,BsonetEurope,ground_only,,15,15.037381590973432,0.3759345397743358,optimal,0.24011062500358094,7287,15495,40363
rescuenet,BsonetEurope-r1,BsonetEurope,ground_only,,16,15.037381590973432,0.3759345397743358,optimal,0.23036702500394313,7287,15495,40363
rescuenet,BsonetEurope-r1,BsonetEurope,ground_only,,17,15.037381590973432,0.3759345397743358,optimal,0.24621742000454105,7287,15495,40363
rescuenet,BsonetEurope-r1,BsonetEurope,ground_only,,18,15.037381590973432,0.3759345397743358,optimal,0.2588662230045884,7287,15495,40363
rescuenet,BsonetEurope-r1,BsonetEurope,ground_only,,19,15.037381590973432,0.3759345397743358,optimal,0.2539582339959452,7287,15495,40363
rescuenet,BsonetEurope-r1,BsonetEurope,ground_only,,20,15.037381590973432,0.3759345397743358,optimal,0.4658167939996929,7287,15495,40363
rescuenet,BsonetEurope-r1,BsonetEurope,ground_only,,21,15.037381590973432,0.3759345397743358,optimal,0.2542551220030873,7287,15495,40363
rescuenet,BsonetEurope-r1,BsonetEurope,ground_only,,22,15.037381590973432,0.3759345397743358,optimal,0.2846579519973602,7287,15495,40363
rescuenet,BsonetEurope-r1,BsonetEurope,ground_only,,23,15.037381590973432,0.3759345397743358,optimal,0.3625737990005291,7287,15495,40363
rescuenet,BsonetEurope-r1,BsonetEurope,ground_only,,24,15.037381590973432,0.3759345397743358,optimal,0.262489419998019,7287,15495,40363
rescuenet,BsonetEurope-r1,BsonetEurope,ground_only,,25,15.037381590973432,0.3759345397743358,optimal,0.30723793800279964,7287,15495,40363
rescuenet,BsonetEurope-r1,BsonetEurope,ground_only,,26,15.037381590973432,0.3759345397743358,optimal,0.2418587829961325,7287,15495,40363
rescuenet,BsonetEurope-r1,BsonetEurope,ground_only,,27,15.037381590973432,0.3759345397743358,optimal,0.247594542997831,7287,15495,40363
rescuenet,BsonetEurope-r1,BsonetEurope,ground_only,,28,15.037381590973432,0.3759345397743358,optimal,0.30310320900025545,7287,15495,40363
rescuenet,BsonetEurope-r1,BsonetEurope,ground_only,,29,15.037381590973432,0.3759345397743358,optimal,0.24059483299788553,7287,15495,40363
rescuenet,BsonetEurope-r1,BsonetEurope,trajectory,B1,0,22.516552483504594,0.5629138120876148,optimal,3.6192814679961884,37939,68926,230371
rescuenet,BsonetEurope-r1,BsonetEurope,trajectory,B1,1,21.573918911355328,0.5393479727838832,optimal,2.565105567999126,37939,68926,230371
rescuenet,BsonetEurope-r1,BsonetEurope,trajectory,B1,2,21.609369996208972,0.5402342499052243,optimal,2.8539735989979818,37939,68926,230371
rescuenet,BsonetEurope-r1,BsonetEurope,trajectory,B1,3,22.53934943857936,0.563483735964484,optimal,3.494784978996904,37939,68926,230371
rescuenet,BsonetEurope-r1,BsonetEurope,trajectory,B1,4,23.170991715686494,0.5792747928921623,optimal,2.622333018996869,37939,68926,230371
rescuenet,BsonetEurope-r1,BsonetEurope,trajectory,B1,5,22.712932322975842,0.5678233080743961,optimal,3.4411590390009223,37939,68926,230371
rescuenet,BsonetEurope-r1,BsonetEurope,trajectory,B1,6,21.294793216556783,0.5323698304139196,optimal,3.0510685139961424,37939,68926,230371
rescuenet,BsonetEurope-r1,BsonetEurope,trajectory,B1,7,22.9441146734286,0.573602866835715,optimal,3.539455527003156,37939,68926,230371
rescuenet,BsonetEurope-r1,BsonetEurope,trajectory,B1,8,21.995993738939855,0.5498998434734964,optimal,3.1649319780044607,37939,68926,230371
rescuenet,BsonetEurope-r1,BsonetEurope,trajectory,B1,9,23.028921980565805,0.5757230495141451,optimal,2.8905314430012368,37939,68926,230371
rescuenet,BsonetEurope-r1,BsonetEurope,trajectory,B1,10,21.526092864131893,0.5381523216032973,optimal,2.7619262719963444,37939,68926,230371
rescuenet,BsonetEurope-r1,BsonetEurope,trajectory,B1,11,23.623496083879683,0.5905874020969921,optimal,2.765690179003286,37939,68926,230371
rescuenet,BsonetEurope-r1,BsonetEurope,trajectory,B1,12,22.755256333460608,0.5688814083365152,optimal,2.731181627001206,37939,68926,230371
rescuenet,BsonetEurope-r1,BsonetEurope,trajectory,B1,13,22.129344887725956,0.5532336221931489,optimal,3.1586638130029314,37939,68926,230371
rescuenet,BsonetEurope-r1,BsonetEurope,trajectory,B1,14,21.98181345024743,0.5495453362561857,optimal,2.781397457998537,37939,68926,230371
rescuenet,BsonetEurope-r1,BsonetEurope,trajectory,B1,15,22.265442472350728,0.5566360618087682,optimal,2.9140804409980774,37939,68926,230371
rescuenet,BsonetEurope-r1,BsonetEurope,trajectory,B1,16,23.401335831654556,0.5850333957913639,optimal,2.9222262670009513,37939,68926,230371
rescuenet,BsonetEurope-r1,BsonetEurope,trajectory,B1,17,23.501391057076255,0.5875347764269063,optimal,3.5558026319995406,37939,68926,230371
rescuenet,BsonetEurope-r1,BsonetEurope,trajectory,B1,18,22.380677837162647,0.5595169459290662,optimal,2.708703919997788,37939,68926,230371
rescuenet,BsonetEurope-r1,BsonetEurope,trajectory,B1,19,22.38427516460691,0.5596068791151727,optimal,2.9111666360040545,37939,68926,230371
rescuenet,BsonetEurope-r1,BsonetEurope,trajectory,B1,20,24.2208304947182,0.605520762367955,optimal,3.200172286000452,37939,68926,230371
rescuenet,BsonetEurope-r1,BsonetEurope,trajectory,B1,21,22.771487065264363,0.5692871766316091,optimal,2.9555183659977047,37939,68926,230371
rescuenet,BsonetEurope-r1,BsonetEurope,trajectory,B1,22,22.752659838904272,0.5688164959726068,optimal,2.8731640779951704,37939,68926,230371
rescuenet,BsonetEurope-r1,BsonetEurope,trajectory,B1,23,22.97378792649115,0.5743446981622787,optimal,3.1347129740024684,37939,68926,230371
rescuenet,BsonetEurope-r1,BsonetEurope,trajectory,B1,24,22.251151320106718,0.556278783002668,optimal,2.7623085840023123,37939,68926,230371
rescuenet,BsonetEurope-r1,BsonetEurope,trajectory,B1,25,23.833772613969153,0.5958443153492288,optimal,2.784332978997554,37939,68926,230371
rescuenet,BsonetEurope-r1,BsonetEurope,trajectory,B1,26,22.571901957708718,0.564297548942718,optimal,3.040274296006828,37939,68926,230371
rescuenet,BsonetEurope-r1,BsonetEurope,trajectory,B1,27,20.371376005108548,0.5092844001277137,optimal,3.2149679610010935,37939,68926,230371
rescuenet,BsonetEurope-r1,BsonetEurope,trajectory,B1,28,23.807535689285295,0.5951883922321324,optimal,3.1753130780052743,37939,68926,230371
rescuenet,BsonetEurope-r1,BsonetEurope,trajectory,B1,29,21.925647431174852,0.5481411857793713,optimal,2.8855936830004794,37939,68926,230371
rescuenet,BsonetEurope-r1,BsonetEurope,trajectory,B2,0,25.947171003596292,0.6486792750899073,optimal,3.375758895002946,37939,68926,230371
rescuenet,BsonetEurope-r1,BsonetEurope,trajectory,B2,1,25.350464402726253,0.6337616100681563,optimal,2.6388559699989855,37939,68926,230371
rescuenet,BsonetEurope-r1,BsonetEurope,trajectory,B2,2,25.953661276962176,0.6488415319240544,optimal,2.9581415959983133,37939,68926,230371
rescuenet,BsonetEurope-r1,BsonetEurope,trajectory,B2,3,26.70192160247132,0.667548040061783,optimal,3.3227196669977275,37939,68926,230371
rescuenet,BsonetEurope-r1,BsonetEurope,trajectory,B2,4,25.370037394325156,0.6342509348581289,optimal,2.8625249629985774,37939,68926,230371
rescuenet,BsonetEurope-r1,BsonetEurope,trajectory,B2,5,25.066092658784417,0.6266523164696104,optimal,3.0598627319996012,37939,68926,230371
rescuenet,BsonetEurope-r1,BsonetEurope,trajectory,B2,6,25.943117572284365,0.6485779393071092,optimal,2.738811466995685,37939,68926,230371
rescuenet,BsonetEurope-r1,BsonetEurope,trajectory,B2,7,25.842882097140013,0.6460720524285003,optimal,3.282110329004354,37939,68926,230371
rescuenet,BsonetEurope-r1,BsonetEurope,trajectory,B2,8,26.222561517633977,0.6555640379408494,optimal,3.0087920730002224,37939,68926,230371
rescuenet,BsonetEurope-r1,BsonetEurope,trajectory,B2,9,24.885651327889473,0.6221412831972368,optimal,2.5743342700006906,37939,68926,230371
rescuenet,BsonetEurope-r1,BsonetEurope,trajectory,B2,10,26.09672972935856,0.652418243233964,optimal,3.099965310000698,37939,68926,230371
rescuenet,BsonetEurope-r1,BsonetEurope,trajectory,B2,11,25.883402413306552,0.6470850603326638,optimal,3.0637700430015684,37939,68926,230371
rescuenet,BsonetEurope-r1,BsonetEurope,trajectory,B2,12,25.81485841405198,0.6453714603512994,optimal,3.457944788999157,37939,68926,230371
rescuenet,BsonetEurope-r1,BsonetEurope,trajectory,B2,13,25.460872335126773,0.6365218083781693,optimal,3.0604729509941535,37939,68926,230371
rescuenet,BsonetEurope-r1,BsonetEurope,trajectory,B2,14,25.9300516355976,0.64825129088994,optimal,3.583478501001082,37939,68926,230371
rescuenet,BsonetEurope-r1,BsonetEurope,trajectory,B2,15,24.74204809729771,0.6185512024324428,optimal,3.4096129320023465,37939,68926,230371
rescuenet,BsonetEurope-r1,BsonetEurope,trajectory,B2,16,25.896364903973478,0.6474091225993369,optimal,3.8653857660028734,37939,68926,230371
rescuenet,BsonetEurope-r1,BsonetEurope,trajectory,B2,17,26.292603004519815,0.6573150751129954,optimal,2.6712924360035686,37939,68926,230371
rescuenet,BsonetEurope-r1,BsonetEurope,trajectory,B2,18,26.498021995424903,0.6624505498856226,optimal,2.998149380000541,37939,68926,230371
rescuenet,BsonetEurope-r1,BsonetEurope,trajectory,B2,19,25.85787666212351,0.6464469165530877,optimal,2.676883991000068,37939,68926,230371
rescuenet,BsonetEurope-r1,BsonetEurope,trajectory,B2,20,27.07101636211487,0.6767754090528718,optimal,2.6669633530036663,37939,68926,230371
rescuenet,BsonetEurope-r1,BsonetEurope,trajectory,B2,21,26.188346315671705,0.6547086578917927,optimal,2.9701159359974554,37939,68926,230371
rescuenet,BsonetEurope-r1,BsonetEurope,trajectory,B2,22,25.735581707685274,0.6433895426921319,optimal,2.6785984029993415,37939,68926,230371
rescuenet,BsonetEurope-r1,BsonetEurope,trajectory,B2,23,25.795187343564223,0.6448796835891055,optimal,2.6006155200011563,37939,68926,230371
rescuenet,BsonetEurope-r1,BsonetEurope,trajectory,B2,24,24.96743949483547,0.6241859873708868,optimal,2.68216036400554,37939,68926,230371
rescuenet,BsonetEurope-r1,BsonetEurope,trajectory,B2,25,26.309592193941427,0.6577398048485357,optimal,2.8022596079972573,37939,68926,230371
rescuenet,BsonetEurope-r1,BsonetEurope,trajectory,B2,26,25.319732919332083,0.632993322983302,optimal,3.3592365110016544,37939,68926,230371
rescuenet,BsonetEurope-r1,BsonetEurope,trajectory,B2,27,23.533738927835735,0.5883434731958934,optimal,2.944156848003331,37939,68926,230371
rescuenet,BsonetEurope-r1,BsonetEurope,trajectory,B2,28,26.260465618146664,0.6565116404536666,optimal,2.8011033550064894,37939,68926,230371
rescuenet,BsonetEurope-r1,BsonetEurope,trajectory,B2,29,25.248448393607823,0.6312112098401956,optimal,2.668653008004185,37939,68926,230371
rescuenet,BsonetEurope-r1,BsonetEurope,trajectory,P,0,26.030764083723643,0.650769102093091,optimal,3.4609800729958806,37939,68926,230371
rescuenet,BsonetEurope-r1,BsonetEurope,trajectory,P,1,25.63405362452471,0.6408513406131178,optimal,2.7066790989993024,37939,68926,230371
rescuenet,BsonetEurope-r1,BsonetEurope,trajectory,P,2,25.691891985428505,0.6422972996357126,optimal,2.6312485149974236,37939,68926,230371
rescuenet,BsonetEurope-r1,BsonetEurope,trajectory,P,3,26.646356456720603,0.6661589114180151,optimal,3.1687803560053,37939,68926,230371
rescuenet,BsonetEurope-r1,BsonetEurope,trajectory,P,4,25.562303258565898,0.6390575814641475,optimal,2.9986504959961167,37939,68926,230371
rescuenet,BsonetEurope-r1,BsonetEurope,trajectory,P,5,25.059800648043936,0.6264950162010984,optimal,3.0252041709973128,37939,68926,230371
rescuenet,BsonetEurope-r1,BsonetEurope,trajectory,P,6,25.76275183071429,0.6440687957678572,optimal,2.6928768849975313,37939,68926,230371
rescuenet,BsonetEurope-r1,BsonetEurope,trajectory,P,7,26.181630424610884,0.6545407606152721,optimal,2.8662518130004173,37939,68926,230371
rescuenet,BsonetEurope-r1,BsonetEurope,trajectory,P,8,25.959447913688127,0.6489861978422031,optimal,2.900754271999176,37939,68926,230371
rescuenet,BsonetEurope-r1,BsonetEurope,trajectory,P,9,24.969035267298985,0.6242258816824746,optimal,2.744673774999683,37939,68926,230371
rescuenet,BsonetEurope-r1,BsonetEurope,trajectory,P,10,26.078494689521893,0.6519623672380473,optimal,2.7853899369947612,37939,68926,230371
rescuenet,BsonetEurope-r1,BsonetEurope,trajectory,P,11,25.968843442964268,0.6492210860741067,optimal,3.269782467003097,37939,68926,230371
rescuenet,BsonetEurope-r1,BsonetEurope,trajectory,P,12,25.667034399701393,0.6416758599925348,optimal,3.9930596740014153,37939,68926,230371
rescuenet,BsonetEurope-r1,BsonetEurope,trajectory,P,13,25.37616202327822,0.6344040505819555,optimal,3.1998751779974555,37939,68926,230371
rescuenet,BsonetEurope-r1,BsonetEurope,trajectory,P,14,26.172419302868512,0.6543104825717128,optimal,3.1057913889962947,37939,68926,230371
rescuenet,BsonetEurope-r1,BsonetEurope,trajectory,P,15,25.460059226557277,0.636501480663932,optimal,3.2104625669962843,37939,68926,230371
rescuenet,BsonetEurope-r1,BsonetEurope,trajectory,P,16,26.273559087147788,0.6568389771786947,optimal,3.302343507995829,37939,68926,230371
rescuenet,BsonetEurope-r1,BsonetEurope,trajectory,P,17,26.304808377974112,0.6576202094493528,optimal,3.2264471740054432,37939,68926,230371
rescuenet,BsonetEurope-r1,BsonetEurope,trajectory,P,18,26.089707814221473,0.6522426953555368,optimal,3.104847991002316,37939,68926,230371
rescuenet,BsonetEurope-r1,BsonetEurope,trajectory,P,19,25.843229005639234,0.6460807251409808,optimal,3.0654475199989974,37939,68926,230371
rescuenet,BsonetEurope-r1,BsonetEurope,trajectory,P,20,27.2098065854819,0.6802451646370475,optimal,3.2180385700048646,37939,68926,230371
rescuenet,BsonetEurope-r1,BsonetEurope,trajectory,P,21,26.03186433220185,0.6507966083050463,optimal,3.30602187000477,37939,68926,230371
rescuenet,BsonetEurope-r1,BsonetEurope,trajectory,P,22,25.83864209093887,0.6459660522734717,optimal,3.1361532259979867,37939,68926,230371
rescuenet,BsonetEurope-r1,BsonetEurope,trajectory,P,23,25.794752999111683,0.6448688249777921,optimal,3.3163894610042917,37939,68926,230371
rescuenet,BsonetEurope-r1,BsonetEurope,trajectory,P,24,24.79226057675898,0.6198065144189745,optimal,2.927130901996861,37939,68926,230371
rescuenet,BsonetEurope-r1,BsonetEurope,trajectory,P,25,26.421241869552613,0.6605310467388154,optimal,2.842921737996221,37939,68926,230371
rescuenet,BsonetEurope-r1,BsonetEurope,trajectory,P,26,25.381708707428565,0.6345427176857141,optimal,2.684022104003816,37939,68926,230371
rescuenet,BsonetEurope-r1,BsonetEurope,trajectory,P,27,24.068185781879052,0.6017046445469763,optimal,3.664304969999648,37939,68926,230371
rescuenet,BsonetEurope-r1,BsonetEurope,trajectory,P,28,26.339376886054456,0.6584844221513614,optimal,3.460726445002365,37939,68926,230371
rescuenet,BsonetEurope-r1,BsonetEurope,trajectory,P,29,25.34222592118968,0.633555648029742,optimal,3.4991416269986075,37939,68926,230371
rescuenet,BsonetEurope-r1,BsonetEurope,trajectory,TRAN,0,28.2263271874837,0.7056581796870925,optimal,2.5832590120044188,37939,68926,230371
rescuenet,BsonetEurope-r1,BsonetEurope,trajectory,TRAN,1,25.841817770193355,0.6460454442548339,optimal,2.33100639499753,37939,68926,230371
rescuenet,BsonetEurope-r1,BsonetEurope,trajectory,TRAN,2,27.355894621454418,0.6838973655363605,optimal,2.512127722002333,37939,68926,230371
rescuenet,BsonetEurope-r1,BsonetEurope,trajectory,TRAN,3,28.19665393878398,0.7049163484695995,optimal,2.5300246169936145,37939,68926,230371
rescuenet,BsonetEurope-r1,BsonetEurope,trajectory,TRAN,4,26.205952015420568,0.6551488003855142,optimal,2.5198641710012453,37939,68926,230371
rescuenet,BsonetEurope-r1,BsonetEurope,trajectory,TRAN,5,26.816317066054598,0.670407926651365,optimal,2.4880578969969065,37939,68926,230371
rescuenet,BsonetEurope-r1,BsonetEurope,trajectory,TRAN,6,25.95567621139214,0.6488919052848036,optimal,2.535401112996624,37939,68926,230371
rescuenet,BsonetEurope-r1,BsonetEurope,trajectory,TRAN,7,27.06492440414101,0.6766231101035253,optimal,2.3791809210015344,37939,68926,230371
rescuenet,BsonetEurope-r1,BsonetEurope,trajectory,TRAN,8,26.381957985970157,0.6595489496492539,optimal,2.563499405005132,37939,68926,230371
rescuenet,BsonetEurope-r1,BsonetEurope,trajectory,TRAN,9,25.449367571137167,0.6362341892784291,optimal,2.4701474670000607,37939,68926,230371
rescuenet,BsonetEurope-r1,BsonetEurope,trajectory,TRAN,10,26.027817879067975,0.6506954469766993,optimal,2.5575357340057963,37939,68926,230371
rescuenet,BsonetEurope-r1,BsonetEurope,trajectory,TRAN,11,27.022071461613866,0.6755517865403466,optimal,2.6658533820009325,37939,68926,230371
rescuenet,BsonetEurope-r1,BsonetEurope,trajectory,TRAN,12,27.36229732001468,0.684057433000367,optimal,2.6143654539991985,37939,68926,230371
rescuenet,BsonetEurope-r1,BsonetEurope,trajectory,TRAN,13,26.68002319402203,0.6670005798505507,optimal,3.2772392879996914,37939,68926,230371
rescuenet,BsonetEurope-r1,BsonetEurope,trajectory,TRAN,14,27.209354326779856,0.6802338581694964,optimal,2.556592601999,37939,68926,230371
rescuenet,BsonetEurope-r1,BsonetEurope,trajectory,TRAN,15,26.816588488811277,0.6704147122202819,optimal,2.7498431549975066,37939,68926,230371
rescuenet,BsonetEurope-r1,BsonetEurope,trajectory,TRAN,16,26.425899929205272,0.6606474982301318,optimal,2.429358877001505,37939,68926,230371
rescuenet,BsonetEurope-r1,BsonetEurope,trajectory,TRAN,17,26.432060203186264,0.6608015050796566,optimal,2.4087817760009784,37939,68926,230371
rescuenet,BsonetEurope-r1,BsonetEurope,trajectory,TRAN,18,27.27634512175831,0.6819086280439578,optimal,2.756286885996815,37939,68926,230371
rescuenet,BsonetEurope-r1,BsonetEurope,trajectory,TRAN,19,26.50063866396054,0.6625159665990135,optimal,2.572118333002436,37939,68926,230371
rescuenet,BsonetEurope-r1,BsonetEurope,trajectory,TRAN,20,27.018624465838695,0.6754656116459674,optimal,2.557246753000072,37939,68926,230371
rescuenet,BsonetEurope-r1,BsonetEurope,trajectory,TRAN,21,26.776053015396446,0.6694013253849111,optimal,2.4320188400015468,37939,68926,230371
rescuenet,BsonetEurope-r1,BsonetEurope,trajectory,TRAN,22,26.62508598909863,0.6656271497274657,optimal,2.4981408229941735,37939,68926,230371
rescuenet,BsonetEurope-r1,BsonetEurope,trajectory,TRAN,23,27.423227704549046,0.6855806926137261,optimal,2.6478860459974385,37939,68926,230371
rescuenet,BsonetEurope-r1,BsonetEurope,trajectory,TRAN,24,25.9679756097937,0.6491993902448425,optimal,2.7944369469987578,37939,68926,230371
rescuenet,BsonetEurope-r1,BsonetEurope,trajectory,TRAN,25,27.23006674259104,0.680751668564776,optimal,2.8221471319993725,37939,68926,230371
rescuenet,BsonetEurope-r1,BsonetEurope,trajectory,TRAN,26,26.9555493531055,0.6738887338276375,optimal,2.4863747039999,37939,68926,230371
rescuenet,BsonetEurope-r1,BsonetEurope,trajectory,TRAN,27,25.843691866573366,0.6460922966643341,optimal,2.7284195350002847,37939,68926,230371
rescuenet,BsonetEurope-r1,BsonetEurope,trajectory,TRAN,28,27.125318010718118,0.678132950267953,optimal,2.758957095997175,37939,68926,230371
rescuenet,BsonetEurope-r1,BsonetEurope,trajectory,TRAN,29,26.018656382649365,0.6504664095662341,optimal,2.605072561003908,37939,68926,230371
rescuenet,BsonetEurope-r2,BsonetEurope,ground_only,,0,13.18021316122837,0.3295053290307092,optimal,0.2728668310010107,7687,15519,40422
rescuenet,BsonetEurope-r2,BsonetEurope,ground_only,,1,13.18021316122837,0.3295053290307092,optimal,0.2254672839990235,7687,15519,40422
rescuenet,BsonetEurope-r2,BsonetEurope,ground_only,,2,13.18021316122837,0.3295053290307092,optimal,0.26843046200519893,7687,15519,40422
rescuenet,BsonetEurope-r2,BsonetEurope,ground_only,,3,13.18021316122837,0.3295053290307092,optimal,0.22022955099964747,7687,15519,40422
rescuenet,BsonetEurope-r2,BsonetEurope,ground_only,,4,13.18021316122837,0.3295053290307092,optimal,0.3705404639986227,7687,15519,40422
rescuenet,BsonetEurope-r2,BsonetEurope,ground_only,,5,13.18021316122837,0.3295053290307092,optimal,0.21896434300288092,7687,15519,40422
rescuenet,BsonetEurope-r2,BsonetEurope,ground_only,,6,13.18021316122837,0.3295053290307092,optimal,0.27905761299916776,7687,15519,40422
rescuenet,BsonetEurope-r2,BsonetEurope,ground_only,,7,13.18021316122837,0.3295053290307092,optimal,0.22813650400348706,7687,15519,40422
rescuenet,BsonetEurope-r2,BsonetEurope,ground_only,,8,13.18021316122837,0.3295053290307092,optimal,0.26654394999786746,7687,15519,40422
rescuenet,BsonetEurope-r2,BsonetEurope,ground_only,,9,13.18021316122837,0.3295053290307092,optimal,0.3157341929982067,7687,15519,40422
rescuenet,BsonetEurope-r2,BsonetEurope,ground_only,,10,13.18021316122837,0.3295053290307092,optimal,0.22677502000442473,7687,15519,40422
rescuenet,BsonetEurope-r2,BsonetEurope,ground_only,,11,13.18021316122837,0.3295053290307092,optimal,0.286404489997949,7687,15519,40422
rescuenet,BsonetEurope-r2,BsonetEurope,ground_only,,12,13.18021316122837,0.3295053290307092,optimal,0.2270183869986795,7687,15519,40422
rescuenet,BsonetEurope-r2,BsonetEurope,ground_only,,13,13.18021316122837,0.3295053290307092,optimal,0.2926459000009345,7687,15519,40422
rescuenet,BsonetEurope-r2,BsonetEurope,ground_only,,14,13.18021316122837,0.3295053290307092,optimal,0.22753556600218872,7687,15519,40422
rescuenet,BsonetEurope-r2,BsonetEurope,ground_only,,15,13.18021316122837,0.3295053290307092,optimal,0.2865821669984143,7687,15519,40422
rescuenet,BsonetEurope-r2,BsonetEurope,ground_only,,16,13.18021316122837,0.3295053290307092,optimal,0.2309076730016386,7687,15519,40422
rescuenet,BsonetEurope-r2,BsonetEurope,ground_only,,17,13.18021316122837,0.3295053290307092,optimal,0.23674173500330653,7687,15519,40422
rescuenet,BsonetEurope-r2,BsonetEurope,ground_only,,18,13.18021316122837,0.3295053290307092,optimal,0.2974838410009397,7687,15519,40422
rescuenet,BsonetEurope-r2,BsonetEurope,ground_only,,19,13.18021316122837,0.3295053290307092,optimal,0.22731664299499243,7687,15519,40422
rescuenet,BsonetEurope-r2,BsonetEurope,ground_only,,20,13.18021316122837,0.3295053290307092,optimal,0.2877957669988973,7687,15519,40422
rescuenet,BsonetEurope-r2,BsonetEurope,ground_only,,21,13.18021316122837,0.3295053290307092,optimal,0.2253938729991205,7687,15519,40422
rescuenet,BsonetEurope-r2,BsonetEurope,ground_only,,22,13.18021316122837,0.3295053290307092,optimal,0.2898716730051092,7687,15519,40422
rescuenet,BsonetEurope-r2,BsonetEurope,ground_only,,23,13.18021316122837,0.3295053290307092,optimal,0.22922619999735616,7687,15519,40422
rescuenet,BsonetEurope-r2,BsonetEurope,ground_only,,24,13.18021316122837,0.3295053290307092,optimal,0.29663992099813186,7687,15519,40422
rescuenet,BsonetEurope-r2,BsonetEurope,ground_only,,25,13.18021316122837,0.3295053290307092,optimal,0.22727566299727187,7687,15519,40422
rescuenet,BsonetEurope-r2,BsonetEurope,ground_only,,26,13.18021316122837,0.3295053290307092,optimal,0.2347239129958325,7687,15519,40422
rescuenet,BsonetEurope-r2,BsonetEurope,ground_only,,27,13.18021316122837,0.3295053290307092,optimal,0.29882200899737654,7687,15519,40422
rescuenet,BsonetEurope-r2,BsonetEurope,ground_only,,28,13.18021316122837,0.3295053290307092,optimal,0.24149489599949447,7687,15519,40422
rescuenet,BsonetEurope-r2,BsonetEurope,ground_only,,29,13.18021316122837,0.3295053290307092,optimal,0.33569573199929437,7687,15519,40422
rescuenet,BsonetEurope-r2,BsonetEurope,trajectory,B1,0,24.10719855786273,0.6026799639465683,optimal,3.430413875998056,44797,79145,265027
rescuenet,BsonetEurope-r2,BsonetEurope,trajectory,B1,1,25.20640718780964,0.630160179695241,optimal,3.232511811002041,44797,79145,265027
rescuenet,BsonetEurope-r2,BsonetEurope,trajectory,B1,2,23.697500708852,0.5924375177213,optimal,3.558351756997581,44797,79145,265027
rescuenet,BsonetEurope-r2,BsonetEurope,trajectory,B1,3,23.598322479793286,0.5899580619948321,optimal,4.0587975709931925,44797,79145,265027
rescuenet,BsonetEurope-r2,BsonetEurope,trajectory,B1,4,25.650738695032782,0.6412684673758196,optimal,3.1148228800011566,44797,79145,265027
rescuenet,BsonetEurope-r2,BsonetEurope,trajectory,B1,5,24.176248993042353,0.6044062248260589,optimal,3.076421792000474,44797,79145,265027
rescuenet,BsonetEurope-r2,BsonetEurope,trajectory,B1,6,24.002392899419725,0.6000598224854932,optimal,3.1811618780047866,44797,79145,265027
rescuenet,BsonetEurope-r2,BsonetEurope,trajectory,B1,7,24.15653993076556,0.603913498269139,optimal,2.9589647309985594,44797,79145,265027
rescuenet,BsonetEurope-r2,BsonetEurope,trajectory,B1,8,25.423913549322645,0.6355978387330661,optimal,3.821992015997239,44797,79145,265027
rescuenet,BsonetEurope-r2,BsonetEurope,trajectory,B1,9,24.174875273682936,0.6043718818420734,optimal,3.0964713110006414,44797,79145,265027
rescuenet,BsonetEurope-r2,BsonetEurope,trajectory,B1,10,25.50672908264325,0.6376682270660813,optimal,3.0496655910028494,44797,79145,265027
rescuenet,BsonetEurope-r2,BsonetEurope,trajectory,B1,11,25.70922407443075,0.6427306018607688,optimal,3.681770007999148,44797,79145,265027
rescuenet,BsonetEurope-r2,BsonetEurope,trajectory,B1,12,25.69600301116743,0.6424000752791857,optimal,3.45034157900227,44797,79145,265027
rescuenet,BsonetEurope-r2,BsonetEurope,trajectory,B1,13,25.03616449207758,0.6259041123019395,optimal,3.225899519995437,44797,79145,265027
rescuenet,BsonetEurope-r2,BsonetEurope,trajectory,B1,14,23.487735058356165,0.5871933764589041,optimal,3.2514184020037646,44797,79145,265027
rescuenet,BsonetEurope-r2,BsonetEurope,trajectory,B1,15,22.861014845534754,0.5715253711383689,optimal,2.965107074000116,44797,79145,265027
rescuenet,BsonetEurope-r2,BsonetEurope,trajectory,B1,16,24.606187197242843,0.6151546799310711,optimal,3.050356248000753,44797,79145,265027
rescuenet,BsonetEurope-r2,BsonetEurope,trajectory,B1,17,25.38551052010489,0.6346377630026223,optimal,3.8683299280019128,44797,79145,265027
rescuenet,BsonetEurope-r2,BsonetEurope,trajectory,B1,18,23.699034356964596,0.5924758589241149,optimal,3.227463268995052,44797,79145,265027
rescuenet,BsonetEurope-r2,BsonetEurope,trajectory,B1,19,24.527487725472643,0.613187193136816,optimal,2.8784472300030757,44797,79145,265027
rescuenet,BsonetEurope-r2,BsonetEurope,trajectory,B1,20,24.152243315913534,0.6038060828978383,optimal,3.88658626400138,44797,79145,265027
rescuenet,BsonetEurope-r2,BsonetEurope,trajectory,B1,21,24.900375383938908,0.6225093845984727,optimal,3.1708979260001797,44797,79145,265027
rescuenet,BsonetEurope-r2,BsonetEurope,trajectory,B1,22,25.100451699059413,0.6275112924764853,optimal,3.4135664679997717,44797,79145,265027
rescuenet,BsonetEurope-r2,BsonetEurope,trajectory,B1,23,24.7870047073661,0.6196751176841525,optimal,3.0577325179983745,44797,79145,265027
rescuenet,BsonetEurope-r2,BsonetEurope,trajectory,B1,24,25.258603976860964,0.6314650994215241,optimal,3.1844504170003347,44797,79145,265027
rescuenet,BsonetEurope-r2,BsonetEurope,trajectory,B1,25,24.65711033074744,0.616427758268686,optimal,3.1569247389998054,44797,79145,265027
rescuenet,BsonetEurope-r2,BsonetEurope,trajectory,B1,26,24.823211603769728,0.6205802900942432,optimal,3.422753341998032,44797,79145,265027
rescuenet,BsonetEurope-r2,BsonetEurope,trajectory,B1,27,24.97288442438825,0.6243221106097063,optimal,3.3658083469999838,44797,79145,265027
rescuenet,BsonetEurope-r2,BsonetEurope,trajectory,B1,28,24.40224555293143,0.6100561388232857,optimal,3.2475148840021575,44797,79145,265027
rescuenet,BsonetEurope-r2,BsonetEurope,trajectory,B1,29,23.63308334747308,0.590827083686827,optimal,3.427625338001235,44797,79145,265027
rescuenet,BsonetEurope-r2,BsonetEurope,trajectory,B2,0,24.627561279310815,0.6156890319827704,optimal,3.2744867649962544,44797,79145,265027
rescuenet,BsonetEurope-r2,BsonetEurope,trajectory,B2,1,26.036151317715206,0.6509037829428801,optimal,3.1032281899970258,44797,79145,265027
rescuenet,BsonetEurope-r2,BsonetEurope,trajectory,B2,2,24.42673020489065,0.6106682551222662,optimal,3.153614301001653,44797,79145,265027
rescuenet,BsonetEurope-r2,BsonetEurope,trajectory,B2,3,24.371340810824023,0.6092835202706006,optimal,3.707419876998756,44797,79145,265027
rescuenet,BsonetEurope-r2,BsonetEurope,trajectory,B2,4,26.17746037381277,0.6544365093453193,optimal,3.360840019005991,44797,79145,265027
rescuenet,BsonetEurope-r2,BsonetEurope,trajectory,B2,5,25.16501420551973,0.6291253551379932,optimal,2.8903821219937527,44797,79145,265027
rescuenet,BsonetEurope-r2,BsonetEurope,trajectory,B2,6,24.407721905959516,0.6101930476489879,optimal,3.4685760799984564,44797,79145,265027
rescuenet,BsonetEurope-r2,BsonetEurope,trajectory,B2,7,25.368162167393038,0.634204054184826,optimal,3.111642670999572,44797,79145,265027
rescuenet,BsonetEurope-r2,BsonetEurope,trajectory,B2,8,25.74810484035782,0.6437026210089455,optimal,3.4081488890005858,44797,79145,265027
rescuenet,BsonetEurope-r2,BsonetEurope,trajectory,B2,9,24.71564948974684,0.617891237243671,optimal,3.1077259079975192,44797,79145,265027
rescuenet,BsonetEurope-r2,BsonetEurope,trajectory,B2,10,25.873801995883188,0.6468450498970797,optimal,3.076625959998637,44797,79145,265027
rescuenet,BsonetEurope-r2,BsonetEurope,trajectory,B2,11,26.652585176079338,0.6663146294019835,optimal,2.9489881620029337,44797,79145,265027
rescuenet,BsonetEurope-r2,BsonetEurope,trajectory,B2,12,26.275626010448995,0.6568906502612248,optimal,3.510475363000296,44797,79145,265027
rescuenet,BsonetEurope-r2,BsonetEurope,trajectory,B2,13,25.29526191302766,0.6323815478256914,optimal,3.1833429540056386,44797,79145,265027
rescuenet,BsonetEurope-r2,BsonetEurope,trajectory,B2,14,24.13159361169046,0.6032898402922615,optimal,3.1060850089997984,44797,79145,265027
rescuenet,BsonetEurope-r2,BsonetEurope,trajectory,B2,15,23.70286448950589,0.5925716122376473,optimal,3.2948546160041587,44797,79145,265027
rescuenet,BsonetEurope-r2,BsonetEurope,trajectory,B2,16,25.065104817088635,0.6266276204272159,optimal,2.9772424370021326,44797,79145,265027
rescuenet,BsonetEurope-r2,BsonetEurope,trajectory,B2,17,25.376822762131237,0.6344205690532809,optimal,3.3318810899945674,44797,79145,265027
rescuenet,BsonetEurope-r2,BsonetEurope,trajectory,B2,18,23.863419602435325,0.5965854900608831,optimal,2.997821709002892,44797,79145,265027
rescuenet,BsonetEurope-r2,BsonetEurope,trajectory,B2,19,25.130123102514453,0.6282530775628613,optimal,2.9515665720027755,44797,79145,265027
rescuenet,BsonetEurope-r2,BsonetEurope,trajectory,B2,20,24.55860812488167,0.6139652031220417,optimal,3.1474955289959325,44797,79145,265027
rescuenet,BsonetEurope-r2,BsonetEurope,trajectory,B2,21,25.49786050619085,0.6374465126547713,optimal,3.2839483950010617,44797,79145,265027
rescuenet,BsonetEurope-r2,BsonetEurope,trajectory,B2,22,25.8902355118252,0.64725588779563,optimal,3.254725970000436,44797,79145,265027
rescuenet,BsonetEurope-r2,BsonetEurope,trajectory,B2,23,24.869791070992708,0.6217447767748177,optimal,3.4613318139963667,44797,79145,265027
rescuenet,BsonetEurope-r2,BsonetEurope,trajectory,B2,24,25.583312298332107,0.6395828074583026,optimal,3.0722954160009976,44797,79145,265027
rescuenet,BsonetEurope-r2,BsonetEurope,trajectory,B2,25,24.974863154778852,0.6243715788694713,optimal,3.178166785997746,44797,79145,265027
rescuenet,BsonetEurope-r2,BsonetEurope,trajectory,B2,26,25.159493108093482,0.628987327702337,optimal,3.147981415997492,44797,79145,265027
rescuenet,BsonetEurope-r2,BsonetEurope,trajectory,B2,27,25.61414250794337,0.6403535626985842,optimal,3.051928681998106,44797,79145,265027
rescuenet,BsonetEurope-r2,BsonetEurope,trajectory,B2,28,25.803861920551476,0.6450965480137869,optimal,3.2940538719994947,44797,79145,265027
rescuenet,BsonetEurope-r2,BsonetEurope,trajectory,B2,29,23.997828114355283,0.599945702858882,optimal,3.177099422995525,44797,79145,265027
rescuenet,BsonetEurope-r2,BsonetEurope,trajectory,P,0,25.356077844908963,0.6339019461227241,optimal,3.6147339429953718,44797,79145,265027
rescuenet,BsonetEurope-r2,BsonetEurope,trajectory,P,1,26.16588682686704,0.654147170671676,optimal,3.406326716998592,44797,79145,265027
rescuenet,BsonetEurope-r2,BsonetEurope,trajectory,P,2,24.90169407112979,0.6225423517782447,optimal,4.089854083998944,44797,79145,265027
rescuenet,BsonetEurope-r2,BsonetEurope,trajectory,P,3,24.21164129572747,0.6052910323931868,optimal,4.198267212996143,44797,79145,265027
rescuenet,BsonetEurope-r2,BsonetEurope,trajectory,P,4,26.308844715709657,0.6577211178927415,optimal,3.8467883609991986,44797,79145,265027
rescuenet,BsonetEurope-r2,BsonetEurope,trajectory,P,5,25.9104819705014,0.647762049262535,optimal,3.0067179819961893,44797,79145,265027
rescuenet,BsonetEurope-r2,BsonetEurope,trajectory,P,6,23.765280949612205,0.5941320237403052,optimal,3.7247583209973527,44797,79145,265027
rescuenet,BsonetEurope-r2,BsonetEurope,trajectory,P,7,25.569042824627434,0.6392260706156858,optimal,3.7982889829945634,44797,79145,265027
rescuenet,BsonetEurope-r2,BsonetEurope,trajectory,P,8,26.078079102246097,0.6519519775561524,optimal,4.237427756997931,44797,79145,265027
rescuenet,BsonetEurope-r2,BsonetEurope,trajectory,P,9,24.727473731043723,0.6181868432760931,optimal,4.125571967000724,44797,79145,265027
rescuenet,BsonetEurope-r2,BsonetEurope,trajectory,P,10,26.109308283516505,0.6527327070879126,optimal,3.0618177480064332,44797,79145,265027
rescuenet,BsonetEurope-r2,BsonetEurope,trajectory,P,11,25.84409685903339,0.6461024214758347,optimal,3.196387241005141,44797,79145,265027
rescuenet,BsonetEurope-r2,BsonetEurope,trajectory,P,12,26.964419573611014,0.6741104893402754,optimal,3.795398408998153,44797,79145,265027
rescuenet,BsonetEurope-r2,BsonetEurope,trajectory,P,13,26.165468320323274,0.6541367080080819,optimal,3.5349095109995687,44797,79145,265027
rescuenet,BsonetEurope-r2,BsonetEurope,trajectory,P,14,24.630877280093745,0.6157719320023436,optimal,3.391855093999766,44797,79145,265027
rescuenet,BsonetEurope-r2,BsonetEurope,trajectory,P,15,24.335271795150707,0.6083817948787676,optimal,3.898970358000952,44797,79145,265027
rescuenet,BsonetEurope-r2,BsonetEurope,trajectory,P,16,25.288588841588528,0.6322147210397132,optimal,3.7996610490008607,44797,79145,265027
rescuenet,BsonetEurope-r2,BsonetEurope,trajectory,P,17,25.649030114855254,0.6412257528713814,optimal,4.132002719998127,44797,79145,265027
rescuenet,BsonetEurope-r2,BsonetEurope,trajectory,P,18,24.087213710608722,0.602180342765218,optimal,3.5407805099966936,44797,79145,265027
rescuenet,BsonetEurope-r2,BsonetEurope,trajectory,P,19,25.275328526847037,0.6318832131711759,optimal,2.9420441370020853,44797,79145,265027
rescuenet,BsonetEurope-r2,BsonetEurope,trajectory,P,20,25.079341034747003,0.6269835258686751,optimal,3.3251755269957357,44797,79145,265027
rescuenet,BsonetEurope-r2,BsonetEurope,trajectory,P,21,25.938148637091594,0.6484537159272898,optimal,3.698752472999331,44797,79145,265027
rescuenet,BsonetEurope-r2,BsonetEurope,trajectory,P,22,25.737828777029634,0.6434457194257408,optimal,3.9085033729934366,44797,79145,265027
rescuenet,BsonetEurope-r2,BsonetEurope,trajectory,P,23,25.102290008164196,0.6275572502041049,optimal,3.453541317001509,44797,79145,265027
rescuenet,BsonetEurope-r2,BsonetEurope,trajectory,P,24,25.724029252693626,0.6431007313173407,optimal,3.131164231999719,44797,79145,265027
rescuenet,BsonetEurope-r2,BsonetEurope,trajectory,P,25,24.763938068104107,0.6190984517026027,optimal,4.069442286003323,44797,79145,265027
rescuenet,BsonetEurope-r2,BsonetEurope,trajectory,P,26,25.16799160302167,0.6291997900755417,optimal,4.049748618999729,44797,79145,265027
rescuenet,BsonetEurope-r2,BsonetEurope,trajectory,P,27,25.174218964576777,0.6293554741144194,optimal,3.4619583090025117,44797,79145,265027
rescuenet,BsonetEurope-r2,BsonetEurope,trajectory,P,28,25.754036854461944,0.6438509213615486,optimal,3.4510434140029247,44797,79145,265027
rescuenet,BsonetEurope-r2,BsonetEurope,trajectory,P,29,24.402898316747756,0.6100724579186939,optimal,3.375092628004495,44797,79145,265027
rescuenet,BsonetEurope-r2,BsonetEurope,trajectory,TRAN,0,28.351180394003066,0.7087795098500766,optimal,3.4750971530011157,44797,79145,265027
rescuenet,BsonetEurope-r2,BsonetEurope,trajectory,TRAN,1,28.277865192642295,0.7069466298160574,optimal,3.0369932889952906,44797,79145,265027
rescuenet,BsonetEurope-r2,BsonetEurope,trajectory,TRAN,2,27.060937029748047,0.6765234257437012,optimal,3.069145525005297,44797,79145,265027
rescuenet,BsonetEurope-r2,BsonetEurope,trajectory,TRAN,3,26.680024998183896,0.6670006249545974,optimal,3.131699080004182,44797,79145,265027
rescuenet,BsonetEurope-r2,BsonetEurope,trajectory,TRAN,4,28.173484597498245,0.7043371149374561,optimal,3.596230580995325,44797,79145,265027
rescuenet,BsonetEurope-r2,BsonetEurope,trajectory,TRAN,5,27.370047312320075,0.6842511828080019,optimal,3.111540462996345,44797,79145,265027
rescuenet,BsonetEurope-r2,BsonetEurope,trajectory,TRAN,6,28.726103997242898,0.7181525999310725,optimal,3.072644671003218,44797,79145,265027
rescuenet,BsonetEurope-r2,BsonetEurope,trajectory,TRAN,7,27.162356823715875,0.6790589205928969,optimal,2.9842695069964975,44797,79145,265027
rescuenet,BsonetEurope-r2,BsonetEurope,trajectory,TRAN,8,28.80230378500296,0.720057594625074,optimal,3.1352746049960842,44797,79145,265027
rescuenet,BsonetEurope-r2,BsonetEurope,trajectory,TRAN,9,28.704548183354586,0.7176137045838646,optimal,3.1569521889978205,44797,79145,265027
rescuenet,BsonetEurope-r2,BsonetEurope,trajectory,TRAN,10,28.286023407981748,0.7071505851995437,optimal,3.09160716200131,44797,79145,265027
rescuenet,BsonetEurope-r2,BsonetEurope,trajectory,TRAN,11,27.662036549723314,0.6915509137430829,optimal,3.0283572539992747,44797,79145,265027
rescuenet,BsonetEurope-r2,BsonetEurope,trajectory,TRAN,12,29.738454323734253,0.7434613580933563,optimal,3.172794686004636,44797,79145,265027
rescuenet,BsonetEurope-r2,BsonetEurope,trajectory,TRAN,13,27.174595560571873,0.6793648890142968,optimal,3.560528863003128,44797,79145,265027
rescuenet,BsonetEurope-r2,BsonetEurope,trajectory,TRAN,14,27.518028823570468,0.6879507205892617,optimal,3.699403173995961,44797,79145,265027
rescuenet,BsonetEurope-r2,BsonetEurope,trajectory,TRAN,15,27.507321776885313,0.6876830444221328,optimal,3.106300323001051,44797,79145,265027
rescuenet,BsonetEurope-r2,BsonetEurope,trajectory,TRAN,16,27.12675779622248,0.678168944905562,optimal,3.1852294960044674,44797,79145,265027
rescuenet,BsonetEurope-r2,BsonetEurope,trajectory,TRAN,17,28.621877762233286,0.7155469440558322,optimal,2.8974167829946964,44797,79145,265027
rescuenet,BsonetEurope-r2,BsonetEurope,trajectory,TRAN,18,27.52777909670244,0.688194477417561,optimal,3.6481063600003836,44797,79145,265027
rescuenet,BsonetEurope-r2,BsonetEurope,trajectory,TRAN,19,28.41457561814859,0.7103643904537147,optimal,3.5712563099950785,44797,79145,265027
rescuenet,BsonetEurope-r2,BsonetEurope,trajectory,TRAN,20,28.679211202260277,0.7169802800565069,optimal,3.8063464740043855,44797,79145,265027
rescuenet,BsonetEurope-r2,BsonetEurope,trajectory,TRAN,21,29.414002302060727,0.7353500575515182,optimal,3.823968437005533,44797,79145,265027
rescuenet,BsonetEurope-r2,BsonetEurope,trajectory,TRAN,22,28.752635064555843,0.7188158766138961,optimal,4.066947995997907,44797,79145,265027
rescuenet,BsonetEurope-r2,BsonetEurope,trajectory,TRAN,23,29.0455891660536,0.72613972915134,optimal,3.3005574390044785,44797,79145,265027
rescuenet,BsonetEurope-r2,BsonetEurope,trajectory,TRAN,24,28.894413458037377,0.7223603364509344,optimal,3.717603306999081,44797,79145,265027
rescuenet,BsonetEurope-r2,BsonetEurope,trajectory,TRAN,25,28.3084898048686,0.707712245121715,optimal,3.3208675360001507,44797,79145,265027
rescuenet,BsonetEurope-r2,BsonetEurope,trajectory,TRAN,26,28.750739955828042,0.718768498895701,optimal,2.788162527998793,44797,79145,265027
rescuenet,BsonetEurope-r2,BsonetEurope,trajectory,TRAN,27,27.45307570083767,0.6863268925209417,optimal,3.5276415440021083,44797,79145,265027
rescuenet,BsonetEurope-r2,BsonetEurope,trajectory,TRAN,28,27.244628551997906,0.6811157137999476,optimal,3.5791950510028983,44797,79145,265027
rescuenet,BsonetEurope-r2,BsonetEurope,trajectory,TRAN,29,28.053520043668833,0.7013380010917208,optimal,3.546037935993809,44797,79145,265027
rescuenet,BtNorthAmerica-r0,BtNorthAmerica,ground_only,,0,16.975160418035262,0.42437901045088156,optimal,0.3399138699969626,10342,21557,56620
rescuenet,BtNorthAmerica-r0,BtNorthAmerica,ground_only,,1,16.975160418035262,0.42437901045088156,optimal,0.34721788200113224,10342,21557,56620
rescuenet,BtNorthAmerica-r0,BtNorthAmerica,ground_only,,2,16.975160418035262,0.42437901045088156,optimal,0.36552838100033114,10342,21557,56620
rescuenet,BtNorthAmerica-r0,BtNorthAmerica,ground_only,,3,16.975160418035262,0.42437901045088156,optimal,0.35589318099664524,10342,21557,56620
rescuenet,BtNorthAmerica-r0,BtNorthAmerica,ground_only,,4,16.975160418035262,0.42437901045088156,optimal,0.35957789099484216,10342,21557,56620
rescuenet,BtNorthAmerica-r0,BtNorthAmerica,ground_only,,5,16.975160418035262,0.42437901045088156,optimal,0.3581920340002398,10342,21557,56620
rescuenet,BtNorthAmerica-r0,BtNorthAmerica,ground_only,,6,16.975160418035262,0.42437901045088156,optimal,0.3524726199975703,10342,21557,56620
rescuenet,BtNorthAmerica-r0,BtNorthAmerica,ground_only,,7,16.975160418035262,0.42437901045088156,optimal,0.3567123639950296,10342,21557,56620
rescuenet,BtNorthAmerica-r0,BtNorthAmerica,ground_only,,8,16.975160418035262,0.42437901045088156,optimal,0.3632557640012237,10342,21557,56620
rescuenet,BtNorthAmerica-r0,BtNorthAmerica,ground_only,,9,16.975160418035262,0.42437901045088156,optimal,0.3763225919974502,10342,21557,56620
rescuenet,BtNorthAmerica-r0,BtNorthAmerica,ground_only,,10,16.975160418035262,0.42437901045088156,optimal,0.379538118999335,10342,21557,56620
rescuenet,BtNorthAmerica-r0,BtNorthAmerica,ground_only,,11,16.975160418035262,0.42437901045088156,optimal,0.3695178069974645,10342,21557,56620
rescuenet,BtNorthAmerica-r0,BtNorthAmerica,ground_only,,12,16.975160418035262,0.42437901045088156,optimal,0.38054018600087147,10342,21557,56620
rescuenet,BtNorthAmerica-r0,BtNorthAmerica,ground_only,,13,16.975160418035262,0.42437901045088156,optimal,0.3867151320009725,10342,21557,56620
rescuenet,BtNorthAmerica-r0,BtNorthAmerica,ground_only,,14,16.975160418035262,0.42437901045088156,optimal,0.38213516299583716,10342,21557,56620
rescuenet,BtNorthAmerica-r0,BtNorthAmerica,ground_only,,15,16.975160418035262,0.42437901045088156,optimal,0.3719940740047605,10342,21557,56620
rescuenet,BtNorthAmerica-r0,BtNorthAmerica,ground_only,,16,16.975160418035262,0.42437901045088156,optimal,0.44747865899989847,10342,21557,56620
rescuenet,BtNorthAmerica-r0,BtNorthAmerica,ground_only,,17,16.975160418035262,0.42437901045088156,optimal,0.3927267129984102,10342,21557,56620
rescuenet,BtNorthAmerica-r0,BtNorthAmerica,ground_only,,18,16.975160418035262,0.42437901045088156,optimal,0.38544408600137103,10342,21557,56620
rescuenet,BtNorthAmerica-r0,BtNorthAmerica,ground_only,,19,16.975160418035262,0.42437901045088156,optimal,0.3469741660010186,10342,21557,56620
rescuenet,BtNorthAmerica-r0,BtNorthAmerica,ground_only,,20,16.975160418035262,0.42437901045088156,optimal,0.34068375800416106,10342,21557,56620
rescuenet,BtNorthAmerica-r0,BtNorthAmerica,ground_only,,21,16.975160418035262,0.42437901045088156,optimal,0.3328294070015545,10342,21557,56620
rescuenet,BtNorthAmerica-r0,BtNorthAmerica,ground_only,,22,16.975160418035262,0.42437901045088156,optimal,0.35378755100100534,10342,21557,56620
rescuenet,BtNorthAmerica-r0,BtNorthAmerica,ground_only,,23,16.975160418035262,0.42437901045088156,optimal,0.3900876710031298,10342,21557,56620
rescuenet,BtNorthAmerica-r0,BtNorthAmerica,ground_only,,24,16.975160418035262,0.42437901045088156,optimal,0.31653250499948626,10342,21557,56620
rescuenet,BtNorthAmerica-r0,BtNorthAmerica,ground_only,,25,16.975160418035262,0.42437901045088156,optimal,0.4789019570016535,10342,21557,56620
rescuenet,BtNorthAmerica-r0,BtNorthAmerica,ground_only,,26,16.975160418035262,0.42437901045088156,optimal,0.3393271029999596,10342,21557,56620
rescuenet,BtNorthAmerica-r0,BtNorthAmerica,ground_only,,27,16.975160418035262,0.42437901045088156,optimal,0.33846101900417125,10342,21557,56620
rescuenet,BtNorthAmerica-r0,BtNorthAmerica,ground_only,,28,16.975160418035262,0.42437901045088156,optimal,0.39554397000028985,10342,21557,56620
rescuenet,BtNorthAmerica-r0,BtNorthAmerica,ground_only,,29,16.975160418035262,0.42437901045088156,optimal,0.3412845280035981,10342,21557,56620
rescuenet,BtNorthAmerica-r0,BtNorthAmerica,trajectory,B1,0,23.50448647060679,0.5876121617651697,optimal,3.6788724520010874,42948,76774,254045
rescuenet,BtNorthAmerica-r0,BtNorthAmerica,trajectory,B1,1,23.938524422244935,0.5984631105561233,optimal,3.5300991679978324,42948,76774,254045
rescuenet,BtNorthAmerica-r0,BtNorthAmerica,trajectory,B1,2,22.739787997583093,0.5684946999395774,optimal,4.16695912299474,42948,76774,254045
rescuenet,BtNorthAmerica-r0,BtNorthAmerica,trajectory,B1,3,23.201543415896772,0.5800385853974193,optimal,3.278252343996428,42948,76774,254045
rescuenet,BtNorthAmerica-r0,BtNorthAmerica,trajectory,B1,4,22.764826572972854,0.5691206643243214,optimal,3.275509235005302,42948,76774,254045
rescuenet,BtNorthAmerica-r0,BtNorthAmerica,trajectory,B1,5,23.802999243628395,0.5950749810907099,optimal,3.503088828001637,42948,76774,254045
rescuenet,BtNorthAmerica-r0,BtNorthAmerica,trajectory,B1,6,24.31431998110823,0.6078579995277058,optimal,3.249031618004665,42948,76774,254045
rescuenet,BtNorthAmerica-r0,BtNorthAmerica,trajectory,B1,7,23.355043154871332,0.5838760788717833,optimal,3.1731168729966157,42948,76774,254045
rescuenet,BtNorthAmerica-r0,BtNorthAmerica,trajectory,B1,8,23.065150459000016,0.5766287614750004,optimal,2.962855341997056,42948,76774,254045
rescuenet,BtNorthAmerica-r0,BtNorthAmerica,trajectory,B1,9,22.365177561702026,0.5591294390425506,optimal,3.9063123800005997,42948,76774,254045
rescuenet,BtNorthAmerica-r0,BtNorthAmerica,trajectory,B1,10,23.85484957163115,0.5963712392907787,optimal,3.1279158089964767,42948,76774,254045
rescuenet,BtNorthAmerica-r0,BtNorthAmerica,trajectory,B1,11,22.18494490212121,0.5546236225530302,optimal,3.05929488199763,42948,76774,254045
rescuenet,BtNorthAmerica-r0,BtNorthAmerica,trajectory,B1,12,24.137715424643833,0.6034428856160958,optimal,3.144165409998095,42948,76774,254045
rescuenet,BtNorthAmerica-r0,BtNorthAmerica,trajectory,B1,13,23.30695543045254,0.5826738857613135,optimal,3.6822084140003426,42948,76774,254045
rescuenet,BtNorthAmerica-r0,BtNorthAmerica,trajectory,B1,14,22.117712374752333,0.5529428093688084,optimal,3.1410148840004695,42948,76774,254045
rescuenet,BtNorthAmerica-r0,BtNorthAmerica,trajectory,B1,15,22.41085273370592,0.560271318342648,optimal,3.488978101995599,42948,76774,254045
rescuenet,BtNorthAmerica-r0,BtNorthAmerica,trajectory,B1,16,23.972223820323265,0.5993055955080816,optimal,3.509784417001356,42948,76774,254045
rescuenet,BtNorthAmerica-r0,BtNorthAmerica,trajectory,B1,17,21.678723787605495,0.5419680946901374,optimal,3.318122192998999,42948,76774,254045
rescuenet,BtNorthAmerica-r0,BtNorthAmerica,trajectory,B1,18,23.21881228492938,0.5804703071232346,optimal,3.1153077540002414,42948,76774,254045
rescuenet,BtNorthAmerica-r0,BtNorthAmerica,trajectory,B1,19,24.243796122214814,0.6060949030553704,optimal,3.5356301499996334,42948,76774,254045
rescuenet,BtNorthAmerica-r0,BtNorthAmerica,trajectory,B1,20,23.835885060651997,0.5958971265162999,optimal,3.1904525689969887,42948,76774,254045
rescuenet,BtNorthAmerica-r0,BtNorthAmerica,trajectory,B1,21,23.36034429966532,0.5840086074916331,optimal,3.4634173919985187,42948,76774,254045
rescuenet,BtNorthAmerica-r0,BtNorthAmerica,trajectory,B1,22,24.282178954832357,0.6070544738708089,optimal,3.7462588120033615,42948,76774,254045
rescuenet,BtNorthAmerica-r0,BtNorthAmerica,trajectory,B1,23,20.568653625968636,0.514216340649216,optimal,3.676594433003629,42948,76774,254045
rescuenet,BtNorthAmerica-r0,BtNorthAmerica,trajectory,B1,24,22.473946070447234,0.5618486517611808,optimal,3.3173897200031206,42948,76774,254045
rescuenet,BtNorthAmerica-r0,BtNorthAmerica,trajectory,B1,25,22.57164934821869,0.5642912337054672,optimal,3.350723803996516,42948,76774,254045
rescuenet,BtNorthAmerica-r0,BtNorthAmerica,trajectory,B1,26,22.59666292598901,0.5649165731497252,optimal,3.1787090319994604,42948,76774,254045
rescuenet,BtNorthAmerica-r0,BtNorthAmerica,trajectory,B1,27,22.61101106770891,0.5652752766927227,optimal,3.0623364679995575,42948,76774,254045
rescuenet,BtNorthAmerica-r0,BtNorthAmerica,trajectory,B1,28,21.216281300213392,0.5304070325053348,optimal,3.402694248004991,42948,76774,254045
rescuenet,BtNorthAmerica-r0,BtNorthAmerica,trajectory,B1,29,22.48086227741357,0.5620215569353393,optimal,2.7959238690018537,42948,76774,254045
rescuenet,BtNorthAmerica-r0,BtNorthAmerica,trajectory,B2,0,25.45565654162865,0.6363914135407163,optimal,3.43439129699982,42948,76774,254045
rescuenet,BtNorthAmerica-r0,BtNorthAmerica,trajectory,B2,1,25.754527459725683,0.6438631864931421,optimal,3.6727910279951175,42948,76774,254045
rescuenet,BtNorthAmerica-r0,BtNorthAmerica,trajectory,B2,2,24.57627857879953,0.6144069644699883,optimal,3.4445793149934616,42948,76774,254045
rescuenet,BtNorthAmerica-r0,BtNorthAmerica,trajectory,B2,3,26.18686018624147,0.6546715046560367,optimal,3.847912842997175,42948,76774,254045
rescuenet,BtNorthAmerica-r0,BtNorthAmerica,trajectory,B2,4,25.76803751477814,0.6442009378694535,optimal,3.8919695490039885,42948,76774,254045
rescuenet,BtNorthAmerica-r0,BtNorthAmerica,trajectory,B2,5,25.911228387121696,0.6477807096780424,optimal,3.6879845389994443,42948,76774,254045
rescuenet,BtNorthAmerica-r0,BtNorthAmerica,trajectory,B2,6,26.44277932575521,0.6610694831438803,optimal,3.2081736819964135,42948,76774,254045
rescuenet,BtNorthAmerica-r0,BtNorthAmerica,trajectory,B2,7,25.19856153164848,0.629964038291212,optimal,3.4103260679985397,42948,76774,254045
rescuenet,BtNorthAmerica-r0,BtNorthAmerica,trajectory,B2,8,25.112210951965018,0.6278052737991254,optimal,3.602102767996257,42948,76774,254045
rescuenet,BtNorthAmerica-r0,BtNorthAmerica,trajectory,B2,9,24.392187565478963,0.609804689136974,optimal,3.4722962090017973,42948,76774,254045
rescuenet,BtNorthAmerica-r0,BtNorthAmerica,trajectory,B2,10,26.75007451276288,0.668751862819072,optimal,3.7266735159937525,42948,76774,254045
rescuenet,BtNorthAmerica-r0,BtNorthAmerica,trajectory,B2,11,24.46444688815384,0.611611172203846,optimal,3.844586608996906,42948,76774,254045
rescuenet,BtNorthAmerica-r0,BtNorthAmerica,trajectory,B2,12,26.164882587798004,0.6541220646949502,optimal,4.081489297997905,42948,76774,254045
rescuenet,BtNorthAmerica-r0,BtNorthAmerica,trajectory,B2,13,25.706224391880117,0.6426556097970029,optimal,3.4187302100035595,42948,76774,254045
rescuenet,BtNorthAmerica-r0,BtNorthAmerica,trajectory,B2,14,25.117115287598935,0.6279278821899734,optimal,3.5787733550023404,42948,76774,254045
rescuenet,BtNorthAmerica-r0,BtNorthAmerica,trajectory,B2,15,25.980423149393076,0.6495105787348269,optimal,3.9958117439964553,42948,76774,254045
rescuenet,BtNorthAmerica-r0,BtNorthAmerica,trajectory,B2,16,25.794069766050328,0.6448517441512582,optimal,3.3836342959984904,42948,76774,254045
rescuenet,BtNorthAmerica-r0,BtNorthAmerica,trajectory,B2,17,23.923316904721755,0.5980829226180439,optimal,3.1009247490001144,42948,76774,254045
rescuenet,BtNorthAmerica-r0,BtNorthAmerica,trajectory,B2,18,25.510520417751263,0.6377630104437816,optimal,3.448133992998919,42948,76774,254045
rescuenet,BtNorthAmerica-r0,BtNorthAmerica,trajectory,B2,19,25.612502705717176,0.6403125676429294,optimal,3.581654248002451,42948,76774,254045
rescuenet,BtNorthAmerica-r0,BtNorthAmerica,trajectory,B2,20,26.405804711521917,0.660145117788048,optimal,3.5446486709988676,42948,76774,254045
rescuenet,BtNorthAmerica-r0,BtNorthAmerica,trajectory,B2,21,25.981979857010764,0.649549496425269,optimal,3.8906296619970817,42948,76774,254045
rescuenet,BtNorthAmerica-r0,BtNorthAmerica,trajectory,B2,22,26.236036701395008,0.6559009175348752,optimal,4.34338329500315,42948,76774,254045
rescuenet,BtNorthAmerica-r0,BtNorthAmerica,trajectory,B2,23,23.36861577146704,0.584215394286676,optimal,3.976097673003096,42948,76774,254045
rescuenet,BtNorthAmerica-r0,BtNorthAmerica,trajectory,B2,24,24.81146963210026,0.6202867408025065,optimal,3.6692505729952245,42948,76774,254045
rescuenet,BtNorthAmerica-r0,BtNorthAmerica,trajectory,B2,25,25.475326438956845,0.6368831609739212,optimal,3.621376898998278,42948,76774,254045
rescuenet,BtNorthAmerica-r0,BtNorthAmerica,trajectory,B2,26,24.489068280837525,0.6122267070209382,optimal,3.661514769999485,42948,76774,254045
rescuenet,BtNorthAmerica-r0,BtNorthAmerica,trajectory,B2,27,24.613090213974015,0.6153272553493504,optimal,3.249291711996193,42948,76774,254045
rescuenet,BtNorthAmerica-r0,BtNorthAmerica,trajectory,B2,28,24.62805201187405,0.6157013002968512,optimal,3.2437844640007825,42948,76774,254045
rescuenet,BtNorthAmerica-r0,BtNorthAmerica,trajectory,B2,29,26.31637797435851,0.6579094493589628,optimal,3.504122484002437,42948,76774,254045
rescuenet,BtNorthAmerica-r0,BtNorthAmerica,trajectory,P,0,24.423855987198998,0.6105963996799749,optimal,4.123051497997949,42948,76774,254045
rescuenet,BtNorthAmerica-r0,BtNorthAmerica,trajectory,P,1,25.110477310836554,0.6277619327709139,optimal,3.7338184589971206,42948,76774,254045
rescuenet,BtNorthAmerica-r0,BtNorthAmerica,trajectory,P,2,23.427965515586855,0.5856991378896714,optimal,3.1494557580008404,42948,76774,254045
rescuenet,BtNorthAmerica-r0,BtNorthAmerica,trajectory,P,3,24.7186912542281,0.6179672813557026,optimal,3.736747008995735,42948,76774,254045
rescuenet,BtNorthAmerica-r0,BtNorthAmerica,trajectory,P,4,23.39631452812657,0.5849078632031642,optimal,3.3046577139975852,42948,76774,254045
rescuenet,BtNorthAmerica-r0,BtNorthAmerica,trajectory,P,5,24.991019390723604,0.6247754847680901,optimal,3.4878172600001562,42948,76774,254045
rescuenet,BtNorthAmerica-r0,BtNorthAmerica,trajectory,P,6,24.861066425919336,0.6215266606479835,optimal,3.0029245629993966,42948,76774,254045
rescuenet,BtNorthAmerica-r0,BtNorthAmerica,trajectory,P,7,22.564155031758077,0.5641038757939519,optimal,3.3879335570018156,42948,76774,254045
rescuenet,BtNorthAmerica-r0,BtNorthAmerica,trajectory,P,8,23.927878376048657,0.5981969594012164,optimal,3.2642470840000897,42948,76774,254045
rescuenet,BtNorthAmerica-r0,BtNorthAmerica,trajectory,P,9,22.430235038978108,0.5607558759744526,optimal,3.4933136260005995,42948,76774,254045
rescuenet,BtNorthAmerica-r0,BtNorthAmerica,trajectory,P,10,25.206275291484634,0.6301568822871159,optimal,3.257681382005103,42948,76774,254045
rescuenet,BtNorthAmerica-r0,BtNorthAmerica,trajectory,P,11,22.375271766608645,0.5593817941652162,optimal,3.2030615499970736,42948,76774,254045
rescuenet,BtNorthAmerica-r0,BtNorthAmerica,trajectory,P,12,24.146935115114477,0.6036733778778619,optimal,3.6048677829967346,42948,76774,254045
rescuenet,BtNorthAmerica-r0,BtNorthAmerica,trajectory,P,13,24.051490878763783,0.6012872719690946,optimal,3.7040093789983075,42948,76774,254045
rescuenet,BtNorthAmerica-r0,BtNorthAmerica,trajectory,P,14,23.502600816358605,0.5875650204089651,optimal,3.431539596997027,42948,76774,254045
rescuenet,BtNorthAmerica-r0,BtNorthAmerica,trajectory,P,15,25.024814299706396,0.6256203574926599,optimal,3.0241100399944116,42948,76774,254045
rescuenet,BtNorthAmerica-r0,BtNorthAmerica,trajectory,P,16,24.262224246164028,0.6065556061541006,optimal,3.7234473540011095,42948,76774,254045
rescuenet,BtNorthAmerica-r0,BtNorthAmerica,trajectory,P,17,23.34520094335006,0.5836300235837515,optimal,3.5885060869986773,42948,76774,254045
rescuenet,BtNorthAmerica-r0,BtNorthAmerica,trajectory,P,18,24.605336616766824,0.6151334154191705,optimal,3.3611615519985207,42948,76774,254045
rescuenet,BtNorthAmerica-r0,BtNorthAmerica,trajectory,P,19,24.735946540177427,0.6183986635044356,optimal,3.760095359000843,42948,76774,254045
rescuenet,BtNorthAmerica-r0,BtNorthAmerica,trajectory,P,20,25.16019806287264,0.629004951571816,optimal,3.560139336004795,42948,76774,254045
rescuenet,BtNorthAmerica-r0,BtNorthAmerica,trajectory,P,21,25.060185865547968,0.6265046466386992,optimal,3.6284324009975535,42948,76774,254045
rescuenet,BtNorthAmerica-r0,BtNorthAmerica,trajectory,P,22,25.507266816124787,0.6376816704031196,optimal,3.3205469500026084,42948,76774,254045
rescuenet,BtNorthAmerica-r0,BtNorthAmerica,trajectory,P,23,22.66432164543485,0.5666080411358713,optimal,3.3307488589998684,42948,76774,254045
rescuenet,BtNorthAmerica-r0,BtNorthAmerica,trajectory,P,24,24.160013671154662,0.6040003417788665,optimal,4.018150013995182,42948,76774,254045
rescuenet,BtNorthAmerica-r0,BtNorthAmerica,trajectory,P,25,24.40039382468154,0.6100098456170385,optimal,3.816645202001382,42948,76774,254045
rescuenet,BtNorthAmerica-r0,BtNorthAmerica,trajectory,P,26,23.491861008589847,0.5872965252147462,optimal,3.6932379040008527,42948,76774,254045
rescuenet,BtNorthAmerica-r0,BtNorthAmerica,trajectory,P,27,23.271612747375883,0.5817903186843971,optimal,3.515565604000585,42948,76774,254045
rescuenet,BtNorthAmerica-r0,BtNorthAmerica,trajectory,P,28,22.12237617477651,0.5530594043694127,optimal,3.038808762001281,42948,76774,254045
rescuenet,BtNorthAmerica-r0,BtNorthAmerica,trajectory,P,29,24.827177968785684,0.6206794492196421,optimal,3.1992416009961744,42948,76774,254045
rescuenet,BtNorthAmerica-r0,BtNorthAmerica,trajectory,TRAN,0,33.170210112641456,0.8292552528160364,optimal,3.354543168999953,42948,76774,254045
rescuenet,BtNorthAmerica-r0,BtNorthAmerica,trajectory,TRAN,1,31.764567860101625,0.7941141965025407,optimal,3.30488293000235,42948,76774,254045
rescuenet,BtNorthAmerica-r0,BtNorthAmerica,trajectory,TRAN,2,32.19754012525092,0.8049385031312729,optimal,3.4752015429985477,42948,76774,254045
rescuenet,BtNorthAmerica-r0,BtNorthAmerica,trajectory,TRAN,3,32.14391579787883,0.8035978949469709,optimal,3.9594147269963287,42948,76774,254045
rescuenet,BtNorthAmerica-r0,BtNorthAmerica,trajectory,TRAN,4,31.58039246179209,0.7895098115448023,optimal,3.179515743999218,42948,76774,254045
rescuenet,BtNorthAmerica-r0,BtNorthAmerica,trajectory,TRAN,5,31.635318791637925,0.7908829697909481,optimal,3.5416258559998823,42948,76774,254045
rescuenet,BtNorthAmerica-r0,BtNorthAmerica,trajectory,TRAN,6,32.35856511800984,0.8089641279502461,optimal,3.7097325609938707,42948,76774,254045
rescuenet,BtNorthAmerica-r0,BtNorthAmerica,trajectory,TRAN,7,31.5112120377751,0.7877803009443775,optimal,3.7761967750047916,42948,76774,254045
rescuenet,BtNorthAmerica-r0,BtNorthAmerica,trajectory,TRAN,8,31.305505631815695,0.7826376407953923,optimal,3.513264599001559,42948,76774,254045
rescuenet,BtNorthAmerica-r0,BtNorthAmerica,trajectory,TRAN,9,32.81176187216483,0.8202940468041208,optimal,4.085551629003021,42948,76774,254045
rescuenet,BtNorthAmerica-r0,BtNorthAmerica,trajectory,TRAN,10,34.29496429422012,0.857374107355503,optimal,3.8167682480052463,42948,76774,254045
rescuenet,BtNorthAmerica-r0,BtNorthAmerica,trajectory,TRAN,11,29.863824628428635,0.7465956157107159,optimal,3.1416040299955057,42948,76774,254045
rescuenet,BtNorthAmerica-r0,BtNorthAmerica,trajectory,TRAN,12,33.64603329838819,0.8411508324597048,optimal,3.380577046002145,42948,76774,254045
rescuenet,BtNorthAmerica-r0,BtNorthAmerica,trajectory,TRAN,13,33.5158394533964,0.83789598633491,optimal,3.5928890649956884,42948,76774,254045
rescuenet,BtNorthAmerica-r0,BtNorthAmerica,trajectory,TRAN,14,33.28310042889993,0.8320775107224982,optimal,3.479824345005909,42948,76774,254045
rescuenet,BtNorthAmerica-r0,BtNorthAmerica,trajectory,TRAN,15,32.01757790160201,0.8004394475400503,optimal,3.184570370001893,42948,76774,254045
rescuenet,BtNorthAmerica-r0,BtNorthAmerica,trajectory,TRAN,16,33.212010378546424,0.8303002594636606,optimal,3.7892984799982514,42948,76774,254045
rescuenet,BtNorthAmerica-r0,BtNorthAmerica,trajectory,TRAN,17,29.95596104868456,0.748899026217114,optimal,3.54477948800195,42948,76774,254045
rescuenet,BtNorthAmerica-r0,BtNorthAmerica,trajectory,TRAN,18,31.944520117686533,0.7986130029421633,optimal,3.659353287999693,42948,76774,254045
rescuenet,BtNorthAmerica-r0,BtNorthAmerica,trajectory,TRAN,19,32.89870768241336,0.822467692060334,optimal,3.240170716002467,42948,76774,254045
rescuenet,BtNorthAmerica-r0,BtNorthAmerica,trajectory,TRAN,20,33.391116880172675,0.8347779220043169,optimal,3.35470931600139,42948,76774,254045
rescuenet,BtNorthAmerica-r0,BtNorthAmerica,trajectory,TRAN,21,33.58523147290104,0.8396307868225261,optimal,3.4749435339981574,42948,76774,254045
rescuenet,BtNorthAmerica-r0,BtNorthAmerica,trajectory,TRAN,22,32.72557769126614,0.8181394422816535,optimal,3.831352905006497,42948,76774,254045
rescuenet,BtNorthAmerica-r0,BtNorthAmerica,trajectory,TRAN,23,30.827960824678794,0.7706990206169698,optimal,3.5275070569987292,42948,76774,254045
rescuenet,BtNorthAmerica-r0,BtNorthAmerica,trajectory,TRAN,24,31.23979908477243,0.7809949771193108,optimal,3.510466184001416,42948,76774,254045
rescuenet,BtNorthAmerica-r0,BtNorthAmerica,trajectory,TRAN,25,33.53129092772969,0.8382822731932423,optimal,3.37709432200063,42948,76774,254045
rescuenet,BtNorthAmerica-r0,BtNorthAmerica,trajectory,TRAN,26,32.63688599891092,0.815922149972773,optimal,3.206758804000856,42948,76774,254045
rescuenet,BtNorthAmerica-r0,BtNorthAmerica,trajectory,TRAN,27,31.994964122049073,0.7998741030512269,optimal,3.144528046999767,42948,76774,254045
rescuenet,BtNorthAmerica-r0,BtNorthAmerica,trajectory,TRAN,28,31.08623250518659,0.7771558126296647,optimal,2.9506809570011683,42948,76774,254045
rescuenet,BtNorthAmerica-r0,BtNorthAmerica,trajectory,TRAN,29,31.567252370206504,0.7891813092551626,optimal,4.152524370998435,42948,76774,254045
rescuenet,BtNorthAmerica-r1,BtNorthAmerica,ground_only,,0,22.339172874892665,0.5584793218723166,optimal,0.44004491100349696,10263,21516,60436
rescuenet,BtNorthAmerica-r1,BtNorthAmerica,ground_only,,1,22.339172874892665,0.5584793218723166,optimal,0.5773312579985941,10263,21516,60436
rescuenet,BtNorthAmerica-r1,BtNorthAmerica,ground_only,,2,22.339172874892665,0.5584793218723166,optimal,0.43129025799862575,10263,21516,60436
rescuenet,BtNorthAmerica-r1,BtNorthAmerica,ground_only,,3,22.339172874892665,0.5584793218723166,optimal,0.45799391200125683,10263,21516,60436
rescuenet,BtNorthAmerica-r1,BtNorthAmerica,ground_only,,4,22.339172874892665,0.5584793218723166,optimal,0.4321207190005225,10263,21516,60436
rescuenet,BtNorthAmerica-r1,BtNorthAmerica,ground_only,,5,22.339172874892665,0.5584793218723166,optimal,0.5298797840005136,10263,21516,60436
rescuenet,BtNorthAmerica-r1,BtNorthAmerica,ground_only,,6,22.339172874892665,0.5584793218723166,optimal,0.5263336510033696,10263,21516,60436
rescuenet,BtNorthAmerica-r1,BtNorthAmerica,ground_only,,7,22.339172874892665,0.5584793218723166,optimal,0.511089888997958,10263,21516,60436
rescuenet,BtNorthAmerica-r1,BtNorthAmerica,ground_only,,8,22.339172874892665,0.5584793218723166,optimal,0.5194430990013643,10263,21516,60436
rescuenet,BtNorthAmerica-r1,BtNorthAmerica,ground_only,,9,22.339172874892665,0.5584793218723166,optimal,0.45510240500152577,10263,21516,60436
rescuenet,BtNorthAmerica-r1,BtNorthAmerica,ground_only,,10,22.339172874892665,0.5584793218723166,optimal,0.44158643200353254,10263,21516,60436
rescuenet,BtNorthAmerica-r1,BtNorthAmerica,ground_only,,11,22.339172874892665,0.5584793218723166,optimal,0.44984411699988414,10263,21516,60436
rescuenet,BtNorthAmerica-r1,BtNorthAmerica,ground_only,,12,22.339172874892665,0.5584793218723166,optimal,0.43913968000561,10263,21516,60436
rescuenet,BtNorthAmerica-r1,BtNorthAmerica,ground_only,,13,22.339172874892665,0.5584793218723166,optimal,0.4829250390030211,10263,21516,60436
rescuenet,BtNorthAmerica-r1,BtNorthAmerica,ground_only,,14,22.339172874892665,0.5584793218723166,optimal,0.4599136449978687,10263,21516,60436
rescuenet,BtNorthAmerica-r1,BtNorthAmerica,ground_only,,15,22.339172874892665,0.5584793218723166,optimal,0.5125751909945393,10263,21516,60436
rescuenet,BtNorthAmerica-r1,BtNorthAmerica,ground_only,,16,22.339172874892665,0.5584793218723166,optimal,0.4688070779957343,10263,21516,60436
rescuenet,BtNorthAmerica-r1,BtNorthAmerica,ground_only,,17,22.339172874892665,0.5584793218723166,optimal,0.46254813500127057,10263,21516,60436
rescuenet,BtNorthAmerica-r1,BtNorthAmerica,ground_only,,18,22.339172874892665,0.5584793218723166,optimal,0.454759833002754,10263,21516,60436
rescuenet,BtNorthAmerica-r1,BtNorthAmerica,ground_only,,19,22.339172874892665,0.5584793218723166,optimal,0.4666761469998164,10263,21516,60436
rescuenet,BtNorthAmerica-r1,BtNorthAmerica,ground_only,,20,22.339172874892665,0.5584793218723166,optimal,0.4519924299966078,10263,21516,60436
rescuenet,BtNorthAmerica-r1,BtNorthAmerica,ground_only,,21,22.339172874892665,0.5584793218723166,optimal,0.44599344100424787,10263,21516,60436
rescuenet,BtNorthAmerica-r1,BtNorthAmerica,ground_only,,22,22.339172874892665,0.5584793218723166,optimal,0.4839809049954056,10263,21516,60436
rescuenet,BtNorthAmerica-r1,BtNorthAmerica,ground_only,,23,22.339172874892665,0.5584793218723166,optimal,0.42519008799717994,10263,21516,60436
rescuenet,BtNorthAmerica-r1,BtNorthAmerica,ground_only,,24,22.339172874892665,0.5584793218723166,optimal,0.4225534350043745,10263,21516,60436
rescuenet,BtNorthAmerica-r1,BtNorthAmerica,ground_only,,25,22.339172874892665,0.5584793218723166,optimal,0.4153502600020147,10263,21516,60436
rescuenet,BtNorthAmerica-r1,BtNorthAmerica,ground_only,,26,22.339172874892665,0.5584793218723166,optimal,0.43572635800228454,10263,21516,60436
rescuenet,BtNorthAmerica-r1,BtNorthAmerica,ground_only,,27,22.339172874892665,0.5584793218723166,optimal,0.5632627080049133,10263,21516,60436
rescuenet,BtNorthAmerica-r1,BtNorthAmerica,ground_only,,28,22.339172874892665,0.5584793218723166,optimal,0.462826523995318,10263,21516,60436
rescuenet,BtNorthAmerica-r1,BtNorthAmerica,ground_only,,29,22.339172874892665,0.5584793218723166,optimal,0.5165044679961284,10263,21516,60436
rescuenet,BtNorthAmerica-r1,BtNorthAmerica,trajectory,B1,0,27.974346511331014,0.6993586627832753,optimal,2.815404346001742,37116,68513,227987
rescuenet,BtNorthAmerica-r1,BtNorthAmerica,trajectory,B1,1,26.589295590899397,0.6647323897724849,optimal,3.019976212999609,37116,68513,227987
rescuenet,BtNorthAmerica-r1,BtNorthAmerica,trajectory,B1,2,27.629171466357057,0.6907292866589264,optimal,2.338005123005132,37116,68513,227987
rescuenet,BtNorthAmerica-r1,BtNorthAmerica,trajectory,B1,3,25.967776474322175,0.6491944118580544,optimal,2.852296106997528,37116,68513,227987
rescuenet,BtNorthAmerica-r1,BtNorthAmerica,trajectory,B1,4,26.37371230564831,0.6593428076412078,optimal,2.3094650819984963,37116,68513,227987
rescuenet,BtNorthAmerica-r1,BtNorthAmerica,trajectory,B1,5,27.66602848882594,0.6916507122206486,optimal,3.178905370004941,37116,68513,227987
rescuenet,BtNorthAmerica-r1,BtNorthAmerica,trajectory,B1,6,26.120390888842,0.6530097722210499,optimal,2.6432052829986787,37116,68513,227987
rescuenet,BtNorthAmerica-r1,BtNorthAmerica,trajectory,B1,7,25.636496983114665,0.6409124245778666,optimal,2.565607133001322,37116,68513,227987
rescuenet,BtNorthAmerica-r1,BtNorthAmerica,trajectory,B1,8,25.308686379281397,0.6327171594820349,optimal,2.458529791998444,37116,68513,227987
rescuenet,BtNorthAmerica-r1,BtNorthAmerica,trajectory,B1,9,27.37345113696097,0.6843362784240242,optimal,2.617585040999984,37116,68513,227987
rescuenet,BtNorthAmerica-r1,BtNorthAmerica,trajectory,B1,10,27.487916506150416,0.6871979126537604,optimal,2.4269724620025954,37116,68513,227987
rescuenet,BtNorthAmerica-r1,BtNorthAmerica,trajectory,B1,11,27.11510681695133,0.6778776704237832,optimal,2.271626580004522,37116,68513,227987
rescuenet,BtNorthAmerica-r1,BtNorthAmerica,trajectory,B1,12,27.800157391044934,0.6950039347761233,optimal,2.4492514980011038,37116,68513,227987
rescuenet,BtNorthAmerica-r1,BtNorthAmerica,trajectory,B1,13,26.783383025827867,0.6695845756456966,optimal,2.633331848002854,37116,68513,227987
rescuenet,BtNorthAmerica-r1,BtNorthAmerica,trajectory,B1,14,26.30411421253754,0.6576028553134385,optimal,2.721663989999797,37116,68513,227987
rescuenet,BtNorthAmerica-r1,BtNorthAmerica,trajectory,B1,15,27.806006359351922,0.6951501589837981,optimal,2.3340222679980798,37116,68513,227987
rescuenet,BtNorthAmerica-r1,BtNorthAmerica,trajectory,B1,16,27.880684756696173,0.6970171189174044,optimal,2.733564075002505,37116,68513,227987
rescuenet,BtNorthAmerica-r1,BtNorthAmerica,trajectory,B1,17,26.895035863277162,0.6723758965819291,optimal,2.6408285360012087,37116,68513,227987
rescuenet,BtNorthAmerica-r1,BtNorthAmerica,trajectory,B1,18,27.89724845529277,0.6974312113823193,optimal,2.6609897859962075,37116,68513,227987
rescuenet,BtNorthAmerica-r1,BtNorthAmerica,trajectory,B1,19,26.260285820223164,0.6565071455055791,optimal,2.498200474998157,37116,68513,227987
rescuenet,BtNorthAmerica-r1,BtNorthAmerica,trajectory,B1,20,26.305609214040068,0.6576402303510017,optimal,2.4398237770001288,37116,68513,227987
rescuenet,BtNorthAmerica-r1,BtNorthAmerica,trajectory,B1,21,24.696260515446376,0.6174065128861594,optimal,3.0727174200001173,37116,68513,227987
rescuenet,BtNorthAmerica-r1,BtNorthAmerica,trajectory,B1,22,27.86521407287973,0.6966303518219933,optimal,2.550427251997462,37116,68513,227987
rescuenet,BtNorthAmerica-r1,BtNorthAmerica,trajectory,B1,23,26.6091845019098,0.665229612547745,optimal,2.851780607001274,37116,68513,227987
rescuenet,BtNorthAmerica-r1,BtNorthAmerica,trajectory,B1,24,26.678348176558032,0.6669587044139508,optimal,2.3759550559989293,37116,68513,227987
rescuenet,BtNorthAmerica-r1,BtNorthAmerica,trajectory,B1,25,26.719964352084464,0.6679991088021116,optimal,2.233113834001415,37116,68513,227987
rescuenet,BtNorthAmerica-r1,BtNorthAmerica,trajectory,B1,26,26.542108965215515,0.6635527241303879,optimal,2.2957352199955494,37116,68513,227987
rescuenet,BtNorthAmerica-r1,BtNorthAmerica,trajectory,B1,27,26.495544479403836,0.6623886119850959,optimal,2.597661233994586,37116,68513,227987
rescuenet,BtNorthAmerica-r1,BtNorthAmerica,trajectory,B1,28,26.35522485249117,0.6588806213122792,optimal,2.481469732003461,37116,68513,227987
rescuenet,BtNorthAmerica-r1,BtNorthAmerica,trajectory,B1,29,26.622162700743512,0.6655540675185878,optimal,2.8081150660000276,37116,68513,227987
rescuenet,BtNorthAmerica-r1,BtNorthAmerica,trajectory,B2,0,28.3408365706206,0.708520914265515,optimal,3.6987804619930102,37116,68513,227987
rescuenet,BtNorthAmerica-r1,BtNorthAmerica,trajectory,B2,1,27.403597025323748,0.6850899256330937,optimal,3.071227750995604,37116,68513,227987
rescuenet,BtNorthAmerica-r1,BtNorthAmerica,trajectory,B2,2,27.807719594025208,0.6951929898506302,optimal,3.345753688001423,37116,68513,227987
rescuenet,BtNorthAmerica-r1,BtNorthAmerica,trajectory,B2,3,26.372608211033384,0.6593152052758346,optimal,3.0018205719970865,37116,68513,227987
rescuenet,BtNorthAmerica-r1,BtNorthAmerica,trajectory,B2,4,26.48997307817531,0.6622493269543828,optimal,2.8986678939982085,37116,68513,227987
rescuenet,BtNorthAmerica-r1,BtNorthAmerica,trajectory,B2,5,27.809534753293853,0.6952383688323464,optimal,2.7299796709994553,37116,68513,227987
rescuenet,BtNorthAmerica-r1,BtNorthAmerica,trajectory,B2,6,26.38251718580722,0.6595629296451805,optimal,2.5394185349941836,37116,68513,227987
rescuenet,BtNorthAmerica-r1,BtNorthAmerica,trajectory,B2,7,25.926295198328827,0.6481573799582206,optimal,2.4105690130018047,37116,68513,227987
rescuenet,BtNorthAmerica-r1,BtNorthAmerica,trajectory,B2,8,25.456006753462212,0.6364001688365553,optimal,3.2021747569961008,37116,68513,227987
rescuenet,BtNorthAmerica-r1,BtNorthAmerica,trajectory,B2,9,27.578355995563328,0.6894588998890832,optimal,2.583767099000397,37116,68513,227987
rescuenet,BtNorthAmerica-r1,BtNorthAmerica,trajectory,B2,10,27.568159184567055,0.6892039796141763,optimal,2.5054033499982324,37116,68513,227987
rescuenet,BtNorthAmerica-r1,BtNorthAmerica,trajectory,B2,11,27.334962803705974,0.6833740700926494,optimal,2.4036419320036657,37116,68513,227987
rescuenet,BtNorthAmerica-r1,BtNorthAmerica,trajectory,B2,12,28.00096974679133,0.7000242436697832,optimal,2.7257481519991416,37116,68513,227987
rescuenet,BtNorthAmerica-r1,BtNorthAmerica,trajectory,B2,13,26.983655525380925,0.6745913881345231,optimal,2.496274696997716,37116,68513,227987
rescuenet,BtNorthAmerica-r1,BtNorthAmerica,trajectory,B2,14,26.637456158759075,0.6659364039689769,optimal,3.0526412629988045,37116,68513,227987
rescuenet,BtNorthAmerica-r1,BtNorthAmerica,trajectory,B2,15,28.113996431471165,0.7028499107867792,optimal,2.825231499999063,37116,68513,227987
rescuenet,BtNorthAmerica-r1,BtNorthAmerica,trajectory,B2,16,28.14864303536454,0.7037160758841134,optimal,2.9545252030002302,37116,68513,227987
rescuenet,BtNorthAmerica-r1,BtNorthAmerica,trajectory,B2,17,27.36466728989985,0.6841166822474962,optimal,2.6144005020032637,37116,68513,227987
rescuenet,BtNorthAmerica-r1,BtNorthAmerica,trajectory,B2,18,27.991310972531473,0.6997827743132868,optimal,2.7663463190037874,37116,68513,227987
rescuenet,BtNorthAmerica-r1,BtNorthAmerica,trajectory,B2,19,26.592502285031998,0.6648125571257999,optimal,2.3002611119954963,37116,68513,227987
rescuenet,BtNorthAmerica-r1,BtNorthAmerica,trajectory,B2,20,26.455246043558294,0.6613811510889573,optimal,2.5663306429996737,37116,68513,227987
rescuenet,BtNorthAmerica-r1,BtNorthAmerica,trajectory,B2,21,24.913162998157667,0.6228290749539417,optimal,2.3953181830001995,37116,68513,227987
rescuenet,BtNorthAmerica-r1,BtNorthAmerica,trajectory,B2,22,28.13268423489625,0.7033171058724063,optimal,2.445228964003036,37116,68513,227987
rescuenet,BtNorthAmerica-r1,BtNorthAmerica,trajectory,B2,23,27.192030624477415,0.6798007656119354,optimal,2.4261650789994746,37116,68513,227987
rescuenet,BtNorthAmerica-r1,BtNorthAmerica,trajectory,B2,24,26.836832957281246,0.6709208239320311,optimal,2.3736133740021614,37116,68513,227987
rescuenet,BtNorthAmerica-r1,BtNorthAmerica,trajectory,B2,25,27.144538626861337,0.6786134656715335,optimal,2.6735981590027222,37116,68513,227987
rescuenet,BtNorthAmerica-r1,BtNorthAmerica,trajectory,B2,26,26.702736809259783,0.6675684202314945,optimal,2.5625435460024164,37116,68513,227987
rescuenet,BtNorthAmerica-r1,BtNorthAmerica,trajectory,B2,27,26.861696401283663,0.6715424100320916,optimal,2.9180134950001957,37116,68513,227987
rescuenet,BtNorthAmerica-r1,BtNorthAmerica,trajectory,B2,28,26.827791878955875,0.6706947969738969,optimal,2.494661253003869,37116,68513,227987
rescuenet,BtNorthAmerica-r1,BtNorthAmerica,trajectory,B2,29,26.886192937981807,0.6721548234495451,optimal,2.4964879820036003,37116,68513,227987
rescuenet,BtNorthAmerica-r1,BtNorthAmerica,trajectory,P,0,28.290233957826622,0.7072558489456655,optimal,3.318060762998357,37116,68513,227987
rescuenet,BtNorthAmerica-r1,BtNorthAmerica,trajectory,P,1,26.76114118864739,0.6690285297161848,optimal,2.3564336499985075,37116,68513,227987
rescuenet,BtNorthAmerica-r1,BtNorthAmerica,trajectory,P,2,27.758885903938715,0.6939721475984679,optimal,2.5069046200005687,37116,68513,227987
rescuenet,BtNorthAmerica-r1,BtNorthAmerica,trajectory,P,3,26.094665318687078,0.6523666329671769,optimal,2.839279769999848,37116,68513,227987
rescuenet,BtNorthAmerica-r1,BtNorthAmerica,trajectory,P,4,26.445342696318065,0.6611335674079516,optimal,2.4362665969965747,37116,68513,227987
rescuenet,BtNorthAmerica-r1,BtNorthAmerica,trajectory,P,5,27.76351298651149,0.6940878246627873,optimal,2.4236966660027974,37116,68513,227987
rescuenet,BtNorthAmerica-r1,BtNorthAmerica,trajectory,P,6,26.35457446147505,0.6588643615368762,optimal,2.6088140529973316,37116,68513,227987
rescuenet,BtNorthAmerica-r1,BtNorthAmerica,trajectory,P,7,25.857933791042036,0.646448344776051,optimal,2.390614267998899,37116,68513,227987
rescuenet,BtNorthAmerica-r1,BtNorthAmerica,trajectory,P,8,25.386754063526073,0.6346688515881518,optimal,2.743798062998394,37116,68513,227987
rescuenet,BtNorthAmerica-r1,BtNorthAmerica,trajectory,P,9,27.507653912797615,0.6876913478199403,optimal,2.9528187370015075,37116,68513,227987
rescuenet,BtNorthAmerica-r1,BtNorthAmerica,trajectory,P,10,27.52257216879707,0.6880643042199267,optimal,2.3979122189994087,37116,68513,227987
rescuenet,BtNorthAmerica-r1,BtNorthAmerica,trajectory,P,11,27.22226878794963,0.6805567196987408,optimal,2.2292370409995783,37116,68513,227987
rescuenet,BtNorthAmerica-r1,BtNorthAmerica,trajectory,P,12,27.92501528146481,0.6981253820366202,optimal,2.2815658879990224,37116,68513,227987
rescuenet,BtNorthAmerica-r1,BtNorthAmerica,trajectory,P,13,26.986858328006083,0.6746714582001521,optimal,2.4834431880008196,37116,68513,227987
rescuenet,BtNorthAmerica-r1,BtNorthAmerica,trajectory,P,14,26.622225215586173,0.6655556303896544,optimal,2.6773322640001425,37116,68513,227987
rescuenet,BtNorthAmerica-r1,BtNorthAmerica,trajectory,P,15,27.95956530712948,0.698989132678237,optimal,2.5451138349963003,37116,68513,227987
rescuenet,BtNorthAmerica-r1,BtNorthAmerica,trajectory,P,16,28.136688667260557,0.7034172166815139,optimal,2.79068237899628,37116,68513,227987
rescuenet,BtNorthAmerica-r1,BtNorthAmerica,trajectory,P,17,27.287656364951502,0.6821914091237875,optimal,2.9983616690005874,37116,68513,227987
rescuenet,BtNorthAmerica-r1,BtNorthAmerica,trajectory,P,18,28.026715315305157,0.7006678828826289,optimal,3.3656804240017664,37116,68513,227987
rescuenet,BtNorthAmerica-r1,BtNorthAmerica,trajectory,P,19,26.411206075723786,0.6602801518930946,optimal,2.5272676210006466,37116,68513,227987
rescuenet,BtNorthAmerica-r1,BtNorthAmerica,trajectory,P,20,26.672937643303378,0.6668234410825844,optimal,2.7337912840011995,37116,68513,227987
rescuenet,BtNorthAmerica-r1,BtNorthAmerica,trajectory,P,21,24.821224644360655,0.6205306161090164,optimal,2.7793302979989676,37116,68513,227987
rescuenet,BtNorthAmerica-r1,BtNorthAmerica,trajectory,P,22,28.045536182382723,0.7011384045595681,optimal,2.944748216003063,37116,68513,227987
rescuenet,BtNorthAmerica-r1,BtNorthAmerica,trajectory,P,23,27.137946359066582,0.6784486589766645,optimal,2.861144366004737,37116,68513,227987
rescuenet,BtNorthAmerica-r1,BtNorthAmerica,trajectory,P,24,26.77659691421786,0.6694149228554465,optimal,2.798191403999226,37116,68513,227987
rescuenet,BtNorthAmerica-r1,BtNorthAmerica,trajectory,P,25,27.164091065105495,0.6791022766276373,optimal,2.973118288005935,37116,68513,227987
rescuenet,BtNorthAmerica-r1,BtNorthAmerica,trajectory,P,26,26.651700921657984,0.6662925230414496,optimal,2.862825146999967,37116,68513,227987
rescuenet,BtNorthAmerica-r1,BtNorthAmerica,trajectory,P,27,26.636114252366948,0.6659028563091737,optimal,3.2229104450016166,37116,68513,227987
rescuenet,BtNorthAmerica-r1,BtNorthAmerica,trajectory,P,28,26.758653083575247,0.6689663270893812,optimal,3.027080517000286,37116,68513,227987
rescuenet,BtNorthAmerica-r1,BtNorthAmerica,trajectory,P,29,26.831510789967062,0.6707877697491765,optimal,2.867140606002067,37116,68513,227987
rescuenet,BtNorthAmerica-r1,BtNorthAmerica,trajectory,TRAN,0,27.12203081381295,0.6780507703453237,optimal,2.4404628580014105,37116,68513,227987
rescuenet,BtNorthAmerica-r1,BtNorthAmerica,trajectory,TRAN,1,26.92552304287596,0.673138076071899,optimal,2.4757430020035827,37116,68513,227987
rescuenet,BtNorthAmerica-r1,BtNorthAmerica,trajectory,TRAN,2,26.914158724814254,0.6728539681203564,optimal,2.490383780001139,37116,68513,227987
rescuenet,BtNorthAmerica-r1,BtNorthAmerica,trajectory,TRAN,3,26.496551261519777,0.6624137815379945,optimal,2.6378863969948725,37116,68513,227987
rescuenet,BtNorthAmerica-r1,BtNorthAmerica,trajectory,TRAN,4,27.717321887840644,0.6929330471960161,optimal,2.1541888319989084,37116,68513,227987
rescuenet,BtNorthAmerica-r1,BtNorthAmerica,trajectory,TRAN,5,27.08805782509687,0.6772014456274218,optimal,2.1427201090045855,37116,68513,227987
rescuenet,BtNorthAmerica-r1,BtNorthAmerica,trajectory,TRAN,6,27.20091863116168,0.680022965779042,optimal,2.520078312998521,37116,68513,227987
rescuenet,BtNorthAmerica-r1,BtNorthAmerica,trajectory,TRAN,7,26.49012760969824,0.662253190242456,optimal,2.116202629003965,37116,68513,227987
rescuenet,BtNorthAmerica-r1,BtNorthAmerica,trajectory,TRAN,8,26.03642955287401,0.6509107388218502,optimal,2.3619278429978294,37116,68513,227987
rescuenet,BtNorthAmerica-r1,BtNorthAmerica,trajectory,TRAN,9,26.497841975948702,0.6624460493987175,optimal,2.8000509120029164,37116,68513,227987
rescuenet,BtNorthAmerica-r1,BtNorthAmerica,trajectory,TRAN,10,27.243523760643757,0.6810880940160939,optimal,2.217057834001025,37116,68513,227987
rescuenet,BtNorthAmerica-r1,BtNorthAmerica,trajectory,TRAN,11,26.563980997154307,0.6640995249288577,optimal,2.1488908730025287,37116,68513,227987
rescuenet,BtNorthAmerica-r1,BtNorthAmerica,trajectory,TRAN,12,27.26148882198142,0.6815372205495355,optimal,2.340917118002835,37116,68513,227987
rescuenet,BtNorthAmerica-r1,BtNorthAmerica,trajectory,TRAN,13,26.319257488763146,0.6579814372190786,optimal,2.4882820100028766,37116,68513,227987
rescuenet,BtNorthAmerica-r1,BtNorthAmerica,trajectory,TRAN,14,26.140425082143825,0.6535106270535956,optimal,2.254864608999924,37116,68513,227987
rescuenet,BtNorthAmerica-r1,BtNorthAmerica,trajectory,TRAN,15,26.998676063133804,0.674966901578345,optimal,2.038490915998409,37116,68513,227987
rescuenet,BtNorthAmerica-r1,BtNorthAmerica,trajectory,TRAN,16,26.581572648671763,0.6645393162167941,optimal,2.8669566759999725,37116,68513,227987
rescuenet,BtNorthAmerica-r1,BtNorthAmerica,trajectory,TRAN,17,26.669718592897578,0.6667429648224394,optimal,2.2845134360031807,37116,68513,227987
rescuenet,BtNorthAmerica-r1,BtNorthAmerica,trajectory,TRAN,18,26.89374806492018,0.6723437016230045,optimal,2.2360619609971764,37116,68513,227987
rescuenet,BtNorthAmerica-r1,BtNorthAmerica,trajectory,TRAN,19,26.30049453817391,0.6575123634543478,optimal,2.321502226004668,37116,68513,227987
rescuenet,BtNorthAmerica-r1,BtNorthAmerica,trajectory,TRAN,20,27.2546415240833,0.6813660381020825,optimal,2.6173241950018564,37116,68513,227987
rescuenet,BtNorthAmerica-r1,BtNorthAmerica,trajectory,TRAN,21,26.594809225161992,0.6648702306290498,optimal,2.7847858629975235,37116,68513,227987
rescuenet,BtNorthAmerica-r1,BtNorthAmerica,trajectory,TRAN,22,27.487918581869206,0.6871979645467301,optimal,2.7818629350003903,37116,68513,227987
rescuenet,BtNorthAmerica-r1,BtNorthAmerica,trajectory,TRAN,23,27.201037272735498,0.6800259318183874,optimal,2.917490355001064,37116,68513,227987
rescuenet,BtNorthAmerica-r1,BtNorthAmerica,trajectory,TRAN,24,26.519273306145177,0.6629818326536294,optimal,2.3379932229945553,37116,68513,227987
rescuenet,BtNorthAmerica-r1,BtNorthAmerica,trajectory,TRAN,25,27.502128925905218,0.6875532231476305,optimal,2.3641948649965343,37116,68513,227987
rescuenet,BtNorthAmerica-r1,BtNorthAmerica,trajectory,TRAN,26,27.972055647668245,0.6993013911917061,optimal,2.65669061600056,37116,68513,227987
rescuenet,BtNorthAmerica-r1,BtNorthAmerica,trajectory,TRAN,27,26.69400669748743,0.6673501674371858,optimal,2.6694722560059745,37116,68513,227987
rescuenet,BtNorthAmerica-r1,BtNorthAmerica,trajectory,TRAN,28,27.10571897068632,0.6776429742671579,optimal,2.4917581330009853,37116,68513,227987
rescuenet,BtNorthAmerica-r1,BtNorthAmerica,trajectory,TRAN,29,26.355504899844092,0.6588876224961023,optimal,2.6437007900021854,37116,68513,227987
rescuenet,BtNorthAmerica-r2,BtNorthAmerica,ground_only,,0,17.0,0.425,optimal,0.3659692159999395,10062,22475,56649
rescuenet,BtNorthAmerica-r2,BtNorthAmerica,ground_only,,1,17.0,0.425,optimal,0.35486719199980143,10062,22475,56649
rescuenet,BtNorthAmerica-r2,BtNorthAmerica,ground_only,,2,17.0,0.425,optimal,0.36546073999488726,10062,22475,56649
rescuenet,BtNorthAmerica-r2,BtNorthAmerica,ground_only,,3,17.0,0.425,optimal,0.3918365120043745,10062,22475,56649
rescuenet,BtNorthAmerica-r2,BtNorthAmerica,ground_only,,4,17.0,0.425,optimal,0.3771275050021359,10062,22475,56649
rescuenet,BtNorthAmerica-r2,BtNorthAmerica,ground_only,,5,17.0,0.425,optimal,0.3671066820024862,10062,22475,56649
rescuenet,BtNorthAmerica-r2,BtNorthAmerica,ground_only,,6,17.0,0.425,optimal,0.34394599799998105,10062,22475,56649
rescuenet,BtNorthAmerica-r2,BtNorthAmerica,ground_only,,7,17.0,0.425,optimal,0.36620459699770436,10062,22475,56649
rescuenet,BtNorthAmerica-r2,BtNorthAmerica,ground_only,,8,17.0,0.425,optimal,0.3654106500034686,10062,22475,56649
rescuenet,BtNorthAmerica-r2,BtNorthAmerica,ground_only,,9,17.0,0.425,optimal,0.3474320500026806,10062,22475,56649
rescuenet,BtNorthAmerica-r2,BtNorthAmerica,ground_only,,10,17.0,0.425,optimal,0.37944421500287717,10062,22475,56649
rescuenet,BtNorthAmerica-r2,BtNorthAmerica,ground_only,,11,17.0,0.425,optimal,0.3647348929953296,10062,22475,56649
rescuenet,BtNorthAmerica-r2,BtNorthAmerica,ground_only,,12,17.0,0.425,optimal,0.3902514630026417,10062,22475,56649
rescuenet,BtNorthAmerica-r2,BtNorthAmerica,ground_only,,13,17.0,0.425,optimal,0.4334061900008237,10062,22475,56649
rescuenet,BtNorthAmerica-r2,BtNorthAmerica,ground_only,,14,17.0,0.425,optimal,0.35680945299827727,10062,22475,56649
rescuenet,BtNorthAmerica-r2,BtNorthAmerica,ground_only,,15,17.0,0.425,optimal,0.3895757569989655,10062,22475,56649
rescuenet,BtNorthAmerica-r2,BtNorthAmerica,ground_only,,16,17.0,0.425,optimal,0.417743263002194,10062,22475,56649
rescuenet,BtNorthAmerica-r2,BtNorthAmerica,ground_only,,17,17.0,0.425,optimal,0.3666763430010178,10062,22475,56649
rescuenet,BtNorthAmerica-r2,BtNorthAmerica,ground_only,,18,17.0,0.425,optimal,0.44168539100064663,10062,22475,56649
rescuenet,BtNorthAmerica-r2,BtNorthAmerica,ground_only,,19,17.0,0.425,optimal,0.37442060399916954,10062,22475,56649
rescuenet,BtNorthAmerica-r2,BtNorthAmerica,ground_only,,20,17.0,0.425,optimal,0.4548374690057244,10062,22475,56649
rescuenet,BtNorthAmerica-r2,BtNorthAmerica,ground_only,,21,17.0,0.425,optimal,0.36324593600147637,10062,22475,56649
rescuenet,BtNorthAmerica-r2,BtNorthAmerica,ground_only,,22,17.0,0.425,optimal,0.47405311899638036,10062,22475,56649
rescuenet,BtNorthAmerica-r2,BtNorthAmerica,ground_only,,23,17.0,0.425,optimal,0.3620127109970781,10062,22475,56649
rescuenet,BtNorthAmerica-r2,BtNorthAmerica,ground_only,,24,17.0,0.425,optimal,0.36882652200438315,10062,22475,56649
rescuenet,BtNorthAmerica-r2,BtNorthAmerica,ground_only,,25,17.0,0.425,optimal,0.45427495100011583,10062,22475,56649
rescuenet,BtNorthAmerica-r2,BtNorthAmerica,ground_only,,26,17.0,0.425,optimal,0.4021861790024559,10062,22475,56649
rescuenet,BtNorthAmerica-r2,BtNorthAmerica,ground_only,,27,17.0,0.425,optimal,0.4401036409981316,10062,22475,56649
rescuenet,BtNorthAmerica-r2,BtNorthAmerica,ground_only,,28,17.0,0.425,optimal,0.49407007300033,10062,22475,56649
rescuenet,BtNorthAmerica-r2,BtNorthAmerica,ground_only,,29,17.0,0.425,optimal,0.38687160299741663,10062,22475,56649
rescuenet,BtNorthAmerica-r2,BtNorthAmerica,trajectory,B1,0,22.66596968194216,0.5666492420485539,optimal,3.137967953000043,40292,75128,240063
rescuenet,BtNorthAmerica-r2,BtNorthAmerica,trajectory,B1,1,23.330888172145446,0.5832722043036361,optimal,3.2468361770006595,40292,75128,240063
rescuenet,BtNorthAmerica-r2,BtNorthAmerica,trajectory,B1,2,23.38079116307261,0.5845197790768153,optimal,3.200986338000803,40292,75128,240063
rescuenet,BtNorthAmerica-r2,BtNorthAmerica,trajectory,B1,3,21.092710422321513,0.5273177605580378,optimal,3.2034520260058343,40292,75128,240063
rescuenet,BtNorthAmerica-r2,BtNorthAmerica,trajectory,B1,4,23.249357157806614,0.5812339289451653,optimal,2.7353257720023976,40292,75128,240063
rescuenet,BtNorthAmerica-r2,BtNorthAmerica,trajectory,B1,5,23.24407752499236,0.581101938124809,optimal,3.428417062998051,40292,75128,240063
rescuenet,BtNorthAmerica-r2,BtNorthAmerica,trajectory,B1,6,22.20161028581408,0.555040257145352,optimal,2.9405768460055697,40292,75128,240063
rescuenet,BtNorthAmerica-r2,BtNorthAmerica,trajectory,B1,7,23.070251055884725,0.5767562763971181,optimal,3.0912974320017383,40292,75128,240063
rescuenet,BtNorthAmerica-r2,BtNorthAmerica,trajectory,B1,8,23.38574811116052,0.584643702779013,optimal,3.044011245998263,40292,75128,240063
rescuenet,BtNorthAmerica-r2,BtNorthAmerica,trajectory,B1,9,22.358222850536695,0.5589555712634173,optimal,3.088005327997962,40292,75128,240063
rescuenet,BtNorthAmerica-r2,BtNorthAmerica,trajectory,B1,10,23.121409707334916,0.5780352426833729,optimal,3.0715198250036337,40292,75128,240063
rescuenet,BtNorthAmerica-r2,BtNorthAmerica,trajectory,B1,11,24.371450328539304,0.6092862582134826,optimal,3.0230075380022754,40292,75128,240063
rescuenet,BtNorthAmerica-r2,BtNorthAmerica,trajectory,B1,12,24.68632479738846,0.6171581199347115,optimal,3.3035059249959886,40292,75128,240063
rescuenet,BtNorthAmerica-r2,BtNorthAmerica,trajectory,B1,13,22.60189863061508,0.565047465765377,optimal,3.2140226740011713,40292,75128,240063
rescuenet,BtNorthAmerica-r2,BtNorthAmerica,trajectory,B1,14,22.78982688621925,0.5697456721554812,optimal,3.094479915998818,40292,75128,240063
rescuenet,BtNorthAmerica-r2,BtNorthAmerica,trajectory,B1,15,23.611306897994876,0.5902826724498719,optimal,3.028284939005971,40292,75128,240063
rescuenet,BtNorthAmerica-r2,BtNorthAmerica,trajectory,B1,16,23.944534835504264,0.5986133708876066,optimal,3.1467213649957557,40292,75128,240063
rescuenet,BtNorthAmerica-r2,BtNorthAmerica,trajectory,B1,17,23.363032646265573,0.5840758161566393,optimal,2.7901390309998533,40292,75128,240063
rescuenet,BtNorthAmerica-r2,BtNorthAmerica,trajectory,B1,18,24.816003281840388,0.6204000820460097,optimal,3.680265368995606,40292,75128,240063
rescuenet,BtNorthAmerica-r2,BtNorthAmerica,trajectory,B1,19,25.567444671422802,0.63918611678557,optimal,3.8331293640003423,40292,75128,240063
rescuenet,BtNorthAmerica-r2,BtNorthAmerica,trajectory,B1,20,24.047977875231563,0.6011994468807891,optimal,3.1678985039980034,40292,75128,240063
rescuenet,BtNorthAmerica-r2,BtNorthAmerica,trajectory,B1,21,23.038430669992874,0.5759607667498219,optimal,2.9022021510027116,40292,75128,240063
rescuenet,BtNorthAmerica-r2,BtNorthAmerica,trajectory,B1,22,23.587433038314824,0.5896858259578706,optimal,2.8629508779995376,40292,75128,240063
rescuenet,BtNorthAmerica-r2,BtNorthAmerica,trajectory,B1,23,24.81565449849868,0.6203913624624671,optimal,3.1420522829939728,40292,75128,240063
rescuenet,BtNorthAmerica-r2,BtNorthAmerica,trajectory,B1,24,24.776347461784464,0.6194086865446116,optimal,3.5745174399999087,40292,75128,240063
rescuenet,BtNorthAmerica-r2,BtNorthAmerica,trajectory,B1,25,24.38998031562443,0.6097495078906108,optimal,3.1915636809935677,40292,75128,240063
rescuenet,BtNorthAmerica-r2,BtNorthAmerica,trajectory,B1,26,24.055793939591307,0.6013948484897826,optimal,2.7969892519977293,40292,75128,240063
rescuenet,BtNorthAmerica-r2,BtNorthAmerica,trajectory,B1,27,23.20834279187107,0.5802085697967767,optimal,2.9482980699976906,40292,75128,240063
rescuenet,BtNorthAmerica-r2,BtNorthAmerica,trajectory,B1,28,21.61425130908561,0.5403562827271402,optimal,2.939049193999381,40292,75128,240063
rescuenet,BtNorthAmerica-r2,BtNorthAmerica,trajectory,B1,29,24.541166177120168,0.6135291544280042,optimal,2.9482788999957847,40292,75128,240063
rescuenet,BtNorthAmerica-r2,BtNorthAmerica,trajectory,B2,0,24.380445244301107,0.6095111311075276,optimal,2.9566106780039263,40292,75128,240063
rescuenet,BtNorthAmerica-r2,BtNorthAmerica,trajectory,B2,1,24.9218934686607,0.6230473367165175,optimal,2.7370487270018202,40292,75128,240063
rescuenet,BtNorthAmerica-r2,BtNorthAmerica,trajectory,B2,2,25.85474750882752,0.646368687720688,optimal,3.014273888999014,40292,75128,240063
rescuenet,BtNorthAmerica-r2,BtNorthAmerica,trajectory,B2,3,22.44553803377636,0.5611384508444089,optimal,3.2157948930034763,40292,75128,240063
rescuenet,BtNorthAmerica-r2,BtNorthAmerica,trajectory,B2,4,23.922139183582196,0.5980534795895549,optimal,3.336429502996907,40292,75128,240063
rescuenet,BtNorthAmerica-r2,BtNorthAmerica,trajectory,B2,5,24.58598872336954,0.6146497180842385,optimal,3.479638524004258,40292,75128,240063
rescuenet,BtNorthAmerica-r2,BtNorthAmerica,trajectory,B2,6,23.894921363569612,0.5973730340892403,optimal,3.0564606609987095,40292,75128,240063
rescuenet,BtNorthAmerica-r2,BtNorthAmerica,trajectory,B2,7,24.413900070307086,0.6103475017576772,optimal,3.0026915420021396,40292,75128,240063
rescuenet,BtNorthAmerica-r2,BtNorthAmerica,trajectory,B2,8,25.916654384560356,0.647916359614009,optimal,3.0950060300019686,40292,75128,240063
rescuenet,BtNorthAmerica-r2,BtNorthAmerica,trajectory,B2,9,23.916206798480285,0.5979051699620072,optimal,3.4697330679991865,40292,75128,240063
rescuenet,BtNorthAmerica-r2,BtNorthAmerica,trajectory,B2,10,25.2198362162658,0.630495905406645,optimal,3.1627052600015304,40292,75128,240063
rescuenet,BtNorthAmerica-r2,BtNorthAmerica,trajectory,B2,11,26.061583669852183,0.6515395917463046,optimal,3.521974079005304,40292,75128,240063
rescuenet,BtNorthAmerica-r2,BtNorthAmerica,trajectory,B2,12,25.500522327192783,0.6375130581798196,optimal,3.3743096600010176,40292,75128,240063
rescuenet,BtNorthAmerica-r2,BtNorthAmerica,trajectory,B2,13,24.044811497283348,0.6011202874320837,optimal,3.2172979840033804,40292,75128,240063
rescuenet,BtNorthAmerica-r2,BtNorthAmerica,trajectory,B2,14,24.19532162536215,0.6048830406340537,optimal,2.7868310990015743,40292,75128,240063
rescuenet,BtNorthAmerica-r2,BtNorthAmerica,trajectory,B2,15,25.138503730351562,0.6284625932587891,optimal,2.8705171429974143,40292,75128,240063
rescuenet,BtNorthAmerica-r2,BtNorthAmerica,trajectory,B2,16,25.685518974018862,0.6421379743504716,optimal,2.9564507649993175,40292,75128,240063
rescuenet,BtNorthAmerica-r2,BtNorthAmerica,trajectory,B2,17,24.883101445013608,0.6220775361253402,optimal,3.808842674996413,40292,75128,240063
rescuenet,BtNorthAmerica-r2,BtNorthAmerica,trajectory,B2,18,26.634868116165855,0.6658717029041463,optimal,3.6926812559977407,40292,75128,240063
rescuenet,BtNorthAmerica-r2,BtNorthAmerica,trajectory,B2,19,26.892227566851908,0.6723056891712977,optimal,3.1199013629957335,40292,75128,240063
rescuenet,BtNorthAmerica-r2,BtNorthAmerica,trajectory,B2,20,25.546948650831972,0.6386737162707993,optimal,3.095794475004368,40292,75128,240063
rescuenet,BtNorthAmerica-r2,BtNorthAmerica,trajectory,B2,21,24.501005168886536,0.6125251292221634,optimal,3.5682827880009427,40292,75128,240063
rescuenet,BtNorthAmerica-r2,BtNorthAmerica,trajectory,B2,22,24.97315827209984,0.624328956802496,optimal,3.497689215997525,40292,75128,240063
rescuenet,BtNorthAmerica-r2,BtNorthAmerica,trajectory,B2,23,25.927989209621558,0.6481997302405389,optimal,3.021375995995186,40292,75128,240063
rescuenet,BtNorthAmerica-r2,BtNorthAmerica,trajectory,B2,24,26.366238302771336,0.6591559575692834,optimal,3.4715150839983835,40292,75128,240063
rescuenet,BtNorthAmerica-r2,BtNorthAmerica,trajectory,B2,25,25.99580198413034,0.6498950496032585,optimal,3.505024277001212,40292,75128,240063
rescuenet,BtNorthAmerica-r2,BtNorthAmerica,trajectory,B2,26,25.479053955958317,0.6369763488989579,optimal,3.518636095999682,40292,75128,240063
rescuenet,BtNorthAmerica-r2,BtNorthAmerica,trajectory,B2,27,24.972195194856578,0.6243048798714145,optimal,3.978760517005867,40292,75128,240063
rescuenet,BtNorthAmerica-r2,BtNorthAmerica,trajectory,B2,28,23.020727507679336,0.5755181876919834,optimal,2.9082082960012485,40292,75128,240063
rescuenet,BtNorthAmerica-r2,BtNorthAmerica,trajectory,B2,29,26.18030926087152,0.654507731521788,optimal,3.1540327929978957,40292,75128,240063
rescuenet,BtNorthAmerica-r2,BtNorthAmerica,trajectory,P,0,23.81556161468301,0.5953890403670752,optimal,3.714674770999409,40292,75128,240063
rescuenet,BtNorthAmerica-r2,BtNorthAmerica,trajectory,P,1,25.019349226457972,0.6254837306614494,optimal,2.9242089170002146,40292,75128,240063
rescuenet,BtNorthAmerica-r2,BtNorthAmerica,trajectory,P,2,25.738619986627405,0.6434654996656851,optimal,3.3262986860063393,40292,75128,240063
rescuenet,BtNorthAmerica-r2,BtNorthAmerica,trajectory,P,3,23.4031448007525,0.5850786200188125,optimal,3.4630850840039784,40292,75128,240063
rescuenet,BtNorthAmerica-r2,BtNorthAmerica,trajectory,P,4,23.832760500684458,0.5958190125171114,optimal,3.382359338000242,40292,75128,240063
rescuenet,BtNorthAmerica-r2,BtNorthAmerica,trajectory,P,5,24.583361753064125,0.6145840438266031,optimal,3.182226853998145,40292,75128,240063
rescuenet,BtNorthAmerica-r2,BtNorthAmerica,trajectory,P,6,23.910605321982683,0.597765133049567,optimal,3.5980271520020324,40292,75128,240063
rescuenet,BtNorthAmerica-r2,BtNorthAmerica,trajectory,P,7,24.208847845837017,0.6052211961459254,optimal,3.915365494998696,40292,75128,240063
rescuenet,BtNorthAmerica-r2,BtNorthAmerica,trajectory,P,8,26.154082876547417,0.6538520719136854,optimal,3.5023192200023914,40292,75128,240063
rescuenet,BtNorthAmerica-r2,BtNorthAmerica,trajectory,P,9,24.032428655159066,0.6008107163789767,optimal,3.721962445000827,40292,75128,240063
rescuenet,BtNorthAmerica-r2,BtNorthAmerica,trajectory,P,10,25.209280768572192,0.6302320192143048,optimal,3.7070636190037476,40292,75128,240063
rescuenet,BtNorthAmerica-r2,BtNorthAmerica,trajectory,P,11,25.84461441667618,0.6461153604169045,optimal,3.5277061209999374,40292,75128,240063
rescuenet,BtNorthAmerica-r2,BtNorthAmerica,trajectory,P,12,25.534496737222575,0.6383624184305644,optimal,3.6031392789955135,40292,75128,240063
rescuenet,BtNorthAmerica-r2,BtNorthAmerica,trajectory,P,13,24.003194981408985,0.6000798745352246,optimal,3.1581094220018713,40292,75128,240063
rescuenet,BtNorthAmerica-r2,BtNorthAmerica,trajectory,P,14,23.711063398043486,0.5927765849510871,optimal,3.6706028760017944,40292,75128,240063
rescuenet,BtNorthAmerica-r2,BtNorthAmerica,trajectory,P,15,24.653203243125766,0.6163300810781441,optimal,3.41130790799798,40292,75128,240063
rescuenet,BtNorthAmerica-r2,BtNorthAmerica,trajectory,P,16,25.3687661472871,0.6342191536821775,optimal,3.080054181999003,40292,75128,240063
rescuenet,BtNorthAmerica-r2,BtNorthAmerica,trajectory,P,17,24.839726238950053,0.6209931559737514,optimal,3.0040875440026866,40292,75128,240063
rescuenet,BtNorthAmerica-r2,BtNorthAmerica,trajectory,P,18,26.469373828194822,0.6617343457048706,optimal,3.214494111998647,40292,75128,240063
rescuenet,BtNorthAmerica-r2,BtNorthAmerica,trajectory,P,19,26.38968155037406,0.6597420387593516,optimal,3.345080218001385,40292,75128,240063
rescuenet,BtNorthAmerica-r2,BtNorthAmerica,trajectory,P,20,25.151318525881802,0.6287829631470451,optimal,3.801070005996735,40292,75128,240063
rescuenet,BtNorthAmerica-r2,BtNorthAmerica,trajectory,P,21,24.402379727271075,0.6100594931817769,optimal,3.4957125300061307,40292,75128,240063
rescuenet,BtNorthAmerica-r2,BtNorthAmerica,trajectory,P,22,25.052976031704546,0.6263244007926136,optimal,3.9837722790034604,40292,75128,240063
rescuenet,BtNorthAmerica-r2,BtNorthAmerica,trajectory,P,23,25.79066307883354,0.6447665769708385,optimal,3.709794484995655,40292,75128,240063
rescuenet,BtNorthAmerica-r2,BtNorthAmerica,trajectory,P,24,26.025287515773833,0.6506321878943458,optimal,3.6619889110006625,40292,75128,240063
rescuenet,BtNorthAmerica-r2,BtNorthAmerica,trajectory,P,25,25.805564444105567,0.6451391111026392,optimal,3.7910489860005328,40292,75128,240063
rescuenet,BtNorthAmerica-r2,BtNorthAmerica,trajectory,P,26,25.507556145812732,0.6376889036453183,optimal,3.356938548000471,40292,75128,240063
rescuenet,BtNorthAmerica-r2,BtNorthAmerica,trajectory,P,27,24.966389166217414,0.6241597291554354,optimal,3.395910023995384,40292,75128,240063
rescuenet,BtNorthAmerica-r2,BtNorthAmerica,trajectory,P,28,23.237109761772533,0.5809277440443134,optimal,3.5262550360057503,40292,75128,240063
rescuenet,BtNorthAmerica-r2,BtNorthAmerica,trajectory,P,29,25.88755200859213,0.6471888002148033,optimal,4.1251837170057115,40292,75128,240063
rescuenet,BtNorthAmerica-r2,BtNorthAmerica,trajectory,TRAN,0,25.97564768123654,0.6493911920309136,optimal,2.6631380879989592,40292,75128,240063
rescuenet,BtNorthAmerica-r2,BtNorthAmerica,trajectory,TRAN,1,26.379888612091637,0.6594972153022909,optimal,2.907354718001443,40292,75128,240063
rescuenet,BtNorthAmerica-r2,BtNorthAmerica,trajectory,TRAN,2,24.72255365803114,0.6180638414507784,optimal,2.7803111119937967,40292,75128,240063
rescuenet,BtNorthAmerica-r2,BtNorthAmerica,trajectory,TRAN,3,24.992031008298515,0.6248007752074629,optimal,2.6742647730061435,40292,75128,240063
rescuenet,BtNorthAmerica-r2,BtNorthAmerica,trajectory,TRAN,4,25.432665125944148,0.6358166281486037,optimal,2.8605984930036357,40292,75128,240063
rescuenet,BtNorthAmerica-r2,BtNorthAmerica,trajectory,TRAN,5,26.748623377729164,0.6687155844432291,optimal,2.979935907998879,40292,75128,240063
rescuenet,BtNorthAmerica-r2,BtNorthAmerica,trajectory,TRAN,6,25.30890860160721,0.6327227150401803,optimal,2.520205298998917,40292,75128,240063
rescuenet,BtNorthAmerica-r2,BtNorthAmerica,trajectory,TRAN,7,24.88994906166196,0.622248726541549,optimal,2.5194956630002707,40292,75128,240063
rescuenet,BtNorthAmerica-r2,BtNorthAmerica,trajectory,TRAN,8,26.479928632040277,0.6619982158010069,optimal,2.6338345839976682,40292,75128,240063
rescuenet,BtNorthAmerica-r2,BtNorthAmerica,trajectory,TRAN,9,26.36092685039411,0.6590231712598528,optimal,2.928254509999533,40292,75128,240063
rescuenet,BtNorthAmerica-r2,BtNorthAmerica,trajectory,TRAN,10,24.087233960849577,0.6021808490212395,optimal,3.011657605995424,40292,75128,240063
rescuenet,BtNorthAmerica-r2,BtNorthAmerica,trajectory,TRAN,11,25.906575348304187,0.6476643837076047,optimal,2.764616385997215,40292,75128,240063
rescuenet,BtNorthAmerica-r2,BtNorthAmerica,trajectory,TRAN,12,26.544119610689314,0.6636029902672329,optimal,2.694248236999556,40292,75128,240063
rescuenet,BtNorthAmerica-r2,BtNorthAmerica,trajectory,TRAN,13,24.108887601214914,0.6027221900303729,optimal,2.468681985999865,40292,75128,240063
rescuenet,BtNorthAmerica-r2,BtNorthAmerica,trajectory,TRAN,14,25.290432601720703,0.6322608150430176,optimal,2.44670894400042,40292,75128,240063
rescuenet,BtNorthAmerica-r2,BtNorthAmerica,trajectory,TRAN,15,25.740015177604498,0.6435003794401124,optimal,2.5509709590041894,40292,75128,240063
rescuenet,BtNorthAmerica-r2,BtNorthAmerica,trajectory,TRAN,16,26.39152962961653,0.6597882407404133,optimal,2.6096348150022095,40292,75128,240063
rescuenet,BtNorthAmerica-r2,BtNorthAmerica,trajectory,TRAN,17,25.682059187574286,0.6420514796893572,optimal,2.5825285440005246,40292,75128,240063
rescuenet,BtNorthAmerica-r2,BtNorthAmerica,trajectory,TRAN,18,26.635479215168477,0.6658869803792119,optimal,2.828273115999764,40292,75128,240063
rescuenet,BtNorthAmerica-r2,BtNorthAmerica,trajectory,TRAN,19,26.69607452606275,0.6674018631515687,optimal,2.278769017000741,40292,75128,240063
rescuenet,BtNorthAmerica-r2,BtNorthAmerica,trajectory,TRAN,20,25.253056986504937,0.6313264246626235,optimal,2.4197114919952583,40292,75128,240063
rescuenet,BtNorthAmerica-r2,BtNorthAmerica,trajectory,TRAN,21,25.567924228744623,0.6391981057186156,optimal,2.3556712240024353,40292,75128,240063
rescuenet,BtNorthAmerica-r2,BtNorthAmerica,trajectory,TRAN,22,24.881912078747057,0.6220478019686764,optimal,2.6380552439950407,40292,75128,240063
rescuenet,BtNorthAmerica-r2,BtNorthAmerica,trajectory,TRAN,23,25.863293209035394,0.6465823302258848,optimal,2.5677353700011736,40292,75128,240063
rescuenet,BtNorthAmerica-r2,BtNorthAmerica,trajectory,TRAN,24,27.311376501373996,0.6827844125343498,optimal,2.700482997999643,40292,75128,240063
rescuenet,BtNorthAmerica-r2,BtNorthAmerica,trajectory,TRAN,25,26.29901915184154,0.6574754787960385,optimal,2.7149894679969293,40292,75128,240063
rescuenet,BtNorthAmerica-r2,BtNorthAmerica,trajectory,TRAN,26,25.678136138365392,0.6419534034591348,optimal,2.522535907002748,40292,75128,240063
rescuenet,BtNorthAmerica-r2,BtNorthAmerica,trajectory,TRAN,27,26.350902992526596,0.6587725748131649,optimal,2.7108282429981045,40292,75128,240063
rescuenet,BtNorthAmerica-r2,BtNorthAmerica,trajectory,TRAN,28,25.009940803411432,0.6252485200852858,optimal,2.530779551998421,40292,75128,240063
rescuenet,BtNorthAmerica-r2,BtNorthAmerica,trajectory,TRAN,29,26.63435377370828,0.665858844342707,optimal,2.9321102100002463,40292,75128,240063
rescuenet,Cesnet200603-r0,Cesnet200603,ground_only,,0,13.05848284949064,0.326462071237266,optimal,0.31494144099997357,5990,14815,36633
rescuenet,Cesnet200603-r0,Cesnet200603,ground_only,,1,13.05848284949064,0.326462071237266,optimal,0.3395050170001923,5990,14815,36633
rescuenet,Cesnet200603-r0,Cesnet200603,ground_only,,2,13.05848284949064,0.326462071237266,optimal,0.3649546040032874,5990,14815,36633
rescuenet,Cesnet200603-r0,Cesnet200603,ground_only,,3,13.05848284949064,0.326462071237266,optimal,0.3774320099983015,5990,14815,36633
rescuenet,Cesnet200603-r0,Cesnet200603,ground_only,,4,13.05848284949064,0.326462071237266,optimal,0.38726367100025527,5990,14815,36633
rescuenet,Cesnet200603-r0,Cesnet200603,ground_only,,5,13.05848284949064,0.326462071237266,optimal,0.404625652001414,5990,14815,36633
rescuenet,Cesnet200603-r0,Cesnet200603,ground_only,,6,13.05848284949064,0.326462071237266,optimal,0.3740631399996346,5990,14815,36633
rescuenet,Cesnet200603-r0,Cesnet200603,ground_only,,7,13.05848284949064,0.326462071237266,optimal,0.36908679800399113,5990,14815,36633
rescuenet,Cesnet200603-r0,Cesnet200603,ground_only,,8,13.05848284949064,0.326462071237266,optimal,0.37235481000243453,5990,14815,36633
rescuenet,Cesnet200603-r0,Cesnet200603,ground_only,,9,13.05848284949064,0.326462071237266,optimal,0.35654072999750497,5990,14815,36633
rescuenet,Cesnet200603-r0,Cesnet200603,ground_only,,10,13.05848284949064,0.326462071237266,optimal,0.3071042009978555,5990,14815,36633
rescuenet,Cesnet200603-r0,Cesnet200603,ground_only,,11,13.05848284949064,0.326462071237266,optimal,0.30185284199978923,5990,14815,36633
rescuenet,Cesnet200603-r0,Cesnet200603,ground_only,,12,13.05848284949064,0.326462071237266,optimal,0.37820106700382894,5990,14815,36633
rescuenet,Cesnet200603-r0,Cesnet200603,ground_only,,13,13.05848284949064,0.326462071237266,optimal,0.3916027729937923,5990,14815,36633
rescuenet,Cesnet200603-r0,Cesnet200603,ground_only,,14,13.05848284949064,0.326462071237266,optimal,0.37028777000523405,5990,14815,36633
rescuenet,Cesnet200603-r0,Cesnet200603,ground_only,,15,13.05848284949064,0.326462071237266,optimal,0.3563808719991357,5990,14815,36633
rescuenet,Cesnet200603-r0,Cesnet200603,ground_only,,16,13.05848284949064,0.326462071237266,optimal,0.3699742980024894,5990,14815,36633
rescuenet,Cesnet200603-r0,Cesnet200603,ground_only,,17,13.05848284949064,0.326462071237266,optimal,0.4034298749975278,5990,14815,36633
rescuenet,Cesnet200603-r0,Cesnet200603,ground_only,,18,13.05848284949064,0.326462071237266,optimal,0.4614107830057037,5990,14815,36633
rescuenet,Cesnet200603-r0,Cesnet200603,ground_only,,19,13.05848284949064,0.326462071237266,optimal,0.3395376370026497,5990,14815,36633
rescuenet,Cesnet200603-r0,Cesnet200603,ground_only,,20,13.05848284949064,0.326462071237266,optimal,0.3025195709997206,5990,14815,36633
rescuenet,Cesnet200603-r0,Cesnet200603,ground_only,,21,13.05848284949064,0.326462071237266,optimal,0.30052486000204226,5990,14815,36633
rescuenet,Cesnet200603-r0,Cesnet200603,ground_only,,22,13.05848284949064,0.326462071237266,optimal,0.2947981580000487,5990,14815,36633
rescuenet,Cesnet200603-r0,Cesnet200603,ground_only,,23,13.05848284949064,0.326462071237266,optimal,0.2996036929980619,5990,14815,36633
rescuenet,Cesnet200603-r0,Cesnet200603,ground_only,,24,13.05848284949064,0.326462071237266,optimal,0.3071666089963401,5990,14815,36633
rescuenet,Cesnet200603-r0,Cesnet200603,ground_only,,25,13.05848284949064,0.326462071237266,optimal,0.30033481400460005,5990,14815,36633
rescuenet,Cesnet200603-r0,Cesnet200603,ground_only,,26,13.05848284949064,0.326462071237266,optimal,0.3999981820015819,5990,14815,36633
rescuenet,Cesnet200603-r0,Cesnet200603,ground_only,,27,13.05848284949064,0.326462071237266,optimal,0.3525080170002184,5990,14815,36633
rescuenet,Cesnet200603-r0,Cesnet200603,ground_only,,28,13.05848284949064,0.326462071237266,optimal,0.3745221440040041,5990,14815,36633
rescuenet,Cesnet200603-r0,Cesnet200603,ground_only,,29,13.05848284949064,0.326462071237266,optimal,0.40083942499768455,5990,14815,36633
rescuenet,Cesnet200603-r0,Cesnet200603,trajectory,B1,0,23.90832263694877,0.5977080659237193,optimal,3.5309456730028614,34489,64773,225361
rescuenet,Cesnet200603-r0,Cesnet200603,trajectory,B1,1,22.56443654669227,0.5641109136673068,optimal,3.0555694949944154,34489,64773,225361
rescuenet,Cesnet200603-r0,Cesnet200603,trajectory,B1,2,22.412640460060157,0.5603160115015039,optimal,3.0299184469986358,34489,64773,225361
rescuenet,Cesnet200603-r0,Cesnet200603,trajectory,B1,3,24.26492696671447,0.6066231741678617,optimal,3.37104336500488,34489,64773,225361
rescuenet,Cesnet200603-r0,Cesnet200603,trajectory,B1,4,23.886058192933955,0.5971514548233489,optimal,4.03765191900311,34489,64773,225361
rescuenet,Cesnet200603-r0,Cesnet200603,trajectory,B1,5,23.121119061442137,0.5780279765360534,optimal,3.594115210995369,34489,64773,225361
rescuenet,Cesnet200603-r0,Cesnet200603,trajectory,B1,6,23.26790409528056,0.581697602382014,optimal,3.210797731000639,34489,64773,225361
rescuenet,Cesnet200603-r0,Cesnet200603,trajectory,B1,7,22.989791103802652,0.5747447775950663,optimal,2.694641934998799,34489,64773,225361
rescuenet,Cesnet200603-r0,Cesnet200603,trajectory,B1,8,22.172117085785843,0.554302927144646,optimal,3.2062981150011183,34489,64773,225361
rescuenet,Cesnet200603-r0,Cesnet200603,trajectory,B1,9,21.98897600163742,0.5497244000409355,optimal,3.315190087996598,34489,64773,225361
rescuenet,Cesnet200603-r0,Cesnet200603,trajectory,B1,10,23.087993590024634,0.5771998397506158,optimal,3.8850301839993335,34489,64773,225361
rescuenet,Cesnet200603-r0,Cesnet200603,trajectory,B1,11,23.066069886478864,0.5766517471619717,optimal,3.6040580440021586,34489,64773,225361
rescuenet,Cesnet200603-r0,Cesnet200603,trajectory,B1,12,22.868391764740565,0.5717097941185141,optimal,4.747780904996034,34489,64773,225361
rescuenet,Cesnet200603-r0,Cesnet200603,trajectory,B1,13,22.8759804975907,0.5718995124397674,optimal,3.3743307729964727,34489,64773,225361
rescuenet,Cesnet200603-r0,Cesnet200603,trajectory,B1,14,22.98627668905687,0.5746569172264218,optimal,3.0671989190013846,34489,64773,225361
rescuenet,Cesnet200603-r0,Cesnet200603,trajectory,B1,15,23.246666029906255,0.5811666507476564,optimal,3.1050195670031826,34489,64773,225361
rescuenet,Cesnet200603-r0,Cesnet200603,trajectory,B1,16,21.48615776867269,0.5371539442168173,optimal,3.2040901700020186,34489,64773,225361
rescuenet,Cesnet200603-r0,Cesnet200603,trajectory,B1,17,23.370862440715438,0.5842715610178859,optimal,4.256955985998502,34489,64773,225361
rescuenet,Cesnet200603-r0,Cesnet200603,trajectory,B1,18,22.789533829054008,0.5697383457263502,optimal,3.714579696999863,34489,64773,225361
rescuenet,Cesnet200603-r0,Cesnet200603,trajectory,B1,19,23.120811405039372,0.5780202851259844,optimal,3.599194729998999,34489,64773,225361
rescuenet,Cesnet200603-r0,Cesnet200603,trajectory,B1,20,23.33040701955581,0.5832601754888953,optimal,3.218478677001258,34489,64773,225361
rescuenet,Cesnet200603-r0,Cesnet200603,trajectory,B1,21,22.647641486650663,0.5661910371662666,optimal,3.358581464999588,34489,64773,225361
rescuenet,Cesnet200603-r0,Cesnet200603,trajectory,B1,22,21.36771066893712,0.5341927667234281,optimal,3.883697644996573,34489,64773,225361
rescuenet,Cesnet200603-r0,Cesnet200603,trajectory,B1,23,22.153110198857444,0.5538277549714361,optimal,3.4963145990041085,34489,64773,225361
rescuenet,Cesnet200603-r0,Cesnet200603,trajectory,B1,24,22.92667613530134,0.5731669033825335,optimal,3.1046081769964076,34489,64773,225361
rescuenet,Cesnet200603-r0,Cesnet200603,trajectory,B1,25,23.492711482875634,0.5873177870718909,optimal,4.470505504999892,34489,64773,225361
rescuenet,Cesnet200603-r0,Cesnet200603,trajectory,B1,26,23.456126159805827,0.5864031539951456,optimal,3.4525381390049006,34489,64773,225361
rescuenet,Cesnet200603-r0,Cesnet200603,trajectory,B1,27,23.342807852136414,0.5835701963034103,optimal,3.6293051399989054,34489,64773,225361
rescuenet,Cesnet200603-r0,Cesnet200603,trajectory,B1,28,22.824506343651976,0.5706126585912994,optimal,2.878600306001317,34489,64773,225361
rescuenet,Cesnet200603-r0,Cesnet200603,trajectory,B1,29,22.70183889520965,0.5675459723802413,optimal,3.0979238789950614,34489,64773,225361
rescuenet,Cesnet200603-r0,Cesnet200603,trajectory,B2,0,30.116813648034906,0.7529203412008727,optimal,4.11150073200406,34489,64773,225361
rescuenet,Cesnet200603-r0,Cesnet200603,trajectory,B2,1,29.04233248474093,0.7260583121185232,optimal,4.212305386994558,34489,64773,225361
rescuenet,Cesnet200603-r0,Cesnet200603,trajectory,B2,2,28.30448672878926,0.7076121682197315,optimal,4.370271683001192,34489,64773,225361
rescuenet,Cesnet200603-r0,Cesnet200603,trajectory,B2,3,30.06763974902248,0.751690993725562,optimal,5.988218994003546,34489,64773,225361
rescuenet,Cesnet200603-r0,Cesnet200603,trajectory,B2,4,27.348021907953548,0.6837005476988387,optimal,4.440422211002442,34489,64773,225361
rescuenet,Cesnet200603-r0,Cesnet200603,trajectory,B2,5,29.291403780021216,0.7322850945005304,optimal,5.602421970004798,34489,64773,225361
rescuenet,Cesnet200603-r0,Cesnet200603,trajectory,B2,6,27.564020592620178,0.6891005148155045,optimal,4.452372127998387,34489,64773,225361
rescuenet,Cesnet200603-r0,Cesnet200603,trajectory,B2,7,29.374106906579666,0.7343526726644917,optimal,3.6629646779983887,34489,64773,225361
rescuenet,Cesnet200603-r0,Cesnet200603,trajectory,B2,8,27.70252947694739,0.6925632369236847,optimal,4.369819813000504,34489,64773,225361
rescuenet,Cesnet200603-r0,Cesnet200603,trajectory,B2,9,26.757698537557058,0.6689424634389265,optimal,3.497501874997397,34489,64773,225361
rescuenet,Cesnet200603-r0,Cesnet200603,trajectory,B2,10,28.833249585305996,0.72083123963265,optimal,5.9477917030017124,34489,64773,225361
rescuenet,Cesnet200603-r0,Cesnet200603,trajectory,B2,11,27.281823780182318,0.6820455945045579,optimal,5.467231610004092,34489,64773,225361
rescuenet,Cesnet200603-r0,Cesnet200603,trajectory,B2,12,29.245219488557176,0.7311304872139294,optimal,4.160833048001223,34489,64773,225361
rescuenet,Cesnet200603-r0,Cesnet200603,trajectory,B2,13,27.916607651109032,0.6979151912777258,optimal,3.877822216003551,34489,64773,225361
rescuenet,Cesnet200603-r0,Cesnet200603,trajectory,B2,14,26.69510137439409,0.6673775343598523,optimal,3.7842880440002773,34489,64773,225361
rescuenet,Cesnet200603-r0,Cesnet200603,trajectory,B2,15,28.241687300021177,0.7060421825005294,optimal,4.489830222999444,34489,64773,225361
rescuenet,Cesnet200603-r0,Cesnet200603,trajectory,B2,16,28.217772889085325,0.7054443222271332,optimal,4.750061304002884,34489,64773,225361
rescuenet,Cesnet200603-r0,Cesnet200603,trajectory,B2,17,28.06630424508118,0.7016576061270295,optimal,4.234622269999818,34489,64773,225361
rescuenet,Cesnet200603-r0,Cesnet200603,trajectory,B2,18,26.89050918682175,0.6722627296705437,optimal,4.302532855996105,34489,64773,225361
rescuenet,Cesnet200603-r0,Cesnet200603,trajectory,B2,19,30.82549160423935,0.7706372901059837,optimal,4.872079075001238,34489,64773,225361
rescuenet,Cesnet200603-r0,Cesnet200603,trajectory,B2,20,27.209616964628076,0.6802404241157018,optimal,3.9507124079973437,34489,64773,225361
rescuenet,Cesnet200603-r0,Cesnet200603,trajectory,B2,21,28.938157479689135,0.7234539369922284,optimal,5.093746669001121,34489,64773,225361
rescuenet,Cesnet200603-r0,Cesnet200603,trajectory,B2,22,26.155572551895546,0.6538893137973887,optimal,5.130821270999149,34489,64773,225361
rescuenet,Cesnet200603-r0,Cesnet200603,trajectory,B2,23,27.63576200425991,0.6908940501064977,optimal,3.7953371990006417,34489,64773,225361
rescuenet,Cesnet200603-r0,Cesnet200603,trajectory,B2,24,27.869464954863645,0.6967366238715911,optimal,4.982102212998143,34489,64773,225361
rescuenet,Cesnet200603-r0,Cesnet200603,trajectory,B2,25,28.286970508197598,0.70717426270494,optimal,4.92932332700002,34489,64773,225361
rescuenet,Cesnet200603-r0,Cesnet200603,trajectory,B2,26,28.49402581553674,0.7123506453884185,optimal,4.146233815001324,34489,64773,225361
rescuenet,Cesnet200603-r0,Cesnet200603,trajectory,B2,27,28.260668546934383,0.7065167136733596,optimal,4.49905144800141,34489,64773,225361
rescuenet,Cesnet200603-r0,Cesnet200603,trajectory,B2,28,27.522229544066125,0.6880557386016531,optimal,4.848232790995098,34489,64773,225361
rescuenet,Cesnet200603-r0,Cesnet200603,trajectory,B2,29,27.469459028478855,0.6867364757119714,optimal,4.449797574001423,34489,64773,225361
rescuenet,Cesnet200603-r0,Cesnet200603,trajectory,P,0,26.536829346022387,0.6634207336505596,optimal,3.6224532460037153,34489,64773,225361
rescuenet,Cesnet200603-r0,Cesnet200603,trajectory,P,1,25.148263305464702,0.6287065826366176,optimal,3.280992418003734,34489,64773,225361
rescuenet,Cesnet200603-r0,Cesnet200603,trajectory,P,2,24.660209619342716,0.6165052404835679,optimal,3.403902284997457,34489,64773,225361
rescuenet,Cesnet200603-r0,Cesnet200603,trajectory,P,3,26.38640975991796,0.659660243997949,optimal,3.576652257994283,34489,64773,225361
rescuenet,Cesnet200603-r0,Cesnet200603,trajectory,P,4,24.95371440026584,0.623842860006646,optimal,3.8705538650028757,34489,64773,225361
rescuenet,Cesnet200603-r0,Cesnet200603,trajectory,P,5,25.598496730440445,0.6399624182610111,optimal,3.0893078449953464,34489,64773,225361
rescuenet,Cesnet200603-r0,Cesnet200603,trajectory,P,6,25.797612763383512,0.6449403190845878,optimal,3.5387058229971444,34489,64773,225361
rescuenet,Cesnet200603-r0,Cesnet200603,trajectory,P,7,25.99744218797499,0.6499360546993748,optimal,2.884219686005963,34489,64773,225361
rescuenet,Cesnet200603-r0,Cesnet200603,trajectory,P,8,23.98183641348759,0.5995459103371897,optimal,3.1557257649983512,34489,64773,225361
rescuenet,Cesnet200603-r0,Cesnet200603,trajectory,P,9,23.584373339779884,0.5896093334944971,optimal,3.231878698003129,34489,64773,225361
rescuenet,Cesnet200603-r0,Cesnet200603,trajectory,P,10,25.98678399211587,0.6496695998028967,optimal,4.026499610998144,34489,64773,225361
rescuenet,Cesnet200603-r0,Cesnet200603,trajectory,P,11,24.65228800193522,0.6163072000483805,optimal,3.7617015029973118,34489,64773,225361
rescuenet,Cesnet200603-r0,Cesnet200603,trajectory,P,12,26.420052295335715,0.6605013073833929,optimal,4.201345900997694,34489,64773,225361
rescuenet,Cesnet200603-r0,Cesnet200603,trajectory,P,13,25.174231578389737,0.6293557894597435,optimal,3.653032745998644,34489,64773,225361
rescuenet,Cesnet200603-r0,Cesnet200603,trajectory,P,14,24.58145464311779,0.6145363660779448,optimal,2.9971839539939538,34489,64773,225361
rescuenet,Cesnet200603-r0,Cesnet200603,trajectory,P,15,24.860280669051477,0.6215070167262869,optimal,3.417007513999124,34489,64773,225361
rescuenet,Cesnet200603-r0,Cesnet200603,trajectory,P,16,24.257936183649306,0.6064484045912326,optimal,3.4940211339999223,34489,64773,225361
rescuenet,Cesnet200603-r0,Cesnet200603,trajectory,P,17,25.664981339739743,0.6416245334934936,optimal,3.8780782419999014,34489,64773,225361
rescuenet,Cesnet200603-r0,Cesnet200603,trajectory,P,18,24.605390304316597,0.6151347576079149,optimal,3.4238659199982067,34489,64773,225361
rescuenet,Cesnet200603-r0,Cesnet200603,trajectory,P,19,26.76003388097194,0.6690008470242985,optimal,3.5574968840010115,34489,64773,225361
rescuenet,Cesnet200603-r0,Cesnet200603,trajectory,P,20,25.14034936641036,0.628508734160259,optimal,3.5396872269993764,34489,64773,225361
rescuenet,Cesnet200603-r0,Cesnet200603,trajectory,P,21,24.904073706653186,0.6226018426663297,optimal,4.364426277999883,34489,64773,225361
rescuenet,Cesnet200603-r0,Cesnet200603,trajectory,P,22,23.51337884009583,0.5878344710023957,optimal,3.564391744999739,34489,64773,225361
rescuenet,Cesnet200603-r0,Cesnet200603,trajectory,P,23,25.037389305488965,0.6259347326372241,optimal,3.432597609004006,34489,64773,225361
rescuenet,Cesnet200603-r0,Cesnet200603,trajectory,P,24,24.96640815129152,0.624160203782288,optimal,3.8189200989945675,34489,64773,225361
rescuenet,Cesnet200603-r0,Cesnet200603,trajectory,P,25,25.7201935664661,0.6430048391616525,optimal,4.226008894998813,34489,64773,225361
rescuenet,Cesnet200603-r0,Cesnet200603,trajectory,P,26,25.67187723447619,0.6417969308619048,optimal,3.735508336998464,34489,64773,225361
rescuenet,Cesnet200603-r0,Cesnet200603,trajectory,P,27,25.611097562244108,0.6402774390561027,optimal,4.425059184999554,34489,64773,225361
rescuenet,Cesnet200603-r0,Cesnet200603,trajectory,P,28,23.815581303167836,0.5953895325791959,optimal,3.4848196390012163,34489,64773,225361
rescuenet,Cesnet200603-r0,Cesnet200603,trajectory,P,29,24.858462446568407,0.6214615611642101,optimal,3.439529103998211,34489,64773,225361
rescuenet,Cesnet200603-r0,Cesnet200603,trajectory,TRAN,0,38.16526348996956,0.9541315872492391,optimal,2.9924897989985766,34489,64773,225361
rescuenet,Cesnet200603-r0,Cesnet200603,trajectory,TRAN,1,37.17368229669172,0.929342057417293,optimal,2.604386343002261,34489,64773,225361
rescuenet,Cesnet200603-r0,Cesnet200603,trajectory,TRAN,2,36.48774250372051,0.9121935625930128,optimal,3.0856541530010873,34489,64773,225361
rescuenet,Cesnet200603-r0,Cesnet200603,trajectory,TRAN,3,38.11725054175254,0.9529312635438135,optimal,3.259431290003704,34489,64773,225361
rescuenet,Cesnet200603-r0,Cesnet200603,trajectory,TRAN,4,37.776243564875784,0.9444060891218946,optimal,3.022694756000419,34489,64773,225361
rescuenet,Cesnet200603-r0,Cesnet200603,trajectory,TRAN,5,38.20500698402668,0.955125174600667,optimal,3.384036189003382,34489,64773,225361
rescuenet,Cesnet200603-r0,Cesnet200603,trajectory,TRAN,6,36.84058678578816,0.921014669644704,optimal,2.618559679998725,34489,64773,225361
rescuenet,Cesnet200603-r0,Cesnet200603,trajectory,TRAN,7,38.272740736996575,0.9568185184249144,optimal,3.113755386999401,34489,64773,225361
rescuenet,Cesnet200603-r0,Cesnet200603,trajectory,TRAN,8,37.84527456864278,0.9461318642160694,optimal,3.0439589739980875,34489,64773,225361
rescuenet,Cesnet200603-r0,Cesnet200603,trajectory,TRAN,9,37.846488441256085,0.9461622110314021,optimal,2.9115722959977575,34489,64773,225361
rescuenet,Cesnet200603-r0,Cesnet200603,trajectory,TRAN,10,37.67743160147269,0.9419357900368173,optimal,2.9198276850002003,34489,64773,225361
rescuenet,Cesnet200603-r0,Cesnet200603,trajectory,TRAN,11,37.976651928028346,0.9494162982007086,optimal,3.2615437890053727,34489,64773,225361
rescuenet,Cesnet200603-r0,Cesnet200603,trajectory,TRAN,12,38.184540060649866,0.9546135015162467,optimal,2.945200358000875,34489,64773,225361
rescuenet,Cesnet200603-r0,Cesnet200603,trajectory,TRAN,13,37.48600794003035,0.9371501985007586,optimal,2.981037152996578,34489,64773,225361
rescuenet,Cesnet200603-r0,Cesnet200603,trajectory,TRAN,14,37.06409206089886,0.9266023015224715,optimal,2.4587621559985564,34489,64773,225361
rescuenet,Cesnet200603-r0,Cesnet200603,trajectory,TRAN,15,37.34883775049548,0.9337209437623869,optimal,2.5565302859977237,34489,64773,225361
rescuenet,Cesnet200603-r0,Cesnet200603,trajectory,TRAN,16,37.677300929184305,0.9419325232296076,optimal,2.823071351995168,34489,64773,225361
rescuenet,Cesnet200603-r0,Cesnet200603,trajectory,TRAN,17,37.40910869541198,0.9352277173852995,optimal,2.824203905001923,34489,64773,225361
rescuenet,Cesnet200603-r0,Cesnet200603,trajectory,TRAN,18,37.973906716330895,0.9493476679082724,optimal,2.8058184290057397,34489,64773,225361
rescuenet,Cesnet200603-r0,Cesnet200603,trajectory,TRAN,19,37.85599971990084,0.9463999929975209,optimal,2.337422913995397,34489,64773,225361
rescuenet,Cesnet200603-r0,Cesnet200603,trajectory,TRAN,20,38.18854487715918,0.9547136219289796,optimal,2.575712254998507,34489,64773,225361
rescuenet,Cesnet200603-r0,Cesnet200603,trajectory,TRAN,21,38.396829706270914,0.9599207426567729,optimal,2.7019457059941487,34489,64773,225361
rescuenet,Cesnet200603-r0,Cesnet200603,trajectory,TRAN,22,38.07746173157214,0.9519365432893035,optimal,3.493546650999633,34489,64773,225361
rescuenet,Cesnet200603-r0,Cesnet200603,trajectory,TRAN,23,38.4518170939077,0.9612954273476925,optimal,2.6863763319997815,34489,64773,225361
rescuenet,Cesnet200603-r0,Cesnet200603,trajectory,TRAN,24,38.25601304342665,0.9564003260856662,optimal,2.834015032000025,34489,64773,225361
rescuenet,Cesnet200603-r0,Cesnet200603,trajectory,TRAN,25,37.64711989186672,0.9411779972966681,optimal,2.9278682910007774,34489,64773,225361
rescuenet,Cesnet200603-r0,Cesnet200603,trajectory,TRAN,26,37.09549506108935,0.9273873765272338,optimal,2.774811648996547,34489,64773,225361
rescuenet,Cesnet200603-r0,Cesnet200603,trajectory,TRAN,27,37.71542260360639,0.9428855650901597,optimal,3.1004550759971607,34489,64773,225361
rescuenet,Cesnet200603-r0,Cesnet200603,trajectory,TRAN,28,37.67341720202114,0.9418354300505285,optimal,2.5830573979983456,34489,64773,225361
rescuenet,Cesnet200603-r0,Cesnet200603,trajectory,TRAN,29,37.989463508828536,0.9497365877207133,optimal,3.23255577099917,34489,64773,225361
rescuenet,Cesnet200603-r1,Cesnet200603,ground_only,,0,22.741970363400533,0.5685492590850133,optimal,0.6671766989966272,15426,32119,83388
rescuenet,Cesnet200603-r1,Cesnet200603,ground_only,,1,22.741970363400533,0.5685492590850133,optimal,0.6906011219980428,15426,32119,83388
rescuenet,Cesnet200603-r1,Cesnet200603,ground_only,,2,22.741970363400533,0.5685492590850133,optimal,0.7008657190017402,15426,32119,83388
rescuenet,Cesnet200603-r1,Cesnet200603,ground_only,,3,22.741970363400533,0.5685492590850133,optimal,0.7092257140029687,15426,32119,83388
rescuenet,Cesnet200603-r1,Cesnet200603,ground_only,,4,22.741970363400533,0.5685492590850133,optimal,0.6950431649966049,15426,32119,83388
rescuenet,Cesnet200603-r1,Cesnet200603,ground_only,,5,22.741970363400533,0.5685492590850133,optimal,0.6891457059973618,15426,32119,83388
rescuenet,Cesnet200603-r1,Cesnet200603,ground_only,,6,22.741970363400533,0.5685492590850133,optimal,0.6900079929982894,15426,32119,83388
rescuenet,Cesnet200603-r1,Cesnet200603,ground_only,,7,22.741970363400533,0.5685492590850133,optimal,0.6914355699991575,15426,32119,83388
rescuenet,Cesnet200603-r1,Cesnet200603,ground_only,,8,22.741970363400533,0.5685492590850133,optimal,0.6746987209990039,15426,32119,83388
rescuenet,Cesnet200603-r1,Cesnet200603,ground_only,,9,22.741970363400533,0.5685492590850133,optimal,0.6705712260009022,15426,32119,83388
rescuenet,Cesnet200603-r1,Cesnet200603,ground_only,,10,22.741970363400533,0.5685492590850133,optimal,0.8080068670024048,15426,32119,83388
rescuenet,Cesnet200603-r1,Cesnet200603,ground_only,,11,22.741970363400533,0.5685492590850133,optimal,0.6398255270032678,15426,32119,83388
rescuenet,Cesnet200603-r1,Cesnet200603,ground_only,,12,22.741970363400533,0.5685492590850133,optimal,0.6410730149946176,15426,32119,83388
rescuenet,Cesnet200603-r1,Cesnet200603,ground_only,,13,22.741970363400533,0.5685492590850133,optimal,0.6870706300032907,15426,32119,83388
rescuenet,Cesnet200603-r1,Cesnet200603,ground_only,,14,22.741970363400533,0.5685492590850133,optimal,0.6638880209939089,15426,32119,83388
rescuenet,Cesnet200603-r1,Cesnet200603,ground_only,,15,22.741970363400533,0.5685492590850133,optimal,0.7427569909996237,15426,32119,83388
rescuenet,Cesnet200603-r1,Cesnet200603,ground_only,,16,22.741970363400533,0.5685492590850133,optimal,0.7461391479955637,15426,32119,83388
rescuenet,Cesnet200603-r1,Cesnet200603,ground_only,,17,22.741970363400533,0.5685492590850133,optimal,0.7631526780023705,15426,32119,83388
rescuenet,Cesnet200603-r1,Cesnet200603,ground_only,,18,22.741970363400533,0.5685492590850133,optimal,0.7066750170051819,15426,32119,83388
rescuenet,Cesnet200603-r1,Cesnet200603,ground_only,,19,22.741970363400533,0.5685492590850133,optimal,0.6931515840042266,15426,32119,83388
rescuenet,Cesnet200603-r1,Cesnet200603,ground_only,,20,22.741970363400533,0.5685492590850133,optimal,0.714551074001065,15426,32119,83388
rescuenet,Cesnet200603-r1,Cesnet200603,ground_only,,21,22.741970363400533,0.5685492590850133,optimal,0.6744455659936648,15426,32119,83388
rescuenet,Cesnet200603-r1,Cesnet200603,ground_only,,22,22.741970363400533,0.5685492590850133,optimal,0.6333925470025861,15426,32119,83388
rescuenet,Cesnet200603-r1,Cesnet200603,ground_only,,23,22.741970363400533,0.5685492590850133,optimal,0.7037464489985723,15426,32119,83388
rescuenet,Cesnet200603-r1,Cesnet200603,ground_only,,24,22.741970363400533,0.5685492590850133,optimal,0.7015814559999853,15426,32119,83388
rescuenet,Cesnet200603-r1,Cesnet200603,ground_only,,25,22.741970363400533,0.5685492590850133,optimal,0.7042036429993459,15426,32119,83388
rescuenet,Cesnet200603-r1,Cesnet200603,ground_only,,26,22.741970363400533,0.5685492590850133,optimal,0.6877242959963041,15426,32119,83388
rescuenet,Cesnet200603-r1,Cesnet200603,ground_only,,27,22.741970363400533,0.5685492590850133,optimal,0.7277383350010496,15426,32119,83388
rescuenet,Cesnet200603-r1,Cesnet200603,ground_only,,28,22.741970363400533,0.5685492590850133,optimal,0.6874025069992058,15426,32119,83388
rescuenet,Cesnet200603-r1,Cesnet200603,ground_only,,29,22.741970363400533,0.5685492590850133,optimal,0.7532842619984876,15426,32119,83388
rescuenet,Cesnet200603-r1,Cesnet200603,trajectory,B1,0,28.514379479492884,0.7128594869873222,optimal,2.757534009004303,38955,77283,236000
rescuenet,Cesnet200603-r1,Cesnet200603,trajectory,B1,1,27.94736381819403,0.6986840954548508,optimal,3.0570428270002594,38955,77283,236000
rescuenet,Cesnet200603-r1,Cesnet200603,trajectory,B1,2,28.484331846205563,0.712108296155139,optimal,2.886046631996578,38955,77283,236000
rescuenet,Cesnet200603-r1,Cesnet200603,trajectory,B1,3,28.633845827209715,0.7158461456802429,optimal,3.0104549700045027,38955,77283,236000
rescuenet,Cesnet200603-r1,Cesnet200603,trajectory,B1,4,29.43289560667045,0.7358223901667612,optimal,2.6479263289947994,38955,77283,236000
rescuenet,Cesnet200603-r1,Cesnet200603,trajectory,B1,5,29.506983361480813,0.7376745840370204,optimal,3.0865316670024185,38955,77283,236000
rescuenet,Cesnet200603-r1,Cesnet200603,trajectory,B1,6,28.979836273199034,0.7244959068299759,optimal,2.5118778940013726,38955,77283,236000
rescuenet,Cesnet200603-r1,Cesnet200603,trajectory,B1,7,28.85741953663023,0.7214354884157557,optimal,2.5855112470017048,38955,77283,236000
rescuenet,Cesnet200603-r1,Cesnet200603,trajectory,B1,8,29.42474332902113,0.7356185832255282,optimal,3.3141603490003035,38955,77283,236000
rescuenet,Cesnet200603-r1,Cesnet200603,trajectory,B1,9,29.725614782882005,0.7431403695720501,optimal,3.2827265250016353,38955,77283,236000
rescuenet,Cesnet200603-r1,Cesnet200603,trajectory,B1,10,28.374614012048305,0.7093653503012076,optimal,2.882795438999892,38955,77283,236000
rescuenet,Cesnet200603-r1,Cesnet200603,trajectory,B1,11,29.00395249918947,0.7250988124797367,optimal,2.5760178950004047,38955,77283,236000
rescuenet,Cesnet200603-r1,Cesnet200603,trajectory,B1,12,28.890656643209493,0.7222664160802373,optimal,3.3240508289964055,38955,77283,236000
rescuenet,Cesnet200603-r1,Cesnet200603,trajectory,B1,13,28.122270648854393,0.7030567662213598,optimal,3.070140807001735,38955,77283,236000
rescuenet,Cesnet200603-r1,Cesnet200603,trajectory,B1,14,29.25291389809272,0.731322847452318,optimal,2.6120962469940423,38955,77283,236000
rescuenet,Cesnet200603-r1,Cesnet200603,trajectory,B1,15,28.67264449837786,0.7168161124594465,optimal,2.739071606003563,38955,77283,236000
rescuenet,Cesnet200603-r1,Cesnet200603,trajectory,B1,16,29.24375972174385,0.7310939930435962,optimal,2.7287196309989667,38955,77283,236000
rescuenet,Cesnet200603-r1,Cesnet200603,trajectory,B1,17,29.376306200947155,0.7344076550236789,optimal,3.4992925449987524,38955,77283,236000
rescuenet,Cesnet200603-r1,Cesnet200603,trajectory,B1,18,29.27155788576025,0.7317889471440062,optimal,2.6045468960001017,38955,77283,236000
rescuenet,Cesnet200603-r1,Cesnet200603,trajectory,B1,19,29.23146772520057,0.7307866931300142,optimal,3.0890069579982082,38955,77283,236000
rescuenet,Cesnet200603-r1,Cesnet200603,trajectory,B1,20,29.405148713480106,0.7351287178370026,optimal,2.6822623460029718,38955,77283,236000
rescuenet,Cesnet200603-r1,Cesnet200603,trajectory,B1,21,29.484440328003206,0.7371110082000801,optimal,3.3492500349966576,38955,77283,236000
rescuenet,Cesnet200603-r1,Cesnet200603,trajectory,B1,22,30.1159753399682,0.752899383499205,optimal,2.8614631520031253,38955,77283,236000
rescuenet,Cesnet200603-r1,Cesnet200603,trajectory,B1,23,29.17369595830438,0.7293423989576094,optimal,2.4845974689960713,38955,77283,236000
rescuenet,Cesnet200603-r1,Cesnet200603,trajectory,B1,24,29.221679954412057,0.7305419988603015,optimal,2.984379788998922,38955,77283,236000
rescuenet,Cesnet200603-r1,Cesnet200603,trajectory,B1,25,30.19697632604732,0.754924408151183,optimal,2.665168259998609,38955,77283,236000
rescuenet,Cesnet200603-r1,Cesnet200603,trajectory,B1,26,29.293304394132672,0.7323326098533168,optimal,2.7154787680046866,38955,77283,236000
rescuenet,Cesnet200603-r1,Cesnet200603,trajectory,B1,27,29.9899169069151,0.7497479226728775,optimal,3.154383910994511,38955,77283,236000
rescuenet,Cesnet200603-r1,Cesnet200603,trajectory,B1,28,28.48082729676157,0.7120206824190393,optimal,2.6977663559955545,38955,77283,236000
rescuenet,Cesnet200603-r1,Cesnet200603,trajectory,B1,29,29.80900790097822,0.7452251975244555,optimal,2.49817106500268,38955,77283,236000
rescuenet,Cesnet200603-r1,Cesnet200603,trajectory,B2,0,29.628124498611808,0.7407031124652952,optimal,2.9628468279988738,38955,77283,236000
rescuenet,Cesnet200603-r1,Cesnet200603,trajectory,B2,1,30.798599437635612,0.7699649859408904,optimal,3.0001046050019795,38955,77283,236000
rescuenet,Cesnet200603-r1,Cesnet200603,trajectory,B2,2,30.208644855973343,0.7552161213993336,optimal,3.0360909850060125,38955,77283,236000
rescuenet,Cesnet200603-r1,Cesnet200603,trajectory,B2,3,30.24144173844571,0.7560360434611428,optimal,2.7443569579991163,38955,77283,236000
rescuenet,Cesnet200603-r1,Cesnet200603,trajectory,B2,4,31.330789658334442,0.783269741458361,optimal,3.173557772002823,38955,77283,236000
rescuenet,Cesnet200603-r1,Cesnet200603,trajectory,B2,5,30.34981702181527,0.7587454255453817,optimal,3.066573199001141,38955,77283,236000
rescuenet,Cesnet200603-r1,Cesnet200603,trajectory,B2,6,30.962331816988286,0.7740582954247072,optimal,2.9122086010029307,38955,77283,236000
rescuenet,Cesnet200603-r1,Cesnet200603,trajectory,B2,7,30.435892787351957,0.7608973196837989,optimal,2.962051046997658,38955,77283,236000
rescuenet,Cesnet200603-r1,Cesnet200603,trajectory,B2,8,31.85001495002284,0.796250373750571,optimal,3.2961403590015834,38955,77283,236000
rescuenet,Cesnet200603-r1,Cesnet200603,trajectory,B2,9,30.81327197890557,0.7703317994726392,optimal,2.7566232079989277,38955,77283,236000
rescuenet,Cesnet200603-r1,Cesnet200603,trajectory,B2,10,30.09180348348954,0.7522950870872385,optimal,2.899393609004619,38955,77283,236000
rescuenet,Cesnet200603-r1,Cesnet200603,trajectory,B2,11,31.13997830799748,0.778499457699937,optimal,2.9935030740016373,38955,77283,236000
rescuenet,Cesnet200603-r1,Cesnet200603,trajectory,B2,12,30.984264159528774,0.7746066039882193,optimal,3.419436792995839,38955,77283,236000
rescuenet,Cesnet200603-r1,Cesnet200603,trajectory,B2,13,30.04872097241766,0.7512180243104415,optimal,3.434231353996438,38955,77283,236000
rescuenet,Cesnet200603-r1,Cesnet200603,trajectory,B2,14,31.017498940882202,0.775437473522055,optimal,3.138772350997897,38955,77283,236000
rescuenet,Cesnet200603-r1,Cesnet200603,trajectory,B2,15,29.95323063309936,0.748830765827484,optimal,2.5558625499979826,38955,77283,236000
rescuenet,Cesnet200603-r1,Cesnet200603,trajectory,B2,16,30.959353658351787,0.7739838414587947,optimal,3.1942860649942304,38955,77283,236000
rescuenet,Cesnet200603-r1,Cesnet200603,trajectory,B2,17,30.988247548763056,0.7747061887190764,optimal,2.6730153079988668,38955,77283,236000
rescuenet,Cesnet200603-r1,Cesnet200603,trajectory,B2,18,31.43308414762156,0.785827103690539,optimal,2.796033148006245,38955,77283,236000
rescuenet,Cesnet200603-r1,Cesnet200603,trajectory,B2,19,30.569576735062103,0.7642394183765526,optimal,2.875901398998394,38955,77283,236000
rescuenet,Cesnet200603-r1,Cesnet200603,trajectory,B2,20,30.616339031324564,0.7654084757831141,optimal,2.87713795700256,38955,77283,236000
rescuenet,Cesnet200603-r1,Cesnet200603,trajectory,B2,21,30.80861745809142,0.7702154364522855,optimal,3.014293947999249,38955,77283,236000
rescuenet,Cesnet200603-r1,Cesnet200603,trajectory,B2,22,31.19466509498837,0.7798666273747092,optimal,2.823316468995472,38955,77283,236000
rescuenet,Cesnet200603-r1,Cesnet200603,trajectory,B2,23,30.759363336581345,0.7689840834145336,optimal,2.684109884998179,38955,77283,236000
rescuenet,Cesnet200603-r1,Cesnet200603,trajectory,B2,24,31.391850538918035,0.7847962634729508,optimal,2.877876014004869,38955,77283,236000
rescuenet,Cesnet200603-r1,Cesnet200603,trajectory,B2,25,31.25292405498179,0.7813231013745447,optimal,2.9836021100054495,38955,77283,236000
rescuenet,Cesnet200603-r1,Cesnet200603,trajectory,B2,26,30.92291089306534,0.7730727723266335,optimal,2.849420339000062,38955,77283,236000
rescuenet,Cesnet200603-r1,Cesnet200603,trajectory,B2,27,31.16751564459082,0.7791878911147705,optimal,2.6810332289969665,38955,77283,236000
rescuenet,Cesnet200603-r1,Cesnet200603,trajectory,B2,28,30.778338216706935,0.7694584554176733,optimal,2.4027071640011854,38955,77283,236000
rescuenet,Cesnet200603-r1,Cesnet200603,trajectory,B2,29,31.060556818621933,0.7765139204655483,optimal,2.8993115319972276,38955,77283,236000
rescuenet,Cesnet200603-r1,Cesnet200603,trajectory,P,0,29.069858218195535,0.7267464554548884,optimal,3.2061321069995756,38955,77283,236000
rescuenet,Cesnet200603-r1,Cesnet200603,trajectory,P,1,28.860771891802635,0.7215192972950659,optimal,3.3571398200001568,38955,77283,236000
rescuenet,Cesnet200603-r1,Cesnet200603,trajectory,P,2,29.415653586843934,0.7353913396710984,optimal,3.9555176540015964,38955,77283,236000
rescuenet,Cesnet200603-r1,Cesnet200603,trajectory,P,3,29.57464162010978,0.7393660405027445,optimal,3.206919645999733,38955,77283,236000
rescuenet,Cesnet200603-r1,Cesnet200603,trajectory,P,4,30.338475452394903,0.7584618863098725,optimal,3.184365268003603,38955,77283,236000
rescuenet,Cesnet200603-r1,Cesnet200603,trajectory,P,5,29.992634437644405,0.7498158609411101,optimal,2.790358557998843,38955,77283,236000
rescuenet,Cesnet200603-r1,Cesnet200603,trajectory,P,6,29.47895560266317,0.7369738900665792,optimal,2.7729163039984996,38955,77283,236000
rescuenet,Cesnet200603-r1,Cesnet200603,trajectory,P,7,29.448249023395427,0.7362062255848857,optimal,3.5020056450011907,38955,77283,236000
rescuenet,Cesnet200603-r1,Cesnet200603,trajectory,P,8,30.22190952138264,0.755547738034566,optimal,3.653592851005669,38955,77283,236000
rescuenet,Cesnet200603-r1,Cesnet200603,trajectory,P,9,30.425728905130352,0.7606432226282588,optimal,2.7684617319973768,38955,77283,236000
rescuenet,Cesnet200603-r1,Cesnet200603,trajectory,P,10,28.851518977756186,0.7212879744439047,optimal,2.7600112030049786,38955,77283,236000
rescuenet,Cesnet200603-r1,Cesnet200603,trajectory,P,11,30.240553451509847,0.7560138362877462,optimal,2.7352927070023725,38955,77283,236000
rescuenet,Cesnet200603-r1,Cesnet200603,trajectory,P,12,30.135780328268055,0.7533945082067014,optimal,2.9886740969959646,38955,77283,236000
rescuenet,Cesnet200603-r1,Cesnet200603,trajectory,P,13,29.336549758267154,0.7334137439566788,optimal,2.767816749998019,38955,77283,236000
rescuenet,Cesnet200603-r1,Cesnet200603,trajectory,P,14,29.942870619847845,0.7485717654961961,optimal,3.072640195998247,38955,77283,236000
rescuenet,Cesnet200603-r1,Cesnet200603,trajectory,P,15,29.58953688391636,0.739738422097909,optimal,3.089130826003384,38955,77283,236000
rescuenet,Cesnet200603-r1,Cesnet200603,trajectory,P,16,29.889768808643055,0.7472442202160764,optimal,3.0076641180057777,38955,77283,236000
rescuenet,Cesnet200603-r1,Cesnet200603,trajectory,P,17,30.386846216318077,0.7596711554079519,optimal,3.0918816920020618,38955,77283,236000
rescuenet,Cesnet200603-r1,Cesnet200603,trajectory,P,18,30.451901802131317,0.761297545053283,optimal,2.6726831840060186,38955,77283,236000
rescuenet,Cesnet200603-r1,Cesnet200603,trajectory,P,19,29.832038543261017,0.7458009635815255,optimal,3.0505126420030138,38955,77283,236000
rescuenet,Cesnet200603-r1,Cesnet200603,trajectory,P,20,30.139184637476323,0.753479615936908,optimal,2.6194588639991707,38955,77283,236000
rescuenet,Cesnet200603-r1,Cesnet200603,trajectory,P,21,30.082941191797822,0.7520735297949456,optimal,3.2744105660021887,38955,77283,236000
rescuenet,Cesnet200603-r1,Cesnet200603,trajectory,P,22,30.452797546992265,0.7613199386748066,optimal,3.579595135997806,38955,77283,236000
rescuenet,Cesnet200603-r1,Cesnet200603,trajectory,P,23,29.719079404616796,0.7429769851154199,optimal,2.8145489740054472,38955,77283,236000
rescuenet,Cesnet200603-r1,Cesnet200603,trajectory,P,24,30.231396854262293,0.7557849213565573,optimal,2.6122543570018024,38955,77283,236000
rescuenet,Cesnet200603-r1,Cesnet200603,trajectory,P,25,30.62601380999912,0.765650345249978,optimal,3.116858608002076,38955,77283,236000
rescuenet,Cesnet200603-r1,Cesnet200603,trajectory,P,26,29.990922566745184,0.7497730641686295,optimal,2.92510910800047,38955,77283,236000
rescuenet,Cesnet200603-r1,Cesnet200603,trajectory,P,27,30.385828339370963,0.759645708484274,optimal,2.7893623749987455,38955,77283,236000
rescuenet,Cesnet200603-r1,Cesnet200603,trajectory,P,28,29.526118170302453,0.7381529542575613,optimal,2.6178199790010694,38955,77283,236000
rescuenet,Cesnet200603-r1,Cesnet200603,trajectory,P,29,30.268556038601787,0.7567139009650447,optimal,2.8743144609979936,38955,77283,236000
rescuenet,Cesnet200603-r1,Cesnet200603,trajectory,TRAN,0,38.66051458162336,0.966512864540584,optimal,2.9027062019958976,38955,77283,236000
rescuenet,Cesnet200603-r1,Cesnet200603,trajectory,TRAN,1,39.49153129734157,0.9872882824335392,optimal,3.0419459300028393,38955,77283,236000
rescuenet,Cesnet200603-r1,Cesnet200603,trajectory,TRAN,2,39.161772302394034,0.9790443075598508,optimal,2.9127466210047714,38955,77283,236000
rescuenet,Cesnet200603-r1,Cesnet200603,trajectory,TRAN,3,38.94506080011602,0.9736265200029004,optimal,2.686964676999196,38955,77283,236000
rescuenet,Cesnet200603-r1,Cesnet200603,trajectory,TRAN,4,38.49211378257708,0.9623028445644269,optimal,2.289756578000379,38955,77283,236000
rescuenet,Cesnet200603-r1,Cesnet200603,trajectory,TRAN,5,38.08020038916389,0.9520050097290973,optimal,2.5956213409954216,38955,77283,236000
rescuenet,Cesnet200603-r1,Cesnet200603,trajectory,TRAN,6,39.45036657926789,0.9862591644816974,optimal,2.2716605739988154,38955,77283,236000
rescuenet,Cesnet200603-r1,Cesnet200603,trajectory,TRAN,7,37.611445337965165,0.9402861334491291,optimal,2.370420194005419,38955,77283,236000
rescuenet,Cesnet200603-r1,Cesnet200603,trajectory,TRAN,8,39.09811316976779,0.9774528292441949,optimal,2.465924279000319,38955,77283,236000
rescuenet,Cesnet200603-r1,Cesnet200603,trajectory,TRAN,9,38.01153735165256,0.9502884337913139,optimal,2.3633112419993267,38955,77283,236000
rescuenet,Cesnet200603-r1,Cesnet200603,trajectory,TRAN,10,38.96724654155801,0.9741811635389503,optimal,2.3135190649991273,38955,77283,236000
rescuenet,Cesnet200603-r1,Cesnet200603,trajectory,TRAN,11,39.015551967305065,0.9753887991826267,optimal,2.7769088339991868,38955,77283,236000
rescuenet,Cesnet200603-r1,Cesnet200603,trajectory,TRAN,12,38.02110545127389,0.9505276362818472,optimal,2.8484116480030934,38955,77283,236000
rescuenet,Cesnet200603-r1,Cesnet200603,trajectory,TRAN,13,37.6294113581671,0.9407352839541774,optimal,3.0815078350060503,38955,77283,236000
rescuenet,Cesnet200603-r1,Cesnet200603,trajectory,TRAN,14,38.91656636300311,0.9729141590750778,optimal,2.9663362450010027,38955,77283,236000
rescuenet,Cesnet200603-r1,Cesnet200603,trajectory,TRAN,15,39.065795113224894,0.9766448778306224,optimal,2.6157712589993025,38955,77283,236000
rescuenet,Cesnet200603-r1,Cesnet200603,trajectory,TRAN,16,38.95504626314526,0.9738761565786316,optimal,2.3578576299987617,38955,77283,236000
rescuenet,Cesnet200603-r1,Cesnet200603,trajectory,TRAN,17,38.21272375495883,0.9553180938739707,optimal,2.6026383740027086,38955,77283,236000
rescuenet,Cesnet200603-r1,Cesnet200603,trajectory,TRAN,18,38.56033479951087,0.9640083699877717,optimal,2.5164086599979782,38955,77283,236000
rescuenet,Cesnet200603-r1,Cesnet200603,trajectory,TRAN,19,38.66382449163711,0.9665956122909277,optimal,2.6300357159998384,38955,77283,236000
rescuenet,Cesnet200603-r1,Cesnet200603,trajectory,TRAN,20,38.85181651742014,0.9712954129355035,optimal,2.9465203869986,38955,77283,236000
rescuenet,Cesnet200603-r1,Cesnet200603,trajectory,TRAN,21,38.05177771028077,0.9512944427570191,optimal,2.4104228030046215,38955,77283,236000
rescuenet,Cesnet200603-r1,Cesnet200603,trajectory,TRAN,22,38.532854007129785,0.9633213501782446,optimal,2.316418704998796,38955,77283,236000
rescuenet,Cesnet200603-r1,Cesnet200603,trajectory,TRAN,23,39.28842835727833,0.9822107089319582,optimal,2.3385843010037206,38955,77283,236000
rescuenet,Cesnet200603-r1,Cesnet200603,trajectory,TRAN,24,39.04766566882029,0.9761916417205072,optimal,2.351410207003937,38955,77283,236000
rescuenet,Cesnet200603-r1,Cesnet200603,trajectory,TRAN,25,37.936684039985664,0.9484171009996416,optimal,2.4079783050037804,38955,77283,236000
rescuenet,Cesnet200603-r1,Cesnet200603,trajectory,TRAN,26,38.9231014317031,0.9730775357925776,optimal,2.56392167499871,38955,77283,236000
rescuenet,Cesnet200603-r1,Cesnet200603,trajectory,TRAN,27,38.396461018527944,0.9599115254631986,optimal,2.347080983003252,38955,77283,236000
rescuenet,Cesnet200603-r1,Cesnet200603,trajectory,TRAN,28,39.19999197661198,0.9799997994152996,optimal,2.319723681001051,38955,77283,236000
rescuenet,Cesnet200603-r1,Cesnet200603,trajectory,TRAN,29,39.06708119337966,0.9766770298344915,optimal,2.4638317440039827,38955,77283,236000
rescuenet,Cesnet200603-r2,Cesnet200603,ground_only,,0,23.363535757924417,0.5840883939481104,optimal,0.7157609869973385,13828,31044,77409
rescuenet,Cesnet200603-r2,Cesnet200603,ground_only,,1,23.363535757924417,0.5840883939481104,optimal,0.661522326998238,13828,31044,77409
rescuenet,Cesnet200603-r2,Cesnet200603,ground_only,,2,23.363535757924417,0.5840883939481104,optimal,0.7120286599965766,13828,31044,77409
rescuenet,Cesnet200603-r2,Cesnet200603,ground_only,,3,23.363535757924417,0.5840883939481104,optimal,0.7885473880014615,13828,31044,77409
rescuenet,Cesnet200603-r2,Cesnet200603,ground_only,,4,23.363535757924417,0.5840883939481104,optimal,0.5836485600011656,13828,31044,77409
rescuenet,Cesnet200603-r2,Cesnet200603,ground_only,,5,23.363535757924417,0.5840883939481104,optimal,0.5928764439959195,13828,31044,77409
rescuenet,Cesnet200603-r2,Cesnet200603,ground_only,,6,23.363535757924417,0.5840883939481104,optimal,0.6309819079979206,13828,31044,77409
rescuenet,Cesnet200603-r2,Cesnet200603,ground_only,,7,23.363535757924417,0.5840883939481104,optimal,0.5951760440002545,13828,31044,77409
rescuenet,Cesnet200603-r2,Cesnet200603,ground_only,,8,23.363535757924417,0.5840883939481104,optimal,0.6763829600022291,13828,31044,77409
rescuenet,Cesnet200603-r2,Cesnet200603,ground_only,,9,23.363535757924417,0.5840883939481104,optimal,0.6092727360010031,13828,31044,77409
rescuenet,Cesnet200603-r2,Cesnet200603,ground_only,,10,23.363535757924417,0.5840883939481104,optimal,0.5997629830017104,13828,31044,77409
rescuenet,Cesnet200603-r2,Cesnet200603,ground_only,,11,23.363535757924417,0.5840883939481104,optimal,0.7242345630002092,13828,31044,77409
rescuenet,Cesnet200603-r2,Cesnet200603,ground_only,,12,23.363535757924417,0.5840883939481104,optimal,0.7626561450015288,13828,31044,77409
rescuenet,Cesnet200603-r2,Cesnet200603,ground_only,,13,23.363535757924417,0.5840883939481104,optimal,0.7764551029977156,13828,31044,77409
rescuenet,Cesnet200603-r2,Cesnet200603,ground_only,,14,23.363535757924417,0.5840883939481104,optimal,0.6961310180049622,13828,31044,77409
rescuenet,Cesnet200603-r2,Cesnet200603,ground_only,,15,23.363535757924417,0.5840883939481104,optimal,0.7395324359968072,13828,31044,77409
rescuenet,Cesnet200603-r2,Cesnet200603,ground_only,,16,23.363535757924417,0.5840883939481104,optimal,0.6825906189988018,13828,31044,77409
rescuenet,Cesnet200603-r2,Cesnet200603,ground_only,,17,23.363535757924417,0.5840883939481104,optimal,0.6542674189986428,13828,31044,77409
rescuenet,Cesnet200603-r2,Cesnet200603,ground_only,,18,23.363535757924417,0.5840883939481104,optimal,0.7598316000003251,13828,31044,77409
rescuenet,Cesnet200603-r2,Cesnet200603,ground_only,,19,23.363535757924417,0.5840883939481104,optimal,0.8091169779945631,13828,31044,77409
rescuenet,Cesnet200603-r2,Cesnet200603,ground_only,,20,23.363535757924417,0.5840883939481104,optimal,0.722603853995679,13828,31044,77409
rescuenet,Cesnet200603-r2,Cesnet200603,ground_only,,21,23.363535757924417,0.5840883939481104,optimal,0.6358722660006606,13828,31044,77409
rescuenet,Cesnet200603-r2,Cesnet200603,ground_only,,22,23.363535757924417,0.5840883939481104,optimal,0.6248078140051803,13828,31044,77409
rescuenet,Cesnet200603-r2,Cesnet200603,ground_only,,23,23.363535757924417,0.5840883939481104,optimal,0.6543114400046761,13828,31044,77409
rescuenet,Cesnet200603-r2,Cesnet200603,ground_only,,24,23.363535757924417,0.5840883939481104,optimal,0.7519686189989443,13828,31044,77409
rescuenet,Cesnet200603-r2,Cesnet200603,ground_only,,25,23.363535757924417,0.5840883939481104,optimal,0.7091621030049282,13828,31044,77409
rescuenet,Cesnet200603-r2,Cesnet200603,ground_only,,26,23.363535757924417,0.5840883939481104,optimal,0.7404002440016484,13828,31044,77409
rescuenet,Cesnet200603-r2,Cesnet200603,ground_only,,27,23.363535757924417,0.5840883939481104,optimal,0.7323318939961609,13828,31044,77409
rescuenet,Cesnet200603-r2,Cesnet200603,ground_only,,28,23.363535757924417,0.5840883939481104,optimal,0.7545970040009706,13828,31044,77409
rescuenet,Cesnet200603-r2,Cesnet200603,ground_only,,29,23.363535757924417,0.5840883939481104,optimal,0.7402073769990238,13828,31044,77409
rescuenet,Cesnet200603-r2,Cesnet200603,trajectory,B1,0,28.688277676216874,0.7172069419054219,optimal,3.2503537960001267,38816,79931,238677
rescuenet,Cesnet200603-r2,Cesnet200603,trajectory,B1,1,28.01177853575109,0.7002944633937773,optimal,2.454459469001449,38816,79931,238677
rescuenet,Cesnet200603-r2,Cesnet200603,trajectory,B1,2,28.717265449220914,0.7179316362305228,optimal,2.5625190540013136,38816,79931,238677
rescuenet,Cesnet200603-r2,Cesnet200603,trajectory,B1,3,28.180184771595684,0.704504619289892,optimal,2.7307777969981544,38816,79931,238677
rescuenet,Cesnet200603-r2,Cesnet200603,trajectory,B1,4,28.40150072497154,0.7100375181242885,optimal,2.8319292880041758,38816,79931,238677
rescuenet,Cesnet200603-r2,Cesnet200603,trajectory,B1,5,28.392455662574065,0.7098113915643516,optimal,2.94021968600282,38816,79931,238677
rescuenet,Cesnet200603-r2,Cesnet200603,trajectory,B1,6,28.20678332448644,0.705169583112161,optimal,2.9085934730028384,38816,79931,238677
rescuenet,Cesnet200603-r2,Cesnet200603,trajectory,B1,7,28.071498814255513,0.7017874703563878,optimal,2.7620819970034063,38816,79931,238677
rescuenet,Cesnet200603-r2,Cesnet200603,trajectory,B1,8,28.601357754837355,0.7150339438709339,optimal,2.879774068002007,38816,79931,238677
rescuenet,Cesnet200603-r2,Cesnet200603,trajectory,B1,9,28.666373238142068,0.7166593309535517,optimal,2.742680900002597,38816,79931,238677
rescuenet,Cesnet200603-r2,Cesnet200603,trajectory,B1,10,28.04501069248537,0.7011252673121342,optimal,2.887872802995844,38816,79931,238677
rescuenet,Cesnet200603-r2,Cesnet200603,trajectory,B1,11,28.354157433567224,0.7088539358391805,optimal,2.774980513997434,38816,79931,238677
rescuenet,Cesnet200603-r2,Cesnet200603,trajectory,B1,12,28.405832642126015,0.7101458160531504,optimal,2.959444366999378,38816,79931,238677
rescuenet,Cesnet200603-r2,Cesnet200603,trajectory,B1,13,28.367508435708125,0.7091877108927032,optimal,2.772599905001698,38816,79931,238677
rescuenet,Cesnet200603-r2,Cesnet200603,trajectory,B1,14,27.73543538188936,0.693385884547234,optimal,2.646558904001722,38816,79931,238677
rescuenet,Cesnet200603-r2,Cesnet200603,trajectory,B1,15,28.085036147490985,0.7021259036872747,optimal,2.6844693759994698,38816,79931,238677
rescuenet,Cesnet200603-r2,Cesnet200603,trajectory,B1,16,28.649301677155304,0.7162325419288826,optimal,2.9688170430017635,38816,79931,238677
rescuenet,Cesnet200603-r2,Cesnet200603,trajectory,B1,17,28.440974213605294,0.7110243553401323,optimal,2.681376721993729,38816,79931,238677
rescuenet,Cesnet200603-r2,Cesnet200603,trajectory,B1,18,28.16949442043363,0.7042373605108407,optimal,2.564898450997134,38816,79931,238677
rescuenet,Cesnet200603-r2,Cesnet200603,trajectory,B1,19,28.074250246130582,0.7018562561532645,optimal,3.018345959004364,38816,79931,238677
rescuenet,Cesnet200603-r2,Cesnet200603,trajectory,B1,20,28.63232251074505,0.7158080627686262,optimal,2.8429586959973676,38816,79931,238677
rescuenet,Cesnet200603-r2,Cesnet200603,trajectory,B1,21,28.16414001793402,0.7041035004483505,optimal,2.762416071003827,38816,79931,238677
rescuenet,Cesnet200603-r2,Cesnet200603,trajectory,B1,22,28.51261986525832,0.7128154966314579,optimal,2.9442768870067084,38816,79931,238677
rescuenet,Cesnet200603-r2,Cesnet200603,trajectory,B1,23,28.449321848507054,0.7112330462126764,optimal,2.891623688999971,38816,79931,238677
rescuenet,Cesnet200603-r2,Cesnet200603,trajectory,B1,24,28.214770955993828,0.7053692738998457,optimal,2.786616078003135,38816,79931,238677
rescuenet,Cesnet200603-r2,Cesnet200603,trajectory,B1,25,28.210145720164974,0.7052536430041243,optimal,2.5560870629997225,38816,79931,238677
rescuenet,Cesnet200603-r2,Cesnet200603,trajectory,B1,26,28.796042383037133,0.7199010595759283,optimal,2.904324789000384,38816,79931,238677
rescuenet,Cesnet200603-r2,Cesnet200603,trajectory,B1,27,28.89267679329006,0.7223169198322515,optimal,2.6902011150014005,38816,79931,238677
rescuenet,Cesnet200603-r2,Cesnet200603,trajectory,B1,28,28.405263686801206,0.7101315921700302,optimal,2.832942519999051,38816,79931,238677
rescuenet,Cesnet200603-r2,Cesnet200603,trajectory,B1,29,28.79976813328491,0.7199942033321227,optimal,2.9105035590037005,38816,79931,238677
rescuenet,Cesnet200603-r2,Cesnet200603,trajectory,B2,0,28.832870794141993,0.7208217698535498,optimal,2.4570007660004194,38816,79931,238677
rescuenet,Cesnet200603-r2,Cesnet200603,trajectory,B2,1,28.82588370612651,0.7206470926531627,optimal,2.834753120005189,38816,79931,238677
rescuenet,Cesnet200603-r2,Cesnet200603,trajectory,B2,2,29.735759378481546,0.7433939844620386,optimal,2.893667329000891,38816,79931,238677
rescuenet,Cesnet200603-r2,Cesnet200603,trajectory,B2,3,28.764246448776902,0.7191061612194225,optimal,2.8852681329954066,38816,79931,238677
rescuenet,Cesnet200603-r2,Cesnet200603,trajectory,B2,4,29.205427185548082,0.7301356796387021,optimal,2.7831271659961203,38816,79931,238677
rescuenet,Cesnet200603-r2,Cesnet200603,trajectory,B2,5,28.582189396982308,0.7145547349245577,optimal,2.804362584000046,38816,79931,238677
rescuenet,Cesnet200603-r2,Cesnet200603,trajectory,B2,6,28.750870443046644,0.7187717610761661,optimal,2.7718103259976488,38816,79931,238677
rescuenet,Cesnet200603-r2,Cesnet200603,trajectory,B2,7,28.645102518974568,0.7161275629743642,optimal,2.595590282995545,38816,79931,238677
rescuenet,Cesnet200603-r2,Cesnet200603,trajectory,B2,8,29.094233285723014,0.7273558321430753,optimal,2.6843110139961937,38816,79931,238677
rescuenet,Cesnet200603-r2,Cesnet200603,trajectory,B2,9,29.2237754422837,0.7305943860570925,optimal,2.822360275000392,38816,79931,238677
rescuenet,Cesnet200603-r2,Cesnet200603,trajectory,B2,10,29.150010230481193,0.7287502557620298,optimal,2.630351437997888,38816,79931,238677
rescuenet,Cesnet200603-r2,Cesnet200603,trajectory,B2,11,28.732425030744942,0.7183106257686236,optimal,2.8432348179994733,38816,79931,238677
rescuenet,Cesnet200603-r2,Cesnet200603,trajectory,B2,12,29.47467340909242,0.7368668352273106,optimal,3.1847428960027173,38816,79931,238677
rescuenet,Cesnet200603-r2,Cesnet200603,trajectory,B2,13,28.86217913889181,0.7215544784722953,optimal,2.8125795329979155,38816,79931,238677
rescuenet,Cesnet200603-r2,Cesnet200603,trajectory,B2,14,28.421182740199377,0.7105295685049844,optimal,2.680976951000048,38816,79931,238677
rescuenet,Cesnet200603-r2,Cesnet200603,trajectory,B2,15,28.374287460793564,0.7093571865198391,optimal,2.776216956997814,38816,79931,238677
rescuenet,Cesnet200603-r2,Cesnet200603,trajectory,B2,16,29.037630948826095,0.7259407737206524,optimal,3.2230451830037055,38816,79931,238677
rescuenet,Cesnet200603-r2,Cesnet200603,trajectory,B2,17,28.7373773061876,0.71843443265469,optimal,2.808392004997586,38816,79931,238677
rescuenet,Cesnet200603-r2,Cesnet200603,trajectory,B2,18,28.91010959997569,0.7227527399993923,optimal,2.7912071560058394,38816,79931,238677
rescuenet,Cesnet200603-r2,Cesnet200603,trajectory,B2,19,28.188234099237725,0.7047058524809431,optimal,2.8804496550001204,38816,79931,238677
rescuenet,Cesnet200603-r2,Cesnet200603,trajectory,B2,20,29.333141214674633,0.7333285303668658,optimal,2.8125504229974467,38816,79931,238677
rescuenet,Cesnet200603-r2,Cesnet200603,trajectory,B2,21,28.397219375357352,0.7099304843839338,optimal,2.5100218930019764,38816,79931,238677
rescuenet,Cesnet200603-r2,Cesnet200603,trajectory,B2,22,29.196104721062166,0.7299026180265542,optimal,2.9978308319987264,38816,79931,238677
rescuenet,Cesnet200603-r2,Cesnet200603,trajectory,B2,23,27.64200973121787,0.6910502432804467,optimal,3.2245491729991045,38816,79931,238677
rescuenet,Cesnet200603-r2,Cesnet200603,trajectory,B2,24,28.618252430302014,0.7154563107575503,optimal,3.0820085239975015,38816,79931,238677
rescuenet,Cesnet200603-r2,Cesnet200603,trajectory,B2,25,28.489344127886266,0.7122336031971567,optimal,2.770470158000535,38816,79931,238677
rescuenet,Cesnet200603-r2,Cesnet200603,trajectory,B2,26,29.63612320556293,0.7409030801390732,optimal,2.88676091900561,38816,79931,238677
rescuenet,Cesnet200603-r2,Cesnet200603,trajectory,B2,27,29.371424661430968,0.7342856165357742,optimal,2.8529819160030456,38816,79931,238677
rescuenet,Cesnet200603-r2,Cesnet200603,trajectory,B2,28,28.84344831842173,0.7210862079605432,optimal,2.5834667369999806,38816,79931,238677
rescuenet,Cesnet200603-r2,Cesnet200603,trajectory,B2,29,29.475545183095228,0.7368886295773807,optimal,2.905110561005131,38816,79931,238677
rescuenet,Cesnet200603-r2,Cesnet200603,trajectory,P,0,28.810545114105462,0.7202636278526365,optimal,3.2018004540004767,38816,79931,238677
rescuenet,Cesnet200603-r2,Cesnet200603,trajectory,P,1,28.67634792286534,0.7169086980716335,optimal,3.3046260429982794,38816,79931,238677
rescuenet,Cesnet200603-r2,Cesnet200603,trajectory,P,2,29.277955984945844,0.7319488996236461,optimal,2.878830254005152,38816,79931,238677
rescuenet,Cesnet200603-r2,Cesnet200603,trajectory,P,3,28.46884220558856,0.7117210551397141,optimal,2.9820682630015654,38816,79931,238677
rescuenet,Cesnet200603-r2,Cesnet200603,trajectory,P,4,28.996672630201484,0.7249168157550371,optimal,3.281365299000754,38816,79931,238677
rescuenet,Cesnet200603-r2,Cesnet200603,trajectory,P,5,28.551625428632004,0.7137906357158001,optimal,2.8946792149945395,38816,79931,238677
rescuenet,Cesnet200603-r2,Cesnet200603,trajectory,P,6,28.575518572648587,0.7143879643162147,optimal,2.3391549340012716,38816,79931,238677
rescuenet,Cesnet200603-r2,Cesnet200603,trajectory,P,7,28.294635325952047,0.7073658831488012,optimal,2.61490441699425,38816,79931,238677
rescuenet,Cesnet200603-r2,Cesnet200603,trajectory,P,8,28.797533231067668,0.7199383307766917,optimal,2.755222291998507,38816,79931,238677
rescuenet,Cesnet200603-r2,Cesnet200603,trajectory,P,9,29.078260794316748,0.7269565198579186,optimal,2.9476765750005143,38816,79931,238677
rescuenet,Cesnet200603-r2,Cesnet200603,trajectory,P,10,28.318839236918887,0.7079709809229722,optimal,2.822803691997251,38816,79931,238677
rescuenet,Cesnet200603-r2,Cesnet200603,trajectory,P,11,28.441109954721792,0.7110277488680448,optimal,3.1659298339945963,38816,79931,238677
rescuenet,Cesnet200603-r2,Cesnet200603,trajectory,P,12,28.814106965176105,0.7203526741294026,optimal,2.7708052069938276,38816,79931,238677
rescuenet,Cesnet200603-r2,Cesnet200603,trajectory,P,13,28.627303372594728,0.7156825843148682,optimal,2.671518456998456,38816,79931,238677
rescuenet,Cesnet200603-r2,Cesnet200603,trajectory,P,14,28.033811658693594,0.7008452914673399,optimal,2.8275133179995464,38816,79931,238677
rescuenet,Cesnet200603-r2,Cesnet200603,trajectory,P,15,28.24207614165006,0.7060519035412515,optimal,2.6283269159976044,38816,79931,238677
rescuenet,Cesnet200603-r2,Cesnet200603,trajectory,P,16,28.90166843496794,0.7225417108741985,optimal,3.070896504999837,38816,79931,238677
rescuenet,Cesnet200603-r2,Cesnet200603,trajectory,P,17,28.62180011964376,0.7155450029910939,optimal,2.788098377001006,38816,79931,238677
rescuenet,Cesnet200603-r2,Cesnet200603,trajectory,P,18,28.7679272128472,0.71919818032118,optimal,2.6651102080068085,38816,79931,238677
rescuenet,Cesnet200603-r2,Cesnet200603,trajectory,P,19,28.12766760019013,0.7031916900047532,optimal,3.1396803659954458,38816,79931,238677
rescuenet,Cesnet200603-r2,Cesnet200603,trajectory,P,20,28.87404187623796,0.721851046905949,optimal,3.154917371997726,38816,79931,238677
rescuenet,Cesnet200603-r2,Cesnet200603,trajectory,P,21,28.33249069391998,0.7083122673479995,optimal,3.180470127997978,38816,79931,238677
rescuenet,Cesnet200603-r2,Cesnet200603,trajectory,P,22,28.75350692316583,0.7188376730791457,optimal,3.5051715040026465,38816,79931,238677
rescuenet,Cesnet200603-r2,Cesnet200603,trajectory,P,23,27.56804362545615,0.6892010906364037,optimal,3.758646921000036,38816,79931,238677
rescuenet,Cesnet200603-r2,Cesnet200603,trajectory,P,24,28.55927119596037,0.7139817798990092,optimal,3.450432322002598,38816,79931,238677
rescuenet,Cesnet200603-r2,Cesnet200603,trajectory,P,25,28.242473045389566,0.7060618261347391,optimal,2.9215574800036848,38816,79931,238677
rescuenet,Cesnet200603-r2,Cesnet200603,trajectory,P,26,29.324929668048366,0.7331232417012091,optimal,2.754674135998357,38816,79931,238677
rescuenet,Cesnet200603-r2,Cesnet200603,trajectory,P,27,29.191288486314388,0.7297822121578597,optimal,2.8047347410029033,38816,79931,238677
rescuenet,Cesnet200603-r2,Cesnet200603,trajectory,P,28,28.668982546714943,0.7167245636678736,optimal,2.9794288509947364,38816,79931,238677
rescuenet,Cesnet200603-r2,Cesnet200603,trajectory,P,29,29.02928998105378,0.7257322495263445,optimal,2.829988436998974,38816,79931,238677
rescuenet,Cesnet200603-r2,Cesnet200603,trajectory,TRAN,0,31.212672389836744,0.7803168097459185,optimal,2.816298703000939,38816,79931,238677
rescuenet,Cesnet200603-r2,Cesnet200603,trajectory,TRAN,1,31.64861963436977,0.7912154908592443,optimal,2.762938997002493,38816,79931,238677
rescuenet,Cesnet200603-r2,Cesnet200603,trajectory,TRAN,2,32.69423260784827,0.8173558151962068,optimal,2.732984075002605,38816,79931,238677
rescuenet,Cesnet200603-r2,Cesnet200603,trajectory,TRAN,3,31.016148189341248,0.7754037047335312,optimal,3.17799776699394,38816,79931,238677
rescuenet,Cesnet200603-r2,Cesnet200603,trajectory,TRAN,4,32.20894959416228,0.8052237398540569,optimal,2.8256106569970143,38816,79931,238677
rescuenet,Cesnet200603-r2,Cesnet200603,trajectory,TRAN,5,31.589243383984833,0.7897310845996208,optimal,3.132816136996553,38816,79931,238677
rescuenet,Cesnet200603-r2,Cesnet200603,trajectory,TRAN,6,31.29924805468005,0.7824812013670013,optimal,3.4177522219979437,38816,79931,238677
rescuenet,Cesnet200603-r2,Cesnet200603,trajectory,TRAN,7,31.060805499416922,0.776520137485423,optimal,3.576985550003883,38816,79931,238677
rescuenet,Cesnet200603-r2,Cesnet200603,trajectory,TRAN,8,32.39617563788249,0.8099043909470623,optimal,3.6471587119958713,38816,79931,238677
rescuenet,Cesnet200603-r2,Cesnet200603,trajectory,TRAN,9,31.906993949016435,0.7976748487254108,optimal,3.100874224001018,38816,79931,238677
rescuenet,Cesnet200603-r2,Cesnet200603,trajectory,TRAN,10,31.99019977021242,0.7997549942553105,optimal,2.958666500999243,38816,79931,238677
rescuenet,Cesnet200603-r2,Cesnet200603,trajectory,TRAN,11,31.53239699745855,0.7883099249364638,optimal,3.622234762995504,38816,79931,238677
rescuenet,Cesnet200603-r2,Cesnet200603,trajectory,TRAN,12,31.68490465968288,0.7921226164920719,optimal,3.5832131470015156,38816,79931,238677
rescuenet,Cesnet200603-r2,Cesnet200603,trajectory,TRAN,13,30.27211250549269,0.7568028126373172,optimal,3.4361851060020854,38816,79931,238677
rescuenet,Cesnet200603-r2,Cesnet200603,trajectory,TRAN,14,30.593462155514022,0.7648365538878505,optimal,3.1084847719976096,38816,79931,238677
rescuenet,Cesnet200603-r2,Cesnet200603,trajectory,TRAN,15,30.859163562794716,0.771479089069868,optimal,3.302905176002241,38816,79931,238677
rescuenet,Cesnet200603-r2,Cesnet200603,trajectory,TRAN,16,32.25596430263129,0.8063991075657823,optimal,3.8767838359999587,38816,79931,238677
rescuenet,Cesnet200603-r2,Cesnet200603,trajectory,TRAN,17,31.62909235700686,0.7907273089251715,optimal,3.4594347339952947,38816,79931,238677
rescuenet,Cesnet200603-r2,Cesnet200603,trajectory,TRAN,18,32.063417259375164,0.8015854314843791,optimal,3.351998791004007,38816,79931,238677
rescuenet,Cesnet200603-r2,Cesnet200603,trajectory,TRAN,19,30.470856147328856,0.7617714036832214,optimal,3.4175386909992085,38816,79931,238677
rescuenet,Cesnet200603-r2,Cesnet200603,trajectory,TRAN,20,31.58821949508919,0.7897054873772298,optimal,3.110817862994736,38816,79931,238677
rescuenet,Cesnet200603-r2,Cesnet200603,trajectory,TRAN,21,30.790876563523337,0.7697719140880834,optimal,3.132747481999104,38816,79931,238677
rescuenet,Cesnet200603-r2,Cesnet200603,trajectory,TRAN,22,31.650504629340332,0.7912626157335083,optimal,3.5560387809964595,38816,79931,238677
rescuenet,Cesnet200603-r2,Cesnet200603,trajectory,TRAN,23,30.630818134006415,0.7657704533501604,optimal,3.4590262369965785,38816,79931,238677
rescuenet,Cesnet200603-r2,Cesnet200603,trajectory,TRAN,24,31.31710390910461,0.7829275977276152,optimal,3.2966361370054074,38816,79931,238677
rescuenet,Cesnet200603-r2,Cesnet200603,trajectory,TRAN,25,30.896466224513922,0.7724116556128481,optimal,3.3445729820014094,38816,79931,238677
rescuenet,Cesnet200603-r2,Cesnet200603,trajectory,TRAN,26,31.98197424920013,0.7995493562300033,optimal,3.3866295569969225,38816,79931,238677
rescuenet,Cesnet200603-r2,Cesnet200603,trajectory,TRAN,27,32.201063904553024,0.8050265976138256,optimal,3.6367392480024137,38816,79931,238677
rescuenet,Cesnet200603-r2,Cesnet200603,trajectory,TRAN,28,31.16461658937433,0.7791154147343582,optimal,3.594212421005068,38816,79931,238677
rescuenet,Cesnet200603-r2,Cesnet200603,trajectory,TRAN,29,32.42880587449335,0.8107201468623337,optimal,3.3873219569941284,38816,79931,238677
rescuenet,Digex-r0,Digex,ground_only,,0,10.568147959377805,0.2642036989844451,optimal,0.4423242470002151,8201,15984,41463
rescuenet,Digex-r0,Digex,ground_only,,1,10.568147959377805,0.2642036989844451,optimal,0.4119291980023263,8201,15984,41463
rescuenet,Digex-r0,Digex,ground_only,,2,10.568147959377805,0.2642036989844451,optimal,0.39488153199636145,8201,15984,41463
rescuenet,Digex-r0,Digex,ground_only,,3,10.568147959377805,0.2642036989844451,optimal,0.3920916320057586,8201,15984,41463
rescuenet,Digex-r0,Digex,ground_only,,4,10.568147959377805,0.2642036989844451,optimal,0.39228723300038837,8201,15984,41463
rescuenet,Digex-r0,Digex,ground_only,,5,10.568147959377805,0.2642036989844451,optimal,0.40859582900156965,8201,15984,41463
rescuenet,Digex-r0,Digex,ground_only,,6,10.568147959377805,0.2642036989844451,optimal,0.4003750839983695,8201,15984,41463
rescuenet,Digex-r0,Digex,ground_only,,7,10.568147959377805,0.2642036989844451,optimal,0.4123006700028782,8201,15984,41463
rescuenet,Digex-r0,Digex,ground_only,,8,10.568147959377805,0.2642036989844451,optimal,0.4145155199948931,8201,15984,41463
rescuenet,Digex-r0,Digex,ground_only,,9,10.568147959377805,0.2642036989844451,optimal,0.4044094499986386,8201,15984,41463
rescuenet,Digex-r0,Digex,ground_only,,10,10.568147959377805,0.2642036989844451,optimal,0.4166392580009415,8201,15984,41463
rescuenet,Digex-r0,Digex,ground_only,,11,10.568147959377805,0.2642036989844451,optimal,0.4155879539976013,8201,15984,41463
rescuenet,Digex-r0,Digex,ground_only,,12,10.568147959377805,0.2642036989844451,optimal,0.4038526570002432,8201,15984,41463
rescuenet,Digex-r0,Digex,ground_only,,13,10.568147959377805,0.2642036989844451,optimal,0.4207957270045881,8201,15984,41463
rescuenet,Digex-r0,Digex,ground_only,,14,10.568147959377805,0.2642036989844451,optimal,0.4060674590000417,8201,15984,41463
rescuenet,Digex-r0,Digex,ground_only,,15,10.568147959377805,0.2642036989844451,optimal,0.3970944720058469,8201,15984,41463
rescuenet,Digex-r0,Digex,ground_only,,16,10.568147959377805,0.2642036989844451,optimal,0.4064187190015218,8201,15984,41463
rescuenet,Digex-r0,Digex,ground_only,,17,10.568147959377805,0.2642036989844451,optimal,0.4010230200001388,8201,15984,41463
rescuenet,Digex-r0,Digex,ground_only,,18,10.568147959377805,0.2642036989844451,optimal,0.3966432259985595,8201,15984,41463
rescuenet,Digex-r0,Digex,ground_only,,19,10.568147959377805,0.2642036989844451,optimal,0.41386382000200683,8201,15984,41463
rescuenet,Digex-r0,Digex,ground_only,,20,10.568147959377805,0.2642036989844451,optimal,0.4351674630015623,8201,15984,41463
rescuenet,Digex-r0,Digex,ground_only,,21,10.568147959377805,0.2642036989844451,optimal,0.4528145219956059,8201,15984,41463
rescuenet,Digex-r0,Digex,ground_only,,22,10.568147959377805,0.2642036989844451,optimal,0.39435504100401886,8201,15984,41463
rescuenet,Digex-r0,Digex,ground_only,,23,10.568147959377805,0.2642036989844451,optimal,0.44896802800212754,8201,15984,41463
rescuenet,Digex-r0,Digex,ground_only,,24,10.568147959377805,0.2642036989844451,optimal,0.43931260200042743,8201,15984,41463
rescuenet,Digex-r0,Digex,ground_only,,25,10.568147959377805,0.2642036989844451,optimal,0.3895433780053281,8201,15984,41463
rescuenet,Digex-r0,Digex,ground_only,,26,10.568147959377805,0.2642036989844451,optimal,0.3862651340023149,8201,15984,41463
rescuenet,Digex-r0,Digex,ground_only,,27,10.568147959377805,0.2642036989844451,optimal,0.4198187579968362,8201,15984,41463
rescuenet,Digex-r0,Digex,ground_only,,28,10.568147959377805,0.2642036989844451,optimal,0.4011255110017373,8201,15984,41463
rescuenet,Digex-r0,Digex,ground_only,,29,10.568147959377805,0.2642036989844451,optimal,0.41707214299822226,8201,15984,41463
rescuenet,Digex-r0,Digex,trajectory,B1,0,20.71488567981189,0.5178721419952972,optimal,5.462504748000356,55678,87410,299050
rescuenet,Digex-r0,Digex,trajectory,B1,1,20.70109594602907,0.5175273986507267,optimal,5.476528138999129,55678,87410,299050
rescuenet,Digex-r0,Digex,trajectory,B1,2,18.658117497675093,0.4664529374418773,optimal,5.8966289960008,55678,87410,299050
rescuenet,Digex-r0,Digex,trajectory,B1,3,21.354955200960287,0.5338738800240072,optimal,5.837074378992838,55678,87410,299050
rescuenet,Digex-r0,Digex,trajectory,B1,4,18.665177413533318,0.46662943533833295,optimal,5.79727971599641,55678,87410,299050
rescuenet,Digex-r0,Digex,trajectory,B1,5,20.0316528279201,0.5007913206980026,optimal,4.909976340997673,55678,87410,299050
rescuenet,Digex-r0,Digex,trajectory,B1,6,19.268406887274022,0.4817101721818505,optimal,5.697463329001039,55678,87410,299050
rescuenet,Digex-r0,Digex,trajectory,B1,7,18.00767356255974,0.4501918390639935,optimal,6.565003412004444,55678,87410,299050
rescuenet,Digex-r0,Digex,trajectory,B1,8,20.098726218964465,0.5024681554741116,optimal,5.732996915001422,55678,87410,299050
rescuenet,Digex-r0,Digex,trajectory,B1,9,19.506186192881543,0.48765465482203857,optimal,6.617403619995457,55678,87410,299050
rescuenet,Digex-r0,Digex,trajectory,B1,10,20.755146311238892,0.5188786577809723,optimal,5.711651448997145,55678,87410,299050
rescuenet,Digex-r0,Digex,trajectory,B1,11,19.43164654477196,0.485791163619299,optimal,5.836182797997026,55678,87410,299050
rescuenet,Digex-r0,Digex,trajectory,B1,12,18.507136074677682,0.46267840186694204,optimal,5.2488713069978985,55678,87410,299050
rescuenet,Digex-r0,Digex,trajectory,B1,13,20.200788648904865,0.5050197162226217,optimal,6.4157613329953165,55678,87410,299050
rescuenet,Digex-r0,Digex,trajectory,B1,14,20.327905204736087,0.5081976301184021,optimal,5.422485291004705,55678,87410,299050
rescuenet,Digex-r0,Digex,trajectory,B1,15,19.881620877386066,0.49704052193465165,optimal,4.975518892002583,55678,87410,299050
rescuenet,Digex-r0,Digex,trajectory,B1,16,19.02472752919177,0.4756181882297943,optimal,4.686149631997978,55678,87410,299050
rescuenet,Digex-r0,Digex,trajectory,B1,17,19.10628487466915,0.47765712186672876,optimal,4.723722190996341,55678,87410,299050
rescuenet,Digex-r0,Digex,trajectory,B1,18,19.841048279534352,0.4960262069883588,optimal,5.6366066050031804,55678,87410,299050
rescuenet,Digex-r0,Digex,trajectory,B1,19,21.344516685637505,0.5336129171409376,optimal,5.1147413729995606,55678,87410,299050
rescuenet,Digex-r0,Digex,trajectory,B1,20,22.060979255123424,0.5515244813780856,optimal,5.361250282003311,55678,87410,299050
rescuenet,Digex-r0,Digex,trajectory,B1,21,18.852706922552233,0.47131767306380584,optimal,5.277608689000772,55678,87410,299050
rescuenet,Digex-r0,Digex,trajectory,B1,22,20.703709592450146,0.5175927398112536,optimal,5.434051029005786,55678,87410,299050
rescuenet,Digex-r0,Digex,trajectory,B1,23,18.779722260376868,0.4694930565094217,optimal,5.072942273996887,55678,87410,299050
rescuenet,Digex-r0,Digex,trajectory,B1,24,17.768279128304403,0.44420697820761007,optimal,5.137033929000609,55678,87410,299050
rescuenet,Digex-r0,Digex,trajectory,B1,25,19.500813967703905,0.4875203491925976,optimal,4.995165977001307,55678,87410,299050
rescuenet,Digex-r0,Digex,trajectory,B1,26,20.166480261560654,0.5041620065390163,optimal,5.503049054997973,55678,87410,299050
rescuenet,Digex-r0,Digex,trajectory,B1,27,21.248784459542108,0.5312196114885527,optimal,5.457542880001711,55678,87410,299050
rescuenet,Digex-r0,Digex,trajectory,B1,28,20.25447781065754,0.5063619452664385,optimal,4.8503232410002965,55678,87410,299050
rescuenet,Digex-r0,Digex,trajectory,B1,29,18.895131834211952,0.4723782958552988,optimal,5.074396723997779,55678,87410,299050
rescuenet,Digex-r0,Digex,trajectory,B2,0,25.941982083177813,0.6485495520794453,optimal,6.5538458510054625,55678,87410,299050
rescuenet,Digex-r0,Digex,trajectory,B2,1,25.086538971909185,0.6271634742977297,optimal,6.779107542999554,55678,87410,299050
rescuenet,Digex-r0,Digex,trajectory,B2,2,24.848895357704766,0.6212223839426192,optimal,5.5722668479938875,55678,87410,299050
rescuenet,Digex-r0,Digex,trajectory,B2,3,26.49692744529865,0.6624231861324662,optimal,7.914378721994581,55678,87410,299050
rescuenet,Digex-r0,Digex,trajectory,B2,4,26.236849028491747,0.6559212257122937,optimal,7.856021876003069,55678,87410,299050
rescuenet,Digex-r0,Digex,trajectory,B2,5,26.861856630483874,0.6715464157620968,optimal,6.614471625005535,55678,87410,299050
rescuenet,Digex-r0,Digex,trajectory,B2,6,25.263139550070882,0.631578488751772,optimal,6.6408274060013355,55678,87410,299050
rescuenet,Digex-r0,Digex,trajectory,B2,7,24.448212945042144,0.6112053236260536,optimal,5.645350106002297,55678,87410,299050
rescuenet,Digex-r0,Digex,trajectory,B2,8,25.39727768226283,0.6349319420565707,optimal,6.136307584994938,55678,87410,299050
rescuenet,Digex-r0,Digex,trajectory,B2,9,25.46005482816699,0.6365013707041747,optimal,6.335289905997342,55678,87410,299050
rescuenet,Digex-r0,Digex,trajectory,B2,10,25.345039451291015,0.6336259862822754,optimal,5.530391061998671,55678,87410,299050
rescuenet,Digex-r0,Digex,trajectory,B2,11,24.715357120371788,0.6178839280092947,optimal,5.6192357789987,55678,87410,299050
rescuenet,Digex-r0,Digex,trajectory,B2,12,27.18251890717257,0.6795629726793143,optimal,6.254941952996887,55678,87410,299050
rescuenet,Digex-r0,Digex,trajectory,B2,13,25.11524525315271,0.6278811313288177,optimal,7.211511181005335,55678,87410,299050
rescuenet,Digex-r0,Digex,trajectory,B2,14,25.171271604149332,0.6292817901037333,optimal,7.83493797799747,55678,87410,299050
rescuenet,Digex-r0,Digex,trajectory,B2,15,26.782674021732902,0.6695668505433225,optimal,6.904439204998198,55678,87410,299050
rescuenet,Digex-r0,Digex,trajectory,B2,16,27.359417395971757,0.683985434899294,optimal,6.987369681999553,55678,87410,299050
rescuenet,Digex-r0,Digex,trajectory,B2,17,26.848326139487536,0.6712081534871884,optimal,8.088762502004101,55678,87410,299050
rescuenet,Digex-r0,Digex,trajectory,B2,18,24.598996509929595,0.6149749127482399,optimal,5.9778809460040065,55678,87410,299050
rescuenet,Digex-r0,Digex,trajectory,B2,19,27.435693761981383,0.6858923440495346,optimal,7.96070063499792,55678,87410,299050
rescuenet,Digex-r0,Digex,trajectory,B2,20,27.37158050200606,0.6842895125501516,optimal,6.091882578999503,55678,87410,299050
rescuenet,Digex-r0,Digex,trajectory,B2,21,25.163591496044592,0.6290897874011148,optimal,5.980407452996587,55678,87410,299050
rescuenet,Digex-r0,Digex,trajectory,B2,22,26.86515575809265,0.6716288939523163,optimal,5.751261965997401,55678,87410,299050
rescuenet,Digex-r0,Digex,trajectory,B2,23,25.73709716125323,0.6434274290313308,optimal,6.877991309003846,55678,87410,299050
rescuenet,Digex-r0,Digex,trajectory,B2,24,25.39555392533935,0.6348888481334838,optimal,6.4118286189986975,55678,87410,299050
rescuenet,Digex-r0,Digex,trajectory,B2,25,26.35323256552796,0.658830814138199,optimal,6.257963702002598,55678,87410,299050
rescuenet,Digex-r0,Digex,trajectory,B2,26,25.340741699516382,0.6335185424879095,optimal,7.215829215994745,55678,87410,299050
rescuenet,Digex-r0,Digex,trajectory,B2,27,26.74914848096164,0.668728712024041,optimal,6.869228313000349,55678,87410,299050
rescuenet,Digex-r0,Digex,trajectory,B2,28,25.55959883726547,0.6389899709316367,optimal,6.239470654996694,55678,87410,299050
rescuenet,Digex-r0,Digex,trajectory,B2,29,25.227175193357226,0.6306793798339306,optimal,5.537292654000339,55678,87410,299050
rescuenet,Digex-r0,Digex,trajectory,P,0,25.57413169099748,0.639353292274937,optimal,6.686831892002374,55678,87410,299050
rescuenet,Digex-r0,Digex,trajectory,P,1,24.81584640894758,0.6203961602236895,optimal,6.137220582000737,55678,87410,299050
rescuenet,Digex-r0,Digex,trajectory,P,2,23.733130229082434,0.5933282557270608,optimal,7.082775175003917,55678,87410,299050
rescuenet,Digex-r0,Digex,trajectory,P,3,25.105086821826365,0.6276271705456591,optimal,5.339907339002821,55678,87410,299050
rescuenet,Digex-r0,Digex,trajectory,P,4,25.800042659189796,0.6450010664797449,optimal,5.40292095499899,55678,87410,299050
rescuenet,Digex-r0,Digex,trajectory,P,5,26.137215469214244,0.6534303867303561,optimal,5.633342030996573,55678,87410,299050
rescuenet,Digex-r0,Digex,trajectory,P,6,24.55998457453173,0.6139996143632932,optimal,5.020034709996253,55678,87410,299050
rescuenet,Digex-r0,Digex,trajectory,P,7,25.276426441974195,0.6319106610493549,optimal,5.707911138000782,55678,87410,299050
rescuenet,Digex-r0,Digex,trajectory,P,8,25.64743728943956,0.641185932235989,optimal,5.57525780099968,55678,87410,299050
rescuenet,Digex-r0,Digex,trajectory,P,9,25.42538378918454,0.6356345947296135,optimal,6.141099196000141,55678,87410,299050
rescuenet,Digex-r0,Digex,trajectory,P,10,24.894680817036573,0.6223670204259143,optimal,5.482229077999364,55678,87410,299050
rescuenet,Digex-r0,Digex,trajectory,P,11,24.613569844751982,0.6153392461187995,optimal,5.290132955000445,55678,87410,299050
rescuenet,Digex-r0,Digex,trajectory,P,12,26.85921073828044,0.6714802684570109,optimal,5.763767443000688,55678,87410,299050
rescuenet,Digex-r0,Digex,trajectory,P,13,25.032369759402282,0.6258092439850571,optimal,5.006938219004951,55678,87410,299050
rescuenet,Digex-r0,Digex,trajectory,P,14,24.67884008162518,0.6169710020406295,optimal,6.124541630997555,55678,87410,299050
rescuenet,Digex-r0,Digex,trajectory,P,15,27.179884799910326,0.6794971199977582,optimal,5.972956041005091,55678,87410,299050
rescuenet,Digex-r0,Digex,trajectory,P,16,26.077026732653263,0.6519256683163316,optimal,5.067882192997786,55678,87410,299050
rescuenet,Digex-r0,Digex,trajectory,P,17,26.57290422498332,0.664322605624583,optimal,5.544217871000001,55678,87410,299050
rescuenet,Digex-r0,Digex,trajectory,P,18,23.951773808566717,0.598794345214168,optimal,5.057091501003015,55678,87410,299050
rescuenet,Digex-r0,Digex,trajectory,P,19,26.43158775729334,0.6607896939323334,optimal,5.9726198880016454,55678,87410,299050
rescuenet,Digex-r0,Digex,trajectory,P,20,26.923797233873692,0.6730949308468424,optimal,5.252952424001705,55678,87410,299050
rescuenet,Digex-r0,Digex,trajectory,P,21,24.77459679410932,0.619364919852733,optimal,4.942373805999523,55678,87410,299050
rescuenet,Digex-r0,Digex,trajectory,P,22,26.151246635099557,0.6537811658774889,optimal,6.018287230996066,55678,87410,299050
rescuenet,Digex-r0,Digex,trajectory,P,23,24.802050680171266,0.6200512670042817,optimal,5.840292316999694,55678,87410,299050
rescuenet,Digex-r0,Digex,trajectory,P,24,25.577746055935297,0.6394436513983824,optimal,5.67062992999854,55678,87410,299050
rescuenet,Digex-r0,Digex,trajectory,P,25,25.28187115613883,0.6320467789034707,optimal,5.904838339003618,55678,87410,299050
rescuenet,Digex-r0,Digex,trajectory,P,26,25.31460689774825,0.6328651724437062,optimal,7.791493852004351,55678,87410,299050
rescuenet,Digex-r0,Digex,trajectory,P,27,26.433756898651197,0.6608439224662799,optimal,5.487881998997182,55678,87410,299050
rescuenet,Digex-r0,Digex,trajectory,P,28,25.15779311008371,0.6289448277520927,optimal,4.771747874998255,55678,87410,299050
rescuenet,Digex-r0,Digex,trajectory,P,29,24.168261701493954,0.6042065425373488,optimal,5.4959905890063965,55678,87410,299050
rescuenet,Digex-r0,Digex,trajectory,TRAN,0,28.205472718797544,0.7051368179699387,optimal,5.908651812002063,55678,87410,299050
rescuenet,Digex-r0,Digex,trajectory,TRAN,1,27.735760137970168,0.6933940034492542,optimal,6.432513357998687,55678,87410,299050
rescuenet,Digex-r0,Digex,trajectory,TRAN,2,27.68607679872445,0.6921519199681112,optimal,6.24105888500344,55678,87410,299050
rescuenet,Digex-r0,Digex,trajectory,TRAN,3,28.556050246903943,0.7139012561725986,optimal,6.062982589995954,55678,87410,299050
rescuenet,Digex-r0,Digex,trajectory,TRAN,4,28.60312268637879,0.7150780671594698,optimal,6.518477559999155,55678,87410,299050
rescuenet,Digex-r0,Digex,trajectory,TRAN,5,29.044846141049838,0.726121153526246,optimal,5.494493816004251,55678,87410,299050
rescuenet,Digex-r0,Digex,trajectory,TRAN,6,28.801027988247622,0.7200256997061906,optimal,5.125967485000729,55678,87410,299050
rescuenet,Digex-r0,Digex,trajectory,TRAN,7,28.153809174184264,0.7038452293546066,optimal,5.479799823006033,55678,87410,299050
rescuenet,Digex-r0,Digex,trajectory,TRAN,8,27.705244104324883,0.6926311026081221,optimal,5.94868311999744,55678,87410,299050
rescuenet,Digex-r0,Digex,trajectory,TRAN,9,28.780506386902076,0.7195126596725518,optimal,5.5561595629988005,55678,87410,299050
rescuenet,Digex-r0,Digex,trajectory,TRAN,10,27.789690186872598,0.6947422546718149,optimal,5.0063022620015545,55678,87410,299050
rescuenet,Digex-r0,Digex,trajectory,TRAN,11,27.36482135960947,0.6841205339902368,optimal,5.542616561004252,55678,87410,299050
rescuenet,Digex-r0,Digex,trajectory,TRAN,12,28.960065154219812,0.7240016288554953,optimal,5.706994811000186,55678,87410,299050
rescuenet,Digex-r0,Digex,trajectory,TRAN,13,27.656106552602225,0.6914026638150557,optimal,4.976263459997426,55678,87410,299050
rescuenet,Digex-r0,Digex,trajectory,TRAN,14,28.349462160942043,0.7087365540235511,optimal,5.289843216000008,55678,87410,299050
rescuenet,Digex-r0,Digex,trajectory,TRAN,15,29.301056876835233,0.7325264219208808,optimal,5.373343804007163,55678,87410,299050
rescuenet,Digex-r0,Digex,trajectory,TRAN,16,28.84472191900128,0.721118047975032,optimal,5.62428713600093,55678,87410,299050
rescuenet,Digex-r0,Digex,trajectory,TRAN,17,28.799551423495394,0.7199887855873849,optimal,6.49204293400544,55678,87410,299050
rescuenet,Digex-r0,Digex,trajectory,TRAN,18,27.027269552373834,0.6756817388093459,optimal,5.718327186004899,55678,87410,299050
rescuenet,Digex-r0,Digex,trajectory,TRAN,19,28.732134765565114,0.7183033691391278,optimal,5.707126565997896,55678,87410,299050
rescuenet,Digex-r0,Digex,trajectory,TRAN,20,29.775216471675222,0.7443804117918805,optimal,6.860880068998085,55678,87410,299050
rescuenet,Digex-r0,Digex,trajectory,TRAN,21,26.46967347196061,0.6617418367990153,optimal,7.313268753001466,55678,87410,299050
rescuenet,Digex-r0,Digex,trajectory,TRAN,22,27.946443271249734,0.6986610817812433,optimal,6.265585567001835,55678,87410,299050
rescuenet,Digex-r0,Digex,trajectory,TRAN,23,28.707675847959283,0.7176918961989821,optimal,5.578019837994361,55678,87410,299050
rescuenet,Digex-r0,Digex,trajectory,TRAN,24,27.918193407465218,0.6979548351866305,optimal,5.515071071997227,55678,87410,299050
rescuenet,Digex-r0,Digex,trajectory,TRAN,25,28.202287790906084,0.705057194772652,optimal,5.198469876995659,55678,87410,299050
rescuenet,Digex-r0,Digex,trajectory,TRAN,26,27.537361644818528,0.6884340411204632,optimal,6.195972342000459,55678,87410,299050
rescuenet,Digex-r0,Digex,trajectory,TRAN,27,29.58661946269812,0.739665486567453,optimal,5.485506860000896,55678,87410,299050
rescuenet,Digex-r0,Digex,trajectory,TRAN,28,27.661047671495275,0.6915261917873818,optimal,5.576148772001034,55678,87410,299050
rescuenet,Digex-r0,Digex,trajectory,TRAN,29,29.208582833150622,0.7302145708287655,optimal,5.339242149995698,55678,87410,299050
rescuenet,Digex-r1,Digex,ground_only,,0,9.581734150258283,0.23954335375645708,optimal,0.2756506529985927,7508,15695,39056
rescuenet,Digex-r1,Digex,ground_only,,1,9.581734150258283,0.23954335375645708,optimal,0.2775608980009565,7508,15695,39056
rescuenet,Digex-r1,Digex,ground_only,,2,9.581734150258283,0.23954335375645708,optimal,0.2824363099934999,7508,15695,39056
rescuenet,Digex-r1,Digex,ground_only,,3,9.581734150258283,0.23954335375645708,optimal,0.2675095459999284,7508,15695,39056
rescuenet,Digex-r1,Digex,ground_only,,4,9.581734150258283,0.23954335375645708,optimal,0.25412222700106213,7508,15695,39056
rescuenet,Digex-r1,Digex,ground_only,,5,9.581734150258283,0.23954335375645708,optimal,0.2804115949984407,7508,15695,39056
rescuenet,Digex-r1,Digex,ground_only,,6,9.581734150258283,0.23954335375645708,optimal,0.2755961840011878,7508,15695,39056
rescuenet,Digex-r1,Digex,ground_only,,7,9.581734150258283,0.23954335375645708,optimal,0.2804808860018966,7508,15695,39056
rescuenet,Digex-r1,Digex,ground_only,,8,9.581734150258283,0.23954335375645708,optimal,0.2715826889980235,7508,15695,39056
rescuenet,Digex-r1,Digex,ground_only,,9,9.581734150258283,0.23954335375645708,optimal,0.2856619019948994,7508,15695,39056
rescuenet,Digex-r1,Digex,ground_only,,10,9.581734150258283,0.23954335375645708,optimal,0.274352861000807,7508,15695,39056
rescuenet,Digex-r1,Digex,ground_only,,11,9.581734150258283,0.23954335375645708,optimal,0.28576842999609653,7508,15695,39056
rescuenet,Digex-r1,Digex,ground_only,,12,9.581734150258283,0.23954335375645708,optimal,0.28936745499959216,7508,15695,39056
rescuenet,Digex-r1,Digex,ground_only,,13,9.581734150258283,0.23954335375645708,optimal,0.29428223300055834,7508,15695,39056
rescuenet,Digex-r1,Digex,ground_only,,14,9.581734150258283,0.23954335375645708,optimal,0.2771624669985613,7508,15695,39056
rescuenet,Digex-r1,Digex,ground_only,,15,9.581734150258283,0.23954335375645708,optimal,0.2735154550027801,7508,15695,39056
rescuenet,Digex-r1,Digex,ground_only,,16,9.581734150258283,0.23954335375645708,optimal,0.28087634899566183,7508,15695,39056
rescuenet,Digex-r1,Digex,ground_only,,17,9.581734150258283,0.23954335375645708,optimal,0.2860718550000456,7508,15695,39056
rescuenet,Digex-r1,Digex,ground_only,,18,9.581734150258283,0.23954335375645708,optimal,0.3181111599988071,7508,15695,39056
rescuenet,Digex-r1,Digex,ground_only,,19,9.581734150258283,0.23954335375645708,optimal,0.28011757300555473,7508,15695,39056
rescuenet,Digex-r1,Digex,ground_only,,20,9.581734150258283,0.23954335375645708,optimal,0.27679911199811613,7508,15695,39056
rescuenet,Digex-r1,Digex,ground_only,,21,9.581734150258283,0.23954335375645708,optimal,0.28400141799647827,7508,15695,39056
rescuenet,Digex-r1,Digex,ground_only,,22,9.581734150258283,0.23954335375645708,optimal,0.27893047799443593,7508,15695,39056
rescuenet,Digex-r1,Digex,ground_only,,23,9.581734150258283,0.23954335375645708,optimal,0.28273749499931,7508,15695,39056
rescuenet,Digex-r1,Digex,ground_only,,24,9.581734150258283,0.23954335375645708,optimal,0.2848100350020104,7508,15695,39056
rescuenet,Digex-r1,Digex,ground_only,,25,9.581734150258283,0.23954335375645708,optimal,0.30655223200301407,7508,15695,39056
rescuenet,Digex-r1,Digex,ground_only,,26,9.581734150258283,0.23954335375645708,optimal,0.2840545579965692,7508,15695,39056
rescuenet,Digex-r1,Digex,ground_only,,27,9.581734150258283,0.23954335375645708,optimal,0.2732402279943926,7508,15695,39056
rescuenet,Digex-r1,Digex,ground_only,,28,9.581734150258283,0.23954335375645708,optimal,0.28319765200285474,7508,15695,39056
rescuenet,Digex-r1,Digex,ground_only,,29,9.581734150258283,0.23954335375645708,optimal,0.285209677000239,7508,15695,39056
rescuenet,Digex-r1,Digex,trajectory,B1,0,19.95418827385975,0.49885470684649375,optimal,4.388148678001016,53318,83409,282870
rescuenet,Digex-r1,Digex,trajectory,B1,1,20.314593299646898,0.5078648324911724,optimal,4.387111608994019,53318,83409,282870
rescuenet,Digex-r1,Digex,trajectory,B1,2,18.153875730951004,0.4538468932737751,optimal,4.254610168005456,53318,83409,282870
rescuenet,Digex-r1,Digex,trajectory,B1,3,19.565412294939282,0.48913530737348204,optimal,4.0741211689964985,53318,83409,282870
rescuenet,Digex-r1,Digex,trajectory,B1,4,18.104897102666953,0.4526224275666738,optimal,4.067268344995682,53318,83409,282870
rescuenet,Digex-r1,Digex,trajectory,B1,5,18.50474200883992,0.46261855022099796,optimal,3.940963387998636,53318,83409,282870
rescuenet,Digex-r1,Digex,trajectory,B1,6,20.691658421274873,0.5172914605318718,optimal,4.1247593099978985,53318,83409,282870
rescuenet,Digex-r1,Digex,trajectory,B1,7,19.120549800093855,0.4780137450023464,optimal,4.102974950001226,53318,83409,282870
rescuenet,Digex-r1,Digex,trajectory,B1,8,18.03161174656782,0.4507902936641955,optimal,4.147245106003538,53318,83409,282870
rescuenet,Digex-r1,Digex,trajectory,B1,9,20.757942106641913,0.5189485526660478,optimal,4.171963490000053,53318,83409,282870
rescuenet,Digex-r1,Digex,trajectory,B1,10,17.992352672152883,0.44980881680382206,optimal,4.279776402996504,53318,83409,282870
rescuenet,Digex-r1,Digex,trajectory,B1,11,18.321616469662157,0.4580404117415539,optimal,5.136224597001274,53318,83409,282870
rescuenet,Digex-r1,Digex,trajectory,B1,12,19.700309892160107,0.49250774730400265,optimal,4.134566740998707,53318,83409,282870
rescuenet,Digex-r1,Digex,trajectory,B1,13,19.923963793074158,0.49809909482685394,optimal,4.200462929999048,53318,83409,282870
rescuenet,Digex-r1,Digex,trajectory,B1,14,19.74530061530407,0.4936325153826018,optimal,4.641249640000751,53318,83409,282870
rescuenet,Digex-r1,Digex,trajectory,B1,15,18.864119933204517,0.47160299833011293,optimal,3.8242996619956102,53318,83409,282870
rescuenet,Digex-r1,Digex,trajectory,B1,16,16.81302792763775,0.4203256981909438,optimal,4.120681758999126,53318,83409,282870
rescuenet,Digex-r1,Digex,trajectory,B1,17,17.944500849860763,0.44861252124651907,optimal,3.9757894220019807,53318,83409,282870
rescuenet,Digex-r1,Digex,trajectory,B1,18,21.54341842049022,0.5385854605122555,optimal,4.550440658997104,53318,83409,282870
rescuenet,Digex-r1,Digex,trajectory,B1,19,18.893622442878222,0.47234056107195554,optimal,4.682759073002671,53318,83409,282870
rescuenet,Digex-r1,Digex,trajectory,B1,20,19.57427829730133,0.48935695743253327,optimal,4.056504909000068,53318,83409,282870
rescuenet,Digex-r1,Digex,trajectory,B1,21,17.84896982230531,0.44622424555763274,optimal,4.4689278840014595,53318,83409,282870
rescuenet,Digex-r1,Digex,trajectory,B1,22,18.91579484290019,0.4728948710725048,optimal,5.084449597001367,53318,83409,282870
rescuenet,Digex-r1,Digex,trajectory,B1,23,16.908646245166434,0.42271615612916086,optimal,5.012716512996121,53318,83409,282870
rescuenet,Digex-r1,Digex,trajectory,B1,24,18.35387968718771,0.45884699217969277,optimal,4.251499300000432,53318,83409,282870
rescuenet,Digex-r1,Digex,trajectory,B1,25,19.91054833446296,0.49776370836157396,optimal,4.434768995000923,53318,83409,282870
rescuenet,Digex-r1,Digex,trajectory,B1,26,16.384416983726044,0.4096104245931511,optimal,4.666127731994493,53318,83409,282870
rescuenet,Digex-r1,Digex,trajectory,B1,27,18.24507086520558,0.4561267716301395,optimal,4.72529247100465,53318,83409,282870
rescuenet,Digex-r1,Digex,trajectory,B1,28,19.192793883686683,0.4798198470921671,optimal,4.13672496000072,53318,83409,282870
rescuenet,Digex-r1,Digex,trajectory,B1,29,20.91129567606601,0.5227823919016503,optimal,4.111134736005624,53318,83409,282870
rescuenet,Digex-r1,Digex,trajectory,B2,0,22.68450188997867,0.5671125472494667,optimal,4.988706333002483,53318,83409,282870
rescuenet,Digex-r1,Digex,trajectory,B2,1,21.680617327676725,0.5420154331919181,optimal,4.464058859994111,53318,83409,282870
rescuenet,Digex-r1,Digex,trajectory,B2,2,21.116840861447027,0.5279210215361757,optimal,4.1490932410015375,53318,83409,282870
rescuenet,Digex-r1,Digex,trajectory,B2,3,22.453156472363986,0.5613289118090996,optimal,4.540678596997168,53318,83409,282870
rescuenet,Digex-r1,Digex,trajectory,B2,4,19.526681356427858,0.48816703391069644,optimal,4.487797570000112,53318,83409,282870
rescuenet,Digex-r1,Digex,trajectory,B2,5,22.446124988396857,0.5611531247099214,optimal,4.211612150997098,53318,83409,282870
rescuenet,Digex-r1,Digex,trajectory,B2,6,23.14037828094642,0.5785094570236604,optimal,4.41189938000025,53318,83409,282870
rescuenet,Digex-r1,Digex,trajectory,B2,7,20.47840900362718,0.5119602250906795,optimal,4.574597434999305,53318,83409,282870
rescuenet,Digex-r1,Digex,trajectory,B2,8,19.628471985100752,0.4907117996275188,optimal,4.422899483004585,53318,83409,282870
rescuenet,Digex-r1,Digex,trajectory,B2,9,21.368439388342733,0.5342109847085683,optimal,4.658588149999559,53318,83409,282870
rescuenet,Digex-r1,Digex,trajectory,B2,10,20.87532204003392,0.5218830510008481,optimal,4.891962484005489,53318,83409,282870
rescuenet,Digex-r1,Digex,trajectory,B2,11,21.796509351226145,0.5449127337806536,optimal,4.233724024001276,53318,83409,282870
rescuenet,Digex-r1,Digex,trajectory,B2,12,21.39439287204962,0.5348598218012406,optimal,4.587662863996229,53318,83409,282870
rescuenet,Digex-r1,Digex,trajectory,B2,13,20.680216991942046,0.5170054247985512,optimal,4.607748032998643,53318,83409,282870
rescuenet,Digex-r1,Digex,trajectory,B2,14,22.105693657708812,0.5526423414427203,optimal,4.4192587259967695,53318,83409,282870
rescuenet,Digex-r1,Digex,trajectory,B2,15,20.072611679104952,0.5018152919776238,optimal,5.715970381999796,53318,83409,282870
rescuenet,Digex-r1,Digex,trajectory,B2,16,20.688479479103318,0.517211986977583,optimal,5.026927753999189,53318,83409,282870
rescuenet,Digex-r1,Digex,trajectory,B2,17,20.7743968545398,0.519359921363495,optimal,5.259618949996366,53318,83409,282870
rescuenet,Digex-r1,Digex,trajectory,B2,18,22.822502922694746,0.5705625730673687,optimal,5.490390803999617,53318,83409,282870
rescuenet,Digex-r1,Digex,trajectory,B2,19,21.525606680107092,0.5381401670026773,optimal,5.051810418997775,53318,83409,282870
rescuenet,Digex-r1,Digex,trajectory,B2,20,22.018742300541724,0.5504685575135431,optimal,5.299722070994903,53318,83409,282870
rescuenet,Digex-r1,Digex,trajectory,B2,21,18.11663511050362,0.45291587776259046,optimal,4.79116841799987,53318,83409,282870
rescuenet,Digex-r1,Digex,trajectory,B2,22,21.70627228530192,0.542656807132548,optimal,5.288259205000941,53318,83409,282870
rescuenet,Digex-r1,Digex,trajectory,B2,23,20.77942881624522,0.5194857204061305,optimal,5.3573169950032025,53318,83409,282870
rescuenet,Digex-r1,Digex,trajectory,B2,24,21.584429944396668,0.5396107486099166,optimal,5.190727225999581,53318,83409,282870
rescuenet,Digex-r1,Digex,trajectory,B2,25,22.002806911188923,0.550070172779723,optimal,5.138290848997713,53318,83409,282870
rescuenet,Digex-r1,Digex,trajectory,B2,26,19.83762176857447,0.49594054421436173,optimal,5.578533095002058,53318,83409,282870
rescuenet,Digex-r1,Digex,trajectory,B2,27,20.564054080271273,0.5141013520067819,optimal,4.998020895996888,53318,83409,282870
rescuenet,Digex-r1,Digex,trajectory,B2,28,21.121561134473563,0.528039028361839,optimal,4.620294099004241,53318,83409,282870
rescuenet,Digex-r1,Digex,trajectory,B2,29,23.041113100787065,0.5760278275196766,optimal,5.039771588002623,53318,83409,282870
rescuenet,Digex-r1,Digex,trajectory,P,0,21.613680556638485,0.5403420139159621,optimal,3.9906801320030354,53318,83409,282870
rescuenet,Digex-r1,Digex,trajectory,P,1,21.54415053162661,0.5386037632906653,optimal,4.569819955002458,53318,83409,282870
rescuenet,Digex-r1,Digex,trajectory,P,2,19.88584316806859,0.4971460792017147,optimal,4.337667221996526,53318,83409,282870
rescuenet,Digex-r1,Digex,trajectory,P,3,21.084210917537067,0.5271052729384267,optimal,4.356794696999714,53318,83409,282870
rescuenet,Digex-r1,Digex,trajectory,P,4,18.907310104591488,0.4726827526147872,optimal,4.903495867001766,53318,83409,282870
rescuenet,Digex-r1,Digex,trajectory,P,5,19.453782511184343,0.4863445627796086,optimal,4.408196958996996,53318,83409,282870
rescuenet,Digex-r1,Digex,trajectory,P,6,22.105425656485675,0.5526356414121418,optimal,5.496127094003896,53318,83409,282870
rescuenet,Digex-r1,Digex,trajectory,P,7,20.03319153947108,0.500829788486777,optimal,5.364506621997862,53318,83409,282870
rescuenet,Digex-r1,Digex,trajectory,P,8,19.980079734324985,0.4995019933581246,optimal,4.862195695000992,53318,83409,282870
rescuenet,Digex-r1,Digex,trajectory,P,9,22.073969457639667,0.5518492364409917,optimal,5.4014259800023865,53318,83409,282870
rescuenet,Digex-r1,Digex,trajectory,P,10,21.011033456635232,0.5252758364158808,optimal,5.781912329999614,53318,83409,282870
rescuenet,Digex-r1,Digex,trajectory,P,11,21.042300227748008,0.5260575056937002,optimal,5.072508652003307,53318,83409,282870
rescuenet,Digex-r1,Digex,trajectory,P,12,20.909654200016725,0.5227413550004181,optimal,4.637560271999973,53318,83409,282870
rescuenet,Digex-r1,Digex,trajectory,P,13,20.881747102891048,0.5220436775722762,optimal,4.3659641230042325,53318,83409,282870
rescuenet,Digex-r1,Digex,trajectory,P,14,20.539843754869256,0.5134960938717315,optimal,4.43792497600225,53318,83409,282870
rescuenet,Digex-r1,Digex,trajectory,P,15,19.559740039712796,0.4889935009928199,optimal,4.588780852005584,53318,83409,282870
rescuenet,Digex-r1,Digex,trajectory,P,16,19.73191520383799,0.4932978800959497,optimal,4.615905982995173,53318,83409,282870
rescuenet,Digex-r1,Digex,trajectory,P,17,20.381140382319064,0.5095285095579766,optimal,4.9285631330058095,53318,83409,282870
rescuenet,Digex-r1,Digex,trajectory,P,18,22.203740437438107,0.5550935109359527,optimal,4.470429449000221,53318,83409,282870
rescuenet,Digex-r1,Digex,trajectory,P,19,21.05153624052734,0.5262884060131835,optimal,4.622978267005237,53318,83409,282870
rescuenet,Digex-r1,Digex,trajectory,P,20,20.895420056158763,0.5223855014039691,optimal,4.7927034690001165,53318,83409,282870
rescuenet,Digex-r1,Digex,trajectory,P,21,17.544166573556364,0.4386041643389091,optimal,4.427396254999621,53318,83409,282870
rescuenet,Digex-r1,Digex,trajectory,P,22,21.11742223505237,0.5279355558763092,optimal,4.598313185000734,53318,83409,282870
rescuenet,Digex-r1,Digex,trajectory,P,23,18.94211589595565,0.4735528973988912,optimal,4.826807940000435,53318,83409,282870
rescuenet,Digex-r1,Digex,trajectory,P,24,21.35562923905055,0.5338907309762637,optimal,5.260249642000417,53318,83409,282870
rescuenet,Digex-r1,Digex,trajectory,P,25,21.81243603133291,0.5453109007833228,optimal,5.436840834998293,53318,83409,282870
rescuenet,Digex-r1,Digex,trajectory,P,26,18.80528815400966,0.47013220385024146,optimal,5.1218396760014,53318,83409,282870
rescuenet,Digex-r1,Digex,trajectory,P,27,19.662966467034398,0.49157416167585993,optimal,5.268646680997335,53318,83409,282870
rescuenet,Digex-r1,Digex,trajectory,P,28,20.55802880384997,0.5139507200962493,optimal,4.905753479004488,53318,83409,282870
rescuenet,Digex-r1,Digex,trajectory,P,29,21.568743483702185,0.5392185870925547,optimal,5.1545517280028434,53318,83409,282870
rescuenet,Digex-r1,Digex,trajectory,TRAN,0,24.387097730808115,0.6096774432702029,optimal,4.703824384007021,53318,83409,282870
rescuenet,Digex-r1,Digex,trajectory,TRAN,1,23.335519738069948,0.5833879934517487,optimal,4.467970516998321,53318,83409,282870
rescuenet,Digex-r1,Digex,trajectory,TRAN,2,24.75207219038612,0.618801804759653,optimal,4.714705764003156,53318,83409,282870
rescuenet,Digex-r1,Digex,trajectory,TRAN,3,26.216019661648645,0.6554004915412162,optimal,4.541344065997691,53318,83409,282870
rescuenet,Digex-r1,Digex,trajectory,TRAN,4,22.245621130884597,0.5561405282721149,optimal,4.160680358996615,53318,83409,282870
rescuenet,Digex-r1,Digex,trajectory,TRAN,5,23.661850529775688,0.5915462632443922,optimal,4.563536542002112,53318,83409,282870
rescuenet,Digex-r1,Digex,trajectory,TRAN,6,25.842145995560642,0.646053649889016,optimal,5.086679400999856,53318,83409,282870
rescuenet,Digex-r1,Digex,trajectory,TRAN,7,23.681275508186012,0.5920318877046503,optimal,4.714473919993907,53318,83409,282870
rescuenet,Digex-r1,Digex,trajectory,TRAN,8,24.003677361840356,0.6000919340460089,optimal,4.29765258700354,53318,83409,282870
rescuenet,Digex-r1,Digex,trajectory,TRAN,9,23.59614191879293,0.5899035479698232,optimal,4.638040783000179,53318,83409,282870
rescuenet,Digex-r1,Digex,trajectory,TRAN,10,24.425616075195613,0.6106404018798903,optimal,5.240006407999317,53318,83409,282870
rescuenet,Digex-r1,Digex,trajectory,TRAN,11,24.99324669417899,0.6248311673544747,optimal,4.126177191996248,53318,83409,282870
rescuenet,Digex-r1,Digex,trajectory,TRAN,12,23.1319629067271,0.5782990726681775,optimal,5.180873548000818,53318,83409,282870
rescuenet,Digex-r1,Digex,trajectory,TRAN,13,23.533951819832268,0.5883487954958067,optimal,5.514193193994288,53318,83409,282870
rescuenet,Digex-r1,Digex,trajectory,TRAN,14,25.46813678353885,0.6367034195884712,optimal,5.627207218996773,53318,83409,282870
rescuenet,Digex-r1,Digex,trajectory,TRAN,15,24.38365623548589,0.6095914058871472,optimal,4.016283550998196,53318,83409,282870
rescuenet,Digex-r1,Digex,trajectory,TRAN,16,23.27699644322667,0.5819249110806667,optimal,4.748949267996068,53318,83409,282870
rescuenet,Digex-r1,Digex,trajectory,TRAN,17,24.398482127179154,0.6099620531794788,optimal,4.847873655002331,53318,83409,282870
rescuenet,Digex-r1,Digex,trajectory,TRAN,18,24.922127923168226,0.6230531980792057,optimal,4.351714292999532,53318,83409,282870
rescuenet,Digex-r1,Digex,trajectory,TRAN,19,23.63902135279255,0.5909755338198137,optimal,4.201138110998727,53318,83409,282870
rescuenet,Digex-r1,Digex,trajectory,TRAN,20,23.264070883162066,0.5816017720790516,optimal,4.264354392005771,53318,83409,282870
rescuenet,Digex-r1,Digex,trajectory,TRAN,21,23.873380543852644,0.5968345135963161,optimal,4.814228089002427,53318,83409,282870
rescuenet,Digex-r1,Digex,trajectory,TRAN,22,23.578132891189497,0.5894533222797375,optimal,5.466044859000249,53318,83409,282870
rescuenet,Digex-r1,Digex,trajectory,TRAN,23,22.251403553922895,0.5562850888480724,optimal,5.606424789999437,53318,83409,282870
rescuenet,Digex-r1,Digex,trajectory,TRAN,24,24.09313997899325,0.6023284994748312,optimal,5.677001654999913,53318,83409,282870
rescuenet,Digex-r1,Digex,trajectory,TRAN,25,23.927737396547133,0.5981934349136784,optimal,5.725858587997209,53318,83409,282870
rescuenet,Digex-r1,Digex,trajectory,TRAN,26,23.42415826550854,0.5856039566377136,optimal,5.5165018160041654,53318,83409,282870
rescuenet,Digex-r1,Digex,trajectory,TRAN,27,22.269733173952098,0.5567433293488024,optimal,5.567008268997597,53318,83409,282870
rescuenet,Digex-r1,Digex,trajectory,TRAN,28,22.627213116449855,0.5656803279112463,optimal,4.943779472996539,53318,83409,282870
rescuenet,Digex-r1,Digex,trajectory,TRAN,29,23.06319073188755,0.5765797682971887,optimal,5.394617787002062,53318,83409,282870
rescuenet,Digex-r2,Digex,ground_only,,0,5.0,0.125,optimal,0.08616843199706636,3500,8075,19027
rescuenet,Digex-r2,Digex,ground_only,,1,5.0,0.125,optimal,0.15856109499873128,3500,8075,19027
rescuenet,Digex-r2,Digex,ground_only,,2,5.0,0.125,optimal,0.15356989500287455,3500,8075,19027
rescuenet,Digex-r2,Digex,ground_only,,3,5.0,0.125,optimal,0.0947399430006044,3500,8075,19027
rescuenet,Digex-r2,Digex,ground_only,,4,5.0,0.125,optimal,0.09649011700093979,3500,8075,19027
rescuenet,Digex-r2,Digex,ground_only,,5,5.0,0.125,optimal,0.09454327700223075,3500,8075,19027
rescuenet,Digex-r2,Digex,ground_only,,6,5.0,0.125,optimal,0.09283043799950974,3500,8075,19027
rescuenet,Digex-r2,Digex,ground_only,,7,5.0,0.125,optimal,0.09457877899694722,3500,8075,19027
rescuenet,Digex-r2,Digex,ground_only,,8,5.0,0.125,optimal,0.09741994100477314,3500,8075,19027
rescuenet,Digex-r2,Digex,ground_only,,9,5.0,0.125,optimal,0.09794627600058448,3500,8075,19027
rescuenet,Digex-r2,Digex,ground_only,,10,5.0,0.125,optimal,0.09921351299999515,3500,8075,19027
rescuenet,Digex-r2,Digex,ground_only,,11,5.0,0.125,optimal,0.09155014000134543,3500,8075,19027
rescuenet,Digex-r2,Digex,ground_only,,12,5.0,0.125,optimal,0.09665102199505782,3500,8075,19027
rescuenet,Digex-r2,Digex,ground_only,,13,5.0,0.125,optimal,0.09126465099689085,3500,8075,19027
rescuenet,Digex-r2,Digex,ground_only,,14,5.0,0.125,optimal,0.08896045299479738,3500,8075,19027
rescuenet,Digex-r2,Digex,ground_only,,15,5.0,0.125,optimal,0.08014556799753336,3500,8075,19027
rescuenet,Digex-r2,Digex,ground_only,,16,5.0,0.125,optimal,0.07188713299547089,3500,8075,19027
rescuenet,Digex-r2,Digex,ground_only,,17,5.0,0.125,optimal,0.07894764499360463,3500,8075,19027
rescuenet,Digex-r2,Digex,ground_only,,18,5.0,0.125,optimal,0.07473436099826358,3500,8075,19027
rescuenet,Digex-r2,Digex,ground_only,,19,5.0,0.125,optimal,0.07443126699945424,3500,8075,19027
rescuenet,Digex-r2,Digex,ground_only,,20,5.0,0.125,optimal,0.07768405199749395,3500,8075,19027
rescuenet,Digex-r2,Digex,ground_only,,21,5.0,0.125,optimal,0.07569839500501985,3500,8075,19027
rescuenet,Digex-r2,Digex,ground_only,,22,5.0,0.125,optimal,0.07724669700110098,3500,8075,19027
rescuenet,Digex-r2,Digex,ground_only,,23,5.0,0.125,optimal,0.0808814190022531,3500,8075,19027
rescuenet,Digex-r2,Digex,ground_only,,24,5.0,0.125,optimal,0.09063608599535655,3500,8075,19027
rescuenet,Digex-r2,Digex,ground_only,,25,5.0,0.125,optimal,0.09193227899959311,3500,8075,19027
rescuenet,Digex-r2,Digex,ground_only,,26,5.0,0.125,optimal,0.09759919800126227,3500,8075,19027
rescuenet,Digex-r2,Digex,ground_only,,27,5.0,0.125,optimal,0.08162590499705402,3500,8075,19027
rescuenet,Digex-r2,Digex,ground_only,,28,5.0,0.125,optimal,0.08590584400371881,3500,8075,19027
rescuenet,Digex-r2,Digex,ground_only,,29,5.0,0.125,optimal,0.08188220599549823,3500,8075,19027
rescuenet,Digex-r2,Digex,trajectory,B1,0,14.027329147601156,0.3506832286900289,optimal,5.7003445839945925,59651,90040,314664
rescuenet,Digex-r2,Digex,trajectory,B1,1,14.939500428517919,0.37348751071294795,optimal,5.050392990997352,59651,90040,314664
rescuenet,Digex-r2,Digex,trajectory,B1,2,14.483790334291761,0.36209475835729404,optimal,4.7272050859974115,59651,90040,314664
rescuenet,Digex-r2,Digex,trajectory,B1,3,13.300213665015718,0.33250534162539297,optimal,5.513137675996404,59651,90040,314664
rescuenet,Digex-r2,Digex,trajectory,B1,4,14.988957104588687,0.3747239276147172,optimal,5.82158164899738,59651,90040,314664
rescuenet,Digex-r2,Digex,trajectory,B1,5,16.94422221729106,0.4236055554322765,optimal,4.919139816003735,59651,90040,314664
rescuenet,Digex-r2,Digex,trajectory,B1,6,13.296159487393458,0.33240398718483644,optimal,5.441328082997643,59651,90040,314664
rescuenet,Digex-r2,Digex,trajectory,B1,7,15.079739019524363,0.3769934754881091,optimal,5.720761656994,59651,90040,314664
rescuenet,Digex-r2,Digex,trajectory,B1,8,16.085921936859823,0.40214804842149554,optimal,5.4333645070000784,59651,90040,314664
rescuenet,Digex-r2,Digex,trajectory,B1,9,14.354078070742302,0.35885195176855755,optimal,5.748382818004757,59651,90040,314664
rescuenet,Digex-r2,Digex,trajectory,B1,10,14.064891519725514,0.3516222879931378,optimal,5.204814349999651,59651,90040,314664
rescuenet,Digex-r2,Digex,trajectory,B1,11,15.266000990335,0.381650024758375,optimal,5.139121296000667,59651,90040,314664
rescuenet,Digex-r2,Digex,trajectory,B1,12,15.874203297347021,0.3968550824336755,optimal,5.870376227001543,59651,90040,314664
rescuenet,Digex-r2,Digex,trajectory,B1,13,16.487910826799098,0.4121977706699774,optimal,5.1603152899988345,59651,90040,314664
rescuenet,Digex-r2,Digex,trajectory,B1,14,15.107226242590569,0.3776806560647642,optimal,5.148291711004276,59651,90040,314664
rescuenet,Digex-r2,Digex,trajectory,B1,15,15.673560703951678,0.3918390175987919,optimal,4.896381825994467,59651,90040,314664
rescuenet,Digex-r2,Digex,trajectory,B1,16,14.99227359587886,0.3748068398969715,optimal,5.052845254002023,59651,90040,314664
rescuenet,Digex-r2,Digex,trajectory,B1,17,13.652287786800184,0.3413071946700046,optimal,5.666468118994089,59651,90040,314664
rescuenet,Digex-r2,Digex,trajectory,B1,18,14.939504448178964,0.3734876112044741,optimal,5.313767902000109,59651,90040,314664
rescuenet,Digex-r2,Digex,trajectory,B1,19,15.101202843001866,0.37753007107504666,optimal,5.495837520997156,59651,90040,314664
rescuenet,Digex-r2,Digex,trajectory,B1,20,15.281148866328241,0.382028721658206,optimal,4.765375902003143,59651,90040,314664
rescuenet,Digex-r2,Digex,trajectory,B1,21,14.03326633725993,0.3508316584314982,optimal,4.695314061995305,59651,90040,314664
rescuenet,Digex-r2,Digex,trajectory,B1,22,14.718555986087832,0.3679638996521958,optimal,4.933676332999312,59651,90040,314664
rescuenet,Digex-r2,Digex,trajectory,B1,23,14.804193794649604,0.3701048448662401,optimal,5.481196220003767,59651,90040,314664
rescuenet,Digex-r2,Digex,trajectory,B1,24,13.491538932412443,0.3372884733103111,optimal,5.201998028001981,59651,90040,314664
rescuenet,Digex-r2,Digex,trajectory,B1,25,16.14280973626586,0.4035702434066465,optimal,4.866970417999255,59651,90040,314664
rescuenet,Digex-r2,Digex,trajectory,B1,26,15.59734995558852,0.389933748889713,optimal,5.765024697997433,59651,90040,314664
rescuenet,Digex-r2,Digex,trajectory,B1,27,13.173474730243095,0.3293368682560774,optimal,6.153393150001648,59651,90040,314664
rescuenet,Digex-r2,Digex,trajectory,B1,28,14.927041727952966,0.37317604319882414,optimal,4.97418364600162,59651,90040,314664
rescuenet,Digex-r2,Digex,trajectory,B1,29,13.880824953305341,0.34702062383263355,optimal,5.7869063500038465,59651,90040,314664
rescuenet,Digex-r2,Digex,trajectory,B2,0,15.12945481243139,0.3782363703107848,optimal,5.429481532999489,59651,90040,314664
rescuenet,Digex-r2,Digex,trajectory,B2,1,15.84009441373355,0.39600236034333874,optimal,5.459213538000768,59651,90040,314664
rescuenet,Digex-r2,Digex,trajectory,B2,2,14.965265838477277,0.37413164596193194,optimal,6.325027042003057,59651,90040,314664
rescuenet,Digex-r2,Digex,trajectory,B2,3,13.56131362933718,0.3390328407334295,optimal,5.796892841004592,59651,90040,314664
rescuenet,Digex-r2,Digex,trajectory,B2,4,13.768209596590667,0.3442052399147667,optimal,6.232320500996138,59651,90040,314664
rescuenet,Digex-r2,Digex,trajectory,B2,5,18.34936157797005,0.4587340394492513,optimal,6.779702180996537,59651,90040,314664
rescuenet,Digex-r2,Digex,trajectory,B2,6,14.14330201059775,0.3535825502649438,optimal,5.944529398002487,59651,90040,314664
rescuenet,Digex-r2,Digex,trajectory,B2,7,15.575697894617516,0.3893924473654379,optimal,5.4842784450011095,59651,90040,314664
rescuenet,Digex-r2,Digex,trajectory,B2,8,17.097623684695495,0.4274405921173874,optimal,6.17247017200134,59651,90040,314664
rescuenet,Digex-r2,Digex,trajectory,B2,9,15.199463391469179,0.3799865847867295,optimal,5.885492300003534,59651,90040,314664
rescuenet,Digex-r2,Digex,trajectory,B2,10,14.526577968853406,0.3631644492213352,optimal,5.790279286004079,59651,90040,314664
rescuenet,Digex-r2,Digex,trajectory,B2,11,15.29785308733672,0.382446327183418,optimal,5.320984389996738,59651,90040,314664
rescuenet,Digex-r2,Digex,trajectory,B2,12,16.448504514468336,0.4112126128617084,optimal,5.460657128998719,59651,90040,314664
rescuenet,Digex-r2,Digex,trajectory,B2,13,18.356704398540604,0.4589176099635151,optimal,5.1749054079991765,59651,90040,314664
rescuenet,Digex-r2,Digex,trajectory,B2,14,15.639735430334802,0.39099338575837006,optimal,4.882702290000452,59651,90040,314664
rescuenet,Digex-r2,Digex,trajectory,B2,15,15.785388238654981,0.3946347059663745,optimal,5.41976194599556,59651,90040,314664
rescuenet,Digex-r2,Digex,trajectory,B2,16,15.721101782166432,0.3930275445541608,optimal,5.9641301820010995,59651,90040,314664
rescuenet,Digex-r2,Digex,trajectory,B2,17,14.310213590481968,0.3577553397620492,optimal,5.879798451998795,59651,90040,314664
rescuenet,Digex-r2,Digex,trajectory,B2,18,15.3097803261132,0.38274450815283,optimal,6.829593650996685,59651,90040,314664
rescuenet,Digex-r2,Digex,trajectory,B2,19,15.550744306628278,0.388768607665707,optimal,5.541798209000262,59651,90040,314664
rescuenet,Digex-r2,Digex,trajectory,B2,20,16.14191507556037,0.4035478768890092,optimal,4.762700412997219,59651,90040,314664
rescuenet,Digex-r2,Digex,trajectory,B2,21,14.369925861161743,0.3592481465290436,optimal,4.977244586996676,59651,90040,314664
rescuenet,Digex-r2,Digex,trajectory,B2,22,15.48981289843962,0.3872453224609905,optimal,4.904899045002821,59651,90040,314664
rescuenet,Digex-r2,Digex,trajectory,B2,23,15.133999693140861,0.3783499923285215,optimal,5.621432943997206,59651,90040,314664
rescuenet,Digex-r2,Digex,trajectory,B2,24,13.700726596154524,0.3425181649038631,optimal,5.210949786996935,59651,90040,314664
rescuenet,Digex-r2,Digex,trajectory,B2,25,16.924848085489764,0.4231212021372441,optimal,5.474545327000669,59651,90040,314664
rescuenet,Digex-r2,Digex,trajectory,B2,26,16.038637564856945,0.40096593912142364,optimal,5.111458642000798,59651,90040,314664
rescuenet,Digex-r2,Digex,trajectory,B2,27,13.763147288611465,0.34407868221528665,optimal,5.590461758998572,59651,90040,314664
rescuenet,Digex-r2,Digex,trajectory,B2,28,16.766524366133535,0.4191631091533384,optimal,5.415895372003433,59651,90040,314664
rescuenet,Digex-r2,Digex,trajectory,B2,29,14.873808355323236,0.3718452088830809,optimal,5.140471840997634,59651,90040,314664
rescuenet,Digex-r2,Digex,trajectory,P,0,16.47409484230882,0.4118523710577205,optimal,5.306142207999073,59651,90040,314664
rescuenet,Digex-r2,Digex,trajectory,P,1,18.07211482954737,0.45180287073868425,optimal,5.979889283000375,59651,90040,314664
rescuenet,Digex-r2,Digex,trajectory,P,2,17.020667891098938,0.42551669727747343,optimal,5.259505522000836,59651,90040,314664
rescuenet,Digex-r2,Digex,trajectory,P,3,15.537453468864207,0.38843633672160516,optimal,5.68852086699917,59651,90040,314664
rescuenet,Digex-r2,Digex,trajectory,P,4,16.849419238315793,0.4212354809578948,optimal,5.480260809999891,59651,90040,314664
rescuenet,Digex-r2,Digex,trajectory,P,5,19.84116700269798,0.4960291750674495,optimal,6.526295367002604,59651,90040,314664
rescuenet,Digex-r2,Digex,trajectory,P,6,17.404504916748646,0.43511262291871616,optimal,6.212891825998668,59651,90040,314664
rescuenet,Digex-r2,Digex,trajectory,P,7,17.10171339160714,0.4275428347901785,optimal,6.401556547003565,59651,90040,314664
rescuenet,Digex-r2,Digex,trajectory,P,8,18.36419241205679,0.4591048103014198,optimal,6.444479073994444,59651,90040,314664
rescuenet,Digex-r2,Digex,trajectory,P,9,17.218970033445217,0.43047425083613045,optimal,6.089284743997268,59651,90040,314664
rescuenet,Digex-r2,Digex,trajectory,P,10,16.208081663006613,0.4052020415751653,optimal,5.778789677999157,59651,90040,314664
rescuenet,Digex-r2,Digex,trajectory,P,11,17.83305042510456,0.445826260627614,optimal,6.269535906998499,59651,90040,314664
rescuenet,Digex-r2,Digex,trajectory,P,12,18.52459339307194,0.4631148348267985,optimal,5.403718518005917,59651,90040,314664
rescuenet,Digex-r2,Digex,trajectory,P,13,19.348197089137923,0.48370492722844805,optimal,5.3611965460004285,59651,90040,314664
rescuenet,Digex-r2,Digex,trajectory,P,14,18.066231516545102,0.45165578791362754,optimal,5.619191163998039,59651,90040,314664
rescuenet,Digex-r2,Digex,trajectory,P,15,17.812666273578948,0.4453166568394737,optimal,6.1020688460048405,59651,90040,314664
rescuenet,Digex-r2,Digex,trajectory,P,16,17.93074464670584,0.448268616167646,optimal,6.265940136006975,59651,90040,314664
rescuenet,Digex-r2,Digex,trajectory,P,17,16.377928921048483,0.4094482230262121,optimal,6.263284682005178,59651,90040,314664
rescuenet,Digex-r2,Digex,trajectory,P,18,16.652235431950917,0.4163058857987729,optimal,5.58328325599723,59651,90040,314664
rescuenet,Digex-r2,Digex,trajectory,P,19,17.936995219604302,0.44842488049010754,optimal,5.43374477999896,59651,90040,314664
rescuenet,Digex-r2,Digex,trajectory,P,20,18.168551112557147,0.4542137778139287,optimal,5.051627538996399,59651,90040,314664
rescuenet,Digex-r2,Digex,trajectory,P,21,17.501275117616686,0.43753187794041715,optimal,5.432780807001109,59651,90040,314664
rescuenet,Digex-r2,Digex,trajectory,P,22,17.12342672058462,0.42808566801461556,optimal,5.445580781997705,59651,90040,314664
rescuenet,Digex-r2,Digex,trajectory,P,23,17.905738054638235,0.44764345136595585,optimal,5.341485867997108,59651,90040,314664
rescuenet,Digex-r2,Digex,trajectory,P,24,16.37710131540239,0.40942753288505973,optimal,5.596835825999733,59651,90040,314664
rescuenet,Digex-r2,Digex,trajectory,P,25,18.696850622082323,0.4674212655520581,optimal,5.122182700004487,59651,90040,314664
rescuenet,Digex-r2,Digex,trajectory,P,26,17.46205552127405,0.43655138803185123,optimal,5.065768054999353,59651,90040,314664
rescuenet,Digex-r2,Digex,trajectory,P,27,15.82827297673567,0.3957068244183918,optimal,4.768659558998479,59651,90040,314664
rescuenet,Digex-r2,Digex,trajectory,P,28,18.082967792796932,0.4520741948199233,optimal,5.362362364001456,59651,90040,314664
rescuenet,Digex-r2,Digex,trajectory,P,29,16.161212435659195,0.4040303108914799,optimal,5.7295284060019185,59651,90040,314664
rescuenet,Digex-r2,Digex,trajectory,TRAN,0,20.68680633912379,0.5171701584780948,optimal,5.532626947002427,59651,90040,314664
rescuenet,Digex-r2,Digex,trajectory,TRAN,1,19.576645946554155,0.48941614866385386,optimal,4.321997803999693,59651,90040,314664
rescuenet,Digex-r2,Digex,trajectory,TRAN,2,20.70369171075451,0.5175922927688628,optimal,4.596565936000843,59651,90040,314664
rescuenet,Digex-r2,Digex,trajectory,TRAN,3,20.118853672790568,0.5029713418197642,optimal,4.8863348590020905,59651,90040,314664
rescuenet,Digex-r2,Digex,trajectory,TRAN,4,19.031496242673967,0.47578740606684916,optimal,5.406812967994483,59651,90040,314664
rescuenet,Digex-r2,Digex,trajectory,TRAN,5,21.12973175521193,0.5282432938802983,optimal,4.765975297996192,59651,90040,314664
rescuenet,Digex-r2,Digex,trajectory,TRAN,6,19.79645912262918,0.4949114780657295,optimal,4.770702986999822,59651,90040,314664
rescuenet,Digex-r2,Digex,trajectory,TRAN,7,20.984686044025093,0.5246171511006273,optimal,4.840860267999233,59651,90040,314664
rescuenet,Digex-r2,Digex,trajectory,TRAN,8,22.1728207724821,0.5543205193120525,optimal,4.639022887000465,59651,90040,314664
rescuenet,Digex-r2,Digex,trajectory,TRAN,9,21.0855533969543,0.5271388349238575,optimal,5.1491774060050375,59651,90040,314664
rescuenet,Digex-r2,Digex,trajectory,TRAN,10,21.809764948079664,0.5452441237019916,optimal,4.711225821993139,59651,90040,314664
rescuenet,Digex-r2,Digex,trajectory,TRAN,11,20.624136891071647,0.5156034222767911,optimal,4.53616099699866,59651,90040,314664
rescuenet,Digex-r2,Digex,trajectory,TRAN,12,20.23374416275668,0.5058436040689169,optimal,4.7444546170008834,59651,90040,314664
rescuenet,Digex-r2,Digex,trajectory,TRAN,13,22.7071568224173,0.5676789205604325,optimal,4.7809529840014875,59651,90040,314664
rescuenet,Digex-r2,Digex,trajectory,TRAN,14,20.993007154509993,0.5248251788627498,optimal,4.4783224489947315,59651,90040,314664
rescuenet,Digex-r2,Digex,trajectory,TRAN,15,21.1594506904492,0.52898626726123,optimal,4.315162605002115,59651,90040,314664
rescuenet,Digex-r2,Digex,trajectory,TRAN,16,21.83027715758315,0.5457569289395787,optimal,4.765458257999853,59651,90040,314664
rescuenet,Digex-r2,Digex,trajectory,TRAN,17,19.587492463597943,0.4896873115899486,optimal,4.754903668996121,59651,90040,314664
rescuenet,Digex-r2,Digex,trajectory,TRAN,18,19.641255614445,0.49103139036112503,optimal,4.9070386919993325,59651,90040,314664
rescuenet,Digex-r2,Digex,trajectory,TRAN,19,20.176341040420436,0.5044085260105109,optimal,4.468602857996302,59651,90040,314664
rescuenet,Digex-r2,Digex,trajectory,TRAN,20,19.780835760704477,0.4945208940176119,optimal,5.0762826560021495,59651,90040,314664
rescuenet,Digex-r2,Digex,trajectory,TRAN,21,20.732445658993235,0.5183111414748309,optimal,5.2352115560061065,59651,90040,314664
rescuenet,Digex-r2,Digex,trajectory,TRAN,22,20.435208590173776,0.5108802147543444,optimal,4.7854159330017865,59651,90040,314664
rescuenet,Digex-r2,Digex,trajectory,TRAN,23,19.808761312356104,0.4952190328089026,optimal,4.414040768999257,59651,90040,314664
rescuenet,Digex-r2,Digex,trajectory,TRAN,24,19.87178178062326,0.49679454451558147,optimal,4.612472840999544,59651,90040,314664
rescuenet,Digex-r2,Digex,trajectory,TRAN,25,21.428928859402838,0.5357232214850709,optimal,4.7175518779986305,59651,90040,314664
rescuenet,Digex-r2,Digex,trajectory,TRAN,26,20.923904086193595,0.5230976021548399,optimal,4.6163783939991845,59651,90040,314664
rescuenet,Digex-r2,Digex,trajectory,TRAN,27,19.890353463113797,0.4972588365778449,optimal,4.472603294998407,59651,90040,314664
rescuenet,Digex-r2,Digex,trajectory,TRAN,28,20.594908419008696,0.5148727104752174,optimal,4.425986317000934,59651,90040,314664
rescuenet,Digex-r2,Digex,trajectory,TRAN,29,19.78242047133529,0.49456051178338223,optimal,4.811155272996984,59651,90040,314664
rescuenet,Easynet-r0,Easynet,ground_only,,0,6.687028943056417,0.16717572357641042,optimal,0.12943932200141717,3710,7683,20172
rescuenet,Easynet-r0,Easynet,ground_only,,1,6.687028943056417,0.16717572357641042,optimal,0.13997081599518424,3710,7683,20172
rescuenet,Easynet-r0,Easynet,ground_only,,2,6.687028943056417,0.16717572357641042,optimal,0.13034394699934637,3710,7683,20172
rescuenet,Easynet-r0,Easynet,ground_only,,3,6.687028943056417,0.16717572357641042,optimal,0.1321306150057353,3710,7683,20172
rescuenet,Easynet-r0,Easynet,ground_only,,4,6.687028943056417,0.16717572357641042,optimal,0.13313640900014434,3710,7683,20172
rescuenet,Easynet-r0,Easynet,ground_only,,5,6.687028943056417,0.16717572357641042,optimal,0.14218473000073573,3710,7683,20172
rescuenet,Easynet-r0,Easynet,ground_only,,6,6.687028943056417,0.16717572357641042,optimal,0.1295834799966542,3710,7683,20172
rescuenet,Easynet-r0,Easynet,ground_only,,7,6.687028943056417,0.16717572357641042,optimal,0.13163895700563444,3710,7683,20172
rescuenet,Easynet-r0,Easynet,ground_only,,8,6.687028943056417,0.16717572357641042,optimal,0.13163575499493163,3710,7683,20172
rescuenet,Easynet-r0,Easynet,ground_only,,9,6.687028943056417,0.16717572357641042,optimal,0.13666245999775128,3710,7683,20172
rescuenet,Easynet-r0,Easynet,ground_only,,10,6.687028943056417,0.16717572357641042,optimal,0.12686127200140618,3710,7683,20172
rescuenet,Easynet-r0,Easynet,ground_only,,11,6.687028943056417,0.16717572357641042,optimal,0.13391088099888293,3710,7683,20172
rescuenet,Easynet-r0,Easynet,ground_only,,12,6.687028943056417,0.16717572357641042,optimal,0.12776314300572267,3710,7683,20172
rescuenet,Easynet-r0,Easynet,ground_only,,13,6.687028943056417,0.16717572357641042,optimal,0.12313190900022164,3710,7683,20172
rescuenet,Easynet-r0,Easynet,ground_only,,14,6.687028943056417,0.16717572357641042,optimal,0.12667190500360448,3710,7683,20172
rescuenet,Easynet-r0,Easynet,ground_only,,15,6.687028943056417,0.16717572357641042,optimal,0.13616449599794578,3710,7683,20172
rescuenet,Easynet-r0,Easynet,ground_only,,16,6.687028943056417,0.16717572357641042,optimal,0.13542832199891564,3710,7683,20172
rescuenet,Easynet-r0,Easynet,ground_only,,17,6.687028943056417,0.16717572357641042,optimal,0.12937791999866022,3710,7683,20172
rescuenet,Easynet-r0,Easynet,ground_only,,18,6.687028943056417,0.16717572357641042,optimal,0.1410127690032823,3710,7683,20172
rescuenet,Easynet-r0,Easynet,ground_only,,19,6.687028943056417,0.16717572357641042,optimal,0.1485097959957784,3710,7683,20172
rescuenet,Easynet-r0,Easynet,ground_only,,20,6.687028943056417,0.16717572357641042,optimal,0.12887298099667532,3710,7683,20172
rescuenet,Easynet-r0,Easynet,ground_only,,21,6.687028943056417,0.16717572357641042,optimal,0.13607066199620022,3710,7683,20172
rescuenet,Easynet-r0,Easynet,ground_only,,22,6.687028943056417,0.16717572357641042,optimal,0.12831683800322935,3710,7683,20172
rescuenet,Easynet-r0,Easynet,ground_only,,23,6.687028943056417,0.16717572357641042,optimal,0.129887757000688,3710,7683,20172
rescuenet,Easynet-r0,Easynet,ground_only,,24,6.687028943056417,0.16717572357641042,optimal,0.143705376998696,3710,7683,20172
rescuenet,Easynet-r0,Easynet,ground_only,,25,6.687028943056417,0.16717572357641042,optimal,0.12528454700077418,3710,7683,20172
rescuenet,Easynet-r0,Easynet,ground_only,,26,6.687028943056417,0.16717572357641042,optimal,0.1563153829993098,3710,7683,20172
rescuenet,Easynet-r0,Easynet,ground_only,,27,6.687028943056417,0.16717572357641042,optimal,0.126082912000129,3710,7683,20172
rescuenet,Easynet-r0,Easynet,ground_only,,28,6.687028943056417,0.16717572357641042,optimal,0.1284047669978463,3710,7683,20172
rescuenet,Easynet-r0,Easynet,ground_only,,29,6.687028943056417,0.16717572357641042,optimal,0.13237676599965198,3710,7683,20172
rescuenet,Easynet-r0,Easynet,trajectory,B1,0,10.975658219445366,0.27439145548613414,optimal,2.4485697920026723,36756,64485,233420
rescuenet,Easynet-r0,Easynet,trajectory,B1,1,11.312423144464336,0.2828105786116084,optimal,2.4252956609998364,36756,64485,233420
rescuenet,Easynet-r0,Easynet,trajectory,B1,2,11.444732179297574,0.28611830448243936,optimal,2.4955357139988337,36756,64485,233420
rescuenet,Easynet-r0,Easynet,trajectory,B1,3,12.469391697472705,0.3117347924368176,optimal,2.3515622580016498,36756,64485,233420
rescuenet,Easynet-r0,Easynet,trajectory,B1,4,12.489132342045032,0.3122283085511258,optimal,2.3242814969999017,36756,64485,233420
rescuenet,Easynet-r0,Easynet,trajectory,B1,5,11.103818455314912,0.2775954613828728,optimal,2.2547417960013263,36756,64485,233420
rescuenet,Easynet-r0,Easynet,trajectory,B1,6,10.874827576725853,0.2718706894181463,optimal,2.3183316259965068,36756,64485,233420
rescuenet,Easynet-r0,Easynet,trajectory,B1,7,12.039245443560608,0.3009811360890152,optimal,2.991211515996838,36756,64485,233420
rescuenet,Easynet-r0,Easynet,trajectory,B1,8,12.661669021625539,0.3165417255406385,optimal,2.4526466699971934,36756,64485,233420
rescuenet,Easynet-r0,Easynet,trajectory,B1,9,11.512363895303798,0.28780909738259497,optimal,2.3796666779962834,36756,64485,233420
rescuenet,Easynet-r0,Easynet,trajectory,B1,10,12.519008568672058,0.31297521421680147,optimal,2.8965700620028656,36756,64485,233420
rescuenet,Easynet-r0,Easynet,trajectory,B1,11,9.632881472588469,0.24082203681471173,optimal,2.359608153004956,36756,64485,233420
rescuenet,Easynet-r0,Easynet,trajectory,B1,12,11.1953578173635,0.2798839454340875,optimal,2.521729227999458,36756,64485,233420
rescuenet,Easynet-r0,Easynet,trajectory,B1,13,10.378775198994987,0.2594693799748747,optimal,2.4096034030008013,36756,64485,233420
rescuenet,Easynet-r0,Easynet,trajectory,B1,14,11.940998483256292,0.29852496208140733,optimal,2.520132844998443,36756,64485,233420
rescuenet,Easynet-r0,Easynet,trajectory,B1,15,11.196577145994512,0.2799144286498628,optimal,2.370820071999333,36756,64485,233420
rescuenet,Easynet-r0,Easynet,trajectory,B1,16,11.404978667969537,0.2851244666992384,optimal,2.360138721000112,36756,64485,233420
rescuenet,Easynet-r0,Easynet,trajectory,B1,17,12.051419544199328,0.3012854886049832,optimal,3.113475105004909,36756,64485,233420
rescuenet,Easynet-r0,Easynet,trajectory,B1,18,10.374871656631923,0.2593717914157981,optimal,2.3278170050034532,36756,64485,233420
rescuenet,Easynet-r0,Easynet,trajectory,B1,19,10.49593490832442,0.2623983727081105,optimal,3.0056701740031713,36756,64485,233420
rescuenet,Easynet-r0,Easynet,trajectory,B1,20,11.725316993009976,0.2931329248252494,optimal,2.4784371679998003,36756,64485,233420
rescuenet,Easynet-r0,Easynet,trajectory,B1,21,10.877724644793227,0.2719431161198307,optimal,2.893972705998749,36756,64485,233420
rescuenet,Easynet-r0,Easynet,trajectory,B1,22,11.79560698818989,0.29489017470474727,optimal,2.4448339810041944,36756,64485,233420
rescuenet,Easynet-r0,Easynet,trajectory,B1,23,10.90976759760442,0.2727441899401105,optimal,2.4590215050047846,36756,64485,233420
rescuenet,Easynet-r0,Easynet,trajectory,B1,24,11.476863194450937,0.2869215798612734,optimal,2.513959199000965,36756,64485,233420
rescuenet,Easynet-r0,Easynet,trajectory,B1,25,11.049057037056613,0.27622642592641533,optimal,3.080033234000439,36756,64485,233420
rescuenet,Easynet-r0,Easynet,trajectory,B1,26,10.547133013957295,0.2636783253489324,optimal,2.3795875770010753,36756,64485,233420
rescuenet,Easynet-r0,Easynet,trajectory,B1,27,10.371619788941516,0.2592904947235379,optimal,2.425318592999247,36756,64485,233420
rescuenet,Easynet-r0,Easynet,trajectory,B1,28,10.905914652961632,0.2726478663240408,optimal,2.4349868620047346,36756,64485,233420
rescuenet,Easynet-r0,Easynet,trajectory,B1,29,10.648926274724696,0.26622315686811737,optimal,2.9118816039990634,36756,64485,233420
rescuenet,Easynet-r0,Easynet,trajectory,B2,0,15.212513407419271,0.38031283518548176,optimal,3.24604011199699,36756,64485,233420
rescuenet,Easynet-r0,Easynet,trajectory,B2,1,14.623906748677229,0.3655976687169307,optimal,3.5647387229982996,36756,64485,233420
rescuenet,Easynet-r0,Easynet,trajectory,B2,2,13.390072671932915,0.3347518167983229,optimal,3.6379272240010323,36756,64485,233420
rescuenet,Easynet-r0,Easynet,trajectory,B2,3,15.911050669110201,0.397776266727755,optimal,3.762547275997349,36756,64485,233420
rescuenet,Easynet-r0,Easynet,trajectory,B2,4,15.082996241327427,0.37707490603318566,optimal,3.677728902999661,36756,64485,233420
rescuenet,Easynet-r0,Easynet,trajectory,B2,5,14.946304052918807,0.37365760132297016,optimal,3.698154664998583,36756,64485,233420
rescuenet,Easynet-r0,Easynet,trajectory,B2,6,14.543663519086492,0.3635915879771623,optimal,3.5759922770012054,36756,64485,233420
rescuenet,Easynet-r0,Easynet,trajectory,B2,7,15.988789736978235,0.3997197434244559,optimal,3.576635551995423,36756,64485,233420
rescuenet,Easynet-r0,Easynet,trajectory,B2,8,16.987691988002076,0.4246922997000519,optimal,3.3072603980035638,36756,64485,233420
rescuenet,Easynet-r0,Easynet,trajectory,B2,9,16.34876387680926,0.40871909692023156,optimal,3.491034063998086,36756,64485,233420
rescuenet,Easynet-r0,Easynet,trajectory,B2,10,15.948210326533351,0.3987052581633338,optimal,3.55315702399821,36756,64485,233420
rescuenet,Easynet-r0,Easynet,trajectory,B2,11,14.581290103991003,0.36453225259977506,optimal,3.0632544699983555,36756,64485,233420
rescuenet,Easynet-r0,Easynet,trajectory,B2,12,15.162088652267967,0.37905221630669916,optimal,3.199660454003606,36756,64485,233420
rescuenet,Easynet-r0,Easynet,trajectory,B2,13,15.334471469856696,0.3833617867464174,optimal,2.9300947550000274,36756,64485,233420
rescuenet,Easynet-r0,Easynet,trajectory,B2,14,14.889303610161054,0.37223259025402633,optimal,2.9618738860008307,36756,64485,233420
rescuenet,Easynet-r0,Easynet,trajectory,B2,15,15.491542317668456,0.3872885579417114,optimal,3.7083318989971303,36756,64485,233420
rescuenet,Easynet-r0,Easynet,trajectory,B2,16,14.670147767992823,0.36675369419982057,optimal,3.532930032997683,36756,64485,233420
rescuenet,Easynet-r0,Easynet,trajectory,B2,17,14.477418804841152,0.3619354701210288,optimal,3.9940772100017057,36756,64485,233420
rescuenet,Easynet-r0,Easynet,trajectory,B2,18,14.766852385216552,0.3691713096304138,optimal,2.9511732590035535,36756,64485,233420
rescuenet,Easynet-r0,Easynet,trajectory,B2,19,13.833900010569383,0.3458475002642346,optimal,2.9879285369970603,36756,64485,233420
rescuenet,Easynet-r0,Easynet,trajectory,B2,20,14.439039655206582,0.36097599138016456,optimal,3.250384832994314,36756,64485,233420
rescuenet,Easynet-r0,Easynet,trajectory,B2,21,14.257467540595737,0.3564366885148934,optimal,2.982879163006146,36756,64485,233420
rescuenet,Easynet-r0,Easynet,trajectory,B2,22,13.719872010969688,0.3429968002742422,optimal,2.9916553950024536,36756,64485,233420
rescuenet,Easynet-r0,Easynet,trajectory,B2,23,13.932332652763208,0.3483083163190802,optimal,2.7139869120001094,36756,64485,233420
rescuenet,Easynet-r0,Easynet,trajectory,B2,24,14.33197885422441,0.35829947135561024,optimal,3.0689387069942313,36756,64485,233420
rescuenet,Easynet-r0,Easynet,trajectory,B2,25,14.348128186496249,0.35870320466240624,optimal,3.4011913390058908,36756,64485,233420
rescuenet,Easynet-r0,Easynet,trajectory,B2,26,13.467658103778119,0.336691452594453,optimal,2.959833802000503,36756,64485,233420
rescuenet,Easynet-r0,Easynet,trajectory,B2,27,15.611055101505801,0.39027637753764505,optimal,3.1426240430009784,36756,64485,233420
rescuenet,Easynet-r0,Easynet,trajectory,B2,28,14.065081979025788,0.3516270494756447,optimal,3.14305327799957,36756,64485,233420
rescuenet,Easynet-r0,Easynet,trajectory,B2,29,15.023195058053751,0.3755798764513438,optimal,2.901414569001645,36756,64485,233420
rescuenet,Easynet-r0,Easynet,trajectory,P,0,14.824070979331639,0.37060177448329096,optimal,2.9945207909986493,36756,64485,233420
rescuenet,Easynet-r0,Easynet,trajectory,P,1,14.614962158575047,0.36537405396437617,optimal,3.4725326109983143,36756,64485,233420
rescuenet,Easynet-r0,Easynet,trajectory,P,2,13.37945664182442,0.3344864160456105,optimal,3.381013840997184,36756,64485,233420
rescuenet,Easynet-r0,Easynet,trajectory,P,3,15.876920886968842,0.39692302217422104,optimal,3.090140413994959,36756,64485,233420
rescuenet,Easynet-r0,Easynet,trajectory,P,4,15.862842802171164,0.3965710700542791,optimal,3.4161387530039065,36756,64485,233420
rescuenet,Easynet-r0,Easynet,trajectory,P,5,14.97772402426197,0.3744431006065493,optimal,3.5882508180002333,36756,64485,233420
rescuenet,Easynet-r0,Easynet,trajectory,P,6,14.620681517334832,0.3655170379333708,optimal,3.25087633899966,36756,64485,233420
rescuenet,Easynet-r0,Easynet,trajectory,P,7,16.164181572370456,0.4041045393092614,optimal,3.182576965999033,36756,64485,233420
rescuenet,Easynet-r0,Easynet,trajectory,P,8,16.501932262591428,0.4125483065647857,optimal,3.6208393030028674,36756,64485,233420
rescuenet,Easynet-r0,Easynet,trajectory,P,9,15.96402790897288,0.399100697724322,optimal,3.4709465580017422,36756,64485,233420
rescuenet,Easynet-r0,Easynet,trajectory,P,10,16.22206704667501,0.40555167616687526,optimal,3.139157997997245,36756,64485,233420
rescuenet,Easynet-r0,Easynet,trajectory,P,11,14.450372287469001,0.36125930718672505,optimal,2.799540516003617,36756,64485,233420
rescuenet,Easynet-r0,Easynet,trajectory,P,12,14.448630972053845,0.3612157743013461,optimal,3.05878512399795,36756,64485,233420
rescuenet,Easynet-r0,Easynet,trajectory,P,13,14.534148598884336,0.3633537149721084,optimal,2.8764750369955436,36756,64485,233420
rescuenet,Easynet-r0,Easynet,trajectory,P,14,14.835606496642221,0.37089016241605555,optimal,3.366691636998439,36756,64485,233420
rescuenet,Easynet-r0,Easynet,trajectory,P,15,15.111427850587539,0.3777856962646885,optimal,2.9647661010021693,36756,64485,233420
rescuenet,Easynet-r0,Easynet,trajectory,P,16,14.469707263185803,0.36174268157964506,optimal,2.842046906996984,36756,64485,233420
rescuenet,Easynet-r0,Easynet,trajectory,P,17,14.444463433296779,0.3611115858324195,optimal,3.7157172190054553,36756,64485,233420
rescuenet,Easynet-r0,Easynet,trajectory,P,18,14.437828694432975,0.36094571736082437,optimal,2.9857285739999497,36756,64485,233420
rescuenet,Easynet-r0,Easynet,trajectory,P,19,13.475568903864193,0.3368892225966048,optimal,2.9411755619948963,36756,64485,233420
rescuenet,Easynet-r0,Easynet,trajectory,P,20,15.111537882426878,0.37778844706067194,optimal,2.787473332005902,36756,64485,233420
rescuenet,Easynet-r0,Easynet,trajectory,P,21,13.923943578215287,0.3480985894553822,optimal,3.0809209830040345,36756,64485,233420
rescuenet,Easynet-r0,Easynet,trajectory,P,22,14.216753248167752,0.3554188312041938,optimal,3.272458760999143,36756,64485,233420
rescuenet,Easynet-r0,Easynet,trajectory,P,23,13.187357043014517,0.3296839260753629,optimal,2.8557527730008587,36756,64485,233420
rescuenet,Easynet-r0,Easynet,trajectory,P,24,14.138633808752937,0.3534658452188234,optimal,3.371295959004783,36756,64485,233420
rescuenet,Easynet-r0,Easynet,trajectory,P,25,13.888347440736467,0.3472086860184117,optimal,2.9694721339983516,36756,64485,233420
rescuenet,Easynet-r0,Easynet,trajectory,P,26,13.675875874818903,0.3418968968704726,optimal,2.910462239997287,36756,64485,233420
rescuenet,Easynet-r0,Easynet,trajectory,P,27,14.232807772480257,0.3558201943120064,optimal,3.254720722005004,36756,64485,233420
rescuenet,Easynet-r0,Easynet,trajectory,P,28,13.907437120951442,0.34768592802378606,optimal,2.858288105999236,36756,64485,233420
rescuenet,Easynet-r0,Easynet,trajectory,P,29,14.532147448704185,0.3633036862176046,optimal,3.023105160005798,36756,64485,233420
rescuenet,Easynet-r0,Easynet,trajectory,TRAN,0,21.578549899105226,0.5394637474776307,optimal,3.2577272499984247,36756,64485,233420
rescuenet,Easynet-r0,Easynet,trajectory,TRAN,1,21.23800294621817,0.5309500736554542,optimal,3.6598011890018824,36756,64485,233420
rescuenet,Easynet-r0,Easynet,trajectory,TRAN,2,19.185487985116065,0.47963719962790163,optimal,3.5517493650040706,36756,64485,233420
rescuenet,Easynet-r0,Easynet,trajectory,TRAN,3,21.90006227370791,0.5475015568426977,optimal,3.81799044500076,36756,64485,233420
rescuenet,Easynet-r0,Easynet,trajectory,TRAN,4,23.274934838593577,0.5818733709648394,optimal,4.035651270001836,36756,64485,233420
rescuenet,Easynet-r0,Easynet,trajectory,TRAN,5,19.1450247381941,0.47862561845485246,optimal,2.987817895002081,36756,64485,233420
rescuenet,Easynet-r0,Easynet,trajectory,TRAN,6,21.191892081438947,0.5297973020359736,optimal,2.922469117998844,36756,64485,233420
rescuenet,Easynet-r0,Easynet,trajectory,TRAN,7,21.707144264181284,0.5426786066045322,optimal,3.456194764999964,36756,64485,233420
rescuenet,Easynet-r0,Easynet,trajectory,TRAN,8,21.92930535510912,0.5482326338777279,optimal,3.1059837430002517,36756,64485,233420
rescuenet,Easynet-r0,Easynet,trajectory,TRAN,9,20.35116519531054,0.5087791298827635,optimal,2.8654397370046354,36756,64485,233420
rescuenet,Easynet-r0,Easynet,trajectory,TRAN,10,21.19220247810906,0.5298050619527265,optimal,3.202626076999877,36756,64485,233420
rescuenet,Easynet-r0,Easynet,trajectory,TRAN,11,19.93478992820011,0.4983697482050028,optimal,3.1099203699995996,36756,64485,233420
rescuenet,Easynet-r0,Easynet,trajectory,TRAN,12,22.08397454537338,0.5520993636343345,optimal,3.5786220420050086,36756,64485,233420
rescuenet,Easynet-r0,Easynet,trajectory,TRAN,13,21.049052169571375,0.5262263042392844,optimal,3.0479692579974653,36756,64485,233420
rescuenet,Easynet-r0,Easynet,trajectory,TRAN,14,20.82780310086341,0.5206950775215853,optimal,3.1049118579976493,36756,64485,233420
rescuenet,Easynet-r0,Easynet,trajectory,TRAN,15,22.0168676239151,0.5504216905978775,optimal,3.5479817380037275,36756,64485,233420
rescuenet,Easynet-r0,Easynet,trajectory,TRAN,16,22.395461985987584,0.5598865496496896,optimal,3.544585083000129,36756,64485,233420
rescuenet,Easynet-r0,Easynet,trajectory,TRAN,17,21.585522231618693,0.5396380557904673,optimal,4.215397995001695,36756,64485,233420
rescuenet,Easynet-r0,Easynet,trajectory,TRAN,18,21.29040522158248,0.532260130539562,optimal,3.759875664996798,36756,64485,233420
rescuenet,Easynet-r0,Easynet,trajectory,TRAN,19,20.52414749004213,0.5131036872510533,optimal,3.5092378970002756,36756,64485,233420
rescuenet,Easynet-r0,Easynet,trajectory,TRAN,20,20.6151516804851,0.5153787920121274,optimal,3.3164995560000534,36756,64485,233420
rescuenet,Easynet-r0,Easynet,trajectory,TRAN,21,21.76991247222443,0.5442478118056108,optimal,3.330588570002874,36756,64485,233420
rescuenet,Easynet-r0,Easynet,trajectory,TRAN,22,19.559833976922548,0.4889958494230637,optimal,3.4252547929936554,36756,64485,233420
rescuenet,Easynet-r0,Easynet,trajectory,TRAN,23,21.559570665528074,0.5389892666382019,optimal,3.8902478969976073,36756,64485,233420
rescuenet,Easynet-r0,Easynet,trajectory,TRAN,24,20.32337777713276,0.508084444428319,optimal,3.3771906800029683,36756,64485,233420
rescuenet,Easynet-r0,Easynet,trajectory,TRAN,25,19.884039905095705,0.4971009976273926,optimal,3.1300396570004523,36756,64485,233420
rescuenet,Easynet-r0,Easynet,trajectory,TRAN,26,20.688567350039694,0.5172141837509924,optimal,3.161379217999638,36756,64485,233420
rescuenet,Easynet-r0,Easynet,trajectory,TRAN,27,19.598188267291263,0.4899547066822816,optimal,3.4370505869956105,36756,64485,233420
rescuenet,Easynet-r0,Easynet,trajectory,TRAN,28,22.906533473609965,0.5726633368402492,optimal,3.8610820960020646,36756,64485,233420
rescuenet,Easynet-r0,Easynet,trajectory,TRAN,29,19.732211554366337,0.4933052888591584,optimal,3.863067710000905,36756,64485,233420
rescuenet,Easynet-r1,Easynet,ground_only,,0,6.46355545586211,0.16158888639655275,optimal,0.16116316000261577,4329,7948,22663
rescuenet,Easynet-r1,Easynet,ground_only,,1,6.46355545586211,0.16158888639655275,optimal,0.17813813599786954,4329,7948,22663
rescuenet,Easynet-r1,Easynet,ground_only,,2,6.46355545586211,0.16158888639655275,optimal,0.19418848900386365,4329,7948,22663
rescuenet,Easynet-r1,Easynet,ground_only,,3,6.46355545586211,0.16158888639655275,optimal,0.17008225999597926,4329,7948,22663
rescuenet,Easynet-r1,Easynet,ground_only,,4,6.46355545586211,0.16158888639655275,optimal,0.15900933800003259,4329,7948,22663
rescuenet,Easynet-r1,Easynet,ground_only,,5,6.46355545586211,0.16158888639655275,optimal,0.17215485899941996,4329,7948,22663
rescuenet,Easynet-r1,Easynet,ground_only,,6,6.46355545586211,0.16158888639655275,optimal,0.16041889800544595,4329,7948,22663
rescuenet,Easynet-r1,Easynet,ground_only,,7,6.46355545586211,0.16158888639655275,optimal,0.1667175389957265,4329,7948,22663
rescuenet,Easynet-r1,Easynet,ground_only,,8,6.46355545586211,0.16158888639655275,optimal,0.16547512699617073,4329,7948,22663
rescuenet,Easynet-r1,Easynet,ground_only,,9,6.46355545586211,0.16158888639655275,optimal,0.1612608969953726,4329,7948,22663
rescuenet,Easynet-r1,Easynet,ground_only,,10,6.46355545586211,0.16158888639655275,optimal,0.1527112049952848,4329,7948,22663
rescuenet,Easynet-r1,Easynet,ground_only,,11,6.46355545586211,0.16158888639655275,optimal,0.15937070600193692,4329,7948,22663
rescuenet,Easynet-r1,Easynet,ground_only,,12,6.46355545586211,0.16158888639655275,optimal,0.15595763699820964,4329,7948,22663
rescuenet,Easynet-r1,Easynet,ground_only,,13,6.46355545586211,0.16158888639655275,optimal,0.16274738700303715,4329,7948,22663
rescuenet,Easynet-r1,Easynet,ground_only,,14,6.46355545586211,0.16158888639655275,optimal,0.1630868320062291,4329,7948,22663
rescuenet,Easynet-r1,Easynet,ground_only,,15,6.46355545586211,0.16158888639655275,optimal,0.1593247010023333,4329,7948,22663
rescuenet,Easynet-r1,Easynet,ground_only,,16,6.46355545586211,0.16158888639655275,optimal,0.16763913999602664,4329,7948,22663
rescuenet,Easynet-r1,Easynet,ground_only,,17,6.46355545586211,0.16158888639655275,optimal,0.16199190199404256,4329,7948,22663
rescuenet,Easynet-r1,Easynet,ground_only,,18,6.46355545586211,0.16158888639655275,optimal,0.1497668709998834,4329,7948,22663
rescuenet,Easynet-r1,Easynet,ground_only,,19,6.46355545586211,0.16158888639655275,optimal,0.17030638299911516,4329,7948,22663
rescuenet,Easynet-r1,Easynet,ground_only,,20,6.46355545586211,0.16158888639655275,optimal,0.17430891699768836,4329,7948,22663
rescuenet,Easynet-r1,Easynet,ground_only,,21,6.46355545586211,0.16158888639655275,optimal,0.15425109299394535,4329,7948,22663
rescuenet,Easynet-r1,Easynet,ground_only,,22,6.46355545586211,0.16158888639655275,optimal,0.1692988470022101,4329,7948,22663
rescuenet,Easynet-r1,Easynet,ground_only,,23,6.46355545586211,0.16158888639655275,optimal,0.27719748899835395,4329,7948,22663
rescuenet,Easynet-r1,Easynet,ground_only,,24,6.46355545586211,0.16158888639655275,optimal,0.25542762000259245,4329,7948,22663
rescuenet,Easynet-r1,Easynet,ground_only,,25,6.46355545586211,0.16158888639655275,optimal,0.1633809699997073,4329,7948,22663
rescuenet,Easynet-r1,Easynet,ground_only,,26,6.46355545586211,0.16158888639655275,optimal,0.16540392399474513,4329,7948,22663
rescuenet,Easynet-r1,Easynet,ground_only,,27,6.46355545586211,0.16158888639655275,optimal,0.17070143700402696,4329,7948,22663
rescuenet,Easynet-r1,Easynet,ground_only,,28,6.46355545586211,0.16158888639655275,optimal,0.1612144650061964,4329,7948,22663
rescuenet,Easynet-r1,Easynet,ground_only,,29,6.46355545586211,0.16158888639655275,optimal,0.16155096899456112,4329,7948,22663
rescuenet,Easynet-r1,Easynet,trajectory,B1,0,16.42273405016704,0.410568351254176,optimal,2.6311619150001206,37279,63053,231856
rescuenet,Easynet-r1,Easynet,trajectory,B1,1,18.681032179653286,0.46702580449133213,optimal,3.100261624000268,37279,63053,231856
rescuenet,Easynet-r1,Easynet,trajectory,B1,2,15.317432952034318,0.38293582380085794,optimal,2.4744862249935977,37279,63053,231856
rescuenet,Easynet-r1,Easynet,trajectory,B1,3,17.519589028433,0.437989725710825,optimal,2.7928088210028363,37279,63053,231856
rescuenet,Easynet-r1,Easynet,trajectory,B1,4,17.027109699690126,0.42567774249225315,optimal,2.6063193139998475,37279,63053,231856
rescuenet,Easynet-r1,Easynet,trajectory,B1,5,18.59722531065532,0.46493063276638297,optimal,2.826312033997965,37279,63053,231856
rescuenet,Easynet-r1,Easynet,trajectory,B1,6,17.418733678420924,0.4354683419605231,optimal,2.7778538819984533,37279,63053,231856
rescuenet,Easynet-r1,Easynet,trajectory,B1,7,16.801558525662145,0.42003896314155365,optimal,3.5209573500033002,37279,63053,231856
rescuenet,Easynet-r1,Easynet,trajectory,B1,8,17.882789027879205,0.4470697256969801,optimal,2.998137044000032,37279,63053,231856
rescuenet,Easynet-r1,Easynet,trajectory,B1,9,16.05477527792926,0.40136938194823146,optimal,3.333980099996552,37279,63053,231856
rescuenet,Easynet-r1,Easynet,trajectory,B1,10,15.896914117823432,0.39742285294558577,optimal,2.9397580709992326,37279,63053,231856
rescuenet,Easynet-r1,Easynet,trajectory,B1,11,16.752292524111706,0.4188073131027926,optimal,3.1389660839995486,37279,63053,231856
rescuenet,Easynet-r1,Easynet,trajectory,B1,12,16.34377208712619,0.40859430217815473,optimal,2.8532197150052525,37279,63053,231856
rescuenet,Easynet-r1,Easynet,trajectory,B1,13,15.588073797754527,0.3897018449438632,optimal,2.5570438299982925,37279,63053,231856
rescuenet,Easynet-r1,Easynet,trajectory,B1,14,15.844616704346114,0.3961154176086529,optimal,2.5824268080032198,37279,63053,231856
rescuenet,Easynet-r1,Easynet,trajectory,B1,15,16.492288604861756,0.4123072151215439,optimal,2.8058644179982366,37279,63053,231856
rescuenet,Easynet-r1,Easynet,trajectory,B1,16,15.267213079213956,0.3816803269803489,optimal,2.8045950810046634,37279,63053,231856
rescuenet,Easynet-r1,Easynet,trajectory,B1,17,17.54968989833559,0.43874224745838974,optimal,3.128824999999779,37279,63053,231856
rescuenet,Easynet-r1,Easynet,trajectory,B1,18,18.279097975787362,0.45697744939468404,optimal,2.7644269059965154,37279,63053,231856
rescuenet,Easynet-r1,Easynet,trajectory,B1,19,16.804414890955925,0.42011037227389814,optimal,2.764359524997417,37279,63053,231856
rescuenet,Easynet-r1,Easynet,trajectory,B1,20,16.115222232006566,0.40288055580016413,optimal,3.3101674860008643,37279,63053,231856
rescuenet,Easynet-r1,Easynet,trajectory,B1,21,16.532258959656914,0.41330647399142284,optimal,2.8936419559977367,37279,63053,231856
rescuenet,Easynet-r1,Easynet,trajectory,B1,22,16.003328726087815,0.4000832181521954,optimal,2.758225516998209,37279,63053,231856
rescuenet,Easynet-r1,Easynet,trajectory,B1,23,16.96592223985646,0.42414805599641153,optimal,2.8494882940067328,37279,63053,231856
rescuenet,Easynet-r1,Easynet,trajectory,B1,24,17.685309027577794,0.44213272568944484,optimal,3.092241587000899,37279,63053,231856
rescuenet,Easynet-r1,Easynet,trajectory,B1,25,16.716001664855913,0.4179000416213978,optimal,3.2291503849992296,37279,63053,231856
rescuenet,Easynet-r1,Easynet,trajectory,B1,26,17.08539730121329,0.4271349325303323,optimal,2.9080750060020364,37279,63053,231856
rescuenet,Easynet-r1,Easynet,trajectory,B1,27,17.436104355537385,0.43590260888843463,optimal,2.941077174000384,37279,63053,231856
rescuenet,Easynet-r1,Easynet,trajectory,B1,28,16.994870767708925,0.4248717691927231,optimal,2.72828872899845,37279,63053,231856
rescuenet,Easynet-r1,Easynet,trajectory,B1,29,17.7348118929119,0.4433702973227975,optimal,2.790569125005277,37279,63053,231856
rescuenet,Easynet-r1,Easynet,trajectory,B2,0,21.26519275571026,0.5316298188927565,optimal,3.584182826001779,37279,63053,231856
rescuenet,Easynet-r1,Easynet,trajectory,B2,1,22.446710111483792,0.5611677527870949,optimal,3.43485752199922,37279,63053,231856
rescuenet,Easynet-r1,Easynet,trajectory,B2,2,20.708354787083145,0.5177088696770786,optimal,3.3209293620020617,37279,63053,231856
rescuenet,Easynet-r1,Easynet,trajectory,B2,3,20.77398323379884,0.5193495808449711,optimal,3.2252460009985953,37279,63053,231856
rescuenet,Easynet-r1,Easynet,trajectory,B2,4,21.605405063912503,0.5401351265978126,optimal,3.924281573999906,37279,63053,231856
rescuenet,Easynet-r1,Easynet,trajectory,B2,5,21.619823666651317,0.5404955916662829,optimal,3.3462917409997317,37279,63053,231856
rescuenet,Easynet-r1,Easynet,trajectory,B2,6,21.70949841970573,0.5427374604926433,optimal,3.257821147002687,37279,63053,231856
rescuenet,Easynet-r1,Easynet,trajectory,B2,7,20.15337528865385,0.5038343822163462,optimal,3.6294091180025134,37279,63053,231856
rescuenet,Easynet-r1,Easynet,trajectory,B2,8,21.39679567209473,0.5349198918023682,optimal,3.2175532699984615,37279,63053,231856
rescuenet,Easynet-r1,Easynet,trajectory,B2,9,20.897011756081756,0.522425293902044,optimal,3.56221074500354,37279,63053,231856
rescuenet,Easynet-r1,Easynet,trajectory,B2,10,19.55423235825767,0.48885580895644176,optimal,3.4511110480016214,37279,63053,231856
rescuenet,Easynet-r1,Easynet,trajectory,B2,11,21.143027567746056,0.5285756891936514,optimal,3.1939695729961386,37279,63053,231856
rescuenet,Easynet-r1,Easynet,trajectory,B2,12,20.281755352054795,0.5070438838013699,optimal,3.227691022999352,37279,63053,231856
rescuenet,Easynet-r1,Easynet,trajectory,B2,13,19.289566612423286,0.48223916531058214,optimal,3.420903302001534,37279,63053,231856
rescuenet,Easynet-r1,Easynet,trajectory,B2,14,20.551060875965454,0.5137765218991364,optimal,3.996055546005664,37279,63053,231856
rescuenet,Easynet-r1,Easynet,trajectory,B2,15,19.03225230918559,0.4758063077296398,optimal,3.1687958220063592,37279,63053,231856
rescuenet,Easynet-r1,Easynet,trajectory,B2,16,20.750498590354034,0.5187624647588509,optimal,3.5220661380008096,37279,63053,231856
rescuenet,Easynet-r1,Easynet,trajectory,B2,17,21.958486279213624,0.5489621569803406,optimal,3.521781055002066,37279,63053,231856
rescuenet,Easynet-r1,Easynet,trajectory,B2,18,21.850109401650226,0.5462527350412556,optimal,3.0586302649971913,37279,63053,231856
rescuenet,Easynet-r1,Easynet,trajectory,B2,19,21.94270451499356,0.548567612874839,optimal,3.5373058749974007,37279,63053,231856
rescuenet,Easynet-r1,Easynet,trajectory,B2,20,20.39651636187616,0.509912909046904,optimal,3.2222870650002733,37279,63053,231856
rescuenet,Easynet-r1,Easynet,trajectory,B2,21,21.01544284877454,0.5253860712193635,optimal,2.9826597679930273,37279,63053,231856
rescuenet,Easynet-r1,Easynet,trajectory,B2,22,21.97053262555605,0.5492633156389013,optimal,4.406595532003848,37279,63053,231856
rescuenet,Easynet-r1,Easynet,trajectory,B2,23,21.463233670474843,0.536580841761871,optimal,3.644608998998592,37279,63053,231856
rescuenet,Easynet-r1,Easynet,trajectory,B2,24,20.859397525861635,0.5214849381465408,optimal,2.8121432190018822,37279,63053,231856
rescuenet,Easynet-r1,Easynet,trajectory,B2,25,21.1017107409613,0.5275427685240325,optimal,3.6484855170056107,37279,63053,231856
rescuenet,Easynet-r1,Easynet,trajectory,B2,26,21.904969978976354,0.5476242494744088,optimal,3.6090126339986455,37279,63053,231856
rescuenet,Easynet-r1,Easynet,trajectory,B2,27,21.565477651827692,0.5391369412956923,optimal,2.9245740299957106,37279,63053,231856
rescuenet,Easynet-r1,Easynet,trajectory,B2,28,20.91960145851668,0.522990036462917,optimal,3.056860802003939,37279,63053,231856
rescuenet,Easynet-r1,Easynet,trajectory,B2,29,21.020617943105236,0.5255154485776309,optimal,3.133177561001503,37279,63053,231856
rescuenet,Easynet-r1,Easynet,trajectory,P,0,20.933806553775312,0.5233451638443828,optimal,3.742513926998072,37279,63053,231856
rescuenet,Easynet-r1,Easynet,trajectory,P,1,22.43165160959702,0.5607912902399255,optimal,3.2259830420007347,37279,63053,231856
rescuenet,Easynet-r1,Easynet,trajectory,P,2,19.3912800231947,0.4847820005798675,optimal,3.384009187000629,37279,63053,231856
rescuenet,Easynet-r1,Easynet,trajectory,P,3,20.41237776916364,0.510309444229091,optimal,3.3192939770015073,37279,63053,231856
rescuenet,Easynet-r1,Easynet,trajectory,P,4,20.63694270915869,0.5159235677289672,optimal,3.166778714999964,37279,63053,231856
rescuenet,Easynet-r1,Easynet,trajectory,P,5,19.813681229641308,0.49534203074103267,optimal,3.97159595300036,37279,63053,231856
rescuenet,Easynet-r1,Easynet,trajectory,P,6,20.742480999704487,0.5185620249926122,optimal,3.957706850997056,37279,63053,231856
rescuenet,Easynet-r1,Easynet,trajectory,P,7,19.31674987185485,0.48291874679637126,optimal,3.9758847250050167,37279,63053,231856
rescuenet,Easynet-r1,Easynet,trajectory,P,8,20.072357428824912,0.5018089357206228,optimal,3.754930435003189,37279,63053,231856
rescuenet,Easynet-r1,Easynet,trajectory,P,9,20.056283150921864,0.5014070787730466,optimal,3.991961255997012,37279,63053,231856
rescuenet,Easynet-r1,Easynet,trajectory,P,10,19.378715617490133,0.48446789043725336,optimal,4.114897947998543,37279,63053,231856
rescuenet,Easynet-r1,Easynet,trajectory,P,11,19.950040719875204,0.4987510179968801,optimal,3.2521713040041504,37279,63053,231856
rescuenet,Easynet-r1,Easynet,trajectory,P,12,19.56074980592625,0.48901874514815624,optimal,3.693739695001568,37279,63053,231856
rescuenet,Easynet-r1,Easynet,trajectory,P,13,18.627197414599973,0.4656799353649993,optimal,3.4914722370012896,37279,63053,231856
rescuenet,Easynet-r1,Easynet,trajectory,P,14,19.713767303209544,0.4928441825802386,optimal,3.669741024998075,37279,63053,231856
rescuenet,Easynet-r1,Easynet,trajectory,P,15,19.08311580334653,0.4770778950836633,optimal,3.1730168590001995,37279,63053,231856
rescuenet,Easynet-r1,Easynet,trajectory,P,16,20.765672489291436,0.519141812232286,optimal,3.187070218998997,37279,63053,231856
rescuenet,Easynet-r1,Easynet,trajectory,P,17,20.942957743166502,0.5235739435791625,optimal,4.397488251997856,37279,63053,231856
rescuenet,Easynet-r1,Easynet,trajectory,P,18,20.724571232169822,0.5181142808042456,optimal,3.739543279996724,37279,63053,231856
rescuenet,Easynet-r1,Easynet,trajectory,P,19,21.526031716848724,0.5381507929212181,optimal,3.600879133999115,37279,63053,231856
rescuenet,Easynet-r1,Easynet,trajectory,P,20,19.905929036307157,0.49764822590767893,optimal,3.2469626879974385,37279,63053,231856
rescuenet,Easynet-r1,Easynet,trajectory,P,21,19.81421977553518,0.49535549438837945,optimal,2.8728611819969956,37279,63053,231856
rescuenet,Easynet-r1,Easynet,trajectory,P,22,21.213691029621156,0.530342275740529,optimal,3.4133682390020113,37279,63053,231856
rescuenet,Easynet-r1,Easynet,trajectory,P,23,21.045633523637836,0.5261408380909459,optimal,3.8486641330018756,37279,63053,231856
rescuenet,Easynet-r1,Easynet,trajectory,P,24,20.42621782300849,0.5106554455752123,optimal,3.072181947005447,37279,63053,231856
rescuenet,Easynet-r1,Easynet,trajectory,P,25,20.678634851031568,0.5169658712757892,optimal,3.2977071829955094,37279,63053,231856
rescuenet,Easynet-r1,Easynet,trajectory,P,26,21.671287187945172,0.5417821796986293,optimal,3.619280281003739,37279,63053,231856
rescuenet,Easynet-r1,Easynet,trajectory,P,27,20.593292058293237,0.5148323014573309,optimal,3.213175135999336,37279,63053,231856
rescuenet,Easynet-r1,Easynet,trajectory,P,28,20.474732726360738,0.5118683181590185,optimal,3.0037034269989817,37279,63053,231856
rescuenet,Easynet-r1,Easynet,trajectory,P,29,20.238098819774432,0.5059524704943608,optimal,3.20570154300367,37279,63053,231856
rescuenet,Easynet-r1,Easynet,trajectory,TRAN,0,22.203739036958062,0.5550934759239515,optimal,3.0854245150039787,37279,63053,231856
rescuenet,Easynet-r1,Easynet,trajectory,TRAN,1,23.80913282190074,0.5952283205475185,optimal,3.2194114469966735,37279,63053,231856
rescuenet,Easynet-r1,Easynet,trajectory,TRAN,2,22.894797345780944,0.5723699336445236,optimal,3.257940036994114,37279,63053,231856
rescuenet,Easynet-r1,Easynet,trajectory,TRAN,3,23.384080758431427,0.5846020189607857,optimal,3.659683247002249,37279,63053,231856
rescuenet,Easynet-r1,Easynet,trajectory,TRAN,4,21.573712408953693,0.5393428102238423,optimal,3.235510426995461,37279,63053,231856
rescuenet,Easynet-r1,Easynet,trajectory,TRAN,5,21.813202318911724,0.5453300579727931,optimal,3.6200374430045485,37279,63053,231856
rescuenet,Easynet-r1,Easynet,trajectory,TRAN,6,23.70177228331566,0.5925443070828915,optimal,3.6783043020041077,37279,63053,231856
rescuenet,Easynet-r1,Easynet,trajectory,TRAN,7,21.59482581486887,0.5398706453717217,optimal,3.5914152420009486,37279,63053,231856
rescuenet,Easynet-r1,Easynet,trajectory,TRAN,8,21.027544475636336,0.5256886118909084,optimal,3.6824666389948106,37279,63053,231856
rescuenet,Easynet-r1,Easynet,trajectory,TRAN,9,22.092546146108184,0.5523136536527046,optimal,3.768744233995676,37279,63053,231856
rescuenet,Easynet-r1,Easynet,trajectory,TRAN,10,22.661306960545378,0.5665326740136345,optimal,3.2665836379965185,37279,63053,231856
rescuenet,Easynet-r1,Easynet,trajectory,TRAN,11,22.889207840342795,0.5722301960085698,optimal,3.1577600310047274,37279,63053,231856
rescuenet,Easynet-r1,Easynet,trajectory,TRAN,12,22.641154490542682,0.5660288622635671,optimal,3.4161341120052384,37279,63053,231856
rescuenet,Easynet-r1,Easynet,trajectory,TRAN,13,22.911359081729028,0.5727839770432257,optimal,3.1165261889982503,37279,63053,231856
rescuenet,Easynet-r1,Easynet,trajectory,TRAN,14,22.354095093576387,0.5588523773394096,optimal,2.969021568998869,37279,63053,231856
rescuenet,Easynet-r1,Easynet,trajectory,TRAN,15,21.76370959881497,0.5440927399703742,optimal,3.008545046002837,37279,63053,231856
rescuenet,Easynet-r1,Easynet,trajectory,TRAN,16,22.933603750519435,0.5733400937629859,optimal,2.916490095994959,37279,63053,231856
rescuenet,Easynet-r1,Easynet,trajectory,TRAN,17,23.82240573817566,0.5955601434543916,optimal,3.0933329920007964,37279,63053,231856
rescuenet,Easynet-r1,Easynet,trajectory,TRAN,18,22.605793236791627,0.5651448309197906,optimal,2.8910951240031864,37279,63053,231856
rescuenet,Easynet-r1,Easynet,trajectory,TRAN,19,23.436385594424973,0.5859096398606243,optimal,3.2787071080019814,37279,63053,231856
rescuenet,Easynet-r1,Easynet,trajectory,TRAN,20,23.51625468718844,0.587906367179711,optimal,3.4845213139997213,37279,63053,231856
rescuenet,Easynet-r1,Easynet,trajectory,TRAN,21,23.791814939428605,0.5947953734857151,optimal,3.5979784860028303,37279,63053,231856
rescuenet,Easynet-r1,Easynet,trajectory,TRAN,22,23.53793380146717,0.5884483450366792,optimal,3.0594131010002457,37279,63053,231856
rescuenet,Easynet-r1,Easynet,trajectory,TRAN,23,23.850063280782088,0.5962515820195522,optimal,3.5246533210010966,37279,63053,231856
rescuenet,Easynet-r1,Easynet,trajectory,TRAN,24,23.63972891163479,0.5909932227908697,optimal,3.6793018500029575,37279,63053,231856
rescuenet,Easynet-r1,Easynet,trajectory,TRAN,25,23.891081419443186,0.5972770354860797,optimal,3.092550608002057,37279,63053,231856
rescuenet,Easynet-r1,Easynet,trajectory,TRAN,26,22.94177239756757,0.5735443099391893,optimal,3.3839608289999887,37279,63053,231856
rescuenet,Easynet-r1,Easynet,trajectory,TRAN,27,23.55667349387718,0.5889168373469296,optimal,2.8760842549963854,37279,63053,231856
rescuenet,Easynet-r1,Easynet,trajectory,TRAN,28,23.372589341141403,0.584314733528535,optimal,2.946353747996909,37279,63053,231856
rescuenet,Easynet-r1,Easynet,trajectory,TRAN,29,23.218322450770973,0.5804580612692744,optimal,3.248430186002224,37279,63053,231856
rescuenet,Easynet-r2,Easynet,ground_only,,0,3.1027777667933085,0.07756944416983272,optimal,0.034896044999186415,1608,3719,8846
rescuenet,Easynet-r2,Easynet,ground_only,,1,3.1027777667933085,0.07756944416983272,optimal,0.034144889999879524,1608,3719,8846
rescuenet,Easynet-r2,Easynet,ground_only,,2,3.1027777667933085,0.07756944416983272,optimal,0.03748202799761202,1608,3719,8846
rescuenet,Easynet-r2,Easynet,ground_only,,3,3.1027777667933085,0.07756944416983272,optimal,0.033226004998141434,1608,3719,8846
rescuenet,Easynet-r2,Easynet,ground_only,,4,3.1027777667933085,0.07756944416983272,optimal,0.03512886300450191,1608,3719,8846
rescuenet,Easynet-r2,Easynet,ground_only,,5,3.1027777667933085,0.07756944416983272,optimal,0.03606580699852202,1608,3719,8846
rescuenet,Easynet-r2,Easynet,ground_only,,6,3.1027777667933085,0.07756944416983272,optimal,0.03553841699613258,1608,3719,8846
rescuenet,Easynet-r2,Easynet,ground_only,,7,3.1027777667933085,0.07756944416983272,optimal,0.03486303999670781,1608,3719,8846
rescuenet,Easynet-r2,Easynet,ground_only,,8,3.1027777667933085,0.07756944416983272,optimal,0.03528003700193949,1608,3719,8846
rescuenet,Easynet-r2,Easynet,ground_only,,9,3.1027777667933085,0.07756944416983272,optimal,0.03366716400341829,1608,3719,8846
rescuenet,Easynet-r2,Easynet,ground_only,,10,3.1027777667933085,0.07756944416983272,optimal,0.03532307799468981,1608,3719,8846
rescuenet,Easynet-r2,Easynet,ground_only,,11,3.1027777667933085,0.07756944416983272,optimal,0.03520969500095816,1608,3719,8846
rescuenet,Easynet-r2,Easynet,ground_only,,12,3.1027777667933085,0.07756944416983272,optimal,0.03520559299795423,1608,3719,8846
rescuenet,Easynet-r2,Easynet,ground_only,,13,3.1027777667933085,0.07756944416983272,optimal,0.03858696400129702,1608,3719,8846
rescuenet,Easynet-r2,Easynet,ground_only,,14,3.1027777667933085,0.07756944416983272,optimal,0.03406200099561829,1608,3719,8846
rescuenet,Easynet-r2,Easynet,ground_only,,15,3.1027777667933085,0.07756944416983272,optimal,0.03826666200620821,1608,3719,8846
rescuenet,Easynet-r2,Easynet,ground_only,,16,3.1027777667933085,0.07756944416983272,optimal,0.03650781899341382,1608,3719,8846
rescuenet,Easynet-r2,Easynet,ground_only,,17,3.1027777667933085,0.07756944416983272,optimal,0.03743882800335996,1608,3719,8846
rescuenet,Easynet-r2,Easynet,ground_only,,18,3.1027777667933085,0.07756944416983272,optimal,0.039919767004903406,1608,3719,8846
rescuenet,Easynet-r2,Easynet,ground_only,,19,3.1027777667933085,0.07756944416983272,optimal,0.03643325500161154,1608,3719,8846
rescuenet,Easynet-r2,Easynet,ground_only,,20,3.1027777667933085,0.07756944416983272,optimal,0.034494416999223176,1608,3719,8846
rescuenet,Easynet-r2,Easynet,ground_only,,21,3.1027777667933085,0.07756944416983272,optimal,0.03555805299401982,1608,3719,8846
rescuenet,Easynet-r2,Easynet,ground_only,,22,3.1027777667933085,0.07756944416983272,optimal,0.03365744699840434,1608,3719,8846
rescuenet,Easynet-r2,Easynet,ground_only,,23,3.1027777667933085,0.07756944416983272,optimal,0.03439922299730824,1608,3719,8846
rescuenet,Easynet-r2,Easynet,ground_only,,24,3.1027777667933085,0.07756944416983272,optimal,0.0348255170029006,1608,3719,8846
rescuenet,Easynet-r2,Easynet,ground_only,,25,3.1027777667933085,0.07756944416983272,optimal,0.033337449000100605,1608,3719,8846
rescuenet,Easynet-r2,Easynet,ground_only,,26,3.1027777667933085,0.07756944416983272,optimal,0.03663007800059859,1608,3719,8846
rescuenet,Easynet-r2,Easynet,ground_only,,27,3.1027777667933085,0.07756944416983272,optimal,0.03388291200099047,1608,3719,8846
rescuenet,Easynet-r2,Easynet,ground_only,,28,3.1027777667933085,0.07756944416983272,optimal,0.03644542099937098,1608,3719,8846
rescuenet,Easynet-r2,Easynet,ground_only,,29,3.1027777667933085,0.07756944416983272,optimal,0.03572269400319783,1608,3719,8846
rescuenet,Easynet-r2,Easynet,trajectory,B1,0,7.7291692548897295,0.19322923137224324,optimal,1.6623854209974525,30248,54454,197610
rescuenet,Easynet-r2,Easynet,trajectory,B1,1,7.6217146200228365,0.19054286550057092,optimal,1.7980048460012767,30248,54454,197610
rescuenet,Easynet-r2,Easynet,trajectory,B1,2,8.35001583283717,0.20875039582092927,optimal,1.9050947120049386,30248,54454,197610
rescuenet,Easynet-r2,Easynet,trajectory,B1,3,7.729999709957803,0.19324999274894508,optimal,1.7753369869969902,30248,54454,197610
rescuenet,Easynet-r2,Easynet,trajectory,B1,4,7.782306844698161,0.19455767111745403,optimal,1.7973179260006873,30248,54454,197610
rescuenet,Easynet-r2,Easynet,trajectory,B1,5,9.131608667881864,0.22829021669704658,optimal,1.7383799950039247,30248,54454,197610
rescuenet,Easynet-r2,Easynet,trajectory,B1,6,7.531481535371252,0.1882870383842813,optimal,1.7817314569983864,30248,54454,197610
rescuenet,Easynet-r2,Easynet,trajectory,B1,7,5.935511608856376,0.1483877902214094,optimal,1.7915927919966634,30248,54454,197610
rescuenet,Easynet-r2,Easynet,trajectory,B1,8,9.371317416211046,0.23428293540527614,optimal,2.071625620999839,30248,54454,197610
rescuenet,Easynet-r2,Easynet,trajectory,B1,9,8.505521213312873,0.21263803033282183,optimal,1.5720753310015425,30248,54454,197610
rescuenet,Easynet-r2,Easynet,trajectory,B1,10,7.560915361886741,0.18902288404716852,optimal,1.696946983000089,30248,54454,197610
rescuenet,Easynet-r2,Easynet,trajectory,B1,11,8.592993609289415,0.2148248402322354,optimal,1.7226645929986262,30248,54454,197610
rescuenet,Easynet-r2,Easynet,trajectory,B1,12,7.680751039047178,0.19201877597617945,optimal,1.6158021119990735,30248,54454,197610
rescuenet,Easynet-r2,Easynet,trajectory,B1,13,9.631556427491821,0.24078891068729552,optimal,1.9878343710006448,30248,54454,197610
rescuenet,Easynet-r2,Easynet,trajectory,B1,14,8.172546311074234,0.20431365777685584,optimal,1.7674687150065438,30248,54454,197610
rescuenet,Easynet-r2,Easynet,trajectory,B1,15,7.079167873788131,0.17697919684470326,optimal,1.9394133210007567,30248,54454,197610
rescuenet,Easynet-r2,Easynet,trajectory,B1,16,6.545705747358055,0.16364264368395137,optimal,2.322879990002548,30248,54454,197610
rescuenet,Easynet-r2,Easynet,trajectory,B1,17,8.296000512806522,0.20740001282016304,optimal,1.8573807590000797,30248,54454,197610
rescuenet,Easynet-r2,Easynet,trajectory,B1,18,7.965857564548772,0.1991464391137193,optimal,1.700537753997196,30248,54454,197610
rescuenet,Easynet-r2,Easynet,trajectory,B1,19,7.746726751456341,0.19366816878640852,optimal,2.1301709079998545,30248,54454,197610
rescuenet,Easynet-r2,Easynet,trajectory,B1,20,7.621345235313363,0.1905336308828341,optimal,1.8676730980005232,30248,54454,197610
rescuenet,Easynet-r2,Easynet,trajectory,B1,21,8.784666856208654,0.21961667140521635,optimal,1.7457637799961958,30248,54454,197610
rescuenet,Easynet-r2,Easynet,trajectory,B1,22,7.233477418382812,0.1808369354595703,optimal,1.8712123060031445,30248,54454,197610
rescuenet,Easynet-r2,Easynet,trajectory,B1,23,7.990283999538453,0.1997570999884613,optimal,1.8102330300025642,30248,54454,197610
rescuenet,Easynet-r2,Easynet,trajectory,B1,24,9.289029885696356,0.2322257471424089,optimal,1.853231474000495,30248,54454,197610
rescuenet,Easynet-r2,Easynet,trajectory,B1,25,9.463408229807586,0.23658520574518965,optimal,1.8920464760012692,30248,54454,197610
rescuenet,Easynet-r2,Easynet,trajectory,B1,26,8.439235699605383,0.21098089249013458,optimal,1.862089994996495,30248,54454,197610
rescuenet,Easynet-r2,Easynet,trajectory,B1,27,6.944347862667924,0.1736086965666981,optimal,1.7853824150006403,30248,54454,197610
rescuenet,Easynet-r2,Easynet,trajectory,B1,28,7.650225310419521,0.19125563276048801,optimal,2.2605189660025644,30248,54454,197610
rescuenet,Easynet-r2,Easynet,trajectory,B1,29,8.104050876044695,0.20260127190111737,optimal,1.7306753670054604,30248,54454,197610
rescuenet,Easynet-r2,Easynet,trajectory,B2,0,10.441584095695925,0.2610396023923981,optimal,1.9593924090004293,30248,54454,197610
rescuenet,Easynet-r2,Easynet,trajectory,B2,1,11.191312244971535,0.27978280612428835,optimal,2.375091239999165,30248,54454,197610
rescuenet,Easynet-r2,Easynet,trajectory,B2,2,11.567584146770967,0.28918960366927415,optimal,2.3601012969957083,30248,54454,197610
rescuenet,Easynet-r2,Easynet,trajectory,B2,3,9.932914543571652,0.2483228635892913,optimal,1.9985389700013911,30248,54454,197610
rescuenet,Easynet-r2,Easynet,trajectory,B2,4,9.229725441891818,0.23074313604729543,optimal,2.1829217619961128,30248,54454,197610
rescuenet,Easynet-r2,Easynet,trajectory,B2,5,12.139095487488236,0.3034773871872059,optimal,1.967079519003164,30248,54454,197610
rescuenet,Easynet-r2,Easynet,trajectory,B2,6,9.831453415395773,0.2457863353848943,optimal,1.9227684369980125,30248,54454,197610
rescuenet,Easynet-r2,Easynet,trajectory,B2,7,9.660529361665583,0.24151323404163957,optimal,1.890165024997259,30248,54454,197610
rescuenet,Easynet-r2,Easynet,trajectory,B2,8,12.212853140147482,0.30532132850368704,optimal,2.7208440949980286,30248,54454,197610
rescuenet,Easynet-r2,Easynet,trajectory,B2,9,10.931443265147577,0.2732860816286894,optimal,2.2029217470044387,30248,54454,197610
rescuenet,Easynet-r2,Easynet,trajectory,B2,10,9.75972947581775,0.24399323689544375,optimal,2.123194423998939,30248,54454,197610
rescuenet,Easynet-r2,Easynet,trajectory,B2,11,11.835518123178124,0.2958879530794531,optimal,1.9690365810020012,30248,54454,197610
rescuenet,Easynet-r2,Easynet,trajectory,B2,12,10.189071782091911,0.2547267945522978,optimal,2.074823173999903,30248,54454,197610
rescuenet,Easynet-r2,Easynet,trajectory,B2,13,12.600968382061843,0.3150242095515461,optimal,2.0245254450055654,30248,54454,197610
rescuenet,Easynet-r2,Easynet,trajectory,B2,14,10.82870306521796,0.270717576630449,optimal,2.4578783550023218,30248,54454,197610
rescuenet,Easynet-r2,Easynet,trajectory,B2,15,9.791285337518763,0.2447821334379691,optimal,1.874256848001096,30248,54454,197610
rescuenet,Easynet-r2,Easynet,trajectory,B2,16,9.065414447862873,0.22663536119657182,optimal,1.8514324150019092,30248,54454,197610
rescuenet,Easynet-r2,Easynet,trajectory,B2,17,10.853245323603343,0.27133113309008355,optimal,2.4077676800006884,30248,54454,197610
rescuenet,Easynet-r2,Easynet,trajectory,B2,18,12.408639459878074,0.31021598649695187,optimal,2.1134826429988607,30248,54454,197610
rescuenet,Easynet-r2,Easynet,trajectory,B2,19,9.78351281534916,0.244587820383729,optimal,2.171940554995672,30248,54454,197610
rescuenet,Easynet-r2,Easynet,trajectory,B2,20,11.545432003736734,0.2886358000934183,optimal,2.2076716139999917,30248,54454,197610
rescuenet,Easynet-r2,Easynet,trajectory,B2,21,10.186057394787799,0.254651434869695,optimal,2.302640153997345,30248,54454,197610
rescuenet,Easynet-r2,Easynet,trajectory,B2,22,10.475883601437078,0.2618970900359269,optimal,2.1832131199989817,30248,54454,197610
rescuenet,Easynet-r2,Easynet,trajectory,B2,23,10.443565480573653,0.26108913701434133,optimal,2.165947438996227,30248,54454,197610
rescuenet,Easynet-r2,Easynet,trajectory,B2,24,11.23579138873085,0.28089478471827123,optimal,2.212417816001107,30248,54454,197610
rescuenet,Easynet-r2,Easynet,trajectory,B2,25,12.768488449414262,0.31921221123535654,optimal,2.1860468779996154,30248,54454,197610
rescuenet,Easynet-r2,Easynet,trajectory,B2,26,11.133164518011545,0.2783291129502886,optimal,2.5534329090005485,30248,54454,197610
rescuenet,Easynet-r2,Easynet,trajectory,B2,27,10.429731573924414,0.26074328934811036,optimal,2.197249784003361,30248,54454,197610
rescuenet,Easynet-r2,Easynet,trajectory,B2,28,11.34551639636527,0.28363790990913174,optimal,2.135647021998011,30248,54454,197610
rescuenet,Easynet-r2,Easynet,trajectory,B2,29,11.571051636024123,0.2892762909006031,optimal,2.2320546500050114,30248,54454,197610
rescuenet,Easynet-r2,Easynet,trajectory,P,0,10.04646582959454,0.2511616457398635,optimal,2.084574234999309,30248,54454,197610
rescuenet,Easynet-r2,Easynet,trajectory,P,1,11.239658233716868,0.28099145584292173,optimal,2.2664990669945837,30248,54454,197610
rescuenet,Easynet-r2,Easynet,trajectory,P,2,11.238130634477953,0.2809532658619488,optimal,2.1168822559993714,30248,54454,197610
rescuenet,Easynet-r2,Easynet,trajectory,P,3,10.04486252831814,0.2511215632079535,optimal,2.0448631000035675,30248,54454,197610
rescuenet,Easynet-r2,Easynet,trajectory,P,4,9.6935004783167,0.2423375119579175,optimal,2.1241082519991323,30248,54454,197610
rescuenet,Easynet-r2,Easynet,trajectory,P,5,11.612757385549981,0.2903189346387495,optimal,1.9566074350004783,30248,54454,197610
rescuenet,Easynet-r2,Easynet,trajectory,P,6,9.433025965563829,0.2358256491390957,optimal,2.1002115279989084,30248,54454,197610
rescuenet,Easynet-r2,Easynet,trajectory,P,7,9.027686896161885,0.22569217240404713,optimal,2.065511081003933,30248,54454,197610
rescuenet,Easynet-r2,Easynet,trajectory,P,8,11.894853418875805,0.2973713354718951,optimal,2.017940694000572,30248,54454,197610
rescuenet,Easynet-r2,Easynet,trajectory,P,9,11.526551051564754,0.2881637762891188,optimal,2.053657481999835,30248,54454,197610
rescuenet,Easynet-r2,Easynet,trajectory,P,10,8.790322172862703,0.2197580543215676,optimal,2.065118013000756,30248,54454,197610
rescuenet,Easynet-r2,Easynet,trajectory,P,11,12.04866635495151,0.3012166588737878,optimal,1.972811712003022,30248,54454,197610
rescuenet,Easynet-r2,Easynet,trajectory,P,12,10.27934166870943,0.25698354171773574,optimal,2.08483882600558,30248,54454,197610
rescuenet,Easynet-r2,Easynet,trajectory,P,13,12.081056695139598,0.30202641737848995,optimal,2.166772281001613,30248,54454,197610
rescuenet,Easynet-r2,Easynet,trajectory,P,14,9.864475206312308,0.24661188015780772,optimal,2.1843321039996226,30248,54454,197610
rescuenet,Easynet-r2,Easynet,trajectory,P,15,10.43047746136412,0.260761936534103,optimal,2.096318875999714,30248,54454,197610
rescuenet,Easynet-r2,Easynet,trajectory,P,16,9.157010836516264,0.2289252709129066,optimal,2.0670252080017235,30248,54454,197610
rescuenet,Easynet-r2,Easynet,trajectory,P,17,10.024339691823416,0.2506084922955854,optimal,2.331991109000228,30248,54454,197610
rescuenet,Easynet-r2,Easynet,trajectory,P,18,12.150607746823614,0.30376519367059035,optimal,2.4552584400007618,30248,54454,197610
rescuenet,Easynet-r2,Easynet,trajectory,P,19,10.71968890040734,0.2679922225101835,optimal,2.554741774001741,30248,54454,197610
rescuenet,Easynet-r2,Easynet,trajectory,P,20,11.168462223143777,0.27921155557859445,optimal,2.7117133740030113,30248,54454,197610
rescuenet,Easynet-r2,Easynet,trajectory,P,21,8.768199124554243,0.21920497811385609,optimal,2.7870120920051704,30248,54454,197610
rescuenet,Easynet-r2,Easynet,trajectory,P,22,10.072708871535964,0.2518177217883991,optimal,2.60094341399963,30248,54454,197610
rescuenet,Easynet-r2,Easynet,trajectory,P,23,10.665881848063611,0.2666470462015903,optimal,2.5350210839969805,30248,54454,197610
rescuenet,Easynet-r2,Easynet,trajectory,P,24,11.773265624479444,0.29433164061198613,optimal,2.3138458609973895,30248,54454,197610
rescuenet,Easynet-r2,Easynet,trajectory,P,25,12.703955669304719,0.31759889173261796,optimal,2.1908376420033164,30248,54454,197610
rescuenet,Easynet-r2,Easynet,trajectory,P,26,11.186143436501874,0.27965358591254685,optimal,2.3499651860038284,30248,54454,197610
rescuenet,Easynet-r2,Easynet,trajectory,P,27,10.007358528913564,0.2501839632228391,optimal,2.207232215994736,30248,54454,197610
rescuenet,Easynet-r2,Easynet,trajectory,P,28,11.252537917619694,0.28131344794049234,optimal,2.125546008996025,30248,54454,197610
rescuenet,Easynet-r2,Easynet,trajectory,P,29,11.214641097948952,0.2803660274487238,optimal,2.2508500010007992,30248,54454,197610
rescuenet,Easynet-r2,Easynet,trajectory,TRAN,0,14.883008529362474,0.37207521323406184,optimal,2.001901452000311,30248,54454,197610
rescuenet,Easynet-r2,Easynet,trajectory,TRAN,1,15.254411100367733,0.3813602775091933,optimal,2.180156046997581,30248,54454,197610
rescuenet,Easynet-r2,Easynet,trajectory,TRAN,2,14.649177824984129,0.36622944562460324,optimal,2.3619332870002836,30248,54454,197610
rescuenet,Easynet-r2,Easynet,trajectory,TRAN,3,15.192436905326431,0.3798109226331608,optimal,2.224495346999902,30248,54454,197610
rescuenet,Easynet-r2,Easynet,trajectory,TRAN,4,13.186868705095508,0.3296717176273877,optimal,2.768084661998728,30248,54454,197610
rescuenet,Easynet-r2,Easynet,trajectory,TRAN,5,14.098962033355372,0.3524740508338843,optimal,3.3653396549998433,30248,54454,197610
rescuenet,Easynet-r2,Easynet,trajectory,TRAN,6,12.450760476909348,0.3112690119227337,optimal,2.748321278995718,30248,54454,197610
rescuenet,Easynet-r2,Easynet,trajectory,TRAN,7,14.599033299392127,0.3649758324848032,optimal,2.1664408930009813,30248,54454,197610
rescuenet,Easynet-r2,Easynet,trajectory,TRAN,8,14.455557345640257,0.36138893364100644,optimal,2.6770248910033843,30248,54454,197610
rescuenet,Easynet-r2,Easynet,trajectory,TRAN,9,15.90579746117769,0.3976449365294422,optimal,2.4932074540047324,30248,54454,197610
rescuenet,Easynet-r2,Easynet,trajectory,TRAN,10,12.835752968997653,0.32089382422494134,optimal,2.4446723949949956,30248,54454,197610
rescuenet,Easynet-r2,Easynet,trajectory,TRAN,11,15.693800022652026,0.3923450005663006,optimal,2.25937371100008,30248,54454,197610
rescuenet,Easynet-r2,Easynet,trajectory,TRAN,12,13.809331581424045,0.3452332895356011,optimal,1.9604698290058877,30248,54454,197610
rescuenet,Easynet-r2,Easynet,trajectory,TRAN,13,14.474961408380537,0.36187403520951344,optimal,2.007404973002849,30248,54454,197610
rescuenet,Easynet-r2,Easynet,trajectory,TRAN,14,15.138522142401403,0.37846305356003507,optimal,2.3478706259993487,30248,54454,197610
rescuenet,Easynet-r2,Easynet,trajectory,TRAN,15,14.271343752907415,0.3567835938226854,optimal,2.088881712006696,30248,54454,197610
rescuenet,Easynet-r2,Easynet,trajectory,TRAN,16,14.91630680331617,0.37290767008290426,optimal,1.991363763998379,30248,54454,197610
rescuenet,Easynet-r2,Easynet,trajectory,TRAN,17,14.99239603807219,0.3748099009518048,optimal,2.0720568929973524,30248,54454,197610
rescuenet,Easynet-r2,Easynet,trajectory,TRAN,18,15.569404820289314,0.38923512050723286,optimal,2.139919524001016,30248,54454,197610
rescuenet,Easynet-r2,Easynet,trajectory,TRAN,19,15.6214448630118,0.390536121575295,optimal,2.1601282190022175,30248,54454,197610
rescuenet,Easynet-r2,Easynet,trajectory,TRAN,20,15.547669717319852,0.3886917429329963,optimal,1.9319709000046714,30248,54454,197610
rescuenet,Easynet-r2,Easynet,trajectory,TRAN,21,13.25823891152706,0.3314559727881765,optimal,2.1125359649959137,30248,54454,197610
rescuenet,Easynet-r2,Easynet,trajectory,TRAN,22,13.714560096762971,0.3428640024190743,optimal,1.9714990200009197,30248,54454,197610
rescuenet,Easynet-r2,Easynet,trajectory,TRAN,23,14.980791820187042,0.37451979550467607,optimal,1.873230221994163,30248,54454,197610
rescuenet,Easynet-r2,Easynet,trajectory,TRAN,24,15.892337869977997,0.39730844674944993,optimal,1.9109211800023331,30248,54454,197610
rescuenet,Easynet-r2,Easynet,trajectory,TRAN,25,15.571481495817556,0.3892870373954389,optimal,2.125913500000024,30248,54454,197610
rescuenet,Easynet-r2,Easynet,trajectory,TRAN,26,13.154942209887752,0.3288735552471938,optimal,1.8233674370057997,30248,54454,197610
rescuenet,Easynet-r2,Easynet,trajectory,TRAN,27,14.892495485228359,0.37231238713070897,optimal,1.968075835997297,30248,54454,197610
rescuenet,Easynet-r2,Easynet,trajectory,TRAN,28,15.306238030222291,0.38265595075555725,optimal,1.893025587000011,30248,54454,197610
rescuenet,Easynet-r2,Easynet,trajectory,TRAN,29,14.651120599440045,0.3662780149860011,optimal,2.307548198994482,30248,54454,197610
rescuenet,Garr200112-r0,Garr200112,ground_only,,0,7.355657587327895,0.18389143968319738,optimal,0.0577036640024744,1570,4484,10349
rescuenet,Garr200112-r0,Garr200112,ground_only,,1,7.355657587327895,0.18389143968319738,optimal,0.055008418996294495,1570,4484,10349
rescuenet,Garr200112-r0,Garr200112,ground_only,,2,7.355657587327895,0.18389143968319738,optimal,0.05588495699339546,1570,4484,10349
rescuenet,Garr200112-r0,Garr200112,ground_only,,3,7.355657587327895,0.18389143968319738,optimal,0.05640382599813165,1570,4484,10349
rescuenet,Garr200112-r0,Garr200112,ground_only,,4,7.355657587327895,0.18389143968319738,optimal,0.059739894000813365,1570,4484,10349
rescuenet,Garr200112-r0,Garr200112,ground_only,,5,7.355657587327895,0.18389143968319738,optimal,0.05962029400689062,1570,4484,10349
rescuenet,Garr200112-r0,Garr200112,ground_only,,6,7.355657587327895,0.18389143968319738,optimal,0.05593636400590185,1570,4484,10349
rescuenet,Garr200112-r0,Garr200112,ground_only,,7,7.355657587327895,0.18389143968319738,optimal,0.058392336999531835,1570,4484,10349
rescuenet,Garr200112-r0,Garr200112,ground_only,,8,7.355657587327895,0.18389143968319738,optimal,0.055382698999892455,1570,4484,10349
rescuenet,Garr200112-r0,Garr200112,ground_only,,9,7.355657587327895,0.18389143968319738,optimal,0.0567509090033127,1570,4484,10349
rescuenet,Garr200112-r0,Garr200112,ground_only,,10,7.355657587327895,0.18389143968319738,optimal,0.05546335600229213,1570,4484,10349
rescuenet,Garr200112-r0,Garr200112,ground_only,,11,7.355657587327895,0.18389143968319738,optimal,0.05836435200035339,1570,4484,10349
rescuenet,Garr200112-r0,Garr200112,ground_only,,12,7.355657587327895,0.18389143968319738,optimal,0.05733840299944859,1570,4484,10349
rescuenet,Garr200112-r0,Garr200112,ground_only,,13,7.355657587327895,0.18389143968319738,optimal,0.07457165599771542,1570,4484,10349
rescuenet,Garr200112-r0,Garr200112,ground_only,,14,7.355657587327895,0.18389143968319738,optimal,0.07049406300211558,1570,4484,10349
rescuenet,Garr200112-r0,Garr200112,ground_only,,15,7.355657587327895,0.18389143968319738,optimal,0.060242250001465436,1570,4484,10349
rescuenet,Garr200112-r0,Garr200112,ground_only,,16,7.355657587327895,0.18389143968319738,optimal,0.05895144100213656,1570,4484,10349
rescuenet,Garr200112-r0,Garr200112,ground_only,,17,7.355657587327895,0.18389143968319738,optimal,0.05734753599972464,1570,4484,10349
rescuenet,Garr200112-r0,Garr200112,ground_only,,18,7.355657587327895,0.18389143968319738,optimal,0.05699993699818151,1570,4484,10349
rescuenet,Garr200112-r0,Garr200112,ground_only,,19,7.355657587327895,0.18389143968319738,optimal,0.05992089099891018,1570,4484,10349
rescuenet,Garr200112-r0,Garr200112,ground_only,,20,7.355657587327895,0.18389143968319738,optimal,0.05926984299730975,1570,4484,10349
rescuenet,Garr200112-r0,Garr200112,ground_only,,21,7.355657587327895,0.18389143968319738,optimal,0.06238808899797732,1570,4484,10349
rescuenet,Garr200112-r0,Garr200112,ground_only,,22,7.355657587327895,0.18389143968319738,optimal,0.06379640899831429,1570,4484,10349
rescuenet,Garr200112-r0,Garr200112,ground_only,,23,7.355657587327895,0.18389143968319738,optimal,0.06442308300029254,1570,4484,10349
rescuenet,Garr200112-r0,Garr200112,ground_only,,24,7.355657587327895,0.18389143968319738,optimal,0.06470247400284279,1570,4484,10349
rescuenet,Garr200112-r0,Garr200112,ground_only,,25,7.355657587327895,0.18389143968319738,optimal,0.0596025440027006,1570,4484,10349
rescuenet,Garr200112-r0,Garr200112,ground_only,,26,7.355657587327895,0.18389143968319738,optimal,0.06312310900102602,1570,4484,10349
rescuenet,Garr200112-r0,Garr200112,ground_only,,27,7.355657587327895,0.18389143968319738,optimal,0.06138725399796385,1570,4484,10349
rescuenet,Garr200112-r0,Garr200112,ground_only,,28,7.355657587327895,0.18389143968319738,optimal,0.06248136200156296,1570,4484,10349
rescuenet,Garr200112-r0,Garr200112,ground_only,,29,7.355657587327895,0.18389143968319738,optimal,0.060860197998408694,1570,4484,10349
rescuenet,Garr200112-r0,Garr200112,trajectory,B1,0,21.240319451100703,0.5310079862775176,optimal,2.295400946997688,29584,53931,197164
rescuenet,Garr200112-r0,Garr200112,trajectory,B1,1,20.757905351036513,0.5189476337759128,optimal,2.3681529729947215,29584,53931,197164
rescuenet,Garr200112-r0,Garr200112,trajectory,B1,2,20.68278441560656,0.517069610390164,optimal,2.402782842000306,29584,53931,197164
rescuenet,Garr200112-r0,Garr200112,trajectory,B1,3,22.059950607798278,0.551498765194957,optimal,2.2835479350032983,29584,53931,197164
rescuenet,Garr200112-r0,Garr200112,trajectory,B1,4,20.3254195603626,0.508135489009065,optimal,2.0773429019973264,29584,53931,197164
rescuenet,Garr200112-r0,Garr200112,trajectory,B1,5,20.815505980878033,0.5203876495219508,optimal,2.446855261994642,29584,53931,197164
rescuenet,Garr200112-r0,Garr200112,trajectory,B1,6,21.010623496440612,0.5252655874110153,optimal,2.3394408439999097,29584,53931,197164
rescuenet,Garr200112-r0,Garr200112,trajectory,B1,7,20.584784256192847,0.5146196064048212,optimal,2.310392930994567,29584,53931,197164
rescuenet,Garr200112-r0,Garr200112,trajectory,B1,8,19.350346876216893,0.4837586719054223,optimal,2.2086983529952704,29584,53931,197164
rescuenet,Garr200112-r0,Garr200112,trajectory,B1,9,20.79828638389825,0.5199571595974563,optimal,2.3534262609973666,29584,53931,197164
rescuenet,Garr200112-r0,Garr200112,trajectory,B1,10,19.937648752422774,0.49844121881056935,optimal,2.1662872480010265,29584,53931,197164
rescuenet,Garr200112-r0,Garr200112,trajectory,B1,11,20.21846491616407,0.5054616229041018,optimal,1.9360117350006476,29584,53931,197164
rescuenet,Garr200112-r0,Garr200112,trajectory,B1,12,20.953387977488845,0.5238346994372212,optimal,2.1742551809948054,29584,53931,197164
rescuenet,Garr200112-r0,Garr200112,trajectory,B1,13,22.14902837537022,0.5537257093842556,optimal,2.309176307004236,29584,53931,197164
rescuenet,Garr200112-r0,Garr200112,trajectory,B1,14,20.217598128940637,0.5054399532235159,optimal,2.2424708860053215,29584,53931,197164
rescuenet,Garr200112-r0,Garr200112,trajectory,B1,15,19.457435062983837,0.4864358765745959,optimal,2.244399486997281,29584,53931,197164
rescuenet,Garr200112-r0,Garr200112,trajectory,B1,16,21.06988405613459,0.5267471014033648,optimal,2.1239910570002394,29584,53931,197164
rescuenet,Garr200112-r0,Garr200112,trajectory,B1,17,20.60844916790987,0.5152112291977468,optimal,2.235783193995303,29584,53931,197164
rescuenet,Garr200112-r0,Garr200112,trajectory,B1,18,20.80709936185946,0.5201774840464866,optimal,2.215425811999012,29584,53931,197164
rescuenet,Garr200112-r0,Garr200112,trajectory,B1,19,21.171511225540904,0.5292877806385226,optimal,2.4776284839972504,29584,53931,197164
rescuenet,Garr200112-r0,Garr200112,trajectory,B1,20,20.689914795126413,0.5172478698781603,optimal,2.1520732309945743,29584,53931,197164
rescuenet,Garr200112-r0,Garr200112,trajectory,B1,21,21.16665208936002,0.5291663022340005,optimal,2.344868216001487,29584,53931,197164
rescuenet,Garr200112-r0,Garr200112,trajectory,B1,22,22.325949878660765,0.5581487469665192,optimal,2.139232176996302,29584,53931,197164
rescuenet,Garr200112-r0,Garr200112,trajectory,B1,23,21.37315813662275,0.5343289534155687,optimal,2.015537631996267,29584,53931,197164
rescuenet,Garr200112-r0,Garr200112,trajectory,B1,24,22.007622207435613,0.5501905551858903,optimal,2.19946611100022,29584,53931,197164
rescuenet,Garr200112-r0,Garr200112,trajectory,B1,25,19.706287038565197,0.49265717596412995,optimal,2.154788820997055,29584,53931,197164
rescuenet,Garr200112-r0,Garr200112,trajectory,B1,26,21.0832695461058,0.527081738652645,optimal,2.2081149389996426,29584,53931,197164
rescuenet,Garr200112-r0,Garr200112,trajectory,B1,27,21.123131172232018,0.5280782793058004,optimal,2.3271958439945593,29584,53931,197164
rescuenet,Garr200112-r0,Garr200112,trajectory,B1,28,21.07241268004286,0.5268103170010715,optimal,2.2954752419973374,29584,53931,197164
rescuenet,Garr200112-r0,Garr200112,trajectory,B1,29,20.29665569652131,0.5074163924130327,optimal,2.2597054619982373,29584,53931,197164
rescuenet,Garr200112-r0,Garr200112,trajectory,B2,0,22.6782441236982,0.566956103092455,optimal,2.0255566609994275,29584,53931,197164
rescuenet,Garr200112-r0,Garr200112,trajectory,B2,1,22.59753354137712,0.564938338534428,optimal,2.2488707340016845,29584,53931,197164
rescuenet,Garr200112-r0,Garr200112,trajectory,B2,2,21.756886893388046,0.5439221723347012,optimal,1.9932098469944322,29584,53931,197164
rescuenet,Garr200112-r0,Garr200112,trajectory,B2,3,22.536006765144133,0.5634001691286034,optimal,2.344700850000663,29584,53931,197164
rescuenet,Garr200112-r0,Garr200112,trajectory,B2,4,22.487892021278007,0.5621973005319502,optimal,2.50079304400424,29584,53931,197164
rescuenet,Garr200112-r0,Garr200112,trajectory,B2,5,21.490294577454144,0.5372573644363536,optimal,2.4154182549973484,29584,53931,197164
rescuenet,Garr200112-r0,Garr200112,trajectory,B2,6,21.274878706535983,0.5318719676633996,optimal,2.007405705000565,29584,53931,197164
rescuenet,Garr200112-r0,Garr200112,trajectory,B2,7,22.425647966702325,0.5606411991675582,optimal,2.262638401000004,29584,53931,197164
rescuenet,Garr200112-r0,Garr200112,trajectory,B2,8,20.289063096041964,0.5072265774010492,optimal,2.1040349140021135,29584,53931,197164
rescuenet,Garr200112-r0,Garr200112,trajectory,B2,9,22.77406388526855,0.5693515971317138,optimal,2.223930770000152,29584,53931,197164
rescuenet,Garr200112-r0,Garr200112,trajectory,B2,10,21.504101148050815,0.5376025287012703,optimal,2.041544056002749,29584,53931,197164
rescuenet,Garr200112-r0,Garr200112,trajectory,B2,11,21.622427761938784,0.5405606940484696,optimal,1.9714925660009612,29584,53931,197164
rescuenet,Garr200112-r0,Garr200112,trajectory,B2,12,22.902656828313688,0.5725664207078422,optimal,2.44576499699906,29584,53931,197164
rescuenet,Garr200112-r0,Garr200112,trajectory,B2,13,22.75153054680815,0.5687882636702037,optimal,2.144112132002192,29584,53931,197164
rescuenet,Garr200112-r0,Garr200112,trajectory,B2,14,21.733342952823946,0.5433335738205987,optimal,2.221448807998968,29584,53931,197164
rescuenet,Garr200112-r0,Garr200112,trajectory,B2,15,20.90993932273081,0.5227484830682703,optimal,2.081073525994725,29584,53931,197164
rescuenet,Garr200112-r0,Garr200112,trajectory,B2,16,21.749208807172487,0.5437302201793122,optimal,2.1017500140005723,29584,53931,197164
rescuenet,Garr200112-r0,Garr200112,trajectory,B2,17,23.397440977205367,0.5849360244301341,optimal,2.5323753710035817,29584,53931,197164
rescuenet,Garr200112-r0,Garr200112,trajectory,B2,18,21.950147067864457,0.5487536766966115,optimal,2.6096306280014687,29584,53931,197164
rescuenet,Garr200112-r0,Garr200112,trajectory,B2,19,23.006317652992756,0.5751579413248189,optimal,2.4303128530009417,29584,53931,197164
rescuenet,Garr200112-r0,Garr200112,trajectory,B2,20,21.993695757892954,0.5498423939473238,optimal,2.4743554450033116,29584,53931,197164
rescuenet,Garr200112-r0,Garr200112,trajectory,B2,21,21.897510162627054,0.5474377540656763,optimal,2.591943490995618,29584,53931,197164
rescuenet,Garr200112-r0,Garr200112,trajectory,B2,22,24.192803807219452,0.6048200951804863,optimal,2.2600803270033794,29584,53931,197164
rescuenet,Garr200112-r0,Garr200112,trajectory,B2,23,22.109871099465998,0.5527467774866499,optimal,2.1663803629999165,29584,53931,197164
rescuenet,Garr200112-r0,Garr200112,trajectory,B2,24,24.578940332658494,0.6144735083164623,optimal,2.1661630850067013,29584,53931,197164
rescuenet,Garr200112-r0,Garr200112,trajectory,B2,25,21.776263569716882,0.5444065892429221,optimal,2.2453359040009673,29584,53931,197164
rescuenet,Garr200112-r0,Garr200112,trajectory,B2,26,22.448825357129884,0.5612206339282471,optimal,2.1858695060000173,29584,53931,197164
rescuenet,Garr200112-r0,Garr200112,trajectory,B2,27,23.386765243136907,0.5846691310784227,optimal,2.4459827760001644,29584,53931,197164
rescuenet,Garr200112-r0,Garr200112,trajectory,B2,28,23.46477163610746,0.5866192909026865,optimal,2.3662601320029353,29584,53931,197164
rescuenet,Garr200112-r0,Garr200112,trajectory,B2,29,22.066114143169866,0.5516528535792466,optimal,2.1656035440028063,29584,53931,197164
rescuenet,Garr200112-r0,Garr200112,trajectory,P,0,22.193398696324397,0.5548349674081099,optimal,2.178897079997114,29584,53931,197164
rescuenet,Garr200112-r0,Garr200112,trajectory,P,1,22.142851998803565,0.5535712999700891,optimal,2.6645188570037135,29584,53931,197164
rescuenet,Garr200112-r0,Garr200112,trajectory,P,2,21.998258851391892,0.5499564712847973,optimal,2.309807019002619,29584,53931,197164
rescuenet,Garr200112-r0,Garr200112,trajectory,P,3,23.474128063001075,0.5868532015750269,optimal,2.5786340549966553,29584,53931,197164
rescuenet,Garr200112-r0,Garr200112,trajectory,P,4,21.202998008858405,0.5300749502214601,optimal,2.5067880549977417,29584,53931,197164
rescuenet,Garr200112-r0,Garr200112,trajectory,P,5,22.478480939354295,0.5619620234838574,optimal,2.4083307210021303,29584,53931,197164
rescuenet,Garr200112-r0,Garr200112,trajectory,P,6,22.141898437703052,0.5535474609425763,optimal,2.492915112998162,29584,53931,197164
rescuenet,Garr200112-r0,Garr200112,trajectory,P,7,22.390965727743442,0.5597741431935861,optimal,2.3213890429979074,29584,53931,197164
rescuenet,Garr200112-r0,Garr200112,trajectory,P,8,20.97809145194067,0.5244522862985168,optimal,2.37514171100338,29584,53931,197164
rescuenet,Garr200112-r0,Garr200112,trajectory,P,9,22.117731801768986,0.5529432950442247,optimal,2.4240290579982684,29584,53931,197164
rescuenet,Garr200112-r0,Garr200112,trajectory,P,10,21.345688312998746,0.5336422078249686,optimal,2.4796688569986145,29584,53931,197164
rescuenet,Garr200112-r0,Garr200112,trajectory,P,11,23.089568179741065,0.5772392044935266,optimal,2.0446114060032414,29584,53931,197164
rescuenet,Garr200112-r0,Garr200112,trajectory,P,12,22.734023451117856,0.5683505862779464,optimal,2.121448715995939,29584,53931,197164
rescuenet,Garr200112-r0,Garr200112,trajectory,P,13,22.842822578744798,0.5710705644686199,optimal,2.8345095540062175,29584,53931,197164
rescuenet,Garr200112-r0,Garr200112,trajectory,P,14,22.043175284553186,0.5510793821138297,optimal,2.4099959040031536,29584,53931,197164
rescuenet,Garr200112-r0,Garr200112,trajectory,P,15,20.66814677628494,0.5167036694071234,optimal,2.5441769390017726,29584,53931,197164
rescuenet,Garr200112-r0,Garr200112,trajectory,P,16,22.308523830692906,0.5577130957673226,optimal,2.4403150619982625,29584,53931,197164
rescuenet,Garr200112-r0,Garr200112,trajectory,P,17,22.672064029360058,0.5668016007340014,optimal,2.3264827960010734,29584,53931,197164
rescuenet,Garr200112-r0,Garr200112,trajectory,P,18,21.874744511280422,0.5468686127820106,optimal,2.1826646010013064,29584,53931,197164
rescuenet,Garr200112-r0,Garr200112,trajectory,P,19,21.886236057492507,0.5471559014373126,optimal,2.103555873000005,29584,53931,197164
rescuenet,Garr200112-r0,Garr200112,trajectory,P,20,22.972572057046893,0.5743143014261723,optimal,2.1721439589964575,29584,53931,197164
rescuenet,Garr200112-r0,Garr200112,trajectory,P,21,21.54339706804268,0.538584926701067,optimal,2.821274874993833,29584,53931,197164
rescuenet,Garr200112-r0,Garr200112,trajectory,P,22,23.65707428659131,0.5914268571647827,optimal,2.532483342998603,29584,53931,197164
rescuenet,Garr200112-r0,Garr200112,trajectory,P,23,22.158549144567864,0.5539637286141966,optimal,2.4396811699989485,29584,53931,197164
rescuenet,Garr200112-r0,Garr200112,trajectory,P,24,23.683127051126068,0.5920781762781517,optimal,2.5712709929939592,29584,53931,197164
rescuenet,Garr200112-r0,Garr200112,trajectory,P,25,20.705236255949508,0.5176309063987377,optimal,2.247260208998341,29584,53931,197164
rescuenet,Garr200112-r0,Garr200112,trajectory,P,26,22.130363786683393,0.5532590946670848,optimal,2.3136890000023413,29584,53931,197164
rescuenet,Garr200112-r0,Garr200112,trajectory,P,27,22.597083722508604,0.564927093062715,optimal,2.6580837660003453,29584,53931,197164
rescuenet,Garr200112-r0,Garr200112,trajectory,P,28,22.8299656173815,0.5707491404345375,optimal,2.584220574994106,29584,53931,197164
rescuenet,Garr200112-r0,Garr200112,trajectory,P,29,21.944922388962723,0.5486230597240681,optimal,2.4421764939979766,29584,53931,197164
rescuenet,Garr200112-r0,Garr200112,trajectory,TRAN,0,25.76382095475535,0.6440955238688837,optimal,2.7535280869997223,29584,53931,197164
rescuenet,Garr200112-r0,Garr200112,trajectory,TRAN,1,26.195660715555817,0.6548915178888954,optimal,2.329325318998599,29584,53931,197164
rescuenet,Garr200112-r0,Garr200112,trajectory,TRAN,2,27.730073421805027,0.6932518355451257,optimal,2.180581380998774,29584,53931,197164
rescuenet,Garr200112-r0,Garr200112,trajectory,TRAN,3,26.68373460749202,0.6670933651873006,optimal,1.919844980999187,29584,53931,197164
rescuenet,Garr200112-r0,Garr200112,trajectory,TRAN,4,25.646398388084492,0.6411599597021123,optimal,2.0194284150056774,29584,53931,197164
rescuenet,Garr200112-r0,Garr200112,trajectory,TRAN,5,26.14360552875134,0.6535901382187835,optimal,1.9773031769946101,29584,53931,197164
rescuenet,Garr200112-r0,Garr200112,trajectory,TRAN,6,25.690484045294273,0.6422621011323568,optimal,2.3284100599994417,29584,53931,197164
rescuenet,Garr200112-r0,Garr200112,trajectory,TRAN,7,26.47011325317929,0.6617528313294823,optimal,1.8950000550030381,29584,53931,197164
rescuenet,Garr200112-r0,Garr200112,trajectory,TRAN,8,25.263065227336973,0.6315766306834243,optimal,1.832455237999966,29584,53931,197164
rescuenet,Garr200112-r0,Garr200112,trajectory,TRAN,9,25.975493135916928,0.6493873283979232,optimal,2.4296051139972406,29584,53931,197164
rescuenet,Garr200112-r0,Garr200112,trajectory,TRAN,10,26.379963338583774,0.6594990834645944,optimal,2.1484862880024593,29584,53931,197164
rescuenet,Garr200112-r0,Garr200112,trajectory,TRAN,11,25.296208467594308,0.6324052116898577,optimal,1.8723958550035604,29584,53931,197164
rescuenet,Garr200112-r0,Garr200112,trajectory,TRAN,12,26.294807984844507,0.6573701996211126,optimal,2.25785296200047,29584,53931,197164
rescuenet,Garr200112-r0,Garr200112,trajectory,TRAN,13,26.361253192979614,0.6590313298244903,optimal,2.1462546059992746,29584,53931,197164
rescuenet,Garr200112-r0,Garr200112,trajectory,TRAN,14,26.002276860026875,0.6500569215006718,optimal,2.2365605409941054,29584,53931,197164
rescuenet,Garr200112-r0,Garr200112,trajectory,TRAN,15,25.2890872667257,0.6322271816681425,optimal,2.229878099002235,29584,53931,197164
rescuenet,Garr200112-r0,Garr200112,trajectory,TRAN,16,24.279071421488638,0.6069767855372159,optimal,2.323471833995427,29584,53931,197164
rescuenet,Garr200112-r0,Garr200112,trajectory,TRAN,17,26.237061094765224,0.6559265273691306,optimal,2.366119587997673,29584,53931,197164
rescuenet,Garr200112-r0,Garr200112,trajectory,TRAN,18,26.108795794955793,0.6527198948738948,optimal,2.4753381699993042,29584,53931,197164
rescuenet,Garr200112-r0,Garr200112,trajectory,TRAN,19,25.904083843813673,0.6476020960953418,optimal,2.4155301050050184,29584,53931,197164
rescuenet,Garr200112-r0,Garr200112,trajectory,TRAN,20,26.506355379703397,0.6626588844925849,optimal,2.6299425339966547,29584,53931,197164
rescuenet,Garr200112-r0,Garr200112,trajectory,TRAN,21,26.64600260092741,0.6661500650231853,optimal,2.30594350300089,29584,53931,197164
rescuenet,Garr200112-r0,Garr200112,trajectory,TRAN,22,27.0822403909102,0.677056009772755,optimal,2.162116152998351,29584,53931,197164
rescuenet,Garr200112-r0,Garr200112,trajectory,TRAN,23,26.166553208465913,0.6541638302116478,optimal,1.9151146430012886,29584,53931,197164
rescuenet,Garr200112-r0,Garr200112,trajectory,TRAN,24,26.15836832129056,0.653959208032264,optimal,1.9378074300038861,29584,53931,197164
rescuenet,Garr200112-r0,Garr200112,trajectory,TRAN,25,24.480440563267894,0.6120110140816973,optimal,2.4974106939989724,29584,53931,197164
rescuenet,Garr200112-r0,Garr200112,trajectory,TRAN,26,27.228655724300836,0.6807163931075209,optimal,2.7206250759991235,29584,53931,197164
rescuenet,Garr200112-r0,Garr200112,trajectory,TRAN,27,26.960093308320292,0.6740023327080074,optimal,2.6302958960004617,29584,53931,197164
rescuenet,Garr200112-r0,Garr200112,trajectory,TRAN,28,25.03628857587893,0.6259072143969733,optimal,2.676933568000095,29584,53931,197164
rescuenet,Garr200112-r0,Garr200112,trajectory,TRAN,29,25.87849464719771,0.6469623661799427,optimal,2.483359368001402,29584,53931,197164
rescuenet,Garr200112-r1,Garr200112,ground_only,,0,14.00585534315773,0.35014638357894323,optimal,0.2363377270012279,5955,13699,35424
rescuenet,Garr200112-r1,Garr200112,ground_only,,1,14.00585534315773,0.35014638357894323,optimal,0.22558667900011642,5955,13699,35424
rescuenet,Garr200112-r1,Garr200112,ground_only,,2,14.00585534315773,0.35014638357894323,optimal,0.21849385499808704,5955,13699,35424
rescuenet,Garr200112-r1,Garr200112,ground_only,,3,14.00585534315773,0.35014638357894323,optimal,0.2141520059958566,5955,13699,35424
rescuenet,Garr200112-r1,Garr200112,ground_only,,4,14.00585534315773,0.35014638357894323,optimal,0.22348031699948478,5955,13699,35424
rescuenet,Garr200112-r1,Garr200112,ground_only,,5,14.00585534315773,0.35014638357894323,optimal,0.23126010700070765,5955,13699,35424
rescuenet,Garr200112-r1,Garr200112,ground_only,,6,14.00585534315773,0.35014638357894323,optimal,0.23357006500009447,5955,13699,35424
rescuenet,Garr200112-r1,Garr200112,ground_only,,7,14.00585534315773,0.35014638357894323,optimal,0.21839718199771596,5955,13699,35424
rescuenet,Garr200112-r1,Garr200112,ground_only,,8,14.00585534315773,0.35014638357894323,optimal,0.22428554500220343,5955,13699,35424
rescuenet,Garr200112-r1,Garr200112,ground_only,,9,14.00585534315773,0.35014638357894323,optimal,0.23898041599750286,5955,13699,35424
rescuenet,Garr200112-r1,Garr200112,ground_only,,10,14.00585534315773,0.35014638357894323,optimal,0.21663827199517982,5955,13699,35424
rescuenet,Garr200112-r1,Garr200112,ground_only,,11,14.00585534315773,0.35014638357894323,optimal,0.23553613800322637,5955,13699,35424
rescuenet,Garr200112-r1,Garr200112,ground_only,,12,14.00585534315773,0.35014638357894323,optimal,0.2308049779967405,5955,13699,35424
rescuenet,Garr200112-r1,Garr200112,ground_only,,13,14.00585534315773,0.35014638357894323,optimal,0.21264931000041543,5955,13699,35424
rescuenet,Garr200112-r1,Garr200112,ground_only,,14,14.00585534315773,0.35014638357894323,optimal,0.257833990996005,5955,13699,35424
rescuenet,Garr200112-r1,Garr200112,ground_only,,15,14.00585534315773,0.35014638357894323,optimal,0.21663525699841557,5955,13699,35424
rescuenet,Garr200112-r1,Garr200112,ground_only,,16,14.00585534315773,0.35014638357894323,optimal,0.2290958609955851,5955,13699,35424
rescuenet,Garr200112-r1,Garr200112,ground_only,,17,14.00585534315773,0.35014638357894323,optimal,0.227353285998106,5955,13699,35424
rescuenet,Garr200112-r1,Garr200112,ground_only,,18,14.00585534315773,0.35014638357894323,optimal,0.22185578099742997,5955,13699,35424
rescuenet,Garr200112-r1,Garr200112,ground_only,,19,14.00585534315773,0.35014638357894323,optimal,0.23032929700275417,5955,13699,35424
rescuenet,Garr200112-r1,Garr200112,ground_only,,20,14.00585534315773,0.35014638357894323,optimal,0.22444437100057257,5955,13699,35424
rescuenet,Garr200112-r1,Garr200112,ground_only,,21,14.00585534315773,0.35014638357894323,optimal,0.22677154099801555,5955,13699,35424
rescuenet,Garr200112-r1,Garr200112,ground_only,,22,14.00585534315773,0.35014638357894323,optimal,0.21156024700030684,5955,13699,35424
rescuenet,Garr200112-r1,Garr200112,ground_only,,23,14.00585534315773,0.35014638357894323,optimal,0.2174676489958074,5955,13699,35424
rescuenet,Garr200112-r1,Garr200112,ground_only,,24,14.00585534315773,0.35014638357894323,optimal,0.22019683300459292,5955,13699,35424
rescuenet,Garr200112-r1,Garr200112,ground_only,,25,14.00585534315773,0.35014638357894323,optimal,0.22493602599570295,5955,13699,35424
rescuenet,Garr200112-r1,Garr200112,ground_only,,26,14.00585534315773,0.35014638357894323,optimal,0.22343611800170038,5955,13699,35424
rescuenet,Garr200112-r1,Garr200112,ground_only,,27,14.00585534315773,0.35014638357894323,optimal,0.2327315090005868,5955,13699,35424
rescuenet,Garr200112-r1,Garr200112,ground_only,,28,14.00585534315773,0.35014638357894323,optimal,0.24595239700283855,5955,13699,35424
rescuenet,Garr200112-r1,Garr200112,ground_only,,29,14.00585534315773,0.35014638357894323,optimal,0.2356292399999802,5955,13699,35424
rescuenet,Garr200112-r1,Garr200112,trajectory,B1,0,23.374785585146483,0.5843696396286621,optimal,2.261981816001935,31347,58261,202166
rescuenet,Garr200112-r1,Garr200112,trajectory,B1,1,24.523774971087516,0.6130943742771879,optimal,3.1556625649973284,31347,58261,202166
rescuenet,Garr200112-r1,Garr200112,trajectory,B1,2,24.578627975051575,0.6144656993762894,optimal,2.4003064900025493,31347,58261,202166
rescuenet,Garr200112-r1,Garr200112,trajectory,B1,3,23.61836557401411,0.5904591393503528,optimal,2.4508904769973014,31347,58261,202166
rescuenet,Garr200112-r1,Garr200112,trajectory,B1,4,23.43320648228752,0.585830162057188,optimal,2.3156806789993425,31347,58261,202166
rescuenet,Garr200112-r1,Garr200112,trajectory,B1,5,23.73344397119374,0.5933360992798435,optimal,2.46560393999971,31347,58261,202166
rescuenet,Garr200112-r1,Garr200112,trajectory,B1,6,22.65457944359917,0.5663644860899792,optimal,2.3322400500037475,31347,58261,202166
rescuenet,Garr200112-r1,Garr200112,trajectory,B1,7,22.781574484681606,0.5695393621170401,optimal,2.5283912750019226,31347,58261,202166
rescuenet,Garr200112-r1,Garr200112,trajectory,B1,8,23.815447695290068,0.5953861923822517,optimal,2.568992975000583,31347,58261,202166
rescuenet,Garr200112-r1,Garr200112,trajectory,B1,9,24.164045147381916,0.6041011286845479,optimal,2.5856970059976447,31347,58261,202166
rescuenet,Garr200112-r1,Garr200112,trajectory,B1,10,22.65391265740046,0.5663478164350115,optimal,2.7816085390004446,31347,58261,202166
rescuenet,Garr200112-r1,Garr200112,trajectory,B1,11,22.293091047391783,0.5573272761847946,optimal,2.029397311001958,31347,58261,202166
rescuenet,Garr200112-r1,Garr200112,trajectory,B1,12,22.788603761496194,0.5697150940374048,optimal,2.6127932320014224,31347,58261,202166
rescuenet,Garr200112-r1,Garr200112,trajectory,B1,13,24.98819039495525,0.6247047598738813,optimal,2.876916141001857,31347,58261,202166
rescuenet,Garr200112-r1,Garr200112,trajectory,B1,14,23.537987338214357,0.588449683455359,optimal,2.5505443020010716,31347,58261,202166
rescuenet,Garr200112-r1,Garr200112,trajectory,B1,15,22.557779128964423,0.5639444782241105,optimal,2.2843814590014517,31347,58261,202166
rescuenet,Garr200112-r1,Garr200112,trajectory,B1,16,23.736521689445496,0.5934130422361374,optimal,2.3101368010029546,31347,58261,202166
rescuenet,Garr200112-r1,Garr200112,trajectory,B1,17,21.905925013385403,0.547648125334635,optimal,2.2197766589961248,31347,58261,202166
rescuenet,Garr200112-r1,Garr200112,trajectory,B1,18,22.744180994587573,0.5686045248646894,optimal,2.737376167002367,31347,58261,202166
rescuenet,Garr200112-r1,Garr200112,trajectory,B1,19,22.706938028008718,0.5676734507002179,optimal,2.2449305709960754,31347,58261,202166
rescuenet,Garr200112-r1,Garr200112,trajectory,B1,20,23.62527890761699,0.5906319726904248,optimal,2.6735783949989127,31347,58261,202166
rescuenet,Garr200112-r1,Garr200112,trajectory,B1,21,22.335900123114893,0.5583975030778723,optimal,2.616732267997577,31347,58261,202166
rescuenet,Garr200112-r1,Garr200112,trajectory,B1,22,22.35001219715097,0.5587503049287743,optimal,2.237704298000608,31347,58261,202166
rescuenet,Garr200112-r1,Garr200112,trajectory,B1,23,23.730215151852917,0.593255378796323,optimal,2.492970368002716,31347,58261,202166
rescuenet,Garr200112-r1,Garr200112,trajectory,B1,24,20.33965524264066,0.5084913810660165,optimal,2.4008087330003036,31347,58261,202166
rescuenet,Garr200112-r1,Garr200112,trajectory,B1,25,23.610471286282223,0.5902617821570556,optimal,2.4654661620006664,31347,58261,202166
rescuenet,Garr200112-r1,Garr200112,trajectory,B1,26,23.88258403612985,0.5970646009032462,optimal,2.368718302997877,31347,58261,202166
rescuenet,Garr200112-r1,Garr200112,trajectory,B1,27,21.502439209724972,0.5375609802431243,optimal,1.9996761689981213,31347,58261,202166
rescuenet,Garr200112-r1,Garr200112,trajectory,B1,28,23.025517541812775,0.5756379385453194,optimal,2.4903892049987917,31347,58261,202166
rescuenet,Garr200112-r1,Garr200112,trajectory,B1,29,23.40070989794272,0.5850177474485679,optimal,2.866188279003836,31347,58261,202166
rescuenet,Garr200112-r1,Garr200112,trajectory,B2,0,24.181210394086577,0.6045302598521645,optimal,2.351619480003137,31347,58261,202166
rescuenet,Garr200112-r1,Garr200112,trajectory,B2,1,25.522188755303045,0.6380547188825761,optimal,3.105611024002428,31347,58261,202166
rescuenet,Garr200112-r1,Garr200112,trajectory,B2,2,25.069986893504748,0.6267496723376187,optimal,2.76667805499892,31347,58261,202166
rescuenet,Garr200112-r1,Garr200112,trajectory,B2,3,24.50906531633647,0.6127266329084118,optimal,2.444142288004514,31347,58261,202166
rescuenet,Garr200112-r1,Garr200112,trajectory,B2,4,24.667614399492532,0.6166903599873133,optimal,2.133660203006002,31347,58261,202166
rescuenet,Garr200112-r1,Garr200112,trajectory,B2,5,24.157948642271453,0.6039487160567863,optimal,2.1230292820036993,31347,58261,202166
rescuenet,Garr200112-r1,Garr200112,trajectory,B2,6,23.561957390200103,0.5890489347550025,optimal,2.285484047999489,31347,58261,202166
rescuenet,Garr200112-r1,Garr200112,trajectory,B2,7,23.299065118540558,0.582476627963514,optimal,2.6176590750037576,31347,58261,202166
rescuenet,Garr200112-r1,Garr200112,trajectory,B2,8,23.570267337057196,0.5892566834264299,optimal,2.967650955004501,31347,58261,202166
rescuenet,Garr200112-r1,Garr200112,trajectory,B2,9,24.262780560179028,0.6065695140044757,optimal,2.711219673001324,31347,58261,202166
rescuenet,Garr200112-r1,Garr200112,trajectory,B2,10,23.007694161962817,0.5751923540490704,optimal,2.1611183999993955,31347,58261,202166
rescuenet,Garr200112-r1,Garr200112,trajectory,B2,11,23.111978254500535,0.5777994563625134,optimal,2.0689722870010883,31347,58261,202166
rescuenet,Garr200112-r1,Garr200112,trajectory,B2,12,23.375657042367504,0.5843914260591876,optimal,2.407999276998453,31347,58261,202166
rescuenet,Garr200112-r1,Garr200112,trajectory,B2,13,25.87220181680028,0.646805045420007,optimal,2.8644559210006264,31347,58261,202166
rescuenet,Garr200112-r1,Garr200112,trajectory,B2,14,24.54283955642051,0.6135709889105128,optimal,2.2795569119989523,31347,58261,202166
rescuenet,Garr200112-r1,Garr200112,trajectory,B2,15,22.964381522805503,0.5741095380701375,optimal,2.545679838003707,31347,58261,202166
rescuenet,Garr200112-r1,Garr200112,trajectory,B2,16,24.18284531354691,0.6045711328386727,optimal,2.366427967994241,31347,58261,202166
rescuenet,Garr200112-r1,Garr200112,trajectory,B2,17,23.53144473553417,0.5882861183883542,optimal,2.775461349003308,31347,58261,202166
rescuenet,Garr200112-r1,Garr200112,trajectory,B2,18,24.03513270806147,0.6008783177015368,optimal,2.320619045996864,31347,58261,202166
rescuenet,Garr200112-r1,Garr200112,trajectory,B2,19,22.991009576684707,0.5747752394171177,optimal,2.4403549670023494,31347,58261,202166
rescuenet,Garr200112-r1,Garr200112,trajectory,B2,20,24.333856331155076,0.6083464082788769,optimal,2.462865041998157,31347,58261,202166
rescuenet,Garr200112-r1,Garr200112,trajectory,B2,21,23.510177278222123,0.5877544319555531,optimal,2.6284141690048273,31347,58261,202166
rescuenet,Garr200112-r1,Garr200112,trajectory,B2,22,23.019101995174484,0.5754775498793621,optimal,2.224222415003169,31347,58261,202166
rescuenet,Garr200112-r1,Garr200112,trajectory,B2,23,24.271321360229685,0.6067830340057421,optimal,2.595261529000709,31347,58261,202166
rescuenet,Garr200112-r1,Garr200112,trajectory,B2,24,21.61212994436774,0.5403032486091935,optimal,2.5680519939996884,31347,58261,202166
rescuenet,Garr200112-r1,Garr200112,trajectory,B2,25,24.536021430274456,0.6134005357568614,optimal,2.5734672819962725,31347,58261,202166
rescuenet,Garr200112-r1,Garr200112,trajectory,B2,26,24.131715946304073,0.6032928986576018,optimal,2.3013414009983535,31347,58261,202166
rescuenet,Garr200112-r1,Garr200112,trajectory,B2,27,21.568105391238664,0.5392026347809666,optimal,2.2863803149957675,31347,58261,202166
rescuenet,Garr200112-r1,Garr200112,trajectory,B2,28,23.899549144968454,0.5974887286242113,optimal,2.278368921004585,31347,58261,202166
rescuenet,Garr200112-r1,Garr200112,trajectory,B2,29,24.04345216586953,0.6010863041467382,optimal,2.3405125530043733,31347,58261,202166
rescuenet,Garr200112-r1,Garr200112,trajectory,P,0,24.178274372870067,0.6044568593217516,optimal,2.3117244160021073,31347,58261,202166
rescuenet,Garr200112-r1,Garr200112,trajectory,P,1,25.52040099546933,0.6380100248867333,optimal,2.6948775199998636,31347,58261,202166
rescuenet,Garr200112-r1,Garr200112,trajectory,P,2,25.06527127708571,0.6266317819271428,optimal,2.5875807249976788,31347,58261,202166
rescuenet,Garr200112-r1,Garr200112,trajectory,P,3,24.51202846239547,0.6128007115598868,optimal,2.5335885010063066,31347,58261,202166
rescuenet,Garr200112-r1,Garr200112,trajectory,P,4,24.66472362498458,0.6166180906246145,optimal,2.4555214639985934,31347,58261,202166
rescuenet,Garr200112-r1,Garr200112,trajectory,P,5,24.156992527880774,0.6039248131970194,optimal,2.349775258997397,31347,58261,202166
rescuenet,Garr200112-r1,Garr200112,trajectory,P,6,23.561986346389325,0.5890496586597331,optimal,2.693130348001432,31347,58261,202166
rescuenet,Garr200112-r1,Garr200112,trajectory,P,7,23.299772396940153,0.5824943099235038,optimal,2.7277592230020673,31347,58261,202166
rescuenet,Garr200112-r1,Garr200112,trajectory,P,8,23.56930513910247,0.5892326284775617,optimal,2.4460585640044883,31347,58261,202166
rescuenet,Garr200112-r1,Garr200112,trajectory,P,9,24.261570326251437,0.606539258156286,optimal,2.5894746359990677,31347,58261,202166
rescuenet,Garr200112-r1,Garr200112,trajectory,P,10,23.006132753629768,0.5751533188407442,optimal,2.1751300350006204,31347,58261,202166
rescuenet,Garr200112-r1,Garr200112,trajectory,P,11,23.107678956738084,0.5776919739184521,optimal,2.247328441000718,31347,58261,202166
rescuenet,Garr200112-r1,Garr200112,trajectory,P,12,23.370657160555503,0.5842664290138876,optimal,2.523004933995253,31347,58261,202166
rescuenet,Garr200112-r1,Garr200112,trajectory,P,13,25.873845333745333,0.6468461333436333,optimal,2.9456835519958986,31347,58261,202166
rescuenet,Garr200112-r1,Garr200112,trajectory,P,14,24.536223175930505,0.6134055793982627,optimal,2.260581169000943,31347,58261,202166
rescuenet,Garr200112-r1,Garr200112,trajectory,P,15,22.965582564942213,0.5741395641235554,optimal,2.5000881610030774,31347,58261,202166
rescuenet,Garr200112-r1,Garr200112,trajectory,P,16,24.18089823882254,0.6045224559705635,optimal,2.7461152090036194,31347,58261,202166
rescuenet,Garr200112-r1,Garr200112,trajectory,P,17,23.535006900439967,0.5883751725109991,optimal,3.1682250169978943,31347,58261,202166
rescuenet,Garr200112-r1,Garr200112,trajectory,P,18,24.034541114281595,0.6008635278570399,optimal,2.8322333239993895,31347,58261,202166
rescuenet,Garr200112-r1,Garr200112,trajectory,P,19,22.990275986182652,0.5747568996545663,optimal,2.549584276996029,31347,58261,202166
rescuenet,Garr200112-r1,Garr200112,trajectory,P,20,24.337383535502333,0.6084345883875584,optimal,2.847490412001207,31347,58261,202166
rescuenet,Garr200112-r1,Garr200112,trajectory,P,21,23.27688563743613,0.5819221409359032,optimal,2.3614062299966463,31347,58261,202166
rescuenet,Garr200112-r1,Garr200112,trajectory,P,22,23.02027331640928,0.575506832910232,optimal,1.9334130799979903,31347,58261,202166
rescuenet,Garr200112-r1,Garr200112,trajectory,P,23,24.267193546027258,0.6066798386506814,optimal,2.62448738799867,31347,58261,202166
rescuenet,Garr200112-r1,Garr200112,trajectory,P,24,21.613408550377947,0.5403352137594487,optimal,2.2722695019983803,31347,58261,202166
rescuenet,Garr200112-r1,Garr200112,trajectory,P,25,24.533102605930807,0.6133275651482701,optimal,2.473796633996244,31347,58261,202166
rescuenet,Garr200112-r1,Garr200112,trajectory,P,26,24.130886370368646,0.6032721592592162,optimal,2.324685174993647,31347,58261,202166
rescuenet,Garr200112-r1,Garr200112,trajectory,P,27,21.567582833281207,0.5391895708320302,optimal,2.5109595699977945,31347,58261,202166
rescuenet,Garr200112-r1,Garr200112,trajectory,P,28,23.90008287295431,0.5975020718238577,optimal,2.456854188996658,31347,58261,202166
rescuenet,Garr200112-r1,Garr200112,trajectory,P,29,24.037506343024496,0.6009376585756124,optimal,2.397696175001329,31347,58261,202166
rescuenet,Garr200112-r1,Garr200112,trajectory,TRAN,0,31.809450751090022,0.7952362687772505,optimal,2.1402387530033593,31347,58261,202166
rescuenet,Garr200112-r1,Garr200112,trajectory,TRAN,1,29.118294371821516,0.727957359295538,optimal,2.045500810003432,31347,58261,202166
rescuenet,Garr200112-r1,Garr200112,trajectory,TRAN,2,32.34032458199029,0.8085081145497572,optimal,2.1349508729981608,31347,58261,202166
rescuenet,Garr200112-r1,Garr200112,trajectory,TRAN,3,30.264849078908913,0.7566212269727228,optimal,1.8944678379994002,31347,58261,202166
rescuenet,Garr200112-r1,Garr200112,trajectory,TRAN,4,30.393948558121764,0.7598487139530441,optimal,1.9344119930028683,31347,58261,202166
rescuenet,Garr200112-r1,Garr200112,trajectory,TRAN,5,31.40460384587218,0.7851150961468045,optimal,2.0635509269995964,31347,58261,202166
rescuenet,Garr200112-r1,Garr200112,trajectory,TRAN,6,31.460301563023954,0.7865075390755989,optimal,2.0950987030009856,31347,58261,202166
rescuenet,Garr200112-r1,Garr200112,trajectory,TRAN,7,30.19850450429623,0.7549626126074058,optimal,2.050425861001713,31347,58261,202166
rescuenet,Garr200112-r1,Garr200112,trajectory,TRAN,8,31.374752189497396,0.7843688047374349,optimal,2.290825018004398,31347,58261,202166
rescuenet,Garr200112-r1,Garr200112,trajectory,TRAN,9,30.582104137511937,0.7645526034377984,optimal,2.707546106001246,31347,58261,202166
rescuenet,Garr200112-r1,Garr200112,trajectory,TRAN,10,32.437382654952486,0.8109345663738121,optimal,2.6507153929997003,31347,58261,202166
rescuenet,Garr200112-r1,Garr200112,trajectory,TRAN,11,31.06687706453823,0.7766719266134557,optimal,2.404818313996657,31347,58261,202166
rescuenet,Garr200112-r1,Garr200112,trajectory,TRAN,12,32.202675310534204,0.8050668827633551,optimal,2.5114582199967117,31347,58261,202166
rescuenet,Garr200112-r1,Garr200112,trajectory,TRAN,13,31.408219755638473,0.7852054938909618,optimal,2.5794136140029877,31347,58261,202166
rescuenet,Garr200112-r1,Garr200112,trajectory,TRAN,14,30.167127680489873,0.7541781920122468,optimal,2.2872738980004215,31347,58261,202166
rescuenet,Garr200112-r1,Garr200112,trajectory,TRAN,15,29.930836630885423,0.7482709157721356,optimal,2.5560328040010063,31347,58261,202166
rescuenet,Garr200112-r1,Garr200112,trajectory,TRAN,16,31.228866322262764,0.7807216580565691,optimal,2.432352413001354,31347,58261,202166
rescuenet,Garr200112-r1,Garr200112,trajectory,TRAN,17,30.48206490800152,0.762051622700038,optimal,2.141357512002287,31347,58261,202166
rescuenet,Garr200112-r1,Garr200112,trajectory,TRAN,18,32.35185073393866,0.8087962683484665,optimal,2.291835099000309,31347,58261,202166
rescuenet,Garr200112-r1,Garr200112,trajectory,TRAN,19,30.214558759350254,0.7553639689837564,optimal,2.0724078489947715,31347,58261,202166
rescuenet,Garr200112-r1,Garr200112,trajectory,TRAN,20,30.87025331452696,0.771756332863174,optimal,2.185832167000626,31347,58261,202166
rescuenet,Garr200112-r1,Garr200112,trajectory,TRAN,21,29.940984517983118,0.748524612949578,optimal,2.2231953919981606,31347,58261,202166
rescuenet,Garr200112-r1,Garr200112,trajectory,TRAN,22,32.87074615329417,0.8217686538323543,optimal,2.1330445269995835,31347,58261,202166
rescuenet,Garr200112-r1,Garr200112,trajectory,TRAN,23,32.180423242882156,0.8045105810720539,optimal,2.065662383000017,31347,58261,202166
rescuenet,Garr200112-r1,Garr200112,trajectory,TRAN,24,30.711274378604926,0.7677818594651231,optimal,2.0621423379998305,31347,58261,202166
rescuenet,Garr200112-r1,Garr200112,trajectory,TRAN,25,30.156848954101918,0.7539212238525479,optimal,2.2142658100055996,31347,58261,202166
rescuenet,Garr200112-r1,Garr200112,trajectory,TRAN,26,31.348317460666994,0.7837079365166748,optimal,2.398946348002937,31347,58261,202166
rescuenet,Garr200112-r1,Garr200112,trajectory,TRAN,27,31.80422824076362,0.7951057060190905,optimal,2.5925444309978047,31347,58261,202166
rescuenet,Garr200112-r1,Garr200112,trajectory,TRAN,28,31.359813860201577,0.7839953465050394,optimal,2.6100251559983008,31347,58261,202166
rescuenet,Garr200112-r1,Garr200112,trajectory,TRAN,29,30.87701177563842,0.7719252943909605,optimal,2.4720932970012655,31347,58261,202166
rescuenet,Garr200112-r2,Garr200112,ground_only,,0,13.401574560988506,0.3350393640247126,optimal,0.29053858399856836,6429,14297,37049
rescuenet,Garr200112-r2,Garr200112,ground_only,,1,13.401574560988506,0.3350393640247126,optimal,0.2946063019990106,6429,14297,37049
rescuenet,Garr200112-r2,Garr200112,ground_only,,2,13.401574560988506,0.3350393640247126,optimal,0.29385168100270675,6429,14297,37049
rescuenet,Garr200112-r2,Garr200112,ground_only,,3,13.401574560988506,0.3350393640247126,optimal,0.2332300310008577,6429,14297,37049
rescuenet,Garr200112-r2,Garr200112,ground_only,,4,13.401574560988506,0.3350393640247126,optimal,0.22725199600245105,6429,14297,37049
rescuenet,Garr200112-r2,Garr200112,ground_only,,5,13.401574560988506,0.3350393640247126,optimal,0.23677320100250654,6429,14297,37049
rescuenet,Garr200112-r2,Garr200112,ground_only,,6,13.401574560988506,0.3350393640247126,optimal,0.23919167300482513,6429,14297,37049
rescuenet,Garr200112-r2,Garr200112,ground_only,,7,13.401574560988506,0.3350393640247126,optimal,0.30775136000011116,6429,14297,37049
rescuenet,Garr200112-r2,Garr200112,ground_only,,8,13.401574560988506,0.3350393640247126,optimal,0.31359937700472074,6429,14297,37049
rescuenet,Garr200112-r2,Garr200112,ground_only,,9,13.401574560988506,0.3350393640247126,optimal,0.26673499699973036,6429,14297,37049
rescuenet,Garr200112-r2,Garr200112,ground_only,,10,13.401574560988506,0.3350393640247126,optimal,0.23551291599869728,6429,14297,37049
rescuenet,Garr200112-r2,Garr200112,ground_only,,11,13.401574560988506,0.3350393640247126,optimal,0.2470220329996664,6429,14297,37049
rescuenet,Garr200112-r2,Garr200112,ground_only,,12,13.401574560988506,0.3350393640247126,optimal,0.2878486720001092,6429,14297,37049
rescuenet,Garr200112-r2,Garr200112,ground_only,,13,13.401574560988506,0.3350393640247126,optimal,0.2826818329995149,6429,14297,37049
rescuenet,Garr200112-r2,Garr200112,ground_only,,14,13.401574560988506,0.3350393640247126,optimal,0.33370293799816864,6429,14297,37049
rescuenet,Garr200112-r2,Garr200112,ground_only,,15,13.401574560988506,0.3350393640247126,optimal,0.27324727800441906,6429,14297,37049
rescuenet,Garr200112-r2,Garr200112,ground_only,,16,13.401574560988506,0.3350393640247126,optimal,0.26711618099943735,6429,14297,37049
rescuenet,Garr200112-r2,Garr200112,ground_only,,17,13.401574560988506,0.3350393640247126,optimal,0.30007902199577074,6429,14297,37049
rescuenet,Garr200112-r2,Garr200112,ground_only,,18,13.401574560988506,0.3350393640247126,optimal,0.3004607010007021,6429,14297,37049
rescuenet,Garr200112-r2,Garr200112,ground_only,,19,13.401574560988506,0.3350393640247126,optimal,0.28761181700247107,6429,14297,37049
rescuenet,Garr200112-r2,Garr200112,ground_only,,20,13.401574560988506,0.3350393640247126,optimal,0.24965321199852042,6429,14297,37049
rescuenet,Garr200112-r2,Garr200112,ground_only,,21,13.401574560988506,0.3350393640247126,optimal,0.2322138149975217,6429,14297,37049
rescuenet,Garr200112-r2,Garr200112,ground_only,,22,13.401574560988506,0.3350393640247126,optimal,0.22411576799640898,6429,14297,37049
rescuenet,Garr200112-r2,Garr200112,ground_only,,23,13.401574560988506,0.3350393640247126,optimal,0.27937157999986084,6429,14297,37049
rescuenet,Garr200112-r2,Garr200112,ground_only,,24,13.401574560988506,0.3350393640247126,optimal,0.23916361200099345,6429,14297,37049
rescuenet,Garr200112-r2,Garr200112,ground_only,,25,13.401574560988506,0.3350393640247126,optimal,0.23804975300299702,6429,14297,37049
rescuenet,Garr200112-r2,Garr200112,ground_only,,26,13.401574560988506,0.3350393640247126,optimal,0.2922348099964438,6429,14297,37049
rescuenet,Garr200112-r2,Garr200112,ground_only,,27,13.401574560988506,0.3350393640247126,optimal,0.2881410840054741,6429,14297,37049
rescuenet,Garr200112-r2,Garr200112,ground_only,,28,13.401574560988506,0.3350393640247126,optimal,0.24696358900109772,6429,14297,37049
rescuenet,Garr200112-r2,Garr200112,ground_only,,29,13.401574560988506,0.3350393640247126,optimal,0.22354696100228466,6429,14297,37049
rescuenet,Garr200112-r2,Garr200112,trajectory,B1,0,26.166072636937546,0.6541518159234386,optimal,2.8511222949964576,35732,66765,227418
rescuenet,Garr200112-r2,Garr200112,trajectory,B1,1,26.618652259539402,0.665466306488485,optimal,3.190751922003983,35732,66765,227418
rescuenet,Garr200112-r2,Garr200112,trajectory,B1,2,26.44006119234377,0.6610015298085943,optimal,3.013637290998304,35732,66765,227418
rescuenet,Garr200112-r2,Garr200112,trajectory,B1,3,26.858850480555798,0.671471262013895,optimal,2.6719493490018067,35732,66765,227418
rescuenet,Garr200112-r2,Garr200112,trajectory,B1,4,26.9616348321629,0.6740408708040725,optimal,3.181933278996439,35732,66765,227418
rescuenet,Garr200112-r2,Garr200112,trajectory,B1,5,26.76343470380454,0.6690858675951135,optimal,2.9098268860034295,35732,66765,227418
rescuenet,Garr200112-r2,Garr200112,trajectory,B1,6,25.748635455327204,0.6437158863831801,optimal,3.2582104040047852,35732,66765,227418
rescuenet,Garr200112-r2,Garr200112,trajectory,B1,7,27.175108674171874,0.6793777168542968,optimal,3.070669911998266,35732,66765,227418
rescuenet,Garr200112-r2,Garr200112,trajectory,B1,8,27.518248725233992,0.6879562181308498,optimal,3.8711622420014464,35732,66765,227418
rescuenet,Garr200112-r2,Garr200112,trajectory,B1,9,27.445259244573077,0.6861314811143269,optimal,3.2598467170028016,35732,66765,227418
rescuenet,Garr200112-r2,Garr200112,trajectory,B1,10,25.89262320527606,0.6473155801319015,optimal,3.3307690389992786,35732,66765,227418
rescuenet,Garr200112-r2,Garr200112,trajectory,B1,11,26.642054258929452,0.6660513564732363,optimal,3.2679733249970013,35732,66765,227418
rescuenet,Garr200112-r2,Garr200112,trajectory,B1,12,24.147280694327673,0.6036820173581918,optimal,2.937244822001958,35732,66765,227418
rescuenet,Garr200112-r2,Garr200112,trajectory,B1,13,26.52164613748313,0.6630411534370783,optimal,3.2615026390049024,35732,66765,227418
rescuenet,Garr200112-r2,Garr200112,trajectory,B1,14,26.370302900720894,0.6592575725180223,optimal,3.033243530000618,35732,66765,227418
rescuenet,Garr200112-r2,Garr200112,trajectory,B1,15,26.957864458414235,0.6739466114603558,optimal,2.651832267001737,35732,66765,227418
rescuenet,Garr200112-r2,Garr200112,trajectory,B1,16,26.619009745996323,0.6654752436499081,optimal,2.982309330996941,35732,66765,227418
rescuenet,Garr200112-r2,Garr200112,trajectory,B1,17,25.940815172227698,0.6485203793056924,optimal,2.887877383000159,35732,66765,227418
rescuenet,Garr200112-r2,Garr200112,trajectory,B1,18,26.437587634285347,0.6609396908571337,optimal,3.2267923440012964,35732,66765,227418
rescuenet,Garr200112-r2,Garr200112,trajectory,B1,19,28.209555603610312,0.7052388900902578,optimal,2.8166868120024446,35732,66765,227418
rescuenet,Garr200112-r2,Garr200112,trajectory,B1,20,25.788959229784346,0.6447239807446087,optimal,3.2141210150002735,35732,66765,227418
rescuenet,Garr200112-r2,Garr200112,trajectory,B1,21,27.17324595063692,0.679331148765923,optimal,2.839200765003625,35732,66765,227418
rescuenet,Garr200112-r2,Garr200112,trajectory,B1,22,26.07765173743782,0.6519412934359454,optimal,2.7121628079985385,35732,66765,227418
rescuenet,Garr200112-r2,Garr200112,trajectory,B1,23,25.972614621228068,0.6493153655307017,optimal,3.25936875899788,35732,66765,227418
rescuenet,Garr200112-r2,Garr200112,trajectory,B1,24,26.369176777051155,0.6592294194262789,optimal,2.73707236500195,35732,66765,227418
rescuenet,Garr200112-r2,Garr200112,trajectory,B1,25,26.0357963442252,0.65089490860563,optimal,3.0710536309998133,35732,66765,227418
rescuenet,Garr200112-r2,Garr200112,trajectory,B1,26,25.129400316200442,0.6282350079050111,optimal,3.4657252020042506,35732,66765,227418
rescuenet,Garr200112-r2,Garr200112,trajectory,B1,27,26.531395453724436,0.6632848863431109,optimal,3.596531089002383,35732,66765,227418
rescuenet,Garr200112-r2,Garr200112,trajectory,B1,28,26.720575445996666,0.6680143861499166,optimal,3.732674106999184,35732,66765,227418
rescuenet,Garr200112-r2,Garr200112,trajectory,B1,29,26.097815450135617,0.6524453862533904,optimal,3.163875209997059,35732,66765,227418
rescuenet,Garr200112-r2,Garr200112,trajectory,B2,0,28.095481948773404,0.7023870487193351,optimal,3.5684892470017076,35732,66765,227418
rescuenet,Garr200112-r2,Garr200112,trajectory,B2,1,27.099665099356564,0.6774916274839141,optimal,3.5722458800009917,35732,66765,227418
rescuenet,Garr200112-r2,Garr200112,trajectory,B2,2,27.19203652886025,0.6798009132215063,optimal,2.804771476003225,35732,66765,227418
rescuenet,Garr200112-r2,Garr200112,trajectory,B2,3,26.280836389756445,0.6570209097439111,optimal,2.922476480001933,35732,66765,227418
rescuenet,Garr200112-r2,Garr200112,trajectory,B2,4,27.617427561588002,0.6904356890397001,optimal,2.9716907889960567,35732,66765,227418
rescuenet,Garr200112-r2,Garr200112,trajectory,B2,5,26.849014239109724,0.6712253559777431,optimal,2.4105585510042147,35732,66765,227418
rescuenet,Garr200112-r2,Garr200112,trajectory,B2,6,28.056150751905427,0.7014037687976357,optimal,2.8191551900017657,35732,66765,227418
rescuenet,Garr200112-r2,Garr200112,trajectory,B2,7,27.835776127260093,0.6958944031815023,optimal,2.7589748419995885,35732,66765,227418
rescuenet,Garr200112-r2,Garr200112,trajectory,B2,8,27.514426989473577,0.6878606747368394,optimal,2.9286148810060695,35732,66765,227418
rescuenet,Garr200112-r2,Garr200112,trajectory,B2,9,26.51323667123317,0.6628309167808293,optimal,2.83778154799802,35732,66765,227418
rescuenet,Garr200112-r2,Garr200112,trajectory,B2,10,27.91525612780195,0.6978814031950488,optimal,3.040671709997696,35732,66765,227418
rescuenet,Garr200112-r2,Garr200112,trajectory,B2,11,26.535794183675563,0.6633948545918891,optimal,3.028384151002683,35732,66765,227418
rescuenet,Garr200112-r2,Garr200112,trajectory,B2,12,26.054776252615362,0.6513694063153841,optimal,3.105354642000748,35732,66765,227418
rescuenet,Garr200112-r2,Garr200112,trajectory,B2,13,28.200701947305856,0.7050175486826464,optimal,3.5066215100014233,35732,66765,227418
rescuenet,Garr200112-r2,Garr200112,trajectory,B2,14,26.870866894219052,0.6717716723554763,optimal,3.244013076997362,35732,66765,227418
rescuenet,Garr200112-r2,Garr200112,trajectory,B2,15,27.283401388238396,0.6820850347059599,optimal,2.939292397000827,35732,66765,227418
rescuenet,Garr200112-r2,Garr200112,trajectory,B2,16,27.684071478206775,0.6921017869551693,optimal,3.0700048889993923,35732,66765,227418
rescuenet,Garr200112-r2,Garr200112,trajectory,B2,17,26.041781223592704,0.6510445305898176,optimal,2.7210064719984075,35732,66765,227418
rescuenet,Garr200112-r2,Garr200112,trajectory,B2,18,28.152356221260902,0.7038089055315225,optimal,2.758537226000044,35732,66765,227418
rescuenet,Garr200112-r2,Garr200112,trajectory,B2,19,28.944693475131604,0.7236173368782901,optimal,2.6923172370006796,35732,66765,227418
rescuenet,Garr200112-r2,Garr200112,trajectory,B2,20,26.44986596892891,0.6612466492232227,optimal,2.7762763720020303,35732,66765,227418
rescuenet,Garr200112-r2,Garr200112,trajectory,B2,21,27.011804196312983,0.6752951049078246,optimal,2.7758471869965433,35732,66765,227418
rescuenet,Garr200112-r2,Garr200112,trajectory,B2,22,25.74114429446006,0.6435286073615015,optimal,3.409497808002925,35732,66765,227418
rescuenet,Garr200112-r2,Garr200112,trajectory,B2,23,26.509189224085397,0.6627297306021349,optimal,3.0759873849965516,35732,66765,227418
rescuenet,Garr200112-r2,Garr200112,trajectory,B2,24,27.535470305056567,0.6883867576264142,optimal,3.1197000040046987,35732,66765,227418
rescuenet,Garr200112-r2,Garr200112,trajectory,B2,25,27.312595374005245,0.6828148843501312,optimal,3.44552883200231,35732,66765,227418
rescuenet,Garr200112-r2,Garr200112,trajectory,B2,26,25.19815116494855,0.6299537791237138,optimal,4.277448767999886,35732,66765,227418
rescuenet,Garr200112-r2,Garr200112,trajectory,B2,27,27.10422906872888,0.6776057267182221,optimal,3.445429614002933,35732,66765,227418
rescuenet,Garr200112-r2,Garr200112,trajectory,B2,28,26.28100781556274,0.6570251953890686,optimal,2.85581542699947,35732,66765,227418
rescuenet,Garr200112-r2,Garr200112,trajectory,B2,29,26.527652849018775,0.6631913212254694,optimal,2.83759088399529,35732,66765,227418
rescuenet,Garr200112-r2,Garr200112,trajectory,P,0,27.947372313133446,0.6986843078283361,optimal,2.846325244005129,35732,66765,227418
rescuenet,Garr200112-r2,Garr200112,trajectory,P,1,27.02559832382536,0.675639958095634,optimal,2.697288526003831,35732,66765,227418
rescuenet,Garr200112-r2,Garr200112,trajectory,P,2,26.816055404352426,0.6704013851088106,optimal,2.9552942980008083,35732,66765,227418
rescuenet,Garr200112-r2,Garr200112,trajectory,P,3,26.581568729422195,0.6645392182355548,optimal,3.445684555998014,35732,66765,227418
rescuenet,Garr200112-r2,Garr200112,trajectory,P,4,27.579266866411736,0.6894816716602934,optimal,3.436203890996694,35732,66765,227418
rescuenet,Garr200112-r2,Garr200112,trajectory,P,5,27.16111519448497,0.6790278798621243,optimal,2.869367343002523,35732,66765,227418
rescuenet,Garr200112-r2,Garr200112,trajectory,P,6,28.459382232171524,0.7114845558042882,optimal,3.609313861998089,35732,66765,227418
rescuenet,Garr200112-r2,Garr200112,trajectory,P,7,27.94660145233905,0.6986650363084762,optimal,3.2066183749993797,35732,66765,227418
rescuenet,Garr200112-r2,Garr200112,trajectory,P,8,27.148839399787736,0.6787209849946934,optimal,3.393535310999141,35732,66765,227418
rescuenet,Garr200112-r2,Garr200112,trajectory,P,9,25.85353374252681,0.6463383435631702,optimal,3.1673815850008396,35732,66765,227418
rescuenet,Garr200112-r2,Garr200112,trajectory,P,10,27.597549502391775,0.6899387375597944,optimal,2.942951733006339,35732,66765,227418
rescuenet,Garr200112-r2,Garr200112,trajectory,P,11,26.48884953713173,0.6622212384282933,optimal,3.0773744420002913,35732,66765,227418
rescuenet,Garr200112-r2,Garr200112,trajectory,P,12,26.032064221430396,0.6508016055357599,optimal,2.8515435669978615,35732,66765,227418
rescuenet,Garr200112-r2,Garr200112,trajectory,P,13,28.249128285241543,0.7062282071310386,optimal,2.8987138199954643,35732,66765,227418
rescuenet,Garr200112-r2,Garr200112,trajectory,P,14,26.781794917003214,0.6695448729250804,optimal,2.8061132119983085,35732,66765,227418
rescuenet,Garr200112-r2,Garr200112,trajectory,P,15,27.580004080425617,0.6895001020106404,optimal,2.7772923840020667,35732,66765,227418
rescuenet,Garr200112-r2,Garr200112,trajectory,P,16,28.20248522765939,0.7050621306914848,optimal,2.8863892890003626,35732,66765,227418
rescuenet,Garr200112-r2,Garr200112,trajectory,P,17,26.999898968029555,0.6749974742007389,optimal,2.9314184179966105,35732,66765,227418
rescuenet,Garr200112-r2,Garr200112,trajectory,P,18,27.784567325588586,0.6946141831397147,optimal,2.665137208001397,35732,66765,227418
rescuenet,Garr200112-r2,Garr200112,trajectory,P,19,28.615168812826507,0.7153792203206627,optimal,3.1028998589972616,35732,66765,227418
rescuenet,Garr200112-r2,Garr200112,trajectory,P,20,25.900800905509005,0.6475200226377251,optimal,3.255951250997896,35732,66765,227418
rescuenet,Garr200112-r2,Garr200112,trajectory,P,21,27.072281230312623,0.6768070307578156,optimal,3.4127735959991696,35732,66765,227418
rescuenet,Garr200112-r2,Garr200112,trajectory,P,22,25.82509276195746,0.6456273190489366,optimal,3.313684590997582,35732,66765,227418
rescuenet,Garr200112-r2,Garr200112,trajectory,P,23,26.80247463989764,0.670061865997441,optimal,3.113083212003403,35732,66765,227418
rescuenet,Garr200112-r2,Garr200112,trajectory,P,24,27.846702032504098,0.6961675508126024,optimal,3.14726465199783,35732,66765,227418
rescuenet,Garr200112-r2,Garr200112,trajectory,P,25,27.01316955263142,0.6753292388157855,optimal,2.6643251560017234,35732,66765,227418
rescuenet,Garr200112-r2,Garr200112,trajectory,P,26,25.389942052708886,0.6347485513177221,optimal,3.0811941920037498,35732,66765,227418
rescuenet,Garr200112-r2,Garr200112,trajectory,P,27,27.62139220045144,0.690534805011286,optimal,3.0438641919972724,35732,66765,227418
rescuenet,Garr200112-r2,Garr200112,trajectory,P,28,26.731131065804778,0.6682782766451194,optimal,3.249371917001554,35732,66765,227418
rescuenet,Garr200112-r2,Garr200112,trajectory,P,29,27.179052356003268,0.6794763089000817,optimal,2.981989642001281,35732,66765,227418
rescuenet,Garr200112-r2,Garr200112,trajectory,TRAN,0,28.262436538851045,0.7065609134712761,optimal,2.437283938001201,35732,66765,227418
rescuenet,Garr200112-r2,Garr200112,trajectory,TRAN,1,26.927359848640158,0.673183996216004,optimal,2.1528782059976947,35732,66765,227418
rescuenet,Garr200112-r2,Garr200112,trajectory,TRAN,2,27.345856202122953,0.6836464050530738,optimal,2.1272917710011825,35732,66765,227418
rescuenet,Garr200112-r2,Garr200112,trajectory,TRAN,3,28.320193064902476,0.7080048266225619,optimal,2.0667140369987465,35732,66765,227418
rescuenet,Garr200112-r2,Garr200112,trajectory,TRAN,4,28.379429515072957,0.7094857378768239,optimal,2.1970463449979434,35732,66765,227418
rescuenet,Garr200112-r2,Garr200112,trajectory,TRAN,5,27.9087018355546,0.6977175458888649,optimal,2.217203318999964,35732,66765,227418
rescuenet,Garr200112-r2,Garr200112,trajectory,TRAN,6,27.055682774469002,0.676392069361725,optimal,2.699132797999482,35732,66765,227418
rescuenet,Garr200112-r2,Garr200112,trajectory,TRAN,7,26.80708177049384,0.670177044262346,optimal,2.2369257109967293,35732,66765,227418
rescuenet,Garr200112-r2,Garr200112,trajectory,TRAN,8,28.634859478507085,0.7158714869626771,optimal,2.8422138699970674,35732,66765,227418
rescuenet,Garr200112-r2,Garr200112,trajectory,TRAN,9,28.187499946826485,0.7046874986706622,optimal,2.2031150110051385,35732,66765,227418
rescuenet,Garr200112-r2,Garr200112,trajectory,TRAN,10,26.274516422647153,0.6568629105661788,optimal,2.1543899579992285,35732,66765,227418
rescuenet,Garr200112-r2,Garr200112,trajectory,TRAN,11,27.199273330917478,0.6799818332729369,optimal,1.9487622090018704,35732,66765,227418
rescuenet,Garr200112-r2,Garr200112,trajectory,TRAN,12,26.64786129598701,0.6661965323996752,optimal,2.402365533002012,35732,66765,227418
rescuenet,Garr200112-r2,Garr200112,trajectory,TRAN,13,27.836682270920697,0.6959170567730174,optimal,2.6331215409954893,35732,66765,227418
rescuenet,Garr200112-r2,Garr200112,trajectory,TRAN,14,27.983638338251772,0.6995909584562943,optimal,2.3244275969991577,35732,66765,227418
rescuenet,Garr200112-r2,Garr200112,trajectory,TRAN,15,28.066104565920995,0.7016526141480248,optimal,2.2024073569991742,35732,66765,227418
rescuenet,Garr200112-r2,Garr200112,trajectory,TRAN,16,27.80989164377704,0.695247291094426,optimal,2.125926722997974,35732,66765,227418
rescuenet,Garr200112-r2,Garr200112,trajectory,TRAN,17,26.53187633072632,0.663296908268158,optimal,2.3106012429998373,35732,66765,227418
rescuenet,Garr200112-r2,Garr200112,trajectory,TRAN,18,27.212363383072738,0.6803090845768185,optimal,2.0405268920003437,35732,66765,227418
rescuenet,Garr200112-r2,Garr200112,trajectory,TRAN,19,27.21256698117079,0.6803141745292698,optimal,2.0818264080007793,35732,66765,227418
rescuenet,Garr200112-r2,Garr200112,trajectory,TRAN,20,27.76269848448378,0.6940674621120946,optimal,2.357968370997696,35732,66765,227418
rescuenet,Garr200112-r2,Garr200112,trajectory,TRAN,21,27.261412168456545,0.6815353042114136,optimal,2.2871776160027366,35732,66765,227418
rescuenet,Garr200112-r2,Garr200112,trajectory,TRAN,22,26.39213596567714,0.6598033991419285,optimal,2.213010598003166,35732,66765,227418
rescuenet,Garr200112-r2,Garr200112,trajectory,TRAN,23,26.95821913812426,0.6739554784531065,optimal,2.156876270993962,35732,66765,227418
rescuenet,Garr200112-r2,Garr200112,trajectory,TRAN,24,28.673215111816567,0.7168303777954141,optimal,2.14201070699346,35732,66765,227418
rescuenet,Garr200112-r2,Garr200112,trajectory,TRAN,25,26.683610934723877,0.6670902733680969,optimal,2.2518048380006803,35732,66765,227418
rescuenet,Garr200112-r2,Garr200112,trajectory,TRAN,26,26.387483361809952,0.6596870840452488,optimal,2.0954566590007744,35732,66765,227418
rescuenet,Garr200112-r2,Garr200112,trajectory,TRAN,27,28.227117759098416,0.7056779439774604,optimal,2.0152011810059776,35732,66765,227418
rescuenet,Garr200112-r2,Garr200112,trajectory,TRAN,28,27.86400160468403,0.6966000401171007,optimal,2.361833340000885,35732,66765,227418
rescuenet,Garr200112-r2,Garr200112,trajectory,TRAN,29,27.02780288220904,0.675695072055226,optimal,2.184099289996084,35732,66765,227418
rescuenet,Garr200404-r0,Garr200404,ground_only,,0,10.28497892202017,0.25712447305050423,optimal,0.1173995559947798,3722,9322,22274
rescuenet,Garr200404-r0,Garr200404,ground_only,,1,10.28497892202017,0.25712447305050423,optimal,0.12267748000158463,3722,9322,22274
rescuenet,Garr200404-r0,Garr200404,ground_only,,2,10.28497892202017,0.25712447305050423,optimal,0.11901595199742587,3722,9322,22274
rescuenet,Garr200404-r0,Garr200404,ground_only,,3,10.28497892202017,0.25712447305050423,optimal,0.11402412800089223,3722,9322,22274
rescuenet,Garr200404-r0,Garr200404,ground_only,,4,10.28497892202017,0.25712447305050423,optimal,0.10174031800124794,3722,9322,22274
rescuenet,Garr200404-r0,Garr200404,ground_only,,5,10.28497892202017,0.25712447305050423,optimal,0.10077101799834054,3722,9322,22274
rescuenet,Garr200404-r0,Garr200404,ground_only,,6,10.28497892202017,0.25712447305050423,optimal,0.1079986969998572,3722,9322,22274
rescuenet,Garr200404-r0,Garr200404,ground_only,,7,10.28497892202017,0.25712447305050423,optimal,0.10501667299831752,3722,9322,22274
rescuenet,Garr200404-r0,Garr200404,ground_only,,8,10.28497892202017,0.25712447305050423,optimal,0.10846455900173169,3722,9322,22274
rescuenet,Garr200404-r0,Garr200404,ground_only,,9,10.28497892202017,0.25712447305050423,optimal,0.10560010599874659,3722,9322,22274
rescuenet,Garr200404-r0,Garr200404,ground_only,,10,10.28497892202017,0.25712447305050423,optimal,0.10021038100239821,3722,9322,22274
rescuenet,Garr200404-r0,Garr200404,ground_only,,11,10.28497892202017,0.25712447305050423,optimal,0.1087401190015953,3722,9322,22274
rescuenet,Garr200404-r0,Garr200404,ground_only,,12,10.28497892202017,0.25712447305050423,optimal,0.10138330000336282,3722,9322,22274
rescuenet,Garr200404-r0,Garr200404,ground_only,,13,10.28497892202017,0.25712447305050423,optimal,0.10789084400312277,3722,9322,22274
rescuenet,Garr200404-r0,Garr200404,ground_only,,14,10.28497892202017,0.25712447305050423,optimal,0.12032226899464149,3722,9322,22274
rescuenet,Garr200404-r0,Garr200404,ground_only,,15,10.28497892202017,0.25712447305050423,optimal,0.14162650100479368,3722,9322,22274
rescuenet,Garr200404-r0,Garr200404,ground_only,,16,10.28497892202017,0.25712447305050423,optimal,0.10396562399546383,3722,9322,22274
rescuenet,Garr200404-r0,Garr200404,ground_only,,17,10.28497892202017,0.25712447305050423,optimal,0.1135465569968801,3722,9322,22274
rescuenet,Garr200404-r0,Garr200404,ground_only,,18,10.28497892202017,0.25712447305050423,optimal,0.1046008150005946,3722,9322,22274
rescuenet,Garr200404-r0,Garr200404,ground_only,,19,10.28497892202017,0.25712447305050423,optimal,0.10951040100189857,3722,9322,22274
rescuenet,Garr200404-r0,Garr200404,ground_only,,20,10.28497892202017,0.25712447305050423,optimal,0.10593397799675586,3722,9322,22274
rescuenet,Garr200404-r0,Garr200404,ground_only,,21,10.28497892202017,0.25712447305050423,optimal,0.10236413499660557,3722,9322,22274
rescuenet,Garr200404-r0,Garr200404,ground_only,,22,10.28497892202017,0.25712447305050423,optimal,0.10930980800185353,3722,9322,22274
rescuenet,Garr200404-r0,Garr200404,ground_only,,23,10.28497892202017,0.25712447305050423,optimal,0.10646641099447152,3722,9322,22274
rescuenet,Garr200404-r0,Garr200404,ground_only,,24,10.28497892202017,0.25712447305050423,optimal,0.1071534530055942,3722,9322,22274
rescuenet,Garr200404-r0,Garr200404,ground_only,,25,10.28497892202017,0.25712447305050423,optimal,0.12005610999767669,3722,9322,22274
rescuenet,Garr200404-r0,Garr200404,ground_only,,26,10.28497892202017,0.25712447305050423,optimal,0.1192636260020663,3722,9322,22274
rescuenet,Garr200404-r0,Garr200404,ground_only,,27,10.28497892202017,0.25712447305050423,optimal,0.13325010699918494,3722,9322,22274
rescuenet,Garr200404-r0,Garr200404,ground_only,,28,10.28497892202017,0.25712447305050423,optimal,0.14098840999940876,3722,9322,22274
rescuenet,Garr200404-r0,Garr200404,ground_only,,29,10.28497892202017,0.25712447305050423,optimal,0.1346941770025296,3722,9322,22274
rescuenet,Garr200404-r0,Garr200404,trajectory,B1,0,24.240223059207235,0.6060055764801808,optimal,3.14404164699954,34806,64362,221645
rescuenet,Garr200404-r0,Garr200404,trajectory,B1,1,25.145200525724015,0.6286300131431004,optimal,3.1135086830036016,34806,64362,221645
rescuenet,Garr200404-r0,Garr200404,trajectory,B1,2,24.416711875885134,0.6104177968971284,optimal,2.4450081569957547,34806,64362,221645
rescuenet,Garr200404-r0,Garr200404,trajectory,B1,3,24.257214348077575,0.6064303587019394,optimal,3.0403416710032616,34806,64362,221645
rescuenet,Garr200404-r0,Garr200404,trajectory,B1,4,25.589973447739183,0.6397493361934796,optimal,2.8633157570002368,34806,64362,221645
rescuenet,Garr200404-r0,Garr200404,trajectory,B1,5,27.483738538063633,0.6870934634515908,optimal,2.9485654669988435,34806,64362,221645
rescuenet,Garr200404-r0,Garr200404,trajectory,B1,6,24.806703413129792,0.6201675853282448,optimal,2.66108655899734,34806,64362,221645
rescuenet,Garr200404-r0,Garr200404,trajectory,B1,7,25.223272300104146,0.6305818075026036,optimal,2.7548039049943327,34806,64362,221645
rescuenet,Garr200404-r0,Garr200404,trajectory,B1,8,25.858524383432336,0.6464631095858084,optimal,3.04213091499696,34806,64362,221645
rescuenet,Garr200404-r0,Garr200404,trajectory,B1,9,24.789922720844906,0.6197480680211227,optimal,2.8395395549960085,34806,64362,221645
rescuenet,Garr200404-r0,Garr200404,trajectory,B1,10,24.52876131201781,0.6132190328004452,optimal,2.710012841002026,34806,64362,221645
rescuenet,Garr200404-r0,Garr200404,trajectory,B1,11,24.954607831621452,0.6238651957905363,optimal,2.308630395004002,34806,64362,221645
rescuenet,Garr200404-r0,Garr200404,trajectory,B1,12,24.182182238676532,0.6045545559669133,optimal,3.2854821010041633,34806,64362,221645
rescuenet,Garr200404-r0,Garr200404,trajectory,B1,13,25.3591670966682,0.6339791774167051,optimal,2.733425783997518,34806,64362,221645
rescuenet,Garr200404-r0,Garr200404,trajectory,B1,14,26.991228092484423,0.6747807023121106,optimal,2.7351883570008795,34806,64362,221645
rescuenet,Garr200404-r0,Garr200404,trajectory,B1,15,25.757597923331538,0.6439399480832885,optimal,3.244062871002825,34806,64362,221645
rescuenet,Garr200404-r0,Garr200404,trajectory,B1,16,24.694740328748587,0.6173685082187147,optimal,3.108314488999895,34806,64362,221645
rescuenet,Garr200404-r0,Garr200404,trajectory,B1,17,25.66195787169603,0.6415489467924007,optimal,2.750820388995635,34806,64362,221645
rescuenet,Garr200404-r0,Garr200404,trajectory,B1,18,25.571119641760177,0.6392779910440044,optimal,2.74314735000371,34806,64362,221645
rescuenet,Garr200404-r0,Garr200404,trajectory,B1,19,25.016943828042624,0.6254235957010656,optimal,3.224135299002228,34806,64362,221645
rescuenet,Garr200404-r0,Garr200404,trajectory,B1,20,25.549371565631358,0.6387342891407839,optimal,3.1073278859985294,34806,64362,221645
rescuenet,Garr200404-r0,Garr200404,trajectory,B1,21,24.02687945416219,0.6006719863540548,optimal,2.4794800789968576,34806,64362,221645
rescuenet,Garr200404-r0,Garr200404,trajectory,B1,22,26.39908875582572,0.659977218895643,optimal,3.0201838110006065,34806,64362,221645
rescuenet,Garr200404-r0,Garr200404,trajectory,B1,23,24.393960608381505,0.6098490152095376,optimal,2.717262079997454,34806,64362,221645
rescuenet,Garr200404-r0,Garr200404,trajectory,B1,24,24.708453578829094,0.6177113394707273,optimal,3.11723345000064,34806,64362,221645
rescuenet,Garr200404-r0,Garr200404,trajectory,B1,25,25.10952406353826,0.6277381015884564,optimal,3.1596733830010635,34806,64362,221645
rescuenet,Garr200404-r0,Garr200404,trajectory,B1,26,26.013816995692622,0.6503454248923155,optimal,2.82517618300335,34806,64362,221645
rescuenet,Garr200404-r0,Garr200404,trajectory,B1,27,24.247743140092823,0.6061935785023206,optimal,2.684454504000314,34806,64362,221645
rescuenet,Garr200404-r0,Garr200404,trajectory,B1,28,26.045427360160158,0.6511356840040039,optimal,3.1278170720033813,34806,64362,221645
rescuenet,Garr200404-r0,Garr200404,trajectory,B1,29,25.22021674602082,0.6305054186505206,optimal,2.892191356004332,34806,64362,221645
rescuenet,Garr200404-r0,Garr200404,trajectory,B2,0,25.879999646423233,0.6469999911605808,optimal,2.5971646850011894,34806,64362,221645
rescuenet,Garr200404-r0,Garr200404,trajectory,B2,1,26.312431277196293,0.6578107819299073,optimal,2.46830969399889,34806,64362,221645
rescuenet,Garr200404-r0,Garr200404,trajectory,B2,2,25.016747915881044,0.6254186978970261,optimal,2.511859001002449,34806,64362,221645
rescuenet,Garr200404-r0,Garr200404,trajectory,B2,3,26.619527056360514,0.6654881764090128,optimal,2.7522070259947213,34806,64362,221645
rescuenet,Garr200404-r0,Garr200404,trajectory,B2,4,26.26891412536227,0.6567228531340568,optimal,2.809449066000525,34806,64362,221645
rescuenet,Garr200404-r0,Garr200404,trajectory,B2,5,29.098429467810544,0.7274607366952636,optimal,2.534722928998235,34806,64362,221645
rescuenet,Garr200404-r0,Garr200404,trajectory,B2,6,25.30588854151165,0.6326472135377912,optimal,2.5922467980053625,34806,64362,221645
rescuenet,Garr200404-r0,Garr200404,trajectory,B2,7,26.224795693164154,0.6556198923291039,optimal,2.7256232100044144,34806,64362,221645
rescuenet,Garr200404-r0,Garr200404,trajectory,B2,8,26.698499270335983,0.6674624817583996,optimal,2.6673090039985254,34806,64362,221645
rescuenet,Garr200404-r0,Garr200404,trajectory,B2,9,26.24845296542122,0.6562113241355305,optimal,2.7912514459967497,34806,64362,221645
rescuenet,Garr200404-r0,Garr200404,trajectory,B2,10,25.45992579887752,0.636498144971938,optimal,2.4809779440038255,34806,64362,221645
rescuenet,Garr200404-r0,Garr200404,trajectory,B2,11,26.349985300121418,0.6587496325030354,optimal,2.7148461190008675,34806,64362,221645
rescuenet,Garr200404-r0,Garr200404,trajectory,B2,12,26.431941100538292,0.6607985275134574,optimal,2.6415420720004477,34806,64362,221645
rescuenet,Garr200404-r0,Garr200404,trajectory,B2,13,26.156293468839362,0.653907336720984,optimal,2.538777992995165,34806,64362,221645
rescuenet,Garr200404-r0,Garr200404,trajectory,B2,14,27.765762086434705,0.6941440521608676,optimal,2.7775245969969546,34806,64362,221645
rescuenet,Garr200404-r0,Garr200404,trajectory,B2,15,26.38010715715499,0.6595026789288747,optimal,2.566670294996584,34806,64362,221645
rescuenet,Garr200404-r0,Garr200404,trajectory,B2,16,26.847563350203174,0.6711890837550794,optimal,2.7502122039950336,34806,64362,221645
rescuenet,Garr200404-r0,Garr200404,trajectory,B2,17,26.182204309088803,0.65455510772722,optimal,2.615942130003532,34806,64362,221645
rescuenet,Garr200404-r0,Garr200404,trajectory,B2,18,25.761071907957287,0.6440267976989322,optimal,2.684592290999717,34806,64362,221645
rescuenet,Garr200404-r0,Garr200404,trajectory,B2,19,25.750655863145756,0.6437663965786439,optimal,2.5610186109988717,34806,64362,221645
rescuenet,Garr200404-r0,Garr200404,trajectory,B2,20,26.86772338153497,0.6716930845383742,optimal,2.6529939780011773,34806,64362,221645
rescuenet,Garr200404-r0,Garr200404,trajectory,B2,21,26.051461307981686,0.6512865326995422,optimal,2.4933049300016137,34806,64362,221645
rescuenet,Garr200404-r0,Garr200404,trajectory,B2,22,27.657752400586073,0.6914438100146518,optimal,2.467395463005232,34806,64362,221645
rescuenet,Garr200404-r0,Garr200404,trajectory,B2,23,25.729194477173248,0.6432298619293312,optimal,2.6382141020003473,34806,64362,221645
rescuenet,Garr200404-r0,Garr200404,trajectory,B2,24,26.079258072401363,0.6519814518100341,optimal,2.8429849019958056,34806,64362,221645
rescuenet,Garr200404-r0,Garr200404,trajectory,B2,25,26.14768073326435,0.6536920183316088,optimal,2.5892114140006015,34806,64362,221645
rescuenet,Garr200404-r0,Garr200404,trajectory,B2,26,27.333165660418384,0.6833291415104596,optimal,2.6264710779942106,34806,64362,221645
rescuenet,Garr200404-r0,Garr200404,trajectory,B2,27,24.78703505172859,0.6196758762932147,optimal,2.5776399320020573,34806,64362,221645
rescuenet,Garr200404-r0,Garr200404,trajectory,B2,28,27.145249821161695,0.6786312455290424,optimal,2.8983584929956123,34806,64362,221645
rescuenet,Garr200404-r0,Garr200404,trajectory,B2,29,26.686429670517636,0.6671607417629409,optimal,2.576489897997817,34806,64362,221645
rescuenet,Garr200404-r0,Garr200404,trajectory,P,0,25.70608776600915,0.6426521941502288,optimal,2.6764763069950277,34806,64362,221645
rescuenet,Garr200404-r0,Garr200404,trajectory,P,1,26.3467593113941,0.6586689827848524,optimal,2.5154358750005485,34806,64362,221645
rescuenet,Garr200404-r0,Garr200404,trajectory,P,2,25.190679479731596,0.6297669869932899,optimal,2.469583165999211,34806,64362,221645
rescuenet,Garr200404-r0,Garr200404,trajectory,P,3,26.82793554497485,0.6706983886243713,optimal,2.8028710880025756,34806,64362,221645
rescuenet,Garr200404-r0,Garr200404,trajectory,P,4,26.26065860166641,0.6565164650416603,optimal,2.712481934999232,34806,64362,221645
rescuenet,Garr200404-r0,Garr200404,trajectory,P,5,29.071736500928917,0.7267934125232229,optimal,2.7220587990013883,34806,64362,221645
rescuenet,Garr200404-r0,Garr200404,trajectory,P,6,25.42755024753657,0.6356887561884143,optimal,2.798795044000144,34806,64362,221645
rescuenet,Garr200404-r0,Garr200404,trajectory,P,7,26.35503834197278,0.6588759585493195,optimal,2.6423325880023185,34806,64362,221645
rescuenet,Garr200404-r0,Garr200404,trajectory,P,8,26.705010506239454,0.6676252626559863,optimal,2.5952136630003224,34806,64362,221645
rescuenet,Garr200404-r0,Garr200404,trajectory,P,9,26.30025663780607,0.6575064159451517,optimal,2.5815289080055663,34806,64362,221645
rescuenet,Garr200404-r0,Garr200404,trajectory,P,10,25.200695332046593,0.6300173833011649,optimal,2.605653815000551,34806,64362,221645
rescuenet,Garr200404-r0,Garr200404,trajectory,P,11,26.377261077347008,0.6594315269336752,optimal,2.7354894199961564,34806,64362,221645
rescuenet,Garr200404-r0,Garr200404,trajectory,P,12,26.004808103912573,0.6501202025978143,optimal,2.9602145079988986,34806,64362,221645
rescuenet,Garr200404-r0,Garr200404,trajectory,P,13,26.128681785099598,0.65321704462749,optimal,2.5005563479935518,34806,64362,221645
rescuenet,Garr200404-r0,Garr200404,trajectory,P,14,27.78890418188626,0.6947226045471565,optimal,2.697928936002427,34806,64362,221645
rescuenet,Garr200404-r0,Garr200404,trajectory,P,15,26.46376888000287,0.6615942220000718,optimal,2.53700732300058,34806,64362,221645
rescuenet,Garr200404-r0,Garr200404,trajectory,P,16,26.577340867616716,0.6644335216904179,optimal,2.6906865869968897,34806,64362,221645
rescuenet,Garr200404-r0,Garr200404,trajectory,P,17,26.293621785360337,0.6573405446340084,optimal,2.602591333001328,34806,64362,221645
rescuenet,Garr200404-r0,Garr200404,trajectory,P,18,27.074241605821967,0.6768560401455492,optimal,2.5896121360055986,34806,64362,221645
rescuenet,Garr200404-r0,Garr200404,trajectory,P,19,25.745149193791672,0.6436287298447918,optimal,2.9014680849941215,34806,64362,221645
rescuenet,Garr200404-r0,Garr200404,trajectory,P,20,26.232602613069695,0.6558150653267424,optimal,2.768958180997288,34806,64362,221645
rescuenet,Garr200404-r0,Garr200404,trajectory,P,21,25.973566045360823,0.6493391511340205,optimal,2.8651323320009396,34806,64362,221645
rescuenet,Garr200404-r0,Garr200404,trajectory,P,22,27.661042800364314,0.6915260700091078,optimal,2.8620286299992586,34806,64362,221645
rescuenet,Garr200404-r0,Garr200404,trajectory,P,23,25.841566733528502,0.6460391683382125,optimal,2.6345561260022805,34806,64362,221645
rescuenet,Garr200404-r0,Garr200404,trajectory,P,24,25.335230380459258,0.6333807595114814,optimal,3.152048518997617,34806,64362,221645
rescuenet,Garr200404-r0,Garr200404,trajectory,P,25,26.061372998922266,0.6515343249730566,optimal,2.5823508640023647,34806,64362,221645
rescuenet,Garr200404-r0,Garr200404,trajectory,P,26,27.36618971232541,0.6841547428081353,optimal,2.731880599996657,34806,64362,221645
rescuenet,Garr200404-r0,Garr200404,trajectory,P,27,24.911403505602095,0.6227850876400524,optimal,2.636431592000008,34806,64362,221645
rescuenet,Garr200404-r0,Garr200404,trajectory,P,28,27.275299076313736,0.6818824769078434,optimal,2.990326137994998,34806,64362,221645
rescuenet,Garr200404-r0,Garr200404,trajectory,P,29,26.58345819742479,0.6645864549356197,optimal,2.591708601001301,34806,64362,221645
rescuenet,Garr200404-r0,Garr200404,trajectory,TRAN,0,26.87238540422554,0.6718096351056385,optimal,2.198498532998201,34806,64362,221645
rescuenet,Garr200404-r0,Garr200404,trajectory,TRAN,1,28.808044771458952,0.7202011192864738,optimal,2.324911173003784,34806,64362,221645
rescuenet,Garr200404-r0,Garr200404,trajectory,TRAN,2,27.175419202408598,0.6793854800602149,optimal,2.44662905199948,34806,64362,221645
rescuenet,Garr200404-r0,Garr200404,trajectory,TRAN,3,27.4161987527925,0.6854049688198125,optimal,2.3296156839933246,34806,64362,221645
rescuenet,Garr200404-r0,Garr200404,trajectory,TRAN,4,28.848400577951814,0.7212100144487954,optimal,2.213412696000887,34806,64362,221645
rescuenet,Garr200404-r0,Garr200404,trajectory,TRAN,5,30.19800064280891,0.7549500160702227,optimal,2.297226535003574,34806,64362,221645
rescuenet,Garr200404-r0,Garr200404,trajectory,TRAN,6,26.30530383760722,0.6576325959401805,optimal,2.2094832090006093,34806,64362,221645
rescuenet,Garr200404-r0,Garr200404,trajectory,TRAN,7,28.98294315436533,0.7245735788591332,optimal,2.180809005003539,34806,64362,221645
rescuenet,Garr200404-r0,Garr200404,trajectory,TRAN,8,27.86492438908735,0.6966231097271838,optimal,1.943391305001569,34806,64362,221645
rescuenet,Garr200404-r0,Garr200404,trajectory,TRAN,9,28.58017144013355,0.7145042860033388,optimal,1.6531693489960162,34806,64362,221645
rescuenet,Garr200404-r0,Garr200404,trajectory,TRAN,10,27.33649943826211,0.6834124859565527,optimal,1.6251746740017552,34806,64362,221645
rescuenet,Garr200404-r0,Garr200404,trajectory,TRAN,11,28.349885130015778,0.7087471282503944,optimal,1.9240577590026078,34806,64362,221645
rescuenet,Garr200404-r0,Garr200404,trajectory,TRAN,12,27.114874930509774,0.6778718732627443,optimal,1.71025748700049,34806,64362,221645
rescuenet,Garr200404-r0,Garr200404,trajectory,TRAN,13,26.942212054405186,0.6735553013601296,optimal,1.712110204003693,34806,64362,221645
rescuenet,Garr200404-r0,Garr200404,trajectory,TRAN,14,29.46638616538425,0.7366596541346062,optimal,1.6344802210005582,34806,64362,221645
rescuenet,Garr200404-r0,Garr200404,trajectory,TRAN,15,27.926168195324117,0.6981542048831029,optimal,1.3733874850004213,34806,64362,221645
rescuenet,Garr200404-r0,Garr200404,trajectory,TRAN,16,28.14345389920048,0.703586347480012,optimal,1.3987116330026765,34806,64362,221645
rescuenet,Garr200404-r0,Garr200404,trajectory,TRAN,17,27.635377835743924,0.6908844458935981,optimal,1.3914806390021113,34806,64362,221645
rescuenet,Garr200404-r0,Garr200404,trajectory,TRAN,18,28.817103214692576,0.7204275803673144,optimal,1.3480138070008252,34806,64362,221645
rescuenet,Garr200404-r0,Garr200404,trajectory,TRAN,19,28.136851507996386,0.7034212876999096,optimal,1.4855990700016264,34806,64362,221645
rescuenet,Garr200404-r0,Garr200404,trajectory,TRAN,20,27.26232566671426,0.6815581416678566,optimal,1.5019668609966175,34806,64362,221645
rescuenet,Garr200404-r0,Garr200404,trajectory,TRAN,21,27.018921515993608,0.6754730378998401,optimal,1.3382260009966558,34806,64362,221645
rescuenet,Garr200404-r0,Garr200404,trajectory,TRAN,22,26.588591326793022,0.6647147831698256,optimal,1.3275902780005708,34806,64362,221645
rescuenet,Garr200404-r0,Garr200404,trajectory,TRAN,23,27.502338816964397,0.6875584704241099,optimal,1.364609101001406,34806,64362,221645
rescuenet,Garr200404-r0,Garr200404,trajectory,TRAN,24,27.783197000225943,0.6945799250056486,optimal,1.4010857889952604,34806,64362,221645
rescuenet,Garr200404-r0,Garr200404,trajectory,TRAN,25,28.452760138564685,0.7113190034641171,optimal,1.2414327070000581,34806,64362,221645
rescuenet,Garr200404-r0,Garr200404,trajectory,TRAN,26,27.40001902584742,0.6850004756461855,optimal,1.1833505980030168,34806,64362,221645
rescuenet,Garr200404-r0,Garr200404,trajectory,TRAN,27,26.888598181618462,0.6722149545404615,optimal,1.116482443001587,34806,64362,221645
rescuenet,Garr200404-r0,Garr200404,trajectory,TRAN,28,28.85217532288181,0.7213043830720453,optimal,1.1475556419973145,34806,64362,221645
rescuenet,Garr200404-r0,Garr200404,trajectory,TRAN,29,27.549119978069978,0.6887279994517495,optimal,1.0954874540038873,34806,64362,221645
rescuenet,Garr200404-r1,Garr200404,ground_only,,0,22.73336836147899,0.5683342090369747,optimal,0.6240041339988238,10127,23633,60012
rescuenet,Garr200404-r1,Garr200404,ground_only,,1,22.73336836147899,0.5683342090369747,optimal,0.7236453970035654,10127,23633,60012
rescuenet,Garr200404-r1,Garr200404,ground_only,,2,22.73336836147899,0.5683342090369747,optimal,0.6264588550038752,10127,23633,60012
rescuenet,Garr200404-r1,Garr200404,ground_only,,3,22.73336836147899,0.5683342090369747,optimal,0.6978000289964257,10127,23633,60012
rescuenet,Garr200404-r1,Garr200404,ground_only,,4,22.73336836147899,0.5683342090369747,optimal,0.7159916899981909,10127,23633,60012
rescuenet,Garr200404-r1,Garr200404,ground_only,,5,22.73336836147899,0.5683342090369747,optimal,0.7408295900022495,10127,23633,60012
rescuenet,Garr200404-r1,Garr200404,ground_only,,6,22.73336836147899,0.5683342090369747,optimal,0.6390740070055472,10127,23633,60012
rescuenet,Garr200404-r1,Garr200404,ground_only,,7,22.73336836147899,0.5683342090369747,optimal,0.6252664390049176,10127,23633,60012
rescuenet,Garr200404-r1,Garr200404,ground_only,,8,22.73336836147899,0.5683342090369747,optimal,0.6258281080008601,10127,23633,60012
rescuenet,Garr200404-r1,Garr200404,ground_only,,9,22.73336836147899,0.5683342090369747,optimal,0.6193159149988787,10127,23633,60012
rescuenet,Garr200404-r1,Garr200404,ground_only,,10,22.73336836147899,0.5683342090369747,optimal,0.6127969920053147,10127,23633,60012
rescuenet,Garr200404-r1,Garr200404,ground_only,,11,22.73336836147899,0.5683342090369747,optimal,0.5932383779945667,10127,23633,60012
rescuenet,Garr200404-r1,Garr200404,ground_only,,12,22.73336836147899,0.5683342090369747,optimal,0.7383678590049385,10127,23633,60012
rescuenet,Garr200404-r1,Garr200404,ground_only,,13,22.73336836147899,0.5683342090369747,optimal,0.7515977010043571,10127,23633,60012
rescuenet,Garr200404-r1,Garr200404,ground_only,,14,22.73336836147899,0.5683342090369747,optimal,0.7668514629986021,10127,23633,60012
rescuenet,Garr200404-r1,Garr200404,ground_only,,15,22.73336836147899,0.5683342090369747,optimal,0.6987748410028871,10127,23633,60012
rescuenet,Garr200404-r1,Garr200404,ground_only,,16,22.73336836147899,0.5683342090369747,optimal,0.7216877190003288,10127,23633,60012
rescuenet,Garr200404-r1,Garr200404,ground_only,,17,22.73336836147899,0.5683342090369747,optimal,0.5871939649950946,10127,23633,60012
rescuenet,Garr200404-r1,Garr200404,ground_only,,18,22.73336836147899,0.5683342090369747,optimal,0.5912217549994239,10127,23633,60012
rescuenet,Garr200404-r1,Garr200404,ground_only,,19,22.73336836147899,0.5683342090369747,optimal,0.7041448489981121,10127,23633,60012
rescuenet,Garr200404-r1,Garr200404,ground_only,,20,22.73336836147899,0.5683342090369747,optimal,0.5822649239999009,10127,23633,60012
rescuenet,Garr200404-r1,Garr200404,ground_only,,21,22.73336836147899,0.5683342090369747,optimal,0.7184900069987634,10127,23633,60012
rescuenet,Garr200404-r1,Garr200404,ground_only,,22,22.73336836147899,0.5683342090369747,optimal,0.6507871520007029,10127,23633,60012
rescuenet,Garr200404-r1,Garr200404,ground_only,,23,22.73336836147899,0.5683342090369747,optimal,0.7316745760035701,10127,23633,60012
rescuenet,Garr200404-r1,Garr200404,ground_only,,24,22.73336836147899,0.5683342090369747,optimal,0.6027572480015806,10127,23633,60012
rescuenet,Garr200404-r1,Garr200404,ground_only,,25,22.73336836147899,0.5683342090369747,optimal,0.5971934640037944,10127,23633,60012
rescuenet,Garr200404-r1,Garr200404,ground_only,,26,22.73336836147899,0.5683342090369747,optimal,0.7332846039935248,10127,23633,60012
rescuenet,Garr200404-r1,Garr200404,ground_only,,27,22.73336836147899,0.5683342090369747,optimal,0.6235602819942869,10127,23633,60012
rescuenet,Garr200404-r1,Garr200404,ground_only,,28,22.73336836147899,0.5683342090369747,optimal,0.6179061419970822,10127,23633,60012
rescuenet,Garr200404-r1,Garr200404,ground_only,,29,22.73336836147899,0.5683342090369747,optimal,0.8169327680006973,10127,23633,60012
rescuenet,Garr200404-r1,Garr200404,trajectory,B1,0,32.536222142684416,0.8134055535671104,optimal,2.6918620569995255,33593,66959,212022
rescuenet,Garr200404-r1,Garr200404,trajectory,B1,1,31.945671750360933,0.7986417937590233,optimal,2.6850058729978628,33593,66959,212022
rescuenet,Garr200404-r1,Garr200404,trajectory,B1,2,32.461874575022186,0.8115468643755547,optimal,3.318717085996468,33593,66959,212022
rescuenet,Garr200404-r1,Garr200404,trajectory,B1,3,31.833226050827403,0.7958306512706851,optimal,3.154243684002722,33593,66959,212022
rescuenet,Garr200404-r1,Garr200404,trajectory,B1,4,32.00357093341179,0.8000892733352947,optimal,2.9354721030031214,33593,66959,212022
rescuenet,Garr200404-r1,Garr200404,trajectory,B1,5,30.6505457869294,0.7662636446732349,optimal,2.719759478000924,33593,66959,212022
rescuenet,Garr200404-r1,Garr200404,trajectory,B1,6,31.941346736937707,0.7985336684234426,optimal,2.878174452998792,33593,66959,212022
rescuenet,Garr200404-r1,Garr200404,trajectory,B1,7,31.58106698822029,0.7895266747055072,optimal,2.5696525649982505,33593,66959,212022
rescuenet,Garr200404-r1,Garr200404,trajectory,B1,8,32.69413606190171,0.8173534015475428,optimal,2.6721372139945743,33593,66959,212022
rescuenet,Garr200404-r1,Garr200404,trajectory,B1,9,32.513773823130556,0.8128443455782639,optimal,2.682694408998941,33593,66959,212022
rescuenet,Garr200404-r1,Garr200404,trajectory,B1,10,31.454141338758465,0.7863535334689616,optimal,2.887301930000831,33593,66959,212022
rescuenet,Garr200404-r1,Garr200404,trajectory,B1,11,31.619700602561622,0.7904925150640405,optimal,2.4340558240000973,33593,66959,212022
rescuenet,Garr200404-r1,Garr200404,trajectory,B1,12,32.107467928268726,0.8026866982067181,optimal,2.9084147149987984,33593,66959,212022
rescuenet,Garr200404-r1,Garr200404,trajectory,B1,13,32.06256588134834,0.8015641470337085,optimal,3.2385679069993785,33593,66959,212022
rescuenet,Garr200404-r1,Garr200404,trajectory,B1,14,31.937839122208363,0.7984459780552091,optimal,2.794865217001643,33593,66959,212022
rescuenet,Garr200404-r1,Garr200404,trajectory,B1,15,31.338548590979414,0.7834637147744854,optimal,2.7685285640036454,33593,66959,212022
rescuenet,Garr200404-r1,Garr200404,trajectory,B1,16,31.11671864806775,0.7779179662016937,optimal,3.213940861998708,33593,66959,212022
rescuenet,Garr200404-r1,Garr200404,trajectory,B1,17,32.670200741121064,0.8167550185280266,optimal,3.075470354000572,33593,66959,212022
rescuenet,Garr200404-r1,Garr200404,trajectory,B1,18,32.01687665748942,0.8004219164372355,optimal,2.6945060509970062,33593,66959,212022
rescuenet,Garr200404-r1,Garr200404,trajectory,B1,19,32.07163973466382,0.8017909933665954,optimal,2.9127866470007575,33593,66959,212022
rescuenet,Garr200404-r1,Garr200404,trajectory,B1,20,32.18340750633171,0.8045851876582928,optimal,3.2309050550029497,33593,66959,212022
rescuenet,Garr200404-r1,Garr200404,trajectory,B1,21,31.64413553432305,0.7911033883580763,optimal,2.5713572280001245,33593,66959,212022
rescuenet,Garr200404-r1,Garr200404,trajectory,B1,22,32.16665709943059,0.8041664274857647,optimal,2.457803133998823,33593,66959,212022
rescuenet,Garr200404-r1,Garr200404,trajectory,B1,23,32.60647232140529,0.8151618080351323,optimal,2.756533527004649,33593,66959,212022
rescuenet,Garr200404-r1,Garr200404,trajectory,B1,24,31.978153214028087,0.7994538303507022,optimal,2.513228010000603,33593,66959,212022
rescuenet,Garr200404-r1,Garr200404,trajectory,B1,25,32.00456307140412,0.800114076785103,optimal,3.30013190000318,33593,66959,212022
rescuenet,Garr200404-r1,Garr200404,trajectory,B1,26,31.759674338274976,0.7939918584568744,optimal,2.941605055995751,33593,66959,212022
rescuenet,Garr200404-r1,Garr200404,trajectory,B1,27,32.52464480865043,0.8131161202162607,optimal,2.705581358000927,33593,66959,212022
rescuenet,Garr200404-r1,Garr200404,trajectory,B1,28,31.935063100469034,0.7983765775117259,optimal,3.5217216339951847,33593,66959,212022
rescuenet,Garr200404-r1,Garr200404,trajectory,B1,29,32.49282177266762,0.8123205443166904,optimal,3.03419072899851,33593,66959,212022
rescuenet,Garr200404-r1,Garr200404,trajectory,B2,0,32.218019259963775,0.8054504814990944,optimal,2.482889584003715,33593,66959,212022
rescuenet,Garr200404-r1,Garr200404,trajectory,B2,1,31.606169057512673,0.7901542264378169,optimal,2.8140602739949827,33593,66959,212022
rescuenet,Garr200404-r1,Garr200404,trajectory,B2,2,32.603846755371706,0.8150961688842926,optimal,2.946669053999358,33593,66959,212022
rescuenet,Garr200404-r1,Garr200404,trajectory,B2,3,31.95747052390717,0.7989367630976792,optimal,2.819449339003768,33593,66959,212022
rescuenet,Garr200404-r1,Garr200404,trajectory,B2,4,32.05917895506728,0.8014794738766821,optimal,2.640551755997876,33593,66959,212022
rescuenet,Garr200404-r1,Garr200404,trajectory,B2,5,31.83392924728622,0.7958482311821555,optimal,2.3176478980021784,33593,66959,212022
rescuenet,Garr200404-r1,Garr200404,trajectory,B2,6,31.929423856828798,0.79823559642072,optimal,2.636963602999458,33593,66959,212022
rescuenet,Garr200404-r1,Garr200404,trajectory,B2,7,31.30267410180504,0.7825668525451259,optimal,2.5770077370034414,33593,66959,212022
rescuenet,Garr200404-r1,Garr200404,trajectory,B2,8,32.502323292612616,0.8125580823153153,optimal,2.6007293479997315,33593,66959,212022
rescuenet,Garr200404-r1,Garr200404,trajectory,B2,9,32.58272237489752,0.814568059372438,optimal,2.532931705994997,33593,66959,212022
rescuenet,Garr200404-r1,Garr200404,trajectory,B2,10,31.745285131746343,0.7936321282936586,optimal,2.611603200995887,33593,66959,212022
rescuenet,Garr200404-r1,Garr200404,trajectory,B2,11,31.575659145230993,0.7893914786307749,optimal,2.6541929789964342,33593,66959,212022
rescuenet,Garr200404-r1,Garr200404,trajectory,B2,12,30.967854723232406,0.7741963680808102,optimal,2.645533240000077,33593,66959,212022
rescuenet,Garr200404-r1,Garr200404,trajectory,B2,13,32.04228897953614,0.8010572244884034,optimal,2.58850740899652,33593,66959,212022
rescuenet,Garr200404-r1,Garr200404,trajectory,B2,14,32.01574349554764,0.8003935873886909,optimal,2.664585458005604,33593,66959,212022
rescuenet,Garr200404-r1,Garr200404,trajectory,B2,15,31.264546453317926,0.7816136613329482,optimal,2.5732850819986197,33593,66959,212022
rescuenet,Garr200404-r1,Garr200404,trajectory,B2,16,31.31021330129165,0.7827553325322912,optimal,2.318275194003945,33593,66959,212022
rescuenet,Garr200404-r1,Garr200404,trajectory,B2,17,32.93172056937936,0.823293014234484,optimal,2.6452455229955376,33593,66959,212022
rescuenet,Garr200404-r1,Garr200404,trajectory,B2,18,32.00086211794524,0.800021552948631,optimal,2.303918716002954,33593,66959,212022
rescuenet,Garr200404-r1,Garr200404,trajectory,B2,19,32.04319066204094,0.8010797665510235,optimal,2.644071670001722,33593,66959,212022
rescuenet,Garr200404-r1,Garr200404,trajectory,B2,20,32.231920195389506,0.8057980048847376,optimal,2.5371344500017585,33593,66959,212022
rescuenet,Garr200404-r1,Garr200404,trajectory,B2,21,32.203107344479534,0.8050776836119884,optimal,2.8970059549974394,33593,66959,212022
rescuenet,Garr200404-r1,Garr200404,trajectory,B2,22,32.12891766417255,0.8032229416043137,optimal,2.873650790999818,33593,66959,212022
rescuenet,Garr200404-r1,Garr200404,trajectory,B2,23,32.590687527840835,0.8147671881960209,optimal,3.1659659299984924,33593,66959,212022
rescuenet,Garr200404-r1,Garr200404,trajectory,B2,24,31.956898214823156,0.7989224553705789,optimal,2.966436255002918,33593,66959,212022
rescuenet,Garr200404-r1,Garr200404,trajectory,B2,25,31.892524308350136,0.7973131077087534,optimal,3.4021947880028165,33593,66959,212022
rescuenet,Garr200404-r1,Garr200404,trajectory,B2,26,31.66993433998358,0.7917483584995895,optimal,2.9395832669979427,33593,66959,212022
rescuenet,Garr200404-r1,Garr200404,trajectory,B2,27,32.43258872877058,0.8108147182192645,optimal,3.2580145800020546,33593,66959,212022
rescuenet,Garr200404-r1,Garr200404,trajectory,B2,28,32.01788333513286,0.8004470833783215,optimal,3.0725433490006253,33593,66959,212022
rescuenet,Garr200404-r1,Garr200404,trajectory,B2,29,32.37164737162536,0.809291184290634,optimal,3.2114894359983737,33593,66959,212022
rescuenet,Garr200404-r1,Garr200404,trajectory,P,0,32.095095100531765,0.8023773775132941,optimal,3.34605879499577,33593,66959,212022
rescuenet,Garr200404-r1,Garr200404,trajectory,P,1,31.036582734201414,0.7759145683550354,optimal,2.4741194950038334,33593,66959,212022
rescuenet,Garr200404-r1,Garr200404,trajectory,P,2,32.444923625319824,0.8111230906329956,optimal,3.332667004004179,33593,66959,212022
rescuenet,Garr200404-r1,Garr200404,trajectory,P,3,31.57884529576946,0.7894711323942365,optimal,2.712600929000473,33593,66959,212022
rescuenet,Garr200404-r1,Garr200404,trajectory,P,4,31.87819966173705,0.7969549915434262,optimal,2.3302683220026665,33593,66959,212022
rescuenet,Garr200404-r1,Garr200404,trajectory,P,5,31.74765929471724,0.7936914823679311,optimal,2.4700926289951894,33593,66959,212022
rescuenet,Garr200404-r1,Garr200404,trajectory,P,6,31.674397201719053,0.7918599300429763,optimal,2.4911656040058006,33593,66959,212022
rescuenet,Garr200404-r1,Garr200404,trajectory,P,7,31.370489774282067,0.7842622443570517,optimal,2.4053658569973777,33593,66959,212022
rescuenet,Garr200404-r1,Garr200404,trajectory,P,8,32.389850269624944,0.8097462567406236,optimal,2.6641179020007257,33593,66959,212022
rescuenet,Garr200404-r1,Garr200404,trajectory,P,9,32.44422397442664,0.8111055993606661,optimal,2.5848854160067276,33593,66959,212022
rescuenet,Garr200404-r1,Garr200404,trajectory,P,10,31.702468617651622,0.7925617154412905,optimal,2.6616102199986926,33593,66959,212022
rescuenet,Garr200404-r1,Garr200404,trajectory,P,11,30.953788524018563,0.7738447131004641,optimal,2.3468666750050033,33593,66959,212022
rescuenet,Garr200404-r1,Garr200404,trajectory,P,12,30.975025872043847,0.7743756468010962,optimal,2.4592145469941897,33593,66959,212022
rescuenet,Garr200404-r1,Garr200404,trajectory,P,13,32.0600567549612,0.80150141887403,optimal,2.641014175998862,33593,66959,212022
rescuenet,Garr200404-r1,Garr200404,trajectory,P,14,32.00182180297061,0.8000455450742653,optimal,2.551738155998464,33593,66959,212022
rescuenet,Garr200404-r1,Garr200404,trajectory,P,15,31.243738964741883,0.7810934741185471,optimal,2.8557086079963483,33593,66959,212022
rescuenet,Garr200404-r1,Garr200404,trajectory,P,16,31.382595006459624,0.7845648751614906,optimal,2.5043754169964814,33593,66959,212022
rescuenet,Garr200404-r1,Garr200404,trajectory,P,17,32.59259227532187,0.8148148068830467,optimal,2.5052852669978165,33593,66959,212022
rescuenet,Garr200404-r1,Garr200404,trajectory,P,18,31.730291349640627,0.7932572837410157,optimal,2.5219977439992363,33593,66959,212022
rescuenet,Garr200404-r1,Garr200404,trajectory,P,19,32.38930529326594,0.8097326323316485,optimal,2.62564184400253,33593,66959,212022
rescuenet,Garr200404-r1,Garr200404,trajectory,P,20,32.21588581043316,0.805397145260829,optimal,2.578360473999055,33593,66959,212022
rescuenet,Garr200404-r1,Garr200404,trajectory,P,21,31.724314749034672,0.7931078687258668,optimal,3.1214513160011848,33593,66959,212022
rescuenet,Garr200404-r1,Garr200404,trajectory,P,22,31.84905815139081,0.7962264537847703,optimal,2.724590508005349,33593,66959,212022
rescuenet,Garr200404-r1,Garr200404,trajectory,P,23,32.606999872914066,0.8151749968228517,optimal,3.1385357170001953,33593,66959,212022
rescuenet,Garr200404-r1,Garr200404,trajectory,P,24,31.877304202338774,0.7969326050584693,optimal,3.2464068140034215,33593,66959,212022
rescuenet,Garr200404-r1,Garr200404,trajectory,P,25,31.754291023796984,0.7938572755949246,optimal,3.219966201002535,33593,66959,212022
rescuenet,Garr200404-r1,Garr200404,trajectory,P,26,31.386708682618682,0.784667717065467,optimal,3.259210559001076,33593,66959,212022
rescuenet,Garr200404-r1,Garr200404,trajectory,P,27,32.58672538186649,0.8146681345466623,optimal,3.407303170999512,33593,66959,212022
rescuenet,Garr200404-r1,Garr200404,trajectory,P,28,31.653410437638556,0.7913352609409638,optimal,3.1216210089987726,33593,66959,212022
rescuenet,Garr200404-r1,Garr200404,trajectory,P,29,32.363810485443175,0.8090952621360794,optimal,3.1182577310028137,33593,66959,212022
rescuenet,Garr200404-r1,Garr200404,trajectory,TRAN,0,33.633417405611375,0.8408354351402844,optimal,2.91873210400081,33593,66959,212022
rescuenet,Garr200404-r1,Garr200404,trajectory,TRAN,1,34.40018150290277,0.8600045375725692,optimal,2.691091052001866,33593,66959,212022
rescuenet,Garr200404-r1,Garr200404,trajectory,TRAN,2,34.23736815242139,0.8559342038105348,optimal,2.910031610997976,33593,66959,212022
rescuenet,Garr200404-r1,Garr200404,trajectory,TRAN,3,34.44039548876524,0.861009887219131,optimal,2.8981982580007752,33593,66959,212022
rescuenet,Garr200404-r1,Garr200404,trajectory,TRAN,4,34.26362009567109,0.8565905023917771,optimal,3.303216505002638,33593,66959,212022
rescuenet,Garr200404-r1,Garr200404,trajectory,TRAN,5,33.88896202274808,0.8472240505687021,optimal,2.5414365850010654,33593,66959,212022
rescuenet,Garr200404-r1,Garr200404,trajectory,TRAN,6,33.89843654697512,0.847460913674378,optimal,2.9084822989971144,33593,66959,212022
rescuenet,Garr200404-r1,Garr200404,trajectory,TRAN,7,33.768641751173135,0.8442160437793284,optimal,2.9197310080053285,33593,66959,212022
rescuenet,Garr200404-r1,Garr200404,trajectory,TRAN,8,34.451260987869276,0.8612815246967319,optimal,2.9474838780006394,33593,66959,212022
rescuenet,Garr200404-r1,Garr200404,trajectory,TRAN,9,33.511096450996455,0.8377774112749113,optimal,2.87426346099528,33593,66959,212022
rescuenet,Garr200404-r1,Garr200404,trajectory,TRAN,10,33.33550135420759,0.8333875338551897,optimal,2.9680116230010753,33593,66959,212022
rescuenet,Garr200404-r1,Garr200404,trajectory,TRAN,11,33.367259585489606,0.8341814896372401,optimal,2.7170143149996875,33593,66959,212022
rescuenet,Garr200404-r1,Garr200404,trajectory,TRAN,12,34.33801695128381,0.8584504237820954,optimal,3.1428470330065466,33593,66959,212022
rescuenet,Garr200404-r1,Garr200404,trajectory,TRAN,13,33.30119769171006,0.8325299422927515,optimal,2.4996419300005073,33593,66959,212022
rescuenet,Garr200404-r1,Garr200404,trajectory,TRAN,14,33.993402594285946,0.8498350648571487,optimal,2.797499677995802,33593,66959,212022
rescuenet,Garr200404-r1,Garr200404,trajectory,TRAN,15,33.8082024579739,0.8452050614493475,optimal,2.844113372004358,33593,66959,212022
rescuenet,Garr200404-r1,Garr200404,trajectory,TRAN,16,34.82827705426957,0.8707069263567393,optimal,3.442273334003403,33593,66959,212022
rescuenet,Garr200404-r1,Garr200404,trajectory,TRAN,17,34.18883023020645,0.8547207557551613,optimal,4.043097695001052,33593,66959,212022
rescuenet,Garr200404-r1,Garr200404,trajectory,TRAN,18,33.822069869184325,0.8455517467296081,optimal,3.6972539850030444,33593,66959,212022
rescuenet,Garr200404-r1,Garr200404,trajectory,TRAN,19,34.368794587860826,0.8592198646965207,optimal,3.5405523759982316,33593,66959,212022
rescuenet,Garr200404-r1,Garr200404,trajectory,TRAN,20,34.69082460671352,0.867270615167838,optimal,3.0023512359985034,33593,66959,212022
rescuenet,Garr200404-r1,Garr200404,trajectory,TRAN,21,33.78112312535052,0.844528078133763,optimal,3.2702571819972945,33593,66959,212022
rescuenet,Garr200404-r1,Garr200404,trajectory,TRAN,22,34.088511514909555,0.8522127878727389,optimal,3.2527412330018706,33593,66959,212022
rescuenet,Garr200404-r1,Garr200404,trajectory,TRAN,23,34.25706959392351,0.8564267398480878,optimal,2.7294004209979903,33593,66959,212022
rescuenet,Garr200404-r1,Garr200404,trajectory,TRAN,24,33.82386568882333,0.8455966422205833,optimal,2.843167250000988,33593,66959,212022
rescuenet,Garr200404-r1,Garr200404,trajectory,TRAN,25,34.177415676902385,0.8544353919225596,optimal,3.4771716090035625,33593,66959,212022
rescuenet,Garr200404-r1,Garr200404,trajectory,TRAN,26,34.52817866938706,0.8632044667346765,optimal,3.7518197120007244,33593,66959,212022
rescuenet,Garr200404-r1,Garr200404,trajectory,TRAN,27,34.077436898488216,0.8519359224622054,optimal,3.4368456969968975,33593,66959,212022
rescuenet,Garr200404-r1,Garr200404,trajectory,TRAN,28,34.38417284376841,0.8596043210942103,optimal,3.359291022999969,33593,66959,212022
rescuenet,Garr200404-r1,Garr200404,trajectory,TRAN,29,33.96692044595888,0.8491730111489719,optimal,2.669977918994846,33593,66959,212022
rescuenet,Garr200404-r2,Garr200404,ground_only,,0,8.921209006173799,0.22303022515434495,optimal,0.10178159100178163,2388,6365,15511
rescuenet,Garr200404-r2,Garr200404,ground_only,,1,8.921209006173799,0.22303022515434495,optimal,0.10223669300467009,2388,6365,15511
rescuenet,Garr200404-r2,Garr200404,ground_only,,2,8.921209006173799,0.22303022515434495,optimal,0.09586433599906741,2388,6365,15511
rescuenet,Garr200404-r2,Garr200404,ground_only,,3,8.921209006173799,0.22303022515434495,optimal,0.09494956099661067,2388,6365,15511
rescuenet,Garr200404-r2,Garr200404,ground_only,,4,8.921209006173799,0.22303022515434495,optimal,0.10075048300495837,2388,6365,15511
rescuenet,Garr200404-r2,Garr200404,ground_only,,5,8.921209006173799,0.22303022515434495,optimal,0.09055179000279168,2388,6365,15511
rescuenet,Garr200404-r2,Garr200404,ground_only,,6,8.921209006173799,0.22303022515434495,optimal,0.10000338000099873,2388,6365,15511
rescuenet,Garr200404-r2,Garr200404,ground_only,,7,8.921209006173799,0.22303022515434495,optimal,0.09703184099635109,2388,6365,15511
rescuenet,Garr200404-r2,Garr200404,ground_only,,8,8.921209006173799,0.22303022515434495,optimal,0.09387872699880973,2388,6365,15511
rescuenet,Garr200404-r2,Garr200404,ground_only,,9,8.921209006173799,0.22303022515434495,optimal,0.0887172209986602,2388,6365,15511
rescuenet,Garr200404-r2,Garr200404,ground_only,,10,8.921209006173799,0.22303022515434495,optimal,0.1165522939991206,2388,6365,15511
rescuenet,Garr200404-r2,Garr200404,ground_only,,11,8.921209006173799,0.22303022515434495,optimal,0.11228475400275784,2388,6365,15511
rescuenet,Garr200404-r2,Garr200404,ground_only,,12,8.921209006173799,0.22303022515434495,optimal,0.11377626199828228,2388,6365,15511
rescuenet,Garr200404-r2,Garr200404,ground_only,,13,8.921209006173799,0.22303022515434495,optimal,0.09703569200064521,2388,6365,15511
rescuenet,Garr200404-r2,Garr200404,ground_only,,14,8.921209006173799,0.22303022515434495,optimal,0.09812062499986496,2388,6365,15511
rescuenet,Garr200404-r2,Garr200404,ground_only,,15,8.921209006173799,0.22303022515434495,optimal,0.09015868499409407,2388,6365,15511
rescuenet,Garr200404-r2,Garr200404,ground_only,,16,8.921209006173799,0.22303022515434495,optimal,0.09504129799461225,2388,6365,15511
rescuenet,Garr200404-r2,Garr200404,ground_only,,17,8.921209006173799,0.22303022515434495,optimal,0.10084923900285503,2388,6365,15511
rescuenet,Garr200404-r2,Garr200404,ground_only,,18,8.921209006173799,0.22303022515434495,optimal,0.10155077599483775,2388,6365,15511
rescuenet,Garr200404-r2,Garr200404,ground_only,,19,8.921209006173799,0.22303022515434495,optimal,0.10484560999611858,2388,6365,15511
rescuenet,Garr200404-r2,Garr200404,ground_only,,20,8.921209006173799,0.22303022515434495,optimal,0.09518966299947351,2388,6365,15511
rescuenet,Garr200404-r2,Garr200404,ground_only,,21,8.921209006173799,0.22303022515434495,optimal,0.0995016230008332,2388,6365,15511
rescuenet,Garr200404-r2,Garr200404,ground_only,,22,8.921209006173799,0.22303022515434495,optimal,0.10205912999663269,2388,6365,15511
rescuenet,Garr200404-r2,Garr200404,ground_only,,23,8.921209006173799,0.22303022515434495,optimal,0.09307291800359963,2388,6365,15511
rescuenet,Garr200404-r2,Garr200404,ground_only,,24,8.921209006173799,0.22303022515434495,optimal,0.1060667689962429,2388,6365,15511
rescuenet,Garr200404-r2,Garr200404,ground_only,,25,8.921209006173799,0.22303022515434495,optimal,0.10646284500398906,2388,6365,15511
rescuenet,Garr200404-r2,Garr200404,ground_only,,26,8.921209006173799,0.22303022515434495,optimal,0.09423594499821775,2388,6365,15511
rescuenet,Garr200404-r2,Garr200404,ground_only,,27,8.921209006173799,0.22303022515434495,optimal,0.09483381100289989,2388,6365,15511
rescuenet,Garr200404-r2,Garr200404,ground_only,,28,8.921209006173799,0.22303022515434495,optimal,0.10434637700382154,2388,6365,15511
rescuenet,Garr200404-r2,Garr200404,ground_only,,29,8.921209006173799,0.22303022515434495,optimal,0.09676111699809553,2388,6365,15511
rescuenet,Garr200404-r2,Garr200404,trajectory,B1,0,18.75813788090398,0.4689534470225995,optimal,3.0768589680010336,33785,60165,221424
rescuenet,Garr200404-r2,Garr200404,trajectory,B1,1,19.00505619993761,0.4751264049984402,optimal,2.866263739000715,33785,60165,221424
rescuenet,Garr200404-r2,Garr200404,trajectory,B1,2,16.623344467844134,0.41558361169610336,optimal,2.947895836994576,33785,60165,221424
rescuenet,Garr200404-r2,Garr200404,trajectory,B1,3,19.572827486809416,0.4893206871702354,optimal,3.8218696460025967,33785,60165,221424
rescuenet,Garr200404-r2,Garr200404,trajectory,B1,4,18.688927840070647,0.4672231960017662,optimal,3.563960309998947,33785,60165,221424
rescuenet,Garr200404-r2,Garr200404,trajectory,B1,5,19.889098799871213,0.49722746999678036,optimal,3.5886505050002597,33785,60165,221424
rescuenet,Garr200404-r2,Garr200404,trajectory,B1,6,18.476926074802602,0.46192315187006505,optimal,2.992513837001752,33785,60165,221424
rescuenet,Garr200404-r2,Garr200404,trajectory,B1,7,19.784444851200305,0.4946111212800076,optimal,3.178185975004453,33785,60165,221424
rescuenet,Garr200404-r2,Garr200404,trajectory,B1,8,19.638417170174638,0.49096042925436595,optimal,3.150061039996217,33785,60165,221424
rescuenet,Garr200404-r2,Garr200404,trajectory,B1,9,17.049143962918222,0.42622859907295557,optimal,2.810467946001154,33785,60165,221424
rescuenet,Garr200404-r2,Garr200404,trajectory,B1,10,20.092518931433773,0.5023129732858443,optimal,3.7037255140021443,33785,60165,221424
rescuenet,Garr200404-r2,Garr200404,trajectory,B1,11,16.97312720980229,0.42432818024505725,optimal,3.1986116590051097,33785,60165,221424
rescuenet,Garr200404-r2,Garr200404,trajectory,B1,12,20.569491208399945,0.5142372802099986,optimal,3.0325791360010044,33785,60165,221424
rescuenet,Garr200404-r2,Garr200404,trajectory,B1,13,19.791872748322476,0.4947968187080619,optimal,3.3666191840020474,33785,60165,221424
rescuenet,Garr200404-r2,Garr200404,trajectory,B1,14,18.22570511571895,0.4556426278929737,optimal,3.116803823999362,33785,60165,221424
rescuenet,Garr200404-r2,Garr200404,trajectory,B1,15,19.46000049280178,0.4865000123200445,optimal,3.09140237000247,33785,60165,221424
rescuenet,Garr200404-r2,Garr200404,trajectory,B1,16,17.64150159226772,0.44103753980669297,optimal,2.8728335940031684,33785,60165,221424
rescuenet,Garr200404-r2,Garr200404,trajectory,B1,17,20.401851345393055,0.5100462836348264,optimal,3.7993606430027285,33785,60165,221424
rescuenet,Garr200404-r2,Garr200404,trajectory,B1,18,19.28752299336766,0.48218807483419146,optimal,3.7705370339972433,33785,60165,221424
rescuenet,Garr200404-r2,Garr200404,trajectory,B1,19,17.393512353677252,0.4348378088419313,optimal,3.0779979299986735,33785,60165,221424
rescuenet,Garr200404-r2,Garr200404,trajectory,B1,20,18.74944433997708,0.46873610849942704,optimal,3.0666485690017,33785,60165,221424
rescuenet,Garr200404-r2,Garr200404,trajectory,B1,21,18.524172346879332,0.4631043086719833,optimal,3.0089309029935976,33785,60165,221424
rescuenet,Garr200404-r2,Garr200404,trajectory,B1,22,18.99270224054063,0.4748175560135158,optimal,3.036693300004117,33785,60165,221424
rescuenet,Garr200404-r2,Garr200404,trajectory,B1,23,17.360013695562998,0.4340003423890749,optimal,3.36507832800271,33785,60165,221424
rescuenet,Garr200404-r2,Garr200404,trajectory,B1,24,16.614480575234843,0.41536201438087106,optimal,2.9784320239996305,33785,60165,221424
rescuenet,Garr200404-r2,Garr200404,trajectory,B1,25,17.743155184172586,0.44357887960431464,optimal,3.1639613679944887,33785,60165,221424
rescuenet,Garr200404-r2,Garr200404,trajectory,B1,26,20.018439608984043,0.5004609902246011,optimal,3.4423807919956744,33785,60165,221424
rescuenet,Garr200404-r2,Garr200404,trajectory,B1,27,17.941483924967184,0.4485370981241796,optimal,2.8507643379998626,33785,60165,221424
rescuenet,Garr200404-r2,Garr200404,trajectory,B1,28,18.813412284502913,0.4703353071125728,optimal,2.761846126995806,33785,60165,221424
rescuenet,Garr200404-r2,Garr200404,trajectory,B1,29,17.74575543820001,0.44364388595500026,optimal,2.930385141997249,33785,60165,221424
rescuenet,Garr200404-r2,Garr200404,trajectory,B2,0,20.105659799476207,0.5026414949869051,optimal,2.7731381810008315,33785,60165,221424
rescuenet,Garr200404-r2,Garr200404,trajectory,B2,1,21.67267529406261,0.5418168823515652,optimal,2.7540614859972266,33785,60165,221424
rescuenet,Garr200404-r2,Garr200404,trajectory,B2,2,17.98901359608662,0.44972533990216557,optimal,3.1412542719990597,33785,60165,221424
rescuenet,Garr200404-r2,Garr200404,trajectory,B2,3,21.899842778422965,0.5474960694605742,optimal,3.5458072979963617,33785,60165,221424
rescuenet,Garr200404-r2,Garr200404,trajectory,B2,4,20.931225931725216,0.5232806482931304,optimal,3.4905773249993217,33785,60165,221424
rescuenet,Garr200404-r2,Garr200404,trajectory,B2,5,21.67649300599042,0.5419123251497605,optimal,3.12607640799979,33785,60165,221424
rescuenet,Garr200404-r2,Garr200404,trajectory,B2,6,20.41384525890075,0.5103461314725187,optimal,3.0065381759995944,33785,60165,221424
rescuenet,Garr200404-r2,Garr200404,trajectory,B2,7,19.81796749050161,0.4954491872625402,optimal,2.7038906590023544,33785,60165,221424
rescuenet,Garr200404-r2,Garr200404,trajectory,B2,8,21.811603847323394,0.5452900961830849,optimal,2.7197260439934325,33785,60165,221424
rescuenet,Garr200404-r2,Garr200404,trajectory,B2,9,20.469499168088767,0.5117374792022191,optimal,3.1236772760021267,33785,60165,221424
rescuenet,Garr200404-r2,Garr200404,trajectory,B2,10,20.22554631495896,0.505638657873974,optimal,2.6491994190000696,33785,60165,221424
rescuenet,Garr200404-r2,Garr200404,trajectory,B2,11,20.41145936495173,0.5102864841237933,optimal,2.9303219720022753,33785,60165,221424
rescuenet,Garr200404-r2,Garr200404,trajectory,B2,12,22.043568352665442,0.551089208816636,optimal,3.2622565500059864,33785,60165,221424
rescuenet,Garr200404-r2,Garr200404,trajectory,B2,13,21.690594033677872,0.5422648508419468,optimal,2.8668120189977344,33785,60165,221424
rescuenet,Garr200404-r2,Garr200404,trajectory,B2,14,19.924992262446768,0.4981248065611692,optimal,2.919014718994731,33785,60165,221424
rescuenet,Garr200404-r2,Garr200404,trajectory,B2,15,19.940442136422806,0.49851105341057017,optimal,2.721102821000386,33785,60165,221424
rescuenet,Garr200404-r2,Garr200404,trajectory,B2,16,20.257181451837543,0.5064295362959386,optimal,2.87459292600397,33785,60165,221424
rescuenet,Garr200404-r2,Garr200404,trajectory,B2,17,22.631357133639717,0.5657839283409929,optimal,3.345888740994269,33785,60165,221424
rescuenet,Garr200404-r2,Garr200404,trajectory,B2,18,21.26030912211966,0.5315077280529915,optimal,2.8889555650021066,33785,60165,221424
rescuenet,Garr200404-r2,Garr200404,trajectory,B2,19,20.425190737371132,0.5106297684342783,optimal,2.8940676109996275,33785,60165,221424
rescuenet,Garr200404-r2,Garr200404,trajectory,B2,20,20.273312878996755,0.5068328219749189,optimal,2.9895443900022656,33785,60165,221424
rescuenet,Garr200404-r2,Garr200404,trajectory,B2,21,20.624262857131907,0.5156065714282977,optimal,2.7626631150051253,33785,60165,221424
rescuenet,Garr200404-r2,Garr200404,trajectory,B2,22,21.23973056822229,0.5309932642055573,optimal,3.20618821199605,33785,60165,221424
rescuenet,Garr200404-r2,Garr200404,trajectory,B2,23,19.279776838864727,0.48199442097161815,optimal,3.033056560001569,33785,60165,221424
rescuenet,Garr200404-r2,Garr200404,trajectory,B2,24,18.81285838946275,0.47032145973656875,optimal,2.4922597799959476,33785,60165,221424
rescuenet,Garr200404-r2,Garr200404,trajectory,B2,25,21.310560160945005,0.5327640040236251,optimal,3.4928729949970148,33785,60165,221424
rescuenet,Garr200404-r2,Garr200404,trajectory,B2,26,20.81872569706162,0.5204681424265405,optimal,3.019051079005294,33785,60165,221424
rescuenet,Garr200404-r2,Garr200404,trajectory,B2,27,19.30765276048253,0.48269131901206325,optimal,2.855402375003905,33785,60165,221424
rescuenet,Garr200404-r2,Garr200404,trajectory,B2,28,20.07440870712873,0.5018602176782182,optimal,2.8012266110017663,33785,60165,221424
rescuenet,Garr200404-r2,Garr200404,trajectory,B2,29,20.244398093202623,0.5061099523300656,optimal,3.1872584800003096,33785,60165,221424
rescuenet,Garr200404-r2,Garr200404,trajectory,P,0,21.074573951865617,0.5268643487966405,optimal,3.0582714339980157,33785,60165,221424
rescuenet,Garr200404-r2,Garr200404,trajectory,P,1,21.81822232252634,0.5454555580631585,optimal,2.9321027219993994,33785,60165,221424
rescuenet,Garr200404-r2,Garr200404,trajectory,P,2,18.550740345687927,0.4637685086421982,optimal,2.5466825349940336,33785,60165,221424
rescuenet,Garr200404-r2,Garr200404,trajectory,P,3,20.90840675459827,0.5227101688649568,optimal,3.0163656229997287,33785,60165,221424
rescuenet,Garr200404-r2,Garr200404,trajectory,P,4,20.891360939401,0.522284023485025,optimal,2.5748623429972213,33785,60165,221424
rescuenet,Garr200404-r2,Garr200404,trajectory,P,5,21.85338290832091,0.5463345727080228,optimal,3.00401018300181,33785,60165,221424
rescuenet,Garr200404-r2,Garr200404,trajectory,P,6,20.162595730355385,0.5040648932588846,optimal,2.8749234070055536,33785,60165,221424
rescuenet,Garr200404-r2,Garr200404,trajectory,P,7,19.786058043399464,0.4946514510849866,optimal,2.836459666999872,33785,60165,221424
rescuenet,Garr200404-r2,Garr200404,trajectory,P,8,22.446306960741175,0.5611576740185293,optimal,2.566634892995353,33785,60165,221424
rescuenet,Garr200404-r2,Garr200404,trajectory,P,9,20.561538994363044,0.5140384748590761,optimal,3.106065825006226,33785,60165,221424
rescuenet,Garr200404-r2,Garr200404,trajectory,P,10,21.297620647965037,0.5324405161991259,optimal,2.9239916609949432,33785,60165,221424
rescuenet,Garr200404-r2,Garr200404,trajectory,P,11,20.241235342687112,0.5060308835671778,optimal,2.9083306870015804,33785,60165,221424
rescuenet,Garr200404-r2,Garr200404,trajectory,P,12,22.248333752800356,0.5562083438200089,optimal,2.8998946380015695,33785,60165,221424
rescuenet,Garr200404-r2,Garr200404,trajectory,P,13,21.462790280626212,0.5365697570156553,optimal,3.1577068859987776,33785,60165,221424
rescuenet,Garr200404-r2,Garr200404,trajectory,P,14,19.619035982557776,0.4904758995639444,optimal,3.305543451999256,33785,60165,221424
rescuenet,Garr200404-r2,Garr200404,trajectory,P,15,20.1079533134072,0.50269883283518,optimal,3.3146616599988192,33785,60165,221424
rescuenet,Garr200404-r2,Garr200404,trajectory,P,16,20.730714925607494,0.5182678731401873,optimal,3.737144555998384,33785,60165,221424
rescuenet,Garr200404-r2,Garr200404,trajectory,P,17,23.12736847642709,0.5781842119106773,optimal,4.630940401999396,33785,60165,221424
rescuenet,Garr200404-r2,Garr200404,trajectory,P,18,21.00304562798331,0.5250761406995827,optimal,3.335002402003738,33785,60165,221424
rescuenet,Garr200404-r2,Garr200404,trajectory,P,19,20.967205407977268,0.5241801351994317,optimal,3.3945701089978684,33785,60165,221424
rescuenet,Garr200404-r2,Garr200404,trajectory,P,20,21.40447381879244,0.5351118454698109,optimal,3.3900168519976432,33785,60165,221424
rescuenet,Garr200404-r2,Garr200404,trajectory,P,21,20.960123676327402,0.5240030919081851,optimal,3.1137320620036917,33785,60165,221424
rescuenet,Garr200404-r2,Garr200404,trajectory,P,22,20.674331940935357,0.5168582985233839,optimal,3.2228867229932803,33785,60165,221424
rescuenet,Garr200404-r2,Garr200404,trajectory,P,23,19.368940122288194,0.48422350305720485,optimal,3.1049279349972494,33785,60165,221424
rescuenet,Garr200404-r2,Garr200404,trajectory,P,24,19.301825569670513,0.4825456392417628,optimal,2.603934498001763,33785,60165,221424
rescuenet,Garr200404-r2,Garr200404,trajectory,P,25,22.398605467007418,0.5599651366751854,optimal,3.1663366529974155,33785,60165,221424
rescuenet,Garr200404-r2,Garr200404,trajectory,P,26,21.170645937946464,0.5292661484486616,optimal,3.024551349997637,33785,60165,221424
rescuenet,Garr200404-r2,Garr200404,trajectory,P,27,20.314891097884235,0.5078722774471058,optimal,2.9064809780029464,33785,60165,221424
rescuenet,Garr200404-r2,Garr200404,trajectory,P,28,19.99762288759793,0.49994057218994825,optimal,2.9914796270022634,33785,60165,221424
rescuenet,Garr200404-r2,Garr200404,trajectory,P,29,21.272669260550447,0.5318167315137612,optimal,3.2942395619975287,33785,60165,221424
rescuenet,Garr200404-r2,Garr200404,trajectory,TRAN,0,22.97755579080707,0.5744388947701767,optimal,1.8327382679999573,33785,60165,221424
rescuenet,Garr200404-r2,Garr200404,trajectory,TRAN,1,24.60147763053667,0.6150369407634168,optimal,1.9784275019992492,33785,60165,221424
rescuenet,Garr200404-r2,Garr200404,trajectory,TRAN,2,24.174996420080976,0.6043749105020244,optimal,1.8874799499972141,33785,60165,221424
rescuenet,Garr200404-r2,Garr200404,trajectory,TRAN,3,24.255848723681666,0.6063962180920417,optimal,1.8057115120027447,33785,60165,221424
rescuenet,Garr200404-r2,Garr200404,trajectory,TRAN,4,24.119182020777373,0.6029795505194343,optimal,1.8270232429931639,33785,60165,221424
rescuenet,Garr200404-r2,Garr200404,trajectory,TRAN,5,24.712674308511442,0.617816857712786,optimal,1.7969387780030956,33785,60165,221424
rescuenet,Garr200404-r2,Garr200404,trajectory,TRAN,6,23.17135689601798,0.5792839224004495,optimal,1.410256383001979,33785,60165,221424
rescuenet,Garr200404-r2,Garr200404,trajectory,TRAN,7,24.236429716839716,0.6059107429209929,optimal,1.673153262003325,33785,60165,221424
rescuenet,Garr200404-r2,Garr200404,trajectory,TRAN,8,24.466907963344603,0.6116726990836151,optimal,1.5220967689965619,33785,60165,221424
rescuenet,Garr200404-r2,Garr200404,trajectory,TRAN,9,23.933132408369204,0.59832831020923,optimal,1.4483220879992587,33785,60165,221424
rescuenet,Garr200404-r2,Garr200404,trajectory,TRAN,10,23.763515037979513,0.5940878759494879,optimal,1.7185640640018391,33785,60165,221424
rescuenet,Garr200404-r2,Garr200404,trajectory,TRAN,11,23.589237990297,0.589730949757425,optimal,1.7868272679988877,33785,60165,221424
rescuenet,Garr200404-r2,Garr200404,trajectory,TRAN,12,25.103001384003537,0.6275750346000885,optimal,1.595749660002184,33785,60165,221424
rescuenet,Garr200404-r2,Garr200404,trajectory,TRAN,13,25.184076132299133,0.6296019033074783,optimal,1.4666312469998957,33785,60165,221424
rescuenet,Garr200404-r2,Garr200404,trajectory,TRAN,14,22.995857109911352,0.5748964277477838,optimal,1.4905133389984258,33785,60165,221424
rescuenet,Garr200404-r2,Garr200404,trajectory,TRAN,15,23.47946423314109,0.5869866058285272,optimal,1.5302946660012822,33785,60165,221424
rescuenet,Garr200404-r2,Garr200404,trajectory,TRAN,16,23.44645918836674,0.5861614797091685,optimal,1.3658459440048318,33785,60165,221424
rescuenet,Garr200404-r2,Garr200404,trajectory,TRAN,17,24.309206332947863,0.6077301583236966,optimal,1.3168824259992107,33785,60165,221424
rescuenet,Garr200404-r2,Garr200404,trajectory,TRAN,18,24.060055197590216,0.6015013799397554,optimal,1.1896600159961963,33785,60165,221424
rescuenet,Garr200404-r2,Garr200404,trajectory,TRAN,19,23.070231948670155,0.5767557987167539,optimal,1.1971723169990582,33785,60165,221424
rescuenet,Garr200404-r2,Garr200404,trajectory,TRAN,20,24.208891241632433,0.6052222810408108,optimal,1.4802872389991535,33785,60165,221424
rescuenet,Garr200404-r2,Garr200404,trajectory,TRAN,21,23.96206349539128,0.599051587384782,optimal,1.296063409994531,33785,60165,221424
rescuenet,Garr200404-r2,Garr200404,trajectory,TRAN,22,25.400476372399826,0.6350119093099956,optimal,1.3836047489967314,33785,60165,221424
rescuenet,Garr200404-r2,Garr200404,trajectory,TRAN,23,24.224341834292982,0.6056085458573246,optimal,1.204497110004013,33785,60165,221424
rescuenet,Garr200404-r2,Garr200404,trajectory,TRAN,24,23.42445525727921,0.5856113814319802,optimal,1.2690476019997732,33785,60165,221424
rescuenet,Garr200404-r2,Garr200404,trajectory,TRAN,25,24.617801287137684,0.6154450321784422,optimal,1.3751568849984324,33785,60165,221424
rescuenet,Garr200404-r2,Garr200404,trajectory,TRAN,26,23.859686146141467,0.5964921536535367,optimal,1.2368293740000809,33785,60165,221424
rescuenet,Garr200404-r2,Garr200404,trajectory,TRAN,27,23.676997157950243,0.591924928948756,optimal,1.2110501729985117,33785,60165,221424
rescuenet,Garr200404-r2,Garr200404,trajectory,TRAN,28,23.90989332422787,0.5977473331056967,optimal,1.2711245140017127,33785,60165,221424
rescuenet,Garr200404-r2,Garr200404,trajectory,TRAN,29,24.850060631077735,0.6212515157769434,optimal,1.2728910189980525,33785,60165,221424
rescuenet,Marwan-r0,Marwan,ground_only,,0,6.358613069134987,0.15896532672837466,optimal,0.03432329699717229,780,2952,6597
rescuenet,Marwan-r0,Marwan,ground_only,,1,6.358613069134987,0.15896532672837466,optimal,0.03403473400248913,780,2952,6597
rescuenet,Marwan-r0,Marwan,ground_only,,2,6.358613069134987,0.15896532672837466,optimal,0.03535618699970655,780,2952,6597
rescuenet,Marwan-r0,Marwan,ground_only,,3,6.358613069134987,0.15896532672837466,optimal,0.034195975997135974,780,2952,6597
rescuenet,Marwan-r0,Marwan,ground_only,,4,6.358613069134987,0.15896532672837466,optimal,0.03292771300039021,780,2952,6597
rescuenet,Marwan-r0,Marwan,ground_only,,5,6.358613069134987,0.15896532672837466,optimal,0.03243886699783616,780,2952,6597
rescuenet,Marwan-r0,Marwan,ground_only,,6,6.358613069134987,0.15896532672837466,optimal,0.03218142800324131,780,2952,6597
rescuenet,Marwan-r0,Marwan,ground_only,,7,6.358613069134987,0.15896532672837466,optimal,0.033916726999450475,780,2952,6597
rescuenet,Marwan-r0,Marwan,ground_only,,8,6.358613069134987,0.15896532672837466,optimal,0.03428698400239227,780,2952,6597
rescuenet,Marwan-r0,Marwan,ground_only,,9,6.358613069134987,0.15896532672837466,optimal,0.035088644006464165,780,2952,6597
rescuenet,Marwan-r0,Marwan,ground_only,,10,6.358613069134987,0.15896532672837466,optimal,0.036512226004560944,780,2952,6597
rescuenet,Marwan-r0,Marwan,ground_only,,11,6.358613069134987,0.15896532672837466,optimal,0.0324068910049391,780,2952,6597
rescuenet,Marwan-r0,Marwan,ground_only,,12,6.358613069134987,0.15896532672837466,optimal,0.03808669499994721,780,2952,6597
rescuenet,Marwan-r0,Marwan,ground_only,,13,6.358613069134987,0.15896532672837466,optimal,0.03443537499697413,780,2952,6597
rescuenet,Marwan-r0,Marwan,ground_only,,14,6.358613069134987,0.15896532672837466,optimal,0.03556574699905468,780,2952,6597
rescuenet,Marwan-r0,Marwan,ground_only,,15,6.358613069134987,0.15896532672837466,optimal,0.03774548500223318,780,2952,6597
rescuenet,Marwan-r0,Marwan,ground_only,,16,6.358613069134987,0.15896532672837466,optimal,0.0376849019958172,780,2952,6597
rescuenet,Marwan-r0,Marwan,ground_only,,17,6.358613069134987,0.15896532672837466,optimal,0.03335692400287371,780,2952,6597
rescuenet,Marwan-r0,Marwan,ground_only,,18,6.358613069134987,0.15896532672837466,optimal,0.03545688799931668,780,2952,6597
rescuenet,Marwan-r0,Marwan,ground_only,,19,6.358613069134987,0.15896532672837466,optimal,0.034241952998854686,780,2952,6597
rescuenet,Marwan-r0,Marwan,ground_only,,20,6.358613069134987,0.15896532672837466,optimal,0.036006501999509055,780,2952,6597
rescuenet,Marwan-r0,Marwan,ground_only,,21,6.358613069134987,0.15896532672837466,optimal,0.046803017998172436,780,2952,6597
rescuenet,Marwan-r0,Marwan,ground_only,,22,6.358613069134987,0.15896532672837466,optimal,0.05619975699664792,780,2952,6597
rescuenet,Marwan-r0,Marwan,ground_only,,23,6.358613069134987,0.15896532672837466,optimal,0.02768942499824334,780,2952,6597
rescuenet,Marwan-r0,Marwan,ground_only,,24,6.358613069134987,0.15896532672837466,optimal,0.0289539049990708,780,2952,6597
rescuenet,Marwan-r0,Marwan,ground_only,,25,6.358613069134987,0.15896532672837466,optimal,0.029873359002522193,780,2952,6597
rescuenet,Marwan-r0,Marwan,ground_only,,26,6.358613069134987,0.15896532672837466,optimal,0.02800646799732931,780,2952,6597
rescuenet,Marwan-r0,Marwan,ground_only,,27,6.358613069134987,0.15896532672837466,optimal,0.029694732002099045,780,2952,6597
rescuenet,Marwan-r0,Marwan,ground_only,,28,6.358613069134987,0.15896532672837466,optimal,0.03291464799985988,780,2952,6597
rescuenet,Marwan-r0,Marwan,ground_only,,29,6.358613069134987,0.15896532672837466,optimal,0.02960704800352687,780,2952,6597
rescuenet,Marwan-r0,Marwan,trajectory,B1,0,10.730834853220626,0.26827087133051564,optimal,0.44479223099915544,8540,24501,72773
rescuenet,Marwan-r0,Marwan,trajectory,B1,1,14.391305378874103,0.35978263447185255,optimal,0.5165724379985477,8540,24501,72773
rescuenet,Marwan-r0,Marwan,trajectory,B1,2,16.352841966131532,0.4088210491532883,optimal,0.4556042830008664,8540,24501,72773
rescuenet,Marwan-r0,Marwan,trajectory,B1,3,14.700165118973223,0.3675041279743306,optimal,0.5847439959979965,8540,24501,72773
rescuenet,Marwan-r0,Marwan,trajectory,B1,4,13.380477286573381,0.3345119321643345,optimal,0.4786768000049051,8540,24501,72773
rescuenet,Marwan-r0,Marwan,trajectory,B1,5,15.433760001994987,0.3858440000498747,optimal,0.48560149900004035,8540,24501,72773
rescuenet,Marwan-r0,Marwan,trajectory,B1,6,15.15164309355554,0.3787910773388885,optimal,0.4913762340001995,8540,24501,72773
rescuenet,Marwan-r0,Marwan,trajectory,B1,7,14.39607969047352,0.359901992261838,optimal,0.5256515380024211,8540,24501,72773
rescuenet,Marwan-r0,Marwan,trajectory,B1,8,15.358615528628105,0.38396538821570264,optimal,0.5118121299965424,8540,24501,72773
rescuenet,Marwan-r0,Marwan,trajectory,B1,9,14.352592980260887,0.3588148245065222,optimal,0.5746490930032451,8540,24501,72773
rescuenet,Marwan-r0,Marwan,trajectory,B1,10,13.487373007705356,0.3371843251926339,optimal,0.44045720100257313,8540,24501,72773
rescuenet,Marwan-r0,Marwan,trajectory,B1,11,13.313455304589374,0.33283638261473436,optimal,0.4717454679994262,8540,24501,72773
rescuenet,Marwan-r0,Marwan,trajectory,B1,12,15.053115744153192,0.3763278936038298,optimal,0.551074910996249,8540,24501,72773
rescuenet,Marwan-r0,Marwan,trajectory,B1,13,13.641683812621995,0.34104209531554985,optimal,0.5660936019994551,8540,24501,72773
rescuenet,Marwan-r0,Marwan,trajectory,B1,14,11.914321164265267,0.29785802910663167,optimal,0.5484376620006515,8540,24501,72773
rescuenet,Marwan-r0,Marwan,trajectory,B1,15,15.510137711580033,0.3877534427895008,optimal,0.5404524789992138,8540,24501,72773
rescuenet,Marwan-r0,Marwan,trajectory,B1,16,16.8461526546979,0.4211538163674475,optimal,0.5719976859982125,8540,24501,72773
rescuenet,Marwan-r0,Marwan,trajectory,B1,17,14.909627097294536,0.3727406774323634,optimal,0.47397073899628595,8540,24501,72773
rescuenet,Marwan-r0,Marwan,trajectory,B1,18,14.843792319766656,0.3710948079941664,optimal,0.4266186180029763,8540,24501,72773
rescuenet,Marwan-r0,Marwan,trajectory,B1,19,14.375229856644705,0.3593807464161176,optimal,0.3984743740002159,8540,24501,72773
rescuenet,Marwan-r0,Marwan,trajectory,B1,20,15.751109055835569,0.3937777263958892,optimal,0.432636334997369,8540,24501,72773
rescuenet,Marwan-r0,Marwan,trajectory,B1,21,13.811396652540772,0.3452849163135193,optimal,0.4312984790012706,8540,24501,72773
rescuenet,Marwan-r0,Marwan,trajectory,B1,22,12.751732790780512,0.3187933197695128,optimal,0.4034996369955479,8540,24501,72773
rescuenet,Marwan-r0,Marwan,trajectory,B1,23,14.97094291681134,0.3742735729202835,optimal,0.42212620800273726,8540,24501,72773
rescuenet,Marwan-r0,Marwan,trajectory,B1,24,15.189996412066714,0.3797499103016678,optimal,0.4461338920009439,8540,24501,72773
rescuenet,Marwan-r0,Marwan,trajectory,B1,25,14.622998881458466,0.36557497203646167,optimal,0.4226447730034124,8540,24501,72773
rescuenet,Marwan-r0,Marwan,trajectory,B1,26,15.45350460911432,0.38633761522785803,optimal,0.39418411400401965,8540,24501,72773
rescuenet,Marwan-r0,Marwan,trajectory,B1,27,13.147655952717194,0.32869139881792986,optimal,0.41469325400248636,8540,24501,72773
rescuenet,Marwan-r0,Marwan,trajectory,B1,28,14.45787748084942,0.36144693702123554,optimal,0.39928955399955157,8540,24501,72773
rescuenet,Marwan-r0,Marwan,trajectory,B1,29,12.650102428265273,0.3162525607066318,optimal,0.38209463699604385,8540,24501,72773
rescuenet,Marwan-r0,Marwan,trajectory,B2,0,28.074807178030174,0.7018701794507544,optimal,0.6369648250038153,8540,24501,72773
rescuenet,Marwan-r0,Marwan,trajectory,B2,1,26.98003694778731,0.6745009236946827,optimal,0.6243036070009111,8540,24501,72773
rescuenet,Marwan-r0,Marwan,trajectory,B2,2,28.43473217120669,0.7108683042801672,optimal,0.5747936619954999,8540,24501,72773
rescuenet,Marwan-r0,Marwan,trajectory,B2,3,25.817281527599167,0.6454320381899792,optimal,0.5569039299953147,8540,24501,72773
rescuenet,Marwan-r0,Marwan,trajectory,B2,4,26.88800273614365,0.6722000684035913,optimal,0.558580869997968,8540,24501,72773
rescuenet,Marwan-r0,Marwan,trajectory,B2,5,26.255920674437963,0.6563980168609491,optimal,0.6431401250010822,8540,24501,72773
rescuenet,Marwan-r0,Marwan,trajectory,B2,6,27.494197913591698,0.6873549478397925,optimal,0.6509226540001691,8540,24501,72773
rescuenet,Marwan-r0,Marwan,trajectory,B2,7,27.756203390612598,0.693905084765315,optimal,0.7494878489960684,8540,24501,72773
rescuenet,Marwan-r0,Marwan,trajectory,B2,8,25.84619779086181,0.6461549447715453,optimal,0.7766887219986529,8540,24501,72773
rescuenet,Marwan-r0,Marwan,trajectory,B2,9,27.188034233075633,0.6797008558268909,optimal,0.7122333939987584,8540,24501,72773
rescuenet,Marwan-r0,Marwan,trajectory,B2,10,25.656532908750606,0.6414133227187652,optimal,0.6923215520000667,8540,24501,72773
rescuenet,Marwan-r0,Marwan,trajectory,B2,11,27.091295305308233,0.6772823826327058,optimal,0.7176118080024025,8540,24501,72773
rescuenet,Marwan-r0,Marwan,trajectory,B2,12,26.520886303318537,0.6630221575829635,optimal,0.7631304479946266,8540,24501,72773
rescuenet,Marwan-r0,Marwan,trajectory,B2,13,26.113083242736504,0.6528270810684126,optimal,0.7277395559940487,8540,24501,72773
rescuenet,Marwan-r0,Marwan,trajectory,B2,14,27.315425735648013,0.6828856433912003,optimal,0.7182891039992683,8540,24501,72773
rescuenet,Marwan-r0,Marwan,trajectory,B2,15,27.3614344737463,0.6840358618436575,optimal,0.6642503930052044,8540,24501,72773
rescuenet,Marwan-r0,Marwan,trajectory,B2,16,28.094734880734578,0.7023683720183644,optimal,0.6905142239993438,8540,24501,72773
rescuenet,Marwan-r0,Marwan,trajectory,B2,17,27.882510074505888,0.6970627518626472,optimal,0.6572601340012625,8540,24501,72773
rescuenet,Marwan-r0,Marwan,trajectory,B2,18,27.242047133864535,0.6810511783466133,optimal,0.6147687080010655,8540,24501,72773
rescuenet,Marwan-r0,Marwan,trajectory,B2,19,26.89808579240681,0.6724521448101702,optimal,0.625623285995971,8540,24501,72773
rescuenet,Marwan-r0,Marwan,trajectory,B2,20,28.024897643390087,0.7006224410847521,optimal,0.5856774610001594,8540,24501,72773
rescuenet,Marwan-r0,Marwan,trajectory,B2,21,28.132650863765708,0.7033162715941427,optimal,0.5529017939988989,8540,24501,72773
rescuenet,Marwan-r0,Marwan,trajectory,B2,22,27.243143007542795,0.6810785751885698,optimal,0.5634493370016571,8540,24501,72773
rescuenet,Marwan-r0,Marwan,trajectory,B2,23,27.59183341127304,0.689795835281826,optimal,0.5983287630006089,8540,24501,72773
rescuenet,Marwan-r0,Marwan,trajectory,B2,24,27.040534358862544,0.6760133589715636,optimal,0.560789727998781,8540,24501,72773
rescuenet,Marwan-r0,Marwan,trajectory,B2,25,28.308294762787057,0.7077073690696765,optimal,0.5832729540052242,8540,24501,72773
rescuenet,Marwan-r0,Marwan,trajectory,B2,26,26.605636255407646,0.6651409063851912,optimal,0.5943581219980842,8540,24501,72773
rescuenet,Marwan-r0,Marwan,trajectory,B2,27,25.246354365149763,0.631158859128744,optimal,0.5920984740005224,8540,24501,72773
rescuenet,Marwan-r0,Marwan,trajectory,B2,28,27.338847254533835,0.6834711813633458,optimal,0.5833296190030524,8540,24501,72773
rescuenet,Marwan-r0,Marwan,trajectory,B2,29,28.449214294696713,0.7112303573674178,optimal,0.6130060719951871,8540,24501,72773
rescuenet,Marwan-r0,Marwan,trajectory,P,0,29.37527260458615,0.7343818151146537,optimal,0.6209039649984334,8540,24501,72773
rescuenet,Marwan-r0,Marwan,trajectory,P,1,27.442193164818466,0.6860548291204617,optimal,0.6137531959975604,8540,24501,72773
rescuenet,Marwan-r0,Marwan,trajectory,P,2,29.131602993743858,0.7282900748435964,optimal,0.5674392290020478,8540,24501,72773
rescuenet,Marwan-r0,Marwan,trajectory,P,3,26.803404745999625,0.6700851186499907,optimal,0.5694046060016262,8540,24501,72773
rescuenet,Marwan-r0,Marwan,trajectory,P,4,27.81175468115541,0.6952938670288853,optimal,0.6459042839996982,8540,24501,72773
rescuenet,Marwan-r0,Marwan,trajectory,P,5,27.75589103834501,0.6938972759586253,optimal,0.5299764430019422,8540,24501,72773
rescuenet,Marwan-r0,Marwan,trajectory,P,6,28.208489966075067,0.7052122491518766,optimal,0.5620313420004095,8540,24501,72773
rescuenet,Marwan-r0,Marwan,trajectory,P,7,28.038039032525035,0.7009509758131258,optimal,0.58863141600159,8540,24501,72773
rescuenet,Marwan-r0,Marwan,trajectory,P,8,25.881062897928583,0.6470265724482146,optimal,0.6773868919990491,8540,24501,72773
rescuenet,Marwan-r0,Marwan,trajectory,P,9,28.151062773655706,0.7037765693413927,optimal,0.6786620730053983,8540,24501,72773
rescuenet,Marwan-r0,Marwan,trajectory,P,10,25.648900124082324,0.6412225031020581,optimal,0.7044485899969004,8540,24501,72773
rescuenet,Marwan-r0,Marwan,trajectory,P,11,27.057212779826997,0.6764303194956749,optimal,0.6580897059975541,8540,24501,72773
rescuenet,Marwan-r0,Marwan,trajectory,P,12,25.53890587224408,0.6384726468061019,optimal,0.5853447600020445,8540,24501,72773
rescuenet,Marwan-r0,Marwan,trajectory,P,13,27.70515628811699,0.6926289072029247,optimal,0.6372440140039544,8540,24501,72773
rescuenet,Marwan-r0,Marwan,trajectory,P,14,27.231035395936058,0.6807758848984015,optimal,0.579246133005654,8540,24501,72773
rescuenet,Marwan-r0,Marwan,trajectory,P,15,28.156424641141676,0.7039106160285419,optimal,0.6510804540012032,8540,24501,72773
rescuenet,Marwan-r0,Marwan,trajectory,P,16,27.416883516933588,0.6854220879233397,optimal,0.644595000994741,8540,24501,72773
rescuenet,Marwan-r0,Marwan,trajectory,P,17,28.70908848822825,0.7177272122057062,optimal,0.6304469850001624,8540,24501,72773
rescuenet,Marwan-r0,Marwan,trajectory,P,18,27.44547474028685,0.6861368685071713,optimal,0.6334523210025509,8540,24501,72773
rescuenet,Marwan-r0,Marwan,trajectory,P,19,26.991460367339226,0.6747865091834806,optimal,0.5730827229999704,8540,24501,72773
rescuenet,Marwan-r0,Marwan,trajectory,P,20,28.82414530508031,0.7206036326270078,optimal,0.6909899299935205,8540,24501,72773
rescuenet,Marwan-r0,Marwan,trajectory,P,21,29.169663013544675,0.7292415753386169,optimal,0.5584443189945887,8540,24501,72773
rescuenet,Marwan-r0,Marwan,trajectory,P,22,27.290798337484066,0.6822699584371017,optimal,0.6429134499994689,8540,24501,72773
rescuenet,Marwan-r0,Marwan,trajectory,P,23,25.931138732910224,0.6482784683227556,optimal,0.756675548000203,8540,24501,72773
rescuenet,Marwan-r0,Marwan,trajectory,P,24,27.367851695618054,0.6841962923904513,optimal,0.6718444189973525,8540,24501,72773
rescuenet,Marwan-r0,Marwan,trajectory,P,25,28.95923622506742,0.7239809056266855,optimal,0.5505941070005065,8540,24501,72773
rescuenet,Marwan-r0,Marwan,trajectory,P,26,28.07978281636117,0.7019945704090292,optimal,0.6329007640015334,8540,24501,72773
rescuenet,Marwan-r0,Marwan,trajectory,P,27,25.328016538443887,0.6332004134610971,optimal,0.5618144960026257,8540,24501,72773
rescuenet,Marwan-r0,Marwan,trajectory,P,28,28.048156235562608,0.7012039058890652,optimal,0.5901750980046927,8540,24501,72773
rescuenet,Marwan-r0,Marwan,trajectory,P,29,28.828868032445065,0.7207217008111266,optimal,0.649472381999658,8540,24501,72773
rescuenet,Marwan-r0,Marwan,trajectory,TRAN,0,28.16828747314091,0.7042071868285228,optimal,0.6214146610000171,8540,24501,72773
rescuenet,Marwan-r0,Marwan,trajectory,TRAN,1,28.231126983224094,0.7057781745806023,optimal,0.7124660330009647,8540,24501,72773
rescuenet,Marwan-r0,Marwan,trajectory,TRAN,2,29.21797474227893,0.7304493685569733,optimal,0.7526077950024046,8540,24501,72773
rescuenet,Marwan-r0,Marwan,trajectory,TRAN,3,27.611459286168888,0.6902864821542222,optimal,0.7373559150000801,8540,24501,72773
rescuenet,Marwan-r0,Marwan,trajectory,TRAN,4,29.154562265979667,0.7288640566494917,optimal,0.8349874869963969,8540,24501,72773
rescuenet,Marwan-r0,Marwan,trajectory,TRAN,5,27.979152610079467,0.6994788152519866,optimal,0.695795078005176,8540,24501,72773
rescuenet,Marwan-r0,Marwan,trajectory,TRAN,6,28.142599122870664,0.7035649780717665,optimal,0.6480278540038853,8540,24501,72773
rescuenet,Marwan-r0,Marwan,trajectory,TRAN,7,28.840401923987102,0.7210100480996775,optimal,0.5728260870018858,8540,24501,72773
rescuenet,Marwan-r0,Marwan,trajectory,TRAN,8,28.502919433711458,0.7125729858427865,optimal,0.59508138000092,8540,24501,72773
rescuenet,Marwan-r0,Marwan,trajectory,TRAN,9,26.716392293942363,0.6679098073485591,optimal,0.46491322099609533,8540,24501,72773
rescuenet,Marwan-r0,Marwan,trajectory,TRAN,10,26.14351065904053,0.6535877664760132,optimal,0.5412453250028193,8540,24501,72773
rescuenet,Marwan-r0,Marwan,trajectory,TRAN,11,26.369295162119737,0.6592323790529935,optimal,0.5160968150012195,8540,24501,72773
rescuenet,Marwan-r0,Marwan,trajectory,TRAN,12,29.292438026555462,0.7323109506638865,optimal,0.41586196899879724,8540,24501,72773
rescuenet,Marwan-r0,Marwan,trajectory,TRAN,13,29.427123446624677,0.7356780861656169,optimal,0.49187181599700125,8540,24501,72773
rescuenet,Marwan-r0,Marwan,trajectory,TRAN,14,28.37936727272129,0.7094841818180322,optimal,0.4302007650039741,8540,24501,72773
rescuenet,Marwan-r0,Marwan,trajectory,TRAN,15,29.574764838060144,0.7393691209515036,optimal,0.5852088769970578,8540,24501,72773
rescuenet,Marwan-r0,Marwan,trajectory,TRAN,16,29.29638961883103,0.7324097404707757,optimal,0.5740888190048281,8540,24501,72773
rescuenet,Marwan-r0,Marwan,trajectory,TRAN,17,29.726921704695688,0.7431730426173921,optimal,0.4124052629995276,8540,24501,72773
rescuenet,Marwan-r0,Marwan,trajectory,TRAN,18,29.94495667888373,0.7486239169720933,optimal,0.49499133799690753,8540,24501,72773
rescuenet,Marwan-r0,Marwan,trajectory,TRAN,19,27.95584832364283,0.6988962080910708,optimal,0.6152930819953326,8540,24501,72773
rescuenet,Marwan-r0,Marwan,trajectory,TRAN,20,27.674841848013735,0.6918710462003433,optimal,0.6499170910028624,8540,24501,72773
rescuenet,Marwan-r0,Marwan,trajectory,TRAN,21,29.971577989226333,0.7492894497306584,optimal,0.4137850080005592,8540,24501,72773
rescuenet,Marwan-r0,Marwan,trajectory,TRAN,22,28.068494649630125,0.7017123662407532,optimal,0.46099517100083176,8540,24501,72773
rescuenet,Marwan-r0,Marwan,trajectory,TRAN,23,26.739143522632716,0.668478588065818,optimal,0.4647713910017046,8540,24501,72773
rescuenet,Marwan-r0,Marwan,trajectory,TRAN,24,29.3183678398525,0.7329591959963124,optimal,0.4969351139952778,8540,24501,72773
rescuenet,Marwan-r0,Marwan,trajectory,TRAN,25,29.234823672081582,0.7308705918020395,optimal,0.5046061549946899,8540,24501,72773
rescuenet,Marwan-r0,Marwan,trajectory,TRAN,26,27.664402912703807,0.6916100728175951,optimal,0.42674523199821124,8540,24501,72773
rescuenet,Marwan-r0,Marwan,trajectory,TRAN,27,27.979589083611156,0.6994897270902789,optimal,0.46632402199611533,8540,24501,72773
rescuenet,Marwan-r0,Marwan,trajectory,TRAN,28,29.71255111523736,0.7428137778809341,optimal,0.4877164760036976,8540,24501,72773
rescuenet,Marwan-r0,Marwan,trajectory,TRAN,29,29.668431564213925,0.7417107891053482,optimal,0.42775023500144016,8540,24501,72773
rescuenet,Marwan-r1,Marwan,ground_only,,0,14.790672455861092,0.3697668113965273,optimal,0.10832370699790772,2599,7816,18557
rescuenet,Marwan-r1,Marwan,ground_only,,1,14.790672455861092,0.3697668113965273,optimal,0.11443775899533648,2599,7816,18557
rescuenet,Marwan-r1,Marwan,ground_only,,2,14.790672455861092,0.3697668113965273,optimal,0.10668210700532654,2599,7816,18557
rescuenet,Marwan-r1,Marwan,ground_only,,3,14.790672455861092,0.3697668113965273,optimal,0.10884831700241193,2599,7816,18557
rescuenet,Marwan-r1,Marwan,ground_only,,4,14.790672455861092,0.3697668113965273,optimal,0.11874798499775352,2599,7816,18557
rescuenet,Marwan-r1,Marwan,ground_only,,5,14.790672455861092,0.3697668113965273,optimal,0.11075941099988995,2599,7816,18557
rescuenet,Marwan-r1,Marwan,ground_only,,6,14.790672455861092,0.3697668113965273,optimal,0.11255868700391147,2599,7816,18557
rescuenet,Marwan-r1,Marwan,ground_only,,7,14.790672455861092,0.3697668113965273,optimal,0.11087745700206142,2599,7816,18557
rescuenet,Marwan-r1,Marwan,ground_only,,8,14.790672455861092,0.3697668113965273,optimal,0.10868711399962194,2599,7816,18557
rescuenet,Marwan-r1,Marwan,ground_only,,9,14.790672455861092,0.3697668113965273,optimal,0.10654937400249764,2599,7816,18557
rescuenet,Marwan-r1,Marwan,ground_only,,10,14.790672455861092,0.3697668113965273,optimal,0.1128177689970471,2599,7816,18557
rescuenet,Marwan-r1,Marwan,ground_only,,11,14.790672455861092,0.3697668113965273,optimal,0.10549168600118719,2599,7816,18557
rescuenet,Marwan-r1,Marwan,ground_only,,12,14.790672455861092,0.3697668113965273,optimal,0.10697111899935408,2599,7816,18557
rescuenet,Marwan-r1,Marwan,ground_only,,13,14.790672455861092,0.3697668113965273,optimal,0.11178021699743113,2599,7816,18557
rescuenet,Marwan-r1,Marwan,ground_only,,14,14.790672455861092,0.3697668113965273,optimal,0.10632762100431137,2599,7816,18557
rescuenet,Marwan-r1,Marwan,ground_only,,15,14.790672455861092,0.3697668113965273,optimal,0.10245113199925981,2599,7816,18557
rescuenet,Marwan-r1,Marwan,ground_only,,16,14.790672455861092,0.3697668113965273,optimal,0.1122097070037853,2599,7816,18557
rescuenet,Marwan-r1,Marwan,ground_only,,17,14.790672455861092,0.3697668113965273,optimal,0.10287439099920448,2599,7816,18557
rescuenet,Marwan-r1,Marwan,ground_only,,18,14.790672455861092,0.3697668113965273,optimal,0.10453088099893648,2599,7816,18557
rescuenet,Marwan-r1,Marwan,ground_only,,19,14.790672455861092,0.3697668113965273,optimal,0.11757427399425069,2599,7816,18557
rescuenet,Marwan-r1,Marwan,ground_only,,20,14.790672455861092,0.3697668113965273,optimal,0.10862395900039701,2599,7816,18557
rescuenet,Marwan-r1,Marwan,ground_only,,21,14.790672455861092,0.3697668113965273,optimal,0.10448053700383753,2599,7816,18557
rescuenet,Marwan-r1,Marwan,ground_only,,22,14.790672455861092,0.3697668113965273,optimal,0.10692042799928458,2599,7816,18557
rescuenet,Marwan-r1,Marwan,ground_only,,23,14.790672455861092,0.3697668113965273,optimal,0.10731602300074883,2599,7816,18557
rescuenet,Marwan-r1,Marwan,ground_only,,24,14.790672455861092,0.3697668113965273,optimal,0.11659041300299577,2599,7816,18557
rescuenet,Marwan-r1,Marwan,ground_only,,25,14.790672455861092,0.3697668113965273,optimal,0.11241797600087011,2599,7816,18557
rescuenet,Marwan-r1,Marwan,ground_only,,26,14.790672455861092,0.3697668113965273,optimal,0.16785637100110762,2599,7816,18557
rescuenet,Marwan-r1,Marwan,ground_only,,27,14.790672455861092,0.3697668113965273,optimal,0.11496572000032756,2599,7816,18557
rescuenet,Marwan-r1,Marwan,ground_only,,28,14.790672455861092,0.3697668113965273,optimal,0.10179674599930877,2599,7816,18557
rescuenet,Marwan-r1,Marwan,ground_only,,29,14.790672455861092,0.3697668113965273,optimal,0.10750753399770474,2599,7816,18557
rescuenet,Marwan-r1,Marwan,trajectory,B1,0,23.037081652498692,0.5759270413124673,optimal,1.0846532460054732,19537,39807,144787
rescuenet,Marwan-r1,Marwan,trajectory,B1,1,23.341875023540595,0.5835468755885149,optimal,1.0269487650002702,19537,39807,144787
rescuenet,Marwan-r1,Marwan,trajectory,B1,2,23.104805655536904,0.5776201413884225,optimal,1.0514626049989602,19537,39807,144787
rescuenet,Marwan-r1,Marwan,trajectory,B1,3,22.64051181816601,0.5660127954541503,optimal,0.9488526360000833,19537,39807,144787
rescuenet,Marwan-r1,Marwan,trajectory,B1,4,23.81113055045513,0.5952782637613783,optimal,1.0167443019963684,19537,39807,144787
rescuenet,Marwan-r1,Marwan,trajectory,B1,5,22.24007920694111,0.5560019801735278,optimal,1.0195635619966197,19537,39807,144787
rescuenet,Marwan-r1,Marwan,trajectory,B1,6,23.35946380155677,0.5839865950389193,optimal,1.0198723130015424,19537,39807,144787
rescuenet,Marwan-r1,Marwan,trajectory,B1,7,23.55607050941348,0.588901762735337,optimal,1.1032316649943823,19537,39807,144787
rescuenet,Marwan-r1,Marwan,trajectory,B1,8,22.45601838566454,0.5614004596416134,optimal,1.1014222070007236,19537,39807,144787
rescuenet,Marwan-r1,Marwan,trajectory,B1,9,22.214105341016936,0.5553526335254234,optimal,1.1665619129998959,19537,39807,144787
rescuenet,Marwan-r1,Marwan,trajectory,B1,10,21.197963707213876,0.529949092680347,optimal,1.0398466469996492,19537,39807,144787
rescuenet,Marwan-r1,Marwan,trajectory,B1,11,22.99701386935693,0.5749253467339233,optimal,0.9163227679964621,19537,39807,144787
rescuenet,Marwan-r1,Marwan,trajectory,B1,12,24.04342887916927,0.6010857219792317,optimal,1.1499243850048515,19537,39807,144787
rescuenet,Marwan-r1,Marwan,trajectory,B1,13,22.17219329649072,0.5543048324122679,optimal,1.0402532930020243,19537,39807,144787
rescuenet,Marwan-r1,Marwan,trajectory,B1,14,23.34900894030243,0.5837252235075607,optimal,1.430448493003496,19537,39807,144787
rescuenet,Marwan-r1,Marwan,trajectory,B1,15,23.22671423553654,0.5806678558884135,optimal,1.1496605060019647,19537,39807,144787
rescuenet,Marwan-r1,Marwan,trajectory,B1,16,24.299390791690165,0.6074847697922541,optimal,1.1011844050008222,19537,39807,144787
rescuenet,Marwan-r1,Marwan,trajectory,B1,17,21.295910431408252,0.5323977607852063,optimal,0.9983792279963382,19537,39807,144787
rescuenet,Marwan-r1,Marwan,trajectory,B1,18,23.31637260962165,0.5829093152405412,optimal,1.0426888539950596,19537,39807,144787
rescuenet,Marwan-r1,Marwan,trajectory,B1,19,22.86932254335286,0.5717330635838216,optimal,1.2189935190035612,19537,39807,144787
rescuenet,Marwan-r1,Marwan,trajectory,B1,20,21.437338950344845,0.5359334737586211,optimal,1.0499438230035594,19537,39807,144787
rescuenet,Marwan-r1,Marwan,trajectory,B1,21,22.79136087239909,0.5697840218099772,optimal,1.0519451910004136,19537,39807,144787
rescuenet,Marwan-r1,Marwan,trajectory,B1,22,24.140973865286647,0.6035243466321661,optimal,1.2646396130003268,19537,39807,144787
rescuenet,Marwan-r1,Marwan,trajectory,B1,23,22.587881382818086,0.5646970345704522,optimal,1.0803860099986196,19537,39807,144787
rescuenet,Marwan-r1,Marwan,trajectory,B1,24,23.178113845470378,0.5794528461367594,optimal,1.0431102520014974,19537,39807,144787
rescuenet,Marwan-r1,Marwan,trajectory,B1,25,23.24914766833197,0.5812286917082993,optimal,1.352017800003523,19537,39807,144787
rescuenet,Marwan-r1,Marwan,trajectory,B1,26,23.755374011532382,0.5938843502883095,optimal,1.0918799659993965,19537,39807,144787
rescuenet,Marwan-r1,Marwan,trajectory,B1,27,24.069119528087615,0.6017279882021904,optimal,1.123700561998703,19537,39807,144787
rescuenet,Marwan-r1,Marwan,trajectory,B1,28,23.893034714075824,0.5973258678518956,optimal,1.2733409720021882,19537,39807,144787
rescuenet,Marwan-r1,Marwan,trajectory,B1,29,23.534983659184107,0.5883745914796027,optimal,1.1513969149964396,19537,39807,144787
rescuenet,Marwan-r1,Marwan,trajectory,B2,0,22.922817109360057,0.5730704277340014,optimal,1.1368514620044152,19537,39807,144787
rescuenet,Marwan-r1,Marwan,trajectory,B2,1,23.97065855384338,0.5992664638460845,optimal,1.128701464003825,19537,39807,144787
rescuenet,Marwan-r1,Marwan,trajectory,B2,2,23.733933051321188,0.5933483262830297,optimal,1.1634814630015171,19537,39807,144787
rescuenet,Marwan-r1,Marwan,trajectory,B2,3,23.03049076866779,0.5757622692166947,optimal,1.0528788570009056,19537,39807,144787
rescuenet,Marwan-r1,Marwan,trajectory,B2,4,24.38488781001907,0.6096221952504768,optimal,1.0287726739989012,19537,39807,144787
rescuenet,Marwan-r1,Marwan,trajectory,B2,5,22.76469787047772,0.569117446761943,optimal,1.090347589997691,19537,39807,144787
rescuenet,Marwan-r1,Marwan,trajectory,B2,6,23.310754651584688,0.5827688662896172,optimal,1.0902149110042956,19537,39807,144787
rescuenet,Marwan-r1,Marwan,trajectory,B2,7,24.01336163364455,0.6003340408411137,optimal,1.097111119001056,19537,39807,144787
rescuenet,Marwan-r1,Marwan,trajectory,B2,8,22.89681404257389,0.5724203510643473,optimal,1.061067547998391,19537,39807,144787
rescuenet,Marwan-r1,Marwan,trajectory,B2,9,23.128473373772152,0.5782118343443038,optimal,1.1346332320026704,19537,39807,144787
rescuenet,Marwan-r1,Marwan,trajectory,B2,10,22.00745289228466,0.5501863223071165,optimal,1.0466563559966744,19537,39807,144787
rescuenet,Marwan-r1,Marwan,trajectory,B2,11,24.805596310288845,0.6201399077572212,optimal,1.085002578998683,19537,39807,144787
rescuenet,Marwan-r1,Marwan,trajectory,B2,12,24.33006940448445,0.6082517351121113,optimal,1.1144150070031174,19537,39807,144787
rescuenet,Marwan-r1,Marwan,trajectory,B2,13,22.606187939142988,0.5651546984785747,optimal,1.050541135999083,19537,39807,144787
rescuenet,Marwan-r1,Marwan,trajectory,B2,14,24.591356348227706,0.6147839087056927,optimal,1.0553812270009075,19537,39807,144787
rescuenet,Marwan-r1,Marwan,trajectory,B2,15,23.65654743959274,0.5914136859898185,optimal,1.0537385490024462,19537,39807,144787
rescuenet,Marwan-r1,Marwan,trajectory,B2,16,24.86335008193581,0.6215837520483952,optimal,0.8968549409983098,19537,39807,144787
rescuenet,Marwan-r1,Marwan,trajectory,B2,17,22.242165921554534,0.5560541480388633,optimal,0.8353382950008381,19537,39807,144787
rescuenet,Marwan-r1,Marwan,trajectory,B2,18,23.634377023633924,0.5908594255908481,optimal,0.7723882580030477,19537,39807,144787
rescuenet,Marwan-r1,Marwan,trajectory,B2,19,23.48093872615472,0.587023468153868,optimal,0.7732891690029646,19537,39807,144787
rescuenet,Marwan-r1,Marwan,trajectory,B2,20,22.049925319466574,0.5512481329866643,optimal,0.8828384220032603,19537,39807,144787
rescuenet,Marwan-r1,Marwan,trajectory,B2,21,24.272614472115073,0.6068153618028769,optimal,0.8804669999954058,19537,39807,144787
rescuenet,Marwan-r1,Marwan,trajectory,B2,22,24.502357164158486,0.6125589291039621,optimal,0.8921651700002258,19537,39807,144787
rescuenet,Marwan-r1,Marwan,trajectory,B2,23,23.032472336223275,0.5758118084055819,optimal,0.8889421370040509,19537,39807,144787
rescuenet,Marwan-r1,Marwan,trajectory,B2,24,24.440235830585372,0.6110058957646343,optimal,0.8278815090015996,19537,39807,144787
rescuenet,Marwan-r1,Marwan,trajectory,B2,25,24.25109874699487,0.6062774686748718,optimal,0.8815413980046287,19537,39807,144787
rescuenet,Marwan-r1,Marwan,trajectory,B2,26,23.101230006469926,0.5775307501617482,optimal,0.8757835770011297,19537,39807,144787
rescuenet,Marwan-r1,Marwan,trajectory,B2,27,24.07156924612837,0.6017892311532093,optimal,0.8767798469998525,19537,39807,144787
rescuenet,Marwan-r1,Marwan,trajectory,B2,28,24.389980193966682,0.609749504849167,optimal,0.9147808620036812,19537,39807,144787
rescuenet,Marwan-r1,Marwan,trajectory,B2,29,24.141768310884704,0.6035442077721176,optimal,0.7746038580007735,19537,39807,144787
rescuenet,Marwan-r1,Marwan,trajectory,P,0,23.181518607970787,0.5795379651992697,optimal,0.9832991540024523,19537,39807,144787
rescuenet,Marwan-r1,Marwan,trajectory,P,1,24.133374822599162,0.6033343705649791,optimal,0.8130399040019256,19537,39807,144787
rescuenet,Marwan-r1,Marwan,trajectory,P,2,24.143862116281163,0.6035965529070291,optimal,0.8359331449973979,19537,39807,144787
rescuenet,Marwan-r1,Marwan,trajectory,P,3,23.93876554146663,0.5984691385366657,optimal,0.8575253480012179,19537,39807,144787
rescuenet,Marwan-r1,Marwan,trajectory,P,4,24.61160866427153,0.6152902166067882,optimal,0.8951480649993755,19537,39807,144787
rescuenet,Marwan-r1,Marwan,trajectory,P,5,22.753342018552072,0.5688335504638018,optimal,0.8233534769969992,19537,39807,144787
rescuenet,Marwan-r1,Marwan,trajectory,P,6,23.720688206580586,0.5930172051645146,optimal,0.7864835540021886,19537,39807,144787
rescuenet,Marwan-r1,Marwan,trajectory,P,7,24.19873973150558,0.6049684932876395,optimal,0.8544801239986555,19537,39807,144787
rescuenet,Marwan-r1,Marwan,trajectory,P,8,23.463413545826345,0.5865853386456586,optimal,0.9107720419997349,19537,39807,144787
rescuenet,Marwan-r1,Marwan,trajectory,P,9,23.805473824654907,0.5951368456163727,optimal,0.8226096430007601,19537,39807,144787
rescuenet,Marwan-r1,Marwan,trajectory,P,10,22.086876951097402,0.5521719237774351,optimal,0.8408814379945397,19537,39807,144787
rescuenet,Marwan-r1,Marwan,trajectory,P,11,24.076537554823194,0.6019134388705798,optimal,0.8352199200016912,19537,39807,144787
rescuenet,Marwan-r1,Marwan,trajectory,P,12,24.082708184568826,0.6020677046142207,optimal,0.7922808660005103,19537,39807,144787
rescuenet,Marwan-r1,Marwan,trajectory,P,13,23.28462264046787,0.5821155660116968,optimal,0.7534667219952098,19537,39807,144787
rescuenet,Marwan-r1,Marwan,trajectory,P,14,24.247043369450118,0.6061760842362529,optimal,0.7376879010043922,19537,39807,144787
rescuenet,Marwan-r1,Marwan,trajectory,P,15,24.006133817263972,0.6001533454315993,optimal,0.6058219490005285,19537,39807,144787
rescuenet,Marwan-r1,Marwan,trajectory,P,16,24.75414516391556,0.618853629097889,optimal,0.6823583289951785,19537,39807,144787
rescuenet,Marwan-r1,Marwan,trajectory,P,17,22.35010207518956,0.558752551879739,optimal,0.6494865190034034,19537,39807,144787
rescuenet,Marwan-r1,Marwan,trajectory,P,18,24.21266233923561,0.6053165584808903,optimal,0.7632774149969919,19537,39807,144787
rescuenet,Marwan-r1,Marwan,trajectory,P,19,23.779934964736327,0.5944983741184082,optimal,0.6788700039978721,19537,39807,144787
rescuenet,Marwan-r1,Marwan,trajectory,P,20,21.836233364328724,0.5459058341082181,optimal,0.6412104869959876,19537,39807,144787
rescuenet,Marwan-r1,Marwan,trajectory,P,21,23.897880035550344,0.5974470008887586,optimal,0.6653618540003663,19537,39807,144787
rescuenet,Marwan-r1,Marwan,trajectory,P,22,24.991636519643947,0.6247909129910987,optimal,0.6435863500009873,19537,39807,144787
rescuenet,Marwan-r1,Marwan,trajectory,P,23,23.192377788006677,0.5798094447001669,optimal,0.5812707199947909,19537,39807,144787
rescuenet,Marwan-r1,Marwan,trajectory,P,24,23.82209125776784,0.595552281444196,optimal,0.7287149599942495,19537,39807,144787
rescuenet,Marwan-r1,Marwan,trajectory,P,25,24.900949991656667,0.6225237497914167,optimal,0.7510261069983244,19537,39807,144787
rescuenet,Marwan-r1,Marwan,trajectory,P,26,23.372613593838544,0.5843153398459636,optimal,0.681945406999148,19537,39807,144787
rescuenet,Marwan-r1,Marwan,trajectory,P,27,24.410898179008854,0.6102724544752214,optimal,0.8506325190028292,19537,39807,144787
rescuenet,Marwan-r1,Marwan,trajectory,P,28,23.885810731722987,0.5971452682930747,optimal,0.6879238199981046,19537,39807,144787
rescuenet,Marwan-r1,Marwan,trajectory,P,29,24.206751322392446,0.6051687830598111,optimal,0.8149727569980314,19537,39807,144787
rescuenet,Marwan-r1,Marwan,trajectory,TRAN,0,24.275594149376712,0.6068898537344178,optimal,1.064100835006684,19537,39807,144787
rescuenet,Marwan-r1,Marwan,trajectory,TRAN,1,24.22014267257291,0.6055035668143227,optimal,1.0025651729956735,19537,39807,144787
rescuenet,Marwan-r1,Marwan,trajectory,TRAN,2,24.639953394991814,0.6159988348747953,optimal,1.4216304650035454,19537,39807,144787
rescuenet,Marwan-r1,Marwan,trajectory,TRAN,3,25.23304058846952,0.630826014711738,optimal,1.1838938710061484,19537,39807,144787
rescuenet,Marwan-r1,Marwan,trajectory,TRAN,4,24.235200393934104,0.6058800098483526,optimal,1.2721280019977712,19537,39807,144787
rescuenet,Marwan-r1,Marwan,trajectory,TRAN,5,24.027324930165815,0.6006831232541454,optimal,1.2694100110020372,19537,39807,144787
rescuenet,Marwan-r1,Marwan,trajectory,TRAN,6,23.670224056995004,0.591755601424875,optimal,1.210623309998482,19537,39807,144787
rescuenet,Marwan-r1,Marwan,trajectory,TRAN,7,24.992136203775278,0.6248034050943819,optimal,1.3834159250036464,19537,39807,144787
rescuenet,Marwan-r1,Marwan,trajectory,TRAN,8,23.96561731877379,0.5991404329693448,optimal,1.0860251049962244,19537,39807,144787
rescuenet,Marwan-r1,Marwan,trajectory,TRAN,9,24.552595086000697,0.6138148771500174,optimal,1.0469650919985725,19537,39807,144787
rescuenet,Marwan-r1,Marwan,trajectory,TRAN,10,23.106876726552052,0.5776719181638013,optimal,1.1318435780049185,19537,39807,144787
rescuenet,Marwan-r1,Marwan,trajectory,TRAN,11,23.66011999705085,0.5915029999262712,optimal,1.2085525379952742,19537,39807,144787
rescuenet,Marwan-r1,Marwan,trajectory,TRAN,12,23.699729889341366,0.5924932472335341,optimal,1.1961968750038068,19537,39807,144787
rescuenet,Marwan-r1,Marwan,trajectory,TRAN,13,23.070111173216723,0.5767527793304181,optimal,1.2193638020034996,19537,39807,144787
rescuenet,Marwan-r1,Marwan,trajectory,TRAN,14,23.83286421644509,0.5958216054111272,optimal,1.1761194070058991,19537,39807,144787
rescuenet,Marwan-r1,Marwan,trajectory,TRAN,15,25.03358982010884,0.625839745502721,optimal,1.2964654629977304,19537,39807,144787
rescuenet,Marwan-r1,Marwan,trajectory,TRAN,16,24.92535096919029,0.6231337742297572,optimal,1.1967109489996801,19537,39807,144787
rescuenet,Marwan-r1,Marwan,trajectory,TRAN,17,23.00954244453946,0.5752385611134865,optimal,1.1460910340028931,19537,39807,144787
rescuenet,Marwan-r1,Marwan,trajectory,TRAN,18,24.817295935398427,0.6204323983849607,optimal,1.08298980499967,19537,39807,144787
rescuenet,Marwan-r1,Marwan,trajectory,TRAN,19,24.19202246505391,0.6048005616263478,optimal,1.2945455540029798,19537,39807,144787
rescuenet,Marwan-r1,Marwan,trajectory,TRAN,20,23.148282714218738,0.5787070678554684,optimal,1.302157394005917,19537,39807,144787
rescuenet,Marwan-r1,Marwan,trajectory,TRAN,21,23.86513281515756,0.596628320378939,optimal,1.2453131229995051,19537,39807,144787
rescuenet,Marwan-r1,Marwan,trajectory,TRAN,22,25.100664411171767,0.6275166102792942,optimal,1.331717168999603,19537,39807,144787
rescuenet,Marwan-r1,Marwan,trajectory,TRAN,23,23.409517344059804,0.5852379336014951,optimal,1.0666338430019096,19537,39807,144787
rescuenet,Marwan-r1,Marwan,trajectory,TRAN,24,23.63922661572026,0.5909806653930065,optimal,1.1117852609968395,19537,39807,144787
rescuenet,Marwan-r1,Marwan,trajectory,TRAN,25,23.9780966434175,0.5994524160854375,optimal,1.4186532860039733,19537,39807,144787
rescuenet,Marwan-r1,Marwan,trajectory,TRAN,26,22.96012846982734,0.5740032117456835,optimal,1.235175819005235,19537,39807,144787
rescuenet,Marwan-r1,Marwan,trajectory,TRAN,27,24.329928129969026,0.6082482032492257,optimal,1.2631240600021556,19537,39807,144787
rescuenet,Marwan-r1,Marwan,trajectory,TRAN,28,24.24397193673326,0.6060992984183315,optimal,1.0971911000015098,19537,39807,144787
rescuenet,Marwan-r1,Marwan,trajectory,TRAN,29,24.352729607436437,0.6088182401859109,optimal,0.9783269179970375,19537,39807,144787
rescuenet,Marwan-r2,Marwan,ground_only,,0,28.855140184631168,0.7213785046157792,optimal,0.8935496379999677,14228,32605,83171
rescuenet,Marwan-r2,Marwan,ground_only,,1,28.855140184631168,0.7213785046157792,optimal,1.0423233850015095,14228,32605,83171
rescuenet,Marwan-r2,Marwan,ground_only,,2,28.855140184631168,0.7213785046157792,optimal,1.1275531339997542,14228,32605,83171
rescuenet,Marwan-r2,Marwan,ground_only,,3,28.855140184631168,0.7213785046157792,optimal,0.9187788340059342,14228,32605,83171
rescuenet,Marwan-r2,Marwan,ground_only,,4,28.855140184631168,0.7213785046157792,optimal,0.9726592970037018,14228,32605,83171
rescuenet,Marwan-r2,Marwan,ground_only,,5,28.855140184631168,0.7213785046157792,optimal,0.9192615069987369,14228,32605,83171
rescuenet,Marwan-r2,Marwan,ground_only,,6,28.855140184631168,0.7213785046157792,optimal,0.9199161090000416,14228,32605,83171
rescuenet,Marwan-r2,Marwan,ground_only,,7,28.855140184631168,0.7213785046157792,optimal,0.9283972109988099,14228,32605,83171
rescuenet,Marwan-r2,Marwan,ground_only,,8,28.855140184631168,0.7213785046157792,optimal,0.8926822349967551,14228,32605,83171
rescuenet,Marwan-r2,Marwan,ground_only,,9,28.855140184631168,0.7213785046157792,optimal,0.917964350002876,14228,32605,83171
rescuenet,Marwan-r2,Marwan,ground_only,,10,28.855140184631168,0.7213785046157792,optimal,0.9115172969977721,14228,32605,83171
rescuenet,Marwan-r2,Marwan,ground_only,,11,28.855140184631168,0.7213785046157792,optimal,0.9325057359965285,14228,32605,83171
rescuenet,Marwan-r2,Marwan,ground_only,,12,28.855140184631168,0.7213785046157792,optimal,1.089324829998077,14228,32605,83171
rescuenet,Marwan-r2,Marwan,ground_only,,13,28.855140184631168,0.7213785046157792,optimal,0.9056449900017469,14228,32605,83171
rescuenet,Marwan-r2,Marwan,ground_only,,14,28.855140184631168,0.7213785046157792,optimal,1.0214581769978395,14228,32605,83171
rescuenet,Marwan-r2,Marwan,ground_only,,15,28.855140184631168,0.7213785046157792,optimal,0.912743307002529,14228,32605,83171
rescuenet,Marwan-r2,Marwan,ground_only,,16,28.855140184631168,0.7213785046157792,optimal,1.102489043994865,14228,32605,83171
rescuenet,Marwan-r2,Marwan,ground_only,,17,28.855140184631168,0.7213785046157792,optimal,0.9264329380021081,14228,32605,83171
rescuenet,Marwan-r2,Marwan,ground_only,,18,28.855140184631168,0.7213785046157792,optimal,0.9281503520032857,14228,32605,83171
rescuenet,Marwan-r2,Marwan,ground_only,,19,28.855140184631168,0.7213785046157792,optimal,1.0284727179969195,14228,32605,83171
rescuenet,Marwan-r2,Marwan,ground_only,,20,28.855140184631168,0.7213785046157792,optimal,0.9570742869982496,14228,32605,83171
rescuenet,Marwan-r2,Marwan,ground_only,,21,28.855140184631168,0.7213785046157792,optimal,0.9201133690003189,14228,32605,83171
rescuenet,Marwan-r2,Marwan,ground_only,,22,28.855140184631168,0.7213785046157792,optimal,1.0649871229979908,14228,32605,83171
rescuenet,Marwan-r2,Marwan,ground_only,,23,28.855140184631168,0.7213785046157792,optimal,0.9149017879972234,14228,32605,83171
rescuenet,Marwan-r2,Marwan,ground_only,,24,28.855140184631168,0.7213785046157792,optimal,0.9277776480012108,14228,32605,83171
rescuenet,Marwan-r2,Marwan,ground_only,,25,28.855140184631168,0.7213785046157792,optimal,0.9244427689991426,14228,32605,83171
rescuenet,Marwan-r2,Marwan,ground_only,,26,28.855140184631168,0.7213785046157792,optimal,0.9119940200034762,14228,32605,83171
rescuenet,Marwan-r2,Marwan,ground_only,,27,28.855140184631168,0.7213785046157792,optimal,1.048396624995803,14228,32605,83171
rescuenet,Marwan-r2,Marwan,ground_only,,28,28.855140184631168,0.7213785046157792,optimal,0.9471590530010872,14228,32605,83171
rescuenet,Marwan-r2,Marwan,ground_only,,29,28.855140184631168,0.7213785046157792,optimal,0.9135299950066837,14228,32605,83171
rescuenet,Marwan-r2,Marwan,trajectory,B1,0,32.14445627611002,0.8036114069027505,optimal,3.291337646995089,35127,74570,219731
rescuenet,Marwan-r2,Marwan,trajectory,B1,1,32.897471277349005,0.8224367819337252,optimal,3.0168205669979216,35127,74570,219731
rescuenet,Marwan-r2,Marwan,trajectory,B1,2,34.044998974357085,0.8511249743589271,optimal,3.0893836590039427,35127,74570,219731
rescuenet,Marwan-r2,Marwan,trajectory,B1,3,32.343446005010314,0.8085861501252578,optimal,2.9347942949971184,35127,74570,219731
rescuenet,Marwan-r2,Marwan,trajectory,B1,4,33.192502711171215,0.8298125677792804,optimal,3.0516347770026186,35127,74570,219731
rescuenet,Marwan-r2,Marwan,trajectory,B1,5,32.60952172885246,0.8152380432213114,optimal,3.13462918499863,35127,74570,219731
rescuenet,Marwan-r2,Marwan,trajectory,B1,6,33.02363257625754,0.8255908144064386,optimal,2.67599357200379,35127,74570,219731
rescuenet,Marwan-r2,Marwan,trajectory,B1,7,32.59662576712318,0.8149156441780795,optimal,2.7359195469980477,35127,74570,219731
rescuenet,Marwan-r2,Marwan,trajectory,B1,8,32.48238097025162,0.8120595242562905,optimal,3.325577543997497,35127,74570,219731
rescuenet,Marwan-r2,Marwan,trajectory,B1,9,33.57341943324561,0.8393354858311403,optimal,2.9239207790014916,35127,74570,219731
rescuenet,Marwan-r2,Marwan,trajectory,B1,10,33.56188053732528,0.839047013433132,optimal,2.752160254996852,35127,74570,219731
rescuenet,Marwan-r2,Marwan,trajectory,B1,11,32.22695854551779,0.8056739636379447,optimal,3.3003112160004093,35127,74570,219731
rescuenet,Marwan-r2,Marwan,trajectory,B1,12,32.8421199516219,0.8210529987905476,optimal,3.0004363909974927,35127,74570,219731
rescuenet,Marwan-r2,Marwan,trajectory,B1,13,34.350079480897186,0.8587519870224296,optimal,3.083105860001524,35127,74570,219731
rescuenet,Marwan-r2,Marwan,trajectory,B1,14,33.00167200042858,0.8250418000107145,optimal,3.4155406130012125,35127,74570,219731
rescuenet,Marwan-r2,Marwan,trajectory,B1,15,34.06182873152186,0.8515457182880464,optimal,2.8432059189944994,35127,74570,219731
rescuenet,Marwan-r2,Marwan,trajectory,B1,16,33.260142614533265,0.8315035653633316,optimal,3.0180579539955943,35127,74570,219731
rescuenet,Marwan-r2,Marwan,trajectory,B1,17,32.334828749310546,0.8083707187327637,optimal,3.1318025159998797,35127,74570,219731
rescuenet,Marwan-r2,Marwan,trajectory,B1,18,33.79023440317899,0.8447558600794748,optimal,3.4053716830021585,35127,74570,219731
rescuenet,Marwan-r2,Marwan,trajectory,B1,19,33.055354921681676,0.8263838730420419,optimal,2.8647004410013324,35127,74570,219731
rescuenet,Marwan-r2,Marwan,trajectory,B1,20,32.75751397660328,0.818937849415082,optimal,3.0538454260022263,35127,74570,219731
rescuenet,Marwan-r2,Marwan,trajectory,B1,21,32.918029769812726,0.8229507442453181,optimal,2.802491411996016,35127,74570,219731
rescuenet,Marwan-r2,Marwan,trajectory,B1,22,32.860567304785846,0.8215141826196461,optimal,3.375830405995657,35127,74570,219731
rescuenet,Marwan-r2,Marwan,trajectory,B1,23,33.01407513871562,0.8253518784678905,optimal,2.715660059999209,35127,74570,219731
rescuenet,Marwan-r2,Marwan,trajectory,B1,24,32.98812984249769,0.8247032460624423,optimal,2.95426099600445,35127,74570,219731
rescuenet,Marwan-r2,Marwan,trajectory,B1,25,34.11853482113962,0.8529633705284905,optimal,2.9298707799971453,35127,74570,219731
rescuenet,Marwan-r2,Marwan,trajectory,B1,26,32.49573995472821,0.8123934988682052,optimal,2.9086888460005866,35127,74570,219731
rescuenet,Marwan-r2,Marwan,trajectory,B1,27,33.78766213399949,0.8446915533499872,optimal,2.9809460530013894,35127,74570,219731
rescuenet,Marwan-r2,Marwan,trajectory,B1,28,32.920746385416834,0.8230186596354209,optimal,2.7470061330022872,35127,74570,219731
rescuenet,Marwan-r2,Marwan,trajectory,B1,29,32.842052343378484,0.8210513085844621,optimal,2.7825983750008163,35127,74570,219731
rescuenet,Marwan-r2,Marwan,trajectory,B2,0,32.03944520697802,0.8009861301744505,optimal,1.1366343419940677,35127,74570,219731
rescuenet,Marwan-r2,Marwan,trajectory,B2,1,32.87474531610747,0.8218686329026867,optimal,1.204241710001952,35127,74570,219731
rescuenet,Marwan-r2,Marwan,trajectory,B2,2,33.98564453882541,0.8496411134706353,optimal,1.1358866410009796,35127,74570,219731
rescuenet,Marwan-r2,Marwan,trajectory,B2,3,33.05807074294055,0.8264517685735138,optimal,1.154683278000448,35127,74570,219731
rescuenet,Marwan-r2,Marwan,trajectory,B2,4,33.08997449468757,0.8272493623671892,optimal,1.2189961430049152,35127,74570,219731
rescuenet,Marwan-r2,Marwan,trajectory,B2,5,32.400194959792344,0.8100048739948086,optimal,1.0493199699994875,35127,74570,219731
rescuenet,Marwan-r2,Marwan,trajectory,B2,6,33.010183269520816,0.8252545817380204,optimal,1.3356704819962033,35127,74570,219731
rescuenet,Marwan-r2,Marwan,trajectory,B2,7,32.41308264742502,0.8103270661856256,optimal,1.194874474000244,35127,74570,219731
rescuenet,Marwan-r2,Marwan,trajectory,B2,8,32.35422006387389,0.8088555015968473,optimal,1.117102069001703,35127,74570,219731
rescuenet,Marwan-r2,Marwan,trajectory,B2,9,33.514468524784945,0.8378617131196237,optimal,1.1182966120031779,35127,74570,219731
rescuenet,Marwan-r2,Marwan,trajectory,B2,10,32.94333757525193,0.8235834393812983,optimal,1.1917446560037206,35127,74570,219731
rescuenet,Marwan-r2,Marwan,trajectory,B2,11,32.024673213255575,0.8006168303313894,optimal,1.2384507640017546,35127,74570,219731
rescuenet,Marwan-r2,Marwan,trajectory,B2,12,32.86505660446781,0.8216264151116952,optimal,1.3451308840012643,35127,74570,219731
rescuenet,Marwan-r2,Marwan,trajectory,B2,13,34.350264253248234,0.8587566063312059,optimal,1.2278157690016087,35127,74570,219731
rescuenet,Marwan-r2,Marwan,trajectory,B2,14,32.98438166512318,0.8246095416280795,optimal,1.2080158090029727,35127,74570,219731
rescuenet,Marwan-r2,Marwan,trajectory,B2,15,34.030855355001975,0.8507713838750494,optimal,1.2254342130036093,35127,74570,219731
rescuenet,Marwan-r2,Marwan,trajectory,B2,16,33.27971678094101,0.8319929195235252,optimal,1.2209302019982715,35127,74570,219731
rescuenet,Marwan-r2,Marwan,trajectory,B2,17,32.44005605855721,0.8110014014639303,optimal,1.2028598029937712,35127,74570,219731
rescuenet,Marwan-r2,Marwan,trajectory,B2,18,33.55258550397209,0.8388146375993022,optimal,1.1624048039957415,35127,74570,219731
rescuenet,Marwan-r2,Marwan,trajectory,B2,19,32.75114573959088,0.818778643489772,optimal,1.220208165999793,35127,74570,219731
rescuenet,Marwan-r2,Marwan,trajectory,B2,20,32.75300298891669,0.8188250747229173,optimal,1.1617117519999738,35127,74570,219731
rescuenet,Marwan-r2,Marwan,trajectory,B2,21,32.81038945931657,0.8202597364829142,optimal,1.1721284989980632,35127,74570,219731
rescuenet,Marwan-r2,Marwan,trajectory,B2,22,33.00526771949937,0.8251316929874843,optimal,1.1969107859986252,35127,74570,219731
rescuenet,Marwan-r2,Marwan,trajectory,B2,23,32.89328812427759,0.8223322031069398,optimal,1.2817657129999134,35127,74570,219731
rescuenet,Marwan-r2,Marwan,trajectory,B2,24,32.93189731372196,0.823297432843049,optimal,1.1529718519959715,35127,74570,219731
rescuenet,Marwan-r2,Marwan,trajectory,B2,25,34.05065373070699,0.8512663432676748,optimal,1.171133188996464,35127,74570,219731
rescuenet,Marwan-r2,Marwan,trajectory,B2,26,32.32536675255062,0.8081341688137655,optimal,1.2239912469958654,35127,74570,219731
rescuenet,Marwan-r2,Marwan,trajectory,B2,27,33.74614069549383,0.8436535173873457,optimal,1.162588154002151,35127,74570,219731
rescuenet,Marwan-r2,Marwan,trajectory,B2,28,32.895218019361245,0.8223804504840311,optimal,1.2214647910004715,35127,74570,219731
rescuenet,Marwan-r2,Marwan,trajectory,B2,29,32.870177698292906,0.8217544424573227,optimal,1.1244062640034826,35127,74570,219731
rescuenet,Marwan-r2,Marwan,trajectory,P,0,32.03522690826041,0.8008806727065103,optimal,1.2506513539992739,35127,74570,219731
rescuenet,Marwan-r2,Marwan,trajectory,P,1,32.87283134216111,0.8218207835540279,optimal,1.1841103440019651,35127,74570,219731
rescuenet,Marwan-r2,Marwan,trajectory,P,2,33.98406545414644,0.8496016363536609,optimal,1.1344480469997507,35127,74570,219731
rescuenet,Marwan-r2,Marwan,trajectory,P,3,33.047882609719885,0.8261970652429971,optimal,1.1726986299981945,35127,74570,219731
rescuenet,Marwan-r2,Marwan,trajectory,P,4,33.087855571740846,0.8271963892935211,optimal,1.1453976109987707,35127,74570,219731
rescuenet,Marwan-r2,Marwan,trajectory,P,5,32.39939141186984,0.8099847852967461,optimal,1.1670737180029391,35127,74570,219731
rescuenet,Marwan-r2,Marwan,trajectory,P,6,32.99467623649864,0.824866905912466,optimal,1.13660750699637,35127,74570,219731
rescuenet,Marwan-r2,Marwan,trajectory,P,7,32.40948861828293,0.8102372154570732,optimal,1.2208338670025114,35127,74570,219731
rescuenet,Marwan-r2,Marwan,trajectory,P,8,32.341682709241965,0.8085420677310491,optimal,1.1774966470038635,35127,74570,219731
rescuenet,Marwan-r2,Marwan,trajectory,P,9,33.51082536205815,0.8377706340514537,optimal,1.1562649680054164,35127,74570,219731
rescuenet,Marwan-r2,Marwan,trajectory,P,10,32.939729802940974,0.8234932450735244,optimal,1.1949456549991737,35127,74570,219731
rescuenet,Marwan-r2,Marwan,trajectory,P,11,32.02182432976011,0.8005456082440027,optimal,1.1663702810037648,35127,74570,219731
rescuenet,Marwan-r2,Marwan,trajectory,P,12,32.8564449136613,0.8214111228415325,optimal,1.3363590930021019,35127,74570,219731
rescuenet,Marwan-r2,Marwan,trajectory,P,13,34.337018060908946,0.8584254515227236,optimal,1.3236209110036725,35127,74570,219731
rescuenet,Marwan-r2,Marwan,trajectory,P,14,32.97691188612565,0.8244227971531413,optimal,1.1265426949976245,35127,74570,219731
rescuenet,Marwan-r2,Marwan,trajectory,P,15,34.02602132541352,0.8506505331353379,optimal,1.1693893459960236,35127,74570,219731
rescuenet,Marwan-r2,Marwan,trajectory,P,16,33.26643303242232,0.831660825810558,optimal,1.2449640539998654,35127,74570,219731
rescuenet,Marwan-r2,Marwan,trajectory,P,17,32.436341153840786,0.8109085288460196,optimal,1.2050266869991901,35127,74570,219731
rescuenet,Marwan-r2,Marwan,trajectory,P,18,33.549327007779716,0.8387331751944929,optimal,1.1131690399997751,35127,74570,219731
rescuenet,Marwan-r2,Marwan,trajectory,P,19,32.745970999833986,0.8186492749958496,optimal,1.2084786530031124,35127,74570,219731
rescuenet,Marwan-r2,Marwan,trajectory,P,20,32.75067558207207,0.8187668895518018,optimal,1.1816841429972555,35127,74570,219731
rescuenet,Marwan-r2,Marwan,trajectory,P,21,32.80191553443309,0.8200478883608273,optimal,1.1870883250012412,35127,74570,219731
rescuenet,Marwan-r2,Marwan,trajectory,P,22,32.997792167926754,0.8249448041981688,optimal,1.1873820789987803,35127,74570,219731
rescuenet,Marwan-r2,Marwan,trajectory,P,23,32.88613688974911,0.8221534222437278,optimal,1.1777532199994312,35127,74570,219731
rescuenet,Marwan-r2,Marwan,trajectory,P,24,32.92829380723592,0.8232073451808979,optimal,1.1693243209956563,35127,74570,219731
rescuenet,Marwan-r2,Marwan,trajectory,P,25,34.03832678245544,0.850958169561386,optimal,1.0842166539950995,35127,74570,219731
rescuenet,Marwan-r2,Marwan,trajectory,P,26,32.31217323597728,0.807804330899432,optimal,1.2824109549983405,35127,74570,219731
rescuenet,Marwan-r2,Marwan,trajectory,P,27,33.74243039897027,0.8435607599742567,optimal,1.2143430380019709,35127,74570,219731
rescuenet,Marwan-r2,Marwan,trajectory,P,28,32.88695956937655,0.8221739892344138,optimal,1.1176634210060001,35127,74570,219731
rescuenet,Marwan-r2,Marwan,trajectory,P,29,32.865596576817424,0.8216399144204356,optimal,1.2979413619978004,35127,74570,219731
rescuenet,Marwan-r2,Marwan,trajectory,TRAN,0,35.25140571610593,0.8812851429026483,optimal,0.8717093649975141,35127,74570,219731
rescuenet,Marwan-r2,Marwan,trajectory,TRAN,1,34.99887297053053,0.8749718242632631,optimal,0.8897578319956665,35127,74570,219731
rescuenet,Marwan-r2,Marwan,trajectory,TRAN,2,36.09209721263416,0.902302430315854,optimal,0.8292475739945075,35127,74570,219731
rescuenet,Marwan-r2,Marwan,trajectory,TRAN,3,34.94235965556912,0.873558991389228,optimal,0.8638852489966666,35127,74570,219731
rescuenet,Marwan-r2,Marwan,trajectory,TRAN,4,34.59107356134872,0.864776839033718,optimal,0.8574990039996919,35127,74570,219731
rescuenet,Marwan-r2,Marwan,trajectory,TRAN,5,33.724267625184325,0.8431066906296081,optimal,0.8918043830053648,35127,74570,219731
rescuenet,Marwan-r2,Marwan,trajectory,TRAN,6,34.73582450015806,0.8683956125039515,optimal,0.8882158370033721,35127,74570,219731
rescuenet,Marwan-r2,Marwan,trajectory,TRAN,7,35.90122126114201,0.8975305315285503,optimal,0.8683953279978596,35127,74570,219731
rescuenet,Marwan-r2,Marwan,trajectory,TRAN,8,34.07579546127337,0.8518948865318343,optimal,0.828159513999708,35127,74570,219731
rescuenet,Marwan-r2,Marwan,trajectory,TRAN,9,34.8767417085293,0.8719185427132325,optimal,0.9082250919964281,35127,74570,219731
rescuenet,Marwan-r2,Marwan,trajectory,TRAN,10,35.35613215340234,0.8839033038350586,optimal,0.8091276720006135,35127,74570,219731
rescuenet,Marwan-r2,Marwan,trajectory,TRAN,11,34.940464611295354,0.8735116152823839,optimal,0.8809738170020864,35127,74570,219731
rescuenet,Marwan-r2,Marwan,trajectory,TRAN,12,33.97195142148827,0.8492987855372067,optimal,0.887288958998397,35127,74570,219731
rescuenet,Marwan-r2,Marwan,trajectory,TRAN,13,36.215954043114095,0.9053988510778523,optimal,0.898028809002426,35127,74570,219731
rescuenet,Marwan-r2,Marwan,trajectory,TRAN,14,34.40576127272651,0.8601440318181627,optimal,0.8502967460008222,35127,74570,219731
rescuenet,Marwan-r2,Marwan,trajectory,TRAN,15,34.87920438504578,0.8719801096261446,optimal,0.8886994929998764,35127,74570,219731
rescuenet,Marwan-r2,Marwan,trajectory,TRAN,16,35.75738797822186,0.8939346994555464,optimal,0.869994561006024,35127,74570,219731
rescuenet,Marwan-r2,Marwan,trajectory,TRAN,17,34.77063410168465,0.8692658525421162,optimal,0.8916233329946408,35127,74570,219731
rescuenet,Marwan-r2,Marwan,trajectory,TRAN,18,35.14160403033085,0.8785401007582714,optimal,0.867467944000964,35127,74570,219731
rescuenet,Marwan-r2,Marwan,trajectory,TRAN,19,34.35888857766714,0.8589722144416785,optimal,0.927111656004854,35127,74570,219731
rescuenet,Marwan-r2,Marwan,trajectory,TRAN,20,35.71278362698936,0.892819590674734,optimal,0.8854646930049057,35127,74570,219731
rescuenet,Marwan-r2,Marwan,trajectory,TRAN,21,33.57067698663628,0.839266924665907,optimal,0.8937956909940112,35127,74570,219731
rescuenet,Marwan-r2,Marwan,trajectory,TRAN,22,34.316454906729874,0.8579113726682468,optimal,0.8683251600014046,35127,74570,219731
rescuenet,Marwan-r2,Marwan,trajectory,TRAN,23,34.35938501357682,0.8589846253394204,optimal,0.8588835570044466,35127,74570,219731
rescuenet,Marwan-r2,Marwan,trajectory,TRAN,24,35.51689156309793,0.8879222890774482,optimal,0.8204669000042486,35127,74570,219731
rescuenet,Marwan-r2,Marwan,trajectory,TRAN,25,35.68218626440869,0.8920546566102173,optimal,0.8683595780021278,35127,74570,219731
rescuenet,Marwan-r2,Marwan,trajectory,TRAN,26,33.2778334353829,0.8319458358845726,optimal,0.9006957320016227,35127,74570,219731
rescuenet,Marwan-r2,Marwan,trajectory,TRAN,27,35.10727416722689,0.8776818541806722,optimal,0.9188410299975658,35127,74570,219731
rescuenet,Marwan-r2,Marwan,trajectory,TRAN,28,34.035590385878166,0.8508897596469541,optimal,0.8569588240061421,35127,74570,219731
rescuenet,Marwan-r2,Marwan,trajectory,TRAN,29,33.726808132883775,0.8431702033220944,optimal,0.9065233939982136,35127,74570,219731
