set_id,scenario_id,topology_id,method,realization_id,alert_count,timely_count,timely_ratio,source_count,connected_count,conn_ratio,shortfall,planning_runtime_s,evaluation_runtime_s,evaluate_calls,paths_outside_candidates
rescuenet,Agis-r0,Agis,B0,0,40,14,0.35,63,26,0.4126984126984127,23.151095097488955,0.00011208600335521623,0.03768923150006837,1,0
rescuenet,Agis-r0,Agis,B0,1,40,14,0.35,63,26,0.4126984126984127,23.151095097488955,0.00011208600335521623,0.03768923150006837,1,0
rescuenet,Agis-r0,Agis,B0,2,40,14,0.35,63,26,0.4126984126984127,23.151095097488955,0.00011208600335521623,0.03768923150006837,1,0
rescuenet,Agis-r0,Agis,B0,3,40,14,0.35,63,26,0.4126984126984127,23.151095097488955,0.00011208600335521623,0.03768923150006837,1,0
rescuenet,Agis-r0,Agis,B0,4,40,14,0.35,63,26,0.4126984126984127,23.151095097488955,0.00011208600335521623,0.03768923150006837,1,0
rescuenet,Agis-r0,Agis,B0,5,40,14,0.35,63,26,0.4126984126984127,23.151095097488955,0.00011208600335521623,0.03768923150006837,1,0
rescuenet,Agis-r0,Agis,B0,6,40,14,0.35,63,26,0.4126984126984127,23.151095097488955,0.00011208600335521623,0.03768923150006837,1,0
rescuenet,Agis-r0,Agis,B0,7,40,14,0.35,63,26,0.4126984126984127,23.151095097488955,0.00011208600335521623,0.03768923150006837,1,0
rescuenet,Agis-r0,Agis,B0,8,40,14,0.35,63,26,0.4126984126984127,23.151095097488955,0.00011208600335521623,0.03768923150006837,1,0
rescuenet,Agis-r0,Agis,B0,9,40,14,0.35,63,26,0.4126984126984127,23.151095097488955,0.00011208600335521623,0.03768923150006837,1,0
rescuenet,Agis-r0,Agis,B0,10,40,14,0.35,63,26,0.4126984126984127,23.151095097488955,0.00011208600335521623,0.03768923150006837,1,0
rescuenet,Agis-r0,Agis,B0,11,40,14,0.35,63,26,0.4126984126984127,23.151095097488955,0.00011208600335521623,0.03768923150006837,1,0
rescuenet,Agis-r0,Agis,B0,12,40,14,0.35,63,26,0.4126984126984127,23.151095097488955,0.00011208600335521623,0.03768923150006837,1,0
rescuenet,Agis-r0,Agis,B0,13,40,14,0.35,63,26,0.4126984126984127,23.151095097488955,0.00011208600335521623,0.03768923150006837,1,0
rescuenet,Agis-r0,Agis,B0,14,40,14,0.35,63,26,0.4126984126984127,23.151095097488955,0.00011208600335521623,0.03768923150006837,1,0
rescuenet,Agis-r0,Agis,B0,15,40,14,0.35,63,26,0.4126984126984127,23.151095097488955,0.00011208600335521623,0.03768923150006837,1,0
rescuenet,Agis-r0,Agis,B0,16,40,14,0.35,63,26,0.4126984126984127,23.151095097488955,0.00011208600335521623,0.03768923150006837,1,0
rescuenet,Agis-r0,Agis,B0,17,40,14,0.35,63,26,0.4126984126984127,23.151095097488955,0.00011208600335521623,0.03768923150006837,1,0
rescuenet,Agis-r0,Agis,B0,18,40,14,0.35,63,26,0.4126984126984127,23.151095097488955,0.00011208600335521623,0.03768923150006837,1,0
rescuenet,Agis-r0,Agis,B0,19,40,14,0.35,63,26,0.4126984126984127,23.151095097488955,0.00011208600335521623,0.03768923150006837,1,0
rescuenet,Agis-r0,Agis,B0,20,40,14,0.35,63,26,0.4126984126984127,23.151095097488955,0.00011208600335521623,0.03768923150006837,1,0
rescuenet,Agis-r0,Agis,B0,21,40,14,0.35,63,26,0.4126984126984127,23.151095097488955,0.00011208600335521623,0.03768923150006837,1,0
rescuenet,Agis-r0,Agis,B0,22,40,14,0.35,63,26,0.4126984126984127,23.151095097488955,0.00011208600335521623,0.03768923150006837,1,0
rescuenet,Agis-r0,Agis,B0,23,40,14,0.35,63,26,0.4126984126984127,23.151095097488955,0.00011208600335521623,0.03768923150006837,1,0
rescuenet,Agis-r0,Agis,B0,24,40,14,0.35,63,26,0.4126984126984127,23.151095097488955,0.00011208600335521623,0.03768923150006837,1,0
rescuenet,Agis-r0,Agis,B0,25,40,14,0.35,63,26,0.4126984126984127,23.151095097488955,0.00011208600335521623,0.03768923150006837,1,0
rescuenet,Agis-r0,Agis,B0,26,40,14,0.35,63,26,0.4126984126984127,23.151095097488955,0.00011208600335521623,0.03768923150006837,1,0
rescuenet,Agis-r0,Agis,B0,27,40,14,0.35,63,26,0.4126984126984127,23.151095097488955,0.00011208600335521623,0.03768923150006837,1,0
rescuenet,Agis-r0,Agis,B0,28,40,14,0.35,63,26,0.4126984126984127,23.151095097488955,0.00011208600335521623,0.03768923150006837,1,0
rescuenet,Agis-r0,Agis,B0,29,40,14,0.35,63,26,0.4126984126984127,23.151095097488955,0.00011208600335521623,0.03768923150006837,1,0
rescuenet,Agis-r0,Agis,B1,0,40,15,0.375,63,63,1.0,21.90566195693033,0.11000725500343833,0.04292768123341375,1,0
rescuenet,Agis-r0,Agis,B1,1,40,14,0.35,63,63,1.0,23.868501738052526,0.11000725500343833,0.04292768123341375,1,0
rescuenet,Agis-r0,Agis,B1,2,40,16,0.4,63,63,1.0,22.135630029465457,0.11000725500343833,0.04292768123341375,1,0
rescuenet,Agis-r0,Agis,B1,3,40,18,0.45,63,63,1.0,21.321930639351333,0.11000725500343833,0.04292768123341375,1,0
rescuenet,Agis-r0,Agis,B1,4,40,15,0.375,63,63,1.0,22.84889396422001,0.11000725500343833,0.04292768123341375,1,0
rescuenet,Agis-r0,Agis,B1,5,40,15,0.375,63,63,1.0,22.470292167680253,0.11000725500343833,0.04292768123341375,1,0
rescuenet,Agis-r0,Agis,B1,6,40,15,0.375,63,63,1.0,22.820674388147047,0.11000725500343833,0.04292768123341375,1,0
rescuenet,Agis-r0,Agis,B1,7,40,16,0.4,63,63,1.0,21.469393225660724,0.11000725500343833,0.04292768123341375,1,0
rescuenet,Agis-r0,Agis,B1,8,40,15,0.375,63,63,1.0,23.9895657646995,0.11000725500343833,0.04292768123341375,1,0
rescuenet,Agis-r0,Agis,B1,9,40,15,0.375,63,63,1.0,22.621035911236866,0.11000725500343833,0.04292768123341375,1,0
rescuenet,Agis-r0,Agis,B1,10,40,14,0.35,63,63,1.0,23.92618232830978,0.11000725500343833,0.04292768123341375,1,0
rescuenet,Agis-r0,Agis,B1,11,40,16,0.4,63,63,1.0,22.75997393921261,0.11000725500343833,0.04292768123341375,1,0
rescuenet,Agis-r0,Agis,B1,12,40,15,0.375,63,63,1.0,22.74168268226654,0.11000725500343833,0.04292768123341375,1,0
rescuenet,Agis-r0,Agis,B1,13,40,15,0.375,63,63,1.0,22.592126413790513,0.11000725500343833,0.04292768123341375,1,0
rescuenet,Agis-r0,Agis,B1,14,40,14,0.35,63,63,1.0,22.868442383939684,0.11000725500343833,0.04292768123341375,1,0
rescuenet,Agis-r0,Agis,B1,15,40,16,0.4,63,63,1.0,22.300927413521503,0.11000725500343833,0.04292768123341375,1,0
rescuenet,Agis-r0,Agis,B1,16,40,15,0.375,63,63,1.0,23.39207258005717,0.11000725500343833,0.04292768123341375,1,0
rescuenet,Agis-r0,Agis,B1,17,40,15,0.375,63,63,1.0,24.00530688655863,0.11000725500343833,0.04292768123341375,1,0
rescuenet,Agis-r0,Agis,B1,18,40,16,0.4,63,63,1.0,22.220053581156375,0.11000725500343833,0.04292768123341375,1,0
rescuenet,Agis-r0,Agis,B1,19,40,16,0.4,63,63,1.0,22.653058128341748,0.11000725500343833,0.04292768123341375,1,0
rescuenet,Agis-r0,Agis,B1,20,40,16,0.4,63,63,1.0,21.799574155036947,0.11000725500343833,0.04292768123341375,1,0
rescuenet,Agis-r0,Agis,B1,21,40,15,0.375,63,63,1.0,22.121888967896272,0.11000725500343833,0.04292768123341375,1,0
rescuenet,Agis-r0,Agis,B1,22,40,15,0.375,63,63,1.0,22.958437878264043,0.11000725500343833,0.04292768123341375,1,0
rescuenet,Agis-r0,Agis,B1,23,40,15,0.375,63,63,1.0,23.05501731879411,0.11000725500343833,0.04292768123341375,1,0
rescuenet,Agis-r0,Agis,B1,24,40,16,0.4,63,63,1.0,22.529100110584828,0.11000725500343833,0.04292768123341375,1,0
rescuenet,Agis-r0,Agis,B1,25,40,16,0.4,63,63,1.0,22.110763728155177,0.11000725500343833,0.04292768123341375,1,0
rescuenet,Agis-r0,Agis,B1,26,40,16,0.4,63,63,1.0,22.046346586850245,0.11000725500343833,0.04292768123341375,1,0
rescuenet,Agis-r0,Agis,B1,27,40,15,0.375,63,63,1.0,22.720095049355944,0.11000725500343833,0.04292768123341375,1,0
rescuenet,Agis-r0,Agis,B1,28,40,17,0.425,63,63,1.0,21.992523004917285,0.11000725500343833,0.04292768123341375,1,0
rescuenet,Agis-r0,Agis,B1,29,40,15,0.375,63,63,1.0,22.75578915257438,0.11000725500343833,0.04292768123341375,1,0
rescuenet,Agis-r0,Agis,B2,0,40,26,0.65,63,63,1.0,9.018998729263409,227.35639020799863,0.07093061556661269,1989,14
rescuenet,Agis-r0,Agis,B2,1,40,24,0.6,63,63,1.0,11.175514058900976,227.35639020799863,0.07093061556661269,1989,14
rescuenet,Agis-r0,Agis,B2,2,40,25,0.625,63,63,1.0,8.358803876926057,227.35639020799863,0.07093061556661269,1989,14
rescuenet,Agis-r0,Agis,B2,3,40,26,0.65,63,63,1.0,8.877501976214457,227.35639020799863,0.07093061556661269,1989,14
rescuenet,Agis-r0,Agis,B2,4,40,24,0.6,63,63,1.0,9.94053996869982,227.35639020799863,0.07093061556661269,1989,14
rescuenet,Agis-r0,Agis,B2,5,40,19,0.475,63,63,1.0,10.404899279482333,227.35639020799863,0.07093061556661269,1989,14
rescuenet,Agis-r0,Agis,B2,6,40,22,0.55,63,63,1.0,11.455862755547388,227.35639020799863,0.07093061556661269,1989,14
rescuenet,Agis-r0,Agis,B2,7,40,27,0.675,63,63,1.0,9.126028305575458,227.35639020799863,0.07093061556661269,1989,14
rescuenet,Agis-r0,Agis,B2,8,40,22,0.55,63,63,1.0,11.772176037671656,227.35639020799863,0.07093061556661269,1989,14
rescuenet,Agis-r0,Agis,B2,9,40,26,0.65,63,63,1.0,9.301788153112524,227.35639020799863,0.07093061556661269,1989,14
rescuenet,Agis-r0,Agis,B2,10,40,26,0.65,63,63,1.0,9.849472319429973,227.35639020799863,0.07093061556661269,1989,14
rescuenet,Agis-r0,Agis,B2,11,40,22,0.55,63,63,1.0,11.397517486148923,227.35639020799863,0.07093061556661269,1989,14
rescuenet,Agis-r0,Agis,B2,12,40,26,0.65,63,63,1.0,10.041308936195719,227.35639020799863,0.07093061556661269,1989,14
rescuenet,Agis-r0,Agis,B2,13,40,27,0.675,63,63,1.0,8.217694872619406,227.35639020799863,0.07093061556661269,1989,14
rescuenet,Agis-r0,Agis,B2,14,40,26,0.65,63,63,1.0,9.800009109343653,227.35639020799863,0.07093061556661269,1989,14
rescuenet,Agis-r0,Agis,B2,15,40,24,0.6,63,63,1.0,10.632601901199632,227.35639020799863,0.07093061556661269,1989,14
rescuenet,Agis-r0,Agis,B2,16,40,23,0.575,63,63,1.0,10.527139631952657,227.35639020799863,0.07093061556661269,1989,14
rescuenet,Agis-r0,Agis,B2,17,40,25,0.625,63,63,1.0,9.954514524707056,227.35639020799863,0.07093061556661269,1989,14
rescuenet,Agis-r0,Agis,B2,18,40,28,0.7,63,63,1.0,8.823241139046965,227.35639020799863,0.07093061556661269,1989,14
rescuenet,Agis-r0,Agis,B2,19,40,28,0.7,63,63,1.0,8.010793025532022,227.35639020799863,0.07093061556661269,1989,14
rescuenet,Agis-r0,Agis,B2,20,40,28,0.7,63,63,1.0,8.054017713380317,227.35639020799863,0.07093061556661269,1989,14
rescuenet,Agis-r0,Agis,B2,21,40,28,0.7,63,63,1.0,8.578018160079809,227.35639020799863,0.07093061556661269,1989,14
rescuenet,Agis-r0,Agis,B2,22,40,28,0.7,63,63,1.0,8.061987558272898,227.35639020799863,0.07093061556661269,1989,14
rescuenet,Agis-r0,Agis,B2,23,40,25,0.625,63,63,1.0,10.43360396229124,227.35639020799863,0.07093061556661269,1989,14
rescuenet,Agis-r0,Agis,B2,24,40,25,0.625,63,63,1.0,10.189095293179301,227.35639020799863,0.07093061556661269,1989,14
rescuenet,Agis-r0,Agis,B2,25,40,24,0.6,63,63,1.0,10.949403609805579,227.35639020799863,0.07093061556661269,1989,14
rescuenet,Agis-r0,Agis,B2,26,40,26,0.65,63,63,1.0,9.969205682006065,227.35639020799863,0.07093061556661269,1989,14
rescuenet,Agis-r0,Agis,B2,27,40,22,0.55,63,63,1.0,11.869886984101168,227.35639020799863,0.07093061556661269,1989,14
rescuenet,Agis-r0,Agis,B2,28,40,26,0.65,63,63,1.0,9.204145158280673,227.35639020799863,0.07093061556661269,1989,14
rescuenet,Agis-r0,Agis,B2,29,40,24,0.6,63,63,1.0,9.350704598160435,227.35639020799863,0.07093061556661269,1989,14
rescuenet,Agis-r0,Agis,P,0,40,26,0.65,63,63,1.0,10.120692107241661,241.07215371399798,0.08221263526672071,2001,15
rescuenet,Agis-r0,Agis,P,1,40,26,0.65,63,63,1.0,9.39007954810925,241.07215371399798,0.08221263526672071,2001,15
rescuenet,Agis-r0,Agis,P,2,40,26,0.65,63,63,1.0,8.854534593968163,241.07215371399798,0.08221263526672071,2001,15
rescuenet,Agis-r0,Agis,P,3,40,26,0.65,63,63,1.0,9.03808363848674,241.07215371399798,0.08221263526672071,2001,15
rescuenet,Agis-r0,Agis,P,4,40,25,0.625,63,63,1.0,9.429663434865661,241.07215371399798,0.08221263526672071,2001,15
rescuenet,Agis-r0,Agis,P,5,40,27,0.675,63,63,1.0,7.727858839319413,241.07215371399798,0.08221263526672071,2001,15
rescuenet,Agis-r0,Agis,P,6,40,24,0.6,63,63,1.0,9.73343694620863,241.07215371399798,0.08221263526672071,2001,15
rescuenet,Agis-r0,Agis,P,7,40,27,0.675,63,63,1.0,9.305103159956767,241.07215371399798,0.08221263526672071,2001,15
rescuenet,Agis-r0,Agis,P,8,40,21,0.525,63,63,1.0,10.681753770936902,241.07215371399798,0.08221263526672071,2001,15
rescuenet,Agis-r0,Agis,P,9,40,24,0.6,63,63,1.0,9.27850111457042,241.07215371399798,0.08221263526672071,2001,15
rescuenet,Agis-r0,Agis,P,10,40,25,0.625,63,63,1.0,9.385618161276305,241.07215371399798,0.08221263526672071,2001,15
rescuenet,Agis-r0,Agis,P,11,40,20,0.5,63,63,1.0,11.51521641026964,241.07215371399798,0.08221263526672071,2001,15
rescuenet,Agis-r0,Agis,P,12,40,26,0.65,63,63,1.0,9.517284895022437,241.07215371399798,0.08221263526672071,2001,15
rescuenet,Agis-r0,Agis,P,13,40,23,0.575,63,63,1.0,9.755551942965274,241.07215371399798,0.08221263526672071,2001,15
rescuenet,Agis-r0,Agis,P,14,40,26,0.65,63,63,1.0,9.354606161203762,241.07215371399798,0.08221263526672071,2001,15
rescuenet,Agis-r0,Agis,P,15,40,22,0.55,63,63,1.0,10.557986760199224,241.07215371399798,0.08221263526672071,2001,15
rescuenet,Agis-r0,Agis,P,16,40,23,0.575,63,63,1.0,9.944134033111288,241.07215371399798,0.08221263526672071,2001,15
rescuenet,Agis-r0,Agis,P,17,40,26,0.65,63,63,1.0,8.352923719237038,241.07215371399798,0.08221263526672071,2001,15
rescuenet,Agis-r0,Agis,P,18,40,24,0.6,63,63,1.0,10.412144414196273,241.07215371399798,0.08221263526672071,2001,15
rescuenet,Agis-r0,Agis,P,19,40,26,0.65,63,63,1.0,8.124687410438055,241.07215371399798,0.08221263526672071,2001,15
rescuenet,Agis-r0,Agis,P,20,40,27,0.675,63,63,1.0,8.271660446662281,241.07215371399798,0.08221263526672071,2001,15
rescuenet,Agis-r0,Agis,P,21,40,26,0.65,63,63,1.0,9.06003881169202,241.07215371399798,0.08221263526672071,2001,15
rescuenet,Agis-r0,Agis,P,22,40,25,0.625,63,63,1.0,9.310396012242581,241.07215371399798,0.08221263526672071,2001,15
rescuenet,Agis-r0,Agis,P,23,40,24,0.6,63,63,1.0,9.870866804231374,241.07215371399798,0.08221263526672071,2001,15
rescuenet,Agis-r0,Agis,P,24,40,24,0.6,63,63,1.0,9.514020253570022,241.07215371399798,0.08221263526672071,2001,15
rescuenet,Agis-r0,Agis,P,25,40,26,0.65,63,63,1.0,9.434734786856179,241.07215371399798,0.08221263526672071,2001,15
rescuenet,Agis-r0,Agis,P,26,40,24,0.6,63,63,1.0,10.49927216559268,241.07215371399798,0.08221263526672071,2001,15
rescuenet,Agis-r0,Agis,P,27,40,25,0.625,63,63,1.0,10.263509405442147,241.07215371399798,0.08221263526672071,2001,15
rescuenet,Agis-r0,Agis,P,28,40,24,0.6,63,63,1.0,10.029935510750915,241.07215371399798,0.08221263526672071,2001,15
rescuenet,Agis-r0,Agis,P,29,40,28,0.7,63,63,1.0,8.742622200681335,241.07215371399798,0.08221263526672071,2001,15
rescuenet,Agis-r0,Agis,TRAN,0,40,24,0.6,63,63,1.0,14.214441379229045,445.5046876100023,0.06958409423338405,1,0
rescuenet,Agis-r0,Agis,TRAN,1,40,25,0.625,63,63,1.0,12.453979913744027,445.5046876100023,0.06958409423338405,1,0
rescuenet,Agis-r0,Agis,TRAN,2,40,22,0.55,63,63,1.0,17.424606892545675,445.5046876100023,0.06958409423338405,1,0
rescuenet,Agis-r0,Agis,TRAN,3,40,24,0.6,63,63,1.0,14.83639037236588,445.5046876100023,0.06958409423338405,1,0
rescuenet,Agis-r0,Agis,TRAN,4,40,24,0.6,63,63,1.0,15.028284841605105,445.5046876100023,0.06958409423338405,1,0
rescuenet,Agis-r0,Agis,TRAN,5,40,24,0.6,63,63,1.0,14.061642293468633,445.5046876100023,0.06958409423338405,1,0
rescuenet,Agis-r0,Agis,TRAN,6,40,25,0.625,63,63,1.0,13.921765842713931,445.5046876100023,0.06958409423338405,1,0
rescuenet,Agis-r0,Agis,TRAN,7,40,22,0.55,63,63,1.0,15.681196013787773,445.5046876100023,0.06958409423338405,1,0
rescuenet,Agis-r0,Agis,TRAN,8,40,22,0.55,63,63,1.0,15.579304702691992,445.5046876100023,0.06958409423338405,1,0
rescuenet,Agis-r0,Agis,TRAN,9,40,25,0.625,63,63,1.0,12.894892968359365,445.5046876100023,0.06958409423338405,1,0
rescuenet,Agis-r0,Agis,TRAN,10,40,23,0.575,63,63,1.0,14.585912552980059,445.5046876100023,0.06958409423338405,1,0
rescuenet,Agis-r0,Agis,TRAN,11,40,23,0.575,63,63,1.0,14.949114426660046,445.5046876100023,0.06958409423338405,1,0
rescuenet,Agis-r0,Agis,TRAN,12,40,22,0.55,63,63,1.0,14.993908741896506,445.5046876100023,0.06958409423338405,1,0
rescuenet,Agis-r0,Agis,TRAN,13,40,26,0.65,63,63,1.0,13.419384028813438,445.5046876100023,0.06958409423338405,1,0
rescuenet,Agis-r0,Agis,TRAN,14,40,23,0.575,63,63,1.0,15.200092434927972,445.5046876100023,0.06958409423338405,1,0
rescuenet,Agis-r0,Agis,TRAN,15,40,23,0.575,63,63,1.0,14.268891413149309,445.5046876100023,0.06958409423338405,1,0
rescuenet,Agis-r0,Agis,TRAN,16,40,25,0.625,63,63,1.0,14.187792144479578,445.5046876100023,0.06958409423338405,1,0
rescuenet,Agis-r0,Agis,TRAN,17,40,25,0.625,63,63,1.0,13.639416141757474,445.5046876100023,0.06958409423338405,1,0
rescuenet,Agis-r0,Agis,TRAN,18,40,26,0.65,63,63,1.0,13.72580755648433,445.5046876100023,0.06958409423338405,1,0
rescuenet,Agis-r0,Agis,TRAN,19,40,23,0.575,63,63,1.0,14.652055726253355,445.5046876100023,0.06958409423338405,1,0
rescuenet,Agis-r0,Agis,TRAN,20,40,21,0.525,63,63,1.0,14.946871192310228,445.5046876100023,0.06958409423338405,1,0
rescuenet,Agis-r0,Agis,TRAN,21,40,25,0.625,63,63,1.0,13.890740468440175,445.5046876100023,0.06958409423338405,1,0
rescuenet,Agis-r0,Agis,TRAN,22,40,21,0.525,63,63,1.0,16.126442305029848,445.5046876100023,0.06958409423338405,1,0
rescuenet,Agis-r0,Agis,TRAN,23,40,24,0.6,63,63,1.0,14.611409547326007,445.5046876100023,0.06958409423338405,1,0
rescuenet,Agis-r0,Agis,TRAN,24,40,24,0.6,63,63,1.0,14.257202997703544,445.5046876100023,0.06958409423338405,1,0
rescuenet,Agis-r0,Agis,TRAN,25,40,24,0.6,63,63,1.0,15.527599657948524,445.5046876100023,0.06958409423338405,1,0
rescuenet,Agis-r0,Agis,TRAN,26,40,25,0.625,63,63,1.0,14.039785473848735,445.5046876100023,0.06958409423338405,1,0
rescuenet,Agis-r0,Agis,TRAN,27,40,24,0.6,63,63,1.0,14.534824893186753,445.5046876100023,0.06958409423338405,1,0
rescuenet,Agis-r0,Agis,TRAN,28,40,22,0.55,63,63,1.0,15.082458783129312,445.5046876100023,0.06958409423338405,1,0
rescuenet,Agis-r0,Agis,TRAN,29,40,23,0.575,63,63,1.0,15.577085726485247,445.5046876100023,0.06958409423338405,1,0
rescuenet,Agis-r1,Agis,B0,0,40,5,0.125,63,7,0.1111111111111111,35.0,0.00010672300413716584,0.02588731556655451,1,0
rescuenet,Agis-r1,Agis,B0,1,40,5,0.125,63,7,0.1111111111111111,35.0,0.00010672300413716584,0.02588731556655451,1,0
rescuenet,Agis-r1,Agis,B0,2,40,5,0.125,63,7,0.1111111111111111,35.0,0.00010672300413716584,0.02588731556655451,1,0
rescuenet,Agis-r1,Agis,B0,3,40,5,0.125,63,7,0.1111111111111111,35.0,0.00010672300413716584,0.02588731556655451,1,0
rescuenet,Agis-r1,Agis,B0,4,40,5,0.125,63,7,0.1111111111111111,35.0,0.00010672300413716584,0.02588731556655451,1,0
rescuenet,Agis-r1,Agis,B0,5,40,5,0.125,63,7,0.1111111111111111,35.0,0.00010672300413716584,0.02588731556655451,1,0
rescuenet,Agis-r1,Agis,B0,6,40,5,0.125,63,7,0.1111111111111111,35.0,0.00010672300413716584,0.02588731556655451,1,0
rescuenet,Agis-r1,Agis,B0,7,40,5,0.125,63,7,0.1111111111111111,35.0,0.00010672300413716584,0.02588731556655451,1,0
rescuenet,Agis-r1,Agis,B0,8,40,5,0.125,63,7,0.1111111111111111,35.0,0.00010672300413716584,0.02588731556655451,1,0
rescuenet,Agis-r1,Agis,B0,9,40,5,0.125,63,7,0.1111111111111111,35.0,0.00010672300413716584,0.02588731556655451,1,0
rescuenet,Agis-r1,Agis,B0,10,40,5,0.125,63,7,0.1111111111111111,35.0,0.00010672300413716584,0.02588731556655451,1,0
rescuenet,Agis-r1,Agis,B0,11,40,5,0.125,63,7,0.1111111111111111,35.0,0.00010672300413716584,0.02588731556655451,1,0
rescuenet,Agis-r1,Agis,B0,12,40,5,0.125,63,7,0.1111111111111111,35.0,0.00010672300413716584,0.02588731556655451,1,0
rescuenet,Agis-r1,Agis,B0,13,40,5,0.125,63,7,0.1111111111111111,35.0,0.00010672300413716584,0.02588731556655451,1,0
rescuenet,Agis-r1,Agis,B0,14,40,5,0.125,63,7,0.1111111111111111,35.0,0.00010672300413716584,0.02588731556655451,1,0
rescuenet,Agis-r1,Agis,B0,15,40,5,0.125,63,7,0.1111111111111111,35.0,0.00010672300413716584,0.02588731556655451,1,0
rescuenet,Agis-r1,Agis,B0,16,40,5,0.125,63,7,0.1111111111111111,35.0,0.00010672300413716584,0.02588731556655451,1,0
rescuenet,Agis-r1,Agis,B0,17,40,5,0.125,63,7,0.1111111111111111,35.0,0.00010672300413716584,0.02588731556655451,1,0
rescuenet,Agis-r1,Agis,B0,18,40,5,0.125,63,7,0.1111111111111111,35.0,0.00010672300413716584,0.02588731556655451,1,0
rescuenet,Agis-r1,Agis,B0,19,40,5,0.125,63,7,0.1111111111111111,35.0,0.00010672300413716584,0.02588731556655451,1,0
rescuenet,Agis-r1,Agis,B0,20,40,5,0.125,63,7,0.1111111111111111,35.0,0.00010672300413716584,0.02588731556655451,1,0
rescuenet,Agis-r1,Agis,B0,21,40,5,0.125,63,7,0.1111111111111111,35.0,0.00010672300413716584,0.02588731556655451,1,0
rescuenet,Agis-r1,Agis,B0,22,40,5,0.125,63,7,0.1111111111111111,35.0,0.00010672300413716584,0.02588731556655451,1,0
rescuenet,Agis-r1,Agis,B0,23,40,5,0.125,63,7,0.1111111111111111,35.0,0.00010672300413716584,0.02588731556655451,1,0
rescuenet,Agis-r1,Agis,B0,24,40,5,0.125,63,7,0.1111111111111111,35.0,0.00010672300413716584,0.02588731556655451,1,0
rescuenet,Agis-r1,Agis,B0,25,40,5,0.125,63,7,0.1111111111111111,35.0,0.00010672300413716584,0.02588731556655451,1,0
rescuenet,Agis-r1,Agis,B0,26,40,5,0.125,63,7,0.1111111111111111,35.0,0.00010672300413716584,0.02588731556655451,1,0
rescuenet,Agis-r1,Agis,B0,27,40,5,0.125,63,7,0.1111111111111111,35.0,0.00010672300413716584,0.02588731556655451,1,0
rescuenet,Agis-r1,Agis,B0,28,40,5,0.125,63,7,0.1111111111111111,35.0,0.00010672300413716584,0.02588731556655451,1,0
rescuenet,Agis-r1,Agis,B0,29,40,5,0.125,63,7,0.1111111111111111,35.0,0.00010672300413716584,0.02588731556655451,1,0
rescuenet,Agis-r1,Agis,B1,0,40,7,0.175,63,63,1.0,31.156675407305727,0.1309255550004309,0.030555787499906728,1,0
rescuenet,Agis-r1,Agis,B1,1,40,9,0.225,63,63,1.0,30.50407731455982,0.1309255550004309,0.030555787499906728,1,0
rescuenet,Agis-r1,Agis,B1,2,40,6,0.15,63,63,1.0,31.605804402248303,0.1309255550004309,0.030555787499906728,1,0
rescuenet,Agis-r1,Agis,B1,3,40,11,0.275,63,63,1.0,29.0,0.1309255550004309,0.030555787499906728,1,0
rescuenet,Agis-r1,Agis,B1,4,40,9,0.225,63,63,1.0,29.815499823245666,0.1309255550004309,0.030555787499906728,1,0
rescuenet,Agis-r1,Agis,B1,5,40,9,0.225,63,63,1.0,30.049718573493298,0.1309255550004309,0.030555787499906728,1,0
rescuenet,Agis-r1,Agis,B1,6,40,7,0.175,63,63,1.0,31.58463154901551,0.1309255550004309,0.030555787499906728,1,0
rescuenet,Agis-r1,Agis,B1,7,40,8,0.2,63,63,1.0,30.35352089005062,0.1309255550004309,0.030555787499906728,1,0
rescuenet,Agis-r1,Agis,B1,8,40,6,0.15,63,63,1.0,30.871286450993818,0.1309255550004309,0.030555787499906728,1,0
rescuenet,Agis-r1,Agis,B1,9,40,6,0.15,63,63,1.0,31.704154371769707,0.1309255550004309,0.030555787499906728,1,0
rescuenet,Agis-r1,Agis,B1,10,40,7,0.175,63,63,1.0,31.159215935462417,0.1309255550004309,0.030555787499906728,1,0
rescuenet,Agis-r1,Agis,B1,11,40,8,0.2,63,63,1.0,30.94640572644651,0.1309255550004309,0.030555787499906728,1,0
rescuenet,Agis-r1,Agis,B1,12,40,9,0.225,63,63,1.0,30.99768454934145,0.1309255550004309,0.030555787499906728,1,0
rescuenet,Agis-r1,Agis,B1,13,40,7,0.175,63,63,1.0,31.178552842476716,0.1309255550004309,0.030555787499906728,1,0
rescuenet,Agis-r1,Agis,B1,14,40,8,0.2,63,63,1.0,30.692872786134902,0.1309255550004309,0.030555787499906728,1,0
rescuenet,Agis-r1,Agis,B1,15,40,9,0.225,63,63,1.0,29.543578372420257,0.1309255550004309,0.030555787499906728,1,0
rescuenet,Agis-r1,Agis,B1,16,40,8,0.2,63,63,1.0,30.048520301494474,0.1309255550004309,0.030555787499906728,1,0
rescuenet,Agis-r1,Agis,B1,17,40,8,0.2,63,63,1.0,30.72899169739707,0.1309255550004309,0.030555787499906728,1,0
rescuenet,Agis-r1,Agis,B1,18,40,8,0.2,63,63,1.0,30.56518313943422,0.1309255550004309,0.030555787499906728,1,0
rescuenet,Agis-r1,Agis,B1,19,40,8,0.2,63,63,1.0,30.032041518064673,0.1309255550004309,0.030555787499906728,1,0
rescuenet,Agis-r1,Agis,B1,20,40,7,0.175,63,63,1.0,30.850047962812717,0.1309255550004309,0.030555787499906728,1,0
rescuenet,Agis-r1,Agis,B1,21,40,10,0.25,63,63,1.0,29.066608564066847,0.1309255550004309,0.030555787499906728,1,0
rescuenet,Agis-r1,Agis,B1,22,40,10,0.25,63,63,1.0,29.0637875531802,0.1309255550004309,0.030555787499906728,1,0
rescuenet,Agis-r1,Agis,B1,23,40,9,0.225,63,63,1.0,29.330446467533108,0.1309255550004309,0.030555787499906728,1,0
rescuenet,Agis-r1,Agis,B1,24,40,10,0.25,63,63,1.0,29.406311195835116,0.1309255550004309,0.030555787499906728,1,0
rescuenet,Agis-r1,Agis,B1,25,40,9,0.225,63,63,1.0,30.283537690060445,0.1309255550004309,0.030555787499906728,1,0
rescuenet,Agis-r1,Agis,B1,26,40,8,0.2,63,63,1.0,30.83829484876543,0.1309255550004309,0.030555787499906728,1,0
rescuenet,Agis-r1,Agis,B1,27,40,8,0.2,63,63,1.0,31.52773388523793,0.1309255550004309,0.030555787499906728,1,0
rescuenet,Agis-r1,Agis,B1,28,40,7,0.175,63,63,1.0,30.782716913319547,0.1309255550004309,0.030555787499906728,1,0
rescuenet,Agis-r1,Agis,B1,29,40,8,0.2,63,63,1.0,30.845315176979714,0.1309255550004309,0.030555787499906728,1,0
rescuenet,Agis-r1,Agis,B2,0,40,14,0.35,63,63,1.0,23.852395951902686,187.6134119260023,0.071682406233352,1924,6
rescuenet,Agis-r1,Agis,B2,1,40,12,0.3,63,63,1.0,23.17473516995778,187.6134119260023,0.071682406233352,1924,6
rescuenet,Agis-r1,Agis,B2,2,40,11,0.275,63,63,1.0,24.845818422305673,187.6134119260023,0.071682406233352,1924,6
rescuenet,Agis-r1,Agis,B2,3,40,13,0.325,63,63,1.0,23.453079145778883,187.6134119260023,0.071682406233352,1924,6
rescuenet,Agis-r1,Agis,B2,4,40,11,0.275,63,63,1.0,23.966121723796594,187.6134119260023,0.071682406233352,1924,6
rescuenet,Agis-r1,Agis,B2,5,40,12,0.3,63,63,1.0,25.59149152872768,187.6134119260023,0.071682406233352,1924,6
rescuenet,Agis-r1,Agis,B2,6,40,8,0.2,63,63,1.0,27.73163686143467,187.6134119260023,0.071682406233352,1924,6
rescuenet,Agis-r1,Agis,B2,7,40,12,0.3,63,63,1.0,22.79201498188475,187.6134119260023,0.071682406233352,1924,6
rescuenet,Agis-r1,Agis,B2,8,40,11,0.275,63,63,1.0,25.53791911900144,187.6134119260023,0.071682406233352,1924,6
rescuenet,Agis-r1,Agis,B2,9,40,13,0.325,63,63,1.0,24.289737104775853,187.6134119260023,0.071682406233352,1924,6
rescuenet,Agis-r1,Agis,B2,10,40,9,0.225,63,63,1.0,24.803595821324645,187.6134119260023,0.071682406233352,1924,6
rescuenet,Agis-r1,Agis,B2,11,40,13,0.325,63,63,1.0,23.577499920979218,187.6134119260023,0.071682406233352,1924,6
rescuenet,Agis-r1,Agis,B2,12,40,12,0.3,63,63,1.0,23.926225158245586,187.6134119260023,0.071682406233352,1924,6
rescuenet,Agis-r1,Agis,B2,13,40,10,0.25,63,63,1.0,26.613728015116365,187.6134119260023,0.071682406233352,1924,6
rescuenet,Agis-r1,Agis,B2,14,40,11,0.275,63,63,1.0,25.598107926232995,187.6134119260023,0.071682406233352,1924,6
rescuenet,Agis-r1,Agis,B2,15,40,12,0.3,63,63,1.0,23.2171758740156,187.6134119260023,0.071682406233352,1924,6
rescuenet,Agis-r1,Agis,B2,16,40,14,0.35,63,63,1.0,22.820471714744492,187.6134119260023,0.071682406233352,1924,6
rescuenet,Agis-r1,Agis,B2,17,40,12,0.3,63,63,1.0,24.62626832281823,187.6134119260023,0.071682406233352,1924,6
rescuenet,Agis-r1,Agis,B2,18,40,11,0.275,63,63,1.0,25.131304564735597,187.6134119260023,0.071682406233352,1924,6
rescuenet,Agis-r1,Agis,B2,19,40,13,0.325,63,63,1.0,23.28528670969239,187.6134119260023,0.071682406233352,1924,6
rescuenet,Agis-r1,Agis,B2,20,40,11,0.275,63,63,1.0,24.304530970496764,187.6134119260023,0.071682406233352,1924,6
rescuenet,Agis-r1,Agis,B2,21,40,12,0.3,63,63,1.0,24.52174788980423,187.6134119260023,0.071682406233352,1924,6
rescuenet,Agis-r1,Agis,B2,22,40,15,0.375,63,63,1.0,22.614399793936773,187.6134119260023,0.071682406233352,1924,6
rescuenet,Agis-r1,Agis,B2,23,40,12,0.3,63,63,1.0,23.797274169478122,187.6134119260023,0.071682406233352,1924,6
rescuenet,Agis-r1,Agis,B2,24,40,12,0.3,63,63,1.0,25.219113521119866,187.6134119260023,0.071682406233352,1924,6
rescuenet,Agis-r1,Agis,B2,25,40,11,0.275,63,63,1.0,25.917929767027847,187.6134119260023,0.071682406233352,1924,6
rescuenet,Agis-r1,Agis,B2,26,40,10,0.25,63,63,1.0,26.22564600069786,187.6134119260023,0.071682406233352,1924,6
rescuenet,Agis-r1,Agis,B2,27,40,9,0.225,63,63,1.0,27.3728522230998,187.6134119260023,0.071682406233352,1924,6
rescuenet,Agis-r1,Agis,B2,28,40,14,0.35,63,63,1.0,23.188672108374057,187.6134119260023,0.071682406233352,1924,6
rescuenet,Agis-r1,Agis,B2,29,40,16,0.4,63,63,1.0,22.57544060550595,187.6134119260023,0.071682406233352,1924,6
rescuenet,Agis-r1,Agis,P,0,40,12,0.3,63,63,1.0,23.525024966572886,208.27505109900085,0.07697622809985963,2001,7
rescuenet,Agis-r1,Agis,P,1,40,12,0.3,63,63,1.0,24.20649805824061,208.27505109900085,0.07697622809985963,2001,7
rescuenet,Agis-r1,Agis,P,2,40,11,0.275,63,63,1.0,25.018895745826505,208.27505109900085,0.07697622809985963,2001,7
rescuenet,Agis-r1,Agis,P,3,40,13,0.325,63,63,1.0,23.815902012127843,208.27505109900085,0.07697622809985963,2001,7
rescuenet,Agis-r1,Agis,P,4,40,10,0.25,63,63,1.0,23.643547857575545,208.27505109900085,0.07697622809985963,2001,7
rescuenet,Agis-r1,Agis,P,5,40,11,0.275,63,63,1.0,26.11524116143996,208.27505109900085,0.07697622809985963,2001,7
rescuenet,Agis-r1,Agis,P,6,40,10,0.25,63,63,1.0,26.48193631051652,208.27505109900085,0.07697622809985963,2001,7
rescuenet,Agis-r1,Agis,P,7,40,9,0.225,63,63,1.0,23.775116737704753,208.27505109900085,0.07697622809985963,2001,7
rescuenet,Agis-r1,Agis,P,8,40,11,0.275,63,63,1.0,25.42021427809976,208.27505109900085,0.07697622809985963,2001,7
rescuenet,Agis-r1,Agis,P,9,40,10,0.25,63,63,1.0,26.402904336580956,208.27505109900085,0.07697622809985963,2001,7
rescuenet,Agis-r1,Agis,P,10,40,10,0.25,63,63,1.0,24.108858089297506,208.27505109900085,0.07697622809985963,2001,7
rescuenet,Agis-r1,Agis,P,11,40,10,0.25,63,63,1.0,24.829374275526728,208.27505109900085,0.07697622809985963,2001,7
rescuenet,Agis-r1,Agis,P,12,40,11,0.275,63,63,1.0,24.677177975148307,208.27505109900085,0.07697622809985963,2001,7
rescuenet,Agis-r1,Agis,P,13,40,8,0.2,63,63,1.0,27.226951173740176,208.27505109900085,0.07697622809985963,2001,7
rescuenet,Agis-r1,Agis,P,14,40,10,0.25,63,63,1.0,26.449216646565176,208.27505109900085,0.07697622809985963,2001,7
rescuenet,Agis-r1,Agis,P,15,40,14,0.35,63,63,1.0,22.532731300565743,208.27505109900085,0.07697622809985963,2001,7
rescuenet,Agis-r1,Agis,P,16,40,12,0.3,63,63,1.0,23.268802838363808,208.27505109900085,0.07697622809985963,2001,7
rescuenet,Agis-r1,Agis,P,17,40,12,0.3,63,63,1.0,24.19276615625676,208.27505109900085,0.07697622809985963,2001,7
rescuenet,Agis-r1,Agis,P,18,40,7,0.175,63,63,1.0,27.851219787087725,208.27505109900085,0.07697622809985963,2001,7
rescuenet,Agis-r1,Agis,P,19,40,12,0.3,63,63,1.0,23.048946400740064,208.27505109900085,0.07697622809985963,2001,7
rescuenet,Agis-r1,Agis,P,20,40,13,0.325,63,63,1.0,24.08905472471806,208.27505109900085,0.07697622809985963,2001,7
rescuenet,Agis-r1,Agis,P,21,40,12,0.3,63,63,1.0,24.13355976963141,208.27505109900085,0.07697622809985963,2001,7
rescuenet,Agis-r1,Agis,P,22,40,13,0.325,63,63,1.0,23.11951969118642,208.27505109900085,0.07697622809985963,2001,7
rescuenet,Agis-r1,Agis,P,23,40,10,0.25,63,63,1.0,25.567601230172183,208.27505109900085,0.07697622809985963,2001,7
rescuenet,Agis-r1,Agis,P,24,40,11,0.275,63,63,1.0,25.54898374037125,208.27505109900085,0.07697622809985963,2001,7
rescuenet,Agis-r1,Agis,P,25,40,12,0.3,63,63,1.0,25.262555776234986,208.27505109900085,0.07697622809985963,2001,7
rescuenet,Agis-r1,Agis,P,26,40,9,0.225,63,63,1.0,26.724675498260172,208.27505109900085,0.07697622809985963,2001,7
rescuenet,Agis-r1,Agis,P,27,40,9,0.225,63,63,1.0,26.739579991964245,208.27505109900085,0.07697622809985963,2001,7
rescuenet,Agis-r1,Agis,P,28,40,11,0.275,63,63,1.0,23.4362208565181,208.27505109900085,0.07697622809985963,2001,7
rescuenet,Agis-r1,Agis,P,29,40,13,0.325,63,63,1.0,24.26247932868976,208.27505109900085,0.07697622809985963,2001,7
rescuenet,Agis-r1,Agis,TRAN,0,40,17,0.425,63,63,1.0,20.563783750512666,612.5383563709984,0.06369035796669778,1,0
rescuenet,Agis-r1,Agis,TRAN,1,40,16,0.4,63,63,1.0,20.47186156185715,612.5383563709984,0.06369035796669778,1,0
rescuenet,Agis-r1,Agis,TRAN,2,40,18,0.45,63,63,1.0,20.499074815572317,612.5383563709984,0.06369035796669778,1,0
rescuenet,Agis-r1,Agis,TRAN,3,40,14,0.35,63,63,1.0,22.457263373032564,612.5383563709984,0.06369035796669778,1,0
rescuenet,Agis-r1,Agis,TRAN,4,40,15,0.375,63,63,1.0,23.571794802790965,612.5383563709984,0.06369035796669778,1,0
rescuenet,Agis-r1,Agis,TRAN,5,40,17,0.425,63,63,1.0,19.654007033538385,612.5383563709984,0.06369035796669778,1,0
rescuenet,Agis-r1,Agis,TRAN,6,40,17,0.425,63,63,1.0,20.578996228462,612.5383563709984,0.06369035796669778,1,0
rescuenet,Agis-r1,Agis,TRAN,7,40,15,0.375,63,63,1.0,23.29279259681784,612.5383563709984,0.06369035796669778,1,0
rescuenet,Agis-r1,Agis,TRAN,8,40,17,0.425,63,63,1.0,20.065895620850455,612.5383563709984,0.06369035796669778,1,0
rescuenet,Agis-r1,Agis,TRAN,9,40,19,0.475,63,63,1.0,18.5200998683504,612.5383563709984,0.06369035796669778,1,0
rescuenet,Agis-r1,Agis,TRAN,10,40,18,0.45,63,63,1.0,19.68642649153807,612.5383563709984,0.06369035796669778,1,0
rescuenet,Agis-r1,Agis,TRAN,11,40,20,0.5,63,63,1.0,18.95726641960574,612.5383563709984,0.06369035796669778,1,0
rescuenet,Agis-r1,Agis,TRAN,12,40,17,0.425,63,63,1.0,20.12574109093569,612.5383563709984,0.06369035796669778,1,0
rescuenet,Agis-r1,Agis,TRAN,13,40,18,0.45,63,63,1.0,19.454696449765564,612.5383563709984,0.06369035796669778,1,0
rescuenet,Agis-r1,Agis,TRAN,14,40,20,0.5,63,63,1.0,17.887904963446946,612.5383563709984,0.06369035796669778,1,0
rescuenet,Agis-r1,Agis,TRAN,15,40,15,0.375,63,63,1.0,22.890086222976286,612.5383563709984,0.06369035796669778,1,0
rescuenet,Agis-r1,Agis,TRAN,16,40,15,0.375,63,63,1.0,23.2025300915655,612.5383563709984,0.06369035796669778,1,0
rescuenet,Agis-r1,Agis,TRAN,17,40,21,0.525,63,63,1.0,18.722423912337877,612.5383563709984,0.06369035796669778,1,0
rescuenet,Agis-r1,Agis,TRAN,18,40,17,0.425,63,63,1.0,21.048199280878524,612.5383563709984,0.06369035796669778,1,0
rescuenet,Agis-r1,Agis,TRAN,19,40,16,0.4,63,63,1.0,20.677627227346008,612.5383563709984,0.06369035796669778,1,0
rescuenet,Agis-r1,Agis,TRAN,20,40,17,0.425,63,63,1.0,20.50236363428786,612.5383563709984,0.06369035796669778,1,0
rescuenet,Agis-r1,Agis,TRAN,21,40,19,0.475,63,63,1.0,19.142034060759165,612.5383563709984,0.06369035796669778,1,0
rescuenet,Agis-r1,Agis,TRAN,22,40,18,0.45,63,63,1.0,19.591934006973673,612.5383563709984,0.06369035796669778,1,0
rescuenet,Agis-r1,Agis,TRAN,23,40,14,0.35,63,63,1.0,23.092770571082188,612.5383563709984,0.06369035796669778,1,0
rescuenet,Agis-r1,Agis,TRAN,24,40,16,0.4,63,63,1.0,21.24434385353342,612.5383563709984,0.06369035796669778,1,0
rescuenet,Agis-r1,Agis,TRAN,25,40,19,0.475,63,63,1.0,19.864889808645863,612.5383563709984,0.06369035796669778,1,0
rescuenet,Agis-r1,Agis,TRAN,26,40,18,0.45,63,63,1.0,19.69258502024771,612.5383563709984,0.06369035796669778,1,0
rescuenet,Agis-r1,Agis,TRAN,27,40,16,0.4,63,63,1.0,21.49999152152589,612.5383563709984,0.06369035796669778,1,0
rescuenet,Agis-r1,Agis,TRAN,28,40,17,0.425,63,63,1.0,22.333766832765086,612.5383563709984,0.06369035796669778,1,0
rescuenet,Agis-r1,Agis,TRAN,29,40,16,0.4,63,63,1.0,21.14302372868934,612.5383563709984,0.06369035796669778,1,0
rescuenet,Agis-r2,Agis,B0,0,40,11,0.275,63,19,0.30158730158730157,29.0,0.00013479799963533878,0.03905048823338196,1,0
rescuenet,Agis-r2,Agis,B0,1,40,11,0.275,63,19,0.30158730158730157,29.0,0.00013479799963533878,0.03905048823338196,1,0
rescuenet,Agis-r2,Agis,B0,2,40,11,0.275,63,19,0.30158730158730157,29.0,0.00013479799963533878,0.03905048823338196,1,0
rescuenet,Agis-r2,Agis,B0,3,40,11,0.275,63,19,0.30158730158730157,29.0,0.00013479799963533878,0.03905048823338196,1,0
rescuenet,Agis-r2,Agis,B0,4,40,11,0.275,63,19,0.30158730158730157,29.0,0.00013479799963533878,0.03905048823338196,1,0
rescuenet,Agis-r2,Agis,B0,5,40,11,0.275,63,19,0.30158730158730157,29.0,0.00013479799963533878,0.03905048823338196,1,0
rescuenet,Agis-r2,Agis,B0,6,40,11,0.275,63,19,0.30158730158730157,29.0,0.00013479799963533878,0.03905048823338196,1,0
rescuenet,Agis-r2,Agis,B0,7,40,11,0.275,63,19,0.30158730158730157,29.0,0.00013479799963533878,0.03905048823338196,1,0
rescuenet,Agis-r2,Agis,B0,8,40,11,0.275,63,19,0.30158730158730157,29.0,0.00013479799963533878,0.03905048823338196,1,0
rescuenet,Agis-r2,Agis,B0,9,40,11,0.275,63,19,0.30158730158730157,29.0,0.00013479799963533878,0.03905048823338196,1,0
rescuenet,Agis-r2,Agis,B0,10,40,11,0.275,63,19,0.30158730158730157,29.0,0.00013479799963533878,0.03905048823338196,1,0
rescuenet,Agis-r2,Agis,B0,11,40,11,0.275,63,19,0.30158730158730157,29.0,0.00013479799963533878,0.03905048823338196,1,0
rescuenet,Agis-r2,Agis,B0,12,40,11,0.275,63,19,0.30158730158730157,29.0,0.00013479799963533878,0.03905048823338196,1,0
rescuenet,Agis-r2,Agis,B0,13,40,11,0.275,63,19,0.30158730158730157,29.0,0.00013479799963533878,0.03905048823338196,1,0
rescuenet,Agis-r2,Agis,B0,14,40,11,0.275,63,19,0.30158730158730157,29.0,0.00013479799963533878,0.03905048823338196,1,0
rescuenet,Agis-r2,Agis,B0,15,40,11,0.275,63,19,0.30158730158730157,29.0,0.00013479799963533878,0.03905048823338196,1,0
rescuenet,Agis-r2,Agis,B0,16,40,11,0.275,63,19,0.30158730158730157,29.0,0.00013479799963533878,0.03905048823338196,1,0
rescuenet,Agis-r2,Agis,B0,17,40,11,0.275,63,19,0.30158730158730157,29.0,0.00013479799963533878,0.03905048823338196,1,0
rescuenet,Agis-r2,Agis,B0,18,40,11,0.275,63,19,0.30158730158730157,29.0,0.00013479799963533878,0.03905048823338196,1,0
rescuenet,Agis-r2,Agis,B0,19,40,11,0.275,63,19,0.30158730158730157,29.0,0.00013479799963533878,0.03905048823338196,1,0
rescuenet,Agis-r2,Agis,B0,20,40,11,0.275,63,19,0.30158730158730157,29.0,0.00013479799963533878,0.03905048823338196,1,0
rescuenet,Agis-r2,Agis,B0,21,40,11,0.275,63,19,0.30158730158730157,29.0,0.00013479799963533878,0.03905048823338196,1,0
rescuenet,Agis-r2,Agis,B0,22,40,11,0.275,63,19,0.30158730158730157,29.0,0.00013479799963533878,0.03905048823338196,1,0
rescuenet,Agis-r2,Agis,B0,23,40,11,0.275,63,19,0.30158730158730157,29.0,0.00013479799963533878,0.03905048823338196,1,0
rescuenet,Agis-r2,Agis,B0,24,40,11,0.275,63,19,0.30158730158730157,29.0,0.00013479799963533878,0.03905048823338196,1,0
rescuenet,Agis-r2,Agis,B0,25,40,11,0.275,63,19,0.30158730158730157,29.0,0.00013479799963533878,0.03905048823338196,1,0
rescuenet,Agis-r2,Agis,B0,26,40,11,0.275,63,19,0.30158730158730157,29.0,0.00013479799963533878,0.03905048823338196,1,0
rescuenet,Agis-r2,Agis,B0,27,40,11,0.275,63,19,0.30158730158730157,29.0,0.00013479799963533878,0.03905048823338196,1,0
rescuenet,Agis-r2,Agis,B0,28,40,11,0.275,63,19,0.30158730158730157,29.0,0.00013479799963533878,0.03905048823338196,1,0
rescuenet,Agis-r2,Agis,B0,29,40,11,0.275,63,19,0.30158730158730157,29.0,0.00013479799963533878,0.03905048823338196,1,0
rescuenet,Agis-r2,Agis,B1,0,40,13,0.325,63,63,1.0,27.0,0.14288680200115778,0.041908146533144945,1,0
rescuenet,Agis-r2,Agis,B1,1,40,12,0.3,63,63,1.0,27.409108053201027,0.14288680200115778,0.041908146533144945,1,0
rescuenet,Agis-r2,Agis,B1,2,40,12,0.3,63,63,1.0,27.263728329634002,0.14288680200115778,0.041908146533144945,1,0
rescuenet,Agis-r2,Agis,B1,3,40,11,0.275,63,63,1.0,27.76836397097086,0.14288680200115778,0.041908146533144945,1,0
rescuenet,Agis-r2,Agis,B1,4,40,12,0.3,63,63,1.0,27.86420981022963,0.14288680200115778,0.041908146533144945,1,0
rescuenet,Agis-r2,Agis,B1,5,40,11,0.275,63,63,1.0,28.201269137168623,0.14288680200115778,0.041908146533144945,1,0
rescuenet,Agis-r2,Agis,B1,6,40,13,0.325,63,63,1.0,27.0,0.14288680200115778,0.041908146533144945,1,0
rescuenet,Agis-r2,Agis,B1,7,40,13,0.325,63,63,1.0,27.0,0.14288680200115778,0.041908146533144945,1,0
rescuenet,Agis-r2,Agis,B1,8,40,13,0.325,63,63,1.0,27.0,0.14288680200115778,0.041908146533144945,1,0
rescuenet,Agis-r2,Agis,B1,9,40,11,0.275,63,63,1.0,27.57221214081829,0.14288680200115778,0.041908146533144945,1,0
rescuenet,Agis-r2,Agis,B1,10,40,13,0.325,63,63,1.0,27.0,0.14288680200115778,0.041908146533144945,1,0
rescuenet,Agis-r2,Agis,B1,11,40,11,0.275,63,63,1.0,27.2572711372674,0.14288680200115778,0.041908146533144945,1,0
rescuenet,Agis-r2,Agis,B1,12,40,13,0.325,63,63,1.0,27.0,0.14288680200115778,0.041908146533144945,1,0
rescuenet,Agis-r2,Agis,B1,13,40,12,0.3,63,63,1.0,27.280604657970482,0.14288680200115778,0.041908146533144945,1,0
rescuenet,Agis-r2,Agis,B1,14,40,12,0.3,63,63,1.0,27.58105481789039,0.14288680200115778,0.041908146533144945,1,0
rescuenet,Agis-r2,Agis,B1,15,40,11,0.275,63,63,1.0,28.23575243857638,0.14288680200115778,0.041908146533144945,1,0
rescuenet,Agis-r2,Agis,B1,16,40,12,0.3,63,63,1.0,27.397394746628013,0.14288680200115778,0.041908146533144945,1,0
rescuenet,Agis-r2,Agis,B1,17,40,13,0.325,63,63,1.0,27.0,0.14288680200115778,0.041908146533144945,1,0
rescuenet,Agis-r2,Agis,B1,18,40,12,0.3,63,63,1.0,27.565410072282262,0.14288680200115778,0.041908146533144945,1,0
rescuenet,Agis-r2,Agis,B1,19,40,12,0.3,63,63,1.0,27.066410962605644,0.14288680200115778,0.041908146533144945,1,0
rescuenet,Agis-r2,Agis,B1,20,40,12,0.3,63,63,1.0,27.600471972733846,0.14288680200115778,0.041908146533144945,1,0
rescuenet,Agis-r2,Agis,B1,21,40,12,0.3,63,63,1.0,27.15379021749962,0.14288680200115778,0.041908146533144945,1,0
rescuenet,Agis-r2,Agis,B1,22,40,11,0.275,63,63,1.0,27.796353379436265,0.14288680200115778,0.041908146533144945,1,0
rescuenet,Agis-r2,Agis,B1,23,40,13,0.325,63,63,1.0,27.0,0.14288680200115778,0.041908146533144945,1,0
rescuenet,Agis-r2,Agis,B1,24,40,13,0.325,63,63,1.0,27.0,0.14288680200115778,0.041908146533144945,1,0
rescuenet,Agis-r2,Agis,B1,25,40,12,0.3,63,63,1.0,27.06976463634019,0.14288680200115778,0.041908146533144945,1,0
rescuenet,Agis-r2,Agis,B1,26,40,11,0.275,63,63,1.0,28.219265923110616,0.14288680200115778,0.041908146533144945,1,0
rescuenet,Agis-r2,Agis,B1,27,40,12,0.3,63,63,1.0,27.064326534618615,0.14288680200115778,0.041908146533144945,1,0
rescuenet,Agis-r2,Agis,B1,28,40,11,0.275,63,63,1.0,28.543830484099463,0.14288680200115778,0.041908146533144945,1,0
rescuenet,Agis-r2,Agis,B1,29,40,12,0.3,63,63,1.0,27.257441609925063,0.14288680200115778,0.041908146533144945,1,0
rescuenet,Agis-r2,Agis,B2,0,40,18,0.45,63,63,1.0,19.211098669543688,194.80841242799943,0.060393781300081176,2001,12
rescuenet,Agis-r2,Agis,B2,1,40,18,0.45,63,63,1.0,18.911089476091803,194.80841242799943,0.060393781300081176,2001,12
rescuenet,Agis-r2,Agis,B2,2,40,17,0.425,63,63,1.0,21.05914498831916,194.80841242799943,0.060393781300081176,2001,12
rescuenet,Agis-r2,Agis,B2,3,40,18,0.45,63,63,1.0,20.042161256066507,194.80841242799943,0.060393781300081176,2001,12
rescuenet,Agis-r2,Agis,B2,4,40,18,0.45,63,63,1.0,19.658362700381673,194.80841242799943,0.060393781300081176,2001,12
rescuenet,Agis-r2,Agis,B2,5,40,18,0.45,63,63,1.0,19.63658373189438,194.80841242799943,0.060393781300081176,2001,12
rescuenet,Agis-r2,Agis,B2,6,40,16,0.4,63,63,1.0,20.334084223383453,194.80841242799943,0.060393781300081176,2001,12
rescuenet,Agis-r2,Agis,B2,7,40,19,0.475,63,63,1.0,19.326348966814102,194.80841242799943,0.060393781300081176,2001,12
rescuenet,Agis-r2,Agis,B2,8,40,17,0.425,63,63,1.0,18.896084025146344,194.80841242799943,0.060393781300081176,2001,12
rescuenet,Agis-r2,Agis,B2,9,40,19,0.475,63,63,1.0,19.142428818237857,194.80841242799943,0.060393781300081176,2001,12
rescuenet,Agis-r2,Agis,B2,10,40,18,0.45,63,63,1.0,19.502265140497904,194.80841242799943,0.060393781300081176,2001,12
rescuenet,Agis-r2,Agis,B2,11,40,18,0.45,63,63,1.0,19.684624782188788,194.80841242799943,0.060393781300081176,2001,12
rescuenet,Agis-r2,Agis,B2,12,40,16,0.4,63,63,1.0,20.237258258396196,194.80841242799943,0.060393781300081176,2001,12
rescuenet,Agis-r2,Agis,B2,13,40,19,0.475,63,63,1.0,19.311952933911993,194.80841242799943,0.060393781300081176,2001,12
rescuenet,Agis-r2,Agis,B2,14,40,17,0.425,63,63,1.0,18.80055340401475,194.80841242799943,0.060393781300081176,2001,12
rescuenet,Agis-r2,Agis,B2,15,40,16,0.4,63,63,1.0,21.458698991422846,194.80841242799943,0.060393781300081176,2001,12
rescuenet,Agis-r2,Agis,B2,16,40,16,0.4,63,63,1.0,20.510880908547673,194.80841242799943,0.060393781300081176,2001,12
rescuenet,Agis-r2,Agis,B2,17,40,17,0.425,63,63,1.0,19.75447639086146,194.80841242799943,0.060393781300081176,2001,12
rescuenet,Agis-r2,Agis,B2,18,40,16,0.4,63,63,1.0,19.932534774853465,194.80841242799943,0.060393781300081176,2001,12
rescuenet,Agis-r2,Agis,B2,19,40,18,0.45,63,63,1.0,20.8028494241985,194.80841242799943,0.060393781300081176,2001,12
rescuenet,Agis-r2,Agis,B2,20,40,17,0.425,63,63,1.0,20.138591450667562,194.80841242799943,0.060393781300081176,2001,12
rescuenet,Agis-r2,Agis,B2,21,40,17,0.425,63,63,1.0,21.128206798918537,194.80841242799943,0.060393781300081176,2001,12
rescuenet,Agis-r2,Agis,B2,22,40,18,0.45,63,63,1.0,18.541148300695806,194.80841242799943,0.060393781300081176,2001,12
rescuenet,Agis-r2,Agis,B2,23,40,17,0.425,63,63,1.0,21.02052156953507,194.80841242799943,0.060393781300081176,2001,12
rescuenet,Agis-r2,Agis,B2,24,40,17,0.425,63,63,1.0,19.19804291620502,194.80841242799943,0.060393781300081176,2001,12
rescuenet,Agis-r2,Agis,B2,25,40,17,0.425,63,63,1.0,19.839294990166938,194.80841242799943,0.060393781300081176,2001,12
rescuenet,Agis-r2,Agis,B2,26,40,18,0.45,63,63,1.0,19.340282781416217,194.80841242799943,0.060393781300081176,2001,12
rescuenet,Agis-r2,Agis,B2,27,40,18,0.45,63,63,1.0,19.388781721761525,194.80841242799943,0.060393781300081176,2001,12
rescuenet,Agis-r2,Agis,B2,28,40,18,0.45,63,63,1.0,19.989118002799724,194.80841242799943,0.060393781300081176,2001,12
rescuenet,Agis-r2,Agis,B2,29,40,18,0.45,63,63,1.0,19.322866799825658,194.80841242799943,0.060393781300081176,2001,12
rescuenet,Agis-r2,Agis,P,0,40,19,0.475,63,63,1.0,14.495360969508983,211.94337745400117,0.06613041436673181,2001,17
rescuenet,Agis-r2,Agis,P,1,40,22,0.55,63,63,1.0,14.066351989480262,211.94337745400117,0.06613041436673181,2001,17
rescuenet,Agis-r2,Agis,P,2,40,21,0.525,63,63,1.0,15.693553568673329,211.94337745400117,0.06613041436673181,2001,17
rescuenet,Agis-r2,Agis,P,3,40,19,0.475,63,63,1.0,16.368297706530782,211.94337745400117,0.06613041436673181,2001,17
rescuenet,Agis-r2,Agis,P,4,40,21,0.525,63,63,1.0,16.169307191304906,211.94337745400117,0.06613041436673181,2001,17
rescuenet,Agis-r2,Agis,P,5,40,22,0.55,63,63,1.0,14.571131157891392,211.94337745400117,0.06613041436673181,2001,17
rescuenet,Agis-r2,Agis,P,6,40,20,0.5,63,63,1.0,15.426855205312817,211.94337745400117,0.06613041436673181,2001,17
rescuenet,Agis-r2,Agis,P,7,40,19,0.475,63,63,1.0,16.838383150200535,211.94337745400117,0.06613041436673181,2001,17
rescuenet,Agis-r2,Agis,P,8,40,23,0.575,63,63,1.0,13.944222048320261,211.94337745400117,0.06613041436673181,2001,17
rescuenet,Agis-r2,Agis,P,9,40,22,0.55,63,63,1.0,14.41860718113612,211.94337745400117,0.06613041436673181,2001,17
rescuenet,Agis-r2,Agis,P,10,40,20,0.5,63,63,1.0,15.91276410730977,211.94337745400117,0.06613041436673181,2001,17
rescuenet,Agis-r2,Agis,P,11,40,20,0.5,63,63,1.0,16.177070146637284,211.94337745400117,0.06613041436673181,2001,17
rescuenet,Agis-r2,Agis,P,12,40,21,0.525,63,63,1.0,15.278592919232455,211.94337745400117,0.06613041436673181,2001,17
rescuenet,Agis-r2,Agis,P,13,40,22,0.55,63,63,1.0,14.1425780394426,211.94337745400117,0.06613041436673181,2001,17
rescuenet,Agis-r2,Agis,P,14,40,21,0.525,63,63,1.0,15.629035710572342,211.94337745400117,0.06613041436673181,2001,17
rescuenet,Agis-r2,Agis,P,15,40,21,0.525,63,63,1.0,17.753868109048458,211.94337745400117,0.06613041436673181,2001,17
rescuenet,Agis-r2,Agis,P,16,40,20,0.5,63,63,1.0,16.85051946570261,211.94337745400117,0.06613041436673181,2001,17
rescuenet,Agis-r2,Agis,P,17,40,21,0.525,63,63,1.0,14.778712090559594,211.94337745400117,0.06613041436673181,2001,17
rescuenet,Agis-r2,Agis,P,18,40,22,0.55,63,63,1.0,15.798734946055848,211.94337745400117,0.06613041436673181,2001,17
rescuenet,Agis-r2,Agis,P,19,40,21,0.525,63,63,1.0,15.871169283249703,211.94337745400117,0.06613041436673181,2001,17
rescuenet,Agis-r2,Agis,P,20,40,21,0.525,63,63,1.0,15.412104111006627,211.94337745400117,0.06613041436673181,2001,17
rescuenet,Agis-r2,Agis,P,21,40,20,0.5,63,63,1.0,16.54275496166889,211.94337745400117,0.06613041436673181,2001,17
rescuenet,Agis-r2,Agis,P,22,40,21,0.525,63,63,1.0,14.540207463251399,211.94337745400117,0.06613041436673181,2001,17
rescuenet,Agis-r2,Agis,P,23,40,21,0.525,63,63,1.0,15.77464449237741,211.94337745400117,0.06613041436673181,2001,17
rescuenet,Agis-r2,Agis,P,24,40,22,0.55,63,63,1.0,14.635481247507002,211.94337745400117,0.06613041436673181,2001,17
rescuenet,Agis-r2,Agis,P,25,40,22,0.55,63,63,1.0,14.17404218070104,211.94337745400117,0.06613041436673181,2001,17
rescuenet,Agis-r2,Agis,P,26,40,18,0.45,63,63,1.0,17.437935999422333,211.94337745400117,0.06613041436673181,2001,17
rescuenet,Agis-r2,Agis,P,27,40,21,0.525,63,63,1.0,15.47236961373438,211.94337745400117,0.06613041436673181,2001,17
rescuenet,Agis-r2,Agis,P,28,40,20,0.5,63,63,1.0,16.550308386598047,211.94337745400117,0.06613041436673181,2001,17
rescuenet,Agis-r2,Agis,P,29,40,22,0.55,63,63,1.0,14.946120273335913,211.94337745400117,0.06613041436673181,2001,17
rescuenet,Agis-r2,Agis,TRAN,0,40,19,0.475,63,63,1.0,16.414054426587136,475.11414505199355,0.08270788956676066,1,0
rescuenet,Agis-r2,Agis,TRAN,1,40,19,0.475,63,63,1.0,18.849688651346828,475.11414505199355,0.08270788956676066,1,0
rescuenet,Agis-r2,Agis,TRAN,2,40,18,0.45,63,63,1.0,18.344375976456885,475.11414505199355,0.08270788956676066,1,0
rescuenet,Agis-r2,Agis,TRAN,3,40,16,0.4,63,63,1.0,19.75172126758734,475.11414505199355,0.08270788956676066,1,0
rescuenet,Agis-r2,Agis,TRAN,4,40,20,0.5,63,63,1.0,18.138887450763583,475.11414505199355,0.08270788956676066,1,0
rescuenet,Agis-r2,Agis,TRAN,5,40,16,0.4,63,63,1.0,19.97102670172296,475.11414505199355,0.08270788956676066,1,0
rescuenet,Agis-r2,Agis,TRAN,6,40,19,0.475,63,63,1.0,18.043328597370717,475.11414505199355,0.08270788956676066,1,0
rescuenet,Agis-r2,Agis,TRAN,7,40,19,0.475,63,63,1.0,17.943873466927734,475.11414505199355,0.08270788956676066,1,0
rescuenet,Agis-r2,Agis,TRAN,8,40,20,0.5,63,63,1.0,18.118288899397747,475.11414505199355,0.08270788956676066,1,0
rescuenet,Agis-r2,Agis,TRAN,9,40,20,0.5,63,63,1.0,16.179887787581595,475.11414505199355,0.08270788956676066,1,0
rescuenet,Agis-r2,Agis,TRAN,10,40,21,0.525,63,63,1.0,18.04211403227069,475.11414505199355,0.08270788956676066,1,0
rescuenet,Agis-r2,Agis,TRAN,11,40,17,0.425,63,63,1.0,19.061910563359827,475.11414505199355,0.08270788956676066,1,0
rescuenet,Agis-r2,Agis,TRAN,12,40,17,0.425,63,63,1.0,21.048801475817847,475.11414505199355,0.08270788956676066,1,0
rescuenet,Agis-r2,Agis,TRAN,13,40,20,0.5,63,63,1.0,17.879945408394256,475.11414505199355,0.08270788956676066,1,0
rescuenet,Agis-r2,Agis,TRAN,14,40,16,0.4,63,63,1.0,20.0202822577975,475.11414505199355,0.08270788956676066,1,0
rescuenet,Agis-r2,Agis,TRAN,15,40,18,0.45,63,63,1.0,17.84318915461039,475.11414505199355,0.08270788956676066,1,0
rescuenet,Agis-r2,Agis,TRAN,16,40,19,0.475,63,63,1.0,18.60964396548319,475.11414505199355,0.08270788956676066,1,0
rescuenet,Agis-r2,Agis,TRAN,17,40,17,0.425,63,63,1.0,19.696523515582296,475.11414505199355,0.08270788956676066,1,0
rescuenet,Agis-r2,Agis,TRAN,18,40,17,0.425,63,63,1.0,19.738759526982975,475.11414505199355,0.08270788956676066,1,0
rescuenet,Agis-r2,Agis,TRAN,19,40,16,0.4,63,63,1.0,20.12885481931207,475.11414505199355,0.08270788956676066,1,0
rescuenet,Agis-r2,Agis,TRAN,20,40,18,0.45,63,62,0.9841269841269841,19.917949701256468,475.11414505199355,0.08270788956676066,1,0
rescuenet,Agis-r2,Agis,TRAN,21,40,17,0.425,63,63,1.0,20.986347953485293,475.11414505199355,0.08270788956676066,1,0
rescuenet,Agis-r2,Agis,TRAN,22,40,19,0.475,63,63,1.0,18.54248581048032,475.11414505199355,0.08270788956676066,1,0
rescuenet,Agis-r2,Agis,TRAN,23,40,16,0.4,63,63,1.0,19.525893440902685,475.11414505199355,0.08270788956676066,1,0
rescuenet,Agis-r2,Agis,TRAN,24,40,21,0.525,63,63,1.0,16.650537363414582,475.11414505199355,0.08270788956676066,1,0
rescuenet,Agis-r2,Agis,TRAN,25,40,17,0.425,63,63,1.0,19.979224271715054,475.11414505199355,0.08270788956676066,1,0
rescuenet,Agis-r2,Agis,TRAN,26,40,19,0.475,63,63,1.0,17.788008986993756,475.11414505199355,0.08270788956676066,1,0
rescuenet,Agis-r2,Agis,TRAN,27,40,19,0.475,63,63,1.0,19.6031066129552,475.11414505199355,0.08270788956676066,1,0
rescuenet,Agis-r2,Agis,TRAN,28,40,21,0.525,63,63,1.0,16.772233905545622,475.11414505199355,0.08270788956676066,1,0
rescuenet,Agis-r2,Agis,TRAN,29,40,17,0.425,63,63,1.0,21.11638694185185,475.11414505199355,0.08270788956676066,1,0
rescuenet,Belnet2008-r0,Belnet2008,B0,0,40,26,0.65,63,50,0.7936507936507936,13.525370178337127,0.00013504299568012357,0.05241423190018395,1,0
rescuenet,Belnet2008-r0,Belnet2008,B0,1,40,26,0.65,63,50,0.7936507936507936,13.525370178337127,0.00013504299568012357,0.05241423190018395,1,0
rescuenet,Belnet2008-r0,Belnet2008,B0,2,40,26,0.65,63,50,0.7936507936507936,13.525370178337127,0.00013504299568012357,0.05241423190018395,1,0
rescuenet,Belnet2008-r0,Belnet2008,B0,3,40,26,0.65,63,50,0.7936507936507936,13.525370178337127,0.00013504299568012357,0.05241423190018395,1,0
rescuenet,Belnet2008-r0,Belnet2008,B0,4,40,26,0.65,63,50,0.7936507936507936,13.525370178337127,0.00013504299568012357,0.05241423190018395,1,0
rescuenet,Belnet2008-r0,Belnet2008,B0,5,40,26,0.65,63,50,0.7936507936507936,13.525370178337127,0.00013504299568012357,0.05241423190018395,1,0
rescuenet,Belnet2008-r0,Belnet2008,B0,6,40,26,0.65,63,50,0.7936507936507936,13.525370178337127,0.00013504299568012357,0.05241423190018395,1,0
rescuenet,Belnet2008-r0,Belnet2008,B0,7,40,26,0.65,63,50,0.7936507936507936,13.525370178337127,0.00013504299568012357,0.05241423190018395,1,0
rescuenet,Belnet2008-r0,Belnet2008,B0,8,40,26,0.65,63,50,0.7936507936507936,13.525370178337127,0.00013504299568012357,0.05241423190018395,1,0
rescuenet,Belnet2008-r0,Belnet2008,B0,9,40,26,0.65,63,50,0.7936507936507936,13.525370178337127,0.00013504299568012357,0.05241423190018395,1,0
rescuenet,Belnet2008-r0,Belnet2008,B0,10,40,26,0.65,63,50,0.7936507936507936,13.525370178337127,0.00013504299568012357,0.05241423190018395,1,0
rescuenet,Belnet2008-r0,Belnet2008,B0,11,40,26,0.65,63,50,0.7936507936507936,13.525370178337127,0.00013504299568012357,0.05241423190018395,1,0
rescuenet,Belnet2008-r0,Belnet2008,B0,12,40,26,0.65,63,50,0.7936507936507936,13.525370178337127,0.00013504299568012357,0.05241423190018395,1,0
rescuenet,Belnet2008-r0,Belnet2008,B0,13,40,26,0.65,63,50,0.7936507936507936,13.525370178337127,0.00013504299568012357,0.05241423190018395,1,0
rescuenet,Belnet2008-r0,Belnet2008,B0,14,40,26,0.65,63,50,0.7936507936507936,13.525370178337127,0.00013504299568012357,0.05241423190018395,1,0
rescuenet,Belnet2008-r0,Belnet2008,B0,15,40,26,0.65,63,50,0.7936507936507936,13.525370178337127,0.00013504299568012357,0.05241423190018395,1,0
rescuenet,Belnet2008-r0,Belnet2008,B0,16,40,26,0.65,63,50,0.7936507936507936,13.525370178337127,0.00013504299568012357,0.05241423190018395,1,0
rescuenet,Belnet2008-r0,Belnet2008,B0,17,40,26,0.65,63,50,0.7936507936507936,13.525370178337127,0.00013504299568012357,0.05241423190018395,1,0
rescuenet,Belnet2008-r0,Belnet2008,B0,18,40,26,0.65,63,50,0.7936507936507936,13.525370178337127,0.00013504299568012357,0.05241423190018395,1,0
rescuenet,Belnet2008-r0,Belnet2008,B0,19,40,26,0.65,63,50,0.7936507936507936,13.525370178337127,0.00013504299568012357,0.05241423190018395,1,0
rescuenet,Belnet2008-r0,Belnet2008,B0,20,40,26,0.65,63,50,0.7936507936507936,13.525370178337127,0.00013504299568012357,0.05241423190018395,1,0
rescuenet,Belnet2008-r0,Belnet2008,B0,21,40,26,0.65,63,50,0.7936507936507936,13.525370178337127,0.00013504299568012357,0.05241423190018395,1,0
rescuenet,Belnet2008-r0,Belnet2008,B0,22,40,26,0.65,63,50,0.7936507936507936,13.525370178337127,0.00013504299568012357,0.05241423190018395,1,0
rescuenet,Belnet2008-r0,Belnet2008,B0,23,40,26,0.65,63,50,0.7936507936507936,13.525370178337127,0.00013504299568012357,0.05241423190018395,1,0
rescuenet,Belnet2008-r0,Belnet2008,B0,24,40,26,0.65,63,50,0.7936507936507936,13.525370178337127,0.00013504299568012357,0.05241423190018395,1,0
rescuenet,Belnet2008-r0,Belnet2008,B0,25,40,26,0.65,63,50,0.7936507936507936,13.525370178337127,0.00013504299568012357,0.05241423190018395,1,0
rescuenet,Belnet2008-r0,Belnet2008,B0,26,40,26,0.65,63,50,0.7936507936507936,13.525370178337127,0.00013504299568012357,0.05241423190018395,1,0
rescuenet,Belnet2008-r0,Belnet2008,B0,27,40,26,0.65,63,50,0.7936507936507936,13.525370178337127,0.00013504299568012357,0.05241423190018395,1,0
rescuenet,Belnet2008-r0,Belnet2008,B0,28,40,26,0.65,63,50,0.7936507936507936,13.525370178337127,0.00013504299568012357,0.05241423190018395,1,0
rescuenet,Belnet2008-r0,Belnet2008,B0,29,40,26,0.65,63,50,0.7936507936507936,13.525370178337127,0.00013504299568012357,0.05241423190018395,1,0
rescuenet,Belnet2008-r0,Belnet2008,B1,0,40,28,0.7,63,63,1.0,12.0,0.17517946699808817,0.050301985566572206,1,0
rescuenet,Belnet2008-r0,Belnet2008,B1,1,40,28,0.7,63,63,1.0,12.0,0.17517946699808817,0.050301985566572206,1,0
rescuenet,Belnet2008-r0,Belnet2008,B1,2,40,26,0.65,63,63,1.0,12.493994514128207,0.17517946699808817,0.050301985566572206,1,0
rescuenet,Belnet2008-r0,Belnet2008,B1,3,40,28,0.7,63,63,1.0,12.0,0.17517946699808817,0.050301985566572206,1,0
rescuenet,Belnet2008-r0,Belnet2008,B1,4,40,27,0.675,63,63,1.0,12.112608626756328,0.17517946699808817,0.050301985566572206,1,0
rescuenet,Belnet2008-r0,Belnet2008,B1,5,40,27,0.675,63,63,1.0,12.02091772892138,0.17517946699808817,0.050301985566572206,1,0
rescuenet,Belnet2008-r0,Belnet2008,B1,6,40,28,0.7,63,63,1.0,12.0,0.17517946699808817,0.050301985566572206,1,0
rescuenet,Belnet2008-r0,Belnet2008,B1,7,40,27,0.675,63,63,1.0,12.948977397226278,0.17517946699808817,0.050301985566572206,1,0
rescuenet,Belnet2008-r0,Belnet2008,B1,8,40,28,0.7,63,63,1.0,12.0,0.17517946699808817,0.050301985566572206,1,0
rescuenet,Belnet2008-r0,Belnet2008,B1,9,40,28,0.7,63,63,1.0,12.0,0.17517946699808817,0.050301985566572206,1,0
rescuenet,Belnet2008-r0,Belnet2008,B1,10,40,27,0.675,63,63,1.0,12.669346726052634,0.17517946699808817,0.050301985566572206,1,0
rescuenet,Belnet2008-r0,Belnet2008,B1,11,40,28,0.7,63,63,1.0,12.0,0.17517946699808817,0.050301985566572206,1,0
rescuenet,Belnet2008-r0,Belnet2008,B1,12,40,28,0.7,63,63,1.0,12.0,0.17517946699808817,0.050301985566572206,1,0
rescuenet,Belnet2008-r0,Belnet2008,B1,13,40,28,0.7,63,63,1.0,12.0,0.17517946699808817,0.050301985566572206,1,0
rescuenet,Belnet2008-r0,Belnet2008,B1,14,40,28,0.7,63,63,1.0,12.0,0.17517946699808817,0.050301985566572206,1,0
rescuenet,Belnet2008-r0,Belnet2008,B1,15,40,27,0.675,63,63,1.0,12.168216172404293,0.17517946699808817,0.050301985566572206,1,0
rescuenet,Belnet2008-r0,Belnet2008,B1,16,40,27,0.675,63,63,1.0,12.1125853699942,0.17517946699808817,0.050301985566572206,1,0
rescuenet,Belnet2008-r0,Belnet2008,B1,17,40,27,0.675,63,63,1.0,12.112608626756328,0.17517946699808817,0.050301985566572206,1,0
rescuenet,Belnet2008-r0,Belnet2008,B1,18,40,28,0.7,63,63,1.0,12.0,0.17517946699808817,0.050301985566572206,1,0
rescuenet,Belnet2008-r0,Belnet2008,B1,19,40,27,0.675,63,63,1.0,12.009249580045086,0.17517946699808817,0.050301985566572206,1,0
rescuenet,Belnet2008-r0,Belnet2008,B1,20,40,28,0.7,63,63,1.0,12.0,0.17517946699808817,0.050301985566572206,1,0
rescuenet,Belnet2008-r0,Belnet2008,B1,21,40,28,0.7,63,63,1.0,12.0,0.17517946699808817,0.050301985566572206,1,0
rescuenet,Belnet2008-r0,Belnet2008,B1,22,40,28,0.7,63,63,1.0,12.0,0.17517946699808817,0.050301985566572206,1,0
rescuenet,Belnet2008-r0,Belnet2008,B1,23,40,28,0.7,63,63,1.0,12.0,0.17517946699808817,0.050301985566572206,1,0
rescuenet,Belnet2008-r0,Belnet2008,B1,24,40,28,0.7,63,63,1.0,12.0,0.17517946699808817,0.050301985566572206,1,0
rescuenet,Belnet2008-r0,Belnet2008,B1,25,40,28,0.7,63,63,1.0,12.0,0.17517946699808817,0.050301985566572206,1,0
rescuenet,Belnet2008-r0,Belnet2008,B1,26,40,28,0.7,63,63,1.0,12.0,0.17517946699808817,0.050301985566572206,1,0
rescuenet,Belnet2008-r0,Belnet2008,B1,27,40,27,0.675,63,63,1.0,12.112550503984947,0.17517946699808817,0.050301985566572206,1,0
rescuenet,Belnet2008-r0,Belnet2008,B1,28,40,27,0.675,63,63,1.0,12.165910884648833,0.17517946699808817,0.050301985566572206,1,0
rescuenet,Belnet2008-r0,Belnet2008,B1,29,40,27,0.675,63,63,1.0,12.963943117782415,0.17517946699808817,0.050301985566572206,1,0
rescuenet,Belnet2008-r0,Belnet2008,B2,0,40,28,0.7,63,63,1.0,9.681144111952433,222.78742163599964,0.06678935229986867,2001,5
rescuenet,Belnet2008-r0,Belnet2008,B2,1,40,29,0.725,63,63,1.0,9.63768766483294,222.78742163599964,0.06678935229986867,2001,5
rescuenet,Belnet2008-r0,Belnet2008,B2,2,40,28,0.7,63,63,1.0,9.71843116011398,222.78742163599964,0.06678935229986867,2001,5
rescuenet,Belnet2008-r0,Belnet2008,B2,3,40,29,0.725,63,63,1.0,9.995889634111458,222.78742163599964,0.06678935229986867,2001,5
rescuenet,Belnet2008-r0,Belnet2008,B2,4,40,28,0.7,63,63,1.0,8.650966401380664,222.78742163599964,0.06678935229986867,2001,5
rescuenet,Belnet2008-r0,Belnet2008,B2,5,40,29,0.725,63,63,1.0,9.816331321111306,222.78742163599964,0.06678935229986867,2001,5
rescuenet,Belnet2008-r0,Belnet2008,B2,6,40,29,0.725,63,63,1.0,9.08887610973814,222.78742163599964,0.06678935229986867,2001,5
rescuenet,Belnet2008-r0,Belnet2008,B2,7,40,29,0.725,63,63,1.0,9.079458565447071,222.78742163599964,0.06678935229986867,2001,5
rescuenet,Belnet2008-r0,Belnet2008,B2,8,40,28,0.7,63,63,1.0,9.673516364159312,222.78742163599964,0.06678935229986867,2001,5
rescuenet,Belnet2008-r0,Belnet2008,B2,9,40,29,0.725,63,63,1.0,8.961454319117657,222.78742163599964,0.06678935229986867,2001,5
rescuenet,Belnet2008-r0,Belnet2008,B2,10,40,27,0.675,63,63,1.0,10.012809725039075,222.78742163599964,0.06678935229986867,2001,5
rescuenet,Belnet2008-r0,Belnet2008,B2,11,40,29,0.725,63,63,1.0,9.492590425825462,222.78742163599964,0.06678935229986867,2001,5
rescuenet,Belnet2008-r0,Belnet2008,B2,12,40,29,0.725,63,63,1.0,9.292851547755168,222.78742163599964,0.06678935229986867,2001,5
rescuenet,Belnet2008-r0,Belnet2008,B2,13,40,28,0.7,63,63,1.0,9.213556250898009,222.78742163599964,0.06678935229986867,2001,5
rescuenet,Belnet2008-r0,Belnet2008,B2,14,40,29,0.725,63,63,1.0,9.576742282915376,222.78742163599964,0.06678935229986867,2001,5
rescuenet,Belnet2008-r0,Belnet2008,B2,15,40,29,0.725,63,63,1.0,9.307113955389587,222.78742163599964,0.06678935229986867,2001,5
rescuenet,Belnet2008-r0,Belnet2008,B2,16,40,30,0.75,63,63,1.0,8.749845216794977,222.78742163599964,0.06678935229986867,2001,5
rescuenet,Belnet2008-r0,Belnet2008,B2,17,40,29,0.725,63,63,1.0,8.646924133790195,222.78742163599964,0.06678935229986867,2001,5
rescuenet,Belnet2008-r0,Belnet2008,B2,18,40,29,0.725,63,63,1.0,9.23713975732356,222.78742163599964,0.06678935229986867,2001,5
rescuenet,Belnet2008-r0,Belnet2008,B2,19,40,27,0.675,63,63,1.0,10.373246975020407,222.78742163599964,0.06678935229986867,2001,5
rescuenet,Belnet2008-r0,Belnet2008,B2,20,40,29,0.725,63,63,1.0,9.313722635388498,222.78742163599964,0.06678935229986867,2001,5
rescuenet,Belnet2008-r0,Belnet2008,B2,21,40,29,0.725,63,63,1.0,9.557172983776596,222.78742163599964,0.06678935229986867,2001,5
rescuenet,Belnet2008-r0,Belnet2008,B2,22,40,28,0.7,63,63,1.0,9.188681776673775,222.78742163599964,0.06678935229986867,2001,5
rescuenet,Belnet2008-r0,Belnet2008,B2,23,40,28,0.7,63,63,1.0,9.327096671611447,222.78742163599964,0.06678935229986867,2001,5
rescuenet,Belnet2008-r0,Belnet2008,B2,24,40,28,0.7,63,63,1.0,10.351260220023056,222.78742163599964,0.06678935229986867,2001,5
rescuenet,Belnet2008-r0,Belnet2008,B2,25,40,28,0.7,63,63,1.0,8.833957954815933,222.78742163599964,0.06678935229986867,2001,5
rescuenet,Belnet2008-r0,Belnet2008,B2,26,40,30,0.75,63,63,1.0,8.95985288645968,222.78742163599964,0.06678935229986867,2001,5
rescuenet,Belnet2008-r0,Belnet2008,B2,27,40,29,0.725,63,63,1.0,10.101707301916962,222.78742163599964,0.06678935229986867,2001,5
rescuenet,Belnet2008-r0,Belnet2008,B2,28,40,28,0.7,63,63,1.0,10.184400326433144,222.78742163599964,0.06678935229986867,2001,5
rescuenet,Belnet2008-r0,Belnet2008,B2,29,40,28,0.7,63,63,1.0,10.951216911932393,222.78742163599964,0.06678935229986867,2001,5
rescuenet,Belnet2008-r0,Belnet2008,P,0,40,28,0.7,63,63,1.0,9.883163144202415,222.0877152489993,0.06521740870011854,2001,5
rescuenet,Belnet2008-r0,Belnet2008,P,1,40,29,0.725,63,63,1.0,9.559759786817196,222.0877152489993,0.06521740870011854,2001,5
rescuenet,Belnet2008-r0,Belnet2008,P,2,40,28,0.7,63,63,1.0,9.775256123540284,222.0877152489993,0.06521740870011854,2001,5
rescuenet,Belnet2008-r0,Belnet2008,P,3,40,29,0.725,63,63,1.0,9.96777529751682,222.0877152489993,0.06521740870011854,2001,5
rescuenet,Belnet2008-r0,Belnet2008,P,4,40,29,0.725,63,63,1.0,8.705368962075307,222.0877152489993,0.06521740870011854,2001,5
rescuenet,Belnet2008-r0,Belnet2008,P,5,40,29,0.725,63,63,1.0,9.93994509835428,222.0877152489993,0.06521740870011854,2001,5
rescuenet,Belnet2008-r0,Belnet2008,P,6,40,29,0.725,63,63,1.0,9.218055730854314,222.0877152489993,0.06521740870011854,2001,5
rescuenet,Belnet2008-r0,Belnet2008,P,7,40,29,0.725,63,63,1.0,9.215512594912584,222.0877152489993,0.06521740870011854,2001,5
rescuenet,Belnet2008-r0,Belnet2008,P,8,40,27,0.675,63,63,1.0,9.679870727230314,222.0877152489993,0.06521740870011854,2001,5
rescuenet,Belnet2008-r0,Belnet2008,P,9,40,29,0.725,63,63,1.0,9.123570989363971,222.0877152489993,0.06521740870011854,2001,5
rescuenet,Belnet2008-r0,Belnet2008,P,10,40,27,0.675,63,63,1.0,9.934650646974486,222.0877152489993,0.06521740870011854,2001,5
rescuenet,Belnet2008-r0,Belnet2008,P,11,40,29,0.725,63,63,1.0,9.619025193697313,222.0877152489993,0.06521740870011854,2001,5
rescuenet,Belnet2008-r0,Belnet2008,P,12,40,30,0.75,63,63,1.0,9.377728168312142,222.0877152489993,0.06521740870011854,2001,5
rescuenet,Belnet2008-r0,Belnet2008,P,13,40,28,0.7,63,63,1.0,9.809727902298796,222.0877152489993,0.06521740870011854,2001,5
rescuenet,Belnet2008-r0,Belnet2008,P,14,40,28,0.7,63,63,1.0,9.902605466277667,222.0877152489993,0.06521740870011854,2001,5
rescuenet,Belnet2008-r0,Belnet2008,P,15,40,30,0.75,63,63,1.0,9.283946418131988,222.0877152489993,0.06521740870011854,2001,5
rescuenet,Belnet2008-r0,Belnet2008,P,16,40,30,0.75,63,63,1.0,8.887620808402007,222.0877152489993,0.06521740870011854,2001,5
rescuenet,Belnet2008-r0,Belnet2008,P,17,40,30,0.75,63,63,1.0,8.683879477234155,222.0877152489993,0.06521740870011854,2001,5
rescuenet,Belnet2008-r0,Belnet2008,P,18,40,30,0.75,63,63,1.0,9.207175399735323,222.0877152489993,0.06521740870011854,2001,5
rescuenet,Belnet2008-r0,Belnet2008,P,19,40,26,0.65,63,63,1.0,10.549162862998893,222.0877152489993,0.06521740870011854,2001,5
rescuenet,Belnet2008-r0,Belnet2008,P,20,40,28,0.7,63,63,1.0,9.950595331279757,222.0877152489993,0.06521740870011854,2001,5
rescuenet,Belnet2008-r0,Belnet2008,P,21,40,28,0.7,63,63,1.0,9.73746694278482,222.0877152489993,0.06521740870011854,2001,5
rescuenet,Belnet2008-r0,Belnet2008,P,22,40,28,0.7,63,63,1.0,9.34534475617359,222.0877152489993,0.06521740870011854,2001,5
rescuenet,Belnet2008-r0,Belnet2008,P,23,40,28,0.7,63,63,1.0,9.362272138558735,222.0877152489993,0.06521740870011854,2001,5
rescuenet,Belnet2008-r0,Belnet2008,P,24,40,28,0.7,63,63,1.0,10.63245717482398,222.0877152489993,0.06521740870011854,2001,5
rescuenet,Belnet2008-r0,Belnet2008,P,25,40,28,0.7,63,63,1.0,8.738038337789924,222.0877152489993,0.06521740870011854,2001,5
rescuenet,Belnet2008-r0,Belnet2008,P,26,40,30,0.75,63,63,1.0,9.16682779764824,222.0877152489993,0.06521740870011854,2001,5
rescuenet,Belnet2008-r0,Belnet2008,P,27,40,28,0.7,63,63,1.0,10.197579641624818,222.0877152489993,0.06521740870011854,2001,5
rescuenet,Belnet2008-r0,Belnet2008,P,28,40,27,0.675,63,63,1.0,10.512054234123262,222.0877152489993,0.06521740870011854,2001,5
rescuenet,Belnet2008-r0,Belnet2008,P,29,40,28,0.7,63,63,1.0,11.042804975740257,222.0877152489993,0.06521740870011854,2001,5
rescuenet,Belnet2008-r0,Belnet2008,TRAN,0,40,26,0.65,63,63,1.0,12.518777533000128,163.9765499280038,0.06984132370004469,1,0
rescuenet,Belnet2008-r0,Belnet2008,TRAN,1,40,27,0.675,63,63,1.0,12.427110513867126,163.9765499280038,0.06984132370004469,1,0
rescuenet,Belnet2008-r0,Belnet2008,TRAN,2,40,23,0.575,63,63,1.0,15.63644225713309,163.9765499280038,0.06984132370004469,1,0
rescuenet,Belnet2008-r0,Belnet2008,TRAN,3,40,25,0.625,63,63,1.0,13.485532977626423,163.9765499280038,0.06984132370004469,1,0
rescuenet,Belnet2008-r0,Belnet2008,TRAN,4,40,25,0.625,63,63,1.0,13.644602020898681,163.9765499280038,0.06984132370004469,1,0
rescuenet,Belnet2008-r0,Belnet2008,TRAN,5,40,24,0.6,63,63,1.0,14.120225423001711,163.9765499280038,0.06984132370004469,1,0
rescuenet,Belnet2008-r0,Belnet2008,TRAN,6,40,26,0.65,63,63,1.0,12.77786570599089,163.9765499280038,0.06984132370004469,1,0
rescuenet,Belnet2008-r0,Belnet2008,TRAN,7,40,24,0.6,63,63,1.0,13.291911285708114,163.9765499280038,0.06984132370004469,1,0
rescuenet,Belnet2008-r0,Belnet2008,TRAN,8,40,26,0.65,63,63,1.0,12.987602006840186,163.9765499280038,0.06984132370004469,1,0
rescuenet,Belnet2008-r0,Belnet2008,TRAN,9,40,26,0.65,63,63,1.0,13.383503714327,163.9765499280038,0.06984132370004469,1,0
rescuenet,Belnet2008-r0,Belnet2008,TRAN,10,40,27,0.675,63,63,1.0,12.809377630995188,163.9765499280038,0.06984132370004469,1,0
rescuenet,Belnet2008-r0,Belnet2008,TRAN,11,40,24,0.6,63,63,1.0,14.66408735932939,163.9765499280038,0.06984132370004469,1,0
rescuenet,Belnet2008-r0,Belnet2008,TRAN,12,40,26,0.65,63,63,1.0,13.147056339102699,163.9765499280038,0.06984132370004469,1,0
rescuenet,Belnet2008-r0,Belnet2008,TRAN,13,40,26,0.65,63,63,1.0,12.391400917023116,163.9765499280038,0.06984132370004469,1,0
rescuenet,Belnet2008-r0,Belnet2008,TRAN,14,40,26,0.65,63,63,1.0,12.746436762735929,163.9765499280038,0.06984132370004469,1,0
rescuenet,Belnet2008-r0,Belnet2008,TRAN,15,40,25,0.625,63,63,1.0,13.530759007943598,163.9765499280038,0.06984132370004469,1,0
rescuenet,Belnet2008-r0,Belnet2008,TRAN,16,40,26,0.65,63,63,1.0,13.360585214371088,163.9765499280038,0.06984132370004469,1,0
rescuenet,Belnet2008-r0,Belnet2008,TRAN,17,40,24,0.6,63,63,1.0,14.654292945303515,163.9765499280038,0.06984132370004469,1,0
rescuenet,Belnet2008-r0,Belnet2008,TRAN,18,40,25,0.625,63,63,1.0,14.010105522896433,163.9765499280038,0.06984132370004469,1,0
rescuenet,Belnet2008-r0,Belnet2008,TRAN,19,40,24,0.6,63,63,1.0,13.264122743831182,163.9765499280038,0.06984132370004469,1,0
rescuenet,Belnet2008-r0,Belnet2008,TRAN,20,40,25,0.625,63,63,1.0,13.141250680105442,163.9765499280038,0.06984132370004469,1,0
rescuenet,Belnet2008-r0,Belnet2008,TRAN,21,40,24,0.6,63,63,1.0,14.129525262649823,163.9765499280038,0.06984132370004469,1,0
rescuenet,Belnet2008-r0,Belnet2008,TRAN,22,40,26,0.65,63,63,1.0,12.943874995639035,163.9765499280038,0.06984132370004469,1,0
rescuenet,Belnet2008-r0,Belnet2008,TRAN,23,40,26,0.65,63,63,1.0,13.040051609896262,163.9765499280038,0.06984132370004469,1,0
rescuenet,Belnet2008-r0,Belnet2008,TRAN,24,40,25,0.625,63,63,1.0,13.56772280139339,163.9765499280038,0.06984132370004469,1,0
rescuenet,Belnet2008-r0,Belnet2008,TRAN,25,40,26,0.65,63,63,1.0,12.490179079918304,163.9765499280038,0.06984132370004469,1,0
rescuenet,Belnet2008-r0,Belnet2008,TRAN,26,40,25,0.625,63,63,1.0,14.215135533655348,163.9765499280038,0.06984132370004469,1,0
rescuenet,Belnet2008-r0,Belnet2008,TRAN,27,40,26,0.65,63,63,1.0,12.939216560502228,163.9765499280038,0.06984132370004469,1,0
rescuenet,Belnet2008-r0,Belnet2008,TRAN,28,40,26,0.65,63,63,1.0,12.376883898521424,163.9765499280038,0.06984132370004469,1,0
rescuenet,Belnet2008-r0,Belnet2008,TRAN,29,40,24,0.6,63,63,1.0,14.450094682983941,163.9765499280038,0.06984132370004469,1,0
rescuenet,Belnet2008-r1,Belnet2008,B0,0,40,9,0.225,63,22,0.3492063492063492,27.025767510247686,0.00021845199808012694,0.04513815256650559,1,0
rescuenet,Belnet2008-r1,Belnet2008,B0,1,40,9,0.225,63,22,0.3492063492063492,27.025767510247686,0.00021845199808012694,0.04513815256650559,1,0
rescuenet,Belnet2008-r1,Belnet2008,B0,2,40,9,0.225,63,22,0.3492063492063492,27.025767510247686,0.00021845199808012694,0.04513815256650559,1,0
rescuenet,Belnet2008-r1,Belnet2008,B0,3,40,9,0.225,63,22,0.3492063492063492,27.025767510247686,0.00021845199808012694,0.04513815256650559,1,0
rescuenet,Belnet2008-r1,Belnet2008,B0,4,40,9,0.225,63,22,0.3492063492063492,27.025767510247686,0.00021845199808012694,0.04513815256650559,1,0
rescuenet,Belnet2008-r1,Belnet2008,B0,5,40,9,0.225,63,22,0.3492063492063492,27.025767510247686,0.00021845199808012694,0.04513815256650559,1,0
rescuenet,Belnet2008-r1,Belnet2008,B0,6,40,9,0.225,63,22,0.3492063492063492,27.025767510247686,0.00021845199808012694,0.04513815256650559,1,0
rescuenet,Belnet2008-r1,Belnet2008,B0,7,40,9,0.225,63,22,0.3492063492063492,27.025767510247686,0.00021845199808012694,0.04513815256650559,1,0
rescuenet,Belnet2008-r1,Belnet2008,B0,8,40,9,0.225,63,22,0.3492063492063492,27.025767510247686,0.00021845199808012694,0.04513815256650559,1,0
rescuenet,Belnet2008-r1,Belnet2008,B0,9,40,9,0.225,63,22,0.3492063492063492,27.025767510247686,0.00021845199808012694,0.04513815256650559,1,0
rescuenet,Belnet2008-r1,Belnet2008,B0,10,40,9,0.225,63,22,0.3492063492063492,27.025767510247686,0.00021845199808012694,0.04513815256650559,1,0
rescuenet,Belnet2008-r1,Belnet2008,B0,11,40,9,0.225,63,22,0.3492063492063492,27.025767510247686,0.00021845199808012694,0.04513815256650559,1,0
rescuenet,Belnet2008-r1,Belnet2008,B0,12,40,9,0.225,63,22,0.3492063492063492,27.025767510247686,0.00021845199808012694,0.04513815256650559,1,0
rescuenet,Belnet2008-r1,Belnet2008,B0,13,40,9,0.225,63,22,0.3492063492063492,27.025767510247686,0.00021845199808012694,0.04513815256650559,1,0
rescuenet,Belnet2008-r1,Belnet2008,B0,14,40,9,0.225,63,22,0.3492063492063492,27.025767510247686,0.00021845199808012694,0.04513815256650559,1,0
rescuenet,Belnet2008-r1,Belnet2008,B0,15,40,9,0.225,63,22,0.3492063492063492,27.025767510247686,0.00021845199808012694,0.04513815256650559,1,0
rescuenet,Belnet2008-r1,Belnet2008,B0,16,40,9,0.225,63,22,0.3492063492063492,27.025767510247686,0.00021845199808012694,0.04513815256650559,1,0
rescuenet,Belnet2008-r1,Belnet2008,B0,17,40,9,0.225,63,22,0.3492063492063492,27.025767510247686,0.00021845199808012694,0.04513815256650559,1,0
rescuenet,Belnet2008-r1,Belnet2008,B0,18,40,9,0.225,63,22,0.3492063492063492,27.025767510247686,0.00021845199808012694,0.04513815256650559,1,0
rescuenet,Belnet2008-r1,Belnet2008,B0,19,40,9,0.225,63,22,0.3492063492063492,27.025767510247686,0.00021845199808012694,0.04513815256650559,1,0
rescuenet,Belnet2008-r1,Belnet2008,B0,20,40,9,0.225,63,22,0.3492063492063492,27.025767510247686,0.00021845199808012694,0.04513815256650559,1,0
rescuenet,Belnet2008-r1,Belnet2008,B0,21,40,9,0.225,63,22,0.3492063492063492,27.025767510247686,0.00021845199808012694,0.04513815256650559,1,0
rescuenet,Belnet2008-r1,Belnet2008,B0,22,40,9,0.225,63,22,0.3492063492063492,27.025767510247686,0.00021845199808012694,0.04513815256650559,1,0
rescuenet,Belnet2008-r1,Belnet2008,B0,23,40,9,0.225,63,22,0.3492063492063492,27.025767510247686,0.00021845199808012694,0.04513815256650559,1,0
rescuenet,Belnet2008-r1,Belnet2008,B0,24,40,9,0.225,63,22,0.3492063492063492,27.025767510247686,0.00021845199808012694,0.04513815256650559,1,0
rescuenet,Belnet2008-r1,Belnet2008,B0,25,40,9,0.225,63,22,0.3492063492063492,27.025767510247686,0.00021845199808012694,0.04513815256650559,1,0
rescuenet,Belnet2008-r1,Belnet2008,B0,26,40,9,0.225,63,22,0.3492063492063492,27.025767510247686,0.00021845199808012694,0.04513815256650559,1,0
rescuenet,Belnet2008-r1,Belnet2008,B0,27,40,9,0.225,63,22,0.3492063492063492,27.025767510247686,0.00021845199808012694,0.04513815256650559,1,0
rescuenet,Belnet2008-r1,Belnet2008,B0,28,40,9,0.225,63,22,0.3492063492063492,27.025767510247686,0.00021845199808012694,0.04513815256650559,1,0
rescuenet,Belnet2008-r1,Belnet2008,B0,29,40,9,0.225,63,22,0.3492063492063492,27.025767510247686,0.00021845199808012694,0.04513815256650559,1,0
rescuenet,Belnet2008-r1,Belnet2008,B1,0,40,12,0.3,63,63,1.0,25.237785589842506,0.18864347700582584,0.049041957066704826,1,0
rescuenet,Belnet2008-r1,Belnet2008,B1,1,40,13,0.325,63,63,1.0,26.065889845761884,0.18864347700582584,0.049041957066704826,1,0
rescuenet,Belnet2008-r1,Belnet2008,B1,2,40,10,0.25,63,63,1.0,27.004661904849975,0.18864347700582584,0.049041957066704826,1,0
rescuenet,Belnet2008-r1,Belnet2008,B1,3,40,12,0.3,63,63,1.0,25.82528821809931,0.18864347700582584,0.049041957066704826,1,0
rescuenet,Belnet2008-r1,Belnet2008,B1,4,40,12,0.3,63,63,1.0,25.147742144462953,0.18864347700582584,0.049041957066704826,1,0
rescuenet,Belnet2008-r1,Belnet2008,B1,5,40,11,0.275,63,63,1.0,26.523603994603697,0.18864347700582584,0.049041957066704826,1,0
rescuenet,Belnet2008-r1,Belnet2008,B1,6,40,10,0.25,63,63,1.0,27.35060394797651,0.18864347700582584,0.049041957066704826,1,0
rescuenet,Belnet2008-r1,Belnet2008,B1,7,40,13,0.325,63,63,1.0,25.444887410074177,0.18864347700582584,0.049041957066704826,1,0
rescuenet,Belnet2008-r1,Belnet2008,B1,8,40,15,0.375,63,63,1.0,24.351907173035723,0.18864347700582584,0.049041957066704826,1,0
rescuenet,Belnet2008-r1,Belnet2008,B1,9,40,13,0.325,63,63,1.0,26.06367981094607,0.18864347700582584,0.049041957066704826,1,0
rescuenet,Belnet2008-r1,Belnet2008,B1,10,40,15,0.375,63,63,1.0,23.98719228053705,0.18864347700582584,0.049041957066704826,1,0
rescuenet,Belnet2008-r1,Belnet2008,B1,11,40,13,0.325,63,63,1.0,24.857601526815515,0.18864347700582584,0.049041957066704826,1,0
rescuenet,Belnet2008-r1,Belnet2008,B1,12,40,13,0.325,63,63,1.0,24.598287816680344,0.18864347700582584,0.049041957066704826,1,0
rescuenet,Belnet2008-r1,Belnet2008,B1,13,40,12,0.3,63,63,1.0,25.216581251608254,0.18864347700582584,0.049041957066704826,1,0
rescuenet,Belnet2008-r1,Belnet2008,B1,14,40,14,0.35,63,63,1.0,24.855822713470648,0.18864347700582584,0.049041957066704826,1,0
rescuenet,Belnet2008-r1,Belnet2008,B1,15,40,14,0.35,63,63,1.0,24.987452087451153,0.18864347700582584,0.049041957066704826,1,0
rescuenet,Belnet2008-r1,Belnet2008,B1,16,40,12,0.3,63,63,1.0,25.879276198876052,0.18864347700582584,0.049041957066704826,1,0
rescuenet,Belnet2008-r1,Belnet2008,B1,17,40,11,0.275,63,63,1.0,27.084309157125166,0.18864347700582584,0.049041957066704826,1,0
rescuenet,Belnet2008-r1,Belnet2008,B1,18,40,13,0.325,63,63,1.0,25.164947706719246,0.18864347700582584,0.049041957066704826,1,0
rescuenet,Belnet2008-r1,Belnet2008,B1,19,40,14,0.35,63,63,1.0,23.853038005942235,0.18864347700582584,0.049041957066704826,1,0
rescuenet,Belnet2008-r1,Belnet2008,B1,20,40,13,0.325,63,63,1.0,25.308254268384125,0.18864347700582584,0.049041957066704826,1,0
rescuenet,Belnet2008-r1,Belnet2008,B1,21,40,11,0.275,63,63,1.0,26.36181071869949,0.18864347700582584,0.049041957066704826,1,0
rescuenet,Belnet2008-r1,Belnet2008,B1,22,40,14,0.35,63,63,1.0,24.217390507256205,0.18864347700582584,0.049041957066704826,1,0
rescuenet,Belnet2008-r1,Belnet2008,B1,23,40,14,0.35,63,63,1.0,24.079876619328104,0.18864347700582584,0.049041957066704826,1,0
rescuenet,Belnet2008-r1,Belnet2008,B1,24,40,13,0.325,63,63,1.0,25.27708558677274,0.18864347700582584,0.049041957066704826,1,0
rescuenet,Belnet2008-r1,Belnet2008,B1,25,40,12,0.3,63,63,1.0,26.42627647496845,0.18864347700582584,0.049041957066704826,1,0
rescuenet,Belnet2008-r1,Belnet2008,B1,26,40,12,0.3,63,63,1.0,25.052941816194405,0.18864347700582584,0.049041957066704826,1,0
rescuenet,Belnet2008-r1,Belnet2008,B1,27,40,14,0.35,63,63,1.0,24.816402203417987,0.18864347700582584,0.049041957066704826,1,0
rescuenet,Belnet2008-r1,Belnet2008,B1,28,40,12,0.3,63,63,1.0,26.550697623518275,0.18864347700582584,0.049041957066704826,1,0
rescuenet,Belnet2008-r1,Belnet2008,B1,29,40,14,0.35,63,63,1.0,24.764745251732183,0.18864347700582584,0.049041957066704826,1,0
rescuenet,Belnet2008-r1,Belnet2008,B2,0,40,15,0.375,63,63,1.0,20.81699923871275,232.49111121400347,0.06397483386681416,2001,7
rescuenet,Belnet2008-r1,Belnet2008,B2,1,40,14,0.35,63,63,1.0,22.809666458382274,232.49111121400347,0.06397483386681416,2001,7
rescuenet,Belnet2008-r1,Belnet2008,B2,2,40,17,0.425,63,63,1.0,21.737516917215196,232.49111121400347,0.06397483386681416,2001,7
rescuenet,Belnet2008-r1,Belnet2008,B2,3,40,17,0.425,63,63,1.0,20.447026117251852,232.49111121400347,0.06397483386681416,2001,7
rescuenet,Belnet2008-r1,Belnet2008,B2,4,40,15,0.375,63,63,1.0,20.495341159689453,232.49111121400347,0.06397483386681416,2001,7
rescuenet,Belnet2008-r1,Belnet2008,B2,5,40,15,0.375,63,63,1.0,21.54030767718691,232.49111121400347,0.06397483386681416,2001,7
rescuenet,Belnet2008-r1,Belnet2008,B2,6,40,14,0.35,63,63,1.0,23.117406613120888,232.49111121400347,0.06397483386681416,2001,7
rescuenet,Belnet2008-r1,Belnet2008,B2,7,40,18,0.45,63,63,1.0,19.863973607801416,232.49111121400347,0.06397483386681416,2001,7
rescuenet,Belnet2008-r1,Belnet2008,B2,8,40,14,0.35,63,63,1.0,21.812552459425884,232.49111121400347,0.06397483386681416,2001,7
rescuenet,Belnet2008-r1,Belnet2008,B2,9,40,16,0.4,63,63,1.0,20.864919198120628,232.49111121400347,0.06397483386681416,2001,7
rescuenet,Belnet2008-r1,Belnet2008,B2,10,40,16,0.4,63,63,1.0,19.641732559219154,232.49111121400347,0.06397483386681416,2001,7
rescuenet,Belnet2008-r1,Belnet2008,B2,11,40,18,0.45,63,63,1.0,20.381847306654002,232.49111121400347,0.06397483386681416,2001,7
rescuenet,Belnet2008-r1,Belnet2008,B2,12,40,17,0.425,63,63,1.0,19.454716913000446,232.49111121400347,0.06397483386681416,2001,7
rescuenet,Belnet2008-r1,Belnet2008,B2,13,40,14,0.35,63,63,1.0,21.509592844039208,232.49111121400347,0.06397483386681416,2001,7
rescuenet,Belnet2008-r1,Belnet2008,B2,14,40,17,0.425,63,63,1.0,20.74994320485376,232.49111121400347,0.06397483386681416,2001,7
rescuenet,Belnet2008-r1,Belnet2008,B2,15,40,14,0.35,63,63,1.0,22.522943411026812,232.49111121400347,0.06397483386681416,2001,7
rescuenet,Belnet2008-r1,Belnet2008,B2,16,40,16,0.4,63,63,1.0,21.33083843057871,232.49111121400347,0.06397483386681416,2001,7
rescuenet,Belnet2008-r1,Belnet2008,B2,17,40,15,0.375,63,63,1.0,21.073296840767973,232.49111121400347,0.06397483386681416,2001,7
rescuenet,Belnet2008-r1,Belnet2008,B2,18,40,15,0.375,63,63,1.0,20.640326679755265,232.49111121400347,0.06397483386681416,2001,7
rescuenet,Belnet2008-r1,Belnet2008,B2,19,40,16,0.4,63,63,1.0,21.209662448753303,232.49111121400347,0.06397483386681416,2001,7
rescuenet,Belnet2008-r1,Belnet2008,B2,20,40,17,0.425,63,63,1.0,19.98710105002894,232.49111121400347,0.06397483386681416,2001,7
rescuenet,Belnet2008-r1,Belnet2008,B2,21,40,14,0.35,63,63,1.0,21.808109032254865,232.49111121400347,0.06397483386681416,2001,7
rescuenet,Belnet2008-r1,Belnet2008,B2,22,40,17,0.425,63,63,1.0,21.23709382847242,232.49111121400347,0.06397483386681416,2001,7
rescuenet,Belnet2008-r1,Belnet2008,B2,23,40,15,0.375,63,63,1.0,21.097191594665347,232.49111121400347,0.06397483386681416,2001,7
rescuenet,Belnet2008-r1,Belnet2008,B2,24,40,15,0.375,63,63,1.0,21.10516515418658,232.49111121400347,0.06397483386681416,2001,7
rescuenet,Belnet2008-r1,Belnet2008,B2,25,40,14,0.35,63,63,1.0,21.82875034212995,232.49111121400347,0.06397483386681416,2001,7
rescuenet,Belnet2008-r1,Belnet2008,B2,26,40,16,0.4,63,63,1.0,20.530477093634488,232.49111121400347,0.06397483386681416,2001,7
rescuenet,Belnet2008-r1,Belnet2008,B2,27,40,17,0.425,63,63,1.0,20.58969465662303,232.49111121400347,0.06397483386681416,2001,7
rescuenet,Belnet2008-r1,Belnet2008,B2,28,40,16,0.4,63,63,1.0,22.29512467119344,232.49111121400347,0.06397483386681416,2001,7
rescuenet,Belnet2008-r1,Belnet2008,B2,29,40,16,0.4,63,63,1.0,19.669800693479427,232.49111121400347,0.06397483386681416,2001,7
rescuenet,Belnet2008-r1,Belnet2008,P,0,40,16,0.4,63,63,1.0,20.50911085976918,237.6286424179998,0.07855179203349204,2001,5
rescuenet,Belnet2008-r1,Belnet2008,P,1,40,16,0.4,63,63,1.0,20.172998408064636,237.6286424179998,0.07855179203349204,2001,5
rescuenet,Belnet2008-r1,Belnet2008,P,2,40,16,0.4,63,63,1.0,20.31101080351558,237.6286424179998,0.07855179203349204,2001,5
rescuenet,Belnet2008-r1,Belnet2008,P,3,40,17,0.425,63,63,1.0,19.84906524790226,237.6286424179998,0.07855179203349204,2001,5
rescuenet,Belnet2008-r1,Belnet2008,P,4,40,16,0.4,63,63,1.0,19.139546523070216,237.6286424179998,0.07855179203349204,2001,5
rescuenet,Belnet2008-r1,Belnet2008,P,5,40,13,0.325,63,63,1.0,21.325124792303345,237.6286424179998,0.07855179203349204,2001,5
rescuenet,Belnet2008-r1,Belnet2008,P,6,40,14,0.35,63,63,1.0,22.589687220404013,237.6286424179998,0.07855179203349204,2001,5
rescuenet,Belnet2008-r1,Belnet2008,P,7,40,16,0.4,63,63,1.0,19.784297649087673,237.6286424179998,0.07855179203349204,2001,5
rescuenet,Belnet2008-r1,Belnet2008,P,8,40,15,0.375,63,63,1.0,21.09390786778569,237.6286424179998,0.07855179203349204,2001,5
rescuenet,Belnet2008-r1,Belnet2008,P,9,40,17,0.425,63,63,1.0,19.542391216014963,237.6286424179998,0.07855179203349204,2001,5
rescuenet,Belnet2008-r1,Belnet2008,P,10,40,17,0.425,63,63,1.0,18.385344168361783,237.6286424179998,0.07855179203349204,2001,5
rescuenet,Belnet2008-r1,Belnet2008,P,11,40,17,0.425,63,63,1.0,19.951075214485677,237.6286424179998,0.07855179203349204,2001,5
rescuenet,Belnet2008-r1,Belnet2008,P,12,40,18,0.45,63,63,1.0,18.206073937508723,237.6286424179998,0.07855179203349204,2001,5
rescuenet,Belnet2008-r1,Belnet2008,P,13,40,16,0.4,63,63,1.0,19.377195632731627,237.6286424179998,0.07855179203349204,2001,5
rescuenet,Belnet2008-r1,Belnet2008,P,14,40,16,0.4,63,63,1.0,20.541998671528123,237.6286424179998,0.07855179203349204,2001,5
rescuenet,Belnet2008-r1,Belnet2008,P,15,40,17,0.425,63,63,1.0,20.870827982842286,237.6286424179998,0.07855179203349204,2001,5
rescuenet,Belnet2008-r1,Belnet2008,P,16,40,16,0.4,63,63,1.0,19.631651842707928,237.6286424179998,0.07855179203349204,2001,5
rescuenet,Belnet2008-r1,Belnet2008,P,17,40,16,0.4,63,63,1.0,19.73835113847003,237.6286424179998,0.07855179203349204,2001,5
rescuenet,Belnet2008-r1,Belnet2008,P,18,40,15,0.375,63,63,1.0,20.430636347163265,237.6286424179998,0.07855179203349204,2001,5
rescuenet,Belnet2008-r1,Belnet2008,P,19,40,16,0.4,63,63,1.0,20.181592408072696,237.6286424179998,0.07855179203349204,2001,5
rescuenet,Belnet2008-r1,Belnet2008,P,20,40,17,0.425,63,63,1.0,18.677235384028688,237.6286424179998,0.07855179203349204,2001,5
rescuenet,Belnet2008-r1,Belnet2008,P,21,40,18,0.45,63,63,1.0,18.595823163561057,237.6286424179998,0.07855179203349204,2001,5
rescuenet,Belnet2008-r1,Belnet2008,P,22,40,17,0.425,63,63,1.0,18.065413539719245,237.6286424179998,0.07855179203349204,2001,5
rescuenet,Belnet2008-r1,Belnet2008,P,23,40,17,0.425,63,63,1.0,19.668240700938707,237.6286424179998,0.07855179203349204,2001,5
rescuenet,Belnet2008-r1,Belnet2008,P,24,40,17,0.425,63,63,1.0,19.891031069104216,237.6286424179998,0.07855179203349204,2001,5
rescuenet,Belnet2008-r1,Belnet2008,P,25,40,15,0.375,63,63,1.0,21.636673564622022,237.6286424179998,0.07855179203349204,2001,5
rescuenet,Belnet2008-r1,Belnet2008,P,26,40,16,0.4,63,63,1.0,19.1392526308976,237.6286424179998,0.07855179203349204,2001,5
rescuenet,Belnet2008-r1,Belnet2008,P,27,40,17,0.425,63,63,1.0,19.566090413533725,237.6286424179998,0.07855179203349204,2001,5
rescuenet,Belnet2008-r1,Belnet2008,P,28,40,16,0.4,63,63,1.0,21.5404171345005,237.6286424179998,0.07855179203349204,2001,5
rescuenet,Belnet2008-r1,Belnet2008,P,29,40,16,0.4,63,63,1.0,19.305254876813564,237.6286424179998,0.07855179203349204,2001,5
rescuenet,Belnet2008-r1,Belnet2008,TRAN,0,40,18,0.45,63,63,1.0,19.0427633059483,251.7944926170021,0.06121270093329561,1,0
rescuenet,Belnet2008-r1,Belnet2008,TRAN,1,40,16,0.4,63,63,1.0,19.561143361441555,251.7944926170021,0.06121270093329561,1,0
rescuenet,Belnet2008-r1,Belnet2008,TRAN,2,40,21,0.525,63,63,1.0,15.831670009930468,251.7944926170021,0.06121270093329561,1,0
rescuenet,Belnet2008-r1,Belnet2008,TRAN,3,40,19,0.475,63,63,1.0,18.58317870277422,251.7944926170021,0.06121270093329561,1,0
rescuenet,Belnet2008-r1,Belnet2008,TRAN,4,40,21,0.525,63,63,1.0,17.436859177374437,251.7944926170021,0.06121270093329561,1,0
rescuenet,Belnet2008-r1,Belnet2008,TRAN,5,40,20,0.5,63,63,1.0,19.276556936431476,251.7944926170021,0.06121270093329561,1,0
rescuenet,Belnet2008-r1,Belnet2008,TRAN,6,40,20,0.5,63,63,1.0,19.307073504905954,251.7944926170021,0.06121270093329561,1,0
rescuenet,Belnet2008-r1,Belnet2008,TRAN,7,40,21,0.525,63,63,1.0,17.02239997530318,251.7944926170021,0.06121270093329561,1,0
rescuenet,Belnet2008-r1,Belnet2008,TRAN,8,40,19,0.475,63,63,1.0,18.992268518001232,251.7944926170021,0.06121270093329561,1,0
rescuenet,Belnet2008-r1,Belnet2008,TRAN,9,40,19,0.475,63,63,1.0,18.70733762493658,251.7944926170021,0.06121270093329561,1,0
rescuenet,Belnet2008-r1,Belnet2008,TRAN,10,40,19,0.475,63,63,1.0,19.171967396184826,251.7944926170021,0.06121270093329561,1,0
rescuenet,Belnet2008-r1,Belnet2008,TRAN,11,40,20,0.5,63,63,1.0,17.776638086783763,251.7944926170021,0.06121270093329561,1,0
rescuenet,Belnet2008-r1,Belnet2008,TRAN,12,40,19,0.475,63,63,1.0,16.819599644115847,251.7944926170021,0.06121270093329561,1,0
rescuenet,Belnet2008-r1,Belnet2008,TRAN,13,40,18,0.45,63,63,1.0,18.883400070446545,251.7944926170021,0.06121270093329561,1,0
rescuenet,Belnet2008-r1,Belnet2008,TRAN,14,40,21,0.525,63,63,1.0,17.376734821880405,251.7944926170021,0.06121270093329561,1,0
rescuenet,Belnet2008-r1,Belnet2008,TRAN,15,40,19,0.475,63,63,1.0,19.661211427173868,251.7944926170021,0.06121270093329561,1,0
rescuenet,Belnet2008-r1,Belnet2008,TRAN,16,40,21,0.525,63,63,1.0,17.30976282145552,251.7944926170021,0.06121270093329561,1,0
rescuenet,Belnet2008-r1,Belnet2008,TRAN,17,40,19,0.475,63,63,1.0,18.954383503600077,251.7944926170021,0.06121270093329561,1,0
rescuenet,Belnet2008-r1,Belnet2008,TRAN,18,40,19,0.475,63,63,1.0,18.983207591763893,251.7944926170021,0.06121270093329561,1,0
rescuenet,Belnet2008-r1,Belnet2008,TRAN,19,40,17,0.425,63,63,1.0,21.81452304304737,251.7944926170021,0.06121270093329561,1,0
rescuenet,Belnet2008-r1,Belnet2008,TRAN,20,40,19,0.475,63,63,1.0,17.991933921249178,251.7944926170021,0.06121270093329561,1,0
rescuenet,Belnet2008-r1,Belnet2008,TRAN,21,40,18,0.45,63,63,1.0,19.923800078406988,251.7944926170021,0.06121270093329561,1,0
rescuenet,Belnet2008-r1,Belnet2008,TRAN,22,40,17,0.425,63,63,1.0,19.347140392423423,251.7944926170021,0.06121270093329561,1,0
rescuenet,Belnet2008-r1,Belnet2008,TRAN,23,40,19,0.475,63,63,1.0,17.496682557982528,251.7944926170021,0.06121270093329561,1,0
rescuenet,Belnet2008-r1,Belnet2008,TRAN,24,40,20,0.5,63,63,1.0,18.193930873870116,251.7944926170021,0.06121270093329561,1,0
rescuenet,Belnet2008-r1,Belnet2008,TRAN,25,40,19,0.475,63,63,1.0,18.316738942399528,251.7944926170021,0.06121270093329561,1,0
rescuenet,Belnet2008-r1,Belnet2008,TRAN,26,40,22,0.55,63,63,1.0,17.180483795793947,251.7944926170021,0.06121270093329561,1,0
rescuenet,Belnet2008-r1,Belnet2008,TRAN,27,40,16,0.4,63,63,1.0,20.77650246241079,251.7944926170021,0.06121270093329561,1,0
rescuenet,Belnet2008-r1,Belnet2008,TRAN,28,40,20,0.5,63,63,1.0,17.93571713195189,251.7944926170021,0.06121270093329561,1,0
rescuenet,Belnet2008-r1,Belnet2008,TRAN,29,40,20,0.5,63,63,1.0,17.11576900664572,251.7944926170021,0.06121270093329561,1,0
rescuenet,Belnet2008-r2,Belnet2008,B0,0,40,30,0.75,63,55,0.873015873015873,6.914605125827617,0.00017673800175543875,0.06597794576664455,1,0
rescuenet,Belnet2008-r2,Belnet2008,B0,1,40,30,0.75,63,55,0.873015873015873,6.914605125827617,0.00017673800175543875,0.06597794576664455,1,0
rescuenet,Belnet2008-r2,Belnet2008,B0,2,40,30,0.75,63,55,0.873015873015873,6.914605125827617,0.00017673800175543875,0.06597794576664455,1,0
rescuenet,Belnet2008-r2,Belnet2008,B0,3,40,30,0.75,63,55,0.873015873015873,6.914605125827617,0.00017673800175543875,0.06597794576664455,1,0
rescuenet,Belnet2008-r2,Belnet2008,B0,4,40,30,0.75,63,55,0.873015873015873,6.914605125827617,0.00017673800175543875,0.06597794576664455,1,0
rescuenet,Belnet2008-r2,Belnet2008,B0,5,40,30,0.75,63,55,0.873015873015873,6.914605125827617,0.00017673800175543875,0.06597794576664455,1,0
rescuenet,Belnet2008-r2,Belnet2008,B0,6,40,30,0.75,63,55,0.873015873015873,6.914605125827617,0.00017673800175543875,0.06597794576664455,1,0
rescuenet,Belnet2008-r2,Belnet2008,B0,7,40,30,0.75,63,55,0.873015873015873,6.914605125827617,0.00017673800175543875,0.06597794576664455,1,0
rescuenet,Belnet2008-r2,Belnet2008,B0,8,40,30,0.75,63,55,0.873015873015873,6.914605125827617,0.00017673800175543875,0.06597794576664455,1,0
rescuenet,Belnet2008-r2,Belnet2008,B0,9,40,30,0.75,63,55,0.873015873015873,6.914605125827617,0.00017673800175543875,0.06597794576664455,1,0
rescuenet,Belnet2008-r2,Belnet2008,B0,10,40,30,0.75,63,55,0.873015873015873,6.914605125827617,0.00017673800175543875,0.06597794576664455,1,0
rescuenet,Belnet2008-r2,Belnet2008,B0,11,40,30,0.75,63,55,0.873015873015873,6.914605125827617,0.00017673800175543875,0.06597794576664455,1,0
rescuenet,Belnet2008-r2,Belnet2008,B0,12,40,30,0.75,63,55,0.873015873015873,6.914605125827617,0.00017673800175543875,0.06597794576664455,1,0
rescuenet,Belnet2008-r2,Belnet2008,B0,13,40,30,0.75,63,55,0.873015873015873,6.914605125827617,0.00017673800175543875,0.06597794576664455,1,0
rescuenet,Belnet2008-r2,Belnet2008,B0,14,40,30,0.75,63,55,0.873015873015873,6.914605125827617,0.00017673800175543875,0.06597794576664455,1,0
rescuenet,Belnet2008-r2,Belnet2008,B0,15,40,30,0.75,63,55,0.873015873015873,6.914605125827617,0.00017673800175543875,0.06597794576664455,1,0
rescuenet,Belnet2008-r2,Belnet2008,B0,16,40,30,0.75,63,55,0.873015873015873,6.914605125827617,0.00017673800175543875,0.06597794576664455,1,0
rescuenet,Belnet2008-r2,Belnet2008,B0,17,40,30,0.75,63,55,0.873015873015873,6.914605125827617,0.00017673800175543875,0.06597794576664455,1,0
rescuenet,Belnet2008-r2,Belnet2008,B0,18,40,30,0.75,63,55,0.873015873015873,6.914605125827617,0.00017673800175543875,0.06597794576664455,1,0
rescuenet,Belnet2008-r2,Belnet2008,B0,19,40,30,0.75,63,55,0.873015873015873,6.914605125827617,0.00017673800175543875,0.06597794576664455,1,0
rescuenet,Belnet2008-r2,Belnet2008,B0,20,40,30,0.75,63,55,0.873015873015873,6.914605125827617,0.00017673800175543875,0.06597794576664455,1,0
rescuenet,Belnet2008-r2,Belnet2008,B0,21,40,30,0.75,63,55,0.873015873015873,6.914605125827617,0.00017673800175543875,0.06597794576664455,1,0
rescuenet,Belnet2008-r2,Belnet2008,B0,22,40,30,0.75,63,55,0.873015873015873,6.914605125827617,0.00017673800175543875,0.06597794576664455,1,0
rescuenet,Belnet2008-r2,Belnet2008,B0,23,40,30,0.75,63,55,0.873015873015873,6.914605125827617,0.00017673800175543875,0.06597794576664455,1,0
rescuenet,Belnet2008-r2,Belnet2008,B0,24,40,30,0.75,63,55,0.873015873015873,6.914605125827617,0.00017673800175543875,0.06597794576664455,1,0
rescuenet,Belnet2008-r2,Belnet2008,B0,25,40,30,0.75,63,55,0.873015873015873,6.914605125827617,0.00017673800175543875,0.06597794576664455,1,0
rescuenet,Belnet2008-r2,Belnet2008,B0,26,40,30,0.75,63,55,0.873015873015873,6.914605125827617,0.00017673800175543875,0.06597794576664455,1,0
rescuenet,Belnet2008-r2,Belnet2008,B0,27,40,30,0.75,63,55,0.873015873015873,6.914605125827617,0.00017673800175543875,0.06597794576664455,1,0
rescuenet,Belnet2008-r2,Belnet2008,B0,28,40,30,0.75,63,55,0.873015873015873,6.914605125827617,0.00017673800175543875,0.06597794576664455,1,0
rescuenet,Belnet2008-r2,Belnet2008,B0,29,40,30,0.75,63,55,0.873015873015873,6.914605125827617,0.00017673800175543875,0.06597794576664455,1,0
rescuenet,Belnet2008-r2,Belnet2008,B1,0,40,31,0.775,63,63,1.0,7.8676594272583635,0.20585856399702607,0.07451641590014332,1,0
rescuenet,Belnet2008-r2,Belnet2008,B1,1,40,32,0.8,63,63,1.0,7.10821011465096,0.20585856399702607,0.07451641590014332,1,0
rescuenet,Belnet2008-r2,Belnet2008,B1,2,40,32,0.8,63,63,1.0,7.10821011465096,0.20585856399702607,0.07451641590014332,1,0
rescuenet,Belnet2008-r2,Belnet2008,B1,3,40,31,0.775,63,63,1.0,7.465750960855474,0.20585856399702607,0.07451641590014332,1,0
rescuenet,Belnet2008-r2,Belnet2008,B1,4,40,32,0.8,63,63,1.0,7.10821011465096,0.20585856399702607,0.07451641590014332,1,0
rescuenet,Belnet2008-r2,Belnet2008,B1,5,40,32,0.8,63,63,1.0,7.10821011465096,0.20585856399702607,0.07451641590014332,1,0
rescuenet,Belnet2008-r2,Belnet2008,B1,6,40,31,0.775,63,63,1.0,7.642940321997917,0.20585856399702607,0.07451641590014332,1,0
rescuenet,Belnet2008-r2,Belnet2008,B1,7,40,31,0.775,63,63,1.0,8.015208599093175,0.20585856399702607,0.07451641590014332,1,0
rescuenet,Belnet2008-r2,Belnet2008,B1,8,40,32,0.8,63,63,1.0,7.1082101146509595,0.20585856399702607,0.07451641590014332,1,0
rescuenet,Belnet2008-r2,Belnet2008,B1,9,40,32,0.8,63,63,1.0,7.1082101146509595,0.20585856399702607,0.07451641590014332,1,0
rescuenet,Belnet2008-r2,Belnet2008,B1,10,40,32,0.8,63,63,1.0,7.1082101146509595,0.20585856399702607,0.07451641590014332,1,0
rescuenet,Belnet2008-r2,Belnet2008,B1,11,40,32,0.8,63,63,1.0,7.10821011465096,0.20585856399702607,0.07451641590014332,1,0
rescuenet,Belnet2008-r2,Belnet2008,B1,12,40,31,0.775,63,63,1.0,7.708918839224378,0.20585856399702607,0.07451641590014332,1,0
rescuenet,Belnet2008-r2,Belnet2008,B1,13,40,31,0.775,63,63,1.0,7.6981530459485015,0.20585856399702607,0.07451641590014332,1,0
rescuenet,Belnet2008-r2,Belnet2008,B1,14,40,32,0.8,63,63,1.0,7.1082101146509595,0.20585856399702607,0.07451641590014332,1,0
rescuenet,Belnet2008-r2,Belnet2008,B1,15,40,31,0.775,63,63,1.0,8.022829833062987,0.20585856399702607,0.07451641590014332,1,0
rescuenet,Belnet2008-r2,Belnet2008,B1,16,40,31,0.775,63,63,1.0,7.288937038869543,0.20585856399702607,0.07451641590014332,1,0
rescuenet,Belnet2008-r2,Belnet2008,B1,17,40,32,0.8,63,63,1.0,7.1082101146509595,0.20585856399702607,0.07451641590014332,1,0
rescuenet,Belnet2008-r2,Belnet2008,B1,18,40,31,0.775,63,63,1.0,7.701764853594934,0.20585856399702607,0.07451641590014332,1,0
rescuenet,Belnet2008-r2,Belnet2008,B1,19,40,32,0.8,63,63,1.0,7.10821011465096,0.20585856399702607,0.07451641590014332,1,0
rescuenet,Belnet2008-r2,Belnet2008,B1,20,40,31,0.775,63,63,1.0,8.105731924460734,0.20585856399702607,0.07451641590014332,1,0
rescuenet,Belnet2008-r2,Belnet2008,B1,21,40,31,0.775,63,63,1.0,7.920043109266716,0.20585856399702607,0.07451641590014332,1,0
rescuenet,Belnet2008-r2,Belnet2008,B1,22,40,32,0.8,63,63,1.0,7.1082101146509595,0.20585856399702607,0.07451641590014332,1,0
rescuenet,Belnet2008-r2,Belnet2008,B1,23,40,31,0.775,63,63,1.0,7.151933514368103,0.20585856399702607,0.07451641590014332,1,0
rescuenet,Belnet2008-r2,Belnet2008,B1,24,40,32,0.8,63,63,1.0,7.10821011465096,0.20585856399702607,0.07451641590014332,1,0
rescuenet,Belnet2008-r2,Belnet2008,B1,25,40,32,0.8,63,63,1.0,7.1082101146509595,0.20585856399702607,0.07451641590014332,1,0
rescuenet,Belnet2008-r2,Belnet2008,B1,26,40,32,0.8,63,63,1.0,7.1082101146509595,0.20585856399702607,0.07451641590014332,1,0
rescuenet,Belnet2008-r2,Belnet2008,B1,27,40,32,0.8,63,63,1.0,7.10821011465096,0.20585856399702607,0.07451641590014332,1,0
rescuenet,Belnet2008-r2,Belnet2008,B1,28,40,31,0.775,63,63,1.0,7.934863048273074,0.20585856399702607,0.07451641590014332,1,0
rescuenet,Belnet2008-r2,Belnet2008,B1,29,40,31,0.775,63,63,1.0,7.822129959047279,0.20585856399702607,0.07451641590014332,1,0
rescuenet,Belnet2008-r2,Belnet2008,B2,0,40,32,0.8,63,63,1.0,5.033071091955094,251.37708399999974,0.08930532356680487,1979,4
rescuenet,Belnet2008-r2,Belnet2008,B2,1,40,33,0.825,63,63,1.0,4.899039197675936,251.37708399999974,0.08930532356680487,1979,4
rescuenet,Belnet2008-r2,Belnet2008,B2,2,40,32,0.8,63,63,1.0,4.639022480551053,251.37708399999974,0.08930532356680487,1979,4
rescuenet,Belnet2008-r2,Belnet2008,B2,3,40,32,0.8,63,63,1.0,4.849110343375486,251.37708399999974,0.08930532356680487,1979,4
rescuenet,Belnet2008-r2,Belnet2008,B2,4,40,33,0.825,63,63,1.0,4.896010140564639,251.37708399999974,0.08930532356680487,1979,4
rescuenet,Belnet2008-r2,Belnet2008,B2,5,40,33,0.825,63,63,1.0,4.874475431451609,251.37708399999974,0.08930532356680487,1979,4
rescuenet,Belnet2008-r2,Belnet2008,B2,6,40,33,0.825,63,63,1.0,4.821801600831862,251.37708399999974,0.08930532356680487,1979,4
rescuenet,Belnet2008-r2,Belnet2008,B2,7,40,33,0.825,63,63,1.0,4.721121863307895,251.37708399999974,0.08930532356680487,1979,4
rescuenet,Belnet2008-r2,Belnet2008,B2,8,40,31,0.775,63,63,1.0,5.238089723565726,251.37708399999974,0.08930532356680487,1979,4
rescuenet,Belnet2008-r2,Belnet2008,B2,9,40,33,0.825,63,63,1.0,4.846360824151572,251.37708399999974,0.08930532356680487,1979,4
rescuenet,Belnet2008-r2,Belnet2008,B2,10,40,33,0.825,63,63,1.0,4.95603393509759,251.37708399999974,0.08930532356680487,1979,4
rescuenet,Belnet2008-r2,Belnet2008,B2,11,40,33,0.825,63,63,1.0,4.810150068757065,251.37708399999974,0.08930532356680487,1979,4
rescuenet,Belnet2008-r2,Belnet2008,B2,12,40,32,0.8,63,63,1.0,4.738212234939891,251.37708399999974,0.08930532356680487,1979,4
rescuenet,Belnet2008-r2,Belnet2008,B2,13,40,31,0.775,63,63,1.0,5.4016308130156,251.37708399999974,0.08930532356680487,1979,4
rescuenet,Belnet2008-r2,Belnet2008,B2,14,40,32,0.8,63,63,1.0,4.732487117447756,251.37708399999974,0.08930532356680487,1979,4
rescuenet,Belnet2008-r2,Belnet2008,B2,15,40,33,0.825,63,63,1.0,4.814036941902522,251.37708399999974,0.08930532356680487,1979,4
rescuenet,Belnet2008-r2,Belnet2008,B2,16,40,33,0.825,63,63,1.0,5.050409429936932,251.37708399999974,0.08930532356680487,1979,4
rescuenet,Belnet2008-r2,Belnet2008,B2,17,40,33,0.825,63,63,1.0,4.734825397709514,251.37708399999974,0.08930532356680487,1979,4
rescuenet,Belnet2008-r2,Belnet2008,B2,18,40,32,0.8,63,63,1.0,5.006379831398169,251.37708399999974,0.08930532356680487,1979,4
rescuenet,Belnet2008-r2,Belnet2008,B2,19,40,33,0.825,63,63,1.0,4.982360024944331,251.37708399999974,0.08930532356680487,1979,4
rescuenet,Belnet2008-r2,Belnet2008,B2,20,40,32,0.8,63,63,1.0,4.91040514243549,251.37708399999974,0.08930532356680487,1979,4
rescuenet,Belnet2008-r2,Belnet2008,B2,21,40,32,0.8,63,63,1.0,4.985370779749648,251.37708399999974,0.08930532356680487,1979,4
rescuenet,Belnet2008-r2,Belnet2008,B2,22,40,32,0.8,63,63,1.0,4.994240891093395,251.37708399999974,0.08930532356680487,1979,4
rescuenet,Belnet2008-r2,Belnet2008,B2,23,40,32,0.8,63,63,1.0,4.8947656460182944,251.37708399999974,0.08930532356680487,1979,4
rescuenet,Belnet2008-r2,Belnet2008,B2,24,40,33,0.825,63,63,1.0,4.783569766425723,251.37708399999974,0.08930532356680487,1979,4
rescuenet,Belnet2008-r2,Belnet2008,B2,25,40,32,0.8,63,63,1.0,4.767052322975475,251.37708399999974,0.08930532356680487,1979,4
rescuenet,Belnet2008-r2,Belnet2008,B2,26,40,32,0.8,63,63,1.0,4.8946147869876055,251.37708399999974,0.08930532356680487,1979,4
rescuenet,Belnet2008-r2,Belnet2008,B2,27,40,32,0.8,63,63,1.0,4.8893611959647405,251.37708399999974,0.08930532356680487,1979,4
rescuenet,Belnet2008-r2,Belnet2008,B2,28,40,32,0.8,63,63,1.0,4.878675939492529,251.37708399999974,0.08930532356680487,1979,4
rescuenet,Belnet2008-r2,Belnet2008,B2,29,40,32,0.8,63,63,1.0,4.944391031620019,251.37708399999974,0.08930532356680487,1979,4
rescuenet,Belnet2008-r2,Belnet2008,P,0,40,33,0.825,63,63,1.0,4.980837194333584,252.25990537399775,0.07691695120010991,2001,6
rescuenet,Belnet2008-r2,Belnet2008,P,1,40,33,0.825,63,63,1.0,4.962028793038747,252.25990537399775,0.07691695120010991,2001,6
rescuenet,Belnet2008-r2,Belnet2008,P,2,40,33,0.825,63,63,1.0,4.752301623640051,252.25990537399775,0.07691695120010991,2001,6
rescuenet,Belnet2008-r2,Belnet2008,P,3,40,33,0.825,63,63,1.0,4.8463206648811274,252.25990537399775,0.07691695120010991,2001,6
rescuenet,Belnet2008-r2,Belnet2008,P,4,40,33,0.825,63,63,1.0,4.908531169852077,252.25990537399775,0.07691695120010991,2001,6
rescuenet,Belnet2008-r2,Belnet2008,P,5,40,33,0.825,63,63,1.0,4.890307804846736,252.25990537399775,0.07691695120010991,2001,6
rescuenet,Belnet2008-r2,Belnet2008,P,6,40,33,0.825,63,63,1.0,4.8372186661067875,252.25990537399775,0.07691695120010991,2001,6
rescuenet,Belnet2008-r2,Belnet2008,P,7,40,33,0.825,63,63,1.0,4.744707895471625,252.25990537399775,0.07691695120010991,2001,6
rescuenet,Belnet2008-r2,Belnet2008,P,8,40,33,0.825,63,63,1.0,5.0241440948310485,252.25990537399775,0.07691695120010991,2001,6
rescuenet,Belnet2008-r2,Belnet2008,P,9,40,33,0.825,63,63,1.0,4.863121483239559,252.25990537399775,0.07691695120010991,2001,6
rescuenet,Belnet2008-r2,Belnet2008,P,10,40,33,0.825,63,63,1.0,4.970818280012973,252.25990537399775,0.07691695120010991,2001,6
rescuenet,Belnet2008-r2,Belnet2008,P,11,40,33,0.825,63,63,1.0,4.761142153374937,252.25990537399775,0.07691695120010991,2001,6
rescuenet,Belnet2008-r2,Belnet2008,P,12,40,33,0.825,63,63,1.0,4.847009428841161,252.25990537399775,0.07691695120010991,2001,6
rescuenet,Belnet2008-r2,Belnet2008,P,13,40,32,0.8,63,63,1.0,5.1456839915255665,252.25990537399775,0.07691695120010991,2001,6
rescuenet,Belnet2008-r2,Belnet2008,P,14,40,33,0.825,63,63,1.0,4.775416525675583,252.25990537399775,0.07691695120010991,2001,6
rescuenet,Belnet2008-r2,Belnet2008,P,15,40,33,0.825,63,63,1.0,4.842770420604103,252.25990537399775,0.07691695120010991,2001,6
rescuenet,Belnet2008-r2,Belnet2008,P,16,40,33,0.825,63,63,1.0,5.056196203183994,252.25990537399775,0.07691695120010991,2001,6
rescuenet,Belnet2008-r2,Belnet2008,P,17,40,33,0.825,63,63,1.0,4.753714496980652,252.25990537399775,0.07691695120010991,2001,6
rescuenet,Belnet2008-r2,Belnet2008,P,18,40,33,0.825,63,63,1.0,4.962325932391289,252.25990537399775,0.07691695120010991,2001,6
rescuenet,Belnet2008-r2,Belnet2008,P,19,40,33,0.825,63,63,1.0,4.991700501836535,252.25990537399775,0.07691695120010991,2001,6
rescuenet,Belnet2008-r2,Belnet2008,P,20,40,33,0.825,63,63,1.0,4.915791870749652,252.25990537399775,0.07691695120010991,2001,6
rescuenet,Belnet2008-r2,Belnet2008,P,21,40,33,0.825,63,63,1.0,5.032187843825763,252.25990537399775,0.07691695120010991,2001,6
rescuenet,Belnet2008-r2,Belnet2008,P,22,40,33,0.825,63,63,1.0,4.9625229471353,252.25990537399775,0.07691695120010991,2001,6
rescuenet,Belnet2008-r2,Belnet2008,P,23,40,33,0.825,63,63,1.0,4.890092977867543,252.25990537399775,0.07691695120010991,2001,6
rescuenet,Belnet2008-r2,Belnet2008,P,24,40,33,0.825,63,63,1.0,4.863087245433291,252.25990537399775,0.07691695120010991,2001,6
rescuenet,Belnet2008-r2,Belnet2008,P,25,40,32,0.8,63,63,1.0,4.767504845969845,252.25990537399775,0.07691695120010991,2001,6
rescuenet,Belnet2008-r2,Belnet2008,P,26,40,33,0.825,63,63,1.0,4.928587890790524,252.25990537399775,0.07691695120010991,2001,6
rescuenet,Belnet2008-r2,Belnet2008,P,27,40,32,0.8,63,63,1.0,5.162812969135089,252.25990537399775,0.07691695120010991,2001,6
rescuenet,Belnet2008-r2,Belnet2008,P,28,40,33,0.825,63,63,1.0,4.95342546043451,252.25990537399775,0.07691695120010991,2001,6
rescuenet,Belnet2008-r2,Belnet2008,P,29,40,33,0.825,63,63,1.0,4.833324786955709,252.25990537399775,0.07691695120010991,2001,6
rescuenet,Belnet2008-r2,Belnet2008,TRAN,0,40,25,0.625,63,63,1.0,14.524576452090244,172.54056553100236,0.07007767656662812,1,0
rescuenet,Belnet2008-r2,Belnet2008,TRAN,1,40,24,0.6,63,63,1.0,14.344070742408594,172.54056553100236,0.07007767656662812,1,0
rescuenet,Belnet2008-r2,Belnet2008,TRAN,2,40,26,0.65,63,63,1.0,13.703560559354319,172.54056553100236,0.07007767656662812,1,0
rescuenet,Belnet2008-r2,Belnet2008,TRAN,3,40,25,0.625,63,63,1.0,13.755640970272076,172.54056553100236,0.07007767656662812,1,0
rescuenet,Belnet2008-r2,Belnet2008,TRAN,4,40,25,0.625,63,63,1.0,14.574942025575544,172.54056553100236,0.07007767656662812,1,0
rescuenet,Belnet2008-r2,Belnet2008,TRAN,5,40,26,0.65,63,63,1.0,13.24306145590714,172.54056553100236,0.07007767656662812,1,0
rescuenet,Belnet2008-r2,Belnet2008,TRAN,6,40,25,0.625,63,63,1.0,13.64009303521755,172.54056553100236,0.07007767656662812,1,0
rescuenet,Belnet2008-r2,Belnet2008,TRAN,7,40,25,0.625,63,63,1.0,13.625061983179384,172.54056553100236,0.07007767656662812,1,0
rescuenet,Belnet2008-r2,Belnet2008,TRAN,8,40,25,0.625,63,63,1.0,14.579864086830044,172.54056553100236,0.07007767656662812,1,0
rescuenet,Belnet2008-r2,Belnet2008,TRAN,9,40,25,0.625,63,63,1.0,14.226142411767887,172.54056553100236,0.07007767656662812,1,0
rescuenet,Belnet2008-r2,Belnet2008,TRAN,10,40,25,0.625,63,63,1.0,14.539961372971648,172.54056553100236,0.07007767656662812,1,0
rescuenet,Belnet2008-r2,Belnet2008,TRAN,11,40,26,0.65,63,63,1.0,13.43346285462164,172.54056553100236,0.07007767656662812,1,0
rescuenet,Belnet2008-r2,Belnet2008,TRAN,12,40,26,0.65,63,63,1.0,13.426206818426529,172.54056553100236,0.07007767656662812,1,0
rescuenet,Belnet2008-r2,Belnet2008,TRAN,13,40,26,0.65,63,63,1.0,13.394051677335556,172.54056553100236,0.07007767656662812,1,0
rescuenet,Belnet2008-r2,Belnet2008,TRAN,14,40,25,0.625,63,63,1.0,14.215312369900861,172.54056553100236,0.07007767656662812,1,0
rescuenet,Belnet2008-r2,Belnet2008,TRAN,15,40,25,0.625,63,63,1.0,13.99793113833596,172.54056553100236,0.07007767656662812,1,0
rescuenet,Belnet2008-r2,Belnet2008,TRAN,16,40,25,0.625,63,63,1.0,14.184615040284132,172.54056553100236,0.07007767656662812,1,0
rescuenet,Belnet2008-r2,Belnet2008,TRAN,17,40,25,0.625,63,63,1.0,13.743503959007683,172.54056553100236,0.07007767656662812,1,0
rescuenet,Belnet2008-r2,Belnet2008,TRAN,18,40,26,0.65,63,63,1.0,13.425014123096249,172.54056553100236,0.07007767656662812,1,0
rescuenet,Belnet2008-r2,Belnet2008,TRAN,19,40,26,0.65,63,63,1.0,13.247327098103797,172.54056553100236,0.07007767656662812,1,0
rescuenet,Belnet2008-r2,Belnet2008,TRAN,20,40,24,0.6,63,63,1.0,14.068556409076622,172.54056553100236,0.07007767656662812,1,0
rescuenet,Belnet2008-r2,Belnet2008,TRAN,21,40,25,0.625,63,63,1.0,14.742797037601006,172.54056553100236,0.07007767656662812,1,0
rescuenet,Belnet2008-r2,Belnet2008,TRAN,22,40,25,0.625,63,63,1.0,13.395059457796279,172.54056553100236,0.07007767656662812,1,0
rescuenet,Belnet2008-r2,Belnet2008,TRAN,23,40,26,0.65,63,63,1.0,13.626771694703129,172.54056553100236,0.07007767656662812,1,0
rescuenet,Belnet2008-r2,Belnet2008,TRAN,24,40,26,0.65,63,63,1.0,13.767198541989632,172.54056553100236,0.07007767656662812,1,0
rescuenet,Belnet2008-r2,Belnet2008,TRAN,25,40,25,0.625,63,63,1.0,14.750541754615446,172.54056553100236,0.07007767656662812,1,0
rescuenet,Belnet2008-r2,Belnet2008,TRAN,26,40,26,0.65,63,63,1.0,13.576687800759041,172.54056553100236,0.07007767656662812,1,0
rescuenet,Belnet2008-r2,Belnet2008,TRAN,27,40,25,0.625,63,63,1.0,13.7312420547514,172.54056553100236,0.07007767656662812,1,0
rescuenet,Belnet2008-r2,Belnet2008,TRAN,28,40,25,0.625,63,63,1.0,14.795296133372103,172.54056553100236,0.07007767656662812,1,0
rescuenet,Belnet2008-r2,Belnet2008,TRAN,29,40,26,0.65,63,63,1.0,13.160239536917791,172.54056553100236,0.07007767656662812,1,0
rescuenet,BsonetEurope-r0,BsonetEurope,B0,0,40,12,0.3,63,26,0.4126984126984127,27.07539159428479,0.0001400620021740906,0.044882065899825345,1,0
rescuenet,BsonetEurope-r0,BsonetEurope,B0,1,40,12,0.3,63,26,0.4126984126984127,27.07539159428479,0.0001400620021740906,0.044882065899825345,1,0
rescuenet,BsonetEurope-r0,BsonetEurope,B0,2,40,12,0.3,63,26,0.4126984126984127,27.07539159428479,0.0001400620021740906,0.044882065899825345,1,0
rescuenet,BsonetEurope-r0,BsonetEurope,B0,3,40,12,0.3,63,26,0.4126984126984127,27.07539159428479,0.0001400620021740906,0.044882065899825345,1,0
rescuenet,BsonetEurope-r0,BsonetEurope,B0,4,40,12,0.3,63,26,0.4126984126984127,27.07539159428479,0.0001400620021740906,0.044882065899825345,1,0
rescuenet,BsonetEurope-r0,BsonetEurope,B0,5,40,12,0.3,63,26,0.4126984126984127,27.07539159428479,0.0001400620021740906,0.044882065899825345,1,0
rescuenet,BsonetEurope-r0,BsonetEurope,B0,6,40,12,0.3,63,26,0.4126984126984127,27.07539159428479,0.0001400620021740906,0.044882065899825345,1,0
rescuenet,BsonetEurope-r0,BsonetEurope,B0,7,40,12,0.3,63,26,0.4126984126984127,27.07539159428479,0.0001400620021740906,0.044882065899825345,1,0
rescuenet,BsonetEurope-r0,BsonetEurope,B0,8,40,12,0.3,63,26,0.4126984126984127,27.07539159428479,0.0001400620021740906,0.044882065899825345,1,0
rescuenet,BsonetEurope-r0,BsonetEurope,B0,9,40,12,0.3,63,26,0.4126984126984127,27.07539159428479,0.0001400620021740906,0.044882065899825345,1,0
rescuenet,BsonetEurope-r0,BsonetEurope,B0,10,40,12,0.3,63,26,0.4126984126984127,27.07539159428479,0.0001400620021740906,0.044882065899825345,1,0
rescuenet,BsonetEurope-r0,BsonetEurope,B0,11,40,12,0.3,63,26,0.4126984126984127,27.07539159428479,0.0001400620021740906,0.044882065899825345,1,0
rescuenet,BsonetEurope-r0,BsonetEurope,B0,12,40,12,0.3,63,26,0.4126984126984127,27.07539159428479,0.0001400620021740906,0.044882065899825345,1,0
rescuenet,BsonetEurope-r0,BsonetEurope,B0,13,40,12,0.3,63,26,0.4126984126984127,27.07539159428479,0.0001400620021740906,0.044882065899825345,1,0
rescuenet,BsonetEurope-r0,BsonetEurope,B0,14,40,12,0.3,63,26,0.4126984126984127,27.07539159428479,0.0001400620021740906,0.044882065899825345,1,0
rescuenet,BsonetEurope-r0,BsonetEurope,B0,15,40,12,0.3,63,26,0.4126984126984127,27.07539159428479,0.0001400620021740906,0.044882065899825345,1,0
rescuenet,BsonetEurope-r0,BsonetEurope,B0,16,40,12,0.3,63,26,0.4126984126984127,27.07539159428479,0.0001400620021740906,0.044882065899825345,1,0
rescuenet,BsonetEurope-r0,BsonetEurope,B0,17,40,12,0.3,63,26,0.4126984126984127,27.07539159428479,0.0001400620021740906,0.044882065899825345,1,0
rescuenet,BsonetEurope-r0,BsonetEurope,B0,18,40,12,0.3,63,26,0.4126984126984127,27.07539159428479,0.0001400620021740906,0.044882065899825345,1,0
rescuenet,BsonetEurope-r0,BsonetEurope,B0,19,40,12,0.3,63,26,0.4126984126984127,27.07539159428479,0.0001400620021740906,0.044882065899825345,1,0
rescuenet,BsonetEurope-r0,BsonetEurope,B0,20,40,12,0.3,63,26,0.4126984126984127,27.07539159428479,0.0001400620021740906,0.044882065899825345,1,0
rescuenet,BsonetEurope-r0,BsonetEurope,B0,21,40,12,0.3,63,26,0.4126984126984127,27.07539159428479,0.0001400620021740906,0.044882065899825345,1,0
rescuenet,BsonetEurope-r0,BsonetEurope,B0,22,40,12,0.3,63,26,0.4126984126984127,27.07539159428479,0.0001400620021740906,0.044882065899825345,1,0
rescuenet,BsonetEurope-r0,BsonetEurope,B0,23,40,12,0.3,63,26,0.4126984126984127,27.07539159428479,0.0001400620021740906,0.044882065899825345,1,0
rescuenet,BsonetEurope-r0,BsonetEurope,B0,24,40,12,0.3,63,26,0.4126984126984127,27.07539159428479,0.0001400620021740906,0.044882065899825345,1,0
rescuenet,BsonetEurope-r0,BsonetEurope,B0,25,40,12,0.3,63,26,0.4126984126984127,27.07539159428479,0.0001400620021740906,0.044882065899825345,1,0
rescuenet,BsonetEurope-r0,BsonetEurope,B0,26,40,12,0.3,63,26,0.4126984126984127,27.07539159428479,0.0001400620021740906,0.044882065899825345,1,0
rescuenet,BsonetEurope-r0,BsonetEurope,B0,27,40,12,0.3,63,26,0.4126984126984127,27.07539159428479,0.0001400620021740906,0.044882065899825345,1,0
rescuenet,BsonetEurope-r0,BsonetEurope,B0,28,40,12,0.3,63,26,0.4126984126984127,27.07539159428479,0.0001400620021740906,0.044882065899825345,1,0
rescuenet,BsonetEurope-r0,BsonetEurope,B0,29,40,12,0.3,63,26,0.4126984126984127,27.07539159428479,0.0001400620021740906,0.044882065899825345,1,0
rescuenet,BsonetEurope-r0,BsonetEurope,B1,0,40,15,0.375,63,63,1.0,25.0,0.16609439899912104,0.0456251699331915,1,0
rescuenet,BsonetEurope-r0,BsonetEurope,B1,1,40,15,0.375,63,63,1.0,25.0,0.16609439899912104,0.0456251699331915,1,0
rescuenet,BsonetEurope-r0,BsonetEurope,B1,2,40,15,0.375,63,63,1.0,25.0,0.16609439899912104,0.0456251699331915,1,0
rescuenet,BsonetEurope-r0,BsonetEurope,B1,3,40,13,0.325,63,63,1.0,26.73278218886527,0.16609439899912104,0.0456251699331915,1,0
rescuenet,BsonetEurope-r0,BsonetEurope,B1,4,40,14,0.35,63,63,1.0,25.5551324382698,0.16609439899912104,0.0456251699331915,1,0
rescuenet,BsonetEurope-r0,BsonetEurope,B1,5,40,15,0.375,63,63,1.0,25.0,0.16609439899912104,0.0456251699331915,1,0
rescuenet,BsonetEurope-r0,BsonetEurope,B1,6,40,15,0.375,63,63,1.0,25.0,0.16609439899912104,0.0456251699331915,1,0
rescuenet,BsonetEurope-r0,BsonetEurope,B1,7,40,14,0.35,63,63,1.0,25.319336301147878,0.16609439899912104,0.0456251699331915,1,0
rescuenet,BsonetEurope-r0,BsonetEurope,B1,8,40,15,0.375,63,63,1.0,25.000000000000004,0.16609439899912104,0.0456251699331915,1,0
rescuenet,BsonetEurope-r0,BsonetEurope,B1,9,40,14,0.35,63,63,1.0,25.809901934555842,0.16609439899912104,0.0456251699331915,1,0
rescuenet,BsonetEurope-r0,BsonetEurope,B1,10,40,15,0.375,63,63,1.0,25.0,0.16609439899912104,0.0456251699331915,1,0
rescuenet,BsonetEurope-r0,BsonetEurope,B1,11,40,14,0.35,63,63,1.0,25.403401625831012,0.16609439899912104,0.0456251699331915,1,0
rescuenet,BsonetEurope-r0,BsonetEurope,B1,12,40,15,0.375,63,63,1.0,25.0,0.16609439899912104,0.0456251699331915,1,0
rescuenet,BsonetEurope-r0,BsonetEurope,B1,13,40,14,0.35,63,63,1.0,25.262174660205368,0.16609439899912104,0.0456251699331915,1,0
rescuenet,BsonetEurope-r0,BsonetEurope,B1,14,40,15,0.375,63,63,1.0,25.0,0.16609439899912104,0.0456251699331915,1,0
rescuenet,BsonetEurope-r0,BsonetEurope,B1,15,40,14,0.35,63,63,1.0,25.128855491284945,0.16609439899912104,0.0456251699331915,1,0
rescuenet,BsonetEurope-r0,BsonetEurope,B1,16,40,14,0.35,63,63,1.0,25.309868384132425,0.16609439899912104,0.0456251699331915,1,0
rescuenet,BsonetEurope-r0,BsonetEurope,B1,17,40,14,0.35,63,63,1.0,25.340939356773713,0.16609439899912104,0.0456251699331915,1,0
rescuenet,BsonetEurope-r0,BsonetEurope,B1,18,40,14,0.35,63,63,1.0,25.115084689278216,0.16609439899912104,0.0456251699331915,1,0
rescuenet,BsonetEurope-r0,BsonetEurope,B1,19,40,15,0.375,63,63,1.0,25.0,0.16609439899912104,0.0456251699331915,1,0
rescuenet,BsonetEurope-r0,BsonetEurope,B1,20,40,14,0.35,63,63,1.0,25.319441851597894,0.16609439899912104,0.0456251699331915,1,0
rescuenet,BsonetEurope-r0,BsonetEurope,B1,21,40,14,0.35,63,63,1.0,25.083904515369483,0.16609439899912104,0.0456251699331915,1,0
rescuenet,BsonetEurope-r0,BsonetEurope,B1,22,40,14,0.35,63,63,1.0,25.486377089470217,0.16609439899912104,0.0456251699331915,1,0
rescuenet,BsonetEurope-r0,BsonetEurope,B1,23,40,14,0.35,63,63,1.0,25.2817346050105,0.16609439899912104,0.0456251699331915,1,0
rescuenet,BsonetEurope-r0,BsonetEurope,B1,24,40,14,0.35,63,63,1.0,25.363874043353462,0.16609439899912104,0.0456251699331915,1,0
rescuenet,BsonetEurope-r0,BsonetEurope,B1,25,40,15,0.375,63,63,1.0,25.0,0.16609439899912104,0.0456251699331915,1,0
rescuenet,BsonetEurope-r0,BsonetEurope,B1,26,40,15,0.375,63,63,1.0,25.0,0.16609439899912104,0.0456251699331915,1,0
rescuenet,BsonetEurope-r0,BsonetEurope,B1,27,40,15,0.375,63,63,1.0,25.000000000000004,0.16609439899912104,0.0456251699331915,1,0
rescuenet,BsonetEurope-r0,BsonetEurope,B1,28,40,14,0.35,63,63,1.0,25.41561351898806,0.16609439899912104,0.0456251699331915,1,0
rescuenet,BsonetEurope-r0,BsonetEurope,B1,29,40,15,0.375,63,63,1.0,25.0,0.16609439899912104,0.0456251699331915,1,0
rescuenet,BsonetEurope-r0,BsonetEurope,B2,0,40,20,0.5,63,63,1.0,18.33663061993906,253.55307325700414,0.09433127696659843,2001,13
rescuenet,BsonetEurope-r0,BsonetEurope,B2,1,40,19,0.475,63,63,1.0,19.288234262082135,253.55307325700414,0.09433127696659843,2001,13
rescuenet,BsonetEurope-r0,BsonetEurope,B2,2,40,19,0.475,63,63,1.0,18.122944065170554,253.55307325700414,0.09433127696659843,2001,13
rescuenet,BsonetEurope-r0,BsonetEurope,B2,3,40,19,0.475,63,63,1.0,18.443795308416036,253.55307325700414,0.09433127696659843,2001,13
rescuenet,BsonetEurope-r0,BsonetEurope,B2,4,40,18,0.45,63,63,1.0,18.92282348681138,253.55307325700414,0.09433127696659843,2001,13
rescuenet,BsonetEurope-r0,BsonetEurope,B2,5,40,16,0.4,63,63,1.0,19.635648036951476,253.55307325700414,0.09433127696659843,2001,13
rescuenet,BsonetEurope-r0,BsonetEurope,B2,6,40,19,0.475,63,63,1.0,18.7187028507414,253.55307325700414,0.09433127696659843,2001,13
rescuenet,BsonetEurope-r0,BsonetEurope,B2,7,40,20,0.5,63,63,1.0,17.36277441103206,253.55307325700414,0.09433127696659843,2001,13
rescuenet,BsonetEurope-r0,BsonetEurope,B2,8,40,17,0.425,63,63,1.0,19.286355653160356,253.55307325700414,0.09433127696659843,2001,13
rescuenet,BsonetEurope-r0,BsonetEurope,B2,9,40,19,0.475,63,63,1.0,18.777552328046244,253.55307325700414,0.09433127696659843,2001,13
rescuenet,BsonetEurope-r0,BsonetEurope,B2,10,40,20,0.5,63,63,1.0,18.322100078225375,253.55307325700414,0.09433127696659843,2001,13
rescuenet,BsonetEurope-r0,BsonetEurope,B2,11,40,20,0.5,63,63,1.0,18.018478568505977,253.55307325700414,0.09433127696659843,2001,13
rescuenet,BsonetEurope-r0,BsonetEurope,B2,12,40,19,0.475,63,63,1.0,17.86404989880514,253.55307325700414,0.09433127696659843,2001,13
rescuenet,BsonetEurope-r0,BsonetEurope,B2,13,40,19,0.475,63,63,1.0,19.023085995288312,253.55307325700414,0.09433127696659843,2001,13
rescuenet,BsonetEurope-r0,BsonetEurope,B2,14,40,19,0.475,63,63,1.0,19.59391714464038,253.55307325700414,0.09433127696659843,2001,13
rescuenet,BsonetEurope-r0,BsonetEurope,B2,15,40,20,0.5,63,63,1.0,18.527262808341558,253.55307325700414,0.09433127696659843,2001,13
rescuenet,BsonetEurope-r0,BsonetEurope,B2,16,40,16,0.4,63,63,1.0,19.516896422906548,253.55307325700414,0.09433127696659843,2001,13
rescuenet,BsonetEurope-r0,BsonetEurope,B2,17,40,19,0.475,63,63,1.0,18.25059493175966,253.55307325700414,0.09433127696659843,2001,13
rescuenet,BsonetEurope-r0,BsonetEurope,B2,18,40,19,0.475,63,63,1.0,19.081031284141382,253.55307325700414,0.09433127696659843,2001,13
rescuenet,BsonetEurope-r0,BsonetEurope,B2,19,40,19,0.475,63,63,1.0,19.283270200522672,253.55307325700414,0.09433127696659843,2001,13
rescuenet,BsonetEurope-r0,BsonetEurope,B2,20,40,18,0.45,63,63,1.0,19.404105543802217,253.55307325700414,0.09433127696659843,2001,13
rescuenet,BsonetEurope-r0,BsonetEurope,B2,21,40,19,0.475,63,63,1.0,19.507003364654967,253.55307325700414,0.09433127696659843,2001,13
rescuenet,BsonetEurope-r0,BsonetEurope,B2,22,40,18,0.45,63,63,1.0,19.049562936723454,253.55307325700414,0.09433127696659843,2001,13
rescuenet,BsonetEurope-r0,BsonetEurope,B2,23,40,18,0.45,63,63,1.0,19.080522945823212,253.55307325700414,0.09433127696659843,2001,13
rescuenet,BsonetEurope-r0,BsonetEurope,B2,24,40,18,0.45,63,63,1.0,19.45854886094632,253.55307325700414,0.09433127696659843,2001,13
rescuenet,BsonetEurope-r0,BsonetEurope,B2,25,40,19,0.475,63,63,1.0,18.705888749903455,253.55307325700414,0.09433127696659843,2001,13
rescuenet,BsonetEurope-r0,BsonetEurope,B2,26,40,18,0.45,63,63,1.0,18.774822751917476,253.55307325700414,0.09433127696659843,2001,13
rescuenet,BsonetEurope-r0,BsonetEurope,B2,27,40,19,0.475,63,63,1.0,18.14140811765519,253.55307325700414,0.09433127696659843,2001,13
rescuenet,BsonetEurope-r0,BsonetEurope,B2,28,40,19,0.475,63,63,1.0,18.36762529773052,253.55307325700414,0.09433127696659843,2001,13
rescuenet,BsonetEurope-r0,BsonetEurope,B2,29,40,18,0.45,63,63,1.0,19.215445901839118,253.55307325700414,0.09433127696659843,2001,13
rescuenet,BsonetEurope-r0,BsonetEurope,P,0,40,20,0.5,63,63,1.0,17.961258395365988,265.33365814900026,0.08996563863329357,2001,10
rescuenet,BsonetEurope-r0,BsonetEurope,P,1,40,19,0.475,63,63,1.0,17.889682820921802,265.33365814900026,0.08996563863329357,2001,10
rescuenet,BsonetEurope-r0,BsonetEurope,P,2,40,18,0.45,63,63,1.0,18.518150839767372,265.33365814900026,0.08996563863329357,2001,10
rescuenet,BsonetEurope-r0,BsonetEurope,P,3,40,20,0.5,63,63,1.0,18.497446825233478,265.33365814900026,0.08996563863329357,2001,10
rescuenet,BsonetEurope-r0,BsonetEurope,P,4,40,18,0.45,63,63,1.0,19.00692512016153,265.33365814900026,0.08996563863329357,2001,10
rescuenet,BsonetEurope-r0,BsonetEurope,P,5,40,17,0.425,63,63,1.0,18.773283464351707,265.33365814900026,0.08996563863329357,2001,10
rescuenet,BsonetEurope-r0,BsonetEurope,P,6,40,19,0.475,63,63,1.0,18.643178813495823,265.33365814900026,0.08996563863329357,2001,10
rescuenet,BsonetEurope-r0,BsonetEurope,P,7,40,18,0.45,63,63,1.0,18.081092208841454,265.33365814900026,0.08996563863329357,2001,10
rescuenet,BsonetEurope-r0,BsonetEurope,P,8,40,18,0.45,63,63,1.0,18.743082301788753,265.33365814900026,0.08996563863329357,2001,10
rescuenet,BsonetEurope-r0,BsonetEurope,P,9,40,19,0.475,63,63,1.0,19.056508083909854,265.33365814900026,0.08996563863329357,2001,10
rescuenet,BsonetEurope-r0,BsonetEurope,P,10,40,17,0.425,63,63,1.0,18.85636847163923,265.33365814900026,0.08996563863329357,2001,10
rescuenet,BsonetEurope-r0,BsonetEurope,P,11,40,20,0.5,63,63,1.0,17.69492077369932,265.33365814900026,0.08996563863329357,2001,10
rescuenet,BsonetEurope-r0,BsonetEurope,P,12,40,20,0.5,63,63,1.0,17.9373060747475,265.33365814900026,0.08996563863329357,2001,10
rescuenet,BsonetEurope-r0,BsonetEurope,P,13,40,17,0.425,63,63,1.0,19.61534168958125,265.33365814900026,0.08996563863329357,2001,10
rescuenet,BsonetEurope-r0,BsonetEurope,P,14,40,17,0.425,63,63,1.0,19.9009795040572,265.33365814900026,0.08996563863329357,2001,10
rescuenet,BsonetEurope-r0,BsonetEurope,P,15,40,17,0.425,63,63,1.0,19.631503144595637,265.33365814900026,0.08996563863329357,2001,10
rescuenet,BsonetEurope-r0,BsonetEurope,P,16,40,17,0.425,63,63,1.0,19.403147141206617,265.33365814900026,0.08996563863329357,2001,10
rescuenet,BsonetEurope-r0,BsonetEurope,P,17,40,16,0.4,63,63,1.0,21.030356256794892,265.33365814900026,0.08996563863329357,2001,10
rescuenet,BsonetEurope-r0,BsonetEurope,P,18,40,18,0.45,63,63,1.0,19.435378955100276,265.33365814900026,0.08996563863329357,2001,10
rescuenet,BsonetEurope-r0,BsonetEurope,P,19,40,18,0.45,63,63,1.0,19.497932951381863,265.33365814900026,0.08996563863329357,2001,10
rescuenet,BsonetEurope-r0,BsonetEurope,P,20,40,18,0.45,63,63,1.0,19.558688929135947,265.33365814900026,0.08996563863329357,2001,10
rescuenet,BsonetEurope-r0,BsonetEurope,P,21,40,18,0.45,63,63,1.0,19.69188450858815,265.33365814900026,0.08996563863329357,2001,10
rescuenet,BsonetEurope-r0,BsonetEurope,P,22,40,19,0.475,63,63,1.0,18.517297986812803,265.33365814900026,0.08996563863329357,2001,10
rescuenet,BsonetEurope-r0,BsonetEurope,P,23,40,19,0.475,63,63,1.0,18.520893530384424,265.33365814900026,0.08996563863329357,2001,10
rescuenet,BsonetEurope-r0,BsonetEurope,P,24,40,18,0.45,63,63,1.0,19.72808470177527,265.33365814900026,0.08996563863329357,2001,10
rescuenet,BsonetEurope-r0,BsonetEurope,P,25,40,19,0.475,63,63,1.0,18.40444152813884,265.33365814900026,0.08996563863329357,2001,10
rescuenet,BsonetEurope-r0,BsonetEurope,P,26,40,19,0.475,63,63,1.0,18.368555041968676,265.33365814900026,0.08996563863329357,2001,10
rescuenet,BsonetEurope-r0,BsonetEurope,P,27,40,19,0.475,63,63,1.0,17.995188997238767,265.33365814900026,0.08996563863329357,2001,10
rescuenet,BsonetEurope-r0,BsonetEurope,P,28,40,17,0.425,63,63,1.0,19.972684405898367,265.33365814900026,0.08996563863329357,2001,10
rescuenet,BsonetEurope-r0,BsonetEurope,P,29,40,18,0.45,63,63,1.0,20.24997083557652,265.33365814900026,0.08996563863329357,2001,10
rescuenet,BsonetEurope-r0,BsonetEurope,TRAN,0,40,11,0.275,63,63,1.0,27.13774320752386,402.6049318840014,0.09373946406655402,1,0
rescuenet,BsonetEurope-r0,BsonetEurope,TRAN,1,40,13,0.325,63,63,1.0,23.456557919148402,402.6049318840014,0.09373946406655402,1,0
rescuenet,BsonetEurope-r0,BsonetEurope,TRAN,2,40,15,0.375,63,63,1.0,22.974214677327883,402.6049318840014,0.09373946406655402,1,0
rescuenet,BsonetEurope-r0,BsonetEurope,TRAN,3,40,12,0.3,63,63,1.0,25.239970542744135,402.6049318840014,0.09373946406655402,1,0
rescuenet,BsonetEurope-r0,BsonetEurope,TRAN,4,40,16,0.4,63,63,1.0,22.444901208586003,402.6049318840014,0.09373946406655402,1,0
rescuenet,BsonetEurope-r0,BsonetEurope,TRAN,5,40,13,0.325,63,63,1.0,23.367593150131466,402.6049318840014,0.09373946406655402,1,0
rescuenet,BsonetEurope-r0,BsonetEurope,TRAN,6,40,12,0.3,63,63,1.0,23.839203632598608,402.6049318840014,0.09373946406655402,1,0
rescuenet,BsonetEurope-r0,BsonetEurope,TRAN,7,40,13,0.325,63,63,1.0,23.733073771153283,402.6049318840014,0.09373946406655402,1,0
rescuenet,BsonetEurope-r0,BsonetEurope,TRAN,8,40,14,0.35,63,63,1.0,24.63718593622916,402.6049318840014,0.09373946406655402,1,0
rescuenet,BsonetEurope-r0,BsonetEurope,TRAN,9,40,13,0.325,63,63,1.0,24.640843624533847,402.6049318840014,0.09373946406655402,1,0
rescuenet,BsonetEurope-r0,BsonetEurope,TRAN,10,40,14,0.35,63,63,1.0,24.60050337884438,402.6049318840014,0.09373946406655402,1,0
rescuenet,BsonetEurope-r0,BsonetEurope,TRAN,11,40,12,0.3,63,63,1.0,24.308188585253856,402.6049318840014,0.09373946406655402,1,0
rescuenet,BsonetEurope-r0,BsonetEurope,TRAN,12,40,12,0.3,63,63,1.0,26.036849285359732,402.6049318840014,0.09373946406655402,1,0
rescuenet,BsonetEurope-r0,BsonetEurope,TRAN,13,40,12,0.3,63,63,1.0,24.734465365049218,402.6049318840014,0.09373946406655402,1,0
rescuenet,BsonetEurope-r0,BsonetEurope,TRAN,14,40,12,0.3,63,63,1.0,24.44039594287978,402.6049318840014,0.09373946406655402,1,0
rescuenet,BsonetEurope-r0,BsonetEurope,TRAN,15,40,12,0.3,63,63,1.0,25.139750781612328,402.6049318840014,0.09373946406655402,1,0
rescuenet,BsonetEurope-r0,BsonetEurope,TRAN,16,40,13,0.325,63,63,1.0,24.751700010748493,402.6049318840014,0.09373946406655402,1,0
rescuenet,BsonetEurope-r0,BsonetEurope,TRAN,17,40,15,0.375,63,63,1.0,23.721751429490975,402.6049318840014,0.09373946406655402,1,0
rescuenet,BsonetEurope-r0,BsonetEurope,TRAN,18,40,14,0.35,63,63,1.0,23.097587369579134,402.6049318840014,0.09373946406655402,1,0
rescuenet,BsonetEurope-r0,BsonetEurope,TRAN,19,40,15,0.375,63,63,1.0,22.917204327762434,402.6049318840014,0.09373946406655402,1,0
rescuenet,BsonetEurope-r0,BsonetEurope,TRAN,20,40,12,0.3,63,63,1.0,22.832173472259733,402.6049318840014,0.09373946406655402,1,0
rescuenet,BsonetEurope-r0,BsonetEurope,TRAN,21,40,13,0.325,63,63,1.0,24.565714798215208,402.6049318840014,0.09373946406655402,1,0
rescuenet,BsonetEurope-r0,BsonetEurope,TRAN,22,40,13,0.325,63,63,1.0,24.345893747049164,402.6049318840014,0.09373946406655402,1,0
rescuenet,BsonetEurope-r0,BsonetEurope,TRAN,23,40,13,0.325,63,63,1.0,23.714596977030016,402.6049318840014,0.09373946406655402,1,0
rescuenet,BsonetEurope-r0,BsonetEurope,TRAN,24,40,11,0.275,63,63,1.0,24.16595214464741,402.6049318840014,0.09373946406655402,1,0
rescuenet,BsonetEurope-r0,BsonetEurope,TRAN,25,40,14,0.35,63,63,1.0,22.481537515217266,402.6049318840014,0.09373946406655402,1,0
rescuenet,BsonetEurope-r0,BsonetEurope,TRAN,26,40,11,0.275,63,63,1.0,27.955555775530375,402.6049318840014,0.09373946406655402,1,0
rescuenet,BsonetEurope-r0,BsonetEurope,TRAN,27,40,11,0.275,63,63,1.0,26.1096327889899,402.6049318840014,0.09373946406655402,1,0
rescuenet,BsonetEurope-r0,BsonetEurope,TRAN,28,40,14,0.35,63,63,1.0,23.77096242737364,402.6049318840014,0.09373946406655402,1,0
rescuenet,BsonetEurope-r0,BsonetEurope,TRAN,29,40,14,0.35,63,63,1.0,24.1545950729005,402.6049318840014,0.09373946406655402,1,0
rescuenet,BsonetEurope-r1,BsonetEurope,B0,0,40,14,0.35,63,25,0.3968253968253968,24.965458886820713,0.00013784300244878978,0.045981374299784265,1,0
rescuenet,BsonetEurope-r1,BsonetEurope,B0,1,40,14,0.35,63,25,0.3968253968253968,24.965458886820713,0.00013784300244878978,0.045981374299784265,1,0
rescuenet,BsonetEurope-r1,BsonetEurope,B0,2,40,14,0.35,63,25,0.3968253968253968,24.965458886820713,0.00013784300244878978,0.045981374299784265,1,0
rescuenet,BsonetEurope-r1,BsonetEurope,B0,3,40,14,0.35,63,25,0.3968253968253968,24.965458886820713,0.00013784300244878978,0.045981374299784265,1,0
rescuenet,BsonetEurope-r1,BsonetEurope,B0,4,40,14,0.35,63,25,0.3968253968253968,24.965458886820713,0.00013784300244878978,0.045981374299784265,1,0
rescuenet,BsonetEurope-r1,BsonetEurope,B0,5,40,14,0.35,63,25,0.3968253968253968,24.965458886820713,0.00013784300244878978,0.045981374299784265,1,0
rescuenet,BsonetEurope-r1,BsonetEurope,B0,6,40,14,0.35,63,25,0.3968253968253968,24.965458886820713,0.00013784300244878978,0.045981374299784265,1,0
rescuenet,BsonetEurope-r1,BsonetEurope,B0,7,40,14,0.35,63,25,0.3968253968253968,24.965458886820713,0.00013784300244878978,0.045981374299784265,1,0
rescuenet,BsonetEurope-r1,BsonetEurope,B0,8,40,14,0.35,63,25,0.3968253968253968,24.965458886820713,0.00013784300244878978,0.045981374299784265,1,0
rescuenet,BsonetEurope-r1,BsonetEurope,B0,9,40,14,0.35,63,25,0.3968253968253968,24.965458886820713,0.00013784300244878978,0.045981374299784265,1,0
rescuenet,BsonetEurope-r1,BsonetEurope,B0,10,40,14,0.35,63,25,0.3968253968253968,24.965458886820713,0.00013784300244878978,0.045981374299784265,1,0
rescuenet,BsonetEurope-r1,BsonetEurope,B0,11,40,14,0.35,63,25,0.3968253968253968,24.965458886820713,0.00013784300244878978,0.045981374299784265,1,0
rescuenet,BsonetEurope-r1,BsonetEurope,B0,12,40,14,0.35,63,25,0.3968253968253968,24.965458886820713,0.00013784300244878978,0.045981374299784265,1,0
rescuenet,BsonetEurope-r1,BsonetEurope,B0,13,40,14,0.35,63,25,0.3968253968253968,24.965458886820713,0.00013784300244878978,0.045981374299784265,1,0
rescuenet,BsonetEurope-r1,BsonetEurope,B0,14,40,14,0.35,63,25,0.3968253968253968,24.965458886820713,0.00013784300244878978,0.045981374299784265,1,0
rescuenet,BsonetEurope-r1,BsonetEurope,B0,15,40,14,0.35,63,25,0.3968253968253968,24.965458886820713,0.00013784300244878978,0.045981374299784265,1,0
rescuenet,BsonetEurope-r1,BsonetEurope,B0,16,40,14,0.35,63,25,0.3968253968253968,24.965458886820713,0.00013784300244878978,0.045981374299784265,1,0
rescuenet,BsonetEurope-r1,BsonetEurope,B0,17,40,14,0.35,63,25,0.3968253968253968,24.965458886820713,0.00013784300244878978,0.045981374299784265,1,0
rescuenet,BsonetEurope-r1,BsonetEurope,B0,18,40,14,0.35,63,25,0.3968253968253968,24.965458886820713,0.00013784300244878978,0.045981374299784265,1,0
rescuenet,BsonetEurope-r1,BsonetEurope,B0,19,40,14,0.35,63,25,0.3968253968253968,24.965458886820713,0.00013784300244878978,0.045981374299784265,1,0
rescuenet,BsonetEurope-r1,BsonetEurope,B0,20,40,14,0.35,63,25,0.3968253968253968,24.965458886820713,0.00013784300244878978,0.045981374299784265,1,0
rescuenet,BsonetEurope-r1,BsonetEurope,B0,21,40,14,0.35,63,25,0.3968253968253968,24.965458886820713,0.00013784300244878978,0.045981374299784265,1,0
rescuenet,BsonetEurope-r1,BsonetEurope,B0,22,40,14,0.35,63,25,0.3968253968253968,24.965458886820713,0.00013784300244878978,0.045981374299784265,1,0
rescuenet,BsonetEurope-r1,BsonetEurope,B0,23,40,14,0.35,63,25,0.3968253968253968,24.965458886820713,0.00013784300244878978,0.045981374299784265,1,0
rescuenet,BsonetEurope-r1,BsonetEurope,B0,24,40,14,0.35,63,25,0.3968253968253968,24.965458886820713,0.00013784300244878978,0.045981374299784265,1,0
rescuenet,BsonetEurope-r1,BsonetEurope,B0,25,40,14,0.35,63,25,0.3968253968253968,24.965458886820713,0.00013784300244878978,0.045981374299784265,1,0
rescuenet,BsonetEurope-r1,BsonetEurope,B0,26,40,14,0.35,63,25,0.3968253968253968,24.965458886820713,0.00013784300244878978,0.045981374299784265,1,0
rescuenet,BsonetEurope-r1,BsonetEurope,B0,27,40,14,0.35,63,25,0.3968253968253968,24.965458886820713,0.00013784300244878978,0.045981374299784265,1,0
rescuenet,BsonetEurope-r1,BsonetEurope,B0,28,40,14,0.35,63,25,0.3968253968253968,24.965458886820713,0.00013784300244878978,0.045981374299784265,1,0
rescuenet,BsonetEurope-r1,BsonetEurope,B0,29,40,14,0.35,63,25,0.3968253968253968,24.965458886820713,0.00013784300244878978,0.045981374299784265,1,0
rescuenet,BsonetEurope-r1,BsonetEurope,B1,0,40,15,0.375,63,63,1.0,24.573260873376704,0.14419473399902927,0.03810108713320612,1,0
rescuenet,BsonetEurope-r1,BsonetEurope,B1,1,40,16,0.4,63,63,1.0,23.449149229952713,0.14419473399902927,0.03810108713320612,1,0
rescuenet,BsonetEurope-r1,BsonetEurope,B1,2,40,14,0.35,63,63,1.0,24.5556192881619,0.14419473399902927,0.03810108713320612,1,0
rescuenet,BsonetEurope-r1,BsonetEurope,B1,3,40,16,0.4,63,63,1.0,23.59791730121502,0.14419473399902927,0.03810108713320612,1,0
rescuenet,BsonetEurope-r1,BsonetEurope,B1,4,40,18,0.45,63,63,1.0,22.0,0.14419473399902927,0.03810108713320612,1,0
rescuenet,BsonetEurope-r1,BsonetEurope,B1,5,40,16,0.4,63,63,1.0,23.29522913028189,0.14419473399902927,0.03810108713320612,1,0
rescuenet,BsonetEurope-r1,BsonetEurope,B1,6,40,15,0.375,63,63,1.0,22.91018671897028,0.14419473399902927,0.03810108713320612,1,0
rescuenet,BsonetEurope-r1,BsonetEurope,B1,7,40,14,0.35,63,63,1.0,23.455534223571444,0.14419473399902927,0.03810108713320612,1,0
rescuenet,BsonetEurope-r1,BsonetEurope,B1,8,40,16,0.4,63,63,1.0,23.812366551705,0.14419473399902927,0.03810108713320612,1,0
rescuenet,BsonetEurope-r1,BsonetEurope,B1,9,40,18,0.45,63,63,1.0,22.0,0.14419473399902927,0.03810108713320612,1,0
rescuenet,BsonetEurope-r1,BsonetEurope,B1,10,40,15,0.375,63,63,1.0,23.096681155618732,0.14419473399902927,0.03810108713320612,1,0
rescuenet,BsonetEurope-r1,BsonetEurope,B1,11,40,17,0.425,63,63,1.0,22.15981959495762,0.14419473399902927,0.03810108713320612,1,0
rescuenet,BsonetEurope-r1,BsonetEurope,B1,12,40,17,0.425,63,63,1.0,22.307723730876432,0.14419473399902927,0.03810108713320612,1,0
rescuenet,BsonetEurope-r1,BsonetEurope,B1,13,40,16,0.4,63,63,1.0,22.33755068542184,0.14419473399902927,0.03810108713320612,1,0
rescuenet,BsonetEurope-r1,BsonetEurope,B1,14,40,15,0.375,63,63,1.0,23.252114338104303,0.14419473399902927,0.03810108713320612,1,0
rescuenet,BsonetEurope-r1,BsonetEurope,B1,15,40,16,0.4,63,63,1.0,23.41850231210511,0.14419473399902927,0.03810108713320612,1,0
rescuenet,BsonetEurope-r1,BsonetEurope,B1,16,40,16,0.4,63,63,1.0,23.26963955116908,0.14419473399902927,0.03810108713320612,1,0
rescuenet,BsonetEurope-r1,BsonetEurope,B1,17,40,17,0.425,63,63,1.0,22.495690065348125,0.14419473399902927,0.03810108713320612,1,0
rescuenet,BsonetEurope-r1,BsonetEurope,B1,18,40,16,0.4,63,63,1.0,23.032131996600814,0.14419473399902927,0.03810108713320612,1,0
rescuenet,BsonetEurope-r1,BsonetEurope,B1,19,40,15,0.375,63,63,1.0,23.492382924530624,0.14419473399902927,0.03810108713320612,1,0
rescuenet,BsonetEurope-r1,BsonetEurope,B1,20,40,17,0.425,63,63,1.0,22.215165666595677,0.14419473399902927,0.03810108713320612,1,0
rescuenet,BsonetEurope-r1,BsonetEurope,B1,21,40,16,0.4,63,63,1.0,22.79428452557609,0.14419473399902927,0.03810108713320612,1,0
rescuenet,BsonetEurope-r1,BsonetEurope,B1,22,40,17,0.425,63,63,1.0,22.128646122820722,0.14419473399902927,0.03810108713320612,1,0
rescuenet,BsonetEurope-r1,BsonetEurope,B1,23,40,17,0.425,63,63,1.0,22.995663429194586,0.14419473399902927,0.03810108713320612,1,0
rescuenet,BsonetEurope-r1,BsonetEurope,B1,24,40,17,0.425,63,63,1.0,22.943833510978585,0.14419473399902927,0.03810108713320612,1,0
rescuenet,BsonetEurope-r1,BsonetEurope,B1,25,40,16,0.4,63,63,1.0,23.099471162306763,0.14419473399902927,0.03810108713320612,1,0
rescuenet,BsonetEurope-r1,BsonetEurope,B1,26,40,17,0.425,63,63,1.0,22.998540633670945,0.14419473399902927,0.03810108713320612,1,0
rescuenet,BsonetEurope-r1,BsonetEurope,B1,27,40,16,0.4,63,63,1.0,23.99495972994825,0.14419473399902927,0.03810108713320612,1,0
rescuenet,BsonetEurope-r1,BsonetEurope,B1,28,40,17,0.425,63,63,1.0,22.11901974832193,0.14419473399902927,0.03810108713320612,1,0
rescuenet,BsonetEurope-r1,BsonetEurope,B1,29,40,16,0.4,63,63,1.0,23.720113326005922,0.14419473399902927,0.03810108713320612,1,0
rescuenet,BsonetEurope-r1,BsonetEurope,B2,0,40,21,0.525,63,63,1.0,15.684111406422584,198.39759169900208,0.06784957856677162,1914,8
rescuenet,BsonetEurope-r1,BsonetEurope,B2,1,40,21,0.525,63,63,1.0,16.500800173956026,198.39759169900208,0.06784957856677162,1914,8
rescuenet,BsonetEurope-r1,BsonetEurope,B2,2,40,19,0.475,63,63,1.0,15.332275086482063,198.39759169900208,0.06784957856677162,1914,8
rescuenet,BsonetEurope-r1,BsonetEurope,B2,3,40,22,0.55,63,63,1.0,14.501843264614337,198.39759169900208,0.06784957856677162,1914,8
rescuenet,BsonetEurope-r1,BsonetEurope,B2,4,40,20,0.5,63,63,1.0,16.613133589235307,198.39759169900208,0.06784957856677162,1914,8
rescuenet,BsonetEurope-r1,BsonetEurope,B2,5,40,21,0.525,63,63,1.0,15.842816007891654,198.39759169900208,0.06784957856677162,1914,8
rescuenet,BsonetEurope-r1,BsonetEurope,B2,6,40,21,0.525,63,63,1.0,15.456633860845331,198.39759169900208,0.06784957856677162,1914,8
rescuenet,BsonetEurope-r1,BsonetEurope,B2,7,40,20,0.5,63,63,1.0,15.53393590604171,198.39759169900208,0.06784957856677162,1914,8
rescuenet,BsonetEurope-r1,BsonetEurope,B2,8,40,19,0.475,63,63,1.0,15.893605754802145,198.39759169900208,0.06784957856677162,1914,8
rescuenet,BsonetEurope-r1,BsonetEurope,B2,9,40,20,0.5,63,63,1.0,16.3366373994778,198.39759169900208,0.06784957856677162,1914,8
rescuenet,BsonetEurope-r1,BsonetEurope,B2,10,40,19,0.475,63,63,1.0,15.4564724029953,198.39759169900208,0.06784957856677162,1914,8
rescuenet,BsonetEurope-r1,BsonetEurope,B2,11,40,20,0.5,63,63,1.0,15.853166684114303,198.39759169900208,0.06784957856677162,1914,8
rescuenet,BsonetEurope-r1,BsonetEurope,B2,12,40,21,0.525,63,63,1.0,15.177631893582042,198.39759169900208,0.06784957856677162,1914,8
rescuenet,BsonetEurope-r1,BsonetEurope,B2,13,40,20,0.5,63,63,1.0,15.459589656923477,198.39759169900208,0.06784957856677162,1914,8
rescuenet,BsonetEurope-r1,BsonetEurope,B2,14,40,20,0.5,63,63,1.0,15.92676956009059,198.39759169900208,0.06784957856677162,1914,8
rescuenet,BsonetEurope-r1,BsonetEurope,B2,15,40,23,0.575,63,63,1.0,15.566332719379172,198.39759169900208,0.06784957856677162,1914,8
rescuenet,BsonetEurope-r1,BsonetEurope,B2,16,40,23,0.575,63,63,1.0,14.561330524130556,198.39759169900208,0.06784957856677162,1914,8
rescuenet,BsonetEurope-r1,BsonetEurope,B2,17,40,22,0.55,63,63,1.0,14.847700704684408,198.39759169900208,0.06784957856677162,1914,8
rescuenet,BsonetEurope-r1,BsonetEurope,B2,18,40,22,0.55,63,63,1.0,14.792718312022027,198.39759169900208,0.06784957856677162,1914,8
rescuenet,BsonetEurope-r1,BsonetEurope,B2,19,40,23,0.575,63,63,1.0,15.404801851795451,198.39759169900208,0.06784957856677162,1914,8
rescuenet,BsonetEurope-r1,BsonetEurope,B2,20,40,24,0.6,63,63,1.0,13.959048972319913,198.39759169900208,0.06784957856677162,1914,8
rescuenet,BsonetEurope-r1,BsonetEurope,B2,21,40,20,0.5,63,63,1.0,15.593678136896564,198.39759169900208,0.06784957856677162,1914,8
rescuenet,BsonetEurope-r1,BsonetEurope,B2,22,40,22,0.55,63,63,1.0,15.792138200246127,198.39759169900208,0.06784957856677162,1914,8
rescuenet,BsonetEurope-r1,BsonetEurope,B2,23,40,21,0.525,63,63,1.0,16.259016186154604,198.39759169900208,0.06784957856677162,1914,8
rescuenet,BsonetEurope-r1,BsonetEurope,B2,24,40,22,0.55,63,63,1.0,15.563119390640777,198.39759169900208,0.06784957856677162,1914,8
rescuenet,BsonetEurope-r1,BsonetEurope,B2,25,40,21,0.525,63,63,1.0,15.070213317403002,198.39759169900208,0.06784957856677162,1914,8
rescuenet,BsonetEurope-r1,BsonetEurope,B2,26,40,21,0.525,63,63,1.0,15.714826377812111,198.39759169900208,0.06784957856677162,1914,8
rescuenet,BsonetEurope-r1,BsonetEurope,B2,27,40,19,0.475,63,63,1.0,17.90934012043608,198.39759169900208,0.06784957856677162,1914,8
rescuenet,BsonetEurope-r1,BsonetEurope,B2,28,40,22,0.55,63,63,1.0,15.054120676715545,198.39759169900208,0.06784957856677162,1914,8
rescuenet,BsonetEurope-r1,BsonetEurope,B2,29,40,23,0.575,63,63,1.0,15.283963557851491,198.39759169900208,0.06784957856677162,1914,8
rescuenet,BsonetEurope-r1,BsonetEurope,P,0,40,21,0.525,63,63,1.0,16.02387396617894,227.55380143199727,0.08518111086668796,2001,6
rescuenet,BsonetEurope-r1,BsonetEurope,P,1,40,21,0.525,63,63,1.0,15.636565121690445,227.55380143199727,0.08518111086668796,2001,6
rescuenet,BsonetEurope-r1,BsonetEurope,P,2,40,19,0.475,63,63,1.0,15.990252430910571,227.55380143199727,0.08518111086668796,2001,6
rescuenet,BsonetEurope-r1,BsonetEurope,P,3,40,23,0.575,63,63,1.0,14.64978956670988,227.55380143199727,0.08518111086668796,2001,6
rescuenet,BsonetEurope-r1,BsonetEurope,P,4,40,22,0.55,63,63,1.0,14.990844454537022,227.55380143199727,0.08518111086668796,2001,6
rescuenet,BsonetEurope-r1,BsonetEurope,P,5,40,21,0.525,63,63,1.0,15.77938648852658,227.55380143199727,0.08518111086668796,2001,6
rescuenet,BsonetEurope-r1,BsonetEurope,P,6,40,22,0.55,63,63,1.0,15.07409079509676,227.55380143199727,0.08518111086668796,2001,6
rescuenet,BsonetEurope-r1,BsonetEurope,P,7,40,21,0.525,63,63,1.0,15.169767950789012,227.55380143199727,0.08518111086668796,2001,6
rescuenet,BsonetEurope-r1,BsonetEurope,P,8,40,22,0.55,63,63,1.0,15.854585918290683,227.55380143199727,0.08518111086668796,2001,6
rescuenet,BsonetEurope-r1,BsonetEurope,P,9,40,21,0.525,63,63,1.0,16.010618187299258,227.55380143199727,0.08518111086668796,2001,6
rescuenet,BsonetEurope-r1,BsonetEurope,P,10,40,21,0.525,63,63,1.0,14.911756510905239,227.55380143199727,0.08518111086668796,2001,6
rescuenet,BsonetEurope-r1,BsonetEurope,P,11,40,21,0.525,63,63,1.0,15.558067066726343,227.55380143199727,0.08518111086668796,2001,6
rescuenet,BsonetEurope-r1,BsonetEurope,P,12,40,22,0.55,63,63,1.0,14.640327002804337,227.55380143199727,0.08518111086668796,2001,6
rescuenet,BsonetEurope-r1,BsonetEurope,P,13,40,20,0.5,63,63,1.0,15.882306808492405,227.55380143199727,0.08518111086668796,2001,6
rescuenet,BsonetEurope-r1,BsonetEurope,P,14,40,20,0.5,63,63,1.0,15.928191442858473,227.55380143199727,0.08518111086668796,2001,6
rescuenet,BsonetEurope-r1,BsonetEurope,P,15,40,21,0.525,63,63,1.0,15.501576516788724,227.55380143199727,0.08518111086668796,2001,6
rescuenet,BsonetEurope-r1,BsonetEurope,P,16,40,24,0.6,63,63,1.0,14.323151865992733,227.55380143199727,0.08518111086668796,2001,6
rescuenet,BsonetEurope-r1,BsonetEurope,P,17,40,23,0.575,63,63,1.0,14.850581414221987,227.55380143199727,0.08518111086668796,2001,6
rescuenet,BsonetEurope-r1,BsonetEurope,P,18,40,22,0.55,63,63,1.0,14.509770231797582,227.55380143199727,0.08518111086668796,2001,6
rescuenet,BsonetEurope-r1,BsonetEurope,P,19,40,22,0.55,63,63,1.0,15.376804627470095,227.55380143199727,0.08518111086668796,2001,6
rescuenet,BsonetEurope-r1,BsonetEurope,P,20,40,24,0.6,63,63,1.0,14.219547102944107,227.55380143199727,0.08518111086668796,2001,6
rescuenet,BsonetEurope-r1,BsonetEurope,P,21,40,20,0.5,63,63,1.0,15.78328968180774,227.55380143199727,0.08518111086668796,2001,6
rescuenet,BsonetEurope-r1,BsonetEurope,P,22,40,22,0.55,63,63,1.0,14.937825879379652,227.55380143199727,0.08518111086668796,2001,6
rescuenet,BsonetEurope-r1,BsonetEurope,P,23,40,21,0.525,63,63,1.0,16.28445957262455,227.55380143199727,0.08518111086668796,2001,6
rescuenet,BsonetEurope-r1,BsonetEurope,P,24,40,21,0.525,63,63,1.0,16.260133526966037,227.55380143199727,0.08518111086668796,2001,6
rescuenet,BsonetEurope-r1,BsonetEurope,P,25,40,23,0.575,63,63,1.0,14.742664161763404,227.55380143199727,0.08518111086668796,2001,6
rescuenet,BsonetEurope-r1,BsonetEurope,P,26,40,22,0.55,63,63,1.0,15.26439414180604,227.55380143199727,0.08518111086668796,2001,6
rescuenet,BsonetEurope-r1,BsonetEurope,P,27,40,21,0.525,63,63,1.0,16.66513929295521,227.55380143199727,0.08518111086668796,2001,6
rescuenet,BsonetEurope-r1,BsonetEurope,P,28,40,22,0.55,63,63,1.0,15.024876859009842,227.55380143199727,0.08518111086668796,2001,6
rescuenet,BsonetEurope-r1,BsonetEurope,P,29,40,21,0.525,63,63,1.0,15.347002049922315,227.55380143199727,0.08518111086668796,2001,6
rescuenet,BsonetEurope-r1,BsonetEurope,TRAN,0,40,18,0.45,63,63,1.0,18.191002358325104,336.57157768600155,0.08268697623328383,1,0
rescuenet,BsonetEurope-r1,BsonetEurope,TRAN,1,40,20,0.5,63,63,1.0,18.225774500600544,336.57157768600155,0.08268697623328383,1,0
rescuenet,BsonetEurope-r1,BsonetEurope,TRAN,2,40,18,0.45,63,63,1.0,20.33739938049126,336.57157768600155,0.08268697623328383,1,0
rescuenet,BsonetEurope-r1,BsonetEurope,TRAN,3,40,20,0.5,63,63,1.0,18.24593099110651,336.57157768600155,0.08268697623328383,1,0
rescuenet,BsonetEurope-r1,BsonetEurope,TRAN,4,40,20,0.5,63,63,1.0,18.59455867544568,336.57157768600155,0.08268697623328383,1,0
rescuenet,BsonetEurope-r1,BsonetEurope,TRAN,5,40,19,0.475,63,63,1.0,19.659116578905802,336.57157768600155,0.08268697623328383,1,0
rescuenet,BsonetEurope-r1,BsonetEurope,TRAN,6,40,18,0.45,63,63,1.0,19.079297001491366,336.57157768600155,0.08268697623328383,1,0
rescuenet,BsonetEurope-r1,BsonetEurope,TRAN,7,40,19,0.475,63,63,1.0,19.618856757717857,336.57157768600155,0.08268697623328383,1,0
rescuenet,BsonetEurope-r1,BsonetEurope,TRAN,8,40,19,0.475,63,63,1.0,20.18462944151673,336.57157768600155,0.08268697623328383,1,0
rescuenet,BsonetEurope-r1,BsonetEurope,TRAN,9,40,18,0.45,63,63,1.0,20.78304727405648,336.57157768600155,0.08268697623328383,1,0
rescuenet,BsonetEurope-r1,BsonetEurope,TRAN,10,40,17,0.425,63,63,1.0,19.633760291980565,336.57157768600155,0.08268697623328383,1,0
rescuenet,BsonetEurope-r1,BsonetEurope,TRAN,11,40,22,0.55,63,63,1.0,16.36894733508402,336.57157768600155,0.08268697623328383,1,0
rescuenet,BsonetEurope-r1,BsonetEurope,TRAN,12,40,21,0.525,63,63,1.0,18.7494411620382,336.57157768600155,0.08268697623328383,1,0
rescuenet,BsonetEurope-r1,BsonetEurope,TRAN,13,40,21,0.525,63,63,1.0,17.444432496074,336.57157768600155,0.08268697623328383,1,0
rescuenet,BsonetEurope-r1,BsonetEurope,TRAN,14,40,19,0.475,63,63,1.0,19.233670768097365,336.57157768600155,0.08268697623328383,1,0
rescuenet,BsonetEurope-r1,BsonetEurope,TRAN,15,40,19,0.475,63,63,1.0,18.634431246402038,336.57157768600155,0.08268697623328383,1,0
rescuenet,BsonetEurope-r1,BsonetEurope,TRAN,16,40,17,0.425,63,63,1.0,19.187555283796986,336.57157768600155,0.08268697623328383,1,0
rescuenet,BsonetEurope-r1,BsonetEurope,TRAN,17,40,19,0.475,63,63,1.0,18.48962894115848,336.57157768600155,0.08268697623328383,1,0
rescuenet,BsonetEurope-r1,BsonetEurope,TRAN,18,40,20,0.5,63,63,1.0,18.478241019645665,336.57157768600155,0.08268697623328383,1,0
rescuenet,BsonetEurope-r1,BsonetEurope,TRAN,19,40,19,0.475,63,63,1.0,20.191895154010176,336.57157768600155,0.08268697623328383,1,0
rescuenet,BsonetEurope-r1,BsonetEurope,TRAN,20,40,19,0.475,63,63,1.0,17.889680356758493,336.57157768600155,0.08268697623328383,1,0
rescuenet,BsonetEurope-r1,BsonetEurope,TRAN,21,40,20,0.5,63,63,1.0,18.92196594745889,336.57157768600155,0.08268697623328383,1,0
rescuenet,BsonetEurope-r1,BsonetEurope,TRAN,22,40,21,0.525,63,63,1.0,17.882612326434806,336.57157768600155,0.08268697623328383,1,0
rescuenet,BsonetEurope-r1,BsonetEurope,TRAN,23,40,19,0.475,63,63,1.0,19.53424731684621,336.57157768600155,0.08268697623328383,1,0
rescuenet,BsonetEurope-r1,BsonetEurope,TRAN,24,40,19,0.475,63,63,1.0,19.74751323835326,336.57157768600155,0.08268697623328383,1,0
rescuenet,BsonetEurope-r1,BsonetEurope,TRAN,25,40,17,0.425,63,63,1.0,19.18975353771959,336.57157768600155,0.08268697623328383,1,0
rescuenet,BsonetEurope-r1,BsonetEurope,TRAN,26,40,16,0.4,63,63,1.0,19.6619663376772,336.57157768600155,0.08268697623328383,1,0
rescuenet,BsonetEurope-r1,BsonetEurope,TRAN,27,40,19,0.475,63,63,1.0,18.937557707306098,336.57157768600155,0.08268697623328383,1,0
rescuenet,BsonetEurope-r1,BsonetEurope,TRAN,28,40,20,0.5,63,63,1.0,18.97915949006128,336.57157768600155,0.08268697623328383,1,0
rescuenet,BsonetEurope-r1,BsonetEurope,TRAN,29,40,21,0.525,63,63,1.0,17.106859720207442,336.57157768600155,0.08268697623328383,1,0
rescuenet,BsonetEurope-r2,BsonetEurope,B0,0,40,12,0.3,63,26,0.4126984126984127,26.832760036947207,0.00011647299834294245,0.03488918433334523,1,0
rescuenet,BsonetEurope-r2,BsonetEurope,B0,1,40,12,0.3,63,26,0.4126984126984127,26.832760036947207,0.00011647299834294245,0.03488918433334523,1,0
rescuenet,BsonetEurope-r2,BsonetEurope,B0,2,40,12,0.3,63,26,0.4126984126984127,26.832760036947207,0.00011647299834294245,0.03488918433334523,1,0
rescuenet,BsonetEurope-r2,BsonetEurope,B0,3,40,12,0.3,63,26,0.4126984126984127,26.832760036947207,0.00011647299834294245,0.03488918433334523,1,0
rescuenet,BsonetEurope-r2,BsonetEurope,B0,4,40,12,0.3,63,26,0.4126984126984127,26.832760036947207,0.00011647299834294245,0.03488918433334523,1,0
rescuenet,BsonetEurope-r2,BsonetEurope,B0,5,40,12,0.3,63,26,0.4126984126984127,26.832760036947207,0.00011647299834294245,0.03488918433334523,1,0
rescuenet,BsonetEurope-r2,BsonetEurope,B0,6,40,12,0.3,63,26,0.4126984126984127,26.832760036947207,0.00011647299834294245,0.03488918433334523,1,0
rescuenet,BsonetEurope-r2,BsonetEurope,B0,7,40,12,0.3,63,26,0.4126984126984127,26.832760036947207,0.00011647299834294245,0.03488918433334523,1,0
rescuenet,BsonetEurope-r2,BsonetEurope,B0,8,40,12,0.3,63,26,0.4126984126984127,26.832760036947207,0.00011647299834294245,0.03488918433334523,1,0
rescuenet,BsonetEurope-r2,BsonetEurope,B0,9,40,12,0.3,63,26,0.4126984126984127,26.832760036947207,0.00011647299834294245,0.03488918433334523,1,0
rescuenet,BsonetEurope-r2,BsonetEurope,B0,10,40,12,0.3,63,26,0.4126984126984127,26.832760036947207,0.00011647299834294245,0.03488918433334523,1,0
rescuenet,BsonetEurope-r2,BsonetEurope,B0,11,40,12,0.3,63,26,0.4126984126984127,26.832760036947207,0.00011647299834294245,0.03488918433334523,1,0
rescuenet,BsonetEurope-r2,BsonetEurope,B0,12,40,12,0.3,63,26,0.4126984126984127,26.832760036947207,0.00011647299834294245,0.03488918433334523,1,0
rescuenet,BsonetEurope-r2,BsonetEurope,B0,13,40,12,0.3,63,26,0.4126984126984127,26.832760036947207,0.00011647299834294245,0.03488918433334523,1,0
rescuenet,BsonetEurope-r2,BsonetEurope,B0,14,40,12,0.3,63,26,0.4126984126984127,26.832760036947207,0.00011647299834294245,0.03488918433334523,1,0
rescuenet,BsonetEurope-r2,BsonetEurope,B0,15,40,12,0.3,63,26,0.4126984126984127,26.832760036947207,0.00011647299834294245,0.03488918433334523,1,0
rescuenet,BsonetEurope-r2,BsonetEurope,B0,16,40,12,0.3,63,26,0.4126984126984127,26.832760036947207,0.00011647299834294245,0.03488918433334523,1,0
rescuenet,BsonetEurope-r2,BsonetEurope,B0,17,40,12,0.3,63,26,0.4126984126984127,26.832760036947207,0.00011647299834294245,0.03488918433334523,1,0
rescuenet,BsonetEurope-r2,BsonetEurope,B0,18,40,12,0.3,63,26,0.4126984126984127,26.832760036947207,0.00011647299834294245,0.03488918433334523,1,0
rescuenet,BsonetEurope-r2,BsonetEurope,B0,19,40,12,0.3,63,26,0.4126984126984127,26.832760036947207,0.00011647299834294245,0.03488918433334523,1,0
rescuenet,BsonetEurope-r2,BsonetEurope,B0,20,40,12,0.3,63,26,0.4126984126984127,26.832760036947207,0.00011647299834294245,0.03488918433334523,1,0
rescuenet,BsonetEurope-r2,BsonetEurope,B0,21,40,12,0.3,63,26,0.4126984126984127,26.832760036947207,0.00011647299834294245,0.03488918433334523,1,0
rescuenet,BsonetEurope-r2,BsonetEurope,B0,22,40,12,0.3,63,26,0.4126984126984127,26.832760036947207,0.00011647299834294245,0.03488918433334523,1,0
rescuenet,BsonetEurope-r2,BsonetEurope,B0,23,40,12,0.3,63,26,0.4126984126984127,26.832760036947207,0.00011647299834294245,0.03488918433334523,1,0
rescuenet,BsonetEurope-r2,BsonetEurope,B0,24,40,12,0.3,63,26,0.4126984126984127,26.832760036947207,0.00011647299834294245,0.03488918433334523,1,0
rescuenet,BsonetEurope-r2,BsonetEurope,B0,25,40,12,0.3,63,26,0.4126984126984127,26.832760036947207,0.00011647299834294245,0.03488918433334523,1,0
rescuenet,BsonetEurope-r2,BsonetEurope,B0,26,40,12,0.3,63,26,0.4126984126984127,26.832760036947207,0.00011647299834294245,0.03488918433334523,1,0
rescuenet,BsonetEurope-r2,BsonetEurope,B0,27,40,12,0.3,63,26,0.4126984126984127,26.832760036947207,0.00011647299834294245,0.03488918433334523,1,0
rescuenet,BsonetEurope-r2,BsonetEurope,B0,28,40,12,0.3,63,26,0.4126984126984127,26.832760036947207,0.00011647299834294245,0.03488918433334523,1,0
rescuenet,BsonetEurope-r2,BsonetEurope,B0,29,40,12,0.3,63,26,0.4126984126984127,26.832760036947207,0.00011647299834294245,0.03488918433334523,1,0
rescuenet,BsonetEurope-r2,BsonetEurope,B1,0,40,18,0.45,63,63,1.0,19.846422029536214,0.17030363199592102,0.05523454423334139,1,0
rescuenet,BsonetEurope-r2,BsonetEurope,B1,1,40,17,0.425,63,63,1.0,20.717151667047776,0.17030363199592102,0.05523454423334139,1,0
rescuenet,BsonetEurope-r2,BsonetEurope,B1,2,40,20,0.5,63,63,1.0,19.392437556692247,0.17030363199592102,0.05523454423334139,1,0
rescuenet,BsonetEurope-r2,BsonetEurope,B1,3,40,19,0.475,63,63,1.0,19.947369560956282,0.17030363199592102,0.05523454423334139,1,0
rescuenet,BsonetEurope-r2,BsonetEurope,B1,4,40,21,0.525,63,63,1.0,19.0,0.17030363199592102,0.05523454423334139,1,0
rescuenet,BsonetEurope-r2,BsonetEurope,B1,5,40,20,0.5,63,63,1.0,19.587182076734784,0.17030363199592102,0.05523454423334139,1,0
rescuenet,BsonetEurope-r2,BsonetEurope,B1,6,40,18,0.45,63,63,1.0,20.66925380318999,0.17030363199592102,0.05523454423334139,1,0
rescuenet,BsonetEurope-r2,BsonetEurope,B1,7,40,18,0.45,63,63,1.0,21.11121168334392,0.17030363199592102,0.05523454423334139,1,0
rescuenet,BsonetEurope-r2,BsonetEurope,B1,8,40,20,0.5,63,63,1.0,19.29370332063043,0.17030363199592102,0.05523454423334139,1,0
rescuenet,BsonetEurope-r2,BsonetEurope,B1,9,40,19,0.475,63,63,1.0,20.760153437194276,0.17030363199592102,0.05523454423334139,1,0
rescuenet,BsonetEurope-r2,BsonetEurope,B1,10,40,20,0.5,63,63,1.0,19.18902552203267,0.17030363199592102,0.05523454423334139,1,0
rescuenet,BsonetEurope-r2,BsonetEurope,B1,11,40,18,0.45,63,63,1.0,19.7635560326234,0.17030363199592102,0.05523454423334139,1,0
rescuenet,BsonetEurope-r2,BsonetEurope,B1,12,40,19,0.475,63,63,1.0,19.46906447337255,0.17030363199592102,0.05523454423334139,1,0
rescuenet,BsonetEurope-r2,BsonetEurope,B1,13,40,19,0.475,63,63,1.0,20.109252511572855,0.17030363199592102,0.05523454423334139,1,0
rescuenet,BsonetEurope-r2,BsonetEurope,B1,14,40,17,0.425,63,63,1.0,21.066925837401012,0.17030363199592102,0.05523454423334139,1,0
rescuenet,BsonetEurope-r2,BsonetEurope,B1,15,40,19,0.475,63,63,1.0,20.261065456696134,0.17030363199592102,0.05523454423334139,1,0
rescuenet,BsonetEurope-r2,BsonetEurope,B1,16,40,18,0.45,63,63,1.0,20.269965217691492,0.17030363199592102,0.05523454423334139,1,0
rescuenet,BsonetEurope-r2,BsonetEurope,B1,17,40,21,0.525,63,63,1.0,19.0,0.17030363199592102,0.05523454423334139,1,0
rescuenet,BsonetEurope-r2,BsonetEurope,B1,18,40,17,0.425,63,63,1.0,19.999781639747845,0.17030363199592102,0.05523454423334139,1,0
rescuenet,BsonetEurope-r2,BsonetEurope,B1,19,40,20,0.5,63,63,1.0,19.669779302810475,0.17030363199592102,0.05523454423334139,1,0
rescuenet,BsonetEurope-r2,BsonetEurope,B1,20,40,18,0.45,63,63,1.0,20.25067541773752,0.17030363199592102,0.05523454423334139,1,0
rescuenet,BsonetEurope-r2,BsonetEurope,B1,21,40,20,0.5,63,63,1.0,19.22087948845736,0.17030363199592102,0.05523454423334139,1,0
rescuenet,BsonetEurope-r2,BsonetEurope,B1,22,40,19,0.475,63,63,1.0,20.23132501789795,0.17030363199592102,0.05523454423334139,1,0
rescuenet,BsonetEurope-r2,BsonetEurope,B1,23,40,20,0.5,63,63,1.0,19.312536980340436,0.17030363199592102,0.05523454423334139,1,0
rescuenet,BsonetEurope-r2,BsonetEurope,B1,24,40,20,0.5,63,63,1.0,19.13279238472549,0.17030363199592102,0.05523454423334139,1,0
rescuenet,BsonetEurope-r2,BsonetEurope,B1,25,40,18,0.45,63,63,1.0,20.043587346391938,0.17030363199592102,0.05523454423334139,1,0
rescuenet,BsonetEurope-r2,BsonetEurope,B1,26,40,17,0.425,63,63,1.0,19.98829714341407,0.17030363199592102,0.05523454423334139,1,0
rescuenet,BsonetEurope-r2,BsonetEurope,B1,27,40,20,0.5,63,63,1.0,19.195118652091903,0.17030363199592102,0.05523454423334139,1,0
rescuenet,BsonetEurope-r2,BsonetEurope,B1,28,40,20,0.5,63,63,1.0,19.992452019105198,0.17030363199592102,0.05523454423334139,1,0
rescuenet,BsonetEurope-r2,BsonetEurope,B1,29,40,17,0.425,63,63,1.0,20.3862737494043,0.17030363199592102,0.05523454423334139,1,0
rescuenet,BsonetEurope-r2,BsonetEurope,B2,0,40,22,0.55,63,63,1.0,15.620779730367692,225.18054042299627,0.07123941486667415,2001,12
rescuenet,BsonetEurope-r2,BsonetEurope,B2,1,40,23,0.575,63,63,1.0,14.298455783890502,225.18054042299627,0.07123941486667415,2001,12
rescuenet,BsonetEurope-r2,BsonetEurope,B2,2,40,23,0.575,63,63,1.0,14.654091192417729,225.18054042299627,0.07123941486667415,2001,12
rescuenet,BsonetEurope-r2,BsonetEurope,B2,3,40,21,0.525,63,63,1.0,15.414058251512415,225.18054042299627,0.07123941486667415,2001,12
rescuenet,BsonetEurope-r2,BsonetEurope,B2,4,40,23,0.575,63,63,1.0,15.197834855453639,225.18054042299627,0.07123941486667415,2001,12
rescuenet,BsonetEurope-r2,BsonetEurope,B2,5,40,24,0.6,63,63,1.0,14.763301338369402,225.18054042299627,0.07123941486667415,2001,12
rescuenet,BsonetEurope-r2,BsonetEurope,B2,6,40,21,0.525,63,63,1.0,15.17014505647715,225.18054042299627,0.07123941486667415,2001,12
rescuenet,BsonetEurope-r2,BsonetEurope,B2,7,40,22,0.55,63,63,1.0,14.760087362791689,225.18054042299627,0.07123941486667415,2001,12
rescuenet,BsonetEurope-r2,BsonetEurope,B2,8,40,23,0.575,63,63,1.0,14.654122634416826,225.18054042299627,0.07123941486667415,2001,12
rescuenet,BsonetEurope-r2,BsonetEurope,B2,9,40,22,0.55,63,63,1.0,15.611171748369937,225.18054042299627,0.07123941486667415,2001,12
rescuenet,BsonetEurope-r2,BsonetEurope,B2,10,40,24,0.6,63,63,1.0,14.40395196401952,225.18054042299627,0.07123941486667415,2001,12
rescuenet,BsonetEurope-r2,BsonetEurope,B2,11,40,23,0.575,63,63,1.0,13.596432434810712,225.18054042299627,0.07123941486667415,2001,12
rescuenet,BsonetEurope-r2,BsonetEurope,B2,12,40,21,0.525,63,63,1.0,14.708875484268118,225.18054042299627,0.07123941486667415,2001,12
rescuenet,BsonetEurope-r2,BsonetEurope,B2,13,40,23,0.575,63,63,1.0,15.468804972349652,225.18054042299627,0.07123941486667415,2001,12
rescuenet,BsonetEurope-r2,BsonetEurope,B2,14,40,22,0.55,63,63,1.0,16.377878646135514,225.18054042299627,0.07123941486667415,2001,12
rescuenet,BsonetEurope-r2,BsonetEurope,B2,15,40,21,0.525,63,63,1.0,17.142093799380547,225.18054042299627,0.07123941486667415,2001,12
rescuenet,BsonetEurope-r2,BsonetEurope,B2,16,40,19,0.475,63,63,1.0,16.400412749424962,225.18054042299627,0.07123941486667415,2001,12
rescuenet,BsonetEurope-r2,BsonetEurope,B2,17,40,23,0.575,63,63,1.0,14.410960231243427,225.18054042299627,0.07123941486667415,2001,12
rescuenet,BsonetEurope-r2,BsonetEurope,B2,18,40,22,0.55,63,63,1.0,16.1397508958071,225.18054042299627,0.07123941486667415,2001,12
rescuenet,BsonetEurope-r2,BsonetEurope,B2,19,40,21,0.525,63,63,1.0,16.175851446545515,225.18054042299627,0.07123941486667415,2001,12
rescuenet,BsonetEurope-r2,BsonetEurope,B2,20,40,21,0.525,63,63,1.0,15.837313669068418,225.18054042299627,0.07123941486667415,2001,12
rescuenet,BsonetEurope-r2,BsonetEurope,B2,21,40,23,0.575,63,63,1.0,15.310133351442975,225.18054042299627,0.07123941486667415,2001,12
rescuenet,BsonetEurope-r2,BsonetEurope,B2,22,40,22,0.55,63,63,1.0,14.398305224822238,225.18054042299627,0.07123941486667415,2001,12
rescuenet,BsonetEurope-r2,BsonetEurope,B2,23,40,22,0.55,63,63,1.0,15.347447215848456,225.18054042299627,0.07123941486667415,2001,12
rescuenet,BsonetEurope-r2,BsonetEurope,B2,24,40,22,0.55,63,63,1.0,15.310018753456665,225.18054042299627,0.07123941486667415,2001,12
rescuenet,BsonetEurope-r2,BsonetEurope,B2,25,40,20,0.5,63,63,1.0,15.157873660631106,225.18054042299627,0.07123941486667415,2001,12
rescuenet,BsonetEurope-r2,BsonetEurope,B2,26,40,21,0.525,63,63,1.0,14.726140339331913,225.18054042299627,0.07123941486667415,2001,12
rescuenet,BsonetEurope-r2,BsonetEurope,B2,27,40,21,0.525,63,63,1.0,15.29429999459305,225.18054042299627,0.07123941486667415,2001,12
rescuenet,BsonetEurope-r2,BsonetEurope,B2,28,40,24,0.6,63,63,1.0,13.978454491055176,225.18054042299627,0.07123941486667415,2001,12
rescuenet,BsonetEurope-r2,BsonetEurope,B2,29,40,22,0.55,63,63,1.0,15.695855540243905,225.18054042299627,0.07123941486667415,2001,12
rescuenet,BsonetEurope-r2,BsonetEurope,P,0,40,24,0.6,63,63,1.0,14.338765944465402,219.30841515700013,0.0787197277667777,2001,12
rescuenet,BsonetEurope-r2,BsonetEurope,P,1,40,20,0.5,63,63,1.0,13.390819196514938,219.30841515700013,0.0787197277667777,2001,12
rescuenet,BsonetEurope-r2,BsonetEurope,P,2,40,23,0.575,63,63,1.0,14.619061154885516,219.30841515700013,0.0787197277667777,2001,12
rescuenet,BsonetEurope-r2,BsonetEurope,P,3,40,21,0.525,63,63,1.0,14.84733542672481,219.30841515700013,0.0787197277667777,2001,12
rescuenet,BsonetEurope-r2,BsonetEurope,P,4,40,22,0.55,63,63,1.0,14.193619319460396,219.30841515700013,0.0787197277667777,2001,12
rescuenet,BsonetEurope-r2,BsonetEurope,P,5,40,25,0.625,63,63,1.0,13.473091294734042,219.30841515700013,0.0787197277667777,2001,12
rescuenet,BsonetEurope-r2,BsonetEurope,P,6,40,21,0.525,63,63,1.0,16.576281805687998,219.30841515700013,0.0787197277667777,2001,12
rescuenet,BsonetEurope-r2,BsonetEurope,P,7,40,22,0.55,63,63,1.0,14.35414682606011,219.30841515700013,0.0787197277667777,2001,12
rescuenet,BsonetEurope-r2,BsonetEurope,P,8,40,22,0.55,63,63,1.0,13.981095336245007,219.30841515700013,0.0787197277667777,2001,12
rescuenet,BsonetEurope-r2,BsonetEurope,P,9,40,20,0.5,63,63,1.0,15.817356046283264,219.30841515700013,0.0787197277667777,2001,12
rescuenet,BsonetEurope-r2,BsonetEurope,P,10,40,24,0.6,63,63,1.0,13.58679951562199,219.30841515700013,0.0787197277667777,2001,12
rescuenet,BsonetEurope-r2,BsonetEurope,P,11,40,20,0.5,63,63,1.0,14.013830204698335,219.30841515700013,0.0787197277667777,2001,12
rescuenet,BsonetEurope-r2,BsonetEurope,P,12,40,22,0.55,63,63,1.0,14.114270657100741,219.30841515700013,0.0787197277667777,2001,12
rescuenet,BsonetEurope-r2,BsonetEurope,P,13,40,23,0.575,63,63,1.0,14.606655051886483,219.30841515700013,0.0787197277667777,2001,12
rescuenet,BsonetEurope-r2,BsonetEurope,P,14,40,21,0.525,63,63,1.0,16.010257208212245,219.30841515700013,0.0787197277667777,2001,12
rescuenet,BsonetEurope-r2,BsonetEurope,P,15,40,22,0.55,63,63,1.0,16.225072271870726,219.30841515700013,0.0787197277667777,2001,12
rescuenet,BsonetEurope-r2,BsonetEurope,P,16,40,23,0.575,63,63,1.0,14.251151325051735,219.30841515700013,0.0787197277667777,2001,12
rescuenet,BsonetEurope-r2,BsonetEurope,P,17,40,23,0.575,63,63,1.0,14.352178754351215,219.30841515700013,0.0787197277667777,2001,12
rescuenet,BsonetEurope-r2,BsonetEurope,P,18,40,21,0.525,63,63,1.0,16.304592264826475,219.30841515700013,0.0787197277667777,2001,12
rescuenet,BsonetEurope-r2,BsonetEurope,P,19,40,25,0.625,63,63,1.0,14.132930495906885,219.30841515700013,0.0787197277667777,2001,12
rescuenet,BsonetEurope-r2,BsonetEurope,P,20,40,20,0.5,63,63,1.0,15.769542539193303,219.30841515700013,0.0787197277667777,2001,12
rescuenet,BsonetEurope-r2,BsonetEurope,P,21,40,20,0.5,63,63,1.0,15.273742426811118,219.30841515700013,0.0787197277667777,2001,12
rescuenet,BsonetEurope-r2,BsonetEurope,P,22,40,23,0.575,63,63,1.0,13.323468358373022,219.30841515700013,0.0787197277667777,2001,12
rescuenet,BsonetEurope-r2,BsonetEurope,P,23,40,23,0.575,63,63,1.0,13.442463600970939,219.30841515700013,0.0787197277667777,2001,12
rescuenet,BsonetEurope-r2,BsonetEurope,P,24,40,23,0.575,63,63,1.0,14.023074429887384,219.30841515700013,0.0787197277667777,2001,12
rescuenet,BsonetEurope-r2,BsonetEurope,P,25,40,23,0.575,63,63,1.0,13.767983923539811,219.30841515700013,0.0787197277667777,2001,12
rescuenet,BsonetEurope-r2,BsonetEurope,P,26,40,21,0.525,63,63,1.0,14.46040510295771,219.30841515700013,0.0787197277667777,2001,12
rescuenet,BsonetEurope-r2,BsonetEurope,P,27,40,24,0.6,63,63,1.0,14.581049422040328,219.30841515700013,0.0787197277667777,2001,12
rescuenet,BsonetEurope-r2,BsonetEurope,P,28,40,25,0.625,63,63,1.0,13.508913347987308,219.30841515700013,0.0787197277667777,2001,12
rescuenet,BsonetEurope-r2,BsonetEurope,P,29,40,24,0.6,63,63,1.0,14.810473170002863,219.30841515700013,0.0787197277667777,2001,12
rescuenet,BsonetEurope-r2,BsonetEurope,TRAN,0,40,18,0.45,63,63,1.0,19.66086059702185,349.45156314400083,0.07611782943325428,1,0
rescuenet,BsonetEurope-r2,BsonetEurope,TRAN,1,40,19,0.475,63,63,1.0,18.748833041470924,349.45156314400083,0.07611782943325428,1,0
rescuenet,BsonetEurope-r2,BsonetEurope,TRAN,2,40,19,0.475,63,63,1.0,18.997370732980215,349.45156314400083,0.07611782943325428,1,0
rescuenet,BsonetEurope-r2,BsonetEurope,TRAN,3,40,19,0.475,63,63,1.0,17.97779552026217,349.45156314400083,0.07611782943325428,1,0
rescuenet,BsonetEurope-r2,BsonetEurope,TRAN,4,40,20,0.5,63,63,1.0,18.597309124865948,349.45156314400083,0.07611782943325428,1,0
rescuenet,BsonetEurope-r2,BsonetEurope,TRAN,5,40,20,0.5,63,63,1.0,19.42652077375645,349.45156314400083,0.07611782943325428,1,0
rescuenet,BsonetEurope-r2,BsonetEurope,TRAN,6,40,20,0.5,63,63,1.0,17.888962208048365,349.45156314400083,0.07611782943325428,1,0
rescuenet,BsonetEurope-r2,BsonetEurope,TRAN,7,40,19,0.475,63,63,1.0,18.90909339248193,349.45156314400083,0.07611782943325428,1,0
rescuenet,BsonetEurope-r2,BsonetEurope,TRAN,8,40,18,0.45,63,63,1.0,18.188360180577373,349.45156314400083,0.07611782943325428,1,0
rescuenet,BsonetEurope-r2,BsonetEurope,TRAN,9,40,19,0.475,63,63,1.0,20.146471679454145,349.45156314400083,0.07611782943325428,1,0
rescuenet,BsonetEurope-r2,BsonetEurope,TRAN,10,40,20,0.5,63,63,1.0,18.186461183398634,349.45156314400083,0.07611782943325428,1,0
rescuenet,BsonetEurope-r2,BsonetEurope,TRAN,11,40,19,0.475,63,63,1.0,18.996133874293704,349.45156314400083,0.07611782943325428,1,0
rescuenet,BsonetEurope-r2,BsonetEurope,TRAN,12,40,19,0.475,63,63,1.0,17.713675517676503,349.45156314400083,0.07611782943325428,1,0
rescuenet,BsonetEurope-r2,BsonetEurope,TRAN,13,40,20,0.5,63,63,1.0,18.396913194653308,349.45156314400083,0.07611782943325428,1,0
rescuenet,BsonetEurope-r2,BsonetEurope,TRAN,14,40,20,0.5,63,63,1.0,17.71052358206086,349.45156314400083,0.07611782943325428,1,0
rescuenet,BsonetEurope-r2,BsonetEurope,TRAN,15,40,18,0.45,63,63,1.0,19.47900330000689,349.45156314400083,0.07611782943325428,1,0
rescuenet,BsonetEurope-r2,BsonetEurope,TRAN,16,40,19,0.475,63,63,1.0,18.2260325202915,349.45156314400083,0.07611782943325428,1,0
rescuenet,BsonetEurope-r2,BsonetEurope,TRAN,17,40,19,0.475,63,63,1.0,19.764059976454924,349.45156314400083,0.07611782943325428,1,0
rescuenet,BsonetEurope-r2,BsonetEurope,TRAN,18,40,21,0.525,63,63,1.0,17.849970835309023,349.45156314400083,0.07611782943325428,1,0
rescuenet,BsonetEurope-r2,BsonetEurope,TRAN,19,40,20,0.5,63,63,1.0,19.742593925327657,349.45156314400083,0.07611782943325428,1,0
rescuenet,BsonetEurope-r2,BsonetEurope,TRAN,20,40,21,0.525,63,63,1.0,16.757350206726432,349.45156314400083,0.07611782943325428,1,0
rescuenet,BsonetEurope-r2,BsonetEurope,TRAN,21,40,20,0.5,63,63,1.0,17.152631107025506,349.45156314400083,0.07611782943325428,1,0
rescuenet,BsonetEurope-r2,BsonetEurope,TRAN,22,40,20,0.5,63,63,1.0,17.53744170517899,349.45156314400083,0.07611782943325428,1,0
rescuenet,BsonetEurope-r2,BsonetEurope,TRAN,23,40,20,0.5,63,63,1.0,19.388875968629716,349.45156314400083,0.07611782943325428,1,0
rescuenet,BsonetEurope-r2,BsonetEurope,TRAN,24,40,19,0.475,63,63,1.0,19.133481651264177,349.45156314400083,0.07611782943325428,1,0
rescuenet,BsonetEurope-r2,BsonetEurope,TRAN,25,40,22,0.55,63,63,1.0,16.755637942362547,349.45156314400083,0.07611782943325428,1,0
rescuenet,BsonetEurope-r2,BsonetEurope,TRAN,26,40,19,0.475,63,63,1.0,20.04555021435432,349.45156314400083,0.07611782943325428,1,0
rescuenet,BsonetEurope-r2,BsonetEurope,TRAN,27,40,22,0.55,63,63,1.0,17.100072696103293,349.45156314400083,0.07611782943325428,1,0
rescuenet,BsonetEurope-r2,BsonetEurope,TRAN,28,40,20,0.5,63,63,1.0,17.508916783397783,349.45156314400083,0.07611782943325428,1,0
rescuenet,BsonetEurope-r2,BsonetEurope,TRAN,29,40,20,0.5,63,63,1.0,17.588421026745266,349.45156314400083,0.07611782943325428,1,0
rescuenet,BtNorthAmerica-r0,BtNorthAmerica,B0,0,40,16,0.4,63,26,0.4126984126984127,23.03644090978754,0.00014153599477140233,0.05643124920000749,1,0
rescuenet,BtNorthAmerica-r0,BtNorthAmerica,B0,1,40,16,0.4,63,26,0.4126984126984127,23.03644090978754,0.00014153599477140233,0.05643124920000749,1,0
rescuenet,BtNorthAmerica-r0,BtNorthAmerica,B0,2,40,16,0.4,63,26,0.4126984126984127,23.03644090978754,0.00014153599477140233,0.05643124920000749,1,0
rescuenet,BtNorthAmerica-r0,BtNorthAmerica,B0,3,40,16,0.4,63,26,0.4126984126984127,23.03644090978754,0.00014153599477140233,0.05643124920000749,1,0
rescuenet,BtNorthAmerica-r0,BtNorthAmerica,B0,4,40,16,0.4,63,26,0.4126984126984127,23.03644090978754,0.00014153599477140233,0.05643124920000749,1,0
rescuenet,BtNorthAmerica-r0,BtNorthAmerica,B0,5,40,16,0.4,63,26,0.4126984126984127,23.03644090978754,0.00014153599477140233,0.05643124920000749,1,0
rescuenet,BtNorthAmerica-r0,BtNorthAmerica,B0,6,40,16,0.4,63,26,0.4126984126984127,23.03644090978754,0.00014153599477140233,0.05643124920000749,1,0
rescuenet,BtNorthAmerica-r0,BtNorthAmerica,B0,7,40,16,0.4,63,26,0.4126984126984127,23.03644090978754,0.00014153599477140233,0.05643124920000749,1,0
rescuenet,BtNorthAmerica-r0,BtNorthAmerica,B0,8,40,16,0.4,63,26,0.4126984126984127,23.03644090978754,0.00014153599477140233,0.05643124920000749,1,0
rescuenet,BtNorthAmerica-r0,BtNorthAmerica,B0,9,40,16,0.4,63,26,0.4126984126984127,23.03644090978754,0.00014153599477140233,0.05643124920000749,1,0
rescuenet,BtNorthAmerica-r0,BtNorthAmerica,B0,10,40,16,0.4,63,26,0.4126984126984127,23.03644090978754,0.00014153599477140233,0.05643124920000749,1,0
rescuenet,BtNorthAmerica-r0,BtNorthAmerica,B0,11,40,16,0.4,63,26,0.4126984126984127,23.03644090978754,0.00014153599477140233,0.05643124920000749,1,0
rescuenet,BtNorthAmerica-r0,BtNorthAmerica,B0,12,40,16,0.4,63,26,0.4126984126984127,23.03644090978754,0.00014153599477140233,0.05643124920000749,1,0
rescuenet,BtNorthAmerica-r0,BtNorthAmerica,B0,13,40,16,0.4,63,26,0.4126984126984127,23.03644090978754,0.00014153599477140233,0.05643124920000749,1,0
rescuenet,BtNorthAmerica-r0,BtNorthAmerica,B0,14,40,16,0.4,63,26,0.4126984126984127,23.03644090978754,0.00014153599477140233,0.05643124920000749,1,0
rescuenet,BtNorthAmerica-r0,BtNorthAmerica,B0,15,40,16,0.4,63,26,0.4126984126984127,23.03644090978754,0.00014153599477140233,0.05643124920000749,1,0
rescuenet,BtNorthAmerica-r0,BtNorthAmerica,B0,16,40,16,0.4,63,26,0.4126984126984127,23.03644090978754,0.00014153599477140233,0.05643124920000749,1,0
rescuenet,BtNorthAmerica-r0,BtNorthAmerica,B0,17,40,16,0.4,63,26,0.4126984126984127,23.03644090978754,0.00014153599477140233,0.05643124920000749,1,0
rescuenet,BtNorthAmerica-r0,BtNorthAmerica,B0,18,40,16,0.4,63,26,0.4126984126984127,23.03644090978754,0.00014153599477140233,0.05643124920000749,1,0
rescuenet,BtNorthAmerica-r0,BtNorthAmerica,B0,19,40,16,0.4,63,26,0.4126984126984127,23.03644090978754,0.00014153599477140233,0.05643124920000749,1,0
rescuenet,BtNorthAmerica-r0,BtNorthAmerica,B0,20,40,16,0.4,63,26,0.4126984126984127,23.03644090978754,0.00014153599477140233,0.05643124920000749,1,0
rescuenet,BtNorthAmerica-r0,BtNorthAmerica,B0,21,40,16,0.4,63,26,0.4126984126984127,23.03644090978754,0.00014153599477140233,0.05643124920000749,1,0
rescuenet,BtNorthAmerica-r0,BtNorthAmerica,B0,22,40,16,0.4,63,26,0.4126984126984127,23.03644090978754,0.00014153599477140233,0.05643124920000749,1,0
rescuenet,BtNorthAmerica-r0,BtNorthAmerica,B0,23,40,16,0.4,63,26,0.4126984126984127,23.03644090978754,0.00014153599477140233,0.05643124920000749,1,0
rescuenet,BtNorthAmerica-r0,BtNorthAmerica,B0,24,40,16,0.4,63,26,0.4126984126984127,23.03644090978754,0.00014153599477140233,0.05643124920000749,1,0
rescuenet,BtNorthAmerica-r0,BtNorthAmerica,B0,25,40,16,0.4,63,26,0.4126984126984127,23.03644090978754,0.00014153599477140233,0.05643124920000749,1,0
rescuenet,BtNorthAmerica-r0,BtNorthAmerica,B0,26,40,16,0.4,63,26,0.4126984126984127,23.03644090978754,0.00014153599477140233,0.05643124920000749,1,0
rescuenet,BtNorthAmerica-r0,BtNorthAmerica,B0,27,40,16,0.4,63,26,0.4126984126984127,23.03644090978754,0.00014153599477140233,0.05643124920000749,1,0
rescuenet,BtNorthAmerica-r0,BtNorthAmerica,B0,28,40,16,0.4,63,26,0.4126984126984127,23.03644090978754,0.00014153599477140233,0.05643124920000749,1,0
rescuenet,BtNorthAmerica-r0,BtNorthAmerica,B0,29,40,16,0.4,63,26,0.4126984126984127,23.03644090978754,0.00014153599477140233,0.05643124920000749,1,0
rescuenet,BtNorthAmerica-r0,BtNorthAmerica,B1,0,40,17,0.425,63,63,1.0,22.46043985862319,0.16805365400068695,0.059552865833393295,1,0
rescuenet,BtNorthAmerica-r0,BtNorthAmerica,B1,1,40,16,0.4,63,63,1.0,21.667579803550638,0.16805365400068695,0.059552865833393295,1,0
rescuenet,BtNorthAmerica-r0,BtNorthAmerica,B1,2,40,14,0.35,63,63,1.0,24.203136191015833,0.16805365400068695,0.059552865833393295,1,0
rescuenet,BtNorthAmerica-r0,BtNorthAmerica,B1,3,40,16,0.4,63,63,1.0,22.661904973712012,0.16805365400068695,0.059552865833393295,1,0
rescuenet,BtNorthAmerica-r0,BtNorthAmerica,B1,4,40,16,0.4,63,63,1.0,22.641737464364663,0.16805365400068695,0.059552865833393295,1,0
rescuenet,BtNorthAmerica-r0,BtNorthAmerica,B1,5,40,16,0.4,63,63,1.0,22.07908031482585,0.16805365400068695,0.059552865833393295,1,0
rescuenet,BtNorthAmerica-r0,BtNorthAmerica,B1,6,40,15,0.375,63,63,1.0,22.13794091115926,0.16805365400068695,0.059552865833393295,1,0
rescuenet,BtNorthAmerica-r0,BtNorthAmerica,B1,7,40,17,0.425,63,63,1.0,22.03939192087542,0.16805365400068695,0.059552865833393295,1,0
rescuenet,BtNorthAmerica-r0,BtNorthAmerica,B1,8,40,15,0.375,63,63,1.0,22.411303227287792,0.16805365400068695,0.059552865833393295,1,0
rescuenet,BtNorthAmerica-r0,BtNorthAmerica,B1,9,40,15,0.375,63,63,1.0,22.692363377630024,0.16805365400068695,0.059552865833393295,1,0
rescuenet,BtNorthAmerica-r0,BtNorthAmerica,B1,10,40,18,0.45,63,63,1.0,21.453035836453665,0.16805365400068695,0.059552865833393295,1,0
rescuenet,BtNorthAmerica-r0,BtNorthAmerica,B1,11,40,13,0.325,63,63,1.0,24.515223327511194,0.16805365400068695,0.059552865833393295,1,0
rescuenet,BtNorthAmerica-r0,BtNorthAmerica,B1,12,40,16,0.4,63,63,1.0,21.927789580068723,0.16805365400068695,0.059552865833393295,1,0
rescuenet,BtNorthAmerica-r0,BtNorthAmerica,B1,13,40,16,0.4,63,63,1.0,23.46452779389765,0.16805365400068695,0.059552865833393295,1,0
rescuenet,BtNorthAmerica-r0,BtNorthAmerica,B1,14,40,16,0.4,63,63,1.0,22.904111905760853,0.16805365400068695,0.059552865833393295,1,0
rescuenet,BtNorthAmerica-r0,BtNorthAmerica,B1,15,40,15,0.375,63,63,1.0,23.19254238029847,0.16805365400068695,0.059552865833393295,1,0
rescuenet,BtNorthAmerica-r0,BtNorthAmerica,B1,16,40,16,0.4,63,63,1.0,21.835228463304368,0.16805365400068695,0.059552865833393295,1,0
rescuenet,BtNorthAmerica-r0,BtNorthAmerica,B1,17,40,15,0.375,63,63,1.0,22.564991952221654,0.16805365400068695,0.059552865833393295,1,0
rescuenet,BtNorthAmerica-r0,BtNorthAmerica,B1,18,40,16,0.4,63,63,1.0,22.68444443676335,0.16805365400068695,0.059552865833393295,1,0
rescuenet,BtNorthAmerica-r0,BtNorthAmerica,B1,19,40,17,0.425,63,63,1.0,21.635773187112846,0.16805365400068695,0.059552865833393295,1,0
rescuenet,BtNorthAmerica-r0,BtNorthAmerica,B1,20,40,15,0.375,63,63,1.0,22.43017785077898,0.16805365400068695,0.059552865833393295,1,0
rescuenet,BtNorthAmerica-r0,BtNorthAmerica,B1,21,40,16,0.4,63,63,1.0,21.876480511511414,0.16805365400068695,0.059552865833393295,1,0
rescuenet,BtNorthAmerica-r0,BtNorthAmerica,B1,22,40,17,0.425,63,63,1.0,21.99329605792225,0.16805365400068695,0.059552865833393295,1,0
rescuenet,BtNorthAmerica-r0,BtNorthAmerica,B1,23,40,16,0.4,63,63,1.0,23.255237446347838,0.16805365400068695,0.059552865833393295,1,0
rescuenet,BtNorthAmerica-r0,BtNorthAmerica,B1,24,40,16,0.4,63,63,1.0,22.726701413949833,0.16805365400068695,0.059552865833393295,1,0
rescuenet,BtNorthAmerica-r0,BtNorthAmerica,B1,25,40,16,0.4,63,63,1.0,22.49915130028939,0.16805365400068695,0.059552865833393295,1,0
rescuenet,BtNorthAmerica-r0,BtNorthAmerica,B1,26,40,15,0.375,63,63,1.0,22.460762471894625,0.16805365400068695,0.059552865833393295,1,0
rescuenet,BtNorthAmerica-r0,BtNorthAmerica,B1,27,40,16,0.4,63,63,1.0,22.24020965448906,0.16805365400068695,0.059552865833393295,1,0
rescuenet,BtNorthAmerica-r0,BtNorthAmerica,B1,28,40,15,0.375,63,63,1.0,22.715779893928637,0.16805365400068695,0.059552865833393295,1,0
rescuenet,BtNorthAmerica-r0,BtNorthAmerica,B1,29,40,14,0.35,63,63,1.0,24.47810620031005,0.16805365400068695,0.059552865833393295,1,0
rescuenet,BtNorthAmerica-r0,BtNorthAmerica,B2,0,40,20,0.5,63,63,1.0,18.406848483466504,223.36075522100145,0.06663788909985063,2001,6
rescuenet,BtNorthAmerica-r0,BtNorthAmerica,B2,1,40,20,0.5,63,63,1.0,17.987702319507974,223.36075522100145,0.06663788909985063,2001,6
rescuenet,BtNorthAmerica-r0,BtNorthAmerica,B2,2,40,18,0.45,63,63,1.0,19.458350096110443,223.36075522100145,0.06663788909985063,2001,6
rescuenet,BtNorthAmerica-r0,BtNorthAmerica,B2,3,40,20,0.5,63,63,1.0,18.603363458652154,223.36075522100145,0.06663788909985063,2001,6
rescuenet,BtNorthAmerica-r0,BtNorthAmerica,B2,4,40,20,0.5,63,63,1.0,18.439283402374777,223.36075522100145,0.06663788909985063,2001,6
rescuenet,BtNorthAmerica-r0,BtNorthAmerica,B2,5,40,19,0.475,63,63,1.0,18.416029495701924,223.36075522100145,0.06663788909985063,2001,6
rescuenet,BtNorthAmerica-r0,BtNorthAmerica,B2,6,40,19,0.475,63,63,1.0,17.91489015360647,223.36075522100145,0.06663788909985063,2001,6
rescuenet,BtNorthAmerica-r0,BtNorthAmerica,B2,7,40,19,0.475,63,63,1.0,18.947483191926516,223.36075522100145,0.06663788909985063,2001,6
rescuenet,BtNorthAmerica-r0,BtNorthAmerica,B2,8,40,20,0.5,63,63,1.0,18.382023288960713,223.36075522100145,0.06663788909985063,2001,6
rescuenet,BtNorthAmerica-r0,BtNorthAmerica,B2,9,40,20,0.5,63,63,1.0,18.65936625860206,223.36075522100145,0.06663788909985063,2001,6
rescuenet,BtNorthAmerica-r0,BtNorthAmerica,B2,10,40,20,0.5,63,63,1.0,18.132439978954647,223.36075522100145,0.06663788909985063,2001,6
rescuenet,BtNorthAmerica-r0,BtNorthAmerica,B2,11,40,19,0.475,63,63,1.0,18.59417763293474,223.36075522100145,0.06663788909985063,2001,6
rescuenet,BtNorthAmerica-r0,BtNorthAmerica,B2,12,40,19,0.475,63,63,1.0,18.306604660180696,223.36075522100145,0.06663788909985063,2001,6
rescuenet,BtNorthAmerica-r0,BtNorthAmerica,B2,13,40,18,0.45,63,63,1.0,18.95436069590846,223.36075522100145,0.06663788909985063,2001,6
rescuenet,BtNorthAmerica-r0,BtNorthAmerica,B2,14,40,17,0.425,63,63,1.0,19.43132238243407,223.36075522100145,0.06663788909985063,2001,6
rescuenet,BtNorthAmerica-r0,BtNorthAmerica,B2,15,40,17,0.425,63,63,1.0,19.279792180168233,223.36075522100145,0.06663788909985063,2001,6
rescuenet,BtNorthAmerica-r0,BtNorthAmerica,B2,16,40,18,0.45,63,63,1.0,19.10788291978777,223.36075522100145,0.06663788909985063,2001,6
rescuenet,BtNorthAmerica-r0,BtNorthAmerica,B2,17,40,18,0.45,63,63,1.0,19.63444538096921,223.36075522100145,0.06663788909985063,2001,6
rescuenet,BtNorthAmerica-r0,BtNorthAmerica,B2,18,40,20,0.5,63,63,1.0,18.065018591580316,223.36075522100145,0.06663788909985063,2001,6
rescuenet,BtNorthAmerica-r0,BtNorthAmerica,B2,19,40,16,0.4,63,63,1.0,20.647027048266438,223.36075522100145,0.06663788909985063,2001,6
rescuenet,BtNorthAmerica-r0,BtNorthAmerica,B2,20,40,20,0.5,63,63,1.0,17.45513266421745,223.36075522100145,0.06663788909985063,2001,6
rescuenet,BtNorthAmerica-r0,BtNorthAmerica,B2,21,40,20,0.5,63,63,1.0,17.767041774518148,223.36075522100145,0.06663788909985063,2001,6
rescuenet,BtNorthAmerica-r0,BtNorthAmerica,B2,22,40,21,0.525,63,63,1.0,17.625962495952656,223.36075522100145,0.06663788909985063,2001,6
rescuenet,BtNorthAmerica-r0,BtNorthAmerica,B2,23,40,18,0.45,63,63,1.0,20.29881877455906,223.36075522100145,0.06663788909985063,2001,6
rescuenet,BtNorthAmerica-r0,BtNorthAmerica,B2,24,40,19,0.475,63,63,1.0,18.680929080171698,223.36075522100145,0.06663788909985063,2001,6
rescuenet,BtNorthAmerica-r0,BtNorthAmerica,B2,25,40,19,0.475,63,63,1.0,18.142696184711415,223.36075522100145,0.06663788909985063,2001,6
rescuenet,BtNorthAmerica-r0,BtNorthAmerica,B2,26,40,20,0.5,63,63,1.0,18.510600344223736,223.36075522100145,0.06663788909985063,2001,6
rescuenet,BtNorthAmerica-r0,BtNorthAmerica,B2,27,40,19,0.475,63,63,1.0,19.36336144246259,223.36075522100145,0.06663788909985063,2001,6
rescuenet,BtNorthAmerica-r0,BtNorthAmerica,B2,28,40,16,0.4,63,63,1.0,21.119464603314977,223.36075522100145,0.06663788909985063,2001,6
rescuenet,BtNorthAmerica-r0,BtNorthAmerica,B2,29,40,18,0.45,63,63,1.0,18.714521284772548,223.36075522100145,0.06663788909985063,2001,6
rescuenet,BtNorthAmerica-r0,BtNorthAmerica,P,0,40,20,0.5,63,63,1.0,17.52479799505089,222.87103301199386,0.07539589553343831,2001,4
rescuenet,BtNorthAmerica-r0,BtNorthAmerica,P,1,40,20,0.5,63,63,1.0,17.872777387016438,222.87103301199386,0.07539589553343831,2001,4
rescuenet,BtNorthAmerica-r0,BtNorthAmerica,P,2,40,19,0.475,63,63,1.0,19.07608389770861,222.87103301199386,0.07539589553343831,2001,4
rescuenet,BtNorthAmerica-r0,BtNorthAmerica,P,3,40,19,0.475,63,63,1.0,19.298972293073533,222.87103301199386,0.07539589553343831,2001,4
rescuenet,BtNorthAmerica-r0,BtNorthAmerica,P,4,40,20,0.5,63,63,1.0,18.743784536195335,222.87103301199386,0.07539589553343831,2001,4
rescuenet,BtNorthAmerica-r0,BtNorthAmerica,P,5,40,20,0.5,63,63,1.0,17.933562510475483,222.87103301199386,0.07539589553343831,2001,4
rescuenet,BtNorthAmerica-r0,BtNorthAmerica,P,6,40,20,0.5,63,63,1.0,17.96610830655402,222.87103301199386,0.07539589553343831,2001,4
rescuenet,BtNorthAmerica-r0,BtNorthAmerica,P,7,40,19,0.475,63,63,1.0,19.499861173201882,222.87103301199386,0.07539589553343831,2001,4
rescuenet,BtNorthAmerica-r0,BtNorthAmerica,P,8,40,20,0.5,63,63,1.0,18.06163766251888,222.87103301199386,0.07539589553343831,2001,4
rescuenet,BtNorthAmerica-r0,BtNorthAmerica,P,9,40,18,0.45,63,63,1.0,19.854275377623413,222.87103301199386,0.07539589553343831,2001,4
rescuenet,BtNorthAmerica-r0,BtNorthAmerica,P,10,40,21,0.525,63,63,1.0,16.963329093770696,222.87103301199386,0.07539589553343831,2001,4
rescuenet,BtNorthAmerica-r0,BtNorthAmerica,P,11,40,19,0.475,63,63,1.0,19.28043101572518,222.87103301199386,0.07539589553343831,2001,4
rescuenet,BtNorthAmerica-r0,BtNorthAmerica,P,12,40,20,0.5,63,63,1.0,18.3784689094884,222.87103301199386,0.07539589553343831,2001,4
rescuenet,BtNorthAmerica-r0,BtNorthAmerica,P,13,40,19,0.475,63,63,1.0,19.667742704171413,222.87103301199386,0.07539589553343831,2001,4
rescuenet,BtNorthAmerica-r0,BtNorthAmerica,P,14,40,18,0.45,63,63,1.0,18.458694225971126,222.87103301199386,0.07539589553343831,2001,4
rescuenet,BtNorthAmerica-r0,BtNorthAmerica,P,15,40,20,0.5,63,63,1.0,18.636783622552937,222.87103301199386,0.07539589553343831,2001,4
rescuenet,BtNorthAmerica-r0,BtNorthAmerica,P,16,40,20,0.5,63,63,1.0,18.47277298897325,222.87103301199386,0.07539589553343831,2001,4
rescuenet,BtNorthAmerica-r0,BtNorthAmerica,P,17,40,17,0.425,63,63,1.0,19.81665769050197,222.87103301199386,0.07539589553343831,2001,4
rescuenet,BtNorthAmerica-r0,BtNorthAmerica,P,18,40,21,0.525,63,63,1.0,17.783255387698453,222.87103301199386,0.07539589553343831,2001,4
rescuenet,BtNorthAmerica-r0,BtNorthAmerica,P,19,40,20,0.5,63,63,1.0,17.232667263795943,222.87103301199386,0.07539589553343831,2001,4
rescuenet,BtNorthAmerica-r0,BtNorthAmerica,P,20,40,21,0.525,63,63,1.0,17.408631329084386,222.87103301199386,0.07539589553343831,2001,4
rescuenet,BtNorthAmerica-r0,BtNorthAmerica,P,21,40,20,0.5,63,63,1.0,16.975114433652685,222.87103301199386,0.07539589553343831,2001,4
rescuenet,BtNorthAmerica-r0,BtNorthAmerica,P,22,40,22,0.55,63,63,1.0,17.532390430311462,222.87103301199386,0.07539589553343831,2001,4
rescuenet,BtNorthAmerica-r0,BtNorthAmerica,P,23,40,20,0.5,63,63,1.0,18.52477402788254,222.87103301199386,0.07539589553343831,2001,4
rescuenet,BtNorthAmerica-r0,BtNorthAmerica,P,24,40,19,0.475,63,63,1.0,17.71287557057123,222.87103301199386,0.07539589553343831,2001,4
rescuenet,BtNorthAmerica-r0,BtNorthAmerica,P,25,40,20,0.5,63,63,1.0,17.801463018302638,222.87103301199386,0.07539589553343831,2001,4
rescuenet,BtNorthAmerica-r0,BtNorthAmerica,P,26,40,19,0.475,63,63,1.0,18.664985856469634,222.87103301199386,0.07539589553343831,2001,4
rescuenet,BtNorthAmerica-r0,BtNorthAmerica,P,27,40,19,0.475,63,63,1.0,19.203126014033412,222.87103301199386,0.07539589553343831,2001,4
rescuenet,BtNorthAmerica-r0,BtNorthAmerica,P,28,40,19,0.475,63,63,1.0,19.574623585550196,222.87103301199386,0.07539589553343831,2001,4
rescuenet,BtNorthAmerica-r0,BtNorthAmerica,P,29,40,20,0.5,63,63,1.0,17.69266897168457,222.87103301199386,0.07539589553343831,2001,4
rescuenet,BtNorthAmerica-r0,BtNorthAmerica,TRAN,0,40,19,0.475,63,63,1.0,19.18757944457076,357.9896576309984,0.08182965903324657,1,0
rescuenet,BtNorthAmerica-r0,BtNorthAmerica,TRAN,1,40,16,0.4,63,63,1.0,20.28860153459693,357.9896576309984,0.08182965903324657,1,0
rescuenet,BtNorthAmerica-r0,BtNorthAmerica,TRAN,2,40,16,0.4,63,63,1.0,21.649920234986464,357.9896576309984,0.08182965903324657,1,0
rescuenet,BtNorthAmerica-r0,BtNorthAmerica,TRAN,3,40,18,0.45,63,63,1.0,20.12321440298512,357.9896576309984,0.08182965903324657,1,0
rescuenet,BtNorthAmerica-r0,BtNorthAmerica,TRAN,4,40,17,0.425,63,63,1.0,19.82956010161385,357.9896576309984,0.08182965903324657,1,0
rescuenet,BtNorthAmerica-r0,BtNorthAmerica,TRAN,5,40,16,0.4,63,63,1.0,21.2075534842071,357.9896576309984,0.08182965903324657,1,0
rescuenet,BtNorthAmerica-r0,BtNorthAmerica,TRAN,6,40,15,0.375,63,63,1.0,22.373543797267153,357.9896576309984,0.08182965903324657,1,0
rescuenet,BtNorthAmerica-r0,BtNorthAmerica,TRAN,7,40,18,0.45,63,63,1.0,19.85639095119378,357.9896576309984,0.08182965903324657,1,0
rescuenet,BtNorthAmerica-r0,BtNorthAmerica,TRAN,8,40,14,0.35,63,63,1.0,21.962513388360676,357.9896576309984,0.08182965903324657,1,0
rescuenet,BtNorthAmerica-r0,BtNorthAmerica,TRAN,9,40,14,0.35,63,63,1.0,21.71731301869639,357.9896576309984,0.08182965903324657,1,0
rescuenet,BtNorthAmerica-r0,BtNorthAmerica,TRAN,10,40,19,0.475,63,63,1.0,18.88025831381888,357.9896576309984,0.08182965903324657,1,0
rescuenet,BtNorthAmerica-r0,BtNorthAmerica,TRAN,11,40,16,0.4,63,63,1.0,21.44867391722235,357.9896576309984,0.08182965903324657,1,0
rescuenet,BtNorthAmerica-r0,BtNorthAmerica,TRAN,12,40,18,0.45,63,63,1.0,18.814691879945315,357.9896576309984,0.08182965903324657,1,0
rescuenet,BtNorthAmerica-r0,BtNorthAmerica,TRAN,13,40,16,0.4,63,63,1.0,20.568951336195102,357.9896576309984,0.08182965903324657,1,0
rescuenet,BtNorthAmerica-r0,BtNorthAmerica,TRAN,14,40,18,0.45,63,63,1.0,19.950968854137482,357.9896576309984,0.08182965903324657,1,0
rescuenet,BtNorthAmerica-r0,BtNorthAmerica,TRAN,15,40,17,0.425,63,63,1.0,20.82563332746174,357.9896576309984,0.08182965903324657,1,0
rescuenet,BtNorthAmerica-r0,BtNorthAmerica,TRAN,16,40,18,0.45,63,63,1.0,18.935999516949536,357.9896576309984,0.08182965903324657,1,0
rescuenet,BtNorthAmerica-r0,BtNorthAmerica,TRAN,17,40,16,0.4,63,63,1.0,20.984258518718924,357.9896576309984,0.08182965903324657,1,0
rescuenet,BtNorthAmerica-r0,BtNorthAmerica,TRAN,18,40,16,0.4,63,63,1.0,20.56737661178901,357.9896576309984,0.08182965903324657,1,0
rescuenet,BtNorthAmerica-r0,BtNorthAmerica,TRAN,19,40,17,0.425,63,63,1.0,19.214470739991462,357.9896576309984,0.08182965903324657,1,0
rescuenet,BtNorthAmerica-r0,BtNorthAmerica,TRAN,20,40,14,0.35,63,63,1.0,21.356371441514337,357.9896576309984,0.08182965903324657,1,0
rescuenet,BtNorthAmerica-r0,BtNorthAmerica,TRAN,21,40,17,0.425,63,63,1.0,19.17169496605546,357.9896576309984,0.08182965903324657,1,0
rescuenet,BtNorthAmerica-r0,BtNorthAmerica,TRAN,22,40,17,0.425,63,63,1.0,19.639135286764976,357.9896576309984,0.08182965903324657,1,0
rescuenet,BtNorthAmerica-r0,BtNorthAmerica,TRAN,23,40,16,0.4,63,63,1.0,19.872468503301985,357.9896576309984,0.08182965903324657,1,0
rescuenet,BtNorthAmerica-r0,BtNorthAmerica,TRAN,24,40,16,0.4,63,63,1.0,21.119888228944674,357.9896576309984,0.08182965903324657,1,0
rescuenet,BtNorthAmerica-r0,BtNorthAmerica,TRAN,25,40,17,0.425,63,63,1.0,21.058338553494895,357.9896576309984,0.08182965903324657,1,0
rescuenet,BtNorthAmerica-r0,BtNorthAmerica,TRAN,26,40,16,0.4,63,63,1.0,20.762991228486367,357.9896576309984,0.08182965903324657,1,0
rescuenet,BtNorthAmerica-r0,BtNorthAmerica,TRAN,27,40,17,0.425,63,63,1.0,20.924861540301126,357.9896576309984,0.08182965903324657,1,0
rescuenet,BtNorthAmerica-r0,BtNorthAmerica,TRAN,28,40,19,0.475,63,63,1.0,19.0080636778118,357.9896576309984,0.08182965903324657,1,0
rescuenet,BtNorthAmerica-r0,BtNorthAmerica,TRAN,29,40,16,0.4,63,63,1.0,22.4460824290065,357.9896576309984,0.08182965903324657,1,0
rescuenet,BtNorthAmerica-r1,BtNorthAmerica,B0,0,40,20,0.5,63,26,0.4126984126984127,17.73117298041195,0.0001764579938026145,0.060182697566779096,1,0
rescuenet,BtNorthAmerica-r1,BtNorthAmerica,B0,1,40,20,0.5,63,26,0.4126984126984127,17.73117298041195,0.0001764579938026145,0.060182697566779096,1,0
rescuenet,BtNorthAmerica-r1,BtNorthAmerica,B0,2,40,20,0.5,63,26,0.4126984126984127,17.73117298041195,0.0001764579938026145,0.060182697566779096,1,0
rescuenet,BtNorthAmerica-r1,BtNorthAmerica,B0,3,40,20,0.5,63,26,0.4126984126984127,17.73117298041195,0.0001764579938026145,0.060182697566779096,1,0
rescuenet,BtNorthAmerica-r1,BtNorthAmerica,B0,4,40,20,0.5,63,26,0.4126984126984127,17.73117298041195,0.0001764579938026145,0.060182697566779096,1,0
rescuenet,BtNorthAmerica-r1,BtNorthAmerica,B0,5,40,20,0.5,63,26,0.4126984126984127,17.73117298041195,0.0001764579938026145,0.060182697566779096,1,0
rescuenet,BtNorthAmerica-r1,BtNorthAmerica,B0,6,40,20,0.5,63,26,0.4126984126984127,17.73117298041195,0.0001764579938026145,0.060182697566779096,1,0
rescuenet,BtNorthAmerica-r1,BtNorthAmerica,B0,7,40,20,0.5,63,26,0.4126984126984127,17.73117298041195,0.0001764579938026145,0.060182697566779096,1,0
rescuenet,BtNorthAmerica-r1,BtNorthAmerica,B0,8,40,20,0.5,63,26,0.4126984126984127,17.73117298041195,0.0001764579938026145,0.060182697566779096,1,0
rescuenet,BtNorthAmerica-r1,BtNorthAmerica,B0,9,40,20,0.5,63,26,0.4126984126984127,17.73117298041195,0.0001764579938026145,0.060182697566779096,1,0
rescuenet,BtNorthAmerica-r1,BtNorthAmerica,B0,10,40,20,0.5,63,26,0.4126984126984127,17.73117298041195,0.0001764579938026145,0.060182697566779096,1,0
rescuenet,BtNorthAmerica-r1,BtNorthAmerica,B0,11,40,20,0.5,63,26,0.4126984126984127,17.73117298041195,0.0001764579938026145,0.060182697566779096,1,0
rescuenet,BtNorthAmerica-r1,BtNorthAmerica,B0,12,40,20,0.5,63,26,0.4126984126984127,17.73117298041195,0.0001764579938026145,0.060182697566779096,1,0
rescuenet,BtNorthAmerica-r1,BtNorthAmerica,B0,13,40,20,0.5,63,26,0.4126984126984127,17.73117298041195,0.0001764579938026145,0.060182697566779096,1,0
rescuenet,BtNorthAmerica-r1,BtNorthAmerica,B0,14,40,20,0.5,63,26,0.4126984126984127,17.73117298041195,0.0001764579938026145,0.060182697566779096,1,0
rescuenet,BtNorthAmerica-r1,BtNorthAmerica,B0,15,40,20,0.5,63,26,0.4126984126984127,17.73117298041195,0.0001764579938026145,0.060182697566779096,1,0
rescuenet,BtNorthAmerica-r1,BtNorthAmerica,B0,16,40,20,0.5,63,26,0.4126984126984127,17.73117298041195,0.0001764579938026145,0.060182697566779096,1,0
rescuenet,BtNorthAmerica-r1,BtNorthAmerica,B0,17,40,20,0.5,63,26,0.4126984126984127,17.73117298041195,0.0001764579938026145,0.060182697566779096,1,0
rescuenet,BtNorthAmerica-r1,BtNorthAmerica,B0,18,40,20,0.5,63,26,0.4126984126984127,17.73117298041195,0.0001764579938026145,0.060182697566779096,1,0
rescuenet,BtNorthAmerica-r1,BtNorthAmerica,B0,19,40,20,0.5,63,26,0.4126984126984127,17.73117298041195,0.0001764579938026145,0.060182697566779096,1,0
rescuenet,BtNorthAmerica-r1,BtNorthAmerica,B0,20,40,20,0.5,63,26,0.4126984126984127,17.73117298041195,0.0001764579938026145,0.060182697566779096,1,0
rescuenet,BtNorthAmerica-r1,BtNorthAmerica,B0,21,40,20,0.5,63,26,0.4126984126984127,17.73117298041195,0.0001764579938026145,0.060182697566779096,1,0
rescuenet,BtNorthAmerica-r1,BtNorthAmerica,B0,22,40,20,0.5,63,26,0.4126984126984127,17.73117298041195,0.0001764579938026145,0.060182697566779096,1,0
rescuenet,BtNorthAmerica-r1,BtNorthAmerica,B0,23,40,20,0.5,63,26,0.4126984126984127,17.73117298041195,0.0001764579938026145,0.060182697566779096,1,0
rescuenet,BtNorthAmerica-r1,BtNorthAmerica,B0,24,40,20,0.5,63,26,0.4126984126984127,17.73117298041195,0.0001764579938026145,0.060182697566779096,1,0
rescuenet,BtNorthAmerica-r1,BtNorthAmerica,B0,25,40,20,0.5,63,26,0.4126984126984127,17.73117298041195,0.0001764579938026145,0.060182697566779096,1,0
rescuenet,BtNorthAmerica-r1,BtNorthAmerica,B0,26,40,20,0.5,63,26,0.4126984126984127,17.73117298041195,0.0001764579938026145,0.060182697566779096,1,0
rescuenet,BtNorthAmerica-r1,BtNorthAmerica,B0,27,40,20,0.5,63,26,0.4126984126984127,17.73117298041195,0.0001764579938026145,0.060182697566779096,1,0
rescuenet,BtNorthAmerica-r1,BtNorthAmerica,B0,28,40,20,0.5,63,26,0.4126984126984127,17.73117298041195,0.0001764579938026145,0.060182697566779096,1,0
rescuenet,BtNorthAmerica-r1,BtNorthAmerica,B0,29,40,20,0.5,63,26,0.4126984126984127,17.73117298041195,0.0001764579938026145,0.060182697566779096,1,0
rescuenet,BtNorthAmerica-r1,BtNorthAmerica,B1,0,40,23,0.575,63,63,1.0,16.017553965376205,0.19467875500413356,0.061617346266575626,1,0
rescuenet,BtNorthAmerica-r1,BtNorthAmerica,B1,1,40,23,0.575,63,63,1.0,16.91888140858078,0.19467875500413356,0.061617346266575626,1,0
rescuenet,BtNorthAmerica-r1,BtNorthAmerica,B1,2,40,24,0.6,63,63,1.0,16.0,0.19467875500413356,0.061617346266575626,1,0
rescuenet,BtNorthAmerica-r1,BtNorthAmerica,B1,3,40,22,0.55,63,63,1.0,16.420079715690175,0.19467875500413356,0.061617346266575626,1,0
rescuenet,BtNorthAmerica-r1,BtNorthAmerica,B1,4,40,23,0.575,63,63,1.0,16.447648368883723,0.19467875500413356,0.061617346266575626,1,0
rescuenet,BtNorthAmerica-r1,BtNorthAmerica,B1,5,40,24,0.6,63,63,1.0,16.0,0.19467875500413356,0.061617346266575626,1,0
rescuenet,BtNorthAmerica-r1,BtNorthAmerica,B1,6,40,23,0.575,63,63,1.0,16.41795597650735,0.19467875500413356,0.061617346266575626,1,0
rescuenet,BtNorthAmerica-r1,BtNorthAmerica,B1,7,40,21,0.525,63,63,1.0,17.212195153775355,0.19467875500413356,0.061617346266575626,1,0
rescuenet,BtNorthAmerica-r1,BtNorthAmerica,B1,8,40,22,0.55,63,63,1.0,17.12951094464667,0.19467875500413356,0.061617346266575626,1,0
rescuenet,BtNorthAmerica-r1,BtNorthAmerica,B1,9,40,22,0.55,63,63,1.0,16.405144071907113,0.19467875500413356,0.061617346266575626,1,0
rescuenet,BtNorthAmerica-r1,BtNorthAmerica,B1,10,40,23,0.575,63,63,1.0,16.84199497034299,0.19467875500413356,0.061617346266575626,1,0
rescuenet,BtNorthAmerica-r1,BtNorthAmerica,B1,11,40,23,0.575,63,63,1.0,16.92009620835347,0.19467875500413356,0.061617346266575626,1,0
rescuenet,BtNorthAmerica-r1,BtNorthAmerica,B1,12,40,23,0.575,63,63,1.0,16.182505091589693,0.19467875500413356,0.061617346266575626,1,0
rescuenet,BtNorthAmerica-r1,BtNorthAmerica,B1,13,40,23,0.575,63,63,1.0,16.584202574784527,0.19467875500413356,0.061617346266575626,1,0
rescuenet,BtNorthAmerica-r1,BtNorthAmerica,B1,14,40,22,0.55,63,63,1.0,16.04005621016893,0.19467875500413356,0.061617346266575626,1,0
rescuenet,BtNorthAmerica-r1,BtNorthAmerica,B1,15,40,23,0.575,63,63,1.0,16.2335212123437,0.19467875500413356,0.061617346266575626,1,0
rescuenet,BtNorthAmerica-r1,BtNorthAmerica,B1,16,40,23,0.575,63,63,1.0,16.84172318236197,0.19467875500413356,0.061617346266575626,1,0
rescuenet,BtNorthAmerica-r1,BtNorthAmerica,B1,17,40,23,0.575,63,63,1.0,16.40426957452906,0.19467875500413356,0.061617346266575626,1,0
rescuenet,BtNorthAmerica-r1,BtNorthAmerica,B1,18,40,22,0.55,63,63,1.0,16.712400774692146,0.19467875500413356,0.061617346266575626,1,0
rescuenet,BtNorthAmerica-r1,BtNorthAmerica,B1,19,40,24,0.6,63,63,1.0,16.0,0.19467875500413356,0.061617346266575626,1,0
rescuenet,BtNorthAmerica-r1,BtNorthAmerica,B1,20,40,23,0.575,63,63,1.0,16.200500355297386,0.19467875500413356,0.061617346266575626,1,0
rescuenet,BtNorthAmerica-r1,BtNorthAmerica,B1,21,40,22,0.55,63,63,1.0,17.16501234286715,0.19467875500413356,0.061617346266575626,1,0
rescuenet,BtNorthAmerica-r1,BtNorthAmerica,B1,22,40,22,0.55,63,63,1.0,16.578566782467394,0.19467875500413356,0.061617346266575626,1,0
rescuenet,BtNorthAmerica-r1,BtNorthAmerica,B1,23,40,21,0.525,63,63,1.0,16.875910639583697,0.19467875500413356,0.061617346266575626,1,0
rescuenet,BtNorthAmerica-r1,BtNorthAmerica,B1,24,40,23,0.575,63,63,1.0,16.776410626724246,0.19467875500413356,0.061617346266575626,1,0
rescuenet,BtNorthAmerica-r1,BtNorthAmerica,B1,25,40,22,0.55,63,63,1.0,16.592349263168924,0.19467875500413356,0.061617346266575626,1,0
rescuenet,BtNorthAmerica-r1,BtNorthAmerica,B1,26,40,24,0.6,63,63,1.0,16.0,0.19467875500413356,0.061617346266575626,1,0
rescuenet,BtNorthAmerica-r1,BtNorthAmerica,B1,27,40,21,0.525,63,63,1.0,17.134038711842894,0.19467875500413356,0.061617346266575626,1,0
rescuenet,BtNorthAmerica-r1,BtNorthAmerica,B1,28,40,23,0.575,63,63,1.0,16.028091688056453,0.19467875500413356,0.061617346266575626,1,0
rescuenet,BtNorthAmerica-r1,BtNorthAmerica,B1,29,40,21,0.525,63,63,1.0,17.697858798529047,0.19467875500413356,0.061617346266575626,1,0
rescuenet,BtNorthAmerica-r1,BtNorthAmerica,B2,0,40,24,0.6,63,63,1.0,14.87918322012407,183.55052529399836,0.07525230766671788,2001,1
rescuenet,BtNorthAmerica-r1,BtNorthAmerica,B2,1,40,25,0.625,63,63,1.0,14.919453782498508,183.55052529399836,0.07525230766671788,2001,1
rescuenet,BtNorthAmerica-r1,BtNorthAmerica,B2,2,40,23,0.575,63,63,1.0,14.919393994330866,183.55052529399836,0.07525230766671788,2001,1
rescuenet,BtNorthAmerica-r1,BtNorthAmerica,B2,3,40,24,0.6,63,63,1.0,15.278808282391742,183.55052529399836,0.07525230766671788,2001,1
rescuenet,BtNorthAmerica-r1,BtNorthAmerica,B2,4,40,23,0.575,63,63,1.0,15.414836529219746,183.55052529399836,0.07525230766671788,2001,1
rescuenet,BtNorthAmerica-r1,BtNorthAmerica,B2,5,40,25,0.625,63,63,1.0,14.87721447163035,183.55052529399836,0.07525230766671788,2001,1
rescuenet,BtNorthAmerica-r1,BtNorthAmerica,B2,6,40,24,0.6,63,63,1.0,15.278447188757536,183.55052529399836,0.07525230766671788,2001,1
rescuenet,BtNorthAmerica-r1,BtNorthAmerica,B2,7,40,23,0.575,63,63,1.0,16.31620990657738,183.55052529399836,0.07525230766671788,2001,1
rescuenet,BtNorthAmerica-r1,BtNorthAmerica,B2,8,40,23,0.575,63,63,1.0,15.391991532287538,183.55052529399836,0.07525230766671788,2001,1
rescuenet,BtNorthAmerica-r1,BtNorthAmerica,B2,9,40,24,0.6,63,63,1.0,14.76308606424715,183.55052529399836,0.07525230766671788,2001,1
rescuenet,BtNorthAmerica-r1,BtNorthAmerica,B2,10,40,24,0.6,63,63,1.0,15.555765435817586,183.55052529399836,0.07525230766671788,2001,1
rescuenet,BtNorthAmerica-r1,BtNorthAmerica,B2,11,40,24,0.6,63,63,1.0,15.674739500916463,183.55052529399836,0.07525230766671788,2001,1
rescuenet,BtNorthAmerica-r1,BtNorthAmerica,B2,12,40,25,0.625,63,63,1.0,14.887866537041562,183.55052529399836,0.07525230766671788,2001,1
rescuenet,BtNorthAmerica-r1,BtNorthAmerica,B2,13,40,24,0.6,63,63,1.0,15.906872429060583,183.55052529399836,0.07525230766671788,2001,1
rescuenet,BtNorthAmerica-r1,BtNorthAmerica,B2,14,40,22,0.55,63,63,1.0,15.237601179048113,183.55052529399836,0.07525230766671788,2001,1
rescuenet,BtNorthAmerica-r1,BtNorthAmerica,B2,15,40,24,0.6,63,63,1.0,15.260950451799488,183.55052529399836,0.07525230766671788,2001,1
rescuenet,BtNorthAmerica-r1,BtNorthAmerica,B2,16,40,25,0.625,63,63,1.0,14.874721485537982,183.55052529399836,0.07525230766671788,2001,1
rescuenet,BtNorthAmerica-r1,BtNorthAmerica,B2,17,40,24,0.6,63,63,1.0,14.997302250317594,183.55052529399836,0.07525230766671788,2001,1
rescuenet,BtNorthAmerica-r1,BtNorthAmerica,B2,18,40,24,0.6,63,63,1.0,14.726579475443092,183.55052529399836,0.07525230766671788,2001,1
rescuenet,BtNorthAmerica-r1,BtNorthAmerica,B2,19,40,22,0.55,63,63,1.0,16.225967026411574,183.55052529399836,0.07525230766671788,2001,1
rescuenet,BtNorthAmerica-r1,BtNorthAmerica,B2,20,40,24,0.6,63,63,1.0,15.753275817514156,183.55052529399836,0.07525230766671788,2001,1
rescuenet,BtNorthAmerica-r1,BtNorthAmerica,B2,21,40,23,0.575,63,63,1.0,16.115691668005685,183.55052529399836,0.07525230766671788,2001,1
rescuenet,BtNorthAmerica-r1,BtNorthAmerica,B2,22,40,23,0.575,63,63,1.0,14.91531804018944,183.55052529399836,0.07525230766671788,2001,1
rescuenet,BtNorthAmerica-r1,BtNorthAmerica,B2,23,40,23,0.575,63,63,1.0,14.907423876968917,183.55052529399836,0.07525230766671788,2001,1
rescuenet,BtNorthAmerica-r1,BtNorthAmerica,B2,24,40,24,0.6,63,63,1.0,15.624981169171178,183.55052529399836,0.07525230766671788,2001,1
rescuenet,BtNorthAmerica-r1,BtNorthAmerica,B2,25,40,23,0.575,63,63,1.0,16.192490739272024,183.55052529399836,0.07525230766671788,2001,1
rescuenet,BtNorthAmerica-r1,BtNorthAmerica,B2,26,40,24,0.6,63,63,1.0,15.483701028964596,183.55052529399836,0.07525230766671788,2001,1
rescuenet,BtNorthAmerica-r1,BtNorthAmerica,B2,27,40,23,0.575,63,63,1.0,15.932322180370422,183.55052529399836,0.07525230766671788,2001,1
rescuenet,BtNorthAmerica-r1,BtNorthAmerica,B2,28,40,23,0.575,63,63,1.0,15.804887699420313,183.55052529399836,0.07525230766671788,2001,1
rescuenet,BtNorthAmerica-r1,BtNorthAmerica,B2,29,40,24,0.6,63,63,1.0,15.522398075216868,183.55052529399836,0.07525230766671788,2001,1
rescuenet,BtNorthAmerica-r1,BtNorthAmerica,P,0,40,26,0.65,63,63,1.0,13.774548162507097,219.60470970199822,0.06595141366657724,2001,4
rescuenet,BtNorthAmerica-r1,BtNorthAmerica,P,1,40,25,0.625,63,63,1.0,14.548502035882652,219.60470970199822,0.06595141366657724,2001,4
rescuenet,BtNorthAmerica-r1,BtNorthAmerica,P,2,40,23,0.575,63,63,1.0,14.435417178644016,219.60470970199822,0.06595141366657724,2001,4
rescuenet,BtNorthAmerica-r1,BtNorthAmerica,P,3,40,23,0.575,63,63,1.0,15.304202667635046,219.60470970199822,0.06595141366657724,2001,4
rescuenet,BtNorthAmerica-r1,BtNorthAmerica,P,4,40,23,0.575,63,63,1.0,15.102110643825851,219.60470970199822,0.06595141366657724,2001,4
rescuenet,BtNorthAmerica-r1,BtNorthAmerica,P,5,40,26,0.65,63,63,1.0,13.883180338880171,219.60470970199822,0.06595141366657724,2001,4
rescuenet,BtNorthAmerica-r1,BtNorthAmerica,P,6,40,24,0.6,63,63,1.0,15.282915650106037,219.60470970199822,0.06595141366657724,2001,4
rescuenet,BtNorthAmerica-r1,BtNorthAmerica,P,7,40,23,0.575,63,63,1.0,16.212349156050802,219.60470970199822,0.06595141366657724,2001,4
rescuenet,BtNorthAmerica-r1,BtNorthAmerica,P,8,40,23,0.575,63,63,1.0,15.261989906413081,219.60470970199822,0.06595141366657724,2001,4
rescuenet,BtNorthAmerica-r1,BtNorthAmerica,P,9,40,24,0.6,63,63,1.0,14.761248276070713,219.60470970199822,0.06595141366657724,2001,4
rescuenet,BtNorthAmerica-r1,BtNorthAmerica,P,10,40,24,0.6,63,63,1.0,14.71244023415542,219.60470970199822,0.06595141366657724,2001,4
rescuenet,BtNorthAmerica-r1,BtNorthAmerica,P,11,40,24,0.6,63,63,1.0,15.114687025990577,219.60470970199822,0.06595141366657724,2001,4
rescuenet,BtNorthAmerica-r1,BtNorthAmerica,P,12,40,26,0.65,63,63,1.0,13.92280953965064,219.60470970199822,0.06595141366657724,2001,4
rescuenet,BtNorthAmerica-r1,BtNorthAmerica,P,13,40,24,0.6,63,63,1.0,15.235925650237489,219.60470970199822,0.06595141366657724,2001,4
rescuenet,BtNorthAmerica-r1,BtNorthAmerica,P,14,40,24,0.6,63,63,1.0,14.91116099358214,219.60470970199822,0.06595141366657724,2001,4
rescuenet,BtNorthAmerica-r1,BtNorthAmerica,P,15,40,24,0.6,63,63,1.0,14.639050047752756,219.60470970199822,0.06595141366657724,2001,4
rescuenet,BtNorthAmerica-r1,BtNorthAmerica,P,16,40,25,0.625,63,63,1.0,14.009844059295864,219.60470970199822,0.06595141366657724,2001,4
rescuenet,BtNorthAmerica-r1,BtNorthAmerica,P,17,40,25,0.625,63,63,1.0,14.655581843250044,219.60470970199822,0.06595141366657724,2001,4
rescuenet,BtNorthAmerica-r1,BtNorthAmerica,P,18,40,24,0.6,63,63,1.0,14.13943836008022,219.60470970199822,0.06595141366657724,2001,4
rescuenet,BtNorthAmerica-r1,BtNorthAmerica,P,19,40,24,0.6,63,63,1.0,14.999172415892009,219.60470970199822,0.06595141366657724,2001,4
rescuenet,BtNorthAmerica-r1,BtNorthAmerica,P,20,40,24,0.6,63,63,1.0,14.772041948784095,219.60470970199822,0.06595141366657724,2001,4
rescuenet,BtNorthAmerica-r1,BtNorthAmerica,P,21,40,23,0.575,63,63,1.0,16.127360846829745,219.60470970199822,0.06595141366657724,2001,4
rescuenet,BtNorthAmerica-r1,BtNorthAmerica,P,22,40,24,0.6,63,63,1.0,13.917345783546107,219.60470970199822,0.06595141366657724,2001,4
rescuenet,BtNorthAmerica-r1,BtNorthAmerica,P,23,40,22,0.55,63,63,1.0,14.534160971475924,219.60470970199822,0.06595141366657724,2001,4
rescuenet,BtNorthAmerica-r1,BtNorthAmerica,P,24,40,24,0.6,63,63,1.0,15.033245164136416,219.60470970199822,0.06595141366657724,2001,4
rescuenet,BtNorthAmerica-r1,BtNorthAmerica,P,25,40,24,0.6,63,63,1.0,15.13199069500479,219.60470970199822,0.06595141366657724,2001,4
rescuenet,BtNorthAmerica-r1,BtNorthAmerica,P,26,40,24,0.6,63,63,1.0,15.180517928305832,219.60470970199822,0.06595141366657724,2001,4
rescuenet,BtNorthAmerica-r1,BtNorthAmerica,P,27,40,23,0.575,63,63,1.0,15.328953162015251,219.60470970199822,0.06595141366657724,2001,4
rescuenet,BtNorthAmerica-r1,BtNorthAmerica,P,28,40,25,0.625,63,63,1.0,14.73447546617486,219.60470970199822,0.06595141366657724,2001,4
rescuenet,BtNorthAmerica-r1,BtNorthAmerica,P,29,40,23,0.575,63,63,1.0,15.022745381859758,219.60470970199822,0.06595141366657724,2001,4
rescuenet,BtNorthAmerica-r1,BtNorthAmerica,TRAN,0,40,22,0.55,63,63,1.0,17.088773249086472,286.21869437100395,0.06676920326669157,1,0
rescuenet,BtNorthAmerica-r1,BtNorthAmerica,TRAN,1,40,21,0.525,63,63,1.0,18.330420410028744,286.21869437100395,0.06676920326669157,1,0
rescuenet,BtNorthAmerica-r1,BtNorthAmerica,TRAN,2,40,21,0.525,63,63,1.0,17.201724360178194,286.21869437100395,0.06676920326669157,1,0
rescuenet,BtNorthAmerica-r1,BtNorthAmerica,TRAN,3,40,21,0.525,63,63,1.0,17.727470331423362,286.21869437100395,0.06676920326669157,1,0
rescuenet,BtNorthAmerica-r1,BtNorthAmerica,TRAN,4,40,22,0.55,63,63,1.0,17.455562325876617,286.21869437100395,0.06676920326669157,1,0
rescuenet,BtNorthAmerica-r1,BtNorthAmerica,TRAN,5,40,22,0.55,63,63,1.0,17.698631196334876,286.21869437100395,0.06676920326669157,1,0
rescuenet,BtNorthAmerica-r1,BtNorthAmerica,TRAN,6,40,22,0.55,63,63,1.0,17.315603039065305,286.21869437100395,0.06676920326669157,1,0
rescuenet,BtNorthAmerica-r1,BtNorthAmerica,TRAN,7,40,22,0.55,63,63,1.0,17.15119339449134,286.21869437100395,0.06676920326669157,1,0
rescuenet,BtNorthAmerica-r1,BtNorthAmerica,TRAN,8,40,22,0.55,63,63,1.0,17.267456032097694,286.21869437100395,0.06676920326669157,1,0
rescuenet,BtNorthAmerica-r1,BtNorthAmerica,TRAN,9,40,21,0.525,63,63,1.0,17.868154918704928,286.21869437100395,0.06676920326669157,1,0
rescuenet,BtNorthAmerica-r1,BtNorthAmerica,TRAN,10,40,22,0.55,63,63,1.0,17.570942591408784,286.21869437100395,0.06676920326669157,1,0
rescuenet,BtNorthAmerica-r1,BtNorthAmerica,TRAN,11,40,21,0.525,63,63,1.0,17.861271879347676,286.21869437100395,0.06676920326669157,1,0
rescuenet,BtNorthAmerica-r1,BtNorthAmerica,TRAN,12,40,22,0.55,63,63,1.0,17.100462836617442,286.21869437100395,0.06676920326669157,1,0
rescuenet,BtNorthAmerica-r1,BtNorthAmerica,TRAN,13,40,21,0.525,63,63,1.0,18.226872644490022,286.21869437100395,0.06676920326669157,1,0
rescuenet,BtNorthAmerica-r1,BtNorthAmerica,TRAN,14,40,22,0.55,63,63,1.0,17.20216633618501,286.21869437100395,0.06676920326669157,1,0
rescuenet,BtNorthAmerica-r1,BtNorthAmerica,TRAN,15,40,22,0.55,63,63,1.0,17.408238436502383,286.21869437100395,0.06676920326669157,1,0
rescuenet,BtNorthAmerica-r1,BtNorthAmerica,TRAN,16,40,21,0.525,63,63,1.0,17.055719149990125,286.21869437100395,0.06676920326669157,1,0
rescuenet,BtNorthAmerica-r1,BtNorthAmerica,TRAN,17,40,22,0.55,63,63,1.0,17.79434022850465,286.21869437100395,0.06676920326669157,1,0
rescuenet,BtNorthAmerica-r1,BtNorthAmerica,TRAN,18,40,21,0.525,63,63,1.0,16.423429729909383,286.21869437100395,0.06676920326669157,1,0
rescuenet,BtNorthAmerica-r1,BtNorthAmerica,TRAN,19,40,21,0.525,63,63,1.0,17.71084940588414,286.21869437100395,0.06676920326669157,1,0
rescuenet,BtNorthAmerica-r1,BtNorthAmerica,TRAN,20,40,22,0.55,63,63,1.0,17.216264894927626,286.21869437100395,0.06676920326669157,1,0
rescuenet,BtNorthAmerica-r1,BtNorthAmerica,TRAN,21,40,22,0.55,63,63,1.0,17.637826661318048,286.21869437100395,0.06676920326669157,1,0
rescuenet,BtNorthAmerica-r1,BtNorthAmerica,TRAN,22,40,22,0.55,63,63,1.0,17.3304706836331,286.21869437100395,0.06676920326669157,1,0
rescuenet,BtNorthAmerica-r1,BtNorthAmerica,TRAN,23,40,22,0.55,63,63,1.0,17.52588620788139,286.21869437100395,0.06676920326669157,1,0
rescuenet,BtNorthAmerica-r1,BtNorthAmerica,TRAN,24,40,21,0.525,63,63,1.0,16.835238602336567,286.21869437100395,0.06676920326669157,1,0
rescuenet,BtNorthAmerica-r1,BtNorthAmerica,TRAN,25,40,22,0.55,63,63,1.0,17.216962665371316,286.21869437100395,0.06676920326669157,1,0
rescuenet,BtNorthAmerica-r1,BtNorthAmerica,TRAN,26,40,22,0.55,63,63,1.0,17.242215461949595,286.21869437100395,0.06676920326669157,1,0
rescuenet,BtNorthAmerica-r1,BtNorthAmerica,TRAN,27,40,21,0.525,63,63,1.0,17.305706904982973,286.21869437100395,0.06676920326669157,1,0
rescuenet,BtNorthAmerica-r1,BtNorthAmerica,TRAN,28,40,22,0.55,63,63,1.0,17.629361044045496,286.21869437100395,0.06676920326669157,1,0
rescuenet,BtNorthAmerica-r1,BtNorthAmerica,TRAN,29,40,22,0.55,63,63,1.0,17.08323215836046,286.21869437100395,0.06676920326669157,1,0
rescuenet,BtNorthAmerica-r2,BtNorthAmerica,B0,0,40,15,0.375,63,28,0.4444444444444444,23.21675359737883,0.00017389400454703718,0.05784481789984663,1,0
rescuenet,BtNorthAmerica-r2,BtNorthAmerica,B0,1,40,15,0.375,63,28,0.4444444444444444,23.21675359737883,0.00017389400454703718,0.05784481789984663,1,0
rescuenet,BtNorthAmerica-r2,BtNorthAmerica,B0,2,40,15,0.375,63,28,0.4444444444444444,23.21675359737883,0.00017389400454703718,0.05784481789984663,1,0
rescuenet,BtNorthAmerica-r2,BtNorthAmerica,B0,3,40,15,0.375,63,28,0.4444444444444444,23.21675359737883,0.00017389400454703718,0.05784481789984663,1,0
rescuenet,BtNorthAmerica-r2,BtNorthAmerica,B0,4,40,15,0.375,63,28,0.4444444444444444,23.21675359737883,0.00017389400454703718,0.05784481789984663,1,0
rescuenet,BtNorthAmerica-r2,BtNorthAmerica,B0,5,40,15,0.375,63,28,0.4444444444444444,23.21675359737883,0.00017389400454703718,0.05784481789984663,1,0
rescuenet,BtNorthAmerica-r2,BtNorthAmerica,B0,6,40,15,0.375,63,28,0.4444444444444444,23.21675359737883,0.00017389400454703718,0.05784481789984663,1,0
rescuenet,BtNorthAmerica-r2,BtNorthAmerica,B0,7,40,15,0.375,63,28,0.4444444444444444,23.21675359737883,0.00017389400454703718,0.05784481789984663,1,0
rescuenet,BtNorthAmerica-r2,BtNorthAmerica,B0,8,40,15,0.375,63,28,0.4444444444444444,23.21675359737883,0.00017389400454703718,0.05784481789984663,1,0
rescuenet,BtNorthAmerica-r2,BtNorthAmerica,B0,9,40,15,0.375,63,28,0.4444444444444444,23.21675359737883,0.00017389400454703718,0.05784481789984663,1,0
rescuenet,BtNorthAmerica-r2,BtNorthAmerica,B0,10,40,15,0.375,63,28,0.4444444444444444,23.21675359737883,0.00017389400454703718,0.05784481789984663,1,0
rescuenet,BtNorthAmerica-r2,BtNorthAmerica,B0,11,40,15,0.375,63,28,0.4444444444444444,23.21675359737883,0.00017389400454703718,0.05784481789984663,1,0
rescuenet,BtNorthAmerica-r2,BtNorthAmerica,B0,12,40,15,0.375,63,28,0.4444444444444444,23.21675359737883,0.00017389400454703718,0.05784481789984663,1,0
rescuenet,BtNorthAmerica-r2,BtNorthAmerica,B0,13,40,15,0.375,63,28,0.4444444444444444,23.21675359737883,0.00017389400454703718,0.05784481789984663,1,0
rescuenet,BtNorthAmerica-r2,BtNorthAmerica,B0,14,40,15,0.375,63,28,0.4444444444444444,23.21675359737883,0.00017389400454703718,0.05784481789984663,1,0
rescuenet,BtNorthAmerica-r2,BtNorthAmerica,B0,15,40,15,0.375,63,28,0.4444444444444444,23.21675359737883,0.00017389400454703718,0.05784481789984663,1,0
rescuenet,BtNorthAmerica-r2,BtNorthAmerica,B0,16,40,15,0.375,63,28,0.4444444444444444,23.21675359737883,0.00017389400454703718,0.05784481789984663,1,0
rescuenet,BtNorthAmerica-r2,BtNorthAmerica,B0,17,40,15,0.375,63,28,0.4444444444444444,23.21675359737883,0.00017389400454703718,0.05784481789984663,1,0
rescuenet,BtNorthAmerica-r2,BtNorthAmerica,B0,18,40,15,0.375,63,28,0.4444444444444444,23.21675359737883,0.00017389400454703718,0.05784481789984663,1,0
rescuenet,BtNorthAmerica-r2,BtNorthAmerica,B0,19,40,15,0.375,63,28,0.4444444444444444,23.21675359737883,0.00017389400454703718,0.05784481789984663,1,0
rescuenet,BtNorthAmerica-r2,BtNorthAmerica,B0,20,40,15,0.375,63,28,0.4444444444444444,23.21675359737883,0.00017389400454703718,0.05784481789984663,1,0
rescuenet,BtNorthAmerica-r2,BtNorthAmerica,B0,21,40,15,0.375,63,28,0.4444444444444444,23.21675359737883,0.00017389400454703718,0.05784481789984663,1,0
rescuenet,BtNorthAmerica-r2,BtNorthAmerica,B0,22,40,15,0.375,63,28,0.4444444444444444,23.21675359737883,0.00017389400454703718,0.05784481789984663,1,0
rescuenet,BtNorthAmerica-r2,BtNorthAmerica,B0,23,40,15,0.375,63,28,0.4444444444444444,23.21675359737883,0.00017389400454703718,0.05784481789984663,1,0
rescuenet,BtNorthAmerica-r2,BtNorthAmerica,B0,24,40,15,0.375,63,28,0.4444444444444444,23.21675359737883,0.00017389400454703718,0.05784481789984663,1,0
rescuenet,BtNorthAmerica-r2,BtNorthAmerica,B0,25,40,15,0.375,63,28,0.4444444444444444,23.21675359737883,0.00017389400454703718,0.05784481789984663,1,0
rescuenet,BtNorthAmerica-r2,BtNorthAmerica,B0,26,40,15,0.375,63,28,0.4444444444444444,23.21675359737883,0.00017389400454703718,0.05784481789984663,1,0
rescuenet,BtNorthAmerica-r2,BtNorthAmerica,B0,27,40,15,0.375,63,28,0.4444444444444444,23.21675359737883,0.00017389400454703718,0.05784481789984663,1,0
rescuenet,BtNorthAmerica-r2,BtNorthAmerica,B0,28,40,15,0.375,63,28,0.4444444444444444,23.21675359737883,0.00017389400454703718,0.05784481789984663,1,0
rescuenet,BtNorthAmerica-r2,BtNorthAmerica,B0,29,40,15,0.375,63,28,0.4444444444444444,23.21675359737883,0.00017389400454703718,0.05784481789984663,1,0
rescuenet,BtNorthAmerica-r2,BtNorthAmerica,B1,0,40,17,0.425,63,63,1.0,21.441468796376714,0.2586597299959976,0.052151620033449336,1,0
rescuenet,BtNorthAmerica-r2,BtNorthAmerica,B1,1,40,17,0.425,63,63,1.0,21.86208845226724,0.2586597299959976,0.052151620033449336,1,0
rescuenet,BtNorthAmerica-r2,BtNorthAmerica,B1,2,40,18,0.45,63,63,1.0,20.25251923287412,0.2586597299959976,0.052151620033449336,1,0
rescuenet,BtNorthAmerica-r2,BtNorthAmerica,B1,3,40,18,0.45,63,63,1.0,20.985849826459383,0.2586597299959976,0.052151620033449336,1,0
rescuenet,BtNorthAmerica-r2,BtNorthAmerica,B1,4,40,19,0.475,63,63,1.0,20.37090537067527,0.2586597299959976,0.052151620033449336,1,0
rescuenet,BtNorthAmerica-r2,BtNorthAmerica,B1,5,40,18,0.45,63,63,1.0,21.45776780865412,0.2586597299959976,0.052151620033449336,1,0
rescuenet,BtNorthAmerica-r2,BtNorthAmerica,B1,6,40,18,0.45,63,63,1.0,20.791668535407705,0.2586597299959976,0.052151620033449336,1,0
rescuenet,BtNorthAmerica-r2,BtNorthAmerica,B1,7,40,17,0.425,63,63,1.0,21.241327152358743,0.2586597299959976,0.052151620033449336,1,0
rescuenet,BtNorthAmerica-r2,BtNorthAmerica,B1,8,40,18,0.45,63,63,1.0,20.271912781629503,0.2586597299959976,0.052151620033449336,1,0
rescuenet,BtNorthAmerica-r2,BtNorthAmerica,B1,9,40,19,0.475,63,63,1.0,20.60146412421621,0.2586597299959976,0.052151620033449336,1,0
rescuenet,BtNorthAmerica-r2,BtNorthAmerica,B1,10,40,18,0.45,63,63,1.0,21.01741818682228,0.2586597299959976,0.052151620033449336,1,0
rescuenet,BtNorthAmerica-r2,BtNorthAmerica,B1,11,40,19,0.475,63,63,1.0,19.938490588816336,0.2586597299959976,0.052151620033449336,1,0
rescuenet,BtNorthAmerica-r2,BtNorthAmerica,B1,12,40,19,0.475,63,63,1.0,19.728872147311456,0.2586597299959976,0.052151620033449336,1,0
rescuenet,BtNorthAmerica-r2,BtNorthAmerica,B1,13,40,17,0.425,63,63,1.0,21.767062577056198,0.2586597299959976,0.052151620033449336,1,0
rescuenet,BtNorthAmerica-r2,BtNorthAmerica,B1,14,40,17,0.425,63,63,1.0,20.485710880563378,0.2586597299959976,0.052151620033449336,1,0
rescuenet,BtNorthAmerica-r2,BtNorthAmerica,B1,15,40,18,0.45,63,63,1.0,21.2342379164279,0.2586597299959976,0.052151620033449336,1,0
rescuenet,BtNorthAmerica-r2,BtNorthAmerica,B1,16,40,18,0.45,63,63,1.0,19.78343923181687,0.2586597299959976,0.052151620033449336,1,0
rescuenet,BtNorthAmerica-r2,BtNorthAmerica,B1,17,40,20,0.5,63,63,1.0,19.62742803991355,0.2586597299959976,0.052151620033449336,1,0
rescuenet,BtNorthAmerica-r2,BtNorthAmerica,B1,18,40,19,0.475,63,63,1.0,20.141773321464214,0.2586597299959976,0.052151620033449336,1,0
rescuenet,BtNorthAmerica-r2,BtNorthAmerica,B1,19,40,19,0.475,63,63,1.0,19.831409259421704,0.2586597299959976,0.052151620033449336,1,0
rescuenet,BtNorthAmerica-r2,BtNorthAmerica,B1,20,40,20,0.5,63,63,1.0,19.79476211172367,0.2586597299959976,0.052151620033449336,1,0
rescuenet,BtNorthAmerica-r2,BtNorthAmerica,B1,21,40,18,0.45,63,63,1.0,20.43464504734945,0.2586597299959976,0.052151620033449336,1,0
rescuenet,BtNorthAmerica-r2,BtNorthAmerica,B1,22,40,18,0.45,63,63,1.0,19.917444731189583,0.2586597299959976,0.052151620033449336,1,0
rescuenet,BtNorthAmerica-r2,BtNorthAmerica,B1,23,40,19,0.475,63,63,1.0,20.793301687643083,0.2586597299959976,0.052151620033449336,1,0
rescuenet,BtNorthAmerica-r2,BtNorthAmerica,B1,24,40,18,0.45,63,63,1.0,21.07862655318823,0.2586597299959976,0.052151620033449336,1,0
rescuenet,BtNorthAmerica-r2,BtNorthAmerica,B1,25,40,17,0.425,63,63,1.0,20.090830317607438,0.2586597299959976,0.052151620033449336,1,0
rescuenet,BtNorthAmerica-r2,BtNorthAmerica,B1,26,40,19,0.475,63,63,1.0,20.577314304851818,0.2586597299959976,0.052151620033449336,1,0
rescuenet,BtNorthAmerica-r2,BtNorthAmerica,B1,27,40,18,0.45,63,63,1.0,20.56087513256596,0.2586597299959976,0.052151620033449336,1,0
rescuenet,BtNorthAmerica-r2,BtNorthAmerica,B1,28,40,18,0.45,63,63,1.0,20.5767707893609,0.2586597299959976,0.052151620033449336,1,0
rescuenet,BtNorthAmerica-r2,BtNorthAmerica,B1,29,40,19,0.475,63,63,1.0,19.572334059483186,0.2586597299959976,0.052151620033449336,1,0
rescuenet,BtNorthAmerica-r2,BtNorthAmerica,B2,0,40,18,0.45,63,63,1.0,16.87359760992481,238.568028968999,0.07641055226655832,2001,9
rescuenet,BtNorthAmerica-r2,BtNorthAmerica,B2,1,40,19,0.475,63,63,1.0,18.478669834261023,238.568028968999,0.07641055226655832,2001,9
rescuenet,BtNorthAmerica-r2,BtNorthAmerica,B2,2,40,21,0.525,63,63,1.0,15.825589812818778,238.568028968999,0.07641055226655832,2001,9
rescuenet,BtNorthAmerica-r2,BtNorthAmerica,B2,3,40,17,0.425,63,63,1.0,19.841257435245293,238.568028968999,0.07641055226655832,2001,9
rescuenet,BtNorthAmerica-r2,BtNorthAmerica,B2,4,40,18,0.45,63,63,1.0,19.006050027449646,238.568028968999,0.07641055226655832,2001,9
rescuenet,BtNorthAmerica-r2,BtNorthAmerica,B2,5,40,16,0.4,63,63,1.0,18.094815805001215,238.568028968999,0.07641055226655832,2001,9
rescuenet,BtNorthAmerica-r2,BtNorthAmerica,B2,6,40,18,0.45,63,63,1.0,19.100943076669278,238.568028968999,0.07641055226655832,2001,9
rescuenet,BtNorthAmerica-r2,BtNorthAmerica,B2,7,40,21,0.525,63,63,1.0,17.15360779879905,238.568028968999,0.07641055226655832,2001,9
rescuenet,BtNorthAmerica-r2,BtNorthAmerica,B2,8,40,19,0.475,63,63,1.0,17.26289307062234,238.568028968999,0.07641055226655832,2001,9
rescuenet,BtNorthAmerica-r2,BtNorthAmerica,B2,9,40,17,0.425,63,63,1.0,18.764229476842843,238.568028968999,0.07641055226655832,2001,9
rescuenet,BtNorthAmerica-r2,BtNorthAmerica,B2,10,40,18,0.45,63,63,1.0,18.891023991279578,238.568028968999,0.07641055226655832,2001,9
rescuenet,BtNorthAmerica-r2,BtNorthAmerica,B2,11,40,18,0.45,63,63,1.0,17.25066717587019,238.568028968999,0.07641055226655832,2001,9
rescuenet,BtNorthAmerica-r2,BtNorthAmerica,B2,12,40,21,0.525,63,63,1.0,16.619638861483736,238.568028968999,0.07641055226655832,2001,9
rescuenet,BtNorthAmerica-r2,BtNorthAmerica,B2,13,40,18,0.45,63,63,1.0,18.609261773610953,238.568028968999,0.07641055226655832,2001,9
rescuenet,BtNorthAmerica-r2,BtNorthAmerica,B2,14,40,18,0.45,63,63,1.0,19.545391131918038,238.568028968999,0.07641055226655832,2001,9
rescuenet,BtNorthAmerica-r2,BtNorthAmerica,B2,15,40,18,0.45,63,63,1.0,18.694012710365627,238.568028968999,0.07641055226655832,2001,9
rescuenet,BtNorthAmerica-r2,BtNorthAmerica,B2,16,40,20,0.5,63,63,1.0,16.921276556131765,238.568028968999,0.07641055226655832,2001,9
rescuenet,BtNorthAmerica-r2,BtNorthAmerica,B2,17,40,18,0.45,63,63,1.0,18.976250852577962,238.568028968999,0.07641055226655832,2001,9
rescuenet,BtNorthAmerica-r2,BtNorthAmerica,B2,18,40,18,0.45,63,63,1.0,17.325439590525555,238.568028968999,0.07641055226655832,2001,9
rescuenet,BtNorthAmerica-r2,BtNorthAmerica,B2,19,40,21,0.525,63,63,1.0,16.47418367001909,238.568028968999,0.07641055226655832,2001,9
rescuenet,BtNorthAmerica-r2,BtNorthAmerica,B2,20,40,16,0.4,63,63,1.0,18.559466664392104,238.568028968999,0.07641055226655832,2001,9
rescuenet,BtNorthAmerica-r2,BtNorthAmerica,B2,21,40,19,0.475,63,63,1.0,17.285884075817663,238.568028968999,0.07641055226655832,2001,9
rescuenet,BtNorthAmerica-r2,BtNorthAmerica,B2,22,40,18,0.45,63,63,1.0,17.955176272770025,238.568028968999,0.07641055226655832,2001,9
rescuenet,BtNorthAmerica-r2,BtNorthAmerica,B2,23,40,20,0.5,63,63,1.0,17.873029335263197,238.568028968999,0.07641055226655832,2001,9
rescuenet,BtNorthAmerica-r2,BtNorthAmerica,B2,24,40,18,0.45,63,63,1.0,18.05164415996676,238.568028968999,0.07641055226655832,2001,9
rescuenet,BtNorthAmerica-r2,BtNorthAmerica,B2,25,40,19,0.475,63,63,1.0,16.870065760183188,238.568028968999,0.07641055226655832,2001,9
rescuenet,BtNorthAmerica-r2,BtNorthAmerica,B2,26,40,19,0.475,63,63,1.0,17.57203883554338,238.568028968999,0.07641055226655832,2001,9
rescuenet,BtNorthAmerica-r2,BtNorthAmerica,B2,27,40,17,0.425,63,63,1.0,17.18323818715031,238.568028968999,0.07641055226655832,2001,9
rescuenet,BtNorthAmerica-r2,BtNorthAmerica,B2,28,40,18,0.45,63,63,1.0,20.010022461187088,238.568028968999,0.07641055226655832,2001,9
rescuenet,BtNorthAmerica-r2,BtNorthAmerica,B2,29,40,19,0.475,63,63,1.0,16.890720393525406,238.568028968999,0.07641055226655832,2001,9
rescuenet,BtNorthAmerica-r2,BtNorthAmerica,P,0,40,18,0.45,63,63,1.0,19.705005518498282,242.32074998399912,0.08163038276688894,2001,10
rescuenet,BtNorthAmerica-r2,BtNorthAmerica,P,1,40,18,0.45,63,63,1.0,19.721669994304676,242.32074998399912,0.08163038276688894,2001,10
rescuenet,BtNorthAmerica-r2,BtNorthAmerica,P,2,40,16,0.4,63,63,1.0,19.27897496621438,242.32074998399912,0.08163038276688894,2001,10
rescuenet,BtNorthAmerica-r2,BtNorthAmerica,P,3,40,17,0.425,63,63,1.0,20.815829672527183,242.32074998399912,0.08163038276688894,2001,10
rescuenet,BtNorthAmerica-r2,BtNorthAmerica,P,4,40,20,0.5,63,63,1.0,18.121411082974404,242.32074998399912,0.08163038276688894,2001,10
rescuenet,BtNorthAmerica-r2,BtNorthAmerica,P,5,40,16,0.4,63,63,1.0,18.96668813534262,242.32074998399912,0.08163038276688894,2001,10
rescuenet,BtNorthAmerica-r2,BtNorthAmerica,P,6,40,17,0.425,63,63,1.0,20.296580284949098,242.32074998399912,0.08163038276688894,2001,10
rescuenet,BtNorthAmerica-r2,BtNorthAmerica,P,7,40,19,0.475,63,63,1.0,18.906738326258537,242.32074998399912,0.08163038276688894,2001,10
rescuenet,BtNorthAmerica-r2,BtNorthAmerica,P,8,40,18,0.45,63,63,1.0,18.579647012610994,242.32074998399912,0.08163038276688894,2001,10
rescuenet,BtNorthAmerica-r2,BtNorthAmerica,P,9,40,18,0.45,63,63,1.0,19.70441454484348,242.32074998399912,0.08163038276688894,2001,10
rescuenet,BtNorthAmerica-r2,BtNorthAmerica,P,10,40,18,0.45,63,63,1.0,18.515479077079995,242.32074998399912,0.08163038276688894,2001,10
rescuenet,BtNorthAmerica-r2,BtNorthAmerica,P,11,40,18,0.45,63,63,1.0,17.663261341725338,242.32074998399912,0.08163038276688894,2001,10
rescuenet,BtNorthAmerica-r2,BtNorthAmerica,P,12,40,17,0.425,63,63,1.0,18.05265116417224,242.32074998399912,0.08163038276688894,2001,10
rescuenet,BtNorthAmerica-r2,BtNorthAmerica,P,13,40,16,0.4,63,63,1.0,19.34148655234289,242.32074998399912,0.08163038276688894,2001,10
rescuenet,BtNorthAmerica-r2,BtNorthAmerica,P,14,40,18,0.45,63,63,1.0,18.831436432106774,242.32074998399912,0.08163038276688894,2001,10
rescuenet,BtNorthAmerica-r2,BtNorthAmerica,P,15,40,15,0.375,63,63,1.0,21.494326956822494,242.32074998399912,0.08163038276688894,2001,10
rescuenet,BtNorthAmerica-r2,BtNorthAmerica,P,16,40,17,0.425,63,63,1.0,19.19677301303662,242.32074998399912,0.08163038276688894,2001,10
rescuenet,BtNorthAmerica-r2,BtNorthAmerica,P,17,40,18,0.45,63,63,1.0,19.4316296651201,242.32074998399912,0.08163038276688894,2001,10
rescuenet,BtNorthAmerica-r2,BtNorthAmerica,P,18,40,19,0.475,63,63,1.0,19.42453643145552,242.32074998399912,0.08163038276688894,2001,10
rescuenet,BtNorthAmerica-r2,BtNorthAmerica,P,19,40,19,0.475,63,63,1.0,17.29155450769506,242.32074998399912,0.08163038276688894,2001,10
rescuenet,BtNorthAmerica-r2,BtNorthAmerica,P,20,40,16,0.4,63,63,1.0,20.16651294963925,242.32074998399912,0.08163038276688894,2001,10
rescuenet,BtNorthAmerica-r2,BtNorthAmerica,P,21,40,16,0.4,63,63,1.0,19.4022815465416,242.32074998399912,0.08163038276688894,2001,10
rescuenet,BtNorthAmerica-r2,BtNorthAmerica,P,22,40,17,0.425,63,63,1.0,20.37785060015837,242.32074998399912,0.08163038276688894,2001,10
rescuenet,BtNorthAmerica-r2,BtNorthAmerica,P,23,40,14,0.35,63,63,1.0,20.32425913032334,242.32074998399912,0.08163038276688894,2001,10
rescuenet,BtNorthAmerica-r2,BtNorthAmerica,P,24,40,17,0.425,63,63,1.0,18.90955335672532,242.32074998399912,0.08163038276688894,2001,10
rescuenet,BtNorthAmerica-r2,BtNorthAmerica,P,25,40,15,0.375,63,63,1.0,20.956769462974687,242.32074998399912,0.08163038276688894,2001,10
rescuenet,BtNorthAmerica-r2,BtNorthAmerica,P,26,40,19,0.475,63,63,1.0,18.7126386147785,242.32074998399912,0.08163038276688894,2001,10
rescuenet,BtNorthAmerica-r2,BtNorthAmerica,P,27,40,16,0.4,63,63,1.0,19.147051738585038,242.32074998399912,0.08163038276688894,2001,10
rescuenet,BtNorthAmerica-r2,BtNorthAmerica,P,28,40,16,0.4,63,63,1.0,21.545597386152327,242.32074998399912,0.08163038276688894,2001,10
rescuenet,BtNorthAmerica-r2,BtNorthAmerica,P,29,40,19,0.475,63,63,1.0,18.050465449773295,242.32074998399912,0.08163038276688894,2001,10
rescuenet,BtNorthAmerica-r2,BtNorthAmerica,TRAN,0,40,19,0.475,63,63,1.0,20.384123417872402,115.31514489999972,0.08001869523335094,1,0
rescuenet,BtNorthAmerica-r2,BtNorthAmerica,TRAN,1,40,20,0.5,63,63,1.0,18.24269672160025,115.31514489999972,0.08001869523335094,1,0
rescuenet,BtNorthAmerica-r2,BtNorthAmerica,TRAN,2,40,18,0.45,63,63,1.0,19.707287761659984,115.31514489999972,0.08001869523335094,1,0
rescuenet,BtNorthAmerica-r2,BtNorthAmerica,TRAN,3,40,18,0.45,63,63,1.0,19.688515616270305,115.31514489999972,0.08001869523335094,1,0
rescuenet,BtNorthAmerica-r2,BtNorthAmerica,TRAN,4,40,18,0.45,63,63,1.0,19.932786637696026,115.31514489999972,0.08001869523335094,1,0
rescuenet,BtNorthAmerica-r2,BtNorthAmerica,TRAN,5,40,18,0.45,63,63,1.0,20.143699866830456,115.31514489999972,0.08001869523335094,1,0
rescuenet,BtNorthAmerica-r2,BtNorthAmerica,TRAN,6,40,20,0.5,63,63,1.0,19.193670482176547,115.31514489999972,0.08001869523335094,1,0
rescuenet,BtNorthAmerica-r2,BtNorthAmerica,TRAN,7,40,19,0.475,63,63,1.0,19.62185272672377,115.31514489999972,0.08001869523335094,1,0
rescuenet,BtNorthAmerica-r2,BtNorthAmerica,TRAN,8,40,19,0.475,63,63,1.0,19.53511951716819,115.31514489999972,0.08001869523335094,1,0
rescuenet,BtNorthAmerica-r2,BtNorthAmerica,TRAN,9,40,19,0.475,63,63,1.0,19.043503844442277,115.31514489999972,0.08001869523335094,1,0
rescuenet,BtNorthAmerica-r2,BtNorthAmerica,TRAN,10,40,18,0.45,63,63,1.0,20.291886705084206,115.31514489999972,0.08001869523335094,1,0
rescuenet,BtNorthAmerica-r2,BtNorthAmerica,TRAN,11,40,19,0.475,63,63,1.0,19.046351663976388,115.31514489999972,0.08001869523335094,1,0
rescuenet,BtNorthAmerica-r2,BtNorthAmerica,TRAN,12,40,18,0.45,63,63,1.0,19.956898754412574,115.31514489999972,0.08001869523335094,1,0
rescuenet,BtNorthAmerica-r2,BtNorthAmerica,TRAN,13,40,18,0.45,63,63,1.0,20.59126594908187,115.31514489999972,0.08001869523335094,1,0
rescuenet,BtNorthAmerica-r2,BtNorthAmerica,TRAN,14,40,19,0.475,63,63,1.0,20.41592289430575,115.31514489999972,0.08001869523335094,1,0
rescuenet,BtNorthAmerica-r2,BtNorthAmerica,TRAN,15,40,18,0.45,63,63,1.0,20.312425915378956,115.31514489999972,0.08001869523335094,1,0
rescuenet,BtNorthAmerica-r2,BtNorthAmerica,TRAN,16,40,18,0.45,63,63,1.0,19.709205641929863,115.31514489999972,0.08001869523335094,1,0
rescuenet,BtNorthAmerica-r2,BtNorthAmerica,TRAN,17,40,19,0.475,63,63,1.0,19.577591767097303,115.31514489999972,0.08001869523335094,1,0
rescuenet,BtNorthAmerica-r2,BtNorthAmerica,TRAN,18,40,19,0.475,63,63,1.0,18.63457602724654,115.31514489999972,0.08001869523335094,1,0
rescuenet,BtNorthAmerica-r2,BtNorthAmerica,TRAN,19,40,17,0.425,63,63,1.0,20.609729164006,115.31514489999972,0.08001869523335094,1,0
rescuenet,BtNorthAmerica-r2,BtNorthAmerica,TRAN,20,40,18,0.45,63,63,1.0,20.559470416034916,115.31514489999972,0.08001869523335094,1,0
rescuenet,BtNorthAmerica-r2,BtNorthAmerica,TRAN,21,40,19,0.475,63,63,1.0,18.995493834943062,115.31514489999972,0.08001869523335094,1,0
rescuenet,BtNorthAmerica-r2,BtNorthAmerica,TRAN,22,40,19,0.475,63,63,1.0,20.035353540172906,115.31514489999972,0.08001869523335094,1,0
rescuenet,BtNorthAmerica-r2,BtNorthAmerica,TRAN,23,40,19,0.475,63,63,1.0,19.857992570079112,115.31514489999972,0.08001869523335094,1,0
rescuenet,BtNorthAmerica-r2,BtNorthAmerica,TRAN,24,40,19,0.475,63,63,1.0,18.69497880968985,115.31514489999972,0.08001869523335094,1,0
rescuenet,BtNorthAmerica-r2,BtNorthAmerica,TRAN,25,40,20,0.5,63,63,1.0,18.49222577704914,115.31514489999972,0.08001869523335094,1,0
rescuenet,BtNorthAmerica-r2,BtNorthAmerica,TRAN,26,40,20,0.5,63,63,1.0,18.496456945470573,115.31514489999972,0.08001869523335094,1,0
rescuenet,BtNorthAmerica-r2,BtNorthAmerica,TRAN,27,40,19,0.475,63,63,1.0,19.56235946771629,115.31514489999972,0.08001869523335094,1,0
rescuenet,BtNorthAmerica-r2,BtNorthAmerica,TRAN,28,40,18,0.45,63,63,1.0,20.04820642832122,115.31514489999972,0.08001869523335094,1,0
rescuenet,BtNorthAmerica-r2,BtNorthAmerica,TRAN,29,40,19,0.475,63,63,1.0,19.871668222718984,115.31514489999972,0.08001869523335094,1,0
rescuenet,Cesnet200603-r0,Cesnet200603,B0,0,40,11,0.275,63,26,0.4126984126984127,27.710963025216675,0.00011625800107140094,0.04337251423348789,1,0
rescuenet,Cesnet200603-r0,Cesnet200603,B0,1,40,11,0.275,63,26,0.4126984126984127,27.710963025216675,0.00011625800107140094,0.04337251423348789,1,0
rescuenet,Cesnet200603-r0,Cesnet200603,B0,2,40,11,0.275,63,26,0.4126984126984127,27.710963025216675,0.00011625800107140094,0.04337251423348789,1,0
rescuenet,Cesnet200603-r0,Cesnet200603,B0,3,40,11,0.275,63,26,0.4126984126984127,27.710963025216675,0.00011625800107140094,0.04337251423348789,1,0
rescuenet,Cesnet200603-r0,Cesnet200603,B0,4,40,11,0.275,63,26,0.4126984126984127,27.710963025216675,0.00011625800107140094,0.04337251423348789,1,0
rescuenet,Cesnet200603-r0,Cesnet200603,B0,5,40,11,0.275,63,26,0.4126984126984127,27.710963025216675,0.00011625800107140094,0.04337251423348789,1,0
rescuenet,Cesnet200603-r0,Cesnet200603,B0,6,40,11,0.275,63,26,0.4126984126984127,27.710963025216675,0.00011625800107140094,0.04337251423348789,1,0
rescuenet,Cesnet200603-r0,Cesnet200603,B0,7,40,11,0.275,63,26,0.4126984126984127,27.710963025216675,0.00011625800107140094,0.04337251423348789,1,0
rescuenet,Cesnet200603-r0,Cesnet200603,B0,8,40,11,0.275,63,26,0.4126984126984127,27.710963025216675,0.00011625800107140094,0.04337251423348789,1,0
rescuenet,Cesnet200603-r0,Cesnet200603,B0,9,40,11,0.275,63,26,0.4126984126984127,27.710963025216675,0.00011625800107140094,0.04337251423348789,1,0
rescuenet,Cesnet200603-r0,Cesnet200603,B0,10,40,11,0.275,63,26,0.4126984126984127,27.710963025216675,0.00011625800107140094,0.04337251423348789,1,0
rescuenet,Cesnet200603-r0,Cesnet200603,B0,11,40,11,0.275,63,26,0.4126984126984127,27.710963025216675,0.00011625800107140094,0.04337251423348789,1,0
rescuenet,Cesnet200603-r0,Cesnet200603,B0,12,40,11,0.275,63,26,0.4126984126984127,27.710963025216675,0.00011625800107140094,0.04337251423348789,1,0
rescuenet,Cesnet200603-r0,Cesnet200603,B0,13,40,11,0.275,63,26,0.4126984126984127,27.710963025216675,0.00011625800107140094,0.04337251423348789,1,0
rescuenet,Cesnet200603-r0,Cesnet200603,B0,14,40,11,0.275,63,26,0.4126984126984127,27.710963025216675,0.00011625800107140094,0.04337251423348789,1,0
rescuenet,Cesnet200603-r0,Cesnet200603,B0,15,40,11,0.275,63,26,0.4126984126984127,27.710963025216675,0.00011625800107140094,0.04337251423348789,1,0
rescuenet,Cesnet200603-r0,Cesnet200603,B0,16,40,11,0.275,63,26,0.4126984126984127,27.710963025216675,0.00011625800107140094,0.04337251423348789,1,0
rescuenet,Cesnet200603-r0,Cesnet200603,B0,17,40,11,0.275,63,26,0.4126984126984127,27.710963025216675,0.00011625800107140094,0.04337251423348789,1,0
rescuenet,Cesnet200603-r0,Cesnet200603,B0,18,40,11,0.275,63,26,0.4126984126984127,27.710963025216675,0.00011625800107140094,0.04337251423348789,1,0
rescuenet,Cesnet200603-r0,Cesnet200603,B0,19,40,11,0.275,63,26,0.4126984126984127,27.710963025216675,0.00011625800107140094,0.04337251423348789,1,0
rescuenet,Cesnet200603-r0,Cesnet200603,B0,20,40,11,0.275,63,26,0.4126984126984127,27.710963025216675,0.00011625800107140094,0.04337251423348789,1,0
rescuenet,Cesnet200603-r0,Cesnet200603,B0,21,40,11,0.275,63,26,0.4126984126984127,27.710963025216675,0.00011625800107140094,0.04337251423348789,1,0
rescuenet,Cesnet200603-r0,Cesnet200603,B0,22,40,11,0.275,63,26,0.4126984126984127,27.710963025216675,0.00011625800107140094,0.04337251423348789,1,0
rescuenet,Cesnet200603-r0,Cesnet200603,B0,23,40,11,0.275,63,26,0.4126984126984127,27.710963025216675,0.00011625800107140094,0.04337251423348789,1,0
rescuenet,Cesnet200603-r0,Cesnet200603,B0,24,40,11,0.275,63,26,0.4126984126984127,27.710963025216675,0.00011625800107140094,0.04337251423348789,1,0
rescuenet,Cesnet200603-r0,Cesnet200603,B0,25,40,11,0.275,63,26,0.4126984126984127,27.710963025216675,0.00011625800107140094,0.04337251423348789,1,0
rescuenet,Cesnet200603-r0,Cesnet200603,B0,26,40,11,0.275,63,26,0.4126984126984127,27.710963025216675,0.00011625800107140094,0.04337251423348789,1,0
rescuenet,Cesnet200603-r0,Cesnet200603,B0,27,40,11,0.275,63,26,0.4126984126984127,27.710963025216675,0.00011625800107140094,0.04337251423348789,1,0
rescuenet,Cesnet200603-r0,Cesnet200603,B0,28,40,11,0.275,63,26,0.4126984126984127,27.710963025216675,0.00011625800107140094,0.04337251423348789,1,0
rescuenet,Cesnet200603-r0,Cesnet200603,B0,29,40,11,0.275,63,26,0.4126984126984127,27.710963025216675,0.00011625800107140094,0.04337251423348789,1,0
rescuenet,Cesnet200603-r0,Cesnet200603,B1,0,40,15,0.375,63,63,1.0,24.491671475607287,0.12677101800363744,0.051777960833229976,1,0
rescuenet,Cesnet200603-r0,Cesnet200603,B1,1,40,16,0.4,63,63,1.0,22.808517345188214,0.12677101800363744,0.051777960833229976,1,0
rescuenet,Cesnet200603-r0,Cesnet200603,B1,2,40,14,0.35,63,63,1.0,24.076724386834087,0.12677101800363744,0.051777960833229976,1,0
rescuenet,Cesnet200603-r0,Cesnet200603,B1,3,40,15,0.375,63,63,1.0,23.356826100556752,0.12677101800363744,0.051777960833229976,1,0
rescuenet,Cesnet200603-r0,Cesnet200603,B1,4,40,17,0.425,63,63,1.0,22.33519482432969,0.12677101800363744,0.051777960833229976,1,0
rescuenet,Cesnet200603-r0,Cesnet200603,B1,5,40,14,0.35,63,63,1.0,24.010537494502472,0.12677101800363744,0.051777960833229976,1,0
rescuenet,Cesnet200603-r0,Cesnet200603,B1,6,40,14,0.35,63,63,1.0,23.567049139036296,0.12677101800363744,0.051777960833229976,1,0
rescuenet,Cesnet200603-r0,Cesnet200603,B1,7,40,14,0.35,63,63,1.0,24.24518517382689,0.12677101800363744,0.051777960833229976,1,0
rescuenet,Cesnet200603-r0,Cesnet200603,B1,8,40,13,0.325,63,63,1.0,24.847563866471855,0.12677101800363744,0.051777960833229976,1,0
rescuenet,Cesnet200603-r0,Cesnet200603,B1,9,40,15,0.375,63,63,1.0,23.114385201861815,0.12677101800363744,0.051777960833229976,1,0
rescuenet,Cesnet200603-r0,Cesnet200603,B1,10,40,14,0.35,63,63,1.0,23.95569500403934,0.12677101800363744,0.051777960833229976,1,0
rescuenet,Cesnet200603-r0,Cesnet200603,B1,11,40,17,0.425,63,63,1.0,22.40205185742867,0.12677101800363744,0.051777960833229976,1,0
rescuenet,Cesnet200603-r0,Cesnet200603,B1,12,40,14,0.35,63,63,1.0,24.104098499081275,0.12677101800363744,0.051777960833229976,1,0
rescuenet,Cesnet200603-r0,Cesnet200603,B1,13,40,14,0.35,63,63,1.0,24.051936700237178,0.12677101800363744,0.051777960833229976,1,0
rescuenet,Cesnet200603-r0,Cesnet200603,B1,14,40,13,0.325,63,63,1.0,24.13395361365932,0.12677101800363744,0.051777960833229976,1,0
rescuenet,Cesnet200603-r0,Cesnet200603,B1,15,40,16,0.4,63,63,1.0,23.173548567952096,0.12677101800363744,0.051777960833229976,1,0
rescuenet,Cesnet200603-r0,Cesnet200603,B1,16,40,14,0.35,63,63,1.0,24.318309254278958,0.12677101800363744,0.051777960833229976,1,0
rescuenet,Cesnet200603-r0,Cesnet200603,B1,17,40,17,0.425,63,63,1.0,22.99814796701331,0.12677101800363744,0.051777960833229976,1,0
rescuenet,Cesnet200603-r0,Cesnet200603,B1,18,40,16,0.4,63,63,1.0,22.946214062614605,0.12677101800363744,0.051777960833229976,1,0
rescuenet,Cesnet200603-r0,Cesnet200603,B1,19,40,16,0.4,63,63,1.0,23.3677057310629,0.12677101800363744,0.051777960833229976,1,0
rescuenet,Cesnet200603-r0,Cesnet200603,B1,20,40,17,0.425,63,63,1.0,22.998147965791297,0.12677101800363744,0.051777960833229976,1,0
rescuenet,Cesnet200603-r0,Cesnet200603,B1,21,40,15,0.375,63,63,1.0,23.066638213462397,0.12677101800363744,0.051777960833229976,1,0
rescuenet,Cesnet200603-r0,Cesnet200603,B1,22,40,13,0.325,63,63,1.0,24.47816273378399,0.12677101800363744,0.051777960833229976,1,0
rescuenet,Cesnet200603-r0,Cesnet200603,B1,23,40,14,0.35,63,63,1.0,25.483238173813994,0.12677101800363744,0.051777960833229976,1,0
rescuenet,Cesnet200603-r0,Cesnet200603,B1,24,40,16,0.4,63,63,1.0,23.132652227222827,0.12677101800363744,0.051777960833229976,1,0
rescuenet,Cesnet200603-r0,Cesnet200603,B1,25,40,14,0.35,63,63,1.0,24.481228242209475,0.12677101800363744,0.051777960833229976,1,0
rescuenet,Cesnet200603-r0,Cesnet200603,B1,26,40,15,0.375,63,63,1.0,23.96852836812194,0.12677101800363744,0.051777960833229976,1,0
rescuenet,Cesnet200603-r0,Cesnet200603,B1,27,40,17,0.425,63,63,1.0,22.275790467669967,0.12677101800363744,0.051777960833229976,1,0
rescuenet,Cesnet200603-r0,Cesnet200603,B1,28,40,14,0.35,63,63,1.0,24.873473620237483,0.12677101800363744,0.051777960833229976,1,0
rescuenet,Cesnet200603-r0,Cesnet200603,B1,29,40,15,0.375,63,63,1.0,23.782554970173734,0.12677101800363744,0.051777960833229976,1,0
rescuenet,Cesnet200603-r0,Cesnet200603,B2,0,40,20,0.5,63,63,1.0,17.27357693888256,240.78931315999944,0.07779472300001847,1977,8
rescuenet,Cesnet200603-r0,Cesnet200603,B2,1,40,20,0.5,63,63,1.0,16.385491476543706,240.78931315999944,0.07779472300001847,1977,8
rescuenet,Cesnet200603-r0,Cesnet200603,B2,2,40,19,0.475,63,63,1.0,16.745626421278942,240.78931315999944,0.07779472300001847,1977,8
rescuenet,Cesnet200603-r0,Cesnet200603,B2,3,40,22,0.55,63,63,1.0,15.973981965945057,240.78931315999944,0.07779472300001847,1977,8
rescuenet,Cesnet200603-r0,Cesnet200603,B2,4,40,21,0.525,63,63,1.0,16.577264196922325,240.78931315999944,0.07779472300001847,1977,8
rescuenet,Cesnet200603-r0,Cesnet200603,B2,5,40,18,0.45,63,63,1.0,18.189000396127188,240.78931315999944,0.07779472300001847,1977,8
rescuenet,Cesnet200603-r0,Cesnet200603,B2,6,40,20,0.5,63,63,1.0,17.456893860468757,240.78931315999944,0.07779472300001847,1977,8
rescuenet,Cesnet200603-r0,Cesnet200603,B2,7,40,20,0.5,63,63,1.0,16.866886567458206,240.78931315999944,0.07779472300001847,1977,8
rescuenet,Cesnet200603-r0,Cesnet200603,B2,8,40,19,0.475,63,63,1.0,18.426404487433892,240.78931315999944,0.07779472300001847,1977,8
rescuenet,Cesnet200603-r0,Cesnet200603,B2,9,40,19,0.475,63,63,1.0,17.57111959582243,240.78931315999944,0.07779472300001847,1977,8
rescuenet,Cesnet200603-r0,Cesnet200603,B2,10,40,21,0.525,63,63,1.0,15.494022074926107,240.78931315999944,0.07779472300001847,1977,8
rescuenet,Cesnet200603-r0,Cesnet200603,B2,11,40,21,0.525,63,63,1.0,16.81511971902499,240.78931315999944,0.07779472300001847,1977,8
rescuenet,Cesnet200603-r0,Cesnet200603,B2,12,40,23,0.575,63,63,1.0,15.930910455494548,240.78931315999944,0.07779472300001847,1977,8
rescuenet,Cesnet200603-r0,Cesnet200603,B2,13,40,21,0.525,63,63,1.0,16.216821703948,240.78931315999944,0.07779472300001847,1977,8
rescuenet,Cesnet200603-r0,Cesnet200603,B2,14,40,21,0.525,63,63,1.0,18.340448090078954,240.78931315999944,0.07779472300001847,1977,8
rescuenet,Cesnet200603-r0,Cesnet200603,B2,15,40,19,0.475,63,63,1.0,17.782757457099557,240.78931315999944,0.07779472300001847,1977,8
rescuenet,Cesnet200603-r0,Cesnet200603,B2,16,40,20,0.5,63,63,1.0,16.303703694658306,240.78931315999944,0.07779472300001847,1977,8
rescuenet,Cesnet200603-r0,Cesnet200603,B2,17,40,20,0.5,63,63,1.0,17.218422099324943,240.78931315999944,0.07779472300001847,1977,8
rescuenet,Cesnet200603-r0,Cesnet200603,B2,18,40,19,0.475,63,63,1.0,18.04192445945334,240.78931315999944,0.07779472300001847,1977,8
rescuenet,Cesnet200603-r0,Cesnet200603,B2,19,40,20,0.5,63,63,1.0,16.578202406978225,240.78931315999944,0.07779472300001847,1977,8
rescuenet,Cesnet200603-r0,Cesnet200603,B2,20,40,21,0.525,63,63,1.0,16.429181191118904,240.78931315999944,0.07779472300001847,1977,8
rescuenet,Cesnet200603-r0,Cesnet200603,B2,21,40,21,0.525,63,63,1.0,16.157248261305007,240.78931315999944,0.07779472300001847,1977,8
rescuenet,Cesnet200603-r0,Cesnet200603,B2,22,40,18,0.45,63,63,1.0,18.3442963288421,240.78931315999944,0.07779472300001847,1977,8
rescuenet,Cesnet200603-r0,Cesnet200603,B2,23,40,18,0.45,63,63,1.0,17.30893239538081,240.78931315999944,0.07779472300001847,1977,8
rescuenet,Cesnet200603-r0,Cesnet200603,B2,24,40,21,0.525,63,63,1.0,16.11892592995137,240.78931315999944,0.07779472300001847,1977,8
rescuenet,Cesnet200603-r0,Cesnet200603,B2,25,40,21,0.525,63,63,1.0,16.721289824300097,240.78931315999944,0.07779472300001847,1977,8
rescuenet,Cesnet200603-r0,Cesnet200603,B2,26,40,19,0.475,63,63,1.0,17.922893741978893,240.78931315999944,0.07779472300001847,1977,8
rescuenet,Cesnet200603-r0,Cesnet200603,B2,27,40,20,0.5,63,63,1.0,17.363346162594883,240.78931315999944,0.07779472300001847,1977,8
rescuenet,Cesnet200603-r0,Cesnet200603,B2,28,40,22,0.55,63,63,1.0,16.709893187222647,240.78931315999944,0.07779472300001847,1977,8
rescuenet,Cesnet200603-r0,Cesnet200603,B2,29,40,20,0.5,63,63,1.0,17.217366869273185,240.78931315999944,0.07779472300001847,1977,8
rescuenet,Cesnet200603-r0,Cesnet200603,P,0,40,19,0.475,63,63,1.0,17.220160386212445,234.76271164300124,0.0693846587666485,2001,8
rescuenet,Cesnet200603-r0,Cesnet200603,P,1,40,17,0.425,63,63,1.0,18.866502179536678,234.76271164300124,0.0693846587666485,2001,8
rescuenet,Cesnet200603-r0,Cesnet200603,P,2,40,17,0.425,63,63,1.0,19.383538386738277,234.76271164300124,0.0693846587666485,2001,8
rescuenet,Cesnet200603-r0,Cesnet200603,P,3,40,19,0.475,63,63,1.0,17.111583643434408,234.76271164300124,0.0693846587666485,2001,8
rescuenet,Cesnet200603-r0,Cesnet200603,P,4,40,19,0.475,63,63,1.0,17.591082690087486,234.76271164300124,0.0693846587666485,2001,8
rescuenet,Cesnet200603-r0,Cesnet200603,P,5,40,18,0.45,63,63,1.0,17.968368613821756,234.76271164300124,0.0693846587666485,2001,8
rescuenet,Cesnet200603-r0,Cesnet200603,P,6,40,18,0.45,63,63,1.0,17.689610386754314,234.76271164300124,0.0693846587666485,2001,8
rescuenet,Cesnet200603-r0,Cesnet200603,P,7,40,16,0.4,63,63,1.0,18.31868855208348,234.76271164300124,0.0693846587666485,2001,8
rescuenet,Cesnet200603-r0,Cesnet200603,P,8,40,19,0.475,63,63,1.0,18.27009485987823,234.76271164300124,0.0693846587666485,2001,8
rescuenet,Cesnet200603-r0,Cesnet200603,P,9,40,17,0.425,63,63,1.0,19.286814692750507,234.76271164300124,0.0693846587666485,2001,8
rescuenet,Cesnet200603-r0,Cesnet200603,P,10,40,20,0.5,63,63,1.0,16.852304218659178,234.76271164300124,0.0693846587666485,2001,8
rescuenet,Cesnet200603-r0,Cesnet200603,P,11,40,19,0.475,63,63,1.0,18.236256255827865,234.76271164300124,0.0693846587666485,2001,8
rescuenet,Cesnet200603-r0,Cesnet200603,P,12,40,19,0.475,63,63,1.0,16.549558046005235,234.76271164300124,0.0693846587666485,2001,8
rescuenet,Cesnet200603-r0,Cesnet200603,P,13,40,19,0.475,63,63,1.0,18.356459752650075,234.76271164300124,0.0693846587666485,2001,8
rescuenet,Cesnet200603-r0,Cesnet200603,P,14,40,18,0.45,63,63,1.0,18.89156866378758,234.76271164300124,0.0693846587666485,2001,8
rescuenet,Cesnet200603-r0,Cesnet200603,P,15,40,18,0.45,63,63,1.0,18.653852506498232,234.76271164300124,0.0693846587666485,2001,8
rescuenet,Cesnet200603-r0,Cesnet200603,P,16,40,16,0.4,63,63,1.0,19.07336721160773,234.76271164300124,0.0693846587666485,2001,8
rescuenet,Cesnet200603-r0,Cesnet200603,P,17,40,18,0.45,63,63,1.0,18.196277343342043,234.76271164300124,0.0693846587666485,2001,8
rescuenet,Cesnet200603-r0,Cesnet200603,P,18,40,18,0.45,63,63,1.0,18.64466020293991,234.76271164300124,0.0693846587666485,2001,8
rescuenet,Cesnet200603-r0,Cesnet200603,P,19,40,18,0.45,63,63,1.0,17.729740590121516,234.76271164300124,0.0693846587666485,2001,8
rescuenet,Cesnet200603-r0,Cesnet200603,P,20,40,19,0.475,63,63,1.0,18.183839445029157,234.76271164300124,0.0693846587666485,2001,8
rescuenet,Cesnet200603-r0,Cesnet200603,P,21,40,19,0.475,63,63,1.0,18.206325316277344,234.76271164300124,0.0693846587666485,2001,8
rescuenet,Cesnet200603-r0,Cesnet200603,P,22,40,15,0.375,63,63,1.0,19.675275769666325,234.76271164300124,0.0693846587666485,2001,8
rescuenet,Cesnet200603-r0,Cesnet200603,P,23,40,16,0.4,63,63,1.0,20.925470665163804,234.76271164300124,0.0693846587666485,2001,8
rescuenet,Cesnet200603-r0,Cesnet200603,P,24,40,18,0.45,63,63,1.0,17.99424750945964,234.76271164300124,0.0693846587666485,2001,8
rescuenet,Cesnet200603-r0,Cesnet200603,P,25,40,20,0.5,63,63,1.0,17.491212354673667,234.76271164300124,0.0693846587666485,2001,8
rescuenet,Cesnet200603-r0,Cesnet200603,P,26,40,17,0.425,63,63,1.0,19.338448337629107,234.76271164300124,0.0693846587666485,2001,8
rescuenet,Cesnet200603-r0,Cesnet200603,P,27,40,18,0.45,63,63,1.0,18.35340101723688,234.76271164300124,0.0693846587666485,2001,8
rescuenet,Cesnet200603-r0,Cesnet200603,P,28,40,17,0.425,63,63,1.0,19.83614037846883,234.76271164300124,0.0693846587666485,2001,8
rescuenet,Cesnet200603-r0,Cesnet200603,P,29,40,20,0.5,63,63,1.0,18.049192843489696,234.76271164300124,0.0693846587666485,2001,8
rescuenet,Cesnet200603-r0,Cesnet200603,TRAN,0,40,30,0.75,63,63,1.0,7.41433834008813,415.8803090319998,0.06823015123324391,1,0
rescuenet,Cesnet200603-r0,Cesnet200603,TRAN,1,40,30,0.75,63,63,1.0,7.945591545440108,415.8803090319998,0.06823015123324391,1,0
rescuenet,Cesnet200603-r0,Cesnet200603,TRAN,2,40,23,0.575,63,62,0.9841269841269841,12.332644136883586,415.8803090319998,0.06823015123324391,1,0
rescuenet,Cesnet200603-r0,Cesnet200603,TRAN,3,40,29,0.725,63,63,1.0,9.24981020775206,415.8803090319998,0.06823015123324391,1,0
rescuenet,Cesnet200603-r0,Cesnet200603,TRAN,4,40,26,0.65,63,63,1.0,9.792948070812919,415.8803090319998,0.06823015123324391,1,0
rescuenet,Cesnet200603-r0,Cesnet200603,TRAN,5,40,29,0.725,63,63,1.0,8.835927701572176,415.8803090319998,0.06823015123324391,1,0
rescuenet,Cesnet200603-r0,Cesnet200603,TRAN,6,40,26,0.65,63,63,1.0,11.720522955704485,415.8803090319998,0.06823015123324391,1,0
rescuenet,Cesnet200603-r0,Cesnet200603,TRAN,7,40,29,0.725,63,63,1.0,8.943832940304551,415.8803090319998,0.06823015123324391,1,0
rescuenet,Cesnet200603-r0,Cesnet200603,TRAN,8,40,26,0.65,63,63,1.0,11.150591554654575,415.8803090319998,0.06823015123324391,1,0
rescuenet,Cesnet200603-r0,Cesnet200603,TRAN,9,40,30,0.75,63,63,1.0,9.072390349783223,415.8803090319998,0.06823015123324391,1,0
rescuenet,Cesnet200603-r0,Cesnet200603,TRAN,10,40,27,0.675,63,63,1.0,10.746831886671558,415.8803090319998,0.06823015123324391,1,0
rescuenet,Cesnet200603-r0,Cesnet200603,TRAN,11,40,28,0.7,63,63,1.0,10.59279761324656,415.8803090319998,0.06823015123324391,1,0
rescuenet,Cesnet200603-r0,Cesnet200603,TRAN,12,40,27,0.675,63,63,1.0,11.4393641787884,415.8803090319998,0.06823015123324391,1,0
rescuenet,Cesnet200603-r0,Cesnet200603,TRAN,13,40,30,0.75,63,63,1.0,6.905403452010533,415.8803090319998,0.06823015123324391,1,0
rescuenet,Cesnet200603-r0,Cesnet200603,TRAN,14,40,29,0.725,63,63,1.0,8.885763003592407,415.8803090319998,0.06823015123324391,1,0
rescuenet,Cesnet200603-r0,Cesnet200603,TRAN,15,40,29,0.725,63,63,1.0,7.760099976797443,415.8803090319998,0.06823015123324391,1,0
rescuenet,Cesnet200603-r0,Cesnet200603,TRAN,16,40,28,0.7,63,63,1.0,7.895585724785368,415.8803090319998,0.06823015123324391,1,0
rescuenet,Cesnet200603-r0,Cesnet200603,TRAN,17,40,27,0.675,63,63,1.0,11.059572563683641,415.8803090319998,0.06823015123324391,1,0
rescuenet,Cesnet200603-r0,Cesnet200603,TRAN,18,40,23,0.575,63,63,1.0,13.8335338376738,415.8803090319998,0.06823015123324391,1,0
rescuenet,Cesnet200603-r0,Cesnet200603,TRAN,19,40,30,0.75,63,63,1.0,6.808853533738806,415.8803090319998,0.06823015123324391,1,0
rescuenet,Cesnet200603-r0,Cesnet200603,TRAN,20,40,28,0.7,63,63,1.0,9.648737705940095,415.8803090319998,0.06823015123324391,1,0
rescuenet,Cesnet200603-r0,Cesnet200603,TRAN,21,40,24,0.6,63,63,1.0,11.225402622941617,415.8803090319998,0.06823015123324391,1,0
rescuenet,Cesnet200603-r0,Cesnet200603,TRAN,22,40,28,0.7,63,63,1.0,10.721000302361878,415.8803090319998,0.06823015123324391,1,0
rescuenet,Cesnet200603-r0,Cesnet200603,TRAN,23,40,29,0.725,63,63,1.0,9.34817138794186,415.8803090319998,0.06823015123324391,1,0
rescuenet,Cesnet200603-r0,Cesnet200603,TRAN,24,40,28,0.7,63,63,1.0,9.770046144001274,415.8803090319998,0.06823015123324391,1,0
rescuenet,Cesnet200603-r0,Cesnet200603,TRAN,25,40,27,0.675,63,63,1.0,10.278717139669013,415.8803090319998,0.06823015123324391,1,0
rescuenet,Cesnet200603-r0,Cesnet200603,TRAN,26,40,27,0.675,63,63,1.0,10.1809467162344,415.8803090319998,0.06823015123324391,1,0
rescuenet,Cesnet200603-r0,Cesnet200603,TRAN,27,40,26,0.65,63,63,1.0,11.153689189760627,415.8803090319998,0.06823015123324391,1,0
rescuenet,Cesnet200603-r0,Cesnet200603,TRAN,28,40,28,0.7,63,63,1.0,9.533334508881094,415.8803090319998,0.06823015123324391,1,0
rescuenet,Cesnet200603-r0,Cesnet200603,TRAN,29,40,27,0.675,63,63,1.0,9.375647936276609,415.8803090319998,0.06823015123324391,1,0
rescuenet,Cesnet200603-r1,Cesnet200603,B0,0,40,20,0.5,63,33,0.5238095238095238,18.335275131519577,0.00021116199786774814,0.054121469900079926,1,0
rescuenet,Cesnet200603-r1,Cesnet200603,B0,1,40,20,0.5,63,33,0.5238095238095238,18.335275131519577,0.00021116199786774814,0.054121469900079926,1,0
rescuenet,Cesnet200603-r1,Cesnet200603,B0,2,40,20,0.5,63,33,0.5238095238095238,18.335275131519577,0.00021116199786774814,0.054121469900079926,1,0
rescuenet,Cesnet200603-r1,Cesnet200603,B0,3,40,20,0.5,63,33,0.5238095238095238,18.335275131519577,0.00021116199786774814,0.054121469900079926,1,0
rescuenet,Cesnet200603-r1,Cesnet200603,B0,4,40,20,0.5,63,33,0.5238095238095238,18.335275131519577,0.00021116199786774814,0.054121469900079926,1,0
rescuenet,Cesnet200603-r1,Cesnet200603,B0,5,40,20,0.5,63,33,0.5238095238095238,18.335275131519577,0.00021116199786774814,0.054121469900079926,1,0
rescuenet,Cesnet200603-r1,Cesnet200603,B0,6,40,20,0.5,63,33,0.5238095238095238,18.335275131519577,0.00021116199786774814,0.054121469900079926,1,0
rescuenet,Cesnet200603-r1,Cesnet200603,B0,7,40,20,0.5,63,33,0.5238095238095238,18.335275131519577,0.00021116199786774814,0.054121469900079926,1,0
rescuenet,Cesnet200603-r1,Cesnet200603,B0,8,40,20,0.5,63,33,0.5238095238095238,18.335275131519577,0.00021116199786774814,0.054121469900079926,1,0
rescuenet,Cesnet200603-r1,Cesnet200603,B0,9,40,20,0.5,63,33,0.5238095238095238,18.335275131519577,0.00021116199786774814,0.054121469900079926,1,0
rescuenet,Cesnet200603-r1,Cesnet200603,B0,10,40,20,0.5,63,33,0.5238095238095238,18.335275131519577,0.00021116199786774814,0.054121469900079926,1,0
rescuenet,Cesnet200603-r1,Cesnet200603,B0,11,40,20,0.5,63,33,0.5238095238095238,18.335275131519577,0.00021116199786774814,0.054121469900079926,1,0
rescuenet,Cesnet200603-r1,Cesnet200603,B0,12,40,20,0.5,63,33,0.5238095238095238,18.335275131519577,0.00021116199786774814,0.054121469900079926,1,0
rescuenet,Cesnet200603-r1,Cesnet200603,B0,13,40,20,0.5,63,33,0.5238095238095238,18.335275131519577,0.00021116199786774814,0.054121469900079926,1,0
rescuenet,Cesnet200603-r1,Cesnet200603,B0,14,40,20,0.5,63,33,0.5238095238095238,18.335275131519577,0.00021116199786774814,0.054121469900079926,1,0
rescuenet,Cesnet200603-r1,Cesnet200603,B0,15,40,20,0.5,63,33,0.5238095238095238,18.335275131519577,0.00021116199786774814,0.054121469900079926,1,0
rescuenet,Cesnet200603-r1,Cesnet200603,B0,16,40,20,0.5,63,33,0.5238095238095238,18.335275131519577,0.00021116199786774814,0.054121469900079926,1,0
rescuenet,Cesnet200603-r1,Cesnet200603,B0,17,40,20,0.5,63,33,0.5238095238095238,18.335275131519577,0.00021116199786774814,0.054121469900079926,1,0
rescuenet,Cesnet200603-r1,Cesnet200603,B0,18,40,20,0.5,63,33,0.5238095238095238,18.335275131519577,0.00021116199786774814,0.054121469900079926,1,0
rescuenet,Cesnet200603-r1,Cesnet200603,B0,19,40,20,0.5,63,33,0.5238095238095238,18.335275131519577,0.00021116199786774814,0.054121469900079926,1,0
rescuenet,Cesnet200603-r1,Cesnet200603,B0,20,40,20,0.5,63,33,0.5238095238095238,18.335275131519577,0.00021116199786774814,0.054121469900079926,1,0
rescuenet,Cesnet200603-r1,Cesnet200603,B0,21,40,20,0.5,63,33,0.5238095238095238,18.335275131519577,0.00021116199786774814,0.054121469900079926,1,0
rescuenet,Cesnet200603-r1,Cesnet200603,B0,22,40,20,0.5,63,33,0.5238095238095238,18.335275131519577,0.00021116199786774814,0.054121469900079926,1,0
rescuenet,Cesnet200603-r1,Cesnet200603,B0,23,40,20,0.5,63,33,0.5238095238095238,18.335275131519577,0.00021116199786774814,0.054121469900079926,1,0
rescuenet,Cesnet200603-r1,Cesnet200603,B0,24,40,20,0.5,63,33,0.5238095238095238,18.335275131519577,0.00021116199786774814,0.054121469900079926,1,0
rescuenet,Cesnet200603-r1,Cesnet200603,B0,25,40,20,0.5,63,33,0.5238095238095238,18.335275131519577,0.00021116199786774814,0.054121469900079926,1,0
rescuenet,Cesnet200603-r1,Cesnet200603,B0,26,40,20,0.5,63,33,0.5238095238095238,18.335275131519577,0.00021116199786774814,0.054121469900079926,1,0
rescuenet,Cesnet200603-r1,Cesnet200603,B0,27,40,20,0.5,63,33,0.5238095238095238,18.335275131519577,0.00021116199786774814,0.054121469900079926,1,0
rescuenet,Cesnet200603-r1,Cesnet200603,B0,28,40,20,0.5,63,33,0.5238095238095238,18.335275131519577,0.00021116199786774814,0.054121469900079926,1,0
rescuenet,Cesnet200603-r1,Cesnet200603,B0,29,40,20,0.5,63,33,0.5238095238095238,18.335275131519577,0.00021116199786774814,0.054121469900079926,1,0
rescuenet,Cesnet200603-r1,Cesnet200603,B1,0,40,25,0.625,63,63,1.0,15.0,0.14248541900451528,0.06160507536648462,1,0
rescuenet,Cesnet200603-r1,Cesnet200603,B1,1,40,22,0.55,63,63,1.0,16.59914602081073,0.14248541900451528,0.06160507536648462,1,0
rescuenet,Cesnet200603-r1,Cesnet200603,B1,2,40,23,0.575,63,63,1.0,16.64678730576146,0.14248541900451528,0.06160507536648462,1,0
rescuenet,Cesnet200603-r1,Cesnet200603,B1,3,40,24,0.6,63,63,1.0,15.997083129527955,0.14248541900451528,0.06160507536648462,1,0
rescuenet,Cesnet200603-r1,Cesnet200603,B1,4,40,23,0.575,63,63,1.0,15.127730522485628,0.14248541900451528,0.06160507536648462,1,0
rescuenet,Cesnet200603-r1,Cesnet200603,B1,5,40,23,0.575,63,63,1.0,15.598836495945694,0.14248541900451528,0.06160507536648462,1,0
rescuenet,Cesnet200603-r1,Cesnet200603,B1,6,40,23,0.575,63,63,1.0,16.840084859470096,0.14248541900451528,0.06160507536648462,1,0
rescuenet,Cesnet200603-r1,Cesnet200603,B1,7,40,24,0.6,63,63,1.0,15.901660948389214,0.14248541900451528,0.06160507536648462,1,0
rescuenet,Cesnet200603-r1,Cesnet200603,B1,8,40,24,0.6,63,63,1.0,15.12988557630353,0.14248541900451528,0.06160507536648462,1,0
rescuenet,Cesnet200603-r1,Cesnet200603,B1,9,40,23,0.575,63,63,1.0,15.415946483543397,0.14248541900451528,0.06160507536648462,1,0
rescuenet,Cesnet200603-r1,Cesnet200603,B1,10,40,24,0.6,63,63,1.0,15.997110321876448,0.14248541900451528,0.06160507536648462,1,0
rescuenet,Cesnet200603-r1,Cesnet200603,B1,11,40,24,0.6,63,63,1.0,15.992428454753277,0.14248541900451528,0.06160507536648462,1,0
rescuenet,Cesnet200603-r1,Cesnet200603,B1,12,40,22,0.55,63,63,1.0,16.564620014896924,0.14248541900451528,0.06160507536648462,1,0
rescuenet,Cesnet200603-r1,Cesnet200603,B1,13,40,24,0.6,63,63,1.0,15.023425262366734,0.14248541900451528,0.06160507536648462,1,0
rescuenet,Cesnet200603-r1,Cesnet200603,B1,14,40,24,0.6,63,63,1.0,15.873181723673115,0.14248541900451528,0.06160507536648462,1,0
rescuenet,Cesnet200603-r1,Cesnet200603,B1,15,40,22,0.55,63,63,1.0,16.097301545840846,0.14248541900451528,0.06160507536648462,1,0
rescuenet,Cesnet200603-r1,Cesnet200603,B1,16,40,23,0.575,63,63,1.0,15.214516232556958,0.14248541900451528,0.06160507536648462,1,0
rescuenet,Cesnet200603-r1,Cesnet200603,B1,17,40,24,0.6,63,63,1.0,15.99711032424704,0.14248541900451528,0.06160507536648462,1,0
rescuenet,Cesnet200603-r1,Cesnet200603,B1,18,40,24,0.6,63,63,1.0,15.99696859056611,0.14248541900451528,0.06160507536648462,1,0
rescuenet,Cesnet200603-r1,Cesnet200603,B1,19,40,24,0.6,63,63,1.0,15.462372861651868,0.14248541900451528,0.06160507536648462,1,0
rescuenet,Cesnet200603-r1,Cesnet200603,B1,20,40,25,0.625,63,63,1.0,15.000000000000002,0.14248541900451528,0.06160507536648462,1,0
rescuenet,Cesnet200603-r1,Cesnet200603,B1,21,40,24,0.6,63,63,1.0,15.027041314997993,0.14248541900451528,0.06160507536648462,1,0
rescuenet,Cesnet200603-r1,Cesnet200603,B1,22,40,24,0.6,63,63,1.0,15.280912314180513,0.14248541900451528,0.06160507536648462,1,0
rescuenet,Cesnet200603-r1,Cesnet200603,B1,23,40,24,0.6,63,63,1.0,15.171713117770393,0.14248541900451528,0.06160507536648462,1,0
rescuenet,Cesnet200603-r1,Cesnet200603,B1,24,40,24,0.6,63,63,1.0,15.491550830540783,0.14248541900451528,0.06160507536648462,1,0
rescuenet,Cesnet200603-r1,Cesnet200603,B1,25,40,25,0.625,63,63,1.0,15.0,0.14248541900451528,0.06160507536648462,1,0
rescuenet,Cesnet200603-r1,Cesnet200603,B1,26,40,24,0.6,63,63,1.0,15.040352894349374,0.14248541900451528,0.06160507536648462,1,0
rescuenet,Cesnet200603-r1,Cesnet200603,B1,27,40,25,0.625,63,63,1.0,15.0,0.14248541900451528,0.06160507536648462,1,0
rescuenet,Cesnet200603-r1,Cesnet200603,B1,28,40,24,0.6,63,63,1.0,15.677520297242294,0.14248541900451528,0.06160507536648462,1,0
rescuenet,Cesnet200603-r1,Cesnet200603,B1,29,40,25,0.625,63,63,1.0,15.0,0.14248541900451528,0.06160507536648462,1,0
rescuenet,Cesnet200603-r1,Cesnet200603,B2,0,40,24,0.6,63,63,1.0,11.289650196399577,245.80342669400125,0.07757784646673827,2001,6
rescuenet,Cesnet200603-r1,Cesnet200603,B2,1,40,25,0.625,63,63,1.0,11.081433698218543,245.80342669400125,0.07757784646673827,2001,6
rescuenet,Cesnet200603-r1,Cesnet200603,B2,2,40,23,0.575,63,63,1.0,12.559295863305938,245.80342669400125,0.07757784646673827,2001,6
rescuenet,Cesnet200603-r1,Cesnet200603,B2,3,40,22,0.55,63,63,1.0,13.014517989760302,245.80342669400125,0.07757784646673827,2001,6
rescuenet,Cesnet200603-r1,Cesnet200603,B2,4,40,25,0.625,63,63,1.0,11.260214202346306,245.80342669400125,0.07757784646673827,2001,6
rescuenet,Cesnet200603-r1,Cesnet200603,B2,5,40,25,0.625,63,63,1.0,11.896796448403704,245.80342669400125,0.07757784646673827,2001,6
rescuenet,Cesnet200603-r1,Cesnet200603,B2,6,40,23,0.575,63,63,1.0,12.913685850817673,245.80342669400125,0.07757784646673827,2001,6
rescuenet,Cesnet200603-r1,Cesnet200603,B2,7,40,25,0.625,63,63,1.0,11.596826761010652,245.80342669400125,0.07757784646673827,2001,6
rescuenet,Cesnet200603-r1,Cesnet200603,B2,8,40,23,0.575,63,63,1.0,11.474148496740824,245.80342669400125,0.07757784646673827,2001,6
rescuenet,Cesnet200603-r1,Cesnet200603,B2,9,40,24,0.6,63,63,1.0,12.982929812082283,245.80342669400125,0.07757784646673827,2001,6
rescuenet,Cesnet200603-r1,Cesnet200603,B2,10,40,24,0.6,63,63,1.0,12.618928134453219,245.80342669400125,0.07757784646673827,2001,6
rescuenet,Cesnet200603-r1,Cesnet200603,B2,11,40,24,0.6,63,63,1.0,11.896885111103217,245.80342669400125,0.07757784646673827,2001,6
rescuenet,Cesnet200603-r1,Cesnet200603,B2,12,40,25,0.625,63,63,1.0,11.734772320916251,245.80342669400125,0.07757784646673827,2001,6
rescuenet,Cesnet200603-r1,Cesnet200603,B2,13,40,25,0.625,63,63,1.0,12.397395737390351,245.80342669400125,0.07757784646673827,2001,6
rescuenet,Cesnet200603-r1,Cesnet200603,B2,14,40,22,0.55,63,63,1.0,13.097156156583894,245.80342669400125,0.07757784646673827,2001,6
rescuenet,Cesnet200603-r1,Cesnet200603,B2,15,40,25,0.625,63,63,1.0,12.383939115698034,245.80342669400125,0.07757784646673827,2001,6
rescuenet,Cesnet200603-r1,Cesnet200603,B2,16,40,25,0.625,63,63,1.0,10.912209100257595,245.80342669400125,0.07757784646673827,2001,6
rescuenet,Cesnet200603-r1,Cesnet200603,B2,17,40,25,0.625,63,63,1.0,11.539142689654877,245.80342669400125,0.07757784646673827,2001,6
rescuenet,Cesnet200603-r1,Cesnet200603,B2,18,40,25,0.625,63,63,1.0,11.652551928539033,245.80342669400125,0.07757784646673827,2001,6
rescuenet,Cesnet200603-r1,Cesnet200603,B2,19,40,23,0.575,63,63,1.0,13.374868536403014,245.80342669400125,0.07757784646673827,2001,6
rescuenet,Cesnet200603-r1,Cesnet200603,B2,20,40,25,0.625,63,63,1.0,11.299597153897695,245.80342669400125,0.07757784646673827,2001,6
rescuenet,Cesnet200603-r1,Cesnet200603,B2,21,40,25,0.625,63,63,1.0,11.619050283992692,245.80342669400125,0.07757784646673827,2001,6
rescuenet,Cesnet200603-r1,Cesnet200603,B2,22,40,24,0.6,63,63,1.0,11.749523245689028,245.80342669400125,0.07757784646673827,2001,6
rescuenet,Cesnet200603-r1,Cesnet200603,B2,23,40,24,0.6,63,63,1.0,12.180983705171101,245.80342669400125,0.07757784646673827,2001,6
rescuenet,Cesnet200603-r1,Cesnet200603,B2,24,40,25,0.625,63,63,1.0,11.13926958033564,245.80342669400125,0.07757784646673827,2001,6
rescuenet,Cesnet200603-r1,Cesnet200603,B2,25,40,24,0.6,63,63,1.0,12.036937514025357,245.80342669400125,0.07757784646673827,2001,6
rescuenet,Cesnet200603-r1,Cesnet200603,B2,26,40,23,0.575,63,63,1.0,11.57254872819259,245.80342669400125,0.07757784646673827,2001,6
rescuenet,Cesnet200603-r1,Cesnet200603,B2,27,40,25,0.625,63,63,1.0,11.041925182744547,245.80342669400125,0.07757784646673827,2001,6
rescuenet,Cesnet200603-r1,Cesnet200603,B2,28,40,24,0.6,63,63,1.0,12.604080055416874,245.80342669400125,0.07757784646673827,2001,6
rescuenet,Cesnet200603-r1,Cesnet200603,B2,29,40,24,0.6,63,63,1.0,12.0812005271603,245.80342669400125,0.07757784646673827,2001,6
rescuenet,Cesnet200603-r1,Cesnet200603,P,0,40,24,0.6,63,63,1.0,12.119904654126522,250.88353328799712,0.09108011550003235,2001,4
rescuenet,Cesnet200603-r1,Cesnet200603,P,1,40,23,0.575,63,63,1.0,13.627089853388103,250.88353328799712,0.09108011550003235,2001,4
rescuenet,Cesnet200603-r1,Cesnet200603,P,2,40,23,0.575,63,63,1.0,13.183314135255035,250.88353328799712,0.09108011550003235,2001,4
rescuenet,Cesnet200603-r1,Cesnet200603,P,3,40,23,0.575,63,63,1.0,13.107510201296186,250.88353328799712,0.09108011550003235,2001,4
rescuenet,Cesnet200603-r1,Cesnet200603,P,4,40,24,0.6,63,63,1.0,12.07456238174066,250.88353328799712,0.09108011550003235,2001,4
rescuenet,Cesnet200603-r1,Cesnet200603,P,5,40,24,0.6,63,63,1.0,12.050527672644414,250.88353328799712,0.09108011550003235,2001,4
rescuenet,Cesnet200603-r1,Cesnet200603,P,6,40,23,0.575,63,63,1.0,13.700842733374474,250.88353328799712,0.09108011550003235,2001,4
rescuenet,Cesnet200603-r1,Cesnet200603,P,7,40,24,0.6,63,63,1.0,13.013565372753568,250.88353328799712,0.09108011550003235,2001,4
rescuenet,Cesnet200603-r1,Cesnet200603,P,8,40,24,0.6,63,63,1.0,11.891187227167718,250.88353328799712,0.09108011550003235,2001,4
rescuenet,Cesnet200603-r1,Cesnet200603,P,9,40,25,0.625,63,63,1.0,11.88765796777478,250.88353328799712,0.09108011550003235,2001,4
rescuenet,Cesnet200603-r1,Cesnet200603,P,10,40,23,0.575,63,63,1.0,12.939830077883837,250.88353328799712,0.09108011550003235,2001,4
rescuenet,Cesnet200603-r1,Cesnet200603,P,11,40,24,0.6,63,63,1.0,11.864824698983806,250.88353328799712,0.09108011550003235,2001,4
rescuenet,Cesnet200603-r1,Cesnet200603,P,12,40,24,0.6,63,63,1.0,12.640040658016817,250.88353328799712,0.09108011550003235,2001,4
rescuenet,Cesnet200603-r1,Cesnet200603,P,13,40,25,0.625,63,63,1.0,12.668399716694967,250.88353328799712,0.09108011550003235,2001,4
rescuenet,Cesnet200603-r1,Cesnet200603,P,14,40,23,0.575,63,63,1.0,12.767475854640939,250.88353328799712,0.09108011550003235,2001,4
rescuenet,Cesnet200603-r1,Cesnet200603,P,15,40,23,0.575,63,63,1.0,13.394915689821008,250.88353328799712,0.09108011550003235,2001,4
rescuenet,Cesnet200603-r1,Cesnet200603,P,16,40,24,0.6,63,63,1.0,12.592821985223251,250.88353328799712,0.09108011550003235,2001,4
rescuenet,Cesnet200603-r1,Cesnet200603,P,17,40,26,0.65,63,63,1.0,11.299024948084647,250.88353328799712,0.09108011550003235,2001,4
rescuenet,Cesnet200603-r1,Cesnet200603,P,18,40,24,0.6,63,63,1.0,12.341303242837178,250.88353328799712,0.09108011550003235,2001,4
rescuenet,Cesnet200603-r1,Cesnet200603,P,19,40,24,0.6,63,63,1.0,12.09137230031978,250.88353328799712,0.09108011550003235,2001,4
rescuenet,Cesnet200603-r1,Cesnet200603,P,20,40,23,0.575,63,63,1.0,11.847570968952747,250.88353328799712,0.09108011550003235,2001,4
rescuenet,Cesnet200603-r1,Cesnet200603,P,21,40,23,0.575,63,63,1.0,11.661119729264012,250.88353328799712,0.09108011550003235,2001,4
rescuenet,Cesnet200603-r1,Cesnet200603,P,22,40,24,0.6,63,63,1.0,11.251815432053213,250.88353328799712,0.09108011550003235,2001,4
rescuenet,Cesnet200603-r1,Cesnet200603,P,23,40,24,0.6,63,63,1.0,11.882753400864532,250.88353328799712,0.09108011550003235,2001,4
rescuenet,Cesnet200603-r1,Cesnet200603,P,24,40,26,0.65,63,63,1.0,10.762494146026146,250.88353328799712,0.09108011550003235,2001,4
rescuenet,Cesnet200603-r1,Cesnet200603,P,25,40,26,0.65,63,63,1.0,11.539954886464681,250.88353328799712,0.09108011550003235,2001,4
rescuenet,Cesnet200603-r1,Cesnet200603,P,26,40,24,0.6,63,63,1.0,11.543296269287168,250.88353328799712,0.09108011550003235,2001,4
rescuenet,Cesnet200603-r1,Cesnet200603,P,27,40,26,0.65,63,63,1.0,10.242433514744075,250.88353328799712,0.09108011550003235,2001,4
rescuenet,Cesnet200603-r1,Cesnet200603,P,28,40,25,0.625,63,63,1.0,11.901889013296808,250.88353328799712,0.09108011550003235,2001,4
rescuenet,Cesnet200603-r1,Cesnet200603,P,29,40,24,0.6,63,63,1.0,12.069091765103504,250.88353328799712,0.09108011550003235,2001,4
rescuenet,Cesnet200603-r1,Cesnet200603,TRAN,0,40,30,0.75,63,63,1.0,6.811234205498315,349.4534999640018,0.07623206676677606,1,0
rescuenet,Cesnet200603-r1,Cesnet200603,TRAN,1,40,29,0.725,63,63,1.0,8.745775114483084,349.4534999640018,0.07623206676677606,1,0
rescuenet,Cesnet200603-r1,Cesnet200603,TRAN,2,40,31,0.775,63,63,1.0,7.173260500494802,349.4534999640018,0.07623206676677606,1,0
rescuenet,Cesnet200603-r1,Cesnet200603,TRAN,3,40,31,0.775,63,63,1.0,6.635364565059161,349.4534999640018,0.07623206676677606,1,0
rescuenet,Cesnet200603-r1,Cesnet200603,TRAN,4,40,31,0.775,63,63,1.0,6.983469883578193,349.4534999640018,0.07623206676677606,1,0
rescuenet,Cesnet200603-r1,Cesnet200603,TRAN,5,40,31,0.775,63,63,1.0,8.577324162295442,349.4534999640018,0.07623206676677606,1,0
rescuenet,Cesnet200603-r1,Cesnet200603,TRAN,6,40,31,0.775,63,63,1.0,6.906146768285921,349.4534999640018,0.07623206676677606,1,0
rescuenet,Cesnet200603-r1,Cesnet200603,TRAN,7,40,30,0.75,63,63,1.0,8.309527334082844,349.4534999640018,0.07623206676677606,1,0
rescuenet,Cesnet200603-r1,Cesnet200603,TRAN,8,40,32,0.8,63,63,1.0,5.947134176597386,349.4534999640018,0.07623206676677606,1,0
rescuenet,Cesnet200603-r1,Cesnet200603,TRAN,9,40,31,0.775,63,63,1.0,7.912137831998901,349.4534999640018,0.07623206676677606,1,0
rescuenet,Cesnet200603-r1,Cesnet200603,TRAN,10,40,31,0.775,63,63,1.0,8.028185943430909,349.4534999640018,0.07623206676677606,1,0
rescuenet,Cesnet200603-r1,Cesnet200603,TRAN,11,40,33,0.825,63,63,1.0,6.225965506966863,349.4534999640018,0.07623206676677606,1,0
rescuenet,Cesnet200603-r1,Cesnet200603,TRAN,12,40,31,0.775,63,63,1.0,7.8750984694104815,349.4534999640018,0.07623206676677606,1,0
rescuenet,Cesnet200603-r1,Cesnet200603,TRAN,13,40,30,0.75,63,63,1.0,8.78927301883271,349.4534999640018,0.07623206676677606,1,0
rescuenet,Cesnet200603-r1,Cesnet200603,TRAN,14,40,31,0.775,63,63,1.0,7.215261061771669,349.4534999640018,0.07623206676677606,1,0
rescuenet,Cesnet200603-r1,Cesnet200603,TRAN,15,40,30,0.75,63,63,1.0,8.89224021919052,349.4534999640018,0.07623206676677606,1,0
rescuenet,Cesnet200603-r1,Cesnet200603,TRAN,16,40,33,0.825,63,63,1.0,6.8777271506178845,349.4534999640018,0.07623206676677606,1,0
rescuenet,Cesnet200603-r1,Cesnet200603,TRAN,17,40,30,0.75,63,63,1.0,8.925738994819591,349.4534999640018,0.07623206676677606,1,0
rescuenet,Cesnet200603-r1,Cesnet200603,TRAN,18,40,32,0.8,63,63,1.0,7.424665550876858,349.4534999640018,0.07623206676677606,1,0
rescuenet,Cesnet200603-r1,Cesnet200603,TRAN,19,40,31,0.775,63,63,1.0,8.338903264286058,349.4534999640018,0.07623206676677606,1,0
rescuenet,Cesnet200603-r1,Cesnet200603,TRAN,20,40,29,0.725,63,63,1.0,8.475625602238416,349.4534999640018,0.07623206676677606,1,0
rescuenet,Cesnet200603-r1,Cesnet200603,TRAN,21,40,31,0.775,63,63,1.0,7.518973953067517,349.4534999640018,0.07623206676677606,1,0
rescuenet,Cesnet200603-r1,Cesnet200603,TRAN,22,40,32,0.8,63,63,1.0,7.888929508760522,349.4534999640018,0.07623206676677606,1,0
rescuenet,Cesnet200603-r1,Cesnet200603,TRAN,23,40,33,0.825,63,63,1.0,6.35603240984254,349.4534999640018,0.07623206676677606,1,0
rescuenet,Cesnet200603-r1,Cesnet200603,TRAN,24,40,31,0.775,63,63,1.0,7.11881396730329,349.4534999640018,0.07623206676677606,1,0
rescuenet,Cesnet200603-r1,Cesnet200603,TRAN,25,40,32,0.8,63,63,1.0,7.066961798755178,349.4534999640018,0.07623206676677606,1,0
rescuenet,Cesnet200603-r1,Cesnet200603,TRAN,26,40,30,0.75,63,63,1.0,7.06815211932523,349.4534999640018,0.07623206676677606,1,0
rescuenet,Cesnet200603-r1,Cesnet200603,TRAN,27,40,30,0.75,63,63,1.0,8.88068815398251,349.4534999640018,0.07623206676677606,1,0
rescuenet,Cesnet200603-r1,Cesnet200603,TRAN,28,40,31,0.775,63,63,1.0,7.143937697822648,349.4534999640018,0.07623206676677606,1,0
rescuenet,Cesnet200603-r1,Cesnet200603,TRAN,29,40,31,0.775,63,63,1.0,7.651415712436196,349.4534999640018,0.07623206676677606,1,0
rescuenet,Cesnet200603-r2,Cesnet200603,B0,0,40,22,0.55,63,31,0.49206349206349204,17.185715309864815,0.00012839800183428451,0.057414931099871565,1,0
rescuenet,Cesnet200603-r2,Cesnet200603,B0,1,40,22,0.55,63,31,0.49206349206349204,17.185715309864815,0.00012839800183428451,0.057414931099871565,1,0
rescuenet,Cesnet200603-r2,Cesnet200603,B0,2,40,22,0.55,63,31,0.49206349206349204,17.185715309864815,0.00012839800183428451,0.057414931099871565,1,0
rescuenet,Cesnet200603-r2,Cesnet200603,B0,3,40,22,0.55,63,31,0.49206349206349204,17.185715309864815,0.00012839800183428451,0.057414931099871565,1,0
rescuenet,Cesnet200603-r2,Cesnet200603,B0,4,40,22,0.55,63,31,0.49206349206349204,17.185715309864815,0.00012839800183428451,0.057414931099871565,1,0
rescuenet,Cesnet200603-r2,Cesnet200603,B0,5,40,22,0.55,63,31,0.49206349206349204,17.185715309864815,0.00012839800183428451,0.057414931099871565,1,0
rescuenet,Cesnet200603-r2,Cesnet200603,B0,6,40,22,0.55,63,31,0.49206349206349204,17.185715309864815,0.00012839800183428451,0.057414931099871565,1,0
rescuenet,Cesnet200603-r2,Cesnet200603,B0,7,40,22,0.55,63,31,0.49206349206349204,17.185715309864815,0.00012839800183428451,0.057414931099871565,1,0
rescuenet,Cesnet200603-r2,Cesnet200603,B0,8,40,22,0.55,63,31,0.49206349206349204,17.185715309864815,0.00012839800183428451,0.057414931099871565,1,0
rescuenet,Cesnet200603-r2,Cesnet200603,B0,9,40,22,0.55,63,31,0.49206349206349204,17.185715309864815,0.00012839800183428451,0.057414931099871565,1,0
rescuenet,Cesnet200603-r2,Cesnet200603,B0,10,40,22,0.55,63,31,0.49206349206349204,17.185715309864815,0.00012839800183428451,0.057414931099871565,1,0
rescuenet,Cesnet200603-r2,Cesnet200603,B0,11,40,22,0.55,63,31,0.49206349206349204,17.185715309864815,0.00012839800183428451,0.057414931099871565,1,0
rescuenet,Cesnet200603-r2,Cesnet200603,B0,12,40,22,0.55,63,31,0.49206349206349204,17.185715309864815,0.00012839800183428451,0.057414931099871565,1,0
rescuenet,Cesnet200603-r2,Cesnet200603,B0,13,40,22,0.55,63,31,0.49206349206349204,17.185715309864815,0.00012839800183428451,0.057414931099871565,1,0
rescuenet,Cesnet200603-r2,Cesnet200603,B0,14,40,22,0.55,63,31,0.49206349206349204,17.185715309864815,0.00012839800183428451,0.057414931099871565,1,0
rescuenet,Cesnet200603-r2,Cesnet200603,B0,15,40,22,0.55,63,31,0.49206349206349204,17.185715309864815,0.00012839800183428451,0.057414931099871565,1,0
rescuenet,Cesnet200603-r2,Cesnet200603,B0,16,40,22,0.55,63,31,0.49206349206349204,17.185715309864815,0.00012839800183428451,0.057414931099871565,1,0
rescuenet,Cesnet200603-r2,Cesnet200603,B0,17,40,22,0.55,63,31,0.49206349206349204,17.185715309864815,0.00012839800183428451,0.057414931099871565,1,0
rescuenet,Cesnet200603-r2,Cesnet200603,B0,18,40,22,0.55,63,31,0.49206349206349204,17.185715309864815,0.00012839800183428451,0.057414931099871565,1,0
rescuenet,Cesnet200603-r2,Cesnet200603,B0,19,40,22,0.55,63,31,0.49206349206349204,17.185715309864815,0.00012839800183428451,0.057414931099871565,1,0
rescuenet,Cesnet200603-r2,Cesnet200603,B0,20,40,22,0.55,63,31,0.49206349206349204,17.185715309864815,0.00012839800183428451,0.057414931099871565,1,0
rescuenet,Cesnet200603-r2,Cesnet200603,B0,21,40,22,0.55,63,31,0.49206349206349204,17.185715309864815,0.00012839800183428451,0.057414931099871565,1,0
rescuenet,Cesnet200603-r2,Cesnet200603,B0,22,40,22,0.55,63,31,0.49206349206349204,17.185715309864815,0.00012839800183428451,0.057414931099871565,1,0
rescuenet,Cesnet200603-r2,Cesnet200603,B0,23,40,22,0.55,63,31,0.49206349206349204,17.185715309864815,0.00012839800183428451,0.057414931099871565,1,0
rescuenet,Cesnet200603-r2,Cesnet200603,B0,24,40,22,0.55,63,31,0.49206349206349204,17.185715309864815,0.00012839800183428451,0.057414931099871565,1,0
rescuenet,Cesnet200603-r2,Cesnet200603,B0,25,40,22,0.55,63,31,0.49206349206349204,17.185715309864815,0.00012839800183428451,0.057414931099871565,1,0
rescuenet,Cesnet200603-r2,Cesnet200603,B0,26,40,22,0.55,63,31,0.49206349206349204,17.185715309864815,0.00012839800183428451,0.057414931099871565,1,0
rescuenet,Cesnet200603-r2,Cesnet200603,B0,27,40,22,0.55,63,31,0.49206349206349204,17.185715309864815,0.00012839800183428451,0.057414931099871565,1,0
rescuenet,Cesnet200603-r2,Cesnet200603,B0,28,40,22,0.55,63,31,0.49206349206349204,17.185715309864815,0.00012839800183428451,0.057414931099871565,1,0
rescuenet,Cesnet200603-r2,Cesnet200603,B0,29,40,22,0.55,63,31,0.49206349206349204,17.185715309864815,0.00012839800183428451,0.057414931099871565,1,0
rescuenet,Cesnet200603-r2,Cesnet200603,B1,0,40,26,0.65,63,63,1.0,14.0,0.17929163499502465,0.06890956936670894,1,0
rescuenet,Cesnet200603-r2,Cesnet200603,B1,1,40,25,0.625,63,63,1.0,14.36338922819287,0.17929163499502465,0.06890956936670894,1,0
rescuenet,Cesnet200603-r2,Cesnet200603,B1,2,40,26,0.65,63,63,1.0,14.000000000000002,0.17929163499502465,0.06890956936670894,1,0
rescuenet,Cesnet200603-r2,Cesnet200603,B1,3,40,26,0.65,63,63,1.0,14.000000000000002,0.17929163499502465,0.06890956936670894,1,0
rescuenet,Cesnet200603-r2,Cesnet200603,B1,4,40,25,0.625,63,63,1.0,14.016610893672235,0.17929163499502465,0.06890956936670894,1,0
rescuenet,Cesnet200603-r2,Cesnet200603,B1,5,40,25,0.625,63,63,1.0,14.239161424143257,0.17929163499502465,0.06890956936670894,1,0
rescuenet,Cesnet200603-r2,Cesnet200603,B1,6,40,25,0.625,63,63,1.0,14.038380468873726,0.17929163499502465,0.06890956936670894,1,0
rescuenet,Cesnet200603-r2,Cesnet200603,B1,7,40,26,0.65,63,63,1.0,14.0,0.17929163499502465,0.06890956936670894,1,0
rescuenet,Cesnet200603-r2,Cesnet200603,B1,8,40,26,0.65,63,63,1.0,14.000000000000002,0.17929163499502465,0.06890956936670894,1,0
rescuenet,Cesnet200603-r2,Cesnet200603,B1,9,40,26,0.65,63,63,1.0,14.0,0.17929163499502465,0.06890956936670894,1,0
rescuenet,Cesnet200603-r2,Cesnet200603,B1,10,40,25,0.625,63,63,1.0,14.592358911268338,0.17929163499502465,0.06890956936670894,1,0
rescuenet,Cesnet200603-r2,Cesnet200603,B1,11,40,25,0.625,63,63,1.0,14.230273081905368,0.17929163499502465,0.06890956936670894,1,0
rescuenet,Cesnet200603-r2,Cesnet200603,B1,12,40,25,0.625,63,63,1.0,14.760462372828286,0.17929163499502465,0.06890956936670894,1,0
rescuenet,Cesnet200603-r2,Cesnet200603,B1,13,40,25,0.625,63,63,1.0,14.674576956971533,0.17929163499502465,0.06890956936670894,1,0
rescuenet,Cesnet200603-r2,Cesnet200603,B1,14,40,26,0.65,63,63,1.0,14.000000000000002,0.17929163499502465,0.06890956936670894,1,0
rescuenet,Cesnet200603-r2,Cesnet200603,B1,15,40,26,0.65,63,63,1.0,14.000000000000002,0.17929163499502465,0.06890956936670894,1,0
rescuenet,Cesnet200603-r2,Cesnet200603,B1,16,40,26,0.65,63,63,1.0,14.000000000000002,0.17929163499502465,0.06890956936670894,1,0
rescuenet,Cesnet200603-r2,Cesnet200603,B1,17,40,26,0.65,63,63,1.0,14.000000000000002,0.17929163499502465,0.06890956936670894,1,0
rescuenet,Cesnet200603-r2,Cesnet200603,B1,18,40,25,0.625,63,63,1.0,14.875090747645283,0.17929163499502465,0.06890956936670894,1,0
rescuenet,Cesnet200603-r2,Cesnet200603,B1,19,40,26,0.65,63,63,1.0,14.0,0.17929163499502465,0.06890956936670894,1,0
rescuenet,Cesnet200603-r2,Cesnet200603,B1,20,40,26,0.65,63,63,1.0,14.000000000000002,0.17929163499502465,0.06890956936670894,1,0
rescuenet,Cesnet200603-r2,Cesnet200603,B1,21,40,25,0.625,63,63,1.0,14.760260306663689,0.17929163499502465,0.06890956936670894,1,0
rescuenet,Cesnet200603-r2,Cesnet200603,B1,22,40,25,0.625,63,63,1.0,14.708279748570547,0.17929163499502465,0.06890956936670894,1,0
rescuenet,Cesnet200603-r2,Cesnet200603,B1,23,40,26,0.65,63,63,1.0,14.000000000000002,0.17929163499502465,0.06890956936670894,1,0
rescuenet,Cesnet200603-r2,Cesnet200603,B1,24,40,26,0.65,63,63,1.0,14.0,0.17929163499502465,0.06890956936670894,1,0
rescuenet,Cesnet200603-r2,Cesnet200603,B1,25,40,25,0.625,63,63,1.0,14.050463980876247,0.17929163499502465,0.06890956936670894,1,0
rescuenet,Cesnet200603-r2,Cesnet200603,B1,26,40,26,0.65,63,63,1.0,14.000000000000002,0.17929163499502465,0.06890956936670894,1,0
rescuenet,Cesnet200603-r2,Cesnet200603,B1,27,40,25,0.625,63,63,1.0,14.641593653253707,0.17929163499502465,0.06890956936670894,1,0
rescuenet,Cesnet200603-r2,Cesnet200603,B1,28,40,26,0.65,63,63,1.0,14.0,0.17929163499502465,0.06890956936670894,1,0
rescuenet,Cesnet200603-r2,Cesnet200603,B1,29,40,26,0.65,63,63,1.0,14.0,0.17929163499502465,0.06890956936670894,1,0
rescuenet,Cesnet200603-r2,Cesnet200603,B2,0,40,26,0.65,63,63,1.0,12.145438029891352,287.37382351999986,0.08363257113329989,2001,9
rescuenet,Cesnet200603-r2,Cesnet200603,B2,1,40,23,0.575,63,63,1.0,12.910103214588089,287.37382351999986,0.08363257113329989,2001,9
rescuenet,Cesnet200603-r2,Cesnet200603,B2,2,40,24,0.6,63,63,1.0,11.639306509194704,287.37382351999986,0.08363257113329989,2001,9
rescuenet,Cesnet200603-r2,Cesnet200603,B2,3,40,26,0.65,63,63,1.0,12.28311545088583,287.37382351999986,0.08363257113329989,2001,9
rescuenet,Cesnet200603-r2,Cesnet200603,B2,4,40,25,0.625,63,63,1.0,12.069241428264208,287.37382351999986,0.08363257113329989,2001,9
rescuenet,Cesnet200603-r2,Cesnet200603,B2,5,40,25,0.625,63,63,1.0,12.521037184449586,287.37382351999986,0.08363257113329989,2001,9
rescuenet,Cesnet200603-r2,Cesnet200603,B2,6,40,26,0.65,63,63,1.0,12.037768431962084,287.37382351999986,0.08363257113329989,2001,9
rescuenet,Cesnet200603-r2,Cesnet200603,B2,7,40,19,0.475,63,63,1.0,13.693072784004706,287.37382351999986,0.08363257113329989,2001,9
rescuenet,Cesnet200603-r2,Cesnet200603,B2,8,40,25,0.625,63,63,1.0,12.228276993968011,287.37382351999986,0.08363257113329989,2001,9
rescuenet,Cesnet200603-r2,Cesnet200603,B2,9,40,27,0.675,63,63,1.0,11.463454242498498,287.37382351999986,0.08363257113329989,2001,9
rescuenet,Cesnet200603-r2,Cesnet200603,B2,10,40,26,0.65,63,63,1.0,12.312419743402328,287.37382351999986,0.08363257113329989,2001,9
rescuenet,Cesnet200603-r2,Cesnet200603,B2,11,40,26,0.65,63,63,1.0,11.794123023844346,287.37382351999986,0.08363257113329989,2001,9
rescuenet,Cesnet200603-r2,Cesnet200603,B2,12,40,25,0.625,63,63,1.0,11.551914217867118,287.37382351999986,0.08363257113329989,2001,9
rescuenet,Cesnet200603-r2,Cesnet200603,B2,13,40,24,0.6,63,63,1.0,12.251464699132491,287.37382351999986,0.08363257113329989,2001,9
rescuenet,Cesnet200603-r2,Cesnet200603,B2,14,40,21,0.525,63,63,1.0,13.601642232271203,287.37382351999986,0.08363257113329989,2001,9
rescuenet,Cesnet200603-r2,Cesnet200603,B2,15,40,17,0.425,63,63,1.0,13.958343343653574,287.37382351999986,0.08363257113329989,2001,9
rescuenet,Cesnet200603-r2,Cesnet200603,B2,16,40,26,0.65,63,63,1.0,11.824468768379885,287.37382351999986,0.08363257113329989,2001,9
rescuenet,Cesnet200603-r2,Cesnet200603,B2,17,40,20,0.5,63,63,1.0,13.493259687545384,287.37382351999986,0.08363257113329989,2001,9
rescuenet,Cesnet200603-r2,Cesnet200603,B2,18,40,26,0.65,63,63,1.0,12.328590008646854,287.37382351999986,0.08363257113329989,2001,9
rescuenet,Cesnet200603-r2,Cesnet200603,B2,19,40,26,0.65,63,63,1.0,12.251941250458787,287.37382351999986,0.08363257113329989,2001,9
rescuenet,Cesnet200603-r2,Cesnet200603,B2,20,40,23,0.575,63,63,1.0,13.213228540708066,287.37382351999986,0.08363257113329989,2001,9
rescuenet,Cesnet200603-r2,Cesnet200603,B2,21,40,26,0.65,63,63,1.0,12.609468708803139,287.37382351999986,0.08363257113329989,2001,9
rescuenet,Cesnet200603-r2,Cesnet200603,B2,22,40,20,0.5,63,63,1.0,12.283393441683254,287.37382351999986,0.08363257113329989,2001,9
rescuenet,Cesnet200603-r2,Cesnet200603,B2,23,40,17,0.425,63,63,1.0,14.188265961827247,287.37382351999986,0.08363257113329989,2001,9
rescuenet,Cesnet200603-r2,Cesnet200603,B2,24,40,27,0.675,63,63,1.0,12.094966524540187,287.37382351999986,0.08363257113329989,2001,9
rescuenet,Cesnet200603-r2,Cesnet200603,B2,25,40,26,0.65,63,63,1.0,12.001892045088404,287.37382351999986,0.08363257113329989,2001,9
rescuenet,Cesnet200603-r2,Cesnet200603,B2,26,40,25,0.625,63,63,1.0,12.419614447256148,287.37382351999986,0.08363257113329989,2001,9
rescuenet,Cesnet200603-r2,Cesnet200603,B2,27,40,27,0.675,63,63,1.0,10.925542492151768,287.37382351999986,0.08363257113329989,2001,9
rescuenet,Cesnet200603-r2,Cesnet200603,B2,28,40,26,0.65,63,63,1.0,11.963913520267957,287.37382351999986,0.08363257113329989,2001,9
rescuenet,Cesnet200603-r2,Cesnet200603,B2,29,40,27,0.675,63,63,1.0,11.39519379354407,287.37382351999986,0.08363257113329989,2001,9
rescuenet,Cesnet200603-r2,Cesnet200603,P,0,40,26,0.65,63,63,1.0,12.384980255511527,278.23336130700045,0.08357235603349787,2001,10
rescuenet,Cesnet200603-r2,Cesnet200603,P,1,40,24,0.6,63,63,1.0,12.594219793483381,278.23336130700045,0.08357235603349787,2001,10
rescuenet,Cesnet200603-r2,Cesnet200603,P,2,40,25,0.625,63,63,1.0,12.629261240053497,278.23336130700045,0.08357235603349787,2001,10
rescuenet,Cesnet200603-r2,Cesnet200603,P,3,40,26,0.65,63,63,1.0,12.549731065962474,278.23336130700045,0.08357235603349787,2001,10
rescuenet,Cesnet200603-r2,Cesnet200603,P,4,40,24,0.6,63,63,1.0,13.047799971974271,278.23336130700045,0.08357235603349787,2001,10
rescuenet,Cesnet200603-r2,Cesnet200603,P,5,40,26,0.65,63,63,1.0,12.41245199954733,278.23336130700045,0.08357235603349787,2001,10
rescuenet,Cesnet200603-r2,Cesnet200603,P,6,40,24,0.6,63,63,1.0,12.729015588805591,278.23336130700045,0.08357235603349787,2001,10
rescuenet,Cesnet200603-r2,Cesnet200603,P,7,40,22,0.55,63,63,1.0,14.033370698968827,278.23336130700045,0.08357235603349787,2001,10
rescuenet,Cesnet200603-r2,Cesnet200603,P,8,40,25,0.625,63,63,1.0,12.54304391334721,278.23336130700045,0.08357235603349787,2001,10
rescuenet,Cesnet200603-r2,Cesnet200603,P,9,40,27,0.675,63,63,1.0,11.642009197283137,278.23336130700045,0.08357235603349787,2001,10
rescuenet,Cesnet200603-r2,Cesnet200603,P,10,40,25,0.625,63,63,1.0,13.013864325340554,278.23336130700045,0.08357235603349787,2001,10
rescuenet,Cesnet200603-r2,Cesnet200603,P,11,40,25,0.625,63,63,1.0,12.711555312355904,278.23336130700045,0.08357235603349787,2001,10
rescuenet,Cesnet200603-r2,Cesnet200603,P,12,40,25,0.625,63,63,1.0,12.476353755321028,278.23336130700045,0.08357235603349787,2001,10
rescuenet,Cesnet200603-r2,Cesnet200603,P,13,40,25,0.625,63,63,1.0,12.479274908048732,278.23336130700045,0.08357235603349787,2001,10
rescuenet,Cesnet200603-r2,Cesnet200603,P,14,40,23,0.575,63,63,1.0,13.569476298811528,278.23336130700045,0.08357235603349787,2001,10
rescuenet,Cesnet200603-r2,Cesnet200603,P,15,40,21,0.525,63,63,1.0,13.735096017889392,278.23336130700045,0.08357235603349787,2001,10
rescuenet,Cesnet200603-r2,Cesnet200603,P,16,40,23,0.575,63,63,1.0,13.026831122359631,278.23336130700045,0.08357235603349787,2001,10
rescuenet,Cesnet200603-r2,Cesnet200603,P,17,40,21,0.525,63,63,1.0,13.346890273308007,278.23336130700045,0.08357235603349787,2001,10
rescuenet,Cesnet200603-r2,Cesnet200603,P,18,40,25,0.625,63,63,1.0,12.560983698890452,278.23336130700045,0.08357235603349787,2001,10
rescuenet,Cesnet200603-r2,Cesnet200603,P,19,40,25,0.625,63,63,1.0,13.276106806308645,278.23336130700045,0.08357235603349787,2001,10
rescuenet,Cesnet200603-r2,Cesnet200603,P,20,40,24,0.6,63,63,1.0,13.284556935108819,278.23336130700045,0.08357235603349787,2001,10
rescuenet,Cesnet200603-r2,Cesnet200603,P,21,40,26,0.65,63,63,1.0,12.83969840630834,278.23336130700045,0.08357235603349787,2001,10
rescuenet,Cesnet200603-r2,Cesnet200603,P,22,40,23,0.575,63,63,1.0,12.112531425913888,278.23336130700045,0.08357235603349787,2001,10
rescuenet,Cesnet200603-r2,Cesnet200603,P,23,40,22,0.55,63,63,1.0,14.145186865200907,278.23336130700045,0.08357235603349787,2001,10
rescuenet,Cesnet200603-r2,Cesnet200603,P,24,40,26,0.65,63,63,1.0,12.079932433961677,278.23336130700045,0.08357235603349787,2001,10
rescuenet,Cesnet200603-r2,Cesnet200603,P,25,40,25,0.625,63,63,1.0,12.197116224946186,278.23336130700045,0.08357235603349787,2001,10
rescuenet,Cesnet200603-r2,Cesnet200603,P,26,40,25,0.625,63,63,1.0,12.956981241844298,278.23336130700045,0.08357235603349787,2001,10
rescuenet,Cesnet200603-r2,Cesnet200603,P,27,40,26,0.65,63,63,1.0,11.806698935218716,278.23336130700045,0.08357235603349787,2001,10
rescuenet,Cesnet200603-r2,Cesnet200603,P,28,40,25,0.625,63,63,1.0,12.298048134569623,278.23336130700045,0.08357235603349787,2001,10
rescuenet,Cesnet200603-r2,Cesnet200603,P,29,40,24,0.6,63,63,1.0,11.864223778294726,278.23336130700045,0.08357235603349787,2001,10
rescuenet,Cesnet200603-r2,Cesnet200603,TRAN,0,40,21,0.525,63,63,1.0,17.53578881014124,233.0302716169972,0.06885381219981354,1,0
rescuenet,Cesnet200603-r2,Cesnet200603,TRAN,1,40,22,0.55,63,63,1.0,16.943042242367106,233.0302716169972,0.06885381219981354,1,0
rescuenet,Cesnet200603-r2,Cesnet200603,TRAN,2,40,21,0.525,63,63,1.0,16.49069441425805,233.0302716169972,0.06885381219981354,1,0
rescuenet,Cesnet200603-r2,Cesnet200603,TRAN,3,40,22,0.55,63,63,1.0,17.29055550429807,233.0302716169972,0.06885381219981354,1,0
rescuenet,Cesnet200603-r2,Cesnet200603,TRAN,4,40,22,0.55,63,63,1.0,16.410588101197167,233.0302716169972,0.06885381219981354,1,0
rescuenet,Cesnet200603-r2,Cesnet200603,TRAN,5,40,20,0.5,63,63,1.0,18.2661040727691,233.0302716169972,0.06885381219981354,1,0
rescuenet,Cesnet200603-r2,Cesnet200603,TRAN,6,40,21,0.525,63,63,1.0,17.766298013751904,233.0302716169972,0.06885381219981354,1,0
rescuenet,Cesnet200603-r2,Cesnet200603,TRAN,7,40,21,0.525,63,63,1.0,18.289633450027868,233.0302716169972,0.06885381219981354,1,0
rescuenet,Cesnet200603-r2,Cesnet200603,TRAN,8,40,21,0.525,63,63,1.0,17.669926751813108,233.0302716169972,0.06885381219981354,1,0
rescuenet,Cesnet200603-r2,Cesnet200603,TRAN,9,40,22,0.55,63,63,1.0,16.79653961057084,233.0302716169972,0.06885381219981354,1,0
rescuenet,Cesnet200603-r2,Cesnet200603,TRAN,10,40,20,0.5,63,63,1.0,18.0556339920714,233.0302716169972,0.06885381219981354,1,0
rescuenet,Cesnet200603-r2,Cesnet200603,TRAN,11,40,21,0.525,63,63,1.0,18.101266664474462,233.0302716169972,0.06885381219981354,1,0
rescuenet,Cesnet200603-r2,Cesnet200603,TRAN,12,40,21,0.525,63,63,1.0,17.77015738361269,233.0302716169972,0.06885381219981354,1,0
rescuenet,Cesnet200603-r2,Cesnet200603,TRAN,13,40,21,0.525,63,63,1.0,17.831913371698253,233.0302716169972,0.06885381219981354,1,0
rescuenet,Cesnet200603-r2,Cesnet200603,TRAN,14,40,21,0.525,63,63,1.0,17.757668759713326,233.0302716169972,0.06885381219981354,1,0
rescuenet,Cesnet200603-r2,Cesnet200603,TRAN,15,40,20,0.5,63,63,1.0,18.11055185288718,233.0302716169972,0.06885381219981354,1,0
rescuenet,Cesnet200603-r2,Cesnet200603,TRAN,16,40,21,0.525,63,63,1.0,16.389513877535094,233.0302716169972,0.06885381219981354,1,0
rescuenet,Cesnet200603-r2,Cesnet200603,TRAN,17,40,19,0.475,63,63,1.0,19.091360761618056,233.0302716169972,0.06885381219981354,1,0
rescuenet,Cesnet200603-r2,Cesnet200603,TRAN,18,40,21,0.525,63,63,1.0,17.58089608734983,233.0302716169972,0.06885381219981354,1,0
rescuenet,Cesnet200603-r2,Cesnet200603,TRAN,19,40,21,0.525,63,63,1.0,17.236210727362746,233.0302716169972,0.06885381219981354,1,0
rescuenet,Cesnet200603-r2,Cesnet200603,TRAN,20,40,22,0.55,63,63,1.0,16.818984848313463,233.0302716169972,0.06885381219981354,1,0
rescuenet,Cesnet200603-r2,Cesnet200603,TRAN,21,40,20,0.5,63,63,1.0,18.78895664930148,233.0302716169972,0.06885381219981354,1,0
rescuenet,Cesnet200603-r2,Cesnet200603,TRAN,22,40,22,0.55,63,63,1.0,16.61421954961919,233.0302716169972,0.06885381219981354,1,0
rescuenet,Cesnet200603-r2,Cesnet200603,TRAN,23,40,21,0.525,63,63,1.0,18.111657830387017,233.0302716169972,0.06885381219981354,1,0
rescuenet,Cesnet200603-r2,Cesnet200603,TRAN,24,40,21,0.525,63,63,1.0,17.45559340621226,233.0302716169972,0.06885381219981354,1,0
rescuenet,Cesnet200603-r2,Cesnet200603,TRAN,25,40,20,0.5,63,63,1.0,18.117982006101567,233.0302716169972,0.06885381219981354,1,0
rescuenet,Cesnet200603-r2,Cesnet200603,TRAN,26,40,21,0.525,63,63,1.0,17.91864475910343,233.0302716169972,0.06885381219981354,1,0
rescuenet,Cesnet200603-r2,Cesnet200603,TRAN,27,40,22,0.55,63,63,1.0,16.49243545097967,233.0302716169972,0.06885381219981354,1,0
rescuenet,Cesnet200603-r2,Cesnet200603,TRAN,28,40,21,0.525,63,63,1.0,17.869893998420107,233.0302716169972,0.06885381219981354,1,0
rescuenet,Cesnet200603-r2,Cesnet200603,TRAN,29,40,21,0.525,63,63,1.0,17.760513528706458,233.0302716169972,0.06885381219981354,1,0
rescuenet,Digex-r0,Digex,B0,0,40,5,0.125,63,16,0.25396825396825395,30.222459050842076,0.00013678899995284155,0.05964479666678623,1,0
rescuenet,Digex-r0,Digex,B0,1,40,5,0.125,63,16,0.25396825396825395,30.222459050842076,0.00013678899995284155,0.05964479666678623,1,0
rescuenet,Digex-r0,Digex,B0,2,40,5,0.125,63,16,0.25396825396825395,30.222459050842076,0.00013678899995284155,0.05964479666678623,1,0
rescuenet,Digex-r0,Digex,B0,3,40,5,0.125,63,16,0.25396825396825395,30.222459050842076,0.00013678899995284155,0.05964479666678623,1,0
rescuenet,Digex-r0,Digex,B0,4,40,5,0.125,63,16,0.25396825396825395,30.222459050842076,0.00013678899995284155,0.05964479666678623,1,0
rescuenet,Digex-r0,Digex,B0,5,40,5,0.125,63,16,0.25396825396825395,30.222459050842076,0.00013678899995284155,0.05964479666678623,1,0
rescuenet,Digex-r0,Digex,B0,6,40,5,0.125,63,16,0.25396825396825395,30.222459050842076,0.00013678899995284155,0.05964479666678623,1,0
rescuenet,Digex-r0,Digex,B0,7,40,5,0.125,63,16,0.25396825396825395,30.222459050842076,0.00013678899995284155,0.05964479666678623,1,0
rescuenet,Digex-r0,Digex,B0,8,40,5,0.125,63,16,0.25396825396825395,30.222459050842076,0.00013678899995284155,0.05964479666678623,1,0
rescuenet,Digex-r0,Digex,B0,9,40,5,0.125,63,16,0.25396825396825395,30.222459050842076,0.00013678899995284155,0.05964479666678623,1,0
rescuenet,Digex-r0,Digex,B0,10,40,5,0.125,63,16,0.25396825396825395,30.222459050842076,0.00013678899995284155,0.05964479666678623,1,0
rescuenet,Digex-r0,Digex,B0,11,40,5,0.125,63,16,0.25396825396825395,30.222459050842076,0.00013678899995284155,0.05964479666678623,1,0
rescuenet,Digex-r0,Digex,B0,12,40,5,0.125,63,16,0.25396825396825395,30.222459050842076,0.00013678899995284155,0.05964479666678623,1,0
rescuenet,Digex-r0,Digex,B0,13,40,5,0.125,63,16,0.25396825396825395,30.222459050842076,0.00013678899995284155,0.05964479666678623,1,0
rescuenet,Digex-r0,Digex,B0,14,40,5,0.125,63,16,0.25396825396825395,30.222459050842076,0.00013678899995284155,0.05964479666678623,1,0
rescuenet,Digex-r0,Digex,B0,15,40,5,0.125,63,16,0.25396825396825395,30.222459050842076,0.00013678899995284155,0.05964479666678623,1,0
rescuenet,Digex-r0,Digex,B0,16,40,5,0.125,63,16,0.25396825396825395,30.222459050842076,0.00013678899995284155,0.05964479666678623,1,0
rescuenet,Digex-r0,Digex,B0,17,40,5,0.125,63,16,0.25396825396825395,30.222459050842076,0.00013678899995284155,0.05964479666678623,1,0
rescuenet,Digex-r0,Digex,B0,18,40,5,0.125,63,16,0.25396825396825395,30.222459050842076,0.00013678899995284155,0.05964479666678623,1,0
rescuenet,Digex-r0,Digex,B0,19,40,5,0.125,63,16,0.25396825396825395,30.222459050842076,0.00013678899995284155,0.05964479666678623,1,0
rescuenet,Digex-r0,Digex,B0,20,40,5,0.125,63,16,0.25396825396825395,30.222459050842076,0.00013678899995284155,0.05964479666678623,1,0
rescuenet,Digex-r0,Digex,B0,21,40,5,0.125,63,16,0.25396825396825395,30.222459050842076,0.00013678899995284155,0.05964479666678623,1,0
rescuenet,Digex-r0,Digex,B0,22,40,5,0.125,63,16,0.25396825396825395,30.222459050842076,0.00013678899995284155,0.05964479666678623,1,0
rescuenet,Digex-r0,Digex,B0,23,40,5,0.125,63,16,0.25396825396825395,30.222459050842076,0.00013678899995284155,0.05964479666678623,1,0
rescuenet,Digex-r0,Digex,B0,24,40,5,0.125,63,16,0.25396825396825395,30.222459050842076,0.00013678899995284155,0.05964479666678623,1,0
rescuenet,Digex-r0,Digex,B0,25,40,5,0.125,63,16,0.25396825396825395,30.222459050842076,0.00013678899995284155,0.05964479666678623,1,0
rescuenet,Digex-r0,Digex,B0,26,40,5,0.125,63,16,0.25396825396825395,30.222459050842076,0.00013678899995284155,0.05964479666678623,1,0
rescuenet,Digex-r0,Digex,B0,27,40,5,0.125,63,16,0.25396825396825395,30.222459050842076,0.00013678899995284155,0.05964479666678623,1,0
rescuenet,Digex-r0,Digex,B0,28,40,5,0.125,63,16,0.25396825396825395,30.222459050842076,0.00013678899995284155,0.05964479666678623,1,0
rescuenet,Digex-r0,Digex,B0,29,40,5,0.125,63,16,0.25396825396825395,30.222459050842076,0.00013678899995284155,0.05964479666678623,1,0
rescuenet,Digex-r0,Digex,B1,0,40,6,0.15,63,63,1.0,30.670346954394464,0.1800144660010119,0.05928721600018131,1,0
rescuenet,Digex-r0,Digex,B1,1,40,6,0.15,63,63,1.0,31.610140769796327,0.1800144660010119,0.05928721600018131,1,0
rescuenet,Digex-r0,Digex,B1,2,40,8,0.2,63,63,1.0,29.87461919795233,0.1800144660010119,0.05928721600018131,1,0
rescuenet,Digex-r0,Digex,B1,3,40,9,0.225,63,63,1.0,29.607505931379194,0.1800144660010119,0.05928721600018131,1,0
rescuenet,Digex-r0,Digex,B1,4,40,6,0.15,63,63,1.0,32.3691226985948,0.1800144660010119,0.05928721600018131,1,0
rescuenet,Digex-r0,Digex,B1,5,40,8,0.2,63,63,1.0,30.8873130440416,0.1800144660010119,0.05928721600018131,1,0
rescuenet,Digex-r0,Digex,B1,6,40,7,0.175,63,63,1.0,30.183410934639443,0.1800144660010119,0.05928721600018131,1,0
rescuenet,Digex-r0,Digex,B1,7,40,8,0.2,63,63,1.0,31.34721379553288,0.1800144660010119,0.05928721600018131,1,0
rescuenet,Digex-r0,Digex,B1,8,40,8,0.2,63,63,1.0,30.296829319820542,0.1800144660010119,0.05928721600018131,1,0
rescuenet,Digex-r0,Digex,B1,9,40,9,0.225,63,63,1.0,29.764523036118277,0.1800144660010119,0.05928721600018131,1,0
rescuenet,Digex-r0,Digex,B1,10,40,10,0.25,63,63,1.0,29.28173858986022,0.1800144660010119,0.05928721600018131,1,0
rescuenet,Digex-r0,Digex,B1,11,40,9,0.225,63,63,1.0,30.381194116566977,0.1800144660010119,0.05928721600018131,1,0
rescuenet,Digex-r0,Digex,B1,12,40,5,0.125,63,63,1.0,32.319400363382165,0.1800144660010119,0.05928721600018131,1,0
rescuenet,Digex-r0,Digex,B1,13,40,9,0.225,63,63,1.0,30.223872270915827,0.1800144660010119,0.05928721600018131,1,0
rescuenet,Digex-r0,Digex,B1,14,40,8,0.2,63,63,1.0,30.210644409095902,0.1800144660010119,0.05928721600018131,1,0
rescuenet,Digex-r0,Digex,B1,15,40,5,0.125,63,63,1.0,31.842123798903003,0.1800144660010119,0.05928721600018131,1,0
rescuenet,Digex-r0,Digex,B1,16,40,7,0.175,63,63,1.0,31.435594698519886,0.1800144660010119,0.05928721600018131,1,0
rescuenet,Digex-r0,Digex,B1,17,40,7,0.175,63,63,1.0,31.920820229969316,0.1800144660010119,0.05928721600018131,1,0
rescuenet,Digex-r0,Digex,B1,18,40,8,0.2,63,63,1.0,30.266289459207908,0.1800144660010119,0.05928721600018131,1,0
rescuenet,Digex-r0,Digex,B1,19,40,8,0.2,63,63,1.0,30.218218482269517,0.1800144660010119,0.05928721600018131,1,0
rescuenet,Digex-r0,Digex,B1,20,40,8,0.2,63,63,1.0,29.494888995957492,0.1800144660010119,0.05928721600018131,1,0
rescuenet,Digex-r0,Digex,B1,21,40,8,0.2,63,63,1.0,31.16781905685289,0.1800144660010119,0.05928721600018131,1,0
rescuenet,Digex-r0,Digex,B1,22,40,10,0.25,63,63,1.0,29.59476112386826,0.1800144660010119,0.05928721600018131,1,0
rescuenet,Digex-r0,Digex,B1,23,40,7,0.175,63,63,1.0,31.823757362388026,0.1800144660010119,0.05928721600018131,1,0
rescuenet,Digex-r0,Digex,B1,24,40,7,0.175,63,63,1.0,31.556993292037365,0.1800144660010119,0.05928721600018131,1,0
rescuenet,Digex-r0,Digex,B1,25,40,6,0.15,63,63,1.0,31.22569242097985,0.1800144660010119,0.05928721600018131,1,0
rescuenet,Digex-r0,Digex,B1,26,40,8,0.2,63,63,1.0,30.975301521767992,0.1800144660010119,0.05928721600018131,1,0
rescuenet,Digex-r0,Digex,B1,27,40,8,0.2,63,63,1.0,30.216655304265107,0.1800144660010119,0.05928721600018131,1,0
rescuenet,Digex-r0,Digex,B1,28,40,7,0.175,63,63,1.0,30.60311198627114,0.1800144660010119,0.05928721600018131,1,0
rescuenet,Digex-r0,Digex,B1,29,40,6,0.15,63,63,1.0,30.430368643000982,0.1800144660010119,0.05928721600018131,1,0
rescuenet,Digex-r0,Digex,B2,0,40,15,0.375,63,63,1.0,20.447811876331983,283.6243807540013,0.08364731713348496,2001,3
rescuenet,Digex-r0,Digex,B2,1,40,13,0.325,63,63,1.0,21.1214349506194,283.6243807540013,0.08364731713348496,2001,3
rescuenet,Digex-r0,Digex,B2,2,40,15,0.375,63,63,1.0,19.728351919604027,283.6243807540013,0.08364731713348496,2001,3
rescuenet,Digex-r0,Digex,B2,3,40,16,0.4,63,63,1.0,18.939670341163065,283.6243807540013,0.08364731713348496,2001,3
rescuenet,Digex-r0,Digex,B2,4,40,17,0.425,63,63,1.0,18.949205339542335,283.6243807540013,0.08364731713348496,2001,3
rescuenet,Digex-r0,Digex,B2,5,40,17,0.425,63,63,1.0,18.39672265682113,283.6243807540013,0.08364731713348496,2001,3
rescuenet,Digex-r0,Digex,B2,6,40,16,0.4,63,63,1.0,20.172444588301904,283.6243807540013,0.08364731713348496,2001,3
rescuenet,Digex-r0,Digex,B2,7,40,12,0.3,63,63,1.0,21.17719194977686,283.6243807540013,0.08364731713348496,2001,3
rescuenet,Digex-r0,Digex,B2,8,40,13,0.325,63,63,1.0,19.847020501769208,283.6243807540013,0.08364731713348496,2001,3
rescuenet,Digex-r0,Digex,B2,9,40,15,0.375,63,63,1.0,19.93668988984885,283.6243807540013,0.08364731713348496,2001,3
rescuenet,Digex-r0,Digex,B2,10,40,16,0.4,63,63,1.0,19.349951383401613,283.6243807540013,0.08364731713348496,2001,3
rescuenet,Digex-r0,Digex,B2,11,40,17,0.425,63,63,1.0,19.999816336775346,283.6243807540013,0.08364731713348496,2001,3
rescuenet,Digex-r0,Digex,B2,12,40,13,0.325,63,63,1.0,19.515114576216963,283.6243807540013,0.08364731713348496,2001,3
rescuenet,Digex-r0,Digex,B2,13,40,17,0.425,63,63,1.0,18.91701002877406,283.6243807540013,0.08364731713348496,2001,3
rescuenet,Digex-r0,Digex,B2,14,40,15,0.375,63,63,1.0,20.15106258006894,283.6243807540013,0.08364731713348496,2001,3
rescuenet,Digex-r0,Digex,B2,15,40,15,0.375,63,63,1.0,19.434797280406624,283.6243807540013,0.08364731713348496,2001,3
rescuenet,Digex-r0,Digex,B2,16,40,18,0.45,63,63,1.0,18.106526394631388,283.6243807540013,0.08364731713348496,2001,3
rescuenet,Digex-r0,Digex,B2,17,40,14,0.35,63,63,1.0,19.620809294062852,283.6243807540013,0.08364731713348496,2001,3
rescuenet,Digex-r0,Digex,B2,18,40,17,0.425,63,63,1.0,19.244604343799384,283.6243807540013,0.08364731713348496,2001,3
rescuenet,Digex-r0,Digex,B2,19,40,15,0.375,63,63,1.0,19.274087705772914,283.6243807540013,0.08364731713348496,2001,3
rescuenet,Digex-r0,Digex,B2,20,40,18,0.45,63,63,1.0,18.212971418379126,283.6243807540013,0.08364731713348496,2001,3
rescuenet,Digex-r0,Digex,B2,21,40,15,0.375,63,63,1.0,20.537698009319524,283.6243807540013,0.08364731713348496,2001,3
rescuenet,Digex-r0,Digex,B2,22,40,17,0.425,63,63,1.0,18.562262840515608,283.6243807540013,0.08364731713348496,2001,3
rescuenet,Digex-r0,Digex,B2,23,40,14,0.35,63,63,1.0,19.647016303823293,283.6243807540013,0.08364731713348496,2001,3
rescuenet,Digex-r0,Digex,B2,24,40,16,0.4,63,63,1.0,19.882131570673504,283.6243807540013,0.08364731713348496,2001,3
rescuenet,Digex-r0,Digex,B2,25,40,15,0.375,63,63,1.0,19.516918440292677,283.6243807540013,0.08364731713348496,2001,3
rescuenet,Digex-r0,Digex,B2,26,40,14,0.35,63,63,1.0,20.743542150519517,283.6243807540013,0.08364731713348496,2001,3
rescuenet,Digex-r0,Digex,B2,27,40,15,0.375,63,63,1.0,19.48940555875872,283.6243807540013,0.08364731713348496,2001,3
rescuenet,Digex-r0,Digex,B2,28,40,15,0.375,63,63,1.0,19.62545996915994,283.6243807540013,0.08364731713348496,2001,3
rescuenet,Digex-r0,Digex,B2,29,40,15,0.375,63,63,1.0,21.48452935300722,283.6243807540013,0.08364731713348496,2001,3
rescuenet,Digex-r0,Digex,P,0,40,15,0.375,63,63,1.0,19.49706987076532,316.68192155399447,0.09835794413326464,2001,6
rescuenet,Digex-r0,Digex,P,1,40,14,0.35,63,63,1.0,20.295632679268426,316.68192155399447,0.09835794413326464,2001,6
rescuenet,Digex-r0,Digex,P,2,40,15,0.375,63,63,1.0,20.309146778065934,316.68192155399447,0.09835794413326464,2001,6
rescuenet,Digex-r0,Digex,P,3,40,13,0.325,63,63,1.0,19.631778691793617,316.68192155399447,0.09835794413326464,2001,6
rescuenet,Digex-r0,Digex,P,4,40,17,0.425,63,63,1.0,19.097153247576834,316.68192155399447,0.09835794413326464,2001,6
rescuenet,Digex-r0,Digex,P,5,40,17,0.425,63,63,1.0,18.88336124493104,316.68192155399447,0.09835794413326464,2001,6
rescuenet,Digex-r0,Digex,P,6,40,15,0.375,63,63,1.0,19.569718472087715,316.68192155399447,0.09835794413326464,2001,6
rescuenet,Digex-r0,Digex,P,7,40,13,0.325,63,63,1.0,19.784640055509065,316.68192155399447,0.09835794413326464,2001,6
rescuenet,Digex-r0,Digex,P,8,40,15,0.375,63,63,1.0,18.923221238545086,316.68192155399447,0.09835794413326464,2001,6
rescuenet,Digex-r0,Digex,P,9,40,17,0.425,63,63,1.0,17.756724325986173,316.68192155399447,0.09835794413326464,2001,6
rescuenet,Digex-r0,Digex,P,10,40,15,0.375,63,63,1.0,19.404002296799373,316.68192155399447,0.09835794413326464,2001,6
rescuenet,Digex-r0,Digex,P,11,40,16,0.4,63,63,1.0,19.66168413182351,316.68192155399447,0.09835794413326464,2001,6
rescuenet,Digex-r0,Digex,P,12,40,12,0.3,63,63,1.0,19.215233341480772,316.68192155399447,0.09835794413326464,2001,6
rescuenet,Digex-r0,Digex,P,13,40,16,0.4,63,63,1.0,18.778300605796165,316.68192155399447,0.09835794413326464,2001,6
rescuenet,Digex-r0,Digex,P,14,40,15,0.375,63,63,1.0,18.750771617087015,316.68192155399447,0.09835794413326464,2001,6
rescuenet,Digex-r0,Digex,P,15,40,14,0.35,63,63,1.0,18.257288712761998,316.68192155399447,0.09835794413326464,2001,6
rescuenet,Digex-r0,Digex,P,16,40,17,0.425,63,63,1.0,18.319689430085873,316.68192155399447,0.09835794413326464,2001,6
rescuenet,Digex-r0,Digex,P,17,40,16,0.4,63,63,1.0,17.882915854350138,316.68192155399447,0.09835794413326464,2001,6
rescuenet,Digex-r0,Digex,P,18,40,16,0.4,63,63,1.0,19.8538911029295,316.68192155399447,0.09835794413326464,2001,6
rescuenet,Digex-r0,Digex,P,19,40,16,0.4,63,63,1.0,18.30409335104837,316.68192155399447,0.09835794413326464,2001,6
rescuenet,Digex-r0,Digex,P,20,40,17,0.425,63,63,1.0,18.01817600493119,316.68192155399447,0.09835794413326464,2001,6
rescuenet,Digex-r0,Digex,P,21,40,16,0.4,63,63,1.0,19.41609460291855,316.68192155399447,0.09835794413326464,2001,6
rescuenet,Digex-r0,Digex,P,22,40,16,0.4,63,63,1.0,18.077678178274326,316.68192155399447,0.09835794413326464,2001,6
rescuenet,Digex-r0,Digex,P,23,40,13,0.325,63,63,1.0,19.5853368815779,316.68192155399447,0.09835794413326464,2001,6
rescuenet,Digex-r0,Digex,P,24,40,18,0.45,63,63,1.0,18.117010386762487,316.68192155399447,0.09835794413326464,2001,6
rescuenet,Digex-r0,Digex,P,25,40,17,0.425,63,63,1.0,18.106386173197368,316.68192155399447,0.09835794413326464,2001,6
rescuenet,Digex-r0,Digex,P,26,40,17,0.425,63,63,1.0,18.849161693810768,316.68192155399447,0.09835794413326464,2001,6
rescuenet,Digex-r0,Digex,P,27,40,16,0.4,63,63,1.0,18.244484741159386,316.68192155399447,0.09835794413326464,2001,6
rescuenet,Digex-r0,Digex,P,28,40,15,0.375,63,63,1.0,19.14469310314985,316.68192155399447,0.09835794413326464,2001,6
rescuenet,Digex-r0,Digex,P,29,40,15,0.375,63,63,1.0,20.93445477167272,316.68192155399447,0.09835794413326464,2001,6
rescuenet,Digex-r0,Digex,TRAN,0,40,7,0.175,63,63,1.0,28.43736805589881,342.17644035700505,0.08843897033342121,1,0
rescuenet,Digex-r0,Digex,TRAN,1,40,7,0.175,63,63,1.0,31.07845380000897,342.17644035700505,0.08843897033342121,1,0
rescuenet,Digex-r0,Digex,TRAN,2,40,11,0.275,63,63,1.0,27.60000798070562,342.17644035700505,0.08843897033342121,1,0
rescuenet,Digex-r0,Digex,TRAN,3,40,9,0.225,63,63,1.0,27.95328588100429,342.17644035700505,0.08843897033342121,1,0
rescuenet,Digex-r0,Digex,TRAN,4,40,10,0.25,63,63,1.0,28.45456189234346,342.17644035700505,0.08843897033342121,1,0
rescuenet,Digex-r0,Digex,TRAN,5,40,10,0.25,63,63,1.0,28.00179960064083,342.17644035700505,0.08843897033342121,1,0
rescuenet,Digex-r0,Digex,TRAN,6,40,11,0.275,63,63,1.0,27.616636341276042,342.17644035700505,0.08843897033342121,1,0
rescuenet,Digex-r0,Digex,TRAN,7,40,10,0.25,63,63,1.0,27.839758970328024,342.17644035700505,0.08843897033342121,1,0
rescuenet,Digex-r0,Digex,TRAN,8,40,11,0.275,63,63,1.0,27.31764534210189,342.17644035700505,0.08843897033342121,1,0
rescuenet,Digex-r0,Digex,TRAN,9,40,10,0.25,63,63,1.0,28.183475133042393,342.17644035700505,0.08843897033342121,1,0
rescuenet,Digex-r0,Digex,TRAN,10,40,11,0.275,63,63,1.0,27.879522936081518,342.17644035700505,0.08843897033342121,1,0
rescuenet,Digex-r0,Digex,TRAN,11,40,9,0.225,63,63,1.0,29.278058970341,342.17644035700505,0.08843897033342121,1,0
rescuenet,Digex-r0,Digex,TRAN,12,40,9,0.225,63,63,1.0,29.42854158441423,342.17644035700505,0.08843897033342121,1,0
rescuenet,Digex-r0,Digex,TRAN,13,40,9,0.225,63,63,1.0,29.009356445118673,342.17644035700505,0.08843897033342121,1,0
rescuenet,Digex-r0,Digex,TRAN,14,40,9,0.225,63,63,1.0,29.070560852487844,342.17644035700505,0.08843897033342121,1,0
rescuenet,Digex-r0,Digex,TRAN,15,40,12,0.3,63,63,1.0,27.032755310090472,342.17644035700505,0.08843897033342121,1,0
rescuenet,Digex-r0,Digex,TRAN,16,40,10,0.25,63,63,1.0,28.479754690809038,342.17644035700505,0.08843897033342121,1,0
rescuenet,Digex-r0,Digex,TRAN,17,40,10,0.25,63,63,1.0,27.087900417522512,342.17644035700505,0.08843897033342121,1,0
rescuenet,Digex-r0,Digex,TRAN,18,40,11,0.275,63,63,1.0,27.817220860163722,342.17644035700505,0.08843897033342121,1,0
rescuenet,Digex-r0,Digex,TRAN,19,40,10,0.25,63,63,1.0,27.586357031721025,342.17644035700505,0.08843897033342121,1,0
rescuenet,Digex-r0,Digex,TRAN,20,40,10,0.25,63,63,1.0,29.057669536289662,342.17644035700505,0.08843897033342121,1,0
rescuenet,Digex-r0,Digex,TRAN,21,40,9,0.225,63,63,1.0,28.48356254430203,342.17644035700505,0.08843897033342121,1,0
rescuenet,Digex-r0,Digex,TRAN,22,40,9,0.225,63,63,1.0,28.42737491877608,342.17644035700505,0.08843897033342121,1,0
rescuenet,Digex-r0,Digex,TRAN,23,40,10,0.25,63,63,1.0,28.088313914616233,342.17644035700505,0.08843897033342121,1,0
rescuenet,Digex-r0,Digex,TRAN,24,40,10,0.25,63,63,1.0,27.798658082966803,342.17644035700505,0.08843897033342121,1,0
rescuenet,Digex-r0,Digex,TRAN,25,40,11,0.275,63,63,1.0,27.82834890420844,342.17644035700505,0.08843897033342121,1,0
rescuenet,Digex-r0,Digex,TRAN,26,40,9,0.225,63,63,1.0,29.378725604371805,342.17644035700505,0.08843897033342121,1,0
rescuenet,Digex-r0,Digex,TRAN,27,40,9,0.225,63,63,1.0,28.828658093954644,342.17644035700505,0.08843897033342121,1,0
rescuenet,Digex-r0,Digex,TRAN,28,40,11,0.275,63,63,1.0,27.989538083153196,342.17644035700505,0.08843897033342121,1,0
rescuenet,Digex-r0,Digex,TRAN,29,40,9,0.225,63,63,1.0,28.333316782080043,342.17644035700505,0.08843897033342121,1,0
rescuenet,Digex-r1,Digex,B0,0,40,8,0.2,63,20,0.31746031746031744,30.573480261812282,0.0001679439956205897,0.048134767733184466,1,0
rescuenet,Digex-r1,Digex,B0,1,40,8,0.2,63,20,0.31746031746031744,30.573480261812282,0.0001679439956205897,0.048134767733184466,1,0
rescuenet,Digex-r1,Digex,B0,2,40,8,0.2,63,20,0.31746031746031744,30.573480261812282,0.0001679439956205897,0.048134767733184466,1,0
rescuenet,Digex-r1,Digex,B0,3,40,8,0.2,63,20,0.31746031746031744,30.573480261812282,0.0001679439956205897,0.048134767733184466,1,0
rescuenet,Digex-r1,Digex,B0,4,40,8,0.2,63,20,0.31746031746031744,30.573480261812282,0.0001679439956205897,0.048134767733184466,1,0
rescuenet,Digex-r1,Digex,B0,5,40,8,0.2,63,20,0.31746031746031744,30.573480261812282,0.0001679439956205897,0.048134767733184466,1,0
rescuenet,Digex-r1,Digex,B0,6,40,8,0.2,63,20,0.31746031746031744,30.573480261812282,0.0001679439956205897,0.048134767733184466,1,0
rescuenet,Digex-r1,Digex,B0,7,40,8,0.2,63,20,0.31746031746031744,30.573480261812282,0.0001679439956205897,0.048134767733184466,1,0
rescuenet,Digex-r1,Digex,B0,8,40,8,0.2,63,20,0.31746031746031744,30.573480261812282,0.0001679439956205897,0.048134767733184466,1,0
rescuenet,Digex-r1,Digex,B0,9,40,8,0.2,63,20,0.31746031746031744,30.573480261812282,0.0001679439956205897,0.048134767733184466,1,0
rescuenet,Digex-r1,Digex,B0,10,40,8,0.2,63,20,0.31746031746031744,30.573480261812282,0.0001679439956205897,0.048134767733184466,1,0
rescuenet,Digex-r1,Digex,B0,11,40,8,0.2,63,20,0.31746031746031744,30.573480261812282,0.0001679439956205897,0.048134767733184466,1,0
rescuenet,Digex-r1,Digex,B0,12,40,8,0.2,63,20,0.31746031746031744,30.573480261812282,0.0001679439956205897,0.048134767733184466,1,0
rescuenet,Digex-r1,Digex,B0,13,40,8,0.2,63,20,0.31746031746031744,30.573480261812282,0.0001679439956205897,0.048134767733184466,1,0
rescuenet,Digex-r1,Digex,B0,14,40,8,0.2,63,20,0.31746031746031744,30.573480261812282,0.0001679439956205897,0.048134767733184466,1,0
rescuenet,Digex-r1,Digex,B0,15,40,8,0.2,63,20,0.31746031746031744,30.573480261812282,0.0001679439956205897,0.048134767733184466,1,0
rescuenet,Digex-r1,Digex,B0,16,40,8,0.2,63,20,0.31746031746031744,30.573480261812282,0.0001679439956205897,0.048134767733184466,1,0
rescuenet,Digex-r1,Digex,B0,17,40,8,0.2,63,20,0.31746031746031744,30.573480261812282,0.0001679439956205897,0.048134767733184466,1,0
rescuenet,Digex-r1,Digex,B0,18,40,8,0.2,63,20,0.31746031746031744,30.573480261812282,0.0001679439956205897,0.048134767733184466,1,0
rescuenet,Digex-r1,Digex,B0,19,40,8,0.2,63,20,0.31746031746031744,30.573480261812282,0.0001679439956205897,0.048134767733184466,1,0
rescuenet,Digex-r1,Digex,B0,20,40,8,0.2,63,20,0.31746031746031744,30.573480261812282,0.0001679439956205897,0.048134767733184466,1,0
rescuenet,Digex-r1,Digex,B0,21,40,8,0.2,63,20,0.31746031746031744,30.573480261812282,0.0001679439956205897,0.048134767733184466,1,0
rescuenet,Digex-r1,Digex,B0,22,40,8,0.2,63,20,0.31746031746031744,30.573480261812282,0.0001679439956205897,0.048134767733184466,1,0
rescuenet,Digex-r1,Digex,B0,23,40,8,0.2,63,20,0.31746031746031744,30.573480261812282,0.0001679439956205897,0.048134767733184466,1,0
rescuenet,Digex-r1,Digex,B0,24,40,8,0.2,63,20,0.31746031746031744,30.573480261812282,0.0001679439956205897,0.048134767733184466,1,0
rescuenet,Digex-r1,Digex,B0,25,40,8,0.2,63,20,0.31746031746031744,30.573480261812282,0.0001679439956205897,0.048134767733184466,1,0
rescuenet,Digex-r1,Digex,B0,26,40,8,0.2,63,20,0.31746031746031744,30.573480261812282,0.0001679439956205897,0.048134767733184466,1,0
rescuenet,Digex-r1,Digex,B0,27,40,8,0.2,63,20,0.31746031746031744,30.573480261812282,0.0001679439956205897,0.048134767733184466,1,0
rescuenet,Digex-r1,Digex,B0,28,40,8,0.2,63,20,0.31746031746031744,30.573480261812282,0.0001679439956205897,0.048134767733184466,1,0
rescuenet,Digex-r1,Digex,B0,29,40,8,0.2,63,20,0.31746031746031744,30.573480261812282,0.0001679439956205897,0.048134767733184466,1,0
rescuenet,Digex-r1,Digex,B1,0,40,10,0.25,63,63,1.0,28.56777336396727,0.16562377900118008,0.04998464103337028,1,0
rescuenet,Digex-r1,Digex,B1,1,40,11,0.275,63,63,1.0,28.128702965127697,0.16562377900118008,0.04998464103337028,1,0
rescuenet,Digex-r1,Digex,B1,2,40,10,0.25,63,63,1.0,29.19572030379484,0.16562377900118008,0.04998464103337028,1,0
rescuenet,Digex-r1,Digex,B1,3,40,10,0.25,63,63,1.0,29.279836096591783,0.16562377900118008,0.04998464103337028,1,0
rescuenet,Digex-r1,Digex,B1,4,40,8,0.2,63,63,1.0,29.143267323546205,0.16562377900118008,0.04998464103337028,1,0
rescuenet,Digex-r1,Digex,B1,5,40,9,0.225,63,63,1.0,30.008892657201553,0.16562377900118008,0.04998464103337028,1,0
rescuenet,Digex-r1,Digex,B1,6,40,11,0.275,63,63,1.0,28.672011576043076,0.16562377900118008,0.04998464103337028,1,0
rescuenet,Digex-r1,Digex,B1,7,40,10,0.25,63,63,1.0,28.647742134624572,0.16562377900118008,0.04998464103337028,1,0
rescuenet,Digex-r1,Digex,B1,8,40,12,0.3,63,63,1.0,27.63573843862168,0.16562377900118008,0.04998464103337028,1,0
rescuenet,Digex-r1,Digex,B1,9,40,10,0.25,63,63,1.0,28.12399542374487,0.16562377900118008,0.04998464103337028,1,0
rescuenet,Digex-r1,Digex,B1,10,40,10,0.25,63,63,1.0,29.400518030394785,0.16562377900118008,0.04998464103337028,1,0
rescuenet,Digex-r1,Digex,B1,11,40,9,0.225,63,63,1.0,29.355273317717657,0.16562377900118008,0.04998464103337028,1,0
rescuenet,Digex-r1,Digex,B1,12,40,11,0.275,63,63,1.0,28.077215215429007,0.16562377900118008,0.04998464103337028,1,0
rescuenet,Digex-r1,Digex,B1,13,40,11,0.275,63,63,1.0,27.194994097869166,0.16562377900118008,0.04998464103337028,1,0
rescuenet,Digex-r1,Digex,B1,14,40,9,0.225,63,63,1.0,29.016330189633745,0.16562377900118008,0.04998464103337028,1,0
rescuenet,Digex-r1,Digex,B1,15,40,10,0.25,63,63,1.0,28.40100299903489,0.16562377900118008,0.04998464103337028,1,0
rescuenet,Digex-r1,Digex,B1,16,40,9,0.225,63,63,1.0,29.715253431545822,0.16562377900118008,0.04998464103337028,1,0
rescuenet,Digex-r1,Digex,B1,17,40,10,0.25,63,63,1.0,29.432256006530736,0.16562377900118008,0.04998464103337028,1,0
rescuenet,Digex-r1,Digex,B1,18,40,9,0.225,63,63,1.0,29.31682786517823,0.16562377900118008,0.04998464103337028,1,0
rescuenet,Digex-r1,Digex,B1,19,40,11,0.275,63,63,1.0,27.7346089782108,0.16562377900118008,0.04998464103337028,1,0
rescuenet,Digex-r1,Digex,B1,20,40,11,0.275,63,63,1.0,28.320000825666796,0.16562377900118008,0.04998464103337028,1,0
rescuenet,Digex-r1,Digex,B1,21,40,12,0.3,63,63,1.0,27.82206801888572,0.16562377900118008,0.04998464103337028,1,0
rescuenet,Digex-r1,Digex,B1,22,40,10,0.25,63,63,1.0,28.498036693774118,0.16562377900118008,0.04998464103337028,1,0
rescuenet,Digex-r1,Digex,B1,23,40,10,0.25,63,63,1.0,28.838247440415003,0.16562377900118008,0.04998464103337028,1,0
rescuenet,Digex-r1,Digex,B1,24,40,10,0.25,63,63,1.0,28.981667524672694,0.16562377900118008,0.04998464103337028,1,0
rescuenet,Digex-r1,Digex,B1,25,40,10,0.25,63,63,1.0,28.57905073138109,0.16562377900118008,0.04998464103337028,1,0
rescuenet,Digex-r1,Digex,B1,26,40,9,0.225,63,63,1.0,29.881583349244895,0.16562377900118008,0.04998464103337028,1,0
rescuenet,Digex-r1,Digex,B1,27,40,10,0.25,63,63,1.0,28.840008140860743,0.16562377900118008,0.04998464103337028,1,0
rescuenet,Digex-r1,Digex,B1,28,40,10,0.25,63,63,1.0,29.009912033573507,0.16562377900118008,0.04998464103337028,1,0
rescuenet,Digex-r1,Digex,B1,29,40,11,0.275,63,63,1.0,27.35441055058912,0.16562377900118008,0.04998464103337028,1,0
rescuenet,Digex-r1,Digex,B2,0,40,15,0.375,63,63,1.0,21.432772590582793,323.3132223700013,0.08829286593342354,2001,3
rescuenet,Digex-r1,Digex,B2,1,40,14,0.35,63,63,1.0,21.793711736007406,323.3132223700013,0.08829286593342354,2001,3
rescuenet,Digex-r1,Digex,B2,2,40,10,0.25,63,63,1.0,23.472291673226948,323.3132223700013,0.08829286593342354,2001,3
rescuenet,Digex-r1,Digex,B2,3,40,13,0.325,63,63,1.0,22.86849878628081,323.3132223700013,0.08829286593342354,2001,3
rescuenet,Digex-r1,Digex,B2,4,40,12,0.3,63,63,1.0,23.939192696976594,323.3132223700013,0.08829286593342354,2001,3
rescuenet,Digex-r1,Digex,B2,5,40,12,0.3,63,63,1.0,22.319691595154193,323.3132223700013,0.08829286593342354,2001,3
rescuenet,Digex-r1,Digex,B2,6,40,14,0.35,63,63,1.0,22.039850950171438,323.3132223700013,0.08829286593342354,2001,3
rescuenet,Digex-r1,Digex,B2,7,40,14,0.35,63,63,1.0,23.524244375420974,323.3132223700013,0.08829286593342354,2001,3
rescuenet,Digex-r1,Digex,B2,8,40,14,0.35,63,63,1.0,22.67298619932157,323.3132223700013,0.08829286593342354,2001,3
rescuenet,Digex-r1,Digex,B2,9,40,10,0.25,63,63,1.0,22.73512166242548,323.3132223700013,0.08829286593342354,2001,3
rescuenet,Digex-r1,Digex,B2,10,40,10,0.25,63,63,1.0,23.844834719458028,323.3132223700013,0.08829286593342354,2001,3
rescuenet,Digex-r1,Digex,B2,11,40,15,0.375,63,63,1.0,22.617472983568078,323.3132223700013,0.08829286593342354,2001,3
rescuenet,Digex-r1,Digex,B2,12,40,11,0.275,63,63,1.0,25.455846631477833,323.3132223700013,0.08829286593342354,2001,3
rescuenet,Digex-r1,Digex,B2,13,40,11,0.275,63,63,1.0,22.121319518626297,323.3132223700013,0.08829286593342354,2001,3
rescuenet,Digex-r1,Digex,B2,14,40,13,0.325,63,63,1.0,22.42078957464891,323.3132223700013,0.08829286593342354,2001,3
rescuenet,Digex-r1,Digex,B2,15,40,13,0.325,63,63,1.0,23.317774388161038,323.3132223700013,0.08829286593342354,2001,3
rescuenet,Digex-r1,Digex,B2,16,40,12,0.3,63,63,1.0,23.174747751568678,323.3132223700013,0.08829286593342354,2001,3
rescuenet,Digex-r1,Digex,B2,17,40,10,0.25,63,63,1.0,23.09147170597276,323.3132223700013,0.08829286593342354,2001,3
rescuenet,Digex-r1,Digex,B2,18,40,13,0.325,63,63,1.0,21.698309659324657,323.3132223700013,0.08829286593342354,2001,3
rescuenet,Digex-r1,Digex,B2,19,40,13,0.325,63,63,1.0,22.74353903447298,323.3132223700013,0.08829286593342354,2001,3
rescuenet,Digex-r1,Digex,B2,20,40,13,0.325,63,63,1.0,22.656783050773786,323.3132223700013,0.08829286593342354,2001,3
rescuenet,Digex-r1,Digex,B2,21,40,12,0.3,63,63,1.0,24.936299849187684,323.3132223700013,0.08829286593342354,2001,3
rescuenet,Digex-r1,Digex,B2,22,40,11,0.275,63,63,1.0,23.187464418443284,323.3132223700013,0.08829286593342354,2001,3
rescuenet,Digex-r1,Digex,B2,23,40,12,0.3,63,63,1.0,23.721492771564517,323.3132223700013,0.08829286593342354,2001,3
rescuenet,Digex-r1,Digex,B2,24,40,12,0.3,63,63,1.0,24.02628431634488,323.3132223700013,0.08829286593342354,2001,3
rescuenet,Digex-r1,Digex,B2,25,40,13,0.325,63,63,1.0,22.745144365861268,323.3132223700013,0.08829286593342354,2001,3
rescuenet,Digex-r1,Digex,B2,26,40,10,0.25,63,63,1.0,24.62189620980123,323.3132223700013,0.08829286593342354,2001,3
rescuenet,Digex-r1,Digex,B2,27,40,10,0.25,63,63,1.0,23.645117902175762,323.3132223700013,0.08829286593342354,2001,3
rescuenet,Digex-r1,Digex,B2,28,40,13,0.325,63,63,1.0,22.483509263021975,323.3132223700013,0.08829286593342354,2001,3
rescuenet,Digex-r1,Digex,B2,29,40,17,0.425,63,63,1.0,20.533558417155213,323.3132223700013,0.08829286593342354,2001,3
rescuenet,Digex-r1,Digex,P,0,40,14,0.35,63,63,1.0,21.97576424235124,318.419052833,0.1148116321999017,2001,4
rescuenet,Digex-r1,Digex,P,1,40,14,0.35,63,63,1.0,22.329050436171745,318.419052833,0.1148116321999017,2001,4
rescuenet,Digex-r1,Digex,P,2,40,12,0.3,63,63,1.0,21.415714809402296,318.419052833,0.1148116321999017,2001,4
rescuenet,Digex-r1,Digex,P,3,40,13,0.325,63,63,1.0,23.250087418430905,318.419052833,0.1148116321999017,2001,4
rescuenet,Digex-r1,Digex,P,4,40,15,0.375,63,63,1.0,22.681743806601013,318.419052833,0.1148116321999017,2001,4
rescuenet,Digex-r1,Digex,P,5,40,11,0.275,63,63,1.0,25.138806434641957,318.419052833,0.1148116321999017,2001,4
rescuenet,Digex-r1,Digex,P,6,40,13,0.325,63,63,1.0,22.834432888713195,318.419052833,0.1148116321999017,2001,4
rescuenet,Digex-r1,Digex,P,7,40,11,0.275,63,63,1.0,23.921727960251822,318.419052833,0.1148116321999017,2001,4
rescuenet,Digex-r1,Digex,P,8,40,14,0.35,63,63,1.0,22.34636740743228,318.419052833,0.1148116321999017,2001,4
rescuenet,Digex-r1,Digex,P,9,40,11,0.275,63,63,1.0,21.70943587540894,318.419052833,0.1148116321999017,2001,4
rescuenet,Digex-r1,Digex,P,10,40,12,0.3,63,63,1.0,23.81866874252636,318.419052833,0.1148116321999017,2001,4
rescuenet,Digex-r1,Digex,P,11,40,15,0.375,63,63,1.0,22.16585692399602,318.419052833,0.1148116321999017,2001,4
rescuenet,Digex-r1,Digex,P,12,40,13,0.325,63,63,1.0,22.638847586305797,318.419052833,0.1148116321999017,2001,4
rescuenet,Digex-r1,Digex,P,13,40,14,0.35,63,63,1.0,21.94048860112801,318.419052833,0.1148116321999017,2001,4
rescuenet,Digex-r1,Digex,P,14,40,12,0.3,63,63,1.0,23.941257249522344,318.419052833,0.1148116321999017,2001,4
rescuenet,Digex-r1,Digex,P,15,40,11,0.275,63,63,1.0,23.72292515533179,318.419052833,0.1148116321999017,2001,4
rescuenet,Digex-r1,Digex,P,16,40,11,0.275,63,63,1.0,24.448589319153054,318.419052833,0.1148116321999017,2001,4
rescuenet,Digex-r1,Digex,P,17,40,13,0.325,63,63,1.0,22.199452466794796,318.419052833,0.1148116321999017,2001,4
rescuenet,Digex-r1,Digex,P,18,40,12,0.3,63,63,1.0,21.410631601870605,318.419052833,0.1148116321999017,2001,4
rescuenet,Digex-r1,Digex,P,19,40,14,0.35,63,63,1.0,22.201139661035224,318.419052833,0.1148116321999017,2001,4
rescuenet,Digex-r1,Digex,P,20,40,12,0.3,63,63,1.0,23.455067842836286,318.419052833,0.1148116321999017,2001,4
rescuenet,Digex-r1,Digex,P,21,40,12,0.3,63,63,1.0,24.66270092661234,318.419052833,0.1148116321999017,2001,4
rescuenet,Digex-r1,Digex,P,22,40,13,0.325,63,63,1.0,23.95100337227023,318.419052833,0.1148116321999017,2001,4
rescuenet,Digex-r1,Digex,P,23,40,11,0.275,63,63,1.0,24.389730911884893,318.419052833,0.1148116321999017,2001,4
rescuenet,Digex-r1,Digex,P,24,40,15,0.375,63,63,1.0,22.02006245536146,318.419052833,0.1148116321999017,2001,4
rescuenet,Digex-r1,Digex,P,25,40,12,0.3,63,63,1.0,23.03723943507358,318.419052833,0.1148116321999017,2001,4
rescuenet,Digex-r1,Digex,P,26,40,12,0.3,63,63,1.0,24.786706045846984,318.419052833,0.1148116321999017,2001,4
rescuenet,Digex-r1,Digex,P,27,40,11,0.275,63,63,1.0,24.226522675446798,318.419052833,0.1148116321999017,2001,4
rescuenet,Digex-r1,Digex,P,28,40,12,0.3,63,63,1.0,23.398981178852388,318.419052833,0.1148116321999017,2001,4
rescuenet,Digex-r1,Digex,P,29,40,13,0.325,63,63,1.0,22.828237403160653,318.419052833,0.1148116321999017,2001,4
rescuenet,Digex-r1,Digex,TRAN,0,40,11,0.275,63,63,1.0,25.101408957082775,587.1807244899974,0.08632284539999091,1,0
rescuenet,Digex-r1,Digex,TRAN,1,40,13,0.325,63,63,1.0,25.393196651011902,587.1807244899974,0.08632284539999091,1,0
rescuenet,Digex-r1,Digex,TRAN,2,40,13,0.325,63,63,1.0,25.21335588654059,587.1807244899974,0.08632284539999091,1,0
rescuenet,Digex-r1,Digex,TRAN,3,40,13,0.325,63,63,1.0,25.922421900497383,587.1807244899974,0.08632284539999091,1,0
rescuenet,Digex-r1,Digex,TRAN,4,40,12,0.3,63,63,1.0,26.019191957380063,587.1807244899974,0.08632284539999091,1,0
rescuenet,Digex-r1,Digex,TRAN,5,40,13,0.325,63,63,1.0,25.559956170457756,587.1807244899974,0.08632284539999091,1,0
rescuenet,Digex-r1,Digex,TRAN,6,40,16,0.4,63,63,1.0,22.99352172477726,587.1807244899974,0.08632284539999091,1,0
rescuenet,Digex-r1,Digex,TRAN,7,40,14,0.35,63,63,1.0,24.86011619182715,587.1807244899974,0.08632284539999091,1,0
rescuenet,Digex-r1,Digex,TRAN,8,40,15,0.375,63,63,1.0,24.450131951919012,587.1807244899974,0.08632284539999091,1,0
rescuenet,Digex-r1,Digex,TRAN,9,40,11,0.275,63,63,1.0,26.468049021470215,587.1807244899974,0.08632284539999091,1,0
rescuenet,Digex-r1,Digex,TRAN,10,40,14,0.35,63,63,1.0,24.111294590091585,587.1807244899974,0.08632284539999091,1,0
rescuenet,Digex-r1,Digex,TRAN,11,40,15,0.375,63,63,1.0,22.306204718057725,587.1807244899974,0.08632284539999091,1,0
rescuenet,Digex-r1,Digex,TRAN,12,40,14,0.35,63,63,1.0,25.018553707787802,587.1807244899974,0.08632284539999091,1,0
rescuenet,Digex-r1,Digex,TRAN,13,40,11,0.275,63,63,1.0,25.881151018489064,587.1807244899974,0.08632284539999091,1,0
rescuenet,Digex-r1,Digex,TRAN,14,40,14,0.35,63,63,1.0,25.15195721716984,587.1807244899974,0.08632284539999091,1,0
rescuenet,Digex-r1,Digex,TRAN,15,40,15,0.375,63,63,1.0,22.659962793358737,587.1807244899974,0.08632284539999091,1,0
rescuenet,Digex-r1,Digex,TRAN,16,40,13,0.325,63,63,1.0,25.042774585330722,587.1807244899974,0.08632284539999091,1,0
rescuenet,Digex-r1,Digex,TRAN,17,40,14,0.35,63,63,1.0,24.224268202289263,587.1807244899974,0.08632284539999091,1,0
rescuenet,Digex-r1,Digex,TRAN,18,40,12,0.3,63,63,1.0,25.54307206638941,587.1807244899974,0.08632284539999091,1,0
rescuenet,Digex-r1,Digex,TRAN,19,40,13,0.325,63,63,1.0,23.933032827717287,587.1807244899974,0.08632284539999091,1,0
rescuenet,Digex-r1,Digex,TRAN,20,40,11,0.275,63,63,1.0,27.117020523262045,587.1807244899974,0.08632284539999091,1,0
rescuenet,Digex-r1,Digex,TRAN,21,40,13,0.325,63,63,1.0,25.210239716058243,587.1807244899974,0.08632284539999091,1,0
rescuenet,Digex-r1,Digex,TRAN,22,40,14,0.35,63,63,1.0,23.48128806955411,587.1807244899974,0.08632284539999091,1,0
rescuenet,Digex-r1,Digex,TRAN,23,40,12,0.3,63,63,1.0,26.301797418958188,587.1807244899974,0.08632284539999091,1,0
rescuenet,Digex-r1,Digex,TRAN,24,40,12,0.3,63,63,1.0,24.891267736596703,587.1807244899974,0.08632284539999091,1,0
rescuenet,Digex-r1,Digex,TRAN,25,40,12,0.3,63,63,1.0,24.98397805676155,587.1807244899974,0.08632284539999091,1,0
rescuenet,Digex-r1,Digex,TRAN,26,40,13,0.325,63,63,1.0,25.006221000261043,587.1807244899974,0.08632284539999091,1,0
rescuenet,Digex-r1,Digex,TRAN,27,40,11,0.275,63,63,1.0,25.502030301798868,587.1807244899974,0.08632284539999091,1,0
rescuenet,Digex-r1,Digex,TRAN,28,40,12,0.3,63,63,1.0,27.609584522230325,587.1807244899974,0.08632284539999091,1,0
rescuenet,Digex-r1,Digex,TRAN,29,40,13,0.325,63,63,1.0,26.381919019423478,587.1807244899974,0.08632284539999091,1,0
rescuenet,Digex-r2,Digex,B0,0,40,4,0.1,63,16,0.25396825396825395,35.23622959773006,0.0001510419970145449,0.0456093504333694,1,0
rescuenet,Digex-r2,Digex,B0,1,40,4,0.1,63,16,0.25396825396825395,35.23622959773006,0.0001510419970145449,0.0456093504333694,1,0
rescuenet,Digex-r2,Digex,B0,2,40,4,0.1,63,16,0.25396825396825395,35.23622959773006,0.0001510419970145449,0.0456093504333694,1,0
rescuenet,Digex-r2,Digex,B0,3,40,4,0.1,63,16,0.25396825396825395,35.23622959773006,0.0001510419970145449,0.0456093504333694,1,0
rescuenet,Digex-r2,Digex,B0,4,40,4,0.1,63,16,0.25396825396825395,35.23622959773006,0.0001510419970145449,0.0456093504333694,1,0
rescuenet,Digex-r2,Digex,B0,5,40,4,0.1,63,16,0.25396825396825395,35.23622959773006,0.0001510419970145449,0.0456093504333694,1,0
rescuenet,Digex-r2,Digex,B0,6,40,4,0.1,63,16,0.25396825396825395,35.23622959773006,0.0001510419970145449,0.0456093504333694,1,0
rescuenet,Digex-r2,Digex,B0,7,40,4,0.1,63,16,0.25396825396825395,35.23622959773006,0.0001510419970145449,0.0456093504333694,1,0
rescuenet,Digex-r2,Digex,B0,8,40,4,0.1,63,16,0.25396825396825395,35.23622959773006,0.0001510419970145449,0.0456093504333694,1,0
rescuenet,Digex-r2,Digex,B0,9,40,4,0.1,63,16,0.25396825396825395,35.23622959773006,0.0001510419970145449,0.0456093504333694,1,0
rescuenet,Digex-r2,Digex,B0,10,40,4,0.1,63,16,0.25396825396825395,35.23622959773006,0.0001510419970145449,0.0456093504333694,1,0
rescuenet,Digex-r2,Digex,B0,11,40,4,0.1,63,16,0.25396825396825395,35.23622959773006,0.0001510419970145449,0.0456093504333694,1,0
rescuenet,Digex-r2,Digex,B0,12,40,4,0.1,63,16,0.25396825396825395,35.23622959773006,0.0001510419970145449,0.0456093504333694,1,0
rescuenet,Digex-r2,Digex,B0,13,40,4,0.1,63,16,0.25396825396825395,35.23622959773006,0.0001510419970145449,0.0456093504333694,1,0
rescuenet,Digex-r2,Digex,B0,14,40,4,0.1,63,16,0.25396825396825395,35.23622959773006,0.0001510419970145449,0.0456093504333694,1,0
rescuenet,Digex-r2,Digex,B0,15,40,4,0.1,63,16,0.25396825396825395,35.23622959773006,0.0001510419970145449,0.0456093504333694,1,0
rescuenet,Digex-r2,Digex,B0,16,40,4,0.1,63,16,0.25396825396825395,35.23622959773006,0.0001510419970145449,0.0456093504333694,1,0
rescuenet,Digex-r2,Digex,B0,17,40,4,0.1,63,16,0.25396825396825395,35.23622959773006,0.0001510419970145449,0.0456093504333694,1,0
rescuenet,Digex-r2,Digex,B0,18,40,4,0.1,63,16,0.25396825396825395,35.23622959773006,0.0001510419970145449,0.0456093504333694,1,0
rescuenet,Digex-r2,Digex,B0,19,40,4,0.1,63,16,0.25396825396825395,35.23622959773006,0.0001510419970145449,0.0456093504333694,1,0
rescuenet,Digex-r2,Digex,B0,20,40,4,0.1,63,16,0.25396825396825395,35.23622959773006,0.0001510419970145449,0.0456093504333694,1,0
rescuenet,Digex-r2,Digex,B0,21,40,4,0.1,63,16,0.25396825396825395,35.23622959773006,0.0001510419970145449,0.0456093504333694,1,0
rescuenet,Digex-r2,Digex,B0,22,40,4,0.1,63,16,0.25396825396825395,35.23622959773006,0.0001510419970145449,0.0456093504333694,1,0
rescuenet,Digex-r2,Digex,B0,23,40,4,0.1,63,16,0.25396825396825395,35.23622959773006,0.0001510419970145449,0.0456093504333694,1,0
rescuenet,Digex-r2,Digex,B0,24,40,4,0.1,63,16,0.25396825396825395,35.23622959773006,0.0001510419970145449,0.0456093504333694,1,0
rescuenet,Digex-r2,Digex,B0,25,40,4,0.1,63,16,0.25396825396825395,35.23622959773006,0.0001510419970145449,0.0456093504333694,1,0
rescuenet,Digex-r2,Digex,B0,26,40,4,0.1,63,16,0.25396825396825395,35.23622959773006,0.0001510419970145449,0.0456093504333694,1,0
rescuenet,Digex-r2,Digex,B0,27,40,4,0.1,63,16,0.25396825396825395,35.23622959773006,0.0001510419970145449,0.0456093504333694,1,0
rescuenet,Digex-r2,Digex,B0,28,40,4,0.1,63,16,0.25396825396825395,35.23622959773006,0.0001510419970145449,0.0456093504333694,1,0
rescuenet,Digex-r2,Digex,B0,29,40,4,0.1,63,16,0.25396825396825395,35.23622959773006,0.0001510419970145449,0.0456093504333694,1,0
rescuenet,Digex-r2,Digex,B1,0,40,6,0.15,63,63,1.0,33.81582364775661,0.22485571699508,0.04492951773330181,1,0
rescuenet,Digex-r2,Digex,B1,1,40,7,0.175,63,63,1.0,33.0,0.22485571699508,0.04492951773330181,1,0
rescuenet,Digex-r2,Digex,B1,2,40,7,0.175,63,63,1.0,33.0,0.22485571699508,0.04492951773330181,1,0
rescuenet,Digex-r2,Digex,B1,3,40,5,0.125,63,63,1.0,33.36974645541098,0.22485571699508,0.04492951773330181,1,0
rescuenet,Digex-r2,Digex,B1,4,40,6,0.15,63,63,1.0,33.988321354669466,0.22485571699508,0.04492951773330181,1,0
rescuenet,Digex-r2,Digex,B1,5,40,6,0.15,63,63,1.0,33.10468363669341,0.22485571699508,0.04492951773330181,1,0
rescuenet,Digex-r2,Digex,B1,6,40,5,0.125,63,63,1.0,34.98918959260594,0.22485571699508,0.04492951773330181,1,0
rescuenet,Digex-r2,Digex,B1,7,40,6,0.15,63,63,1.0,33.27777892283924,0.22485571699508,0.04492951773330181,1,0
rescuenet,Digex-r2,Digex,B1,8,40,7,0.175,63,63,1.0,33.0,0.22485571699508,0.04492951773330181,1,0
rescuenet,Digex-r2,Digex,B1,9,40,7,0.175,63,63,1.0,33.0,0.22485571699508,0.04492951773330181,1,0
rescuenet,Digex-r2,Digex,B1,10,40,7,0.175,63,63,1.0,33.0,0.22485571699508,0.04492951773330181,1,0
rescuenet,Digex-r2,Digex,B1,11,40,7,0.175,63,63,1.0,33.0,0.22485571699508,0.04492951773330181,1,0
rescuenet,Digex-r2,Digex,B1,12,40,7,0.175,63,63,1.0,33.0,0.22485571699508,0.04492951773330181,1,0
rescuenet,Digex-r2,Digex,B1,13,40,6,0.15,63,63,1.0,33.81783854859021,0.22485571699508,0.04492951773330181,1,0
rescuenet,Digex-r2,Digex,B1,14,40,7,0.175,63,63,1.0,33.0,0.22485571699508,0.04492951773330181,1,0
rescuenet,Digex-r2,Digex,B1,15,40,7,0.175,63,63,1.0,33.0,0.22485571699508,0.04492951773330181,1,0
rescuenet,Digex-r2,Digex,B1,16,40,6,0.15,63,63,1.0,33.6376630652257,0.22485571699508,0.04492951773330181,1,0
rescuenet,Digex-r2,Digex,B1,17,40,6,0.15,63,63,1.0,33.247548052461,0.22485571699508,0.04492951773330181,1,0
rescuenet,Digex-r2,Digex,B1,18,40,6,0.15,63,63,1.0,33.81783854859022,0.22485571699508,0.04492951773330181,1,0
rescuenet,Digex-r2,Digex,B1,19,40,6,0.15,63,63,1.0,33.44612156915126,0.22485571699508,0.04492951773330181,1,0
rescuenet,Digex-r2,Digex,B1,20,40,7,0.175,63,63,1.0,33.0,0.22485571699508,0.04492951773330181,1,0
rescuenet,Digex-r2,Digex,B1,21,40,7,0.175,63,63,1.0,33.0,0.22485571699508,0.04492951773330181,1,0
rescuenet,Digex-r2,Digex,B1,22,40,6,0.15,63,63,1.0,33.262124904039794,0.22485571699508,0.04492951773330181,1,0
rescuenet,Digex-r2,Digex,B1,23,40,7,0.175,63,63,1.0,33.0,0.22485571699508,0.04492951773330181,1,0
rescuenet,Digex-r2,Digex,B1,24,40,6,0.15,63,63,1.0,33.42174498364594,0.22485571699508,0.04492951773330181,1,0
rescuenet,Digex-r2,Digex,B1,25,40,7,0.175,63,63,1.0,33.0,0.22485571699508,0.04492951773330181,1,0
rescuenet,Digex-r2,Digex,B1,26,40,7,0.175,63,63,1.0,33.0,0.22485571699508,0.04492951773330181,1,0
rescuenet,Digex-r2,Digex,B1,27,40,6,0.15,63,63,1.0,33.24271546441436,0.22485571699508,0.04492951773330181,1,0
rescuenet,Digex-r2,Digex,B1,28,40,6,0.15,63,63,1.0,33.37775435346484,0.22485571699508,0.04492951773330181,1,0
rescuenet,Digex-r2,Digex,B1,29,40,6,0.15,63,63,1.0,33.41124487000287,0.22485571699508,0.04492951773330181,1,0
rescuenet,Digex-r2,Digex,B2,0,40,10,0.25,63,63,1.0,25.77961385271579,297.95412002800003,0.09408260410006429,2001,9
rescuenet,Digex-r2,Digex,B2,1,40,8,0.2,63,63,1.0,27.88529666040745,297.95412002800003,0.09408260410006429,2001,9
rescuenet,Digex-r2,Digex,B2,2,40,9,0.225,63,63,1.0,26.515723676453522,297.95412002800003,0.09408260410006429,2001,9
rescuenet,Digex-r2,Digex,B2,3,40,9,0.225,63,63,1.0,28.0443059798196,297.95412002800003,0.09408260410006429,2001,9
rescuenet,Digex-r2,Digex,B2,4,40,9,0.225,63,63,1.0,27.52291001426324,297.95412002800003,0.09408260410006429,2001,9
rescuenet,Digex-r2,Digex,B2,5,40,10,0.25,63,63,1.0,24.3894181189651,297.95412002800003,0.09408260410006429,2001,9
rescuenet,Digex-r2,Digex,B2,6,40,7,0.175,63,63,1.0,27.39364464185258,297.95412002800003,0.09408260410006429,2001,9
rescuenet,Digex-r2,Digex,B2,7,40,9,0.225,63,63,1.0,27.669904901995245,297.95412002800003,0.09408260410006429,2001,9
rescuenet,Digex-r2,Digex,B2,8,40,11,0.275,63,63,1.0,24.38319960934345,297.95412002800003,0.09408260410006429,2001,9
rescuenet,Digex-r2,Digex,B2,9,40,8,0.2,63,63,1.0,27.36572114492312,297.95412002800003,0.09408260410006429,2001,9
rescuenet,Digex-r2,Digex,B2,10,40,11,0.275,63,63,1.0,26.153124734481587,297.95412002800003,0.09408260410006429,2001,9
rescuenet,Digex-r2,Digex,B2,11,40,9,0.225,63,63,1.0,26.02236888792254,297.95412002800003,0.09408260410006429,2001,9
rescuenet,Digex-r2,Digex,B2,12,40,11,0.275,63,63,1.0,24.488395124224922,297.95412002800003,0.09408260410006429,2001,9
rescuenet,Digex-r2,Digex,B2,13,40,12,0.3,63,63,1.0,24.139028381712507,297.95412002800003,0.09408260410006429,2001,9
rescuenet,Digex-r2,Digex,B2,14,40,11,0.275,63,62,0.9841269841269841,26.405004149711015,297.95412002800003,0.09408260410006429,2001,9
rescuenet,Digex-r2,Digex,B2,15,40,10,0.25,63,63,1.0,25.461324858218966,297.95412002800003,0.09408260410006429,2001,9
rescuenet,Digex-r2,Digex,B2,16,40,8,0.2,63,63,1.0,26.947397874276295,297.95412002800003,0.09408260410006429,2001,9
rescuenet,Digex-r2,Digex,B2,17,40,10,0.25,63,63,1.0,26.470301077999622,297.95412002800003,0.09408260410006429,2001,9
rescuenet,Digex-r2,Digex,B2,18,40,10,0.25,63,63,1.0,26.941238593384767,297.95412002800003,0.09408260410006429,2001,9
rescuenet,Digex-r2,Digex,B2,19,40,9,0.225,63,63,1.0,26.599078430389714,297.95412002800003,0.09408260410006429,2001,9
rescuenet,Digex-r2,Digex,B2,20,40,10,0.25,63,63,1.0,24.93029756266109,297.95412002800003,0.09408260410006429,2001,9
rescuenet,Digex-r2,Digex,B2,21,40,8,0.2,63,63,1.0,29.239636079655604,297.95412002800003,0.09408260410006429,2001,9
rescuenet,Digex-r2,Digex,B2,22,40,10,0.25,63,63,1.0,26.338170023727717,297.95412002800003,0.09408260410006429,2001,9
rescuenet,Digex-r2,Digex,B2,23,40,11,0.275,63,63,1.0,25.33055700908461,297.95412002800003,0.09408260410006429,2001,9
rescuenet,Digex-r2,Digex,B2,24,40,10,0.25,63,63,1.0,26.443220753173502,297.95412002800003,0.09408260410006429,2001,9
rescuenet,Digex-r2,Digex,B2,25,40,10,0.25,63,63,1.0,25.43405013221131,297.95412002800003,0.09408260410006429,2001,9
rescuenet,Digex-r2,Digex,B2,26,40,11,0.275,63,63,1.0,24.97891101659701,297.95412002800003,0.09408260410006429,2001,9
rescuenet,Digex-r2,Digex,B2,27,40,10,0.25,63,63,1.0,26.76621824324824,297.95412002800003,0.09408260410006429,2001,9
rescuenet,Digex-r2,Digex,B2,28,40,10,0.25,63,63,1.0,24.490480600361074,297.95412002800003,0.09408260410006429,2001,9
rescuenet,Digex-r2,Digex,B2,29,40,10,0.25,63,63,1.0,26.729453577052798,297.95412002800003,0.09408260410006429,2001,9
rescuenet,Digex-r2,Digex,P,0,40,10,0.25,63,63,1.0,26.470554599653937,256.7133342570014,0.0849811303000024,2001,6
rescuenet,Digex-r2,Digex,P,1,40,9,0.225,63,63,1.0,24.74978524626615,256.7133342570014,0.0849811303000024,2001,6
rescuenet,Digex-r2,Digex,P,2,40,12,0.3,63,63,1.0,24.411303218054,256.7133342570014,0.0849811303000024,2001,6
rescuenet,Digex-r2,Digex,P,3,40,10,0.25,63,63,1.0,25.44197910267514,256.7133342570014,0.0849811303000024,2001,6
rescuenet,Digex-r2,Digex,P,4,40,9,0.225,63,63,1.0,27.048156910616814,256.7133342570014,0.0849811303000024,2001,6
rescuenet,Digex-r2,Digex,P,5,40,10,0.25,63,63,1.0,23.429817818562817,256.7133342570014,0.0849811303000024,2001,6
rescuenet,Digex-r2,Digex,P,6,40,10,0.25,63,63,1.0,24.410317193899637,256.7133342570014,0.0849811303000024,2001,6
rescuenet,Digex-r2,Digex,P,7,40,9,0.225,63,63,1.0,26.9624445147152,256.7133342570014,0.0849811303000024,2001,6
rescuenet,Digex-r2,Digex,P,8,40,10,0.25,63,63,1.0,22.725648187903772,256.7133342570014,0.0849811303000024,2001,6
rescuenet,Digex-r2,Digex,P,9,40,11,0.275,63,63,1.0,25.25777775936276,256.7133342570014,0.0849811303000024,2001,6
rescuenet,Digex-r2,Digex,P,10,40,11,0.275,63,63,1.0,25.313418011673054,256.7133342570014,0.0849811303000024,2001,6
rescuenet,Digex-r2,Digex,P,11,40,9,0.225,63,63,1.0,24.761018080432358,256.7133342570014,0.0849811303000024,2001,6
rescuenet,Digex-r2,Digex,P,12,40,12,0.3,63,63,1.0,23.775519852031035,256.7133342570014,0.0849811303000024,2001,6
rescuenet,Digex-r2,Digex,P,13,40,12,0.3,63,63,1.0,23.02419586868693,256.7133342570014,0.0849811303000024,2001,6
rescuenet,Digex-r2,Digex,P,14,40,12,0.3,63,63,1.0,24.4556493964125,256.7133342570014,0.0849811303000024,2001,6
rescuenet,Digex-r2,Digex,P,15,40,11,0.275,63,63,1.0,23.83477530174736,256.7133342570014,0.0849811303000024,2001,6
rescuenet,Digex-r2,Digex,P,16,40,11,0.275,63,63,1.0,25.123870726531507,256.7133342570014,0.0849811303000024,2001,6
rescuenet,Digex-r2,Digex,P,17,40,9,0.225,63,63,1.0,26.077622750484284,256.7133342570014,0.0849811303000024,2001,6
rescuenet,Digex-r2,Digex,P,18,40,12,0.3,63,63,1.0,24.916573700489575,256.7133342570014,0.0849811303000024,2001,6
rescuenet,Digex-r2,Digex,P,19,40,10,0.25,63,63,1.0,24.693367163767107,256.7133342570014,0.0849811303000024,2001,6
rescuenet,Digex-r2,Digex,P,20,40,11,0.275,63,63,1.0,23.43434173969732,256.7133342570014,0.0849811303000024,2001,6
rescuenet,Digex-r2,Digex,P,21,40,9,0.225,63,63,1.0,24.517578589621504,256.7133342570014,0.0849811303000024,2001,6
rescuenet,Digex-r2,Digex,P,22,40,10,0.25,63,63,1.0,26.101486279955346,256.7133342570014,0.0849811303000024,2001,6
rescuenet,Digex-r2,Digex,P,23,40,11,0.275,63,63,1.0,24.256638658340428,256.7133342570014,0.0849811303000024,2001,6
rescuenet,Digex-r2,Digex,P,24,40,11,0.275,63,63,1.0,25.995241558170477,256.7133342570014,0.0849811303000024,2001,6
rescuenet,Digex-r2,Digex,P,25,40,13,0.325,63,63,1.0,23.636012921900527,256.7133342570014,0.0849811303000024,2001,6
rescuenet,Digex-r2,Digex,P,26,40,11,0.275,63,63,1.0,24.986913510912675,256.7133342570014,0.0849811303000024,2001,6
rescuenet,Digex-r2,Digex,P,27,40,11,0.275,63,63,1.0,26.228254531479596,256.7133342570014,0.0849811303000024,2001,6
rescuenet,Digex-r2,Digex,P,28,40,11,0.275,63,63,1.0,24.363739657745743,256.7133342570014,0.0849811303000024,2001,6
rescuenet,Digex-r2,Digex,P,29,40,9,0.225,63,63,1.0,26.37547569185318,256.7133342570014,0.0849811303000024,2001,6
rescuenet,Digex-r2,Digex,TRAN,0,40,11,0.275,63,63,1.0,27.5035990982603,279.99439907600026,0.11200901176659196,1,0
rescuenet,Digex-r2,Digex,TRAN,1,40,11,0.275,63,63,1.0,27.222830895883217,279.99439907600026,0.11200901176659196,1,0
rescuenet,Digex-r2,Digex,TRAN,2,40,11,0.275,63,63,1.0,26.785499426659076,279.99439907600026,0.11200901176659196,1,0
rescuenet,Digex-r2,Digex,TRAN,3,40,11,0.275,63,63,1.0,26.655727524731745,279.99439907600026,0.11200901176659196,1,0
rescuenet,Digex-r2,Digex,TRAN,4,40,12,0.3,63,63,1.0,26.878395600874157,279.99439907600026,0.11200901176659196,1,0
rescuenet,Digex-r2,Digex,TRAN,5,40,10,0.25,63,63,1.0,26.245853030587703,279.99439907600026,0.11200901176659196,1,0
rescuenet,Digex-r2,Digex,TRAN,6,40,9,0.225,63,63,1.0,28.55217872371299,279.99439907600026,0.11200901176659196,1,0
rescuenet,Digex-r2,Digex,TRAN,7,40,10,0.25,63,63,1.0,27.423409990959726,279.99439907600026,0.11200901176659196,1,0
rescuenet,Digex-r2,Digex,TRAN,8,40,11,0.275,63,63,1.0,26.64672032714184,279.99439907600026,0.11200901176659196,1,0
rescuenet,Digex-r2,Digex,TRAN,9,40,10,0.25,63,63,1.0,26.86959945900842,279.99439907600026,0.11200901176659196,1,0
rescuenet,Digex-r2,Digex,TRAN,10,40,12,0.3,63,63,1.0,26.31540118463553,279.99439907600026,0.11200901176659196,1,0
rescuenet,Digex-r2,Digex,TRAN,11,40,13,0.325,63,63,1.0,25.94233672995607,279.99439907600026,0.11200901176659196,1,0
rescuenet,Digex-r2,Digex,TRAN,12,40,12,0.3,63,63,1.0,27.205215051315474,279.99439907600026,0.11200901176659196,1,0
rescuenet,Digex-r2,Digex,TRAN,13,40,8,0.2,63,63,1.0,28.64756559607105,279.99439907600026,0.11200901176659196,1,0
rescuenet,Digex-r2,Digex,TRAN,14,40,10,0.25,63,63,1.0,28.455062910629426,279.99439907600026,0.11200901176659196,1,0
rescuenet,Digex-r2,Digex,TRAN,15,40,10,0.25,63,63,1.0,27.551531501648693,279.99439907600026,0.11200901176659196,1,0
rescuenet,Digex-r2,Digex,TRAN,16,40,10,0.25,63,63,1.0,26.64192553857113,279.99439907600026,0.11200901176659196,1,0
rescuenet,Digex-r2,Digex,TRAN,17,40,9,0.225,63,63,1.0,28.052186637586217,279.99439907600026,0.11200901176659196,1,0
rescuenet,Digex-r2,Digex,TRAN,18,40,11,0.275,63,63,1.0,27.677923134342183,279.99439907600026,0.11200901176659196,1,0
rescuenet,Digex-r2,Digex,TRAN,19,40,11,0.275,63,63,1.0,27.39048735624169,279.99439907600026,0.11200901176659196,1,0
rescuenet,Digex-r2,Digex,TRAN,20,40,11,0.275,63,63,1.0,26.018238412380487,279.99439907600026,0.11200901176659196,1,0
rescuenet,Digex-r2,Digex,TRAN,21,40,12,0.3,63,63,1.0,27.175282955898375,279.99439907600026,0.11200901176659196,1,0
rescuenet,Digex-r2,Digex,TRAN,22,40,10,0.25,63,63,1.0,26.783048822908334,279.99439907600026,0.11200901176659196,1,0
rescuenet,Digex-r2,Digex,TRAN,23,40,12,0.3,63,63,1.0,26.610422764380665,279.99439907600026,0.11200901176659196,1,0
rescuenet,Digex-r2,Digex,TRAN,24,40,11,0.275,63,63,1.0,27.84505791563318,279.99439907600026,0.11200901176659196,1,0
rescuenet,Digex-r2,Digex,TRAN,25,40,11,0.275,63,63,1.0,26.644282606548053,279.99439907600026,0.11200901176659196,1,0
rescuenet,Digex-r2,Digex,TRAN,26,40,11,0.275,63,63,1.0,27.46283315937619,279.99439907600026,0.11200901176659196,1,0
rescuenet,Digex-r2,Digex,TRAN,27,40,12,0.3,63,63,1.0,26.107711356627508,279.99439907600026,0.11200901176659196,1,0
rescuenet,Digex-r2,Digex,TRAN,28,40,10,0.25,63,63,1.0,28.454053202997237,279.99439907600026,0.11200901176659196,1,0
rescuenet,Digex-r2,Digex,TRAN,29,40,11,0.275,63,62,0.9841269841269841,26.547245341107942,279.99439907600026,0.11200901176659196,1,0
rescuenet,Easynet-r0,Easynet,B0,0,40,5,0.125,63,6,0.09523809523809523,33.708939877238855,0.00023248499928740785,0.03714855826668403,1,0
rescuenet,Easynet-r0,Easynet,B0,1,40,5,0.125,63,6,0.09523809523809523,33.708939877238855,0.00023248499928740785,0.03714855826668403,1,0
rescuenet,Easynet-r0,Easynet,B0,2,40,5,0.125,63,6,0.09523809523809523,33.708939877238855,0.00023248499928740785,0.03714855826668403,1,0
rescuenet,Easynet-r0,Easynet,B0,3,40,5,0.125,63,6,0.09523809523809523,33.708939877238855,0.00023248499928740785,0.03714855826668403,1,0
rescuenet,Easynet-r0,Easynet,B0,4,40,5,0.125,63,6,0.09523809523809523,33.708939877238855,0.00023248499928740785,0.03714855826668403,1,0
rescuenet,Easynet-r0,Easynet,B0,5,40,5,0.125,63,6,0.09523809523809523,33.708939877238855,0.00023248499928740785,0.03714855826668403,1,0
rescuenet,Easynet-r0,Easynet,B0,6,40,5,0.125,63,6,0.09523809523809523,33.708939877238855,0.00023248499928740785,0.03714855826668403,1,0
rescuenet,Easynet-r0,Easynet,B0,7,40,5,0.125,63,6,0.09523809523809523,33.708939877238855,0.00023248499928740785,0.03714855826668403,1,0
rescuenet,Easynet-r0,Easynet,B0,8,40,5,0.125,63,6,0.09523809523809523,33.708939877238855,0.00023248499928740785,0.03714855826668403,1,0
rescuenet,Easynet-r0,Easynet,B0,9,40,5,0.125,63,6,0.09523809523809523,33.708939877238855,0.00023248499928740785,0.03714855826668403,1,0
rescuenet,Easynet-r0,Easynet,B0,10,40,5,0.125,63,6,0.09523809523809523,33.708939877238855,0.00023248499928740785,0.03714855826668403,1,0
rescuenet,Easynet-r0,Easynet,B0,11,40,5,0.125,63,6,0.09523809523809523,33.708939877238855,0.00023248499928740785,0.03714855826668403,1,0
rescuenet,Easynet-r0,Easynet,B0,12,40,5,0.125,63,6,0.09523809523809523,33.708939877238855,0.00023248499928740785,0.03714855826668403,1,0
rescuenet,Easynet-r0,Easynet,B0,13,40,5,0.125,63,6,0.09523809523809523,33.708939877238855,0.00023248499928740785,0.03714855826668403,1,0
rescuenet,Easynet-r0,Easynet,B0,14,40,5,0.125,63,6,0.09523809523809523,33.708939877238855,0.00023248499928740785,0.03714855826668403,1,0
rescuenet,Easynet-r0,Easynet,B0,15,40,5,0.125,63,6,0.09523809523809523,33.708939877238855,0.00023248499928740785,0.03714855826668403,1,0
rescuenet,Easynet-r0,Easynet,B0,16,40,5,0.125,63,6,0.09523809523809523,33.708939877238855,0.00023248499928740785,0.03714855826668403,1,0
rescuenet,Easynet-r0,Easynet,B0,17,40,5,0.125,63,6,0.09523809523809523,33.708939877238855,0.00023248499928740785,0.03714855826668403,1,0
rescuenet,Easynet-r0,Easynet,B0,18,40,5,0.125,63,6,0.09523809523809523,33.708939877238855,0.00023248499928740785,0.03714855826668403,1,0
rescuenet,Easynet-r0,Easynet,B0,19,40,5,0.125,63,6,0.09523809523809523,33.708939877238855,0.00023248499928740785,0.03714855826668403,1,0
rescuenet,Easynet-r0,Easynet,B0,20,40,5,0.125,63,6,0.09523809523809523,33.708939877238855,0.00023248499928740785,0.03714855826668403,1,0
rescuenet,Easynet-r0,Easynet,B0,21,40,5,0.125,63,6,0.09523809523809523,33.708939877238855,0.00023248499928740785,0.03714855826668403,1,0
rescuenet,Easynet-r0,Easynet,B0,22,40,5,0.125,63,6,0.09523809523809523,33.708939877238855,0.00023248499928740785,0.03714855826668403,1,0
rescuenet,Easynet-r0,Easynet,B0,23,40,5,0.125,63,6,0.09523809523809523,33.708939877238855,0.00023248499928740785,0.03714855826668403,1,0
rescuenet,Easynet-r0,Easynet,B0,24,40,5,0.125,63,6,0.09523809523809523,33.708939877238855,0.00023248499928740785,0.03714855826668403,1,0
rescuenet,Easynet-r0,Easynet,B0,25,40,5,0.125,63,6,0.09523809523809523,33.708939877238855,0.00023248499928740785,0.03714855826668403,1,0
rescuenet,Easynet-r0,Easynet,B0,26,40,5,0.125,63,6,0.09523809523809523,33.708939877238855,0.00023248499928740785,0.03714855826668403,1,0
rescuenet,Easynet-r0,Easynet,B0,27,40,5,0.125,63,6,0.09523809523809523,33.708939877238855,0.00023248499928740785,0.03714855826668403,1,0
rescuenet,Easynet-r0,Easynet,B0,28,40,5,0.125,63,6,0.09523809523809523,33.708939877238855,0.00023248499928740785,0.03714855826668403,1,0
rescuenet,Easynet-r0,Easynet,B0,29,40,5,0.125,63,6,0.09523809523809523,33.708939877238855,0.00023248499928740785,0.03714855826668403,1,0
rescuenet,Easynet-r0,Easynet,B1,0,40,6,0.15,63,63,1.0,33.80250041954101,0.23774881999997888,0.044546629866575434,1,0
rescuenet,Easynet-r0,Easynet,B1,1,40,6,0.15,63,63,1.0,33.535454862950075,0.23774881999997888,0.044546629866575434,1,0
rescuenet,Easynet-r0,Easynet,B1,2,40,6,0.15,63,63,1.0,33.96869988868485,0.23774881999997888,0.044546629866575434,1,0
rescuenet,Easynet-r0,Easynet,B1,3,40,6,0.15,63,63,1.0,33.98550961013519,0.23774881999997888,0.044546629866575434,1,0
rescuenet,Easynet-r0,Easynet,B1,4,40,7,0.175,63,63,1.0,33.0,0.23774881999997888,0.044546629866575434,1,0
rescuenet,Easynet-r0,Easynet,B1,5,40,6,0.15,63,63,1.0,33.54182537424346,0.23774881999997888,0.044546629866575434,1,0
rescuenet,Easynet-r0,Easynet,B1,6,40,5,0.125,63,63,1.0,34.6761486691465,0.23774881999997888,0.044546629866575434,1,0
rescuenet,Easynet-r0,Easynet,B1,7,40,5,0.125,63,63,1.0,34.369482737445864,0.23774881999997888,0.044546629866575434,1,0
rescuenet,Easynet-r0,Easynet,B1,8,40,6,0.15,63,63,1.0,33.35396281047119,0.23774881999997888,0.044546629866575434,1,0
rescuenet,Easynet-r0,Easynet,B1,9,40,5,0.125,63,63,1.0,34.72387037922653,0.23774881999997888,0.044546629866575434,1,0
rescuenet,Easynet-r0,Easynet,B1,10,40,7,0.175,63,63,1.0,33.0,0.23774881999997888,0.044546629866575434,1,0
rescuenet,Easynet-r0,Easynet,B1,11,40,5,0.125,63,63,1.0,34.998133095411646,0.23774881999997888,0.044546629866575434,1,0
rescuenet,Easynet-r0,Easynet,B1,12,40,5,0.125,63,63,1.0,34.617946443181566,0.23774881999997888,0.044546629866575434,1,0
rescuenet,Easynet-r0,Easynet,B1,13,40,5,0.125,63,63,1.0,34.998133095411646,0.23774881999997888,0.044546629866575434,1,0
rescuenet,Easynet-r0,Easynet,B1,14,40,5,0.125,63,63,1.0,34.336165398249044,0.23774881999997888,0.044546629866575434,1,0
rescuenet,Easynet-r0,Easynet,B1,15,40,6,0.15,63,63,1.0,33.98550961013519,0.23774881999997888,0.044546629866575434,1,0
rescuenet,Easynet-r0,Easynet,B1,16,40,5,0.125,63,63,1.0,33.98148817634778,0.23774881999997888,0.044546629866575434,1,0
rescuenet,Easynet-r0,Easynet,B1,17,40,7,0.175,63,63,1.0,33.0,0.23774881999997888,0.044546629866575434,1,0
rescuenet,Easynet-r0,Easynet,B1,18,40,5,0.125,63,63,1.0,34.998133095411646,0.23774881999997888,0.044546629866575434,1,0
rescuenet,Easynet-r0,Easynet,B1,19,40,5,0.125,63,63,1.0,34.49381232517452,0.23774881999997888,0.044546629866575434,1,0
rescuenet,Easynet-r0,Easynet,B1,20,40,6,0.15,63,63,1.0,33.62909219398565,0.23774881999997888,0.044546629866575434,1,0
rescuenet,Easynet-r0,Easynet,B1,21,40,6,0.15,63,63,1.0,33.98550961013519,0.23774881999997888,0.044546629866575434,1,0
rescuenet,Easynet-r0,Easynet,B1,22,40,6,0.15,63,63,1.0,33.390658735524745,0.23774881999997888,0.044546629866575434,1,0
rescuenet,Easynet-r0,Easynet,B1,23,40,5,0.125,63,63,1.0,34.998133095411646,0.23774881999997888,0.044546629866575434,1,0
rescuenet,Easynet-r0,Easynet,B1,24,40,5,0.125,63,63,1.0,34.998133095411646,0.23774881999997888,0.044546629866575434,1,0
rescuenet,Easynet-r0,Easynet,B1,25,40,6,0.15,63,63,1.0,33.98550961013519,0.23774881999997888,0.044546629866575434,1,0
rescuenet,Easynet-r0,Easynet,B1,26,40,6,0.15,63,63,1.0,33.98550961013519,0.23774881999997888,0.044546629866575434,1,0
rescuenet,Easynet-r0,Easynet,B1,27,40,5,0.125,63,63,1.0,34.90736697509333,0.23774881999997888,0.044546629866575434,1,0
rescuenet,Easynet-r0,Easynet,B1,28,40,5,0.125,63,63,1.0,34.03117152714033,0.23774881999997888,0.044546629866575434,1,0
rescuenet,Easynet-r0,Easynet,B1,29,40,5,0.125,63,63,1.0,34.424996095983914,0.23774881999997888,0.044546629866575434,1,0
rescuenet,Easynet-r0,Easynet,B2,0,40,7,0.175,63,63,1.0,30.577257311138933,177.54313699700288,0.052650182833410025,1830,6
rescuenet,Easynet-r0,Easynet,B2,1,40,8,0.2,63,63,1.0,29.64135390127004,177.54313699700288,0.052650182833410025,1830,6
rescuenet,Easynet-r0,Easynet,B2,2,40,7,0.175,63,63,1.0,31.453127133906683,177.54313699700288,0.052650182833410025,1830,6
rescuenet,Easynet-r0,Easynet,B2,3,40,8,0.2,63,63,1.0,29.888179806185416,177.54313699700288,0.052650182833410025,1830,6
rescuenet,Easynet-r0,Easynet,B2,4,40,8,0.2,63,63,1.0,30.001340007566174,177.54313699700288,0.052650182833410025,1830,6
rescuenet,Easynet-r0,Easynet,B2,5,40,8,0.2,63,63,1.0,30.032495869568752,177.54313699700288,0.052650182833410025,1830,6
rescuenet,Easynet-r0,Easynet,B2,6,40,8,0.2,63,63,1.0,30.520794761876076,177.54313699700288,0.052650182833410025,1830,6
rescuenet,Easynet-r0,Easynet,B2,7,40,8,0.2,63,63,1.0,29.14981968107269,177.54313699700288,0.052650182833410025,1830,6
rescuenet,Easynet-r0,Easynet,B2,8,40,8,0.2,63,63,1.0,28.789294028423008,177.54313699700288,0.052650182833410025,1830,6
rescuenet,Easynet-r0,Easynet,B2,9,40,9,0.225,63,63,1.0,29.346291088815352,177.54313699700288,0.052650182833410025,1830,6
rescuenet,Easynet-r0,Easynet,B2,10,40,9,0.225,63,63,1.0,29.875053732587173,177.54313699700288,0.052650182833410025,1830,6
rescuenet,Easynet-r0,Easynet,B2,11,40,6,0.15,63,63,1.0,31.661415165775093,177.54313699700288,0.052650182833410025,1830,6
rescuenet,Easynet-r0,Easynet,B2,12,40,7,0.175,63,63,1.0,30.12877063349724,177.54313699700288,0.052650182833410025,1830,6
rescuenet,Easynet-r0,Easynet,B2,13,40,7,0.175,63,63,1.0,30.092230177103175,177.54313699700288,0.052650182833410025,1830,6
rescuenet,Easynet-r0,Easynet,B2,14,40,8,0.2,63,63,1.0,31.091715369493546,177.54313699700288,0.052650182833410025,1830,6
rescuenet,Easynet-r0,Easynet,B2,15,40,7,0.175,63,63,1.0,30.554752818323838,177.54313699700288,0.052650182833410025,1830,6
rescuenet,Easynet-r0,Easynet,B2,16,40,7,0.175,63,63,1.0,30.716722262284772,177.54313699700288,0.052650182833410025,1830,6
rescuenet,Easynet-r0,Easynet,B2,17,40,8,0.2,63,63,1.0,30.935019929071462,177.54313699700288,0.052650182833410025,1830,6
rescuenet,Easynet-r0,Easynet,B2,18,40,5,0.125,63,63,1.0,32.28291446124646,177.54313699700288,0.052650182833410025,1830,6
rescuenet,Easynet-r0,Easynet,B2,19,40,7,0.175,63,63,1.0,31.391366743695716,177.54313699700288,0.052650182833410025,1830,6
rescuenet,Easynet-r0,Easynet,B2,20,40,8,0.2,63,63,1.0,29.865838767397015,177.54313699700288,0.052650182833410025,1830,6
rescuenet,Easynet-r0,Easynet,B2,21,40,6,0.15,63,63,1.0,30.934721690284118,177.54313699700288,0.052650182833410025,1830,6
rescuenet,Easynet-r0,Easynet,B2,22,40,8,0.2,63,63,1.0,30.336009963787756,177.54313699700288,0.052650182833410025,1830,6
rescuenet,Easynet-r0,Easynet,B2,23,40,6,0.15,63,63,1.0,32.03179122335553,177.54313699700288,0.052650182833410025,1830,6
rescuenet,Easynet-r0,Easynet,B2,24,40,6,0.15,63,63,1.0,31.986165588461628,177.54313699700288,0.052650182833410025,1830,6
rescuenet,Easynet-r0,Easynet,B2,25,40,8,0.2,63,63,1.0,30.171324342148097,177.54313699700288,0.052650182833410025,1830,6
rescuenet,Easynet-r0,Easynet,B2,26,40,7,0.175,63,63,1.0,31.35564370700599,177.54313699700288,0.052650182833410025,1830,6
rescuenet,Easynet-r0,Easynet,B2,27,40,7,0.175,63,63,1.0,30.201334436351743,177.54313699700288,0.052650182833410025,1830,6
rescuenet,Easynet-r0,Easynet,B2,28,40,7,0.175,63,63,1.0,30.53563283221498,177.54313699700288,0.052650182833410025,1830,6
rescuenet,Easynet-r0,Easynet,B2,29,40,6,0.15,63,63,1.0,30.601933018139288,177.54313699700288,0.052650182833410025,1830,6
rescuenet,Easynet-r0,Easynet,P,0,40,7,0.175,63,63,1.0,30.43347270021371,204.70426445599878,0.055121076633561944,2001,8
rescuenet,Easynet-r0,Easynet,P,1,40,7,0.175,63,63,1.0,29.886331027273215,204.70426445599878,0.055121076633561944,2001,8
rescuenet,Easynet-r0,Easynet,P,2,40,6,0.15,63,63,1.0,30.645491231942533,204.70426445599878,0.055121076633561944,2001,8
rescuenet,Easynet-r0,Easynet,P,3,40,7,0.175,63,63,1.0,28.680154459882736,204.70426445599878,0.055121076633561944,2001,8
rescuenet,Easynet-r0,Easynet,P,4,40,6,0.15,63,63,1.0,29.630633065147805,204.70426445599878,0.055121076633561944,2001,8
rescuenet,Easynet-r0,Easynet,P,5,40,7,0.175,63,63,1.0,29.386039185238904,204.70426445599878,0.055121076633561944,2001,8
rescuenet,Easynet-r0,Easynet,P,6,40,7,0.175,63,63,1.0,29.939824764128254,204.70426445599878,0.055121076633561944,2001,8
rescuenet,Easynet-r0,Easynet,P,7,40,7,0.175,63,63,1.0,29.50002293298144,204.70426445599878,0.055121076633561944,2001,8
rescuenet,Easynet-r0,Easynet,P,8,40,6,0.15,63,63,1.0,29.823553533680496,204.70426445599878,0.055121076633561944,2001,8
rescuenet,Easynet-r0,Easynet,P,9,40,7,0.175,63,63,1.0,28.535748996633206,204.70426445599878,0.055121076633561944,2001,8
rescuenet,Easynet-r0,Easynet,P,10,40,7,0.175,63,63,1.0,30.362023465810186,204.70426445599878,0.055121076633561944,2001,8
rescuenet,Easynet-r0,Easynet,P,11,40,5,0.125,63,63,1.0,31.284418725773804,204.70426445599878,0.055121076633561944,2001,8
rescuenet,Easynet-r0,Easynet,P,12,40,7,0.175,63,63,1.0,29.47823685497151,204.70426445599878,0.055121076633561944,2001,8
rescuenet,Easynet-r0,Easynet,P,13,40,6,0.15,63,63,1.0,29.572866517237507,204.70426445599878,0.055121076633561944,2001,8
rescuenet,Easynet-r0,Easynet,P,14,40,6,0.15,63,63,1.0,29.83103361220395,204.70426445599878,0.055121076633561944,2001,8
rescuenet,Easynet-r0,Easynet,P,15,40,7,0.175,63,63,1.0,29.127628789833604,204.70426445599878,0.055121076633561944,2001,8
rescuenet,Easynet-r0,Easynet,P,16,40,7,0.175,63,63,1.0,30.07201491431186,204.70426445599878,0.055121076633561944,2001,8
rescuenet,Easynet-r0,Easynet,P,17,40,8,0.2,63,63,1.0,29.210970627517256,204.70426445599878,0.055121076633561944,2001,8
rescuenet,Easynet-r0,Easynet,P,18,40,5,0.125,63,63,1.0,31.50959896055285,204.70426445599878,0.055121076633561944,2001,8
rescuenet,Easynet-r0,Easynet,P,19,40,7,0.175,63,63,1.0,30.291867470089915,204.70426445599878,0.055121076633561944,2001,8
rescuenet,Easynet-r0,Easynet,P,20,40,7,0.175,63,63,1.0,29.506338568921553,204.70426445599878,0.055121076633561944,2001,8
rescuenet,Easynet-r0,Easynet,P,21,40,8,0.2,63,62,0.9841269841269841,29.898498379267497,204.70426445599878,0.055121076633561944,2001,8
rescuenet,Easynet-r0,Easynet,P,22,40,7,0.175,63,63,1.0,29.398466185786504,204.70426445599878,0.055121076633561944,2001,8
rescuenet,Easynet-r0,Easynet,P,23,40,6,0.15,63,63,1.0,32.147627624336955,204.70426445599878,0.055121076633561944,2001,8
rescuenet,Easynet-r0,Easynet,P,24,40,6,0.15,63,63,1.0,30.95719392268279,204.70426445599878,0.055121076633561944,2001,8
rescuenet,Easynet-r0,Easynet,P,25,40,7,0.175,63,63,1.0,30.26828699794366,204.70426445599878,0.055121076633561944,2001,8
rescuenet,Easynet-r0,Easynet,P,26,40,7,0.175,63,63,1.0,30.186681145309407,204.70426445599878,0.055121076633561944,2001,8
rescuenet,Easynet-r0,Easynet,P,27,40,7,0.175,63,63,1.0,29.556788999325082,204.70426445599878,0.055121076633561944,2001,8
rescuenet,Easynet-r0,Easynet,P,28,40,6,0.15,63,63,1.0,30.18534111465425,204.70426445599878,0.055121076633561944,2001,8
rescuenet,Easynet-r0,Easynet,P,29,40,5,0.125,63,63,1.0,30.580625672422283,204.70426445599878,0.055121076633561944,2001,8
rescuenet,Easynet-r0,Easynet,TRAN,0,40,11,0.275,63,63,1.0,27.498413190632977,491.0274067229984,0.06813852020010623,1,0
rescuenet,Easynet-r0,Easynet,TRAN,1,40,12,0.3,63,63,1.0,27.296709235572283,491.0274067229984,0.06813852020010623,1,0
rescuenet,Easynet-r0,Easynet,TRAN,2,40,9,0.225,63,63,1.0,29.90689110199443,491.0274067229984,0.06813852020010623,1,0
rescuenet,Easynet-r0,Easynet,TRAN,3,40,12,0.3,63,63,1.0,26.691882579516747,491.0274067229984,0.06813852020010623,1,0
rescuenet,Easynet-r0,Easynet,TRAN,4,40,11,0.275,63,63,1.0,26.96095280297446,491.0274067229984,0.06813852020010623,1,0
rescuenet,Easynet-r0,Easynet,TRAN,5,40,11,0.275,63,63,1.0,27.352926462375116,491.0274067229984,0.06813852020010623,1,0
rescuenet,Easynet-r0,Easynet,TRAN,6,40,8,0.2,63,63,1.0,28.273807227385767,491.0274067229984,0.06813852020010623,1,0
rescuenet,Easynet-r0,Easynet,TRAN,7,40,9,0.225,63,63,1.0,29.196762492369718,491.0274067229984,0.06813852020010623,1,0
rescuenet,Easynet-r0,Easynet,TRAN,8,40,12,0.3,63,63,1.0,25.72569019874602,491.0274067229984,0.06813852020010623,1,0
rescuenet,Easynet-r0,Easynet,TRAN,9,40,12,0.3,63,63,1.0,26.202253925909137,491.0274067229984,0.06813852020010623,1,0
rescuenet,Easynet-r0,Easynet,TRAN,10,40,11,0.275,63,63,1.0,26.53597996377447,491.0274067229984,0.06813852020010623,1,0
rescuenet,Easynet-r0,Easynet,TRAN,11,40,8,0.2,63,63,1.0,28.72741789526683,491.0274067229984,0.06813852020010623,1,0
rescuenet,Easynet-r0,Easynet,TRAN,12,40,12,0.3,63,63,1.0,26.658457670444896,491.0274067229984,0.06813852020010623,1,0
rescuenet,Easynet-r0,Easynet,TRAN,13,40,10,0.25,63,63,1.0,28.489929012399045,491.0274067229984,0.06813852020010623,1,0
rescuenet,Easynet-r0,Easynet,TRAN,14,40,8,0.2,63,63,1.0,28.853046318712124,491.0274067229984,0.06813852020010623,1,0
rescuenet,Easynet-r0,Easynet,TRAN,15,40,11,0.275,63,63,1.0,25.613349493692755,491.0274067229984,0.06813852020010623,1,0
rescuenet,Easynet-r0,Easynet,TRAN,16,40,11,0.275,63,63,1.0,26.993585435622954,491.0274067229984,0.06813852020010623,1,0
rescuenet,Easynet-r0,Easynet,TRAN,17,40,13,0.325,63,63,1.0,25.830812496923294,491.0274067229984,0.06813852020010623,1,0
rescuenet,Easynet-r0,Easynet,TRAN,18,40,12,0.3,63,63,1.0,26.654492091273546,491.0274067229984,0.06813852020010623,1,0
rescuenet,Easynet-r0,Easynet,TRAN,19,40,10,0.25,63,63,1.0,26.79725993582871,491.0274067229984,0.06813852020010623,1,0
rescuenet,Easynet-r0,Easynet,TRAN,20,40,13,0.325,63,63,1.0,25.637289766535496,491.0274067229984,0.06813852020010623,1,0
rescuenet,Easynet-r0,Easynet,TRAN,21,40,11,0.275,63,63,1.0,26.694741059355422,491.0274067229984,0.06813852020010623,1,0
rescuenet,Easynet-r0,Easynet,TRAN,22,40,11,0.275,63,63,1.0,28.174861935585447,491.0274067229984,0.06813852020010623,1,0
rescuenet,Easynet-r0,Easynet,TRAN,23,40,10,0.25,63,63,1.0,27.39231788832698,491.0274067229984,0.06813852020010623,1,0
rescuenet,Easynet-r0,Easynet,TRAN,24,40,9,0.225,63,63,1.0,29.987566945353375,491.0274067229984,0.06813852020010623,1,0
rescuenet,Easynet-r0,Easynet,TRAN,25,40,11,0.275,63,63,1.0,27.770279157363337,491.0274067229984,0.06813852020010623,1,0
rescuenet,Easynet-r0,Easynet,TRAN,26,40,11,0.275,63,63,1.0,27.137542941600604,491.0274067229984,0.06813852020010623,1,0
rescuenet,Easynet-r0,Easynet,TRAN,27,40,8,0.2,63,63,1.0,30.28290060582271,491.0274067229984,0.06813852020010623,1,0
rescuenet,Easynet-r0,Easynet,TRAN,28,40,11,0.275,63,63,1.0,26.120567235479278,491.0274067229984,0.06813852020010623,1,0
rescuenet,Easynet-r0,Easynet,TRAN,29,40,10,0.25,63,63,1.0,29.086950911579216,491.0274067229984,0.06813852020010623,1,0
rescuenet,Easynet-r1,Easynet,B0,0,40,5,0.125,63,9,0.14285714285714285,34.18730407849678,0.00017221600137418136,0.03489813006672193,1,0
rescuenet,Easynet-r1,Easynet,B0,1,40,5,0.125,63,9,0.14285714285714285,34.18730407849678,0.00017221600137418136,0.03489813006672193,1,0
rescuenet,Easynet-r1,Easynet,B0,2,40,5,0.125,63,9,0.14285714285714285,34.18730407849678,0.00017221600137418136,0.03489813006672193,1,0
rescuenet,Easynet-r1,Easynet,B0,3,40,5,0.125,63,9,0.14285714285714285,34.18730407849678,0.00017221600137418136,0.03489813006672193,1,0
rescuenet,Easynet-r1,Easynet,B0,4,40,5,0.125,63,9,0.14285714285714285,34.18730407849678,0.00017221600137418136,0.03489813006672193,1,0
rescuenet,Easynet-r1,Easynet,B0,5,40,5,0.125,63,9,0.14285714285714285,34.18730407849678,0.00017221600137418136,0.03489813006672193,1,0
rescuenet,Easynet-r1,Easynet,B0,6,40,5,0.125,63,9,0.14285714285714285,34.18730407849678,0.00017221600137418136,0.03489813006672193,1,0
rescuenet,Easynet-r1,Easynet,B0,7,40,5,0.125,63,9,0.14285714285714285,34.18730407849678,0.00017221600137418136,0.03489813006672193,1,0
rescuenet,Easynet-r1,Easynet,B0,8,40,5,0.125,63,9,0.14285714285714285,34.18730407849678,0.00017221600137418136,0.03489813006672193,1,0
rescuenet,Easynet-r1,Easynet,B0,9,40,5,0.125,63,9,0.14285714285714285,34.18730407849678,0.00017221600137418136,0.03489813006672193,1,0
rescuenet,Easynet-r1,Easynet,B0,10,40,5,0.125,63,9,0.14285714285714285,34.18730407849678,0.00017221600137418136,0.03489813006672193,1,0
rescuenet,Easynet-r1,Easynet,B0,11,40,5,0.125,63,9,0.14285714285714285,34.18730407849678,0.00017221600137418136,0.03489813006672193,1,0
rescuenet,Easynet-r1,Easynet,B0,12,40,5,0.125,63,9,0.14285714285714285,34.18730407849678,0.00017221600137418136,0.03489813006672193,1,0
rescuenet,Easynet-r1,Easynet,B0,13,40,5,0.125,63,9,0.14285714285714285,34.18730407849678,0.00017221600137418136,0.03489813006672193,1,0
rescuenet,Easynet-r1,Easynet,B0,14,40,5,0.125,63,9,0.14285714285714285,34.18730407849678,0.00017221600137418136,0.03489813006672193,1,0
rescuenet,Easynet-r1,Easynet,B0,15,40,5,0.125,63,9,0.14285714285714285,34.18730407849678,0.00017221600137418136,0.03489813006672193,1,0
rescuenet,Easynet-r1,Easynet,B0,16,40,5,0.125,63,9,0.14285714285714285,34.18730407849678,0.00017221600137418136,0.03489813006672193,1,0
rescuenet,Easynet-r1,Easynet,B0,17,40,5,0.125,63,9,0.14285714285714285,34.18730407849678,0.00017221600137418136,0.03489813006672193,1,0
rescuenet,Easynet-r1,Easynet,B0,18,40,5,0.125,63,9,0.14285714285714285,34.18730407849678,0.00017221600137418136,0.03489813006672193,1,0
rescuenet,Easynet-r1,Easynet,B0,19,40,5,0.125,63,9,0.14285714285714285,34.18730407849678,0.00017221600137418136,0.03489813006672193,1,0
rescuenet,Easynet-r1,Easynet,B0,20,40,5,0.125,63,9,0.14285714285714285,34.18730407849678,0.00017221600137418136,0.03489813006672193,1,0
rescuenet,Easynet-r1,Easynet,B0,21,40,5,0.125,63,9,0.14285714285714285,34.18730407849678,0.00017221600137418136,0.03489813006672193,1,0
rescuenet,Easynet-r1,Easynet,B0,22,40,5,0.125,63,9,0.14285714285714285,34.18730407849678,0.00017221600137418136,0.03489813006672193,1,0
rescuenet,Easynet-r1,Easynet,B0,23,40,5,0.125,63,9,0.14285714285714285,34.18730407849678,0.00017221600137418136,0.03489813006672193,1,0
rescuenet,Easynet-r1,Easynet,B0,24,40,5,0.125,63,9,0.14285714285714285,34.18730407849678,0.00017221600137418136,0.03489813006672193,1,0
rescuenet,Easynet-r1,Easynet,B0,25,40,5,0.125,63,9,0.14285714285714285,34.18730407849678,0.00017221600137418136,0.03489813006672193,1,0
rescuenet,Easynet-r1,Easynet,B0,26,40,5,0.125,63,9,0.14285714285714285,34.18730407849678,0.00017221600137418136,0.03489813006672193,1,0
rescuenet,Easynet-r1,Easynet,B0,27,40,5,0.125,63,9,0.14285714285714285,34.18730407849678,0.00017221600137418136,0.03489813006672193,1,0
rescuenet,Easynet-r1,Easynet,B0,28,40,5,0.125,63,9,0.14285714285714285,34.18730407849678,0.00017221600137418136,0.03489813006672193,1,0
rescuenet,Easynet-r1,Easynet,B0,29,40,5,0.125,63,9,0.14285714285714285,34.18730407849678,0.00017221600137418136,0.03489813006672193,1,0
rescuenet,Easynet-r1,Easynet,B1,0,40,9,0.225,63,63,1.0,30.174335451943726,0.14893125799426343,0.03907279693351787,1,0
rescuenet,Easynet-r1,Easynet,B1,1,40,11,0.275,63,63,1.0,28.16085005052939,0.14893125799426343,0.03907279693351787,1,0
rescuenet,Easynet-r1,Easynet,B1,2,40,8,0.2,63,63,1.0,30.191085899235663,0.14893125799426343,0.03907279693351787,1,0
rescuenet,Easynet-r1,Easynet,B1,3,40,12,0.3,63,63,1.0,28.0,0.14893125799426343,0.03907279693351787,1,0
rescuenet,Easynet-r1,Easynet,B1,4,40,10,0.25,63,63,1.0,28.779098788870762,0.14893125799426343,0.03907279693351787,1,0
rescuenet,Easynet-r1,Easynet,B1,5,40,11,0.275,63,63,1.0,28.195887877401585,0.14893125799426343,0.03907279693351787,1,0
rescuenet,Easynet-r1,Easynet,B1,6,40,12,0.3,63,63,1.0,28.0,0.14893125799426343,0.03907279693351787,1,0
rescuenet,Easynet-r1,Easynet,B1,7,40,11,0.275,63,63,1.0,28.996874472111447,0.14893125799426343,0.03907279693351787,1,0
rescuenet,Easynet-r1,Easynet,B1,8,40,10,0.25,63,63,1.0,28.861014732500283,0.14893125799426343,0.03907279693351787,1,0
rescuenet,Easynet-r1,Easynet,B1,9,40,8,0.2,63,63,1.0,30.80215539188218,0.14893125799426343,0.03907279693351787,1,0
rescuenet,Easynet-r1,Easynet,B1,10,40,8,0.2,63,63,1.0,30.48360878770209,0.14893125799426343,0.03907279693351787,1,0
rescuenet,Easynet-r1,Easynet,B1,11,40,12,0.3,63,63,1.0,28.0,0.14893125799426343,0.03907279693351787,1,0
rescuenet,Easynet-r1,Easynet,B1,12,40,10,0.25,63,63,1.0,29.157481032296808,0.14893125799426343,0.03907279693351787,1,0
rescuenet,Easynet-r1,Easynet,B1,13,40,11,0.275,63,63,1.0,28.836103911239356,0.14893125799426343,0.03907279693351787,1,0
rescuenet,Easynet-r1,Easynet,B1,14,40,7,0.175,63,63,1.0,30.587128910535302,0.14893125799426343,0.03907279693351787,1,0
rescuenet,Easynet-r1,Easynet,B1,15,40,11,0.275,63,63,1.0,28.363892304097714,0.14893125799426343,0.03907279693351787,1,0
rescuenet,Easynet-r1,Easynet,B1,16,40,6,0.15,63,63,1.0,32.10910163111336,0.14893125799426343,0.03907279693351787,1,0
rescuenet,Easynet-r1,Easynet,B1,17,40,10,0.25,63,63,1.0,29.08052003358667,0.14893125799426343,0.03907279693351787,1,0
rescuenet,Easynet-r1,Easynet,B1,18,40,12,0.3,63,63,1.0,28.0,0.14893125799426343,0.03907279693351787,1,0
rescuenet,Easynet-r1,Easynet,B1,19,40,10,0.25,63,63,1.0,28.570165593769293,0.14893125799426343,0.03907279693351787,1,0
rescuenet,Easynet-r1,Easynet,B1,20,40,11,0.275,63,63,1.0,28.52951095629007,0.14893125799426343,0.03907279693351787,1,0
rescuenet,Easynet-r1,Easynet,B1,21,40,11,0.275,63,63,1.0,28.92571189796069,0.14893125799426343,0.03907279693351787,1,0
rescuenet,Easynet-r1,Easynet,B1,22,40,8,0.2,63,63,1.0,30.181184741344754,0.14893125799426343,0.03907279693351787,1,0
rescuenet,Easynet-r1,Easynet,B1,23,40,11,0.275,63,63,1.0,28.266603086619973,0.14893125799426343,0.03907279693351787,1,0
rescuenet,Easynet-r1,Easynet,B1,24,40,12,0.3,63,63,1.0,28.0,0.14893125799426343,0.03907279693351787,1,0
rescuenet,Easynet-r1,Easynet,B1,25,40,10,0.25,63,63,1.0,28.646892548551666,0.14893125799426343,0.03907279693351787,1,0
rescuenet,Easynet-r1,Easynet,B1,26,40,10,0.25,63,63,1.0,28.261410022863537,0.14893125799426343,0.03907279693351787,1,0
rescuenet,Easynet-r1,Easynet,B1,27,40,11,0.275,63,63,1.0,28.431058106113056,0.14893125799426343,0.03907279693351787,1,0
rescuenet,Easynet-r1,Easynet,B1,28,40,10,0.25,63,63,1.0,28.983189875274412,0.14893125799426343,0.03907279693351787,1,0
rescuenet,Easynet-r1,Easynet,B1,29,40,12,0.3,63,63,1.0,28.0,0.14893125799426343,0.03907279693351787,1,0
rescuenet,Easynet-r1,Easynet,B2,0,40,14,0.35,63,63,1.0,22.278992609175,216.54955063399393,0.06747257006669921,1917,5
rescuenet,Easynet-r1,Easynet,B2,1,40,14,0.35,63,63,1.0,21.863407943200276,216.54955063399393,0.06747257006669921,1917,5
rescuenet,Easynet-r1,Easynet,B2,2,40,14,0.35,63,63,1.0,22.689595844223238,216.54955063399393,0.06747257006669921,1917,5
rescuenet,Easynet-r1,Easynet,B2,3,40,14,0.35,63,63,1.0,22.55047735547771,216.54955063399393,0.06747257006669921,1917,5
rescuenet,Easynet-r1,Easynet,B2,4,40,15,0.375,63,63,1.0,22.054192736393734,216.54955063399393,0.06747257006669921,1917,5
rescuenet,Easynet-r1,Easynet,B2,5,40,15,0.375,63,63,1.0,22.346704670163785,216.54955063399393,0.06747257006669921,1917,5
rescuenet,Easynet-r1,Easynet,B2,6,40,14,0.35,63,63,1.0,23.016426968709588,216.54955063399393,0.06747257006669921,1917,5
rescuenet,Easynet-r1,Easynet,B2,7,40,15,0.375,63,63,1.0,22.75259347407003,216.54955063399393,0.06747257006669921,1917,5
rescuenet,Easynet-r1,Easynet,B2,8,40,14,0.35,63,63,1.0,22.411030493752147,216.54955063399393,0.06747257006669921,1917,5
rescuenet,Easynet-r1,Easynet,B2,9,40,14,0.35,63,63,1.0,23.611175212279367,216.54955063399393,0.06747257006669921,1917,5
rescuenet,Easynet-r1,Easynet,B2,10,40,9,0.225,63,63,1.0,25.456469774896668,216.54955063399393,0.06747257006669921,1917,5
rescuenet,Easynet-r1,Easynet,B2,11,40,15,0.375,63,63,1.0,21.725255960212433,216.54955063399393,0.06747257006669921,1917,5
rescuenet,Easynet-r1,Easynet,B2,12,40,14,0.35,63,63,1.0,22.811321124523246,216.54955063399393,0.06747257006669921,1917,5
rescuenet,Easynet-r1,Easynet,B2,13,40,14,0.35,63,63,1.0,23.925384264109464,216.54955063399393,0.06747257006669921,1917,5
rescuenet,Easynet-r1,Easynet,B2,14,40,14,0.35,63,63,1.0,23.42620314148868,216.54955063399393,0.06747257006669921,1917,5
rescuenet,Easynet-r1,Easynet,B2,15,40,14,0.35,63,63,1.0,24.209765893376915,216.54955063399393,0.06747257006669921,1917,5
rescuenet,Easynet-r1,Easynet,B2,16,40,12,0.3,63,63,1.0,24.708688124331186,216.54955063399393,0.06747257006669921,1917,5
rescuenet,Easynet-r1,Easynet,B2,17,40,16,0.4,63,63,1.0,21.54658781232254,216.54955063399393,0.06747257006669921,1917,5
rescuenet,Easynet-r1,Easynet,B2,18,40,15,0.375,63,63,1.0,21.93214700137619,216.54955063399393,0.06747257006669921,1917,5
rescuenet,Easynet-r1,Easynet,B2,19,40,13,0.325,63,63,1.0,23.389773263212508,216.54955063399393,0.06747257006669921,1917,5
rescuenet,Easynet-r1,Easynet,B2,20,40,14,0.35,63,63,1.0,22.75683036463387,216.54955063399393,0.06747257006669921,1917,5
rescuenet,Easynet-r1,Easynet,B2,21,40,14,0.35,63,63,1.0,22.52462175259879,216.54955063399393,0.06747257006669921,1917,5
rescuenet,Easynet-r1,Easynet,B2,22,40,15,0.375,63,63,1.0,21.870023232875305,216.54955063399393,0.06747257006669921,1917,5
rescuenet,Easynet-r1,Easynet,B2,23,40,13,0.325,63,63,1.0,24.23275601201273,216.54955063399393,0.06747257006669921,1917,5
rescuenet,Easynet-r1,Easynet,B2,24,40,16,0.4,63,63,1.0,21.55709164250027,216.54955063399393,0.06747257006669921,1917,5
rescuenet,Easynet-r1,Easynet,B2,25,40,13,0.325,63,63,1.0,22.5322365551745,216.54955063399393,0.06747257006669921,1917,5
rescuenet,Easynet-r1,Easynet,B2,26,40,14,0.35,63,63,1.0,23.276014461526547,216.54955063399393,0.06747257006669921,1917,5
rescuenet,Easynet-r1,Easynet,B2,27,40,15,0.375,63,63,1.0,22.20726925239187,216.54955063399393,0.06747257006669921,1917,5
rescuenet,Easynet-r1,Easynet,B2,28,40,15,0.375,63,63,1.0,22.305817524017765,216.54955063399393,0.06747257006669921,1917,5
rescuenet,Easynet-r1,Easynet,B2,29,40,14,0.35,63,63,1.0,22.811934539339806,216.54955063399393,0.06747257006669921,1917,5
rescuenet,Easynet-r1,Easynet,P,0,40,15,0.375,63,63,1.0,21.232929093140633,218.5164860260047,0.062255094133433886,2001,6
rescuenet,Easynet-r1,Easynet,P,1,40,16,0.4,63,63,1.0,20.70272548529228,218.5164860260047,0.062255094133433886,2001,6
rescuenet,Easynet-r1,Easynet,P,2,40,10,0.25,63,63,1.0,24.26037474764592,218.5164860260047,0.062255094133433886,2001,6
rescuenet,Easynet-r1,Easynet,P,3,40,16,0.4,63,63,1.0,21.76257011163064,218.5164860260047,0.062255094133433886,2001,6
rescuenet,Easynet-r1,Easynet,P,4,40,16,0.4,63,63,1.0,22.212618550340807,218.5164860260047,0.062255094133433886,2001,6
rescuenet,Easynet-r1,Easynet,P,5,40,12,0.3,63,63,1.0,25.394924955898926,218.5164860260047,0.062255094133433886,2001,6
rescuenet,Easynet-r1,Easynet,P,6,40,13,0.325,63,63,1.0,23.028544015795788,218.5164860260047,0.062255094133433886,2001,6
rescuenet,Easynet-r1,Easynet,P,7,40,15,0.375,63,63,1.0,22.75005868926948,218.5164860260047,0.062255094133433886,2001,6
rescuenet,Easynet-r1,Easynet,P,8,40,14,0.35,63,63,1.0,22.836067979744932,218.5164860260047,0.062255094133433886,2001,6
rescuenet,Easynet-r1,Easynet,P,9,40,16,0.4,63,63,1.0,22.153309147273962,218.5164860260047,0.062255094133433886,2001,6
rescuenet,Easynet-r1,Easynet,P,10,40,13,0.325,63,63,1.0,24.897953008926933,218.5164860260047,0.062255094133433886,2001,6
rescuenet,Easynet-r1,Easynet,P,11,40,16,0.4,63,63,1.0,21.460477213908657,218.5164860260047,0.062255094133433886,2001,6
rescuenet,Easynet-r1,Easynet,P,12,40,15,0.375,63,63,1.0,22.35696570429637,218.5164860260047,0.062255094133433886,2001,6
rescuenet,Easynet-r1,Easynet,P,13,40,15,0.375,63,63,1.0,21.95680800186425,218.5164860260047,0.062255094133433886,2001,6
rescuenet,Easynet-r1,Easynet,P,14,40,15,0.375,63,63,1.0,22.20814792785159,218.5164860260047,0.062255094133433886,2001,6
rescuenet,Easynet-r1,Easynet,P,15,40,15,0.375,63,63,1.0,22.874220379373412,218.5164860260047,0.062255094133433886,2001,6
rescuenet,Easynet-r1,Easynet,P,16,40,16,0.4,63,63,1.0,21.849437649578835,218.5164860260047,0.062255094133433886,2001,6
rescuenet,Easynet-r1,Easynet,P,17,40,16,0.4,63,63,1.0,21.29001677058314,218.5164860260047,0.062255094133433886,2001,6
rescuenet,Easynet-r1,Easynet,P,18,40,11,0.275,63,63,1.0,26.08652062417887,218.5164860260047,0.062255094133433886,2001,6
rescuenet,Easynet-r1,Easynet,P,19,40,16,0.4,63,63,1.0,21.22129981706521,218.5164860260047,0.062255094133433886,2001,6
rescuenet,Easynet-r1,Easynet,P,20,40,16,0.4,63,63,1.0,21.878697521025572,218.5164860260047,0.062255094133433886,2001,6
rescuenet,Easynet-r1,Easynet,P,21,40,15,0.375,63,63,1.0,22.347658146305797,218.5164860260047,0.062255094133433886,2001,6
rescuenet,Easynet-r1,Easynet,P,22,40,16,0.4,63,63,1.0,20.934614064692806,218.5164860260047,0.062255094133433886,2001,6
rescuenet,Easynet-r1,Easynet,P,23,40,15,0.375,63,63,1.0,21.66297138429034,218.5164860260047,0.062255094133433886,2001,6
rescuenet,Easynet-r1,Easynet,P,24,40,16,0.4,63,63,1.0,21.260872680862064,218.5164860260047,0.062255094133433886,2001,6
rescuenet,Easynet-r1,Easynet,P,25,40,16,0.4,63,63,1.0,21.236123564320955,218.5164860260047,0.062255094133433886,2001,6
rescuenet,Easynet-r1,Easynet,P,26,40,15,0.375,63,63,1.0,21.86285672717524,218.5164860260047,0.062255094133433886,2001,6
rescuenet,Easynet-r1,Easynet,P,27,40,16,0.4,63,63,1.0,21.490731442519678,218.5164860260047,0.062255094133433886,2001,6
rescuenet,Easynet-r1,Easynet,P,28,40,15,0.375,63,63,1.0,22.112393172249764,218.5164860260047,0.062255094133433886,2001,6
rescuenet,Easynet-r1,Easynet,P,29,40,14,0.35,63,63,1.0,22.127523651275048,218.5164860260047,0.062255094133433886,2001,6
rescuenet,Easynet-r1,Easynet,TRAN,0,40,13,0.325,63,63,1.0,24.17271041228478,621.4715387879987,0.07106577963325739,1,0
rescuenet,Easynet-r1,Easynet,TRAN,1,40,16,0.4,63,63,1.0,22.293516593061305,621.4715387879987,0.07106577963325739,1,0
rescuenet,Easynet-r1,Easynet,TRAN,2,40,14,0.35,63,63,1.0,25.300437903412863,621.4715387879987,0.07106577963325739,1,0
rescuenet,Easynet-r1,Easynet,TRAN,3,40,15,0.375,63,62,0.9841269841269841,23.24179620424405,621.4715387879987,0.07106577963325739,1,0
rescuenet,Easynet-r1,Easynet,TRAN,4,40,14,0.35,63,63,1.0,25.01485249187718,621.4715387879987,0.07106577963325739,1,0
rescuenet,Easynet-r1,Easynet,TRAN,5,40,14,0.35,63,63,1.0,25.49161775640134,621.4715387879987,0.07106577963325739,1,0
rescuenet,Easynet-r1,Easynet,TRAN,6,40,14,0.35,63,63,1.0,24.824764598666953,621.4715387879987,0.07106577963325739,1,0
rescuenet,Easynet-r1,Easynet,TRAN,7,40,12,0.3,63,63,1.0,26.874774093681793,621.4715387879987,0.07106577963325739,1,0
rescuenet,Easynet-r1,Easynet,TRAN,8,40,12,0.3,63,63,1.0,26.656686179579964,621.4715387879987,0.07106577963325739,1,0
rescuenet,Easynet-r1,Easynet,TRAN,9,40,13,0.325,63,63,1.0,26.2574316134119,621.4715387879987,0.07106577963325739,1,0
rescuenet,Easynet-r1,Easynet,TRAN,10,40,14,0.35,63,63,1.0,24.014759186811578,621.4715387879987,0.07106577963325739,1,0
rescuenet,Easynet-r1,Easynet,TRAN,11,40,13,0.325,63,63,1.0,25.245343909381194,621.4715387879987,0.07106577963325739,1,0
rescuenet,Easynet-r1,Easynet,TRAN,12,40,14,0.35,63,63,1.0,24.673824254487606,621.4715387879987,0.07106577963325739,1,0
rescuenet,Easynet-r1,Easynet,TRAN,13,40,12,0.3,63,63,1.0,26.636640646856936,621.4715387879987,0.07106577963325739,1,0
rescuenet,Easynet-r1,Easynet,TRAN,14,40,14,0.35,63,63,1.0,23.67569081028623,621.4715387879987,0.07106577963325739,1,0
rescuenet,Easynet-r1,Easynet,TRAN,15,40,17,0.425,63,63,1.0,22.84534846297749,621.4715387879987,0.07106577963325739,1,0
rescuenet,Easynet-r1,Easynet,TRAN,16,40,15,0.375,63,63,1.0,24.57249551059482,621.4715387879987,0.07106577963325739,1,0
rescuenet,Easynet-r1,Easynet,TRAN,17,40,13,0.325,63,63,1.0,25.78356343327524,621.4715387879987,0.07106577963325739,1,0
rescuenet,Easynet-r1,Easynet,TRAN,18,40,13,0.325,63,63,1.0,26.184426115081738,621.4715387879987,0.07106577963325739,1,0
rescuenet,Easynet-r1,Easynet,TRAN,19,40,15,0.375,63,63,1.0,22.595383979891615,621.4715387879987,0.07106577963325739,1,0
rescuenet,Easynet-r1,Easynet,TRAN,20,40,13,0.325,63,63,1.0,25.425129673971156,621.4715387879987,0.07106577963325739,1,0
rescuenet,Easynet-r1,Easynet,TRAN,21,40,13,0.325,63,63,1.0,25.51728608760521,621.4715387879987,0.07106577963325739,1,0
rescuenet,Easynet-r1,Easynet,TRAN,22,40,13,0.325,63,63,1.0,25.01051990526071,621.4715387879987,0.07106577963325739,1,0
rescuenet,Easynet-r1,Easynet,TRAN,23,40,15,0.375,63,63,1.0,24.03562813952083,621.4715387879987,0.07106577963325739,1,0
rescuenet,Easynet-r1,Easynet,TRAN,24,40,14,0.35,63,63,1.0,24.897039359593126,621.4715387879987,0.07106577963325739,1,0
rescuenet,Easynet-r1,Easynet,TRAN,25,40,13,0.325,63,63,1.0,25.349142484082652,621.4715387879987,0.07106577963325739,1,0
rescuenet,Easynet-r1,Easynet,TRAN,26,40,14,0.35,63,63,1.0,25.0602205402593,621.4715387879987,0.07106577963325739,1,0
rescuenet,Easynet-r1,Easynet,TRAN,27,40,15,0.375,63,63,1.0,22.509804869678078,621.4715387879987,0.07106577963325739,1,0
rescuenet,Easynet-r1,Easynet,TRAN,28,40,15,0.375,63,63,1.0,22.821643415005745,621.4715387879987,0.07106577963325739,1,0
rescuenet,Easynet-r1,Easynet,TRAN,29,40,17,0.425,63,63,1.0,21.651510653127673,621.4715387879987,0.07106577963325739,1,0
rescuenet,Easynet-r2,Easynet,B0,0,40,3,0.075,63,6,0.09523809523809523,36.89722223320669,0.00012402900028973818,0.03586813933337301,1,0
rescuenet,Easynet-r2,Easynet,B0,1,40,3,0.075,63,6,0.09523809523809523,36.89722223320669,0.00012402900028973818,0.03586813933337301,1,0
rescuenet,Easynet-r2,Easynet,B0,2,40,3,0.075,63,6,0.09523809523809523,36.89722223320669,0.00012402900028973818,0.03586813933337301,1,0
rescuenet,Easynet-r2,Easynet,B0,3,40,3,0.075,63,6,0.09523809523809523,36.89722223320669,0.00012402900028973818,0.03586813933337301,1,0
rescuenet,Easynet-r2,Easynet,B0,4,40,3,0.075,63,6,0.09523809523809523,36.89722223320669,0.00012402900028973818,0.03586813933337301,1,0
rescuenet,Easynet-r2,Easynet,B0,5,40,3,0.075,63,6,0.09523809523809523,36.89722223320669,0.00012402900028973818,0.03586813933337301,1,0
rescuenet,Easynet-r2,Easynet,B0,6,40,3,0.075,63,6,0.09523809523809523,36.89722223320669,0.00012402900028973818,0.03586813933337301,1,0
rescuenet,Easynet-r2,Easynet,B0,7,40,3,0.075,63,6,0.09523809523809523,36.89722223320669,0.00012402900028973818,0.03586813933337301,1,0
rescuenet,Easynet-r2,Easynet,B0,8,40,3,0.075,63,6,0.09523809523809523,36.89722223320669,0.00012402900028973818,0.03586813933337301,1,0
rescuenet,Easynet-r2,Easynet,B0,9,40,3,0.075,63,6,0.09523809523809523,36.89722223320669,0.00012402900028973818,0.03586813933337301,1,0
rescuenet,Easynet-r2,Easynet,B0,10,40,3,0.075,63,6,0.09523809523809523,36.89722223320669,0.00012402900028973818,0.03586813933337301,1,0
rescuenet,Easynet-r2,Easynet,B0,11,40,3,0.075,63,6,0.09523809523809523,36.89722223320669,0.00012402900028973818,0.03586813933337301,1,0
rescuenet,Easynet-r2,Easynet,B0,12,40,3,0.075,63,6,0.09523809523809523,36.89722223320669,0.00012402900028973818,0.03586813933337301,1,0
rescuenet,Easynet-r2,Easynet,B0,13,40,3,0.075,63,6,0.09523809523809523,36.89722223320669,0.00012402900028973818,0.03586813933337301,1,0
rescuenet,Easynet-r2,Easynet,B0,14,40,3,0.075,63,6,0.09523809523809523,36.89722223320669,0.00012402900028973818,0.03586813933337301,1,0
rescuenet,Easynet-r2,Easynet,B0,15,40,3,0.075,63,6,0.09523809523809523,36.89722223320669,0.00012402900028973818,0.03586813933337301,1,0
rescuenet,Easynet-r2,Easynet,B0,16,40,3,0.075,63,6,0.09523809523809523,36.89722223320669,0.00012402900028973818,0.03586813933337301,1,0
rescuenet,Easynet-r2,Easynet,B0,17,40,3,0.075,63,6,0.09523809523809523,36.89722223320669,0.00012402900028973818,0.03586813933337301,1,0
rescuenet,Easynet-r2,Easynet,B0,18,40,3,0.075,63,6,0.09523809523809523,36.89722223320669,0.00012402900028973818,0.03586813933337301,1,0
rescuenet,Easynet-r2,Easynet,B0,19,40,3,0.075,63,6,0.09523809523809523,36.89722223320669,0.00012402900028973818,0.03586813933337301,1,0
rescuenet,Easynet-r2,Easynet,B0,20,40,3,0.075,63,6,0.09523809523809523,36.89722223320669,0.00012402900028973818,0.03586813933337301,1,0
rescuenet,Easynet-r2,Easynet,B0,21,40,3,0.075,63,6,0.09523809523809523,36.89722223320669,0.00012402900028973818,0.03586813933337301,1,0
rescuenet,Easynet-r2,Easynet,B0,22,40,3,0.075,63,6,0.09523809523809523,36.89722223320669,0.00012402900028973818,0.03586813933337301,1,0
rescuenet,Easynet-r2,Easynet,B0,23,40,3,0.075,63,6,0.09523809523809523,36.89722223320669,0.00012402900028973818,0.03586813933337301,1,0
rescuenet,Easynet-r2,Easynet,B0,24,40,3,0.075,63,6,0.09523809523809523,36.89722223320669,0.00012402900028973818,0.03586813933337301,1,0
rescuenet,Easynet-r2,Easynet,B0,25,40,3,0.075,63,6,0.09523809523809523,36.89722223320669,0.00012402900028973818,0.03586813933337301,1,0
rescuenet,Easynet-r2,Easynet,B0,26,40,3,0.075,63,6,0.09523809523809523,36.89722223320669,0.00012402900028973818,0.03586813933337301,1,0
rescuenet,Easynet-r2,Easynet,B0,27,40,3,0.075,63,6,0.09523809523809523,36.89722223320669,0.00012402900028973818,0.03586813933337301,1,0
rescuenet,Easynet-r2,Easynet,B0,28,40,3,0.075,63,6,0.09523809523809523,36.89722223320669,0.00012402900028973818,0.03586813933337301,1,0
rescuenet,Easynet-r2,Easynet,B0,29,40,3,0.075,63,6,0.09523809523809523,36.89722223320669,0.00012402900028973818,0.03586813933337301,1,0
rescuenet,Easynet-r2,Easynet,B1,0,40,4,0.1,63,63,1.0,35.323545099373085,0.13873176099878037,0.03230245116671237,1,0
rescuenet,Easynet-r2,Easynet,B1,1,40,4,0.1,63,63,1.0,35.76872706679681,0.13873176099878037,0.03230245116671237,1,0
rescuenet,Easynet-r2,Easynet,B1,2,40,4,0.1,63,63,1.0,35.13018543953204,0.13873176099878037,0.03230245116671237,1,0
rescuenet,Easynet-r2,Easynet,B1,3,40,4,0.1,63,63,1.0,35.538714658483585,0.13873176099878037,0.03230245116671237,1,0
rescuenet,Easynet-r2,Easynet,B1,4,40,4,0.1,63,63,1.0,35.32688942777194,0.13873176099878037,0.03230245116671237,1,0
rescuenet,Easynet-r2,Easynet,B1,5,40,5,0.125,63,63,1.0,35.0,0.13873176099878037,0.03230245116671237,1,0
rescuenet,Easynet-r2,Easynet,B1,6,40,4,0.1,63,63,1.0,35.99733500496424,0.13873176099878037,0.03230245116671237,1,0
rescuenet,Easynet-r2,Easynet,B1,7,40,3,0.075,63,63,1.0,36.33786145643866,0.13873176099878037,0.03230245116671237,1,0
rescuenet,Easynet-r2,Easynet,B1,8,40,5,0.125,63,63,1.0,35.0,0.13873176099878037,0.03230245116671237,1,0
rescuenet,Easynet-r2,Easynet,B1,9,40,4,0.1,63,63,1.0,35.14801679352686,0.13873176099878037,0.03230245116671237,1,0
rescuenet,Easynet-r2,Easynet,B1,10,40,4,0.1,63,63,1.0,35.11867175049034,0.13873176099878037,0.03230245116671237,1,0
rescuenet,Easynet-r2,Easynet,B1,11,40,5,0.125,63,63,1.0,35.0,0.13873176099878037,0.03230245116671237,1,0
rescuenet,Easynet-r2,Easynet,B1,12,40,4,0.1,63,63,1.0,35.8167603716023,0.13873176099878037,0.03230245116671237,1,0
rescuenet,Easynet-r2,Easynet,B1,13,40,4,0.1,63,63,1.0,35.12315197679048,0.13873176099878037,0.03230245116671237,1,0
rescuenet,Easynet-r2,Easynet,B1,14,40,5,0.125,63,63,1.0,35.0,0.13873176099878037,0.03230245116671237,1,0
rescuenet,Easynet-r2,Easynet,B1,15,40,3,0.075,63,63,1.0,36.1618690638799,0.13873176099878037,0.03230245116671237,1,0
rescuenet,Easynet-r2,Easynet,B1,16,40,3,0.075,63,63,1.0,35.395255634443984,0.13873176099878037,0.03230245116671237,1,0
rescuenet,Easynet-r2,Easynet,B1,17,40,4,0.1,63,63,1.0,35.09445824240673,0.13873176099878037,0.03230245116671237,1,0
rescuenet,Easynet-r2,Easynet,B1,18,40,3,0.075,63,63,1.0,36.02320791930695,0.13873176099878037,0.03230245116671237,1,0
rescuenet,Easynet-r2,Easynet,B1,19,40,4,0.1,63,63,1.0,35.52298087147941,0.13873176099878037,0.03230245116671237,1,0
rescuenet,Easynet-r2,Easynet,B1,20,40,4,0.1,63,63,1.0,35.57241741841572,0.13873176099878037,0.03230245116671237,1,0
rescuenet,Easynet-r2,Easynet,B1,21,40,4,0.1,63,63,1.0,35.53694020574042,0.13873176099878037,0.03230245116671237,1,0
rescuenet,Easynet-r2,Easynet,B1,22,40,4,0.1,63,63,1.0,35.799172883954235,0.13873176099878037,0.03230245116671237,1,0
rescuenet,Easynet-r2,Easynet,B1,23,40,4,0.1,63,63,1.0,35.587932465708526,0.13873176099878037,0.03230245116671237,1,0
rescuenet,Easynet-r2,Easynet,B1,24,40,4,0.1,63,63,1.0,35.76998234855318,0.13873176099878037,0.03230245116671237,1,0
rescuenet,Easynet-r2,Easynet,B1,25,40,3,0.075,63,63,1.0,35.785867735884246,0.13873176099878037,0.03230245116671237,1,0
rescuenet,Easynet-r2,Easynet,B1,26,40,4,0.1,63,63,1.0,35.53644317679548,0.13873176099878037,0.03230245116671237,1,0
rescuenet,Easynet-r2,Easynet,B1,27,40,3,0.075,63,63,1.0,35.661192592665586,0.13873176099878037,0.03230245116671237,1,0
rescuenet,Easynet-r2,Easynet,B1,28,40,4,0.1,63,63,1.0,35.99744768081151,0.13873176099878037,0.03230245116671237,1,0
rescuenet,Easynet-r2,Easynet,B1,29,40,4,0.1,63,63,1.0,35.049518908218126,0.13873176099878037,0.03230245116671237,1,0
rescuenet,Easynet-r2,Easynet,B2,0,40,4,0.1,63,63,1.0,34.4131882581413,164.21532968500105,0.05223480653342752,1764,4
rescuenet,Easynet-r2,Easynet,B2,1,40,4,0.1,63,63,1.0,32.548191989681186,164.21532968500105,0.05223480653342752,1764,4
rescuenet,Easynet-r2,Easynet,B2,2,40,5,0.125,63,63,1.0,32.44570318166993,164.21532968500105,0.05223480653342752,1764,4
rescuenet,Easynet-r2,Easynet,B2,3,40,4,0.1,63,63,1.0,33.21759072656123,164.21532968500105,0.05223480653342752,1764,4
rescuenet,Easynet-r2,Easynet,B2,4,40,4,0.1,63,63,1.0,34.39001533606361,164.21532968500105,0.05223480653342752,1764,4
rescuenet,Easynet-r2,Easynet,B2,5,40,5,0.125,63,63,1.0,32.94993974975985,164.21532968500105,0.05223480653342752,1764,4
rescuenet,Easynet-r2,Easynet,B2,6,40,5,0.125,63,63,1.0,34.546283767085995,164.21532968500105,0.05223480653342752,1764,4
rescuenet,Easynet-r2,Easynet,B2,7,40,3,0.075,63,63,1.0,34.19273615689242,164.21532968500105,0.05223480653342752,1764,4
rescuenet,Easynet-r2,Easynet,B2,8,40,5,0.125,63,63,1.0,30.82109528906762,164.21532968500105,0.05223480653342752,1764,4
rescuenet,Easynet-r2,Easynet,B2,9,40,5,0.125,63,63,1.0,32.62434161058436,164.21532968500105,0.05223480653342752,1764,4
rescuenet,Easynet-r2,Easynet,B2,10,40,4,0.1,63,63,1.0,34.81862059151561,164.21532968500105,0.05223480653342752,1764,4
rescuenet,Easynet-r2,Easynet,B2,11,40,7,0.175,63,63,1.0,31.849865957808504,164.21532968500105,0.05223480653342752,1764,4
rescuenet,Easynet-r2,Easynet,B2,12,40,3,0.075,63,63,1.0,34.78022936450874,164.21532968500105,0.05223480653342752,1764,4
rescuenet,Easynet-r2,Easynet,B2,13,40,4,0.1,63,63,1.0,32.97487970505888,164.21532968500105,0.05223480653342752,1764,4
rescuenet,Easynet-r2,Easynet,B2,14,40,3,0.075,63,63,1.0,33.670980258868696,164.21532968500105,0.05223480653342752,1764,4
rescuenet,Easynet-r2,Easynet,B2,15,40,4,0.1,63,63,1.0,34.21667815557344,164.21532968500105,0.05223480653342752,1764,4
rescuenet,Easynet-r2,Easynet,B2,16,40,3,0.075,63,63,1.0,34.30756523226054,164.21532968500105,0.05223480653342752,1764,4
rescuenet,Easynet-r2,Easynet,B2,17,40,5,0.125,63,63,1.0,33.49035179711528,164.21532968500105,0.05223480653342752,1764,4
rescuenet,Easynet-r2,Easynet,B2,18,40,3,0.075,63,63,1.0,34.508469511610734,164.21532968500105,0.05223480653342752,1764,4
rescuenet,Easynet-r2,Easynet,B2,19,40,4,0.1,63,63,1.0,33.7290852850856,164.21532968500105,0.05223480653342752,1764,4
rescuenet,Easynet-r2,Easynet,B2,20,40,5,0.125,63,63,1.0,33.0203250616231,164.21532968500105,0.05223480653342752,1764,4
rescuenet,Easynet-r2,Easynet,B2,21,40,4,0.1,63,63,1.0,34.224875401584114,164.21532968500105,0.05223480653342752,1764,4
rescuenet,Easynet-r2,Easynet,B2,22,40,3,0.075,63,63,1.0,34.458545061667984,164.21532968500105,0.05223480653342752,1764,4
rescuenet,Easynet-r2,Easynet,B2,23,40,5,0.125,63,63,1.0,33.35875143734962,164.21532968500105,0.05223480653342752,1764,4
rescuenet,Easynet-r2,Easynet,B2,24,40,4,0.1,63,63,1.0,33.52487303797002,164.21532968500105,0.05223480653342752,1764,4
rescuenet,Easynet-r2,Easynet,B2,25,40,5,0.125,63,63,1.0,32.48453650441223,164.21532968500105,0.05223480653342752,1764,4
rescuenet,Easynet-r2,Easynet,B2,26,40,5,0.125,63,63,1.0,33.272412033890156,164.21532968500105,0.05223480653342752,1764,4
rescuenet,Easynet-r2,Easynet,B2,27,40,4,0.1,63,63,1.0,33.63233654880022,164.21532968500105,0.05223480653342752,1764,4
rescuenet,Easynet-r2,Easynet,B2,28,40,4,0.1,63,63,1.0,32.52694651205789,164.21532968500105,0.05223480653342752,1764,4
rescuenet,Easynet-r2,Easynet,B2,29,40,6,0.15,63,63,1.0,33.151068932103456,164.21532968500105,0.05223480653342752,1764,4
rescuenet,Easynet-r2,Easynet,P,0,40,5,0.125,63,63,1.0,33.533007445164024,179.35962193599698,0.04755906010007796,2001,7
rescuenet,Easynet-r2,Easynet,P,1,40,6,0.15,63,63,1.0,31.89618953879964,179.35962193599698,0.04755906010007796,2001,7
rescuenet,Easynet-r2,Easynet,P,2,40,7,0.175,63,63,1.0,32.08430272154805,179.35962193599698,0.04755906010007796,2001,7
rescuenet,Easynet-r2,Easynet,P,3,40,5,0.125,63,63,1.0,32.553369568005536,179.35962193599698,0.04755906010007796,2001,7
rescuenet,Easynet-r2,Easynet,P,4,40,5,0.125,63,63,1.0,33.59728145079642,179.35962193599698,0.04755906010007796,2001,7
rescuenet,Easynet-r2,Easynet,P,5,40,5,0.125,63,63,1.0,32.493060073813744,179.35962193599698,0.04755906010007796,2001,7
rescuenet,Easynet-r2,Easynet,P,6,40,5,0.125,63,63,1.0,33.92142415866619,179.35962193599698,0.04755906010007796,2001,7
rescuenet,Easynet-r2,Easynet,P,7,40,5,0.125,63,63,1.0,33.53683819602633,179.35962193599698,0.04755906010007796,2001,7
rescuenet,Easynet-r2,Easynet,P,8,40,8,0.2,63,63,1.0,30.15886142909102,179.35962193599698,0.04755906010007796,2001,7
rescuenet,Easynet-r2,Easynet,P,9,40,5,0.125,63,63,1.0,33.282676607586424,179.35962193599698,0.04755906010007796,2001,7
rescuenet,Easynet-r2,Easynet,P,10,40,6,0.15,63,63,1.0,33.41844530535307,179.35962193599698,0.04755906010007796,2001,7
rescuenet,Easynet-r2,Easynet,P,11,40,7,0.175,63,63,1.0,31.314411548027216,179.35962193599698,0.04755906010007796,2001,7
rescuenet,Easynet-r2,Easynet,P,12,40,4,0.1,63,63,1.0,33.86077604860099,179.35962193599698,0.04755906010007796,2001,7
rescuenet,Easynet-r2,Easynet,P,13,40,6,0.15,63,63,1.0,31.49427883344325,179.35962193599698,0.04755906010007796,2001,7
rescuenet,Easynet-r2,Easynet,P,14,40,6,0.15,63,63,1.0,32.71991285936557,179.35962193599698,0.04755906010007796,2001,7
rescuenet,Easynet-r2,Easynet,P,15,40,4,0.1,63,63,1.0,33.09129942496492,179.35962193599698,0.04755906010007796,2001,7
rescuenet,Easynet-r2,Easynet,P,16,40,3,0.075,63,63,1.0,33.49693029124306,179.35962193599698,0.04755906010007796,2001,7
rescuenet,Easynet-r2,Easynet,P,17,40,5,0.125,63,63,1.0,33.840093703898404,179.35962193599698,0.04755906010007796,2001,7
rescuenet,Easynet-r2,Easynet,P,18,40,7,0.175,63,63,1.0,31.59954936203142,179.35962193599698,0.04755906010007796,2001,7
rescuenet,Easynet-r2,Easynet,P,19,40,4,0.1,63,63,1.0,33.25889592618594,179.35962193599698,0.04755906010007796,2001,7
rescuenet,Easynet-r2,Easynet,P,20,40,7,0.175,63,63,1.0,32.25405746184192,179.35962193599698,0.04755906010007796,2001,7
rescuenet,Easynet-r2,Easynet,P,21,40,3,0.075,63,63,1.0,34.980462393507985,179.35962193599698,0.04755906010007796,2001,7
rescuenet,Easynet-r2,Easynet,P,22,40,3,0.075,63,63,1.0,33.20289388344811,179.35962193599698,0.04755906010007796,2001,7
rescuenet,Easynet-r2,Easynet,P,23,40,4,0.1,63,63,1.0,32.360114553535375,179.35962193599698,0.04755906010007796,2001,7
rescuenet,Easynet-r2,Easynet,P,24,40,7,0.175,63,63,1.0,31.97423002835162,179.35962193599698,0.04755906010007796,2001,7
rescuenet,Easynet-r2,Easynet,P,25,40,5,0.125,63,63,1.0,32.350240626168315,179.35962193599698,0.04755906010007796,2001,7
rescuenet,Easynet-r2,Easynet,P,26,40,6,0.15,63,63,1.0,32.54805572602253,179.35962193599698,0.04755906010007796,2001,7
rescuenet,Easynet-r2,Easynet,P,27,40,5,0.125,63,63,1.0,33.610327502667054,179.35962193599698,0.04755906010007796,2001,7
rescuenet,Easynet-r2,Easynet,P,28,40,4,0.1,63,63,1.0,32.09086298273755,179.35962193599698,0.04755906010007796,2001,7
rescuenet,Easynet-r2,Easynet,P,29,40,6,0.15,63,63,1.0,33.01727113539117,179.35962193599698,0.04755906010007796,2001,7
rescuenet,Easynet-r2,Easynet,TRAN,0,40,8,0.2,63,63,1.0,30.22040513175217,771.0527132029965,0.070378924599936,1,0
rescuenet,Easynet-r2,Easynet,TRAN,1,40,9,0.225,63,63,1.0,28.68898911858259,771.0527132029965,0.070378924599936,1,0
rescuenet,Easynet-r2,Easynet,TRAN,2,40,9,0.225,63,63,1.0,28.718637361271654,771.0527132029965,0.070378924599936,1,0
rescuenet,Easynet-r2,Easynet,TRAN,3,40,10,0.25,63,63,1.0,27.528319892639036,771.0527132029965,0.070378924599936,1,0
rescuenet,Easynet-r2,Easynet,TRAN,4,40,8,0.2,63,63,1.0,29.580556161411803,771.0527132029965,0.070378924599936,1,0
rescuenet,Easynet-r2,Easynet,TRAN,5,40,7,0.175,63,63,1.0,30.398716822320633,771.0527132029965,0.070378924599936,1,0
rescuenet,Easynet-r2,Easynet,TRAN,6,40,7,0.175,63,63,1.0,31.290014582467656,771.0527132029965,0.070378924599936,1,0
rescuenet,Easynet-r2,Easynet,TRAN,7,40,6,0.15,63,63,1.0,30.099008670327606,771.0527132029965,0.070378924599936,1,0
rescuenet,Easynet-r2,Easynet,TRAN,8,40,8,0.2,63,63,1.0,29.992457325976524,771.0527132029965,0.070378924599936,1,0
rescuenet,Easynet-r2,Easynet,TRAN,9,40,10,0.25,63,63,1.0,27.937668037135296,771.0527132029965,0.070378924599936,1,0
rescuenet,Easynet-r2,Easynet,TRAN,10,40,8,0.2,63,63,1.0,31.503212805681393,771.0527132029965,0.070378924599936,1,0
rescuenet,Easynet-r2,Easynet,TRAN,11,40,8,0.2,63,63,1.0,27.992122106716565,771.0527132029965,0.070378924599936,1,0
rescuenet,Easynet-r2,Easynet,TRAN,12,40,8,0.2,63,63,1.0,30.379745938757402,771.0527132029965,0.070378924599936,1,0
rescuenet,Easynet-r2,Easynet,TRAN,13,40,7,0.175,63,63,1.0,29.67942372263237,771.0527132029965,0.070378924599936,1,0
rescuenet,Easynet-r2,Easynet,TRAN,14,40,8,0.2,63,63,1.0,29.523076127730494,771.0527132029965,0.070378924599936,1,0
rescuenet,Easynet-r2,Easynet,TRAN,15,40,10,0.25,63,63,1.0,29.28738352383571,771.0527132029965,0.070378924599936,1,0
rescuenet,Easynet-r2,Easynet,TRAN,16,40,9,0.225,63,63,1.0,28.933530927534676,771.0527132029965,0.070378924599936,1,0
rescuenet,Easynet-r2,Easynet,TRAN,17,40,7,0.175,63,63,1.0,30.01624540113061,771.0527132029965,0.070378924599936,1,0
rescuenet,Easynet-r2,Easynet,TRAN,18,40,9,0.225,63,63,1.0,28.086744452621005,771.0527132029965,0.070378924599936,1,0
rescuenet,Easynet-r2,Easynet,TRAN,19,40,10,0.25,63,63,1.0,28.14483639405132,771.0527132029965,0.070378924599936,1,0
rescuenet,Easynet-r2,Easynet,TRAN,20,40,9,0.225,63,63,1.0,28.124902413179107,771.0527132029965,0.070378924599936,1,0
rescuenet,Easynet-r2,Easynet,TRAN,21,40,6,0.15,63,63,1.0,31.03077195210529,771.0527132029965,0.070378924599936,1,0
rescuenet,Easynet-r2,Easynet,TRAN,22,40,8,0.2,63,63,1.0,30.658325711254214,771.0527132029965,0.070378924599936,1,0
rescuenet,Easynet-r2,Easynet,TRAN,23,40,8,0.2,63,63,1.0,29.305432981962937,771.0527132029965,0.070378924599936,1,0
rescuenet,Easynet-r2,Easynet,TRAN,24,40,9,0.225,63,63,1.0,28.64918557328432,771.0527132029965,0.070378924599936,1,0
rescuenet,Easynet-r2,Easynet,TRAN,25,40,4,0.1,63,63,1.0,31.78931856699794,771.0527132029965,0.070378924599936,1,0
rescuenet,Easynet-r2,Easynet,TRAN,26,40,8,0.2,63,63,1.0,30.818508441791057,771.0527132029965,0.070378924599936,1,0
rescuenet,Easynet-r2,Easynet,TRAN,27,40,8,0.2,63,63,1.0,29.46528586874087,771.0527132029965,0.070378924599936,1,0
rescuenet,Easynet-r2,Easynet,TRAN,28,40,9,0.225,63,63,1.0,29.35232559849047,771.0527132029965,0.070378924599936,1,0
rescuenet,Easynet-r2,Easynet,TRAN,29,40,6,0.15,63,63,1.0,30.811373006980528,771.0527132029965,0.070378924599936,1,0
rescuenet,Garr200112-r0,Garr200112,B0,0,40,6,0.15,63,13,0.20634920634920634,32.77570344743079,0.00021032199583714828,0.035759853300017616,1,0
rescuenet,Garr200112-r0,Garr200112,B0,1,40,6,0.15,63,13,0.20634920634920634,32.77570344743079,0.00021032199583714828,0.035759853300017616,1,0
rescuenet,Garr200112-r0,Garr200112,B0,2,40,6,0.15,63,13,0.20634920634920634,32.77570344743079,0.00021032199583714828,0.035759853300017616,1,0
rescuenet,Garr200112-r0,Garr200112,B0,3,40,6,0.15,63,13,0.20634920634920634,32.77570344743079,0.00021032199583714828,0.035759853300017616,1,0
rescuenet,Garr200112-r0,Garr200112,B0,4,40,6,0.15,63,13,0.20634920634920634,32.77570344743079,0.00021032199583714828,0.035759853300017616,1,0
rescuenet,Garr200112-r0,Garr200112,B0,5,40,6,0.15,63,13,0.20634920634920634,32.77570344743079,0.00021032199583714828,0.035759853300017616,1,0
rescuenet,Garr200112-r0,Garr200112,B0,6,40,6,0.15,63,13,0.20634920634920634,32.77570344743079,0.00021032199583714828,0.035759853300017616,1,0
rescuenet,Garr200112-r0,Garr200112,B0,7,40,6,0.15,63,13,0.20634920634920634,32.77570344743079,0.00021032199583714828,0.035759853300017616,1,0
rescuenet,Garr200112-r0,Garr200112,B0,8,40,6,0.15,63,13,0.20634920634920634,32.77570344743079,0.00021032199583714828,0.035759853300017616,1,0
rescuenet,Garr200112-r0,Garr200112,B0,9,40,6,0.15,63,13,0.20634920634920634,32.77570344743079,0.00021032199583714828,0.035759853300017616,1,0
rescuenet,Garr200112-r0,Garr200112,B0,10,40,6,0.15,63,13,0.20634920634920634,32.77570344743079,0.00021032199583714828,0.035759853300017616,1,0
rescuenet,Garr200112-r0,Garr200112,B0,11,40,6,0.15,63,13,0.20634920634920634,32.77570344743079,0.00021032199583714828,0.035759853300017616,1,0
rescuenet,Garr200112-r0,Garr200112,B0,12,40,6,0.15,63,13,0.20634920634920634,32.77570344743079,0.00021032199583714828,0.035759853300017616,1,0
rescuenet,Garr200112-r0,Garr200112,B0,13,40,6,0.15,63,13,0.20634920634920634,32.77570344743079,0.00021032199583714828,0.035759853300017616,1,0
rescuenet,Garr200112-r0,Garr200112,B0,14,40,6,0.15,63,13,0.20634920634920634,32.77570344743079,0.00021032199583714828,0.035759853300017616,1,0
rescuenet,Garr200112-r0,Garr200112,B0,15,40,6,0.15,63,13,0.20634920634920634,32.77570344743079,0.00021032199583714828,0.035759853300017616,1,0
rescuenet,Garr200112-r0,Garr200112,B0,16,40,6,0.15,63,13,0.20634920634920634,32.77570344743079,0.00021032199583714828,0.035759853300017616,1,0
rescuenet,Garr200112-r0,Garr200112,B0,17,40,6,0.15,63,13,0.20634920634920634,32.77570344743079,0.00021032199583714828,0.035759853300017616,1,0
rescuenet,Garr200112-r0,Garr200112,B0,18,40,6,0.15,63,13,0.20634920634920634,32.77570344743079,0.00021032199583714828,0.035759853300017616,1,0
rescuenet,Garr200112-r0,Garr200112,B0,19,40,6,0.15,63,13,0.20634920634920634,32.77570344743079,0.00021032199583714828,0.035759853300017616,1,0
rescuenet,Garr200112-r0,Garr200112,B0,20,40,6,0.15,63,13,0.20634920634920634,32.77570344743079,0.00021032199583714828,0.035759853300017616,1,0
rescuenet,Garr200112-r0,Garr200112,B0,21,40,6,0.15,63,13,0.20634920634920634,32.77570344743079,0.00021032199583714828,0.035759853300017616,1,0
rescuenet,Garr200112-r0,Garr200112,B0,22,40,6,0.15,63,13,0.20634920634920634,32.77570344743079,0.00021032199583714828,0.035759853300017616,1,0
rescuenet,Garr200112-r0,Garr200112,B0,23,40,6,0.15,63,13,0.20634920634920634,32.77570344743079,0.00021032199583714828,0.035759853300017616,1,0
rescuenet,Garr200112-r0,Garr200112,B0,24,40,6,0.15,63,13,0.20634920634920634,32.77570344743079,0.00021032199583714828,0.035759853300017616,1,0
rescuenet,Garr200112-r0,Garr200112,B0,25,40,6,0.15,63,13,0.20634920634920634,32.77570344743079,0.00021032199583714828,0.035759853300017616,1,0
rescuenet,Garr200112-r0,Garr200112,B0,26,40,6,0.15,63,13,0.20634920634920634,32.77570344743079,0.00021032199583714828,0.035759853300017616,1,0
rescuenet,Garr200112-r0,Garr200112,B0,27,40,6,0.15,63,13,0.20634920634920634,32.77570344743079,0.00021032199583714828,0.035759853300017616,1,0
rescuenet,Garr200112-r0,Garr200112,B0,28,40,6,0.15,63,13,0.20634920634920634,32.77570344743079,0.00021032199583714828,0.035759853300017616,1,0
rescuenet,Garr200112-r0,Garr200112,B0,29,40,6,0.15,63,13,0.20634920634920634,32.77570344743079,0.00021032199583714828,0.035759853300017616,1,0
rescuenet,Garr200112-r0,Garr200112,B1,0,40,13,0.325,63,63,1.0,25.125720625970455,0.1491859790039598,0.04372191129999313,1,0
rescuenet,Garr200112-r0,Garr200112,B1,1,40,15,0.375,63,63,1.0,24.756556083104893,0.1491859790039598,0.04372191129999313,1,0
rescuenet,Garr200112-r0,Garr200112,B1,2,40,14,0.35,63,63,1.0,24.87087380468121,0.1491859790039598,0.04372191129999313,1,0
rescuenet,Garr200112-r0,Garr200112,B1,3,40,13,0.325,63,63,1.0,25.060586732001152,0.1491859790039598,0.04372191129999313,1,0
rescuenet,Garr200112-r0,Garr200112,B1,4,40,14,0.35,63,63,1.0,25.10577701423904,0.1491859790039598,0.04372191129999313,1,0
rescuenet,Garr200112-r0,Garr200112,B1,5,40,12,0.3,63,63,1.0,26.31090527869344,0.1491859790039598,0.04372191129999313,1,0
rescuenet,Garr200112-r0,Garr200112,B1,6,40,12,0.3,63,63,1.0,24.82555606168116,0.1491859790039598,0.04372191129999313,1,0
rescuenet,Garr200112-r0,Garr200112,B1,7,40,13,0.325,63,63,1.0,25.22448663298768,0.1491859790039598,0.04372191129999313,1,0
rescuenet,Garr200112-r0,Garr200112,B1,8,40,12,0.3,63,63,1.0,26.541862316976346,0.1491859790039598,0.04372191129999313,1,0
rescuenet,Garr200112-r0,Garr200112,B1,9,40,13,0.325,63,63,1.0,25.919227320406282,0.1491859790039598,0.04372191129999313,1,0
rescuenet,Garr200112-r0,Garr200112,B1,10,40,12,0.3,63,63,1.0,25.28196508472713,0.1491859790039598,0.04372191129999313,1,0
rescuenet,Garr200112-r0,Garr200112,B1,11,40,14,0.35,63,63,1.0,25.791977889989123,0.1491859790039598,0.04372191129999313,1,0
rescuenet,Garr200112-r0,Garr200112,B1,12,40,13,0.325,63,63,1.0,24.445167054297766,0.1491859790039598,0.04372191129999313,1,0
rescuenet,Garr200112-r0,Garr200112,B1,13,40,15,0.375,63,63,1.0,24.05497279290608,0.1491859790039598,0.04372191129999313,1,0
rescuenet,Garr200112-r0,Garr200112,B1,14,40,13,0.325,63,63,1.0,25.612095327836418,0.1491859790039598,0.04372191129999313,1,0
rescuenet,Garr200112-r0,Garr200112,B1,15,40,13,0.325,63,63,1.0,25.3880580108705,0.1491859790039598,0.04372191129999313,1,0
rescuenet,Garr200112-r0,Garr200112,B1,16,40,15,0.375,63,63,1.0,24.29841574298997,0.1491859790039598,0.04372191129999313,1,0
rescuenet,Garr200112-r0,Garr200112,B1,17,40,11,0.275,63,63,1.0,25.865961141866734,0.1491859790039598,0.04372191129999313,1,0
rescuenet,Garr200112-r0,Garr200112,B1,18,40,14,0.35,63,63,1.0,25.29934494803603,0.1491859790039598,0.04372191129999313,1,0
rescuenet,Garr200112-r0,Garr200112,B1,19,40,14,0.35,63,63,1.0,24.20036660837031,0.1491859790039598,0.04372191129999313,1,0
rescuenet,Garr200112-r0,Garr200112,B1,20,40,15,0.375,63,63,1.0,24.670520680082607,0.1491859790039598,0.04372191129999313,1,0
rescuenet,Garr200112-r0,Garr200112,B1,21,40,14,0.35,63,63,1.0,24.657777169886522,0.1491859790039598,0.04372191129999313,1,0
rescuenet,Garr200112-r0,Garr200112,B1,22,40,15,0.375,63,63,1.0,24.06311326657814,0.1491859790039598,0.04372191129999313,1,0
rescuenet,Garr200112-r0,Garr200112,B1,23,40,14,0.35,63,63,1.0,25.14345159700498,0.1491859790039598,0.04372191129999313,1,0
rescuenet,Garr200112-r0,Garr200112,B1,24,40,12,0.3,63,63,1.0,25.35388866533367,0.1491859790039598,0.04372191129999313,1,0
rescuenet,Garr200112-r0,Garr200112,B1,25,40,14,0.35,63,63,1.0,25.11446857890471,0.1491859790039598,0.04372191129999313,1,0
rescuenet,Garr200112-r0,Garr200112,B1,26,40,14,0.35,63,63,1.0,24.8120835503342,0.1491859790039598,0.04372191129999313,1,0
rescuenet,Garr200112-r0,Garr200112,B1,27,40,15,0.375,63,63,1.0,24.7565560790301,0.1491859790039598,0.04372191129999313,1,0
rescuenet,Garr200112-r0,Garr200112,B1,28,40,14,0.35,63,63,1.0,24.49947653770263,0.1491859790039598,0.04372191129999313,1,0
rescuenet,Garr200112-r0,Garr200112,B1,29,40,13,0.325,63,63,1.0,24.8719318497092,0.1491859790039598,0.04372191129999313,1,0
rescuenet,Garr200112-r0,Garr200112,B2,0,40,17,0.425,63,63,1.0,20.45647855123553,224.70321121899906,0.06797484263321772,2001,2
rescuenet,Garr200112-r0,Garr200112,B2,1,40,16,0.4,63,63,1.0,20.407191649468345,224.70321121899906,0.06797484263321772,2001,2
rescuenet,Garr200112-r0,Garr200112,B2,2,40,15,0.375,63,63,1.0,21.49700515607729,224.70321121899906,0.06797484263321772,2001,2
rescuenet,Garr200112-r0,Garr200112,B2,3,40,15,0.375,63,63,1.0,20.379254734907757,224.70321121899906,0.06797484263321772,2001,2
rescuenet,Garr200112-r0,Garr200112,B2,4,40,13,0.325,63,63,1.0,21.840840282592605,224.70321121899906,0.06797484263321772,2001,2
rescuenet,Garr200112-r0,Garr200112,B2,5,40,15,0.375,63,63,1.0,21.265707418102814,224.70321121899906,0.06797484263321772,2001,2
rescuenet,Garr200112-r0,Garr200112,B2,6,40,14,0.35,63,63,1.0,21.5573877063274,224.70321121899906,0.06797484263321772,2001,2
rescuenet,Garr200112-r0,Garr200112,B2,7,40,14,0.35,63,63,1.0,20.908898516660084,224.70321121899906,0.06797484263321772,2001,2
rescuenet,Garr200112-r0,Garr200112,B2,8,40,15,0.375,63,63,1.0,22.02335534695117,224.70321121899906,0.06797484263321772,2001,2
rescuenet,Garr200112-r0,Garr200112,B2,9,40,11,0.275,63,63,1.0,21.961689193194218,224.70321121899906,0.06797484263321772,2001,2
rescuenet,Garr200112-r0,Garr200112,B2,10,40,11,0.275,63,63,1.0,23.02215714078084,224.70321121899906,0.06797484263321772,2001,2
rescuenet,Garr200112-r0,Garr200112,B2,11,40,12,0.3,63,63,1.0,21.086103840307732,224.70321121899906,0.06797484263321772,2001,2
rescuenet,Garr200112-r0,Garr200112,B2,12,40,15,0.375,63,63,1.0,21.76146416071313,224.70321121899906,0.06797484263321772,2001,2
rescuenet,Garr200112-r0,Garr200112,B2,13,40,15,0.375,63,63,1.0,21.085185460509177,224.70321121899906,0.06797484263321772,2001,2
rescuenet,Garr200112-r0,Garr200112,B2,14,40,12,0.3,63,63,1.0,21.790034260318205,224.70321121899906,0.06797484263321772,2001,2
rescuenet,Garr200112-r0,Garr200112,B2,15,40,14,0.35,63,63,1.0,22.119277269112715,224.70321121899906,0.06797484263321772,2001,2
rescuenet,Garr200112-r0,Garr200112,B2,16,40,16,0.4,63,63,1.0,21.140269962207977,224.70321121899906,0.06797484263321772,2001,2
rescuenet,Garr200112-r0,Garr200112,B2,17,40,13,0.325,63,63,1.0,21.33742564317464,224.70321121899906,0.06797484263321772,2001,2
rescuenet,Garr200112-r0,Garr200112,B2,18,40,13,0.325,63,63,1.0,21.400881106488576,224.70321121899906,0.06797484263321772,2001,2
rescuenet,Garr200112-r0,Garr200112,B2,19,40,15,0.375,63,63,1.0,20.616200152008282,224.70321121899906,0.06797484263321772,2001,2
rescuenet,Garr200112-r0,Garr200112,B2,20,40,13,0.325,63,63,1.0,21.459189891410084,224.70321121899906,0.06797484263321772,2001,2
rescuenet,Garr200112-r0,Garr200112,B2,21,40,12,0.3,63,63,1.0,22.187886174040365,224.70321121899906,0.06797484263321772,2001,2
rescuenet,Garr200112-r0,Garr200112,B2,22,40,16,0.4,63,63,1.0,19.06259749988138,224.70321121899906,0.06797484263321772,2001,2
rescuenet,Garr200112-r0,Garr200112,B2,23,40,13,0.325,63,63,1.0,21.525057641888022,224.70321121899906,0.06797484263321772,2001,2
rescuenet,Garr200112-r0,Garr200112,B2,24,40,17,0.425,63,63,1.0,19.14521077204153,224.70321121899906,0.06797484263321772,2001,2
rescuenet,Garr200112-r0,Garr200112,B2,25,40,16,0.4,63,63,1.0,21.20155300071223,224.70321121899906,0.06797484263321772,2001,2
rescuenet,Garr200112-r0,Garr200112,B2,26,40,14,0.35,63,63,1.0,20.743500920098555,224.70321121899906,0.06797484263321772,2001,2
rescuenet,Garr200112-r0,Garr200112,B2,27,40,14,0.35,63,63,1.0,20.476819695685773,224.70321121899906,0.06797484263321772,2001,2
rescuenet,Garr200112-r0,Garr200112,B2,28,40,16,0.4,63,63,1.0,20.404832620997453,224.70321121899906,0.06797484263321772,2001,2
rescuenet,Garr200112-r0,Garr200112,B2,29,40,14,0.35,63,63,1.0,20.69946698822019,224.70321121899906,0.06797484263321772,2001,2
rescuenet,Garr200112-r0,Garr200112,P,0,40,16,0.4,63,63,1.0,20.575699080843833,220.1994340300007,0.06339294046677726,2001,1
rescuenet,Garr200112-r0,Garr200112,P,1,40,16,0.4,63,63,1.0,19.981055068398668,220.1994340300007,0.06339294046677726,2001,1
rescuenet,Garr200112-r0,Garr200112,P,2,40,15,0.375,63,63,1.0,20.45367668204195,220.1994340300007,0.06339294046677726,2001,1
rescuenet,Garr200112-r0,Garr200112,P,3,40,14,0.35,63,63,1.0,19.54587464671702,220.1994340300007,0.06339294046677726,2001,1
rescuenet,Garr200112-r0,Garr200112,P,4,40,15,0.375,63,63,1.0,22.056289176576126,220.1994340300007,0.06339294046677726,2001,1
rescuenet,Garr200112-r0,Garr200112,P,5,40,17,0.425,63,63,1.0,19.3983191124273,220.1994340300007,0.06339294046677726,2001,1
rescuenet,Garr200112-r0,Garr200112,P,6,40,14,0.35,63,63,1.0,20.65678086487722,220.1994340300007,0.06339294046677726,2001,1
rescuenet,Garr200112-r0,Garr200112,P,7,40,14,0.35,63,63,1.0,20.340632341692476,220.1994340300007,0.06339294046677726,2001,1
rescuenet,Garr200112-r0,Garr200112,P,8,40,16,0.4,63,63,1.0,21.331083403950338,220.1994340300007,0.06339294046677726,2001,1
rescuenet,Garr200112-r0,Garr200112,P,9,40,13,0.325,63,63,1.0,21.902970895858292,220.1994340300007,0.06339294046677726,2001,1
rescuenet,Garr200112-r0,Garr200112,P,10,40,12,0.3,63,63,1.0,22.501910387009904,220.1994340300007,0.06339294046677726,2001,1
rescuenet,Garr200112-r0,Garr200112,P,11,40,16,0.4,63,63,1.0,18.950195124949488,220.1994340300007,0.06339294046677726,2001,1
rescuenet,Garr200112-r0,Garr200112,P,12,40,15,0.375,63,63,1.0,21.377735898133437,220.1994340300007,0.06339294046677726,2001,1
rescuenet,Garr200112-r0,Garr200112,P,13,40,15,0.375,63,63,1.0,20.321871293262387,220.1994340300007,0.06339294046677726,2001,1
rescuenet,Garr200112-r0,Garr200112,P,14,40,14,0.35,63,63,1.0,20.896925941405247,220.1994340300007,0.06339294046677726,2001,1
rescuenet,Garr200112-r0,Garr200112,P,15,40,15,0.375,63,63,1.0,21.751072303832085,220.1994340300007,0.06339294046677726,2001,1
rescuenet,Garr200112-r0,Garr200112,P,16,40,17,0.425,63,63,1.0,20.094631339871516,220.1994340300007,0.06339294046677726,2001,1
rescuenet,Garr200112-r0,Garr200112,P,17,40,14,0.35,63,63,1.0,20.577967367472436,220.1994340300007,0.06339294046677726,2001,1
rescuenet,Garr200112-r0,Garr200112,P,18,40,15,0.375,63,63,1.0,20.858281788943675,220.1994340300007,0.06339294046677726,2001,1
rescuenet,Garr200112-r0,Garr200112,P,19,40,16,0.4,63,63,1.0,20.14736376246351,220.1994340300007,0.06339294046677726,2001,1
rescuenet,Garr200112-r0,Garr200112,P,20,40,15,0.375,63,63,1.0,19.78357825800135,220.1994340300007,0.06339294046677726,2001,1
rescuenet,Garr200112-r0,Garr200112,P,21,40,14,0.35,63,63,1.0,21.642760481178414,220.1994340300007,0.06339294046677726,2001,1
rescuenet,Garr200112-r0,Garr200112,P,22,40,17,0.425,63,63,1.0,18.923408423725725,220.1994340300007,0.06339294046677726,2001,1
rescuenet,Garr200112-r0,Garr200112,P,23,40,14,0.35,63,63,1.0,20.405913448155534,220.1994340300007,0.06339294046677726,2001,1
rescuenet,Garr200112-r0,Garr200112,P,24,40,18,0.45,63,63,1.0,18.43369268670287,220.1994340300007,0.06339294046677726,2001,1
rescuenet,Garr200112-r0,Garr200112,P,25,40,16,0.4,63,63,1.0,20.749465388621235,220.1994340300007,0.06339294046677726,2001,1
rescuenet,Garr200112-r0,Garr200112,P,26,40,16,0.4,63,63,1.0,19.411227175507364,220.1994340300007,0.06339294046677726,2001,1
rescuenet,Garr200112-r0,Garr200112,P,27,40,15,0.375,63,63,1.0,19.81301139280957,220.1994340300007,0.06339294046677726,2001,1
rescuenet,Garr200112-r0,Garr200112,P,28,40,14,0.35,63,63,1.0,20.159368905934794,220.1994340300007,0.06339294046677726,2001,1
rescuenet,Garr200112-r0,Garr200112,P,29,40,15,0.375,63,63,1.0,19.6936581377369,220.1994340300007,0.06339294046677726,2001,1
rescuenet,Garr200112-r0,Garr200112,TRAN,0,40,17,0.425,63,63,1.0,22.60838332788294,369.0746841019936,0.07633214006685497,1,0
rescuenet,Garr200112-r0,Garr200112,TRAN,1,40,15,0.375,63,63,1.0,22.53752249998448,369.0746841019936,0.07633214006685497,1,0
rescuenet,Garr200112-r0,Garr200112,TRAN,2,40,14,0.35,63,63,1.0,23.57075245777104,369.0746841019936,0.07633214006685497,1,0
rescuenet,Garr200112-r0,Garr200112,TRAN,3,40,16,0.4,63,63,1.0,22.447168193414814,369.0746841019936,0.07633214006685497,1,0
rescuenet,Garr200112-r0,Garr200112,TRAN,4,40,13,0.325,63,63,1.0,22.069618597614,369.0746841019936,0.07633214006685497,1,0
rescuenet,Garr200112-r0,Garr200112,TRAN,5,40,16,0.4,63,63,1.0,22.259768706456807,369.0746841019936,0.07633214006685497,1,0
rescuenet,Garr200112-r0,Garr200112,TRAN,6,40,15,0.375,63,63,1.0,20.784812775477352,369.0746841019936,0.07633214006685497,1,0
rescuenet,Garr200112-r0,Garr200112,TRAN,7,40,13,0.325,63,63,1.0,23.513619754064255,369.0746841019936,0.07633214006685497,1,0
rescuenet,Garr200112-r0,Garr200112,TRAN,8,40,15,0.375,63,63,1.0,23.817293768927414,369.0746841019936,0.07633214006685497,1,0
rescuenet,Garr200112-r0,Garr200112,TRAN,9,40,15,0.375,63,63,1.0,22.156606608599457,369.0746841019936,0.07633214006685497,1,0
rescuenet,Garr200112-r0,Garr200112,TRAN,10,40,15,0.375,63,63,1.0,22.288812291091194,369.0746841019936,0.07633214006685497,1,0
rescuenet,Garr200112-r0,Garr200112,TRAN,11,40,14,0.35,63,63,1.0,21.232874509201793,369.0746841019936,0.07633214006685497,1,0
rescuenet,Garr200112-r0,Garr200112,TRAN,12,40,15,0.375,63,63,1.0,20.70164617524521,369.0746841019936,0.07633214006685497,1,0
rescuenet,Garr200112-r0,Garr200112,TRAN,13,40,17,0.425,63,63,1.0,21.34068360002266,369.0746841019936,0.07633214006685497,1,0
rescuenet,Garr200112-r0,Garr200112,TRAN,14,40,16,0.4,63,63,1.0,21.22650903810259,369.0746841019936,0.07633214006685497,1,0
rescuenet,Garr200112-r0,Garr200112,TRAN,15,40,16,0.4,63,63,1.0,22.174520778746416,369.0746841019936,0.07633214006685497,1,0
rescuenet,Garr200112-r0,Garr200112,TRAN,16,40,13,0.325,63,63,1.0,24.874543268068066,369.0746841019936,0.07633214006685497,1,0
rescuenet,Garr200112-r0,Garr200112,TRAN,17,40,14,0.35,63,63,1.0,22.501527939598137,369.0746841019936,0.07633214006685497,1,0
rescuenet,Garr200112-r0,Garr200112,TRAN,18,40,15,0.375,63,63,1.0,22.182966493584964,369.0746841019936,0.07633214006685497,1,0
rescuenet,Garr200112-r0,Garr200112,TRAN,19,40,15,0.375,63,63,1.0,22.117888592392998,369.0746841019936,0.07633214006685497,1,0
rescuenet,Garr200112-r0,Garr200112,TRAN,20,40,16,0.4,63,63,1.0,21.8770282925299,369.0746841019936,0.07633214006685497,1,0
rescuenet,Garr200112-r0,Garr200112,TRAN,21,40,15,0.375,63,63,1.0,22.59437588274806,369.0746841019936,0.07633214006685497,1,0
rescuenet,Garr200112-r0,Garr200112,TRAN,22,40,13,0.325,63,63,1.0,22.982260741881323,369.0746841019936,0.07633214006685497,1,0
rescuenet,Garr200112-r0,Garr200112,TRAN,23,40,15,0.375,63,63,1.0,22.969832413916883,369.0746841019936,0.07633214006685497,1,0
rescuenet,Garr200112-r0,Garr200112,TRAN,24,40,12,0.3,63,63,1.0,22.062358723831533,369.0746841019936,0.07633214006685497,1,0
rescuenet,Garr200112-r0,Garr200112,TRAN,25,40,17,0.425,63,63,1.0,22.00176424600152,369.0746841019936,0.07633214006685497,1,0
rescuenet,Garr200112-r0,Garr200112,TRAN,26,40,15,0.375,63,63,1.0,20.871127165151627,369.0746841019936,0.07633214006685497,1,0
rescuenet,Garr200112-r0,Garr200112,TRAN,27,40,13,0.325,63,63,1.0,21.809148962228907,369.0746841019936,0.07633214006685497,1,0
rescuenet,Garr200112-r0,Garr200112,TRAN,28,40,14,0.35,63,63,1.0,22.408825057312097,369.0746841019936,0.07633214006685497,1,0
rescuenet,Garr200112-r0,Garr200112,TRAN,29,40,14,0.35,63,63,1.0,22.00596352924167,369.0746841019936,0.07633214006685497,1,0
rescuenet,Garr200112-r1,Garr200112,B0,0,40,12,0.3,63,26,0.4126984126984127,26.021186865575608,0.00016001099720597267,0.041254391966504045,1,0
rescuenet,Garr200112-r1,Garr200112,B0,1,40,12,0.3,63,26,0.4126984126984127,26.021186865575608,0.00016001099720597267,0.041254391966504045,1,0
rescuenet,Garr200112-r1,Garr200112,B0,2,40,12,0.3,63,26,0.4126984126984127,26.021186865575608,0.00016001099720597267,0.041254391966504045,1,0
rescuenet,Garr200112-r1,Garr200112,B0,3,40,12,0.3,63,26,0.4126984126984127,26.021186865575608,0.00016001099720597267,0.041254391966504045,1,0
rescuenet,Garr200112-r1,Garr200112,B0,4,40,12,0.3,63,26,0.4126984126984127,26.021186865575608,0.00016001099720597267,0.041254391966504045,1,0
rescuenet,Garr200112-r1,Garr200112,B0,5,40,12,0.3,63,26,0.4126984126984127,26.021186865575608,0.00016001099720597267,0.041254391966504045,1,0
rescuenet,Garr200112-r1,Garr200112,B0,6,40,12,0.3,63,26,0.4126984126984127,26.021186865575608,0.00016001099720597267,0.041254391966504045,1,0
rescuenet,Garr200112-r1,Garr200112,B0,7,40,12,0.3,63,26,0.4126984126984127,26.021186865575608,0.00016001099720597267,0.041254391966504045,1,0
rescuenet,Garr200112-r1,Garr200112,B0,8,40,12,0.3,63,26,0.4126984126984127,26.021186865575608,0.00016001099720597267,0.041254391966504045,1,0
rescuenet,Garr200112-r1,Garr200112,B0,9,40,12,0.3,63,26,0.4126984126984127,26.021186865575608,0.00016001099720597267,0.041254391966504045,1,0
rescuenet,Garr200112-r1,Garr200112,B0,10,40,12,0.3,63,26,0.4126984126984127,26.021186865575608,0.00016001099720597267,0.041254391966504045,1,0
rescuenet,Garr200112-r1,Garr200112,B0,11,40,12,0.3,63,26,0.4126984126984127,26.021186865575608,0.00016001099720597267,0.041254391966504045,1,0
rescuenet,Garr200112-r1,Garr200112,B0,12,40,12,0.3,63,26,0.4126984126984127,26.021186865575608,0.00016001099720597267,0.041254391966504045,1,0
rescuenet,Garr200112-r1,Garr200112,B0,13,40,12,0.3,63,26,0.4126984126984127,26.021186865575608,0.00016001099720597267,0.041254391966504045,1,0
rescuenet,Garr200112-r1,Garr200112,B0,14,40,12,0.3,63,26,0.4126984126984127,26.021186865575608,0.00016001099720597267,0.041254391966504045,1,0
rescuenet,Garr200112-r1,Garr200112,B0,15,40,12,0.3,63,26,0.4126984126984127,26.021186865575608,0.00016001099720597267,0.041254391966504045,1,0
rescuenet,Garr200112-r1,Garr200112,B0,16,40,12,0.3,63,26,0.4126984126984127,26.021186865575608,0.00016001099720597267,0.041254391966504045,1,0
rescuenet,Garr200112-r1,Garr200112,B0,17,40,12,0.3,63,26,0.4126984126984127,26.021186865575608,0.00016001099720597267,0.041254391966504045,1,0
rescuenet,Garr200112-r1,Garr200112,B0,18,40,12,0.3,63,26,0.4126984126984127,26.021186865575608,0.00016001099720597267,0.041254391966504045,1,0
rescuenet,Garr200112-r1,Garr200112,B0,19,40,12,0.3,63,26,0.4126984126984127,26.021186865575608,0.00016001099720597267,0.041254391966504045,1,0
rescuenet,Garr200112-r1,Garr200112,B0,20,40,12,0.3,63,26,0.4126984126984127,26.021186865575608,0.00016001099720597267,0.041254391966504045,1,0
rescuenet,Garr200112-r1,Garr200112,B0,21,40,12,0.3,63,26,0.4126984126984127,26.021186865575608,0.00016001099720597267,0.041254391966504045,1,0
rescuenet,Garr200112-r1,Garr200112,B0,22,40,12,0.3,63,26,0.4126984126984127,26.021186865575608,0.00016001099720597267,0.041254391966504045,1,0
rescuenet,Garr200112-r1,Garr200112,B0,23,40,12,0.3,63,26,0.4126984126984127,26.021186865575608,0.00016001099720597267,0.041254391966504045,1,0
rescuenet,Garr200112-r1,Garr200112,B0,24,40,12,0.3,63,26,0.4126984126984127,26.021186865575608,0.00016001099720597267,0.041254391966504045,1,0
rescuenet,Garr200112-r1,Garr200112,B0,25,40,12,0.3,63,26,0.4126984126984127,26.021186865575608,0.00016001099720597267,0.041254391966504045,1,0
rescuenet,Garr200112-r1,Garr200112,B0,26,40,12,0.3,63,26,0.4126984126984127,26.021186865575608,0.00016001099720597267,0.041254391966504045,1,0
rescuenet,Garr200112-r1,Garr200112,B0,27,40,12,0.3,63,26,0.4126984126984127,26.021186865575608,0.00016001099720597267,0.041254391966504045,1,0
rescuenet,Garr200112-r1,Garr200112,B0,28,40,12,0.3,63,26,0.4126984126984127,26.021186865575608,0.00016001099720597267,0.041254391966504045,1,0
rescuenet,Garr200112-r1,Garr200112,B0,29,40,12,0.3,63,26,0.4126984126984127,26.021186865575608,0.00016001099720597267,0.041254391966504045,1,0
rescuenet,Garr200112-r1,Garr200112,B1,0,40,16,0.4,63,63,1.0,23.04712715297686,0.14282412400643807,0.04145347710000351,1,0
rescuenet,Garr200112-r1,Garr200112,B1,1,40,15,0.375,63,63,1.0,24.689262868004274,0.14282412400643807,0.04145347710000351,1,0
rescuenet,Garr200112-r1,Garr200112,B1,2,40,16,0.4,63,63,1.0,23.103007536908088,0.14282412400643807,0.04145347710000351,1,0
rescuenet,Garr200112-r1,Garr200112,B1,3,40,16,0.4,63,63,1.0,23.025658485260152,0.14282412400643807,0.04145347710000351,1,0
rescuenet,Garr200112-r1,Garr200112,B1,4,40,16,0.4,63,63,1.0,23.009454596638015,0.14282412400643807,0.04145347710000351,1,0
rescuenet,Garr200112-r1,Garr200112,B1,5,40,16,0.4,63,63,1.0,23.300052296168968,0.14282412400643807,0.04145347710000351,1,0
rescuenet,Garr200112-r1,Garr200112,B1,6,40,16,0.4,63,63,1.0,23.10481670067911,0.14282412400643807,0.04145347710000351,1,0
rescuenet,Garr200112-r1,Garr200112,B1,7,40,16,0.4,63,63,1.0,23.187186408736597,0.14282412400643807,0.04145347710000351,1,0
rescuenet,Garr200112-r1,Garr200112,B1,8,40,14,0.35,63,63,1.0,24.69188354373279,0.14282412400643807,0.04145347710000351,1,0
rescuenet,Garr200112-r1,Garr200112,B1,9,40,16,0.4,63,63,1.0,23.30420905460785,0.14282412400643807,0.04145347710000351,1,0
rescuenet,Garr200112-r1,Garr200112,B1,10,40,16,0.4,63,63,1.0,23.1146148613674,0.14282412400643807,0.04145347710000351,1,0
rescuenet,Garr200112-r1,Garr200112,B1,11,40,17,0.425,63,63,1.0,23.0,0.14282412400643807,0.04145347710000351,1,0
rescuenet,Garr200112-r1,Garr200112,B1,12,40,16,0.4,63,63,1.0,23.582682842161184,0.14282412400643807,0.04145347710000351,1,0
rescuenet,Garr200112-r1,Garr200112,B1,13,40,17,0.425,63,63,1.0,23.0,0.14282412400643807,0.04145347710000351,1,0
rescuenet,Garr200112-r1,Garr200112,B1,14,40,15,0.375,63,63,1.0,24.296382920419155,0.14282412400643807,0.04145347710000351,1,0
rescuenet,Garr200112-r1,Garr200112,B1,15,40,16,0.4,63,63,1.0,23.08262005935669,0.14282412400643807,0.04145347710000351,1,0
rescuenet,Garr200112-r1,Garr200112,B1,16,40,13,0.325,63,63,1.0,24.404018885868382,0.14282412400643807,0.04145347710000351,1,0
rescuenet,Garr200112-r1,Garr200112,B1,17,40,16,0.4,63,63,1.0,23.34609929013915,0.14282412400643807,0.04145347710000351,1,0
rescuenet,Garr200112-r1,Garr200112,B1,18,40,14,0.35,63,63,1.0,24.32856879890986,0.14282412400643807,0.04145347710000351,1,0
rescuenet,Garr200112-r1,Garr200112,B1,19,40,16,0.4,63,63,1.0,23.25937718197242,0.14282412400643807,0.04145347710000351,1,0
rescuenet,Garr200112-r1,Garr200112,B1,20,40,16,0.4,63,63,1.0,23.141556209104955,0.14282412400643807,0.04145347710000351,1,0
rescuenet,Garr200112-r1,Garr200112,B1,21,40,15,0.375,63,63,1.0,23.91116794159638,0.14282412400643807,0.04145347710000351,1,0
rescuenet,Garr200112-r1,Garr200112,B1,22,40,16,0.4,63,63,1.0,23.04277995371562,0.14282412400643807,0.04145347710000351,1,0
rescuenet,Garr200112-r1,Garr200112,B1,23,40,16,0.4,63,63,1.0,23.260973622119547,0.14282412400643807,0.04145347710000351,1,0
rescuenet,Garr200112-r1,Garr200112,B1,24,40,15,0.375,63,63,1.0,23.61541216881297,0.14282412400643807,0.04145347710000351,1,0
rescuenet,Garr200112-r1,Garr200112,B1,25,40,15,0.375,63,63,1.0,23.909104228255423,0.14282412400643807,0.04145347710000351,1,0
rescuenet,Garr200112-r1,Garr200112,B1,26,40,15,0.375,63,63,1.0,23.780170157895512,0.14282412400643807,0.04145347710000351,1,0
rescuenet,Garr200112-r1,Garr200112,B1,27,40,15,0.375,63,63,1.0,23.528796946327205,0.14282412400643807,0.04145347710000351,1,0
rescuenet,Garr200112-r1,Garr200112,B1,28,40,15,0.375,63,63,1.0,23.503095116418375,0.14282412400643807,0.04145347710000351,1,0
rescuenet,Garr200112-r1,Garr200112,B1,29,40,16,0.4,63,63,1.0,23.231521376377273,0.14282412400643807,0.04145347710000351,1,0
rescuenet,Garr200112-r1,Garr200112,B2,0,40,18,0.45,63,63,1.0,17.41942365829157,264.0713135919941,0.07374399426674548,2001,8
rescuenet,Garr200112-r1,Garr200112,B2,1,40,18,0.45,63,63,1.0,17.338730759812332,264.0713135919941,0.07374399426674548,2001,8
rescuenet,Garr200112-r1,Garr200112,B2,2,40,18,0.45,63,63,1.0,16.579123620210705,264.0713135919941,0.07374399426674548,2001,8
rescuenet,Garr200112-r1,Garr200112,B2,3,40,18,0.45,63,63,1.0,17.391465042750152,264.0713135919941,0.07374399426674548,2001,8
rescuenet,Garr200112-r1,Garr200112,B2,4,40,18,0.45,63,63,1.0,18.172431724531947,264.0713135919941,0.07374399426674548,2001,8
rescuenet,Garr200112-r1,Garr200112,B2,5,40,15,0.375,63,63,1.0,18.49185053156499,264.0713135919941,0.07374399426674548,2001,8
rescuenet,Garr200112-r1,Garr200112,B2,6,40,16,0.4,63,63,1.0,17.714904007563685,264.0713135919941,0.07374399426674548,2001,8
rescuenet,Garr200112-r1,Garr200112,B2,7,40,18,0.45,63,63,1.0,17.384813459265704,264.0713135919941,0.07374399426674548,2001,8
rescuenet,Garr200112-r1,Garr200112,B2,8,40,16,0.4,63,63,1.0,19.126657663991374,264.0713135919941,0.07374399426674548,2001,8
rescuenet,Garr200112-r1,Garr200112,B2,9,40,15,0.375,63,63,1.0,18.544906813904902,264.0713135919941,0.07374399426674548,2001,8
rescuenet,Garr200112-r1,Garr200112,B2,10,40,18,0.45,63,63,1.0,18.10484073325422,264.0713135919941,0.07374399426674548,2001,8
rescuenet,Garr200112-r1,Garr200112,B2,11,40,17,0.425,63,63,1.0,18.07222820358412,264.0713135919941,0.07374399426674548,2001,8
rescuenet,Garr200112-r1,Garr200112,B2,12,40,16,0.4,63,63,1.0,18.31516238392624,264.0713135919941,0.07374399426674548,2001,8
rescuenet,Garr200112-r1,Garr200112,B2,13,40,18,0.45,63,63,1.0,16.15053853211253,264.0713135919941,0.07374399426674548,2001,8
rescuenet,Garr200112-r1,Garr200112,B2,14,40,18,0.45,63,63,1.0,17.674058087930533,264.0713135919941,0.07374399426674548,2001,8
rescuenet,Garr200112-r1,Garr200112,B2,15,40,17,0.425,63,63,1.0,18.62304895924571,264.0713135919941,0.07374399426674548,2001,8
rescuenet,Garr200112-r1,Garr200112,B2,16,40,14,0.35,63,63,1.0,18.603753841241698,264.0713135919941,0.07374399426674548,2001,8
rescuenet,Garr200112-r1,Garr200112,B2,17,40,17,0.425,63,63,1.0,17.455349167863957,264.0713135919941,0.07374399426674548,2001,8
rescuenet,Garr200112-r1,Garr200112,B2,18,40,17,0.425,63,63,1.0,18.2539501160268,264.0713135919941,0.07374399426674548,2001,8
rescuenet,Garr200112-r1,Garr200112,B2,19,40,18,0.45,63,63,1.0,18.098219737958143,264.0713135919941,0.07374399426674548,2001,8
rescuenet,Garr200112-r1,Garr200112,B2,20,40,17,0.425,63,63,1.0,17.214656723548714,264.0713135919941,0.07374399426674548,2001,8
rescuenet,Garr200112-r1,Garr200112,B2,21,40,16,0.4,63,63,1.0,18.8473812289221,264.0713135919941,0.07374399426674548,2001,8
rescuenet,Garr200112-r1,Garr200112,B2,22,40,17,0.425,63,63,1.0,17.949117070860964,264.0713135919941,0.07374399426674548,2001,8
rescuenet,Garr200112-r1,Garr200112,B2,23,40,16,0.4,63,63,1.0,17.696544097633996,264.0713135919941,0.07374399426674548,2001,8
rescuenet,Garr200112-r1,Garr200112,B2,24,40,16,0.4,63,63,1.0,19.73430211120124,264.0713135919941,0.07374399426674548,2001,8
rescuenet,Garr200112-r1,Garr200112,B2,25,40,16,0.4,63,63,1.0,17.459832214876496,264.0713135919941,0.07374399426674548,2001,8
rescuenet,Garr200112-r1,Garr200112,B2,26,40,18,0.45,63,63,1.0,17.250570783988277,264.0713135919941,0.07374399426674548,2001,8
rescuenet,Garr200112-r1,Garr200112,B2,27,40,15,0.375,63,63,1.0,20.689410567236756,264.0713135919941,0.07374399426674548,2001,8
rescuenet,Garr200112-r1,Garr200112,B2,28,40,17,0.425,63,63,1.0,18.667547452149144,264.0713135919941,0.07374399426674548,2001,8
rescuenet,Garr200112-r1,Garr200112,B2,29,40,17,0.425,63,63,1.0,17.584097922180124,264.0713135919941,0.07374399426674548,2001,8
rescuenet,Garr200112-r1,Garr200112,P,0,40,18,0.45,63,63,1.0,17.474869854888833,235.30119757699867,0.07838999296654947,2001,7
rescuenet,Garr200112-r1,Garr200112,P,1,40,18,0.45,63,63,1.0,17.323904432765605,235.30119757699867,0.07838999296654947,2001,7
rescuenet,Garr200112-r1,Garr200112,P,2,40,19,0.475,63,63,1.0,16.889634054571914,235.30119757699867,0.07838999296654947,2001,7
rescuenet,Garr200112-r1,Garr200112,P,3,40,18,0.45,63,63,1.0,17.561663289034385,235.30119757699867,0.07838999296654947,2001,7
rescuenet,Garr200112-r1,Garr200112,P,4,40,18,0.45,63,63,1.0,18.291114851742176,235.30119757699867,0.07838999296654947,2001,7
rescuenet,Garr200112-r1,Garr200112,P,5,40,15,0.375,63,63,1.0,18.425194195705735,235.30119757699867,0.07838999296654947,2001,7
rescuenet,Garr200112-r1,Garr200112,P,6,40,16,0.4,63,63,1.0,18.22409103556946,235.30119757699867,0.07838999296654947,2001,7
rescuenet,Garr200112-r1,Garr200112,P,7,40,18,0.45,63,63,1.0,17.722655492221666,235.30119757699867,0.07838999296654947,2001,7
rescuenet,Garr200112-r1,Garr200112,P,8,40,16,0.4,63,63,1.0,19.697035045140943,235.30119757699867,0.07838999296654947,2001,7
rescuenet,Garr200112-r1,Garr200112,P,9,40,16,0.4,63,63,1.0,18.838722731002115,235.30119757699867,0.07838999296654947,2001,7
rescuenet,Garr200112-r1,Garr200112,P,10,40,18,0.45,63,63,1.0,18.468339206369045,235.30119757699867,0.07838999296654947,2001,7
rescuenet,Garr200112-r1,Garr200112,P,11,40,17,0.425,63,63,1.0,18.312004319700744,235.30119757699867,0.07838999296654947,2001,7
rescuenet,Garr200112-r1,Garr200112,P,12,40,16,0.4,63,63,1.0,18.700681829363617,235.30119757699867,0.07838999296654947,2001,7
rescuenet,Garr200112-r1,Garr200112,P,13,40,18,0.45,63,63,1.0,16.941531110778076,235.30119757699867,0.07838999296654947,2001,7
rescuenet,Garr200112-r1,Garr200112,P,14,40,18,0.45,63,63,1.0,18.175607270899864,235.30119757699867,0.07838999296654947,2001,7
rescuenet,Garr200112-r1,Garr200112,P,15,40,17,0.425,63,63,1.0,19.170979279206932,235.30119757699867,0.07838999296654947,2001,7
rescuenet,Garr200112-r1,Garr200112,P,16,40,14,0.35,63,63,1.0,18.823344401727446,235.30119757699867,0.07838999296654947,2001,7
rescuenet,Garr200112-r1,Garr200112,P,17,40,18,0.45,63,63,1.0,17.465298163160764,235.30119757699867,0.07838999296654947,2001,7
rescuenet,Garr200112-r1,Garr200112,P,18,40,17,0.425,63,63,1.0,18.483219673415988,235.30119757699867,0.07838999296654947,2001,7
rescuenet,Garr200112-r1,Garr200112,P,19,40,18,0.45,63,63,1.0,18.276284239049232,235.30119757699867,0.07838999296654947,2001,7
rescuenet,Garr200112-r1,Garr200112,P,20,40,17,0.425,63,63,1.0,17.444977558457143,235.30119757699867,0.07838999296654947,2001,7
rescuenet,Garr200112-r1,Garr200112,P,21,40,16,0.4,63,63,1.0,18.747653029427607,235.30119757699867,0.07838999296654947,2001,7
rescuenet,Garr200112-r1,Garr200112,P,22,40,17,0.425,63,63,1.0,18.02129047415141,235.30119757699867,0.07838999296654947,2001,7
rescuenet,Garr200112-r1,Garr200112,P,23,40,16,0.4,63,63,1.0,17.811880161280243,235.30119757699867,0.07838999296654947,2001,7
rescuenet,Garr200112-r1,Garr200112,P,24,40,16,0.4,63,63,1.0,20.368926952688856,235.30119757699867,0.07838999296654947,2001,7
rescuenet,Garr200112-r1,Garr200112,P,25,40,17,0.425,63,63,1.0,17.490576292800867,235.30119757699867,0.07838999296654947,2001,7
rescuenet,Garr200112-r1,Garr200112,P,26,40,18,0.45,63,63,1.0,18.003668558874363,235.30119757699867,0.07838999296654947,2001,7
rescuenet,Garr200112-r1,Garr200112,P,27,40,15,0.375,63,63,1.0,20.601932454519446,235.30119757699867,0.07838999296654947,2001,7
rescuenet,Garr200112-r1,Garr200112,P,28,40,17,0.425,63,63,1.0,19.23572958959457,235.30119757699867,0.07838999296654947,2001,7
rescuenet,Garr200112-r1,Garr200112,P,29,40,17,0.425,63,63,1.0,17.996389520798257,235.30119757699867,0.07838999296654947,2001,7
rescuenet,Garr200112-r1,Garr200112,TRAN,0,40,18,0.45,63,63,1.0,19.19014160117425,528.2090958490007,0.07429152149998117,1,0
rescuenet,Garr200112-r1,Garr200112,TRAN,1,40,19,0.475,63,63,1.0,19.756521821034912,528.2090958490007,0.07429152149998117,1,0
rescuenet,Garr200112-r1,Garr200112,TRAN,2,40,20,0.5,63,63,1.0,18.615769524994327,528.2090958490007,0.07429152149998117,1,0
rescuenet,Garr200112-r1,Garr200112,TRAN,3,40,20,0.5,63,63,1.0,18.1283353749265,528.2090958490007,0.07429152149998117,1,0
rescuenet,Garr200112-r1,Garr200112,TRAN,4,40,17,0.425,63,63,1.0,19.963947351576717,528.2090958490007,0.07429152149998117,1,0
rescuenet,Garr200112-r1,Garr200112,TRAN,5,40,20,0.5,63,63,1.0,18.73839098355266,528.2090958490007,0.07429152149998117,1,0
rescuenet,Garr200112-r1,Garr200112,TRAN,6,40,19,0.475,63,63,1.0,19.999120107349018,528.2090958490007,0.07429152149998117,1,0
rescuenet,Garr200112-r1,Garr200112,TRAN,7,40,20,0.5,63,63,1.0,19.787458206153776,528.2090958490007,0.07429152149998117,1,0
rescuenet,Garr200112-r1,Garr200112,TRAN,8,40,20,0.5,63,63,1.0,18.746412780821508,528.2090958490007,0.07429152149998117,1,0
rescuenet,Garr200112-r1,Garr200112,TRAN,9,40,21,0.525,63,63,1.0,18.251541105284456,528.2090958490007,0.07429152149998117,1,0
rescuenet,Garr200112-r1,Garr200112,TRAN,10,40,19,0.475,63,63,1.0,19.550736202050643,528.2090958490007,0.07429152149998117,1,0
rescuenet,Garr200112-r1,Garr200112,TRAN,11,40,18,0.45,63,63,1.0,20.55686601393242,528.2090958490007,0.07429152149998117,1,0
rescuenet,Garr200112-r1,Garr200112,TRAN,12,40,18,0.45,63,63,1.0,20.05508157128955,528.2090958490007,0.07429152149998117,1,0
rescuenet,Garr200112-r1,Garr200112,TRAN,13,40,19,0.475,63,63,1.0,18.983894589336632,528.2090958490007,0.07429152149998117,1,0
rescuenet,Garr200112-r1,Garr200112,TRAN,14,40,19,0.475,63,63,1.0,19.033930318390038,528.2090958490007,0.07429152149998117,1,0
rescuenet,Garr200112-r1,Garr200112,TRAN,15,40,19,0.475,63,63,1.0,20.200761995498716,528.2090958490007,0.07429152149998117,1,0
rescuenet,Garr200112-r1,Garr200112,TRAN,16,40,18,0.45,63,63,1.0,20.419288296117465,528.2090958490007,0.07429152149998117,1,0
rescuenet,Garr200112-r1,Garr200112,TRAN,17,40,19,0.475,63,63,1.0,19.591589742219778,528.2090958490007,0.07429152149998117,1,0
rescuenet,Garr200112-r1,Garr200112,TRAN,18,40,21,0.525,63,63,1.0,17.64528102485084,528.2090958490007,0.07429152149998117,1,0
rescuenet,Garr200112-r1,Garr200112,TRAN,19,40,21,0.525,63,63,1.0,18.20782371008684,528.2090958490007,0.07429152149998117,1,0
rescuenet,Garr200112-r1,Garr200112,TRAN,20,40,21,0.525,63,63,1.0,18.15351617591131,528.2090958490007,0.07429152149998117,1,0
rescuenet,Garr200112-r1,Garr200112,TRAN,21,40,18,0.45,63,63,1.0,19.830262081236125,528.2090958490007,0.07429152149998117,1,0
rescuenet,Garr200112-r1,Garr200112,TRAN,22,40,19,0.475,63,63,1.0,19.013903461480282,528.2090958490007,0.07429152149998117,1,0
rescuenet,Garr200112-r1,Garr200112,TRAN,23,40,17,0.425,63,63,1.0,20.724669725493214,528.2090958490007,0.07429152149998117,1,0
rescuenet,Garr200112-r1,Garr200112,TRAN,24,40,19,0.475,63,63,1.0,20.572384699217757,528.2090958490007,0.07429152149998117,1,0
rescuenet,Garr200112-r1,Garr200112,TRAN,25,40,19,0.475,63,63,1.0,20.18101045802894,528.2090958490007,0.07429152149998117,1,0
rescuenet,Garr200112-r1,Garr200112,TRAN,26,40,18,0.45,63,63,1.0,19.35249838837253,528.2090958490007,0.07429152149998117,1,0
rescuenet,Garr200112-r1,Garr200112,TRAN,27,40,19,0.475,63,63,1.0,19.87542706265522,528.2090958490007,0.07429152149998117,1,0
rescuenet,Garr200112-r1,Garr200112,TRAN,28,40,19,0.475,63,63,1.0,18.594098135141827,528.2090958490007,0.07429152149998117,1,0
rescuenet,Garr200112-r1,Garr200112,TRAN,29,40,20,0.5,63,63,1.0,18.053697416975698,528.2090958490007,0.07429152149998117,1,0
rescuenet,Garr200112-r2,Garr200112,B0,0,40,11,0.275,63,17,0.2698412698412698,27.30075976230626,0.0001352480030618608,0.03835331303319738,1,0
rescuenet,Garr200112-r2,Garr200112,B0,1,40,11,0.275,63,17,0.2698412698412698,27.30075976230626,0.0001352480030618608,0.03835331303319738,1,0
rescuenet,Garr200112-r2,Garr200112,B0,2,40,11,0.275,63,17,0.2698412698412698,27.30075976230626,0.0001352480030618608,0.03835331303319738,1,0
rescuenet,Garr200112-r2,Garr200112,B0,3,40,11,0.275,63,17,0.2698412698412698,27.30075976230626,0.0001352480030618608,0.03835331303319738,1,0
rescuenet,Garr200112-r2,Garr200112,B0,4,40,11,0.275,63,17,0.2698412698412698,27.30075976230626,0.0001352480030618608,0.03835331303319738,1,0
rescuenet,Garr200112-r2,Garr200112,B0,5,40,11,0.275,63,17,0.2698412698412698,27.30075976230626,0.0001352480030618608,0.03835331303319738,1,0
rescuenet,Garr200112-r2,Garr200112,B0,6,40,11,0.275,63,17,0.2698412698412698,27.30075976230626,0.0001352480030618608,0.03835331303319738,1,0
rescuenet,Garr200112-r2,Garr200112,B0,7,40,11,0.275,63,17,0.2698412698412698,27.30075976230626,0.0001352480030618608,0.03835331303319738,1,0
rescuenet,Garr200112-r2,Garr200112,B0,8,40,11,0.275,63,17,0.2698412698412698,27.30075976230626,0.0001352480030618608,0.03835331303319738,1,0
rescuenet,Garr200112-r2,Garr200112,B0,9,40,11,0.275,63,17,0.2698412698412698,27.30075976230626,0.0001352480030618608,0.03835331303319738,1,0
rescuenet,Garr200112-r2,Garr200112,B0,10,40,11,0.275,63,17,0.2698412698412698,27.30075976230626,0.0001352480030618608,0.03835331303319738,1,0
rescuenet,Garr200112-r2,Garr200112,B0,11,40,11,0.275,63,17,0.2698412698412698,27.30075976230626,0.0001352480030618608,0.03835331303319738,1,0
rescuenet,Garr200112-r2,Garr200112,B0,12,40,11,0.275,63,17,0.2698412698412698,27.30075976230626,0.0001352480030618608,0.03835331303319738,1,0
rescuenet,Garr200112-r2,Garr200112,B0,13,40,11,0.275,63,17,0.2698412698412698,27.30075976230626,0.0001352480030618608,0.03835331303319738,1,0
rescuenet,Garr200112-r2,Garr200112,B0,14,40,11,0.275,63,17,0.2698412698412698,27.30075976230626,0.0001352480030618608,0.03835331303319738,1,0
rescuenet,Garr200112-r2,Garr200112,B0,15,40,11,0.275,63,17,0.2698412698412698,27.30075976230626,0.0001352480030618608,0.03835331303319738,1,0
rescuenet,Garr200112-r2,Garr200112,B0,16,40,11,0.275,63,17,0.2698412698412698,27.30075976230626,0.0001352480030618608,0.03835331303319738,1,0
rescuenet,Garr200112-r2,Garr200112,B0,17,40,11,0.275,63,17,0.2698412698412698,27.30075976230626,0.0001352480030618608,0.03835331303319738,1,0
rescuenet,Garr200112-r2,Garr200112,B0,18,40,11,0.275,63,17,0.2698412698412698,27.30075976230626,0.0001352480030618608,0.03835331303319738,1,0
rescuenet,Garr200112-r2,Garr200112,B0,19,40,11,0.275,63,17,0.2698412698412698,27.30075976230626,0.0001352480030618608,0.03835331303319738,1,0
rescuenet,Garr200112-r2,Garr200112,B0,20,40,11,0.275,63,17,0.2698412698412698,27.30075976230626,0.0001352480030618608,0.03835331303319738,1,0
rescuenet,Garr200112-r2,Garr200112,B0,21,40,11,0.275,63,17,0.2698412698412698,27.30075976230626,0.0001352480030618608,0.03835331303319738,1,0
rescuenet,Garr200112-r2,Garr200112,B0,22,40,11,0.275,63,17,0.2698412698412698,27.30075976230626,0.0001352480030618608,0.03835331303319738,1,0
rescuenet,Garr200112-r2,Garr200112,B0,23,40,11,0.275,63,17,0.2698412698412698,27.30075976230626,0.0001352480030618608,0.03835331303319738,1,0
rescuenet,Garr200112-r2,Garr200112,B0,24,40,11,0.275,63,17,0.2698412698412698,27.30075976230626,0.0001352480030618608,0.03835331303319738,1,0
rescuenet,Garr200112-r2,Garr200112,B0,25,40,11,0.275,63,17,0.2698412698412698,27.30075976230626,0.0001352480030618608,0.03835331303319738,1,0
rescuenet,Garr200112-r2,Garr200112,B0,26,40,11,0.275,63,17,0.2698412698412698,27.30075976230626,0.0001352480030618608,0.03835331303319738,1,0
rescuenet,Garr200112-r2,Garr200112,B0,27,40,11,0.275,63,17,0.2698412698412698,27.30075976230626,0.0001352480030618608,0.03835331303319738,1,0
rescuenet,Garr200112-r2,Garr200112,B0,28,40,11,0.275,63,17,0.2698412698412698,27.30075976230626,0.0001352480030618608,0.03835331303319738,1,0
rescuenet,Garr200112-r2,Garr200112,B0,29,40,11,0.275,63,17,0.2698412698412698,27.30075976230626,0.0001352480030618608,0.03835331303319738,1,0
rescuenet,Garr200112-r2,Garr200112,B1,0,40,17,0.425,63,63,1.0,21.50727225793366,0.14697076899756212,0.04741936240000844,1,0
rescuenet,Garr200112-r2,Garr200112,B1,1,40,19,0.475,63,63,1.0,19.818039868760586,0.14697076899756212,0.04741936240000844,1,0
rescuenet,Garr200112-r2,Garr200112,B1,2,40,16,0.4,63,63,1.0,22.416250094294586,0.14697076899756212,0.04741936240000844,1,0
rescuenet,Garr200112-r2,Garr200112,B1,3,40,16,0.4,63,63,1.0,21.977761156626684,0.14697076899756212,0.04741936240000844,1,0
rescuenet,Garr200112-r2,Garr200112,B1,4,40,22,0.55,63,63,1.0,18.0,0.14697076899756212,0.04741936240000844,1,0
rescuenet,Garr200112-r2,Garr200112,B1,5,40,17,0.425,63,63,1.0,20.22944384589265,0.14697076899756212,0.04741936240000844,1,0
rescuenet,Garr200112-r2,Garr200112,B1,6,40,17,0.425,63,63,1.0,21.428431715095066,0.14697076899756212,0.04741936240000844,1,0
rescuenet,Garr200112-r2,Garr200112,B1,7,40,20,0.5,63,63,1.0,19.055243930661305,0.14697076899756212,0.04741936240000844,1,0
rescuenet,Garr200112-r2,Garr200112,B1,8,40,15,0.375,63,63,1.0,22.4691203595169,0.14697076899756212,0.04741936240000844,1,0
rescuenet,Garr200112-r2,Garr200112,B1,9,40,15,0.375,63,63,1.0,20.958753220254724,0.14697076899756212,0.04741936240000844,1,0
rescuenet,Garr200112-r2,Garr200112,B1,10,40,16,0.4,63,63,1.0,21.809074236259843,0.14697076899756212,0.04741936240000844,1,0
rescuenet,Garr200112-r2,Garr200112,B1,11,40,19,0.475,63,63,1.0,20.283026370961977,0.14697076899756212,0.04741936240000844,1,0
rescuenet,Garr200112-r2,Garr200112,B1,12,40,16,0.4,63,63,1.0,22.962233454658218,0.14697076899756212,0.04741936240000844,1,0
rescuenet,Garr200112-r2,Garr200112,B1,13,40,16,0.4,63,63,1.0,21.15430479874713,0.14697076899756212,0.04741936240000844,1,0
rescuenet,Garr200112-r2,Garr200112,B1,14,40,17,0.425,63,63,1.0,21.25367798000728,0.14697076899756212,0.04741936240000844,1,0
rescuenet,Garr200112-r2,Garr200112,B1,15,40,19,0.475,63,63,1.0,19.915074678117993,0.14697076899756212,0.04741936240000844,1,0
rescuenet,Garr200112-r2,Garr200112,B1,16,40,20,0.5,63,63,1.0,18.85442696298618,0.14697076899756212,0.04741936240000844,1,0
rescuenet,Garr200112-r2,Garr200112,B1,17,40,16,0.4,63,63,1.0,21.512438429672383,0.14697076899756212,0.04741936240000844,1,0
rescuenet,Garr200112-r2,Garr200112,B1,18,40,19,0.475,63,63,1.0,19.954613552530784,0.14697076899756212,0.04741936240000844,1,0
rescuenet,Garr200112-r2,Garr200112,B1,19,40,21,0.525,63,63,1.0,18.99347456358354,0.14697076899756212,0.04741936240000844,1,0
rescuenet,Garr200112-r2,Garr200112,B1,20,40,22,0.55,63,63,1.0,18.0,0.14697076899756212,0.04741936240000844,1,0
rescuenet,Garr200112-r2,Garr200112,B1,21,40,18,0.45,63,63,1.0,20.072537093238616,0.14697076899756212,0.04741936240000844,1,0
rescuenet,Garr200112-r2,Garr200112,B1,22,40,17,0.425,63,63,1.0,20.55193681788488,0.14697076899756212,0.04741936240000844,1,0
rescuenet,Garr200112-r2,Garr200112,B1,23,40,19,0.475,63,63,1.0,19.43383865378129,0.14697076899756212,0.04741936240000844,1,0
rescuenet,Garr200112-r2,Garr200112,B1,24,40,19,0.475,63,63,1.0,18.910683705247866,0.14697076899756212,0.04741936240000844,1,0
rescuenet,Garr200112-r2,Garr200112,B1,25,40,20,0.5,63,63,1.0,18.54426669080898,0.14697076899756212,0.04741936240000844,1,0
rescuenet,Garr200112-r2,Garr200112,B1,26,40,15,0.375,63,63,1.0,22.818741537449856,0.14697076899756212,0.04741936240000844,1,0
rescuenet,Garr200112-r2,Garr200112,B1,27,40,18,0.45,63,63,1.0,20.471468682915003,0.14697076899756212,0.04741936240000844,1,0
rescuenet,Garr200112-r2,Garr200112,B1,28,40,20,0.5,63,63,1.0,19.473401711307748,0.14697076899756212,0.04741936240000844,1,0
rescuenet,Garr200112-r2,Garr200112,B1,29,40,15,0.375,63,63,1.0,22.195023904562078,0.14697076899756212,0.04741936240000844,1,0
rescuenet,Garr200112-r2,Garr200112,B2,0,40,20,0.5,63,63,1.0,13.790139113199366,240.39892180300376,0.08042957066645613,2001,11
rescuenet,Garr200112-r2,Garr200112,B2,1,40,21,0.525,63,63,1.0,14.64681957440669,240.39892180300376,0.08042957066645613,2001,11
rescuenet,Garr200112-r2,Garr200112,B2,2,40,20,0.5,63,63,1.0,15.0230550248514,240.39892180300376,0.08042957066645613,2001,11
rescuenet,Garr200112-r2,Garr200112,B2,3,40,19,0.475,63,63,1.0,17.01944817876617,240.39892180300376,0.08042957066645613,2001,11
rescuenet,Garr200112-r2,Garr200112,B2,4,40,20,0.5,63,63,1.0,14.634115506182473,240.39892180300376,0.08042957066645613,2001,11
rescuenet,Garr200112-r2,Garr200112,B2,5,40,23,0.575,63,63,1.0,14.433992646731612,240.39892180300376,0.08042957066645613,2001,11
rescuenet,Garr200112-r2,Garr200112,B2,6,40,21,0.525,63,63,1.0,14.903487354741227,240.39892180300376,0.08042957066645613,2001,11
rescuenet,Garr200112-r2,Garr200112,B2,7,40,23,0.575,63,63,1.0,13.905067301886156,240.39892180300376,0.08042957066645613,2001,11
rescuenet,Garr200112-r2,Garr200112,B2,8,40,16,0.4,63,63,1.0,15.762259936380298,240.39892180300376,0.08042957066645613,2001,11
rescuenet,Garr200112-r2,Garr200112,B2,9,40,20,0.5,63,63,1.0,15.946912748155604,240.39892180300376,0.08042957066645613,2001,11
rescuenet,Garr200112-r2,Garr200112,B2,10,40,20,0.5,63,63,1.0,15.262270843023257,240.39892180300376,0.08042957066645613,2001,11
rescuenet,Garr200112-r2,Garr200112,B2,11,40,20,0.5,63,63,1.0,15.1187841884683,240.39892180300376,0.08042957066645613,2001,11
rescuenet,Garr200112-r2,Garr200112,B2,12,40,19,0.475,63,63,1.0,17.457131656929032,240.39892180300376,0.08042957066645613,2001,11
rescuenet,Garr200112-r2,Garr200112,B2,13,40,21,0.525,63,63,1.0,15.197681233523053,240.39892180300376,0.08042957066645613,2001,11
rescuenet,Garr200112-r2,Garr200112,B2,14,40,20,0.5,63,63,1.0,15.288130184751799,240.39892180300376,0.08042957066645613,2001,11
rescuenet,Garr200112-r2,Garr200112,B2,15,40,21,0.525,63,63,1.0,14.637103508306044,240.39892180300376,0.08042957066645613,2001,11
rescuenet,Garr200112-r2,Garr200112,B2,16,40,19,0.475,63,63,1.0,13.917816448521679,240.39892180300376,0.08042957066645613,2001,11
rescuenet,Garr200112-r2,Garr200112,B2,17,40,20,0.5,63,63,1.0,16.092721631853106,240.39892180300376,0.08042957066645613,2001,11
rescuenet,Garr200112-r2,Garr200112,B2,18,40,21,0.525,63,63,1.0,14.570206905434711,240.39892180300376,0.08042957066645613,2001,11
rescuenet,Garr200112-r2,Garr200112,B2,19,40,24,0.6,63,63,1.0,12.493381817892535,240.39892180300376,0.08042957066645613,2001,11
rescuenet,Garr200112-r2,Garr200112,B2,20,40,21,0.525,63,63,1.0,15.481343147500535,240.39892180300376,0.08042957066645613,2001,11
rescuenet,Garr200112-r2,Garr200112,B2,21,40,18,0.45,63,63,1.0,15.877261454407178,240.39892180300376,0.08042957066645613,2001,11
rescuenet,Garr200112-r2,Garr200112,B2,22,40,17,0.425,63,63,1.0,16.944520301709964,240.39892180300376,0.08042957066645613,2001,11
rescuenet,Garr200112-r2,Garr200112,B2,23,40,20,0.5,63,63,1.0,15.931813927041102,240.39892180300376,0.08042957066645613,2001,11
rescuenet,Garr200112-r2,Garr200112,B2,24,40,20,0.5,63,63,1.0,14.06461311928876,240.39892180300376,0.08042957066645613,2001,11
rescuenet,Garr200112-r2,Garr200112,B2,25,40,22,0.55,63,63,1.0,14.734915571905244,240.39892180300376,0.08042957066645613,2001,11
rescuenet,Garr200112-r2,Garr200112,B2,26,40,21,0.525,63,63,1.0,16.884446055452283,240.39892180300376,0.08042957066645613,2001,11
rescuenet,Garr200112-r2,Garr200112,B2,27,40,22,0.55,63,63,1.0,14.694093532838785,240.39892180300376,0.08042957066645613,2001,11
rescuenet,Garr200112-r2,Garr200112,B2,28,40,17,0.425,63,63,1.0,16.294675766656646,240.39892180300376,0.08042957066645613,2001,11
rescuenet,Garr200112-r2,Garr200112,B2,29,40,20,0.5,63,63,1.0,15.588452394787804,240.39892180300376,0.08042957066645613,2001,11
rescuenet,Garr200112-r2,Garr200112,P,0,40,17,0.425,63,63,1.0,15.6158095773917,236.87309997999546,0.0826662850001109,2001,12
rescuenet,Garr200112-r2,Garr200112,P,1,40,19,0.475,63,63,1.0,15.940064334844857,236.87309997999546,0.0826662850001109,2001,12
rescuenet,Garr200112-r2,Garr200112,P,2,40,21,0.525,63,63,1.0,16.02107864654897,236.87309997999546,0.0826662850001109,2001,12
rescuenet,Garr200112-r2,Garr200112,P,3,40,18,0.45,63,63,1.0,17.088695321274205,236.87309997999546,0.0826662850001109,2001,12
rescuenet,Garr200112-r2,Garr200112,P,4,40,19,0.475,63,63,1.0,16.401712400772983,236.87309997999546,0.0826662850001109,2001,12
rescuenet,Garr200112-r2,Garr200112,P,5,40,20,0.5,63,63,1.0,15.974692268817781,236.87309997999546,0.0826662850001109,2001,12
rescuenet,Garr200112-r2,Garr200112,P,6,40,21,0.525,63,63,1.0,15.158864348733248,236.87309997999546,0.0826662850001109,2001,12
rescuenet,Garr200112-r2,Garr200112,P,7,40,22,0.55,63,63,1.0,14.896923375993468,236.87309997999546,0.0826662850001109,2001,12
rescuenet,Garr200112-r2,Garr200112,P,8,40,14,0.35,63,63,1.0,18.516054733283497,236.87309997999546,0.0826662850001109,2001,12
rescuenet,Garr200112-r2,Garr200112,P,9,40,15,0.375,63,63,1.0,18.11579471176488,236.87309997999546,0.0826662850001109,2001,12
rescuenet,Garr200112-r2,Garr200112,P,10,40,21,0.525,63,63,1.0,15.824313275622439,236.87309997999546,0.0826662850001109,2001,12
rescuenet,Garr200112-r2,Garr200112,P,11,40,20,0.5,63,63,1.0,16.215918829445737,236.87309997999546,0.0826662850001109,2001,12
rescuenet,Garr200112-r2,Garr200112,P,12,40,18,0.45,63,63,1.0,17.455524253454932,236.87309997999546,0.0826662850001109,2001,12
rescuenet,Garr200112-r2,Garr200112,P,13,40,20,0.5,63,63,1.0,16.29609450457882,236.87309997999546,0.0826662850001109,2001,12
rescuenet,Garr200112-r2,Garr200112,P,14,40,20,0.5,63,63,1.0,15.80926912215249,236.87309997999546,0.0826662850001109,2001,12
rescuenet,Garr200112-r2,Garr200112,P,15,40,22,0.55,63,63,1.0,14.596709780781254,236.87309997999546,0.0826662850001109,2001,12
rescuenet,Garr200112-r2,Garr200112,P,16,40,19,0.475,63,63,1.0,14.592900440615614,236.87309997999546,0.0826662850001109,2001,12
rescuenet,Garr200112-r2,Garr200112,P,17,40,17,0.425,63,63,1.0,17.645174985509502,236.87309997999546,0.0826662850001109,2001,12
rescuenet,Garr200112-r2,Garr200112,P,18,40,21,0.525,63,63,1.0,15.17065695282543,236.87309997999546,0.0826662850001109,2001,12
rescuenet,Garr200112-r2,Garr200112,P,19,40,20,0.5,63,63,1.0,14.065441108090802,236.87309997999546,0.0826662850001109,2001,12
rescuenet,Garr200112-r2,Garr200112,P,20,40,20,0.5,63,63,1.0,16.266621060115177,236.87309997999546,0.0826662850001109,2001,12
rescuenet,Garr200112-r2,Garr200112,P,21,40,18,0.45,63,63,1.0,16.807649843654104,236.87309997999546,0.0826662850001109,2001,12
rescuenet,Garr200112-r2,Garr200112,P,22,40,15,0.375,63,63,1.0,18.944690896341392,236.87309997999546,0.0826662850001109,2001,12
rescuenet,Garr200112-r2,Garr200112,P,23,40,20,0.5,63,63,1.0,16.640301003739584,236.87309997999546,0.0826662850001109,2001,12
rescuenet,Garr200112-r2,Garr200112,P,24,40,21,0.525,63,63,1.0,14.393514522395375,236.87309997999546,0.0826662850001109,2001,12
rescuenet,Garr200112-r2,Garr200112,P,25,40,21,0.525,63,63,1.0,15.740326022331914,236.87309997999546,0.0826662850001109,2001,12
rescuenet,Garr200112-r2,Garr200112,P,26,40,18,0.45,63,63,1.0,18.15065736374314,236.87309997999546,0.0826662850001109,2001,12
rescuenet,Garr200112-r2,Garr200112,P,27,40,21,0.525,63,63,1.0,14.594500339205435,236.87309997999546,0.0826662850001109,2001,12
rescuenet,Garr200112-r2,Garr200112,P,28,40,19,0.475,63,63,1.0,16.341764593317286,236.87309997999546,0.0826662850001109,2001,12
rescuenet,Garr200112-r2,Garr200112,P,29,40,20,0.5,63,63,1.0,15.938080386013691,236.87309997999546,0.0826662850001109,2001,12
rescuenet,Garr200112-r2,Garr200112,TRAN,0,40,20,0.5,63,63,1.0,17.075529990710685,400.6929534250012,0.06427799976663665,1,0
rescuenet,Garr200112-r2,Garr200112,TRAN,1,40,20,0.5,63,63,1.0,19.007445798688266,400.6929534250012,0.06427799976663665,1,0
rescuenet,Garr200112-r2,Garr200112,TRAN,2,40,21,0.525,63,63,1.0,16.918443594653176,400.6929534250012,0.06427799976663665,1,0
rescuenet,Garr200112-r2,Garr200112,TRAN,3,40,20,0.5,63,63,1.0,17.213267112403937,400.6929534250012,0.06427799976663665,1,0
rescuenet,Garr200112-r2,Garr200112,TRAN,4,40,19,0.475,63,63,1.0,17.81526645827624,400.6929534250012,0.06427799976663665,1,0
rescuenet,Garr200112-r2,Garr200112,TRAN,5,40,21,0.525,63,63,1.0,17.32659511830434,400.6929534250012,0.06427799976663665,1,0
rescuenet,Garr200112-r2,Garr200112,TRAN,6,40,21,0.525,63,63,1.0,17.32699043630797,400.6929534250012,0.06427799976663665,1,0
rescuenet,Garr200112-r2,Garr200112,TRAN,7,40,22,0.55,63,63,1.0,17.07403134136381,400.6929534250012,0.06427799976663665,1,0
rescuenet,Garr200112-r2,Garr200112,TRAN,8,40,20,0.5,63,63,1.0,17.16449724025051,400.6929534250012,0.06427799976663665,1,0
rescuenet,Garr200112-r2,Garr200112,TRAN,9,40,21,0.525,63,63,1.0,17.857969147910474,400.6929534250012,0.06427799976663665,1,0
rescuenet,Garr200112-r2,Garr200112,TRAN,10,40,21,0.525,63,63,1.0,17.573357910633423,400.6929534250012,0.06427799976663665,1,0
rescuenet,Garr200112-r2,Garr200112,TRAN,11,40,22,0.55,63,63,1.0,17.68961032999001,400.6929534250012,0.06427799976663665,1,0
rescuenet,Garr200112-r2,Garr200112,TRAN,12,40,19,0.475,63,63,1.0,18.401343734886375,400.6929534250012,0.06427799976663665,1,0
rescuenet,Garr200112-r2,Garr200112,TRAN,13,40,21,0.525,63,63,1.0,17.89149234524956,400.6929534250012,0.06427799976663665,1,0
rescuenet,Garr200112-r2,Garr200112,TRAN,14,40,21,0.525,63,63,1.0,17.749354153037924,400.6929534250012,0.06427799976663665,1,0
rescuenet,Garr200112-r2,Garr200112,TRAN,15,40,19,0.475,63,63,1.0,19.457130368404076,400.6929534250012,0.06427799976663665,1,0
rescuenet,Garr200112-r2,Garr200112,TRAN,16,40,22,0.55,63,63,1.0,16.8418240242521,400.6929534250012,0.06427799976663665,1,0
rescuenet,Garr200112-r2,Garr200112,TRAN,17,40,20,0.5,63,63,1.0,18.482348032307478,400.6929534250012,0.06427799976663665,1,0
rescuenet,Garr200112-r2,Garr200112,TRAN,18,40,20,0.5,63,63,1.0,18.553475218444877,400.6929534250012,0.06427799976663665,1,0
rescuenet,Garr200112-r2,Garr200112,TRAN,19,40,22,0.55,63,63,1.0,17.364216808902007,400.6929534250012,0.06427799976663665,1,0
rescuenet,Garr200112-r2,Garr200112,TRAN,20,40,21,0.525,63,63,1.0,17.478304837171212,400.6929534250012,0.06427799976663665,1,0
rescuenet,Garr200112-r2,Garr200112,TRAN,21,40,21,0.525,63,63,1.0,16.54840862424292,400.6929534250012,0.06427799976663665,1,0
rescuenet,Garr200112-r2,Garr200112,TRAN,22,40,20,0.5,63,63,1.0,17.93556745016941,400.6929534250012,0.06427799976663665,1,0
rescuenet,Garr200112-r2,Garr200112,TRAN,23,40,18,0.45,63,63,1.0,19.62265576590876,400.6929534250012,0.06427799976663665,1,0
rescuenet,Garr200112-r2,Garr200112,TRAN,24,40,20,0.5,63,63,1.0,18.16211347022649,400.6929534250012,0.06427799976663665,1,0
rescuenet,Garr200112-r2,Garr200112,TRAN,25,40,20,0.5,63,63,1.0,18.572150879953778,400.6929534250012,0.06427799976663665,1,0
rescuenet,Garr200112-r2,Garr200112,TRAN,26,40,21,0.525,63,63,1.0,17.451369477160576,400.6929534250012,0.06427799976663665,1,0
rescuenet,Garr200112-r2,Garr200112,TRAN,27,40,21,0.525,63,63,1.0,17.11879298363906,400.6929534250012,0.06427799976663665,1,0
rescuenet,Garr200112-r2,Garr200112,TRAN,28,40,20,0.5,63,63,1.0,17.798238667671175,400.6929534250012,0.06427799976663665,1,0
rescuenet,Garr200112-r2,Garr200112,TRAN,29,40,18,0.45,63,63,1.0,19.055320927741008,400.6929534250012,0.06427799976663665,1,0
rescuenet,Garr200404-r0,Garr200404,B0,0,40,10,0.25,63,26,0.4126984126984127,29.71586075233064,0.0001464060042053461,0.03709119966661092,1,0
rescuenet,Garr200404-r0,Garr200404,B0,1,40,10,0.25,63,26,0.4126984126984127,29.71586075233064,0.0001464060042053461,0.03709119966661092,1,0
rescuenet,Garr200404-r0,Garr200404,B0,2,40,10,0.25,63,26,0.4126984126984127,29.71586075233064,0.0001464060042053461,0.03709119966661092,1,0
rescuenet,Garr200404-r0,Garr200404,B0,3,40,10,0.25,63,26,0.4126984126984127,29.71586075233064,0.0001464060042053461,0.03709119966661092,1,0
rescuenet,Garr200404-r0,Garr200404,B0,4,40,10,0.25,63,26,0.4126984126984127,29.71586075233064,0.0001464060042053461,0.03709119966661092,1,0
rescuenet,Garr200404-r0,Garr200404,B0,5,40,10,0.25,63,26,0.4126984126984127,29.71586075233064,0.0001464060042053461,0.03709119966661092,1,0
rescuenet,Garr200404-r0,Garr200404,B0,6,40,10,0.25,63,26,0.4126984126984127,29.71586075233064,0.0001464060042053461,0.03709119966661092,1,0
rescuenet,Garr200404-r0,Garr200404,B0,7,40,10,0.25,63,26,0.4126984126984127,29.71586075233064,0.0001464060042053461,0.03709119966661092,1,0
rescuenet,Garr200404-r0,Garr200404,B0,8,40,10,0.25,63,26,0.4126984126984127,29.71586075233064,0.0001464060042053461,0.03709119966661092,1,0
rescuenet,Garr200404-r0,Garr200404,B0,9,40,10,0.25,63,26,0.4126984126984127,29.71586075233064,0.0001464060042053461,0.03709119966661092,1,0
rescuenet,Garr200404-r0,Garr200404,B0,10,40,10,0.25,63,26,0.4126984126984127,29.71586075233064,0.0001464060042053461,0.03709119966661092,1,0
rescuenet,Garr200404-r0,Garr200404,B0,11,40,10,0.25,63,26,0.4126984126984127,29.71586075233064,0.0001464060042053461,0.03709119966661092,1,0
rescuenet,Garr200404-r0,Garr200404,B0,12,40,10,0.25,63,26,0.4126984126984127,29.71586075233064,0.0001464060042053461,0.03709119966661092,1,0
rescuenet,Garr200404-r0,Garr200404,B0,13,40,10,0.25,63,26,0.4126984126984127,29.71586075233064,0.0001464060042053461,0.03709119966661092,1,0
rescuenet,Garr200404-r0,Garr200404,B0,14,40,10,0.25,63,26,0.4126984126984127,29.71586075233064,0.0001464060042053461,0.03709119966661092,1,0
rescuenet,Garr200404-r0,Garr200404,B0,15,40,10,0.25,63,26,0.4126984126984127,29.71586075233064,0.0001464060042053461,0.03709119966661092,1,0
rescuenet,Garr200404-r0,Garr200404,B0,16,40,10,0.25,63,26,0.4126984126984127,29.71586075233064,0.0001464060042053461,0.03709119966661092,1,0
rescuenet,Garr200404-r0,Garr200404,B0,17,40,10,0.25,63,26,0.4126984126984127,29.71586075233064,0.0001464060042053461,0.03709119966661092,1,0
rescuenet,Garr200404-r0,Garr200404,B0,18,40,10,0.25,63,26,0.4126984126984127,29.71586075233064,0.0001464060042053461,0.03709119966661092,1,0
rescuenet,Garr200404-r0,Garr200404,B0,19,40,10,0.25,63,26,0.4126984126984127,29.71586075233064,0.0001464060042053461,0.03709119966661092,1,0
rescuenet,Garr200404-r0,Garr200404,B0,20,40,10,0.25,63,26,0.4126984126984127,29.71586075233064,0.0001464060042053461,0.03709119966661092,1,0
rescuenet,Garr200404-r0,Garr200404,B0,21,40,10,0.25,63,26,0.4126984126984127,29.71586075233064,0.0001464060042053461,0.03709119966661092,1,0
rescuenet,Garr200404-r0,Garr200404,B0,22,40,10,0.25,63,26,0.4126984126984127,29.71586075233064,0.0001464060042053461,0.03709119966661092,1,0
rescuenet,Garr200404-r0,Garr200404,B0,23,40,10,0.25,63,26,0.4126984126984127,29.71586075233064,0.0001464060042053461,0.03709119966661092,1,0
rescuenet,Garr200404-r0,Garr200404,B0,24,40,10,0.25,63,26,0.4126984126984127,29.71586075233064,0.0001464060042053461,0.03709119966661092,1,0
rescuenet,Garr200404-r0,Garr200404,B0,25,40,10,0.25,63,26,0.4126984126984127,29.71586075233064,0.0001464060042053461,0.03709119966661092,1,0
rescuenet,Garr200404-r0,Garr200404,B0,26,40,10,0.25,63,26,0.4126984126984127,29.71586075233064,0.0001464060042053461,0.03709119966661092,1,0
rescuenet,Garr200404-r0,Garr200404,B0,27,40,10,0.25,63,26,0.4126984126984127,29.71586075233064,0.0001464060042053461,0.03709119966661092,1,0
rescuenet,Garr200404-r0,Garr200404,B0,28,40,10,0.25,63,26,0.4126984126984127,29.71586075233064,0.0001464060042053461,0.03709119966661092,1,0
rescuenet,Garr200404-r0,Garr200404,B0,29,40,10,0.25,63,26,0.4126984126984127,29.71586075233064,0.0001464060042053461,0.03709119966661092,1,0
rescuenet,Garr200404-r0,Garr200404,B1,0,40,14,0.35,63,63,1.0,23.38610252377816,0.15491161899990402,0.05025669663349011,1,0
rescuenet,Garr200404-r0,Garr200404,B1,1,40,14,0.35,63,63,1.0,22.999983597816296,0.15491161899990402,0.05025669663349011,1,0
rescuenet,Garr200404-r0,Garr200404,B1,2,40,14,0.35,63,63,1.0,23.24451412628985,0.15491161899990402,0.05025669663349011,1,0
rescuenet,Garr200404-r0,Garr200404,B1,3,40,13,0.325,63,63,1.0,24.73507083158968,0.15491161899990402,0.05025669663349011,1,0
rescuenet,Garr200404-r0,Garr200404,B1,4,40,12,0.3,63,63,1.0,23.99917669816962,0.15491161899990402,0.05025669663349011,1,0
rescuenet,Garr200404-r0,Garr200404,B1,5,40,15,0.375,63,63,1.0,22.8911576643291,0.15491161899990402,0.05025669663349011,1,0
rescuenet,Garr200404-r0,Garr200404,B1,6,40,12,0.3,63,63,1.0,24.833356995756507,0.15491161899990402,0.05025669663349011,1,0
rescuenet,Garr200404-r0,Garr200404,B1,7,40,12,0.3,63,63,1.0,25.443900049083116,0.15491161899990402,0.05025669663349011,1,0
rescuenet,Garr200404-r0,Garr200404,B1,8,40,14,0.35,63,63,1.0,23.17265612132339,0.15491161899990402,0.05025669663349011,1,0
rescuenet,Garr200404-r0,Garr200404,B1,9,40,12,0.3,63,63,1.0,25.42466926541707,0.15491161899990402,0.05025669663349011,1,0
rescuenet,Garr200404-r0,Garr200404,B1,10,40,16,0.4,63,63,1.0,21.860538021223128,0.15491161899990402,0.05025669663349011,1,0
rescuenet,Garr200404-r0,Garr200404,B1,11,40,13,0.325,63,63,1.0,25.345695706804836,0.15491161899990402,0.05025669663349011,1,0
rescuenet,Garr200404-r0,Garr200404,B1,12,40,13,0.325,63,63,1.0,24.246543073433262,0.15491161899990402,0.05025669663349011,1,0
rescuenet,Garr200404-r0,Garr200404,B1,13,40,15,0.375,63,63,1.0,22.81411074587453,0.15491161899990402,0.05025669663349011,1,0
rescuenet,Garr200404-r0,Garr200404,B1,14,40,13,0.325,63,63,1.0,23.985572079678327,0.15491161899990402,0.05025669663349011,1,0
rescuenet,Garr200404-r0,Garr200404,B1,15,40,13,0.325,63,63,1.0,23.942251869124583,0.15491161899990402,0.05025669663349011,1,0
rescuenet,Garr200404-r0,Garr200404,B1,16,40,15,0.375,63,63,1.0,23.503813573790975,0.15491161899990402,0.05025669663349011,1,0
rescuenet,Garr200404-r0,Garr200404,B1,17,40,15,0.375,63,63,1.0,22.658829692921426,0.15491161899990402,0.05025669663349011,1,0
rescuenet,Garr200404-r0,Garr200404,B1,18,40,12,0.3,63,63,1.0,24.52674887591286,0.15491161899990402,0.05025669663349011,1,0
rescuenet,Garr200404-r0,Garr200404,B1,19,40,12,0.3,63,63,1.0,23.77069750181301,0.15491161899990402,0.05025669663349011,1,0
rescuenet,Garr200404-r0,Garr200404,B1,20,40,15,0.375,63,63,1.0,22.705843307341436,0.15491161899990402,0.05025669663349011,1,0
rescuenet,Garr200404-r0,Garr200404,B1,21,40,13,0.325,63,63,1.0,24.436518158032317,0.15491161899990402,0.05025669663349011,1,0
rescuenet,Garr200404-r0,Garr200404,B1,22,40,14,0.35,63,63,1.0,23.486705081799883,0.15491161899990402,0.05025669663349011,1,0
rescuenet,Garr200404-r0,Garr200404,B1,23,40,15,0.375,63,63,1.0,23.06804531225999,0.15491161899990402,0.05025669663349011,1,0
rescuenet,Garr200404-r0,Garr200404,B1,24,40,14,0.35,63,63,1.0,24.07849876918699,0.15491161899990402,0.05025669663349011,1,0
rescuenet,Garr200404-r0,Garr200404,B1,25,40,13,0.325,63,63,1.0,23.5137572456944,0.15491161899990402,0.05025669663349011,1,0
rescuenet,Garr200404-r0,Garr200404,B1,26,40,12,0.3,63,63,1.0,24.268097483619112,0.15491161899990402,0.05025669663349011,1,0
rescuenet,Garr200404-r0,Garr200404,B1,27,40,11,0.275,63,63,1.0,25.863922165217954,0.15491161899990402,0.05025669663349011,1,0
rescuenet,Garr200404-r0,Garr200404,B1,28,40,15,0.375,63,63,1.0,23.509101672004988,0.15491161899990402,0.05025669663349011,1,0
rescuenet,Garr200404-r0,Garr200404,B1,29,40,14,0.35,63,63,1.0,23.710520332405906,0.15491161899990402,0.05025669663349011,1,0
rescuenet,Garr200404-r0,Garr200404,B2,0,40,16,0.4,63,63,1.0,17.957531739738226,248.89865105000354,0.07206614553336597,2001,5
rescuenet,Garr200404-r0,Garr200404,B2,1,40,20,0.5,63,63,1.0,17.386765839780143,248.89865105000354,0.07206614553336597,2001,5
rescuenet,Garr200404-r0,Garr200404,B2,2,40,18,0.45,63,63,1.0,18.16593758376245,248.89865105000354,0.07206614553336597,2001,5
rescuenet,Garr200404-r0,Garr200404,B2,3,40,19,0.475,63,63,1.0,17.816856331512838,248.89865105000354,0.07206614553336597,2001,5
rescuenet,Garr200404-r0,Garr200404,B2,4,40,15,0.375,63,63,1.0,18.901016941531932,248.89865105000354,0.07206614553336597,2001,5
rescuenet,Garr200404-r0,Garr200404,B2,5,40,20,0.5,63,63,1.0,16.28411497362263,248.89865105000354,0.07206614553336597,2001,5
rescuenet,Garr200404-r0,Garr200404,B2,6,40,16,0.4,63,63,1.0,19.366200900362728,248.89865105000354,0.07206614553336597,2001,5
rescuenet,Garr200404-r0,Garr200404,B2,7,40,17,0.425,63,63,1.0,19.16068866997369,248.89865105000354,0.07206614553336597,2001,5
rescuenet,Garr200404-r0,Garr200404,B2,8,40,19,0.475,63,63,1.0,17.303000590174836,248.89865105000354,0.07206614553336597,2001,5
rescuenet,Garr200404-r0,Garr200404,B2,9,40,19,0.475,63,63,1.0,18.591836634792205,248.89865105000354,0.07206614553336597,2001,5
rescuenet,Garr200404-r0,Garr200404,B2,10,40,17,0.425,63,63,1.0,17.92029473424962,248.89865105000354,0.07206614553336597,2001,5
rescuenet,Garr200404-r0,Garr200404,B2,11,40,14,0.35,63,63,1.0,19.045872472613087,248.89865105000354,0.07206614553336597,2001,5
rescuenet,Garr200404-r0,Garr200404,B2,12,40,16,0.4,63,63,1.0,17.52606678373536,248.89865105000354,0.07206614553336597,2001,5
rescuenet,Garr200404-r0,Garr200404,B2,13,40,20,0.5,63,63,1.0,17.54534606732512,248.89865105000354,0.07206614553336597,2001,5
rescuenet,Garr200404-r0,Garr200404,B2,14,40,21,0.525,63,63,1.0,17.040507153555517,248.89865105000354,0.07206614553336597,2001,5
rescuenet,Garr200404-r0,Garr200404,B2,15,40,19,0.475,63,63,1.0,17.50879155646338,248.89865105000354,0.07206614553336597,2001,5
rescuenet,Garr200404-r0,Garr200404,B2,16,40,19,0.475,63,63,1.0,17.540207929666927,248.89865105000354,0.07206614553336597,2001,5
rescuenet,Garr200404-r0,Garr200404,B2,17,40,18,0.45,63,63,1.0,18.52249026304918,248.89865105000354,0.07206614553336597,2001,5
rescuenet,Garr200404-r0,Garr200404,B2,18,40,19,0.475,63,63,1.0,18.45018458012719,248.89865105000354,0.07206614553336597,2001,5
rescuenet,Garr200404-r0,Garr200404,B2,19,40,19,0.475,63,63,1.0,17.119788722573166,248.89865105000354,0.07206614553336597,2001,5
rescuenet,Garr200404-r0,Garr200404,B2,20,40,18,0.45,63,63,1.0,17.16763714198823,248.89865105000354,0.07206614553336597,2001,5
rescuenet,Garr200404-r0,Garr200404,B2,21,40,17,0.425,63,63,1.0,18.981526275084075,248.89865105000354,0.07206614553336597,2001,5
rescuenet,Garr200404-r0,Garr200404,B2,22,40,20,0.5,63,63,1.0,16.731942430036273,248.89865105000354,0.07206614553336597,2001,5
rescuenet,Garr200404-r0,Garr200404,B2,23,40,21,0.525,63,63,1.0,16.64561251056572,248.89865105000354,0.07206614553336597,2001,5
rescuenet,Garr200404-r0,Garr200404,B2,24,40,17,0.425,63,63,1.0,18.483418907326257,248.89865105000354,0.07206614553336597,2001,5
rescuenet,Garr200404-r0,Garr200404,B2,25,40,18,0.45,63,63,1.0,18.07111914221454,248.89865105000354,0.07206614553336597,2001,5
rescuenet,Garr200404-r0,Garr200404,B2,26,40,20,0.5,63,63,1.0,17.33295856742499,248.89865105000354,0.07206614553336597,2001,5
rescuenet,Garr200404-r0,Garr200404,B2,27,40,15,0.375,63,63,1.0,19.927586539126647,248.89865105000354,0.07206614553336597,2001,5
rescuenet,Garr200404-r0,Garr200404,B2,28,40,18,0.45,63,63,1.0,18.063844142024866,248.89865105000354,0.07206614553336597,2001,5
rescuenet,Garr200404-r0,Garr200404,B2,29,40,21,0.525,63,63,1.0,17.340991540889387,248.89865105000354,0.07206614553336597,2001,5
rescuenet,Garr200404-r0,Garr200404,P,0,40,16,0.4,63,63,1.0,17.859419113241508,224.00249487600377,0.07160245026655805,2001,8
rescuenet,Garr200404-r0,Garr200404,P,1,40,21,0.525,63,63,1.0,15.565638420417057,224.00249487600377,0.07160245026655805,2001,8
rescuenet,Garr200404-r0,Garr200404,P,2,40,20,0.5,63,63,1.0,16.801762314137545,224.00249487600377,0.07160245026655805,2001,8
rescuenet,Garr200404-r0,Garr200404,P,3,40,17,0.425,63,63,1.0,17.348368519245653,224.00249487600377,0.07160245026655805,2001,8
rescuenet,Garr200404-r0,Garr200404,P,4,40,16,0.4,63,63,1.0,16.709524872539298,224.00249487600377,0.07160245026655805,2001,8
rescuenet,Garr200404-r0,Garr200404,P,5,40,17,0.425,63,63,1.0,16.452062608386196,224.00249487600377,0.07160245026655805,2001,8
rescuenet,Garr200404-r0,Garr200404,P,6,40,19,0.475,63,63,1.0,16.871879275475845,224.00249487600377,0.07160245026655805,2001,8
rescuenet,Garr200404-r0,Garr200404,P,7,40,19,0.475,63,63,1.0,17.348193356221245,224.00249487600377,0.07160245026655805,2001,8
rescuenet,Garr200404-r0,Garr200404,P,8,40,18,0.45,63,63,1.0,16.888331809636593,224.00249487600377,0.07160245026655805,2001,8
rescuenet,Garr200404-r0,Garr200404,P,9,40,19,0.475,63,63,1.0,17.24173917246178,224.00249487600377,0.07160245026655805,2001,8
rescuenet,Garr200404-r0,Garr200404,P,10,40,15,0.375,63,63,1.0,18.609163006989853,224.00249487600377,0.07160245026655805,2001,8
rescuenet,Garr200404-r0,Garr200404,P,11,40,14,0.35,63,63,1.0,18.669370612522833,224.00249487600377,0.07160245026655805,2001,8
rescuenet,Garr200404-r0,Garr200404,P,12,40,15,0.375,63,63,1.0,18.246394320007184,224.00249487600377,0.07160245026655805,2001,8
rescuenet,Garr200404-r0,Garr200404,P,13,40,19,0.475,63,63,1.0,16.548188252793302,224.00249487600377,0.07160245026655805,2001,8
rescuenet,Garr200404-r0,Garr200404,P,14,40,22,0.55,63,63,1.0,14.936159520229296,224.00249487600377,0.07160245026655805,2001,8
rescuenet,Garr200404-r0,Garr200404,P,15,40,20,0.5,63,63,1.0,16.130157463817934,224.00249487600377,0.07160245026655805,2001,8
rescuenet,Garr200404-r0,Garr200404,P,16,40,20,0.5,63,63,1.0,17.081854461982104,224.00249487600377,0.07160245026655805,2001,8
rescuenet,Garr200404-r0,Garr200404,P,17,40,19,0.475,63,63,1.0,17.48963267692458,224.00249487600377,0.07160245026655805,2001,8
rescuenet,Garr200404-r0,Garr200404,P,18,40,18,0.45,63,63,1.0,16.51442775307579,224.00249487600377,0.07160245026655805,2001,8
rescuenet,Garr200404-r0,Garr200404,P,19,40,18,0.45,63,63,1.0,17.268399980996946,224.00249487600377,0.07160245026655805,2001,8
rescuenet,Garr200404-r0,Garr200404,P,20,40,18,0.45,63,63,1.0,17.76743825745979,224.00249487600377,0.07160245026655805,2001,8
rescuenet,Garr200404-r0,Garr200404,P,21,40,17,0.425,63,63,1.0,17.490356512098614,224.00249487600377,0.07160245026655805,2001,8
rescuenet,Garr200404-r0,Garr200404,P,22,40,20,0.5,63,63,1.0,15.71780957716212,224.00249487600377,0.07160245026655805,2001,8
rescuenet,Garr200404-r0,Garr200404,P,23,40,21,0.525,63,63,1.0,15.950293931610588,224.00249487600377,0.07160245026655805,2001,8
rescuenet,Garr200404-r0,Garr200404,P,24,40,19,0.475,63,63,1.0,17.415522266069832,224.00249487600377,0.07160245026655805,2001,8
rescuenet,Garr200404-r0,Garr200404,P,25,40,18,0.45,63,63,1.0,17.63997220018023,224.00249487600377,0.07160245026655805,2001,8
rescuenet,Garr200404-r0,Garr200404,P,26,40,21,0.525,63,63,1.0,16.067647144183766,224.00249487600377,0.07160245026655805,2001,8
rescuenet,Garr200404-r0,Garr200404,P,27,40,17,0.425,63,63,1.0,18.437018965257508,224.00249487600377,0.07160245026655805,2001,8
rescuenet,Garr200404-r0,Garr200404,P,28,40,21,0.525,63,63,1.0,16.33491363521963,224.00249487600377,0.07160245026655805,2001,8
rescuenet,Garr200404-r0,Garr200404,P,29,40,21,0.525,63,63,1.0,15.308867296215103,224.00249487600377,0.07160245026655805,2001,8
rescuenet,Garr200404-r0,Garr200404,TRAN,0,40,18,0.45,63,63,1.0,20.834281666783845,628.1555355279997,0.07355014026664625,1,0
rescuenet,Garr200404-r0,Garr200404,TRAN,1,40,19,0.475,63,63,1.0,20.28427514813756,628.1555355279997,0.07355014026664625,1,0
rescuenet,Garr200404-r0,Garr200404,TRAN,2,40,18,0.45,63,63,1.0,20.712443798522898,628.1555355279997,0.07355014026664625,1,0
rescuenet,Garr200404-r0,Garr200404,TRAN,3,40,16,0.4,63,63,1.0,22.333471274681596,628.1555355279997,0.07355014026664625,1,0
rescuenet,Garr200404-r0,Garr200404,TRAN,4,40,18,0.45,63,63,1.0,20.931245489039675,628.1555355279997,0.07355014026664625,1,0
rescuenet,Garr200404-r0,Garr200404,TRAN,5,40,18,0.45,63,63,1.0,20.9292295571879,628.1555355279997,0.07355014026664625,1,0
rescuenet,Garr200404-r0,Garr200404,TRAN,6,40,18,0.45,63,63,1.0,21.075275221990136,628.1555355279997,0.07355014026664625,1,0
rescuenet,Garr200404-r0,Garr200404,TRAN,7,40,20,0.5,63,63,1.0,19.009918680961785,628.1555355279997,0.07355014026664625,1,0
rescuenet,Garr200404-r0,Garr200404,TRAN,8,40,17,0.425,63,63,1.0,22.03917172645811,628.1555355279997,0.07355014026664625,1,0
rescuenet,Garr200404-r0,Garr200404,TRAN,9,40,17,0.425,63,63,1.0,20.48748251296262,628.1555355279997,0.07355014026664625,1,0
rescuenet,Garr200404-r0,Garr200404,TRAN,10,40,19,0.475,63,63,1.0,19.625396508926578,628.1555355279997,0.07355014026664625,1,0
rescuenet,Garr200404-r0,Garr200404,TRAN,11,40,18,0.45,63,63,1.0,19.960338992485706,628.1555355279997,0.07355014026664625,1,0
rescuenet,Garr200404-r0,Garr200404,TRAN,12,40,19,0.475,63,63,1.0,19.800150376692063,628.1555355279997,0.07355014026664625,1,0
rescuenet,Garr200404-r0,Garr200404,TRAN,13,40,15,0.375,63,63,1.0,23.250898685793956,628.1555355279997,0.07355014026664625,1,0
rescuenet,Garr200404-r0,Garr200404,TRAN,14,40,20,0.5,63,63,1.0,18.728760284306485,628.1555355279997,0.07355014026664625,1,0
rescuenet,Garr200404-r0,Garr200404,TRAN,15,40,18,0.45,63,63,1.0,21.419757360353394,628.1555355279997,0.07355014026664625,1,0
rescuenet,Garr200404-r0,Garr200404,TRAN,16,40,19,0.475,63,63,1.0,19.592464682157008,628.1555355279997,0.07355014026664625,1,0
rescuenet,Garr200404-r0,Garr200404,TRAN,17,40,17,0.425,63,63,1.0,21.142580677847373,628.1555355279997,0.07355014026664625,1,0
rescuenet,Garr200404-r0,Garr200404,TRAN,18,40,20,0.5,63,63,1.0,19.672953617371316,628.1555355279997,0.07355014026664625,1,0
rescuenet,Garr200404-r0,Garr200404,TRAN,19,40,18,0.45,63,63,1.0,20.59148366532786,628.1555355279997,0.07355014026664625,1,0
rescuenet,Garr200404-r0,Garr200404,TRAN,20,40,19,0.475,63,63,1.0,19.74174262094327,628.1555355279997,0.07355014026664625,1,0
rescuenet,Garr200404-r0,Garr200404,TRAN,21,40,17,0.425,63,63,1.0,22.350979737299312,628.1555355279997,0.07355014026664625,1,0
rescuenet,Garr200404-r0,Garr200404,TRAN,22,40,16,0.4,63,63,1.0,21.948079849937848,628.1555355279997,0.07355014026664625,1,0
rescuenet,Garr200404-r0,Garr200404,TRAN,23,40,18,0.45,63,63,1.0,20.143546718738083,628.1555355279997,0.07355014026664625,1,0
rescuenet,Garr200404-r0,Garr200404,TRAN,24,40,16,0.4,63,63,1.0,22.773441721135413,628.1555355279997,0.07355014026664625,1,0
rescuenet,Garr200404-r0,Garr200404,TRAN,25,40,18,0.45,63,63,1.0,20.221823127507616,628.1555355279997,0.07355014026664625,1,0
rescuenet,Garr200404-r0,Garr200404,TRAN,26,40,18,0.45,63,63,1.0,20.55086547446766,628.1555355279997,0.07355014026664625,1,0
rescuenet,Garr200404-r0,Garr200404,TRAN,27,40,16,0.4,63,63,1.0,21.819224869487165,628.1555355279997,0.07355014026664625,1,0
rescuenet,Garr200404-r0,Garr200404,TRAN,28,40,18,0.45,63,63,1.0,21.079536347760534,628.1555355279997,0.07355014026664625,1,0
rescuenet,Garr200404-r0,Garr200404,TRAN,29,40,16,0.4,63,63,1.0,21.63716661777713,628.1555355279997,0.07355014026664625,1,0
rescuenet,Garr200404-r1,Garr200404,B0,0,40,20,0.5,63,28,0.4444444444444444,17.670937068182944,0.00010386600479250774,0.048330359933364285,1,0
rescuenet,Garr200404-r1,Garr200404,B0,1,40,20,0.5,63,28,0.4444444444444444,17.670937068182944,0.00010386600479250774,0.048330359933364285,1,0
rescuenet,Garr200404-r1,Garr200404,B0,2,40,20,0.5,63,28,0.4444444444444444,17.670937068182944,0.00010386600479250774,0.048330359933364285,1,0
rescuenet,Garr200404-r1,Garr200404,B0,3,40,20,0.5,63,28,0.4444444444444444,17.670937068182944,0.00010386600479250774,0.048330359933364285,1,0
rescuenet,Garr200404-r1,Garr200404,B0,4,40,20,0.5,63,28,0.4444444444444444,17.670937068182944,0.00010386600479250774,0.048330359933364285,1,0
rescuenet,Garr200404-r1,Garr200404,B0,5,40,20,0.5,63,28,0.4444444444444444,17.670937068182944,0.00010386600479250774,0.048330359933364285,1,0
rescuenet,Garr200404-r1,Garr200404,B0,6,40,20,0.5,63,28,0.4444444444444444,17.670937068182944,0.00010386600479250774,0.048330359933364285,1,0
rescuenet,Garr200404-r1,Garr200404,B0,7,40,20,0.5,63,28,0.4444444444444444,17.670937068182944,0.00010386600479250774,0.048330359933364285,1,0
rescuenet,Garr200404-r1,Garr200404,B0,8,40,20,0.5,63,28,0.4444444444444444,17.670937068182944,0.00010386600479250774,0.048330359933364285,1,0
rescuenet,Garr200404-r1,Garr200404,B0,9,40,20,0.5,63,28,0.4444444444444444,17.670937068182944,0.00010386600479250774,0.048330359933364285,1,0
rescuenet,Garr200404-r1,Garr200404,B0,10,40,20,0.5,63,28,0.4444444444444444,17.670937068182944,0.00010386600479250774,0.048330359933364285,1,0
rescuenet,Garr200404-r1,Garr200404,B0,11,40,20,0.5,63,28,0.4444444444444444,17.670937068182944,0.00010386600479250774,0.048330359933364285,1,0
rescuenet,Garr200404-r1,Garr200404,B0,12,40,20,0.5,63,28,0.4444444444444444,17.670937068182944,0.00010386600479250774,0.048330359933364285,1,0
rescuenet,Garr200404-r1,Garr200404,B0,13,40,20,0.5,63,28,0.4444444444444444,17.670937068182944,0.00010386600479250774,0.048330359933364285,1,0
rescuenet,Garr200404-r1,Garr200404,B0,14,40,20,0.5,63,28,0.4444444444444444,17.670937068182944,0.00010386600479250774,0.048330359933364285,1,0
rescuenet,Garr200404-r1,Garr200404,B0,15,40,20,0.5,63,28,0.4444444444444444,17.670937068182944,0.00010386600479250774,0.048330359933364285,1,0
rescuenet,Garr200404-r1,Garr200404,B0,16,40,20,0.5,63,28,0.4444444444444444,17.670937068182944,0.00010386600479250774,0.048330359933364285,1,0
rescuenet,Garr200404-r1,Garr200404,B0,17,40,20,0.5,63,28,0.4444444444444444,17.670937068182944,0.00010386600479250774,0.048330359933364285,1,0
rescuenet,Garr200404-r1,Garr200404,B0,18,40,20,0.5,63,28,0.4444444444444444,17.670937068182944,0.00010386600479250774,0.048330359933364285,1,0
rescuenet,Garr200404-r1,Garr200404,B0,19,40,20,0.5,63,28,0.4444444444444444,17.670937068182944,0.00010386600479250774,0.048330359933364285,1,0
rescuenet,Garr200404-r1,Garr200404,B0,20,40,20,0.5,63,28,0.4444444444444444,17.670937068182944,0.00010386600479250774,0.048330359933364285,1,0
rescuenet,Garr200404-r1,Garr200404,B0,21,40,20,0.5,63,28,0.4444444444444444,17.670937068182944,0.00010386600479250774,0.048330359933364285,1,0
rescuenet,Garr200404-r1,Garr200404,B0,22,40,20,0.5,63,28,0.4444444444444444,17.670937068182944,0.00010386600479250774,0.048330359933364285,1,0
rescuenet,Garr200404-r1,Garr200404,B0,23,40,20,0.5,63,28,0.4444444444444444,17.670937068182944,0.00010386600479250774,0.048330359933364285,1,0
rescuenet,Garr200404-r1,Garr200404,B0,24,40,20,0.5,63,28,0.4444444444444444,17.670937068182944,0.00010386600479250774,0.048330359933364285,1,0
rescuenet,Garr200404-r1,Garr200404,B0,25,40,20,0.5,63,28,0.4444444444444444,17.670937068182944,0.00010386600479250774,0.048330359933364285,1,0
rescuenet,Garr200404-r1,Garr200404,B0,26,40,20,0.5,63,28,0.4444444444444444,17.670937068182944,0.00010386600479250774,0.048330359933364285,1,0
rescuenet,Garr200404-r1,Garr200404,B0,27,40,20,0.5,63,28,0.4444444444444444,17.670937068182944,0.00010386600479250774,0.048330359933364285,1,0
rescuenet,Garr200404-r1,Garr200404,B0,28,40,20,0.5,63,28,0.4444444444444444,17.670937068182944,0.00010386600479250774,0.048330359933364285,1,0
rescuenet,Garr200404-r1,Garr200404,B0,29,40,20,0.5,63,28,0.4444444444444444,17.670937068182944,0.00010386600479250774,0.048330359933364285,1,0
rescuenet,Garr200404-r1,Garr200404,B1,0,40,28,0.7,63,63,1.0,11.429454389250546,0.13368515399633907,0.049190991433230614,1,0
rescuenet,Garr200404-r1,Garr200404,B1,1,40,28,0.7,63,63,1.0,11.908560227242548,0.13368515399633907,0.049190991433230614,1,0
rescuenet,Garr200404-r1,Garr200404,B1,2,40,29,0.725,63,63,1.0,11.000000000000002,0.13368515399633907,0.049190991433230614,1,0
rescuenet,Garr200404-r1,Garr200404,B1,3,40,28,0.7,63,63,1.0,11.612249980289016,0.13368515399633907,0.049190991433230614,1,0
rescuenet,Garr200404-r1,Garr200404,B1,4,40,26,0.65,63,63,1.0,11.910787226625034,0.13368515399633907,0.049190991433230614,1,0
rescuenet,Garr200404-r1,Garr200404,B1,5,40,26,0.65,63,63,1.0,12.717640726130025,0.13368515399633907,0.049190991433230614,1,0
rescuenet,Garr200404-r1,Garr200404,B1,6,40,26,0.65,63,63,1.0,12.11286401819273,0.13368515399633907,0.049190991433230614,1,0
rescuenet,Garr200404-r1,Garr200404,B1,7,40,27,0.675,63,63,1.0,11.922072562961755,0.13368515399633907,0.049190991433230614,1,0
rescuenet,Garr200404-r1,Garr200404,B1,8,40,29,0.725,63,63,1.0,11.000000000000002,0.13368515399633907,0.049190991433230614,1,0
rescuenet,Garr200404-r1,Garr200404,B1,9,40,29,0.725,63,63,1.0,11.000000000000002,0.13368515399633907,0.049190991433230614,1,0
rescuenet,Garr200404-r1,Garr200404,B1,10,40,26,0.65,63,63,1.0,11.770257241491247,0.13368515399633907,0.049190991433230614,1,0
rescuenet,Garr200404-r1,Garr200404,B1,11,40,25,0.625,63,63,1.0,11.653616576911125,0.13368515399633907,0.049190991433230614,1,0
rescuenet,Garr200404-r1,Garr200404,B1,12,40,27,0.675,63,63,1.0,11.197354972234221,0.13368515399633907,0.049190991433230614,1,0
rescuenet,Garr200404-r1,Garr200404,B1,13,40,29,0.725,63,63,1.0,11.000000000000002,0.13368515399633907,0.049190991433230614,1,0
rescuenet,Garr200404-r1,Garr200404,B1,14,40,29,0.725,63,63,1.0,11.000000000000002,0.13368515399633907,0.049190991433230614,1,0
rescuenet,Garr200404-r1,Garr200404,B1,15,40,28,0.7,63,63,1.0,11.99107883116987,0.13368515399633907,0.049190991433230614,1,0
rescuenet,Garr200404-r1,Garr200404,B1,16,40,26,0.65,63,63,1.0,13.040156744732469,0.13368515399633907,0.049190991433230614,1,0
rescuenet,Garr200404-r1,Garr200404,B1,17,40,27,0.675,63,63,1.0,11.828381942857105,0.13368515399633907,0.049190991433230614,1,0
rescuenet,Garr200404-r1,Garr200404,B1,18,40,29,0.725,63,63,1.0,11.000000000000002,0.13368515399633907,0.049190991433230614,1,0
rescuenet,Garr200404-r1,Garr200404,B1,19,40,29,0.725,63,63,1.0,11.000000000000002,0.13368515399633907,0.049190991433230614,1,0
rescuenet,Garr200404-r1,Garr200404,B1,20,40,27,0.675,63,63,1.0,11.26436239543951,0.13368515399633907,0.049190991433230614,1,0
rescuenet,Garr200404-r1,Garr200404,B1,21,40,27,0.675,63,63,1.0,11.995201650173096,0.13368515399633907,0.049190991433230614,1,0
rescuenet,Garr200404-r1,Garr200404,B1,22,40,27,0.675,63,63,1.0,11.866830139955434,0.13368515399633907,0.049190991433230614,1,0
rescuenet,Garr200404-r1,Garr200404,B1,23,40,26,0.65,63,63,1.0,12.570777774853138,0.13368515399633907,0.049190991433230614,1,0
rescuenet,Garr200404-r1,Garr200404,B1,24,40,29,0.725,63,63,1.0,11.000000000000002,0.13368515399633907,0.049190991433230614,1,0
rescuenet,Garr200404-r1,Garr200404,B1,25,40,28,0.7,63,63,1.0,11.494709470138549,0.13368515399633907,0.049190991433230614,1,0
rescuenet,Garr200404-r1,Garr200404,B1,26,40,28,0.7,63,63,1.0,11.991078869372323,0.13368515399633907,0.049190991433230614,1,0
rescuenet,Garr200404-r1,Garr200404,B1,27,40,28,0.7,63,63,1.0,11.232267635756905,0.13368515399633907,0.049190991433230614,1,0
rescuenet,Garr200404-r1,Garr200404,B1,28,40,28,0.7,63,63,1.0,11.634753652367152,0.13368515399633907,0.049190991433230614,1,0
rescuenet,Garr200404-r1,Garr200404,B1,29,40,28,0.7,63,63,1.0,11.388795671159581,0.13368515399633907,0.049190991433230614,1,0
rescuenet,Garr200404-r1,Garr200404,B2,0,40,29,0.725,63,63,1.0,9.182754990063856,236.75499758200021,0.0750710276333848,2001,3
rescuenet,Garr200404-r1,Garr200404,B2,1,40,27,0.675,63,63,1.0,10.327228199172794,236.75499758200021,0.0750710276333848,2001,3
rescuenet,Garr200404-r1,Garr200404,B2,2,40,27,0.675,63,63,1.0,9.285092678630079,236.75499758200021,0.0750710276333848,2001,3
rescuenet,Garr200404-r1,Garr200404,B2,3,40,28,0.7,63,63,1.0,9.793937588937895,236.75499758200021,0.0750710276333848,2001,3
rescuenet,Garr200404-r1,Garr200404,B2,4,40,25,0.625,63,63,1.0,9.431963503308753,236.75499758200021,0.0750710276333848,2001,3
rescuenet,Garr200404-r1,Garr200404,B2,5,40,26,0.65,63,63,1.0,9.330557481197383,236.75499758200021,0.0750710276333848,2001,3
rescuenet,Garr200404-r1,Garr200404,B2,6,40,27,0.675,63,63,1.0,9.889630187182968,236.75499758200021,0.0750710276333848,2001,3
rescuenet,Garr200404-r1,Garr200404,B2,7,40,24,0.6,63,63,1.0,10.530184619606482,236.75499758200021,0.0750710276333848,2001,3
rescuenet,Garr200404-r1,Garr200404,B2,8,40,29,0.725,63,63,1.0,9.176440587155648,236.75499758200021,0.0750710276333848,2001,3
rescuenet,Garr200404-r1,Garr200404,B2,9,40,27,0.675,63,63,1.0,9.659047071037953,236.75499758200021,0.0750710276333848,2001,3
rescuenet,Garr200404-r1,Garr200404,B2,10,40,24,0.6,63,63,1.0,9.858354371744959,236.75499758200021,0.0750710276333848,2001,3
rescuenet,Garr200404-r1,Garr200404,B2,11,40,28,0.7,63,63,1.0,9.402172900791191,236.75499758200021,0.0750710276333848,2001,3
rescuenet,Garr200404-r1,Garr200404,B2,12,40,26,0.65,63,63,1.0,10.256187096452114,236.75499758200021,0.0750710276333848,2001,3
rescuenet,Garr200404-r1,Garr200404,B2,13,40,28,0.7,63,63,1.0,9.555627132207837,236.75499758200021,0.0750710276333848,2001,3
rescuenet,Garr200404-r1,Garr200404,B2,14,40,29,0.725,63,63,1.0,9.159603921709968,236.75499758200021,0.0750710276333848,2001,3
rescuenet,Garr200404-r1,Garr200404,B2,15,40,28,0.7,63,63,1.0,10.089092312140437,236.75499758200021,0.0750710276333848,2001,3
rescuenet,Garr200404-r1,Garr200404,B2,16,40,27,0.675,63,63,1.0,10.170945454862894,236.75499758200021,0.0750710276333848,2001,3
rescuenet,Garr200404-r1,Garr200404,B2,17,40,27,0.675,63,63,1.0,10.05937516287825,236.75499758200021,0.0750710276333848,2001,3
rescuenet,Garr200404-r1,Garr200404,B2,18,40,28,0.7,63,63,1.0,9.40911034962428,236.75499758200021,0.0750710276333848,2001,3
rescuenet,Garr200404-r1,Garr200404,B2,19,40,29,0.725,63,63,1.0,9.174652648981235,236.75499758200021,0.0750710276333848,2001,3
rescuenet,Garr200404-r1,Garr200404,B2,20,40,23,0.575,63,63,1.0,11.359563662965835,236.75499758200021,0.0750710276333848,2001,3
rescuenet,Garr200404-r1,Garr200404,B2,21,40,29,0.725,63,63,1.0,9.064270167539785,236.75499758200021,0.0750710276333848,2001,3
rescuenet,Garr200404-r1,Garr200404,B2,22,40,26,0.65,63,63,1.0,9.7578306687892,236.75499758200021,0.0750710276333848,2001,3
rescuenet,Garr200404-r1,Garr200404,B2,23,40,27,0.675,63,63,1.0,9.89590900479436,236.75499758200021,0.0750710276333848,2001,3
rescuenet,Garr200404-r1,Garr200404,B2,24,40,29,0.725,63,63,1.0,9.10952438960732,236.75499758200021,0.0750710276333848,2001,3
rescuenet,Garr200404-r1,Garr200404,B2,25,40,28,0.7,63,63,1.0,9.573068081966056,236.75499758200021,0.0750710276333848,2001,3
rescuenet,Garr200404-r1,Garr200404,B2,26,40,28,0.7,63,63,1.0,10.204527130487525,236.75499758200021,0.0750710276333848,2001,3
rescuenet,Garr200404-r1,Garr200404,B2,27,40,28,0.7,63,63,1.0,9.239599465805558,236.75499758200021,0.0750710276333848,2001,3
rescuenet,Garr200404-r1,Garr200404,B2,28,40,27,0.675,63,63,1.0,9.958573941161042,236.75499758200021,0.0750710276333848,2001,3
rescuenet,Garr200404-r1,Garr200404,B2,29,40,28,0.7,63,63,1.0,9.405941803994455,236.75499758200021,0.0750710276333848,2001,3
rescuenet,Garr200404-r1,Garr200404,P,0,40,28,0.7,63,63,1.0,9.02386365605466,247.6292955359968,0.0795513510000698,2001,2
rescuenet,Garr200404-r1,Garr200404,P,1,40,27,0.675,63,63,1.0,10.121466625137193,247.6292955359968,0.0795513510000698,2001,2
rescuenet,Garr200404-r1,Garr200404,P,2,40,27,0.675,63,63,1.0,9.331678242638205,247.6292955359968,0.0795513510000698,2001,2
rescuenet,Garr200404-r1,Garr200404,P,3,40,28,0.7,63,63,1.0,9.651134737957438,247.6292955359968,0.0795513510000698,2001,2
rescuenet,Garr200404-r1,Garr200404,P,4,40,28,0.7,63,63,1.0,9.255013489088679,247.6292955359968,0.0795513510000698,2001,2
rescuenet,Garr200404-r1,Garr200404,P,5,40,28,0.7,63,63,1.0,9.199722738626978,247.6292955359968,0.0795513510000698,2001,2
rescuenet,Garr200404-r1,Garr200404,P,6,40,28,0.7,63,63,1.0,9.688644062049242,247.6292955359968,0.0795513510000698,2001,2
rescuenet,Garr200404-r1,Garr200404,P,7,40,26,0.65,63,63,1.0,9.856787833729989,247.6292955359968,0.0795513510000698,2001,2
rescuenet,Garr200404-r1,Garr200404,P,8,40,29,0.725,63,63,1.0,8.951002928952153,247.6292955359968,0.0795513510000698,2001,2
rescuenet,Garr200404-r1,Garr200404,P,9,40,26,0.65,63,63,1.0,9.971727223584486,247.6292955359968,0.0795513510000698,2001,2
rescuenet,Garr200404-r1,Garr200404,P,10,40,28,0.7,63,63,1.0,9.223184207133649,247.6292955359968,0.0795513510000698,2001,2
rescuenet,Garr200404-r1,Garr200404,P,11,40,28,0.7,63,63,1.0,10.059000690955378,247.6292955359968,0.0795513510000698,2001,2
rescuenet,Garr200404-r1,Garr200404,P,12,40,27,0.675,63,63,1.0,10.257226465611202,247.6292955359968,0.0795513510000698,2001,2
rescuenet,Garr200404-r1,Garr200404,P,13,40,29,0.725,63,63,1.0,8.981786669021696,247.6292955359968,0.0795513510000698,2001,2
rescuenet,Garr200404-r1,Garr200404,P,14,40,29,0.725,63,63,1.0,9.121043995778919,247.6292955359968,0.0795513510000698,2001,2
rescuenet,Garr200404-r1,Garr200404,P,15,40,27,0.675,63,63,1.0,9.994816055377848,247.6292955359968,0.0795513510000698,2001,2
rescuenet,Garr200404-r1,Garr200404,P,16,40,27,0.675,63,63,1.0,9.719033390242663,247.6292955359968,0.0795513510000698,2001,2
rescuenet,Garr200404-r1,Garr200404,P,17,40,28,0.7,63,63,1.0,9.733733665973373,247.6292955359968,0.0795513510000698,2001,2
rescuenet,Garr200404-r1,Garr200404,P,18,40,29,0.725,63,63,1.0,9.088226035197184,247.6292955359968,0.0795513510000698,2001,2
rescuenet,Garr200404-r1,Garr200404,P,19,40,29,0.725,63,63,1.0,8.79742986596915,247.6292955359968,0.0795513510000698,2001,2
rescuenet,Garr200404-r1,Garr200404,P,20,40,28,0.7,63,63,1.0,9.127685218560632,247.6292955359968,0.0795513510000698,2001,2
rescuenet,Garr200404-r1,Garr200404,P,21,40,27,0.675,63,63,1.0,9.566237976223634,247.6292955359968,0.0795513510000698,2001,2
rescuenet,Garr200404-r1,Garr200404,P,22,40,27,0.675,63,63,1.0,9.537273355105759,247.6292955359968,0.0795513510000698,2001,2
rescuenet,Garr200404-r1,Garr200404,P,23,40,29,0.725,63,63,1.0,8.821382649663828,247.6292955359968,0.0795513510000698,2001,2
rescuenet,Garr200404-r1,Garr200404,P,24,40,29,0.725,63,63,1.0,9.054706754723545,247.6292955359968,0.0795513510000698,2001,2
rescuenet,Garr200404-r1,Garr200404,P,25,40,28,0.7,63,63,1.0,9.452840846543946,247.6292955359968,0.0795513510000698,2001,2
rescuenet,Garr200404-r1,Garr200404,P,26,40,27,0.675,63,63,1.0,10.195075715902306,247.6292955359968,0.0795513510000698,2001,2
rescuenet,Garr200404-r1,Garr200404,P,27,40,29,0.725,63,63,1.0,8.774311811680928,247.6292955359968,0.0795513510000698,2001,2
rescuenet,Garr200404-r1,Garr200404,P,28,40,28,0.7,63,63,1.0,9.573391882103188,247.6292955359968,0.0795513510000698,2001,2
rescuenet,Garr200404-r1,Garr200404,P,29,40,29,0.725,63,63,1.0,8.958086812438104,247.6292955359968,0.0795513510000698,2001,2
rescuenet,Garr200404-r1,Garr200404,TRAN,0,40,18,0.45,63,63,1.0,20.14056616830755,327.86923033299536,0.0714171209668469,1,0
rescuenet,Garr200404-r1,Garr200404,TRAN,1,40,19,0.475,63,63,1.0,18.48743156839207,327.86923033299536,0.0714171209668469,1,0
rescuenet,Garr200404-r1,Garr200404,TRAN,2,40,19,0.475,63,63,1.0,18.342522555975272,327.86923033299536,0.0714171209668469,1,0
rescuenet,Garr200404-r1,Garr200404,TRAN,3,40,20,0.5,63,63,1.0,17.88448314612326,327.86923033299536,0.0714171209668469,1,0
rescuenet,Garr200404-r1,Garr200404,TRAN,4,40,20,0.5,63,63,1.0,18.637484998006368,327.86923033299536,0.0714171209668469,1,0
rescuenet,Garr200404-r1,Garr200404,TRAN,5,40,20,0.5,63,63,1.0,18.866319037648342,327.86923033299536,0.0714171209668469,1,0
rescuenet,Garr200404-r1,Garr200404,TRAN,6,40,20,0.5,63,63,1.0,18.61800978564551,327.86923033299536,0.0714171209668469,1,0
rescuenet,Garr200404-r1,Garr200404,TRAN,7,40,20,0.5,63,63,1.0,18.945648598117764,327.86923033299536,0.0714171209668469,1,0
rescuenet,Garr200404-r1,Garr200404,TRAN,8,40,19,0.475,63,63,1.0,19.566230675651962,327.86923033299536,0.0714171209668469,1,0
rescuenet,Garr200404-r1,Garr200404,TRAN,9,40,18,0.45,63,63,1.0,20.086521500342414,327.86923033299536,0.0714171209668469,1,0
rescuenet,Garr200404-r1,Garr200404,TRAN,10,40,21,0.525,63,63,1.0,18.059540265824,327.86923033299536,0.0714171209668469,1,0
rescuenet,Garr200404-r1,Garr200404,TRAN,11,40,18,0.45,63,63,1.0,20.088314652221225,327.86923033299536,0.0714171209668469,1,0
rescuenet,Garr200404-r1,Garr200404,TRAN,12,40,21,0.525,63,63,1.0,16.970611522801693,327.86923033299536,0.0714171209668469,1,0
rescuenet,Garr200404-r1,Garr200404,TRAN,13,40,19,0.475,63,63,1.0,19.084506585490967,327.86923033299536,0.0714171209668469,1,0
rescuenet,Garr200404-r1,Garr200404,TRAN,14,40,18,0.45,63,63,1.0,19.673974126476605,327.86923033299536,0.0714171209668469,1,0
rescuenet,Garr200404-r1,Garr200404,TRAN,15,40,18,0.45,63,63,1.0,20.167561082364497,327.86923033299536,0.0714171209668469,1,0
rescuenet,Garr200404-r1,Garr200404,TRAN,16,40,20,0.5,63,63,1.0,18.545748046715396,327.86923033299536,0.0714171209668469,1,0
rescuenet,Garr200404-r1,Garr200404,TRAN,17,40,19,0.475,63,63,1.0,19.606263420983613,327.86923033299536,0.0714171209668469,1,0
rescuenet,Garr200404-r1,Garr200404,TRAN,18,40,17,0.425,63,63,1.0,18.705562967412313,327.86923033299536,0.0714171209668469,1,0
rescuenet,Garr200404-r1,Garr200404,TRAN,19,40,19,0.475,63,63,1.0,18.95160136515327,327.86923033299536,0.0714171209668469,1,0
rescuenet,Garr200404-r1,Garr200404,TRAN,20,40,18,0.45,63,63,1.0,18.834328810074936,327.86923033299536,0.0714171209668469,1,0
rescuenet,Garr200404-r1,Garr200404,TRAN,21,40,18,0.45,63,63,1.0,20.67244628514898,327.86923033299536,0.0714171209668469,1,0
rescuenet,Garr200404-r1,Garr200404,TRAN,22,40,20,0.5,63,63,1.0,18.476118528919862,327.86923033299536,0.0714171209668469,1,0
rescuenet,Garr200404-r1,Garr200404,TRAN,23,40,20,0.5,63,63,1.0,18.42559436367479,327.86923033299536,0.0714171209668469,1,0
rescuenet,Garr200404-r1,Garr200404,TRAN,24,40,19,0.475,63,63,1.0,19.780551437324387,327.86923033299536,0.0714171209668469,1,0
rescuenet,Garr200404-r1,Garr200404,TRAN,25,40,19,0.475,63,63,1.0,19.752566771883323,327.86923033299536,0.0714171209668469,1,0
rescuenet,Garr200404-r1,Garr200404,TRAN,26,40,19,0.475,63,63,1.0,18.61860626188983,327.86923033299536,0.0714171209668469,1,0
rescuenet,Garr200404-r1,Garr200404,TRAN,27,40,19,0.475,63,63,1.0,18.49381662271252,327.86923033299536,0.0714171209668469,1,0
rescuenet,Garr200404-r1,Garr200404,TRAN,28,40,20,0.5,63,63,1.0,18.175631085292817,327.86923033299536,0.0714171209668469,1,0
rescuenet,Garr200404-r1,Garr200404,TRAN,29,40,18,0.45,63,63,1.0,18.921885691966143,327.86923033299536,0.0714171209668469,1,0
rescuenet,Garr200404-r2,Garr200404,B0,0,40,7,0.175,63,17,0.2698412698412698,31.722691499148368,0.0001276929979212582,0.03383977349997925,1,0
rescuenet,Garr200404-r2,Garr200404,B0,1,40,7,0.175,63,17,0.2698412698412698,31.722691499148368,0.0001276929979212582,0.03383977349997925,1,0
rescuenet,Garr200404-r2,Garr200404,B0,2,40,7,0.175,63,17,0.2698412698412698,31.722691499148368,0.0001276929979212582,0.03383977349997925,1,0
rescuenet,Garr200404-r2,Garr200404,B0,3,40,7,0.175,63,17,0.2698412698412698,31.722691499148368,0.0001276929979212582,0.03383977349997925,1,0
rescuenet,Garr200404-r2,Garr200404,B0,4,40,7,0.175,63,17,0.2698412698412698,31.722691499148368,0.0001276929979212582,0.03383977349997925,1,0
rescuenet,Garr200404-r2,Garr200404,B0,5,40,7,0.175,63,17,0.2698412698412698,31.722691499148368,0.0001276929979212582,0.03383977349997925,1,0
rescuenet,Garr200404-r2,Garr200404,B0,6,40,7,0.175,63,17,0.2698412698412698,31.722691499148368,0.0001276929979212582,0.03383977349997925,1,0
rescuenet,Garr200404-r2,Garr200404,B0,7,40,7,0.175,63,17,0.2698412698412698,31.722691499148368,0.0001276929979212582,0.03383977349997925,1,0
rescuenet,Garr200404-r2,Garr200404,B0,8,40,7,0.175,63,17,0.2698412698412698,31.722691499148368,0.0001276929979212582,0.03383977349997925,1,0
rescuenet,Garr200404-r2,Garr200404,B0,9,40,7,0.175,63,17,0.2698412698412698,31.722691499148368,0.0001276929979212582,0.03383977349997925,1,0
rescuenet,Garr200404-r2,Garr200404,B0,10,40,7,0.175,63,17,0.2698412698412698,31.722691499148368,0.0001276929979212582,0.03383977349997925,1,0
rescuenet,Garr200404-r2,Garr200404,B0,11,40,7,0.175,63,17,0.2698412698412698,31.722691499148368,0.0001276929979212582,0.03383977349997925,1,0
rescuenet,Garr200404-r2,Garr200404,B0,12,40,7,0.175,63,17,0.2698412698412698,31.722691499148368,0.0001276929979212582,0.03383977349997925,1,0
rescuenet,Garr200404-r2,Garr200404,B0,13,40,7,0.175,63,17,0.2698412698412698,31.722691499148368,0.0001276929979212582,0.03383977349997925,1,0
rescuenet,Garr200404-r2,Garr200404,B0,14,40,7,0.175,63,17,0.2698412698412698,31.722691499148368,0.0001276929979212582,0.03383977349997925,1,0
rescuenet,Garr200404-r2,Garr200404,B0,15,40,7,0.175,63,17,0.2698412698412698,31.722691499148368,0.0001276929979212582,0.03383977349997925,1,0
rescuenet,Garr200404-r2,Garr200404,B0,16,40,7,0.175,63,17,0.2698412698412698,31.722691499148368,0.0001276929979212582,0.03383977349997925,1,0
rescuenet,Garr200404-r2,Garr200404,B0,17,40,7,0.175,63,17,0.2698412698412698,31.722691499148368,0.0001276929979212582,0.03383977349997925,1,0
rescuenet,Garr200404-r2,Garr200404,B0,18,40,7,0.175,63,17,0.2698412698412698,31.722691499148368,0.0001276929979212582,0.03383977349997925,1,0
rescuenet,Garr200404-r2,Garr200404,B0,19,40,7,0.175,63,17,0.2698412698412698,31.722691499148368,0.0001276929979212582,0.03383977349997925,1,0
rescuenet,Garr200404-r2,Garr200404,B0,20,40,7,0.175,63,17,0.2698412698412698,31.722691499148368,0.0001276929979212582,0.03383977349997925,1,0
rescuenet,Garr200404-r2,Garr200404,B0,21,40,7,0.175,63,17,0.2698412698412698,31.722691499148368,0.0001276929979212582,0.03383977349997925,1,0
rescuenet,Garr200404-r2,Garr200404,B0,22,40,7,0.175,63,17,0.2698412698412698,31.722691499148368,0.0001276929979212582,0.03383977349997925,1,0
rescuenet,Garr200404-r2,Garr200404,B0,23,40,7,0.175,63,17,0.2698412698412698,31.722691499148368,0.0001276929979212582,0.03383977349997925,1,0
rescuenet,Garr200404-r2,Garr200404,B0,24,40,7,0.175,63,17,0.2698412698412698,31.722691499148368,0.0001276929979212582,0.03383977349997925,1,0
rescuenet,Garr200404-r2,Garr200404,B0,25,40,7,0.175,63,17,0.2698412698412698,31.722691499148368,0.0001276929979212582,0.03383977349997925,1,0
rescuenet,Garr200404-r2,Garr200404,B0,26,40,7,0.175,63,17,0.2698412698412698,31.722691499148368,0.0001276929979212582,0.03383977349997925,1,0
rescuenet,Garr200404-r2,Garr200404,B0,27,40,7,0.175,63,17,0.2698412698412698,31.722691499148368,0.0001276929979212582,0.03383977349997925,1,0
rescuenet,Garr200404-r2,Garr200404,B0,28,40,7,0.175,63,17,0.2698412698412698,31.722691499148368,0.0001276929979212582,0.03383977349997925,1,0
rescuenet,Garr200404-r2,Garr200404,B0,29,40,7,0.175,63,17,0.2698412698412698,31.722691499148368,0.0001276929979212582,0.03383977349997925,1,0
rescuenet,Garr200404-r2,Garr200404,B1,0,40,12,0.3,63,63,1.0,27.71297959480724,0.21326095800031908,0.04507913799995246,1,0
rescuenet,Garr200404-r2,Garr200404,B1,1,40,11,0.275,63,63,1.0,27.718329898033783,0.21326095800031908,0.04507913799995246,1,0
rescuenet,Garr200404-r2,Garr200404,B1,2,40,9,0.225,63,63,1.0,29.808813737890215,0.21326095800031908,0.04507913799995246,1,0
rescuenet,Garr200404-r2,Garr200404,B1,3,40,11,0.275,63,63,1.0,27.816017249529494,0.21326095800031908,0.04507913799995246,1,0
rescuenet,Garr200404-r2,Garr200404,B1,4,40,10,0.25,63,63,1.0,28.806870007744845,0.21326095800031908,0.04507913799995246,1,0
rescuenet,Garr200404-r2,Garr200404,B1,5,40,11,0.275,63,63,1.0,28.228640273038202,0.21326095800031908,0.04507913799995246,1,0
rescuenet,Garr200404-r2,Garr200404,B1,6,40,12,0.3,63,63,1.0,27.3138574324665,0.21326095800031908,0.04507913799995246,1,0
rescuenet,Garr200404-r2,Garr200404,B1,7,40,12,0.3,63,63,1.0,27.313266589268427,0.21326095800031908,0.04507913799995246,1,0
rescuenet,Garr200404-r2,Garr200404,B1,8,40,11,0.275,63,63,1.0,27.673998412623657,0.21326095800031908,0.04507913799995246,1,0
rescuenet,Garr200404-r2,Garr200404,B1,9,40,10,0.25,63,63,1.0,28.461486458441897,0.21326095800031908,0.04507913799995246,1,0
rescuenet,Garr200404-r2,Garr200404,B1,10,40,13,0.325,63,63,1.0,27.0,0.21326095800031908,0.04507913799995246,1,0
rescuenet,Garr200404-r2,Garr200404,B1,11,40,9,0.225,63,63,1.0,28.962669308383497,0.21326095800031908,0.04507913799995246,1,0
rescuenet,Garr200404-r2,Garr200404,B1,12,40,12,0.3,63,63,1.0,27.230763467524607,0.21326095800031908,0.04507913799995246,1,0
rescuenet,Garr200404-r2,Garr200404,B1,13,40,12,0.3,63,63,1.0,27.9980213396404,0.21326095800031908,0.04507913799995246,1,0
rescuenet,Garr200404-r2,Garr200404,B1,14,40,8,0.2,63,63,1.0,30.8621261471477,0.21326095800031908,0.04507913799995246,1,0
rescuenet,Garr200404-r2,Garr200404,B1,15,40,11,0.275,63,63,1.0,28.110260884075142,0.21326095800031908,0.04507913799995246,1,0
rescuenet,Garr200404-r2,Garr200404,B1,16,40,11,0.275,63,63,1.0,28.15268861247248,0.21326095800031908,0.04507913799995246,1,0
rescuenet,Garr200404-r2,Garr200404,B1,17,40,10,0.25,63,63,1.0,28.725720210946598,0.21326095800031908,0.04507913799995246,1,0
rescuenet,Garr200404-r2,Garr200404,B1,18,40,12,0.3,63,63,1.0,27.630723213944936,0.21326095800031908,0.04507913799995246,1,0
rescuenet,Garr200404-r2,Garr200404,B1,19,40,10,0.25,63,63,1.0,28.232678416738324,0.21326095800031908,0.04507913799995246,1,0
rescuenet,Garr200404-r2,Garr200404,B1,20,40,10,0.25,63,63,1.0,28.984176595920548,0.21326095800031908,0.04507913799995246,1,0
rescuenet,Garr200404-r2,Garr200404,B1,21,40,11,0.275,63,63,1.0,28.908584071610743,0.21326095800031908,0.04507913799995246,1,0
rescuenet,Garr200404-r2,Garr200404,B1,22,40,11,0.275,63,63,1.0,27.058581724404828,0.21326095800031908,0.04507913799995246,1,0
rescuenet,Garr200404-r2,Garr200404,B1,23,40,9,0.225,63,63,1.0,30.057766278683886,0.21326095800031908,0.04507913799995246,1,0
rescuenet,Garr200404-r2,Garr200404,B1,24,40,11,0.275,63,63,1.0,27.873292070152363,0.21326095800031908,0.04507913799995246,1,0
rescuenet,Garr200404-r2,Garr200404,B1,25,40,11,0.275,63,63,1.0,27.959873059711867,0.21326095800031908,0.04507913799995246,1,0
rescuenet,Garr200404-r2,Garr200404,B1,26,40,11,0.275,63,63,1.0,27.824949896538435,0.21326095800031908,0.04507913799995246,1,0
rescuenet,Garr200404-r2,Garr200404,B1,27,40,9,0.225,63,63,1.0,29.523138593448266,0.21326095800031908,0.04507913799995246,1,0
rescuenet,Garr200404-r2,Garr200404,B1,28,40,12,0.3,63,63,1.0,27.529287497018085,0.21326095800031908,0.04507913799995246,1,0
rescuenet,Garr200404-r2,Garr200404,B1,29,40,10,0.25,63,63,1.0,28.476153308988835,0.21326095800031908,0.04507913799995246,1,0
rescuenet,Garr200404-r2,Garr200404,B2,0,40,12,0.3,63,63,1.0,23.12580485383204,216.8137252059969,0.06315490586688005,1985,7
rescuenet,Garr200404-r2,Garr200404,B2,1,40,15,0.375,63,63,1.0,21.39844699887356,216.8137252059969,0.06315490586688005,1985,7
rescuenet,Garr200404-r2,Garr200404,B2,2,40,12,0.3,63,63,1.0,25.869783775752854,216.8137252059969,0.06315490586688005,1985,7
rescuenet,Garr200404-r2,Garr200404,B2,3,40,16,0.4,63,63,1.0,21.000010305031278,216.8137252059969,0.06315490586688005,1985,7
rescuenet,Garr200404-r2,Garr200404,B2,4,40,14,0.35,63,63,1.0,22.73217147817377,216.8137252059969,0.06315490586688005,1985,7
rescuenet,Garr200404-r2,Garr200404,B2,5,40,13,0.325,63,63,1.0,22.304628109911288,216.8137252059969,0.06315490586688005,1985,7
rescuenet,Garr200404-r2,Garr200404,B2,6,40,13,0.325,63,63,1.0,22.940007826068854,216.8137252059969,0.06315490586688005,1985,7
rescuenet,Garr200404-r2,Garr200404,B2,7,40,13,0.325,63,63,1.0,23.147541992282665,216.8137252059969,0.06315490586688005,1985,7
rescuenet,Garr200404-r2,Garr200404,B2,8,40,13,0.325,63,63,1.0,21.706433799713313,216.8137252059969,0.06315490586688005,1985,7
rescuenet,Garr200404-r2,Garr200404,B2,9,40,13,0.325,63,63,1.0,22.163117535663627,216.8137252059969,0.06315490586688005,1985,7
rescuenet,Garr200404-r2,Garr200404,B2,10,40,11,0.275,63,63,1.0,24.05044350123235,216.8137252059969,0.06315490586688005,1985,7
rescuenet,Garr200404-r2,Garr200404,B2,11,40,14,0.35,63,63,1.0,23.874810207399655,216.8137252059969,0.06315490586688005,1985,7
rescuenet,Garr200404-r2,Garr200404,B2,12,40,13,0.325,63,63,1.0,22.604790102276056,216.8137252059969,0.06315490586688005,1985,7
rescuenet,Garr200404-r2,Garr200404,B2,13,40,15,0.375,63,63,1.0,21.625805860551115,216.8137252059969,0.06315490586688005,1985,7
rescuenet,Garr200404-r2,Garr200404,B2,14,40,11,0.275,63,63,1.0,23.913379919589033,216.8137252059969,0.06315490586688005,1985,7
rescuenet,Garr200404-r2,Garr200404,B2,15,40,12,0.3,63,63,1.0,23.765114936871548,216.8137252059969,0.06315490586688005,1985,7
rescuenet,Garr200404-r2,Garr200404,B2,16,40,13,0.325,63,63,1.0,23.11379018748053,216.8137252059969,0.06315490586688005,1985,7
rescuenet,Garr200404-r2,Garr200404,B2,17,40,16,0.4,63,63,1.0,21.478360144928057,216.8137252059969,0.06315490586688005,1985,7
rescuenet,Garr200404-r2,Garr200404,B2,18,40,14,0.35,63,63,1.0,22.725132608533368,216.8137252059969,0.06315490586688005,1985,7
rescuenet,Garr200404-r2,Garr200404,B2,19,40,14,0.35,63,63,1.0,22.62790877893099,216.8137252059969,0.06315490586688005,1985,7
rescuenet,Garr200404-r2,Garr200404,B2,20,40,12,0.3,63,63,1.0,23.940520424539162,216.8137252059969,0.06315490586688005,1985,7
rescuenet,Garr200404-r2,Garr200404,B2,21,40,14,0.35,63,63,1.0,22.512210900966434,216.8137252059969,0.06315490586688005,1985,7
rescuenet,Garr200404-r2,Garr200404,B2,22,40,15,0.375,63,63,1.0,21.962045506514183,216.8137252059969,0.06315490586688005,1985,7
rescuenet,Garr200404-r2,Garr200404,B2,23,40,11,0.275,63,63,1.0,24.778780695503073,216.8137252059969,0.06315490586688005,1985,7
rescuenet,Garr200404-r2,Garr200404,B2,24,40,12,0.3,63,63,1.0,24.559892036661026,216.8137252059969,0.06315490586688005,1985,7
rescuenet,Garr200404-r2,Garr200404,B2,25,40,13,0.325,63,63,1.0,21.70321917640993,216.8137252059969,0.06315490586688005,1985,7
rescuenet,Garr200404-r2,Garr200404,B2,26,40,14,0.35,63,63,1.0,22.531249441814015,216.8137252059969,0.06315490586688005,1985,7
rescuenet,Garr200404-r2,Garr200404,B2,27,40,12,0.3,63,63,1.0,24.370351654759602,216.8137252059969,0.06315490586688005,1985,7
rescuenet,Garr200404-r2,Garr200404,B2,28,40,14,0.35,63,63,1.0,22.103928509661014,216.8137252059969,0.06315490586688005,1985,7
rescuenet,Garr200404-r2,Garr200404,B2,29,40,13,0.325,63,63,1.0,23.510120228419158,216.8137252059969,0.06315490586688005,1985,7
rescuenet,Garr200404-r2,Garr200404,P,0,40,14,0.35,63,63,1.0,20.94168836608816,221.88057147899963,0.06374579223338514,2001,7
rescuenet,Garr200404-r2,Garr200404,P,1,40,14,0.35,63,63,1.0,21.07867952350486,221.88057147899963,0.06374579223338514,2001,7
rescuenet,Garr200404-r2,Garr200404,P,2,40,11,0.275,63,63,1.0,24.17910390822282,221.88057147899963,0.06374579223338514,2001,7
rescuenet,Garr200404-r2,Garr200404,P,3,40,14,0.35,63,63,1.0,22.048715276592333,221.88057147899963,0.06374579223338514,2001,7
rescuenet,Garr200404-r2,Garr200404,P,4,40,16,0.4,63,63,1.0,20.77307602092681,221.88057147899963,0.06374579223338514,2001,7
rescuenet,Garr200404-r2,Garr200404,P,5,40,13,0.325,63,63,1.0,20.830628530899236,221.88057147899963,0.06374579223338514,2001,7
rescuenet,Garr200404-r2,Garr200404,P,6,40,13,0.325,63,63,1.0,22.36645625527483,221.88057147899963,0.06374579223338514,2001,7
rescuenet,Garr200404-r2,Garr200404,P,7,40,14,0.35,63,63,1.0,21.986550296940354,221.88057147899963,0.06374579223338514,2001,7
rescuenet,Garr200404-r2,Garr200404,P,8,40,12,0.3,63,63,1.0,20.9652574784958,221.88057147899963,0.06374579223338514,2001,7
rescuenet,Garr200404-r2,Garr200404,P,9,40,11,0.275,63,63,1.0,21.891450486565756,221.88057147899963,0.06374579223338514,2001,7
rescuenet,Garr200404-r2,Garr200404,P,10,40,14,0.35,63,63,1.0,20.445180058028445,221.88057147899963,0.06374579223338514,2001,7
rescuenet,Garr200404-r2,Garr200404,P,11,40,12,0.3,63,63,1.0,24.664169515873414,221.88057147899963,0.06374579223338514,2001,7
rescuenet,Garr200404-r2,Garr200404,P,12,40,14,0.35,63,63,1.0,20.289362961521032,221.88057147899963,0.06374579223338514,2001,7
rescuenet,Garr200404-r2,Garr200404,P,13,40,15,0.375,63,63,1.0,21.5484134435038,221.88057147899963,0.06374579223338514,2001,7
rescuenet,Garr200404-r2,Garr200404,P,14,40,12,0.3,63,63,1.0,23.342017303789657,221.88057147899963,0.06374579223338514,2001,7
rescuenet,Garr200404-r2,Garr200404,P,15,40,13,0.325,63,63,1.0,22.73826533525234,221.88057147899963,0.06374579223338514,2001,7
rescuenet,Garr200404-r2,Garr200404,P,16,40,14,0.35,63,63,1.0,22.207369120654192,221.88057147899963,0.06374579223338514,2001,7
rescuenet,Garr200404-r2,Garr200404,P,17,40,13,0.325,63,63,1.0,21.36311050275719,221.88057147899963,0.06374579223338514,2001,7
rescuenet,Garr200404-r2,Garr200404,P,18,40,12,0.3,63,63,1.0,22.313593751867614,221.88057147899963,0.06374579223338514,2001,7
rescuenet,Garr200404-r2,Garr200404,P,19,40,13,0.325,63,63,1.0,21.936522673572938,221.88057147899963,0.06374579223338514,2001,7
rescuenet,Garr200404-r2,Garr200404,P,20,40,12,0.3,63,63,1.0,22.11363702622912,221.88057147899963,0.06374579223338514,2001,7
rescuenet,Garr200404-r2,Garr200404,P,21,40,12,0.3,63,63,1.0,20.963908106036357,221.88057147899963,0.06374579223338514,2001,7
rescuenet,Garr200404-r2,Garr200404,P,22,40,15,0.375,63,63,1.0,21.38089305200417,221.88057147899963,0.06374579223338514,2001,7
rescuenet,Garr200404-r2,Garr200404,P,23,40,12,0.3,63,63,1.0,22.51195119410799,221.88057147899963,0.06374579223338514,2001,7
rescuenet,Garr200404-r2,Garr200404,P,24,40,12,0.3,63,63,1.0,23.416663121780346,221.88057147899963,0.06374579223338514,2001,7
rescuenet,Garr200404-r2,Garr200404,P,25,40,14,0.35,63,63,1.0,21.378612225109947,221.88057147899963,0.06374579223338514,2001,7
rescuenet,Garr200404-r2,Garr200404,P,26,40,12,0.3,63,63,1.0,22.33532203889341,221.88057147899963,0.06374579223338514,2001,7
rescuenet,Garr200404-r2,Garr200404,P,27,40,13,0.325,63,63,1.0,23.19460782317311,221.88057147899963,0.06374579223338514,2001,7
rescuenet,Garr200404-r2,Garr200404,P,28,40,14,0.35,63,63,1.0,22.008133826831248,221.88057147899963,0.06374579223338514,2001,7
rescuenet,Garr200404-r2,Garr200404,P,29,40,12,0.3,63,63,1.0,21.313001245793142,221.88057147899963,0.06374579223338514,2001,7
rescuenet,Garr200404-r2,Garr200404,TRAN,0,40,10,0.25,63,63,1.0,27.939435215526526,366.0603192599956,0.04837505309988046,1,0
rescuenet,Garr200404-r2,Garr200404,TRAN,1,40,13,0.325,63,63,1.0,25.17145098980511,366.0603192599956,0.04837505309988046,1,0
rescuenet,Garr200404-r2,Garr200404,TRAN,2,40,8,0.2,63,63,1.0,29.193601616757718,366.0603192599956,0.04837505309988046,1,0
rescuenet,Garr200404-r2,Garr200404,TRAN,3,40,9,0.225,63,63,1.0,27.5335662592478,366.0603192599956,0.04837505309988046,1,0
rescuenet,Garr200404-r2,Garr200404,TRAN,4,40,11,0.275,63,63,1.0,26.972208992412707,366.0603192599956,0.04837505309988046,1,0
rescuenet,Garr200404-r2,Garr200404,TRAN,5,40,10,0.25,63,63,1.0,25.67986896946322,366.0603192599956,0.04837505309988046,1,0
rescuenet,Garr200404-r2,Garr200404,TRAN,6,40,10,0.25,63,63,1.0,25.945691840196716,366.0603192599956,0.04837505309988046,1,0
rescuenet,Garr200404-r2,Garr200404,TRAN,7,40,9,0.225,63,63,1.0,27.40164246181082,366.0603192599956,0.04837505309988046,1,0
rescuenet,Garr200404-r2,Garr200404,TRAN,8,40,10,0.25,63,63,1.0,27.055956114987165,366.0603192599956,0.04837505309988046,1,0
rescuenet,Garr200404-r2,Garr200404,TRAN,9,40,11,0.275,63,63,1.0,26.7450419809914,366.0603192599956,0.04837505309988046,1,0
rescuenet,Garr200404-r2,Garr200404,TRAN,10,40,10,0.25,63,63,1.0,25.970910237880837,366.0603192599956,0.04837505309988046,1,0
rescuenet,Garr200404-r2,Garr200404,TRAN,11,40,10,0.25,63,63,1.0,26.59266694511031,366.0603192599956,0.04837505309988046,1,0
rescuenet,Garr200404-r2,Garr200404,TRAN,12,40,11,0.275,63,63,1.0,25.63488808602875,366.0603192599956,0.04837505309988046,1,0
rescuenet,Garr200404-r2,Garr200404,TRAN,13,40,11,0.275,63,63,1.0,25.142965480114828,366.0603192599956,0.04837505309988046,1,0
rescuenet,Garr200404-r2,Garr200404,TRAN,14,40,12,0.3,63,63,1.0,26.72160563029683,366.0603192599956,0.04837505309988046,1,0
rescuenet,Garr200404-r2,Garr200404,TRAN,15,40,9,0.225,63,63,1.0,28.121546695763378,366.0603192599956,0.04837505309988046,1,0
rescuenet,Garr200404-r2,Garr200404,TRAN,16,40,7,0.175,63,63,1.0,30.039954164481514,366.0603192599956,0.04837505309988046,1,0
rescuenet,Garr200404-r2,Garr200404,TRAN,17,40,10,0.25,63,63,1.0,27.47621266405948,366.0603192599956,0.04837505309988046,1,0
rescuenet,Garr200404-r2,Garr200404,TRAN,18,40,10,0.25,63,63,1.0,25.45741125749853,366.0603192599956,0.04837505309988046,1,0
rescuenet,Garr200404-r2,Garr200404,TRAN,19,40,10,0.25,63,63,1.0,26.32558837317774,366.0603192599956,0.04837505309988046,1,0
rescuenet,Garr200404-r2,Garr200404,TRAN,20,40,11,0.275,63,63,1.0,27.95033671224464,366.0603192599956,0.04837505309988046,1,0
rescuenet,Garr200404-r2,Garr200404,TRAN,21,40,11,0.275,63,63,1.0,26.961063339514734,366.0603192599956,0.04837505309988046,1,0
rescuenet,Garr200404-r2,Garr200404,TRAN,22,40,9,0.225,63,63,1.0,25.782638658480476,366.0603192599956,0.04837505309988046,1,0
rescuenet,Garr200404-r2,Garr200404,TRAN,23,40,10,0.25,63,63,1.0,26.718638774705305,366.0603192599956,0.04837505309988046,1,0
rescuenet,Garr200404-r2,Garr200404,TRAN,24,40,8,0.2,63,63,1.0,27.837278188502278,366.0603192599956,0.04837505309988046,1,0
rescuenet,Garr200404-r2,Garr200404,TRAN,25,40,11,0.275,63,63,1.0,25.948245429858755,366.0603192599956,0.04837505309988046,1,0
rescuenet,Garr200404-r2,Garr200404,TRAN,26,40,9,0.225,63,63,1.0,27.47679856602344,366.0603192599956,0.04837505309988046,1,0
rescuenet,Garr200404-r2,Garr200404,TRAN,27,40,10,0.25,63,63,1.0,27.02073081426862,366.0603192599956,0.04837505309988046,1,0
rescuenet,Garr200404-r2,Garr200404,TRAN,28,40,11,0.275,63,63,1.0,27.24251803439886,366.0603192599956,0.04837505309988046,1,0
rescuenet,Garr200404-r2,Garr200404,TRAN,29,40,12,0.3,63,63,1.0,24.47182938618927,366.0603192599956,0.04837505309988046,1,0
rescuenet,Marwan-r0,Marwan,B0,0,40,5,0.125,63,10,0.15873015873015872,33.64352931823901,0.00014173000090522692,0.02799684239992833,1,0
rescuenet,Marwan-r0,Marwan,B0,1,40,5,0.125,63,10,0.15873015873015872,33.64352931823901,0.00014173000090522692,0.02799684239992833,1,0
rescuenet,Marwan-r0,Marwan,B0,2,40,5,0.125,63,10,0.15873015873015872,33.64352931823901,0.00014173000090522692,0.02799684239992833,1,0
rescuenet,Marwan-r0,Marwan,B0,3,40,5,0.125,63,10,0.15873015873015872,33.64352931823901,0.00014173000090522692,0.02799684239992833,1,0
rescuenet,Marwan-r0,Marwan,B0,4,40,5,0.125,63,10,0.15873015873015872,33.64352931823901,0.00014173000090522692,0.02799684239992833,1,0
rescuenet,Marwan-r0,Marwan,B0,5,40,5,0.125,63,10,0.15873015873015872,33.64352931823901,0.00014173000090522692,0.02799684239992833,1,0
rescuenet,Marwan-r0,Marwan,B0,6,40,5,0.125,63,10,0.15873015873015872,33.64352931823901,0.00014173000090522692,0.02799684239992833,1,0
rescuenet,Marwan-r0,Marwan,B0,7,40,5,0.125,63,10,0.15873015873015872,33.64352931823901,0.00014173000090522692,0.02799684239992833,1,0
rescuenet,Marwan-r0,Marwan,B0,8,40,5,0.125,63,10,0.15873015873015872,33.64352931823901,0.00014173000090522692,0.02799684239992833,1,0
rescuenet,Marwan-r0,Marwan,B0,9,40,5,0.125,63,10,0.15873015873015872,33.64352931823901,0.00014173000090522692,0.02799684239992833,1,0
rescuenet,Marwan-r0,Marwan,B0,10,40,5,0.125,63,10,0.15873015873015872,33.64352931823901,0.00014173000090522692,0.02799684239992833,1,0
rescuenet,Marwan-r0,Marwan,B0,11,40,5,0.125,63,10,0.15873015873015872,33.64352931823901,0.00014173000090522692,0.02799684239992833,1,0
rescuenet,Marwan-r0,Marwan,B0,12,40,5,0.125,63,10,0.15873015873015872,33.64352931823901,0.00014173000090522692,0.02799684239992833,1,0
rescuenet,Marwan-r0,Marwan,B0,13,40,5,0.125,63,10,0.15873015873015872,33.64352931823901,0.00014173000090522692,0.02799684239992833,1,0
rescuenet,Marwan-r0,Marwan,B0,14,40,5,0.125,63,10,0.15873015873015872,33.64352931823901,0.00014173000090522692,0.02799684239992833,1,0
rescuenet,Marwan-r0,Marwan,B0,15,40,5,0.125,63,10,0.15873015873015872,33.64352931823901,0.00014173000090522692,0.02799684239992833,1,0
rescuenet,Marwan-r0,Marwan,B0,16,40,5,0.125,63,10,0.15873015873015872,33.64352931823901,0.00014173000090522692,0.02799684239992833,1,0
rescuenet,Marwan-r0,Marwan,B0,17,40,5,0.125,63,10,0.15873015873015872,33.64352931823901,0.00014173000090522692,0.02799684239992833,1,0
rescuenet,Marwan-r0,Marwan,B0,18,40,5,0.125,63,10,0.15873015873015872,33.64352931823901,0.00014173000090522692,0.02799684239992833,1,0
rescuenet,Marwan-r0,Marwan,B0,19,40,5,0.125,63,10,0.15873015873015872,33.64352931823901,0.00014173000090522692,0.02799684239992833,1,0
rescuenet,Marwan-r0,Marwan,B0,20,40,5,0.125,63,10,0.15873015873015872,33.64352931823901,0.00014173000090522692,0.02799684239992833,1,0
rescuenet,Marwan-r0,Marwan,B0,21,40,5,0.125,63,10,0.15873015873015872,33.64352931823901,0.00014173000090522692,0.02799684239992833,1,0
rescuenet,Marwan-r0,Marwan,B0,22,40,5,0.125,63,10,0.15873015873015872,33.64352931823901,0.00014173000090522692,0.02799684239992833,1,0
rescuenet,Marwan-r0,Marwan,B0,23,40,5,0.125,63,10,0.15873015873015872,33.64352931823901,0.00014173000090522692,0.02799684239992833,1,0
rescuenet,Marwan-r0,Marwan,B0,24,40,5,0.125,63,10,0.15873015873015872,33.64352931823901,0.00014173000090522692,0.02799684239992833,1,0
rescuenet,Marwan-r0,Marwan,B0,25,40,5,0.125,63,10,0.15873015873015872,33.64352931823901,0.00014173000090522692,0.02799684239992833,1,0
rescuenet,Marwan-r0,Marwan,B0,26,40,5,0.125,63,10,0.15873015873015872,33.64352931823901,0.00014173000090522692,0.02799684239992833,1,0
rescuenet,Marwan-r0,Marwan,B0,27,40,5,0.125,63,10,0.15873015873015872,33.64352931823901,0.00014173000090522692,0.02799684239992833,1,0
rescuenet,Marwan-r0,Marwan,B0,28,40,5,0.125,63,10,0.15873015873015872,33.64352931823901,0.00014173000090522692,0.02799684239992833,1,0
rescuenet,Marwan-r0,Marwan,B0,29,40,5,0.125,63,10,0.15873015873015872,33.64352931823901,0.00014173000090522692,0.02799684239992833,1,0
rescuenet,Marwan-r0,Marwan,B1,0,40,7,0.175,63,63,1.0,32.560314999153626,0.05192746800457826,0.03240329496669195,1,0
rescuenet,Marwan-r0,Marwan,B1,1,40,11,0.275,63,63,1.0,28.115858818393285,0.05192746800457826,0.03240329496669195,1,0
rescuenet,Marwan-r0,Marwan,B1,2,40,10,0.25,63,63,1.0,28.394635200167254,0.05192746800457826,0.03240329496669195,1,0
rescuenet,Marwan-r0,Marwan,B1,3,40,8,0.2,63,63,1.0,29.43329682370583,0.05192746800457826,0.03240329496669195,1,0
rescuenet,Marwan-r0,Marwan,B1,4,40,7,0.175,63,63,1.0,30.583307236618886,0.05192746800457826,0.03240329496669195,1,0
rescuenet,Marwan-r0,Marwan,B1,5,40,9,0.225,63,63,1.0,29.52315206905026,0.05192746800457826,0.03240329496669195,1,0
rescuenet,Marwan-r0,Marwan,B1,6,40,9,0.225,63,63,1.0,29.076187051833493,0.05192746800457826,0.03240329496669195,1,0
rescuenet,Marwan-r0,Marwan,B1,7,40,10,0.25,63,63,1.0,29.48708956524333,0.05192746800457826,0.03240329496669195,1,0
rescuenet,Marwan-r0,Marwan,B1,8,40,10,0.25,63,63,1.0,29.519511648798424,0.05192746800457826,0.03240329496669195,1,0
rescuenet,Marwan-r0,Marwan,B1,9,40,8,0.2,63,63,1.0,30.556179244705383,0.05192746800457826,0.03240329496669195,1,0
rescuenet,Marwan-r0,Marwan,B1,10,40,7,0.175,63,63,1.0,30.4671802746418,0.05192746800457826,0.03240329496669195,1,0
rescuenet,Marwan-r0,Marwan,B1,11,40,8,0.2,63,63,1.0,29.58109495661329,0.05192746800457826,0.03240329496669195,1,0
rescuenet,Marwan-r0,Marwan,B1,12,40,8,0.2,63,63,1.0,28.945205967383178,0.05192746800457826,0.03240329496669195,1,0
rescuenet,Marwan-r0,Marwan,B1,13,40,9,0.225,63,63,1.0,30.45598197322018,0.05192746800457826,0.03240329496669195,1,0
rescuenet,Marwan-r0,Marwan,B1,14,40,9,0.225,63,63,1.0,30.391418099125968,0.05192746800457826,0.03240329496669195,1,0
rescuenet,Marwan-r0,Marwan,B1,15,40,10,0.25,63,63,1.0,29.081363944752013,0.05192746800457826,0.03240329496669195,1,0
rescuenet,Marwan-r0,Marwan,B1,16,40,11,0.275,63,63,1.0,28.25895914237453,0.05192746800457826,0.03240329496669195,1,0
rescuenet,Marwan-r0,Marwan,B1,17,40,9,0.225,63,63,1.0,29.362770203598007,0.05192746800457826,0.03240329496669195,1,0
rescuenet,Marwan-r0,Marwan,B1,18,40,10,0.25,63,63,1.0,28.56508044492575,0.05192746800457826,0.03240329496669195,1,0
rescuenet,Marwan-r0,Marwan,B1,19,40,9,0.225,63,63,1.0,29.92026265629962,0.05192746800457826,0.03240329496669195,1,0
rescuenet,Marwan-r0,Marwan,B1,20,40,10,0.25,63,63,1.0,28.190858527576555,0.05192746800457826,0.03240329496669195,1,0
rescuenet,Marwan-r0,Marwan,B1,21,40,8,0.2,63,63,1.0,30.360517334780564,0.05192746800457826,0.03240329496669195,1,0
rescuenet,Marwan-r0,Marwan,B1,22,40,9,0.225,63,63,1.0,29.720977956108733,0.05192746800457826,0.03240329496669195,1,0
rescuenet,Marwan-r0,Marwan,B1,23,40,8,0.2,63,63,1.0,29.744207543536973,0.05192746800457826,0.03240329496669195,1,0
rescuenet,Marwan-r0,Marwan,B1,24,40,11,0.275,63,63,1.0,28.516054230202393,0.05192746800457826,0.03240329496669195,1,0
rescuenet,Marwan-r0,Marwan,B1,25,40,9,0.225,63,63,1.0,29.814449266381914,0.05192746800457826,0.03240329496669195,1,0
rescuenet,Marwan-r0,Marwan,B1,26,40,10,0.25,63,63,1.0,28.830212170161452,0.05192746800457826,0.03240329496669195,1,0
rescuenet,Marwan-r0,Marwan,B1,27,40,9,0.225,63,63,1.0,29.628654529318485,0.05192746800457826,0.03240329496669195,1,0
rescuenet,Marwan-r0,Marwan,B1,28,40,9,0.225,63,63,1.0,29.471895682712532,0.05192746800457826,0.03240329496669195,1,0
rescuenet,Marwan-r0,Marwan,B1,29,40,8,0.2,63,63,1.0,30.504809306168248,0.05192746800457826,0.03240329496669195,1,0
rescuenet,Marwan-r0,Marwan,B2,0,40,21,0.525,63,63,1.0,14.789092777090755,95.33046707599715,0.05137433229998957,1061,0
rescuenet,Marwan-r0,Marwan,B2,1,40,19,0.475,63,63,1.0,15.70468732895443,95.33046707599715,0.05137433229998957,1061,0
rescuenet,Marwan-r0,Marwan,B2,2,40,21,0.525,63,63,1.0,15.131367719309955,95.33046707599715,0.05137433229998957,1061,0
rescuenet,Marwan-r0,Marwan,B2,3,40,19,0.475,63,63,1.0,16.466856795312648,95.33046707599715,0.05137433229998957,1061,0
rescuenet,Marwan-r0,Marwan,B2,4,40,19,0.475,63,63,1.0,15.60677080978637,95.33046707599715,0.05137433229998957,1061,0
rescuenet,Marwan-r0,Marwan,B2,5,40,20,0.5,63,63,1.0,16.112070194491658,95.33046707599715,0.05137433229998957,1061,0
rescuenet,Marwan-r0,Marwan,B2,6,40,21,0.525,63,63,1.0,14.532251335117241,95.33046707599715,0.05137433229998957,1061,0
rescuenet,Marwan-r0,Marwan,B2,7,40,19,0.475,63,63,1.0,14.975980650677576,95.33046707599715,0.05137433229998957,1061,0
rescuenet,Marwan-r0,Marwan,B2,8,40,19,0.475,63,63,1.0,17.52938229546105,95.33046707599715,0.05137433229998957,1061,0
rescuenet,Marwan-r0,Marwan,B2,9,40,21,0.525,63,63,1.0,15.60757306745388,95.33046707599715,0.05137433229998957,1061,0
rescuenet,Marwan-r0,Marwan,B2,10,40,19,0.475,63,63,1.0,17.06887840758918,95.33046707599715,0.05137433229998957,1061,0
rescuenet,Marwan-r0,Marwan,B2,11,40,20,0.5,63,63,1.0,15.623712066745107,95.33046707599715,0.05137433229998957,1061,0
rescuenet,Marwan-r0,Marwan,B2,12,40,21,0.525,63,63,1.0,15.339017627511094,95.33046707599715,0.05137433229998957,1061,0
rescuenet,Marwan-r0,Marwan,B2,13,40,17,0.425,63,63,1.0,17.45779319429593,95.33046707599715,0.05137433229998957,1061,0
rescuenet,Marwan-r0,Marwan,B2,14,40,21,0.525,63,63,1.0,14.95863085360985,95.33046707599715,0.05137433229998957,1061,0
rescuenet,Marwan-r0,Marwan,B2,15,40,20,0.5,63,63,1.0,15.57316086985456,95.33046707599715,0.05137433229998957,1061,0
rescuenet,Marwan-r0,Marwan,B2,16,40,19,0.475,63,63,1.0,16.42945599505468,95.33046707599715,0.05137433229998957,1061,0
rescuenet,Marwan-r0,Marwan,B2,17,40,19,0.475,63,63,1.0,16.153480799372264,95.33046707599715,0.05137433229998957,1061,0
rescuenet,Marwan-r0,Marwan,B2,18,40,19,0.475,63,63,1.0,15.234647261550272,95.33046707599715,0.05137433229998957,1061,0
rescuenet,Marwan-r0,Marwan,B2,19,40,20,0.5,63,63,1.0,15.810244545573106,95.33046707599715,0.05137433229998957,1061,0
rescuenet,Marwan-r0,Marwan,B2,20,40,19,0.475,63,63,1.0,16.152374139426886,95.33046707599715,0.05137433229998957,1061,0
rescuenet,Marwan-r0,Marwan,B2,21,40,19,0.475,63,63,1.0,14.95219974368946,95.33046707599715,0.05137433229998957,1061,0
rescuenet,Marwan-r0,Marwan,B2,22,40,21,0.525,63,63,1.0,15.468391647787767,95.33046707599715,0.05137433229998957,1061,0
rescuenet,Marwan-r0,Marwan,B2,23,40,19,0.475,63,63,1.0,15.374648411600695,95.33046707599715,0.05137433229998957,1061,0
rescuenet,Marwan-r0,Marwan,B2,24,40,20,0.5,63,63,1.0,16.131542814392084,95.33046707599715,0.05137433229998957,1061,0
rescuenet,Marwan-r0,Marwan,B2,25,40,21,0.525,63,63,1.0,14.645723076006126,95.33046707599715,0.05137433229998957,1061,0
rescuenet,Marwan-r0,Marwan,B2,26,40,19,0.475,63,63,1.0,16.67066622201563,95.33046707599715,0.05137433229998957,1061,0
rescuenet,Marwan-r0,Marwan,B2,27,40,15,0.375,63,63,1.0,18.780790141761567,95.33046707599715,0.05137433229998957,1061,0
rescuenet,Marwan-r0,Marwan,B2,28,40,22,0.55,63,63,1.0,15.156995432276076,95.33046707599715,0.05137433229998957,1061,0
rescuenet,Marwan-r0,Marwan,B2,29,40,20,0.5,63,63,1.0,14.320884685450661,95.33046707599715,0.05137433229998957,1061,0
rescuenet,Marwan-r0,Marwan,P,0,40,20,0.5,63,63,1.0,15.852377580186477,106.95858669000154,0.051170979566813914,1150,0
rescuenet,Marwan-r0,Marwan,P,1,40,20,0.5,63,63,1.0,16.772605242309357,106.95858669000154,0.051170979566813914,1150,0
rescuenet,Marwan-r0,Marwan,P,2,40,20,0.5,63,63,1.0,16.86747326428606,106.95858669000154,0.051170979566813914,1150,0
rescuenet,Marwan-r0,Marwan,P,3,40,18,0.45,63,63,1.0,18.147839567671337,106.95858669000154,0.051170979566813914,1150,0
rescuenet,Marwan-r0,Marwan,P,4,40,18,0.45,63,63,1.0,17.090587620607916,106.95858669000154,0.051170979566813914,1150,0
rescuenet,Marwan-r0,Marwan,P,5,40,19,0.475,63,63,1.0,17.100079514464,106.95858669000154,0.051170979566813914,1150,0
rescuenet,Marwan-r0,Marwan,P,6,40,21,0.525,63,63,1.0,16.852480559130875,106.95858669000154,0.051170979566813914,1150,0
rescuenet,Marwan-r0,Marwan,P,7,40,20,0.5,63,63,1.0,16.783685755773543,106.95858669000154,0.051170979566813914,1150,0
rescuenet,Marwan-r0,Marwan,P,8,40,18,0.45,63,63,1.0,18.322049147438488,106.95858669000154,0.051170979566813914,1150,0
rescuenet,Marwan-r0,Marwan,P,9,40,18,0.45,63,63,1.0,17.51221061317423,106.95858669000154,0.051170979566813914,1150,0
rescuenet,Marwan-r0,Marwan,P,10,40,16,0.4,63,63,1.0,19.6303272152013,106.95858669000154,0.051170979566813914,1150,0
rescuenet,Marwan-r0,Marwan,P,11,40,18,0.45,63,63,1.0,18.63419578549799,106.95858669000154,0.051170979566813914,1150,0
rescuenet,Marwan-r0,Marwan,P,12,40,17,0.425,63,63,1.0,17.8314223477829,106.95858669000154,0.051170979566813914,1150,0
rescuenet,Marwan-r0,Marwan,P,13,40,19,0.475,63,63,1.0,17.381584846836528,106.95858669000154,0.051170979566813914,1150,0
rescuenet,Marwan-r0,Marwan,P,14,40,18,0.45,63,63,1.0,18.61310313493074,106.95858669000154,0.051170979566813914,1150,0
rescuenet,Marwan-r0,Marwan,P,15,40,19,0.475,63,63,1.0,16.424291118379692,106.95858669000154,0.051170979566813914,1150,0
rescuenet,Marwan-r0,Marwan,P,16,40,18,0.45,63,63,1.0,17.696154503526873,106.95858669000154,0.051170979566813914,1150,0
rescuenet,Marwan-r0,Marwan,P,17,40,19,0.475,63,63,1.0,16.656439765236115,106.95858669000154,0.051170979566813914,1150,0
rescuenet,Marwan-r0,Marwan,P,18,40,20,0.5,63,63,1.0,17.259220153380912,106.95858669000154,0.051170979566813914,1150,0
rescuenet,Marwan-r0,Marwan,P,19,40,18,0.45,63,63,1.0,17.324582381947028,106.95858669000154,0.051170979566813914,1150,0
rescuenet,Marwan-r0,Marwan,P,20,40,19,0.475,63,63,1.0,16.876930887726513,106.95858669000154,0.051170979566813914,1150,0
rescuenet,Marwan-r0,Marwan,P,21,40,17,0.425,63,63,1.0,18.135724103089732,106.95858669000154,0.051170979566813914,1150,0
rescuenet,Marwan-r0,Marwan,P,22,40,20,0.5,63,62,0.9841269841269841,16.931537529087525,106.95858669000154,0.051170979566813914,1150,0
rescuenet,Marwan-r0,Marwan,P,23,40,18,0.45,63,63,1.0,18.842585565857384,106.95858669000154,0.051170979566813914,1150,0
rescuenet,Marwan-r0,Marwan,P,24,40,19,0.475,63,63,1.0,16.797287478958346,106.95858669000154,0.051170979566813914,1150,0
rescuenet,Marwan-r0,Marwan,P,25,40,21,0.525,63,63,1.0,16.01094457008865,106.95858669000154,0.051170979566813914,1150,0
rescuenet,Marwan-r0,Marwan,P,26,40,20,0.5,63,63,1.0,16.793804008036027,106.95858669000154,0.051170979566813914,1150,0
rescuenet,Marwan-r0,Marwan,P,27,40,15,0.375,63,63,1.0,19.779191067449833,106.95858669000154,0.051170979566813914,1150,0
rescuenet,Marwan-r0,Marwan,P,28,40,20,0.5,63,63,1.0,16.745969365107445,106.95858669000154,0.051170979566813914,1150,0
rescuenet,Marwan-r0,Marwan,P,29,40,20,0.5,63,63,1.0,16.47551013906182,106.95858669000154,0.051170979566813914,1150,0
rescuenet,Marwan-r0,Marwan,TRAN,0,40,15,0.375,63,63,1.0,20.914112756203792,252.15122352499748,0.05081545813324435,1,0
rescuenet,Marwan-r0,Marwan,TRAN,1,40,17,0.425,63,63,1.0,20.763638551516742,252.15122352499748,0.05081545813324435,1,0
rescuenet,Marwan-r0,Marwan,TRAN,2,40,18,0.45,63,63,1.0,19.373312855848926,252.15122352499748,0.05081545813324435,1,0
rescuenet,Marwan-r0,Marwan,TRAN,3,40,16,0.4,63,63,1.0,21.137330766840805,252.15122352499748,0.05081545813324435,1,0
rescuenet,Marwan-r0,Marwan,TRAN,4,40,15,0.375,63,63,1.0,20.87088521986669,252.15122352499748,0.05081545813324435,1,0
rescuenet,Marwan-r0,Marwan,TRAN,5,40,16,0.4,63,63,1.0,20.588257104280636,252.15122352499748,0.05081545813324435,1,0
rescuenet,Marwan-r0,Marwan,TRAN,6,40,17,0.425,63,63,1.0,19.535113104442893,252.15122352499748,0.05081545813324435,1,0
rescuenet,Marwan-r0,Marwan,TRAN,7,40,18,0.45,63,63,1.0,18.720249334460508,252.15122352499748,0.05081545813324435,1,0
rescuenet,Marwan-r0,Marwan,TRAN,8,40,21,0.525,63,63,1.0,17.249925053508065,252.15122352499748,0.05081545813324435,1,0
rescuenet,Marwan-r0,Marwan,TRAN,9,40,18,0.45,63,63,1.0,20.004027587035694,252.15122352499748,0.05081545813324435,1,0
rescuenet,Marwan-r0,Marwan,TRAN,10,40,16,0.4,63,63,1.0,22.607559116794675,252.15122352499748,0.05081545813324435,1,0
rescuenet,Marwan-r0,Marwan,TRAN,11,40,15,0.375,63,63,1.0,21.634628487725518,252.15122352499748,0.05081545813324435,1,0
rescuenet,Marwan-r0,Marwan,TRAN,12,40,21,0.525,63,63,1.0,17.12712147973027,252.15122352499748,0.05081545813324435,1,0
rescuenet,Marwan-r0,Marwan,TRAN,13,40,18,0.45,63,63,1.0,19.081529973275156,252.15122352499748,0.05081545813324435,1,0
rescuenet,Marwan-r0,Marwan,TRAN,14,40,20,0.5,63,63,1.0,18.074200829277444,252.15122352499748,0.05081545813324435,1,0
rescuenet,Marwan-r0,Marwan,TRAN,15,40,18,0.45,63,63,1.0,20.20604921273441,252.15122352499748,0.05081545813324435,1,0
rescuenet,Marwan-r0,Marwan,TRAN,16,40,20,0.5,63,63,1.0,16.49503366124293,252.15122352499748,0.05081545813324435,1,0
rescuenet,Marwan-r0,Marwan,TRAN,17,40,18,0.45,63,63,1.0,17.881161196015615,252.15122352499748,0.05081545813324435,1,0
rescuenet,Marwan-r0,Marwan,TRAN,18,40,20,0.5,63,63,1.0,17.939231367084666,252.15122352499748,0.05081545813324435,1,0
rescuenet,Marwan-r0,Marwan,TRAN,19,40,15,0.375,63,63,1.0,22.705095839473508,252.15122352499748,0.05081545813324435,1,0
rescuenet,Marwan-r0,Marwan,TRAN,20,40,18,0.45,63,63,1.0,20.9992882369169,252.15122352499748,0.05081545813324435,1,0
rescuenet,Marwan-r0,Marwan,TRAN,21,40,17,0.425,63,63,1.0,20.354214266705164,252.15122352499748,0.05081545813324435,1,0
rescuenet,Marwan-r0,Marwan,TRAN,22,40,18,0.45,63,63,1.0,20.135382657455263,252.15122352499748,0.05081545813324435,1,0
rescuenet,Marwan-r0,Marwan,TRAN,23,40,15,0.375,63,63,1.0,21.314817080889256,252.15122352499748,0.05081545813324435,1,0
rescuenet,Marwan-r0,Marwan,TRAN,24,40,19,0.475,63,63,1.0,19.6257413622601,252.15122352499748,0.05081545813324435,1,0
rescuenet,Marwan-r0,Marwan,TRAN,25,40,18,0.45,63,63,1.0,18.898815215549654,252.15122352499748,0.05081545813324435,1,0
rescuenet,Marwan-r0,Marwan,TRAN,26,40,17,0.425,63,63,1.0,20.55340181514305,252.15122352499748,0.05081545813324435,1,0
rescuenet,Marwan-r0,Marwan,TRAN,27,40,16,0.4,63,63,1.0,21.24028755187323,252.15122352499748,0.05081545813324435,1,0
rescuenet,Marwan-r0,Marwan,TRAN,28,40,17,0.425,63,63,1.0,19.68358109360757,252.15122352499748,0.05081545813324435,1,0
rescuenet,Marwan-r0,Marwan,TRAN,29,40,19,0.475,63,63,1.0,18.50963601662293,252.15122352499748,0.05081545813324435,1,0
rescuenet,Marwan-r1,Marwan,B0,0,40,14,0.35,63,22,0.3492063492063492,25.219056121490674,0.00010931299766525626,0.03441699079994578,1,0
rescuenet,Marwan-r1,Marwan,B0,1,40,14,0.35,63,22,0.3492063492063492,25.219056121490674,0.00010931299766525626,0.03441699079994578,1,0
rescuenet,Marwan-r1,Marwan,B0,2,40,14,0.35,63,22,0.3492063492063492,25.219056121490674,0.00010931299766525626,0.03441699079994578,1,0
rescuenet,Marwan-r1,Marwan,B0,3,40,14,0.35,63,22,0.3492063492063492,25.219056121490674,0.00010931299766525626,0.03441699079994578,1,0
rescuenet,Marwan-r1,Marwan,B0,4,40,14,0.35,63,22,0.3492063492063492,25.219056121490674,0.00010931299766525626,0.03441699079994578,1,0
rescuenet,Marwan-r1,Marwan,B0,5,40,14,0.35,63,22,0.3492063492063492,25.219056121490674,0.00010931299766525626,0.03441699079994578,1,0
rescuenet,Marwan-r1,Marwan,B0,6,40,14,0.35,63,22,0.3492063492063492,25.219056121490674,0.00010931299766525626,0.03441699079994578,1,0
rescuenet,Marwan-r1,Marwan,B0,7,40,14,0.35,63,22,0.3492063492063492,25.219056121490674,0.00010931299766525626,0.03441699079994578,1,0
rescuenet,Marwan-r1,Marwan,B0,8,40,14,0.35,63,22,0.3492063492063492,25.219056121490674,0.00010931299766525626,0.03441699079994578,1,0
rescuenet,Marwan-r1,Marwan,B0,9,40,14,0.35,63,22,0.3492063492063492,25.219056121490674,0.00010931299766525626,0.03441699079994578,1,0
rescuenet,Marwan-r1,Marwan,B0,10,40,14,0.35,63,22,0.3492063492063492,25.219056121490674,0.00010931299766525626,0.03441699079994578,1,0
rescuenet,Marwan-r1,Marwan,B0,11,40,14,0.35,63,22,0.3492063492063492,25.219056121490674,0.00010931299766525626,0.03441699079994578,1,0
rescuenet,Marwan-r1,Marwan,B0,12,40,14,0.35,63,22,0.3492063492063492,25.219056121490674,0.00010931299766525626,0.03441699079994578,1,0
rescuenet,Marwan-r1,Marwan,B0,13,40,14,0.35,63,22,0.3492063492063492,25.219056121490674,0.00010931299766525626,0.03441699079994578,1,0
rescuenet,Marwan-r1,Marwan,B0,14,40,14,0.35,63,22,0.3492063492063492,25.219056121490674,0.00010931299766525626,0.03441699079994578,1,0
rescuenet,Marwan-r1,Marwan,B0,15,40,14,0.35,63,22,0.3492063492063492,25.219056121490674,0.00010931299766525626,0.03441699079994578,1,0
rescuenet,Marwan-r1,Marwan,B0,16,40,14,0.35,63,22,0.3492063492063492,25.219056121490674,0.00010931299766525626,0.03441699079994578,1,0
rescuenet,Marwan-r1,Marwan,B0,17,40,14,0.35,63,22,0.3492063492063492,25.219056121490674,0.00010931299766525626,0.03441699079994578,1,0
rescuenet,Marwan-r1,Marwan,B0,18,40,14,0.35,63,22,0.3492063492063492,25.219056121490674,0.00010931299766525626,0.03441699079994578,1,0
rescuenet,Marwan-r1,Marwan,B0,19,40,14,0.35,63,22,0.3492063492063492,25.219056121490674,0.00010931299766525626,0.03441699079994578,1,0
rescuenet,Marwan-r1,Marwan,B0,20,40,14,0.35,63,22,0.3492063492063492,25.219056121490674,0.00010931299766525626,0.03441699079994578,1,0
rescuenet,Marwan-r1,Marwan,B0,21,40,14,0.35,63,22,0.3492063492063492,25.219056121490674,0.00010931299766525626,0.03441699079994578,1,0
rescuenet,Marwan-r1,Marwan,B0,22,40,14,0.35,63,22,0.3492063492063492,25.219056121490674,0.00010931299766525626,0.03441699079994578,1,0
rescuenet,Marwan-r1,Marwan,B0,23,40,14,0.35,63,22,0.3492063492063492,25.219056121490674,0.00010931299766525626,0.03441699079994578,1,0
rescuenet,Marwan-r1,Marwan,B0,24,40,14,0.35,63,22,0.3492063492063492,25.219056121490674,0.00010931299766525626,0.03441699079994578,1,0
rescuenet,Marwan-r1,Marwan,B0,25,40,14,0.35,63,22,0.3492063492063492,25.219056121490674,0.00010931299766525626,0.03441699079994578,1,0
rescuenet,Marwan-r1,Marwan,B0,26,40,14,0.35,63,22,0.3492063492063492,25.219056121490674,0.00010931299766525626,0.03441699079994578,1,0
rescuenet,Marwan-r1,Marwan,B0,27,40,14,0.35,63,22,0.3492063492063492,25.219056121490674,0.00010931299766525626,0.03441699079994578,1,0
rescuenet,Marwan-r1,Marwan,B0,28,40,14,0.35,63,22,0.3492063492063492,25.219056121490674,0.00010931299766525626,0.03441699079994578,1,0
rescuenet,Marwan-r1,Marwan,B0,29,40,14,0.35,63,22,0.3492063492063492,25.219056121490674,0.00010931299766525626,0.03441699079994578,1,0
rescuenet,Marwan-r1,Marwan,B1,0,40,17,0.425,63,63,1.0,21.080226350836213,0.1081784769994556,0.03822514346660076,1,0
rescuenet,Marwan-r1,Marwan,B1,1,40,19,0.475,63,63,1.0,20.110093647861465,0.1081784769994556,0.03822514346660076,1,0
rescuenet,Marwan-r1,Marwan,B1,2,40,18,0.45,63,63,1.0,20.866730514234263,0.1081784769994556,0.03822514346660076,1,0
rescuenet,Marwan-r1,Marwan,B1,3,40,19,0.475,63,63,1.0,20.018992669805918,0.1081784769994556,0.03822514346660076,1,0
rescuenet,Marwan-r1,Marwan,B1,4,40,16,0.4,63,63,1.0,21.681572122200887,0.1081784769994556,0.03822514346660076,1,0
rescuenet,Marwan-r1,Marwan,B1,5,40,17,0.425,63,63,1.0,21.32531008300864,0.1081784769994556,0.03822514346660076,1,0
rescuenet,Marwan-r1,Marwan,B1,6,40,19,0.475,63,63,1.0,20.231571513594044,0.1081784769994556,0.03822514346660076,1,0
rescuenet,Marwan-r1,Marwan,B1,7,40,18,0.45,63,63,1.0,21.58937443568024,0.1081784769994556,0.03822514346660076,1,0
rescuenet,Marwan-r1,Marwan,B1,8,40,17,0.425,63,63,1.0,22.04921988256851,0.1081784769994556,0.03822514346660076,1,0
rescuenet,Marwan-r1,Marwan,B1,9,40,17,0.425,63,63,1.0,22.306392078612056,0.1081784769994556,0.03822514346660076,1,0
rescuenet,Marwan-r1,Marwan,B1,10,40,18,0.45,63,63,1.0,21.349515445275532,0.1081784769994556,0.03822514346660076,1,0
rescuenet,Marwan-r1,Marwan,B1,11,40,20,0.5,63,63,1.0,20.0,0.1081784769994556,0.03822514346660076,1,0
rescuenet,Marwan-r1,Marwan,B1,12,40,19,0.475,63,63,1.0,20.064212690181574,0.1081784769994556,0.03822514346660076,1,0
rescuenet,Marwan-r1,Marwan,B1,13,40,20,0.5,63,63,1.0,20.0,0.1081784769994556,0.03822514346660076,1,0
rescuenet,Marwan-r1,Marwan,B1,14,40,17,0.425,63,63,1.0,21.51001154251295,0.1081784769994556,0.03822514346660076,1,0
rescuenet,Marwan-r1,Marwan,B1,15,40,18,0.45,63,63,1.0,20.678911095641677,0.1081784769994556,0.03822514346660076,1,0
rescuenet,Marwan-r1,Marwan,B1,16,40,18,0.45,63,63,1.0,20.479252682642826,0.1081784769994556,0.03822514346660076,1,0
rescuenet,Marwan-r1,Marwan,B1,17,40,19,0.475,63,63,1.0,20.659595762801956,0.1081784769994556,0.03822514346660076,1,0
rescuenet,Marwan-r1,Marwan,B1,18,40,17,0.425,63,63,1.0,22.181283624984943,0.1081784769994556,0.03822514346660076,1,0
rescuenet,Marwan-r1,Marwan,B1,19,40,20,0.5,63,63,1.0,20.0,0.1081784769994556,0.03822514346660076,1,0
rescuenet,Marwan-r1,Marwan,B1,20,40,18,0.45,63,63,1.0,20.622883783626467,0.1081784769994556,0.03822514346660076,1,0
rescuenet,Marwan-r1,Marwan,B1,21,40,18,0.45,63,63,1.0,21.28681918920771,0.1081784769994556,0.03822514346660076,1,0
rescuenet,Marwan-r1,Marwan,B1,22,40,20,0.5,63,63,1.0,20.0,0.1081784769994556,0.03822514346660076,1,0
rescuenet,Marwan-r1,Marwan,B1,23,40,19,0.475,63,63,1.0,20.83476338656731,0.1081784769994556,0.03822514346660076,1,0
rescuenet,Marwan-r1,Marwan,B1,24,40,17,0.425,63,63,1.0,22.34172500492581,0.1081784769994556,0.03822514346660076,1,0
rescuenet,Marwan-r1,Marwan,B1,25,40,19,0.475,63,63,1.0,20.71743417540487,0.1081784769994556,0.03822514346660076,1,0
rescuenet,Marwan-r1,Marwan,B1,26,40,18,0.45,63,63,1.0,20.60981523590324,0.1081784769994556,0.03822514346660076,1,0
rescuenet,Marwan-r1,Marwan,B1,27,40,17,0.425,63,63,1.0,21.98893977062507,0.1081784769994556,0.03822514346660076,1,0
rescuenet,Marwan-r1,Marwan,B1,28,40,17,0.425,63,63,1.0,21.067426764126186,0.1081784769994556,0.03822514346660076,1,0
rescuenet,Marwan-r1,Marwan,B1,29,40,18,0.45,63,63,1.0,20.403886425081826,0.1081784769994556,0.03822514346660076,1,0
rescuenet,Marwan-r1,Marwan,B2,0,40,20,0.5,63,63,1.0,17.470202974574978,158.81121069099754,0.057234965400130025,1533,0
rescuenet,Marwan-r1,Marwan,B2,1,40,21,0.525,63,63,1.0,16.24308875174375,158.81121069099754,0.057234965400130025,1533,0
rescuenet,Marwan-r1,Marwan,B2,2,40,20,0.5,63,63,1.0,16.755095283846714,158.81121069099754,0.057234965400130025,1533,0
rescuenet,Marwan-r1,Marwan,B2,3,40,20,0.5,63,63,1.0,17.461791115404,158.81121069099754,0.057234965400130025,1533,0
rescuenet,Marwan-r1,Marwan,B2,4,40,20,0.5,63,63,1.0,16.30350833313903,158.81121069099754,0.057234965400130025,1533,0
rescuenet,Marwan-r1,Marwan,B2,5,40,18,0.45,63,63,1.0,17.91464166990253,158.81121069099754,0.057234965400130025,1533,0
rescuenet,Marwan-r1,Marwan,B2,6,40,21,0.525,63,63,1.0,16.983530888588398,158.81121069099754,0.057234965400130025,1533,0
rescuenet,Marwan-r1,Marwan,B2,7,40,19,0.475,63,63,1.0,16.490997752591152,158.81121069099754,0.057234965400130025,1533,0
rescuenet,Marwan-r1,Marwan,B2,8,40,18,0.45,63,63,1.0,18.002805969099878,158.81121069099754,0.057234965400130025,1533,0
rescuenet,Marwan-r1,Marwan,B2,9,40,19,0.475,63,63,1.0,17.612649965986314,158.81121069099754,0.057234965400130025,1533,0
rescuenet,Marwan-r1,Marwan,B2,10,40,18,0.45,63,63,1.0,18.807511696929293,158.81121069099754,0.057234965400130025,1533,0
rescuenet,Marwan-r1,Marwan,B2,11,40,20,0.5,63,63,1.0,15.731680147979207,158.81121069099754,0.057234965400130025,1533,0
rescuenet,Marwan-r1,Marwan,B2,12,40,19,0.475,63,63,1.0,16.22073125179695,158.81121069099754,0.057234965400130025,1533,0
rescuenet,Marwan-r1,Marwan,B2,13,40,21,0.525,63,63,1.0,17.797111611495982,158.81121069099754,0.057234965400130025,1533,0
rescuenet,Marwan-r1,Marwan,B2,14,40,21,0.525,63,63,1.0,15.824303769331403,158.81121069099754,0.057234965400130025,1533,0
rescuenet,Marwan-r1,Marwan,B2,15,40,18,0.45,63,63,1.0,17.289222499428753,158.81121069099754,0.057234965400130025,1533,0
rescuenet,Marwan-r1,Marwan,B2,16,40,19,0.475,63,63,1.0,16.54912832707988,158.81121069099754,0.057234965400130025,1533,0
rescuenet,Marwan-r1,Marwan,B2,17,40,20,0.5,63,63,1.0,17.993186190940595,158.81121069099754,0.057234965400130025,1533,0
rescuenet,Marwan-r1,Marwan,B2,18,40,20,0.5,63,63,1.0,16.87358993923762,158.81121069099754,0.057234965400130025,1533,0
rescuenet,Marwan-r1,Marwan,B2,19,40,20,0.5,63,63,1.0,16.949440866051972,158.81121069099754,0.057234965400130025,1533,0
rescuenet,Marwan-r1,Marwan,B2,20,40,18,0.45,63,63,1.0,18.77900369305153,158.81121069099754,0.057234965400130025,1533,0
rescuenet,Marwan-r1,Marwan,B2,21,40,18,0.45,63,63,1.0,16.389915814191536,158.81121069099754,0.057234965400130025,1533,0
rescuenet,Marwan-r1,Marwan,B2,22,40,22,0.55,63,63,1.0,15.730313180000318,158.81121069099754,0.057234965400130025,1533,0
rescuenet,Marwan-r1,Marwan,B2,23,40,20,0.5,63,63,1.0,17.373321006984437,158.81121069099754,0.057234965400130025,1533,0
rescuenet,Marwan-r1,Marwan,B2,24,40,20,0.5,63,63,1.0,16.235720990851163,158.81121069099754,0.057234965400130025,1533,0
rescuenet,Marwan-r1,Marwan,B2,25,40,21,0.525,63,63,1.0,16.42025231753723,158.81121069099754,0.057234965400130025,1533,0
rescuenet,Marwan-r1,Marwan,B2,26,40,19,0.475,63,63,1.0,17.291644755709598,158.81121069099754,0.057234965400130025,1533,0
rescuenet,Marwan-r1,Marwan,B2,27,40,19,0.475,63,63,1.0,16.330860004629656,158.81121069099754,0.057234965400130025,1533,0
rescuenet,Marwan-r1,Marwan,B2,28,40,19,0.475,63,63,1.0,16.006557319031288,158.81121069099754,0.057234965400130025,1533,0
rescuenet,Marwan-r1,Marwan,B2,29,40,17,0.425,63,63,1.0,17.02745082680411,158.81121069099754,0.057234965400130025,1533,0
rescuenet,Marwan-r1,Marwan,P,0,40,20,0.5,63,63,1.0,17.659150906009312,166.90320099100063,0.051817490700098764,1747,0
rescuenet,Marwan-r1,Marwan,P,1,40,20,0.5,63,63,1.0,17.13578973161638,166.90320099100063,0.051817490700098764,1747,0
rescuenet,Marwan-r1,Marwan,P,2,40,20,0.5,63,63,1.0,16.473559188060648,166.90320099100063,0.051817490700098764,1747,0
rescuenet,Marwan-r1,Marwan,P,3,40,20,0.5,63,63,1.0,16.451010410514755,166.90320099100063,0.051817490700098764,1747,0
rescuenet,Marwan-r1,Marwan,P,4,40,20,0.5,63,63,1.0,16.573040089845733,166.90320099100063,0.051817490700098764,1747,0
rescuenet,Marwan-r1,Marwan,P,5,40,18,0.45,63,63,1.0,18.21013341325383,166.90320099100063,0.051817490700098764,1747,0
rescuenet,Marwan-r1,Marwan,P,6,40,21,0.525,63,63,1.0,16.909966585748368,166.90320099100063,0.051817490700098764,1747,0
rescuenet,Marwan-r1,Marwan,P,7,40,20,0.5,63,63,1.0,16.650390345347024,166.90320099100063,0.051817490700098764,1747,0
rescuenet,Marwan-r1,Marwan,P,8,40,18,0.45,63,63,1.0,17.916114942947186,166.90320099100063,0.051817490700098764,1747,0
rescuenet,Marwan-r1,Marwan,P,9,40,19,0.475,63,63,1.0,17.43262121633291,166.90320099100063,0.051817490700098764,1747,0
rescuenet,Marwan-r1,Marwan,P,10,40,18,0.45,63,63,1.0,19.11660258951689,166.90320099100063,0.051817490700098764,1747,0
rescuenet,Marwan-r1,Marwan,P,11,40,19,0.475,63,63,1.0,17.195156801304677,166.90320099100063,0.051817490700098764,1747,0
rescuenet,Marwan-r1,Marwan,P,12,40,19,0.475,63,63,1.0,17.062333552971502,166.90320099100063,0.051817490700098764,1747,0
rescuenet,Marwan-r1,Marwan,P,13,40,21,0.525,63,63,1.0,17.4774088083849,166.90320099100063,0.051817490700098764,1747,0
rescuenet,Marwan-r1,Marwan,P,14,40,20,0.5,63,63,1.0,16.8687726063272,166.90320099100063,0.051817490700098764,1747,0
rescuenet,Marwan-r1,Marwan,P,15,40,18,0.45,63,63,1.0,17.745211909100483,166.90320099100063,0.051817490700098764,1747,0
rescuenet,Marwan-r1,Marwan,P,16,40,19,0.475,63,63,1.0,17.242035439219055,166.90320099100063,0.051817490700098764,1747,0
rescuenet,Marwan-r1,Marwan,P,17,40,19,0.475,63,63,1.0,17.919392222962447,166.90320099100063,0.051817490700098764,1747,0
rescuenet,Marwan-r1,Marwan,P,18,40,20,0.5,63,63,1.0,16.53118535771939,166.90320099100063,0.051817490700098764,1747,0
rescuenet,Marwan-r1,Marwan,P,19,40,20,0.5,63,63,1.0,17.14096772224473,166.90320099100063,0.051817490700098764,1747,0
rescuenet,Marwan-r1,Marwan,P,20,40,18,0.45,63,63,1.0,18.85173944398189,166.90320099100063,0.051817490700098764,1747,0
rescuenet,Marwan-r1,Marwan,P,21,40,18,0.45,63,63,1.0,17.171735151087887,166.90320099100063,0.051817490700098764,1747,0
rescuenet,Marwan-r1,Marwan,P,22,40,22,0.55,63,63,1.0,15.622952506319884,166.90320099100063,0.051817490700098764,1747,0
rescuenet,Marwan-r1,Marwan,P,23,40,20,0.5,63,63,1.0,17.840963078748192,166.90320099100063,0.051817490700098764,1747,0
rescuenet,Marwan-r1,Marwan,P,24,40,21,0.525,63,63,1.0,17.45325654558572,166.90320099100063,0.051817490700098764,1747,0
rescuenet,Marwan-r1,Marwan,P,25,40,21,0.525,63,63,1.0,16.485543758175403,166.90320099100063,0.051817490700098764,1747,0
rescuenet,Marwan-r1,Marwan,P,26,40,18,0.45,63,63,1.0,17.700937130673,166.90320099100063,0.051817490700098764,1747,0
rescuenet,Marwan-r1,Marwan,P,27,40,20,0.5,63,63,1.0,16.808671478687412,166.90320099100063,0.051817490700098764,1747,0
rescuenet,Marwan-r1,Marwan,P,28,40,19,0.475,63,63,1.0,17.259471637130485,166.90320099100063,0.051817490700098764,1747,0
rescuenet,Marwan-r1,Marwan,P,29,40,17,0.425,63,63,1.0,17.11912608477836,166.90320099100063,0.051817490700098764,1747,0
rescuenet,Marwan-r1,Marwan,TRAN,0,40,19,0.475,63,63,1.0,19.52708161300024,99.50393316899863,0.056925819133175536,1,0
rescuenet,Marwan-r1,Marwan,TRAN,1,40,19,0.475,63,63,1.0,19.964674037188512,99.50393316899863,0.056925819133175536,1,0
rescuenet,Marwan-r1,Marwan,TRAN,2,40,19,0.475,63,63,1.0,19.515808027336565,99.50393316899863,0.056925819133175536,1,0
rescuenet,Marwan-r1,Marwan,TRAN,3,40,18,0.45,63,63,1.0,20.990446027643753,99.50393316899863,0.056925819133175536,1,0
rescuenet,Marwan-r1,Marwan,TRAN,4,40,18,0.45,63,63,1.0,19.717059716077078,99.50393316899863,0.056925819133175536,1,0
rescuenet,Marwan-r1,Marwan,TRAN,5,40,19,0.475,63,63,1.0,20.264110557171403,99.50393316899863,0.056925819133175536,1,0
rescuenet,Marwan-r1,Marwan,TRAN,6,40,18,0.45,63,63,1.0,20.703749665144652,99.50393316899863,0.056925819133175536,1,0
rescuenet,Marwan-r1,Marwan,TRAN,7,40,20,0.5,63,63,1.0,19.151705838618774,99.50393316899863,0.056925819133175536,1,0
rescuenet,Marwan-r1,Marwan,TRAN,8,40,18,0.45,63,63,1.0,18.99427373535648,99.50393316899863,0.056925819133175536,1,0
rescuenet,Marwan-r1,Marwan,TRAN,9,40,18,0.45,63,63,1.0,20.712661361647392,99.50393316899863,0.056925819133175536,1,0
rescuenet,Marwan-r1,Marwan,TRAN,10,40,18,0.45,63,63,1.0,21.188312843317945,99.50393316899863,0.056925819133175536,1,0
rescuenet,Marwan-r1,Marwan,TRAN,11,40,17,0.425,63,63,1.0,20.992298686710832,99.50393316899863,0.056925819133175536,1,0
rescuenet,Marwan-r1,Marwan,TRAN,12,40,18,0.45,63,63,1.0,20.866652814421244,99.50393316899863,0.056925819133175536,1,0
rescuenet,Marwan-r1,Marwan,TRAN,13,40,19,0.475,63,63,1.0,19.715221908706972,99.50393316899863,0.056925819133175536,1,0
rescuenet,Marwan-r1,Marwan,TRAN,14,40,19,0.475,63,63,1.0,19.417910697952927,99.50393316899863,0.056925819133175536,1,0
rescuenet,Marwan-r1,Marwan,TRAN,15,40,20,0.5,63,63,1.0,19.261186233292214,99.50393316899863,0.056925819133175536,1,0
rescuenet,Marwan-r1,Marwan,TRAN,16,40,20,0.5,63,63,1.0,18.8572132018937,99.50393316899863,0.056925819133175536,1,0
rescuenet,Marwan-r1,Marwan,TRAN,17,40,19,0.475,63,63,1.0,20.317016290780746,99.50393316899863,0.056925819133175536,1,0
rescuenet,Marwan-r1,Marwan,TRAN,18,40,18,0.45,63,63,1.0,19.482755038813274,99.50393316899863,0.056925819133175536,1,0
rescuenet,Marwan-r1,Marwan,TRAN,19,40,19,0.475,63,63,1.0,19.51620264774981,99.50393316899863,0.056925819133175536,1,0
rescuenet,Marwan-r1,Marwan,TRAN,20,40,19,0.475,63,63,1.0,20.40422836832176,99.50393316899863,0.056925819133175536,1,0
rescuenet,Marwan-r1,Marwan,TRAN,21,40,18,0.45,63,63,1.0,19.383079662222432,99.50393316899863,0.056925819133175536,1,0
rescuenet,Marwan-r1,Marwan,TRAN,22,40,17,0.425,63,63,1.0,19.5997549903545,99.50393316899863,0.056925819133175536,1,0
rescuenet,Marwan-r1,Marwan,TRAN,23,40,20,0.5,63,63,1.0,19.56605329721802,99.50393316899863,0.056925819133175536,1,0
rescuenet,Marwan-r1,Marwan,TRAN,24,40,19,0.475,63,63,1.0,19.616322643380812,99.50393316899863,0.056925819133175536,1,0
rescuenet,Marwan-r1,Marwan,TRAN,25,40,19,0.475,63,63,1.0,20.656966879007438,99.50393316899863,0.056925819133175536,1,0
rescuenet,Marwan-r1,Marwan,TRAN,26,40,19,0.475,63,63,1.0,19.19890320015903,99.50393316899863,0.056925819133175536,1,0
rescuenet,Marwan-r1,Marwan,TRAN,27,40,19,0.475,63,63,1.0,19.979765571514598,99.50393316899863,0.056925819133175536,1,0
rescuenet,Marwan-r1,Marwan,TRAN,28,40,18,0.45,63,63,1.0,20.65083522688386,99.50393316899863,0.056925819133175536,1,0
rescuenet,Marwan-r1,Marwan,TRAN,29,40,19,0.475,63,63,1.0,20.154687129276457,99.50393316899863,0.056925819133175536,1,0
rescuenet,Marwan-r2,Marwan,B0,0,40,23,0.575,63,53,0.8412698412698413,13.618126496810978,0.00015769599849591032,0.05187755349979852,1,0
rescuenet,Marwan-r2,Marwan,B0,1,40,23,0.575,63,53,0.8412698412698413,13.618126496810978,0.00015769599849591032,0.05187755349979852,1,0
rescuenet,Marwan-r2,Marwan,B0,2,40,23,0.575,63,53,0.8412698412698413,13.618126496810978,0.00015769599849591032,0.05187755349979852,1,0
rescuenet,Marwan-r2,Marwan,B0,3,40,23,0.575,63,53,0.8412698412698413,13.618126496810978,0.00015769599849591032,0.05187755349979852,1,0
rescuenet,Marwan-r2,Marwan,B0,4,40,23,0.575,63,53,0.8412698412698413,13.618126496810978,0.00015769599849591032,0.05187755349979852,1,0
rescuenet,Marwan-r2,Marwan,B0,5,40,23,0.575,63,53,0.8412698412698413,13.618126496810978,0.00015769599849591032,0.05187755349979852,1,0
rescuenet,Marwan-r2,Marwan,B0,6,40,23,0.575,63,53,0.8412698412698413,13.618126496810978,0.00015769599849591032,0.05187755349979852,1,0
rescuenet,Marwan-r2,Marwan,B0,7,40,23,0.575,63,53,0.8412698412698413,13.618126496810978,0.00015769599849591032,0.05187755349979852,1,0
rescuenet,Marwan-r2,Marwan,B0,8,40,23,0.575,63,53,0.8412698412698413,13.618126496810978,0.00015769599849591032,0.05187755349979852,1,0
rescuenet,Marwan-r2,Marwan,B0,9,40,23,0.575,63,53,0.8412698412698413,13.618126496810978,0.00015769599849591032,0.05187755349979852,1,0
rescuenet,Marwan-r2,Marwan,B0,10,40,23,0.575,63,53,0.8412698412698413,13.618126496810978,0.00015769599849591032,0.05187755349979852,1,0
rescuenet,Marwan-r2,Marwan,B0,11,40,23,0.575,63,53,0.8412698412698413,13.618126496810978,0.00015769599849591032,0.05187755349979852,1,0
rescuenet,Marwan-r2,Marwan,B0,12,40,23,0.575,63,53,0.8412698412698413,13.618126496810978,0.00015769599849591032,0.05187755349979852,1,0
rescuenet,Marwan-r2,Marwan,B0,13,40,23,0.575,63,53,0.8412698412698413,13.618126496810978,0.00015769599849591032,0.05187755349979852,1,0
rescuenet,Marwan-r2,Marwan,B0,14,40,23,0.575,63,53,0.8412698412698413,13.618126496810978,0.00015769599849591032,0.05187755349979852,1,0
rescuenet,Marwan-r2,Marwan,B0,15,40,23,0.575,63,53,0.8412698412698413,13.618126496810978,0.00015769599849591032,0.05187755349979852,1,0
rescuenet,Marwan-r2,Marwan,B0,16,40,23,0.575,63,53,0.8412698412698413,13.618126496810978,0.00015769599849591032,0.05187755349979852,1,0
rescuenet,Marwan-r2,Marwan,B0,17,40,23,0.575,63,53,0.8412698412698413,13.618126496810978,0.00015769599849591032,0.05187755349979852,1,0
rescuenet,Marwan-r2,Marwan,B0,18,40,23,0.575,63,53,0.8412698412698413,13.618126496810978,0.00015769599849591032,0.05187755349979852,1,0
rescuenet,Marwan-r2,Marwan,B0,19,40,23,0.575,63,53,0.8412698412698413,13.618126496810978,0.00015769599849591032,0.05187755349979852,1,0
rescuenet,Marwan-r2,Marwan,B0,20,40,23,0.575,63,53,0.8412698412698413,13.618126496810978,0.00015769599849591032,0.05187755349979852,1,0
rescuenet,Marwan-r2,Marwan,B0,21,40,23,0.575,63,53,0.8412698412698413,13.618126496810978,0.00015769599849591032,0.05187755349979852,1,0
rescuenet,Marwan-r2,Marwan,B0,22,40,23,0.575,63,53,0.8412698412698413,13.618126496810978,0.00015769599849591032,0.05187755349979852,1,0
rescuenet,Marwan-r2,Marwan,B0,23,40,23,0.575,63,53,0.8412698412698413,13.618126496810978,0.00015769599849591032,0.05187755349979852,1,0
rescuenet,Marwan-r2,Marwan,B0,24,40,23,0.575,63,53,0.8412698412698413,13.618126496810978,0.00015769599849591032,0.05187755349979852,1,0
rescuenet,Marwan-r2,Marwan,B0,25,40,23,0.575,63,53,0.8412698412698413,13.618126496810978,0.00015769599849591032,0.05187755349979852,1,0
rescuenet,Marwan-r2,Marwan,B0,26,40,23,0.575,63,53,0.8412698412698413,13.618126496810978,0.00015769599849591032,0.05187755349979852,1,0
rescuenet,Marwan-r2,Marwan,B0,27,40,23,0.575,63,53,0.8412698412698413,13.618126496810978,0.00015769599849591032,0.05187755349979852,1,0
rescuenet,Marwan-r2,Marwan,B0,28,40,23,0.575,63,53,0.8412698412698413,13.618126496810978,0.00015769599849591032,0.05187755349979852,1,0
rescuenet,Marwan-r2,Marwan,B0,29,40,23,0.575,63,53,0.8412698412698413,13.618126496810978,0.00015769599849591032,0.05187755349979852,1,0
rescuenet,Marwan-r2,Marwan,B1,0,40,27,0.675,63,63,1.0,12.998345643688587,0.145817372998863,0.047325740833427214,1,0
rescuenet,Marwan-r2,Marwan,B1,1,40,28,0.7,63,63,1.0,12.0,0.145817372998863,0.047325740833427214,1,0
rescuenet,Marwan-r2,Marwan,B1,2,40,27,0.675,63,63,1.0,12.154597254157338,0.145817372998863,0.047325740833427214,1,0
rescuenet,Marwan-r2,Marwan,B1,3,40,27,0.675,63,63,1.0,12.964942883269995,0.145817372998863,0.047325740833427214,1,0
rescuenet,Marwan-r2,Marwan,B1,4,40,27,0.675,63,63,1.0,12.623889916373665,0.145817372998863,0.047325740833427214,1,0
rescuenet,Marwan-r2,Marwan,B1,5,40,28,0.7,63,63,1.0,12.0,0.145817372998863,0.047325740833427214,1,0
rescuenet,Marwan-r2,Marwan,B1,6,40,27,0.675,63,63,1.0,12.186768569854562,0.145817372998863,0.047325740833427214,1,0
rescuenet,Marwan-r2,Marwan,B1,7,40,27,0.675,63,63,1.0,12.998098758295804,0.145817372998863,0.047325740833427214,1,0
rescuenet,Marwan-r2,Marwan,B1,8,40,27,0.675,63,63,1.0,12.379590044013117,0.145817372998863,0.047325740833427214,1,0
rescuenet,Marwan-r2,Marwan,B1,9,40,28,0.7,63,63,1.0,12.000000000000002,0.145817372998863,0.047325740833427214,1,0
rescuenet,Marwan-r2,Marwan,B1,10,40,28,0.7,63,63,1.0,12.000000000000002,0.145817372998863,0.047325740833427214,1,0
rescuenet,Marwan-r2,Marwan,B1,11,40,27,0.675,63,63,1.0,12.998345650304838,0.145817372998863,0.047325740833427214,1,0
rescuenet,Marwan-r2,Marwan,B1,12,40,27,0.675,63,63,1.0,12.672173058368946,0.145817372998863,0.047325740833427214,1,0
rescuenet,Marwan-r2,Marwan,B1,13,40,27,0.675,63,63,1.0,12.560433685090599,0.145817372998863,0.047325740833427214,1,0
rescuenet,Marwan-r2,Marwan,B1,14,40,27,0.675,63,63,1.0,12.302424326213451,0.145817372998863,0.047325740833427214,1,0
rescuenet,Marwan-r2,Marwan,B1,15,40,28,0.7,63,63,1.0,12.000000000000002,0.145817372998863,0.047325740833427214,1,0
rescuenet,Marwan-r2,Marwan,B1,16,40,27,0.675,63,63,1.0,12.798877006986329,0.145817372998863,0.047325740833427214,1,0
rescuenet,Marwan-r2,Marwan,B1,17,40,27,0.675,63,63,1.0,12.711425934855782,0.145817372998863,0.047325740833427214,1,0
rescuenet,Marwan-r2,Marwan,B1,18,40,27,0.675,63,63,1.0,12.504233831480658,0.145817372998863,0.047325740833427214,1,0
rescuenet,Marwan-r2,Marwan,B1,19,40,27,0.675,63,63,1.0,12.449960071092239,0.145817372998863,0.047325740833427214,1,0
rescuenet,Marwan-r2,Marwan,B1,20,40,27,0.675,63,63,1.0,12.452007285059873,0.145817372998863,0.047325740833427214,1,0
rescuenet,Marwan-r2,Marwan,B1,21,40,28,0.7,63,63,1.0,12.000000000000002,0.145817372998863,0.047325740833427214,1,0
rescuenet,Marwan-r2,Marwan,B1,22,40,26,0.65,63,63,1.0,12.50400515214917,0.145817372998863,0.047325740833427214,1,0
rescuenet,Marwan-r2,Marwan,B1,23,40,27,0.675,63,63,1.0,12.063890942649227,0.145817372998863,0.047325740833427214,1,0
rescuenet,Marwan-r2,Marwan,B1,24,40,27,0.675,63,63,1.0,12.432258407184312,0.145817372998863,0.047325740833427214,1,0
rescuenet,Marwan-r2,Marwan,B1,25,40,27,0.675,63,63,1.0,12.190839628527474,0.145817372998863,0.047325740833427214,1,0
rescuenet,Marwan-r2,Marwan,B1,26,40,27,0.675,63,63,1.0,12.72910511552187,0.145817372998863,0.047325740833427214,1,0
rescuenet,Marwan-r2,Marwan,B1,27,40,28,0.7,63,63,1.0,12.000000000000002,0.145817372998863,0.047325740833427214,1,0
rescuenet,Marwan-r2,Marwan,B1,28,40,28,0.7,63,63,1.0,12.0,0.145817372998863,0.047325740833427214,1,0
rescuenet,Marwan-r2,Marwan,B1,29,40,27,0.675,63,63,1.0,12.567496982845913,0.145817372998863,0.047325740833427214,1,0
rescuenet,Marwan-r2,Marwan,B2,0,40,25,0.625,63,63,1.0,10.822402737686485,188.57457912999962,0.029121129566677458,2001,5
rescuenet,Marwan-r2,Marwan,B2,1,40,28,0.7,63,63,1.0,8.915116461903462,188.57457912999962,0.029121129566677458,2001,5
rescuenet,Marwan-r2,Marwan,B2,2,40,28,0.7,63,63,1.0,8.200398976574498,188.57457912999962,0.029121129566677458,2001,5
rescuenet,Marwan-r2,Marwan,B2,3,40,27,0.675,63,63,1.0,9.217384657509486,188.57457912999962,0.029121129566677458,2001,5
rescuenet,Marwan-r2,Marwan,B2,4,40,27,0.675,63,63,1.0,9.129455116339754,188.57457912999962,0.029121129566677458,2001,5
rescuenet,Marwan-r2,Marwan,B2,5,40,27,0.675,63,63,1.0,9.23196852844038,188.57457912999962,0.029121129566677458,2001,5
rescuenet,Marwan-r2,Marwan,B2,6,40,27,0.675,63,63,1.0,8.698546504037001,188.57457912999962,0.029121129566677458,2001,5
rescuenet,Marwan-r2,Marwan,B2,7,40,27,0.675,63,63,1.0,9.327791064701648,188.57457912999962,0.029121129566677458,2001,5
rescuenet,Marwan-r2,Marwan,B2,8,40,27,0.675,63,63,1.0,9.097872774881852,188.57457912999962,0.029121129566677458,2001,5
rescuenet,Marwan-r2,Marwan,B2,9,40,27,0.675,63,63,1.0,8.685773216002517,188.57457912999962,0.029121129566677458,2001,5
rescuenet,Marwan-r2,Marwan,B2,10,40,27,0.675,63,63,1.0,9.19531560167632,188.57457912999962,0.029121129566677458,2001,5
rescuenet,Marwan-r2,Marwan,B2,11,40,27,0.675,63,63,1.0,9.406770675312131,188.57457912999962,0.029121129566677458,2001,5
rescuenet,Marwan-r2,Marwan,B2,12,40,27,0.675,63,63,1.0,8.75012912398524,188.57457912999962,0.029121129566677458,2001,5
rescuenet,Marwan-r2,Marwan,B2,13,40,27,0.675,63,63,1.0,7.691323850721803,188.57457912999962,0.029121129566677458,2001,5
rescuenet,Marwan-r2,Marwan,B2,14,40,27,0.675,63,63,1.0,8.795967731539012,188.57457912999962,0.029121129566677458,2001,5
rescuenet,Marwan-r2,Marwan,B2,15,40,29,0.725,63,63,1.0,7.958480920131864,188.57457912999962,0.029121129566677458,2001,5
rescuenet,Marwan-r2,Marwan,B2,16,40,27,0.675,63,63,1.0,8.640004988154965,188.57457912999962,0.029121129566677458,2001,5
rescuenet,Marwan-r2,Marwan,B2,17,40,26,0.65,63,63,1.0,10.082009300986567,188.57457912999962,0.029121129566677458,2001,5
rescuenet,Marwan-r2,Marwan,B2,18,40,27,0.675,63,63,1.0,8.300786852312365,188.57457912999962,0.029121129566677458,2001,5
rescuenet,Marwan-r2,Marwan,B2,19,40,27,0.675,63,63,1.0,9.101946603199144,188.57457912999962,0.029121129566677458,2001,5
rescuenet,Marwan-r2,Marwan,B2,20,40,26,0.65,63,63,1.0,9.004464948360194,188.57457912999962,0.029121129566677458,2001,5
rescuenet,Marwan-r2,Marwan,B2,21,40,28,0.7,63,63,1.0,9.026516162678817,188.57457912999962,0.029121129566677458,2001,5
rescuenet,Marwan-r2,Marwan,B2,22,40,27,0.675,63,63,1.0,8.485686995413278,188.57457912999962,0.029121129566677458,2001,5
rescuenet,Marwan-r2,Marwan,B2,23,40,27,0.675,63,63,1.0,9.15568530863888,188.57457912999962,0.029121129566677458,2001,5
rescuenet,Marwan-r2,Marwan,B2,24,40,25,0.625,63,63,1.0,8.964667615311068,188.57457912999962,0.029121129566677458,2001,5
rescuenet,Marwan-r2,Marwan,B2,25,40,28,0.7,63,63,1.0,7.389066300860824,188.57457912999962,0.029121129566677458,2001,5
rescuenet,Marwan-r2,Marwan,B2,26,40,26,0.65,63,63,1.0,9.746287186617934,188.57457912999962,0.029121129566677458,2001,5
rescuenet,Marwan-r2,Marwan,B2,27,40,28,0.7,63,63,1.0,7.960221668209967,188.57457912999962,0.029121129566677458,2001,5
rescuenet,Marwan-r2,Marwan,B2,28,40,28,0.7,63,63,1.0,8.580493791693542,188.57457912999962,0.029121129566677458,2001,5
rescuenet,Marwan-r2,Marwan,B2,29,40,26,0.65,63,63,1.0,9.299035259583297,188.57457912999962,0.029121129566677458,2001,5
rescuenet,Marwan-r2,Marwan,P,0,40,25,0.625,63,63,1.0,10.749422163250838,186.80982229399524,0.028252851066887765,2001,4
rescuenet,Marwan-r2,Marwan,P,1,40,28,0.7,63,63,1.0,8.470226459970544,186.80982229399524,0.028252851066887765,2001,4
rescuenet,Marwan-r2,Marwan,P,2,40,28,0.7,63,63,1.0,7.6854416054674894,186.80982229399524,0.028252851066887765,2001,4
rescuenet,Marwan-r2,Marwan,P,3,40,27,0.675,63,63,1.0,8.611692805886308,186.80982229399524,0.028252851066887765,2001,4
rescuenet,Marwan-r2,Marwan,P,4,40,27,0.675,63,63,1.0,8.70718313352252,186.80982229399524,0.028252851066887765,2001,4
rescuenet,Marwan-r2,Marwan,P,5,40,27,0.675,63,63,1.0,9.108050191305624,186.80982229399524,0.028252851066887765,2001,4
rescuenet,Marwan-r2,Marwan,P,6,40,27,0.675,63,63,1.0,8.341324054609837,186.80982229399524,0.028252851066887765,2001,4
rescuenet,Marwan-r2,Marwan,P,7,40,27,0.675,63,63,1.0,9.171869507260276,186.80982229399524,0.028252851066887765,2001,4
rescuenet,Marwan-r2,Marwan,P,8,40,27,0.675,63,63,1.0,9.014040265095769,186.80982229399524,0.028252851066887765,2001,4
rescuenet,Marwan-r2,Marwan,P,9,40,27,0.675,63,63,1.0,8.472328309425126,186.80982229399524,0.028252851066887765,2001,4
rescuenet,Marwan-r2,Marwan,P,10,40,27,0.675,63,63,1.0,8.785796453665785,186.80982229399524,0.028252851066887765,2001,4
rescuenet,Marwan-r2,Marwan,P,11,40,27,0.675,63,63,1.0,9.310067766303877,186.80982229399524,0.028252851066887765,2001,4
rescuenet,Marwan-r2,Marwan,P,12,40,27,0.675,63,63,1.0,8.642760718577753,186.80982229399524,0.028252851066887765,2001,4
rescuenet,Marwan-r2,Marwan,P,13,40,27,0.675,63,63,1.0,7.462917343863997,186.80982229399524,0.028252851066887765,2001,4
rescuenet,Marwan-r2,Marwan,P,14,40,27,0.675,63,63,1.0,8.610484309210792,186.80982229399524,0.028252851066887765,2001,4
rescuenet,Marwan-r2,Marwan,P,15,40,29,0.725,63,63,1.0,7.512046106674604,186.80982229399524,0.028252851066887765,2001,4
rescuenet,Marwan-r2,Marwan,P,16,40,27,0.675,63,63,1.0,8.465459370588833,186.80982229399524,0.028252851066887765,2001,4
rescuenet,Marwan-r2,Marwan,P,17,40,26,0.65,63,63,1.0,9.728802895998966,186.80982229399524,0.028252851066887765,2001,4
rescuenet,Marwan-r2,Marwan,P,18,40,27,0.675,63,63,1.0,8.122620841702137,186.80982229399524,0.028252851066887765,2001,4
rescuenet,Marwan-r2,Marwan,P,19,40,27,0.675,63,63,1.0,8.645469518907436,186.80982229399524,0.028252851066887765,2001,4
rescuenet,Marwan-r2,Marwan,P,20,40,27,0.675,63,63,1.0,8.95872682018121,186.80982229399524,0.028252851066887765,2001,4
rescuenet,Marwan-r2,Marwan,P,21,40,28,0.7,63,63,1.0,8.940511007953882,186.80982229399524,0.028252851066887765,2001,4
rescuenet,Marwan-r2,Marwan,P,22,40,27,0.675,63,63,1.0,8.374521753670326,186.80982229399524,0.028252851066887765,2001,4
rescuenet,Marwan-r2,Marwan,P,23,40,27,0.675,63,63,1.0,8.679616313272689,186.80982229399524,0.028252851066887765,2001,4
rescuenet,Marwan-r2,Marwan,P,24,40,26,0.65,63,63,1.0,8.92741011175319,186.80982229399524,0.028252851066887765,2001,4
rescuenet,Marwan-r2,Marwan,P,25,40,28,0.7,63,63,1.0,7.395046003399493,186.80982229399524,0.028252851066887765,2001,4
rescuenet,Marwan-r2,Marwan,P,26,40,26,0.65,63,63,1.0,9.563364400820019,186.80982229399524,0.028252851066887765,2001,4
rescuenet,Marwan-r2,Marwan,P,27,40,27,0.675,63,63,1.0,7.82231727852603,186.80982229399524,0.028252851066887765,2001,4
rescuenet,Marwan-r2,Marwan,P,28,40,28,0.7,63,63,1.0,8.470971240908796,186.80982229399524,0.028252851066887765,2001,4
rescuenet,Marwan-r2,Marwan,P,29,40,27,0.675,63,63,1.0,9.114821406312752,186.80982229399524,0.028252851066887765,2001,4
rescuenet,Marwan-r2,Marwan,TRAN,0,40,18,0.45,63,63,1.0,17.834035939711946,241.00579122999625,0.02153237070015166,1,0
rescuenet,Marwan-r2,Marwan,TRAN,1,40,19,0.475,63,63,1.0,18.81490089826342,241.00579122999625,0.02153237070015166,1,0
rescuenet,Marwan-r2,Marwan,TRAN,2,40,19,0.475,63,63,1.0,17.811924551943566,241.00579122999625,0.02153237070015166,1,0
rescuenet,Marwan-r2,Marwan,TRAN,3,40,18,0.45,63,63,1.0,17.848225612548994,241.00579122999625,0.02153237070015166,1,0
rescuenet,Marwan-r2,Marwan,TRAN,4,40,19,0.475,63,63,1.0,17.594435348401323,241.00579122999625,0.02153237070015166,1,0
rescuenet,Marwan-r2,Marwan,TRAN,5,40,19,0.475,63,63,1.0,19.577893668086208,241.00579122999625,0.02153237070015166,1,0
rescuenet,Marwan-r2,Marwan,TRAN,6,40,20,0.5,63,63,1.0,16.71946169014301,241.00579122999625,0.02153237070015166,1,0
rescuenet,Marwan-r2,Marwan,TRAN,7,40,18,0.45,63,63,1.0,18.42575987923447,241.00579122999625,0.02153237070015166,1,0
rescuenet,Marwan-r2,Marwan,TRAN,8,40,21,0.525,63,63,1.0,17.81500459906242,241.00579122999625,0.02153237070015166,1,0
rescuenet,Marwan-r2,Marwan,TRAN,9,40,19,0.475,63,63,1.0,19.05719155885347,241.00579122999625,0.02153237070015166,1,0
rescuenet,Marwan-r2,Marwan,TRAN,10,40,19,0.475,63,63,1.0,17.534759660876738,241.00579122999625,0.02153237070015166,1,0
rescuenet,Marwan-r2,Marwan,TRAN,11,40,19,0.475,63,63,1.0,18.935665098684762,241.00579122999625,0.02153237070015166,1,0
rescuenet,Marwan-r2,Marwan,TRAN,12,40,21,0.525,63,63,1.0,17.30289088675851,241.00579122999625,0.02153237070015166,1,0
rescuenet,Marwan-r2,Marwan,TRAN,13,40,20,0.5,63,63,1.0,17.002959126305317,241.00579122999625,0.02153237070015166,1,0
rescuenet,Marwan-r2,Marwan,TRAN,14,40,20,0.5,63,63,1.0,16.75763798328827,241.00579122999625,0.02153237070015166,1,0
rescuenet,Marwan-r2,Marwan,TRAN,15,40,21,0.525,63,63,1.0,17.05176292656322,241.00579122999625,0.02153237070015166,1,0
rescuenet,Marwan-r2,Marwan,TRAN,16,40,20,0.5,63,63,1.0,16.4633275071753,241.00579122999625,0.02153237070015166,1,0
rescuenet,Marwan-r2,Marwan,TRAN,17,40,19,0.475,63,63,1.0,19.776762115331888,241.00579122999625,0.02153237070015166,1,0
rescuenet,Marwan-r2,Marwan,TRAN,18,40,21,0.525,63,63,1.0,17.756459792613327,241.00579122999625,0.02153237070015166,1,0
rescuenet,Marwan-r2,Marwan,TRAN,19,40,20,0.5,63,63,1.0,18.108338184495846,241.00579122999625,0.02153237070015166,1,0
rescuenet,Marwan-r2,Marwan,TRAN,20,40,20,0.5,63,63,1.0,16.42347977754079,241.00579122999625,0.02153237070015166,1,0
rescuenet,Marwan-r2,Marwan,TRAN,21,40,19,0.475,63,63,1.0,19.19605717491572,241.00579122999625,0.02153237070015166,1,0
rescuenet,Marwan-r2,Marwan,TRAN,22,40,21,0.525,63,63,1.0,16.129317251348063,241.00579122999625,0.02153237070015166,1,0
rescuenet,Marwan-r2,Marwan,TRAN,23,40,19,0.475,63,63,1.0,18.02506114747162,241.00579122999625,0.02153237070015166,1,0
rescuenet,Marwan-r2,Marwan,TRAN,24,40,20,0.5,63,63,1.0,17.903639080260703,241.00579122999625,0.02153237070015166,1,0
rescuenet,Marwan-r2,Marwan,TRAN,25,40,20,0.5,63,63,1.0,16.468758308661105,241.00579122999625,0.02153237070015166,1,0
rescuenet,Marwan-r2,Marwan,TRAN,26,40,19,0.475,63,63,1.0,18.67796432300054,241.00579122999625,0.02153237070015166,1,0
rescuenet,Marwan-r2,Marwan,TRAN,27,40,20,0.5,63,63,1.0,17.028908257799788,241.00579122999625,0.02153237070015166,1,0
rescuenet,Marwan-r2,Marwan,TRAN,28,40,21,0.525,63,63,1.0,18.068735770700595,241.00579122999625,0.02153237070015166,1,0
rescuenet,Marwan-r2,Marwan,TRAN,29,40,19,0.475,63,63,1.0,17.919021252488612,241.00579122999625,0.02153237070015166,1,0
